session_year,people_id,name,party,role,district_legiscan,year,years_before_election,person_id,canonical_candidate_id,canonical_name,canonical_party,chamber,district_candidate,match_status,source_archive
2010,12485,Kerry Rich,R,Rep,HD-026,2010.0,0.0,ALPERSON-KERRY-RICH,AL-2010-house-26-R-KERRY-RICH,KERRY RICH,R,house,26.0,exact_name_candidate,AL_2010-2010_1st_Special_Session_JSON_20101216_62cd9d8f4a03c2adb5b406df6305d5e3.zip
2010,12485,Kerry Rich,R,Rep,HD-026,2014.0,4.0,ALPERSON-KERRY-RICH,AL-2014-house-26-R-KERRY-RICH,Kerry Rich,R,house,26.0,exact_name_candidate,AL_2010-2010_1st_Special_Session_JSON_20101216_62cd9d8f4a03c2adb5b406df6305d5e3.zip
2010,12485,Kerry Rich,R,Rep,HD-026,2018.0,8.0,ALPERSON-KERRY-RICH,AL-2018-house-26-R-KERRY-RICH,Kerry Rich                            ,R,house,26.0,exact_name_candidate,AL_2010-2010_1st_Special_Session_JSON_20101216_62cd9d8f4a03c2adb5b406df6305d5e3.zip
2010,12486,Terri Collins,R,Rep,HD-008,2010.0,0.0,ALPERSON-TERRI-COLLINS,AL-2010-house-8-R-TERRI-COLLINS,TERRI COLLINS,R,house,8.0,exact_name_candidate,AL_2010-2010_1st_Special_Session_JSON_20101216_62cd9d8f4a03c2adb5b406df6305d5e3.zip
2010,12486,Terri Collins,R,Rep,HD-008,2014.0,4.0,ALPERSON-TERRI-COLLINS,AL-2014-house-8-R-TERRI-COLLINS,Terri Collins,R,house,8.0,exact_name_candidate,AL_2010-2010_1st_Special_Session_JSON_20101216_62cd9d8f4a03c2adb5b406df6305d5e3.zip
2010,12486,Terri Collins,R,Rep,HD-008,2018.0,8.0,ALPERSON-TERRI-COLLINS,AL-2018-house-8-R-TERRI-COLLINS,Terri Collins                         ,R,house,8.0,exact_name_candidate,AL_2010-2010_1st_Special_Session_JSON_20101216_62cd9d8f4a03c2adb5b406df6305d5e3.zip
2010,12487,William Roberts,R,Rep,HD-013,,,,,,,,,unmatched_or_out_of_window,AL_2010-2010_1st_Special_Session_JSON_20101216_62cd9d8f4a03c2adb5b406df6305d5e3.zip
2010,12488,Lynn Greer,R,Rep,HD-002,2010.0,0.0,ALPERSON-LYNN-GREER,AL-2010-house-2-R-LYNN-GREER,LYNN GREER,R,house,2.0,exact_name_candidate,AL_2010-2010_1st_Special_Session_JSON_20101216_62cd9d8f4a03c2adb5b406df6305d5e3.zip
2010,12488,Lynn Greer,R,Rep,HD-002,2014.0,4.0,ALPERSON-LYNN-GREER,AL-2014-house-2-R-LYNN-GREER,Lynn Greer,R,house,2.0,exact_name_candidate,AL_2010-2010_1st_Special_Session_JSON_20101216_62cd9d8f4a03c2adb5b406df6305d5e3.zip
2010,12488,Lynn Greer,R,Rep,HD-002,2018.0,8.0,ALPERSON-LYNN-GREER,AL-2018-house-2-R-LYNN-GREER,Lynn Greer                            ,R,house,2.0,exact_name_candidate,AL_2010-2010_1st_Special_Session_JSON_20101216_62cd9d8f4a03c2adb5b406df6305d5e3.zip
2010,12489,Dan Williams,R,Rep,HD-005,2010.0,0.0,ALPERSON-DAN-WILLIAMS,AL-2010-house-5-R-DAN-WILLIAMS,DAN WILLIAMS,R,house,5.0,exact_name_candidate,AL_2010-2010_1st_Special_Session_JSON_20101216_62cd9d8f4a03c2adb5b406df6305d5e3.zip
2010,12489,Dan Williams,R,Rep,HD-005,2014.0,4.0,ALPERSON-DAN-WILLIAMS,AL-2014-house-5-R-DAN-WILLIAMS,Dan Williams,R,house,5.0,exact_name_candidate,AL_2010-2010_1st_Special_Session_JSON_20101216_62cd9d8f4a03c2adb5b406df6305d5e3.zip
2010,12490,Paul Lee,R,Rep,HD-086,2010.0,0.0,ALPERSON-PAUL-LEE,AL-2010-house-86-R-PAUL-LEE,PAUL LEE,R,house,86.0,exact_name_candidate,AL_2010-2010_1st_Special_Session_JSON_20101216_62cd9d8f4a03c2adb5b406df6305d5e3.zip
2010,12492,Greg Reed,R,Sen,SD-005,2010.0,0.0,ALPERSON-GREG-REED,AL-2010-senate-5-R-GREG-REED,GREG REED,R,senate,5.0,exact_name_candidate,AL_2010-2010_1st_Special_Session_JSON_20101216_62cd9d8f4a03c2adb5b406df6305d5e3.zip
2010,12492,Greg Reed,R,Sen,SD-005,2014.0,4.0,ALPERSON-GREG-REED,AL-2014-senate-5-R-GREG-REED,Greg Reed,R,senate,5.0,exact_name_candidate,AL_2010-2010_1st_Special_Session_JSON_20101216_62cd9d8f4a03c2adb5b406df6305d5e3.zip
2010,12493,Shadrack McGill,R,Sen,SD-008,2010.0,0.0,ALPERSON-SHADRACK-MCGILL,AL-2010-senate-8-R-SHADRACK-MCGILL,SHADRACK McGILL,R,senate,8.0,exact_name_candidate,AL_2010-2010_1st_Special_Session_JSON_20101216_62cd9d8f4a03c2adb5b406df6305d5e3.zip
2010,12495,Dick Brewbaker,R,Sen,SD-025,,,,,,,,,unmatched_or_out_of_window,AL_2010-2010_1st_Special_Session_JSON_20101216_62cd9d8f4a03c2adb5b406df6305d5e3.zip
2010,12496,Paul Bussman,R,Sen,SD-004,2010.0,0.0,ALPERSON-PAUL-BUSSMAN,AL-2010-senate-4-R-PAUL-BUSSMAN,PAUL BUSSMAN,R,senate,4.0,exact_name_candidate,AL_2010-2010_1st_Special_Session_JSON_20101216_62cd9d8f4a03c2adb5b406df6305d5e3.zip
2010,12496,Paul Bussman,R,Sen,SD-004,2014.0,4.0,ALPERSON-PAUL-BUSSMAN,AL-2014-senate-4-R-PAUL-BUSSMAN,Paul Bussman,R,senate,4.0,exact_name_candidate,AL_2010-2010_1st_Special_Session_JSON_20101216_62cd9d8f4a03c2adb5b406df6305d5e3.zip
2010,12497,Bill Holtzclaw,R,Sen,SD-002,2010.0,0.0,ALPERSON-BILL-HOLTZCLAW,AL-2010-senate-2-R-BILL-HOLTZCLAW,BILL HOLTZCLAW,R,senate,2.0,exact_name_candidate,AL_2010-2010_1st_Special_Session_JSON_20101216_62cd9d8f4a03c2adb5b406df6305d5e3.zip
2010,12497,Bill Holtzclaw,R,Sen,SD-002,2014.0,4.0,ALPERSON-BILL-HOLTZCLAW,AL-2014-senate-2-R-BILL-HOLTZCLAW,Bill Holtzclaw,R,senate,2.0,exact_name_candidate,AL_2010-2010_1st_Special_Session_JSON_20101216_62cd9d8f4a03c2adb5b406df6305d5e3.zip
2010,12498,Phillip Williams,R,Sen,SD-010,,,,,,,,,unmatched_or_out_of_window,AL_2010-2010_1st_Special_Session_JSON_20101216_62cd9d8f4a03c2adb5b406df6305d5e3.zip
2010,12499,Clay Scofield,R,Sen,SD-009,2010.0,0.0,ALPERSON-CLAY-SCOFIELD,AL-2010-senate-9-R-CLAY-SCOFIELD,CLAY SCOFIELD,R,senate,9.0,exact_name_candidate,AL_2010-2010_1st_Special_Session_JSON_20101216_62cd9d8f4a03c2adb5b406df6305d5e3.zip
2010,12499,Clay Scofield,R,Sen,SD-009,2014.0,4.0,ALPERSON-CLAY-SCOFIELD,AL-2014-senate-9-R-CLAY-SCOFIELD,Clay Scofield,R,senate,9.0,exact_name_candidate,AL_2010-2010_1st_Special_Session_JSON_20101216_62cd9d8f4a03c2adb5b406df6305d5e3.zip
2010,12499,Clay Scofield,R,Sen,SD-009,2018.0,8.0,ALPERSON-CLAY-SCOFIELD,AL-2018-senate-9-R-CLAY-SCOFIELD,Clay Scofield                         ,R,senate,9.0,exact_name_candidate,AL_2010-2010_1st_Special_Session_JSON_20101216_62cd9d8f4a03c2adb5b406df6305d5e3.zip
2010,12500,April Weaver,R,Rep,HD-049,2010.0,0.0,ALPERSON-APRIL-WEAVER,AL-2010-house-49-R-APRIL-WEAVER,APRIL WEAVER,R,house,49.0,exact_name_candidate,AL_2010-2010_1st_Special_Session_JSON_20101216_62cd9d8f4a03c2adb5b406df6305d5e3.zip
2010,12500,April Weaver,R,Rep,HD-049,2014.0,4.0,ALPERSON-APRIL-WEAVER,AL-2014-house-49-R-APRIL-WEAVER,April Weaver,R,house,49.0,exact_name_candidate,AL_2010-2010_1st_Special_Session_JSON_20101216_62cd9d8f4a03c2adb5b406df6305d5e3.zip
2010,12500,April Weaver,R,Rep,HD-049,2018.0,8.0,ALPERSON-APRIL-WEAVER,AL-2018-house-49-R-APRIL-WEAVER,April Weaver                          ,R,house,49.0,exact_name_candidate,AL_2010-2010_1st_Special_Session_JSON_20101216_62cd9d8f4a03c2adb5b406df6305d5e3.zip
2010,12501,Barry Moore,R,Rep,HD-091,2010.0,0.0,ALPERSON-BARRY-MOORE,AL-2010-house-91-R-BARRY-MOORE,BARRY MOORE,R,house,91.0,exact_name_candidate,AL_2010-2010_1st_Special_Session_JSON_20101216_62cd9d8f4a03c2adb5b406df6305d5e3.zip
2010,12501,Barry Moore,R,Rep,HD-091,2014.0,4.0,ALPERSON-BARRY-MOORE,AL-2014-house-91-R-BARRY-MOORE,Barry Moore,R,house,91.0,exact_name_candidate,AL_2010-2010_1st_Special_Session_JSON_20101216_62cd9d8f4a03c2adb5b406df6305d5e3.zip
2010,12502,Ed Henry,R,Rep,HD-009,2010.0,0.0,ALPERSON-ED-HENRY,AL-2010-house-9-R-ED-HENRY,ED HENRY,R,house,9.0,exact_name_candidate,AL_2010-2010_1st_Special_Session_JSON_20101216_62cd9d8f4a03c2adb5b406df6305d5e3.zip
2010,12502,Ed Henry,R,Rep,HD-009,2014.0,4.0,ALPERSON-ED-HENRY,AL-2014-house-9-R-ED-HENRY,Ed Henry,R,house,9.0,exact_name_candidate,AL_2010-2010_1st_Special_Session_JSON_20101216_62cd9d8f4a03c2adb5b406df6305d5e3.zip
2010,12503,Mike Hubbard,R,Rep,HD-079,2010.0,0.0,ALPERSON-MIKE-HUBBARD,AL-2010-house-79-R-MIKE-HUBBARD,MIKE HUBBARD,R,house,79.0,exact_name_candidate,AL_2010-2010_1st_Special_Session_JSON_20101216_62cd9d8f4a03c2adb5b406df6305d5e3.zip
2010,12503,Mike Hubbard,R,Rep,HD-079,2014.0,4.0,ALPERSON-MIKE-HUBBARD,AL-2014-house-79-R-MIKE-HUBBARD,Mike Hubbard,R,house,79.0,exact_name_candidate,AL_2010-2010_1st_Special_Session_JSON_20101216_62cd9d8f4a03c2adb5b406df6305d5e3.zip
2010,12504,Wes Long,R,Rep,HD-027,2010.0,0.0,ALPERSON-WES-LONG,AL-2010-house-27-R-WES-LONG,WES LONG,R,house,27.0,exact_name_candidate,AL_2010-2010_1st_Special_Session_JSON_20101216_62cd9d8f4a03c2adb5b406df6305d5e3.zip
2010,12505,Richard Baughn,R,Rep,HD-014,2010.0,0.0,ALPERSON-RICHARD-BAUGHN,AL-2010-house-14-R-RICHARD-BAUGHN,RICHARD BAUGHN,R,house,14.0,exact_name_candidate,AL_2010-2010_1st_Special_Session_JSON_20101216_62cd9d8f4a03c2adb5b406df6305d5e3.zip
2010,12506,Becky Nordgren,R,Rep,HD-029,2010.0,0.0,ALPERSON-BECKY-NORDGREN,AL-2010-house-29-R-BECKY-NORDGREN,BECKY NORDGREN,R,house,29.0,exact_name_candidate,AL_2010-2010_1st_Special_Session_JSON_20101216_62cd9d8f4a03c2adb5b406df6305d5e3.zip
2010,12506,Becky Nordgren,R,Rep,HD-029,2014.0,4.0,ALPERSON-BECKY-NORDGREN,AL-2014-house-29-R-BECKY-NORDGREN,Becky Nordgren,R,house,29.0,exact_name_candidate,AL_2010-2010_1st_Special_Session_JSON_20101216_62cd9d8f4a03c2adb5b406df6305d5e3.zip
2010,12506,Becky Nordgren,R,Rep,HD-029,2018.0,8.0,ALPERSON-BECKY-NORDGREN,AL-2018-house-29-R-BECKY-NORDGREN,Becky Nordgren                        ,R,house,29.0,exact_name_candidate,AL_2010-2010_1st_Special_Session_JSON_20101216_62cd9d8f4a03c2adb5b406df6305d5e3.zip
2010,12507,Mac Buttram,R,Rep,HD-012,2010.0,0.0,ALPERSON-MAC-BUTTRAM,AL-2010-house-12-R-MAC-BUTTRAM,MAC BUTTRAM,R,house,12.0,exact_name_candidate,AL_2010-2010_1st_Special_Session_JSON_20101216_62cd9d8f4a03c2adb5b406df6305d5e3.zip
2010,12508,Kurt Wallace,R,Rep,HD-042,2010.0,0.0,ALPERSON-KURT-WALLACE,AL-2010-house-42-R-KURT-WALLACE,KURT WALLACE,R,house,42.0,exact_name_candidate,AL_2010-2010_1st_Special_Session_JSON_20101216_62cd9d8f4a03c2adb5b406df6305d5e3.zip
2010,12509,Donnie Chesteen,R,Rep,SD-029,2010.0,0.0,ALPERSON-DONNIE-CHESTEEN,AL-2010-house-87-R-DONNIE-CHESTEEN,DONNIE CHESTEEN,R,house,87.0,exact_name_candidate,AL_2010-2010_1st_Special_Session_JSON_20101216_62cd9d8f4a03c2adb5b406df6305d5e3.zip
2010,12509,Donnie Chesteen,R,Rep,SD-029,2014.0,4.0,ALPERSON-DONNIE-CHESTEEN,AL-2014-house-87-R-DONNIE-CHESTEEN,Donnie Chesteen,R,house,87.0,exact_name_candidate,AL_2010-2010_1st_Special_Session_JSON_20101216_62cd9d8f4a03c2adb5b406df6305d5e3.zip
2010,12509,Donnie Chesteen,R,Rep,SD-029,2018.0,8.0,ALPERSON-DONNIE-CHESTEEN,AL-2018-senate-29-R-DONNIE-CHESTEEN,Donnie Chesteen                       ,R,senate,29.0,exact_name_candidate,AL_2010-2010_1st_Special_Session_JSON_20101216_62cd9d8f4a03c2adb5b406df6305d5e3.zip
2010,12511,John Merrill,R,Rep,HD-062,2010.0,0.0,ALPERSON-JOHN-MERRILL,AL-2010-house-62-R-JOHN-MERRILL,JOHN MERRILL,R,house,62.0,exact_name_candidate,AL_2010-2010_1st_Special_Session_JSON_20101216_62cd9d8f4a03c2adb5b406df6305d5e3.zip
2010,12512,Ken Johnson,R,Rep,HD-007,2010.0,0.0,ALPERSON-KEN-JOHNSON,AL-2010-house-7-R-KEN-JOHNSON,KEN JOHNSON,R,house,7.0,exact_name_candidate,AL_2010-2010_1st_Special_Session_JSON_20101216_62cd9d8f4a03c2adb5b406df6305d5e3.zip
2010,12512,Ken Johnson,R,Rep,HD-007,2014.0,4.0,ALPERSON-KEN-JOHNSON,AL-2014-house-7-R-KEN-JOHNSON,Ken Johnson,R,house,7.0,exact_name_candidate,AL_2010-2010_1st_Special_Session_JSON_20101216_62cd9d8f4a03c2adb5b406df6305d5e3.zip
2010,12513,Jim Patterson,R,Rep,HD-021,2010.0,0.0,ALPERSON-JIM-PATTERSON,AL-2010-house-21-R-JIM-PATTERSON,JIM PATTERSON,R,house,21.0,exact_name_candidate,AL_2010-2010_1st_Special_Session_JSON_20101216_62cd9d8f4a03c2adb5b406df6305d5e3.zip
2010,12513,Jim Patterson,R,Rep,HD-021,2014.0,4.0,ALPERSON-JIM-PATTERSON,AL-2014-house-21-R-JIM-PATTERSON,Jim Patterson,R,house,21.0,exact_name_candidate,AL_2010-2010_1st_Special_Session_JSON_20101216_62cd9d8f4a03c2adb5b406df6305d5e3.zip
2010,12515,Gerald Dial,R,Sen,SD-013,2010.0,0.0,ALPERSON-GERALD-DIAL,AL-2010-senate-13-R-GERALD-DIAL,GERALD DIAL,R,senate,13.0,exact_name_candidate,AL_2010-2010_1st_Special_Session_JSON_20101216_62cd9d8f4a03c2adb5b406df6305d5e3.zip
2010,12515,Gerald Dial,R,Sen,SD-013,2014.0,4.0,ALPERSON-GERALD-DIAL,AL-2014-senate-13-R-GERALD-DIAL,Gerald Dial,R,senate,13.0,exact_name_candidate,AL_2010-2010_1st_Special_Session_JSON_20101216_62cd9d8f4a03c2adb5b406df6305d5e3.zip
2010,12516,Bryan Taylor,R,Sen,SD-030,2010.0,0.0,ALPERSON-BRYAN-TAYLOR,AL-2010-senate-30-R-BRYAN-TAYLOR,BRYAN TAYLOR,R,senate,30.0,exact_name_candidate,AL_2010-2010_1st_Special_Session_JSON_20101216_62cd9d8f4a03c2adb5b406df6305d5e3.zip
2010,12517,Jerry Fielding,D,Sen,SD-011,,,,,,,,,unmatched_or_out_of_window,AL_2010-2010_1st_Special_Session_JSON_20101216_62cd9d8f4a03c2adb5b406df6305d5e3.zip
2010,12520,Wayne Johnson,R,Rep,HD-022,2010.0,0.0,ALPERSON-WAYNE-JOHNSON,AL-2010-house-22-R-WAYNE-JOHNSON,WAYNE JOHNSON,R,house,22.0,exact_name_candidate,AL_2010-2010_1st_Special_Session_JSON_20101216_62cd9d8f4a03c2adb5b406df6305d5e3.zip
2010,12521,Thomas Whatley,R,Sen,SD-027,,,,,,,,,unmatched_or_out_of_window,AL_2010-2010_1st_Special_Session_JSON_20101216_62cd9d8f4a03c2adb5b406df6305d5e3.zip
2010,12523,Daniel Boman,R,Rep,HD-016,,,,,,,,,unmatched_or_out_of_window,AL_2010-2010_1st_Special_Session_JSON_20101216_62cd9d8f4a03c2adb5b406df6305d5e3.zip
2010,12525,Mike Jones,R,Rep,HD-092,2010.0,0.0,ALPERSON-MIKE-JONES-JR,AL-2010-house-92-R-MIKE-JONES-JR,"MIKE JONES, JR.",R,house,92.0,exact_name_candidate,AL_2010-2010_1st_Special_Session_JSON_20101216_62cd9d8f4a03c2adb5b406df6305d5e3.zip
2010,12525,Mike Jones,R,Rep,HD-092,2014.0,4.0,ALPERSON-MIKE-JONES-JR,AL-2014-house-92-R-MIKE-JONES-JR,"Mike Jones, Jr.",R,house,92.0,exact_name_candidate,AL_2010-2010_1st_Special_Session_JSON_20101216_62cd9d8f4a03c2adb5b406df6305d5e3.zip
2010,12525,Mike Jones,R,Rep,HD-092,2018.0,8.0,ALPERSON-MIKE-JONES-JR,AL-2018-house-92-R-MIKE-JONES-JR,"Mike Jones, Jr.                       ",R,house,92.0,exact_name_candidate,AL_2010-2010_1st_Special_Session_JSON_20101216_62cd9d8f4a03c2adb5b406df6305d5e3.zip
2010,12526,Paul Beckman,R,Rep,HD-088,2010.0,0.0,ALPERSON-PAUL-BECKMAN,AL-2010-house-88-R-PAUL-BECKMAN,PAUL BECKMAN,R,house,88.0,exact_name_candidate,AL_2010-2010_1st_Special_Session_JSON_20101216_62cd9d8f4a03c2adb5b406df6305d5e3.zip
2010,12526,Paul Beckman,R,Rep,HD-088,2014.0,4.0,ALPERSON-PAUL-BECKMAN,AL-2014-house-88-R-PAUL-BECKMAN,Paul Beckman,R,house,88.0,exact_name_candidate,AL_2010-2010_1st_Special_Session_JSON_20101216_62cd9d8f4a03c2adb5b406df6305d5e3.zip
2010,12530,William Poole,R,Rep,HD-063,,,,,,,,,unmatched_or_out_of_window,AL_2010-2010_1st_Special_Session_JSON_20101216_62cd9d8f4a03c2adb5b406df6305d5e3.zip
2010,12541,Slade Blackwell,R,Sen,SD-015,2010.0,0.0,ALPERSON-SLADE-BLACKWELL,AL-2010-senate-15-R-SLADE-BLACKWELL,SLADE BLACKWELL,R,senate,15.0,exact_name_candidate,AL_2010-2010_1st_Special_Session_JSON_20101216_62cd9d8f4a03c2adb5b406df6305d5e3.zip
2010,12541,Slade Blackwell,R,Sen,SD-015,2014.0,4.0,ALPERSON-SLADE-BLACKWELL,AL-2014-senate-15-R-SLADE-BLACKWELL,Slade Blackwell,R,senate,15.0,exact_name_candidate,AL_2010-2010_1st_Special_Session_JSON_20101216_62cd9d8f4a03c2adb5b406df6305d5e3.zip
2010,12542,Napoleon Bracy,D,Rep,HD-098,2010.0,0.0,ALPERSON-NAPOLEON-BRACY-JR,AL-2010-house-98-D-NAPOLEON-BRACY-JR,"NAPOLEON BRACY, JR.",D,house,98.0,exact_name_candidate,AL_2010-2010_1st_Special_Session_JSON_20101216_62cd9d8f4a03c2adb5b406df6305d5e3.zip
2010,12542,Napoleon Bracy,D,Rep,HD-098,2014.0,4.0,ALPERSON-NAPOLEON-BRACY-JR,AL-2014-house-98-D-NAPOLEON-BRACY-JR,"Napoleon Bracy, Jr.",D,house,98.0,exact_name_candidate,AL_2010-2010_1st_Special_Session_JSON_20101216_62cd9d8f4a03c2adb5b406df6305d5e3.zip
2010,12542,Napoleon Bracy,D,Rep,HD-098,2018.0,8.0,ALPERSON-NAPOLEON-BRACY-JR,AL-2018-house-98-D-NAPOLEON-BRACY-JR,"Napoleon Bracy, Jr.                   ",D,house,98.0,exact_name_candidate,AL_2010-2010_1st_Special_Session_JSON_20101216_62cd9d8f4a03c2adb5b406df6305d5e3.zip
2010,12543,Berry Forte,D,Rep,HD-084,2010.0,0.0,ALPERSON-BERRY-FORTE,AL-2010-house-84-D-BERRY-FORTE,BERRY FORTE,D,house,84.0,exact_name_candidate,AL_2010-2010_1st_Special_Session_JSON_20101216_62cd9d8f4a03c2adb5b406df6305d5e3.zip
2010,12543,Berry Forte,D,Rep,HD-084,2014.0,4.0,ALPERSON-BERRY-FORTE,AL-2014-house-84-D-BERRY-FORTE,Berry Forte,D,house,84.0,exact_name_candidate,AL_2010-2010_1st_Special_Session_JSON_20101216_62cd9d8f4a03c2adb5b406df6305d5e3.zip
2010,12543,Berry Forte,D,Rep,HD-084,2018.0,8.0,ALPERSON-BERRY-FORTE,AL-2018-house-84-D-BERRY-FORTE,Berry Forte                           ,D,house,84.0,exact_name_candidate,AL_2010-2010_1st_Special_Session_JSON_20101216_62cd9d8f4a03c2adb5b406df6305d5e3.zip
2010,12544,David Colston,D,Rep,HD-069,2010.0,0.0,ALPERSON-DAVID-COLSTON,AL-2010-house-69-D-DAVID-COLSTON,DAVID COLSTON,D,house,69.0,exact_name_candidate,AL_2010-2010_1st_Special_Session_JSON_20101216_62cd9d8f4a03c2adb5b406df6305d5e3.zip
2010,12545,Mark Tuggle,R,Rep,HD-081,,,,,,,,,unmatched_or_out_of_window,AL_2010-2010_1st_Special_Session_JSON_20101216_62cd9d8f4a03c2adb5b406df6305d5e3.zip
2010,12546,Darrio Melton,D,Rep,HD-067,2010.0,0.0,ALPERSON-DARRIO-MELTON,AL-2010-house-67-D-DARRIO-MELTON,DARRIO MELTON,D,house,67.0,exact_name_candidate,AL_2010-2010_1st_Special_Session_JSON_20101216_62cd9d8f4a03c2adb5b406df6305d5e3.zip
2010,12546,Darrio Melton,D,Rep,HD-067,2014.0,4.0,ALPERSON-DARRIO-MELTON,AL-2014-house-67-D-DARRIO-MELTON,Darrio Melton,D,house,67.0,exact_name_candidate,AL_2010-2010_1st_Special_Session_JSON_20101216_62cd9d8f4a03c2adb5b406df6305d5e3.zip
2010,12547,Greg Burdine,D,Rep,HD-001,2010.0,0.0,ALPERSON-GREG-BURDINE,AL-2010-house-1-D-GREG-BURDINE,GREG BURDINE,D,house,1.0,exact_name_candidate,AL_2010-2010_1st_Special_Session_JSON_20101216_62cd9d8f4a03c2adb5b406df6305d5e3.zip
2010,12547,Greg Burdine,D,Rep,HD-001,2014.0,4.0,ALPERSON-GREG-BURDINE,AL-2014-house-1-D-GREG-BURDINE,Greg Burdine,D,house,1.0,exact_name_candidate,AL_2010-2010_1st_Special_Session_JSON_20101216_62cd9d8f4a03c2adb5b406df6305d5e3.zip
2010,12548,Allen Farley,R,Rep,HD-015,2010.0,0.0,ALPERSON-ALLEN-FARLEY,AL-2010-house-15-R-ALLEN-FARLEY,ALLEN FARLEY,R,house,15.0,exact_name_candidate,AL_2010-2010_1st_Special_Session_JSON_20101216_62cd9d8f4a03c2adb5b406df6305d5e3.zip
2010,12548,Allen Farley,R,Rep,HD-015,2014.0,4.0,ALPERSON-ALLEN-FARLEY,AL-2014-house-15-R-ALLEN-FARLEY,Allen Farley,R,house,15.0,exact_name_candidate,AL_2010-2010_1st_Special_Session_JSON_20101216_62cd9d8f4a03c2adb5b406df6305d5e3.zip
2010,12548,Allen Farley,R,Rep,HD-015,2018.0,8.0,ALPERSON-ALLEN-FARLEY,AL-2018-house-15-R-ALLEN-FARLEY,Allen Farley                          ,R,house,15.0,exact_name_candidate,AL_2010-2010_1st_Special_Session_JSON_20101216_62cd9d8f4a03c2adb5b406df6305d5e3.zip
2010,12549,Dexter Grimsley,D,Rep,HD-085,2010.0,0.0,ALPERSON-DEXTER-GRIMSLEY,AL-2010-house-85-D-DEXTER-GRIMSLEY,DEXTER GRIMSLEY,D,house,85.0,exact_name_candidate,AL_2010-2010_1st_Special_Session_JSON_20101216_62cd9d8f4a03c2adb5b406df6305d5e3.zip
2010,12549,Dexter Grimsley,D,Rep,HD-085,2014.0,4.0,ALPERSON-DEXTER-GRIMSLEY,AL-2014-house-85-D-DEXTER-GRIMSLEY,Dexter Grimsley,D,house,85.0,exact_name_candidate,AL_2010-2010_1st_Special_Session_JSON_20101216_62cd9d8f4a03c2adb5b406df6305d5e3.zip
2010,12549,Dexter Grimsley,D,Rep,HD-085,2018.0,8.0,ALPERSON-DEXTER-GRIMSLEY,AL-2018-house-85-D-DEXTER-GRIMSLEY,Dexter Grimsley                       ,D,house,85.0,exact_name_candidate,AL_2010-2010_1st_Special_Session_JSON_20101216_62cd9d8f4a03c2adb5b406df6305d5e3.zip
2010,12550,Juandalynn Givan,D,Rep,HD-060,2018.0,8.0,ALPERSON-JUANDALYNN-GIVAN,AL-2018-house-60-D-JUANDALYNN-GIVAN,Juandalynn Givan                      ,D,house,60.0,exact_name_candidate,AL_2010-2010_1st_Special_Session_JSON_20101216_62cd9d8f4a03c2adb5b406df6305d5e3.zip
2010,3354,John Knight,D,Rep,HD-077,2010.0,0.0,ALPERSON-JOHN-KNIGHT,AL-2010-house-77-D-JOHN-KNIGHT,JOHN KNIGHT,D,house,77.0,exact_name_candidate,AL_2010-2010_Regular_Session_JSON_20100422_909c3d86ace6b72ac6ab79c8a9445aad.zip
2010,3354,John Knight,D,Rep,HD-077,2014.0,4.0,ALPERSON-JOHN-KNIGHT,AL-2014-house-77-D-JOHN-KNIGHT,John Knight,D,house,77.0,exact_name_candidate,AL_2010-2010_Regular_Session_JSON_20100422_909c3d86ace6b72ac6ab79c8a9445aad.zip
2010,3356,Tammy Irons,D,Rep,SD-001,,,,,,,,,unmatched_or_out_of_window,AL_2010-2010_Regular_Session_JSON_20100422_909c3d86ace6b72ac6ab79c8a9445aad.zip
2010,3357,Laura Hall,D,Rep,HD-019,2010.0,0.0,ALPERSON-LAURA-HALL,AL-2010-house-19-D-LAURA-HALL,LAURA HALL,D,house,19.0,exact_name_candidate,AL_2010-2010_Regular_Session_JSON_20100422_909c3d86ace6b72ac6ab79c8a9445aad.zip
2010,3357,Laura Hall,D,Rep,HD-019,2014.0,4.0,ALPERSON-LAURA-HALL,AL-2014-house-19-D-LAURA-HALL,Laura Hall,D,house,19.0,exact_name_candidate,AL_2010-2010_Regular_Session_JSON_20100422_909c3d86ace6b72ac6ab79c8a9445aad.zip
2010,3357,Laura Hall,D,Rep,HD-019,2018.0,8.0,ALPERSON-LAURA-HALL,AL-2018-house-19-D-LAURA-HALL,Laura Hall                            ,D,house,19.0,exact_name_candidate,AL_2010-2010_Regular_Session_JSON_20100422_909c3d86ace6b72ac6ab79c8a9445aad.zip
2010,3358,Artis McCampbell,D,Rep,HD-071,,,,,,,,,unmatched_or_out_of_window,AL_2010-2010_Regular_Session_JSON_20100422_909c3d86ace6b72ac6ab79c8a9445aad.zip
2010,3360,Barbara Boyd,D,Rep,HD-032,,,,,,,,,unmatched_or_out_of_window,AL_2010-2010_Regular_Session_JSON_20100422_909c3d86ace6b72ac6ab79c8a9445aad.zip
2010,3361,Joseph Mitchell,D,Rep,HD-103,,,,,,,,,unmatched_or_out_of_window,AL_2010-2010_Regular_Session_JSON_20100422_909c3d86ace6b72ac6ab79c8a9445aad.zip
2010,3368,Demetrius Newton,D,Rep,HD-053,,,,,,,,,unmatched_or_out_of_window,AL_2010-2010_Regular_Session_JSON_20100422_909c3d86ace6b72ac6ab79c8a9445aad.zip
2010,3370,Pebblin Warren,D,Rep,HD-082,,,,,,,,,unmatched_or_out_of_window,AL_2010-2010_Regular_Session_JSON_20100422_909c3d86ace6b72ac6ab79c8a9445aad.zip
2010,3371,Ralph Howard,D,Rep,HD-072,,,,,,,,,unmatched_or_out_of_window,AL_2010-2010_Regular_Session_JSON_20100422_909c3d86ace6b72ac6ab79c8a9445aad.zip
2010,3372,Thad McClammy,D,Rep,HD-076,2010.0,0.0,ALPERSON-THAD-MCCLAMMY,AL-2010-house-76-D-THAD-MCCLAMMY,THAD McCLAMMY,D,house,76.0,exact_name_candidate,AL_2010-2010_Regular_Session_JSON_20100422_909c3d86ace6b72ac6ab79c8a9445aad.zip
2010,3372,Thad McClammy,D,Rep,HD-076,2014.0,4.0,ALPERSON-THAD-MCCLAMMY,AL-2014-house-76-D-THAD-MCCLAMMY,Thad McClammy,D,house,76.0,exact_name_candidate,AL_2010-2010_Regular_Session_JSON_20100422_909c3d86ace6b72ac6ab79c8a9445aad.zip
2010,3372,Thad McClammy,D,Rep,HD-076,2018.0,8.0,ALPERSON-THAD-MCCLAMMY,AL-2018-house-76-D-THAD-MCCLAMMY,Thad McClammy                         ,D,house,76.0,exact_name_candidate,AL_2010-2010_Regular_Session_JSON_20100422_909c3d86ace6b72ac6ab79c8a9445aad.zip
2010,3374,Christopher England,D,Rep,HD-070,,,,,,,,,unmatched_or_out_of_window,AL_2010-2010_Regular_Session_JSON_20100422_909c3d86ace6b72ac6ab79c8a9445aad.zip
2010,3375,Oliver Robinson,D,Rep,HD-058,2010.0,0.0,ALPERSON-OLIVER-ROBINSON,AL-2010-house-58-D-OLIVER-ROBINSON,OLIVER ROBINSON,D,house,58.0,exact_name_candidate,AL_2010-2010_Regular_Session_JSON_20100422_909c3d86ace6b72ac6ab79c8a9445aad.zip
2010,3375,Oliver Robinson,D,Rep,HD-058,2014.0,4.0,ALPERSON-OLIVER-ROBINSON,AL-2014-house-58-D-OLIVER-ROBINSON,Oliver Robinson,D,house,58.0,exact_name_candidate,AL_2010-2010_Regular_Session_JSON_20100422_909c3d86ace6b72ac6ab79c8a9445aad.zip
2010,3376,Yvonne Kennedy,D,Rep,HD-097,2010.0,0.0,ALPERSON-YVONNE-KENNEDY,AL-2010-house-97-D-YVONNE-KENNEDY,YVONNE KENNEDY,D,house,97.0,exact_name_candidate,AL_2010-2010_Regular_Session_JSON_20100422_909c3d86ace6b72ac6ab79c8a9445aad.zip
2010,3379,Mike Millican,R,Rep,HD-017,2010.0,0.0,ALPERSON-MIKE-MILLICAN,AL-2010-house-17-D-MIKE-MILLICAN,MIKE MILLICAN,D,house,17.0,exact_name_candidate,AL_2010-2010_Regular_Session_JSON_20100422_909c3d86ace6b72ac6ab79c8a9445aad.zip
2010,3379,Mike Millican,R,Rep,HD-017,2014.0,4.0,ALPERSON-MIKE-MILLICAN,AL-2014-house-17-R-MIKE-MILLICAN,Mike Millican,R,house,17.0,exact_name_candidate,AL_2010-2010_Regular_Session_JSON_20100422_909c3d86ace6b72ac6ab79c8a9445aad.zip
2010,3380,Marcel Black,D,Rep,HD-003,2010.0,0.0,ALPERSON-MARCEL-BLACK,AL-2010-house-3-D-MARCEL-BLACK,MARCEL BLACK,D,house,3.0,exact_name_candidate,AL_2010-2010_Regular_Session_JSON_20100422_909c3d86ace6b72ac6ab79c8a9445aad.zip
2010,3380,Marcel Black,D,Rep,HD-003,2014.0,4.0,ALPERSON-MARCEL-BLACK,AL-2014-house-3-D-MARCEL-BLACK,Marcel Black,D,house,3.0,exact_name_candidate,AL_2010-2010_Regular_Session_JSON_20100422_909c3d86ace6b72ac6ab79c8a9445aad.zip
2010,3381,Alan Harper,R,Rep,HD-061,2010.0,0.0,ALPERSON-ALAN-HARPER,AL-2010-house-61-D-ALAN-HARPER,ALAN HARPER,D,house,61.0,exact_name_candidate,AL_2010-2010_Regular_Session_JSON_20100422_909c3d86ace6b72ac6ab79c8a9445aad.zip
2010,3381,Alan Harper,R,Rep,HD-061,2014.0,4.0,ALPERSON-ALAN-HARPER,AL-2014-house-61-R-ALAN-HARPER,Alan Harper,R,house,61.0,exact_name_candidate,AL_2010-2010_Regular_Session_JSON_20100422_909c3d86ace6b72ac6ab79c8a9445aad.zip
2010,3382,Thomas Jackson,D,Rep,HD-068,,,,,,,,,unmatched_or_out_of_window,AL_2010-2010_Regular_Session_JSON_20100422_909c3d86ace6b72ac6ab79c8a9445aad.zip
2010,3385,Lesley Vance,R,Rep,HD-080,2010.0,0.0,ALPERSON-LESLEY-VANCE,AL-2010-house-80-D-LESLEY-VANCE,LESLEY VANCE,D,house,80.0,exact_name_candidate,AL_2010-2010_Regular_Session_JSON_20100422_909c3d86ace6b72ac6ab79c8a9445aad.zip
2010,3385,Lesley Vance,R,Rep,HD-080,2014.0,4.0,ALPERSON-LESLEY-VANCE,AL-2014-house-80-R-LESLEY-VANCE,Lesley Vance,R,house,80.0,exact_name_candidate,AL_2010-2010_Regular_Session_JSON_20100422_909c3d86ace6b72ac6ab79c8a9445aad.zip
2010,3386,William Beasley,D,Rep,SD-028,,,,,,,,,unmatched_or_out_of_window,AL_2010-2010_Regular_Session_JSON_20100422_909c3d86ace6b72ac6ab79c8a9445aad.zip
2010,3387,Stephen Hurst,R,Rep,HD-035,,,,,,,,,unmatched_or_out_of_window,AL_2010-2010_Regular_Session_JSON_20100422_909c3d86ace6b72ac6ab79c8a9445aad.zip
2010,3388,James Buskey,D,Rep,HD-099,,,,,,,,,unmatched_or_out_of_window,AL_2010-2010_Regular_Session_JSON_20100422_909c3d86ace6b72ac6ab79c8a9445aad.zip
2010,3389,Mary Moore,D,Rep,HD-059,2010.0,0.0,ALPERSON-MARY-MOORE,AL-2010-house-59-D-MARY-MOORE,MARY MOORE,D,house,59.0,exact_name_candidate,AL_2010-2010_Regular_Session_JSON_20100422_909c3d86ace6b72ac6ab79c8a9445aad.zip
2010,3389,Mary Moore,D,Rep,HD-059,2014.0,4.0,ALPERSON-MARY-MOORE,AL-2014-house-59-D-MARY-MOORE,Mary Moore,D,house,59.0,exact_name_candidate,AL_2010-2010_Regular_Session_JSON_20100422_909c3d86ace6b72ac6ab79c8a9445aad.zip
2010,3389,Mary Moore,D,Rep,HD-059,2018.0,8.0,ALPERSON-MARY-MOORE,AL-2018-house-59-D-MARY-MOORE,Mary Moore                            ,D,house,59.0,exact_name_candidate,AL_2010-2010_Regular_Session_JSON_20100422_909c3d86ace6b72ac6ab79c8a9445aad.zip
2010,3391,Merika Coleman-Evans,D,Rep,HD-057,,,,,,,,,unmatched_or_out_of_window,AL_2010-2010_Regular_Session_JSON_20100422_909c3d86ace6b72ac6ab79c8a9445aad.zip
2010,3392,Richard Lindsey,D,Rep,HD-039,2010.0,0.0,ALPERSON-RICHARD-LINDSEY,AL-2010-house-39-D-RICHARD-LINDSEY,RICHARD LINDSEY,D,house,39.0,exact_name_candidate,AL_2010-2010_Regular_Session_JSON_20100422_909c3d86ace6b72ac6ab79c8a9445aad.zip
2010,3392,Richard Lindsey,D,Rep,HD-039,2014.0,4.0,ALPERSON-RICHARD-LINDSEY,AL-2014-house-39-D-RICHARD-LINDSEY,Richard Lindsey,D,house,39.0,exact_name_candidate,AL_2010-2010_Regular_Session_JSON_20100422_909c3d86ace6b72ac6ab79c8a9445aad.zip
2010,3400,John Robinson,D,Rep,HD-023,2010.0,0.0,ALPERSON-JOHN-ROBINSON,AL-2010-house-23-D-JOHN-ROBINSON,JOHN ROBINSON,D,house,23.0,exact_name_candidate,AL_2010-2010_Regular_Session_JSON_20100422_909c3d86ace6b72ac6ab79c8a9445aad.zip
2010,3400,John Robinson,D,Rep,HD-023,2014.0,4.0,ALPERSON-JOHN-ROBINSON,AL-2014-house-23-D-JOHN-ROBINSON,John Robinson,D,house,23.0,exact_name_candidate,AL_2010-2010_Regular_Session_JSON_20100422_909c3d86ace6b72ac6ab79c8a9445aad.zip
2010,3401,Patricia Todd,D,Rep,HD-054,2010.0,0.0,ALPERSON-PATRICIA-TODD,AL-2010-house-54-D-PATRICIA-TODD,PATRICIA TODD,D,house,54.0,exact_name_candidate,AL_2010-2010_Regular_Session_JSON_20100422_909c3d86ace6b72ac6ab79c8a9445aad.zip
2010,3402,Johnny Morrow,D,Rep,HD-018,,,,,,,,,unmatched_or_out_of_window,AL_2010-2010_Regular_Session_JSON_20100422_909c3d86ace6b72ac6ab79c8a9445aad.zip
2010,3403,Jeremy Oden,R,Rep,HD-011,,,,,,,,,unmatched_or_out_of_window,AL_2010-2010_Regular_Session_JSON_20100422_909c3d86ace6b72ac6ab79c8a9445aad.zip
2010,3404,Elwyn Thomas,R,Rep,HD-034,2010.0,0.0,ALPERSON-ELWYN-THOMAS,AL-2010-house-34-R-ELWYN-THOMAS,ELWYN THOMAS,R,house,34.0,exact_name_candidate,AL_2010-2010_Regular_Session_JSON_20100422_909c3d86ace6b72ac6ab79c8a9445aad.zip
2010,3405,Robert Ward,R,Rep,SD-014,,,,,,,,,unmatched_or_out_of_window,AL_2010-2010_Regular_Session_JSON_20100422_909c3d86ace6b72ac6ab79c8a9445aad.zip
2010,3406,Craig Ford,D,Rep,HD-028,2010.0,0.0,ALPERSON-CRAIG-FORD,AL-2010-house-28-D-CRAIG-FORD,CRAIG FORD,D,house,28.0,exact_name_candidate,AL_2010-2010_Regular_Session_JSON_20100422_909c3d86ace6b72ac6ab79c8a9445aad.zip
2010,3406,Craig Ford,D,Rep,HD-028,2014.0,4.0,ALPERSON-CRAIG-FORD,AL-2014-house-28-D-CRAIG-FORD,Craig Ford,D,house,28.0,exact_name_candidate,AL_2010-2010_Regular_Session_JSON_20100422_909c3d86ace6b72ac6ab79c8a9445aad.zip
2010,3407,Todd Greeson,R,Rep,HD-024,2010.0,0.0,ALPERSON-TODD-GREESON,AL-2010-house-24-R-TODD-GREESON,TODD GREESON,R,house,24.0,exact_name_candidate,AL_2010-2010_Regular_Session_JSON_20100422_909c3d86ace6b72ac6ab79c8a9445aad.zip
2010,3408,Randy Davis,R,Rep,HD-096,2010.0,0.0,ALPERSON-RANDY-DAVIS,AL-2010-house-96-R-RANDY-DAVIS,RANDY DAVIS,R,house,96.0,exact_name_candidate,AL_2010-2010_Regular_Session_JSON_20100422_909c3d86ace6b72ac6ab79c8a9445aad.zip
2010,3408,Randy Davis,R,Rep,HD-096,2014.0,4.0,ALPERSON-RANDY-DAVIS,AL-2014-house-96-R-RANDY-DAVIS,Randy Davis,R,house,96.0,exact_name_candidate,AL_2010-2010_Regular_Session_JSON_20100422_909c3d86ace6b72ac6ab79c8a9445aad.zip
2010,3410,Mike Hill,R,Rep,HD-041,2010.0,0.0,ALPERSON-MIKE-HILL,AL-2010-house-41-R-MIKE-HILL,MIKE HILL,R,house,41.0,exact_name_candidate,AL_2010-2010_Regular_Session_JSON_20100422_909c3d86ace6b72ac6ab79c8a9445aad.zip
2010,3410,Mike Hill,R,Rep,HD-041,2014.0,4.0,ALPERSON-MIKE-HILL,AL-2014-house-41-R-MIKE-HILL,Mike Hill,R,house,41.0,exact_name_candidate,AL_2010-2010_Regular_Session_JSON_20100422_909c3d86ace6b72ac6ab79c8a9445aad.zip
2010,3411,Mac McCutcheon,R,Rep,HD-025,2010.0,0.0,ALPERSON-MAC-MCCUTCHEON,AL-2010-house-25-R-MAC-MCCUTCHEON,MAC McCUTCHEON,R,house,25.0,exact_name_candidate,AL_2010-2010_Regular_Session_JSON_20100422_909c3d86ace6b72ac6ab79c8a9445aad.zip
2010,3411,Mac McCutcheon,R,Rep,HD-025,2014.0,4.0,ALPERSON-MAC-MCCUTCHEON,AL-2014-house-25-R-MAC-MCCUTCHEON,Mac McCutcheon,R,house,25.0,exact_name_candidate,AL_2010-2010_Regular_Session_JSON_20100422_909c3d86ace6b72ac6ab79c8a9445aad.zip
2010,3411,Mac McCutcheon,R,Rep,HD-025,2018.0,8.0,ALPERSON-MAC-MCCUTCHEON,AL-2018-house-25-R-MAC-MCCUTCHEON,Mac McCutcheon                        ,R,house,25.0,exact_name_candidate,AL_2010-2010_Regular_Session_JSON_20100422_909c3d86ace6b72ac6ab79c8a9445aad.zip
2010,3412,Gregory Canfield,R,Rep,HD-048,,,,,,,,,unmatched_or_out_of_window,AL_2010-2010_Regular_Session_JSON_20100422_909c3d86ace6b72ac6ab79c8a9445aad.zip
2010,3414,Jay Love,R,Rep,HD-074,2010.0,0.0,ALPERSON-JAY-LOVE,AL-2010-house-74-R-JAY-LOVE,JAY LOVE,R,house,74.0,exact_name_candidate,AL_2010-2010_Regular_Session_JSON_20100422_909c3d86ace6b72ac6ab79c8a9445aad.zip
2010,3415,Victor Gaston,R,Rep,HD-100,2010.0,0.0,ALPERSON-VICTOR-GASTON,AL-2010-house-100-R-VICTOR-GASTON,VICTOR GASTON,R,house,100.0,exact_name_candidate,AL_2010-2010_Regular_Session_JSON_20100422_909c3d86ace6b72ac6ab79c8a9445aad.zip
2010,3415,Victor Gaston,R,Rep,HD-100,2014.0,4.0,ALPERSON-VICTOR-GASTON,AL-2014-house-100-R-VICTOR-GASTON,Victor Gaston,R,house,100.0,exact_name_candidate,AL_2010-2010_Regular_Session_JSON_20100422_909c3d86ace6b72ac6ab79c8a9445aad.zip
2010,3415,Victor Gaston,R,Rep,HD-100,2018.0,8.0,ALPERSON-VICTOR-GASTON,AL-2018-house-100-R-VICTOR-GASTON,Victor Gaston                         ,R,house,100.0,exact_name_candidate,AL_2010-2010_Regular_Session_JSON_20100422_909c3d86ace6b72ac6ab79c8a9445aad.zip
2010,3416,Mike Ball,R,Rep,HD-010,2010.0,0.0,ALPERSON-MIKE-BALL,AL-2010-house-10-R-MIKE-BALL,MIKE BALL,R,house,10.0,exact_name_candidate,AL_2010-2010_Regular_Session_JSON_20100422_909c3d86ace6b72ac6ab79c8a9445aad.zip
2010,3416,Mike Ball,R,Rep,HD-010,2014.0,4.0,ALPERSON-MIKE-BALL,AL-2014-house-10-R-MIKE-BALL,Mike Ball,R,house,10.0,exact_name_candidate,AL_2010-2010_Regular_Session_JSON_20100422_909c3d86ace6b72ac6ab79c8a9445aad.zip
2010,3416,Mike Ball,R,Rep,HD-010,2018.0,8.0,ALPERSON-MIKE-BALL,AL-2018-house-10-R-MIKE-BALL,Mike Ball                             ,R,house,10.0,exact_name_candidate,AL_2010-2010_Regular_Session_JSON_20100422_909c3d86ace6b72ac6ab79c8a9445aad.zip
2010,3417,Paul DeMarco,R,Rep,HD-046,2010.0,0.0,ALPERSON-PAUL-DEMARCO,AL-2010-house-46-R-PAUL-DEMARCO,PAUL DEMARCO,R,house,46.0,exact_name_candidate,AL_2010-2010_Regular_Session_JSON_20100422_909c3d86ace6b72ac6ab79c8a9445aad.zip
2010,3418,Jack Williams,R,Rep,HD-047,2010.0,0.0,ALPERSON-JACK-WILLIAMS,AL-2010-house-47-R-JACK-WILLIAMS,JACK WILLIAMS,R,house,47.0,exact_name_candidate,AL_2010-2010_Regular_Session_JSON_20100422_909c3d86ace6b72ac6ab79c8a9445aad.zip
2010,3418,Jack Williams,R,Rep,HD-047,2014.0,4.0,ALPERSON-JACK-WILLIAMS,AL-2014-house-47-R-JACK-WILLIAMS,Jack Williams,R,house,47.0,exact_name_candidate,AL_2010-2010_Regular_Session_JSON_20100422_909c3d86ace6b72ac6ab79c8a9445aad.zip
2010,3418,Jack Williams,R,Rep,HD-047,2014.0,4.0,ALPERSON-JACK-WILLIAMS,AL-2014-house-102-R-JACK-WILLIAMS,Jack Williams,R,house,102.0,exact_name_candidate,AL_2010-2010_Regular_Session_JSON_20100422_909c3d86ace6b72ac6ab79c8a9445aad.zip
2010,3418,Jack Williams,R,Rep,HD-047,2018.0,8.0,ALPERSON-JACK-WILLIAMS,AL-2018-senate-34-R-JACK-WILLIAMS,Jack Williams                         ,R,senate,34.0,exact_name_candidate,AL_2010-2010_Regular_Session_JSON_20100422_909c3d86ace6b72ac6ab79c8a9445aad.zip
2010,3419,Dickie Drake,R,Rep,HD-045,2014.0,4.0,ALPERSON-DICKIE-DRAKE,AL-2014-house-45-R-DICKIE-DRAKE,Dickie Drake,R,house,45.0,exact_name_candidate,AL_2010-2010_Regular_Session_JSON_20100422_909c3d86ace6b72ac6ab79c8a9445aad.zip
2010,3419,Dickie Drake,R,Rep,HD-045,2018.0,8.0,ALPERSON-DICKIE-DRAKE,AL-2018-house-45-R-DICKIE-DRAKE,Dickie Drake                          ,R,house,45.0,exact_name_candidate,AL_2010-2010_Regular_Session_JSON_20100422_909c3d86ace6b72ac6ab79c8a9445aad.zip
2010,3420,Gerald Allen,R,Rep,SD-021,2010.0,0.0,ALPERSON-GERALD-ALLEN,AL-2010-senate-21-R-GERALD-ALLEN,GERALD ALLEN,R,senate,21.0,exact_name_candidate,AL_2010-2010_Regular_Session_JSON_20100422_909c3d86ace6b72ac6ab79c8a9445aad.zip
2010,3420,Gerald Allen,R,Rep,SD-021,2014.0,4.0,ALPERSON-GERALD-ALLEN,AL-2014-senate-21-R-GERALD-ALLEN,Gerald Allen,R,senate,21.0,exact_name_candidate,AL_2010-2010_Regular_Session_JSON_20100422_909c3d86ace6b72ac6ab79c8a9445aad.zip
2010,3420,Gerald Allen,R,Rep,SD-021,2018.0,8.0,ALPERSON-GERALD-ALLEN,AL-2018-senate-21-R-GERALD-ALLEN,Gerald Allen                          ,R,senate,21.0,exact_name_candidate,AL_2010-2010_Regular_Session_JSON_20100422_909c3d86ace6b72ac6ab79c8a9445aad.zip
2010,3421,Joseph Hubbard,D,Rep,HD-073,,,,,,,,,unmatched_or_out_of_window,AL_2010-2010_Regular_Session_JSON_20100422_909c3d86ace6b72ac6ab79c8a9445aad.zip
2010,3423,Harry Shiver,R,Rep,HD-064,2010.0,0.0,ALPERSON-HARRY-SHIVER,AL-2010-house-64-R-HARRY-SHIVER,HARRY SHIVER,R,house,64.0,exact_name_candidate,AL_2010-2010_Regular_Session_JSON_20100422_909c3d86ace6b72ac6ab79c8a9445aad.zip
2010,3423,Harry Shiver,R,Rep,HD-064,2014.0,4.0,ALPERSON-HARRY-SHIVER,AL-2014-house-64-R-HARRY-SHIVER,Harry Shiver,R,house,64.0,exact_name_candidate,AL_2010-2010_Regular_Session_JSON_20100422_909c3d86ace6b72ac6ab79c8a9445aad.zip
2010,3423,Harry Shiver,R,Rep,HD-064,2018.0,8.0,ALPERSON-HARRY-SHIVER,AL-2018-house-64-R-HARRY-SHIVER,Harry Shiver                          ,R,house,64.0,exact_name_candidate,AL_2010-2010_Regular_Session_JSON_20100422_909c3d86ace6b72ac6ab79c8a9445aad.zip
2010,3424,Joe Faust,R,Rep,HD-094,2010.0,0.0,ALPERSON-JOE-FAUST,AL-2010-house-94-R-JOE-FAUST,JOE FAUST,R,house,94.0,exact_name_candidate,AL_2010-2010_Regular_Session_JSON_20100422_909c3d86ace6b72ac6ab79c8a9445aad.zip
2010,3424,Joe Faust,R,Rep,HD-094,2018.0,8.0,ALPERSON-JOE-FAUST,AL-2018-house-94-R-JOE-FAUST,Joe Faust                             ,R,house,94.0,exact_name_candidate,AL_2010-2010_Regular_Session_JSON_20100422_909c3d86ace6b72ac6ab79c8a9445aad.zip
2010,3425,Chad Fincher,R,Rep,HD-102,2010.0,0.0,ALPERSON-CHAD-FINCHER,AL-2010-house-102-R-CHAD-FINCHER,CHAD FINCHER,R,house,102.0,exact_name_candidate,AL_2010-2010_Regular_Session_JSON_20100422_909c3d86ace6b72ac6ab79c8a9445aad.zip
2010,3426,Alan Baker,R,Rep,HD-066,2010.0,0.0,ALPERSON-ALAN-BAKER,AL-2010-house-66-R-ALAN-BAKER,ALAN BAKER,R,house,66.0,exact_name_candidate,AL_2010-2010_Regular_Session_JSON_20100422_909c3d86ace6b72ac6ab79c8a9445aad.zip
2010,3426,Alan Baker,R,Rep,HD-066,2014.0,4.0,ALPERSON-ALAN-BAKER,AL-2014-house-66-R-ALAN-BAKER,Alan Baker,R,house,66.0,exact_name_candidate,AL_2010-2010_Regular_Session_JSON_20100422_909c3d86ace6b72ac6ab79c8a9445aad.zip
2010,3426,Alan Baker,R,Rep,HD-066,2018.0,8.0,ALPERSON-ALAN-BAKER,AL-2018-house-66-R-ALAN-BAKER,Alan Baker                            ,R,house,66.0,exact_name_candidate,AL_2010-2010_Regular_Session_JSON_20100422_909c3d86ace6b72ac6ab79c8a9445aad.zip
2010,3427,Steve McMillan,R,Rep,HD-095,2010.0,0.0,ALPERSON-STEVE-MCMILLAN,AL-2010-house-95-R-STEVE-MCMILLAN,STEVE McMILLAN,R,house,95.0,exact_name_candidate,AL_2010-2010_Regular_Session_JSON_20100422_909c3d86ace6b72ac6ab79c8a9445aad.zip
2010,3427,Steve McMillan,R,Rep,HD-095,2014.0,4.0,ALPERSON-STEVE-MCMILLAN,AL-2014-house-95-R-STEVE-MCMILLAN,Steve McMillan,R,house,95.0,exact_name_candidate,AL_2010-2010_Regular_Session_JSON_20100422_909c3d86ace6b72ac6ab79c8a9445aad.zip
2010,3427,Steve McMillan,R,Rep,HD-095,2018.0,8.0,ALPERSON-STEVE-MCMILLAN,AL-2018-house-95-R-STEVE-MCMILLAN,Steve McMillan                        ,R,house,95.0,exact_name_candidate,AL_2010-2010_Regular_Session_JSON_20100422_909c3d86ace6b72ac6ab79c8a9445aad.zip
2010,3428,James Ison,R,Rep,HD-101,,,,,,,,,unmatched_or_out_of_window,AL_2010-2010_Regular_Session_JSON_20100422_909c3d86ace6b72ac6ab79c8a9445aad.zip
2010,3429,Jim McClendon,R,Rep,SD-011,2010.0,0.0,ALPERSON-JIM-MCCLENDON,AL-2010-house-50-R-JIM-MCCLENDON,JIM McCLENDON,R,house,50.0,exact_name_candidate,AL_2010-2010_Regular_Session_JSON_20100422_909c3d86ace6b72ac6ab79c8a9445aad.zip
2010,3429,Jim McClendon,R,Rep,SD-011,2014.0,4.0,ALPERSON-JIM-MCCLENDON,AL-2014-senate-11-R-JIM-MCCLENDON,Jim McClendon,R,senate,11.0,exact_name_candidate,AL_2010-2010_Regular_Session_JSON_20100422_909c3d86ace6b72ac6ab79c8a9445aad.zip
2010,3429,Jim McClendon,R,Rep,SD-011,2018.0,8.0,ALPERSON-JIM-MCCLENDON,AL-2018-senate-11-R-JIM-MCCLENDON,Jim McClendon                         ,R,senate,11.0,exact_name_candidate,AL_2010-2010_Regular_Session_JSON_20100422_909c3d86ace6b72ac6ab79c8a9445aad.zip
2010,3430,Randy Wood,R,Rep,HD-036,2010.0,0.0,ALPERSON-RANDY-WOOD,AL-2010-house-36-R-RANDY-WOOD,RANDY WOOD,R,house,36.0,exact_name_candidate,AL_2010-2010_Regular_Session_JSON_20100422_909c3d86ace6b72ac6ab79c8a9445aad.zip
2010,3430,Randy Wood,R,Rep,HD-036,2014.0,4.0,ALPERSON-RANDY-WOOD,AL-2014-house-36-R-RANDY-WOOD,Randy Wood,R,house,36.0,exact_name_candidate,AL_2010-2010_Regular_Session_JSON_20100422_909c3d86ace6b72ac6ab79c8a9445aad.zip
2010,3430,Randy Wood,R,Rep,HD-036,2018.0,8.0,ALPERSON-RANDY-WOOD,AL-2018-house-36-R-RANDY-WOOD,Randy Wood                            ,R,house,36.0,exact_name_candidate,AL_2010-2010_Regular_Session_JSON_20100422_909c3d86ace6b72ac6ab79c8a9445aad.zip
2010,3431,Jim Barton,R,Rep,HD-104,2010.0,0.0,ALPERSON-JIM-BARTON,AL-2010-house-104-R-JIM-BARTON,JIM BARTON,R,house,104.0,exact_name_candidate,AL_2010-2010_Regular_Session_JSON_20100422_909c3d86ace6b72ac6ab79c8a9445aad.zip
2010,3432,Steve Clouse,R,Rep,HD-093,2010.0,0.0,ALPERSON-STEVE-CLOUSE,AL-2010-house-93-R-STEVE-CLOUSE,STEVE CLOUSE,R,house,93.0,exact_name_candidate,AL_2010-2010_Regular_Session_JSON_20100422_909c3d86ace6b72ac6ab79c8a9445aad.zip
2010,3432,Steve Clouse,R,Rep,HD-093,2014.0,4.0,ALPERSON-STEVE-CLOUSE,AL-2014-house-93-R-STEVE-CLOUSE,Steve Clouse,R,house,93.0,exact_name_candidate,AL_2010-2010_Regular_Session_JSON_20100422_909c3d86ace6b72ac6ab79c8a9445aad.zip
2010,3432,Steve Clouse,R,Rep,HD-093,2018.0,8.0,ALPERSON-STEVE-CLOUSE,AL-2018-house-93-R-STEVE-CLOUSE,Steve Clouse                          ,R,house,93.0,exact_name_candidate,AL_2010-2010_Regular_Session_JSON_20100422_909c3d86ace6b72ac6ab79c8a9445aad.zip
2010,3433,Barry Mask,R,Rep,HD-031,2010.0,0.0,ALPERSON-BARRY-MASK,AL-2010-house-31-R-BARRY-MASK,BARRY MASK,R,house,31.0,exact_name_candidate,AL_2010-2010_Regular_Session_JSON_20100422_909c3d86ace6b72ac6ab79c8a9445aad.zip
2010,3434,Harry Bridges,R,Rep,HD-038,,,,,,,,,unmatched_or_out_of_window,AL_2010-2010_Regular_Session_JSON_20100422_909c3d86ace6b72ac6ab79c8a9445aad.zip
2010,3435,Howard Sanderford,R,Rep,HD-020,2010.0,0.0,ALPERSON-HOWARD-SANDERFORD,AL-2010-house-20-R-HOWARD-SANDERFORD,HOWARD SANDERFORD,R,house,20.0,exact_name_candidate,AL_2010-2010_Regular_Session_JSON_20100422_909c3d86ace6b72ac6ab79c8a9445aad.zip
2010,3435,Howard Sanderford,R,Rep,HD-020,2014.0,4.0,ALPERSON-HOWARD-SANDERFORD,AL-2014-house-20-R-HOWARD-SANDERFORD,Howard Sanderford,R,house,20.0,exact_name_candidate,AL_2010-2010_Regular_Session_JSON_20100422_909c3d86ace6b72ac6ab79c8a9445aad.zip
2010,3435,Howard Sanderford,R,Rep,HD-020,2018.0,8.0,ALPERSON-HOWARD-SANDERFORD,AL-2018-house-20-R-HOWARD-SANDERFORD,Howard Sanderford                     ,R,house,20.0,exact_name_candidate,AL_2010-2010_Regular_Session_JSON_20100422_909c3d86ace6b72ac6ab79c8a9445aad.zip
2010,3437,Phil Williams,R,Rep,HD-006,2010.0,0.0,ALPERSON-PHIL-WILLIAMS,AL-2010-house-6-R-PHIL-WILLIAMS,PHIL WILLIAMS,R,house,6.0,exact_name_candidate,AL_2010-2010_Regular_Session_JSON_20100422_909c3d86ace6b72ac6ab79c8a9445aad.zip
2010,3437,Phil Williams,R,Rep,HD-006,2010.0,0.0,ALPERSON-PHIL-WILLIAMS,AL-2010-senate-10-R-PHIL-WILLIAMS,PHIL WILLIAMS,R,senate,10.0,exact_name_candidate,AL_2010-2010_Regular_Session_JSON_20100422_909c3d86ace6b72ac6ab79c8a9445aad.zip
2010,3437,Phil Williams,R,Rep,HD-006,2014.0,4.0,ALPERSON-PHIL-WILLIAMS,AL-2014-house-6-R-PHIL-WILLIAMS,Phil Williams,R,house,6.0,exact_name_candidate,AL_2010-2010_Regular_Session_JSON_20100422_909c3d86ace6b72ac6ab79c8a9445aad.zip
2010,3437,Phil Williams,R,Rep,HD-006,2014.0,4.0,ALPERSON-PHIL-WILLIAMS,AL-2014-senate-10-R-PHIL-WILLIAMS,Phil Williams,R,senate,10.0,exact_name_candidate,AL_2010-2010_Regular_Session_JSON_20100422_909c3d86ace6b72ac6ab79c8a9445aad.zip
2010,3438,Micky Hammon,R,Rep,HD-004,2010.0,0.0,ALPERSON-MICKY-HAMMON,AL-2010-house-4-R-MICKY-HAMMON,MICKY HAMMON,R,house,4.0,exact_name_candidate,AL_2010-2010_Regular_Session_JSON_20100422_909c3d86ace6b72ac6ab79c8a9445aad.zip
2010,3438,Micky Hammon,R,Rep,HD-004,2014.0,4.0,ALPERSON-MICKY-HAMMON,AL-2014-house-4-R-MICKY-HAMMON,Micky Hammon,R,house,4.0,exact_name_candidate,AL_2010-2010_Regular_Session_JSON_20100422_909c3d86ace6b72ac6ab79c8a9445aad.zip
2010,3439,Gregory Wren,R,Rep,HD-075,,,,,,,,,unmatched_or_out_of_window,AL_2010-2010_Regular_Session_JSON_20100422_909c3d86ace6b72ac6ab79c8a9445aad.zip
2010,3442,Alvin Holmes,D,Rep,HD-078,2010.0,0.0,ALPERSON-ALVIN-HOLMES,AL-2010-house-78-D-ALVIN-HOLMES,ALVIN HOLMES,D,house,78.0,exact_name_candidate,AL_2010-2010_Regular_Session_JSON_20100422_909c3d86ace6b72ac6ab79c8a9445aad.zip
2010,3442,Alvin Holmes,D,Rep,HD-078,2014.0,4.0,ALPERSON-ALVIN-HOLMES,AL-2014-house-78-D-ALVIN-HOLMES,Alvin Holmes,D,house,78.0,exact_name_candidate,AL_2010-2010_Regular_Session_JSON_20100422_909c3d86ace6b72ac6ab79c8a9445aad.zip
2010,3443,Blaine Galliher,R,Rep,HD-030,2010.0,0.0,ALPERSON-BLAINE-GALLIHER,AL-2010-house-30-R-BLAINE-GALLIHER,BLAINE GALLIHER,R,house,30.0,exact_name_candidate,AL_2010-2010_Regular_Session_JSON_20100422_909c3d86ace6b72ac6ab79c8a9445aad.zip
2010,3444,Jack Collier,R,Rep,HD-105,,,,,,,,,unmatched_or_out_of_window,AL_2010-2010_Regular_Session_JSON_20100422_909c3d86ace6b72ac6ab79c8a9445aad.zip
2010,3445,Allen Treadaway,R,Rep,HD-051,2010.0,0.0,ALPERSON-ALLEN-TREADAWAY,AL-2010-house-51-R-ALLEN-TREADAWAY,ALLEN TREADAWAY,R,house,51.0,exact_name_candidate,AL_2010-2010_Regular_Session_JSON_20100422_909c3d86ace6b72ac6ab79c8a9445aad.zip
2010,3445,Allen Treadaway,R,Rep,HD-051,2014.0,4.0,ALPERSON-ALLEN-TREADAWAY,AL-2014-house-51-R-ALLEN-TREADAWAY,Allen Treadaway,R,house,51.0,exact_name_candidate,AL_2010-2010_Regular_Session_JSON_20100422_909c3d86ace6b72ac6ab79c8a9445aad.zip
2010,3445,Allen Treadaway,R,Rep,HD-051,2018.0,8.0,ALPERSON-ALLEN-TREADAWAY,AL-2018-house-51-R-ALLEN-TREADAWAY,Allen Treadaway                       ,R,house,51.0,exact_name_candidate,AL_2010-2010_Regular_Session_JSON_20100422_909c3d86ace6b72ac6ab79c8a9445aad.zip
2010,3446,Arthur Payne,R,Rep,HD-044,2010.0,0.0,ALPERSON-ARTHUR-PAYNE,AL-2010-house-44-R-ARTHUR-PAYNE,ARTHUR PAYNE,R,house,44.0,exact_name_candidate,AL_2010-2010_Regular_Session_JSON_20100422_909c3d86ace6b72ac6ab79c8a9445aad.zip
2010,3447,Charles Newton,D,Rep,HD-090,2010.0,0.0,ALPERSON-CHARLES-NEWTON,AL-2010-house-90-D-CHARLES-NEWTON,CHARLES NEWTON,D,house,90.0,exact_name_candidate,AL_2010-2010_Regular_Session_JSON_20100422_909c3d86ace6b72ac6ab79c8a9445aad.zip
2010,3448,Richard Laird,D,Rep,HD-037,2010.0,0.0,ALPERSON-RICHARD-LAIRD,AL-2010-house-37-D-RICHARD-LAIRD,RICHARD LAIRD,D,house,37.0,exact_name_candidate,AL_2010-2010_Regular_Session_JSON_20100422_909c3d86ace6b72ac6ab79c8a9445aad.zip
2010,3449,Ronald Johnson,R,Rep,HD-033,,,,,,,,,unmatched_or_out_of_window,AL_2010-2010_Regular_Session_JSON_20100422_909c3d86ace6b72ac6ab79c8a9445aad.zip
2010,3450,Alan Boothe,R,Rep,HD-089,,,,,,,,,unmatched_or_out_of_window,AL_2010-2010_Regular_Session_JSON_20100422_909c3d86ace6b72ac6ab79c8a9445aad.zip
2010,3453,Mary McClurkin,R,Rep,HD-043,,,,,,,,,unmatched_or_out_of_window,AL_2010-2010_Regular_Session_JSON_20100422_909c3d86ace6b72ac6ab79c8a9445aad.zip
2010,3454,John Rogers,D,Rep,HD-052,,,,,,,,,unmatched_or_out_of_window,AL_2010-2010_Regular_Session_JSON_20100422_909c3d86ace6b72ac6ab79c8a9445aad.zip
2010,3455,Elaine Beech,D,Rep,HD-065,2010.0,0.0,ALPERSON-ELAINE-BEECH,AL-2010-house-65-D-ELAINE-BEECH,ELAINE BEECH,D,house,65.0,exact_name_candidate,AL_2010-2010_Regular_Session_JSON_20100422_909c3d86ace6b72ac6ab79c8a9445aad.zip
2010,3455,Elaine Beech,D,Rep,HD-065,2014.0,4.0,ALPERSON-ELAINE-BEECH,AL-2014-house-65-D-ELAINE-BEECH,Elaine Beech,D,house,65.0,exact_name_candidate,AL_2010-2010_Regular_Session_JSON_20100422_909c3d86ace6b72ac6ab79c8a9445aad.zip
2010,3455,Elaine Beech,D,Rep,HD-065,2018.0,8.0,ALPERSON-ELAINE-BEECH,AL-2018-house-65-D-ELAINE-BEECH,Elaine Beech                          ,D,house,65.0,exact_name_candidate,AL_2010-2010_Regular_Session_JSON_20100422_909c3d86ace6b72ac6ab79c8a9445aad.zip
2010,3456,Roderick Scott,D,Rep,HD-055,,,,,,,,,unmatched_or_out_of_window,AL_2010-2010_Regular_Session_JSON_20100422_909c3d86ace6b72ac6ab79c8a9445aad.zip
2010,3457,Lawrence McAdory,D,Rep,HD-056,2010.0,0.0,ALPERSON-LAWRENCE-MCADORY,AL-2010-house-56-D-LAWRENCE-MCADORY,LAWRENCE MCADORY,D,house,56.0,exact_name_candidate,AL_2010-2010_Regular_Session_JSON_20100422_909c3d86ace6b72ac6ab79c8a9445aad.zip
2010,3458,George Bandy,D,Rep,HD-083,,,,,,,,,unmatched_or_out_of_window,AL_2010-2010_Regular_Session_JSON_20100422_909c3d86ace6b72ac6ab79c8a9445aad.zip
2010,3459,K.L. Brown,R,Rep,HD-040,,,,,,,,,unmatched_or_out_of_window,AL_2010-2010_Regular_Session_JSON_20100422_909c3d86ace6b72ac6ab79c8a9445aad.zip
2010,3461,J.T. Waggoner,R,Sen,SD-016,,,,,,,,,unmatched_or_out_of_window,AL_2010-2010_Regular_Session_JSON_20100422_909c3d86ace6b72ac6ab79c8a9445aad.zip
2010,3462,Del Marsh,R,Sen,SD-012,2010.0,0.0,ALPERSON-DEL-MARSH,AL-2010-senate-12-R-DEL-MARSH,DEL MARSH,R,senate,12.0,exact_name_candidate,AL_2010-2010_Regular_Session_JSON_20100422_909c3d86ace6b72ac6ab79c8a9445aad.zip
2010,3462,Del Marsh,R,Sen,SD-012,2014.0,4.0,ALPERSON-DEL-MARSH,AL-2014-senate-12-R-DEL-MARSH,Del Marsh,R,senate,12.0,exact_name_candidate,AL_2010-2010_Regular_Session_JSON_20100422_909c3d86ace6b72ac6ab79c8a9445aad.zip
2010,3462,Del Marsh,R,Sen,SD-012,2018.0,8.0,ALPERSON-DEL-MARSH,AL-2018-senate-12-R-DEL-MARSH,Del Marsh                             ,R,senate,12.0,exact_name_candidate,AL_2010-2010_Regular_Session_JSON_20100422_909c3d86ace6b72ac6ab79c8a9445aad.zip
2010,3463,Ben Brooks,R,Sen,SD-035,2010.0,0.0,ALPERSON-BEN-BROOKS,AL-2010-senate-35-R-BEN-BROOKS,BEN BROOKS,R,senate,35.0,exact_name_candidate,AL_2010-2010_Regular_Session_JSON_20100422_909c3d86ace6b72ac6ab79c8a9445aad.zip
2010,3464,Trip Pittman,R,Sen,SD-032,2010.0,0.0,ALPERSON-TRIP-PITTMAN,AL-2010-senate-32-R-TRIP-PITTMAN,TRIP PITTMAN,R,senate,32.0,exact_name_candidate,AL_2010-2010_Regular_Session_JSON_20100422_909c3d86ace6b72ac6ab79c8a9445aad.zip
2010,3464,Trip Pittman,R,Sen,SD-032,2014.0,4.0,ALPERSON-TRIP-PITTMAN,AL-2014-senate-32-R-TRIP-PITTMAN,Trip Pittman,R,senate,32.0,exact_name_candidate,AL_2010-2010_Regular_Session_JSON_20100422_909c3d86ace6b72ac6ab79c8a9445aad.zip
2010,3465,Rodger Smitherman,D,Sen,SD-018,,,,,,,,,unmatched_or_out_of_window,AL_2010-2010_Regular_Session_JSON_20100422_909c3d86ace6b72ac6ab79c8a9445aad.zip
2010,3467,Paul Sanford,R,Sen,SD-007,,,,,,,,,unmatched_or_out_of_window,AL_2010-2010_Regular_Session_JSON_20100422_909c3d86ace6b72ac6ab79c8a9445aad.zip
2010,3469,Rusty Glover,R,Sen,SD-034,2010.0,0.0,ALPERSON-RUSTY-GLOVER,AL-2010-senate-34-R-RUSTY-GLOVER,RUSTY GLOVER,R,senate,34.0,exact_name_candidate,AL_2010-2010_Regular_Session_JSON_20100422_909c3d86ace6b72ac6ab79c8a9445aad.zip
2010,3469,Rusty Glover,R,Sen,SD-034,2014.0,4.0,ALPERSON-RUSTY-GLOVER,AL-2014-senate-34-R-RUSTY-GLOVER,Rusty Glover,R,senate,34.0,exact_name_candidate,AL_2010-2010_Regular_Session_JSON_20100422_909c3d86ace6b72ac6ab79c8a9445aad.zip
2010,3470,Hank Sanders,D,Sen,SD-023,2010.0,0.0,ALPERSON-HANK-SANDERS,AL-2010-senate-23-D-HANK-SANDERS,HANK SANDERS,D,senate,23.0,exact_name_candidate,AL_2010-2010_Regular_Session_JSON_20100422_909c3d86ace6b72ac6ab79c8a9445aad.zip
2010,3470,Hank Sanders,D,Sen,SD-023,2014.0,4.0,ALPERSON-HANK-SANDERS,AL-2014-senate-23-D-HANK-SANDERS,Hank Sanders,D,senate,23.0,exact_name_candidate,AL_2010-2010_Regular_Session_JSON_20100422_909c3d86ace6b72ac6ab79c8a9445aad.zip
2010,3472,Quinton Ross,D,Sen,SD-026,,,,,,,,,unmatched_or_out_of_window,AL_2010-2010_Regular_Session_JSON_20100422_909c3d86ace6b72ac6ab79c8a9445aad.zip
2010,3473,Roger Bedford,D,Sen,SD-006,2010.0,0.0,ALPERSON-ROGER-BEDFORD-JR,AL-2010-senate-6-D-ROGER-BEDFORD-JR,"ROGER BEDFORD, JR.",D,senate,6.0,exact_name_candidate,AL_2010-2010_Regular_Session_JSON_20100422_909c3d86ace6b72ac6ab79c8a9445aad.zip
2010,3473,Roger Bedford,D,Sen,SD-006,2014.0,4.0,ALPERSON-ROGER-BEDFORD-JR,AL-2014-senate-6-D-ROGER-BEDFORD-JR,"Roger Bedford, Jr.",D,senate,6.0,exact_name_candidate,AL_2010-2010_Regular_Session_JSON_20100422_909c3d86ace6b72ac6ab79c8a9445aad.zip
2010,3479,Linda Coleman-Madison,D,Sen,SD-020,2018.0,8.0,ALPERSON-LINDA-COLEMAN-MADISON,AL-2018-senate-20-D-LINDA-COLEMAN-MADISON,Linda Coleman-Madison                 ,D,senate,20.0,exact_name_candidate,AL_2010-2010_Regular_Session_JSON_20100422_909c3d86ace6b72ac6ab79c8a9445aad.zip
2010,3480,Priscilla Dunn,D,Sen,SD-019,2010.0,0.0,ALPERSON-PRISCILLA-DUNN,AL-2010-senate-19-D-PRISCILLA-DUNN,PRISCILLA DUNN,D,senate,19.0,exact_name_candidate,AL_2010-2010_Regular_Session_JSON_20100422_909c3d86ace6b72ac6ab79c8a9445aad.zip
2010,3480,Priscilla Dunn,D,Sen,SD-019,2014.0,4.0,ALPERSON-PRISCILLA-DUNN,AL-2014-senate-19-D-PRISCILLA-DUNN,Priscilla Dunn,D,senate,19.0,exact_name_candidate,AL_2010-2010_Regular_Session_JSON_20100422_909c3d86ace6b72ac6ab79c8a9445aad.zip
2010,3480,Priscilla Dunn,D,Sen,SD-019,2018.0,8.0,ALPERSON-PRISCILLA-DUNN,AL-2018-senate-19-D-PRISCILLA-DUNN,Priscilla Dunn                        ,D,senate,19.0,exact_name_candidate,AL_2010-2010_Regular_Session_JSON_20100422_909c3d86ace6b72ac6ab79c8a9445aad.zip
2010,3481,Arthur Orr,R,Sen,SD-003,2010.0,0.0,ALPERSON-ARTHUR-ORR,AL-2010-senate-3-R-ARTHUR-ORR,ARTHUR ORR,R,senate,3.0,exact_name_candidate,AL_2010-2010_Regular_Session_JSON_20100422_909c3d86ace6b72ac6ab79c8a9445aad.zip
2010,3481,Arthur Orr,R,Sen,SD-003,2014.0,4.0,ALPERSON-ARTHUR-ORR,AL-2014-senate-3-R-ARTHUR-ORR,Arthur Orr,R,senate,3.0,exact_name_candidate,AL_2010-2010_Regular_Session_JSON_20100422_909c3d86ace6b72ac6ab79c8a9445aad.zip
2010,3481,Arthur Orr,R,Sen,SD-003,2018.0,8.0,ALPERSON-ARTHUR-ORR,AL-2018-senate-3-R-ARTHUR-ORR,Arthur Orr                            ,R,senate,3.0,exact_name_candidate,AL_2010-2010_Regular_Session_JSON_20100422_909c3d86ace6b72ac6ab79c8a9445aad.zip
2010,3482,Bobby Singleton,D,Sen,SD-024,2010.0,0.0,ALPERSON-BOBBY-SINGLETON,AL-2010-senate-24-D-BOBBY-SINGLETON,BOBBY SINGLETON,D,senate,24.0,exact_name_candidate,AL_2010-2010_Regular_Session_JSON_20100422_909c3d86ace6b72ac6ab79c8a9445aad.zip
2010,3482,Bobby Singleton,D,Sen,SD-024,2014.0,4.0,ALPERSON-BOBBY-SINGLETON,AL-2014-senate-24-D-BOBBY-SINGLETON,Bobby Singleton,D,senate,24.0,exact_name_candidate,AL_2010-2010_Regular_Session_JSON_20100422_909c3d86ace6b72ac6ab79c8a9445aad.zip
2010,3482,Bobby Singleton,D,Sen,SD-024,2018.0,8.0,ALPERSON-BOBBY-SINGLETON,AL-2018-senate-24-D-BOBBY-SINGLETON,Bobby Singleton                       ,D,senate,24.0,exact_name_candidate,AL_2010-2010_Regular_Session_JSON_20100422_909c3d86ace6b72ac6ab79c8a9445aad.zip
2010,3485,George Keahey,D,Sen,SD-022,,,,,,,,,unmatched_or_out_of_window,AL_2010-2010_Regular_Session_JSON_20100422_909c3d86ace6b72ac6ab79c8a9445aad.zip
2010,3489,Scott Beason,R,Sen,SD-017,2010.0,0.0,ALPERSON-SCOTT-BEASON,AL-2010-senate-17-R-SCOTT-BEASON,SCOTT BEASON,R,senate,17.0,exact_name_candidate,AL_2010-2010_Regular_Session_JSON_20100422_909c3d86ace6b72ac6ab79c8a9445aad.zip
2010,3490,Vivian Figures,D,Sen,SD-033,,,,,,,,,unmatched_or_out_of_window,AL_2010-2010_Regular_Session_JSON_20100422_909c3d86ace6b72ac6ab79c8a9445aad.zip
2010,3491,Jimmy Holley,R,Sen,SD-031,,,,,,,,,unmatched_or_out_of_window,AL_2010-2010_Regular_Session_JSON_20100422_909c3d86ace6b72ac6ab79c8a9445aad.zip
2010,3493,Harri Smith,I,Sen,SD-029,,,,,,,,,unmatched_or_out_of_window,AL_2010-2010_Regular_Session_JSON_20100422_909c3d86ace6b72ac6ab79c8a9445aad.zip
2010,3355,Ronald Grantland,D,Rep,HD-009,,,,,,,,,unmatched_or_out_of_window,AL_2010-2010_Regular_Session_JSON_20100422_909c3d86ace6b72ac6ab79c8a9445aad.zip
2010,3359,James Thomas,D,Rep,HD-069,,,,,,,,,unmatched_or_out_of_window,AL_2010-2010_Regular_Session_JSON_20100422_909c3d86ace6b72ac6ab79c8a9445aad.zip
2010,3362,Jeff McLaughlin,D,Rep,HD-027,2010.0,0.0,ALPERSON-JEFF-MCLAUGHLIN,AL-2010-house-27-D-JEFF-MCLAUGHLIN,JEFF McLAUGHLIN,D,house,27.0,exact_name_candidate,AL_2010-2010_Regular_Session_JSON_20100422_909c3d86ace6b72ac6ab79c8a9445aad.zip
2010,3362,Jeff McLaughlin,D,Rep,HD-027,2014.0,4.0,ALPERSON-JEFF-MCLAUGHLIN,AL-2014-house-27-D-JEFF-MCLAUGHLIN,Jeff McLaughlin,D,house,27.0,exact_name_candidate,AL_2010-2010_Regular_Session_JSON_20100422_909c3d86ace6b72ac6ab79c8a9445aad.zip
2010,3363,Terry Spicer,D,Rep,HD-091,2010.0,0.0,ALPERSON-TERRY-SPICER,AL-2010-house-91-D-TERRY-SPICER,TERRY SPICER,D,house,91.0,exact_name_candidate,AL_2010-2010_Regular_Session_JSON_20100422_909c3d86ace6b72ac6ab79c8a9445aad.zip
2010,3364,Randy Hinshaw,D,Rep,HD-021,2010.0,0.0,ALPERSON-RANDY-HINSHAW,AL-2010-house-21-D-RANDY-HINSHAW,RANDY HINSHAW,D,house,21.0,exact_name_candidate,AL_2010-2010_Regular_Session_JSON_20100422_909c3d86ace6b72ac6ab79c8a9445aad.zip
2010,3365,Betty Graham,D,Rep,HD-081,,,,,,,,,unmatched_or_out_of_window,AL_2010-2010_Regular_Session_JSON_20100422_909c3d86ace6b72ac6ab79c8a9445aad.zip
2010,3366,Locy Baker,D,Rep,HD-085,,,,,,,,,unmatched_or_out_of_window,AL_2010-2010_Regular_Session_JSON_20100422_909c3d86ace6b72ac6ab79c8a9445aad.zip
2010,3367,Yusuf Salaam,D,Rep,HD-067,,,,,,,,,unmatched_or_out_of_window,AL_2010-2010_Regular_Session_JSON_20100422_909c3d86ace6b72ac6ab79c8a9445aad.zip
2010,3369,James Gordon,D,Rep,HD-098,,,,,,,,,unmatched_or_out_of_window,AL_2010-2010_Regular_Session_JSON_20100422_909c3d86ace6b72ac6ab79c8a9445aad.zip
2010,3373,Earl Hilliard,D,Rep,HD-060,,,,,,,,,unmatched_or_out_of_window,AL_2010-2010_Regular_Session_JSON_20100422_909c3d86ace6b72ac6ab79c8a9445aad.zip
2010,3377,Mike Curtis,D,Rep,HD-002,2010.0,0.0,ALPERSON-MIKE-CURTIS,AL-2010-house-2-D-MIKE-CURTIS,MIKE CURTIS,D,house,2.0,exact_name_candidate,AL_2010-2010_Regular_Session_JSON_20100422_909c3d86ace6b72ac6ab79c8a9445aad.zip
2010,3377,Mike Curtis,D,Rep,HD-002,2014.0,4.0,ALPERSON-MIKE-CURTIS,AL-2014-senate-1-D-MIKE-CURTIS,Mike Curtis,D,senate,1.0,exact_name_candidate,AL_2010-2010_Regular_Session_JSON_20100422_909c3d86ace6b72ac6ab79c8a9445aad.zip
2010,3378,John Letson,D,Rep,HD-007,,,,,,,,,unmatched_or_out_of_window,AL_2010-2010_Regular_Session_JSON_20100422_909c3d86ace6b72ac6ab79c8a9445aad.zip
2010,3383,Leaman Fite,D,Rep,HD-040,,,,,,,,,unmatched_or_out_of_window,AL_2010-2010_Regular_Session_JSON_20100422_909c3d86ace6b72ac6ab79c8a9445aad.zip
2010,3384,Bill Dukes,D,Rep,HD-008,,,,,,,,,unmatched_or_out_of_window,AL_2010-2010_Regular_Session_JSON_20100422_909c3d86ace6b72ac6ab79c8a9445aad.zip
2010,3390,Seth Hammett,D,Rep,HD-092,,,,,,,,,unmatched_or_out_of_window,AL_2010-2010_Regular_Session_JSON_20100422_909c3d86ace6b72ac6ab79c8a9445aad.zip
2010,3393,Tommy Sherer,D,Rep,HD-013,2010.0,0.0,ALPERSON-TOMMY-SHERER,AL-2010-house-13-D-TOMMY-SHERER,TOMMY SHERER,D,house,13.0,exact_name_candidate,AL_2010-2010_Regular_Session_JSON_20100422_909c3d86ace6b72ac6ab79c8a9445aad.zip
2010,3394,Ken Guin,D,Rep,HD-014,2010.0,0.0,ALPERSON-KEN-GUIN,AL-2010-house-14-D-KEN-GUIN,KEN GUIN,D,house,14.0,exact_name_candidate,AL_2010-2010_Regular_Session_JSON_20100422_909c3d86ace6b72ac6ab79c8a9445aad.zip
2010,3395,Henry White,D,Rep,HD-005,,,,,,,,,unmatched_or_out_of_window,AL_2010-2010_Regular_Session_JSON_20100422_909c3d86ace6b72ac6ab79c8a9445aad.zip
2010,3396,Butch Taylor,D,Rep,HD-022,2010.0,0.0,ALPERSON-BUTCH-TAYLOR,AL-2010-house-22-D-BUTCH-TAYLOR,BUTCH TAYLOR,D,house,22.0,exact_name_candidate,AL_2010-2010_Regular_Session_JSON_20100422_909c3d86ace6b72ac6ab79c8a9445aad.zip
2010,3397,William Thigpen,D,Rep,HD-016,,,,,,,,,unmatched_or_out_of_window,AL_2010-2010_Regular_Session_JSON_20100422_909c3d86ace6b72ac6ab79c8a9445aad.zip
2010,3398,John Page,D,Rep,HD-029,,,,,,,,,unmatched_or_out_of_window,AL_2010-2010_Regular_Session_JSON_20100422_909c3d86ace6b72ac6ab79c8a9445aad.zip
2010,3399,James Fields,D,Rep,HD-012,,,,,,,,,unmatched_or_out_of_window,AL_2010-2010_Regular_Session_JSON_20100422_909c3d86ace6b72ac6ab79c8a9445aad.zip
2010,3409,H Gipson,R,Rep,HD-088,,,,,,,,,unmatched_or_out_of_window,AL_2010-2010_Regular_Session_JSON_20100422_909c3d86ace6b72ac6ab79c8a9445aad.zip
2010,3413,Pat Moore,R,Rep,HD-015,,,,,,,,,unmatched_or_out_of_window,AL_2010-2010_Regular_Session_JSON_20100422_909c3d86ace6b72ac6ab79c8a9445aad.zip
2010,3422,James Martin,R,Rep,HD-042,,,,,,,,,unmatched_or_out_of_window,AL_2010-2010_Regular_Session_JSON_20100422_909c3d86ace6b72ac6ab79c8a9445aad.zip
2010,3436,David Grimes,R,Rep,HD-073,2010.0,0.0,ALPERSON-DAVID-GRIMES,AL-2010-house-73-R-DAVID-GRIMES,DAVID GRIMES,R,house,73.0,exact_name_candidate,AL_2010-2010_Regular_Session_JSON_20100422_909c3d86ace6b72ac6ab79c8a9445aad.zip
2010,3436,David Grimes,R,Rep,HD-073,2014.0,4.0,ALPERSON-DAVID-GRIMES,AL-2014-house-77-R-DAVID-GRIMES,David Grimes,R,house,77.0,exact_name_candidate,AL_2010-2010_Regular_Session_JSON_20100422_909c3d86ace6b72ac6ab79c8a9445aad.zip
2010,3440,Robert Bentley,R,Rep,HD-063,,,,,,,,,unmatched_or_out_of_window,AL_2010-2010_Regular_Session_JSON_20100422_909c3d86ace6b72ac6ab79c8a9445aad.zip
2010,3441,Frank McDaniel,D,Rep,HD-026,,,,,,,,,unmatched_or_out_of_window,AL_2010-2010_Regular_Session_JSON_20100422_909c3d86ace6b72ac6ab79c8a9445aad.zip
2010,3451,Warren Beck,R,Rep,HD-087,,,,,,,,,unmatched_or_out_of_window,AL_2010-2010_Regular_Session_JSON_20100422_909c3d86ace6b72ac6ab79c8a9445aad.zip
2010,3452,Benjamin Lewis,R,Rep,HD-086,,,,,,,,,unmatched_or_out_of_window,AL_2010-2010_Regular_Session_JSON_20100422_909c3d86ace6b72ac6ab79c8a9445aad.zip
2010,3460,Steve French,R,Sen,SD-015,,,,,,,,,unmatched_or_out_of_window,AL_2010-2010_Regular_Session_JSON_20100422_909c3d86ace6b72ac6ab79c8a9445aad.zip
2010,3466,Zeb Little,D,Sen,SD-004,2010.0,0.0,ALPERSON-ZEB-LITTLE,AL-2010-senate-4-D-ZEB-LITTLE,ZEB LITTLE,D,senate,4.0,exact_name_candidate,AL_2010-2010_Regular_Session_JSON_20100422_909c3d86ace6b72ac6ab79c8a9445aad.zip
2010,3468,Larry Means,D,Sen,SD-010,2010.0,0.0,ALPERSON-LARRY-MEANS,AL-2010-senate-10-D-LARRY-MEANS,LARRY MEANS,D,senate,10.0,exact_name_candidate,AL_2010-2010_Regular_Session_JSON_20100422_909c3d86ace6b72ac6ab79c8a9445aad.zip
2010,3468,Larry Means,D,Sen,SD-010,2014.0,4.0,ALPERSON-LARRY-MEANS,AL-2014-senate-10-D-LARRY-MEANS,Larry Means,D,senate,10.0,exact_name_candidate,AL_2010-2010_Regular_Session_JSON_20100422_909c3d86ace6b72ac6ab79c8a9445aad.zip
2010,3471,Bobby Denton,D,Sen,SD-001,,,,,,,,,unmatched_or_out_of_window,AL_2010-2010_Regular_Session_JSON_20100422_909c3d86ace6b72ac6ab79c8a9445aad.zip
2010,3474,Hinton Mitchem,D,Sen,SD-009,,,,,,,,,unmatched_or_out_of_window,AL_2010-2010_Regular_Session_JSON_20100422_909c3d86ace6b72ac6ab79c8a9445aad.zip
2010,3475,T.D. Little,D,Sen,SD-027,,,,,,,,,unmatched_or_out_of_window,AL_2010-2010_Regular_Session_JSON_20100422_909c3d86ace6b72ac6ab79c8a9445aad.zip
2010,3476,Lowell Barron,D,Sen,SD-008,2010.0,0.0,ALPERSON-LOWELL-BARRON,AL-2010-senate-8-D-LOWELL-BARRON,LOWELL BARRON,D,senate,8.0,exact_name_candidate,AL_2010-2010_Regular_Session_JSON_20100422_909c3d86ace6b72ac6ab79c8a9445aad.zip
2010,3477,Kim Benefield,D,Sen,SD-013,,,,,,,,,unmatched_or_out_of_window,AL_2010-2010_Regular_Session_JSON_20100422_909c3d86ace6b72ac6ab79c8a9445aad.zip
2010,3478,Henry Erwin,R,Sen,SD-014,,,,,,,,,unmatched_or_out_of_window,AL_2010-2010_Regular_Session_JSON_20100422_909c3d86ace6b72ac6ab79c8a9445aad.zip
2010,3483,Wendell Mitchell,D,Sen,SD-030,,,,,,,,,unmatched_or_out_of_window,AL_2010-2010_Regular_Session_JSON_20100422_909c3d86ace6b72ac6ab79c8a9445aad.zip
2010,3484,Myron Penn,D,Sen,SD-028,,,,,,,,,unmatched_or_out_of_window,AL_2010-2010_Regular_Session_JSON_20100422_909c3d86ace6b72ac6ab79c8a9445aad.zip
2010,3486,Tom Butler,R,Sen,SD-002,2010.0,0.0,ALPERSON-TOM-BUTLER,AL-2010-senate-2-D-TOM-BUTLER,TOM BUTLER,D,senate,2.0,exact_name_candidate,AL_2010-2010_Regular_Session_JSON_20100422_909c3d86ace6b72ac6ab79c8a9445aad.zip
2010,3486,Tom Butler,R,Sen,SD-002,2018.0,8.0,ALPERSON-TOM-BUTLER,AL-2018-senate-2-R-TOM-BUTLER,Tom Butler                            ,R,senate,2.0,exact_name_candidate,AL_2010-2010_Regular_Session_JSON_20100422_909c3d86ace6b72ac6ab79c8a9445aad.zip
2010,3487,Phil Poole,D,Sen,SD-021,2010.0,0.0,ALPERSON-PHIL-POOLE,AL-2010-senate-21-D-PHIL-POOLE,PHIL POOLE,D,senate,21.0,exact_name_candidate,AL_2010-2010_Regular_Session_JSON_20100422_909c3d86ace6b72ac6ab79c8a9445aad.zip
2010,3487,Phil Poole,D,Sen,SD-021,2014.0,4.0,ALPERSON-PHIL-POOLE,AL-2014-senate-21-D-PHIL-POOLE,Phil Poole,D,senate,21.0,exact_name_candidate,AL_2010-2010_Regular_Session_JSON_20100422_909c3d86ace6b72ac6ab79c8a9445aad.zip
2010,3488,Larry Dixon,R,Sen,SD-025,,,,,,,,,unmatched_or_out_of_window,AL_2010-2010_Regular_Session_JSON_20100422_909c3d86ace6b72ac6ab79c8a9445aad.zip
2010,3492,Charles Bishop,R,Sen,SD-005,,,,,,,,,unmatched_or_out_of_window,AL_2010-2010_Regular_Session_JSON_20100422_909c3d86ace6b72ac6ab79c8a9445aad.zip
2010,3494,Jim Preuitt,D,Sen,SD-011,,,,,,,,,unmatched_or_out_of_window,AL_2010-2010_Regular_Session_JSON_20100422_909c3d86ace6b72ac6ab79c8a9445aad.zip
2011,12485,Kerry Rich,R,Rep,HD-026,2014.0,3.0,ALPERSON-KERRY-RICH,AL-2014-house-26-R-KERRY-RICH,Kerry Rich,R,house,26.0,exact_name_candidate,AL_2011-2011_Regular_Session_JSON_20110609_8630dd6dd02598534d1c350c45095228.zip
2011,12485,Kerry Rich,R,Rep,HD-026,2018.0,7.0,ALPERSON-KERRY-RICH,AL-2018-house-26-R-KERRY-RICH,Kerry Rich                            ,R,house,26.0,exact_name_candidate,AL_2011-2011_Regular_Session_JSON_20110609_8630dd6dd02598534d1c350c45095228.zip
2011,12492,Greg Reed,R,Sen,SD-005,2014.0,3.0,ALPERSON-GREG-REED,AL-2014-senate-5-R-GREG-REED,Greg Reed,R,senate,5.0,exact_name_candidate,AL_2011-2011_Regular_Session_JSON_20110609_8630dd6dd02598534d1c350c45095228.zip
2011,12495,Dick Brewbaker,R,Sen,SD-025,,,,,,,,,unmatched_or_out_of_window,AL_2011-2011_Regular_Session_JSON_20110609_8630dd6dd02598534d1c350c45095228.zip
2011,12496,Paul Bussman,R,Sen,SD-004,2014.0,3.0,ALPERSON-PAUL-BUSSMAN,AL-2014-senate-4-R-PAUL-BUSSMAN,Paul Bussman,R,senate,4.0,exact_name_candidate,AL_2011-2011_Regular_Session_JSON_20110609_8630dd6dd02598534d1c350c45095228.zip
2011,12497,Bill Holtzclaw,R,Sen,SD-002,2014.0,3.0,ALPERSON-BILL-HOLTZCLAW,AL-2014-senate-2-R-BILL-HOLTZCLAW,Bill Holtzclaw,R,senate,2.0,exact_name_candidate,AL_2011-2011_Regular_Session_JSON_20110609_8630dd6dd02598534d1c350c45095228.zip
2011,12498,Phillip Williams,R,Sen,SD-010,,,,,,,,,unmatched_or_out_of_window,AL_2011-2011_Regular_Session_JSON_20110609_8630dd6dd02598534d1c350c45095228.zip
2011,12499,Clay Scofield,R,Sen,SD-009,2014.0,3.0,ALPERSON-CLAY-SCOFIELD,AL-2014-senate-9-R-CLAY-SCOFIELD,Clay Scofield,R,senate,9.0,exact_name_candidate,AL_2011-2011_Regular_Session_JSON_20110609_8630dd6dd02598534d1c350c45095228.zip
2011,12499,Clay Scofield,R,Sen,SD-009,2018.0,7.0,ALPERSON-CLAY-SCOFIELD,AL-2018-senate-9-R-CLAY-SCOFIELD,Clay Scofield                         ,R,senate,9.0,exact_name_candidate,AL_2011-2011_Regular_Session_JSON_20110609_8630dd6dd02598534d1c350c45095228.zip
2011,12515,Gerald Dial,R,Sen,SD-013,2014.0,3.0,ALPERSON-GERALD-DIAL,AL-2014-senate-13-R-GERALD-DIAL,Gerald Dial,R,senate,13.0,exact_name_candidate,AL_2011-2011_Regular_Session_JSON_20110609_8630dd6dd02598534d1c350c45095228.zip
2011,12517,Jerry Fielding,D,Sen,SD-011,,,,,,,,,unmatched_or_out_of_window,AL_2011-2011_Regular_Session_JSON_20110609_8630dd6dd02598534d1c350c45095228.zip
2011,12521,Thomas Whatley,R,Sen,SD-027,,,,,,,,,unmatched_or_out_of_window,AL_2011-2011_Regular_Session_JSON_20110609_8630dd6dd02598534d1c350c45095228.zip
2011,12541,Slade Blackwell,R,Sen,SD-015,2014.0,3.0,ALPERSON-SLADE-BLACKWELL,AL-2014-senate-15-R-SLADE-BLACKWELL,Slade Blackwell,R,senate,15.0,exact_name_candidate,AL_2011-2011_Regular_Session_JSON_20110609_8630dd6dd02598534d1c350c45095228.zip
2011,12543,Berry Forte,D,Rep,HD-084,2014.0,3.0,ALPERSON-BERRY-FORTE,AL-2014-house-84-D-BERRY-FORTE,Berry Forte,D,house,84.0,exact_name_candidate,AL_2011-2011_Regular_Session_JSON_20110609_8630dd6dd02598534d1c350c45095228.zip
2011,12543,Berry Forte,D,Rep,HD-084,2018.0,7.0,ALPERSON-BERRY-FORTE,AL-2018-house-84-D-BERRY-FORTE,Berry Forte                           ,D,house,84.0,exact_name_candidate,AL_2011-2011_Regular_Session_JSON_20110609_8630dd6dd02598534d1c350c45095228.zip
2011,12550,Juandalynn Givan,D,Rep,HD-060,2018.0,7.0,ALPERSON-JUANDALYNN-GIVAN,AL-2018-house-60-D-JUANDALYNN-GIVAN,Juandalynn Givan                      ,D,house,60.0,exact_name_candidate,AL_2011-2011_Regular_Session_JSON_20110609_8630dd6dd02598534d1c350c45095228.zip
2011,3356,Tammy Irons,D,Sen,SD-001,,,,,,,,,unmatched_or_out_of_window,AL_2011-2011_Regular_Session_JSON_20110609_8630dd6dd02598534d1c350c45095228.zip
2011,3361,Joseph Mitchell,D,Rep,HD-103,,,,,,,,,unmatched_or_out_of_window,AL_2011-2011_Regular_Session_JSON_20110609_8630dd6dd02598534d1c350c45095228.zip
2011,3382,Thomas Jackson,D,Rep,HD-068,,,,,,,,,unmatched_or_out_of_window,AL_2011-2011_Regular_Session_JSON_20110609_8630dd6dd02598534d1c350c45095228.zip
2011,3386,William Beasley,D,Sen,SD-028,,,,,,,,,unmatched_or_out_of_window,AL_2011-2011_Regular_Session_JSON_20110609_8630dd6dd02598534d1c350c45095228.zip
2011,3405,Robert Ward,R,Sen,SD-014,,,,,,,,,unmatched_or_out_of_window,AL_2011-2011_Regular_Session_JSON_20110609_8630dd6dd02598534d1c350c45095228.zip
2011,3408,Randy Davis,R,Rep,HD-096,2014.0,3.0,ALPERSON-RANDY-DAVIS,AL-2014-house-96-R-RANDY-DAVIS,Randy Davis,R,house,96.0,exact_name_candidate,AL_2011-2011_Regular_Session_JSON_20110609_8630dd6dd02598534d1c350c45095228.zip
2011,3415,Victor Gaston,R,Rep,HD-100,2014.0,3.0,ALPERSON-VICTOR-GASTON,AL-2014-house-100-R-VICTOR-GASTON,Victor Gaston,R,house,100.0,exact_name_candidate,AL_2011-2011_Regular_Session_JSON_20110609_8630dd6dd02598534d1c350c45095228.zip
2011,3415,Victor Gaston,R,Rep,HD-100,2018.0,7.0,ALPERSON-VICTOR-GASTON,AL-2018-house-100-R-VICTOR-GASTON,Victor Gaston                         ,R,house,100.0,exact_name_candidate,AL_2011-2011_Regular_Session_JSON_20110609_8630dd6dd02598534d1c350c45095228.zip
2011,3420,Gerald Allen,R,Sen,SD-021,2014.0,3.0,ALPERSON-GERALD-ALLEN,AL-2014-senate-21-R-GERALD-ALLEN,Gerald Allen,R,senate,21.0,exact_name_candidate,AL_2011-2011_Regular_Session_JSON_20110609_8630dd6dd02598534d1c350c45095228.zip
2011,3420,Gerald Allen,R,Sen,SD-021,2018.0,7.0,ALPERSON-GERALD-ALLEN,AL-2018-senate-21-R-GERALD-ALLEN,Gerald Allen                          ,R,senate,21.0,exact_name_candidate,AL_2011-2011_Regular_Session_JSON_20110609_8630dd6dd02598534d1c350c45095228.zip
2011,3423,Harry Shiver,R,Rep,HD-064,2014.0,3.0,ALPERSON-HARRY-SHIVER,AL-2014-house-64-R-HARRY-SHIVER,Harry Shiver,R,house,64.0,exact_name_candidate,AL_2011-2011_Regular_Session_JSON_20110609_8630dd6dd02598534d1c350c45095228.zip
2011,3423,Harry Shiver,R,Rep,HD-064,2018.0,7.0,ALPERSON-HARRY-SHIVER,AL-2018-house-64-R-HARRY-SHIVER,Harry Shiver                          ,R,house,64.0,exact_name_candidate,AL_2011-2011_Regular_Session_JSON_20110609_8630dd6dd02598534d1c350c45095228.zip
2011,3424,Joe Faust,R,Rep,HD-094,2018.0,7.0,ALPERSON-JOE-FAUST,AL-2018-house-94-R-JOE-FAUST,Joe Faust                             ,R,house,94.0,exact_name_candidate,AL_2011-2011_Regular_Session_JSON_20110609_8630dd6dd02598534d1c350c45095228.zip
2011,3426,Alan Baker,R,Rep,HD-066,2014.0,3.0,ALPERSON-ALAN-BAKER,AL-2014-house-66-R-ALAN-BAKER,Alan Baker,R,house,66.0,exact_name_candidate,AL_2011-2011_Regular_Session_JSON_20110609_8630dd6dd02598534d1c350c45095228.zip
2011,3426,Alan Baker,R,Rep,HD-066,2018.0,7.0,ALPERSON-ALAN-BAKER,AL-2018-house-66-R-ALAN-BAKER,Alan Baker                            ,R,house,66.0,exact_name_candidate,AL_2011-2011_Regular_Session_JSON_20110609_8630dd6dd02598534d1c350c45095228.zip
2011,3427,Steve McMillan,R,Rep,HD-095,2014.0,3.0,ALPERSON-STEVE-MCMILLAN,AL-2014-house-95-R-STEVE-MCMILLAN,Steve McMillan,R,house,95.0,exact_name_candidate,AL_2011-2011_Regular_Session_JSON_20110609_8630dd6dd02598534d1c350c45095228.zip
2011,3427,Steve McMillan,R,Rep,HD-095,2018.0,7.0,ALPERSON-STEVE-MCMILLAN,AL-2018-house-95-R-STEVE-MCMILLAN,Steve McMillan                        ,R,house,95.0,exact_name_candidate,AL_2011-2011_Regular_Session_JSON_20110609_8630dd6dd02598534d1c350c45095228.zip
2011,3444,Jack Collier,R,Rep,HD-105,,,,,,,,,unmatched_or_out_of_window,AL_2011-2011_Organizational_Session_JSON_20110118_2a2eb6fc9e780646bc36fb2d7c9da5cc.zip
2011,3461,J.T. Waggoner,R,Sen,SD-016,,,,,,,,,unmatched_or_out_of_window,AL_2011-2011_Regular_Session_JSON_20110609_8630dd6dd02598534d1c350c45095228.zip
2011,3462,Del Marsh,R,Sen,SD-012,2014.0,3.0,ALPERSON-DEL-MARSH,AL-2014-senate-12-R-DEL-MARSH,Del Marsh,R,senate,12.0,exact_name_candidate,AL_2011-2011_Regular_Session_JSON_20110609_8630dd6dd02598534d1c350c45095228.zip
2011,3462,Del Marsh,R,Sen,SD-012,2018.0,7.0,ALPERSON-DEL-MARSH,AL-2018-senate-12-R-DEL-MARSH,Del Marsh                             ,R,senate,12.0,exact_name_candidate,AL_2011-2011_Regular_Session_JSON_20110609_8630dd6dd02598534d1c350c45095228.zip
2011,3464,Trip Pittman,R,Sen,SD-032,2014.0,3.0,ALPERSON-TRIP-PITTMAN,AL-2014-senate-32-R-TRIP-PITTMAN,Trip Pittman,R,senate,32.0,exact_name_candidate,AL_2011-2011_Regular_Session_JSON_20110609_8630dd6dd02598534d1c350c45095228.zip
2011,3465,Rodger Smitherman,D,Sen,SD-018,,,,,,,,,unmatched_or_out_of_window,AL_2011-2011_Regular_Session_JSON_20110609_8630dd6dd02598534d1c350c45095228.zip
2011,3467,Paul Sanford,R,Sen,SD-007,,,,,,,,,unmatched_or_out_of_window,AL_2011-2011_Regular_Session_JSON_20110609_8630dd6dd02598534d1c350c45095228.zip
2011,3469,Rusty Glover,R,Sen,SD-034,2014.0,3.0,ALPERSON-RUSTY-GLOVER,AL-2014-senate-34-R-RUSTY-GLOVER,Rusty Glover,R,senate,34.0,exact_name_candidate,AL_2011-2011_Regular_Session_JSON_20110609_8630dd6dd02598534d1c350c45095228.zip
2011,3470,Hank Sanders,D,Sen,SD-023,2014.0,3.0,ALPERSON-HANK-SANDERS,AL-2014-senate-23-D-HANK-SANDERS,Hank Sanders,D,senate,23.0,exact_name_candidate,AL_2011-2011_Regular_Session_JSON_20110609_8630dd6dd02598534d1c350c45095228.zip
2011,3472,Quinton Ross,D,Sen,SD-026,,,,,,,,,unmatched_or_out_of_window,AL_2011-2011_Regular_Session_JSON_20110609_8630dd6dd02598534d1c350c45095228.zip
2011,3473,Roger Bedford,D,Sen,SD-006,2014.0,3.0,ALPERSON-ROGER-BEDFORD-JR,AL-2014-senate-6-D-ROGER-BEDFORD-JR,"Roger Bedford, Jr.",D,senate,6.0,exact_name_candidate,AL_2011-2011_Regular_Session_JSON_20110609_8630dd6dd02598534d1c350c45095228.zip
2011,3479,Linda Coleman-Madison,D,Sen,SD-020,2018.0,7.0,ALPERSON-LINDA-COLEMAN-MADISON,AL-2018-senate-20-D-LINDA-COLEMAN-MADISON,Linda Coleman-Madison                 ,D,senate,20.0,exact_name_candidate,AL_2011-2011_Regular_Session_JSON_20110609_8630dd6dd02598534d1c350c45095228.zip
2011,3480,Priscilla Dunn,D,Sen,SD-019,2014.0,3.0,ALPERSON-PRISCILLA-DUNN,AL-2014-senate-19-D-PRISCILLA-DUNN,Priscilla Dunn,D,senate,19.0,exact_name_candidate,AL_2011-2011_Regular_Session_JSON_20110609_8630dd6dd02598534d1c350c45095228.zip
2011,3480,Priscilla Dunn,D,Sen,SD-019,2018.0,7.0,ALPERSON-PRISCILLA-DUNN,AL-2018-senate-19-D-PRISCILLA-DUNN,Priscilla Dunn                        ,D,senate,19.0,exact_name_candidate,AL_2011-2011_Regular_Session_JSON_20110609_8630dd6dd02598534d1c350c45095228.zip
2011,3481,Arthur Orr,R,Sen,SD-003,2014.0,3.0,ALPERSON-ARTHUR-ORR,AL-2014-senate-3-R-ARTHUR-ORR,Arthur Orr,R,senate,3.0,exact_name_candidate,AL_2011-2011_Regular_Session_JSON_20110609_8630dd6dd02598534d1c350c45095228.zip
2011,3481,Arthur Orr,R,Sen,SD-003,2018.0,7.0,ALPERSON-ARTHUR-ORR,AL-2018-senate-3-R-ARTHUR-ORR,Arthur Orr                            ,R,senate,3.0,exact_name_candidate,AL_2011-2011_Regular_Session_JSON_20110609_8630dd6dd02598534d1c350c45095228.zip
2011,3482,Bobby Singleton,D,Sen,SD-024,2014.0,3.0,ALPERSON-BOBBY-SINGLETON,AL-2014-senate-24-D-BOBBY-SINGLETON,Bobby Singleton,D,senate,24.0,exact_name_candidate,AL_2011-2011_Regular_Session_JSON_20110609_8630dd6dd02598534d1c350c45095228.zip
2011,3482,Bobby Singleton,D,Sen,SD-024,2018.0,7.0,ALPERSON-BOBBY-SINGLETON,AL-2018-senate-24-D-BOBBY-SINGLETON,Bobby Singleton                       ,D,senate,24.0,exact_name_candidate,AL_2011-2011_Regular_Session_JSON_20110609_8630dd6dd02598534d1c350c45095228.zip
2011,3485,George Keahey,D,Sen,SD-022,,,,,,,,,unmatched_or_out_of_window,AL_2011-2011_Regular_Session_JSON_20110609_8630dd6dd02598534d1c350c45095228.zip
2011,3490,Vivian Figures,D,Sen,SD-033,,,,,,,,,unmatched_or_out_of_window,AL_2011-2011_Regular_Session_JSON_20110609_8630dd6dd02598534d1c350c45095228.zip
2011,3491,Jimmy Holley,R,Sen,SD-031,,,,,,,,,unmatched_or_out_of_window,AL_2011-2011_Regular_Session_JSON_20110609_8630dd6dd02598534d1c350c45095228.zip
2011,3493,Harri Smith,I,Sen,SD-029,,,,,,,,,unmatched_or_out_of_window,AL_2011-2011_Regular_Session_JSON_20110609_8630dd6dd02598534d1c350c45095228.zip
2011,12486,Terri Collins,R,Rep,HD-008,2014.0,3.0,ALPERSON-TERRI-COLLINS,AL-2014-house-8-R-TERRI-COLLINS,Terri Collins,R,house,8.0,exact_name_candidate,AL_2011-2011_Regular_Session_JSON_20110609_8630dd6dd02598534d1c350c45095228.zip
2011,12486,Terri Collins,R,Rep,HD-008,2018.0,7.0,ALPERSON-TERRI-COLLINS,AL-2018-house-8-R-TERRI-COLLINS,Terri Collins                         ,R,house,8.0,exact_name_candidate,AL_2011-2011_Regular_Session_JSON_20110609_8630dd6dd02598534d1c350c45095228.zip
2011,12487,William Roberts,R,Rep,HD-013,,,,,,,,,unmatched_or_out_of_window,AL_2011-2011_Regular_Session_JSON_20110609_8630dd6dd02598534d1c350c45095228.zip
2011,12488,Lynn Greer,R,Rep,HD-002,2014.0,3.0,ALPERSON-LYNN-GREER,AL-2014-house-2-R-LYNN-GREER,Lynn Greer,R,house,2.0,exact_name_candidate,AL_2011-2011_Regular_Session_JSON_20110609_8630dd6dd02598534d1c350c45095228.zip
2011,12488,Lynn Greer,R,Rep,HD-002,2018.0,7.0,ALPERSON-LYNN-GREER,AL-2018-house-2-R-LYNN-GREER,Lynn Greer                            ,R,house,2.0,exact_name_candidate,AL_2011-2011_Regular_Session_JSON_20110609_8630dd6dd02598534d1c350c45095228.zip
2011,12489,Dan Williams,R,Rep,HD-005,2014.0,3.0,ALPERSON-DAN-WILLIAMS,AL-2014-house-5-R-DAN-WILLIAMS,Dan Williams,R,house,5.0,exact_name_candidate,AL_2011-2011_Regular_Session_JSON_20110609_8630dd6dd02598534d1c350c45095228.zip
2011,12500,April Weaver,R,Rep,HD-049,2014.0,3.0,ALPERSON-APRIL-WEAVER,AL-2014-house-49-R-APRIL-WEAVER,April Weaver,R,house,49.0,exact_name_candidate,AL_2011-2011_Regular_Session_JSON_20110609_8630dd6dd02598534d1c350c45095228.zip
2011,12500,April Weaver,R,Rep,HD-049,2018.0,7.0,ALPERSON-APRIL-WEAVER,AL-2018-house-49-R-APRIL-WEAVER,April Weaver                          ,R,house,49.0,exact_name_candidate,AL_2011-2011_Regular_Session_JSON_20110609_8630dd6dd02598534d1c350c45095228.zip
2011,12501,Barry Moore,R,Rep,HD-091,2014.0,3.0,ALPERSON-BARRY-MOORE,AL-2014-house-91-R-BARRY-MOORE,Barry Moore,R,house,91.0,exact_name_candidate,AL_2011-2011_Regular_Session_JSON_20110609_8630dd6dd02598534d1c350c45095228.zip
2011,12502,Ed Henry,R,Rep,HD-009,2014.0,3.0,ALPERSON-ED-HENRY,AL-2014-house-9-R-ED-HENRY,Ed Henry,R,house,9.0,exact_name_candidate,AL_2011-2011_Regular_Session_JSON_20110609_8630dd6dd02598534d1c350c45095228.zip
2011,12503,Mike Hubbard,R,Rep,HD-079,2014.0,3.0,ALPERSON-MIKE-HUBBARD,AL-2014-house-79-R-MIKE-HUBBARD,Mike Hubbard,R,house,79.0,exact_name_candidate,AL_2011-2011_Regular_Session_JSON_20110609_8630dd6dd02598534d1c350c45095228.zip
2011,12506,Becky Nordgren,R,Rep,HD-029,2014.0,3.0,ALPERSON-BECKY-NORDGREN,AL-2014-house-29-R-BECKY-NORDGREN,Becky Nordgren,R,house,29.0,exact_name_candidate,AL_2011-2011_Regular_Session_JSON_20110609_8630dd6dd02598534d1c350c45095228.zip
2011,12506,Becky Nordgren,R,Rep,HD-029,2018.0,7.0,ALPERSON-BECKY-NORDGREN,AL-2018-house-29-R-BECKY-NORDGREN,Becky Nordgren                        ,R,house,29.0,exact_name_candidate,AL_2011-2011_Regular_Session_JSON_20110609_8630dd6dd02598534d1c350c45095228.zip
2011,12509,Donnie Chesteen,R,Rep,SD-029,2014.0,3.0,ALPERSON-DONNIE-CHESTEEN,AL-2014-house-87-R-DONNIE-CHESTEEN,Donnie Chesteen,R,house,87.0,exact_name_candidate,AL_2011-2011_Regular_Session_JSON_20110609_8630dd6dd02598534d1c350c45095228.zip
2011,12509,Donnie Chesteen,R,Rep,SD-029,2018.0,7.0,ALPERSON-DONNIE-CHESTEEN,AL-2018-senate-29-R-DONNIE-CHESTEEN,Donnie Chesteen                       ,R,senate,29.0,exact_name_candidate,AL_2011-2011_Regular_Session_JSON_20110609_8630dd6dd02598534d1c350c45095228.zip
2011,12512,Ken Johnson,R,Rep,HD-007,2014.0,3.0,ALPERSON-KEN-JOHNSON,AL-2014-house-7-R-KEN-JOHNSON,Ken Johnson,R,house,7.0,exact_name_candidate,AL_2011-2011_Regular_Session_JSON_20110609_8630dd6dd02598534d1c350c45095228.zip
2011,12513,Jim Patterson,R,Rep,HD-021,2014.0,3.0,ALPERSON-JIM-PATTERSON,AL-2014-house-21-R-JIM-PATTERSON,Jim Patterson,R,house,21.0,exact_name_candidate,AL_2011-2011_Regular_Session_JSON_20110609_8630dd6dd02598534d1c350c45095228.zip
2011,12523,Daniel Boman,R,Rep,HD-016,,,,,,,,,unmatched_or_out_of_window,AL_2011-2011_Regular_Session_JSON_20110609_8630dd6dd02598534d1c350c45095228.zip
2011,12525,Mike Jones,R,Rep,HD-092,2014.0,3.0,ALPERSON-MIKE-JONES-JR,AL-2014-house-92-R-MIKE-JONES-JR,"Mike Jones, Jr.",R,house,92.0,exact_name_candidate,AL_2011-2011_Regular_Session_JSON_20110609_8630dd6dd02598534d1c350c45095228.zip
2011,12525,Mike Jones,R,Rep,HD-092,2018.0,7.0,ALPERSON-MIKE-JONES-JR,AL-2018-house-92-R-MIKE-JONES-JR,"Mike Jones, Jr.                       ",R,house,92.0,exact_name_candidate,AL_2011-2011_Regular_Session_JSON_20110609_8630dd6dd02598534d1c350c45095228.zip
2011,12526,Paul Beckman,R,Rep,HD-088,2014.0,3.0,ALPERSON-PAUL-BECKMAN,AL-2014-house-88-R-PAUL-BECKMAN,Paul Beckman,R,house,88.0,exact_name_candidate,AL_2011-2011_Regular_Session_JSON_20110609_8630dd6dd02598534d1c350c45095228.zip
2011,12530,William Poole,R,Rep,HD-063,,,,,,,,,unmatched_or_out_of_window,AL_2011-2011_Regular_Session_JSON_20110609_8630dd6dd02598534d1c350c45095228.zip
2011,12542,Napoleon Bracy,D,Rep,HD-098,2014.0,3.0,ALPERSON-NAPOLEON-BRACY-JR,AL-2014-house-98-D-NAPOLEON-BRACY-JR,"Napoleon Bracy, Jr.",D,house,98.0,exact_name_candidate,AL_2011-2011_Regular_Session_JSON_20110609_8630dd6dd02598534d1c350c45095228.zip
2011,12542,Napoleon Bracy,D,Rep,HD-098,2018.0,7.0,ALPERSON-NAPOLEON-BRACY-JR,AL-2018-house-98-D-NAPOLEON-BRACY-JR,"Napoleon Bracy, Jr.                   ",D,house,98.0,exact_name_candidate,AL_2011-2011_Regular_Session_JSON_20110609_8630dd6dd02598534d1c350c45095228.zip
2011,12545,Mark Tuggle,R,Rep,HD-081,,,,,,,,,unmatched_or_out_of_window,AL_2011-2011_Regular_Session_JSON_20110609_8630dd6dd02598534d1c350c45095228.zip
2011,12546,Darrio Melton,D,Rep,HD-067,2014.0,3.0,ALPERSON-DARRIO-MELTON,AL-2014-house-67-D-DARRIO-MELTON,Darrio Melton,D,house,67.0,exact_name_candidate,AL_2011-2011_Regular_Session_JSON_20110609_8630dd6dd02598534d1c350c45095228.zip
2011,12547,Greg Burdine,D,Rep,HD-001,2014.0,3.0,ALPERSON-GREG-BURDINE,AL-2014-house-1-D-GREG-BURDINE,Greg Burdine,D,house,1.0,exact_name_candidate,AL_2011-2011_Regular_Session_JSON_20110609_8630dd6dd02598534d1c350c45095228.zip
2011,12548,Allen Farley,R,Rep,HD-015,2014.0,3.0,ALPERSON-ALLEN-FARLEY,AL-2014-house-15-R-ALLEN-FARLEY,Allen Farley,R,house,15.0,exact_name_candidate,AL_2011-2011_Regular_Session_JSON_20110609_8630dd6dd02598534d1c350c45095228.zip
2011,12548,Allen Farley,R,Rep,HD-015,2018.0,7.0,ALPERSON-ALLEN-FARLEY,AL-2018-house-15-R-ALLEN-FARLEY,Allen Farley                          ,R,house,15.0,exact_name_candidate,AL_2011-2011_Regular_Session_JSON_20110609_8630dd6dd02598534d1c350c45095228.zip
2011,12549,Dexter Grimsley,D,Rep,HD-085,2014.0,3.0,ALPERSON-DEXTER-GRIMSLEY,AL-2014-house-85-D-DEXTER-GRIMSLEY,Dexter Grimsley,D,house,85.0,exact_name_candidate,AL_2011-2011_Regular_Session_JSON_20110609_8630dd6dd02598534d1c350c45095228.zip
2011,12549,Dexter Grimsley,D,Rep,HD-085,2018.0,7.0,ALPERSON-DEXTER-GRIMSLEY,AL-2018-house-85-D-DEXTER-GRIMSLEY,Dexter Grimsley                       ,D,house,85.0,exact_name_candidate,AL_2011-2011_Regular_Session_JSON_20110609_8630dd6dd02598534d1c350c45095228.zip
2011,13150,David Sessions,R,Rep,SD-035,2014.0,3.0,ALPERSON-DAVID-SESSIONS,AL-2014-house-105-R-DAVID-SESSIONS,David Sessions,R,house,105.0,exact_name_candidate,AL_2011-2011_Regular_Session_JSON_20110609_8630dd6dd02598534d1c350c45095228.zip
2011,13150,David Sessions,R,Rep,SD-035,2018.0,7.0,ALPERSON-DAVID-SESSIONS,AL-2018-senate-35-R-DAVID-SESSIONS,David Sessions                        ,R,senate,35.0,exact_name_candidate,AL_2011-2011_Regular_Session_JSON_20110609_8630dd6dd02598534d1c350c45095228.zip
2011,3354,John Knight,D,Rep,HD-077,2014.0,3.0,ALPERSON-JOHN-KNIGHT,AL-2014-house-77-D-JOHN-KNIGHT,John Knight,D,house,77.0,exact_name_candidate,AL_2011-2011_Regular_Session_JSON_20110609_8630dd6dd02598534d1c350c45095228.zip
2011,3357,Laura Hall,D,Rep,HD-019,2014.0,3.0,ALPERSON-LAURA-HALL,AL-2014-house-19-D-LAURA-HALL,Laura Hall,D,house,19.0,exact_name_candidate,AL_2011-2011_Regular_Session_JSON_20110609_8630dd6dd02598534d1c350c45095228.zip
2011,3357,Laura Hall,D,Rep,HD-019,2018.0,7.0,ALPERSON-LAURA-HALL,AL-2018-house-19-D-LAURA-HALL,Laura Hall                            ,D,house,19.0,exact_name_candidate,AL_2011-2011_Regular_Session_JSON_20110609_8630dd6dd02598534d1c350c45095228.zip
2011,3358,Artis McCampbell,D,Rep,HD-071,,,,,,,,,unmatched_or_out_of_window,AL_2011-2011_Regular_Session_JSON_20110609_8630dd6dd02598534d1c350c45095228.zip
2011,3360,Barbara Boyd,D,Rep,HD-032,,,,,,,,,unmatched_or_out_of_window,AL_2011-2011_Regular_Session_JSON_20110609_8630dd6dd02598534d1c350c45095228.zip
2011,3368,Demetrius Newton,D,Rep,HD-053,,,,,,,,,unmatched_or_out_of_window,AL_2011-2011_Regular_Session_JSON_20110609_8630dd6dd02598534d1c350c45095228.zip
2011,3370,Pebblin Warren,D,Rep,HD-082,,,,,,,,,unmatched_or_out_of_window,AL_2011-2011_Regular_Session_JSON_20110609_8630dd6dd02598534d1c350c45095228.zip
2011,3371,Ralph Howard,D,Rep,HD-072,,,,,,,,,unmatched_or_out_of_window,AL_2011-2011_Regular_Session_JSON_20110609_8630dd6dd02598534d1c350c45095228.zip
2011,3372,Thad McClammy,D,Rep,HD-076,2014.0,3.0,ALPERSON-THAD-MCCLAMMY,AL-2014-house-76-D-THAD-MCCLAMMY,Thad McClammy,D,house,76.0,exact_name_candidate,AL_2011-2011_Regular_Session_JSON_20110609_8630dd6dd02598534d1c350c45095228.zip
2011,3372,Thad McClammy,D,Rep,HD-076,2018.0,7.0,ALPERSON-THAD-MCCLAMMY,AL-2018-house-76-D-THAD-MCCLAMMY,Thad McClammy                         ,D,house,76.0,exact_name_candidate,AL_2011-2011_Regular_Session_JSON_20110609_8630dd6dd02598534d1c350c45095228.zip
2011,3374,Christopher England,D,Rep,HD-070,,,,,,,,,unmatched_or_out_of_window,AL_2011-2011_Regular_Session_JSON_20110609_8630dd6dd02598534d1c350c45095228.zip
2011,3375,Oliver Robinson,D,Rep,HD-058,2014.0,3.0,ALPERSON-OLIVER-ROBINSON,AL-2014-house-58-D-OLIVER-ROBINSON,Oliver Robinson,D,house,58.0,exact_name_candidate,AL_2011-2011_Regular_Session_JSON_20110609_8630dd6dd02598534d1c350c45095228.zip
2011,3379,Mike Millican,R,Rep,HD-017,2014.0,3.0,ALPERSON-MIKE-MILLICAN,AL-2014-house-17-R-MIKE-MILLICAN,Mike Millican,R,house,17.0,exact_name_candidate,AL_2011-2011_Regular_Session_JSON_20110609_8630dd6dd02598534d1c350c45095228.zip
2011,3380,Marcel Black,D,Rep,HD-003,2014.0,3.0,ALPERSON-MARCEL-BLACK,AL-2014-house-3-D-MARCEL-BLACK,Marcel Black,D,house,3.0,exact_name_candidate,AL_2011-2011_Regular_Session_JSON_20110609_8630dd6dd02598534d1c350c45095228.zip
2011,3381,Alan Harper,R,Rep,HD-061,2014.0,3.0,ALPERSON-ALAN-HARPER,AL-2014-house-61-R-ALAN-HARPER,Alan Harper,R,house,61.0,exact_name_candidate,AL_2011-2011_Regular_Session_JSON_20110609_8630dd6dd02598534d1c350c45095228.zip
2011,3385,Lesley Vance,R,Rep,HD-080,2014.0,3.0,ALPERSON-LESLEY-VANCE,AL-2014-house-80-R-LESLEY-VANCE,Lesley Vance,R,house,80.0,exact_name_candidate,AL_2011-2011_Regular_Session_JSON_20110609_8630dd6dd02598534d1c350c45095228.zip
2011,3387,Stephen Hurst,R,Rep,HD-035,,,,,,,,,unmatched_or_out_of_window,AL_2011-2011_Regular_Session_JSON_20110609_8630dd6dd02598534d1c350c45095228.zip
2011,3388,James Buskey,D,Rep,HD-099,,,,,,,,,unmatched_or_out_of_window,AL_2011-2011_Regular_Session_JSON_20110609_8630dd6dd02598534d1c350c45095228.zip
2011,3389,Mary Moore,D,Rep,HD-059,2014.0,3.0,ALPERSON-MARY-MOORE,AL-2014-house-59-D-MARY-MOORE,Mary Moore,D,house,59.0,exact_name_candidate,AL_2011-2011_Regular_Session_JSON_20110609_8630dd6dd02598534d1c350c45095228.zip
2011,3389,Mary Moore,D,Rep,HD-059,2018.0,7.0,ALPERSON-MARY-MOORE,AL-2018-house-59-D-MARY-MOORE,Mary Moore                            ,D,house,59.0,exact_name_candidate,AL_2011-2011_Regular_Session_JSON_20110609_8630dd6dd02598534d1c350c45095228.zip
2011,3391,Merika Coleman-Evans,D,Rep,HD-057,,,,,,,,,unmatched_or_out_of_window,AL_2011-2011_Regular_Session_JSON_20110609_8630dd6dd02598534d1c350c45095228.zip
2011,3392,Richard Lindsey,D,Rep,HD-039,2014.0,3.0,ALPERSON-RICHARD-LINDSEY,AL-2014-house-39-D-RICHARD-LINDSEY,Richard Lindsey,D,house,39.0,exact_name_candidate,AL_2011-2011_Regular_Session_JSON_20110609_8630dd6dd02598534d1c350c45095228.zip
2011,3400,John Robinson,D,Rep,HD-023,2014.0,3.0,ALPERSON-JOHN-ROBINSON,AL-2014-house-23-D-JOHN-ROBINSON,John Robinson,D,house,23.0,exact_name_candidate,AL_2011-2011_Regular_Session_JSON_20110609_8630dd6dd02598534d1c350c45095228.zip
2011,3402,Johnny Morrow,D,Rep,HD-018,,,,,,,,,unmatched_or_out_of_window,AL_2011-2011_Regular_Session_JSON_20110609_8630dd6dd02598534d1c350c45095228.zip
2011,3403,Jeremy Oden,R,Rep,HD-011,,,,,,,,,unmatched_or_out_of_window,AL_2011-2011_Regular_Session_JSON_20110609_8630dd6dd02598534d1c350c45095228.zip
2011,3406,Craig Ford,D,Rep,HD-028,2014.0,3.0,ALPERSON-CRAIG-FORD,AL-2014-house-28-D-CRAIG-FORD,Craig Ford,D,house,28.0,exact_name_candidate,AL_2011-2011_Regular_Session_JSON_20110609_8630dd6dd02598534d1c350c45095228.zip
2011,3410,Mike Hill,R,Rep,HD-041,2014.0,3.0,ALPERSON-MIKE-HILL,AL-2014-house-41-R-MIKE-HILL,Mike Hill,R,house,41.0,exact_name_candidate,AL_2011-2011_Regular_Session_JSON_20110609_8630dd6dd02598534d1c350c45095228.zip
2011,3411,Mac McCutcheon,R,Rep,HD-025,2014.0,3.0,ALPERSON-MAC-MCCUTCHEON,AL-2014-house-25-R-MAC-MCCUTCHEON,Mac McCutcheon,R,house,25.0,exact_name_candidate,AL_2011-2011_Regular_Session_JSON_20110609_8630dd6dd02598534d1c350c45095228.zip
2011,3411,Mac McCutcheon,R,Rep,HD-025,2018.0,7.0,ALPERSON-MAC-MCCUTCHEON,AL-2018-house-25-R-MAC-MCCUTCHEON,Mac McCutcheon                        ,R,house,25.0,exact_name_candidate,AL_2011-2011_Regular_Session_JSON_20110609_8630dd6dd02598534d1c350c45095228.zip
2011,3412,Gregory Canfield,R,Rep,HD-048,,,,,,,,,unmatched_or_out_of_window,AL_2011-2011_Regular_Session_JSON_20110609_8630dd6dd02598534d1c350c45095228.zip
2011,3416,Mike Ball,R,Rep,HD-010,2014.0,3.0,ALPERSON-MIKE-BALL,AL-2014-house-10-R-MIKE-BALL,Mike Ball,R,house,10.0,exact_name_candidate,AL_2011-2011_Regular_Session_JSON_20110609_8630dd6dd02598534d1c350c45095228.zip
2011,3416,Mike Ball,R,Rep,HD-010,2018.0,7.0,ALPERSON-MIKE-BALL,AL-2018-house-10-R-MIKE-BALL,Mike Ball                             ,R,house,10.0,exact_name_candidate,AL_2011-2011_Regular_Session_JSON_20110609_8630dd6dd02598534d1c350c45095228.zip
2011,3418,Jack Williams,R,Rep,HD-047,2014.0,3.0,ALPERSON-JACK-WILLIAMS,AL-2014-house-47-R-JACK-WILLIAMS,Jack Williams,R,house,47.0,exact_name_candidate,AL_2011-2011_Regular_Session_JSON_20110609_8630dd6dd02598534d1c350c45095228.zip
2011,3418,Jack Williams,R,Rep,HD-047,2014.0,3.0,ALPERSON-JACK-WILLIAMS,AL-2014-house-102-R-JACK-WILLIAMS,Jack Williams,R,house,102.0,exact_name_candidate,AL_2011-2011_Regular_Session_JSON_20110609_8630dd6dd02598534d1c350c45095228.zip
2011,3418,Jack Williams,R,Rep,HD-047,2018.0,7.0,ALPERSON-JACK-WILLIAMS,AL-2018-senate-34-R-JACK-WILLIAMS,Jack Williams                         ,R,senate,34.0,exact_name_candidate,AL_2011-2011_Regular_Session_JSON_20110609_8630dd6dd02598534d1c350c45095228.zip
2011,3419,Dickie Drake,R,Rep,HD-045,2014.0,3.0,ALPERSON-DICKIE-DRAKE,AL-2014-house-45-R-DICKIE-DRAKE,Dickie Drake,R,house,45.0,exact_name_candidate,AL_2011-2011_Regular_Session_JSON_20110609_8630dd6dd02598534d1c350c45095228.zip
2011,3419,Dickie Drake,R,Rep,HD-045,2018.0,7.0,ALPERSON-DICKIE-DRAKE,AL-2018-house-45-R-DICKIE-DRAKE,Dickie Drake                          ,R,house,45.0,exact_name_candidate,AL_2011-2011_Regular_Session_JSON_20110609_8630dd6dd02598534d1c350c45095228.zip
2011,3421,Joseph Hubbard,D,Rep,HD-073,,,,,,,,,unmatched_or_out_of_window,AL_2011-2011_Regular_Session_JSON_20110609_8630dd6dd02598534d1c350c45095228.zip
2011,3428,James Ison,R,Rep,HD-101,,,,,,,,,unmatched_or_out_of_window,AL_2011-2011_Regular_Session_JSON_20110609_8630dd6dd02598534d1c350c45095228.zip
2011,3429,Jim McClendon,R,Rep,SD-011,2014.0,3.0,ALPERSON-JIM-MCCLENDON,AL-2014-senate-11-R-JIM-MCCLENDON,Jim McClendon,R,senate,11.0,exact_name_candidate,AL_2011-2011_Regular_Session_JSON_20110609_8630dd6dd02598534d1c350c45095228.zip
2011,3429,Jim McClendon,R,Rep,SD-011,2018.0,7.0,ALPERSON-JIM-MCCLENDON,AL-2018-senate-11-R-JIM-MCCLENDON,Jim McClendon                         ,R,senate,11.0,exact_name_candidate,AL_2011-2011_Regular_Session_JSON_20110609_8630dd6dd02598534d1c350c45095228.zip
2011,3430,Randy Wood,R,Rep,HD-036,2014.0,3.0,ALPERSON-RANDY-WOOD,AL-2014-house-36-R-RANDY-WOOD,Randy Wood,R,house,36.0,exact_name_candidate,AL_2011-2011_Regular_Session_JSON_20110609_8630dd6dd02598534d1c350c45095228.zip
2011,3430,Randy Wood,R,Rep,HD-036,2018.0,7.0,ALPERSON-RANDY-WOOD,AL-2018-house-36-R-RANDY-WOOD,Randy Wood                            ,R,house,36.0,exact_name_candidate,AL_2011-2011_Regular_Session_JSON_20110609_8630dd6dd02598534d1c350c45095228.zip
2011,3432,Steve Clouse,R,Rep,HD-093,2014.0,3.0,ALPERSON-STEVE-CLOUSE,AL-2014-house-93-R-STEVE-CLOUSE,Steve Clouse,R,house,93.0,exact_name_candidate,AL_2011-2011_Regular_Session_JSON_20110609_8630dd6dd02598534d1c350c45095228.zip
2011,3432,Steve Clouse,R,Rep,HD-093,2018.0,7.0,ALPERSON-STEVE-CLOUSE,AL-2018-house-93-R-STEVE-CLOUSE,Steve Clouse                          ,R,house,93.0,exact_name_candidate,AL_2011-2011_Regular_Session_JSON_20110609_8630dd6dd02598534d1c350c45095228.zip
2011,3434,Harry Bridges,R,Rep,HD-038,,,,,,,,,unmatched_or_out_of_window,AL_2011-2011_Regular_Session_JSON_20110609_8630dd6dd02598534d1c350c45095228.zip
2011,3435,Howard Sanderford,R,Rep,HD-020,2014.0,3.0,ALPERSON-HOWARD-SANDERFORD,AL-2014-house-20-R-HOWARD-SANDERFORD,Howard Sanderford,R,house,20.0,exact_name_candidate,AL_2011-2011_Regular_Session_JSON_20110609_8630dd6dd02598534d1c350c45095228.zip
2011,3435,Howard Sanderford,R,Rep,HD-020,2018.0,7.0,ALPERSON-HOWARD-SANDERFORD,AL-2018-house-20-R-HOWARD-SANDERFORD,Howard Sanderford                     ,R,house,20.0,exact_name_candidate,AL_2011-2011_Regular_Session_JSON_20110609_8630dd6dd02598534d1c350c45095228.zip
2011,3437,Phil Williams,R,Rep,HD-006,2014.0,3.0,ALPERSON-PHIL-WILLIAMS,AL-2014-house-6-R-PHIL-WILLIAMS,Phil Williams,R,house,6.0,exact_name_candidate,AL_2011-2011_Regular_Session_JSON_20110609_8630dd6dd02598534d1c350c45095228.zip
2011,3437,Phil Williams,R,Rep,HD-006,2014.0,3.0,ALPERSON-PHIL-WILLIAMS,AL-2014-senate-10-R-PHIL-WILLIAMS,Phil Williams,R,senate,10.0,exact_name_candidate,AL_2011-2011_Regular_Session_JSON_20110609_8630dd6dd02598534d1c350c45095228.zip
2011,3438,Micky Hammon,R,Rep,HD-004,2014.0,3.0,ALPERSON-MICKY-HAMMON,AL-2014-house-4-R-MICKY-HAMMON,Micky Hammon,R,house,4.0,exact_name_candidate,AL_2011-2011_Regular_Session_JSON_20110609_8630dd6dd02598534d1c350c45095228.zip
2011,3439,Gregory Wren,R,Rep,HD-075,,,,,,,,,unmatched_or_out_of_window,AL_2011-2011_Regular_Session_JSON_20110609_8630dd6dd02598534d1c350c45095228.zip
2011,3442,Alvin Holmes,D,Rep,HD-078,2014.0,3.0,ALPERSON-ALVIN-HOLMES,AL-2014-house-78-D-ALVIN-HOLMES,Alvin Holmes,D,house,78.0,exact_name_candidate,AL_2011-2011_Regular_Session_JSON_20110609_8630dd6dd02598534d1c350c45095228.zip
2011,3445,Allen Treadaway,R,Rep,HD-051,2014.0,3.0,ALPERSON-ALLEN-TREADAWAY,AL-2014-house-51-R-ALLEN-TREADAWAY,Allen Treadaway,R,house,51.0,exact_name_candidate,AL_2011-2011_Regular_Session_JSON_20110609_8630dd6dd02598534d1c350c45095228.zip
2011,3445,Allen Treadaway,R,Rep,HD-051,2018.0,7.0,ALPERSON-ALLEN-TREADAWAY,AL-2018-house-51-R-ALLEN-TREADAWAY,Allen Treadaway                       ,R,house,51.0,exact_name_candidate,AL_2011-2011_Regular_Session_JSON_20110609_8630dd6dd02598534d1c350c45095228.zip
2011,3449,Ronald Johnson,R,Rep,HD-033,,,,,,,,,unmatched_or_out_of_window,AL_2011-2011_Regular_Session_JSON_20110609_8630dd6dd02598534d1c350c45095228.zip
2011,3450,Alan Boothe,R,Rep,HD-089,,,,,,,,,unmatched_or_out_of_window,AL_2011-2011_Regular_Session_JSON_20110609_8630dd6dd02598534d1c350c45095228.zip
2011,3453,Mary McClurkin,R,Rep,HD-043,,,,,,,,,unmatched_or_out_of_window,AL_2011-2011_Regular_Session_JSON_20110609_8630dd6dd02598534d1c350c45095228.zip
2011,3454,John Rogers,D,Rep,HD-052,,,,,,,,,unmatched_or_out_of_window,AL_2011-2011_Regular_Session_JSON_20110609_8630dd6dd02598534d1c350c45095228.zip
2011,3455,Elaine Beech,D,Rep,HD-065,2014.0,3.0,ALPERSON-ELAINE-BEECH,AL-2014-house-65-D-ELAINE-BEECH,Elaine Beech,D,house,65.0,exact_name_candidate,AL_2011-2011_Regular_Session_JSON_20110609_8630dd6dd02598534d1c350c45095228.zip
2011,3455,Elaine Beech,D,Rep,HD-065,2018.0,7.0,ALPERSON-ELAINE-BEECH,AL-2018-house-65-D-ELAINE-BEECH,Elaine Beech                          ,D,house,65.0,exact_name_candidate,AL_2011-2011_Regular_Session_JSON_20110609_8630dd6dd02598534d1c350c45095228.zip
2011,3456,Roderick Scott,D,Rep,HD-055,,,,,,,,,unmatched_or_out_of_window,AL_2011-2011_Regular_Session_JSON_20110609_8630dd6dd02598534d1c350c45095228.zip
2011,3458,George Bandy,D,Rep,HD-083,,,,,,,,,unmatched_or_out_of_window,AL_2011-2011_Regular_Session_JSON_20110609_8630dd6dd02598534d1c350c45095228.zip
2011,3459,K.L. Brown,R,Rep,HD-040,,,,,,,,,unmatched_or_out_of_window,AL_2011-2011_Regular_Session_JSON_20110609_8630dd6dd02598534d1c350c45095228.zip
2012,12485,Kerry Rich,R,Rep,HD-026,2014.0,2.0,ALPERSON-KERRY-RICH,AL-2014-house-26-R-KERRY-RICH,Kerry Rich,R,house,26.0,exact_name_candidate,AL_2012-2012_Regular_Session_JSON_20120516_99d8420a3145e22693b62d0b68b2f4ba.zip
2012,12485,Kerry Rich,R,Rep,HD-026,2018.0,6.0,ALPERSON-KERRY-RICH,AL-2018-house-26-R-KERRY-RICH,Kerry Rich                            ,R,house,26.0,exact_name_candidate,AL_2012-2012_Regular_Session_JSON_20120516_99d8420a3145e22693b62d0b68b2f4ba.zip
2012,12486,Terri Collins,R,Rep,HD-008,2014.0,2.0,ALPERSON-TERRI-COLLINS,AL-2014-house-8-R-TERRI-COLLINS,Terri Collins,R,house,8.0,exact_name_candidate,AL_2012-2012_Regular_Session_JSON_20120516_99d8420a3145e22693b62d0b68b2f4ba.zip
2012,12486,Terri Collins,R,Rep,HD-008,2018.0,6.0,ALPERSON-TERRI-COLLINS,AL-2018-house-8-R-TERRI-COLLINS,Terri Collins                         ,R,house,8.0,exact_name_candidate,AL_2012-2012_Regular_Session_JSON_20120516_99d8420a3145e22693b62d0b68b2f4ba.zip
2012,12487,William Roberts,R,Rep,HD-013,,,,,,,,,unmatched_or_out_of_window,AL_2012-2012_Regular_Session_JSON_20120516_99d8420a3145e22693b62d0b68b2f4ba.zip
2012,12488,Lynn Greer,R,Rep,HD-002,2014.0,2.0,ALPERSON-LYNN-GREER,AL-2014-house-2-R-LYNN-GREER,Lynn Greer,R,house,2.0,exact_name_candidate,AL_2012-2012_Regular_Session_JSON_20120516_99d8420a3145e22693b62d0b68b2f4ba.zip
2012,12488,Lynn Greer,R,Rep,HD-002,2018.0,6.0,ALPERSON-LYNN-GREER,AL-2018-house-2-R-LYNN-GREER,Lynn Greer                            ,R,house,2.0,exact_name_candidate,AL_2012-2012_Regular_Session_JSON_20120516_99d8420a3145e22693b62d0b68b2f4ba.zip
2012,12489,Dan Williams,R,Rep,HD-005,2014.0,2.0,ALPERSON-DAN-WILLIAMS,AL-2014-house-5-R-DAN-WILLIAMS,Dan Williams,R,house,5.0,exact_name_candidate,AL_2012-2012_Regular_Session_JSON_20120516_99d8420a3145e22693b62d0b68b2f4ba.zip
2012,12492,Greg Reed,R,Sen,SD-005,2014.0,2.0,ALPERSON-GREG-REED,AL-2014-senate-5-R-GREG-REED,Greg Reed,R,senate,5.0,exact_name_candidate,AL_2012-2012_Regular_Session_JSON_20120516_99d8420a3145e22693b62d0b68b2f4ba.zip
2012,12495,Dick Brewbaker,R,Sen,SD-025,,,,,,,,,unmatched_or_out_of_window,AL_2012-2012_Regular_Session_JSON_20120516_99d8420a3145e22693b62d0b68b2f4ba.zip
2012,12496,Paul Bussman,R,Sen,SD-004,2014.0,2.0,ALPERSON-PAUL-BUSSMAN,AL-2014-senate-4-R-PAUL-BUSSMAN,Paul Bussman,R,senate,4.0,exact_name_candidate,AL_2012-2012_Regular_Session_JSON_20120516_99d8420a3145e22693b62d0b68b2f4ba.zip
2012,12497,Bill Holtzclaw,R,Sen,SD-002,2014.0,2.0,ALPERSON-BILL-HOLTZCLAW,AL-2014-senate-2-R-BILL-HOLTZCLAW,Bill Holtzclaw,R,senate,2.0,exact_name_candidate,AL_2012-2012_Regular_Session_JSON_20120516_99d8420a3145e22693b62d0b68b2f4ba.zip
2012,12498,Phillip Williams,R,Sen,SD-010,,,,,,,,,unmatched_or_out_of_window,AL_2012-2012_Regular_Session_JSON_20120516_99d8420a3145e22693b62d0b68b2f4ba.zip
2012,12499,Clay Scofield,R,Sen,SD-009,2014.0,2.0,ALPERSON-CLAY-SCOFIELD,AL-2014-senate-9-R-CLAY-SCOFIELD,Clay Scofield,R,senate,9.0,exact_name_candidate,AL_2012-2012_Regular_Session_JSON_20120516_99d8420a3145e22693b62d0b68b2f4ba.zip
2012,12499,Clay Scofield,R,Sen,SD-009,2018.0,6.0,ALPERSON-CLAY-SCOFIELD,AL-2018-senate-9-R-CLAY-SCOFIELD,Clay Scofield                         ,R,senate,9.0,exact_name_candidate,AL_2012-2012_Regular_Session_JSON_20120516_99d8420a3145e22693b62d0b68b2f4ba.zip
2012,12500,April Weaver,R,Rep,HD-049,2014.0,2.0,ALPERSON-APRIL-WEAVER,AL-2014-house-49-R-APRIL-WEAVER,April Weaver,R,house,49.0,exact_name_candidate,AL_2012-2012_Regular_Session_JSON_20120516_99d8420a3145e22693b62d0b68b2f4ba.zip
2012,12500,April Weaver,R,Rep,HD-049,2018.0,6.0,ALPERSON-APRIL-WEAVER,AL-2018-house-49-R-APRIL-WEAVER,April Weaver                          ,R,house,49.0,exact_name_candidate,AL_2012-2012_Regular_Session_JSON_20120516_99d8420a3145e22693b62d0b68b2f4ba.zip
2012,12501,Barry Moore,R,Rep,HD-091,2014.0,2.0,ALPERSON-BARRY-MOORE,AL-2014-house-91-R-BARRY-MOORE,Barry Moore,R,house,91.0,exact_name_candidate,AL_2012-2012_Regular_Session_JSON_20120516_99d8420a3145e22693b62d0b68b2f4ba.zip
2012,12502,Ed Henry,R,Rep,HD-009,2014.0,2.0,ALPERSON-ED-HENRY,AL-2014-house-9-R-ED-HENRY,Ed Henry,R,house,9.0,exact_name_candidate,AL_2012-2012_Regular_Session_JSON_20120516_99d8420a3145e22693b62d0b68b2f4ba.zip
2012,12503,Mike Hubbard,R,Rep,HD-079,2014.0,2.0,ALPERSON-MIKE-HUBBARD,AL-2014-house-79-R-MIKE-HUBBARD,Mike Hubbard,R,house,79.0,exact_name_candidate,AL_2012-2012_Regular_Session_JSON_20120516_99d8420a3145e22693b62d0b68b2f4ba.zip
2012,12506,Becky Nordgren,R,Rep,HD-029,2014.0,2.0,ALPERSON-BECKY-NORDGREN,AL-2014-house-29-R-BECKY-NORDGREN,Becky Nordgren,R,house,29.0,exact_name_candidate,AL_2012-2012_Regular_Session_JSON_20120516_99d8420a3145e22693b62d0b68b2f4ba.zip
2012,12506,Becky Nordgren,R,Rep,HD-029,2018.0,6.0,ALPERSON-BECKY-NORDGREN,AL-2018-house-29-R-BECKY-NORDGREN,Becky Nordgren                        ,R,house,29.0,exact_name_candidate,AL_2012-2012_Regular_Session_JSON_20120516_99d8420a3145e22693b62d0b68b2f4ba.zip
2012,12509,Donnie Chesteen,R,Rep,SD-029,2014.0,2.0,ALPERSON-DONNIE-CHESTEEN,AL-2014-house-87-R-DONNIE-CHESTEEN,Donnie Chesteen,R,house,87.0,exact_name_candidate,AL_2012-2012_Regular_Session_JSON_20120516_99d8420a3145e22693b62d0b68b2f4ba.zip
2012,12509,Donnie Chesteen,R,Rep,SD-029,2018.0,6.0,ALPERSON-DONNIE-CHESTEEN,AL-2018-senate-29-R-DONNIE-CHESTEEN,Donnie Chesteen                       ,R,senate,29.0,exact_name_candidate,AL_2012-2012_Regular_Session_JSON_20120516_99d8420a3145e22693b62d0b68b2f4ba.zip
2012,12512,Ken Johnson,R,Rep,HD-007,2014.0,2.0,ALPERSON-KEN-JOHNSON,AL-2014-house-7-R-KEN-JOHNSON,Ken Johnson,R,house,7.0,exact_name_candidate,AL_2012-2012_Regular_Session_JSON_20120516_99d8420a3145e22693b62d0b68b2f4ba.zip
2012,12513,Jim Patterson,R,Rep,HD-021,2014.0,2.0,ALPERSON-JIM-PATTERSON,AL-2014-house-21-R-JIM-PATTERSON,Jim Patterson,R,house,21.0,exact_name_candidate,AL_2012-2012_Regular_Session_JSON_20120516_99d8420a3145e22693b62d0b68b2f4ba.zip
2012,12515,Gerald Dial,R,Sen,SD-013,2014.0,2.0,ALPERSON-GERALD-DIAL,AL-2014-senate-13-R-GERALD-DIAL,Gerald Dial,R,senate,13.0,exact_name_candidate,AL_2012-2012_Regular_Session_JSON_20120516_99d8420a3145e22693b62d0b68b2f4ba.zip
2012,12517,Jerry Fielding,D,Sen,SD-011,,,,,,,,,unmatched_or_out_of_window,AL_2012-2012_Regular_Session_JSON_20120516_99d8420a3145e22693b62d0b68b2f4ba.zip
2012,12521,Thomas Whatley,R,Sen,SD-027,,,,,,,,,unmatched_or_out_of_window,AL_2012-2012_Regular_Session_JSON_20120516_99d8420a3145e22693b62d0b68b2f4ba.zip
2012,12523,Daniel Boman,R,Rep,HD-016,,,,,,,,,unmatched_or_out_of_window,AL_2012-2012_Regular_Session_JSON_20120516_99d8420a3145e22693b62d0b68b2f4ba.zip
2012,12525,Mike Jones,R,Rep,HD-092,2014.0,2.0,ALPERSON-MIKE-JONES-JR,AL-2014-house-92-R-MIKE-JONES-JR,"Mike Jones, Jr.",R,house,92.0,exact_name_candidate,AL_2012-2012_Regular_Session_JSON_20120516_99d8420a3145e22693b62d0b68b2f4ba.zip
2012,12525,Mike Jones,R,Rep,HD-092,2018.0,6.0,ALPERSON-MIKE-JONES-JR,AL-2018-house-92-R-MIKE-JONES-JR,"Mike Jones, Jr.                       ",R,house,92.0,exact_name_candidate,AL_2012-2012_Regular_Session_JSON_20120516_99d8420a3145e22693b62d0b68b2f4ba.zip
2012,12526,Paul Beckman,R,Rep,HD-088,2014.0,2.0,ALPERSON-PAUL-BECKMAN,AL-2014-house-88-R-PAUL-BECKMAN,Paul Beckman,R,house,88.0,exact_name_candidate,AL_2012-2012_Regular_Session_JSON_20120516_99d8420a3145e22693b62d0b68b2f4ba.zip
2012,12530,William Poole,R,Rep,HD-063,,,,,,,,,unmatched_or_out_of_window,AL_2012-2012_Regular_Session_JSON_20120516_99d8420a3145e22693b62d0b68b2f4ba.zip
2012,12541,Slade Blackwell,R,Sen,SD-015,2014.0,2.0,ALPERSON-SLADE-BLACKWELL,AL-2014-senate-15-R-SLADE-BLACKWELL,Slade Blackwell,R,senate,15.0,exact_name_candidate,AL_2012-2012_Regular_Session_JSON_20120516_99d8420a3145e22693b62d0b68b2f4ba.zip
2012,12542,Napoleon Bracy,D,Rep,HD-098,2014.0,2.0,ALPERSON-NAPOLEON-BRACY-JR,AL-2014-house-98-D-NAPOLEON-BRACY-JR,"Napoleon Bracy, Jr.",D,house,98.0,exact_name_candidate,AL_2012-2012_Regular_Session_JSON_20120516_99d8420a3145e22693b62d0b68b2f4ba.zip
2012,12542,Napoleon Bracy,D,Rep,HD-098,2018.0,6.0,ALPERSON-NAPOLEON-BRACY-JR,AL-2018-house-98-D-NAPOLEON-BRACY-JR,"Napoleon Bracy, Jr.                   ",D,house,98.0,exact_name_candidate,AL_2012-2012_Regular_Session_JSON_20120516_99d8420a3145e22693b62d0b68b2f4ba.zip
2012,12543,Berry Forte,D,Rep,HD-084,2014.0,2.0,ALPERSON-BERRY-FORTE,AL-2014-house-84-D-BERRY-FORTE,Berry Forte,D,house,84.0,exact_name_candidate,AL_2012-2012_Regular_Session_JSON_20120516_99d8420a3145e22693b62d0b68b2f4ba.zip
2012,12543,Berry Forte,D,Rep,HD-084,2018.0,6.0,ALPERSON-BERRY-FORTE,AL-2018-house-84-D-BERRY-FORTE,Berry Forte                           ,D,house,84.0,exact_name_candidate,AL_2012-2012_Regular_Session_JSON_20120516_99d8420a3145e22693b62d0b68b2f4ba.zip
2012,12545,Mark Tuggle,R,Rep,HD-081,,,,,,,,,unmatched_or_out_of_window,AL_2012-2012_Regular_Session_JSON_20120516_99d8420a3145e22693b62d0b68b2f4ba.zip
2012,12546,Darrio Melton,D,Rep,HD-067,2014.0,2.0,ALPERSON-DARRIO-MELTON,AL-2014-house-67-D-DARRIO-MELTON,Darrio Melton,D,house,67.0,exact_name_candidate,AL_2012-2012_Regular_Session_JSON_20120516_99d8420a3145e22693b62d0b68b2f4ba.zip
2012,12547,Greg Burdine,D,Rep,HD-001,2014.0,2.0,ALPERSON-GREG-BURDINE,AL-2014-house-1-D-GREG-BURDINE,Greg Burdine,D,house,1.0,exact_name_candidate,AL_2012-2012_Regular_Session_JSON_20120516_99d8420a3145e22693b62d0b68b2f4ba.zip
2012,12548,Allen Farley,R,Rep,HD-015,2014.0,2.0,ALPERSON-ALLEN-FARLEY,AL-2014-house-15-R-ALLEN-FARLEY,Allen Farley,R,house,15.0,exact_name_candidate,AL_2012-2012_Regular_Session_JSON_20120516_99d8420a3145e22693b62d0b68b2f4ba.zip
2012,12548,Allen Farley,R,Rep,HD-015,2018.0,6.0,ALPERSON-ALLEN-FARLEY,AL-2018-house-15-R-ALLEN-FARLEY,Allen Farley                          ,R,house,15.0,exact_name_candidate,AL_2012-2012_Regular_Session_JSON_20120516_99d8420a3145e22693b62d0b68b2f4ba.zip
2012,12549,Dexter Grimsley,D,Rep,HD-085,2014.0,2.0,ALPERSON-DEXTER-GRIMSLEY,AL-2014-house-85-D-DEXTER-GRIMSLEY,Dexter Grimsley,D,house,85.0,exact_name_candidate,AL_2012-2012_Regular_Session_JSON_20120516_99d8420a3145e22693b62d0b68b2f4ba.zip
2012,12549,Dexter Grimsley,D,Rep,HD-085,2018.0,6.0,ALPERSON-DEXTER-GRIMSLEY,AL-2018-house-85-D-DEXTER-GRIMSLEY,Dexter Grimsley                       ,D,house,85.0,exact_name_candidate,AL_2012-2012_Regular_Session_JSON_20120516_99d8420a3145e22693b62d0b68b2f4ba.zip
2012,12550,Juandalynn Givan,D,Rep,HD-060,2018.0,6.0,ALPERSON-JUANDALYNN-GIVAN,AL-2018-house-60-D-JUANDALYNN-GIVAN,Juandalynn Givan                      ,D,house,60.0,exact_name_candidate,AL_2012-2012_Regular_Session_JSON_20120516_99d8420a3145e22693b62d0b68b2f4ba.zip
2012,13150,David Sessions,R,Rep,SD-035,2014.0,2.0,ALPERSON-DAVID-SESSIONS,AL-2014-house-105-R-DAVID-SESSIONS,David Sessions,R,house,105.0,exact_name_candidate,AL_2012-2012_Regular_Session_JSON_20120516_99d8420a3145e22693b62d0b68b2f4ba.zip
2012,13150,David Sessions,R,Rep,SD-035,2018.0,6.0,ALPERSON-DAVID-SESSIONS,AL-2018-senate-35-R-DAVID-SESSIONS,David Sessions                        ,R,senate,35.0,exact_name_candidate,AL_2012-2012_Regular_Session_JSON_20120516_99d8420a3145e22693b62d0b68b2f4ba.zip
2012,13766,Jim Carns,R,Rep,HD-048,2014.0,2.0,ALPERSON-JIM-CARNS,AL-2014-house-48-R-JIM-CARNS,Jim Carns,R,house,48.0,exact_name_candidate,AL_2012-2012_Regular_Session_JSON_20120516_99d8420a3145e22693b62d0b68b2f4ba.zip
2012,13766,Jim Carns,R,Rep,HD-048,2018.0,6.0,ALPERSON-JIM-CARNS,AL-2018-house-48-R-JIM-CARNS,Jim Carns                             ,R,house,48.0,exact_name_candidate,AL_2012-2012_Regular_Session_JSON_20120516_99d8420a3145e22693b62d0b68b2f4ba.zip
2012,3354,John Knight,D,Rep,HD-077,2014.0,2.0,ALPERSON-JOHN-KNIGHT,AL-2014-house-77-D-JOHN-KNIGHT,John Knight,D,house,77.0,exact_name_candidate,AL_2012-2012_Regular_Session_JSON_20120516_99d8420a3145e22693b62d0b68b2f4ba.zip
2012,3356,Tammy Irons,D,Sen,SD-001,,,,,,,,,unmatched_or_out_of_window,AL_2012-2012_Regular_Session_JSON_20120516_99d8420a3145e22693b62d0b68b2f4ba.zip
2012,3357,Laura Hall,D,Rep,HD-019,2014.0,2.0,ALPERSON-LAURA-HALL,AL-2014-house-19-D-LAURA-HALL,Laura Hall,D,house,19.0,exact_name_candidate,AL_2012-2012_Regular_Session_JSON_20120516_99d8420a3145e22693b62d0b68b2f4ba.zip
2012,3357,Laura Hall,D,Rep,HD-019,2018.0,6.0,ALPERSON-LAURA-HALL,AL-2018-house-19-D-LAURA-HALL,Laura Hall                            ,D,house,19.0,exact_name_candidate,AL_2012-2012_Regular_Session_JSON_20120516_99d8420a3145e22693b62d0b68b2f4ba.zip
2012,3358,Artis McCampbell,D,Rep,HD-071,,,,,,,,,unmatched_or_out_of_window,AL_2012-2012_Regular_Session_JSON_20120516_99d8420a3145e22693b62d0b68b2f4ba.zip
2012,3360,Barbara Boyd,D,Rep,HD-032,,,,,,,,,unmatched_or_out_of_window,AL_2012-2012_Regular_Session_JSON_20120516_99d8420a3145e22693b62d0b68b2f4ba.zip
2012,3361,Joseph Mitchell,D,Rep,HD-103,,,,,,,,,unmatched_or_out_of_window,AL_2012-2012_Regular_Session_JSON_20120516_99d8420a3145e22693b62d0b68b2f4ba.zip
2012,3368,Demetrius Newton,D,Rep,HD-053,,,,,,,,,unmatched_or_out_of_window,AL_2012-2012_Regular_Session_JSON_20120516_99d8420a3145e22693b62d0b68b2f4ba.zip
2012,3370,Pebblin Warren,D,Rep,HD-082,,,,,,,,,unmatched_or_out_of_window,AL_2012-2012_Regular_Session_JSON_20120516_99d8420a3145e22693b62d0b68b2f4ba.zip
2012,3371,Ralph Howard,D,Rep,HD-072,,,,,,,,,unmatched_or_out_of_window,AL_2012-2012_Regular_Session_JSON_20120516_99d8420a3145e22693b62d0b68b2f4ba.zip
2012,3372,Thad McClammy,D,Rep,HD-076,2014.0,2.0,ALPERSON-THAD-MCCLAMMY,AL-2014-house-76-D-THAD-MCCLAMMY,Thad McClammy,D,house,76.0,exact_name_candidate,AL_2012-2012_Regular_Session_JSON_20120516_99d8420a3145e22693b62d0b68b2f4ba.zip
2012,3372,Thad McClammy,D,Rep,HD-076,2018.0,6.0,ALPERSON-THAD-MCCLAMMY,AL-2018-house-76-D-THAD-MCCLAMMY,Thad McClammy                         ,D,house,76.0,exact_name_candidate,AL_2012-2012_Regular_Session_JSON_20120516_99d8420a3145e22693b62d0b68b2f4ba.zip
2012,3374,Christopher England,D,Rep,HD-070,,,,,,,,,unmatched_or_out_of_window,AL_2012-2012_Regular_Session_JSON_20120516_99d8420a3145e22693b62d0b68b2f4ba.zip
2012,3375,Oliver Robinson,D,Rep,HD-058,2014.0,2.0,ALPERSON-OLIVER-ROBINSON,AL-2014-house-58-D-OLIVER-ROBINSON,Oliver Robinson,D,house,58.0,exact_name_candidate,AL_2012-2012_Regular_Session_JSON_20120516_99d8420a3145e22693b62d0b68b2f4ba.zip
2012,3379,Mike Millican,R,Rep,HD-017,2014.0,2.0,ALPERSON-MIKE-MILLICAN,AL-2014-house-17-R-MIKE-MILLICAN,Mike Millican,R,house,17.0,exact_name_candidate,AL_2012-2012_Regular_Session_JSON_20120516_99d8420a3145e22693b62d0b68b2f4ba.zip
2012,3380,Marcel Black,D,Rep,HD-003,2014.0,2.0,ALPERSON-MARCEL-BLACK,AL-2014-house-3-D-MARCEL-BLACK,Marcel Black,D,house,3.0,exact_name_candidate,AL_2012-2012_Regular_Session_JSON_20120516_99d8420a3145e22693b62d0b68b2f4ba.zip
2012,3381,Alan Harper,R,Rep,HD-061,2014.0,2.0,ALPERSON-ALAN-HARPER,AL-2014-house-61-R-ALAN-HARPER,Alan Harper,R,house,61.0,exact_name_candidate,AL_2012-2012_Regular_Session_JSON_20120516_99d8420a3145e22693b62d0b68b2f4ba.zip
2012,3382,Thomas Jackson,D,Rep,HD-068,,,,,,,,,unmatched_or_out_of_window,AL_2012-2012_Regular_Session_JSON_20120516_99d8420a3145e22693b62d0b68b2f4ba.zip
2012,3385,Lesley Vance,R,Rep,HD-080,2014.0,2.0,ALPERSON-LESLEY-VANCE,AL-2014-house-80-R-LESLEY-VANCE,Lesley Vance,R,house,80.0,exact_name_candidate,AL_2012-2012_Regular_Session_JSON_20120516_99d8420a3145e22693b62d0b68b2f4ba.zip
2012,3386,William Beasley,D,Sen,SD-028,,,,,,,,,unmatched_or_out_of_window,AL_2012-2012_Regular_Session_JSON_20120516_99d8420a3145e22693b62d0b68b2f4ba.zip
2012,3387,Stephen Hurst,R,Rep,HD-035,,,,,,,,,unmatched_or_out_of_window,AL_2012-2012_Regular_Session_JSON_20120516_99d8420a3145e22693b62d0b68b2f4ba.zip
2012,3388,James Buskey,D,Rep,HD-099,,,,,,,,,unmatched_or_out_of_window,AL_2012-2012_Regular_Session_JSON_20120516_99d8420a3145e22693b62d0b68b2f4ba.zip
2012,3389,Mary Moore,D,Rep,HD-059,2014.0,2.0,ALPERSON-MARY-MOORE,AL-2014-house-59-D-MARY-MOORE,Mary Moore,D,house,59.0,exact_name_candidate,AL_2012-2012_Regular_Session_JSON_20120516_99d8420a3145e22693b62d0b68b2f4ba.zip
2012,3389,Mary Moore,D,Rep,HD-059,2018.0,6.0,ALPERSON-MARY-MOORE,AL-2018-house-59-D-MARY-MOORE,Mary Moore                            ,D,house,59.0,exact_name_candidate,AL_2012-2012_Regular_Session_JSON_20120516_99d8420a3145e22693b62d0b68b2f4ba.zip
2012,3391,Merika Coleman-Evans,D,Rep,HD-057,,,,,,,,,unmatched_or_out_of_window,AL_2012-2012_Regular_Session_JSON_20120516_99d8420a3145e22693b62d0b68b2f4ba.zip
2012,3392,Richard Lindsey,D,Rep,HD-039,2014.0,2.0,ALPERSON-RICHARD-LINDSEY,AL-2014-house-39-D-RICHARD-LINDSEY,Richard Lindsey,D,house,39.0,exact_name_candidate,AL_2012-2012_Regular_Session_JSON_20120516_99d8420a3145e22693b62d0b68b2f4ba.zip
2012,3400,John Robinson,D,Rep,HD-023,2014.0,2.0,ALPERSON-JOHN-ROBINSON,AL-2014-house-23-D-JOHN-ROBINSON,John Robinson,D,house,23.0,exact_name_candidate,AL_2012-2012_Regular_Session_JSON_20120516_99d8420a3145e22693b62d0b68b2f4ba.zip
2012,3402,Johnny Morrow,D,Rep,HD-018,,,,,,,,,unmatched_or_out_of_window,AL_2012-2012_Regular_Session_JSON_20120516_99d8420a3145e22693b62d0b68b2f4ba.zip
2012,3403,Jeremy Oden,R,Rep,HD-011,,,,,,,,,unmatched_or_out_of_window,AL_2012-2012_Regular_Session_JSON_20120516_99d8420a3145e22693b62d0b68b2f4ba.zip
2012,3405,Robert Ward,R,Sen,SD-014,,,,,,,,,unmatched_or_out_of_window,AL_2012-2012_Regular_Session_JSON_20120516_99d8420a3145e22693b62d0b68b2f4ba.zip
2012,3406,Craig Ford,D,Rep,HD-028,2014.0,2.0,ALPERSON-CRAIG-FORD,AL-2014-house-28-D-CRAIG-FORD,Craig Ford,D,house,28.0,exact_name_candidate,AL_2012-2012_Regular_Session_JSON_20120516_99d8420a3145e22693b62d0b68b2f4ba.zip
2012,3408,Randy Davis,R,Rep,HD-096,2014.0,2.0,ALPERSON-RANDY-DAVIS,AL-2014-house-96-R-RANDY-DAVIS,Randy Davis,R,house,96.0,exact_name_candidate,AL_2012-2012_Regular_Session_JSON_20120516_99d8420a3145e22693b62d0b68b2f4ba.zip
2012,3410,Mike Hill,R,Rep,HD-041,2014.0,2.0,ALPERSON-MIKE-HILL,AL-2014-house-41-R-MIKE-HILL,Mike Hill,R,house,41.0,exact_name_candidate,AL_2012-2012_Regular_Session_JSON_20120516_99d8420a3145e22693b62d0b68b2f4ba.zip
2012,3411,Mac McCutcheon,R,Rep,HD-025,2014.0,2.0,ALPERSON-MAC-MCCUTCHEON,AL-2014-house-25-R-MAC-MCCUTCHEON,Mac McCutcheon,R,house,25.0,exact_name_candidate,AL_2012-2012_Regular_Session_JSON_20120516_99d8420a3145e22693b62d0b68b2f4ba.zip
2012,3411,Mac McCutcheon,R,Rep,HD-025,2018.0,6.0,ALPERSON-MAC-MCCUTCHEON,AL-2018-house-25-R-MAC-MCCUTCHEON,Mac McCutcheon                        ,R,house,25.0,exact_name_candidate,AL_2012-2012_Regular_Session_JSON_20120516_99d8420a3145e22693b62d0b68b2f4ba.zip
2012,3415,Victor Gaston,R,Rep,HD-100,2014.0,2.0,ALPERSON-VICTOR-GASTON,AL-2014-house-100-R-VICTOR-GASTON,Victor Gaston,R,house,100.0,exact_name_candidate,AL_2012-2012_Regular_Session_JSON_20120516_99d8420a3145e22693b62d0b68b2f4ba.zip
2012,3415,Victor Gaston,R,Rep,HD-100,2018.0,6.0,ALPERSON-VICTOR-GASTON,AL-2018-house-100-R-VICTOR-GASTON,Victor Gaston                         ,R,house,100.0,exact_name_candidate,AL_2012-2012_Regular_Session_JSON_20120516_99d8420a3145e22693b62d0b68b2f4ba.zip
2012,3416,Mike Ball,R,Rep,HD-010,2014.0,2.0,ALPERSON-MIKE-BALL,AL-2014-house-10-R-MIKE-BALL,Mike Ball,R,house,10.0,exact_name_candidate,AL_2012-2012_Regular_Session_JSON_20120516_99d8420a3145e22693b62d0b68b2f4ba.zip
2012,3416,Mike Ball,R,Rep,HD-010,2018.0,6.0,ALPERSON-MIKE-BALL,AL-2018-house-10-R-MIKE-BALL,Mike Ball                             ,R,house,10.0,exact_name_candidate,AL_2012-2012_Regular_Session_JSON_20120516_99d8420a3145e22693b62d0b68b2f4ba.zip
2012,3418,Jack Williams,R,Rep,HD-047,2014.0,2.0,ALPERSON-JACK-WILLIAMS,AL-2014-house-47-R-JACK-WILLIAMS,Jack Williams,R,house,47.0,exact_name_candidate,AL_2012-2012_Regular_Session_JSON_20120516_99d8420a3145e22693b62d0b68b2f4ba.zip
2012,3418,Jack Williams,R,Rep,HD-047,2014.0,2.0,ALPERSON-JACK-WILLIAMS,AL-2014-house-102-R-JACK-WILLIAMS,Jack Williams,R,house,102.0,exact_name_candidate,AL_2012-2012_Regular_Session_JSON_20120516_99d8420a3145e22693b62d0b68b2f4ba.zip
2012,3418,Jack Williams,R,Rep,HD-047,2018.0,6.0,ALPERSON-JACK-WILLIAMS,AL-2018-senate-34-R-JACK-WILLIAMS,Jack Williams                         ,R,senate,34.0,exact_name_candidate,AL_2012-2012_Regular_Session_JSON_20120516_99d8420a3145e22693b62d0b68b2f4ba.zip
2012,3419,Dickie Drake,R,Rep,HD-045,2014.0,2.0,ALPERSON-DICKIE-DRAKE,AL-2014-house-45-R-DICKIE-DRAKE,Dickie Drake,R,house,45.0,exact_name_candidate,AL_2012-2012_Regular_Session_JSON_20120516_99d8420a3145e22693b62d0b68b2f4ba.zip
2012,3419,Dickie Drake,R,Rep,HD-045,2018.0,6.0,ALPERSON-DICKIE-DRAKE,AL-2018-house-45-R-DICKIE-DRAKE,Dickie Drake                          ,R,house,45.0,exact_name_candidate,AL_2012-2012_Regular_Session_JSON_20120516_99d8420a3145e22693b62d0b68b2f4ba.zip
2012,3420,Gerald Allen,R,Sen,SD-021,2014.0,2.0,ALPERSON-GERALD-ALLEN,AL-2014-senate-21-R-GERALD-ALLEN,Gerald Allen,R,senate,21.0,exact_name_candidate,AL_2012-2012_Regular_Session_JSON_20120516_99d8420a3145e22693b62d0b68b2f4ba.zip
2012,3420,Gerald Allen,R,Sen,SD-021,2018.0,6.0,ALPERSON-GERALD-ALLEN,AL-2018-senate-21-R-GERALD-ALLEN,Gerald Allen                          ,R,senate,21.0,exact_name_candidate,AL_2012-2012_Regular_Session_JSON_20120516_99d8420a3145e22693b62d0b68b2f4ba.zip
2012,3421,Joseph Hubbard,D,Rep,HD-073,,,,,,,,,unmatched_or_out_of_window,AL_2012-2012_Regular_Session_JSON_20120516_99d8420a3145e22693b62d0b68b2f4ba.zip
2012,3423,Harry Shiver,R,Rep,HD-064,2014.0,2.0,ALPERSON-HARRY-SHIVER,AL-2014-house-64-R-HARRY-SHIVER,Harry Shiver,R,house,64.0,exact_name_candidate,AL_2012-2012_Regular_Session_JSON_20120516_99d8420a3145e22693b62d0b68b2f4ba.zip
2012,3423,Harry Shiver,R,Rep,HD-064,2018.0,6.0,ALPERSON-HARRY-SHIVER,AL-2018-house-64-R-HARRY-SHIVER,Harry Shiver                          ,R,house,64.0,exact_name_candidate,AL_2012-2012_Regular_Session_JSON_20120516_99d8420a3145e22693b62d0b68b2f4ba.zip
2012,3424,Joe Faust,R,Rep,HD-094,2018.0,6.0,ALPERSON-JOE-FAUST,AL-2018-house-94-R-JOE-FAUST,Joe Faust                             ,R,house,94.0,exact_name_candidate,AL_2012-2012_Regular_Session_JSON_20120516_99d8420a3145e22693b62d0b68b2f4ba.zip
2012,3426,Alan Baker,R,Rep,HD-066,2014.0,2.0,ALPERSON-ALAN-BAKER,AL-2014-house-66-R-ALAN-BAKER,Alan Baker,R,house,66.0,exact_name_candidate,AL_2012-2012_Regular_Session_JSON_20120516_99d8420a3145e22693b62d0b68b2f4ba.zip
2012,3426,Alan Baker,R,Rep,HD-066,2018.0,6.0,ALPERSON-ALAN-BAKER,AL-2018-house-66-R-ALAN-BAKER,Alan Baker                            ,R,house,66.0,exact_name_candidate,AL_2012-2012_Regular_Session_JSON_20120516_99d8420a3145e22693b62d0b68b2f4ba.zip
2012,3427,Steve McMillan,R,Rep,HD-095,2014.0,2.0,ALPERSON-STEVE-MCMILLAN,AL-2014-house-95-R-STEVE-MCMILLAN,Steve McMillan,R,house,95.0,exact_name_candidate,AL_2012-2012_Regular_Session_JSON_20120516_99d8420a3145e22693b62d0b68b2f4ba.zip
2012,3427,Steve McMillan,R,Rep,HD-095,2018.0,6.0,ALPERSON-STEVE-MCMILLAN,AL-2018-house-95-R-STEVE-MCMILLAN,Steve McMillan                        ,R,house,95.0,exact_name_candidate,AL_2012-2012_Regular_Session_JSON_20120516_99d8420a3145e22693b62d0b68b2f4ba.zip
2012,3428,James Ison,R,Rep,HD-101,,,,,,,,,unmatched_or_out_of_window,AL_2012-2012_Regular_Session_JSON_20120516_99d8420a3145e22693b62d0b68b2f4ba.zip
2012,3429,Jim McClendon,R,Rep,SD-011,2014.0,2.0,ALPERSON-JIM-MCCLENDON,AL-2014-senate-11-R-JIM-MCCLENDON,Jim McClendon,R,senate,11.0,exact_name_candidate,AL_2012-2012_Regular_Session_JSON_20120516_99d8420a3145e22693b62d0b68b2f4ba.zip
2012,3429,Jim McClendon,R,Rep,SD-011,2018.0,6.0,ALPERSON-JIM-MCCLENDON,AL-2018-senate-11-R-JIM-MCCLENDON,Jim McClendon                         ,R,senate,11.0,exact_name_candidate,AL_2012-2012_Regular_Session_JSON_20120516_99d8420a3145e22693b62d0b68b2f4ba.zip
2012,3430,Randy Wood,R,Rep,HD-036,2014.0,2.0,ALPERSON-RANDY-WOOD,AL-2014-house-36-R-RANDY-WOOD,Randy Wood,R,house,36.0,exact_name_candidate,AL_2012-2012_Regular_Session_JSON_20120516_99d8420a3145e22693b62d0b68b2f4ba.zip
2012,3430,Randy Wood,R,Rep,HD-036,2018.0,6.0,ALPERSON-RANDY-WOOD,AL-2018-house-36-R-RANDY-WOOD,Randy Wood                            ,R,house,36.0,exact_name_candidate,AL_2012-2012_Regular_Session_JSON_20120516_99d8420a3145e22693b62d0b68b2f4ba.zip
2012,3432,Steve Clouse,R,Rep,HD-093,2014.0,2.0,ALPERSON-STEVE-CLOUSE,AL-2014-house-93-R-STEVE-CLOUSE,Steve Clouse,R,house,93.0,exact_name_candidate,AL_2012-2012_Regular_Session_JSON_20120516_99d8420a3145e22693b62d0b68b2f4ba.zip
2012,3432,Steve Clouse,R,Rep,HD-093,2018.0,6.0,ALPERSON-STEVE-CLOUSE,AL-2018-house-93-R-STEVE-CLOUSE,Steve Clouse                          ,R,house,93.0,exact_name_candidate,AL_2012-2012_Regular_Session_JSON_20120516_99d8420a3145e22693b62d0b68b2f4ba.zip
2012,3434,Harry Bridges,R,Rep,HD-038,,,,,,,,,unmatched_or_out_of_window,AL_2012-2012_Regular_Session_JSON_20120516_99d8420a3145e22693b62d0b68b2f4ba.zip
2012,3435,Howard Sanderford,R,Rep,HD-020,2014.0,2.0,ALPERSON-HOWARD-SANDERFORD,AL-2014-house-20-R-HOWARD-SANDERFORD,Howard Sanderford,R,house,20.0,exact_name_candidate,AL_2012-2012_Regular_Session_JSON_20120516_99d8420a3145e22693b62d0b68b2f4ba.zip
2012,3435,Howard Sanderford,R,Rep,HD-020,2018.0,6.0,ALPERSON-HOWARD-SANDERFORD,AL-2018-house-20-R-HOWARD-SANDERFORD,Howard Sanderford                     ,R,house,20.0,exact_name_candidate,AL_2012-2012_Regular_Session_JSON_20120516_99d8420a3145e22693b62d0b68b2f4ba.zip
2012,3437,Phil Williams,R,Rep,HD-006,2014.0,2.0,ALPERSON-PHIL-WILLIAMS,AL-2014-house-6-R-PHIL-WILLIAMS,Phil Williams,R,house,6.0,exact_name_candidate,AL_2012-2012_Regular_Session_JSON_20120516_99d8420a3145e22693b62d0b68b2f4ba.zip
2012,3437,Phil Williams,R,Rep,HD-006,2014.0,2.0,ALPERSON-PHIL-WILLIAMS,AL-2014-senate-10-R-PHIL-WILLIAMS,Phil Williams,R,senate,10.0,exact_name_candidate,AL_2012-2012_Regular_Session_JSON_20120516_99d8420a3145e22693b62d0b68b2f4ba.zip
2012,3438,Micky Hammon,R,Rep,HD-004,2014.0,2.0,ALPERSON-MICKY-HAMMON,AL-2014-house-4-R-MICKY-HAMMON,Micky Hammon,R,house,4.0,exact_name_candidate,AL_2012-2012_Regular_Session_JSON_20120516_99d8420a3145e22693b62d0b68b2f4ba.zip
2012,3439,Gregory Wren,R,Rep,HD-075,,,,,,,,,unmatched_or_out_of_window,AL_2012-2012_Regular_Session_JSON_20120516_99d8420a3145e22693b62d0b68b2f4ba.zip
2012,3442,Alvin Holmes,D,Rep,HD-078,2014.0,2.0,ALPERSON-ALVIN-HOLMES,AL-2014-house-78-D-ALVIN-HOLMES,Alvin Holmes,D,house,78.0,exact_name_candidate,AL_2012-2012_Regular_Session_JSON_20120516_99d8420a3145e22693b62d0b68b2f4ba.zip
2012,3445,Allen Treadaway,R,Rep,HD-051,2014.0,2.0,ALPERSON-ALLEN-TREADAWAY,AL-2014-house-51-R-ALLEN-TREADAWAY,Allen Treadaway,R,house,51.0,exact_name_candidate,AL_2012-2012_Regular_Session_JSON_20120516_99d8420a3145e22693b62d0b68b2f4ba.zip
2012,3445,Allen Treadaway,R,Rep,HD-051,2018.0,6.0,ALPERSON-ALLEN-TREADAWAY,AL-2018-house-51-R-ALLEN-TREADAWAY,Allen Treadaway                       ,R,house,51.0,exact_name_candidate,AL_2012-2012_Regular_Session_JSON_20120516_99d8420a3145e22693b62d0b68b2f4ba.zip
2012,3449,Ronald Johnson,R,Rep,HD-033,,,,,,,,,unmatched_or_out_of_window,AL_2012-2012_Regular_Session_JSON_20120516_99d8420a3145e22693b62d0b68b2f4ba.zip
2012,3450,Alan Boothe,R,Rep,HD-089,,,,,,,,,unmatched_or_out_of_window,AL_2012-2012_Regular_Session_JSON_20120516_99d8420a3145e22693b62d0b68b2f4ba.zip
2012,3453,Mary McClurkin,R,Rep,HD-043,,,,,,,,,unmatched_or_out_of_window,AL_2012-2012_Regular_Session_JSON_20120516_99d8420a3145e22693b62d0b68b2f4ba.zip
2012,3454,John Rogers,D,Rep,HD-052,,,,,,,,,unmatched_or_out_of_window,AL_2012-2012_Regular_Session_JSON_20120516_99d8420a3145e22693b62d0b68b2f4ba.zip
2012,3455,Elaine Beech,D,Rep,HD-065,2014.0,2.0,ALPERSON-ELAINE-BEECH,AL-2014-house-65-D-ELAINE-BEECH,Elaine Beech,D,house,65.0,exact_name_candidate,AL_2012-2012_Regular_Session_JSON_20120516_99d8420a3145e22693b62d0b68b2f4ba.zip
2012,3455,Elaine Beech,D,Rep,HD-065,2018.0,6.0,ALPERSON-ELAINE-BEECH,AL-2018-house-65-D-ELAINE-BEECH,Elaine Beech                          ,D,house,65.0,exact_name_candidate,AL_2012-2012_Regular_Session_JSON_20120516_99d8420a3145e22693b62d0b68b2f4ba.zip
2012,3456,Roderick Scott,D,Rep,HD-055,,,,,,,,,unmatched_or_out_of_window,AL_2012-2012_Regular_Session_JSON_20120516_99d8420a3145e22693b62d0b68b2f4ba.zip
2012,3458,George Bandy,D,Rep,HD-083,,,,,,,,,unmatched_or_out_of_window,AL_2012-2012_Regular_Session_JSON_20120516_99d8420a3145e22693b62d0b68b2f4ba.zip
2012,3459,K.L. Brown,R,Rep,HD-040,,,,,,,,,unmatched_or_out_of_window,AL_2012-2012_Regular_Session_JSON_20120516_99d8420a3145e22693b62d0b68b2f4ba.zip
2012,3461,J.T. Waggoner,R,Sen,SD-016,,,,,,,,,unmatched_or_out_of_window,AL_2012-2012_Regular_Session_JSON_20120516_99d8420a3145e22693b62d0b68b2f4ba.zip
2012,3462,Del Marsh,R,Sen,SD-012,2014.0,2.0,ALPERSON-DEL-MARSH,AL-2014-senate-12-R-DEL-MARSH,Del Marsh,R,senate,12.0,exact_name_candidate,AL_2012-2012_Regular_Session_JSON_20120516_99d8420a3145e22693b62d0b68b2f4ba.zip
2012,3462,Del Marsh,R,Sen,SD-012,2018.0,6.0,ALPERSON-DEL-MARSH,AL-2018-senate-12-R-DEL-MARSH,Del Marsh                             ,R,senate,12.0,exact_name_candidate,AL_2012-2012_Regular_Session_JSON_20120516_99d8420a3145e22693b62d0b68b2f4ba.zip
2012,3464,Trip Pittman,R,Sen,SD-032,2014.0,2.0,ALPERSON-TRIP-PITTMAN,AL-2014-senate-32-R-TRIP-PITTMAN,Trip Pittman,R,senate,32.0,exact_name_candidate,AL_2012-2012_Regular_Session_JSON_20120516_99d8420a3145e22693b62d0b68b2f4ba.zip
2012,3465,Rodger Smitherman,D,Sen,SD-018,,,,,,,,,unmatched_or_out_of_window,AL_2012-2012_Regular_Session_JSON_20120516_99d8420a3145e22693b62d0b68b2f4ba.zip
2012,3467,Paul Sanford,R,Sen,SD-007,,,,,,,,,unmatched_or_out_of_window,AL_2012-2012_Regular_Session_JSON_20120516_99d8420a3145e22693b62d0b68b2f4ba.zip
2012,3469,Rusty Glover,R,Sen,SD-034,2014.0,2.0,ALPERSON-RUSTY-GLOVER,AL-2014-senate-34-R-RUSTY-GLOVER,Rusty Glover,R,senate,34.0,exact_name_candidate,AL_2012-2012_Regular_Session_JSON_20120516_99d8420a3145e22693b62d0b68b2f4ba.zip
2012,3470,Hank Sanders,D,Sen,SD-023,2014.0,2.0,ALPERSON-HANK-SANDERS,AL-2014-senate-23-D-HANK-SANDERS,Hank Sanders,D,senate,23.0,exact_name_candidate,AL_2012-2012_Regular_Session_JSON_20120516_99d8420a3145e22693b62d0b68b2f4ba.zip
2012,3472,Quinton Ross,D,Sen,SD-026,,,,,,,,,unmatched_or_out_of_window,AL_2012-2012_Regular_Session_JSON_20120516_99d8420a3145e22693b62d0b68b2f4ba.zip
2012,3473,Roger Bedford,D,Sen,SD-006,2014.0,2.0,ALPERSON-ROGER-BEDFORD-JR,AL-2014-senate-6-D-ROGER-BEDFORD-JR,"Roger Bedford, Jr.",D,senate,6.0,exact_name_candidate,AL_2012-2012_Regular_Session_JSON_20120516_99d8420a3145e22693b62d0b68b2f4ba.zip
2012,3479,Linda Coleman-Madison,D,Sen,SD-020,2018.0,6.0,ALPERSON-LINDA-COLEMAN-MADISON,AL-2018-senate-20-D-LINDA-COLEMAN-MADISON,Linda Coleman-Madison                 ,D,senate,20.0,exact_name_candidate,AL_2012-2012_Regular_Session_JSON_20120516_99d8420a3145e22693b62d0b68b2f4ba.zip
2012,3480,Priscilla Dunn,D,Sen,SD-019,2014.0,2.0,ALPERSON-PRISCILLA-DUNN,AL-2014-senate-19-D-PRISCILLA-DUNN,Priscilla Dunn,D,senate,19.0,exact_name_candidate,AL_2012-2012_Regular_Session_JSON_20120516_99d8420a3145e22693b62d0b68b2f4ba.zip
2012,3480,Priscilla Dunn,D,Sen,SD-019,2018.0,6.0,ALPERSON-PRISCILLA-DUNN,AL-2018-senate-19-D-PRISCILLA-DUNN,Priscilla Dunn                        ,D,senate,19.0,exact_name_candidate,AL_2012-2012_Regular_Session_JSON_20120516_99d8420a3145e22693b62d0b68b2f4ba.zip
2012,3481,Arthur Orr,R,Sen,SD-003,2014.0,2.0,ALPERSON-ARTHUR-ORR,AL-2014-senate-3-R-ARTHUR-ORR,Arthur Orr,R,senate,3.0,exact_name_candidate,AL_2012-2012_Regular_Session_JSON_20120516_99d8420a3145e22693b62d0b68b2f4ba.zip
2012,3481,Arthur Orr,R,Sen,SD-003,2018.0,6.0,ALPERSON-ARTHUR-ORR,AL-2018-senate-3-R-ARTHUR-ORR,Arthur Orr                            ,R,senate,3.0,exact_name_candidate,AL_2012-2012_Regular_Session_JSON_20120516_99d8420a3145e22693b62d0b68b2f4ba.zip
2012,3482,Bobby Singleton,D,Sen,SD-024,2014.0,2.0,ALPERSON-BOBBY-SINGLETON,AL-2014-senate-24-D-BOBBY-SINGLETON,Bobby Singleton,D,senate,24.0,exact_name_candidate,AL_2012-2012_Regular_Session_JSON_20120516_99d8420a3145e22693b62d0b68b2f4ba.zip
2012,3482,Bobby Singleton,D,Sen,SD-024,2018.0,6.0,ALPERSON-BOBBY-SINGLETON,AL-2018-senate-24-D-BOBBY-SINGLETON,Bobby Singleton                       ,D,senate,24.0,exact_name_candidate,AL_2012-2012_Regular_Session_JSON_20120516_99d8420a3145e22693b62d0b68b2f4ba.zip
2012,3485,George Keahey,D,Sen,SD-022,,,,,,,,,unmatched_or_out_of_window,AL_2012-2012_Regular_Session_JSON_20120516_99d8420a3145e22693b62d0b68b2f4ba.zip
2012,3490,Vivian Figures,D,Sen,SD-033,,,,,,,,,unmatched_or_out_of_window,AL_2012-2012_Regular_Session_JSON_20120516_99d8420a3145e22693b62d0b68b2f4ba.zip
2012,3491,Jimmy Holley,R,Sen,SD-031,,,,,,,,,unmatched_or_out_of_window,AL_2012-2012_Regular_Session_JSON_20120516_99d8420a3145e22693b62d0b68b2f4ba.zip
2012,3493,Harri Smith,I,Sen,SD-029,,,,,,,,,unmatched_or_out_of_window,AL_2012-2012_Regular_Session_JSON_20120516_99d8420a3145e22693b62d0b68b2f4ba.zip
2013,12485,Kerry Rich,R,Rep,HD-026,2014.0,1.0,ALPERSON-KERRY-RICH,AL-2014-house-26-R-KERRY-RICH,Kerry Rich,R,house,26.0,exact_name_candidate,AL_2013-2013_Regular_Session_JSON_20130520_57dd2f44a1f468732ac4db74fd0e8e2e.zip
2013,12485,Kerry Rich,R,Rep,HD-026,2018.0,5.0,ALPERSON-KERRY-RICH,AL-2018-house-26-R-KERRY-RICH,Kerry Rich                            ,R,house,26.0,exact_name_candidate,AL_2013-2013_Regular_Session_JSON_20130520_57dd2f44a1f468732ac4db74fd0e8e2e.zip
2013,12486,Terri Collins,R,Rep,HD-008,2014.0,1.0,ALPERSON-TERRI-COLLINS,AL-2014-house-8-R-TERRI-COLLINS,Terri Collins,R,house,8.0,exact_name_candidate,AL_2013-2013_Regular_Session_JSON_20130520_57dd2f44a1f468732ac4db74fd0e8e2e.zip
2013,12486,Terri Collins,R,Rep,HD-008,2018.0,5.0,ALPERSON-TERRI-COLLINS,AL-2018-house-8-R-TERRI-COLLINS,Terri Collins                         ,R,house,8.0,exact_name_candidate,AL_2013-2013_Regular_Session_JSON_20130520_57dd2f44a1f468732ac4db74fd0e8e2e.zip
2013,12487,William Roberts,R,Rep,HD-013,,,,,,,,,unmatched_or_out_of_window,AL_2013-2013_Regular_Session_JSON_20130520_57dd2f44a1f468732ac4db74fd0e8e2e.zip
2013,12488,Lynn Greer,R,Rep,HD-002,2014.0,1.0,ALPERSON-LYNN-GREER,AL-2014-house-2-R-LYNN-GREER,Lynn Greer,R,house,2.0,exact_name_candidate,AL_2013-2013_Regular_Session_JSON_20130520_57dd2f44a1f468732ac4db74fd0e8e2e.zip
2013,12488,Lynn Greer,R,Rep,HD-002,2018.0,5.0,ALPERSON-LYNN-GREER,AL-2018-house-2-R-LYNN-GREER,Lynn Greer                            ,R,house,2.0,exact_name_candidate,AL_2013-2013_Regular_Session_JSON_20130520_57dd2f44a1f468732ac4db74fd0e8e2e.zip
2013,12489,Dan Williams,R,Rep,HD-005,2014.0,1.0,ALPERSON-DAN-WILLIAMS,AL-2014-house-5-R-DAN-WILLIAMS,Dan Williams,R,house,5.0,exact_name_candidate,AL_2013-2013_Regular_Session_JSON_20130520_57dd2f44a1f468732ac4db74fd0e8e2e.zip
2013,12492,Greg Reed,R,Sen,SD-005,2014.0,1.0,ALPERSON-GREG-REED,AL-2014-senate-5-R-GREG-REED,Greg Reed,R,senate,5.0,exact_name_candidate,AL_2013-2013_Regular_Session_JSON_20130520_57dd2f44a1f468732ac4db74fd0e8e2e.zip
2013,12495,Dick Brewbaker,R,Sen,SD-025,,,,,,,,,unmatched_or_out_of_window,AL_2013-2013_Regular_Session_JSON_20130520_57dd2f44a1f468732ac4db74fd0e8e2e.zip
2013,12496,Paul Bussman,R,Sen,SD-004,2014.0,1.0,ALPERSON-PAUL-BUSSMAN,AL-2014-senate-4-R-PAUL-BUSSMAN,Paul Bussman,R,senate,4.0,exact_name_candidate,AL_2013-2013_Regular_Session_JSON_20130520_57dd2f44a1f468732ac4db74fd0e8e2e.zip
2013,12497,Bill Holtzclaw,R,Sen,SD-002,2014.0,1.0,ALPERSON-BILL-HOLTZCLAW,AL-2014-senate-2-R-BILL-HOLTZCLAW,Bill Holtzclaw,R,senate,2.0,exact_name_candidate,AL_2013-2013_Regular_Session_JSON_20130520_57dd2f44a1f468732ac4db74fd0e8e2e.zip
2013,12498,Phillip Williams,R,Sen,SD-010,,,,,,,,,unmatched_or_out_of_window,AL_2013-2013_Regular_Session_JSON_20130520_57dd2f44a1f468732ac4db74fd0e8e2e.zip
2013,12499,Clay Scofield,R,Sen,SD-009,2014.0,1.0,ALPERSON-CLAY-SCOFIELD,AL-2014-senate-9-R-CLAY-SCOFIELD,Clay Scofield,R,senate,9.0,exact_name_candidate,AL_2013-2013_Regular_Session_JSON_20130520_57dd2f44a1f468732ac4db74fd0e8e2e.zip
2013,12499,Clay Scofield,R,Sen,SD-009,2018.0,5.0,ALPERSON-CLAY-SCOFIELD,AL-2018-senate-9-R-CLAY-SCOFIELD,Clay Scofield                         ,R,senate,9.0,exact_name_candidate,AL_2013-2013_Regular_Session_JSON_20130520_57dd2f44a1f468732ac4db74fd0e8e2e.zip
2013,12500,April Weaver,R,Rep,HD-049,2014.0,1.0,ALPERSON-APRIL-WEAVER,AL-2014-house-49-R-APRIL-WEAVER,April Weaver,R,house,49.0,exact_name_candidate,AL_2013-2013_Regular_Session_JSON_20130520_57dd2f44a1f468732ac4db74fd0e8e2e.zip
2013,12500,April Weaver,R,Rep,HD-049,2018.0,5.0,ALPERSON-APRIL-WEAVER,AL-2018-house-49-R-APRIL-WEAVER,April Weaver                          ,R,house,49.0,exact_name_candidate,AL_2013-2013_Regular_Session_JSON_20130520_57dd2f44a1f468732ac4db74fd0e8e2e.zip
2013,12501,Barry Moore,R,Rep,HD-091,2014.0,1.0,ALPERSON-BARRY-MOORE,AL-2014-house-91-R-BARRY-MOORE,Barry Moore,R,house,91.0,exact_name_candidate,AL_2013-2013_Regular_Session_JSON_20130520_57dd2f44a1f468732ac4db74fd0e8e2e.zip
2013,12502,Ed Henry,R,Rep,HD-009,2014.0,1.0,ALPERSON-ED-HENRY,AL-2014-house-9-R-ED-HENRY,Ed Henry,R,house,9.0,exact_name_candidate,AL_2013-2013_Regular_Session_JSON_20130520_57dd2f44a1f468732ac4db74fd0e8e2e.zip
2013,12503,Mike Hubbard,R,Rep,HD-079,2014.0,1.0,ALPERSON-MIKE-HUBBARD,AL-2014-house-79-R-MIKE-HUBBARD,Mike Hubbard,R,house,79.0,exact_name_candidate,AL_2013-2013_Regular_Session_JSON_20130520_57dd2f44a1f468732ac4db74fd0e8e2e.zip
2013,12506,Becky Nordgren,R,Rep,HD-029,2014.0,1.0,ALPERSON-BECKY-NORDGREN,AL-2014-house-29-R-BECKY-NORDGREN,Becky Nordgren,R,house,29.0,exact_name_candidate,AL_2013-2013_Regular_Session_JSON_20130520_57dd2f44a1f468732ac4db74fd0e8e2e.zip
2013,12506,Becky Nordgren,R,Rep,HD-029,2018.0,5.0,ALPERSON-BECKY-NORDGREN,AL-2018-house-29-R-BECKY-NORDGREN,Becky Nordgren                        ,R,house,29.0,exact_name_candidate,AL_2013-2013_Regular_Session_JSON_20130520_57dd2f44a1f468732ac4db74fd0e8e2e.zip
2013,12509,Donnie Chesteen,R,Rep,SD-029,2014.0,1.0,ALPERSON-DONNIE-CHESTEEN,AL-2014-house-87-R-DONNIE-CHESTEEN,Donnie Chesteen,R,house,87.0,exact_name_candidate,AL_2013-2013_Regular_Session_JSON_20130520_57dd2f44a1f468732ac4db74fd0e8e2e.zip
2013,12509,Donnie Chesteen,R,Rep,SD-029,2018.0,5.0,ALPERSON-DONNIE-CHESTEEN,AL-2018-senate-29-R-DONNIE-CHESTEEN,Donnie Chesteen                       ,R,senate,29.0,exact_name_candidate,AL_2013-2013_Regular_Session_JSON_20130520_57dd2f44a1f468732ac4db74fd0e8e2e.zip
2013,12512,Ken Johnson,R,Rep,HD-007,2014.0,1.0,ALPERSON-KEN-JOHNSON,AL-2014-house-7-R-KEN-JOHNSON,Ken Johnson,R,house,7.0,exact_name_candidate,AL_2013-2013_Regular_Session_JSON_20130520_57dd2f44a1f468732ac4db74fd0e8e2e.zip
2013,12513,Jim Patterson,R,Rep,HD-021,2014.0,1.0,ALPERSON-JIM-PATTERSON,AL-2014-house-21-R-JIM-PATTERSON,Jim Patterson,R,house,21.0,exact_name_candidate,AL_2013-2013_Regular_Session_JSON_20130520_57dd2f44a1f468732ac4db74fd0e8e2e.zip
2013,12515,Gerald Dial,R,Sen,SD-013,2014.0,1.0,ALPERSON-GERALD-DIAL,AL-2014-senate-13-R-GERALD-DIAL,Gerald Dial,R,senate,13.0,exact_name_candidate,AL_2013-2013_Regular_Session_JSON_20130520_57dd2f44a1f468732ac4db74fd0e8e2e.zip
2013,12517,Jerry Fielding,D,Sen,SD-011,,,,,,,,,unmatched_or_out_of_window,AL_2013-2013_Regular_Session_JSON_20130520_57dd2f44a1f468732ac4db74fd0e8e2e.zip
2013,12521,Thomas Whatley,R,Sen,SD-027,,,,,,,,,unmatched_or_out_of_window,AL_2013-2013_Regular_Session_JSON_20130520_57dd2f44a1f468732ac4db74fd0e8e2e.zip
2013,12523,Daniel Boman,R,Rep,HD-016,,,,,,,,,unmatched_or_out_of_window,AL_2013-2013_Regular_Session_JSON_20130520_57dd2f44a1f468732ac4db74fd0e8e2e.zip
2013,12525,Mike Jones,R,Rep,HD-092,2014.0,1.0,ALPERSON-MIKE-JONES-JR,AL-2014-house-92-R-MIKE-JONES-JR,"Mike Jones, Jr.",R,house,92.0,exact_name_candidate,AL_2013-2013_Regular_Session_JSON_20130520_57dd2f44a1f468732ac4db74fd0e8e2e.zip
2013,12525,Mike Jones,R,Rep,HD-092,2018.0,5.0,ALPERSON-MIKE-JONES-JR,AL-2018-house-92-R-MIKE-JONES-JR,"Mike Jones, Jr.                       ",R,house,92.0,exact_name_candidate,AL_2013-2013_Regular_Session_JSON_20130520_57dd2f44a1f468732ac4db74fd0e8e2e.zip
2013,12526,Paul Beckman,R,Rep,HD-088,2014.0,1.0,ALPERSON-PAUL-BECKMAN,AL-2014-house-88-R-PAUL-BECKMAN,Paul Beckman,R,house,88.0,exact_name_candidate,AL_2013-2013_Regular_Session_JSON_20130520_57dd2f44a1f468732ac4db74fd0e8e2e.zip
2013,12530,William Poole,R,Rep,HD-063,,,,,,,,,unmatched_or_out_of_window,AL_2013-2013_Regular_Session_JSON_20130520_57dd2f44a1f468732ac4db74fd0e8e2e.zip
2013,12541,Slade Blackwell,R,Sen,SD-015,2014.0,1.0,ALPERSON-SLADE-BLACKWELL,AL-2014-senate-15-R-SLADE-BLACKWELL,Slade Blackwell,R,senate,15.0,exact_name_candidate,AL_2013-2013_Regular_Session_JSON_20130520_57dd2f44a1f468732ac4db74fd0e8e2e.zip
2013,12542,Napoleon Bracy,D,Rep,HD-098,2014.0,1.0,ALPERSON-NAPOLEON-BRACY-JR,AL-2014-house-98-D-NAPOLEON-BRACY-JR,"Napoleon Bracy, Jr.",D,house,98.0,exact_name_candidate,AL_2013-2013_Regular_Session_JSON_20130520_57dd2f44a1f468732ac4db74fd0e8e2e.zip
2013,12542,Napoleon Bracy,D,Rep,HD-098,2018.0,5.0,ALPERSON-NAPOLEON-BRACY-JR,AL-2018-house-98-D-NAPOLEON-BRACY-JR,"Napoleon Bracy, Jr.                   ",D,house,98.0,exact_name_candidate,AL_2013-2013_Regular_Session_JSON_20130520_57dd2f44a1f468732ac4db74fd0e8e2e.zip
2013,12543,Berry Forte,D,Rep,HD-084,2014.0,1.0,ALPERSON-BERRY-FORTE,AL-2014-house-84-D-BERRY-FORTE,Berry Forte,D,house,84.0,exact_name_candidate,AL_2013-2013_Regular_Session_JSON_20130520_57dd2f44a1f468732ac4db74fd0e8e2e.zip
2013,12543,Berry Forte,D,Rep,HD-084,2018.0,5.0,ALPERSON-BERRY-FORTE,AL-2018-house-84-D-BERRY-FORTE,Berry Forte                           ,D,house,84.0,exact_name_candidate,AL_2013-2013_Regular_Session_JSON_20130520_57dd2f44a1f468732ac4db74fd0e8e2e.zip
2013,12545,Mark Tuggle,R,Rep,HD-081,,,,,,,,,unmatched_or_out_of_window,AL_2013-2013_Regular_Session_JSON_20130520_57dd2f44a1f468732ac4db74fd0e8e2e.zip
2013,12546,Darrio Melton,D,Rep,HD-067,2014.0,1.0,ALPERSON-DARRIO-MELTON,AL-2014-house-67-D-DARRIO-MELTON,Darrio Melton,D,house,67.0,exact_name_candidate,AL_2013-2013_Regular_Session_JSON_20130520_57dd2f44a1f468732ac4db74fd0e8e2e.zip
2013,12547,Greg Burdine,D,Rep,HD-001,2014.0,1.0,ALPERSON-GREG-BURDINE,AL-2014-house-1-D-GREG-BURDINE,Greg Burdine,D,house,1.0,exact_name_candidate,AL_2013-2013_Regular_Session_JSON_20130520_57dd2f44a1f468732ac4db74fd0e8e2e.zip
2013,12548,Allen Farley,R,Rep,HD-015,2014.0,1.0,ALPERSON-ALLEN-FARLEY,AL-2014-house-15-R-ALLEN-FARLEY,Allen Farley,R,house,15.0,exact_name_candidate,AL_2013-2013_Regular_Session_JSON_20130520_57dd2f44a1f468732ac4db74fd0e8e2e.zip
2013,12548,Allen Farley,R,Rep,HD-015,2018.0,5.0,ALPERSON-ALLEN-FARLEY,AL-2018-house-15-R-ALLEN-FARLEY,Allen Farley                          ,R,house,15.0,exact_name_candidate,AL_2013-2013_Regular_Session_JSON_20130520_57dd2f44a1f468732ac4db74fd0e8e2e.zip
2013,12549,Dexter Grimsley,D,Rep,HD-085,2014.0,1.0,ALPERSON-DEXTER-GRIMSLEY,AL-2014-house-85-D-DEXTER-GRIMSLEY,Dexter Grimsley,D,house,85.0,exact_name_candidate,AL_2013-2013_Regular_Session_JSON_20130520_57dd2f44a1f468732ac4db74fd0e8e2e.zip
2013,12549,Dexter Grimsley,D,Rep,HD-085,2018.0,5.0,ALPERSON-DEXTER-GRIMSLEY,AL-2018-house-85-D-DEXTER-GRIMSLEY,Dexter Grimsley                       ,D,house,85.0,exact_name_candidate,AL_2013-2013_Regular_Session_JSON_20130520_57dd2f44a1f468732ac4db74fd0e8e2e.zip
2013,12550,Juandalynn Givan,D,Rep,HD-060,2018.0,5.0,ALPERSON-JUANDALYNN-GIVAN,AL-2018-house-60-D-JUANDALYNN-GIVAN,Juandalynn Givan                      ,D,house,60.0,exact_name_candidate,AL_2013-2013_Regular_Session_JSON_20130520_57dd2f44a1f468732ac4db74fd0e8e2e.zip
2013,13150,David Sessions,R,Rep,SD-035,2014.0,1.0,ALPERSON-DAVID-SESSIONS,AL-2014-house-105-R-DAVID-SESSIONS,David Sessions,R,house,105.0,exact_name_candidate,AL_2013-2013_Regular_Session_JSON_20130520_57dd2f44a1f468732ac4db74fd0e8e2e.zip
2013,13150,David Sessions,R,Rep,SD-035,2018.0,5.0,ALPERSON-DAVID-SESSIONS,AL-2018-senate-35-R-DAVID-SESSIONS,David Sessions                        ,R,senate,35.0,exact_name_candidate,AL_2013-2013_Regular_Session_JSON_20130520_57dd2f44a1f468732ac4db74fd0e8e2e.zip
2013,13766,Jim Carns,R,Rep,HD-048,2014.0,1.0,ALPERSON-JIM-CARNS,AL-2014-house-48-R-JIM-CARNS,Jim Carns,R,house,48.0,exact_name_candidate,AL_2013-2013_Regular_Session_JSON_20130520_57dd2f44a1f468732ac4db74fd0e8e2e.zip
2013,13766,Jim Carns,R,Rep,HD-048,2018.0,5.0,ALPERSON-JIM-CARNS,AL-2018-house-48-R-JIM-CARNS,Jim Carns                             ,R,house,48.0,exact_name_candidate,AL_2013-2013_Regular_Session_JSON_20130520_57dd2f44a1f468732ac4db74fd0e8e2e.zip
2013,15745,David Standridge,R,Rep,HD-034,2014.0,1.0,ALPERSON-DAVID-STANDRIDGE,AL-2014-house-34-R-DAVID-STANDRIDGE,David Standridge,R,house,34.0,exact_name_candidate,AL_2013-2013_Regular_Session_JSON_20130520_57dd2f44a1f468732ac4db74fd0e8e2e.zip
2013,15745,David Standridge,R,Rep,HD-034,2018.0,5.0,ALPERSON-DAVID-STANDRIDGE,AL-2018-house-34-R-DAVID-STANDRIDGE,David Standridge                      ,R,house,34.0,exact_name_candidate,AL_2013-2013_Regular_Session_JSON_20130520_57dd2f44a1f468732ac4db74fd0e8e2e.zip
2013,15746,Mack Butler,R,Rep,HD-030,,,,,,,,,unmatched_or_out_of_window,AL_2013-2013_Regular_Session_JSON_20130520_57dd2f44a1f468732ac4db74fd0e8e2e.zip
2013,15984,Bill Hightower,R,Sen,SD-035,2014.0,1.0,ALPERSON-BILL-HIGHTOWER,AL-2014-senate-35-R-BILL-HIGHTOWER,Bill Hightower,R,senate,35.0,exact_name_candidate,AL_2013-2013_Regular_Session_JSON_20130520_57dd2f44a1f468732ac4db74fd0e8e2e.zip
2013,16021,Randall Shedd,R,Rep,HD-011,2014.0,1.0,ALPERSON-RANDALL-SHEDD,AL-2014-house-11-R-RANDALL-SHEDD,Randall Shedd,R,house,11.0,exact_name_candidate,AL_2013-2013_Regular_Session_JSON_20130520_57dd2f44a1f468732ac4db74fd0e8e2e.zip
2013,16021,Randall Shedd,R,Rep,HD-011,2018.0,5.0,ALPERSON-RANDALL-SHEDD,AL-2018-house-11-R-RANDALL-SHEDD,Randall Shedd                         ,R,house,11.0,exact_name_candidate,AL_2013-2013_Regular_Session_JSON_20130520_57dd2f44a1f468732ac4db74fd0e8e2e.zip
2013,3354,John Knight,D,Rep,HD-077,2014.0,1.0,ALPERSON-JOHN-KNIGHT,AL-2014-house-77-D-JOHN-KNIGHT,John Knight,D,house,77.0,exact_name_candidate,AL_2013-2013_Regular_Session_JSON_20130520_57dd2f44a1f468732ac4db74fd0e8e2e.zip
2013,3356,Tammy Irons,D,Sen,SD-001,,,,,,,,,unmatched_or_out_of_window,AL_2013-2013_Regular_Session_JSON_20130520_57dd2f44a1f468732ac4db74fd0e8e2e.zip
2013,3357,Laura Hall,D,Rep,HD-019,2014.0,1.0,ALPERSON-LAURA-HALL,AL-2014-house-19-D-LAURA-HALL,Laura Hall,D,house,19.0,exact_name_candidate,AL_2013-2013_Regular_Session_JSON_20130520_57dd2f44a1f468732ac4db74fd0e8e2e.zip
2013,3357,Laura Hall,D,Rep,HD-019,2018.0,5.0,ALPERSON-LAURA-HALL,AL-2018-house-19-D-LAURA-HALL,Laura Hall                            ,D,house,19.0,exact_name_candidate,AL_2013-2013_Regular_Session_JSON_20130520_57dd2f44a1f468732ac4db74fd0e8e2e.zip
2013,3358,Artis McCampbell,D,Rep,HD-071,,,,,,,,,unmatched_or_out_of_window,AL_2013-2013_Regular_Session_JSON_20130520_57dd2f44a1f468732ac4db74fd0e8e2e.zip
2013,3360,Barbara Boyd,D,Rep,HD-032,,,,,,,,,unmatched_or_out_of_window,AL_2013-2013_Regular_Session_JSON_20130520_57dd2f44a1f468732ac4db74fd0e8e2e.zip
2013,3361,Joseph Mitchell,D,Rep,HD-103,,,,,,,,,unmatched_or_out_of_window,AL_2013-2013_Regular_Session_JSON_20130520_57dd2f44a1f468732ac4db74fd0e8e2e.zip
2013,3368,Demetrius Newton,D,Rep,HD-053,,,,,,,,,unmatched_or_out_of_window,AL_2013-2013_Regular_Session_JSON_20130520_57dd2f44a1f468732ac4db74fd0e8e2e.zip
2013,3370,Pebblin Warren,D,Rep,HD-082,,,,,,,,,unmatched_or_out_of_window,AL_2013-2013_Regular_Session_JSON_20130520_57dd2f44a1f468732ac4db74fd0e8e2e.zip
2013,3371,Ralph Howard,D,Rep,HD-072,,,,,,,,,unmatched_or_out_of_window,AL_2013-2013_Regular_Session_JSON_20130520_57dd2f44a1f468732ac4db74fd0e8e2e.zip
2013,3372,Thad McClammy,D,Rep,HD-076,2014.0,1.0,ALPERSON-THAD-MCCLAMMY,AL-2014-house-76-D-THAD-MCCLAMMY,Thad McClammy,D,house,76.0,exact_name_candidate,AL_2013-2013_Regular_Session_JSON_20130520_57dd2f44a1f468732ac4db74fd0e8e2e.zip
2013,3372,Thad McClammy,D,Rep,HD-076,2018.0,5.0,ALPERSON-THAD-MCCLAMMY,AL-2018-house-76-D-THAD-MCCLAMMY,Thad McClammy                         ,D,house,76.0,exact_name_candidate,AL_2013-2013_Regular_Session_JSON_20130520_57dd2f44a1f468732ac4db74fd0e8e2e.zip
2013,3374,Christopher England,D,Rep,HD-070,,,,,,,,,unmatched_or_out_of_window,AL_2013-2013_Regular_Session_JSON_20130520_57dd2f44a1f468732ac4db74fd0e8e2e.zip
2013,3375,Oliver Robinson,D,Rep,HD-058,2014.0,1.0,ALPERSON-OLIVER-ROBINSON,AL-2014-house-58-D-OLIVER-ROBINSON,Oliver Robinson,D,house,58.0,exact_name_candidate,AL_2013-2013_Regular_Session_JSON_20130520_57dd2f44a1f468732ac4db74fd0e8e2e.zip
2013,3379,Mike Millican,R,Rep,HD-017,2014.0,1.0,ALPERSON-MIKE-MILLICAN,AL-2014-house-17-R-MIKE-MILLICAN,Mike Millican,R,house,17.0,exact_name_candidate,AL_2013-2013_Regular_Session_JSON_20130520_57dd2f44a1f468732ac4db74fd0e8e2e.zip
2013,3380,Marcel Black,D,Rep,HD-003,2014.0,1.0,ALPERSON-MARCEL-BLACK,AL-2014-house-3-D-MARCEL-BLACK,Marcel Black,D,house,3.0,exact_name_candidate,AL_2013-2013_Regular_Session_JSON_20130520_57dd2f44a1f468732ac4db74fd0e8e2e.zip
2013,3381,Alan Harper,R,Rep,HD-061,2014.0,1.0,ALPERSON-ALAN-HARPER,AL-2014-house-61-R-ALAN-HARPER,Alan Harper,R,house,61.0,exact_name_candidate,AL_2013-2013_Regular_Session_JSON_20130520_57dd2f44a1f468732ac4db74fd0e8e2e.zip
2013,3382,Thomas Jackson,D,Rep,HD-068,,,,,,,,,unmatched_or_out_of_window,AL_2013-2013_Regular_Session_JSON_20130520_57dd2f44a1f468732ac4db74fd0e8e2e.zip
2013,3385,Lesley Vance,R,Rep,HD-080,2014.0,1.0,ALPERSON-LESLEY-VANCE,AL-2014-house-80-R-LESLEY-VANCE,Lesley Vance,R,house,80.0,exact_name_candidate,AL_2013-2013_Regular_Session_JSON_20130520_57dd2f44a1f468732ac4db74fd0e8e2e.zip
2013,3386,William Beasley,D,Sen,SD-028,,,,,,,,,unmatched_or_out_of_window,AL_2013-2013_Regular_Session_JSON_20130520_57dd2f44a1f468732ac4db74fd0e8e2e.zip
2013,3387,Stephen Hurst,R,Rep,HD-035,,,,,,,,,unmatched_or_out_of_window,AL_2013-2013_Regular_Session_JSON_20130520_57dd2f44a1f468732ac4db74fd0e8e2e.zip
2013,3388,James Buskey,D,Rep,HD-099,,,,,,,,,unmatched_or_out_of_window,AL_2013-2013_Regular_Session_JSON_20130520_57dd2f44a1f468732ac4db74fd0e8e2e.zip
2013,3389,Mary Moore,D,Rep,HD-059,2014.0,1.0,ALPERSON-MARY-MOORE,AL-2014-house-59-D-MARY-MOORE,Mary Moore,D,house,59.0,exact_name_candidate,AL_2013-2013_Regular_Session_JSON_20130520_57dd2f44a1f468732ac4db74fd0e8e2e.zip
2013,3389,Mary Moore,D,Rep,HD-059,2018.0,5.0,ALPERSON-MARY-MOORE,AL-2018-house-59-D-MARY-MOORE,Mary Moore                            ,D,house,59.0,exact_name_candidate,AL_2013-2013_Regular_Session_JSON_20130520_57dd2f44a1f468732ac4db74fd0e8e2e.zip
2013,3391,Merika Coleman-Evans,D,Rep,HD-057,,,,,,,,,unmatched_or_out_of_window,AL_2013-2013_Regular_Session_JSON_20130520_57dd2f44a1f468732ac4db74fd0e8e2e.zip
2013,3392,Richard Lindsey,D,Rep,HD-039,2014.0,1.0,ALPERSON-RICHARD-LINDSEY,AL-2014-house-39-D-RICHARD-LINDSEY,Richard Lindsey,D,house,39.0,exact_name_candidate,AL_2013-2013_Regular_Session_JSON_20130520_57dd2f44a1f468732ac4db74fd0e8e2e.zip
2013,3400,John Robinson,D,Rep,HD-023,2014.0,1.0,ALPERSON-JOHN-ROBINSON,AL-2014-house-23-D-JOHN-ROBINSON,John Robinson,D,house,23.0,exact_name_candidate,AL_2013-2013_Regular_Session_JSON_20130520_57dd2f44a1f468732ac4db74fd0e8e2e.zip
2013,3402,Johnny Morrow,D,Rep,HD-018,,,,,,,,,unmatched_or_out_of_window,AL_2013-2013_Regular_Session_JSON_20130520_57dd2f44a1f468732ac4db74fd0e8e2e.zip
2013,3405,Robert Ward,R,Sen,SD-014,,,,,,,,,unmatched_or_out_of_window,AL_2013-2013_Regular_Session_JSON_20130520_57dd2f44a1f468732ac4db74fd0e8e2e.zip
2013,3406,Craig Ford,D,Rep,HD-028,2014.0,1.0,ALPERSON-CRAIG-FORD,AL-2014-house-28-D-CRAIG-FORD,Craig Ford,D,house,28.0,exact_name_candidate,AL_2013-2013_Regular_Session_JSON_20130520_57dd2f44a1f468732ac4db74fd0e8e2e.zip
2013,3408,Randy Davis,R,Rep,HD-096,2014.0,1.0,ALPERSON-RANDY-DAVIS,AL-2014-house-96-R-RANDY-DAVIS,Randy Davis,R,house,96.0,exact_name_candidate,AL_2013-2013_Regular_Session_JSON_20130520_57dd2f44a1f468732ac4db74fd0e8e2e.zip
2013,3410,Mike Hill,R,Rep,HD-041,2014.0,1.0,ALPERSON-MIKE-HILL,AL-2014-house-41-R-MIKE-HILL,Mike Hill,R,house,41.0,exact_name_candidate,AL_2013-2013_Regular_Session_JSON_20130520_57dd2f44a1f468732ac4db74fd0e8e2e.zip
2013,3411,Mac McCutcheon,R,Rep,HD-025,2014.0,1.0,ALPERSON-MAC-MCCUTCHEON,AL-2014-house-25-R-MAC-MCCUTCHEON,Mac McCutcheon,R,house,25.0,exact_name_candidate,AL_2013-2013_Regular_Session_JSON_20130520_57dd2f44a1f468732ac4db74fd0e8e2e.zip
2013,3411,Mac McCutcheon,R,Rep,HD-025,2018.0,5.0,ALPERSON-MAC-MCCUTCHEON,AL-2018-house-25-R-MAC-MCCUTCHEON,Mac McCutcheon                        ,R,house,25.0,exact_name_candidate,AL_2013-2013_Regular_Session_JSON_20130520_57dd2f44a1f468732ac4db74fd0e8e2e.zip
2013,3415,Victor Gaston,R,Rep,HD-100,2014.0,1.0,ALPERSON-VICTOR-GASTON,AL-2014-house-100-R-VICTOR-GASTON,Victor Gaston,R,house,100.0,exact_name_candidate,AL_2013-2013_Regular_Session_JSON_20130520_57dd2f44a1f468732ac4db74fd0e8e2e.zip
2013,3415,Victor Gaston,R,Rep,HD-100,2018.0,5.0,ALPERSON-VICTOR-GASTON,AL-2018-house-100-R-VICTOR-GASTON,Victor Gaston                         ,R,house,100.0,exact_name_candidate,AL_2013-2013_Regular_Session_JSON_20130520_57dd2f44a1f468732ac4db74fd0e8e2e.zip
2013,3416,Mike Ball,R,Rep,HD-010,2014.0,1.0,ALPERSON-MIKE-BALL,AL-2014-house-10-R-MIKE-BALL,Mike Ball,R,house,10.0,exact_name_candidate,AL_2013-2013_Regular_Session_JSON_20130520_57dd2f44a1f468732ac4db74fd0e8e2e.zip
2013,3416,Mike Ball,R,Rep,HD-010,2018.0,5.0,ALPERSON-MIKE-BALL,AL-2018-house-10-R-MIKE-BALL,Mike Ball                             ,R,house,10.0,exact_name_candidate,AL_2013-2013_Regular_Session_JSON_20130520_57dd2f44a1f468732ac4db74fd0e8e2e.zip
2013,3418,Jack Williams,R,Rep,HD-047,2014.0,1.0,ALPERSON-JACK-WILLIAMS,AL-2014-house-47-R-JACK-WILLIAMS,Jack Williams,R,house,47.0,exact_name_candidate,AL_2013-2013_Regular_Session_JSON_20130520_57dd2f44a1f468732ac4db74fd0e8e2e.zip
2013,3418,Jack Williams,R,Rep,HD-047,2014.0,1.0,ALPERSON-JACK-WILLIAMS,AL-2014-house-102-R-JACK-WILLIAMS,Jack Williams,R,house,102.0,exact_name_candidate,AL_2013-2013_Regular_Session_JSON_20130520_57dd2f44a1f468732ac4db74fd0e8e2e.zip
2013,3418,Jack Williams,R,Rep,HD-047,2018.0,5.0,ALPERSON-JACK-WILLIAMS,AL-2018-senate-34-R-JACK-WILLIAMS,Jack Williams                         ,R,senate,34.0,exact_name_candidate,AL_2013-2013_Regular_Session_JSON_20130520_57dd2f44a1f468732ac4db74fd0e8e2e.zip
2013,3419,Dickie Drake,R,Rep,HD-045,2014.0,1.0,ALPERSON-DICKIE-DRAKE,AL-2014-house-45-R-DICKIE-DRAKE,Dickie Drake,R,house,45.0,exact_name_candidate,AL_2013-2013_Regular_Session_JSON_20130520_57dd2f44a1f468732ac4db74fd0e8e2e.zip
2013,3419,Dickie Drake,R,Rep,HD-045,2018.0,5.0,ALPERSON-DICKIE-DRAKE,AL-2018-house-45-R-DICKIE-DRAKE,Dickie Drake                          ,R,house,45.0,exact_name_candidate,AL_2013-2013_Regular_Session_JSON_20130520_57dd2f44a1f468732ac4db74fd0e8e2e.zip
2013,3420,Gerald Allen,R,Sen,SD-021,2014.0,1.0,ALPERSON-GERALD-ALLEN,AL-2014-senate-21-R-GERALD-ALLEN,Gerald Allen,R,senate,21.0,exact_name_candidate,AL_2013-2013_Regular_Session_JSON_20130520_57dd2f44a1f468732ac4db74fd0e8e2e.zip
2013,3420,Gerald Allen,R,Sen,SD-021,2018.0,5.0,ALPERSON-GERALD-ALLEN,AL-2018-senate-21-R-GERALD-ALLEN,Gerald Allen                          ,R,senate,21.0,exact_name_candidate,AL_2013-2013_Regular_Session_JSON_20130520_57dd2f44a1f468732ac4db74fd0e8e2e.zip
2013,3421,Joseph Hubbard,D,Rep,HD-073,,,,,,,,,unmatched_or_out_of_window,AL_2013-2013_Regular_Session_JSON_20130520_57dd2f44a1f468732ac4db74fd0e8e2e.zip
2013,3423,Harry Shiver,R,Rep,HD-064,2014.0,1.0,ALPERSON-HARRY-SHIVER,AL-2014-house-64-R-HARRY-SHIVER,Harry Shiver,R,house,64.0,exact_name_candidate,AL_2013-2013_Regular_Session_JSON_20130520_57dd2f44a1f468732ac4db74fd0e8e2e.zip
2013,3423,Harry Shiver,R,Rep,HD-064,2018.0,5.0,ALPERSON-HARRY-SHIVER,AL-2018-house-64-R-HARRY-SHIVER,Harry Shiver                          ,R,house,64.0,exact_name_candidate,AL_2013-2013_Regular_Session_JSON_20130520_57dd2f44a1f468732ac4db74fd0e8e2e.zip
2013,3424,Joe Faust,R,Rep,HD-094,2018.0,5.0,ALPERSON-JOE-FAUST,AL-2018-house-94-R-JOE-FAUST,Joe Faust                             ,R,house,94.0,exact_name_candidate,AL_2013-2013_Regular_Session_JSON_20130520_57dd2f44a1f468732ac4db74fd0e8e2e.zip
2013,3426,Alan Baker,R,Rep,HD-066,2014.0,1.0,ALPERSON-ALAN-BAKER,AL-2014-house-66-R-ALAN-BAKER,Alan Baker,R,house,66.0,exact_name_candidate,AL_2013-2013_Regular_Session_JSON_20130520_57dd2f44a1f468732ac4db74fd0e8e2e.zip
2013,3426,Alan Baker,R,Rep,HD-066,2018.0,5.0,ALPERSON-ALAN-BAKER,AL-2018-house-66-R-ALAN-BAKER,Alan Baker                            ,R,house,66.0,exact_name_candidate,AL_2013-2013_Regular_Session_JSON_20130520_57dd2f44a1f468732ac4db74fd0e8e2e.zip
2013,3427,Steve McMillan,R,Rep,HD-095,2014.0,1.0,ALPERSON-STEVE-MCMILLAN,AL-2014-house-95-R-STEVE-MCMILLAN,Steve McMillan,R,house,95.0,exact_name_candidate,AL_2013-2013_Regular_Session_JSON_20130520_57dd2f44a1f468732ac4db74fd0e8e2e.zip
2013,3427,Steve McMillan,R,Rep,HD-095,2018.0,5.0,ALPERSON-STEVE-MCMILLAN,AL-2018-house-95-R-STEVE-MCMILLAN,Steve McMillan                        ,R,house,95.0,exact_name_candidate,AL_2013-2013_Regular_Session_JSON_20130520_57dd2f44a1f468732ac4db74fd0e8e2e.zip
2013,3428,James Ison,R,Rep,HD-101,,,,,,,,,unmatched_or_out_of_window,AL_2013-2013_Regular_Session_JSON_20130520_57dd2f44a1f468732ac4db74fd0e8e2e.zip
2013,3429,Jim McClendon,R,Rep,SD-011,2014.0,1.0,ALPERSON-JIM-MCCLENDON,AL-2014-senate-11-R-JIM-MCCLENDON,Jim McClendon,R,senate,11.0,exact_name_candidate,AL_2013-2013_Regular_Session_JSON_20130520_57dd2f44a1f468732ac4db74fd0e8e2e.zip
2013,3429,Jim McClendon,R,Rep,SD-011,2018.0,5.0,ALPERSON-JIM-MCCLENDON,AL-2018-senate-11-R-JIM-MCCLENDON,Jim McClendon                         ,R,senate,11.0,exact_name_candidate,AL_2013-2013_Regular_Session_JSON_20130520_57dd2f44a1f468732ac4db74fd0e8e2e.zip
2013,3430,Randy Wood,R,Rep,HD-036,2014.0,1.0,ALPERSON-RANDY-WOOD,AL-2014-house-36-R-RANDY-WOOD,Randy Wood,R,house,36.0,exact_name_candidate,AL_2013-2013_Regular_Session_JSON_20130520_57dd2f44a1f468732ac4db74fd0e8e2e.zip
2013,3430,Randy Wood,R,Rep,HD-036,2018.0,5.0,ALPERSON-RANDY-WOOD,AL-2018-house-36-R-RANDY-WOOD,Randy Wood                            ,R,house,36.0,exact_name_candidate,AL_2013-2013_Regular_Session_JSON_20130520_57dd2f44a1f468732ac4db74fd0e8e2e.zip
2013,3432,Steve Clouse,R,Rep,HD-093,2014.0,1.0,ALPERSON-STEVE-CLOUSE,AL-2014-house-93-R-STEVE-CLOUSE,Steve Clouse,R,house,93.0,exact_name_candidate,AL_2013-2013_Regular_Session_JSON_20130520_57dd2f44a1f468732ac4db74fd0e8e2e.zip
2013,3432,Steve Clouse,R,Rep,HD-093,2018.0,5.0,ALPERSON-STEVE-CLOUSE,AL-2018-house-93-R-STEVE-CLOUSE,Steve Clouse                          ,R,house,93.0,exact_name_candidate,AL_2013-2013_Regular_Session_JSON_20130520_57dd2f44a1f468732ac4db74fd0e8e2e.zip
2013,3434,Harry Bridges,R,Rep,HD-038,,,,,,,,,unmatched_or_out_of_window,AL_2013-2013_Regular_Session_JSON_20130520_57dd2f44a1f468732ac4db74fd0e8e2e.zip
2013,3435,Howard Sanderford,R,Rep,HD-020,2014.0,1.0,ALPERSON-HOWARD-SANDERFORD,AL-2014-house-20-R-HOWARD-SANDERFORD,Howard Sanderford,R,house,20.0,exact_name_candidate,AL_2013-2013_Regular_Session_JSON_20130520_57dd2f44a1f468732ac4db74fd0e8e2e.zip
2013,3435,Howard Sanderford,R,Rep,HD-020,2018.0,5.0,ALPERSON-HOWARD-SANDERFORD,AL-2018-house-20-R-HOWARD-SANDERFORD,Howard Sanderford                     ,R,house,20.0,exact_name_candidate,AL_2013-2013_Regular_Session_JSON_20130520_57dd2f44a1f468732ac4db74fd0e8e2e.zip
2013,3437,Phil Williams,R,Rep,HD-006,2014.0,1.0,ALPERSON-PHIL-WILLIAMS,AL-2014-house-6-R-PHIL-WILLIAMS,Phil Williams,R,house,6.0,exact_name_candidate,AL_2013-2013_Regular_Session_JSON_20130520_57dd2f44a1f468732ac4db74fd0e8e2e.zip
2013,3437,Phil Williams,R,Rep,HD-006,2014.0,1.0,ALPERSON-PHIL-WILLIAMS,AL-2014-senate-10-R-PHIL-WILLIAMS,Phil Williams,R,senate,10.0,exact_name_candidate,AL_2013-2013_Regular_Session_JSON_20130520_57dd2f44a1f468732ac4db74fd0e8e2e.zip
2013,3438,Micky Hammon,R,Rep,HD-004,2014.0,1.0,ALPERSON-MICKY-HAMMON,AL-2014-house-4-R-MICKY-HAMMON,Micky Hammon,R,house,4.0,exact_name_candidate,AL_2013-2013_Regular_Session_JSON_20130520_57dd2f44a1f468732ac4db74fd0e8e2e.zip
2013,3439,Gregory Wren,R,Rep,HD-075,,,,,,,,,unmatched_or_out_of_window,AL_2013-2013_Regular_Session_JSON_20130520_57dd2f44a1f468732ac4db74fd0e8e2e.zip
2013,3442,Alvin Holmes,D,Rep,HD-078,2014.0,1.0,ALPERSON-ALVIN-HOLMES,AL-2014-house-78-D-ALVIN-HOLMES,Alvin Holmes,D,house,78.0,exact_name_candidate,AL_2013-2013_Regular_Session_JSON_20130520_57dd2f44a1f468732ac4db74fd0e8e2e.zip
2013,3445,Allen Treadaway,R,Rep,HD-051,2014.0,1.0,ALPERSON-ALLEN-TREADAWAY,AL-2014-house-51-R-ALLEN-TREADAWAY,Allen Treadaway,R,house,51.0,exact_name_candidate,AL_2013-2013_Regular_Session_JSON_20130520_57dd2f44a1f468732ac4db74fd0e8e2e.zip
2013,3445,Allen Treadaway,R,Rep,HD-051,2018.0,5.0,ALPERSON-ALLEN-TREADAWAY,AL-2018-house-51-R-ALLEN-TREADAWAY,Allen Treadaway                       ,R,house,51.0,exact_name_candidate,AL_2013-2013_Regular_Session_JSON_20130520_57dd2f44a1f468732ac4db74fd0e8e2e.zip
2013,3449,Ronald Johnson,R,Rep,HD-033,,,,,,,,,unmatched_or_out_of_window,AL_2013-2013_Regular_Session_JSON_20130520_57dd2f44a1f468732ac4db74fd0e8e2e.zip
2013,3450,Alan Boothe,R,Rep,HD-089,,,,,,,,,unmatched_or_out_of_window,AL_2013-2013_Regular_Session_JSON_20130520_57dd2f44a1f468732ac4db74fd0e8e2e.zip
2013,3453,Mary McClurkin,R,Rep,HD-043,,,,,,,,,unmatched_or_out_of_window,AL_2013-2013_Regular_Session_JSON_20130520_57dd2f44a1f468732ac4db74fd0e8e2e.zip
2013,3454,John Rogers,D,Rep,HD-052,,,,,,,,,unmatched_or_out_of_window,AL_2013-2013_Regular_Session_JSON_20130520_57dd2f44a1f468732ac4db74fd0e8e2e.zip
2013,3455,Elaine Beech,D,Rep,HD-065,2014.0,1.0,ALPERSON-ELAINE-BEECH,AL-2014-house-65-D-ELAINE-BEECH,Elaine Beech,D,house,65.0,exact_name_candidate,AL_2013-2013_Regular_Session_JSON_20130520_57dd2f44a1f468732ac4db74fd0e8e2e.zip
2013,3455,Elaine Beech,D,Rep,HD-065,2018.0,5.0,ALPERSON-ELAINE-BEECH,AL-2018-house-65-D-ELAINE-BEECH,Elaine Beech                          ,D,house,65.0,exact_name_candidate,AL_2013-2013_Regular_Session_JSON_20130520_57dd2f44a1f468732ac4db74fd0e8e2e.zip
2013,3456,Roderick Scott,D,Rep,HD-055,,,,,,,,,unmatched_or_out_of_window,AL_2013-2013_Regular_Session_JSON_20130520_57dd2f44a1f468732ac4db74fd0e8e2e.zip
2013,3458,George Bandy,D,Rep,HD-083,,,,,,,,,unmatched_or_out_of_window,AL_2013-2013_Regular_Session_JSON_20130520_57dd2f44a1f468732ac4db74fd0e8e2e.zip
2013,3459,K.L. Brown,R,Rep,HD-040,,,,,,,,,unmatched_or_out_of_window,AL_2013-2013_Regular_Session_JSON_20130520_57dd2f44a1f468732ac4db74fd0e8e2e.zip
2013,3461,J.T. Waggoner,R,Sen,SD-016,,,,,,,,,unmatched_or_out_of_window,AL_2013-2013_Regular_Session_JSON_20130520_57dd2f44a1f468732ac4db74fd0e8e2e.zip
2013,3462,Del Marsh,R,Sen,SD-012,2014.0,1.0,ALPERSON-DEL-MARSH,AL-2014-senate-12-R-DEL-MARSH,Del Marsh,R,senate,12.0,exact_name_candidate,AL_2013-2013_Regular_Session_JSON_20130520_57dd2f44a1f468732ac4db74fd0e8e2e.zip
2013,3462,Del Marsh,R,Sen,SD-012,2018.0,5.0,ALPERSON-DEL-MARSH,AL-2018-senate-12-R-DEL-MARSH,Del Marsh                             ,R,senate,12.0,exact_name_candidate,AL_2013-2013_Regular_Session_JSON_20130520_57dd2f44a1f468732ac4db74fd0e8e2e.zip
2013,3464,Trip Pittman,R,Sen,SD-032,2014.0,1.0,ALPERSON-TRIP-PITTMAN,AL-2014-senate-32-R-TRIP-PITTMAN,Trip Pittman,R,senate,32.0,exact_name_candidate,AL_2013-2013_Regular_Session_JSON_20130520_57dd2f44a1f468732ac4db74fd0e8e2e.zip
2013,3465,Rodger Smitherman,D,Sen,SD-018,,,,,,,,,unmatched_or_out_of_window,AL_2013-2013_Regular_Session_JSON_20130520_57dd2f44a1f468732ac4db74fd0e8e2e.zip
2013,3467,Paul Sanford,R,Sen,SD-007,,,,,,,,,unmatched_or_out_of_window,AL_2013-2013_Regular_Session_JSON_20130520_57dd2f44a1f468732ac4db74fd0e8e2e.zip
2013,3469,Rusty Glover,R,Sen,SD-034,2014.0,1.0,ALPERSON-RUSTY-GLOVER,AL-2014-senate-34-R-RUSTY-GLOVER,Rusty Glover,R,senate,34.0,exact_name_candidate,AL_2013-2013_Regular_Session_JSON_20130520_57dd2f44a1f468732ac4db74fd0e8e2e.zip
2013,3470,Hank Sanders,D,Sen,SD-023,2014.0,1.0,ALPERSON-HANK-SANDERS,AL-2014-senate-23-D-HANK-SANDERS,Hank Sanders,D,senate,23.0,exact_name_candidate,AL_2013-2013_Regular_Session_JSON_20130520_57dd2f44a1f468732ac4db74fd0e8e2e.zip
2013,3472,Quinton Ross,D,Sen,SD-026,,,,,,,,,unmatched_or_out_of_window,AL_2013-2013_Regular_Session_JSON_20130520_57dd2f44a1f468732ac4db74fd0e8e2e.zip
2013,3473,Roger Bedford,D,Sen,SD-006,2014.0,1.0,ALPERSON-ROGER-BEDFORD-JR,AL-2014-senate-6-D-ROGER-BEDFORD-JR,"Roger Bedford, Jr.",D,senate,6.0,exact_name_candidate,AL_2013-2013_Regular_Session_JSON_20130520_57dd2f44a1f468732ac4db74fd0e8e2e.zip
2013,3479,Linda Coleman-Madison,D,Sen,SD-020,2018.0,5.0,ALPERSON-LINDA-COLEMAN-MADISON,AL-2018-senate-20-D-LINDA-COLEMAN-MADISON,Linda Coleman-Madison                 ,D,senate,20.0,exact_name_candidate,AL_2013-2013_Regular_Session_JSON_20130520_57dd2f44a1f468732ac4db74fd0e8e2e.zip
2013,3480,Priscilla Dunn,D,Sen,SD-019,2014.0,1.0,ALPERSON-PRISCILLA-DUNN,AL-2014-senate-19-D-PRISCILLA-DUNN,Priscilla Dunn,D,senate,19.0,exact_name_candidate,AL_2013-2013_Regular_Session_JSON_20130520_57dd2f44a1f468732ac4db74fd0e8e2e.zip
2013,3480,Priscilla Dunn,D,Sen,SD-019,2018.0,5.0,ALPERSON-PRISCILLA-DUNN,AL-2018-senate-19-D-PRISCILLA-DUNN,Priscilla Dunn                        ,D,senate,19.0,exact_name_candidate,AL_2013-2013_Regular_Session_JSON_20130520_57dd2f44a1f468732ac4db74fd0e8e2e.zip
2013,3481,Arthur Orr,R,Sen,SD-003,2014.0,1.0,ALPERSON-ARTHUR-ORR,AL-2014-senate-3-R-ARTHUR-ORR,Arthur Orr,R,senate,3.0,exact_name_candidate,AL_2013-2013_Regular_Session_JSON_20130520_57dd2f44a1f468732ac4db74fd0e8e2e.zip
2013,3481,Arthur Orr,R,Sen,SD-003,2018.0,5.0,ALPERSON-ARTHUR-ORR,AL-2018-senate-3-R-ARTHUR-ORR,Arthur Orr                            ,R,senate,3.0,exact_name_candidate,AL_2013-2013_Regular_Session_JSON_20130520_57dd2f44a1f468732ac4db74fd0e8e2e.zip
2013,3482,Bobby Singleton,D,Sen,SD-024,2014.0,1.0,ALPERSON-BOBBY-SINGLETON,AL-2014-senate-24-D-BOBBY-SINGLETON,Bobby Singleton,D,senate,24.0,exact_name_candidate,AL_2013-2013_Regular_Session_JSON_20130520_57dd2f44a1f468732ac4db74fd0e8e2e.zip
2013,3482,Bobby Singleton,D,Sen,SD-024,2018.0,5.0,ALPERSON-BOBBY-SINGLETON,AL-2018-senate-24-D-BOBBY-SINGLETON,Bobby Singleton                       ,D,senate,24.0,exact_name_candidate,AL_2013-2013_Regular_Session_JSON_20130520_57dd2f44a1f468732ac4db74fd0e8e2e.zip
2013,3485,George Keahey,D,Sen,SD-022,,,,,,,,,unmatched_or_out_of_window,AL_2013-2013_Regular_Session_JSON_20130520_57dd2f44a1f468732ac4db74fd0e8e2e.zip
2013,3490,Vivian Figures,D,Sen,SD-033,,,,,,,,,unmatched_or_out_of_window,AL_2013-2013_Regular_Session_JSON_20130520_57dd2f44a1f468732ac4db74fd0e8e2e.zip
2013,3491,Jimmy Holley,R,Sen,SD-031,,,,,,,,,unmatched_or_out_of_window,AL_2013-2013_Regular_Session_JSON_20130520_57dd2f44a1f468732ac4db74fd0e8e2e.zip
2013,3493,Harri Smith,I,Sen,SD-029,,,,,,,,,unmatched_or_out_of_window,AL_2013-2013_Regular_Session_JSON_20130520_57dd2f44a1f468732ac4db74fd0e8e2e.zip
2014,12485,Kerry Rich,R,Rep,HD-026,2014.0,0.0,ALPERSON-KERRY-RICH,AL-2014-house-26-R-KERRY-RICH,Kerry Rich,R,house,26.0,exact_name_candidate,AL_2014-2014_Regular_Session_JSON_20140403_94bd66952f6c18ffaf97a535455b46b9.zip
2014,12485,Kerry Rich,R,Rep,HD-026,2018.0,4.0,ALPERSON-KERRY-RICH,AL-2018-house-26-R-KERRY-RICH,Kerry Rich                            ,R,house,26.0,exact_name_candidate,AL_2014-2014_Regular_Session_JSON_20140403_94bd66952f6c18ffaf97a535455b46b9.zip
2014,12486,Terri Collins,R,Rep,HD-008,2014.0,0.0,ALPERSON-TERRI-COLLINS,AL-2014-house-8-R-TERRI-COLLINS,Terri Collins,R,house,8.0,exact_name_candidate,AL_2014-2014_Regular_Session_JSON_20140403_94bd66952f6c18ffaf97a535455b46b9.zip
2014,12486,Terri Collins,R,Rep,HD-008,2018.0,4.0,ALPERSON-TERRI-COLLINS,AL-2018-house-8-R-TERRI-COLLINS,Terri Collins                         ,R,house,8.0,exact_name_candidate,AL_2014-2014_Regular_Session_JSON_20140403_94bd66952f6c18ffaf97a535455b46b9.zip
2014,12486,Terri Collins,R,Rep,HD-008,2022.0,8.0,ALPERSON-TERRI-COLLINS,AL-2022-house-8-R-TERRI-COLLINS,Terri Collins                         ,R,house,8.0,exact_name_candidate,AL_2014-2014_Regular_Session_JSON_20140403_94bd66952f6c18ffaf97a535455b46b9.zip
2014,12487,William Roberts,R,Rep,HD-013,,,,,,,,,unmatched_or_out_of_window,AL_2014-2014_Regular_Session_JSON_20140403_94bd66952f6c18ffaf97a535455b46b9.zip
2014,12488,Lynn Greer,R,Rep,HD-002,2014.0,0.0,ALPERSON-LYNN-GREER,AL-2014-house-2-R-LYNN-GREER,Lynn Greer,R,house,2.0,exact_name_candidate,AL_2014-2014_Regular_Session_JSON_20140403_94bd66952f6c18ffaf97a535455b46b9.zip
2014,12488,Lynn Greer,R,Rep,HD-002,2018.0,4.0,ALPERSON-LYNN-GREER,AL-2018-house-2-R-LYNN-GREER,Lynn Greer                            ,R,house,2.0,exact_name_candidate,AL_2014-2014_Regular_Session_JSON_20140403_94bd66952f6c18ffaf97a535455b46b9.zip
2014,12489,Dan Williams,R,Rep,HD-005,2014.0,0.0,ALPERSON-DAN-WILLIAMS,AL-2014-house-5-R-DAN-WILLIAMS,Dan Williams,R,house,5.0,exact_name_candidate,AL_2014-2014_Regular_Session_JSON_20140403_94bd66952f6c18ffaf97a535455b46b9.zip
2014,12492,Greg Reed,R,Sen,SD-005,2014.0,0.0,ALPERSON-GREG-REED,AL-2014-senate-5-R-GREG-REED,Greg Reed,R,senate,5.0,exact_name_candidate,AL_2014-2014_Regular_Session_JSON_20140403_94bd66952f6c18ffaf97a535455b46b9.zip
2014,12495,Dick Brewbaker,R,Sen,SD-025,,,,,,,,,unmatched_or_out_of_window,AL_2014-2014_Regular_Session_JSON_20140403_94bd66952f6c18ffaf97a535455b46b9.zip
2014,12496,Paul Bussman,R,Sen,SD-004,2014.0,0.0,ALPERSON-PAUL-BUSSMAN,AL-2014-senate-4-R-PAUL-BUSSMAN,Paul Bussman,R,senate,4.0,exact_name_candidate,AL_2014-2014_Regular_Session_JSON_20140403_94bd66952f6c18ffaf97a535455b46b9.zip
2014,12497,Bill Holtzclaw,R,Sen,SD-002,2014.0,0.0,ALPERSON-BILL-HOLTZCLAW,AL-2014-senate-2-R-BILL-HOLTZCLAW,Bill Holtzclaw,R,senate,2.0,exact_name_candidate,AL_2014-2014_Regular_Session_JSON_20140403_94bd66952f6c18ffaf97a535455b46b9.zip
2014,12498,Phillip Williams,R,Sen,SD-010,,,,,,,,,unmatched_or_out_of_window,AL_2014-2014_Regular_Session_JSON_20140403_94bd66952f6c18ffaf97a535455b46b9.zip
2014,12499,Clay Scofield,R,Sen,SD-009,2014.0,0.0,ALPERSON-CLAY-SCOFIELD,AL-2014-senate-9-R-CLAY-SCOFIELD,Clay Scofield,R,senate,9.0,exact_name_candidate,AL_2014-2014_Regular_Session_JSON_20140403_94bd66952f6c18ffaf97a535455b46b9.zip
2014,12499,Clay Scofield,R,Sen,SD-009,2018.0,4.0,ALPERSON-CLAY-SCOFIELD,AL-2018-senate-9-R-CLAY-SCOFIELD,Clay Scofield                         ,R,senate,9.0,exact_name_candidate,AL_2014-2014_Regular_Session_JSON_20140403_94bd66952f6c18ffaf97a535455b46b9.zip
2014,12499,Clay Scofield,R,Sen,SD-009,2022.0,8.0,ALPERSON-CLAY-SCOFIELD,AL-2022-senate-9-R-CLAY-SCOFIELD,Clay Scofield                         ,R,senate,9.0,exact_name_candidate,AL_2014-2014_Regular_Session_JSON_20140403_94bd66952f6c18ffaf97a535455b46b9.zip
2014,12500,April Weaver,R,Rep,HD-049,2014.0,0.0,ALPERSON-APRIL-WEAVER,AL-2014-house-49-R-APRIL-WEAVER,April Weaver,R,house,49.0,exact_name_candidate,AL_2014-2014_Regular_Session_JSON_20140403_94bd66952f6c18ffaf97a535455b46b9.zip
2014,12500,April Weaver,R,Rep,HD-049,2018.0,4.0,ALPERSON-APRIL-WEAVER,AL-2018-house-49-R-APRIL-WEAVER,April Weaver                          ,R,house,49.0,exact_name_candidate,AL_2014-2014_Regular_Session_JSON_20140403_94bd66952f6c18ffaf97a535455b46b9.zip
2014,12500,April Weaver,R,Rep,HD-049,2022.0,8.0,ALPERSON-APRIL-WEAVER,AL-2022-senate-14-R-APRIL-WEAVER,April Weaver                          ,R,senate,14.0,exact_name_candidate,AL_2014-2014_Regular_Session_JSON_20140403_94bd66952f6c18ffaf97a535455b46b9.zip
2014,12501,Barry Moore,R,Rep,HD-091,2014.0,0.0,ALPERSON-BARRY-MOORE,AL-2014-house-91-R-BARRY-MOORE,Barry Moore,R,house,91.0,exact_name_candidate,AL_2014-2014_Regular_Session_JSON_20140403_94bd66952f6c18ffaf97a535455b46b9.zip
2014,12502,Ed Henry,R,Rep,HD-009,2014.0,0.0,ALPERSON-ED-HENRY,AL-2014-house-9-R-ED-HENRY,Ed Henry,R,house,9.0,exact_name_candidate,AL_2014-2014_Regular_Session_JSON_20140403_94bd66952f6c18ffaf97a535455b46b9.zip
2014,12503,Mike Hubbard,R,Rep,HD-079,2014.0,0.0,ALPERSON-MIKE-HUBBARD,AL-2014-house-79-R-MIKE-HUBBARD,Mike Hubbard,R,house,79.0,exact_name_candidate,AL_2014-2014_Regular_Session_JSON_20140403_94bd66952f6c18ffaf97a535455b46b9.zip
2014,12506,Becky Nordgren,R,Rep,HD-029,2014.0,0.0,ALPERSON-BECKY-NORDGREN,AL-2014-house-29-R-BECKY-NORDGREN,Becky Nordgren,R,house,29.0,exact_name_candidate,AL_2014-2014_Regular_Session_JSON_20140403_94bd66952f6c18ffaf97a535455b46b9.zip
2014,12506,Becky Nordgren,R,Rep,HD-029,2018.0,4.0,ALPERSON-BECKY-NORDGREN,AL-2018-house-29-R-BECKY-NORDGREN,Becky Nordgren                        ,R,house,29.0,exact_name_candidate,AL_2014-2014_Regular_Session_JSON_20140403_94bd66952f6c18ffaf97a535455b46b9.zip
2014,12509,Donnie Chesteen,R,Rep,SD-029,2014.0,0.0,ALPERSON-DONNIE-CHESTEEN,AL-2014-house-87-R-DONNIE-CHESTEEN,Donnie Chesteen,R,house,87.0,exact_name_candidate,AL_2014-2014_Regular_Session_JSON_20140403_94bd66952f6c18ffaf97a535455b46b9.zip
2014,12509,Donnie Chesteen,R,Rep,SD-029,2018.0,4.0,ALPERSON-DONNIE-CHESTEEN,AL-2018-senate-29-R-DONNIE-CHESTEEN,Donnie Chesteen                       ,R,senate,29.0,exact_name_candidate,AL_2014-2014_Regular_Session_JSON_20140403_94bd66952f6c18ffaf97a535455b46b9.zip
2014,12509,Donnie Chesteen,R,Rep,SD-029,2022.0,8.0,ALPERSON-DONNIE-CHESTEEN,AL-2022-senate-29-R-DONNIE-CHESTEEN,Donnie Chesteen                       ,R,senate,29.0,exact_name_candidate,AL_2014-2014_Regular_Session_JSON_20140403_94bd66952f6c18ffaf97a535455b46b9.zip
2014,12512,Ken Johnson,R,Rep,HD-007,2014.0,0.0,ALPERSON-KEN-JOHNSON,AL-2014-house-7-R-KEN-JOHNSON,Ken Johnson,R,house,7.0,exact_name_candidate,AL_2014-2014_Regular_Session_JSON_20140403_94bd66952f6c18ffaf97a535455b46b9.zip
2014,12513,Jim Patterson,R,Rep,HD-021,2014.0,0.0,ALPERSON-JIM-PATTERSON,AL-2014-house-21-R-JIM-PATTERSON,Jim Patterson,R,house,21.0,exact_name_candidate,AL_2014-2014_Regular_Session_JSON_20140403_94bd66952f6c18ffaf97a535455b46b9.zip
2014,12515,Gerald Dial,R,Sen,SD-013,2014.0,0.0,ALPERSON-GERALD-DIAL,AL-2014-senate-13-R-GERALD-DIAL,Gerald Dial,R,senate,13.0,exact_name_candidate,AL_2014-2014_Regular_Session_JSON_20140403_94bd66952f6c18ffaf97a535455b46b9.zip
2014,12517,Jerry Fielding,D,Sen,SD-011,,,,,,,,,unmatched_or_out_of_window,AL_2014-2014_Regular_Session_JSON_20140403_94bd66952f6c18ffaf97a535455b46b9.zip
2014,12521,Thomas Whatley,R,Sen,SD-027,,,,,,,,,unmatched_or_out_of_window,AL_2014-2014_Regular_Session_JSON_20140403_94bd66952f6c18ffaf97a535455b46b9.zip
2014,12523,Daniel Boman,R,Rep,HD-016,,,,,,,,,unmatched_or_out_of_window,AL_2014-2014_Regular_Session_JSON_20140403_94bd66952f6c18ffaf97a535455b46b9.zip
2014,12525,Mike Jones,R,Rep,HD-092,2014.0,0.0,ALPERSON-MIKE-JONES-JR,AL-2014-house-92-R-MIKE-JONES-JR,"Mike Jones, Jr.",R,house,92.0,exact_name_candidate,AL_2014-2014_Regular_Session_JSON_20140403_94bd66952f6c18ffaf97a535455b46b9.zip
2014,12525,Mike Jones,R,Rep,HD-092,2018.0,4.0,ALPERSON-MIKE-JONES-JR,AL-2018-house-92-R-MIKE-JONES-JR,"Mike Jones, Jr.                       ",R,house,92.0,exact_name_candidate,AL_2014-2014_Regular_Session_JSON_20140403_94bd66952f6c18ffaf97a535455b46b9.zip
2014,12526,Paul Beckman,R,Rep,HD-088,2014.0,0.0,ALPERSON-PAUL-BECKMAN,AL-2014-house-88-R-PAUL-BECKMAN,Paul Beckman,R,house,88.0,exact_name_candidate,AL_2014-2014_Regular_Session_JSON_20140403_94bd66952f6c18ffaf97a535455b46b9.zip
2014,12530,William Poole,R,Rep,HD-063,,,,,,,,,unmatched_or_out_of_window,AL_2014-2014_Regular_Session_JSON_20140403_94bd66952f6c18ffaf97a535455b46b9.zip
2014,12541,Slade Blackwell,R,Sen,SD-015,2014.0,0.0,ALPERSON-SLADE-BLACKWELL,AL-2014-senate-15-R-SLADE-BLACKWELL,Slade Blackwell,R,senate,15.0,exact_name_candidate,AL_2014-2014_Regular_Session_JSON_20140403_94bd66952f6c18ffaf97a535455b46b9.zip
2014,12542,Napoleon Bracy,D,Rep,HD-098,2014.0,0.0,ALPERSON-NAPOLEON-BRACY-JR,AL-2014-house-98-D-NAPOLEON-BRACY-JR,"Napoleon Bracy, Jr.",D,house,98.0,exact_name_candidate,AL_2014-2014_Regular_Session_JSON_20140403_94bd66952f6c18ffaf97a535455b46b9.zip
2014,12542,Napoleon Bracy,D,Rep,HD-098,2018.0,4.0,ALPERSON-NAPOLEON-BRACY-JR,AL-2018-house-98-D-NAPOLEON-BRACY-JR,"Napoleon Bracy, Jr.                   ",D,house,98.0,exact_name_candidate,AL_2014-2014_Regular_Session_JSON_20140403_94bd66952f6c18ffaf97a535455b46b9.zip
2014,12542,Napoleon Bracy,D,Rep,HD-098,2022.0,8.0,ALPERSON-NAPOLEON-BRACY-JR,AL-2022-house-98-D-NAPOLEON-BRACY-JR,"Napoleon Bracy, Jr.                   ",D,house,98.0,exact_name_candidate,AL_2014-2014_Regular_Session_JSON_20140403_94bd66952f6c18ffaf97a535455b46b9.zip
2014,12543,Berry Forte,D,Rep,HD-084,2014.0,0.0,ALPERSON-BERRY-FORTE,AL-2014-house-84-D-BERRY-FORTE,Berry Forte,D,house,84.0,exact_name_candidate,AL_2014-2014_Regular_Session_JSON_20140403_94bd66952f6c18ffaf97a535455b46b9.zip
2014,12543,Berry Forte,D,Rep,HD-084,2018.0,4.0,ALPERSON-BERRY-FORTE,AL-2018-house-84-D-BERRY-FORTE,Berry Forte                           ,D,house,84.0,exact_name_candidate,AL_2014-2014_Regular_Session_JSON_20140403_94bd66952f6c18ffaf97a535455b46b9.zip
2014,12543,Berry Forte,D,Rep,HD-084,2022.0,8.0,ALPERSON-BERRY-FORTE,AL-2022-house-84-D-BERRY-FORTE,Berry Forte                           ,D,house,84.0,exact_name_candidate,AL_2014-2014_Regular_Session_JSON_20140403_94bd66952f6c18ffaf97a535455b46b9.zip
2014,12545,Mark Tuggle,R,Rep,HD-081,,,,,,,,,unmatched_or_out_of_window,AL_2014-2014_Regular_Session_JSON_20140403_94bd66952f6c18ffaf97a535455b46b9.zip
2014,12546,Darrio Melton,D,Rep,HD-067,2014.0,0.0,ALPERSON-DARRIO-MELTON,AL-2014-house-67-D-DARRIO-MELTON,Darrio Melton,D,house,67.0,exact_name_candidate,AL_2014-2014_Regular_Session_JSON_20140403_94bd66952f6c18ffaf97a535455b46b9.zip
2014,12547,Greg Burdine,D,Rep,HD-001,2014.0,0.0,ALPERSON-GREG-BURDINE,AL-2014-house-1-D-GREG-BURDINE,Greg Burdine,D,house,1.0,exact_name_candidate,AL_2014-2014_Regular_Session_JSON_20140403_94bd66952f6c18ffaf97a535455b46b9.zip
2014,12548,Allen Farley,R,Rep,HD-015,2014.0,0.0,ALPERSON-ALLEN-FARLEY,AL-2014-house-15-R-ALLEN-FARLEY,Allen Farley,R,house,15.0,exact_name_candidate,AL_2014-2014_Regular_Session_JSON_20140403_94bd66952f6c18ffaf97a535455b46b9.zip
2014,12548,Allen Farley,R,Rep,HD-015,2018.0,4.0,ALPERSON-ALLEN-FARLEY,AL-2018-house-15-R-ALLEN-FARLEY,Allen Farley                          ,R,house,15.0,exact_name_candidate,AL_2014-2014_Regular_Session_JSON_20140403_94bd66952f6c18ffaf97a535455b46b9.zip
2014,12549,Dexter Grimsley,D,Rep,HD-085,2014.0,0.0,ALPERSON-DEXTER-GRIMSLEY,AL-2014-house-85-D-DEXTER-GRIMSLEY,Dexter Grimsley,D,house,85.0,exact_name_candidate,AL_2014-2014_Regular_Session_JSON_20140403_94bd66952f6c18ffaf97a535455b46b9.zip
2014,12549,Dexter Grimsley,D,Rep,HD-085,2018.0,4.0,ALPERSON-DEXTER-GRIMSLEY,AL-2018-house-85-D-DEXTER-GRIMSLEY,Dexter Grimsley                       ,D,house,85.0,exact_name_candidate,AL_2014-2014_Regular_Session_JSON_20140403_94bd66952f6c18ffaf97a535455b46b9.zip
2014,12549,Dexter Grimsley,D,Rep,HD-085,2022.0,8.0,ALPERSON-DEXTER-GRIMSLEY,AL-2022-house-85-D-DEXTER-GRIMSLEY,Dexter Grimsley                       ,D,house,85.0,exact_name_candidate,AL_2014-2014_Regular_Session_JSON_20140403_94bd66952f6c18ffaf97a535455b46b9.zip
2014,12550,Juandalynn Givan,D,Rep,HD-060,2018.0,4.0,ALPERSON-JUANDALYNN-GIVAN,AL-2018-house-60-D-JUANDALYNN-GIVAN,Juandalynn Givan                      ,D,house,60.0,exact_name_candidate,AL_2014-2014_Regular_Session_JSON_20140403_94bd66952f6c18ffaf97a535455b46b9.zip
2014,12550,Juandalynn Givan,D,Rep,HD-060,2022.0,8.0,ALPERSON-JUANDALYNN-GIVAN,AL-2022-house-60-D-JUANDALYNN-GIVAN,Juandalynn Givan                      ,D,house,60.0,exact_name_candidate,AL_2014-2014_Regular_Session_JSON_20140403_94bd66952f6c18ffaf97a535455b46b9.zip
2014,13150,David Sessions,R,Rep,SD-035,2014.0,0.0,ALPERSON-DAVID-SESSIONS,AL-2014-house-105-R-DAVID-SESSIONS,David Sessions,R,house,105.0,exact_name_candidate,AL_2014-2014_Regular_Session_JSON_20140403_94bd66952f6c18ffaf97a535455b46b9.zip
2014,13150,David Sessions,R,Rep,SD-035,2018.0,4.0,ALPERSON-DAVID-SESSIONS,AL-2018-senate-35-R-DAVID-SESSIONS,David Sessions                        ,R,senate,35.0,exact_name_candidate,AL_2014-2014_Regular_Session_JSON_20140403_94bd66952f6c18ffaf97a535455b46b9.zip
2014,13150,David Sessions,R,Rep,SD-035,2022.0,8.0,ALPERSON-DAVID-SESSIONS,AL-2022-senate-35-R-DAVID-SESSIONS,David Sessions                        ,R,senate,35.0,exact_name_candidate,AL_2014-2014_Regular_Session_JSON_20140403_94bd66952f6c18ffaf97a535455b46b9.zip
2014,13766,Jim Carns,R,Rep,HD-048,2014.0,0.0,ALPERSON-JIM-CARNS,AL-2014-house-48-R-JIM-CARNS,Jim Carns,R,house,48.0,exact_name_candidate,AL_2014-2014_Regular_Session_JSON_20140403_94bd66952f6c18ffaf97a535455b46b9.zip
2014,13766,Jim Carns,R,Rep,HD-048,2018.0,4.0,ALPERSON-JIM-CARNS,AL-2018-house-48-R-JIM-CARNS,Jim Carns                             ,R,house,48.0,exact_name_candidate,AL_2014-2014_Regular_Session_JSON_20140403_94bd66952f6c18ffaf97a535455b46b9.zip
2014,13766,Jim Carns,R,Rep,HD-048,2022.0,8.0,ALPERSON-JIM-CARNS,AL-2022-house-48-R-JIM-CARNS,Jim Carns                             ,R,house,48.0,exact_name_candidate,AL_2014-2014_Regular_Session_JSON_20140403_94bd66952f6c18ffaf97a535455b46b9.zip
2014,15745,David Standridge,R,Rep,HD-034,2014.0,0.0,ALPERSON-DAVID-STANDRIDGE,AL-2014-house-34-R-DAVID-STANDRIDGE,David Standridge,R,house,34.0,exact_name_candidate,AL_2014-2014_Regular_Session_JSON_20140403_94bd66952f6c18ffaf97a535455b46b9.zip
2014,15745,David Standridge,R,Rep,HD-034,2018.0,4.0,ALPERSON-DAVID-STANDRIDGE,AL-2018-house-34-R-DAVID-STANDRIDGE,David Standridge                      ,R,house,34.0,exact_name_candidate,AL_2014-2014_Regular_Session_JSON_20140403_94bd66952f6c18ffaf97a535455b46b9.zip
2014,15745,David Standridge,R,Rep,HD-034,2022.0,8.0,ALPERSON-DAVID-STANDRIDGE,AL-2022-house-34-R-DAVID-STANDRIDGE,David Standridge                      ,R,house,34.0,exact_name_candidate,AL_2014-2014_Regular_Session_JSON_20140403_94bd66952f6c18ffaf97a535455b46b9.zip
2014,15746,Mack Butler,R,Rep,HD-030,,,,,,,,,unmatched_or_out_of_window,AL_2014-2014_Regular_Session_JSON_20140403_94bd66952f6c18ffaf97a535455b46b9.zip
2014,15984,Bill Hightower,R,Sen,SD-035,2014.0,0.0,ALPERSON-BILL-HIGHTOWER,AL-2014-senate-35-R-BILL-HIGHTOWER,Bill Hightower,R,senate,35.0,exact_name_candidate,AL_2014-2014_Regular_Session_JSON_20140403_94bd66952f6c18ffaf97a535455b46b9.zip
2014,16021,Randall Shedd,R,Rep,HD-011,2014.0,0.0,ALPERSON-RANDALL-SHEDD,AL-2014-house-11-R-RANDALL-SHEDD,Randall Shedd,R,house,11.0,exact_name_candidate,AL_2014-2014_Regular_Session_JSON_20140403_94bd66952f6c18ffaf97a535455b46b9.zip
2014,16021,Randall Shedd,R,Rep,HD-011,2018.0,4.0,ALPERSON-RANDALL-SHEDD,AL-2018-house-11-R-RANDALL-SHEDD,Randall Shedd                         ,R,house,11.0,exact_name_candidate,AL_2014-2014_Regular_Session_JSON_20140403_94bd66952f6c18ffaf97a535455b46b9.zip
2014,16021,Randall Shedd,R,Rep,HD-011,2022.0,8.0,ALPERSON-RANDALL-SHEDD,AL-2022-house-11-R-RANDALL-SHEDD,Randall Shedd                         ,R,house,11.0,exact_name_candidate,AL_2014-2014_Regular_Session_JSON_20140403_94bd66952f6c18ffaf97a535455b46b9.zip
2014,16069,Dimitri Polizos,R,Rep,HD-074,2014.0,0.0,ALPERSON-DIMITRI-POLIZOS,AL-2014-house-74-R-DIMITRI-POLIZOS,Dimitri Polizos,R,house,74.0,exact_name_candidate,AL_2014-2014_Regular_Session_JSON_20140403_94bd66952f6c18ffaf97a535455b46b9.zip
2014,16069,Dimitri Polizos,R,Rep,HD-074,2018.0,4.0,ALPERSON-DIMITRI-POLIZOS,AL-2018-house-74-R-DIMITRI-POLIZOS,Dimitri Polizos                       ,R,house,74.0,exact_name_candidate,AL_2014-2014_Regular_Session_JSON_20140403_94bd66952f6c18ffaf97a535455b46b9.zip
2014,16140,Adline Clarke,D,Rep,HD-097,2022.0,8.0,ALPERSON-ADLINE-CLARKE,AL-2022-house-97-D-ADLINE-CLARKE,Adline Clarke                         ,D,house,97.0,exact_name_candidate,AL_2014-2014_Regular_Session_JSON_20140403_94bd66952f6c18ffaf97a535455b46b9.zip
2014,16211,Mike Holmes,R,Rep,HD-031,2014.0,0.0,ALPERSON-MIKE-HOLMES,AL-2014-house-31-R-MIKE-HOLMES,Mike Holmes,R,house,31.0,exact_name_candidate,AL_2014-2014_Regular_Session_JSON_20140403_94bd66952f6c18ffaf97a535455b46b9.zip
2014,16211,Mike Holmes,R,Rep,HD-031,2018.0,4.0,ALPERSON-MIKE-HOLMES,AL-2018-house-31-R-MIKE-HOLMES,Mike Holmes                           ,R,house,31.0,exact_name_candidate,AL_2014-2014_Regular_Session_JSON_20140403_94bd66952f6c18ffaf97a535455b46b9.zip
2014,16212,Margie Wilcox,R,Rep,HD-104,2014.0,0.0,ALPERSON-MARGIE-WILCOX,AL-2014-house-104-R-MARGIE-WILCOX,Margie Wilcox,R,house,104.0,exact_name_candidate,AL_2014-2014_Regular_Session_JSON_20140403_94bd66952f6c18ffaf97a535455b46b9.zip
2014,16212,Margie Wilcox,R,Rep,HD-104,2018.0,4.0,ALPERSON-MARGIE-WILCOX,AL-2018-house-104-R-MARGIE-WILCOX,Margie Wilcox                         ,R,house,104.0,exact_name_candidate,AL_2014-2014_Regular_Session_JSON_20140403_94bd66952f6c18ffaf97a535455b46b9.zip
2014,16212,Margie Wilcox,R,Rep,HD-104,2022.0,8.0,ALPERSON-MARGIE-WILCOX,AL-2022-house-104-R-MARGIE-WILCOX,Margie Wilcox                         ,R,house,104.0,exact_name_candidate,AL_2014-2014_Regular_Session_JSON_20140403_94bd66952f6c18ffaf97a535455b46b9.zip
2014,16241,Anthony Johnson,D,Rep,HD-053,,,,,,,,,unmatched_or_out_of_window,AL_2014-2014_Regular_Session_JSON_20140403_94bd66952f6c18ffaf97a535455b46b9.zip
2014,3354,John Knight,D,Rep,HD-077,2014.0,0.0,ALPERSON-JOHN-KNIGHT,AL-2014-house-77-D-JOHN-KNIGHT,John Knight,D,house,77.0,exact_name_candidate,AL_2014-2014_Regular_Session_JSON_20140403_94bd66952f6c18ffaf97a535455b46b9.zip
2014,3356,Tammy Irons,D,Sen,SD-001,,,,,,,,,unmatched_or_out_of_window,AL_2014-2014_Regular_Session_JSON_20140403_94bd66952f6c18ffaf97a535455b46b9.zip
2014,3357,Laura Hall,D,Rep,HD-019,2014.0,0.0,ALPERSON-LAURA-HALL,AL-2014-house-19-D-LAURA-HALL,Laura Hall,D,house,19.0,exact_name_candidate,AL_2014-2014_Regular_Session_JSON_20140403_94bd66952f6c18ffaf97a535455b46b9.zip
2014,3357,Laura Hall,D,Rep,HD-019,2018.0,4.0,ALPERSON-LAURA-HALL,AL-2018-house-19-D-LAURA-HALL,Laura Hall                            ,D,house,19.0,exact_name_candidate,AL_2014-2014_Regular_Session_JSON_20140403_94bd66952f6c18ffaf97a535455b46b9.zip
2014,3357,Laura Hall,D,Rep,HD-019,2022.0,8.0,ALPERSON-LAURA-HALL,AL-2022-house-19-D-LAURA-HALL,Laura Hall                            ,D,house,19.0,exact_name_candidate,AL_2014-2014_Regular_Session_JSON_20140403_94bd66952f6c18ffaf97a535455b46b9.zip
2014,3358,Artis McCampbell,D,Rep,HD-071,,,,,,,,,unmatched_or_out_of_window,AL_2014-2014_Regular_Session_JSON_20140403_94bd66952f6c18ffaf97a535455b46b9.zip
2014,3360,Barbara Boyd,D,Rep,HD-032,,,,,,,,,unmatched_or_out_of_window,AL_2014-2014_Regular_Session_JSON_20140403_94bd66952f6c18ffaf97a535455b46b9.zip
2014,3361,Joseph Mitchell,D,Rep,HD-103,,,,,,,,,unmatched_or_out_of_window,AL_2014-2014_Regular_Session_JSON_20140403_94bd66952f6c18ffaf97a535455b46b9.zip
2014,3370,Pebblin Warren,D,Rep,HD-082,,,,,,,,,unmatched_or_out_of_window,AL_2014-2014_Regular_Session_JSON_20140403_94bd66952f6c18ffaf97a535455b46b9.zip
2014,3371,Ralph Howard,D,Rep,HD-072,,,,,,,,,unmatched_or_out_of_window,AL_2014-2014_Regular_Session_JSON_20140403_94bd66952f6c18ffaf97a535455b46b9.zip
2014,3372,Thad McClammy,D,Rep,HD-076,2014.0,0.0,ALPERSON-THAD-MCCLAMMY,AL-2014-house-76-D-THAD-MCCLAMMY,Thad McClammy,D,house,76.0,exact_name_candidate,AL_2014-2014_Regular_Session_JSON_20140403_94bd66952f6c18ffaf97a535455b46b9.zip
2014,3372,Thad McClammy,D,Rep,HD-076,2018.0,4.0,ALPERSON-THAD-MCCLAMMY,AL-2018-house-76-D-THAD-MCCLAMMY,Thad McClammy                         ,D,house,76.0,exact_name_candidate,AL_2014-2014_Regular_Session_JSON_20140403_94bd66952f6c18ffaf97a535455b46b9.zip
2014,3374,Christopher England,D,Rep,HD-070,,,,,,,,,unmatched_or_out_of_window,AL_2014-2014_Regular_Session_JSON_20140403_94bd66952f6c18ffaf97a535455b46b9.zip
2014,3375,Oliver Robinson,D,Rep,HD-058,2014.0,0.0,ALPERSON-OLIVER-ROBINSON,AL-2014-house-58-D-OLIVER-ROBINSON,Oliver Robinson,D,house,58.0,exact_name_candidate,AL_2014-2014_Regular_Session_JSON_20140403_94bd66952f6c18ffaf97a535455b46b9.zip
2014,3379,Mike Millican,R,Rep,HD-017,2014.0,0.0,ALPERSON-MIKE-MILLICAN,AL-2014-house-17-R-MIKE-MILLICAN,Mike Millican,R,house,17.0,exact_name_candidate,AL_2014-2014_Regular_Session_JSON_20140403_94bd66952f6c18ffaf97a535455b46b9.zip
2014,3380,Marcel Black,D,Rep,HD-003,2014.0,0.0,ALPERSON-MARCEL-BLACK,AL-2014-house-3-D-MARCEL-BLACK,Marcel Black,D,house,3.0,exact_name_candidate,AL_2014-2014_Regular_Session_JSON_20140403_94bd66952f6c18ffaf97a535455b46b9.zip
2014,3381,Alan Harper,R,Rep,HD-061,2014.0,0.0,ALPERSON-ALAN-HARPER,AL-2014-house-61-R-ALAN-HARPER,Alan Harper,R,house,61.0,exact_name_candidate,AL_2014-2014_Regular_Session_JSON_20140403_94bd66952f6c18ffaf97a535455b46b9.zip
2014,3382,Thomas Jackson,D,Rep,HD-068,,,,,,,,,unmatched_or_out_of_window,AL_2014-2014_Regular_Session_JSON_20140403_94bd66952f6c18ffaf97a535455b46b9.zip
2014,3385,Lesley Vance,R,Rep,HD-080,2014.0,0.0,ALPERSON-LESLEY-VANCE,AL-2014-house-80-R-LESLEY-VANCE,Lesley Vance,R,house,80.0,exact_name_candidate,AL_2014-2014_Regular_Session_JSON_20140403_94bd66952f6c18ffaf97a535455b46b9.zip
2014,3386,William Beasley,D,Sen,SD-028,,,,,,,,,unmatched_or_out_of_window,AL_2014-2014_Regular_Session_JSON_20140403_94bd66952f6c18ffaf97a535455b46b9.zip
2014,3387,Stephen Hurst,R,Rep,HD-035,,,,,,,,,unmatched_or_out_of_window,AL_2014-2014_Regular_Session_JSON_20140403_94bd66952f6c18ffaf97a535455b46b9.zip
2014,3388,James Buskey,D,Rep,HD-099,,,,,,,,,unmatched_or_out_of_window,AL_2014-2014_Regular_Session_JSON_20140403_94bd66952f6c18ffaf97a535455b46b9.zip
2014,3389,Mary Moore,D,Rep,HD-059,2014.0,0.0,ALPERSON-MARY-MOORE,AL-2014-house-59-D-MARY-MOORE,Mary Moore,D,house,59.0,exact_name_candidate,AL_2014-2014_Regular_Session_JSON_20140403_94bd66952f6c18ffaf97a535455b46b9.zip
2014,3389,Mary Moore,D,Rep,HD-059,2018.0,4.0,ALPERSON-MARY-MOORE,AL-2018-house-59-D-MARY-MOORE,Mary Moore                            ,D,house,59.0,exact_name_candidate,AL_2014-2014_Regular_Session_JSON_20140403_94bd66952f6c18ffaf97a535455b46b9.zip
2014,3389,Mary Moore,D,Rep,HD-059,2022.0,8.0,ALPERSON-MARY-MOORE,AL-2022-house-59-D-MARY-MOORE,Mary Moore                            ,D,house,59.0,exact_name_candidate,AL_2014-2014_Regular_Session_JSON_20140403_94bd66952f6c18ffaf97a535455b46b9.zip
2014,3391,Merika Coleman-Evans,D,Rep,HD-057,,,,,,,,,unmatched_or_out_of_window,AL_2014-2014_Regular_Session_JSON_20140403_94bd66952f6c18ffaf97a535455b46b9.zip
2014,3392,Richard Lindsey,D,Rep,HD-039,2014.0,0.0,ALPERSON-RICHARD-LINDSEY,AL-2014-house-39-D-RICHARD-LINDSEY,Richard Lindsey,D,house,39.0,exact_name_candidate,AL_2014-2014_Regular_Session_JSON_20140403_94bd66952f6c18ffaf97a535455b46b9.zip
2014,3400,John Robinson,D,Rep,HD-023,2014.0,0.0,ALPERSON-JOHN-ROBINSON,AL-2014-house-23-D-JOHN-ROBINSON,John Robinson,D,house,23.0,exact_name_candidate,AL_2014-2014_Regular_Session_JSON_20140403_94bd66952f6c18ffaf97a535455b46b9.zip
2014,3402,Johnny Morrow,D,Rep,HD-018,,,,,,,,,unmatched_or_out_of_window,AL_2014-2014_Regular_Session_JSON_20140403_94bd66952f6c18ffaf97a535455b46b9.zip
2014,3405,Robert Ward,R,Sen,SD-014,,,,,,,,,unmatched_or_out_of_window,AL_2014-2014_Regular_Session_JSON_20140403_94bd66952f6c18ffaf97a535455b46b9.zip
2014,3406,Craig Ford,D,Rep,HD-028,2014.0,0.0,ALPERSON-CRAIG-FORD,AL-2014-house-28-D-CRAIG-FORD,Craig Ford,D,house,28.0,exact_name_candidate,AL_2014-2014_Regular_Session_JSON_20140403_94bd66952f6c18ffaf97a535455b46b9.zip
2014,3408,Randy Davis,R,Rep,HD-096,2014.0,0.0,ALPERSON-RANDY-DAVIS,AL-2014-house-96-R-RANDY-DAVIS,Randy Davis,R,house,96.0,exact_name_candidate,AL_2014-2014_Regular_Session_JSON_20140403_94bd66952f6c18ffaf97a535455b46b9.zip
2014,3410,Mike Hill,R,Rep,HD-041,2014.0,0.0,ALPERSON-MIKE-HILL,AL-2014-house-41-R-MIKE-HILL,Mike Hill,R,house,41.0,exact_name_candidate,AL_2014-2014_Regular_Session_JSON_20140403_94bd66952f6c18ffaf97a535455b46b9.zip
2014,3411,Mac McCutcheon,R,Rep,HD-025,2014.0,0.0,ALPERSON-MAC-MCCUTCHEON,AL-2014-house-25-R-MAC-MCCUTCHEON,Mac McCutcheon,R,house,25.0,exact_name_candidate,AL_2014-2014_Regular_Session_JSON_20140403_94bd66952f6c18ffaf97a535455b46b9.zip
2014,3411,Mac McCutcheon,R,Rep,HD-025,2018.0,4.0,ALPERSON-MAC-MCCUTCHEON,AL-2018-house-25-R-MAC-MCCUTCHEON,Mac McCutcheon                        ,R,house,25.0,exact_name_candidate,AL_2014-2014_Regular_Session_JSON_20140403_94bd66952f6c18ffaf97a535455b46b9.zip
2014,3415,Victor Gaston,R,Rep,HD-100,2014.0,0.0,ALPERSON-VICTOR-GASTON,AL-2014-house-100-R-VICTOR-GASTON,Victor Gaston,R,house,100.0,exact_name_candidate,AL_2014-2014_Regular_Session_JSON_20140403_94bd66952f6c18ffaf97a535455b46b9.zip
2014,3415,Victor Gaston,R,Rep,HD-100,2018.0,4.0,ALPERSON-VICTOR-GASTON,AL-2018-house-100-R-VICTOR-GASTON,Victor Gaston                         ,R,house,100.0,exact_name_candidate,AL_2014-2014_Regular_Session_JSON_20140403_94bd66952f6c18ffaf97a535455b46b9.zip
2014,3416,Mike Ball,R,Rep,HD-010,2014.0,0.0,ALPERSON-MIKE-BALL,AL-2014-house-10-R-MIKE-BALL,Mike Ball,R,house,10.0,exact_name_candidate,AL_2014-2014_Regular_Session_JSON_20140403_94bd66952f6c18ffaf97a535455b46b9.zip
2014,3416,Mike Ball,R,Rep,HD-010,2018.0,4.0,ALPERSON-MIKE-BALL,AL-2018-house-10-R-MIKE-BALL,Mike Ball                             ,R,house,10.0,exact_name_candidate,AL_2014-2014_Regular_Session_JSON_20140403_94bd66952f6c18ffaf97a535455b46b9.zip
2014,3418,Jack Williams,R,Rep,HD-047,2014.0,0.0,ALPERSON-JACK-WILLIAMS,AL-2014-house-47-R-JACK-WILLIAMS,Jack Williams,R,house,47.0,exact_name_candidate,AL_2014-2014_Regular_Session_JSON_20140403_94bd66952f6c18ffaf97a535455b46b9.zip
2014,3418,Jack Williams,R,Rep,HD-047,2014.0,0.0,ALPERSON-JACK-WILLIAMS,AL-2014-house-102-R-JACK-WILLIAMS,Jack Williams,R,house,102.0,exact_name_candidate,AL_2014-2014_Regular_Session_JSON_20140403_94bd66952f6c18ffaf97a535455b46b9.zip
2014,3418,Jack Williams,R,Rep,HD-047,2018.0,4.0,ALPERSON-JACK-WILLIAMS,AL-2018-senate-34-R-JACK-WILLIAMS,Jack Williams                         ,R,senate,34.0,exact_name_candidate,AL_2014-2014_Regular_Session_JSON_20140403_94bd66952f6c18ffaf97a535455b46b9.zip
2014,3418,Jack Williams,R,Rep,HD-047,2022.0,8.0,ALPERSON-JACK-WILLIAMS,AL-2022-senate-34-R-JACK-WILLIAMS,Jack Williams                         ,R,senate,34.0,exact_name_candidate,AL_2014-2014_Regular_Session_JSON_20140403_94bd66952f6c18ffaf97a535455b46b9.zip
2014,3419,Dickie Drake,R,Rep,HD-045,2014.0,0.0,ALPERSON-DICKIE-DRAKE,AL-2014-house-45-R-DICKIE-DRAKE,Dickie Drake,R,house,45.0,exact_name_candidate,AL_2014-2014_Regular_Session_JSON_20140403_94bd66952f6c18ffaf97a535455b46b9.zip
2014,3419,Dickie Drake,R,Rep,HD-045,2018.0,4.0,ALPERSON-DICKIE-DRAKE,AL-2018-house-45-R-DICKIE-DRAKE,Dickie Drake                          ,R,house,45.0,exact_name_candidate,AL_2014-2014_Regular_Session_JSON_20140403_94bd66952f6c18ffaf97a535455b46b9.zip
2014,3420,Gerald Allen,R,Sen,SD-021,2014.0,0.0,ALPERSON-GERALD-ALLEN,AL-2014-senate-21-R-GERALD-ALLEN,Gerald Allen,R,senate,21.0,exact_name_candidate,AL_2014-2014_Regular_Session_JSON_20140403_94bd66952f6c18ffaf97a535455b46b9.zip
2014,3420,Gerald Allen,R,Sen,SD-021,2018.0,4.0,ALPERSON-GERALD-ALLEN,AL-2018-senate-21-R-GERALD-ALLEN,Gerald Allen                          ,R,senate,21.0,exact_name_candidate,AL_2014-2014_Regular_Session_JSON_20140403_94bd66952f6c18ffaf97a535455b46b9.zip
2014,3420,Gerald Allen,R,Sen,SD-021,2022.0,8.0,ALPERSON-GERALD-ALLEN,AL-2022-senate-21-R-GERALD-ALLEN,Gerald Allen                          ,R,senate,21.0,exact_name_candidate,AL_2014-2014_Regular_Session_JSON_20140403_94bd66952f6c18ffaf97a535455b46b9.zip
2014,3421,Joseph Hubbard,D,Rep,HD-073,,,,,,,,,unmatched_or_out_of_window,AL_2014-2014_Regular_Session_JSON_20140403_94bd66952f6c18ffaf97a535455b46b9.zip
2014,3423,Harry Shiver,R,Rep,HD-064,2014.0,0.0,ALPERSON-HARRY-SHIVER,AL-2014-house-64-R-HARRY-SHIVER,Harry Shiver,R,house,64.0,exact_name_candidate,AL_2014-2014_Regular_Session_JSON_20140403_94bd66952f6c18ffaf97a535455b46b9.zip
2014,3423,Harry Shiver,R,Rep,HD-064,2018.0,4.0,ALPERSON-HARRY-SHIVER,AL-2018-house-64-R-HARRY-SHIVER,Harry Shiver                          ,R,house,64.0,exact_name_candidate,AL_2014-2014_Regular_Session_JSON_20140403_94bd66952f6c18ffaf97a535455b46b9.zip
2014,3424,Joe Faust,R,Rep,HD-094,2018.0,4.0,ALPERSON-JOE-FAUST,AL-2018-house-94-R-JOE-FAUST,Joe Faust                             ,R,house,94.0,exact_name_candidate,AL_2014-2014_Regular_Session_JSON_20140403_94bd66952f6c18ffaf97a535455b46b9.zip
2014,3426,Alan Baker,R,Rep,HD-066,2014.0,0.0,ALPERSON-ALAN-BAKER,AL-2014-house-66-R-ALAN-BAKER,Alan Baker,R,house,66.0,exact_name_candidate,AL_2014-2014_Regular_Session_JSON_20140403_94bd66952f6c18ffaf97a535455b46b9.zip
2014,3426,Alan Baker,R,Rep,HD-066,2018.0,4.0,ALPERSON-ALAN-BAKER,AL-2018-house-66-R-ALAN-BAKER,Alan Baker                            ,R,house,66.0,exact_name_candidate,AL_2014-2014_Regular_Session_JSON_20140403_94bd66952f6c18ffaf97a535455b46b9.zip
2014,3426,Alan Baker,R,Rep,HD-066,2022.0,8.0,ALPERSON-ALAN-BAKER,AL-2022-house-66-R-ALAN-BAKER,Alan Baker                            ,R,house,66.0,exact_name_candidate,AL_2014-2014_Regular_Session_JSON_20140403_94bd66952f6c18ffaf97a535455b46b9.zip
2014,3427,Steve McMillan,R,Rep,HD-095,2014.0,0.0,ALPERSON-STEVE-MCMILLAN,AL-2014-house-95-R-STEVE-MCMILLAN,Steve McMillan,R,house,95.0,exact_name_candidate,AL_2014-2014_Regular_Session_JSON_20140403_94bd66952f6c18ffaf97a535455b46b9.zip
2014,3427,Steve McMillan,R,Rep,HD-095,2018.0,4.0,ALPERSON-STEVE-MCMILLAN,AL-2018-house-95-R-STEVE-MCMILLAN,Steve McMillan                        ,R,house,95.0,exact_name_candidate,AL_2014-2014_Regular_Session_JSON_20140403_94bd66952f6c18ffaf97a535455b46b9.zip
2014,3428,James Ison,R,Rep,HD-101,,,,,,,,,unmatched_or_out_of_window,AL_2014-2014_Regular_Session_JSON_20140403_94bd66952f6c18ffaf97a535455b46b9.zip
2014,3429,Jim McClendon,R,Rep,SD-011,2014.0,0.0,ALPERSON-JIM-MCCLENDON,AL-2014-senate-11-R-JIM-MCCLENDON,Jim McClendon,R,senate,11.0,exact_name_candidate,AL_2014-2014_Regular_Session_JSON_20140403_94bd66952f6c18ffaf97a535455b46b9.zip
2014,3429,Jim McClendon,R,Rep,SD-011,2018.0,4.0,ALPERSON-JIM-MCCLENDON,AL-2018-senate-11-R-JIM-MCCLENDON,Jim McClendon                         ,R,senate,11.0,exact_name_candidate,AL_2014-2014_Regular_Session_JSON_20140403_94bd66952f6c18ffaf97a535455b46b9.zip
2014,3430,Randy Wood,R,Rep,HD-036,2014.0,0.0,ALPERSON-RANDY-WOOD,AL-2014-house-36-R-RANDY-WOOD,Randy Wood,R,house,36.0,exact_name_candidate,AL_2014-2014_Regular_Session_JSON_20140403_94bd66952f6c18ffaf97a535455b46b9.zip
2014,3430,Randy Wood,R,Rep,HD-036,2018.0,4.0,ALPERSON-RANDY-WOOD,AL-2018-house-36-R-RANDY-WOOD,Randy Wood                            ,R,house,36.0,exact_name_candidate,AL_2014-2014_Regular_Session_JSON_20140403_94bd66952f6c18ffaf97a535455b46b9.zip
2014,3430,Randy Wood,R,Rep,HD-036,2022.0,8.0,ALPERSON-RANDY-WOOD,AL-2022-house-36-R-RANDY-WOOD,Randy Wood                            ,R,house,36.0,exact_name_candidate,AL_2014-2014_Regular_Session_JSON_20140403_94bd66952f6c18ffaf97a535455b46b9.zip
2014,3432,Steve Clouse,R,Rep,HD-093,2014.0,0.0,ALPERSON-STEVE-CLOUSE,AL-2014-house-93-R-STEVE-CLOUSE,Steve Clouse,R,house,93.0,exact_name_candidate,AL_2014-2014_Regular_Session_JSON_20140403_94bd66952f6c18ffaf97a535455b46b9.zip
2014,3432,Steve Clouse,R,Rep,HD-093,2018.0,4.0,ALPERSON-STEVE-CLOUSE,AL-2018-house-93-R-STEVE-CLOUSE,Steve Clouse                          ,R,house,93.0,exact_name_candidate,AL_2014-2014_Regular_Session_JSON_20140403_94bd66952f6c18ffaf97a535455b46b9.zip
2014,3432,Steve Clouse,R,Rep,HD-093,2022.0,8.0,ALPERSON-STEVE-CLOUSE,AL-2022-house-93-R-STEVE-CLOUSE,Steve Clouse                          ,R,house,93.0,exact_name_candidate,AL_2014-2014_Regular_Session_JSON_20140403_94bd66952f6c18ffaf97a535455b46b9.zip
2014,3434,Harry Bridges,R,Rep,HD-038,,,,,,,,,unmatched_or_out_of_window,AL_2014-2014_Regular_Session_JSON_20140403_94bd66952f6c18ffaf97a535455b46b9.zip
2014,3435,Howard Sanderford,R,Rep,HD-020,2014.0,0.0,ALPERSON-HOWARD-SANDERFORD,AL-2014-house-20-R-HOWARD-SANDERFORD,Howard Sanderford,R,house,20.0,exact_name_candidate,AL_2014-2014_Regular_Session_JSON_20140403_94bd66952f6c18ffaf97a535455b46b9.zip
2014,3435,Howard Sanderford,R,Rep,HD-020,2018.0,4.0,ALPERSON-HOWARD-SANDERFORD,AL-2018-house-20-R-HOWARD-SANDERFORD,Howard Sanderford                     ,R,house,20.0,exact_name_candidate,AL_2014-2014_Regular_Session_JSON_20140403_94bd66952f6c18ffaf97a535455b46b9.zip
2014,3437,Phil Williams,R,Rep,HD-006,2014.0,0.0,ALPERSON-PHIL-WILLIAMS,AL-2014-house-6-R-PHIL-WILLIAMS,Phil Williams,R,house,6.0,exact_name_candidate,AL_2014-2014_Regular_Session_JSON_20140403_94bd66952f6c18ffaf97a535455b46b9.zip
2014,3437,Phil Williams,R,Rep,HD-006,2014.0,0.0,ALPERSON-PHIL-WILLIAMS,AL-2014-senate-10-R-PHIL-WILLIAMS,Phil Williams,R,senate,10.0,exact_name_candidate,AL_2014-2014_Regular_Session_JSON_20140403_94bd66952f6c18ffaf97a535455b46b9.zip
2014,3438,Micky Hammon,R,Rep,HD-004,2014.0,0.0,ALPERSON-MICKY-HAMMON,AL-2014-house-4-R-MICKY-HAMMON,Micky Hammon,R,house,4.0,exact_name_candidate,AL_2014-2014_Regular_Session_JSON_20140403_94bd66952f6c18ffaf97a535455b46b9.zip
2014,3439,Gregory Wren,R,Rep,HD-075,,,,,,,,,unmatched_or_out_of_window,AL_2014-2014_Regular_Session_JSON_20140403_94bd66952f6c18ffaf97a535455b46b9.zip
2014,3442,Alvin Holmes,D,Rep,HD-078,2014.0,0.0,ALPERSON-ALVIN-HOLMES,AL-2014-house-78-D-ALVIN-HOLMES,Alvin Holmes,D,house,78.0,exact_name_candidate,AL_2014-2014_Regular_Session_JSON_20140403_94bd66952f6c18ffaf97a535455b46b9.zip
2014,3445,Allen Treadaway,R,Rep,HD-051,2014.0,0.0,ALPERSON-ALLEN-TREADAWAY,AL-2014-house-51-R-ALLEN-TREADAWAY,Allen Treadaway,R,house,51.0,exact_name_candidate,AL_2014-2014_Regular_Session_JSON_20140403_94bd66952f6c18ffaf97a535455b46b9.zip
2014,3445,Allen Treadaway,R,Rep,HD-051,2018.0,4.0,ALPERSON-ALLEN-TREADAWAY,AL-2018-house-51-R-ALLEN-TREADAWAY,Allen Treadaway                       ,R,house,51.0,exact_name_candidate,AL_2014-2014_Regular_Session_JSON_20140403_94bd66952f6c18ffaf97a535455b46b9.zip
2014,3445,Allen Treadaway,R,Rep,HD-051,2022.0,8.0,ALPERSON-ALLEN-TREADAWAY,AL-2022-house-51-R-ALLEN-TREADAWAY,Allen Treadaway                       ,R,house,51.0,exact_name_candidate,AL_2014-2014_Regular_Session_JSON_20140403_94bd66952f6c18ffaf97a535455b46b9.zip
2014,3449,Ronald Johnson,R,Rep,HD-033,,,,,,,,,unmatched_or_out_of_window,AL_2014-2014_Regular_Session_JSON_20140403_94bd66952f6c18ffaf97a535455b46b9.zip
2014,3450,Alan Boothe,R,Rep,HD-089,,,,,,,,,unmatched_or_out_of_window,AL_2014-2014_Regular_Session_JSON_20140403_94bd66952f6c18ffaf97a535455b46b9.zip
2014,3453,Mary McClurkin,R,Rep,HD-043,,,,,,,,,unmatched_or_out_of_window,AL_2014-2014_Regular_Session_JSON_20140403_94bd66952f6c18ffaf97a535455b46b9.zip
2014,3454,John Rogers,D,Rep,HD-052,,,,,,,,,unmatched_or_out_of_window,AL_2014-2014_Regular_Session_JSON_20140403_94bd66952f6c18ffaf97a535455b46b9.zip
2014,3455,Elaine Beech,D,Rep,HD-065,2014.0,0.0,ALPERSON-ELAINE-BEECH,AL-2014-house-65-D-ELAINE-BEECH,Elaine Beech,D,house,65.0,exact_name_candidate,AL_2014-2014_Regular_Session_JSON_20140403_94bd66952f6c18ffaf97a535455b46b9.zip
2014,3455,Elaine Beech,D,Rep,HD-065,2018.0,4.0,ALPERSON-ELAINE-BEECH,AL-2018-house-65-D-ELAINE-BEECH,Elaine Beech                          ,D,house,65.0,exact_name_candidate,AL_2014-2014_Regular_Session_JSON_20140403_94bd66952f6c18ffaf97a535455b46b9.zip
2014,3456,Roderick Scott,D,Rep,HD-055,,,,,,,,,unmatched_or_out_of_window,AL_2014-2014_Regular_Session_JSON_20140403_94bd66952f6c18ffaf97a535455b46b9.zip
2014,3458,George Bandy,D,Rep,HD-083,,,,,,,,,unmatched_or_out_of_window,AL_2014-2014_Regular_Session_JSON_20140403_94bd66952f6c18ffaf97a535455b46b9.zip
2014,3459,K.L. Brown,R,Rep,HD-040,,,,,,,,,unmatched_or_out_of_window,AL_2014-2014_Regular_Session_JSON_20140403_94bd66952f6c18ffaf97a535455b46b9.zip
2014,3461,J.T. Waggoner,R,Sen,SD-016,,,,,,,,,unmatched_or_out_of_window,AL_2014-2014_Regular_Session_JSON_20140403_94bd66952f6c18ffaf97a535455b46b9.zip
2014,3462,Del Marsh,R,Sen,SD-012,2014.0,0.0,ALPERSON-DEL-MARSH,AL-2014-senate-12-R-DEL-MARSH,Del Marsh,R,senate,12.0,exact_name_candidate,AL_2014-2014_Regular_Session_JSON_20140403_94bd66952f6c18ffaf97a535455b46b9.zip
2014,3462,Del Marsh,R,Sen,SD-012,2018.0,4.0,ALPERSON-DEL-MARSH,AL-2018-senate-12-R-DEL-MARSH,Del Marsh                             ,R,senate,12.0,exact_name_candidate,AL_2014-2014_Regular_Session_JSON_20140403_94bd66952f6c18ffaf97a535455b46b9.zip
2014,3464,Trip Pittman,R,Sen,SD-032,2014.0,0.0,ALPERSON-TRIP-PITTMAN,AL-2014-senate-32-R-TRIP-PITTMAN,Trip Pittman,R,senate,32.0,exact_name_candidate,AL_2014-2014_Regular_Session_JSON_20140403_94bd66952f6c18ffaf97a535455b46b9.zip
2014,3465,Rodger Smitherman,D,Sen,SD-018,,,,,,,,,unmatched_or_out_of_window,AL_2014-2014_Regular_Session_JSON_20140403_94bd66952f6c18ffaf97a535455b46b9.zip
2014,3467,Paul Sanford,R,Sen,SD-007,,,,,,,,,unmatched_or_out_of_window,AL_2014-2014_Regular_Session_JSON_20140403_94bd66952f6c18ffaf97a535455b46b9.zip
2014,3469,Rusty Glover,R,Sen,SD-034,2014.0,0.0,ALPERSON-RUSTY-GLOVER,AL-2014-senate-34-R-RUSTY-GLOVER,Rusty Glover,R,senate,34.0,exact_name_candidate,AL_2014-2014_Regular_Session_JSON_20140403_94bd66952f6c18ffaf97a535455b46b9.zip
2014,3470,Hank Sanders,D,Sen,SD-023,2014.0,0.0,ALPERSON-HANK-SANDERS,AL-2014-senate-23-D-HANK-SANDERS,Hank Sanders,D,senate,23.0,exact_name_candidate,AL_2014-2014_Regular_Session_JSON_20140403_94bd66952f6c18ffaf97a535455b46b9.zip
2014,3472,Quinton Ross,D,Sen,SD-026,,,,,,,,,unmatched_or_out_of_window,AL_2014-2014_Regular_Session_JSON_20140403_94bd66952f6c18ffaf97a535455b46b9.zip
2014,3473,Roger Bedford,D,Sen,SD-006,2014.0,0.0,ALPERSON-ROGER-BEDFORD-JR,AL-2014-senate-6-D-ROGER-BEDFORD-JR,"Roger Bedford, Jr.",D,senate,6.0,exact_name_candidate,AL_2014-2014_Regular_Session_JSON_20140403_94bd66952f6c18ffaf97a535455b46b9.zip
2014,3479,Linda Coleman-Madison,D,Sen,SD-020,2018.0,4.0,ALPERSON-LINDA-COLEMAN-MADISON,AL-2018-senate-20-D-LINDA-COLEMAN-MADISON,Linda Coleman-Madison                 ,D,senate,20.0,exact_name_candidate,AL_2014-2014_Regular_Session_JSON_20140403_94bd66952f6c18ffaf97a535455b46b9.zip
2014,3479,Linda Coleman-Madison,D,Sen,SD-020,2022.0,8.0,ALPERSON-LINDA-COLEMAN-MADISON,AL-2022-senate-20-D-LINDA-COLEMAN-MADISON,Linda Coleman-Madison                 ,D,senate,20.0,exact_name_candidate,AL_2014-2014_Regular_Session_JSON_20140403_94bd66952f6c18ffaf97a535455b46b9.zip
2014,3480,Priscilla Dunn,D,Sen,SD-019,2014.0,0.0,ALPERSON-PRISCILLA-DUNN,AL-2014-senate-19-D-PRISCILLA-DUNN,Priscilla Dunn,D,senate,19.0,exact_name_candidate,AL_2014-2014_Regular_Session_JSON_20140403_94bd66952f6c18ffaf97a535455b46b9.zip
2014,3480,Priscilla Dunn,D,Sen,SD-019,2018.0,4.0,ALPERSON-PRISCILLA-DUNN,AL-2018-senate-19-D-PRISCILLA-DUNN,Priscilla Dunn                        ,D,senate,19.0,exact_name_candidate,AL_2014-2014_Regular_Session_JSON_20140403_94bd66952f6c18ffaf97a535455b46b9.zip
2014,3481,Arthur Orr,R,Sen,SD-003,2014.0,0.0,ALPERSON-ARTHUR-ORR,AL-2014-senate-3-R-ARTHUR-ORR,Arthur Orr,R,senate,3.0,exact_name_candidate,AL_2014-2014_Regular_Session_JSON_20140403_94bd66952f6c18ffaf97a535455b46b9.zip
2014,3481,Arthur Orr,R,Sen,SD-003,2018.0,4.0,ALPERSON-ARTHUR-ORR,AL-2018-senate-3-R-ARTHUR-ORR,Arthur Orr                            ,R,senate,3.0,exact_name_candidate,AL_2014-2014_Regular_Session_JSON_20140403_94bd66952f6c18ffaf97a535455b46b9.zip
2014,3481,Arthur Orr,R,Sen,SD-003,2022.0,8.0,ALPERSON-ARTHUR-ORR,AL-2022-senate-3-R-ARTHUR-ORR,Arthur Orr                            ,R,senate,3.0,exact_name_candidate,AL_2014-2014_Regular_Session_JSON_20140403_94bd66952f6c18ffaf97a535455b46b9.zip
2014,3482,Bobby Singleton,D,Sen,SD-024,2014.0,0.0,ALPERSON-BOBBY-SINGLETON,AL-2014-senate-24-D-BOBBY-SINGLETON,Bobby Singleton,D,senate,24.0,exact_name_candidate,AL_2014-2014_Regular_Session_JSON_20140403_94bd66952f6c18ffaf97a535455b46b9.zip
2014,3482,Bobby Singleton,D,Sen,SD-024,2018.0,4.0,ALPERSON-BOBBY-SINGLETON,AL-2018-senate-24-D-BOBBY-SINGLETON,Bobby Singleton                       ,D,senate,24.0,exact_name_candidate,AL_2014-2014_Regular_Session_JSON_20140403_94bd66952f6c18ffaf97a535455b46b9.zip
2014,3482,Bobby Singleton,D,Sen,SD-024,2022.0,8.0,ALPERSON-BOBBY-SINGLETON,AL-2022-senate-24-D-BOBBY-SINGLETON,Bobby Singleton                       ,D,senate,24.0,exact_name_candidate,AL_2014-2014_Regular_Session_JSON_20140403_94bd66952f6c18ffaf97a535455b46b9.zip
2014,3485,George Keahey,D,Sen,SD-022,,,,,,,,,unmatched_or_out_of_window,AL_2014-2014_Regular_Session_JSON_20140403_94bd66952f6c18ffaf97a535455b46b9.zip
2014,3490,Vivian Figures,D,Sen,SD-033,,,,,,,,,unmatched_or_out_of_window,AL_2014-2014_Regular_Session_JSON_20140403_94bd66952f6c18ffaf97a535455b46b9.zip
2014,3491,Jimmy Holley,R,Sen,SD-031,,,,,,,,,unmatched_or_out_of_window,AL_2014-2014_Regular_Session_JSON_20140403_94bd66952f6c18ffaf97a535455b46b9.zip
2014,3493,Harri Smith,I,Sen,SD-029,,,,,,,,,unmatched_or_out_of_window,AL_2014-2014_Regular_Session_JSON_20140403_94bd66952f6c18ffaf97a535455b46b9.zip
2015,12485,Kerry Rich,R,Rep,HD-026,2018.0,3.0,ALPERSON-KERRY-RICH,AL-2018-house-26-R-KERRY-RICH,Kerry Rich                            ,R,house,26.0,exact_name_candidate,AL_2015-2015_Regular_Session_JSON_20150604_3e60f84eb6c02669a3d22d98c47f1394.zip
2015,12486,Terri Collins,R,Rep,HD-008,2018.0,3.0,ALPERSON-TERRI-COLLINS,AL-2018-house-8-R-TERRI-COLLINS,Terri Collins                         ,R,house,8.0,exact_name_candidate,AL_2015-2015_Regular_Session_JSON_20150604_3e60f84eb6c02669a3d22d98c47f1394.zip
2015,12486,Terri Collins,R,Rep,HD-008,2022.0,7.0,ALPERSON-TERRI-COLLINS,AL-2022-house-8-R-TERRI-COLLINS,Terri Collins                         ,R,house,8.0,exact_name_candidate,AL_2015-2015_Regular_Session_JSON_20150604_3e60f84eb6c02669a3d22d98c47f1394.zip
2015,12488,Lynn Greer,R,Rep,HD-002,2018.0,3.0,ALPERSON-LYNN-GREER,AL-2018-house-2-R-LYNN-GREER,Lynn Greer                            ,R,house,2.0,exact_name_candidate,AL_2015-2015_Regular_Session_JSON_20150604_3e60f84eb6c02669a3d22d98c47f1394.zip
2015,12495,Dick Brewbaker,R,Sen,SD-025,,,,,,,,,unmatched_or_out_of_window,AL_2015-2015_Regular_Session_JSON_20150604_3e60f84eb6c02669a3d22d98c47f1394.zip
2015,12498,Phillip Williams,R,Sen,SD-010,,,,,,,,,unmatched_or_out_of_window,AL_2015-2015_Regular_Session_JSON_20150604_3e60f84eb6c02669a3d22d98c47f1394.zip
2015,12499,Clay Scofield,R,Sen,SD-009,2018.0,3.0,ALPERSON-CLAY-SCOFIELD,AL-2018-senate-9-R-CLAY-SCOFIELD,Clay Scofield                         ,R,senate,9.0,exact_name_candidate,AL_2015-2015_Regular_Session_JSON_20150604_3e60f84eb6c02669a3d22d98c47f1394.zip
2015,12499,Clay Scofield,R,Sen,SD-009,2022.0,7.0,ALPERSON-CLAY-SCOFIELD,AL-2022-senate-9-R-CLAY-SCOFIELD,Clay Scofield                         ,R,senate,9.0,exact_name_candidate,AL_2015-2015_Regular_Session_JSON_20150604_3e60f84eb6c02669a3d22d98c47f1394.zip
2015,12500,April Weaver,R,Rep,HD-049,2018.0,3.0,ALPERSON-APRIL-WEAVER,AL-2018-house-49-R-APRIL-WEAVER,April Weaver                          ,R,house,49.0,exact_name_candidate,AL_2015-2015_Regular_Session_JSON_20150604_3e60f84eb6c02669a3d22d98c47f1394.zip
2015,12500,April Weaver,R,Rep,HD-049,2022.0,7.0,ALPERSON-APRIL-WEAVER,AL-2022-senate-14-R-APRIL-WEAVER,April Weaver                          ,R,senate,14.0,exact_name_candidate,AL_2015-2015_Regular_Session_JSON_20150604_3e60f84eb6c02669a3d22d98c47f1394.zip
2015,12506,Becky Nordgren,R,Rep,HD-029,2018.0,3.0,ALPERSON-BECKY-NORDGREN,AL-2018-house-29-R-BECKY-NORDGREN,Becky Nordgren                        ,R,house,29.0,exact_name_candidate,AL_2015-2015_Regular_Session_JSON_20150604_3e60f84eb6c02669a3d22d98c47f1394.zip
2015,12509,Donnie Chesteen,R,Rep,SD-029,2018.0,3.0,ALPERSON-DONNIE-CHESTEEN,AL-2018-senate-29-R-DONNIE-CHESTEEN,Donnie Chesteen                       ,R,senate,29.0,exact_name_candidate,AL_2015-2015_Regular_Session_JSON_20150604_3e60f84eb6c02669a3d22d98c47f1394.zip
2015,12509,Donnie Chesteen,R,Rep,SD-029,2022.0,7.0,ALPERSON-DONNIE-CHESTEEN,AL-2022-senate-29-R-DONNIE-CHESTEEN,Donnie Chesteen                       ,R,senate,29.0,exact_name_candidate,AL_2015-2015_Regular_Session_JSON_20150604_3e60f84eb6c02669a3d22d98c47f1394.zip
2015,12521,Thomas Whatley,R,Sen,SD-027,,,,,,,,,unmatched_or_out_of_window,AL_2015-2015_Regular_Session_JSON_20150604_3e60f84eb6c02669a3d22d98c47f1394.zip
2015,12525,Mike Jones,R,Rep,HD-092,2018.0,3.0,ALPERSON-MIKE-JONES-JR,AL-2018-house-92-R-MIKE-JONES-JR,"Mike Jones, Jr.                       ",R,house,92.0,exact_name_candidate,AL_2015-2015_Regular_Session_JSON_20150604_3e60f84eb6c02669a3d22d98c47f1394.zip
2015,12530,William Poole,R,Rep,HD-063,,,,,,,,,unmatched_or_out_of_window,AL_2015-2015_Regular_Session_JSON_20150604_3e60f84eb6c02669a3d22d98c47f1394.zip
2015,12542,Napoleon Bracy,D,Rep,HD-098,2018.0,3.0,ALPERSON-NAPOLEON-BRACY-JR,AL-2018-house-98-D-NAPOLEON-BRACY-JR,"Napoleon Bracy, Jr.                   ",D,house,98.0,exact_name_candidate,AL_2015-2015_Regular_Session_JSON_20150604_3e60f84eb6c02669a3d22d98c47f1394.zip
2015,12542,Napoleon Bracy,D,Rep,HD-098,2022.0,7.0,ALPERSON-NAPOLEON-BRACY-JR,AL-2022-house-98-D-NAPOLEON-BRACY-JR,"Napoleon Bracy, Jr.                   ",D,house,98.0,exact_name_candidate,AL_2015-2015_Regular_Session_JSON_20150604_3e60f84eb6c02669a3d22d98c47f1394.zip
2015,12543,Berry Forte,D,Rep,HD-084,2018.0,3.0,ALPERSON-BERRY-FORTE,AL-2018-house-84-D-BERRY-FORTE,Berry Forte                           ,D,house,84.0,exact_name_candidate,AL_2015-2015_Regular_Session_JSON_20150604_3e60f84eb6c02669a3d22d98c47f1394.zip
2015,12543,Berry Forte,D,Rep,HD-084,2022.0,7.0,ALPERSON-BERRY-FORTE,AL-2022-house-84-D-BERRY-FORTE,Berry Forte                           ,D,house,84.0,exact_name_candidate,AL_2015-2015_Regular_Session_JSON_20150604_3e60f84eb6c02669a3d22d98c47f1394.zip
2015,12545,Mark Tuggle,R,Rep,HD-081,,,,,,,,,unmatched_or_out_of_window,AL_2015-2015_Regular_Session_JSON_20150604_3e60f84eb6c02669a3d22d98c47f1394.zip
2015,12548,Allen Farley,R,Rep,HD-015,2018.0,3.0,ALPERSON-ALLEN-FARLEY,AL-2018-house-15-R-ALLEN-FARLEY,Allen Farley                          ,R,house,15.0,exact_name_candidate,AL_2015-2015_Regular_Session_JSON_20150604_3e60f84eb6c02669a3d22d98c47f1394.zip
2015,12549,Dexter Grimsley,D,Rep,HD-085,2018.0,3.0,ALPERSON-DEXTER-GRIMSLEY,AL-2018-house-85-D-DEXTER-GRIMSLEY,Dexter Grimsley                       ,D,house,85.0,exact_name_candidate,AL_2015-2015_Regular_Session_JSON_20150604_3e60f84eb6c02669a3d22d98c47f1394.zip
2015,12549,Dexter Grimsley,D,Rep,HD-085,2022.0,7.0,ALPERSON-DEXTER-GRIMSLEY,AL-2022-house-85-D-DEXTER-GRIMSLEY,Dexter Grimsley                       ,D,house,85.0,exact_name_candidate,AL_2015-2015_Regular_Session_JSON_20150604_3e60f84eb6c02669a3d22d98c47f1394.zip
2015,12550,Juandalynn Givan,D,Rep,HD-060,2018.0,3.0,ALPERSON-JUANDALYNN-GIVAN,AL-2018-house-60-D-JUANDALYNN-GIVAN,Juandalynn Givan                      ,D,house,60.0,exact_name_candidate,AL_2015-2015_Regular_Session_JSON_20150604_3e60f84eb6c02669a3d22d98c47f1394.zip
2015,12550,Juandalynn Givan,D,Rep,HD-060,2022.0,7.0,ALPERSON-JUANDALYNN-GIVAN,AL-2022-house-60-D-JUANDALYNN-GIVAN,Juandalynn Givan                      ,D,house,60.0,exact_name_candidate,AL_2015-2015_Regular_Session_JSON_20150604_3e60f84eb6c02669a3d22d98c47f1394.zip
2015,13150,David Sessions,R,Rep,SD-035,2018.0,3.0,ALPERSON-DAVID-SESSIONS,AL-2018-senate-35-R-DAVID-SESSIONS,David Sessions                        ,R,senate,35.0,exact_name_candidate,AL_2015-2015_Regular_Session_JSON_20150604_3e60f84eb6c02669a3d22d98c47f1394.zip
2015,13150,David Sessions,R,Rep,SD-035,2022.0,7.0,ALPERSON-DAVID-SESSIONS,AL-2022-senate-35-R-DAVID-SESSIONS,David Sessions                        ,R,senate,35.0,exact_name_candidate,AL_2015-2015_Regular_Session_JSON_20150604_3e60f84eb6c02669a3d22d98c47f1394.zip
2015,13766,Jim Carns,R,Rep,HD-048,2018.0,3.0,ALPERSON-JIM-CARNS,AL-2018-house-48-R-JIM-CARNS,Jim Carns                             ,R,house,48.0,exact_name_candidate,AL_2015-2015_Regular_Session_JSON_20150604_3e60f84eb6c02669a3d22d98c47f1394.zip
2015,13766,Jim Carns,R,Rep,HD-048,2022.0,7.0,ALPERSON-JIM-CARNS,AL-2022-house-48-R-JIM-CARNS,Jim Carns                             ,R,house,48.0,exact_name_candidate,AL_2015-2015_Regular_Session_JSON_20150604_3e60f84eb6c02669a3d22d98c47f1394.zip
2015,15745,David Standridge,R,Rep,HD-034,2018.0,3.0,ALPERSON-DAVID-STANDRIDGE,AL-2018-house-34-R-DAVID-STANDRIDGE,David Standridge                      ,R,house,34.0,exact_name_candidate,AL_2015-2015_Regular_Session_JSON_20150604_3e60f84eb6c02669a3d22d98c47f1394.zip
2015,15745,David Standridge,R,Rep,HD-034,2022.0,7.0,ALPERSON-DAVID-STANDRIDGE,AL-2022-house-34-R-DAVID-STANDRIDGE,David Standridge                      ,R,house,34.0,exact_name_candidate,AL_2015-2015_Regular_Session_JSON_20150604_3e60f84eb6c02669a3d22d98c47f1394.zip
2015,15746,Mack Butler,R,Rep,HD-030,,,,,,,,,unmatched_or_out_of_window,AL_2015-2015_Regular_Session_JSON_20150604_3e60f84eb6c02669a3d22d98c47f1394.zip
2015,16021,Randall Shedd,R,Rep,HD-011,2018.0,3.0,ALPERSON-RANDALL-SHEDD,AL-2018-house-11-R-RANDALL-SHEDD,Randall Shedd                         ,R,house,11.0,exact_name_candidate,AL_2015-2015_Regular_Session_JSON_20150604_3e60f84eb6c02669a3d22d98c47f1394.zip
2015,16021,Randall Shedd,R,Rep,HD-011,2022.0,7.0,ALPERSON-RANDALL-SHEDD,AL-2022-house-11-R-RANDALL-SHEDD,Randall Shedd                         ,R,house,11.0,exact_name_candidate,AL_2015-2015_Regular_Session_JSON_20150604_3e60f84eb6c02669a3d22d98c47f1394.zip
2015,16069,Dimitri Polizos,R,Rep,HD-074,2018.0,3.0,ALPERSON-DIMITRI-POLIZOS,AL-2018-house-74-R-DIMITRI-POLIZOS,Dimitri Polizos                       ,R,house,74.0,exact_name_candidate,AL_2015-2015_Regular_Session_JSON_20150604_3e60f84eb6c02669a3d22d98c47f1394.zip
2015,16140,Adline Clarke,D,Rep,HD-097,2022.0,7.0,ALPERSON-ADLINE-CLARKE,AL-2022-house-97-D-ADLINE-CLARKE,Adline Clarke                         ,D,house,97.0,exact_name_candidate,AL_2015-2015_Regular_Session_JSON_20150604_3e60f84eb6c02669a3d22d98c47f1394.zip
2015,16211,Mike Holmes,R,Rep,HD-031,2018.0,3.0,ALPERSON-MIKE-HOLMES,AL-2018-house-31-R-MIKE-HOLMES,Mike Holmes                           ,R,house,31.0,exact_name_candidate,AL_2015-2015_Regular_Session_JSON_20150604_3e60f84eb6c02669a3d22d98c47f1394.zip
2015,16212,Margie Wilcox,R,Rep,HD-104,2018.0,3.0,ALPERSON-MARGIE-WILCOX,AL-2018-house-104-R-MARGIE-WILCOX,Margie Wilcox                         ,R,house,104.0,exact_name_candidate,AL_2015-2015_Regular_Session_JSON_20150604_3e60f84eb6c02669a3d22d98c47f1394.zip
2015,16212,Margie Wilcox,R,Rep,HD-104,2022.0,7.0,ALPERSON-MARGIE-WILCOX,AL-2022-house-104-R-MARGIE-WILCOX,Margie Wilcox                         ,R,house,104.0,exact_name_candidate,AL_2015-2015_Regular_Session_JSON_20150604_3e60f84eb6c02669a3d22d98c47f1394.zip
2015,16871,Greg Albritton,R,Sen,SD-022,2018.0,3.0,ALPERSON-GREG-ALBRITTON,AL-2018-senate-22-R-GREG-ALBRITTON,Greg Albritton                        ,R,senate,22.0,exact_name_candidate,AL_2015-2015_Regular_Session_JSON_20150604_3e60f84eb6c02669a3d22d98c47f1394.zip
2015,16871,Greg Albritton,R,Sen,SD-022,2022.0,7.0,ALPERSON-GREG-ALBRITTON,AL-2022-senate-22-R-GREG-ALBRITTON,Greg Albritton                        ,R,senate,22.0,exact_name_candidate,AL_2015-2015_Regular_Session_JSON_20150604_3e60f84eb6c02669a3d22d98c47f1394.zip
2015,16872,Clyde Chambliss,R,Sen,SD-030,2018.0,3.0,ALPERSON-CLYDE-CHAMBLISS-JR,AL-2018-senate-30-R-CLYDE-CHAMBLISS-JR,"Clyde Chambliss, Jr.                  ",R,senate,30.0,exact_name_candidate,AL_2015-2015_Regular_Session_JSON_20150604_3e60f84eb6c02669a3d22d98c47f1394.zip
2015,16872,Clyde Chambliss,R,Sen,SD-030,2022.0,7.0,ALPERSON-CLYDE-CHAMBLISS-JR,AL-2022-senate-30-R-CLYDE-CHAMBLISS-JR,"Clyde Chambliss, Jr.                  ",R,senate,30.0,exact_name_candidate,AL_2015-2015_Regular_Session_JSON_20150604_3e60f84eb6c02669a3d22d98c47f1394.zip
2015,16873,Steve Livingston,R,Sen,SD-008,2018.0,3.0,ALPERSON-STEVE-LIVINGSTON,AL-2018-senate-8-R-STEVE-LIVINGSTON,Steve Livingston                      ,R,senate,8.0,exact_name_candidate,AL_2015-2015_Regular_Session_JSON_20150604_3e60f84eb6c02669a3d22d98c47f1394.zip
2015,16873,Steve Livingston,R,Sen,SD-008,2022.0,7.0,ALPERSON-STEVE-LIVINGSTON,AL-2022-senate-8-R-STEVE-LIVINGSTON,Steve Livingston                      ,R,senate,8.0,exact_name_candidate,AL_2015-2015_Regular_Session_JSON_20150604_3e60f84eb6c02669a3d22d98c47f1394.zip
2015,16874,Shay Shelnutt,R,Sen,SD-017,2018.0,3.0,ALPERSON-SHAY-SHELNUTT,AL-2018-senate-17-R-SHAY-SHELNUTT,Shay Shelnutt                         ,R,senate,17.0,exact_name_candidate,AL_2015-2015_Regular_Session_JSON_20150604_3e60f84eb6c02669a3d22d98c47f1394.zip
2015,16874,Shay Shelnutt,R,Sen,SD-017,2022.0,7.0,ALPERSON-SHAY-SHELNUTT,AL-2022-senate-17-R-SHAY-SHELNUTT,Shay Shelnutt                         ,R,senate,17.0,exact_name_candidate,AL_2015-2015_Regular_Session_JSON_20150604_3e60f84eb6c02669a3d22d98c47f1394.zip
2015,16875,Tim Melson,R,Sen,SD-001,2018.0,3.0,ALPERSON-TIM-MELSON,AL-2018-senate-1-R-TIM-MELSON,Tim Melson                            ,R,senate,1.0,exact_name_candidate,AL_2015-2015_Regular_Session_JSON_20150604_3e60f84eb6c02669a3d22d98c47f1394.zip
2015,16875,Tim Melson,R,Sen,SD-001,2022.0,7.0,ALPERSON-TIM-MELSON,AL-2022-senate-1-R-TIM-MELSON,Tim Melson                            ,R,senate,1.0,exact_name_candidate,AL_2015-2015_Regular_Session_JSON_20150604_3e60f84eb6c02669a3d22d98c47f1394.zip
2015,16876,Larry Stutts,R,Sen,SD-006,2018.0,3.0,ALPERSON-LARRY-STUTTS,AL-2018-senate-6-R-LARRY-STUTTS,Larry Stutts                          ,R,senate,6.0,exact_name_candidate,AL_2015-2015_Regular_Session_JSON_20150604_3e60f84eb6c02669a3d22d98c47f1394.zip
2015,16876,Larry Stutts,R,Sen,SD-006,2022.0,7.0,ALPERSON-LARRY-STUTTS,AL-2022-senate-6-R-LARRY-STUTTS,Larry Stutts                          ,R,senate,6.0,exact_name_candidate,AL_2015-2015_Regular_Session_JSON_20150604_3e60f84eb6c02669a3d22d98c47f1394.zip
2015,17025,Corey Harbison,R,Rep,HD-012,2018.0,3.0,ALPERSON-COREY-HARBISON,AL-2018-house-12-R-COREY-HARBISON,Corey Harbison                        ,R,house,12.0,exact_name_candidate,AL_2015-2015_Regular_Session_JSON_20150604_3e60f84eb6c02669a3d22d98c47f1394.zip
2015,17025,Corey Harbison,R,Rep,HD-012,2022.0,7.0,ALPERSON-COREY-HARBISON,AL-2022-house-12-R-COREY-HARBISON,Corey Harbison                        ,R,house,12.0,exact_name_candidate,AL_2015-2015_Regular_Session_JSON_20150604_3e60f84eb6c02669a3d22d98c47f1394.zip
2015,17026,Phillip Pettus,R,Rep,HD-001,2018.0,3.0,ALPERSON-PHILLIP-PETTUS,AL-2018-house-1-R-PHILLIP-PETTUS,Phillip Pettus                        ,R,house,1.0,exact_name_candidate,AL_2015-2015_Regular_Session_JSON_20150604_3e60f84eb6c02669a3d22d98c47f1394.zip
2015,17026,Phillip Pettus,R,Rep,HD-001,2022.0,7.0,ALPERSON-PHILLIP-PETTUS,AL-2022-house-1-R-PHILLIP-PETTUS,Phillip Pettus                        ,R,house,1.0,exact_name_candidate,AL_2015-2015_Regular_Session_JSON_20150604_3e60f84eb6c02669a3d22d98c47f1394.zip
2015,17027,Ritchie Whorton,R,Rep,HD-022,2018.0,3.0,ALPERSON-RITCHIE-WHORTON,AL-2018-house-22-R-RITCHIE-WHORTON,Ritchie Whorton                       ,R,house,22.0,exact_name_candidate,AL_2015-2015_Regular_Session_JSON_20150604_3e60f84eb6c02669a3d22d98c47f1394.zip
2015,17027,Ritchie Whorton,R,Rep,HD-022,2022.0,7.0,ALPERSON-RITCHIE-WHORTON,AL-2022-house-22-R-RITCHIE-WHORTON,Ritchie Whorton                       ,R,house,22.0,exact_name_candidate,AL_2015-2015_Regular_Session_JSON_20150604_3e60f84eb6c02669a3d22d98c47f1394.zip
2015,17028,Connie Rowe,R,Rep,HD-013,,,,,,,,,unmatched_or_out_of_window,AL_2015-2015_Regular_Session_JSON_20150604_3e60f84eb6c02669a3d22d98c47f1394.zip
2015,17589,David Faulkner,R,Rep,HD-046,2018.0,3.0,ALPERSON-DAVID-FAULKNER,AL-2018-house-46-R-DAVID-FAULKNER,David Faulkner                        ,R,house,46.0,exact_name_candidate,AL_2015-2015_Regular_Session_JSON_20150604_3e60f84eb6c02669a3d22d98c47f1394.zip
2015,17589,David Faulkner,R,Rep,HD-046,2022.0,7.0,ALPERSON-DAVID-FAULKNER,AL-2022-house-46-R-DAVID-FAULKNER,David Faulkner                        ,R,house,46.0,exact_name_candidate,AL_2015-2015_Regular_Session_JSON_20150604_3e60f84eb6c02669a3d22d98c47f1394.zip
2015,17590,Matt Fridy,R,Rep,HD-073,2018.0,3.0,ALPERSON-MATT-FRIDY,AL-2018-house-73-R-MATT-FRIDY,Matt Fridy                            ,R,house,73.0,exact_name_candidate,AL_2015-2015_Regular_Session_JSON_20150604_3e60f84eb6c02669a3d22d98c47f1394.zip
2015,17591,Danny Garrett,R,Rep,HD-044,2018.0,3.0,ALPERSON-DANNY-GARRETT,AL-2018-house-44-R-DANNY-GARRETT,Danny Garrett                         ,R,house,44.0,exact_name_candidate,AL_2015-2015_Regular_Session_JSON_20150604_3e60f84eb6c02669a3d22d98c47f1394.zip
2015,17591,Danny Garrett,R,Rep,HD-044,2022.0,7.0,ALPERSON-DANNY-GARRETT,AL-2022-house-44-R-DANNY-GARRETT,Danny Garrett                         ,R,house,44.0,exact_name_candidate,AL_2015-2015_Regular_Session_JSON_20150604_3e60f84eb6c02669a3d22d98c47f1394.zip
2015,17592,James Hanes,R,Rep,HD-023,,,,,,,,,unmatched_or_out_of_window,AL_2015-2015_Regular_Session_JSON_20150604_3e60f84eb6c02669a3d22d98c47f1394.zip
2015,17593,Jim Hill,R,Rep,HD-050,2018.0,3.0,ALPERSON-JIM-HILL,AL-2018-house-50-R-JIM-HILL,Jim Hill                              ,R,house,50.0,exact_name_candidate,AL_2015-2015_Regular_Session_JSON_20150604_3e60f84eb6c02669a3d22d98c47f1394.zip
2015,17593,Jim Hill,R,Rep,HD-050,2022.0,7.0,ALPERSON-JIM-HILL,AL-2022-house-50-R-JIM-HILL,Jim Hill                              ,R,house,50.0,exact_name_candidate,AL_2015-2015_Regular_Session_JSON_20150604_3e60f84eb6c02669a3d22d98c47f1394.zip
2015,17594,Reed Ingram,R,Rep,HD-075,2018.0,3.0,ALPERSON-REED-INGRAM,AL-2018-house-75-R-REED-INGRAM,Reed Ingram                           ,R,house,75.0,exact_name_candidate,AL_2015-2015_Regular_Session_JSON_20150604_3e60f84eb6c02669a3d22d98c47f1394.zip
2015,17594,Reed Ingram,R,Rep,HD-075,2022.0,7.0,ALPERSON-REED-INGRAM,AL-2022-house-75-R-REED-INGRAM,Reed Ingram                           ,R,house,75.0,exact_name_candidate,AL_2015-2015_Regular_Session_JSON_20150604_3e60f84eb6c02669a3d22d98c47f1394.zip
2015,17595,Nathaniel Ledbetter,R,Rep,HD-024,2018.0,3.0,ALPERSON-NATHANIEL-LEDBETTER,AL-2018-house-24-R-NATHANIEL-LEDBETTER,Nathaniel Ledbetter                   ,R,house,24.0,exact_name_candidate,AL_2015-2015_Regular_Session_JSON_20150604_3e60f84eb6c02669a3d22d98c47f1394.zip
2015,17595,Nathaniel Ledbetter,R,Rep,HD-024,2022.0,7.0,ALPERSON-NATHANIEL-LEDBETTER,AL-2022-house-24-R-NATHANIEL-LEDBETTER,Nathaniel Ledbetter                   ,R,house,24.0,exact_name_candidate,AL_2015-2015_Regular_Session_JSON_20150604_3e60f84eb6c02669a3d22d98c47f1394.zip
2015,17596,Chris Sells,R,Rep,HD-090,2018.0,3.0,ALPERSON-CHRIS-SELLS,AL-2018-house-90-R-CHRIS-SELLS,Chris Sells                           ,R,house,90.0,exact_name_candidate,AL_2015-2015_Regular_Session_JSON_20150604_3e60f84eb6c02669a3d22d98c47f1394.zip
2015,17596,Chris Sells,R,Rep,HD-090,2022.0,7.0,ALPERSON-CHRIS-SELLS,AL-2022-house-90-R-CHRIS-SELLS,Chris Sells                           ,R,house,90.0,exact_name_candidate,AL_2015-2015_Regular_Session_JSON_20150604_3e60f84eb6c02669a3d22d98c47f1394.zip
2015,17597,Kyle South,R,Rep,HD-016,2018.0,3.0,ALPERSON-KYLE-SOUTH,AL-2018-house-16-R-KYLE-SOUTH,Kyle South                            ,R,house,16.0,exact_name_candidate,AL_2015-2015_Regular_Session_JSON_20150604_3e60f84eb6c02669a3d22d98c47f1394.zip
2015,17597,Kyle South,R,Rep,HD-016,2022.0,7.0,ALPERSON-KYLE-SOUTH,AL-2022-house-16-R-KYLE-SOUTH,Kyle South                            ,R,house,16.0,exact_name_candidate,AL_2015-2015_Regular_Session_JSON_20150604_3e60f84eb6c02669a3d22d98c47f1394.zip
2015,17598,Jack Williams,R,Rep,SD-034,2018.0,3.0,ALPERSON-JACK-WILLIAMS,AL-2018-senate-34-R-JACK-WILLIAMS,Jack Williams                         ,R,senate,34.0,exact_name_candidate,AL_2015-2015_Regular_Session_JSON_20150604_3e60f84eb6c02669a3d22d98c47f1394.zip
2015,17598,Jack Williams,R,Rep,SD-034,2022.0,7.0,ALPERSON-JACK-WILLIAMS,AL-2022-senate-34-R-JACK-WILLIAMS,Jack Williams                         ,R,senate,34.0,exact_name_candidate,AL_2015-2015_Regular_Session_JSON_20150604_3e60f84eb6c02669a3d22d98c47f1394.zip
2015,17603,Chris Pringle,R,Rep,HD-101,2018.0,3.0,ALPERSON-CHRIS-PRINGLE,AL-2018-house-101-R-CHRIS-PRINGLE,Chris Pringle                         ,R,house,101.0,exact_name_candidate,AL_2015-2015_Regular_Session_JSON_20150604_3e60f84eb6c02669a3d22d98c47f1394.zip
2015,17603,Chris Pringle,R,Rep,HD-101,2022.0,7.0,ALPERSON-CHRIS-PRINGLE,AL-2022-house-101-R-CHRIS-PRINGLE,Chris Pringle                         ,R,house,101.0,exact_name_candidate,AL_2015-2015_Regular_Session_JSON_20150604_3e60f84eb6c02669a3d22d98c47f1394.zip
2015,17622,Bob Fincher,R,Rep,HD-037,2018.0,3.0,ALPERSON-BOB-FINCHER,AL-2018-house-37-R-BOB-FINCHER,Bob Fincher                           ,R,house,37.0,exact_name_candidate,AL_2015-2015_Regular_Session_JSON_20150604_3e60f84eb6c02669a3d22d98c47f1394.zip
2015,17622,Bob Fincher,R,Rep,HD-037,2022.0,7.0,ALPERSON-BOB-FINCHER,AL-2022-house-37-R-BOB-FINCHER,Bob Fincher                           ,R,house,37.0,exact_name_candidate,AL_2015-2015_Regular_Session_JSON_20150604_3e60f84eb6c02669a3d22d98c47f1394.zip
2015,17624,Barbara Drummond,D,Rep,HD-103,2018.0,3.0,ALPERSON-BARBARA-DRUMMOND,AL-2018-house-103-D-BARBARA-DRUMMOND,Barbara Drummond                      ,D,house,103.0,exact_name_candidate,AL_2015-2015_Regular_Session_JSON_20150604_3e60f84eb6c02669a3d22d98c47f1394.zip
2015,17624,Barbara Drummond,D,Rep,HD-103,2022.0,7.0,ALPERSON-BARBARA-DRUMMOND,AL-2022-house-103-D-BARBARA-DRUMMOND,Barbara Drummond                      ,D,house,103.0,exact_name_candidate,AL_2015-2015_Regular_Session_JSON_20150604_3e60f84eb6c02669a3d22d98c47f1394.zip
2015,17625,Kelvin Lawrence,D,Rep,HD-069,,,,,,,,,unmatched_or_out_of_window,AL_2015-2015_Regular_Session_JSON_20150604_3e60f84eb6c02669a3d22d98c47f1394.zip
2015,17632,Timothy Wadsworth,R,Rep,HD-014,,,,,,,,,unmatched_or_out_of_window,AL_2015-2015_Regular_Session_JSON_20150604_3e60f84eb6c02669a3d22d98c47f1394.zip
2015,17633,Rich Wingo,R,Rep,HD-062,2018.0,3.0,ALPERSON-RICH-WINGO,AL-2018-house-62-R-RICH-WINGO,Rich Wingo                            ,R,house,62.0,exact_name_candidate,AL_2015-2015_Regular_Session_JSON_20150604_3e60f84eb6c02669a3d22d98c47f1394.zip
2015,17634,Arnold Mooney,R,Rep,HD-043,2022.0,7.0,ALPERSON-ARNOLD-MOONEY,AL-2022-house-43-R-ARNOLD-MOONEY,Arnold Mooney                         ,R,house,43.0,exact_name_candidate,AL_2015-2015_Regular_Session_JSON_20150604_3e60f84eb6c02669a3d22d98c47f1394.zip
2015,17642,Anthony Daniels,D,Rep,HD-053,2018.0,3.0,ALPERSON-ANTHONY-DANIELS,AL-2018-house-53-D-ANTHONY-DANIELS,Anthony Daniels                       ,D,house,53.0,exact_name_candidate,AL_2015-2015_Regular_Session_JSON_20150604_3e60f84eb6c02669a3d22d98c47f1394.zip
2015,17642,Anthony Daniels,D,Rep,HD-053,2022.0,7.0,ALPERSON-ANTHONY-DANIELS,AL-2022-house-53-D-ANTHONY-DANIELS,Anthony Daniels                       ,D,house,53.0,exact_name_candidate,AL_2015-2015_Regular_Session_JSON_20150604_3e60f84eb6c02669a3d22d98c47f1394.zip
2015,17643,Issac Whorton,R,Rep,HD-038,,,,,,,,,unmatched_or_out_of_window,AL_2015-2015_Regular_Session_JSON_20150604_3e60f84eb6c02669a3d22d98c47f1394.zip
2015,3357,Laura Hall,D,Rep,HD-019,2018.0,3.0,ALPERSON-LAURA-HALL,AL-2018-house-19-D-LAURA-HALL,Laura Hall                            ,D,house,19.0,exact_name_candidate,AL_2015-2015_Regular_Session_JSON_20150604_3e60f84eb6c02669a3d22d98c47f1394.zip
2015,3357,Laura Hall,D,Rep,HD-019,2022.0,7.0,ALPERSON-LAURA-HALL,AL-2022-house-19-D-LAURA-HALL,Laura Hall                            ,D,house,19.0,exact_name_candidate,AL_2015-2015_Regular_Session_JSON_20150604_3e60f84eb6c02669a3d22d98c47f1394.zip
2015,3358,Artis McCampbell,D,Rep,HD-071,,,,,,,,,unmatched_or_out_of_window,AL_2015-2015_Regular_Session_JSON_20150604_3e60f84eb6c02669a3d22d98c47f1394.zip
2015,3360,Barbara Boyd,D,Rep,HD-032,,,,,,,,,unmatched_or_out_of_window,AL_2015-2015_Regular_Session_JSON_20150604_3e60f84eb6c02669a3d22d98c47f1394.zip
2015,3370,Pebblin Warren,D,Rep,HD-082,,,,,,,,,unmatched_or_out_of_window,AL_2015-2015_Regular_Session_JSON_20150604_3e60f84eb6c02669a3d22d98c47f1394.zip
2015,3371,Ralph Howard,D,Rep,HD-072,,,,,,,,,unmatched_or_out_of_window,AL_2015-2015_Regular_Session_JSON_20150604_3e60f84eb6c02669a3d22d98c47f1394.zip
2015,3372,Thad McClammy,D,Rep,HD-076,2018.0,3.0,ALPERSON-THAD-MCCLAMMY,AL-2018-house-76-D-THAD-MCCLAMMY,Thad McClammy                         ,D,house,76.0,exact_name_candidate,AL_2015-2015_Regular_Session_JSON_20150604_3e60f84eb6c02669a3d22d98c47f1394.zip
2015,3374,Christopher England,D,Rep,HD-070,,,,,,,,,unmatched_or_out_of_window,AL_2015-2015_Regular_Session_JSON_20150604_3e60f84eb6c02669a3d22d98c47f1394.zip
2015,3382,Thomas Jackson,D,Rep,HD-068,,,,,,,,,unmatched_or_out_of_window,AL_2015-2015_Regular_Session_JSON_20150604_3e60f84eb6c02669a3d22d98c47f1394.zip
2015,3386,William Beasley,D,Sen,SD-028,,,,,,,,,unmatched_or_out_of_window,AL_2015-2015_Regular_Session_JSON_20150604_3e60f84eb6c02669a3d22d98c47f1394.zip
2015,3387,Stephen Hurst,R,Rep,HD-035,,,,,,,,,unmatched_or_out_of_window,AL_2015-2015_Regular_Session_JSON_20150604_3e60f84eb6c02669a3d22d98c47f1394.zip
2015,3388,James Buskey,D,Rep,HD-099,,,,,,,,,unmatched_or_out_of_window,AL_2015-2015_Regular_Session_JSON_20150604_3e60f84eb6c02669a3d22d98c47f1394.zip
2015,3389,Mary Moore,D,Rep,HD-059,2018.0,3.0,ALPERSON-MARY-MOORE,AL-2018-house-59-D-MARY-MOORE,Mary Moore                            ,D,house,59.0,exact_name_candidate,AL_2015-2015_Regular_Session_JSON_20150604_3e60f84eb6c02669a3d22d98c47f1394.zip
2015,3389,Mary Moore,D,Rep,HD-059,2022.0,7.0,ALPERSON-MARY-MOORE,AL-2022-house-59-D-MARY-MOORE,Mary Moore                            ,D,house,59.0,exact_name_candidate,AL_2015-2015_Regular_Session_JSON_20150604_3e60f84eb6c02669a3d22d98c47f1394.zip
2015,3391,Merika Coleman-Evans,D,Rep,HD-057,,,,,,,,,unmatched_or_out_of_window,AL_2015-2015_Regular_Session_JSON_20150604_3e60f84eb6c02669a3d22d98c47f1394.zip
2015,3402,Johnny Morrow,D,Rep,HD-018,,,,,,,,,unmatched_or_out_of_window,AL_2015-2015_Regular_Session_JSON_20150604_3e60f84eb6c02669a3d22d98c47f1394.zip
2015,3405,Robert Ward,R,Sen,SD-014,,,,,,,,,unmatched_or_out_of_window,AL_2015-2015_Regular_Session_JSON_20150604_3e60f84eb6c02669a3d22d98c47f1394.zip
2015,3411,Mac McCutcheon,R,Rep,HD-025,2018.0,3.0,ALPERSON-MAC-MCCUTCHEON,AL-2018-house-25-R-MAC-MCCUTCHEON,Mac McCutcheon                        ,R,house,25.0,exact_name_candidate,AL_2015-2015_Regular_Session_JSON_20150604_3e60f84eb6c02669a3d22d98c47f1394.zip
2015,3415,Victor Gaston,R,Rep,HD-100,2018.0,3.0,ALPERSON-VICTOR-GASTON,AL-2018-house-100-R-VICTOR-GASTON,Victor Gaston                         ,R,house,100.0,exact_name_candidate,AL_2015-2015_Regular_Session_JSON_20150604_3e60f84eb6c02669a3d22d98c47f1394.zip
2015,3416,Mike Ball,R,Rep,HD-010,2018.0,3.0,ALPERSON-MIKE-BALL,AL-2018-house-10-R-MIKE-BALL,Mike Ball                             ,R,house,10.0,exact_name_candidate,AL_2015-2015_Regular_Session_JSON_20150604_3e60f84eb6c02669a3d22d98c47f1394.zip
2015,3418,Jack Williams,R,Rep,HD-047,2018.0,3.0,ALPERSON-JACK-WILLIAMS,AL-2018-senate-34-R-JACK-WILLIAMS,Jack Williams                         ,R,senate,34.0,exact_name_candidate,AL_2015-2015_Regular_Session_JSON_20150604_3e60f84eb6c02669a3d22d98c47f1394.zip
2015,3418,Jack Williams,R,Rep,HD-047,2022.0,7.0,ALPERSON-JACK-WILLIAMS,AL-2022-senate-34-R-JACK-WILLIAMS,Jack Williams                         ,R,senate,34.0,exact_name_candidate,AL_2015-2015_Regular_Session_JSON_20150604_3e60f84eb6c02669a3d22d98c47f1394.zip
2015,3419,Dickie Drake,R,Rep,HD-045,2018.0,3.0,ALPERSON-DICKIE-DRAKE,AL-2018-house-45-R-DICKIE-DRAKE,Dickie Drake                          ,R,house,45.0,exact_name_candidate,AL_2015-2015_Regular_Session_JSON_20150604_3e60f84eb6c02669a3d22d98c47f1394.zip
2015,3420,Gerald Allen,R,Sen,SD-021,2018.0,3.0,ALPERSON-GERALD-ALLEN,AL-2018-senate-21-R-GERALD-ALLEN,Gerald Allen                          ,R,senate,21.0,exact_name_candidate,AL_2015-2015_Regular_Session_JSON_20150604_3e60f84eb6c02669a3d22d98c47f1394.zip
2015,3420,Gerald Allen,R,Sen,SD-021,2022.0,7.0,ALPERSON-GERALD-ALLEN,AL-2022-senate-21-R-GERALD-ALLEN,Gerald Allen                          ,R,senate,21.0,exact_name_candidate,AL_2015-2015_Regular_Session_JSON_20150604_3e60f84eb6c02669a3d22d98c47f1394.zip
2015,3422,James Martin,R,Rep,HD-042,,,,,,,,,unmatched_or_out_of_window,AL_2015-2015_Regular_Session_JSON_20150604_3e60f84eb6c02669a3d22d98c47f1394.zip
2015,3423,Harry Shiver,R,Rep,HD-064,2018.0,3.0,ALPERSON-HARRY-SHIVER,AL-2018-house-64-R-HARRY-SHIVER,Harry Shiver                          ,R,house,64.0,exact_name_candidate,AL_2015-2015_Regular_Session_JSON_20150604_3e60f84eb6c02669a3d22d98c47f1394.zip
2015,3424,Joe Faust,R,Rep,HD-094,2018.0,3.0,ALPERSON-JOE-FAUST,AL-2018-house-94-R-JOE-FAUST,Joe Faust                             ,R,house,94.0,exact_name_candidate,AL_2015-2015_Regular_Session_JSON_20150604_3e60f84eb6c02669a3d22d98c47f1394.zip
2015,3426,Alan Baker,R,Rep,HD-066,2018.0,3.0,ALPERSON-ALAN-BAKER,AL-2018-house-66-R-ALAN-BAKER,Alan Baker                            ,R,house,66.0,exact_name_candidate,AL_2015-2015_Regular_Session_JSON_20150604_3e60f84eb6c02669a3d22d98c47f1394.zip
2015,3426,Alan Baker,R,Rep,HD-066,2022.0,7.0,ALPERSON-ALAN-BAKER,AL-2022-house-66-R-ALAN-BAKER,Alan Baker                            ,R,house,66.0,exact_name_candidate,AL_2015-2015_Regular_Session_JSON_20150604_3e60f84eb6c02669a3d22d98c47f1394.zip
2015,3427,Steve McMillan,R,Rep,HD-095,2018.0,3.0,ALPERSON-STEVE-MCMILLAN,AL-2018-house-95-R-STEVE-MCMILLAN,Steve McMillan                        ,R,house,95.0,exact_name_candidate,AL_2015-2015_Regular_Session_JSON_20150604_3e60f84eb6c02669a3d22d98c47f1394.zip
2015,3429,Jim McClendon,R,Sen,SD-011,2018.0,3.0,ALPERSON-JIM-MCCLENDON,AL-2018-senate-11-R-JIM-MCCLENDON,Jim McClendon                         ,R,senate,11.0,exact_name_candidate,AL_2015-2015_Regular_Session_JSON_20150604_3e60f84eb6c02669a3d22d98c47f1394.zip
2015,3430,Randy Wood,R,Rep,HD-036,2018.0,3.0,ALPERSON-RANDY-WOOD,AL-2018-house-36-R-RANDY-WOOD,Randy Wood                            ,R,house,36.0,exact_name_candidate,AL_2015-2015_Regular_Session_JSON_20150604_3e60f84eb6c02669a3d22d98c47f1394.zip
2015,3430,Randy Wood,R,Rep,HD-036,2022.0,7.0,ALPERSON-RANDY-WOOD,AL-2022-house-36-R-RANDY-WOOD,Randy Wood                            ,R,house,36.0,exact_name_candidate,AL_2015-2015_Regular_Session_JSON_20150604_3e60f84eb6c02669a3d22d98c47f1394.zip
2015,3432,Steve Clouse,R,Rep,HD-093,2018.0,3.0,ALPERSON-STEVE-CLOUSE,AL-2018-house-93-R-STEVE-CLOUSE,Steve Clouse                          ,R,house,93.0,exact_name_candidate,AL_2015-2015_Regular_Session_JSON_20150604_3e60f84eb6c02669a3d22d98c47f1394.zip
2015,3432,Steve Clouse,R,Rep,HD-093,2022.0,7.0,ALPERSON-STEVE-CLOUSE,AL-2022-house-93-R-STEVE-CLOUSE,Steve Clouse                          ,R,house,93.0,exact_name_candidate,AL_2015-2015_Regular_Session_JSON_20150604_3e60f84eb6c02669a3d22d98c47f1394.zip
2015,3435,Howard Sanderford,R,Rep,HD-020,2018.0,3.0,ALPERSON-HOWARD-SANDERFORD,AL-2018-house-20-R-HOWARD-SANDERFORD,Howard Sanderford                     ,R,house,20.0,exact_name_candidate,AL_2015-2015_Regular_Session_JSON_20150604_3e60f84eb6c02669a3d22d98c47f1394.zip
2015,3445,Allen Treadaway,R,Rep,HD-051,2018.0,3.0,ALPERSON-ALLEN-TREADAWAY,AL-2018-house-51-R-ALLEN-TREADAWAY,Allen Treadaway                       ,R,house,51.0,exact_name_candidate,AL_2015-2015_Regular_Session_JSON_20150604_3e60f84eb6c02669a3d22d98c47f1394.zip
2015,3445,Allen Treadaway,R,Rep,HD-051,2022.0,7.0,ALPERSON-ALLEN-TREADAWAY,AL-2022-house-51-R-ALLEN-TREADAWAY,Allen Treadaway                       ,R,house,51.0,exact_name_candidate,AL_2015-2015_Regular_Session_JSON_20150604_3e60f84eb6c02669a3d22d98c47f1394.zip
2015,3449,Ronald Johnson,R,Rep,HD-033,,,,,,,,,unmatched_or_out_of_window,AL_2015-2015_Regular_Session_JSON_20150604_3e60f84eb6c02669a3d22d98c47f1394.zip
2015,3450,Alan Boothe,R,Rep,HD-089,,,,,,,,,unmatched_or_out_of_window,AL_2015-2015_Regular_Session_JSON_20150604_3e60f84eb6c02669a3d22d98c47f1394.zip
2015,3454,John Rogers,D,Rep,HD-052,,,,,,,,,unmatched_or_out_of_window,AL_2015-2015_Regular_Session_JSON_20150604_3e60f84eb6c02669a3d22d98c47f1394.zip
2015,3455,Elaine Beech,D,Rep,HD-065,2018.0,3.0,ALPERSON-ELAINE-BEECH,AL-2018-house-65-D-ELAINE-BEECH,Elaine Beech                          ,D,house,65.0,exact_name_candidate,AL_2015-2015_Regular_Session_JSON_20150604_3e60f84eb6c02669a3d22d98c47f1394.zip
2015,3456,Roderick Scott,D,Rep,HD-055,,,,,,,,,unmatched_or_out_of_window,AL_2015-2015_Regular_Session_JSON_20150604_3e60f84eb6c02669a3d22d98c47f1394.zip
2015,3458,George Bandy,D,Rep,HD-083,,,,,,,,,unmatched_or_out_of_window,AL_2015-2015_Regular_Session_JSON_20150604_3e60f84eb6c02669a3d22d98c47f1394.zip
2015,3459,K.L. Brown,R,Rep,HD-040,,,,,,,,,unmatched_or_out_of_window,AL_2015-2015_Regular_Session_JSON_20150604_3e60f84eb6c02669a3d22d98c47f1394.zip
2015,3461,J.T. Waggoner,R,Sen,SD-016,,,,,,,,,unmatched_or_out_of_window,AL_2015-2015_Regular_Session_JSON_20150604_3e60f84eb6c02669a3d22d98c47f1394.zip
2015,3462,Del Marsh,R,Sen,SD-012,2018.0,3.0,ALPERSON-DEL-MARSH,AL-2018-senate-12-R-DEL-MARSH,Del Marsh                             ,R,senate,12.0,exact_name_candidate,AL_2015-2015_Regular_Session_JSON_20150604_3e60f84eb6c02669a3d22d98c47f1394.zip
2015,3465,Rodger Smitherman,D,Sen,SD-018,,,,,,,,,unmatched_or_out_of_window,AL_2015-2015_Regular_Session_JSON_20150604_3e60f84eb6c02669a3d22d98c47f1394.zip
2015,3467,Paul Sanford,R,Sen,SD-007,,,,,,,,,unmatched_or_out_of_window,AL_2015-2015_Regular_Session_JSON_20150604_3e60f84eb6c02669a3d22d98c47f1394.zip
2015,3472,Quinton Ross,D,Sen,SD-026,,,,,,,,,unmatched_or_out_of_window,AL_2015-2015_Regular_Session_JSON_20150604_3e60f84eb6c02669a3d22d98c47f1394.zip
2015,3479,Linda Coleman-Madison,D,Sen,SD-020,2018.0,3.0,ALPERSON-LINDA-COLEMAN-MADISON,AL-2018-senate-20-D-LINDA-COLEMAN-MADISON,Linda Coleman-Madison                 ,D,senate,20.0,exact_name_candidate,AL_2015-2015_Regular_Session_JSON_20150604_3e60f84eb6c02669a3d22d98c47f1394.zip
2015,3479,Linda Coleman-Madison,D,Sen,SD-020,2022.0,7.0,ALPERSON-LINDA-COLEMAN-MADISON,AL-2022-senate-20-D-LINDA-COLEMAN-MADISON,Linda Coleman-Madison                 ,D,senate,20.0,exact_name_candidate,AL_2015-2015_Regular_Session_JSON_20150604_3e60f84eb6c02669a3d22d98c47f1394.zip
2015,3480,Priscilla Dunn,D,Sen,SD-019,2018.0,3.0,ALPERSON-PRISCILLA-DUNN,AL-2018-senate-19-D-PRISCILLA-DUNN,Priscilla Dunn                        ,D,senate,19.0,exact_name_candidate,AL_2015-2015_Regular_Session_JSON_20150604_3e60f84eb6c02669a3d22d98c47f1394.zip
2015,3481,Arthur Orr,R,Sen,SD-003,2018.0,3.0,ALPERSON-ARTHUR-ORR,AL-2018-senate-3-R-ARTHUR-ORR,Arthur Orr                            ,R,senate,3.0,exact_name_candidate,AL_2015-2015_Regular_Session_JSON_20150604_3e60f84eb6c02669a3d22d98c47f1394.zip
2015,3481,Arthur Orr,R,Sen,SD-003,2022.0,7.0,ALPERSON-ARTHUR-ORR,AL-2022-senate-3-R-ARTHUR-ORR,Arthur Orr                            ,R,senate,3.0,exact_name_candidate,AL_2015-2015_Regular_Session_JSON_20150604_3e60f84eb6c02669a3d22d98c47f1394.zip
2015,3482,Bobby Singleton,D,Sen,SD-024,2018.0,3.0,ALPERSON-BOBBY-SINGLETON,AL-2018-senate-24-D-BOBBY-SINGLETON,Bobby Singleton                       ,D,senate,24.0,exact_name_candidate,AL_2015-2015_Regular_Session_JSON_20150604_3e60f84eb6c02669a3d22d98c47f1394.zip
2015,3482,Bobby Singleton,D,Sen,SD-024,2022.0,7.0,ALPERSON-BOBBY-SINGLETON,AL-2022-senate-24-D-BOBBY-SINGLETON,Bobby Singleton                       ,D,senate,24.0,exact_name_candidate,AL_2015-2015_Regular_Session_JSON_20150604_3e60f84eb6c02669a3d22d98c47f1394.zip
2015,3490,Vivian Figures,D,Sen,SD-033,,,,,,,,,unmatched_or_out_of_window,AL_2015-2015_Regular_Session_JSON_20150604_3e60f84eb6c02669a3d22d98c47f1394.zip
2015,3491,Jimmy Holley,R,Sen,SD-031,,,,,,,,,unmatched_or_out_of_window,AL_2015-2015_Regular_Session_JSON_20150604_3e60f84eb6c02669a3d22d98c47f1394.zip
2015,3493,Harri Smith,I,Sen,SD-029,,,,,,,,,unmatched_or_out_of_window,AL_2015-2015_Regular_Session_JSON_20150604_3e60f84eb6c02669a3d22d98c47f1394.zip
2016,12485,Kerry Rich,R,Rep,HD-026,2018.0,2.0,ALPERSON-KERRY-RICH,AL-2018-house-26-R-KERRY-RICH,Kerry Rich                            ,R,house,26.0,exact_name_candidate,AL_2016-2016_Regular_Session_JSON_20160504_e800c0b0cdea4446e6a9ef36040ac9ba.zip
2016,12486,Terri Collins,R,Rep,HD-008,2018.0,2.0,ALPERSON-TERRI-COLLINS,AL-2018-house-8-R-TERRI-COLLINS,Terri Collins                         ,R,house,8.0,exact_name_candidate,AL_2016-2016_Regular_Session_JSON_20160504_e800c0b0cdea4446e6a9ef36040ac9ba.zip
2016,12486,Terri Collins,R,Rep,HD-008,2022.0,6.0,ALPERSON-TERRI-COLLINS,AL-2022-house-8-R-TERRI-COLLINS,Terri Collins                         ,R,house,8.0,exact_name_candidate,AL_2016-2016_Regular_Session_JSON_20160504_e800c0b0cdea4446e6a9ef36040ac9ba.zip
2016,12488,Lynn Greer,R,Rep,HD-002,2018.0,2.0,ALPERSON-LYNN-GREER,AL-2018-house-2-R-LYNN-GREER,Lynn Greer                            ,R,house,2.0,exact_name_candidate,AL_2016-2016_Regular_Session_JSON_20160504_e800c0b0cdea4446e6a9ef36040ac9ba.zip
2016,12495,Dick Brewbaker,R,Sen,SD-025,,,,,,,,,unmatched_or_out_of_window,AL_2016-2016_Regular_Session_JSON_20160504_e800c0b0cdea4446e6a9ef36040ac9ba.zip
2016,12498,Phillip Williams,R,Sen,SD-010,,,,,,,,,unmatched_or_out_of_window,AL_2016-2016_Regular_Session_JSON_20160504_e800c0b0cdea4446e6a9ef36040ac9ba.zip
2016,12499,Clay Scofield,R,Sen,SD-009,2018.0,2.0,ALPERSON-CLAY-SCOFIELD,AL-2018-senate-9-R-CLAY-SCOFIELD,Clay Scofield                         ,R,senate,9.0,exact_name_candidate,AL_2016-2016_Regular_Session_JSON_20160504_e800c0b0cdea4446e6a9ef36040ac9ba.zip
2016,12499,Clay Scofield,R,Sen,SD-009,2022.0,6.0,ALPERSON-CLAY-SCOFIELD,AL-2022-senate-9-R-CLAY-SCOFIELD,Clay Scofield                         ,R,senate,9.0,exact_name_candidate,AL_2016-2016_Regular_Session_JSON_20160504_e800c0b0cdea4446e6a9ef36040ac9ba.zip
2016,12500,April Weaver,R,Rep,HD-049,2018.0,2.0,ALPERSON-APRIL-WEAVER,AL-2018-house-49-R-APRIL-WEAVER,April Weaver                          ,R,house,49.0,exact_name_candidate,AL_2016-2016_Regular_Session_JSON_20160504_e800c0b0cdea4446e6a9ef36040ac9ba.zip
2016,12500,April Weaver,R,Rep,HD-049,2022.0,6.0,ALPERSON-APRIL-WEAVER,AL-2022-senate-14-R-APRIL-WEAVER,April Weaver                          ,R,senate,14.0,exact_name_candidate,AL_2016-2016_Regular_Session_JSON_20160504_e800c0b0cdea4446e6a9ef36040ac9ba.zip
2016,12506,Becky Nordgren,R,Rep,HD-029,2018.0,2.0,ALPERSON-BECKY-NORDGREN,AL-2018-house-29-R-BECKY-NORDGREN,Becky Nordgren                        ,R,house,29.0,exact_name_candidate,AL_2016-2016_Regular_Session_JSON_20160504_e800c0b0cdea4446e6a9ef36040ac9ba.zip
2016,12509,Donnie Chesteen,R,Rep,SD-029,2018.0,2.0,ALPERSON-DONNIE-CHESTEEN,AL-2018-senate-29-R-DONNIE-CHESTEEN,Donnie Chesteen                       ,R,senate,29.0,exact_name_candidate,AL_2016-2016_Regular_Session_JSON_20160504_e800c0b0cdea4446e6a9ef36040ac9ba.zip
2016,12509,Donnie Chesteen,R,Rep,SD-029,2022.0,6.0,ALPERSON-DONNIE-CHESTEEN,AL-2022-senate-29-R-DONNIE-CHESTEEN,Donnie Chesteen                       ,R,senate,29.0,exact_name_candidate,AL_2016-2016_Regular_Session_JSON_20160504_e800c0b0cdea4446e6a9ef36040ac9ba.zip
2016,12521,Thomas Whatley,R,Sen,SD-027,,,,,,,,,unmatched_or_out_of_window,AL_2016-2016_Regular_Session_JSON_20160504_e800c0b0cdea4446e6a9ef36040ac9ba.zip
2016,12525,Mike Jones,R,Rep,HD-092,2018.0,2.0,ALPERSON-MIKE-JONES-JR,AL-2018-house-92-R-MIKE-JONES-JR,"Mike Jones, Jr.                       ",R,house,92.0,exact_name_candidate,AL_2016-2016_Regular_Session_JSON_20160504_e800c0b0cdea4446e6a9ef36040ac9ba.zip
2016,12530,William Poole,R,Rep,HD-063,,,,,,,,,unmatched_or_out_of_window,AL_2016-2016_Regular_Session_JSON_20160504_e800c0b0cdea4446e6a9ef36040ac9ba.zip
2016,12542,Napoleon Bracy,D,Rep,HD-098,2018.0,2.0,ALPERSON-NAPOLEON-BRACY-JR,AL-2018-house-98-D-NAPOLEON-BRACY-JR,"Napoleon Bracy, Jr.                   ",D,house,98.0,exact_name_candidate,AL_2016-2016_Regular_Session_JSON_20160504_e800c0b0cdea4446e6a9ef36040ac9ba.zip
2016,12542,Napoleon Bracy,D,Rep,HD-098,2022.0,6.0,ALPERSON-NAPOLEON-BRACY-JR,AL-2022-house-98-D-NAPOLEON-BRACY-JR,"Napoleon Bracy, Jr.                   ",D,house,98.0,exact_name_candidate,AL_2016-2016_Regular_Session_JSON_20160504_e800c0b0cdea4446e6a9ef36040ac9ba.zip
2016,12543,Berry Forte,D,Rep,HD-084,2018.0,2.0,ALPERSON-BERRY-FORTE,AL-2018-house-84-D-BERRY-FORTE,Berry Forte                           ,D,house,84.0,exact_name_candidate,AL_2016-2016_Regular_Session_JSON_20160504_e800c0b0cdea4446e6a9ef36040ac9ba.zip
2016,12543,Berry Forte,D,Rep,HD-084,2022.0,6.0,ALPERSON-BERRY-FORTE,AL-2022-house-84-D-BERRY-FORTE,Berry Forte                           ,D,house,84.0,exact_name_candidate,AL_2016-2016_Regular_Session_JSON_20160504_e800c0b0cdea4446e6a9ef36040ac9ba.zip
2016,12545,Mark Tuggle,R,Rep,HD-081,,,,,,,,,unmatched_or_out_of_window,AL_2016-2016_Regular_Session_JSON_20160504_e800c0b0cdea4446e6a9ef36040ac9ba.zip
2016,12548,Allen Farley,R,Rep,HD-015,2018.0,2.0,ALPERSON-ALLEN-FARLEY,AL-2018-house-15-R-ALLEN-FARLEY,Allen Farley                          ,R,house,15.0,exact_name_candidate,AL_2016-2016_Regular_Session_JSON_20160504_e800c0b0cdea4446e6a9ef36040ac9ba.zip
2016,12549,Dexter Grimsley,D,Rep,HD-085,2018.0,2.0,ALPERSON-DEXTER-GRIMSLEY,AL-2018-house-85-D-DEXTER-GRIMSLEY,Dexter Grimsley                       ,D,house,85.0,exact_name_candidate,AL_2016-2016_Regular_Session_JSON_20160504_e800c0b0cdea4446e6a9ef36040ac9ba.zip
2016,12549,Dexter Grimsley,D,Rep,HD-085,2022.0,6.0,ALPERSON-DEXTER-GRIMSLEY,AL-2022-house-85-D-DEXTER-GRIMSLEY,Dexter Grimsley                       ,D,house,85.0,exact_name_candidate,AL_2016-2016_Regular_Session_JSON_20160504_e800c0b0cdea4446e6a9ef36040ac9ba.zip
2016,12550,Juandalynn Givan,D,Rep,HD-060,2018.0,2.0,ALPERSON-JUANDALYNN-GIVAN,AL-2018-house-60-D-JUANDALYNN-GIVAN,Juandalynn Givan                      ,D,house,60.0,exact_name_candidate,AL_2016-2016_Regular_Session_JSON_20160504_e800c0b0cdea4446e6a9ef36040ac9ba.zip
2016,12550,Juandalynn Givan,D,Rep,HD-060,2022.0,6.0,ALPERSON-JUANDALYNN-GIVAN,AL-2022-house-60-D-JUANDALYNN-GIVAN,Juandalynn Givan                      ,D,house,60.0,exact_name_candidate,AL_2016-2016_Regular_Session_JSON_20160504_e800c0b0cdea4446e6a9ef36040ac9ba.zip
2016,13150,David Sessions,R,Rep,SD-035,2018.0,2.0,ALPERSON-DAVID-SESSIONS,AL-2018-senate-35-R-DAVID-SESSIONS,David Sessions                        ,R,senate,35.0,exact_name_candidate,AL_2016-2016_Regular_Session_JSON_20160504_e800c0b0cdea4446e6a9ef36040ac9ba.zip
2016,13150,David Sessions,R,Rep,SD-035,2022.0,6.0,ALPERSON-DAVID-SESSIONS,AL-2022-senate-35-R-DAVID-SESSIONS,David Sessions                        ,R,senate,35.0,exact_name_candidate,AL_2016-2016_Regular_Session_JSON_20160504_e800c0b0cdea4446e6a9ef36040ac9ba.zip
2016,13766,Jim Carns,R,Rep,HD-048,2018.0,2.0,ALPERSON-JIM-CARNS,AL-2018-house-48-R-JIM-CARNS,Jim Carns                             ,R,house,48.0,exact_name_candidate,AL_2016-2016_Regular_Session_JSON_20160504_e800c0b0cdea4446e6a9ef36040ac9ba.zip
2016,13766,Jim Carns,R,Rep,HD-048,2022.0,6.0,ALPERSON-JIM-CARNS,AL-2022-house-48-R-JIM-CARNS,Jim Carns                             ,R,house,48.0,exact_name_candidate,AL_2016-2016_Regular_Session_JSON_20160504_e800c0b0cdea4446e6a9ef36040ac9ba.zip
2016,15745,David Standridge,R,Rep,HD-034,2018.0,2.0,ALPERSON-DAVID-STANDRIDGE,AL-2018-house-34-R-DAVID-STANDRIDGE,David Standridge                      ,R,house,34.0,exact_name_candidate,AL_2016-2016_Regular_Session_JSON_20160504_e800c0b0cdea4446e6a9ef36040ac9ba.zip
2016,15745,David Standridge,R,Rep,HD-034,2022.0,6.0,ALPERSON-DAVID-STANDRIDGE,AL-2022-house-34-R-DAVID-STANDRIDGE,David Standridge                      ,R,house,34.0,exact_name_candidate,AL_2016-2016_Regular_Session_JSON_20160504_e800c0b0cdea4446e6a9ef36040ac9ba.zip
2016,15746,Mack Butler,R,Rep,HD-030,,,,,,,,,unmatched_or_out_of_window,AL_2016-2016_Regular_Session_JSON_20160504_e800c0b0cdea4446e6a9ef36040ac9ba.zip
2016,16021,Randall Shedd,R,Rep,HD-011,2018.0,2.0,ALPERSON-RANDALL-SHEDD,AL-2018-house-11-R-RANDALL-SHEDD,Randall Shedd                         ,R,house,11.0,exact_name_candidate,AL_2016-2016_Regular_Session_JSON_20160504_e800c0b0cdea4446e6a9ef36040ac9ba.zip
2016,16021,Randall Shedd,R,Rep,HD-011,2022.0,6.0,ALPERSON-RANDALL-SHEDD,AL-2022-house-11-R-RANDALL-SHEDD,Randall Shedd                         ,R,house,11.0,exact_name_candidate,AL_2016-2016_Regular_Session_JSON_20160504_e800c0b0cdea4446e6a9ef36040ac9ba.zip
2016,16069,Dimitri Polizos,R,Rep,HD-074,2018.0,2.0,ALPERSON-DIMITRI-POLIZOS,AL-2018-house-74-R-DIMITRI-POLIZOS,Dimitri Polizos                       ,R,house,74.0,exact_name_candidate,AL_2016-2016_Regular_Session_JSON_20160504_e800c0b0cdea4446e6a9ef36040ac9ba.zip
2016,16140,Adline Clarke,D,Rep,HD-097,2022.0,6.0,ALPERSON-ADLINE-CLARKE,AL-2022-house-97-D-ADLINE-CLARKE,Adline Clarke                         ,D,house,97.0,exact_name_candidate,AL_2016-2016_Regular_Session_JSON_20160504_e800c0b0cdea4446e6a9ef36040ac9ba.zip
2016,16211,Mike Holmes,R,Rep,HD-031,2018.0,2.0,ALPERSON-MIKE-HOLMES,AL-2018-house-31-R-MIKE-HOLMES,Mike Holmes                           ,R,house,31.0,exact_name_candidate,AL_2016-2016_Regular_Session_JSON_20160504_e800c0b0cdea4446e6a9ef36040ac9ba.zip
2016,16212,Margie Wilcox,R,Rep,HD-104,2018.0,2.0,ALPERSON-MARGIE-WILCOX,AL-2018-house-104-R-MARGIE-WILCOX,Margie Wilcox                         ,R,house,104.0,exact_name_candidate,AL_2016-2016_Regular_Session_JSON_20160504_e800c0b0cdea4446e6a9ef36040ac9ba.zip
2016,16212,Margie Wilcox,R,Rep,HD-104,2022.0,6.0,ALPERSON-MARGIE-WILCOX,AL-2022-house-104-R-MARGIE-WILCOX,Margie Wilcox                         ,R,house,104.0,exact_name_candidate,AL_2016-2016_Regular_Session_JSON_20160504_e800c0b0cdea4446e6a9ef36040ac9ba.zip
2016,16871,Greg Albritton,R,Sen,SD-022,2018.0,2.0,ALPERSON-GREG-ALBRITTON,AL-2018-senate-22-R-GREG-ALBRITTON,Greg Albritton                        ,R,senate,22.0,exact_name_candidate,AL_2016-2016_Regular_Session_JSON_20160504_e800c0b0cdea4446e6a9ef36040ac9ba.zip
2016,16871,Greg Albritton,R,Sen,SD-022,2022.0,6.0,ALPERSON-GREG-ALBRITTON,AL-2022-senate-22-R-GREG-ALBRITTON,Greg Albritton                        ,R,senate,22.0,exact_name_candidate,AL_2016-2016_Regular_Session_JSON_20160504_e800c0b0cdea4446e6a9ef36040ac9ba.zip
2016,16872,Clyde Chambliss,R,Sen,SD-030,2018.0,2.0,ALPERSON-CLYDE-CHAMBLISS-JR,AL-2018-senate-30-R-CLYDE-CHAMBLISS-JR,"Clyde Chambliss, Jr.                  ",R,senate,30.0,exact_name_candidate,AL_2016-2016_Regular_Session_JSON_20160504_e800c0b0cdea4446e6a9ef36040ac9ba.zip
2016,16872,Clyde Chambliss,R,Sen,SD-030,2022.0,6.0,ALPERSON-CLYDE-CHAMBLISS-JR,AL-2022-senate-30-R-CLYDE-CHAMBLISS-JR,"Clyde Chambliss, Jr.                  ",R,senate,30.0,exact_name_candidate,AL_2016-2016_Regular_Session_JSON_20160504_e800c0b0cdea4446e6a9ef36040ac9ba.zip
2016,16873,Steve Livingston,R,Sen,SD-008,2018.0,2.0,ALPERSON-STEVE-LIVINGSTON,AL-2018-senate-8-R-STEVE-LIVINGSTON,Steve Livingston                      ,R,senate,8.0,exact_name_candidate,AL_2016-2016_Regular_Session_JSON_20160504_e800c0b0cdea4446e6a9ef36040ac9ba.zip
2016,16873,Steve Livingston,R,Sen,SD-008,2022.0,6.0,ALPERSON-STEVE-LIVINGSTON,AL-2022-senate-8-R-STEVE-LIVINGSTON,Steve Livingston                      ,R,senate,8.0,exact_name_candidate,AL_2016-2016_Regular_Session_JSON_20160504_e800c0b0cdea4446e6a9ef36040ac9ba.zip
2016,16874,Shay Shelnutt,R,Sen,SD-017,2018.0,2.0,ALPERSON-SHAY-SHELNUTT,AL-2018-senate-17-R-SHAY-SHELNUTT,Shay Shelnutt                         ,R,senate,17.0,exact_name_candidate,AL_2016-2016_Regular_Session_JSON_20160504_e800c0b0cdea4446e6a9ef36040ac9ba.zip
2016,16874,Shay Shelnutt,R,Sen,SD-017,2022.0,6.0,ALPERSON-SHAY-SHELNUTT,AL-2022-senate-17-R-SHAY-SHELNUTT,Shay Shelnutt                         ,R,senate,17.0,exact_name_candidate,AL_2016-2016_Regular_Session_JSON_20160504_e800c0b0cdea4446e6a9ef36040ac9ba.zip
2016,16875,Tim Melson,R,Sen,SD-001,2018.0,2.0,ALPERSON-TIM-MELSON,AL-2018-senate-1-R-TIM-MELSON,Tim Melson                            ,R,senate,1.0,exact_name_candidate,AL_2016-2016_Regular_Session_JSON_20160504_e800c0b0cdea4446e6a9ef36040ac9ba.zip
2016,16875,Tim Melson,R,Sen,SD-001,2022.0,6.0,ALPERSON-TIM-MELSON,AL-2022-senate-1-R-TIM-MELSON,Tim Melson                            ,R,senate,1.0,exact_name_candidate,AL_2016-2016_Regular_Session_JSON_20160504_e800c0b0cdea4446e6a9ef36040ac9ba.zip
2016,16876,Larry Stutts,R,Sen,SD-006,2018.0,2.0,ALPERSON-LARRY-STUTTS,AL-2018-senate-6-R-LARRY-STUTTS,Larry Stutts                          ,R,senate,6.0,exact_name_candidate,AL_2016-2016_Regular_Session_JSON_20160504_e800c0b0cdea4446e6a9ef36040ac9ba.zip
2016,16876,Larry Stutts,R,Sen,SD-006,2022.0,6.0,ALPERSON-LARRY-STUTTS,AL-2022-senate-6-R-LARRY-STUTTS,Larry Stutts                          ,R,senate,6.0,exact_name_candidate,AL_2016-2016_Regular_Session_JSON_20160504_e800c0b0cdea4446e6a9ef36040ac9ba.zip
2016,17025,Corey Harbison,R,Rep,HD-012,2018.0,2.0,ALPERSON-COREY-HARBISON,AL-2018-house-12-R-COREY-HARBISON,Corey Harbison                        ,R,house,12.0,exact_name_candidate,AL_2016-2016_Regular_Session_JSON_20160504_e800c0b0cdea4446e6a9ef36040ac9ba.zip
2016,17025,Corey Harbison,R,Rep,HD-012,2022.0,6.0,ALPERSON-COREY-HARBISON,AL-2022-house-12-R-COREY-HARBISON,Corey Harbison                        ,R,house,12.0,exact_name_candidate,AL_2016-2016_Regular_Session_JSON_20160504_e800c0b0cdea4446e6a9ef36040ac9ba.zip
2016,17026,Phillip Pettus,R,Rep,HD-001,2018.0,2.0,ALPERSON-PHILLIP-PETTUS,AL-2018-house-1-R-PHILLIP-PETTUS,Phillip Pettus                        ,R,house,1.0,exact_name_candidate,AL_2016-2016_Regular_Session_JSON_20160504_e800c0b0cdea4446e6a9ef36040ac9ba.zip
2016,17026,Phillip Pettus,R,Rep,HD-001,2022.0,6.0,ALPERSON-PHILLIP-PETTUS,AL-2022-house-1-R-PHILLIP-PETTUS,Phillip Pettus                        ,R,house,1.0,exact_name_candidate,AL_2016-2016_Regular_Session_JSON_20160504_e800c0b0cdea4446e6a9ef36040ac9ba.zip
2016,17027,Ritchie Whorton,R,Rep,HD-022,2018.0,2.0,ALPERSON-RITCHIE-WHORTON,AL-2018-house-22-R-RITCHIE-WHORTON,Ritchie Whorton                       ,R,house,22.0,exact_name_candidate,AL_2016-2016_Regular_Session_JSON_20160504_e800c0b0cdea4446e6a9ef36040ac9ba.zip
2016,17027,Ritchie Whorton,R,Rep,HD-022,2022.0,6.0,ALPERSON-RITCHIE-WHORTON,AL-2022-house-22-R-RITCHIE-WHORTON,Ritchie Whorton                       ,R,house,22.0,exact_name_candidate,AL_2016-2016_Regular_Session_JSON_20160504_e800c0b0cdea4446e6a9ef36040ac9ba.zip
2016,17028,Connie Rowe,R,Rep,HD-013,,,,,,,,,unmatched_or_out_of_window,AL_2016-2016_Regular_Session_JSON_20160504_e800c0b0cdea4446e6a9ef36040ac9ba.zip
2016,17589,David Faulkner,R,Rep,HD-046,2018.0,2.0,ALPERSON-DAVID-FAULKNER,AL-2018-house-46-R-DAVID-FAULKNER,David Faulkner                        ,R,house,46.0,exact_name_candidate,AL_2016-2016_Regular_Session_JSON_20160504_e800c0b0cdea4446e6a9ef36040ac9ba.zip
2016,17589,David Faulkner,R,Rep,HD-046,2022.0,6.0,ALPERSON-DAVID-FAULKNER,AL-2022-house-46-R-DAVID-FAULKNER,David Faulkner                        ,R,house,46.0,exact_name_candidate,AL_2016-2016_Regular_Session_JSON_20160504_e800c0b0cdea4446e6a9ef36040ac9ba.zip
2016,17590,Matt Fridy,R,Rep,HD-073,2018.0,2.0,ALPERSON-MATT-FRIDY,AL-2018-house-73-R-MATT-FRIDY,Matt Fridy                            ,R,house,73.0,exact_name_candidate,AL_2016-2016_Regular_Session_JSON_20160504_e800c0b0cdea4446e6a9ef36040ac9ba.zip
2016,17591,Danny Garrett,R,Rep,HD-044,2018.0,2.0,ALPERSON-DANNY-GARRETT,AL-2018-house-44-R-DANNY-GARRETT,Danny Garrett                         ,R,house,44.0,exact_name_candidate,AL_2016-2016_Regular_Session_JSON_20160504_e800c0b0cdea4446e6a9ef36040ac9ba.zip
2016,17591,Danny Garrett,R,Rep,HD-044,2022.0,6.0,ALPERSON-DANNY-GARRETT,AL-2022-house-44-R-DANNY-GARRETT,Danny Garrett                         ,R,house,44.0,exact_name_candidate,AL_2016-2016_Regular_Session_JSON_20160504_e800c0b0cdea4446e6a9ef36040ac9ba.zip
2016,17592,James Hanes,R,Rep,HD-023,,,,,,,,,unmatched_or_out_of_window,AL_2016-2016_Regular_Session_JSON_20160504_e800c0b0cdea4446e6a9ef36040ac9ba.zip
2016,17594,Reed Ingram,R,Rep,HD-075,2018.0,2.0,ALPERSON-REED-INGRAM,AL-2018-house-75-R-REED-INGRAM,Reed Ingram                           ,R,house,75.0,exact_name_candidate,AL_2016-2016_Regular_Session_JSON_20160504_e800c0b0cdea4446e6a9ef36040ac9ba.zip
2016,17594,Reed Ingram,R,Rep,HD-075,2022.0,6.0,ALPERSON-REED-INGRAM,AL-2022-house-75-R-REED-INGRAM,Reed Ingram                           ,R,house,75.0,exact_name_candidate,AL_2016-2016_Regular_Session_JSON_20160504_e800c0b0cdea4446e6a9ef36040ac9ba.zip
2016,17595,Nathaniel Ledbetter,R,Rep,HD-024,2018.0,2.0,ALPERSON-NATHANIEL-LEDBETTER,AL-2018-house-24-R-NATHANIEL-LEDBETTER,Nathaniel Ledbetter                   ,R,house,24.0,exact_name_candidate,AL_2016-2016_Regular_Session_JSON_20160504_e800c0b0cdea4446e6a9ef36040ac9ba.zip
2016,17595,Nathaniel Ledbetter,R,Rep,HD-024,2022.0,6.0,ALPERSON-NATHANIEL-LEDBETTER,AL-2022-house-24-R-NATHANIEL-LEDBETTER,Nathaniel Ledbetter                   ,R,house,24.0,exact_name_candidate,AL_2016-2016_Regular_Session_JSON_20160504_e800c0b0cdea4446e6a9ef36040ac9ba.zip
2016,17596,Chris Sells,R,Rep,HD-090,2018.0,2.0,ALPERSON-CHRIS-SELLS,AL-2018-house-90-R-CHRIS-SELLS,Chris Sells                           ,R,house,90.0,exact_name_candidate,AL_2016-2016_Regular_Session_JSON_20160504_e800c0b0cdea4446e6a9ef36040ac9ba.zip
2016,17596,Chris Sells,R,Rep,HD-090,2022.0,6.0,ALPERSON-CHRIS-SELLS,AL-2022-house-90-R-CHRIS-SELLS,Chris Sells                           ,R,house,90.0,exact_name_candidate,AL_2016-2016_Regular_Session_JSON_20160504_e800c0b0cdea4446e6a9ef36040ac9ba.zip
2016,17597,Kyle South,R,Rep,HD-016,2018.0,2.0,ALPERSON-KYLE-SOUTH,AL-2018-house-16-R-KYLE-SOUTH,Kyle South                            ,R,house,16.0,exact_name_candidate,AL_2016-2016_Regular_Session_JSON_20160504_e800c0b0cdea4446e6a9ef36040ac9ba.zip
2016,17597,Kyle South,R,Rep,HD-016,2022.0,6.0,ALPERSON-KYLE-SOUTH,AL-2022-house-16-R-KYLE-SOUTH,Kyle South                            ,R,house,16.0,exact_name_candidate,AL_2016-2016_Regular_Session_JSON_20160504_e800c0b0cdea4446e6a9ef36040ac9ba.zip
2016,17598,Jack Williams,R,Rep,SD-034,2018.0,2.0,ALPERSON-JACK-WILLIAMS,AL-2018-senate-34-R-JACK-WILLIAMS,Jack Williams                         ,R,senate,34.0,exact_name_candidate,AL_2016-2016_Regular_Session_JSON_20160504_e800c0b0cdea4446e6a9ef36040ac9ba.zip
2016,17598,Jack Williams,R,Rep,SD-034,2022.0,6.0,ALPERSON-JACK-WILLIAMS,AL-2022-senate-34-R-JACK-WILLIAMS,Jack Williams                         ,R,senate,34.0,exact_name_candidate,AL_2016-2016_Regular_Session_JSON_20160504_e800c0b0cdea4446e6a9ef36040ac9ba.zip
2016,17603,Chris Pringle,R,Rep,HD-101,2018.0,2.0,ALPERSON-CHRIS-PRINGLE,AL-2018-house-101-R-CHRIS-PRINGLE,Chris Pringle                         ,R,house,101.0,exact_name_candidate,AL_2016-2016_Regular_Session_JSON_20160504_e800c0b0cdea4446e6a9ef36040ac9ba.zip
2016,17603,Chris Pringle,R,Rep,HD-101,2022.0,6.0,ALPERSON-CHRIS-PRINGLE,AL-2022-house-101-R-CHRIS-PRINGLE,Chris Pringle                         ,R,house,101.0,exact_name_candidate,AL_2016-2016_Regular_Session_JSON_20160504_e800c0b0cdea4446e6a9ef36040ac9ba.zip
2016,17622,Bob Fincher,R,Rep,HD-037,2018.0,2.0,ALPERSON-BOB-FINCHER,AL-2018-house-37-R-BOB-FINCHER,Bob Fincher                           ,R,house,37.0,exact_name_candidate,AL_2016-2016_Regular_Session_JSON_20160504_e800c0b0cdea4446e6a9ef36040ac9ba.zip
2016,17622,Bob Fincher,R,Rep,HD-037,2022.0,6.0,ALPERSON-BOB-FINCHER,AL-2022-house-37-R-BOB-FINCHER,Bob Fincher                           ,R,house,37.0,exact_name_candidate,AL_2016-2016_Regular_Session_JSON_20160504_e800c0b0cdea4446e6a9ef36040ac9ba.zip
2016,17624,Barbara Drummond,D,Rep,HD-103,2018.0,2.0,ALPERSON-BARBARA-DRUMMOND,AL-2018-house-103-D-BARBARA-DRUMMOND,Barbara Drummond                      ,D,house,103.0,exact_name_candidate,AL_2016-2016_Regular_Session_JSON_20160504_e800c0b0cdea4446e6a9ef36040ac9ba.zip
2016,17624,Barbara Drummond,D,Rep,HD-103,2022.0,6.0,ALPERSON-BARBARA-DRUMMOND,AL-2022-house-103-D-BARBARA-DRUMMOND,Barbara Drummond                      ,D,house,103.0,exact_name_candidate,AL_2016-2016_Regular_Session_JSON_20160504_e800c0b0cdea4446e6a9ef36040ac9ba.zip
2016,17625,Kelvin Lawrence,D,Rep,HD-069,,,,,,,,,unmatched_or_out_of_window,AL_2016-2016_Regular_Session_JSON_20160504_e800c0b0cdea4446e6a9ef36040ac9ba.zip
2016,17632,Timothy Wadsworth,R,Rep,HD-014,,,,,,,,,unmatched_or_out_of_window,AL_2016-2016_Regular_Session_JSON_20160504_e800c0b0cdea4446e6a9ef36040ac9ba.zip
2016,17633,Rich Wingo,R,Rep,HD-062,2018.0,2.0,ALPERSON-RICH-WINGO,AL-2018-house-62-R-RICH-WINGO,Rich Wingo                            ,R,house,62.0,exact_name_candidate,AL_2016-2016_Regular_Session_JSON_20160504_e800c0b0cdea4446e6a9ef36040ac9ba.zip
2016,17634,Arnold Mooney,R,Rep,HD-043,2022.0,6.0,ALPERSON-ARNOLD-MOONEY,AL-2022-house-43-R-ARNOLD-MOONEY,Arnold Mooney                         ,R,house,43.0,exact_name_candidate,AL_2016-2016_Regular_Session_JSON_20160504_e800c0b0cdea4446e6a9ef36040ac9ba.zip
2016,17642,Anthony Daniels,D,Rep,HD-053,2018.0,2.0,ALPERSON-ANTHONY-DANIELS,AL-2018-house-53-D-ANTHONY-DANIELS,Anthony Daniels                       ,D,house,53.0,exact_name_candidate,AL_2016-2016_Regular_Session_JSON_20160504_e800c0b0cdea4446e6a9ef36040ac9ba.zip
2016,17642,Anthony Daniels,D,Rep,HD-053,2022.0,6.0,ALPERSON-ANTHONY-DANIELS,AL-2022-house-53-D-ANTHONY-DANIELS,Anthony Daniels                       ,D,house,53.0,exact_name_candidate,AL_2016-2016_Regular_Session_JSON_20160504_e800c0b0cdea4446e6a9ef36040ac9ba.zip
2016,17643,Issac Whorton,R,Rep,HD-038,,,,,,,,,unmatched_or_out_of_window,AL_2016-2016_Regular_Session_JSON_20160504_e800c0b0cdea4446e6a9ef36040ac9ba.zip
2016,17874,Chris Blackshear,R,Rep,HD-080,,,,,,,,,unmatched_or_out_of_window,AL_2016-2016_Regular_Session_JSON_20160504_e800c0b0cdea4446e6a9ef36040ac9ba.zip
2016,17899,Danny Crawford,R,Rep,HD-005,,,,,,,,,unmatched_or_out_of_window,AL_2016-2016_Regular_Session_JSON_20160504_e800c0b0cdea4446e6a9ef36040ac9ba.zip
2016,3357,Laura Hall,D,Rep,HD-019,2018.0,2.0,ALPERSON-LAURA-HALL,AL-2018-house-19-D-LAURA-HALL,Laura Hall                            ,D,house,19.0,exact_name_candidate,AL_2016-2016_Regular_Session_JSON_20160504_e800c0b0cdea4446e6a9ef36040ac9ba.zip
2016,3357,Laura Hall,D,Rep,HD-019,2022.0,6.0,ALPERSON-LAURA-HALL,AL-2022-house-19-D-LAURA-HALL,Laura Hall                            ,D,house,19.0,exact_name_candidate,AL_2016-2016_Regular_Session_JSON_20160504_e800c0b0cdea4446e6a9ef36040ac9ba.zip
2016,3358,Artis McCampbell,D,Rep,HD-071,,,,,,,,,unmatched_or_out_of_window,AL_2016-2016_Regular_Session_JSON_20160504_e800c0b0cdea4446e6a9ef36040ac9ba.zip
2016,3360,Barbara Boyd,D,Rep,HD-032,,,,,,,,,unmatched_or_out_of_window,AL_2016-2016_Regular_Session_JSON_20160504_e800c0b0cdea4446e6a9ef36040ac9ba.zip
2016,3370,Pebblin Warren,D,Rep,HD-082,,,,,,,,,unmatched_or_out_of_window,AL_2016-2016_Regular_Session_JSON_20160504_e800c0b0cdea4446e6a9ef36040ac9ba.zip
2016,3371,Ralph Howard,D,Rep,HD-072,,,,,,,,,unmatched_or_out_of_window,AL_2016-2016_Regular_Session_JSON_20160504_e800c0b0cdea4446e6a9ef36040ac9ba.zip
2016,3372,Thad McClammy,D,Rep,HD-076,2018.0,2.0,ALPERSON-THAD-MCCLAMMY,AL-2018-house-76-D-THAD-MCCLAMMY,Thad McClammy                         ,D,house,76.0,exact_name_candidate,AL_2016-2016_Regular_Session_JSON_20160504_e800c0b0cdea4446e6a9ef36040ac9ba.zip
2016,3374,Christopher England,D,Rep,HD-070,,,,,,,,,unmatched_or_out_of_window,AL_2016-2016_Regular_Session_JSON_20160504_e800c0b0cdea4446e6a9ef36040ac9ba.zip
2016,3382,Thomas Jackson,D,Rep,HD-068,,,,,,,,,unmatched_or_out_of_window,AL_2016-2016_Regular_Session_JSON_20160504_e800c0b0cdea4446e6a9ef36040ac9ba.zip
2016,3386,William Beasley,D,Sen,SD-028,,,,,,,,,unmatched_or_out_of_window,AL_2016-2016_Regular_Session_JSON_20160504_e800c0b0cdea4446e6a9ef36040ac9ba.zip
2016,3387,Stephen Hurst,R,Rep,HD-035,,,,,,,,,unmatched_or_out_of_window,AL_2016-2016_Regular_Session_JSON_20160504_e800c0b0cdea4446e6a9ef36040ac9ba.zip
2016,3388,James Buskey,D,Rep,HD-099,,,,,,,,,unmatched_or_out_of_window,AL_2016-2016_Regular_Session_JSON_20160504_e800c0b0cdea4446e6a9ef36040ac9ba.zip
2016,3389,Mary Moore,D,Rep,HD-059,2018.0,2.0,ALPERSON-MARY-MOORE,AL-2018-house-59-D-MARY-MOORE,Mary Moore                            ,D,house,59.0,exact_name_candidate,AL_2016-2016_Regular_Session_JSON_20160504_e800c0b0cdea4446e6a9ef36040ac9ba.zip
2016,3389,Mary Moore,D,Rep,HD-059,2022.0,6.0,ALPERSON-MARY-MOORE,AL-2022-house-59-D-MARY-MOORE,Mary Moore                            ,D,house,59.0,exact_name_candidate,AL_2016-2016_Regular_Session_JSON_20160504_e800c0b0cdea4446e6a9ef36040ac9ba.zip
2016,3391,Merika Coleman-Evans,D,Rep,HD-057,,,,,,,,,unmatched_or_out_of_window,AL_2016-2016_Regular_Session_JSON_20160504_e800c0b0cdea4446e6a9ef36040ac9ba.zip
2016,3402,Johnny Morrow,D,Rep,HD-018,,,,,,,,,unmatched_or_out_of_window,AL_2016-2016_Regular_Session_JSON_20160504_e800c0b0cdea4446e6a9ef36040ac9ba.zip
2016,3405,Robert Ward,R,Sen,SD-014,,,,,,,,,unmatched_or_out_of_window,AL_2016-2016_Regular_Session_JSON_20160504_e800c0b0cdea4446e6a9ef36040ac9ba.zip
2016,3411,Mac McCutcheon,R,Rep,HD-025,2018.0,2.0,ALPERSON-MAC-MCCUTCHEON,AL-2018-house-25-R-MAC-MCCUTCHEON,Mac McCutcheon                        ,R,house,25.0,exact_name_candidate,AL_2016-2016_Regular_Session_JSON_20160504_e800c0b0cdea4446e6a9ef36040ac9ba.zip
2016,3415,Victor Gaston,R,Rep,HD-100,2018.0,2.0,ALPERSON-VICTOR-GASTON,AL-2018-house-100-R-VICTOR-GASTON,Victor Gaston                         ,R,house,100.0,exact_name_candidate,AL_2016-2016_Regular_Session_JSON_20160504_e800c0b0cdea4446e6a9ef36040ac9ba.zip
2016,3416,Mike Ball,R,Rep,HD-010,2018.0,2.0,ALPERSON-MIKE-BALL,AL-2018-house-10-R-MIKE-BALL,Mike Ball                             ,R,house,10.0,exact_name_candidate,AL_2016-2016_Regular_Session_JSON_20160504_e800c0b0cdea4446e6a9ef36040ac9ba.zip
2016,3418,Jack Williams,R,Rep,HD-047,2018.0,2.0,ALPERSON-JACK-WILLIAMS,AL-2018-senate-34-R-JACK-WILLIAMS,Jack Williams                         ,R,senate,34.0,exact_name_candidate,AL_2016-2016_Regular_Session_JSON_20160504_e800c0b0cdea4446e6a9ef36040ac9ba.zip
2016,3418,Jack Williams,R,Rep,HD-047,2022.0,6.0,ALPERSON-JACK-WILLIAMS,AL-2022-senate-34-R-JACK-WILLIAMS,Jack Williams                         ,R,senate,34.0,exact_name_candidate,AL_2016-2016_Regular_Session_JSON_20160504_e800c0b0cdea4446e6a9ef36040ac9ba.zip
2016,3419,Dickie Drake,R,Rep,HD-045,2018.0,2.0,ALPERSON-DICKIE-DRAKE,AL-2018-house-45-R-DICKIE-DRAKE,Dickie Drake                          ,R,house,45.0,exact_name_candidate,AL_2016-2016_Regular_Session_JSON_20160504_e800c0b0cdea4446e6a9ef36040ac9ba.zip
2016,3420,Gerald Allen,R,Sen,SD-021,2018.0,2.0,ALPERSON-GERALD-ALLEN,AL-2018-senate-21-R-GERALD-ALLEN,Gerald Allen                          ,R,senate,21.0,exact_name_candidate,AL_2016-2016_Regular_Session_JSON_20160504_e800c0b0cdea4446e6a9ef36040ac9ba.zip
2016,3420,Gerald Allen,R,Sen,SD-021,2022.0,6.0,ALPERSON-GERALD-ALLEN,AL-2022-senate-21-R-GERALD-ALLEN,Gerald Allen                          ,R,senate,21.0,exact_name_candidate,AL_2016-2016_Regular_Session_JSON_20160504_e800c0b0cdea4446e6a9ef36040ac9ba.zip
2016,3422,James Martin,R,Rep,HD-042,,,,,,,,,unmatched_or_out_of_window,AL_2016-2016_Regular_Session_JSON_20160504_e800c0b0cdea4446e6a9ef36040ac9ba.zip
2016,3423,Harry Shiver,R,Rep,HD-064,2018.0,2.0,ALPERSON-HARRY-SHIVER,AL-2018-house-64-R-HARRY-SHIVER,Harry Shiver                          ,R,house,64.0,exact_name_candidate,AL_2016-2016_Regular_Session_JSON_20160504_e800c0b0cdea4446e6a9ef36040ac9ba.zip
2016,3424,Joe Faust,R,Rep,HD-094,2018.0,2.0,ALPERSON-JOE-FAUST,AL-2018-house-94-R-JOE-FAUST,Joe Faust                             ,R,house,94.0,exact_name_candidate,AL_2016-2016_Regular_Session_JSON_20160504_e800c0b0cdea4446e6a9ef36040ac9ba.zip
2016,3426,Alan Baker,R,Rep,HD-066,2018.0,2.0,ALPERSON-ALAN-BAKER,AL-2018-house-66-R-ALAN-BAKER,Alan Baker                            ,R,house,66.0,exact_name_candidate,AL_2016-2016_Regular_Session_JSON_20160504_e800c0b0cdea4446e6a9ef36040ac9ba.zip
2016,3426,Alan Baker,R,Rep,HD-066,2022.0,6.0,ALPERSON-ALAN-BAKER,AL-2022-house-66-R-ALAN-BAKER,Alan Baker                            ,R,house,66.0,exact_name_candidate,AL_2016-2016_Regular_Session_JSON_20160504_e800c0b0cdea4446e6a9ef36040ac9ba.zip
2016,3427,Steve McMillan,R,Rep,HD-095,2018.0,2.0,ALPERSON-STEVE-MCMILLAN,AL-2018-house-95-R-STEVE-MCMILLAN,Steve McMillan                        ,R,house,95.0,exact_name_candidate,AL_2016-2016_Regular_Session_JSON_20160504_e800c0b0cdea4446e6a9ef36040ac9ba.zip
2016,3429,Jim McClendon,R,Sen,SD-011,2018.0,2.0,ALPERSON-JIM-MCCLENDON,AL-2018-senate-11-R-JIM-MCCLENDON,Jim McClendon                         ,R,senate,11.0,exact_name_candidate,AL_2016-2016_Regular_Session_JSON_20160504_e800c0b0cdea4446e6a9ef36040ac9ba.zip
2016,3430,Randy Wood,R,Rep,HD-036,2018.0,2.0,ALPERSON-RANDY-WOOD,AL-2018-house-36-R-RANDY-WOOD,Randy Wood                            ,R,house,36.0,exact_name_candidate,AL_2016-2016_Regular_Session_JSON_20160504_e800c0b0cdea4446e6a9ef36040ac9ba.zip
2016,3430,Randy Wood,R,Rep,HD-036,2022.0,6.0,ALPERSON-RANDY-WOOD,AL-2022-house-36-R-RANDY-WOOD,Randy Wood                            ,R,house,36.0,exact_name_candidate,AL_2016-2016_Regular_Session_JSON_20160504_e800c0b0cdea4446e6a9ef36040ac9ba.zip
2016,3432,Steve Clouse,R,Rep,HD-093,2018.0,2.0,ALPERSON-STEVE-CLOUSE,AL-2018-house-93-R-STEVE-CLOUSE,Steve Clouse                          ,R,house,93.0,exact_name_candidate,AL_2016-2016_Regular_Session_JSON_20160504_e800c0b0cdea4446e6a9ef36040ac9ba.zip
2016,3432,Steve Clouse,R,Rep,HD-093,2022.0,6.0,ALPERSON-STEVE-CLOUSE,AL-2022-house-93-R-STEVE-CLOUSE,Steve Clouse                          ,R,house,93.0,exact_name_candidate,AL_2016-2016_Regular_Session_JSON_20160504_e800c0b0cdea4446e6a9ef36040ac9ba.zip
2016,3435,Howard Sanderford,R,Rep,HD-020,2018.0,2.0,ALPERSON-HOWARD-SANDERFORD,AL-2018-house-20-R-HOWARD-SANDERFORD,Howard Sanderford                     ,R,house,20.0,exact_name_candidate,AL_2016-2016_Regular_Session_JSON_20160504_e800c0b0cdea4446e6a9ef36040ac9ba.zip
2016,3445,Allen Treadaway,R,Rep,HD-051,2018.0,2.0,ALPERSON-ALLEN-TREADAWAY,AL-2018-house-51-R-ALLEN-TREADAWAY,Allen Treadaway                       ,R,house,51.0,exact_name_candidate,AL_2016-2016_Regular_Session_JSON_20160504_e800c0b0cdea4446e6a9ef36040ac9ba.zip
2016,3445,Allen Treadaway,R,Rep,HD-051,2022.0,6.0,ALPERSON-ALLEN-TREADAWAY,AL-2022-house-51-R-ALLEN-TREADAWAY,Allen Treadaway                       ,R,house,51.0,exact_name_candidate,AL_2016-2016_Regular_Session_JSON_20160504_e800c0b0cdea4446e6a9ef36040ac9ba.zip
2016,3449,Ronald Johnson,R,Rep,HD-033,,,,,,,,,unmatched_or_out_of_window,AL_2016-2016_Regular_Session_JSON_20160504_e800c0b0cdea4446e6a9ef36040ac9ba.zip
2016,3450,Alan Boothe,R,Rep,HD-089,,,,,,,,,unmatched_or_out_of_window,AL_2016-2016_Regular_Session_JSON_20160504_e800c0b0cdea4446e6a9ef36040ac9ba.zip
2016,3454,John Rogers,D,Rep,HD-052,,,,,,,,,unmatched_or_out_of_window,AL_2016-2016_Regular_Session_JSON_20160504_e800c0b0cdea4446e6a9ef36040ac9ba.zip
2016,3455,Elaine Beech,D,Rep,HD-065,2018.0,2.0,ALPERSON-ELAINE-BEECH,AL-2018-house-65-D-ELAINE-BEECH,Elaine Beech                          ,D,house,65.0,exact_name_candidate,AL_2016-2016_Regular_Session_JSON_20160504_e800c0b0cdea4446e6a9ef36040ac9ba.zip
2016,3456,Roderick Scott,D,Rep,HD-055,,,,,,,,,unmatched_or_out_of_window,AL_2016-2016_Regular_Session_JSON_20160504_e800c0b0cdea4446e6a9ef36040ac9ba.zip
2016,3458,George Bandy,D,Rep,HD-083,,,,,,,,,unmatched_or_out_of_window,AL_2016-2016_Regular_Session_JSON_20160504_e800c0b0cdea4446e6a9ef36040ac9ba.zip
2016,3459,K.L. Brown,R,Rep,HD-040,,,,,,,,,unmatched_or_out_of_window,AL_2016-2016_Regular_Session_JSON_20160504_e800c0b0cdea4446e6a9ef36040ac9ba.zip
2016,3461,J.T. Waggoner,R,Sen,SD-016,,,,,,,,,unmatched_or_out_of_window,AL_2016-2016_Regular_Session_JSON_20160504_e800c0b0cdea4446e6a9ef36040ac9ba.zip
2016,3462,Del Marsh,R,Sen,SD-012,2018.0,2.0,ALPERSON-DEL-MARSH,AL-2018-senate-12-R-DEL-MARSH,Del Marsh                             ,R,senate,12.0,exact_name_candidate,AL_2016-2016_Regular_Session_JSON_20160504_e800c0b0cdea4446e6a9ef36040ac9ba.zip
2016,3465,Rodger Smitherman,D,Sen,SD-018,,,,,,,,,unmatched_or_out_of_window,AL_2016-2016_Regular_Session_JSON_20160504_e800c0b0cdea4446e6a9ef36040ac9ba.zip
2016,3467,Paul Sanford,R,Sen,SD-007,,,,,,,,,unmatched_or_out_of_window,AL_2016-2016_Regular_Session_JSON_20160504_e800c0b0cdea4446e6a9ef36040ac9ba.zip
2016,3472,Quinton Ross,D,Sen,SD-026,,,,,,,,,unmatched_or_out_of_window,AL_2016-2016_Regular_Session_JSON_20160504_e800c0b0cdea4446e6a9ef36040ac9ba.zip
2016,3479,Linda Coleman-Madison,D,Sen,SD-020,2018.0,2.0,ALPERSON-LINDA-COLEMAN-MADISON,AL-2018-senate-20-D-LINDA-COLEMAN-MADISON,Linda Coleman-Madison                 ,D,senate,20.0,exact_name_candidate,AL_2016-2016_Regular_Session_JSON_20160504_e800c0b0cdea4446e6a9ef36040ac9ba.zip
2016,3479,Linda Coleman-Madison,D,Sen,SD-020,2022.0,6.0,ALPERSON-LINDA-COLEMAN-MADISON,AL-2022-senate-20-D-LINDA-COLEMAN-MADISON,Linda Coleman-Madison                 ,D,senate,20.0,exact_name_candidate,AL_2016-2016_Regular_Session_JSON_20160504_e800c0b0cdea4446e6a9ef36040ac9ba.zip
2016,3480,Priscilla Dunn,D,Sen,SD-019,2018.0,2.0,ALPERSON-PRISCILLA-DUNN,AL-2018-senate-19-D-PRISCILLA-DUNN,Priscilla Dunn                        ,D,senate,19.0,exact_name_candidate,AL_2016-2016_Regular_Session_JSON_20160504_e800c0b0cdea4446e6a9ef36040ac9ba.zip
2016,3481,Arthur Orr,R,Sen,SD-003,2018.0,2.0,ALPERSON-ARTHUR-ORR,AL-2018-senate-3-R-ARTHUR-ORR,Arthur Orr                            ,R,senate,3.0,exact_name_candidate,AL_2016-2016_Regular_Session_JSON_20160504_e800c0b0cdea4446e6a9ef36040ac9ba.zip
2016,3481,Arthur Orr,R,Sen,SD-003,2022.0,6.0,ALPERSON-ARTHUR-ORR,AL-2022-senate-3-R-ARTHUR-ORR,Arthur Orr                            ,R,senate,3.0,exact_name_candidate,AL_2016-2016_Regular_Session_JSON_20160504_e800c0b0cdea4446e6a9ef36040ac9ba.zip
2016,3482,Bobby Singleton,D,Sen,SD-024,2018.0,2.0,ALPERSON-BOBBY-SINGLETON,AL-2018-senate-24-D-BOBBY-SINGLETON,Bobby Singleton                       ,D,senate,24.0,exact_name_candidate,AL_2016-2016_Regular_Session_JSON_20160504_e800c0b0cdea4446e6a9ef36040ac9ba.zip
2016,3482,Bobby Singleton,D,Sen,SD-024,2022.0,6.0,ALPERSON-BOBBY-SINGLETON,AL-2022-senate-24-D-BOBBY-SINGLETON,Bobby Singleton                       ,D,senate,24.0,exact_name_candidate,AL_2016-2016_Regular_Session_JSON_20160504_e800c0b0cdea4446e6a9ef36040ac9ba.zip
2016,3490,Vivian Figures,D,Sen,SD-033,,,,,,,,,unmatched_or_out_of_window,AL_2016-2016_Regular_Session_JSON_20160504_e800c0b0cdea4446e6a9ef36040ac9ba.zip
2016,3491,Jimmy Holley,R,Sen,SD-031,,,,,,,,,unmatched_or_out_of_window,AL_2016-2016_Regular_Session_JSON_20160504_e800c0b0cdea4446e6a9ef36040ac9ba.zip
2016,3493,Harri Smith,I,Sen,SD-029,,,,,,,,,unmatched_or_out_of_window,AL_2016-2016_Regular_Session_JSON_20160504_e800c0b0cdea4446e6a9ef36040ac9ba.zip
2016,17593,Jim Hill,R,Rep,HD-050,2018.0,2.0,ALPERSON-JIM-HILL,AL-2018-house-50-R-JIM-HILL,Jim Hill                              ,R,house,50.0,exact_name_candidate,AL_2016-2016_Regular_Session_JSON_20160504_e800c0b0cdea4446e6a9ef36040ac9ba.zip
2016,17593,Jim Hill,R,Rep,HD-050,2022.0,6.0,ALPERSON-JIM-HILL,AL-2022-house-50-R-JIM-HILL,Jim Hill                              ,R,house,50.0,exact_name_candidate,AL_2016-2016_Regular_Session_JSON_20160504_e800c0b0cdea4446e6a9ef36040ac9ba.zip
2017,12485,Kerry Rich,R,Rep,HD-026,2018.0,1.0,ALPERSON-KERRY-RICH,AL-2018-house-26-R-KERRY-RICH,Kerry Rich                            ,R,house,26.0,exact_name_candidate,AL_2017-2017_Regular_Session_JSON_20170519_a6e8167b88b79bd5122564de30d42fb2.zip
2017,12486,Terri Collins,R,Rep,HD-008,2018.0,1.0,ALPERSON-TERRI-COLLINS,AL-2018-house-8-R-TERRI-COLLINS,Terri Collins                         ,R,house,8.0,exact_name_candidate,AL_2017-2017_Regular_Session_JSON_20170519_a6e8167b88b79bd5122564de30d42fb2.zip
2017,12486,Terri Collins,R,Rep,HD-008,2022.0,5.0,ALPERSON-TERRI-COLLINS,AL-2022-house-8-R-TERRI-COLLINS,Terri Collins                         ,R,house,8.0,exact_name_candidate,AL_2017-2017_Regular_Session_JSON_20170519_a6e8167b88b79bd5122564de30d42fb2.zip
2017,12488,Lynn Greer,R,Rep,HD-002,2018.0,1.0,ALPERSON-LYNN-GREER,AL-2018-house-2-R-LYNN-GREER,Lynn Greer                            ,R,house,2.0,exact_name_candidate,AL_2017-2017_Regular_Session_JSON_20170519_a6e8167b88b79bd5122564de30d42fb2.zip
2017,12495,Dick Brewbaker,R,Sen,SD-025,,,,,,,,,unmatched_or_out_of_window,AL_2017-2017_Regular_Session_JSON_20170519_a6e8167b88b79bd5122564de30d42fb2.zip
2017,12498,Phillip Williams,R,Sen,SD-010,,,,,,,,,unmatched_or_out_of_window,AL_2017-2017_Regular_Session_JSON_20170519_a6e8167b88b79bd5122564de30d42fb2.zip
2017,12499,Clay Scofield,R,Sen,SD-009,2018.0,1.0,ALPERSON-CLAY-SCOFIELD,AL-2018-senate-9-R-CLAY-SCOFIELD,Clay Scofield                         ,R,senate,9.0,exact_name_candidate,AL_2017-2017_Regular_Session_JSON_20170519_a6e8167b88b79bd5122564de30d42fb2.zip
2017,12499,Clay Scofield,R,Sen,SD-009,2022.0,5.0,ALPERSON-CLAY-SCOFIELD,AL-2022-senate-9-R-CLAY-SCOFIELD,Clay Scofield                         ,R,senate,9.0,exact_name_candidate,AL_2017-2017_Regular_Session_JSON_20170519_a6e8167b88b79bd5122564de30d42fb2.zip
2017,12500,April Weaver,R,Rep,HD-049,2018.0,1.0,ALPERSON-APRIL-WEAVER,AL-2018-house-49-R-APRIL-WEAVER,April Weaver                          ,R,house,49.0,exact_name_candidate,AL_2017-2017_Regular_Session_JSON_20170519_a6e8167b88b79bd5122564de30d42fb2.zip
2017,12500,April Weaver,R,Rep,HD-049,2022.0,5.0,ALPERSON-APRIL-WEAVER,AL-2022-senate-14-R-APRIL-WEAVER,April Weaver                          ,R,senate,14.0,exact_name_candidate,AL_2017-2017_Regular_Session_JSON_20170519_a6e8167b88b79bd5122564de30d42fb2.zip
2017,12506,Becky Nordgren,R,Rep,HD-029,2018.0,1.0,ALPERSON-BECKY-NORDGREN,AL-2018-house-29-R-BECKY-NORDGREN,Becky Nordgren                        ,R,house,29.0,exact_name_candidate,AL_2017-2017_Regular_Session_JSON_20170519_a6e8167b88b79bd5122564de30d42fb2.zip
2017,12509,Donnie Chesteen,R,Rep,SD-029,2018.0,1.0,ALPERSON-DONNIE-CHESTEEN,AL-2018-senate-29-R-DONNIE-CHESTEEN,Donnie Chesteen                       ,R,senate,29.0,exact_name_candidate,AL_2017-2017_Regular_Session_JSON_20170519_a6e8167b88b79bd5122564de30d42fb2.zip
2017,12509,Donnie Chesteen,R,Rep,SD-029,2022.0,5.0,ALPERSON-DONNIE-CHESTEEN,AL-2022-senate-29-R-DONNIE-CHESTEEN,Donnie Chesteen                       ,R,senate,29.0,exact_name_candidate,AL_2017-2017_Regular_Session_JSON_20170519_a6e8167b88b79bd5122564de30d42fb2.zip
2017,12521,Thomas Whatley,R,Sen,SD-027,,,,,,,,,unmatched_or_out_of_window,AL_2017-2017_Regular_Session_JSON_20170519_a6e8167b88b79bd5122564de30d42fb2.zip
2017,12525,Mike Jones,R,Rep,HD-092,2018.0,1.0,ALPERSON-MIKE-JONES-JR,AL-2018-house-92-R-MIKE-JONES-JR,"Mike Jones, Jr.                       ",R,house,92.0,exact_name_candidate,AL_2017-2017_Regular_Session_JSON_20170519_a6e8167b88b79bd5122564de30d42fb2.zip
2017,12530,William Poole,R,Rep,HD-063,,,,,,,,,unmatched_or_out_of_window,AL_2017-2017_Regular_Session_JSON_20170519_a6e8167b88b79bd5122564de30d42fb2.zip
2017,12542,Napoleon Bracy,D,Rep,HD-098,2018.0,1.0,ALPERSON-NAPOLEON-BRACY-JR,AL-2018-house-98-D-NAPOLEON-BRACY-JR,"Napoleon Bracy, Jr.                   ",D,house,98.0,exact_name_candidate,AL_2017-2017_Regular_Session_JSON_20170519_a6e8167b88b79bd5122564de30d42fb2.zip
2017,12542,Napoleon Bracy,D,Rep,HD-098,2022.0,5.0,ALPERSON-NAPOLEON-BRACY-JR,AL-2022-house-98-D-NAPOLEON-BRACY-JR,"Napoleon Bracy, Jr.                   ",D,house,98.0,exact_name_candidate,AL_2017-2017_Regular_Session_JSON_20170519_a6e8167b88b79bd5122564de30d42fb2.zip
2017,12543,Berry Forte,D,Rep,HD-084,2018.0,1.0,ALPERSON-BERRY-FORTE,AL-2018-house-84-D-BERRY-FORTE,Berry Forte                           ,D,house,84.0,exact_name_candidate,AL_2017-2017_Regular_Session_JSON_20170519_a6e8167b88b79bd5122564de30d42fb2.zip
2017,12543,Berry Forte,D,Rep,HD-084,2022.0,5.0,ALPERSON-BERRY-FORTE,AL-2022-house-84-D-BERRY-FORTE,Berry Forte                           ,D,house,84.0,exact_name_candidate,AL_2017-2017_Regular_Session_JSON_20170519_a6e8167b88b79bd5122564de30d42fb2.zip
2017,12545,Mark Tuggle,R,Rep,HD-081,,,,,,,,,unmatched_or_out_of_window,AL_2017-2017_Regular_Session_JSON_20170519_a6e8167b88b79bd5122564de30d42fb2.zip
2017,12548,Allen Farley,R,Rep,HD-015,2018.0,1.0,ALPERSON-ALLEN-FARLEY,AL-2018-house-15-R-ALLEN-FARLEY,Allen Farley                          ,R,house,15.0,exact_name_candidate,AL_2017-2017_Regular_Session_JSON_20170519_a6e8167b88b79bd5122564de30d42fb2.zip
2017,12549,Dexter Grimsley,D,Rep,HD-085,2018.0,1.0,ALPERSON-DEXTER-GRIMSLEY,AL-2018-house-85-D-DEXTER-GRIMSLEY,Dexter Grimsley                       ,D,house,85.0,exact_name_candidate,AL_2017-2017_Regular_Session_JSON_20170519_a6e8167b88b79bd5122564de30d42fb2.zip
2017,12549,Dexter Grimsley,D,Rep,HD-085,2022.0,5.0,ALPERSON-DEXTER-GRIMSLEY,AL-2022-house-85-D-DEXTER-GRIMSLEY,Dexter Grimsley                       ,D,house,85.0,exact_name_candidate,AL_2017-2017_Regular_Session_JSON_20170519_a6e8167b88b79bd5122564de30d42fb2.zip
2017,12550,Juandalynn Givan,D,Rep,HD-060,2018.0,1.0,ALPERSON-JUANDALYNN-GIVAN,AL-2018-house-60-D-JUANDALYNN-GIVAN,Juandalynn Givan                      ,D,house,60.0,exact_name_candidate,AL_2017-2017_Regular_Session_JSON_20170519_a6e8167b88b79bd5122564de30d42fb2.zip
2017,12550,Juandalynn Givan,D,Rep,HD-060,2022.0,5.0,ALPERSON-JUANDALYNN-GIVAN,AL-2022-house-60-D-JUANDALYNN-GIVAN,Juandalynn Givan                      ,D,house,60.0,exact_name_candidate,AL_2017-2017_Regular_Session_JSON_20170519_a6e8167b88b79bd5122564de30d42fb2.zip
2017,13150,David Sessions,R,Rep,SD-035,2018.0,1.0,ALPERSON-DAVID-SESSIONS,AL-2018-senate-35-R-DAVID-SESSIONS,David Sessions                        ,R,senate,35.0,exact_name_candidate,AL_2017-2017_Regular_Session_JSON_20170519_a6e8167b88b79bd5122564de30d42fb2.zip
2017,13150,David Sessions,R,Rep,SD-035,2022.0,5.0,ALPERSON-DAVID-SESSIONS,AL-2022-senate-35-R-DAVID-SESSIONS,David Sessions                        ,R,senate,35.0,exact_name_candidate,AL_2017-2017_Regular_Session_JSON_20170519_a6e8167b88b79bd5122564de30d42fb2.zip
2017,13766,Jim Carns,R,Rep,HD-048,2018.0,1.0,ALPERSON-JIM-CARNS,AL-2018-house-48-R-JIM-CARNS,Jim Carns                             ,R,house,48.0,exact_name_candidate,AL_2017-2017_Regular_Session_JSON_20170519_a6e8167b88b79bd5122564de30d42fb2.zip
2017,13766,Jim Carns,R,Rep,HD-048,2022.0,5.0,ALPERSON-JIM-CARNS,AL-2022-house-48-R-JIM-CARNS,Jim Carns                             ,R,house,48.0,exact_name_candidate,AL_2017-2017_Regular_Session_JSON_20170519_a6e8167b88b79bd5122564de30d42fb2.zip
2017,15745,David Standridge,R,Rep,HD-034,2018.0,1.0,ALPERSON-DAVID-STANDRIDGE,AL-2018-house-34-R-DAVID-STANDRIDGE,David Standridge                      ,R,house,34.0,exact_name_candidate,AL_2017-2017_Regular_Session_JSON_20170519_a6e8167b88b79bd5122564de30d42fb2.zip
2017,15745,David Standridge,R,Rep,HD-034,2022.0,5.0,ALPERSON-DAVID-STANDRIDGE,AL-2022-house-34-R-DAVID-STANDRIDGE,David Standridge                      ,R,house,34.0,exact_name_candidate,AL_2017-2017_Regular_Session_JSON_20170519_a6e8167b88b79bd5122564de30d42fb2.zip
2017,15746,Mack Butler,R,Rep,HD-030,,,,,,,,,unmatched_or_out_of_window,AL_2017-2017_Regular_Session_JSON_20170519_a6e8167b88b79bd5122564de30d42fb2.zip
2017,16021,Randall Shedd,R,Rep,HD-011,2018.0,1.0,ALPERSON-RANDALL-SHEDD,AL-2018-house-11-R-RANDALL-SHEDD,Randall Shedd                         ,R,house,11.0,exact_name_candidate,AL_2017-2017_Regular_Session_JSON_20170519_a6e8167b88b79bd5122564de30d42fb2.zip
2017,16021,Randall Shedd,R,Rep,HD-011,2022.0,5.0,ALPERSON-RANDALL-SHEDD,AL-2022-house-11-R-RANDALL-SHEDD,Randall Shedd                         ,R,house,11.0,exact_name_candidate,AL_2017-2017_Regular_Session_JSON_20170519_a6e8167b88b79bd5122564de30d42fb2.zip
2017,16069,Dimitri Polizos,R,Rep,HD-074,2018.0,1.0,ALPERSON-DIMITRI-POLIZOS,AL-2018-house-74-R-DIMITRI-POLIZOS,Dimitri Polizos                       ,R,house,74.0,exact_name_candidate,AL_2017-2017_Regular_Session_JSON_20170519_a6e8167b88b79bd5122564de30d42fb2.zip
2017,16140,Adline Clarke,D,Rep,HD-097,2022.0,5.0,ALPERSON-ADLINE-CLARKE,AL-2022-house-97-D-ADLINE-CLARKE,Adline Clarke                         ,D,house,97.0,exact_name_candidate,AL_2017-2017_Regular_Session_JSON_20170519_a6e8167b88b79bd5122564de30d42fb2.zip
2017,16211,Mike Holmes,R,Rep,HD-031,2018.0,1.0,ALPERSON-MIKE-HOLMES,AL-2018-house-31-R-MIKE-HOLMES,Mike Holmes                           ,R,house,31.0,exact_name_candidate,AL_2017-2017_Regular_Session_JSON_20170519_a6e8167b88b79bd5122564de30d42fb2.zip
2017,16212,Margie Wilcox,R,Rep,HD-104,2018.0,1.0,ALPERSON-MARGIE-WILCOX,AL-2018-house-104-R-MARGIE-WILCOX,Margie Wilcox                         ,R,house,104.0,exact_name_candidate,AL_2017-2017_Regular_Session_JSON_20170519_a6e8167b88b79bd5122564de30d42fb2.zip
2017,16212,Margie Wilcox,R,Rep,HD-104,2022.0,5.0,ALPERSON-MARGIE-WILCOX,AL-2022-house-104-R-MARGIE-WILCOX,Margie Wilcox                         ,R,house,104.0,exact_name_candidate,AL_2017-2017_Regular_Session_JSON_20170519_a6e8167b88b79bd5122564de30d42fb2.zip
2017,16871,Greg Albritton,R,Sen,SD-022,2018.0,1.0,ALPERSON-GREG-ALBRITTON,AL-2018-senate-22-R-GREG-ALBRITTON,Greg Albritton                        ,R,senate,22.0,exact_name_candidate,AL_2017-2017_Regular_Session_JSON_20170519_a6e8167b88b79bd5122564de30d42fb2.zip
2017,16871,Greg Albritton,R,Sen,SD-022,2022.0,5.0,ALPERSON-GREG-ALBRITTON,AL-2022-senate-22-R-GREG-ALBRITTON,Greg Albritton                        ,R,senate,22.0,exact_name_candidate,AL_2017-2017_Regular_Session_JSON_20170519_a6e8167b88b79bd5122564de30d42fb2.zip
2017,16872,Clyde Chambliss,R,Sen,SD-030,2018.0,1.0,ALPERSON-CLYDE-CHAMBLISS-JR,AL-2018-senate-30-R-CLYDE-CHAMBLISS-JR,"Clyde Chambliss, Jr.                  ",R,senate,30.0,exact_name_candidate,AL_2017-2017_Regular_Session_JSON_20170519_a6e8167b88b79bd5122564de30d42fb2.zip
2017,16872,Clyde Chambliss,R,Sen,SD-030,2022.0,5.0,ALPERSON-CLYDE-CHAMBLISS-JR,AL-2022-senate-30-R-CLYDE-CHAMBLISS-JR,"Clyde Chambliss, Jr.                  ",R,senate,30.0,exact_name_candidate,AL_2017-2017_Regular_Session_JSON_20170519_a6e8167b88b79bd5122564de30d42fb2.zip
2017,16873,Steve Livingston,R,Sen,SD-008,2018.0,1.0,ALPERSON-STEVE-LIVINGSTON,AL-2018-senate-8-R-STEVE-LIVINGSTON,Steve Livingston                      ,R,senate,8.0,exact_name_candidate,AL_2017-2017_Regular_Session_JSON_20170519_a6e8167b88b79bd5122564de30d42fb2.zip
2017,16873,Steve Livingston,R,Sen,SD-008,2022.0,5.0,ALPERSON-STEVE-LIVINGSTON,AL-2022-senate-8-R-STEVE-LIVINGSTON,Steve Livingston                      ,R,senate,8.0,exact_name_candidate,AL_2017-2017_Regular_Session_JSON_20170519_a6e8167b88b79bd5122564de30d42fb2.zip
2017,16874,Shay Shelnutt,R,Sen,SD-017,2018.0,1.0,ALPERSON-SHAY-SHELNUTT,AL-2018-senate-17-R-SHAY-SHELNUTT,Shay Shelnutt                         ,R,senate,17.0,exact_name_candidate,AL_2017-2017_Regular_Session_JSON_20170519_a6e8167b88b79bd5122564de30d42fb2.zip
2017,16874,Shay Shelnutt,R,Sen,SD-017,2022.0,5.0,ALPERSON-SHAY-SHELNUTT,AL-2022-senate-17-R-SHAY-SHELNUTT,Shay Shelnutt                         ,R,senate,17.0,exact_name_candidate,AL_2017-2017_Regular_Session_JSON_20170519_a6e8167b88b79bd5122564de30d42fb2.zip
2017,16875,Tim Melson,R,Sen,SD-001,2018.0,1.0,ALPERSON-TIM-MELSON,AL-2018-senate-1-R-TIM-MELSON,Tim Melson                            ,R,senate,1.0,exact_name_candidate,AL_2017-2017_Regular_Session_JSON_20170519_a6e8167b88b79bd5122564de30d42fb2.zip
2017,16875,Tim Melson,R,Sen,SD-001,2022.0,5.0,ALPERSON-TIM-MELSON,AL-2022-senate-1-R-TIM-MELSON,Tim Melson                            ,R,senate,1.0,exact_name_candidate,AL_2017-2017_Regular_Session_JSON_20170519_a6e8167b88b79bd5122564de30d42fb2.zip
2017,16876,Larry Stutts,R,Sen,SD-006,2018.0,1.0,ALPERSON-LARRY-STUTTS,AL-2018-senate-6-R-LARRY-STUTTS,Larry Stutts                          ,R,senate,6.0,exact_name_candidate,AL_2017-2017_Regular_Session_JSON_20170519_a6e8167b88b79bd5122564de30d42fb2.zip
2017,16876,Larry Stutts,R,Sen,SD-006,2022.0,5.0,ALPERSON-LARRY-STUTTS,AL-2022-senate-6-R-LARRY-STUTTS,Larry Stutts                          ,R,senate,6.0,exact_name_candidate,AL_2017-2017_Regular_Session_JSON_20170519_a6e8167b88b79bd5122564de30d42fb2.zip
2017,17025,Corey Harbison,R,Rep,HD-012,2018.0,1.0,ALPERSON-COREY-HARBISON,AL-2018-house-12-R-COREY-HARBISON,Corey Harbison                        ,R,house,12.0,exact_name_candidate,AL_2017-2017_Regular_Session_JSON_20170519_a6e8167b88b79bd5122564de30d42fb2.zip
2017,17025,Corey Harbison,R,Rep,HD-012,2022.0,5.0,ALPERSON-COREY-HARBISON,AL-2022-house-12-R-COREY-HARBISON,Corey Harbison                        ,R,house,12.0,exact_name_candidate,AL_2017-2017_Regular_Session_JSON_20170519_a6e8167b88b79bd5122564de30d42fb2.zip
2017,17026,Phillip Pettus,R,Rep,HD-001,2018.0,1.0,ALPERSON-PHILLIP-PETTUS,AL-2018-house-1-R-PHILLIP-PETTUS,Phillip Pettus                        ,R,house,1.0,exact_name_candidate,AL_2017-2017_Regular_Session_JSON_20170519_a6e8167b88b79bd5122564de30d42fb2.zip
2017,17026,Phillip Pettus,R,Rep,HD-001,2022.0,5.0,ALPERSON-PHILLIP-PETTUS,AL-2022-house-1-R-PHILLIP-PETTUS,Phillip Pettus                        ,R,house,1.0,exact_name_candidate,AL_2017-2017_Regular_Session_JSON_20170519_a6e8167b88b79bd5122564de30d42fb2.zip
2017,17027,Ritchie Whorton,R,Rep,HD-022,2018.0,1.0,ALPERSON-RITCHIE-WHORTON,AL-2018-house-22-R-RITCHIE-WHORTON,Ritchie Whorton                       ,R,house,22.0,exact_name_candidate,AL_2017-2017_Regular_Session_JSON_20170519_a6e8167b88b79bd5122564de30d42fb2.zip
2017,17027,Ritchie Whorton,R,Rep,HD-022,2022.0,5.0,ALPERSON-RITCHIE-WHORTON,AL-2022-house-22-R-RITCHIE-WHORTON,Ritchie Whorton                       ,R,house,22.0,exact_name_candidate,AL_2017-2017_Regular_Session_JSON_20170519_a6e8167b88b79bd5122564de30d42fb2.zip
2017,17028,Connie Rowe,R,Rep,HD-013,,,,,,,,,unmatched_or_out_of_window,AL_2017-2017_Regular_Session_JSON_20170519_a6e8167b88b79bd5122564de30d42fb2.zip
2017,17589,David Faulkner,R,Rep,HD-046,2018.0,1.0,ALPERSON-DAVID-FAULKNER,AL-2018-house-46-R-DAVID-FAULKNER,David Faulkner                        ,R,house,46.0,exact_name_candidate,AL_2017-2017_Regular_Session_JSON_20170519_a6e8167b88b79bd5122564de30d42fb2.zip
2017,17589,David Faulkner,R,Rep,HD-046,2022.0,5.0,ALPERSON-DAVID-FAULKNER,AL-2022-house-46-R-DAVID-FAULKNER,David Faulkner                        ,R,house,46.0,exact_name_candidate,AL_2017-2017_Regular_Session_JSON_20170519_a6e8167b88b79bd5122564de30d42fb2.zip
2017,17590,Matt Fridy,R,Rep,HD-073,2018.0,1.0,ALPERSON-MATT-FRIDY,AL-2018-house-73-R-MATT-FRIDY,Matt Fridy                            ,R,house,73.0,exact_name_candidate,AL_2017-2017_Regular_Session_JSON_20170519_a6e8167b88b79bd5122564de30d42fb2.zip
2017,17591,Danny Garrett,R,Rep,HD-044,2018.0,1.0,ALPERSON-DANNY-GARRETT,AL-2018-house-44-R-DANNY-GARRETT,Danny Garrett                         ,R,house,44.0,exact_name_candidate,AL_2017-2017_Regular_Session_JSON_20170519_a6e8167b88b79bd5122564de30d42fb2.zip
2017,17591,Danny Garrett,R,Rep,HD-044,2022.0,5.0,ALPERSON-DANNY-GARRETT,AL-2022-house-44-R-DANNY-GARRETT,Danny Garrett                         ,R,house,44.0,exact_name_candidate,AL_2017-2017_Regular_Session_JSON_20170519_a6e8167b88b79bd5122564de30d42fb2.zip
2017,17592,James Hanes,R,Rep,HD-023,,,,,,,,,unmatched_or_out_of_window,AL_2017-2017_Regular_Session_JSON_20170519_a6e8167b88b79bd5122564de30d42fb2.zip
2017,17593,Jim Hill,R,Rep,HD-050,2018.0,1.0,ALPERSON-JIM-HILL,AL-2018-house-50-R-JIM-HILL,Jim Hill                              ,R,house,50.0,exact_name_candidate,AL_2017-2017_Regular_Session_JSON_20170519_a6e8167b88b79bd5122564de30d42fb2.zip
2017,17593,Jim Hill,R,Rep,HD-050,2022.0,5.0,ALPERSON-JIM-HILL,AL-2022-house-50-R-JIM-HILL,Jim Hill                              ,R,house,50.0,exact_name_candidate,AL_2017-2017_Regular_Session_JSON_20170519_a6e8167b88b79bd5122564de30d42fb2.zip
2017,17594,Reed Ingram,R,Rep,HD-075,2018.0,1.0,ALPERSON-REED-INGRAM,AL-2018-house-75-R-REED-INGRAM,Reed Ingram                           ,R,house,75.0,exact_name_candidate,AL_2017-2017_Regular_Session_JSON_20170519_a6e8167b88b79bd5122564de30d42fb2.zip
2017,17594,Reed Ingram,R,Rep,HD-075,2022.0,5.0,ALPERSON-REED-INGRAM,AL-2022-house-75-R-REED-INGRAM,Reed Ingram                           ,R,house,75.0,exact_name_candidate,AL_2017-2017_Regular_Session_JSON_20170519_a6e8167b88b79bd5122564de30d42fb2.zip
2017,17595,Nathaniel Ledbetter,R,Rep,HD-024,2018.0,1.0,ALPERSON-NATHANIEL-LEDBETTER,AL-2018-house-24-R-NATHANIEL-LEDBETTER,Nathaniel Ledbetter                   ,R,house,24.0,exact_name_candidate,AL_2017-2017_Regular_Session_JSON_20170519_a6e8167b88b79bd5122564de30d42fb2.zip
2017,17595,Nathaniel Ledbetter,R,Rep,HD-024,2022.0,5.0,ALPERSON-NATHANIEL-LEDBETTER,AL-2022-house-24-R-NATHANIEL-LEDBETTER,Nathaniel Ledbetter                   ,R,house,24.0,exact_name_candidate,AL_2017-2017_Regular_Session_JSON_20170519_a6e8167b88b79bd5122564de30d42fb2.zip
2017,17596,Chris Sells,R,Rep,HD-090,2018.0,1.0,ALPERSON-CHRIS-SELLS,AL-2018-house-90-R-CHRIS-SELLS,Chris Sells                           ,R,house,90.0,exact_name_candidate,AL_2017-2017_Regular_Session_JSON_20170519_a6e8167b88b79bd5122564de30d42fb2.zip
2017,17596,Chris Sells,R,Rep,HD-090,2022.0,5.0,ALPERSON-CHRIS-SELLS,AL-2022-house-90-R-CHRIS-SELLS,Chris Sells                           ,R,house,90.0,exact_name_candidate,AL_2017-2017_Regular_Session_JSON_20170519_a6e8167b88b79bd5122564de30d42fb2.zip
2017,17597,Kyle South,R,Rep,HD-016,2018.0,1.0,ALPERSON-KYLE-SOUTH,AL-2018-house-16-R-KYLE-SOUTH,Kyle South                            ,R,house,16.0,exact_name_candidate,AL_2017-2017_Regular_Session_JSON_20170519_a6e8167b88b79bd5122564de30d42fb2.zip
2017,17597,Kyle South,R,Rep,HD-016,2022.0,5.0,ALPERSON-KYLE-SOUTH,AL-2022-house-16-R-KYLE-SOUTH,Kyle South                            ,R,house,16.0,exact_name_candidate,AL_2017-2017_Regular_Session_JSON_20170519_a6e8167b88b79bd5122564de30d42fb2.zip
2017,17598,Jack Williams,R,Rep,SD-034,2018.0,1.0,ALPERSON-JACK-WILLIAMS,AL-2018-senate-34-R-JACK-WILLIAMS,Jack Williams                         ,R,senate,34.0,exact_name_candidate,AL_2017-2017_Regular_Session_JSON_20170519_a6e8167b88b79bd5122564de30d42fb2.zip
2017,17598,Jack Williams,R,Rep,SD-034,2022.0,5.0,ALPERSON-JACK-WILLIAMS,AL-2022-senate-34-R-JACK-WILLIAMS,Jack Williams                         ,R,senate,34.0,exact_name_candidate,AL_2017-2017_Regular_Session_JSON_20170519_a6e8167b88b79bd5122564de30d42fb2.zip
2017,17603,Chris Pringle,R,Rep,HD-101,2018.0,1.0,ALPERSON-CHRIS-PRINGLE,AL-2018-house-101-R-CHRIS-PRINGLE,Chris Pringle                         ,R,house,101.0,exact_name_candidate,AL_2017-2017_Regular_Session_JSON_20170519_a6e8167b88b79bd5122564de30d42fb2.zip
2017,17603,Chris Pringle,R,Rep,HD-101,2022.0,5.0,ALPERSON-CHRIS-PRINGLE,AL-2022-house-101-R-CHRIS-PRINGLE,Chris Pringle                         ,R,house,101.0,exact_name_candidate,AL_2017-2017_Regular_Session_JSON_20170519_a6e8167b88b79bd5122564de30d42fb2.zip
2017,17622,Bob Fincher,R,Rep,HD-037,2018.0,1.0,ALPERSON-BOB-FINCHER,AL-2018-house-37-R-BOB-FINCHER,Bob Fincher                           ,R,house,37.0,exact_name_candidate,AL_2017-2017_Regular_Session_JSON_20170519_a6e8167b88b79bd5122564de30d42fb2.zip
2017,17622,Bob Fincher,R,Rep,HD-037,2022.0,5.0,ALPERSON-BOB-FINCHER,AL-2022-house-37-R-BOB-FINCHER,Bob Fincher                           ,R,house,37.0,exact_name_candidate,AL_2017-2017_Regular_Session_JSON_20170519_a6e8167b88b79bd5122564de30d42fb2.zip
2017,17624,Barbara Drummond,D,Rep,HD-103,2018.0,1.0,ALPERSON-BARBARA-DRUMMOND,AL-2018-house-103-D-BARBARA-DRUMMOND,Barbara Drummond                      ,D,house,103.0,exact_name_candidate,AL_2017-2017_Regular_Session_JSON_20170519_a6e8167b88b79bd5122564de30d42fb2.zip
2017,17624,Barbara Drummond,D,Rep,HD-103,2022.0,5.0,ALPERSON-BARBARA-DRUMMOND,AL-2022-house-103-D-BARBARA-DRUMMOND,Barbara Drummond                      ,D,house,103.0,exact_name_candidate,AL_2017-2017_Regular_Session_JSON_20170519_a6e8167b88b79bd5122564de30d42fb2.zip
2017,17625,Kelvin Lawrence,D,Rep,HD-069,,,,,,,,,unmatched_or_out_of_window,AL_2017-2017_Regular_Session_JSON_20170519_a6e8167b88b79bd5122564de30d42fb2.zip
2017,17632,Timothy Wadsworth,R,Rep,HD-014,,,,,,,,,unmatched_or_out_of_window,AL_2017-2017_Regular_Session_JSON_20170519_a6e8167b88b79bd5122564de30d42fb2.zip
2017,17633,Rich Wingo,R,Rep,HD-062,2018.0,1.0,ALPERSON-RICH-WINGO,AL-2018-house-62-R-RICH-WINGO,Rich Wingo                            ,R,house,62.0,exact_name_candidate,AL_2017-2017_Regular_Session_JSON_20170519_a6e8167b88b79bd5122564de30d42fb2.zip
2017,17634,Arnold Mooney,R,Rep,HD-043,2022.0,5.0,ALPERSON-ARNOLD-MOONEY,AL-2022-house-43-R-ARNOLD-MOONEY,Arnold Mooney                         ,R,house,43.0,exact_name_candidate,AL_2017-2017_Regular_Session_JSON_20170519_a6e8167b88b79bd5122564de30d42fb2.zip
2017,17642,Anthony Daniels,D,Rep,HD-053,2018.0,1.0,ALPERSON-ANTHONY-DANIELS,AL-2018-house-53-D-ANTHONY-DANIELS,Anthony Daniels                       ,D,house,53.0,exact_name_candidate,AL_2017-2017_Regular_Session_JSON_20170519_a6e8167b88b79bd5122564de30d42fb2.zip
2017,17642,Anthony Daniels,D,Rep,HD-053,2022.0,5.0,ALPERSON-ANTHONY-DANIELS,AL-2022-house-53-D-ANTHONY-DANIELS,Anthony Daniels                       ,D,house,53.0,exact_name_candidate,AL_2017-2017_Regular_Session_JSON_20170519_a6e8167b88b79bd5122564de30d42fb2.zip
2017,17643,Issac Whorton,R,Rep,HD-038,,,,,,,,,unmatched_or_out_of_window,AL_2017-2017_Regular_Session_JSON_20170519_a6e8167b88b79bd5122564de30d42fb2.zip
2017,17874,Chris Blackshear,R,Rep,HD-080,,,,,,,,,unmatched_or_out_of_window,AL_2017-2017_Regular_Session_JSON_20170519_a6e8167b88b79bd5122564de30d42fb2.zip
2017,17899,Danny Crawford,R,Rep,HD-005,,,,,,,,,unmatched_or_out_of_window,AL_2017-2017_Regular_Session_JSON_20170519_a6e8167b88b79bd5122564de30d42fb2.zip
2017,19256,Corley Ellis,R,Rep,HD-041,2018.0,1.0,ALPERSON-CORLEY-ELLIS,AL-2018-house-41-R-CORLEY-ELLIS,Corley Ellis                          ,R,house,41.0,exact_name_candidate,AL_2017-2017_Regular_Session_JSON_20170519_a6e8167b88b79bd5122564de30d42fb2.zip
2017,19256,Corley Ellis,R,Rep,HD-041,2022.0,5.0,ALPERSON-CORLEY-ELLIS,AL-2022-house-41-R-CORLEY-ELLIS,Corley Ellis                          ,R,house,41.0,exact_name_candidate,AL_2017-2017_Regular_Session_JSON_20170519_a6e8167b88b79bd5122564de30d42fb2.zip
2017,19257,Joe Lovvorn,R,Rep,HD-079,2018.0,1.0,ALPERSON-JOE-LOVVORN,AL-2018-house-79-R-JOE-LOVVORN,Joe Lovvorn                           ,R,house,79.0,exact_name_candidate,AL_2017-2017_Regular_Session_JSON_20170519_a6e8167b88b79bd5122564de30d42fb2.zip
2017,19257,Joe Lovvorn,R,Rep,HD-079,2022.0,5.0,ALPERSON-JOE-LOVVORN,AL-2022-house-79-R-JOE-LOVVORN,Joe Lovvorn                           ,R,house,79.0,exact_name_candidate,AL_2017-2017_Regular_Session_JSON_20170519_a6e8167b88b79bd5122564de30d42fb2.zip
2017,19353,Rolanda Hollis,D,Rep,HD-058,2018.0,1.0,ALPERSON-ROLANDA-HOLLIS,AL-2018-house-58-D-ROLANDA-HOLLIS,Rolanda Hollis                        ,D,house,58.0,exact_name_candidate,AL_2017-2017_Regular_Session_JSON_20170519_a6e8167b88b79bd5122564de30d42fb2.zip
2017,19353,Rolanda Hollis,D,Rep,HD-058,2022.0,5.0,ALPERSON-ROLANDA-HOLLIS,AL-2022-house-58-D-ROLANDA-HOLLIS,Rolanda Hollis                        ,D,house,58.0,exact_name_candidate,AL_2017-2017_Regular_Session_JSON_20170519_a6e8167b88b79bd5122564de30d42fb2.zip
2017,19368,Prince Chestnut,D,Rep,HD-067,2018.0,1.0,ALPERSON-PRINCE-CHESTNUT,AL-2018-house-67-D-PRINCE-CHESTNUT,Prince Chestnut                       ,D,house,67.0,exact_name_candidate,AL_2017-2017_Regular_Session_JSON_20170519_a6e8167b88b79bd5122564de30d42fb2.zip
2017,19368,Prince Chestnut,D,Rep,HD-067,2022.0,5.0,ALPERSON-PRINCE-CHESTNUT,AL-2022-house-67-D-PRINCE-CHESTNUT,Prince Chestnut                       ,D,house,67.0,exact_name_candidate,AL_2017-2017_Regular_Session_JSON_20170519_a6e8167b88b79bd5122564de30d42fb2.zip
2017,3357,Laura Hall,D,Rep,HD-019,2018.0,1.0,ALPERSON-LAURA-HALL,AL-2018-house-19-D-LAURA-HALL,Laura Hall                            ,D,house,19.0,exact_name_candidate,AL_2017-2017_Regular_Session_JSON_20170519_a6e8167b88b79bd5122564de30d42fb2.zip
2017,3357,Laura Hall,D,Rep,HD-019,2022.0,5.0,ALPERSON-LAURA-HALL,AL-2022-house-19-D-LAURA-HALL,Laura Hall                            ,D,house,19.0,exact_name_candidate,AL_2017-2017_Regular_Session_JSON_20170519_a6e8167b88b79bd5122564de30d42fb2.zip
2017,3358,Artis McCampbell,D,Rep,HD-071,,,,,,,,,unmatched_or_out_of_window,AL_2017-2017_Regular_Session_JSON_20170519_a6e8167b88b79bd5122564de30d42fb2.zip
2017,3360,Barbara Boyd,D,Rep,HD-032,,,,,,,,,unmatched_or_out_of_window,AL_2017-2017_Regular_Session_JSON_20170519_a6e8167b88b79bd5122564de30d42fb2.zip
2017,3370,Pebblin Warren,D,Rep,HD-082,,,,,,,,,unmatched_or_out_of_window,AL_2017-2017_Regular_Session_JSON_20170519_a6e8167b88b79bd5122564de30d42fb2.zip
2017,3371,Ralph Howard,D,Rep,HD-072,,,,,,,,,unmatched_or_out_of_window,AL_2017-2017_Regular_Session_JSON_20170519_a6e8167b88b79bd5122564de30d42fb2.zip
2017,3372,Thad McClammy,D,Rep,HD-076,2018.0,1.0,ALPERSON-THAD-MCCLAMMY,AL-2018-house-76-D-THAD-MCCLAMMY,Thad McClammy                         ,D,house,76.0,exact_name_candidate,AL_2017-2017_Regular_Session_JSON_20170519_a6e8167b88b79bd5122564de30d42fb2.zip
2017,3374,Christopher England,D,Rep,HD-070,,,,,,,,,unmatched_or_out_of_window,AL_2017-2017_Regular_Session_JSON_20170519_a6e8167b88b79bd5122564de30d42fb2.zip
2017,3382,Thomas Jackson,D,Rep,HD-068,,,,,,,,,unmatched_or_out_of_window,AL_2017-2017_Regular_Session_JSON_20170519_a6e8167b88b79bd5122564de30d42fb2.zip
2017,3386,William Beasley,D,Sen,SD-028,,,,,,,,,unmatched_or_out_of_window,AL_2017-2017_Regular_Session_JSON_20170519_a6e8167b88b79bd5122564de30d42fb2.zip
2017,3387,Stephen Hurst,R,Rep,HD-035,,,,,,,,,unmatched_or_out_of_window,AL_2017-2017_Regular_Session_JSON_20170519_a6e8167b88b79bd5122564de30d42fb2.zip
2017,3388,James Buskey,D,Rep,HD-099,,,,,,,,,unmatched_or_out_of_window,AL_2017-2017_Regular_Session_JSON_20170519_a6e8167b88b79bd5122564de30d42fb2.zip
2017,3389,Mary Moore,D,Rep,HD-059,2018.0,1.0,ALPERSON-MARY-MOORE,AL-2018-house-59-D-MARY-MOORE,Mary Moore                            ,D,house,59.0,exact_name_candidate,AL_2017-2017_Regular_Session_JSON_20170519_a6e8167b88b79bd5122564de30d42fb2.zip
2017,3389,Mary Moore,D,Rep,HD-059,2022.0,5.0,ALPERSON-MARY-MOORE,AL-2022-house-59-D-MARY-MOORE,Mary Moore                            ,D,house,59.0,exact_name_candidate,AL_2017-2017_Regular_Session_JSON_20170519_a6e8167b88b79bd5122564de30d42fb2.zip
2017,3391,Merika Coleman-Evans,D,Rep,HD-057,,,,,,,,,unmatched_or_out_of_window,AL_2017-2017_Regular_Session_JSON_20170519_a6e8167b88b79bd5122564de30d42fb2.zip
2017,3402,Johnny Morrow,D,Rep,HD-018,,,,,,,,,unmatched_or_out_of_window,AL_2017-2017_Regular_Session_JSON_20170519_a6e8167b88b79bd5122564de30d42fb2.zip
2017,3405,Robert Ward,R,Sen,SD-014,,,,,,,,,unmatched_or_out_of_window,AL_2017-2017_Regular_Session_JSON_20170519_a6e8167b88b79bd5122564de30d42fb2.zip
2017,3411,Mac McCutcheon,R,Rep,HD-025,2018.0,1.0,ALPERSON-MAC-MCCUTCHEON,AL-2018-house-25-R-MAC-MCCUTCHEON,Mac McCutcheon                        ,R,house,25.0,exact_name_candidate,AL_2017-2017_Regular_Session_JSON_20170519_a6e8167b88b79bd5122564de30d42fb2.zip
2017,3415,Victor Gaston,R,Rep,HD-100,2018.0,1.0,ALPERSON-VICTOR-GASTON,AL-2018-house-100-R-VICTOR-GASTON,Victor Gaston                         ,R,house,100.0,exact_name_candidate,AL_2017-2017_Regular_Session_JSON_20170519_a6e8167b88b79bd5122564de30d42fb2.zip
2017,3416,Mike Ball,R,Rep,HD-010,2018.0,1.0,ALPERSON-MIKE-BALL,AL-2018-house-10-R-MIKE-BALL,Mike Ball                             ,R,house,10.0,exact_name_candidate,AL_2017-2017_Regular_Session_JSON_20170519_a6e8167b88b79bd5122564de30d42fb2.zip
2017,3418,Jack Williams,R,Rep,HD-047,2018.0,1.0,ALPERSON-JACK-WILLIAMS,AL-2018-senate-34-R-JACK-WILLIAMS,Jack Williams                         ,R,senate,34.0,exact_name_candidate,AL_2017-2017_Regular_Session_JSON_20170519_a6e8167b88b79bd5122564de30d42fb2.zip
2017,3418,Jack Williams,R,Rep,HD-047,2022.0,5.0,ALPERSON-JACK-WILLIAMS,AL-2022-senate-34-R-JACK-WILLIAMS,Jack Williams                         ,R,senate,34.0,exact_name_candidate,AL_2017-2017_Regular_Session_JSON_20170519_a6e8167b88b79bd5122564de30d42fb2.zip
2017,3419,Dickie Drake,R,Rep,HD-045,2018.0,1.0,ALPERSON-DICKIE-DRAKE,AL-2018-house-45-R-DICKIE-DRAKE,Dickie Drake                          ,R,house,45.0,exact_name_candidate,AL_2017-2017_Regular_Session_JSON_20170519_a6e8167b88b79bd5122564de30d42fb2.zip
2017,3420,Gerald Allen,R,Sen,SD-021,2018.0,1.0,ALPERSON-GERALD-ALLEN,AL-2018-senate-21-R-GERALD-ALLEN,Gerald Allen                          ,R,senate,21.0,exact_name_candidate,AL_2017-2017_Regular_Session_JSON_20170519_a6e8167b88b79bd5122564de30d42fb2.zip
2017,3420,Gerald Allen,R,Sen,SD-021,2022.0,5.0,ALPERSON-GERALD-ALLEN,AL-2022-senate-21-R-GERALD-ALLEN,Gerald Allen                          ,R,senate,21.0,exact_name_candidate,AL_2017-2017_Regular_Session_JSON_20170519_a6e8167b88b79bd5122564de30d42fb2.zip
2017,3422,James Martin,R,Rep,HD-042,,,,,,,,,unmatched_or_out_of_window,AL_2017-2017_Regular_Session_JSON_20170519_a6e8167b88b79bd5122564de30d42fb2.zip
2017,3423,Harry Shiver,R,Rep,HD-064,2018.0,1.0,ALPERSON-HARRY-SHIVER,AL-2018-house-64-R-HARRY-SHIVER,Harry Shiver                          ,R,house,64.0,exact_name_candidate,AL_2017-2017_Regular_Session_JSON_20170519_a6e8167b88b79bd5122564de30d42fb2.zip
2017,3424,Joe Faust,R,Rep,HD-094,2018.0,1.0,ALPERSON-JOE-FAUST,AL-2018-house-94-R-JOE-FAUST,Joe Faust                             ,R,house,94.0,exact_name_candidate,AL_2017-2017_Regular_Session_JSON_20170519_a6e8167b88b79bd5122564de30d42fb2.zip
2017,3426,Alan Baker,R,Rep,HD-066,2018.0,1.0,ALPERSON-ALAN-BAKER,AL-2018-house-66-R-ALAN-BAKER,Alan Baker                            ,R,house,66.0,exact_name_candidate,AL_2017-2017_Regular_Session_JSON_20170519_a6e8167b88b79bd5122564de30d42fb2.zip
2017,3426,Alan Baker,R,Rep,HD-066,2022.0,5.0,ALPERSON-ALAN-BAKER,AL-2022-house-66-R-ALAN-BAKER,Alan Baker                            ,R,house,66.0,exact_name_candidate,AL_2017-2017_Regular_Session_JSON_20170519_a6e8167b88b79bd5122564de30d42fb2.zip
2017,3427,Steve McMillan,R,Rep,HD-095,2018.0,1.0,ALPERSON-STEVE-MCMILLAN,AL-2018-house-95-R-STEVE-MCMILLAN,Steve McMillan                        ,R,house,95.0,exact_name_candidate,AL_2017-2017_Regular_Session_JSON_20170519_a6e8167b88b79bd5122564de30d42fb2.zip
2017,3429,Jim McClendon,R,Sen,SD-011,2018.0,1.0,ALPERSON-JIM-MCCLENDON,AL-2018-senate-11-R-JIM-MCCLENDON,Jim McClendon                         ,R,senate,11.0,exact_name_candidate,AL_2017-2017_Regular_Session_JSON_20170519_a6e8167b88b79bd5122564de30d42fb2.zip
2017,3430,Randy Wood,R,Rep,HD-036,2018.0,1.0,ALPERSON-RANDY-WOOD,AL-2018-house-36-R-RANDY-WOOD,Randy Wood                            ,R,house,36.0,exact_name_candidate,AL_2017-2017_Regular_Session_JSON_20170519_a6e8167b88b79bd5122564de30d42fb2.zip
2017,3430,Randy Wood,R,Rep,HD-036,2022.0,5.0,ALPERSON-RANDY-WOOD,AL-2022-house-36-R-RANDY-WOOD,Randy Wood                            ,R,house,36.0,exact_name_candidate,AL_2017-2017_Regular_Session_JSON_20170519_a6e8167b88b79bd5122564de30d42fb2.zip
2017,3432,Steve Clouse,R,Rep,HD-093,2018.0,1.0,ALPERSON-STEVE-CLOUSE,AL-2018-house-93-R-STEVE-CLOUSE,Steve Clouse                          ,R,house,93.0,exact_name_candidate,AL_2017-2017_Regular_Session_JSON_20170519_a6e8167b88b79bd5122564de30d42fb2.zip
2017,3432,Steve Clouse,R,Rep,HD-093,2022.0,5.0,ALPERSON-STEVE-CLOUSE,AL-2022-house-93-R-STEVE-CLOUSE,Steve Clouse                          ,R,house,93.0,exact_name_candidate,AL_2017-2017_Regular_Session_JSON_20170519_a6e8167b88b79bd5122564de30d42fb2.zip
2017,3435,Howard Sanderford,R,Rep,HD-020,2018.0,1.0,ALPERSON-HOWARD-SANDERFORD,AL-2018-house-20-R-HOWARD-SANDERFORD,Howard Sanderford                     ,R,house,20.0,exact_name_candidate,AL_2017-2017_Regular_Session_JSON_20170519_a6e8167b88b79bd5122564de30d42fb2.zip
2017,3445,Allen Treadaway,R,Rep,HD-051,2018.0,1.0,ALPERSON-ALLEN-TREADAWAY,AL-2018-house-51-R-ALLEN-TREADAWAY,Allen Treadaway                       ,R,house,51.0,exact_name_candidate,AL_2017-2017_Regular_Session_JSON_20170519_a6e8167b88b79bd5122564de30d42fb2.zip
2017,3445,Allen Treadaway,R,Rep,HD-051,2022.0,5.0,ALPERSON-ALLEN-TREADAWAY,AL-2022-house-51-R-ALLEN-TREADAWAY,Allen Treadaway                       ,R,house,51.0,exact_name_candidate,AL_2017-2017_Regular_Session_JSON_20170519_a6e8167b88b79bd5122564de30d42fb2.zip
2017,3449,Ronald Johnson,R,Rep,HD-033,,,,,,,,,unmatched_or_out_of_window,AL_2017-2017_Regular_Session_JSON_20170519_a6e8167b88b79bd5122564de30d42fb2.zip
2017,3450,Alan Boothe,R,Rep,HD-089,,,,,,,,,unmatched_or_out_of_window,AL_2017-2017_Regular_Session_JSON_20170519_a6e8167b88b79bd5122564de30d42fb2.zip
2017,3454,John Rogers,D,Rep,HD-052,,,,,,,,,unmatched_or_out_of_window,AL_2017-2017_Regular_Session_JSON_20170519_a6e8167b88b79bd5122564de30d42fb2.zip
2017,3455,Elaine Beech,D,Rep,HD-065,2018.0,1.0,ALPERSON-ELAINE-BEECH,AL-2018-house-65-D-ELAINE-BEECH,Elaine Beech                          ,D,house,65.0,exact_name_candidate,AL_2017-2017_Regular_Session_JSON_20170519_a6e8167b88b79bd5122564de30d42fb2.zip
2017,3456,Roderick Scott,D,Rep,HD-055,,,,,,,,,unmatched_or_out_of_window,AL_2017-2017_Regular_Session_JSON_20170519_a6e8167b88b79bd5122564de30d42fb2.zip
2017,3458,George Bandy,D,Rep,HD-083,,,,,,,,,unmatched_or_out_of_window,AL_2017-2017_Regular_Session_JSON_20170519_a6e8167b88b79bd5122564de30d42fb2.zip
2017,3459,K.L. Brown,R,Rep,HD-040,,,,,,,,,unmatched_or_out_of_window,AL_2017-2017_Regular_Session_JSON_20170519_a6e8167b88b79bd5122564de30d42fb2.zip
2017,3461,J.T. Waggoner,R,Sen,SD-016,,,,,,,,,unmatched_or_out_of_window,AL_2017-2017_Regular_Session_JSON_20170519_a6e8167b88b79bd5122564de30d42fb2.zip
2017,3462,Del Marsh,R,Sen,SD-012,2018.0,1.0,ALPERSON-DEL-MARSH,AL-2018-senate-12-R-DEL-MARSH,Del Marsh                             ,R,senate,12.0,exact_name_candidate,AL_2017-2017_Regular_Session_JSON_20170519_a6e8167b88b79bd5122564de30d42fb2.zip
2017,3465,Rodger Smitherman,D,Sen,SD-018,,,,,,,,,unmatched_or_out_of_window,AL_2017-2017_Regular_Session_JSON_20170519_a6e8167b88b79bd5122564de30d42fb2.zip
2017,3467,Paul Sanford,R,Sen,SD-007,,,,,,,,,unmatched_or_out_of_window,AL_2017-2017_Regular_Session_JSON_20170519_a6e8167b88b79bd5122564de30d42fb2.zip
2017,3472,Quinton Ross,D,Sen,SD-026,,,,,,,,,unmatched_or_out_of_window,AL_2017-2017_Regular_Session_JSON_20170519_a6e8167b88b79bd5122564de30d42fb2.zip
2017,3479,Linda Coleman-Madison,D,Sen,SD-020,2018.0,1.0,ALPERSON-LINDA-COLEMAN-MADISON,AL-2018-senate-20-D-LINDA-COLEMAN-MADISON,Linda Coleman-Madison                 ,D,senate,20.0,exact_name_candidate,AL_2017-2017_Regular_Session_JSON_20170519_a6e8167b88b79bd5122564de30d42fb2.zip
2017,3479,Linda Coleman-Madison,D,Sen,SD-020,2022.0,5.0,ALPERSON-LINDA-COLEMAN-MADISON,AL-2022-senate-20-D-LINDA-COLEMAN-MADISON,Linda Coleman-Madison                 ,D,senate,20.0,exact_name_candidate,AL_2017-2017_Regular_Session_JSON_20170519_a6e8167b88b79bd5122564de30d42fb2.zip
2017,3480,Priscilla Dunn,D,Sen,SD-019,2018.0,1.0,ALPERSON-PRISCILLA-DUNN,AL-2018-senate-19-D-PRISCILLA-DUNN,Priscilla Dunn                        ,D,senate,19.0,exact_name_candidate,AL_2017-2017_Regular_Session_JSON_20170519_a6e8167b88b79bd5122564de30d42fb2.zip
2017,3481,Arthur Orr,R,Sen,SD-003,2018.0,1.0,ALPERSON-ARTHUR-ORR,AL-2018-senate-3-R-ARTHUR-ORR,Arthur Orr                            ,R,senate,3.0,exact_name_candidate,AL_2017-2017_Regular_Session_JSON_20170519_a6e8167b88b79bd5122564de30d42fb2.zip
2017,3481,Arthur Orr,R,Sen,SD-003,2022.0,5.0,ALPERSON-ARTHUR-ORR,AL-2022-senate-3-R-ARTHUR-ORR,Arthur Orr                            ,R,senate,3.0,exact_name_candidate,AL_2017-2017_Regular_Session_JSON_20170519_a6e8167b88b79bd5122564de30d42fb2.zip
2017,3482,Bobby Singleton,D,Sen,SD-024,2018.0,1.0,ALPERSON-BOBBY-SINGLETON,AL-2018-senate-24-D-BOBBY-SINGLETON,Bobby Singleton                       ,D,senate,24.0,exact_name_candidate,AL_2017-2017_Regular_Session_JSON_20170519_a6e8167b88b79bd5122564de30d42fb2.zip
2017,3482,Bobby Singleton,D,Sen,SD-024,2022.0,5.0,ALPERSON-BOBBY-SINGLETON,AL-2022-senate-24-D-BOBBY-SINGLETON,Bobby Singleton                       ,D,senate,24.0,exact_name_candidate,AL_2017-2017_Regular_Session_JSON_20170519_a6e8167b88b79bd5122564de30d42fb2.zip
2017,3490,Vivian Figures,D,Sen,SD-033,,,,,,,,,unmatched_or_out_of_window,AL_2017-2017_Regular_Session_JSON_20170519_a6e8167b88b79bd5122564de30d42fb2.zip
2017,3491,Jimmy Holley,R,Sen,SD-031,,,,,,,,,unmatched_or_out_of_window,AL_2017-2017_Regular_Session_JSON_20170519_a6e8167b88b79bd5122564de30d42fb2.zip
2017,3493,Harri Smith,I,Sen,SD-029,,,,,,,,,unmatched_or_out_of_window,AL_2017-2017_Regular_Session_JSON_20170519_a6e8167b88b79bd5122564de30d42fb2.zip
2018,12485,Kerry Rich,R,Rep,HD-026,2018.0,0.0,ALPERSON-KERRY-RICH,AL-2018-house-26-R-KERRY-RICH,Kerry Rich                            ,R,house,26.0,exact_name_candidate,AL_2018-2018_Regular_Session_JSON_20180329_d0d7e3346110d0a0729590eab6a018f3.zip
2018,12486,Terri Collins,R,Rep,HD-008,2018.0,0.0,ALPERSON-TERRI-COLLINS,AL-2018-house-8-R-TERRI-COLLINS,Terri Collins                         ,R,house,8.0,exact_name_candidate,AL_2018-2018_Regular_Session_JSON_20180329_d0d7e3346110d0a0729590eab6a018f3.zip
2018,12486,Terri Collins,R,Rep,HD-008,2022.0,4.0,ALPERSON-TERRI-COLLINS,AL-2022-house-8-R-TERRI-COLLINS,Terri Collins                         ,R,house,8.0,exact_name_candidate,AL_2018-2018_Regular_Session_JSON_20180329_d0d7e3346110d0a0729590eab6a018f3.zip
2018,12488,Lynn Greer,R,Rep,HD-002,2018.0,0.0,ALPERSON-LYNN-GREER,AL-2018-house-2-R-LYNN-GREER,Lynn Greer                            ,R,house,2.0,exact_name_candidate,AL_2018-2018_Regular_Session_JSON_20180329_d0d7e3346110d0a0729590eab6a018f3.zip
2018,12495,Dick Brewbaker,R,Sen,SD-025,,,,,,,,,unmatched_or_out_of_window,AL_2018-2018_Regular_Session_JSON_20180329_d0d7e3346110d0a0729590eab6a018f3.zip
2018,12498,Phillip Williams,R,Sen,SD-010,,,,,,,,,unmatched_or_out_of_window,AL_2018-2018_Regular_Session_JSON_20180329_d0d7e3346110d0a0729590eab6a018f3.zip
2018,12499,Clay Scofield,R,Sen,SD-009,2018.0,0.0,ALPERSON-CLAY-SCOFIELD,AL-2018-senate-9-R-CLAY-SCOFIELD,Clay Scofield                         ,R,senate,9.0,exact_name_candidate,AL_2018-2018_Regular_Session_JSON_20180329_d0d7e3346110d0a0729590eab6a018f3.zip
2018,12499,Clay Scofield,R,Sen,SD-009,2022.0,4.0,ALPERSON-CLAY-SCOFIELD,AL-2022-senate-9-R-CLAY-SCOFIELD,Clay Scofield                         ,R,senate,9.0,exact_name_candidate,AL_2018-2018_Regular_Session_JSON_20180329_d0d7e3346110d0a0729590eab6a018f3.zip
2018,12500,April Weaver,R,Rep,HD-049,2018.0,0.0,ALPERSON-APRIL-WEAVER,AL-2018-house-49-R-APRIL-WEAVER,April Weaver                          ,R,house,49.0,exact_name_candidate,AL_2018-2018_Regular_Session_JSON_20180329_d0d7e3346110d0a0729590eab6a018f3.zip
2018,12500,April Weaver,R,Rep,HD-049,2022.0,4.0,ALPERSON-APRIL-WEAVER,AL-2022-senate-14-R-APRIL-WEAVER,April Weaver                          ,R,senate,14.0,exact_name_candidate,AL_2018-2018_Regular_Session_JSON_20180329_d0d7e3346110d0a0729590eab6a018f3.zip
2018,12506,Becky Nordgren,R,Rep,HD-029,2018.0,0.0,ALPERSON-BECKY-NORDGREN,AL-2018-house-29-R-BECKY-NORDGREN,Becky Nordgren                        ,R,house,29.0,exact_name_candidate,AL_2018-2018_Regular_Session_JSON_20180329_d0d7e3346110d0a0729590eab6a018f3.zip
2018,12509,Donnie Chesteen,R,Rep,SD-029,2018.0,0.0,ALPERSON-DONNIE-CHESTEEN,AL-2018-senate-29-R-DONNIE-CHESTEEN,Donnie Chesteen                       ,R,senate,29.0,exact_name_candidate,AL_2018-2018_Regular_Session_JSON_20180329_d0d7e3346110d0a0729590eab6a018f3.zip
2018,12509,Donnie Chesteen,R,Rep,SD-029,2022.0,4.0,ALPERSON-DONNIE-CHESTEEN,AL-2022-senate-29-R-DONNIE-CHESTEEN,Donnie Chesteen                       ,R,senate,29.0,exact_name_candidate,AL_2018-2018_Regular_Session_JSON_20180329_d0d7e3346110d0a0729590eab6a018f3.zip
2018,12521,Thomas Whatley,R,Sen,SD-027,,,,,,,,,unmatched_or_out_of_window,AL_2018-2018_Regular_Session_JSON_20180329_d0d7e3346110d0a0729590eab6a018f3.zip
2018,12525,Mike Jones,R,Rep,HD-092,2018.0,0.0,ALPERSON-MIKE-JONES-JR,AL-2018-house-92-R-MIKE-JONES-JR,"Mike Jones, Jr.                       ",R,house,92.0,exact_name_candidate,AL_2018-2018_Regular_Session_JSON_20180329_d0d7e3346110d0a0729590eab6a018f3.zip
2018,12530,William Poole,R,Rep,HD-063,,,,,,,,,unmatched_or_out_of_window,AL_2018-2018_Regular_Session_JSON_20180329_d0d7e3346110d0a0729590eab6a018f3.zip
2018,12542,Napoleon Bracy,D,Rep,HD-098,2018.0,0.0,ALPERSON-NAPOLEON-BRACY-JR,AL-2018-house-98-D-NAPOLEON-BRACY-JR,"Napoleon Bracy, Jr.                   ",D,house,98.0,exact_name_candidate,AL_2018-2018_Regular_Session_JSON_20180329_d0d7e3346110d0a0729590eab6a018f3.zip
2018,12542,Napoleon Bracy,D,Rep,HD-098,2022.0,4.0,ALPERSON-NAPOLEON-BRACY-JR,AL-2022-house-98-D-NAPOLEON-BRACY-JR,"Napoleon Bracy, Jr.                   ",D,house,98.0,exact_name_candidate,AL_2018-2018_Regular_Session_JSON_20180329_d0d7e3346110d0a0729590eab6a018f3.zip
2018,12543,Berry Forte,D,Rep,HD-084,2018.0,0.0,ALPERSON-BERRY-FORTE,AL-2018-house-84-D-BERRY-FORTE,Berry Forte                           ,D,house,84.0,exact_name_candidate,AL_2018-2018_Regular_Session_JSON_20180329_d0d7e3346110d0a0729590eab6a018f3.zip
2018,12543,Berry Forte,D,Rep,HD-084,2022.0,4.0,ALPERSON-BERRY-FORTE,AL-2022-house-84-D-BERRY-FORTE,Berry Forte                           ,D,house,84.0,exact_name_candidate,AL_2018-2018_Regular_Session_JSON_20180329_d0d7e3346110d0a0729590eab6a018f3.zip
2018,12545,Mark Tuggle,R,Rep,HD-081,,,,,,,,,unmatched_or_out_of_window,AL_2018-2018_Regular_Session_JSON_20180329_d0d7e3346110d0a0729590eab6a018f3.zip
2018,12548,Allen Farley,R,Rep,HD-015,2018.0,0.0,ALPERSON-ALLEN-FARLEY,AL-2018-house-15-R-ALLEN-FARLEY,Allen Farley                          ,R,house,15.0,exact_name_candidate,AL_2018-2018_Regular_Session_JSON_20180329_d0d7e3346110d0a0729590eab6a018f3.zip
2018,12549,Dexter Grimsley,D,Rep,HD-085,2018.0,0.0,ALPERSON-DEXTER-GRIMSLEY,AL-2018-house-85-D-DEXTER-GRIMSLEY,Dexter Grimsley                       ,D,house,85.0,exact_name_candidate,AL_2018-2018_Regular_Session_JSON_20180329_d0d7e3346110d0a0729590eab6a018f3.zip
2018,12549,Dexter Grimsley,D,Rep,HD-085,2022.0,4.0,ALPERSON-DEXTER-GRIMSLEY,AL-2022-house-85-D-DEXTER-GRIMSLEY,Dexter Grimsley                       ,D,house,85.0,exact_name_candidate,AL_2018-2018_Regular_Session_JSON_20180329_d0d7e3346110d0a0729590eab6a018f3.zip
2018,12550,Juandalynn Givan,D,Rep,HD-060,2018.0,0.0,ALPERSON-JUANDALYNN-GIVAN,AL-2018-house-60-D-JUANDALYNN-GIVAN,Juandalynn Givan                      ,D,house,60.0,exact_name_candidate,AL_2018-2018_Regular_Session_JSON_20180329_d0d7e3346110d0a0729590eab6a018f3.zip
2018,12550,Juandalynn Givan,D,Rep,HD-060,2022.0,4.0,ALPERSON-JUANDALYNN-GIVAN,AL-2022-house-60-D-JUANDALYNN-GIVAN,Juandalynn Givan                      ,D,house,60.0,exact_name_candidate,AL_2018-2018_Regular_Session_JSON_20180329_d0d7e3346110d0a0729590eab6a018f3.zip
2018,13150,David Sessions,R,Rep,SD-035,2018.0,0.0,ALPERSON-DAVID-SESSIONS,AL-2018-senate-35-R-DAVID-SESSIONS,David Sessions                        ,R,senate,35.0,exact_name_candidate,AL_2018-2018_Regular_Session_JSON_20180329_d0d7e3346110d0a0729590eab6a018f3.zip
2018,13150,David Sessions,R,Rep,SD-035,2022.0,4.0,ALPERSON-DAVID-SESSIONS,AL-2022-senate-35-R-DAVID-SESSIONS,David Sessions                        ,R,senate,35.0,exact_name_candidate,AL_2018-2018_Regular_Session_JSON_20180329_d0d7e3346110d0a0729590eab6a018f3.zip
2018,13766,Jim Carns,R,Rep,HD-048,2018.0,0.0,ALPERSON-JIM-CARNS,AL-2018-house-48-R-JIM-CARNS,Jim Carns                             ,R,house,48.0,exact_name_candidate,AL_2018-2018_Regular_Session_JSON_20180329_d0d7e3346110d0a0729590eab6a018f3.zip
2018,13766,Jim Carns,R,Rep,HD-048,2022.0,4.0,ALPERSON-JIM-CARNS,AL-2022-house-48-R-JIM-CARNS,Jim Carns                             ,R,house,48.0,exact_name_candidate,AL_2018-2018_Regular_Session_JSON_20180329_d0d7e3346110d0a0729590eab6a018f3.zip
2018,15745,David Standridge,R,Rep,HD-034,2018.0,0.0,ALPERSON-DAVID-STANDRIDGE,AL-2018-house-34-R-DAVID-STANDRIDGE,David Standridge                      ,R,house,34.0,exact_name_candidate,AL_2018-2018_Regular_Session_JSON_20180329_d0d7e3346110d0a0729590eab6a018f3.zip
2018,15745,David Standridge,R,Rep,HD-034,2022.0,4.0,ALPERSON-DAVID-STANDRIDGE,AL-2022-house-34-R-DAVID-STANDRIDGE,David Standridge                      ,R,house,34.0,exact_name_candidate,AL_2018-2018_Regular_Session_JSON_20180329_d0d7e3346110d0a0729590eab6a018f3.zip
2018,15746,Mack Butler,R,Rep,HD-030,,,,,,,,,unmatched_or_out_of_window,AL_2018-2018_Regular_Session_JSON_20180329_d0d7e3346110d0a0729590eab6a018f3.zip
2018,16021,Randall Shedd,R,Rep,HD-011,2018.0,0.0,ALPERSON-RANDALL-SHEDD,AL-2018-house-11-R-RANDALL-SHEDD,Randall Shedd                         ,R,house,11.0,exact_name_candidate,AL_2018-2018_Regular_Session_JSON_20180329_d0d7e3346110d0a0729590eab6a018f3.zip
2018,16021,Randall Shedd,R,Rep,HD-011,2022.0,4.0,ALPERSON-RANDALL-SHEDD,AL-2022-house-11-R-RANDALL-SHEDD,Randall Shedd                         ,R,house,11.0,exact_name_candidate,AL_2018-2018_Regular_Session_JSON_20180329_d0d7e3346110d0a0729590eab6a018f3.zip
2018,16069,Dimitri Polizos,R,Rep,HD-074,2018.0,0.0,ALPERSON-DIMITRI-POLIZOS,AL-2018-house-74-R-DIMITRI-POLIZOS,Dimitri Polizos                       ,R,house,74.0,exact_name_candidate,AL_2018-2018_Regular_Session_JSON_20180329_d0d7e3346110d0a0729590eab6a018f3.zip
2018,16140,Adline Clarke,D,Rep,HD-097,2022.0,4.0,ALPERSON-ADLINE-CLARKE,AL-2022-house-97-D-ADLINE-CLARKE,Adline Clarke                         ,D,house,97.0,exact_name_candidate,AL_2018-2018_Regular_Session_JSON_20180329_d0d7e3346110d0a0729590eab6a018f3.zip
2018,16211,Mike Holmes,R,Rep,HD-031,2018.0,0.0,ALPERSON-MIKE-HOLMES,AL-2018-house-31-R-MIKE-HOLMES,Mike Holmes                           ,R,house,31.0,exact_name_candidate,AL_2018-2018_Regular_Session_JSON_20180329_d0d7e3346110d0a0729590eab6a018f3.zip
2018,16212,Margie Wilcox,R,Rep,HD-104,2018.0,0.0,ALPERSON-MARGIE-WILCOX,AL-2018-house-104-R-MARGIE-WILCOX,Margie Wilcox                         ,R,house,104.0,exact_name_candidate,AL_2018-2018_Regular_Session_JSON_20180329_d0d7e3346110d0a0729590eab6a018f3.zip
2018,16212,Margie Wilcox,R,Rep,HD-104,2022.0,4.0,ALPERSON-MARGIE-WILCOX,AL-2022-house-104-R-MARGIE-WILCOX,Margie Wilcox                         ,R,house,104.0,exact_name_candidate,AL_2018-2018_Regular_Session_JSON_20180329_d0d7e3346110d0a0729590eab6a018f3.zip
2018,16871,Greg Albritton,R,Sen,SD-022,2018.0,0.0,ALPERSON-GREG-ALBRITTON,AL-2018-senate-22-R-GREG-ALBRITTON,Greg Albritton                        ,R,senate,22.0,exact_name_candidate,AL_2018-2018_Regular_Session_JSON_20180329_d0d7e3346110d0a0729590eab6a018f3.zip
2018,16871,Greg Albritton,R,Sen,SD-022,2022.0,4.0,ALPERSON-GREG-ALBRITTON,AL-2022-senate-22-R-GREG-ALBRITTON,Greg Albritton                        ,R,senate,22.0,exact_name_candidate,AL_2018-2018_Regular_Session_JSON_20180329_d0d7e3346110d0a0729590eab6a018f3.zip
2018,16872,Clyde Chambliss,R,Sen,SD-030,2018.0,0.0,ALPERSON-CLYDE-CHAMBLISS-JR,AL-2018-senate-30-R-CLYDE-CHAMBLISS-JR,"Clyde Chambliss, Jr.                  ",R,senate,30.0,exact_name_candidate,AL_2018-2018_Regular_Session_JSON_20180329_d0d7e3346110d0a0729590eab6a018f3.zip
2018,16872,Clyde Chambliss,R,Sen,SD-030,2022.0,4.0,ALPERSON-CLYDE-CHAMBLISS-JR,AL-2022-senate-30-R-CLYDE-CHAMBLISS-JR,"Clyde Chambliss, Jr.                  ",R,senate,30.0,exact_name_candidate,AL_2018-2018_Regular_Session_JSON_20180329_d0d7e3346110d0a0729590eab6a018f3.zip
2018,16873,Steve Livingston,R,Sen,SD-008,2018.0,0.0,ALPERSON-STEVE-LIVINGSTON,AL-2018-senate-8-R-STEVE-LIVINGSTON,Steve Livingston                      ,R,senate,8.0,exact_name_candidate,AL_2018-2018_Regular_Session_JSON_20180329_d0d7e3346110d0a0729590eab6a018f3.zip
2018,16873,Steve Livingston,R,Sen,SD-008,2022.0,4.0,ALPERSON-STEVE-LIVINGSTON,AL-2022-senate-8-R-STEVE-LIVINGSTON,Steve Livingston                      ,R,senate,8.0,exact_name_candidate,AL_2018-2018_Regular_Session_JSON_20180329_d0d7e3346110d0a0729590eab6a018f3.zip
2018,16874,Shay Shelnutt,R,Sen,SD-017,2018.0,0.0,ALPERSON-SHAY-SHELNUTT,AL-2018-senate-17-R-SHAY-SHELNUTT,Shay Shelnutt                         ,R,senate,17.0,exact_name_candidate,AL_2018-2018_Regular_Session_JSON_20180329_d0d7e3346110d0a0729590eab6a018f3.zip
2018,16874,Shay Shelnutt,R,Sen,SD-017,2022.0,4.0,ALPERSON-SHAY-SHELNUTT,AL-2022-senate-17-R-SHAY-SHELNUTT,Shay Shelnutt                         ,R,senate,17.0,exact_name_candidate,AL_2018-2018_Regular_Session_JSON_20180329_d0d7e3346110d0a0729590eab6a018f3.zip
2018,16875,Tim Melson,R,Sen,SD-001,2018.0,0.0,ALPERSON-TIM-MELSON,AL-2018-senate-1-R-TIM-MELSON,Tim Melson                            ,R,senate,1.0,exact_name_candidate,AL_2018-2018_Regular_Session_JSON_20180329_d0d7e3346110d0a0729590eab6a018f3.zip
2018,16875,Tim Melson,R,Sen,SD-001,2022.0,4.0,ALPERSON-TIM-MELSON,AL-2022-senate-1-R-TIM-MELSON,Tim Melson                            ,R,senate,1.0,exact_name_candidate,AL_2018-2018_Regular_Session_JSON_20180329_d0d7e3346110d0a0729590eab6a018f3.zip
2018,16876,Larry Stutts,R,Sen,SD-006,2018.0,0.0,ALPERSON-LARRY-STUTTS,AL-2018-senate-6-R-LARRY-STUTTS,Larry Stutts                          ,R,senate,6.0,exact_name_candidate,AL_2018-2018_Regular_Session_JSON_20180329_d0d7e3346110d0a0729590eab6a018f3.zip
2018,16876,Larry Stutts,R,Sen,SD-006,2022.0,4.0,ALPERSON-LARRY-STUTTS,AL-2022-senate-6-R-LARRY-STUTTS,Larry Stutts                          ,R,senate,6.0,exact_name_candidate,AL_2018-2018_Regular_Session_JSON_20180329_d0d7e3346110d0a0729590eab6a018f3.zip
2018,17025,Corey Harbison,R,Rep,HD-012,2018.0,0.0,ALPERSON-COREY-HARBISON,AL-2018-house-12-R-COREY-HARBISON,Corey Harbison                        ,R,house,12.0,exact_name_candidate,AL_2018-2018_Regular_Session_JSON_20180329_d0d7e3346110d0a0729590eab6a018f3.zip
2018,17025,Corey Harbison,R,Rep,HD-012,2022.0,4.0,ALPERSON-COREY-HARBISON,AL-2022-house-12-R-COREY-HARBISON,Corey Harbison                        ,R,house,12.0,exact_name_candidate,AL_2018-2018_Regular_Session_JSON_20180329_d0d7e3346110d0a0729590eab6a018f3.zip
2018,17026,Phillip Pettus,R,Rep,HD-001,2018.0,0.0,ALPERSON-PHILLIP-PETTUS,AL-2018-house-1-R-PHILLIP-PETTUS,Phillip Pettus                        ,R,house,1.0,exact_name_candidate,AL_2018-2018_Regular_Session_JSON_20180329_d0d7e3346110d0a0729590eab6a018f3.zip
2018,17026,Phillip Pettus,R,Rep,HD-001,2022.0,4.0,ALPERSON-PHILLIP-PETTUS,AL-2022-house-1-R-PHILLIP-PETTUS,Phillip Pettus                        ,R,house,1.0,exact_name_candidate,AL_2018-2018_Regular_Session_JSON_20180329_d0d7e3346110d0a0729590eab6a018f3.zip
2018,17027,Ritchie Whorton,R,Rep,HD-022,2018.0,0.0,ALPERSON-RITCHIE-WHORTON,AL-2018-house-22-R-RITCHIE-WHORTON,Ritchie Whorton                       ,R,house,22.0,exact_name_candidate,AL_2018-2018_Regular_Session_JSON_20180329_d0d7e3346110d0a0729590eab6a018f3.zip
2018,17027,Ritchie Whorton,R,Rep,HD-022,2022.0,4.0,ALPERSON-RITCHIE-WHORTON,AL-2022-house-22-R-RITCHIE-WHORTON,Ritchie Whorton                       ,R,house,22.0,exact_name_candidate,AL_2018-2018_Regular_Session_JSON_20180329_d0d7e3346110d0a0729590eab6a018f3.zip
2018,17028,Connie Rowe,R,Rep,HD-013,,,,,,,,,unmatched_or_out_of_window,AL_2018-2018_Regular_Session_JSON_20180329_d0d7e3346110d0a0729590eab6a018f3.zip
2018,17589,David Faulkner,R,Rep,HD-046,2018.0,0.0,ALPERSON-DAVID-FAULKNER,AL-2018-house-46-R-DAVID-FAULKNER,David Faulkner                        ,R,house,46.0,exact_name_candidate,AL_2018-2018_Regular_Session_JSON_20180329_d0d7e3346110d0a0729590eab6a018f3.zip
2018,17589,David Faulkner,R,Rep,HD-046,2022.0,4.0,ALPERSON-DAVID-FAULKNER,AL-2022-house-46-R-DAVID-FAULKNER,David Faulkner                        ,R,house,46.0,exact_name_candidate,AL_2018-2018_Regular_Session_JSON_20180329_d0d7e3346110d0a0729590eab6a018f3.zip
2018,17590,Matt Fridy,R,Rep,HD-073,2018.0,0.0,ALPERSON-MATT-FRIDY,AL-2018-house-73-R-MATT-FRIDY,Matt Fridy                            ,R,house,73.0,exact_name_candidate,AL_2018-2018_Regular_Session_JSON_20180329_d0d7e3346110d0a0729590eab6a018f3.zip
2018,17591,Danny Garrett,R,Rep,HD-044,2018.0,0.0,ALPERSON-DANNY-GARRETT,AL-2018-house-44-R-DANNY-GARRETT,Danny Garrett                         ,R,house,44.0,exact_name_candidate,AL_2018-2018_Regular_Session_JSON_20180329_d0d7e3346110d0a0729590eab6a018f3.zip
2018,17591,Danny Garrett,R,Rep,HD-044,2022.0,4.0,ALPERSON-DANNY-GARRETT,AL-2022-house-44-R-DANNY-GARRETT,Danny Garrett                         ,R,house,44.0,exact_name_candidate,AL_2018-2018_Regular_Session_JSON_20180329_d0d7e3346110d0a0729590eab6a018f3.zip
2018,17592,James Hanes,R,Rep,HD-023,,,,,,,,,unmatched_or_out_of_window,AL_2018-2018_Regular_Session_JSON_20180329_d0d7e3346110d0a0729590eab6a018f3.zip
2018,17593,Jim Hill,R,Rep,HD-050,2018.0,0.0,ALPERSON-JIM-HILL,AL-2018-house-50-R-JIM-HILL,Jim Hill                              ,R,house,50.0,exact_name_candidate,AL_2018-2018_Regular_Session_JSON_20180329_d0d7e3346110d0a0729590eab6a018f3.zip
2018,17593,Jim Hill,R,Rep,HD-050,2022.0,4.0,ALPERSON-JIM-HILL,AL-2022-house-50-R-JIM-HILL,Jim Hill                              ,R,house,50.0,exact_name_candidate,AL_2018-2018_Regular_Session_JSON_20180329_d0d7e3346110d0a0729590eab6a018f3.zip
2018,17594,Reed Ingram,R,Rep,HD-075,2018.0,0.0,ALPERSON-REED-INGRAM,AL-2018-house-75-R-REED-INGRAM,Reed Ingram                           ,R,house,75.0,exact_name_candidate,AL_2018-2018_Regular_Session_JSON_20180329_d0d7e3346110d0a0729590eab6a018f3.zip
2018,17594,Reed Ingram,R,Rep,HD-075,2022.0,4.0,ALPERSON-REED-INGRAM,AL-2022-house-75-R-REED-INGRAM,Reed Ingram                           ,R,house,75.0,exact_name_candidate,AL_2018-2018_Regular_Session_JSON_20180329_d0d7e3346110d0a0729590eab6a018f3.zip
2018,17595,Nathaniel Ledbetter,R,Rep,HD-024,2018.0,0.0,ALPERSON-NATHANIEL-LEDBETTER,AL-2018-house-24-R-NATHANIEL-LEDBETTER,Nathaniel Ledbetter                   ,R,house,24.0,exact_name_candidate,AL_2018-2018_Regular_Session_JSON_20180329_d0d7e3346110d0a0729590eab6a018f3.zip
2018,17595,Nathaniel Ledbetter,R,Rep,HD-024,2022.0,4.0,ALPERSON-NATHANIEL-LEDBETTER,AL-2022-house-24-R-NATHANIEL-LEDBETTER,Nathaniel Ledbetter                   ,R,house,24.0,exact_name_candidate,AL_2018-2018_Regular_Session_JSON_20180329_d0d7e3346110d0a0729590eab6a018f3.zip
2018,17596,Chris Sells,R,Rep,HD-090,2018.0,0.0,ALPERSON-CHRIS-SELLS,AL-2018-house-90-R-CHRIS-SELLS,Chris Sells                           ,R,house,90.0,exact_name_candidate,AL_2018-2018_Regular_Session_JSON_20180329_d0d7e3346110d0a0729590eab6a018f3.zip
2018,17596,Chris Sells,R,Rep,HD-090,2022.0,4.0,ALPERSON-CHRIS-SELLS,AL-2022-house-90-R-CHRIS-SELLS,Chris Sells                           ,R,house,90.0,exact_name_candidate,AL_2018-2018_Regular_Session_JSON_20180329_d0d7e3346110d0a0729590eab6a018f3.zip
2018,17597,Kyle South,R,Rep,HD-016,2018.0,0.0,ALPERSON-KYLE-SOUTH,AL-2018-house-16-R-KYLE-SOUTH,Kyle South                            ,R,house,16.0,exact_name_candidate,AL_2018-2018_Regular_Session_JSON_20180329_d0d7e3346110d0a0729590eab6a018f3.zip
2018,17597,Kyle South,R,Rep,HD-016,2022.0,4.0,ALPERSON-KYLE-SOUTH,AL-2022-house-16-R-KYLE-SOUTH,Kyle South                            ,R,house,16.0,exact_name_candidate,AL_2018-2018_Regular_Session_JSON_20180329_d0d7e3346110d0a0729590eab6a018f3.zip
2018,17598,Jack Williams,R,Rep,SD-034,2018.0,0.0,ALPERSON-JACK-WILLIAMS,AL-2018-senate-34-R-JACK-WILLIAMS,Jack Williams                         ,R,senate,34.0,exact_name_candidate,AL_2018-2018_Regular_Session_JSON_20180329_d0d7e3346110d0a0729590eab6a018f3.zip
2018,17598,Jack Williams,R,Rep,SD-034,2022.0,4.0,ALPERSON-JACK-WILLIAMS,AL-2022-senate-34-R-JACK-WILLIAMS,Jack Williams                         ,R,senate,34.0,exact_name_candidate,AL_2018-2018_Regular_Session_JSON_20180329_d0d7e3346110d0a0729590eab6a018f3.zip
2018,17603,Chris Pringle,R,Rep,HD-101,2018.0,0.0,ALPERSON-CHRIS-PRINGLE,AL-2018-house-101-R-CHRIS-PRINGLE,Chris Pringle                         ,R,house,101.0,exact_name_candidate,AL_2018-2018_Regular_Session_JSON_20180329_d0d7e3346110d0a0729590eab6a018f3.zip
2018,17603,Chris Pringle,R,Rep,HD-101,2022.0,4.0,ALPERSON-CHRIS-PRINGLE,AL-2022-house-101-R-CHRIS-PRINGLE,Chris Pringle                         ,R,house,101.0,exact_name_candidate,AL_2018-2018_Regular_Session_JSON_20180329_d0d7e3346110d0a0729590eab6a018f3.zip
2018,17622,Bob Fincher,R,Rep,HD-037,2018.0,0.0,ALPERSON-BOB-FINCHER,AL-2018-house-37-R-BOB-FINCHER,Bob Fincher                           ,R,house,37.0,exact_name_candidate,AL_2018-2018_Regular_Session_JSON_20180329_d0d7e3346110d0a0729590eab6a018f3.zip
2018,17622,Bob Fincher,R,Rep,HD-037,2022.0,4.0,ALPERSON-BOB-FINCHER,AL-2022-house-37-R-BOB-FINCHER,Bob Fincher                           ,R,house,37.0,exact_name_candidate,AL_2018-2018_Regular_Session_JSON_20180329_d0d7e3346110d0a0729590eab6a018f3.zip
2018,17624,Barbara Drummond,D,Rep,HD-103,2018.0,0.0,ALPERSON-BARBARA-DRUMMOND,AL-2018-house-103-D-BARBARA-DRUMMOND,Barbara Drummond                      ,D,house,103.0,exact_name_candidate,AL_2018-2018_Regular_Session_JSON_20180329_d0d7e3346110d0a0729590eab6a018f3.zip
2018,17624,Barbara Drummond,D,Rep,HD-103,2022.0,4.0,ALPERSON-BARBARA-DRUMMOND,AL-2022-house-103-D-BARBARA-DRUMMOND,Barbara Drummond                      ,D,house,103.0,exact_name_candidate,AL_2018-2018_Regular_Session_JSON_20180329_d0d7e3346110d0a0729590eab6a018f3.zip
2018,17625,Kelvin Lawrence,D,Rep,HD-069,,,,,,,,,unmatched_or_out_of_window,AL_2018-2018_Regular_Session_JSON_20180329_d0d7e3346110d0a0729590eab6a018f3.zip
2018,17632,Timothy Wadsworth,R,Rep,HD-014,,,,,,,,,unmatched_or_out_of_window,AL_2018-2018_Regular_Session_JSON_20180329_d0d7e3346110d0a0729590eab6a018f3.zip
2018,17633,Rich Wingo,R,Rep,HD-062,2018.0,0.0,ALPERSON-RICH-WINGO,AL-2018-house-62-R-RICH-WINGO,Rich Wingo                            ,R,house,62.0,exact_name_candidate,AL_2018-2018_Regular_Session_JSON_20180329_d0d7e3346110d0a0729590eab6a018f3.zip
2018,17634,Arnold Mooney,R,Rep,HD-043,2022.0,4.0,ALPERSON-ARNOLD-MOONEY,AL-2022-house-43-R-ARNOLD-MOONEY,Arnold Mooney                         ,R,house,43.0,exact_name_candidate,AL_2018-2018_Regular_Session_JSON_20180329_d0d7e3346110d0a0729590eab6a018f3.zip
2018,17642,Anthony Daniels,D,Rep,HD-053,2018.0,0.0,ALPERSON-ANTHONY-DANIELS,AL-2018-house-53-D-ANTHONY-DANIELS,Anthony Daniels                       ,D,house,53.0,exact_name_candidate,AL_2018-2018_Regular_Session_JSON_20180329_d0d7e3346110d0a0729590eab6a018f3.zip
2018,17642,Anthony Daniels,D,Rep,HD-053,2022.0,4.0,ALPERSON-ANTHONY-DANIELS,AL-2022-house-53-D-ANTHONY-DANIELS,Anthony Daniels                       ,D,house,53.0,exact_name_candidate,AL_2018-2018_Regular_Session_JSON_20180329_d0d7e3346110d0a0729590eab6a018f3.zip
2018,17643,Issac Whorton,R,Rep,HD-038,,,,,,,,,unmatched_or_out_of_window,AL_2018-2018_Regular_Session_JSON_20180329_d0d7e3346110d0a0729590eab6a018f3.zip
2018,17874,Chris Blackshear,R,Rep,HD-080,,,,,,,,,unmatched_or_out_of_window,AL_2018-2018_Regular_Session_JSON_20180329_d0d7e3346110d0a0729590eab6a018f3.zip
2018,17899,Danny Crawford,R,Rep,HD-005,,,,,,,,,unmatched_or_out_of_window,AL_2018-2018_Regular_Session_JSON_20180329_d0d7e3346110d0a0729590eab6a018f3.zip
2018,19256,Corley Ellis,R,Rep,HD-041,2018.0,0.0,ALPERSON-CORLEY-ELLIS,AL-2018-house-41-R-CORLEY-ELLIS,Corley Ellis                          ,R,house,41.0,exact_name_candidate,AL_2018-2018_Regular_Session_JSON_20180329_d0d7e3346110d0a0729590eab6a018f3.zip
2018,19256,Corley Ellis,R,Rep,HD-041,2022.0,4.0,ALPERSON-CORLEY-ELLIS,AL-2022-house-41-R-CORLEY-ELLIS,Corley Ellis                          ,R,house,41.0,exact_name_candidate,AL_2018-2018_Regular_Session_JSON_20180329_d0d7e3346110d0a0729590eab6a018f3.zip
2018,19257,Joe Lovvorn,R,Rep,HD-079,2018.0,0.0,ALPERSON-JOE-LOVVORN,AL-2018-house-79-R-JOE-LOVVORN,Joe Lovvorn                           ,R,house,79.0,exact_name_candidate,AL_2018-2018_Regular_Session_JSON_20180329_d0d7e3346110d0a0729590eab6a018f3.zip
2018,19257,Joe Lovvorn,R,Rep,HD-079,2022.0,4.0,ALPERSON-JOE-LOVVORN,AL-2022-house-79-R-JOE-LOVVORN,Joe Lovvorn                           ,R,house,79.0,exact_name_candidate,AL_2018-2018_Regular_Session_JSON_20180329_d0d7e3346110d0a0729590eab6a018f3.zip
2018,19353,Rolanda Hollis,D,Rep,HD-058,2018.0,0.0,ALPERSON-ROLANDA-HOLLIS,AL-2018-house-58-D-ROLANDA-HOLLIS,Rolanda Hollis                        ,D,house,58.0,exact_name_candidate,AL_2018-2018_Regular_Session_JSON_20180329_d0d7e3346110d0a0729590eab6a018f3.zip
2018,19353,Rolanda Hollis,D,Rep,HD-058,2022.0,4.0,ALPERSON-ROLANDA-HOLLIS,AL-2022-house-58-D-ROLANDA-HOLLIS,Rolanda Hollis                        ,D,house,58.0,exact_name_candidate,AL_2018-2018_Regular_Session_JSON_20180329_d0d7e3346110d0a0729590eab6a018f3.zip
2018,19368,Prince Chestnut,D,Rep,HD-067,2018.0,0.0,ALPERSON-PRINCE-CHESTNUT,AL-2018-house-67-D-PRINCE-CHESTNUT,Prince Chestnut                       ,D,house,67.0,exact_name_candidate,AL_2018-2018_Regular_Session_JSON_20180329_d0d7e3346110d0a0729590eab6a018f3.zip
2018,19368,Prince Chestnut,D,Rep,HD-067,2022.0,4.0,ALPERSON-PRINCE-CHESTNUT,AL-2022-house-67-D-PRINCE-CHESTNUT,Prince Chestnut                       ,D,house,67.0,exact_name_candidate,AL_2018-2018_Regular_Session_JSON_20180329_d0d7e3346110d0a0729590eab6a018f3.zip
2018,19618,Rex Reynolds,R,Rep,HD-021,2018.0,0.0,ALPERSON-REX-REYNOLDS,AL-2018-house-21-R-REX-REYNOLDS,Rex Reynolds                          ,R,house,21.0,exact_name_candidate,AL_2018-2018_Regular_Session_JSON_20180329_d0d7e3346110d0a0729590eab6a018f3.zip
2018,19618,Rex Reynolds,R,Rep,HD-021,2022.0,4.0,ALPERSON-REX-REYNOLDS,AL-2022-house-21-R-REX-REYNOLDS,Rex Reynolds                          ,R,house,21.0,exact_name_candidate,AL_2018-2018_Regular_Session_JSON_20180329_d0d7e3346110d0a0729590eab6a018f3.zip
2018,3357,Laura Hall,D,Rep,HD-019,2018.0,0.0,ALPERSON-LAURA-HALL,AL-2018-house-19-D-LAURA-HALL,Laura Hall                            ,D,house,19.0,exact_name_candidate,AL_2018-2018_Regular_Session_JSON_20180329_d0d7e3346110d0a0729590eab6a018f3.zip
2018,3357,Laura Hall,D,Rep,HD-019,2022.0,4.0,ALPERSON-LAURA-HALL,AL-2022-house-19-D-LAURA-HALL,Laura Hall                            ,D,house,19.0,exact_name_candidate,AL_2018-2018_Regular_Session_JSON_20180329_d0d7e3346110d0a0729590eab6a018f3.zip
2018,3358,Artis McCampbell,D,Rep,HD-071,,,,,,,,,unmatched_or_out_of_window,AL_2018-2018_Regular_Session_JSON_20180329_d0d7e3346110d0a0729590eab6a018f3.zip
2018,3360,Barbara Boyd,D,Rep,HD-032,,,,,,,,,unmatched_or_out_of_window,AL_2018-2018_Regular_Session_JSON_20180329_d0d7e3346110d0a0729590eab6a018f3.zip
2018,3370,Pebblin Warren,D,Rep,HD-082,,,,,,,,,unmatched_or_out_of_window,AL_2018-2018_Regular_Session_JSON_20180329_d0d7e3346110d0a0729590eab6a018f3.zip
2018,3371,Ralph Howard,D,Rep,HD-072,,,,,,,,,unmatched_or_out_of_window,AL_2018-2018_Regular_Session_JSON_20180329_d0d7e3346110d0a0729590eab6a018f3.zip
2018,3372,Thad McClammy,D,Rep,HD-076,2018.0,0.0,ALPERSON-THAD-MCCLAMMY,AL-2018-house-76-D-THAD-MCCLAMMY,Thad McClammy                         ,D,house,76.0,exact_name_candidate,AL_2018-2018_Regular_Session_JSON_20180329_d0d7e3346110d0a0729590eab6a018f3.zip
2018,3374,Christopher England,D,Rep,HD-070,,,,,,,,,unmatched_or_out_of_window,AL_2018-2018_Regular_Session_JSON_20180329_d0d7e3346110d0a0729590eab6a018f3.zip
2018,3382,Thomas Jackson,D,Rep,HD-068,,,,,,,,,unmatched_or_out_of_window,AL_2018-2018_Regular_Session_JSON_20180329_d0d7e3346110d0a0729590eab6a018f3.zip
2018,3386,William Beasley,D,Sen,SD-028,,,,,,,,,unmatched_or_out_of_window,AL_2018-2018_Regular_Session_JSON_20180329_d0d7e3346110d0a0729590eab6a018f3.zip
2018,3387,Stephen Hurst,R,Rep,HD-035,,,,,,,,,unmatched_or_out_of_window,AL_2018-2018_Regular_Session_JSON_20180329_d0d7e3346110d0a0729590eab6a018f3.zip
2018,3388,James Buskey,D,Rep,HD-099,,,,,,,,,unmatched_or_out_of_window,AL_2018-2018_Regular_Session_JSON_20180329_d0d7e3346110d0a0729590eab6a018f3.zip
2018,3389,Mary Moore,D,Rep,HD-059,2018.0,0.0,ALPERSON-MARY-MOORE,AL-2018-house-59-D-MARY-MOORE,Mary Moore                            ,D,house,59.0,exact_name_candidate,AL_2018-2018_Regular_Session_JSON_20180329_d0d7e3346110d0a0729590eab6a018f3.zip
2018,3389,Mary Moore,D,Rep,HD-059,2022.0,4.0,ALPERSON-MARY-MOORE,AL-2022-house-59-D-MARY-MOORE,Mary Moore                            ,D,house,59.0,exact_name_candidate,AL_2018-2018_Regular_Session_JSON_20180329_d0d7e3346110d0a0729590eab6a018f3.zip
2018,3391,Merika Coleman-Evans,D,Rep,HD-057,,,,,,,,,unmatched_or_out_of_window,AL_2018-2018_Regular_Session_JSON_20180329_d0d7e3346110d0a0729590eab6a018f3.zip
2018,3402,Johnny Morrow,D,Rep,HD-018,,,,,,,,,unmatched_or_out_of_window,AL_2018-2018_Regular_Session_JSON_20180329_d0d7e3346110d0a0729590eab6a018f3.zip
2018,3405,Robert Ward,R,Sen,SD-014,,,,,,,,,unmatched_or_out_of_window,AL_2018-2018_Regular_Session_JSON_20180329_d0d7e3346110d0a0729590eab6a018f3.zip
2018,3411,Mac McCutcheon,R,Rep,HD-025,2018.0,0.0,ALPERSON-MAC-MCCUTCHEON,AL-2018-house-25-R-MAC-MCCUTCHEON,Mac McCutcheon                        ,R,house,25.0,exact_name_candidate,AL_2018-2018_Regular_Session_JSON_20180329_d0d7e3346110d0a0729590eab6a018f3.zip
2018,3415,Victor Gaston,R,Rep,HD-100,2018.0,0.0,ALPERSON-VICTOR-GASTON,AL-2018-house-100-R-VICTOR-GASTON,Victor Gaston                         ,R,house,100.0,exact_name_candidate,AL_2018-2018_Regular_Session_JSON_20180329_d0d7e3346110d0a0729590eab6a018f3.zip
2018,3416,Mike Ball,R,Rep,HD-010,2018.0,0.0,ALPERSON-MIKE-BALL,AL-2018-house-10-R-MIKE-BALL,Mike Ball                             ,R,house,10.0,exact_name_candidate,AL_2018-2018_Regular_Session_JSON_20180329_d0d7e3346110d0a0729590eab6a018f3.zip
2018,3418,Jack Williams,R,Rep,HD-047,2018.0,0.0,ALPERSON-JACK-WILLIAMS,AL-2018-senate-34-R-JACK-WILLIAMS,Jack Williams                         ,R,senate,34.0,exact_name_candidate,AL_2018-2018_Regular_Session_JSON_20180329_d0d7e3346110d0a0729590eab6a018f3.zip
2018,3418,Jack Williams,R,Rep,HD-047,2022.0,4.0,ALPERSON-JACK-WILLIAMS,AL-2022-senate-34-R-JACK-WILLIAMS,Jack Williams                         ,R,senate,34.0,exact_name_candidate,AL_2018-2018_Regular_Session_JSON_20180329_d0d7e3346110d0a0729590eab6a018f3.zip
2018,3419,Dickie Drake,R,Rep,HD-045,2018.0,0.0,ALPERSON-DICKIE-DRAKE,AL-2018-house-45-R-DICKIE-DRAKE,Dickie Drake                          ,R,house,45.0,exact_name_candidate,AL_2018-2018_Regular_Session_JSON_20180329_d0d7e3346110d0a0729590eab6a018f3.zip
2018,3420,Gerald Allen,R,Sen,SD-021,2018.0,0.0,ALPERSON-GERALD-ALLEN,AL-2018-senate-21-R-GERALD-ALLEN,Gerald Allen                          ,R,senate,21.0,exact_name_candidate,AL_2018-2018_Regular_Session_JSON_20180329_d0d7e3346110d0a0729590eab6a018f3.zip
2018,3420,Gerald Allen,R,Sen,SD-021,2022.0,4.0,ALPERSON-GERALD-ALLEN,AL-2022-senate-21-R-GERALD-ALLEN,Gerald Allen                          ,R,senate,21.0,exact_name_candidate,AL_2018-2018_Regular_Session_JSON_20180329_d0d7e3346110d0a0729590eab6a018f3.zip
2018,3422,James Martin,R,Rep,HD-042,,,,,,,,,unmatched_or_out_of_window,AL_2018-2018_Regular_Session_JSON_20180329_d0d7e3346110d0a0729590eab6a018f3.zip
2018,3423,Harry Shiver,R,Rep,HD-064,2018.0,0.0,ALPERSON-HARRY-SHIVER,AL-2018-house-64-R-HARRY-SHIVER,Harry Shiver                          ,R,house,64.0,exact_name_candidate,AL_2018-2018_Regular_Session_JSON_20180329_d0d7e3346110d0a0729590eab6a018f3.zip
2018,3424,Joe Faust,R,Rep,HD-094,2018.0,0.0,ALPERSON-JOE-FAUST,AL-2018-house-94-R-JOE-FAUST,Joe Faust                             ,R,house,94.0,exact_name_candidate,AL_2018-2018_Regular_Session_JSON_20180329_d0d7e3346110d0a0729590eab6a018f3.zip
2018,3426,Alan Baker,R,Rep,HD-066,2018.0,0.0,ALPERSON-ALAN-BAKER,AL-2018-house-66-R-ALAN-BAKER,Alan Baker                            ,R,house,66.0,exact_name_candidate,AL_2018-2018_Regular_Session_JSON_20180329_d0d7e3346110d0a0729590eab6a018f3.zip
2018,3426,Alan Baker,R,Rep,HD-066,2022.0,4.0,ALPERSON-ALAN-BAKER,AL-2022-house-66-R-ALAN-BAKER,Alan Baker                            ,R,house,66.0,exact_name_candidate,AL_2018-2018_Regular_Session_JSON_20180329_d0d7e3346110d0a0729590eab6a018f3.zip
2018,3427,Steve McMillan,R,Rep,HD-095,2018.0,0.0,ALPERSON-STEVE-MCMILLAN,AL-2018-house-95-R-STEVE-MCMILLAN,Steve McMillan                        ,R,house,95.0,exact_name_candidate,AL_2018-2018_Regular_Session_JSON_20180329_d0d7e3346110d0a0729590eab6a018f3.zip
2018,3429,Jim McClendon,R,Sen,SD-011,2018.0,0.0,ALPERSON-JIM-MCCLENDON,AL-2018-senate-11-R-JIM-MCCLENDON,Jim McClendon                         ,R,senate,11.0,exact_name_candidate,AL_2018-2018_Regular_Session_JSON_20180329_d0d7e3346110d0a0729590eab6a018f3.zip
2018,3430,Randy Wood,R,Rep,HD-036,2018.0,0.0,ALPERSON-RANDY-WOOD,AL-2018-house-36-R-RANDY-WOOD,Randy Wood                            ,R,house,36.0,exact_name_candidate,AL_2018-2018_Regular_Session_JSON_20180329_d0d7e3346110d0a0729590eab6a018f3.zip
2018,3430,Randy Wood,R,Rep,HD-036,2022.0,4.0,ALPERSON-RANDY-WOOD,AL-2022-house-36-R-RANDY-WOOD,Randy Wood                            ,R,house,36.0,exact_name_candidate,AL_2018-2018_Regular_Session_JSON_20180329_d0d7e3346110d0a0729590eab6a018f3.zip
2018,3432,Steve Clouse,R,Rep,HD-093,2018.0,0.0,ALPERSON-STEVE-CLOUSE,AL-2018-house-93-R-STEVE-CLOUSE,Steve Clouse                          ,R,house,93.0,exact_name_candidate,AL_2018-2018_Regular_Session_JSON_20180329_d0d7e3346110d0a0729590eab6a018f3.zip
2018,3432,Steve Clouse,R,Rep,HD-093,2022.0,4.0,ALPERSON-STEVE-CLOUSE,AL-2022-house-93-R-STEVE-CLOUSE,Steve Clouse                          ,R,house,93.0,exact_name_candidate,AL_2018-2018_Regular_Session_JSON_20180329_d0d7e3346110d0a0729590eab6a018f3.zip
2018,3435,Howard Sanderford,R,Rep,HD-020,2018.0,0.0,ALPERSON-HOWARD-SANDERFORD,AL-2018-house-20-R-HOWARD-SANDERFORD,Howard Sanderford                     ,R,house,20.0,exact_name_candidate,AL_2018-2018_Regular_Session_JSON_20180329_d0d7e3346110d0a0729590eab6a018f3.zip
2018,3445,Allen Treadaway,R,Rep,HD-051,2018.0,0.0,ALPERSON-ALLEN-TREADAWAY,AL-2018-house-51-R-ALLEN-TREADAWAY,Allen Treadaway                       ,R,house,51.0,exact_name_candidate,AL_2018-2018_Regular_Session_JSON_20180329_d0d7e3346110d0a0729590eab6a018f3.zip
2018,3445,Allen Treadaway,R,Rep,HD-051,2022.0,4.0,ALPERSON-ALLEN-TREADAWAY,AL-2022-house-51-R-ALLEN-TREADAWAY,Allen Treadaway                       ,R,house,51.0,exact_name_candidate,AL_2018-2018_Regular_Session_JSON_20180329_d0d7e3346110d0a0729590eab6a018f3.zip
2018,3449,Ronald Johnson,R,Rep,HD-033,,,,,,,,,unmatched_or_out_of_window,AL_2018-2018_Regular_Session_JSON_20180329_d0d7e3346110d0a0729590eab6a018f3.zip
2018,3450,Alan Boothe,R,Rep,HD-089,,,,,,,,,unmatched_or_out_of_window,AL_2018-2018_Regular_Session_JSON_20180329_d0d7e3346110d0a0729590eab6a018f3.zip
2018,3454,John Rogers,D,Rep,HD-052,,,,,,,,,unmatched_or_out_of_window,AL_2018-2018_Regular_Session_JSON_20180329_d0d7e3346110d0a0729590eab6a018f3.zip
2018,3455,Elaine Beech,D,Rep,HD-065,2018.0,0.0,ALPERSON-ELAINE-BEECH,AL-2018-house-65-D-ELAINE-BEECH,Elaine Beech                          ,D,house,65.0,exact_name_candidate,AL_2018-2018_Regular_Session_JSON_20180329_d0d7e3346110d0a0729590eab6a018f3.zip
2018,3456,Roderick Scott,D,Rep,HD-055,,,,,,,,,unmatched_or_out_of_window,AL_2018-2018_Regular_Session_JSON_20180329_d0d7e3346110d0a0729590eab6a018f3.zip
2018,3458,George Bandy,D,Rep,HD-083,,,,,,,,,unmatched_or_out_of_window,AL_2018-2018_Regular_Session_JSON_20180329_d0d7e3346110d0a0729590eab6a018f3.zip
2018,3459,K.L. Brown,R,Rep,HD-040,,,,,,,,,unmatched_or_out_of_window,AL_2018-2018_Regular_Session_JSON_20180329_d0d7e3346110d0a0729590eab6a018f3.zip
2018,3461,J.T. Waggoner,R,Sen,SD-016,,,,,,,,,unmatched_or_out_of_window,AL_2018-2018_Regular_Session_JSON_20180329_d0d7e3346110d0a0729590eab6a018f3.zip
2018,3462,Del Marsh,R,Sen,SD-012,2018.0,0.0,ALPERSON-DEL-MARSH,AL-2018-senate-12-R-DEL-MARSH,Del Marsh                             ,R,senate,12.0,exact_name_candidate,AL_2018-2018_Regular_Session_JSON_20180329_d0d7e3346110d0a0729590eab6a018f3.zip
2018,3465,Rodger Smitherman,D,Sen,SD-018,,,,,,,,,unmatched_or_out_of_window,AL_2018-2018_Regular_Session_JSON_20180329_d0d7e3346110d0a0729590eab6a018f3.zip
2018,3467,Paul Sanford,R,Sen,SD-007,,,,,,,,,unmatched_or_out_of_window,AL_2018-2018_Regular_Session_JSON_20180329_d0d7e3346110d0a0729590eab6a018f3.zip
2018,3479,Linda Coleman-Madison,D,Sen,SD-020,2018.0,0.0,ALPERSON-LINDA-COLEMAN-MADISON,AL-2018-senate-20-D-LINDA-COLEMAN-MADISON,Linda Coleman-Madison                 ,D,senate,20.0,exact_name_candidate,AL_2018-2018_Regular_Session_JSON_20180329_d0d7e3346110d0a0729590eab6a018f3.zip
2018,3479,Linda Coleman-Madison,D,Sen,SD-020,2022.0,4.0,ALPERSON-LINDA-COLEMAN-MADISON,AL-2022-senate-20-D-LINDA-COLEMAN-MADISON,Linda Coleman-Madison                 ,D,senate,20.0,exact_name_candidate,AL_2018-2018_Regular_Session_JSON_20180329_d0d7e3346110d0a0729590eab6a018f3.zip
2018,3480,Priscilla Dunn,D,Sen,SD-019,2018.0,0.0,ALPERSON-PRISCILLA-DUNN,AL-2018-senate-19-D-PRISCILLA-DUNN,Priscilla Dunn                        ,D,senate,19.0,exact_name_candidate,AL_2018-2018_Regular_Session_JSON_20180329_d0d7e3346110d0a0729590eab6a018f3.zip
2018,3481,Arthur Orr,R,Sen,SD-003,2018.0,0.0,ALPERSON-ARTHUR-ORR,AL-2018-senate-3-R-ARTHUR-ORR,Arthur Orr                            ,R,senate,3.0,exact_name_candidate,AL_2018-2018_Regular_Session_JSON_20180329_d0d7e3346110d0a0729590eab6a018f3.zip
2018,3481,Arthur Orr,R,Sen,SD-003,2022.0,4.0,ALPERSON-ARTHUR-ORR,AL-2022-senate-3-R-ARTHUR-ORR,Arthur Orr                            ,R,senate,3.0,exact_name_candidate,AL_2018-2018_Regular_Session_JSON_20180329_d0d7e3346110d0a0729590eab6a018f3.zip
2018,3482,Bobby Singleton,D,Sen,SD-024,2018.0,0.0,ALPERSON-BOBBY-SINGLETON,AL-2018-senate-24-D-BOBBY-SINGLETON,Bobby Singleton                       ,D,senate,24.0,exact_name_candidate,AL_2018-2018_Regular_Session_JSON_20180329_d0d7e3346110d0a0729590eab6a018f3.zip
2018,3482,Bobby Singleton,D,Sen,SD-024,2022.0,4.0,ALPERSON-BOBBY-SINGLETON,AL-2022-senate-24-D-BOBBY-SINGLETON,Bobby Singleton                       ,D,senate,24.0,exact_name_candidate,AL_2018-2018_Regular_Session_JSON_20180329_d0d7e3346110d0a0729590eab6a018f3.zip
2018,3490,Vivian Figures,D,Sen,SD-033,,,,,,,,,unmatched_or_out_of_window,AL_2018-2018_Regular_Session_JSON_20180329_d0d7e3346110d0a0729590eab6a018f3.zip
2018,3491,Jimmy Holley,R,Sen,SD-031,,,,,,,,,unmatched_or_out_of_window,AL_2018-2018_Regular_Session_JSON_20180329_d0d7e3346110d0a0729590eab6a018f3.zip
2018,3493,Harri Smith,I,Sen,SD-029,,,,,,,,,unmatched_or_out_of_window,AL_2018-2018_Regular_Session_JSON_20180329_d0d7e3346110d0a0729590eab6a018f3.zip
2019,12486,Terri Collins,R,Rep,HD-008,2022.0,3.0,ALPERSON-TERRI-COLLINS,AL-2022-house-8-R-TERRI-COLLINS,Terri Collins                         ,R,house,8.0,exact_name_candidate,AL_2019-2019_Regular_Session_JSON_20190531_9b74165d24c2ec12859de227180a7c75.zip
2019,12499,Clay Scofield,R,Sen,SD-009,2022.0,3.0,ALPERSON-CLAY-SCOFIELD,AL-2022-senate-9-R-CLAY-SCOFIELD,Clay Scofield                         ,R,senate,9.0,exact_name_candidate,AL_2019-2019_Regular_Session_JSON_20190531_9b74165d24c2ec12859de227180a7c75.zip
2019,12500,April Weaver,R,Rep,HD-049,2022.0,3.0,ALPERSON-APRIL-WEAVER,AL-2022-senate-14-R-APRIL-WEAVER,April Weaver                          ,R,senate,14.0,exact_name_candidate,AL_2019-2019_Regular_Session_JSON_20190531_9b74165d24c2ec12859de227180a7c75.zip
2019,12509,Donnie Chesteen,R,Sen,SD-029,2022.0,3.0,ALPERSON-DONNIE-CHESTEEN,AL-2022-senate-29-R-DONNIE-CHESTEEN,Donnie Chesteen                       ,R,senate,29.0,exact_name_candidate,AL_2019-2019_Regular_Session_JSON_20190531_9b74165d24c2ec12859de227180a7c75.zip
2019,12521,Thomas Whatley,R,Sen,SD-027,,,,,,,,,unmatched_or_out_of_window,AL_2019-2019_Regular_Session_JSON_20190531_9b74165d24c2ec12859de227180a7c75.zip
2019,12530,William Poole,R,Rep,HD-063,,,,,,,,,unmatched_or_out_of_window,AL_2019-2019_Regular_Session_JSON_20190531_9b74165d24c2ec12859de227180a7c75.zip
2019,12542,Napoleon Bracy,D,Rep,HD-098,2022.0,3.0,ALPERSON-NAPOLEON-BRACY-JR,AL-2022-house-98-D-NAPOLEON-BRACY-JR,"Napoleon Bracy, Jr.                   ",D,house,98.0,exact_name_candidate,AL_2019-2019_Regular_Session_JSON_20190531_9b74165d24c2ec12859de227180a7c75.zip
2019,12543,Berry Forte,D,Rep,HD-084,2022.0,3.0,ALPERSON-BERRY-FORTE,AL-2022-house-84-D-BERRY-FORTE,Berry Forte                           ,D,house,84.0,exact_name_candidate,AL_2019-2019_Regular_Session_JSON_20190531_9b74165d24c2ec12859de227180a7c75.zip
2019,12549,Dexter Grimsley,D,Rep,HD-085,2022.0,3.0,ALPERSON-DEXTER-GRIMSLEY,AL-2022-house-85-D-DEXTER-GRIMSLEY,Dexter Grimsley                       ,D,house,85.0,exact_name_candidate,AL_2019-2019_Regular_Session_JSON_20190531_9b74165d24c2ec12859de227180a7c75.zip
2019,12550,Juandalynn Givan,D,Rep,HD-060,2022.0,3.0,ALPERSON-JUANDALYNN-GIVAN,AL-2022-house-60-D-JUANDALYNN-GIVAN,Juandalynn Givan                      ,D,house,60.0,exact_name_candidate,AL_2019-2019_Regular_Session_JSON_20190531_9b74165d24c2ec12859de227180a7c75.zip
2019,13150,David Sessions,R,Sen,SD-035,2022.0,3.0,ALPERSON-DAVID-SESSIONS,AL-2022-senate-35-R-DAVID-SESSIONS,David Sessions                        ,R,senate,35.0,exact_name_candidate,AL_2019-2019_Regular_Session_JSON_20190531_9b74165d24c2ec12859de227180a7c75.zip
2019,13766,Jim Carns,R,Rep,HD-048,2022.0,3.0,ALPERSON-JIM-CARNS,AL-2022-house-48-R-JIM-CARNS,Jim Carns                             ,R,house,48.0,exact_name_candidate,AL_2019-2019_Regular_Session_JSON_20190531_9b74165d24c2ec12859de227180a7c75.zip
2019,15745,David Standridge,R,Rep,HD-034,2022.0,3.0,ALPERSON-DAVID-STANDRIDGE,AL-2022-house-34-R-DAVID-STANDRIDGE,David Standridge                      ,R,house,34.0,exact_name_candidate,AL_2019-2019_Regular_Session_JSON_20190531_9b74165d24c2ec12859de227180a7c75.zip
2019,16021,Randall Shedd,R,Rep,HD-011,2022.0,3.0,ALPERSON-RANDALL-SHEDD,AL-2022-house-11-R-RANDALL-SHEDD,Randall Shedd                         ,R,house,11.0,exact_name_candidate,AL_2019-2019_Regular_Session_JSON_20190531_9b74165d24c2ec12859de227180a7c75.zip
2019,16140,Adline Clarke,D,Rep,HD-097,2022.0,3.0,ALPERSON-ADLINE-CLARKE,AL-2022-house-97-D-ADLINE-CLARKE,Adline Clarke                         ,D,house,97.0,exact_name_candidate,AL_2019-2019_Regular_Session_JSON_20190531_9b74165d24c2ec12859de227180a7c75.zip
2019,16212,Margie Wilcox,R,Rep,HD-104,2022.0,3.0,ALPERSON-MARGIE-WILCOX,AL-2022-house-104-R-MARGIE-WILCOX,Margie Wilcox                         ,R,house,104.0,exact_name_candidate,AL_2019-2019_Regular_Session_JSON_20190531_9b74165d24c2ec12859de227180a7c75.zip
2019,16871,Greg Albritton,R,Sen,SD-022,2022.0,3.0,ALPERSON-GREG-ALBRITTON,AL-2022-senate-22-R-GREG-ALBRITTON,Greg Albritton                        ,R,senate,22.0,exact_name_candidate,AL_2019-2019_Regular_Session_JSON_20190531_9b74165d24c2ec12859de227180a7c75.zip
2019,16872,Clyde Chambliss,R,Sen,SD-030,2022.0,3.0,ALPERSON-CLYDE-CHAMBLISS-JR,AL-2022-senate-30-R-CLYDE-CHAMBLISS-JR,"Clyde Chambliss, Jr.                  ",R,senate,30.0,exact_name_candidate,AL_2019-2019_Regular_Session_JSON_20190531_9b74165d24c2ec12859de227180a7c75.zip
2019,16873,Steve Livingston,R,Sen,SD-008,2022.0,3.0,ALPERSON-STEVE-LIVINGSTON,AL-2022-senate-8-R-STEVE-LIVINGSTON,Steve Livingston                      ,R,senate,8.0,exact_name_candidate,AL_2019-2019_Regular_Session_JSON_20190531_9b74165d24c2ec12859de227180a7c75.zip
2019,16874,Shay Shelnutt,R,Sen,SD-017,2022.0,3.0,ALPERSON-SHAY-SHELNUTT,AL-2022-senate-17-R-SHAY-SHELNUTT,Shay Shelnutt                         ,R,senate,17.0,exact_name_candidate,AL_2019-2019_Regular_Session_JSON_20190531_9b74165d24c2ec12859de227180a7c75.zip
2019,16875,Tim Melson,R,Sen,SD-001,2022.0,3.0,ALPERSON-TIM-MELSON,AL-2022-senate-1-R-TIM-MELSON,Tim Melson                            ,R,senate,1.0,exact_name_candidate,AL_2019-2019_Regular_Session_JSON_20190531_9b74165d24c2ec12859de227180a7c75.zip
2019,16876,Larry Stutts,R,Sen,SD-006,2022.0,3.0,ALPERSON-LARRY-STUTTS,AL-2022-senate-6-R-LARRY-STUTTS,Larry Stutts                          ,R,senate,6.0,exact_name_candidate,AL_2019-2019_Regular_Session_JSON_20190531_9b74165d24c2ec12859de227180a7c75.zip
2019,17025,Corey Harbison,R,Rep,HD-012,2022.0,3.0,ALPERSON-COREY-HARBISON,AL-2022-house-12-R-COREY-HARBISON,Corey Harbison                        ,R,house,12.0,exact_name_candidate,AL_2019-2019_Regular_Session_JSON_20190531_9b74165d24c2ec12859de227180a7c75.zip
2019,17026,Phillip Pettus,R,Rep,HD-001,2022.0,3.0,ALPERSON-PHILLIP-PETTUS,AL-2022-house-1-R-PHILLIP-PETTUS,Phillip Pettus                        ,R,house,1.0,exact_name_candidate,AL_2019-2019_Regular_Session_JSON_20190531_9b74165d24c2ec12859de227180a7c75.zip
2019,17027,Ritchie Whorton,R,Rep,HD-022,2022.0,3.0,ALPERSON-RITCHIE-WHORTON,AL-2022-house-22-R-RITCHIE-WHORTON,Ritchie Whorton                       ,R,house,22.0,exact_name_candidate,AL_2019-2019_Regular_Session_JSON_20190531_9b74165d24c2ec12859de227180a7c75.zip
2019,17028,Connie Rowe,R,Rep,HD-013,,,,,,,,,unmatched_or_out_of_window,AL_2019-2019_Regular_Session_JSON_20190531_9b74165d24c2ec12859de227180a7c75.zip
2019,17589,David Faulkner,R,Rep,HD-046,2022.0,3.0,ALPERSON-DAVID-FAULKNER,AL-2022-house-46-R-DAVID-FAULKNER,David Faulkner                        ,R,house,46.0,exact_name_candidate,AL_2019-2019_Regular_Session_JSON_20190531_9b74165d24c2ec12859de227180a7c75.zip
2019,17591,Danny Garrett,R,Rep,HD-044,2022.0,3.0,ALPERSON-DANNY-GARRETT,AL-2022-house-44-R-DANNY-GARRETT,Danny Garrett                         ,R,house,44.0,exact_name_candidate,AL_2019-2019_Regular_Session_JSON_20190531_9b74165d24c2ec12859de227180a7c75.zip
2019,17592,James Hanes,R,Rep,HD-023,,,,,,,,,unmatched_or_out_of_window,AL_2019-2019_Regular_Session_JSON_20190531_9b74165d24c2ec12859de227180a7c75.zip
2019,17593,Jim Hill,R,Rep,HD-050,2022.0,3.0,ALPERSON-JIM-HILL,AL-2022-house-50-R-JIM-HILL,Jim Hill                              ,R,house,50.0,exact_name_candidate,AL_2019-2019_Regular_Session_JSON_20190531_9b74165d24c2ec12859de227180a7c75.zip
2019,17594,Reed Ingram,R,Rep,HD-075,2022.0,3.0,ALPERSON-REED-INGRAM,AL-2022-house-75-R-REED-INGRAM,Reed Ingram                           ,R,house,75.0,exact_name_candidate,AL_2019-2019_Regular_Session_JSON_20190531_9b74165d24c2ec12859de227180a7c75.zip
2019,17595,Nathaniel Ledbetter,R,Rep,HD-024,2022.0,3.0,ALPERSON-NATHANIEL-LEDBETTER,AL-2022-house-24-R-NATHANIEL-LEDBETTER,Nathaniel Ledbetter                   ,R,house,24.0,exact_name_candidate,AL_2019-2019_Regular_Session_JSON_20190531_9b74165d24c2ec12859de227180a7c75.zip
2019,17596,Chris Sells,R,Rep,HD-090,2022.0,3.0,ALPERSON-CHRIS-SELLS,AL-2022-house-90-R-CHRIS-SELLS,Chris Sells                           ,R,house,90.0,exact_name_candidate,AL_2019-2019_Regular_Session_JSON_20190531_9b74165d24c2ec12859de227180a7c75.zip
2019,17597,Kyle South,R,Rep,HD-016,2022.0,3.0,ALPERSON-KYLE-SOUTH,AL-2022-house-16-R-KYLE-SOUTH,Kyle South                            ,R,house,16.0,exact_name_candidate,AL_2019-2019_Regular_Session_JSON_20190531_9b74165d24c2ec12859de227180a7c75.zip
2019,17598,Jack Williams,R,Sen,SD-034,2022.0,3.0,ALPERSON-JACK-WILLIAMS,AL-2022-senate-34-R-JACK-WILLIAMS,Jack Williams                         ,R,senate,34.0,exact_name_candidate,AL_2019-2019_Regular_Session_JSON_20190531_9b74165d24c2ec12859de227180a7c75.zip
2019,17603,Chris Pringle,R,Rep,HD-101,2022.0,3.0,ALPERSON-CHRIS-PRINGLE,AL-2022-house-101-R-CHRIS-PRINGLE,Chris Pringle                         ,R,house,101.0,exact_name_candidate,AL_2019-2019_Regular_Session_JSON_20190531_9b74165d24c2ec12859de227180a7c75.zip
2019,17622,Bob Fincher,R,Rep,HD-037,2022.0,3.0,ALPERSON-BOB-FINCHER,AL-2022-house-37-R-BOB-FINCHER,Bob Fincher                           ,R,house,37.0,exact_name_candidate,AL_2019-2019_Regular_Session_JSON_20190531_9b74165d24c2ec12859de227180a7c75.zip
2019,17624,Barbara Drummond,D,Rep,HD-103,2022.0,3.0,ALPERSON-BARBARA-DRUMMOND,AL-2022-house-103-D-BARBARA-DRUMMOND,Barbara Drummond                      ,D,house,103.0,exact_name_candidate,AL_2019-2019_Regular_Session_JSON_20190531_9b74165d24c2ec12859de227180a7c75.zip
2019,17625,Kelvin Lawrence,D,Rep,HD-069,,,,,,,,,unmatched_or_out_of_window,AL_2019-2019_Regular_Session_JSON_20190531_9b74165d24c2ec12859de227180a7c75.zip
2019,17632,Timothy Wadsworth,R,Rep,HD-014,,,,,,,,,unmatched_or_out_of_window,AL_2019-2019_Regular_Session_JSON_20190531_9b74165d24c2ec12859de227180a7c75.zip
2019,17634,Arnold Mooney,R,Rep,HD-043,2022.0,3.0,ALPERSON-ARNOLD-MOONEY,AL-2022-house-43-R-ARNOLD-MOONEY,Arnold Mooney                         ,R,house,43.0,exact_name_candidate,AL_2019-2019_Regular_Session_JSON_20190531_9b74165d24c2ec12859de227180a7c75.zip
2019,17642,Anthony Daniels,D,Rep,HD-053,2022.0,3.0,ALPERSON-ANTHONY-DANIELS,AL-2022-house-53-D-ANTHONY-DANIELS,Anthony Daniels                       ,D,house,53.0,exact_name_candidate,AL_2019-2019_Regular_Session_JSON_20190531_9b74165d24c2ec12859de227180a7c75.zip
2019,17874,Chris Blackshear,R,Rep,HD-080,,,,,,,,,unmatched_or_out_of_window,AL_2019-2019_Regular_Session_JSON_20190531_9b74165d24c2ec12859de227180a7c75.zip
2019,17899,Danny Crawford,R,Rep,HD-005,,,,,,,,,unmatched_or_out_of_window,AL_2019-2019_Regular_Session_JSON_20190531_9b74165d24c2ec12859de227180a7c75.zip
2019,19256,Corley Ellis,R,Rep,HD-041,2022.0,3.0,ALPERSON-CORLEY-ELLIS,AL-2022-house-41-R-CORLEY-ELLIS,Corley Ellis                          ,R,house,41.0,exact_name_candidate,AL_2019-2019_Regular_Session_JSON_20190531_9b74165d24c2ec12859de227180a7c75.zip
2019,19257,Joe Lovvorn,R,Rep,HD-079,2022.0,3.0,ALPERSON-JOE-LOVVORN,AL-2022-house-79-R-JOE-LOVVORN,Joe Lovvorn                           ,R,house,79.0,exact_name_candidate,AL_2019-2019_Regular_Session_JSON_20190531_9b74165d24c2ec12859de227180a7c75.zip
2019,19353,Rolanda Hollis,D,Rep,HD-058,2022.0,3.0,ALPERSON-ROLANDA-HOLLIS,AL-2022-house-58-D-ROLANDA-HOLLIS,Rolanda Hollis                        ,D,house,58.0,exact_name_candidate,AL_2019-2019_Regular_Session_JSON_20190531_9b74165d24c2ec12859de227180a7c75.zip
2019,19368,Prince Chestnut,D,Rep,HD-067,2022.0,3.0,ALPERSON-PRINCE-CHESTNUT,AL-2022-house-67-D-PRINCE-CHESTNUT,Prince Chestnut                       ,D,house,67.0,exact_name_candidate,AL_2019-2019_Regular_Session_JSON_20190531_9b74165d24c2ec12859de227180a7c75.zip
2019,19618,Rex Reynolds,R,Rep,HD-021,2022.0,3.0,ALPERSON-REX-REYNOLDS,AL-2022-house-21-R-REX-REYNOLDS,Rex Reynolds                          ,R,house,21.0,exact_name_candidate,AL_2019-2019_Regular_Session_JSON_20190531_9b74165d24c2ec12859de227180a7c75.zip
2019,20421,Wes Kitchens,R,Rep,HD-027,2022.0,3.0,ALPERSON-WES-KITCHENS,AL-2022-house-27-R-WES-KITCHENS,Wes Kitchens                          ,R,house,27.0,exact_name_candidate,AL_2019-2019_Regular_Session_JSON_20190531_9b74165d24c2ec12859de227180a7c75.zip
2019,21169,Chris Elliott,R,Sen,SD-032,2022.0,3.0,ALPERSON-CHRIS-ELLIOTT,AL-2022-senate-32-R-CHRIS-ELLIOTT,Chris Elliott                         ,R,senate,32.0,exact_name_candidate,AL_2019-2019_Regular_Session_JSON_20190531_9b74165d24c2ec12859de227180a7c75.zip
2019,21248,Craig Lipscomb,R,Rep,HD-030,2022.0,3.0,ALPERSON-CRAIG-LIPSCOMB,AL-2022-house-30-R-CRAIG-LIPSCOMB,Craig Lipscomb                        ,R,house,30.0,exact_name_candidate,AL_2019-2019_Regular_Session_JSON_20190531_9b74165d24c2ec12859de227180a7c75.zip
2019,21249,Scott Stadthagen,R,Rep,HD-009,2022.0,3.0,ALPERSON-SCOTT-STADTHAGEN,AL-2022-house-9-R-SCOTT-STADTHAGEN,Scott Stadthagen                      ,R,house,9.0,exact_name_candidate,AL_2019-2019_Regular_Session_JSON_20190531_9b74165d24c2ec12859de227180a7c75.zip
2019,21250,Shane Stringer,R,Rep,HD-102,2022.0,3.0,ALPERSON-SHANE-STRINGER,AL-2022-house-102-R-SHANE-STRINGER,Shane Stringer                        ,R,house,102.0,exact_name_candidate,AL_2019-2019_Regular_Session_JSON_20190531_9b74165d24c2ec12859de227180a7c75.zip
2019,21254,Randy Price,R,Sen,SD-013,2022.0,3.0,ALPERSON-RANDY-PRICE,AL-2022-senate-13-R-RANDY-PRICE,Randy Price                           ,R,senate,13.0,exact_name_candidate,AL_2019-2019_Regular_Session_JSON_20190531_9b74165d24c2ec12859de227180a7c75.zip
2019,21283,Andrew Jones,R,Sen,SD-010,2022.0,3.0,ALPERSON-ANDREW-JONES,AL-2022-senate-10-R-ANDREW-JONES,Andrew Jones                          ,R,senate,10.0,exact_name_candidate,AL_2019-2019_Regular_Session_JSON_20190531_9b74165d24c2ec12859de227180a7c75.zip
2019,21284,Dan Roberts,R,Sen,SD-015,2022.0,3.0,ALPERSON-DAN-ROBERTS,AL-2022-senate-15-R-DAN-ROBERTS,Dan Roberts                           ,R,senate,15.0,exact_name_candidate,AL_2019-2019_Regular_Session_JSON_20190531_9b74165d24c2ec12859de227180a7c75.zip
2019,21287,Chip Brown,R,Rep,HD-105,2022.0,3.0,ALPERSON-CHIP-BROWN,AL-2022-house-105-R-CHIP-BROWN,Chip Brown                            ,R,house,105.0,exact_name_candidate,AL_2019-2019_Regular_Session_JSON_20190531_9b74165d24c2ec12859de227180a7c75.zip
2019,21288,Tracy Estes,R,Rep,HD-017,2022.0,3.0,ALPERSON-TRACY-ESTES,AL-2022-house-17-R-TRACY-ESTES,Tracy Estes                           ,R,house,17.0,exact_name_candidate,AL_2019-2019_Regular_Session_JSON_20190531_9b74165d24c2ec12859de227180a7c75.zip
2019,21289,Matt Simpson,R,Rep,HD-096,2022.0,3.0,ALPERSON-MATT-SIMPSON,AL-2022-house-96-R-MATT-SIMPSON,Matt Simpson                          ,R,house,96.0,exact_name_candidate,AL_2019-2019_Regular_Session_JSON_20190531_9b74165d24c2ec12859de227180a7c75.zip
2019,21297,Brett Easterbrook,R,Rep,HD-065,2022.0,3.0,ALPERSON-BRETT-EASTERBROOK,AL-2022-house-65-R-BRETT-EASTERBROOK,Brett Easterbrook                     ,R,house,65.0,exact_name_candidate,AL_2019-2019_Regular_Session_JSON_20190531_9b74165d24c2ec12859de227180a7c75.zip
2019,21298,Jeremy Gray,D,Rep,HD-083,2022.0,3.0,ALPERSON-JEREMY-GRAY,AL-2022-house-83-D-JEREMY-GRAY,Jeremy Gray                           ,D,house,83.0,exact_name_candidate,AL_2019-2019_Regular_Session_JSON_20190531_9b74165d24c2ec12859de227180a7c75.zip
2019,21299,Kirk Hatcher,D,Rep,HD-078,2022.0,3.0,ALPERSON-KIRK-HATCHER,AL-2022-senate-26-D-KIRK-HATCHER,Kirk Hatcher                          ,D,senate,26.0,exact_name_candidate,AL_2019-2019_Regular_Session_JSON_20190531_9b74165d24c2ec12859de227180a7c75.zip
2019,21300,Gil Isbell,R,Rep,HD-028,,,,,,,,,unmatched_or_out_of_window,AL_2019-2019_Regular_Session_JSON_20190531_9b74165d24c2ec12859de227180a7c75.zip
2019,21301,Sam Jones,D,Rep,HD-099,2022.0,3.0,ALPERSON-SAM-JONES,AL-2022-house-99-D-SAM-JONES,Sam Jones                             ,D,house,99.0,exact_name_candidate,AL_2019-2019_Regular_Session_JSON_20190531_9b74165d24c2ec12859de227180a7c75.zip
2019,21302,Jamie Kiel,R,Rep,HD-018,2022.0,3.0,ALPERSON-JAMIE-KIEL,AL-2022-house-18-R-JAMIE-KIEL,Jamie Kiel                            ,R,house,18.0,exact_name_candidate,AL_2019-2019_Regular_Session_JSON_20190531_9b74165d24c2ec12859de227180a7c75.zip
2019,21303,Rhett Marques,R,Rep,HD-091,2022.0,3.0,ALPERSON-RHETT-MARQUES,AL-2022-house-91-R-RHETT-MARQUES,Rhett Marques                         ,R,house,91.0,exact_name_candidate,AL_2019-2019_Regular_Session_JSON_20190531_9b74165d24c2ec12859de227180a7c75.zip
2019,21304,Parker Moore,R,Rep,HD-004,,,,,,,,,unmatched_or_out_of_window,AL_2019-2019_Regular_Session_JSON_20190531_9b74165d24c2ec12859de227180a7c75.zip
2019,21305,TaShina Morris,D,Rep,HD-077,2022.0,3.0,ALPERSON-TASHINA-MORRIS,AL-2022-house-77-D-TASHINA-MORRIS,Tashina Morris                        ,D,house,77.0,exact_name_candidate,AL_2019-2019_Regular_Session_JSON_20190531_9b74165d24c2ec12859de227180a7c75.zip
2019,21306,Ed Oliver,R,Rep,HD-081,2022.0,3.0,ALPERSON-ED-OLIVER,AL-2022-house-81-R-ED-OLIVER,Ed Oliver                             ,R,house,81.0,exact_name_candidate,AL_2019-2019_Regular_Session_JSON_20190531_9b74165d24c2ec12859de227180a7c75.zip
2019,21308,Ginny Shaver,R,Rep,HD-039,2022.0,3.0,ALPERSON-GINNY-SHAVER,AL-2022-house-39-R-GINNY-SHAVER,Ginny Shaver                          ,R,house,39.0,exact_name_candidate,AL_2019-2019_Regular_Session_JSON_20190531_9b74165d24c2ec12859de227180a7c75.zip
2019,21309,Jeff Sorrells,R,Rep,HD-087,2022.0,3.0,ALPERSON-JEFF-SORRELLS,AL-2022-house-87-R-JEFF-SORRELLS,Jeff Sorrells                         ,R,house,87.0,exact_name_candidate,AL_2019-2019_Regular_Session_JSON_20190531_9b74165d24c2ec12859de227180a7c75.zip
2019,21311,Andy Whitt,R,Rep,HD-006,2022.0,3.0,ALPERSON-ANDY-WHITT,AL-2022-house-6-R-ANDY-WHITT,Andy Whitt                            ,R,house,6.0,exact_name_candidate,AL_2019-2019_Regular_Session_JSON_20190531_9b74165d24c2ec12859de227180a7c75.zip
2019,21312,Debbie Wood,R,Rep,HD-038,,,,,,,,,unmatched_or_out_of_window,AL_2019-2019_Regular_Session_JSON_20190531_9b74165d24c2ec12859de227180a7c75.zip
2019,21313,Will Barfoot,R,Sen,SD-025,2022.0,3.0,ALPERSON-WILL-BARFOOT,AL-2022-senate-25-R-WILL-BARFOOT,Will Barfoot                          ,R,senate,25.0,exact_name_candidate,AL_2019-2019_Regular_Session_JSON_20190531_9b74165d24c2ec12859de227180a7c75.zip
2019,21314,David Burkette,D,Sen,SD-026,,,,,,,,,unmatched_or_out_of_window,AL_2019-2019_Regular_Session_JSON_20190531_9b74165d24c2ec12859de227180a7c75.zip
2019,21315,Sam Givhan,R,Sen,SD-007,2022.0,3.0,ALPERSON-SAM-GIVHAN,AL-2022-senate-7-R-SAM-GIVHAN,Sam Givhan                            ,R,senate,7.0,exact_name_candidate,AL_2019-2019_Regular_Session_JSON_20190531_9b74165d24c2ec12859de227180a7c75.zip
2019,21316,Garlan Gudger,R,Sen,SD-004,2022.0,3.0,ALPERSON-GARLAN-GUDGER,AL-2022-senate-4-R-GARLAN-GUDGER,Garlan Gudger                         ,R,senate,4.0,exact_name_candidate,AL_2019-2019_Regular_Session_JSON_20190531_9b74165d24c2ec12859de227180a7c75.zip
2019,21318,Neil Rafferty,D,Rep,HD-054,2022.0,3.0,ALPERSON-NEIL-RAFFERTY,AL-2022-house-54-D-NEIL-RAFFERTY,Neil Rafferty                         ,D,house,54.0,exact_name_candidate,AL_2019-2019_Regular_Session_JSON_20190531_9b74165d24c2ec12859de227180a7c75.zip
2019,3357,Laura Hall,D,Rep,HD-019,2022.0,3.0,ALPERSON-LAURA-HALL,AL-2022-house-19-D-LAURA-HALL,Laura Hall                            ,D,house,19.0,exact_name_candidate,AL_2019-2019_Regular_Session_JSON_20190531_9b74165d24c2ec12859de227180a7c75.zip
2019,3358,Artis McCampbell,D,Rep,HD-071,,,,,,,,,unmatched_or_out_of_window,AL_2019-2019_Regular_Session_JSON_20190531_9b74165d24c2ec12859de227180a7c75.zip
2019,3360,Barbara Boyd,D,Rep,HD-032,,,,,,,,,unmatched_or_out_of_window,AL_2019-2019_Regular_Session_JSON_20190531_9b74165d24c2ec12859de227180a7c75.zip
2019,3370,Pebblin Warren,D,Rep,HD-082,,,,,,,,,unmatched_or_out_of_window,AL_2019-2019_Regular_Session_JSON_20190531_9b74165d24c2ec12859de227180a7c75.zip
2019,3371,Ralph Howard,D,Rep,HD-072,,,,,,,,,unmatched_or_out_of_window,AL_2019-2019_Regular_Session_JSON_20190531_9b74165d24c2ec12859de227180a7c75.zip
2019,3374,Christopher England,D,Rep,HD-070,,,,,,,,,unmatched_or_out_of_window,AL_2019-2019_Regular_Session_JSON_20190531_9b74165d24c2ec12859de227180a7c75.zip
2019,3382,Thomas Jackson,D,Rep,HD-068,,,,,,,,,unmatched_or_out_of_window,AL_2019-2019_Regular_Session_JSON_20190531_9b74165d24c2ec12859de227180a7c75.zip
2019,3386,William Beasley,D,Sen,SD-028,,,,,,,,,unmatched_or_out_of_window,AL_2019-2019_Regular_Session_JSON_20190531_9b74165d24c2ec12859de227180a7c75.zip
2019,3387,Stephen Hurst,R,Rep,HD-035,,,,,,,,,unmatched_or_out_of_window,AL_2019-2019_Regular_Session_JSON_20190531_9b74165d24c2ec12859de227180a7c75.zip
2019,3389,Mary Moore,D,Rep,HD-059,2022.0,3.0,ALPERSON-MARY-MOORE,AL-2022-house-59-D-MARY-MOORE,Mary Moore                            ,D,house,59.0,exact_name_candidate,AL_2019-2019_Regular_Session_JSON_20190531_9b74165d24c2ec12859de227180a7c75.zip
2019,3391,Merika Coleman-Evans,D,Rep,HD-057,,,,,,,,,unmatched_or_out_of_window,AL_2019-2019_Regular_Session_JSON_20190531_9b74165d24c2ec12859de227180a7c75.zip
2019,3405,Robert Ward,R,Sen,SD-014,,,,,,,,,unmatched_or_out_of_window,AL_2019-2019_Regular_Session_JSON_20190531_9b74165d24c2ec12859de227180a7c75.zip
2019,3420,Gerald Allen,R,Sen,SD-021,2022.0,3.0,ALPERSON-GERALD-ALLEN,AL-2022-senate-21-R-GERALD-ALLEN,Gerald Allen                          ,R,senate,21.0,exact_name_candidate,AL_2019-2019_Regular_Session_JSON_20190531_9b74165d24c2ec12859de227180a7c75.zip
2019,3422,James Martin,R,Rep,HD-042,,,,,,,,,unmatched_or_out_of_window,AL_2019-2019_Regular_Session_JSON_20190531_9b74165d24c2ec12859de227180a7c75.zip
2019,3426,Alan Baker,R,Rep,HD-066,2022.0,3.0,ALPERSON-ALAN-BAKER,AL-2022-house-66-R-ALAN-BAKER,Alan Baker                            ,R,house,66.0,exact_name_candidate,AL_2019-2019_Regular_Session_JSON_20190531_9b74165d24c2ec12859de227180a7c75.zip
2019,3430,Randy Wood,R,Rep,HD-036,2022.0,3.0,ALPERSON-RANDY-WOOD,AL-2022-house-36-R-RANDY-WOOD,Randy Wood                            ,R,house,36.0,exact_name_candidate,AL_2019-2019_Regular_Session_JSON_20190531_9b74165d24c2ec12859de227180a7c75.zip
2019,3432,Steve Clouse,R,Rep,HD-093,2022.0,3.0,ALPERSON-STEVE-CLOUSE,AL-2022-house-93-R-STEVE-CLOUSE,Steve Clouse                          ,R,house,93.0,exact_name_candidate,AL_2019-2019_Regular_Session_JSON_20190531_9b74165d24c2ec12859de227180a7c75.zip
2019,3445,Allen Treadaway,R,Rep,HD-051,2022.0,3.0,ALPERSON-ALLEN-TREADAWAY,AL-2022-house-51-R-ALLEN-TREADAWAY,Allen Treadaway                       ,R,house,51.0,exact_name_candidate,AL_2019-2019_Regular_Session_JSON_20190531_9b74165d24c2ec12859de227180a7c75.zip
2019,3449,Ronald Johnson,R,Rep,HD-033,,,,,,,,,unmatched_or_out_of_window,AL_2019-2019_Regular_Session_JSON_20190531_9b74165d24c2ec12859de227180a7c75.zip
2019,3454,John Rogers,D,Rep,HD-052,,,,,,,,,unmatched_or_out_of_window,AL_2019-2019_Regular_Session_JSON_20190531_9b74165d24c2ec12859de227180a7c75.zip
2019,3456,Roderick Scott,D,Rep,HD-055,,,,,,,,,unmatched_or_out_of_window,AL_2019-2019_Regular_Session_JSON_20190531_9b74165d24c2ec12859de227180a7c75.zip
2019,3459,K.L. Brown,R,Rep,HD-040,,,,,,,,,unmatched_or_out_of_window,AL_2019-2019_Regular_Session_JSON_20190531_9b74165d24c2ec12859de227180a7c75.zip
2019,3461,J.T. Waggoner,R,Sen,SD-016,,,,,,,,,unmatched_or_out_of_window,AL_2019-2019_Regular_Session_JSON_20190531_9b74165d24c2ec12859de227180a7c75.zip
2019,3465,Rodger Smitherman,D,Sen,SD-018,,,,,,,,,unmatched_or_out_of_window,AL_2019-2019_Regular_Session_JSON_20190531_9b74165d24c2ec12859de227180a7c75.zip
2019,3479,Linda Coleman-Madison,D,Sen,SD-020,2022.0,3.0,ALPERSON-LINDA-COLEMAN-MADISON,AL-2022-senate-20-D-LINDA-COLEMAN-MADISON,Linda Coleman-Madison                 ,D,senate,20.0,exact_name_candidate,AL_2019-2019_Regular_Session_JSON_20190531_9b74165d24c2ec12859de227180a7c75.zip
2019,3481,Arthur Orr,R,Sen,SD-003,2022.0,3.0,ALPERSON-ARTHUR-ORR,AL-2022-senate-3-R-ARTHUR-ORR,Arthur Orr                            ,R,senate,3.0,exact_name_candidate,AL_2019-2019_Regular_Session_JSON_20190531_9b74165d24c2ec12859de227180a7c75.zip
2019,3482,Bobby Singleton,D,Sen,SD-024,2022.0,3.0,ALPERSON-BOBBY-SINGLETON,AL-2022-senate-24-D-BOBBY-SINGLETON,Bobby Singleton                       ,D,senate,24.0,exact_name_candidate,AL_2019-2019_Regular_Session_JSON_20190531_9b74165d24c2ec12859de227180a7c75.zip
2019,3486,Tom Butler,R,Sen,SD-002,2022.0,3.0,ALPERSON-TOM-BUTLER,AL-2022-senate-2-R-TOM-BUTLER,Tom Butler                            ,R,senate,2.0,exact_name_candidate,AL_2019-2019_Regular_Session_JSON_20190531_9b74165d24c2ec12859de227180a7c75.zip
2019,3490,Vivian Figures,D,Sen,SD-033,,,,,,,,,unmatched_or_out_of_window,AL_2019-2019_Regular_Session_JSON_20190531_9b74165d24c2ec12859de227180a7c75.zip
2019,3491,Jimmy Holley,R,Sen,SD-031,,,,,,,,,unmatched_or_out_of_window,AL_2019-2019_Regular_Session_JSON_20190531_9b74165d24c2ec12859de227180a7c75.zip
2020,12486,Terri Collins,R,Rep,HD-008,2022.0,2.0,ALPERSON-TERRI-COLLINS,AL-2022-house-8-R-TERRI-COLLINS,Terri Collins                         ,R,house,8.0,exact_name_candidate,AL_2020-2020_Regular_Session_JSON_20200518_2f3def64183637eaa8b5a9973bdb8016.zip
2020,12499,Clay Scofield,R,Sen,SD-009,2022.0,2.0,ALPERSON-CLAY-SCOFIELD,AL-2022-senate-9-R-CLAY-SCOFIELD,Clay Scofield                         ,R,senate,9.0,exact_name_candidate,AL_2020-2020_Regular_Session_JSON_20200518_2f3def64183637eaa8b5a9973bdb8016.zip
2020,12500,April Weaver,R,Rep,HD-049,2022.0,2.0,ALPERSON-APRIL-WEAVER,AL-2022-senate-14-R-APRIL-WEAVER,April Weaver                          ,R,senate,14.0,exact_name_candidate,AL_2020-2020_Regular_Session_JSON_20200518_2f3def64183637eaa8b5a9973bdb8016.zip
2020,12509,Donnie Chesteen,R,Sen,SD-029,2022.0,2.0,ALPERSON-DONNIE-CHESTEEN,AL-2022-senate-29-R-DONNIE-CHESTEEN,Donnie Chesteen                       ,R,senate,29.0,exact_name_candidate,AL_2020-2020_Regular_Session_JSON_20200518_2f3def64183637eaa8b5a9973bdb8016.zip
2020,12521,Thomas Whatley,R,Sen,SD-027,,,,,,,,,unmatched_or_out_of_window,AL_2020-2020_Regular_Session_JSON_20200518_2f3def64183637eaa8b5a9973bdb8016.zip
2020,12530,William Poole,R,Rep,HD-063,,,,,,,,,unmatched_or_out_of_window,AL_2020-2020_Regular_Session_JSON_20200518_2f3def64183637eaa8b5a9973bdb8016.zip
2020,12542,Napoleon Bracy,D,Rep,HD-098,2022.0,2.0,ALPERSON-NAPOLEON-BRACY-JR,AL-2022-house-98-D-NAPOLEON-BRACY-JR,"Napoleon Bracy, Jr.                   ",D,house,98.0,exact_name_candidate,AL_2020-2020_Regular_Session_JSON_20200518_2f3def64183637eaa8b5a9973bdb8016.zip
2020,12543,Berry Forte,D,Rep,HD-084,2022.0,2.0,ALPERSON-BERRY-FORTE,AL-2022-house-84-D-BERRY-FORTE,Berry Forte                           ,D,house,84.0,exact_name_candidate,AL_2020-2020_Regular_Session_JSON_20200518_2f3def64183637eaa8b5a9973bdb8016.zip
2020,12549,Dexter Grimsley,D,Rep,HD-085,2022.0,2.0,ALPERSON-DEXTER-GRIMSLEY,AL-2022-house-85-D-DEXTER-GRIMSLEY,Dexter Grimsley                       ,D,house,85.0,exact_name_candidate,AL_2020-2020_Regular_Session_JSON_20200518_2f3def64183637eaa8b5a9973bdb8016.zip
2020,12550,Juandalynn Givan,D,Rep,HD-060,2022.0,2.0,ALPERSON-JUANDALYNN-GIVAN,AL-2022-house-60-D-JUANDALYNN-GIVAN,Juandalynn Givan                      ,D,house,60.0,exact_name_candidate,AL_2020-2020_Regular_Session_JSON_20200518_2f3def64183637eaa8b5a9973bdb8016.zip
2020,13150,David Sessions,R,Sen,SD-035,2022.0,2.0,ALPERSON-DAVID-SESSIONS,AL-2022-senate-35-R-DAVID-SESSIONS,David Sessions                        ,R,senate,35.0,exact_name_candidate,AL_2020-2020_Regular_Session_JSON_20200518_2f3def64183637eaa8b5a9973bdb8016.zip
2020,13766,Jim Carns,R,Rep,HD-048,2022.0,2.0,ALPERSON-JIM-CARNS,AL-2022-house-48-R-JIM-CARNS,Jim Carns                             ,R,house,48.0,exact_name_candidate,AL_2020-2020_Regular_Session_JSON_20200518_2f3def64183637eaa8b5a9973bdb8016.zip
2020,15745,David Standridge,R,Rep,HD-034,2022.0,2.0,ALPERSON-DAVID-STANDRIDGE,AL-2022-house-34-R-DAVID-STANDRIDGE,David Standridge                      ,R,house,34.0,exact_name_candidate,AL_2020-2020_Regular_Session_JSON_20200518_2f3def64183637eaa8b5a9973bdb8016.zip
2020,16021,Randall Shedd,R,Rep,HD-011,2022.0,2.0,ALPERSON-RANDALL-SHEDD,AL-2022-house-11-R-RANDALL-SHEDD,Randall Shedd                         ,R,house,11.0,exact_name_candidate,AL_2020-2020_Regular_Session_JSON_20200518_2f3def64183637eaa8b5a9973bdb8016.zip
2020,16140,Adline Clarke,D,Rep,HD-097,2022.0,2.0,ALPERSON-ADLINE-CLARKE,AL-2022-house-97-D-ADLINE-CLARKE,Adline Clarke                         ,D,house,97.0,exact_name_candidate,AL_2020-2020_Regular_Session_JSON_20200518_2f3def64183637eaa8b5a9973bdb8016.zip
2020,16212,Margie Wilcox,R,Rep,HD-104,2022.0,2.0,ALPERSON-MARGIE-WILCOX,AL-2022-house-104-R-MARGIE-WILCOX,Margie Wilcox                         ,R,house,104.0,exact_name_candidate,AL_2020-2020_Regular_Session_JSON_20200518_2f3def64183637eaa8b5a9973bdb8016.zip
2020,16871,Greg Albritton,R,Sen,SD-022,2022.0,2.0,ALPERSON-GREG-ALBRITTON,AL-2022-senate-22-R-GREG-ALBRITTON,Greg Albritton                        ,R,senate,22.0,exact_name_candidate,AL_2020-2020_Regular_Session_JSON_20200518_2f3def64183637eaa8b5a9973bdb8016.zip
2020,16872,Clyde Chambliss,R,Sen,SD-030,2022.0,2.0,ALPERSON-CLYDE-CHAMBLISS-JR,AL-2022-senate-30-R-CLYDE-CHAMBLISS-JR,"Clyde Chambliss, Jr.                  ",R,senate,30.0,exact_name_candidate,AL_2020-2020_Regular_Session_JSON_20200518_2f3def64183637eaa8b5a9973bdb8016.zip
2020,16873,Steve Livingston,R,Sen,SD-008,2022.0,2.0,ALPERSON-STEVE-LIVINGSTON,AL-2022-senate-8-R-STEVE-LIVINGSTON,Steve Livingston                      ,R,senate,8.0,exact_name_candidate,AL_2020-2020_Regular_Session_JSON_20200518_2f3def64183637eaa8b5a9973bdb8016.zip
2020,16874,Shay Shelnutt,R,Sen,SD-017,2022.0,2.0,ALPERSON-SHAY-SHELNUTT,AL-2022-senate-17-R-SHAY-SHELNUTT,Shay Shelnutt                         ,R,senate,17.0,exact_name_candidate,AL_2020-2020_Regular_Session_JSON_20200518_2f3def64183637eaa8b5a9973bdb8016.zip
2020,16875,Tim Melson,R,Sen,SD-001,2022.0,2.0,ALPERSON-TIM-MELSON,AL-2022-senate-1-R-TIM-MELSON,Tim Melson                            ,R,senate,1.0,exact_name_candidate,AL_2020-2020_Regular_Session_JSON_20200518_2f3def64183637eaa8b5a9973bdb8016.zip
2020,16876,Larry Stutts,R,Sen,SD-006,2022.0,2.0,ALPERSON-LARRY-STUTTS,AL-2022-senate-6-R-LARRY-STUTTS,Larry Stutts                          ,R,senate,6.0,exact_name_candidate,AL_2020-2020_Regular_Session_JSON_20200518_2f3def64183637eaa8b5a9973bdb8016.zip
2020,17025,Corey Harbison,R,Rep,HD-012,2022.0,2.0,ALPERSON-COREY-HARBISON,AL-2022-house-12-R-COREY-HARBISON,Corey Harbison                        ,R,house,12.0,exact_name_candidate,AL_2020-2020_Regular_Session_JSON_20200518_2f3def64183637eaa8b5a9973bdb8016.zip
2020,17026,Phillip Pettus,R,Rep,HD-001,2022.0,2.0,ALPERSON-PHILLIP-PETTUS,AL-2022-house-1-R-PHILLIP-PETTUS,Phillip Pettus                        ,R,house,1.0,exact_name_candidate,AL_2020-2020_Regular_Session_JSON_20200518_2f3def64183637eaa8b5a9973bdb8016.zip
2020,17027,Ritchie Whorton,R,Rep,HD-022,2022.0,2.0,ALPERSON-RITCHIE-WHORTON,AL-2022-house-22-R-RITCHIE-WHORTON,Ritchie Whorton                       ,R,house,22.0,exact_name_candidate,AL_2020-2020_Regular_Session_JSON_20200518_2f3def64183637eaa8b5a9973bdb8016.zip
2020,17028,Connie Rowe,R,Rep,HD-013,,,,,,,,,unmatched_or_out_of_window,AL_2020-2020_Regular_Session_JSON_20200518_2f3def64183637eaa8b5a9973bdb8016.zip
2020,17589,David Faulkner,R,Rep,HD-046,2022.0,2.0,ALPERSON-DAVID-FAULKNER,AL-2022-house-46-R-DAVID-FAULKNER,David Faulkner                        ,R,house,46.0,exact_name_candidate,AL_2020-2020_Regular_Session_JSON_20200518_2f3def64183637eaa8b5a9973bdb8016.zip
2020,17591,Danny Garrett,R,Rep,HD-044,2022.0,2.0,ALPERSON-DANNY-GARRETT,AL-2022-house-44-R-DANNY-GARRETT,Danny Garrett                         ,R,house,44.0,exact_name_candidate,AL_2020-2020_Regular_Session_JSON_20200518_2f3def64183637eaa8b5a9973bdb8016.zip
2020,17592,James Hanes,R,Rep,HD-023,,,,,,,,,unmatched_or_out_of_window,AL_2020-2020_Regular_Session_JSON_20200518_2f3def64183637eaa8b5a9973bdb8016.zip
2020,17593,Jim Hill,R,Rep,HD-050,2022.0,2.0,ALPERSON-JIM-HILL,AL-2022-house-50-R-JIM-HILL,Jim Hill                              ,R,house,50.0,exact_name_candidate,AL_2020-2020_Regular_Session_JSON_20200518_2f3def64183637eaa8b5a9973bdb8016.zip
2020,17594,Reed Ingram,R,Rep,HD-075,2022.0,2.0,ALPERSON-REED-INGRAM,AL-2022-house-75-R-REED-INGRAM,Reed Ingram                           ,R,house,75.0,exact_name_candidate,AL_2020-2020_Regular_Session_JSON_20200518_2f3def64183637eaa8b5a9973bdb8016.zip
2020,17595,Nathaniel Ledbetter,R,Rep,HD-024,2022.0,2.0,ALPERSON-NATHANIEL-LEDBETTER,AL-2022-house-24-R-NATHANIEL-LEDBETTER,Nathaniel Ledbetter                   ,R,house,24.0,exact_name_candidate,AL_2020-2020_Regular_Session_JSON_20200518_2f3def64183637eaa8b5a9973bdb8016.zip
2020,17596,Chris Sells,R,Rep,HD-090,2022.0,2.0,ALPERSON-CHRIS-SELLS,AL-2022-house-90-R-CHRIS-SELLS,Chris Sells                           ,R,house,90.0,exact_name_candidate,AL_2020-2020_Regular_Session_JSON_20200518_2f3def64183637eaa8b5a9973bdb8016.zip
2020,17597,Kyle South,R,Rep,HD-016,2022.0,2.0,ALPERSON-KYLE-SOUTH,AL-2022-house-16-R-KYLE-SOUTH,Kyle South                            ,R,house,16.0,exact_name_candidate,AL_2020-2020_Regular_Session_JSON_20200518_2f3def64183637eaa8b5a9973bdb8016.zip
2020,17598,Jack Williams,R,Sen,SD-034,2022.0,2.0,ALPERSON-JACK-WILLIAMS,AL-2022-senate-34-R-JACK-WILLIAMS,Jack Williams                         ,R,senate,34.0,exact_name_candidate,AL_2020-2020_Regular_Session_JSON_20200518_2f3def64183637eaa8b5a9973bdb8016.zip
2020,17603,Chris Pringle,R,Rep,HD-101,2022.0,2.0,ALPERSON-CHRIS-PRINGLE,AL-2022-house-101-R-CHRIS-PRINGLE,Chris Pringle                         ,R,house,101.0,exact_name_candidate,AL_2020-2020_Regular_Session_JSON_20200518_2f3def64183637eaa8b5a9973bdb8016.zip
2020,17622,Bob Fincher,R,Rep,HD-037,2022.0,2.0,ALPERSON-BOB-FINCHER,AL-2022-house-37-R-BOB-FINCHER,Bob Fincher                           ,R,house,37.0,exact_name_candidate,AL_2020-2020_Regular_Session_JSON_20200518_2f3def64183637eaa8b5a9973bdb8016.zip
2020,17624,Barbara Drummond,D,Rep,HD-103,2022.0,2.0,ALPERSON-BARBARA-DRUMMOND,AL-2022-house-103-D-BARBARA-DRUMMOND,Barbara Drummond                      ,D,house,103.0,exact_name_candidate,AL_2020-2020_Regular_Session_JSON_20200518_2f3def64183637eaa8b5a9973bdb8016.zip
2020,17625,Kelvin Lawrence,D,Rep,HD-069,,,,,,,,,unmatched_or_out_of_window,AL_2020-2020_Regular_Session_JSON_20200518_2f3def64183637eaa8b5a9973bdb8016.zip
2020,17632,Timothy Wadsworth,R,Rep,HD-014,,,,,,,,,unmatched_or_out_of_window,AL_2020-2020_Regular_Session_JSON_20200518_2f3def64183637eaa8b5a9973bdb8016.zip
2020,17634,Arnold Mooney,R,Rep,HD-043,2022.0,2.0,ALPERSON-ARNOLD-MOONEY,AL-2022-house-43-R-ARNOLD-MOONEY,Arnold Mooney                         ,R,house,43.0,exact_name_candidate,AL_2020-2020_Regular_Session_JSON_20200518_2f3def64183637eaa8b5a9973bdb8016.zip
2020,17642,Anthony Daniels,D,Rep,HD-053,2022.0,2.0,ALPERSON-ANTHONY-DANIELS,AL-2022-house-53-D-ANTHONY-DANIELS,Anthony Daniels                       ,D,house,53.0,exact_name_candidate,AL_2020-2020_Regular_Session_JSON_20200518_2f3def64183637eaa8b5a9973bdb8016.zip
2020,17874,Chris Blackshear,R,Rep,HD-080,,,,,,,,,unmatched_or_out_of_window,AL_2020-2020_Regular_Session_JSON_20200518_2f3def64183637eaa8b5a9973bdb8016.zip
2020,17899,Danny Crawford,R,Rep,HD-005,,,,,,,,,unmatched_or_out_of_window,AL_2020-2020_Regular_Session_JSON_20200518_2f3def64183637eaa8b5a9973bdb8016.zip
2020,19256,Corley Ellis,R,Rep,HD-041,2022.0,2.0,ALPERSON-CORLEY-ELLIS,AL-2022-house-41-R-CORLEY-ELLIS,Corley Ellis                          ,R,house,41.0,exact_name_candidate,AL_2020-2020_Regular_Session_JSON_20200518_2f3def64183637eaa8b5a9973bdb8016.zip
2020,19257,Joe Lovvorn,R,Rep,HD-079,2022.0,2.0,ALPERSON-JOE-LOVVORN,AL-2022-house-79-R-JOE-LOVVORN,Joe Lovvorn                           ,R,house,79.0,exact_name_candidate,AL_2020-2020_Regular_Session_JSON_20200518_2f3def64183637eaa8b5a9973bdb8016.zip
2020,19353,Rolanda Hollis,D,Rep,HD-058,2022.0,2.0,ALPERSON-ROLANDA-HOLLIS,AL-2022-house-58-D-ROLANDA-HOLLIS,Rolanda Hollis                        ,D,house,58.0,exact_name_candidate,AL_2020-2020_Regular_Session_JSON_20200518_2f3def64183637eaa8b5a9973bdb8016.zip
2020,19368,Prince Chestnut,D,Rep,HD-067,2022.0,2.0,ALPERSON-PRINCE-CHESTNUT,AL-2022-house-67-D-PRINCE-CHESTNUT,Prince Chestnut                       ,D,house,67.0,exact_name_candidate,AL_2020-2020_Regular_Session_JSON_20200518_2f3def64183637eaa8b5a9973bdb8016.zip
2020,19618,Rex Reynolds,R,Rep,HD-021,2022.0,2.0,ALPERSON-REX-REYNOLDS,AL-2022-house-21-R-REX-REYNOLDS,Rex Reynolds                          ,R,house,21.0,exact_name_candidate,AL_2020-2020_Regular_Session_JSON_20200518_2f3def64183637eaa8b5a9973bdb8016.zip
2020,20421,Wes Kitchens,R,Rep,HD-027,2022.0,2.0,ALPERSON-WES-KITCHENS,AL-2022-house-27-R-WES-KITCHENS,Wes Kitchens                          ,R,house,27.0,exact_name_candidate,AL_2020-2020_Regular_Session_JSON_20200518_2f3def64183637eaa8b5a9973bdb8016.zip
2020,21169,Chris Elliott,R,Sen,SD-032,2022.0,2.0,ALPERSON-CHRIS-ELLIOTT,AL-2022-senate-32-R-CHRIS-ELLIOTT,Chris Elliott                         ,R,senate,32.0,exact_name_candidate,AL_2020-2020_Regular_Session_JSON_20200518_2f3def64183637eaa8b5a9973bdb8016.zip
2020,21248,Craig Lipscomb,R,Rep,HD-030,2022.0,2.0,ALPERSON-CRAIG-LIPSCOMB,AL-2022-house-30-R-CRAIG-LIPSCOMB,Craig Lipscomb                        ,R,house,30.0,exact_name_candidate,AL_2020-2020_Regular_Session_JSON_20200518_2f3def64183637eaa8b5a9973bdb8016.zip
2020,21249,Scott Stadthagen,R,Rep,HD-009,2022.0,2.0,ALPERSON-SCOTT-STADTHAGEN,AL-2022-house-9-R-SCOTT-STADTHAGEN,Scott Stadthagen                      ,R,house,9.0,exact_name_candidate,AL_2020-2020_Regular_Session_JSON_20200518_2f3def64183637eaa8b5a9973bdb8016.zip
2020,21250,Shane Stringer,R,Rep,HD-102,2022.0,2.0,ALPERSON-SHANE-STRINGER,AL-2022-house-102-R-SHANE-STRINGER,Shane Stringer                        ,R,house,102.0,exact_name_candidate,AL_2020-2020_Regular_Session_JSON_20200518_2f3def64183637eaa8b5a9973bdb8016.zip
2020,21254,Randy Price,R,Sen,SD-013,2022.0,2.0,ALPERSON-RANDY-PRICE,AL-2022-senate-13-R-RANDY-PRICE,Randy Price                           ,R,senate,13.0,exact_name_candidate,AL_2020-2020_Regular_Session_JSON_20200518_2f3def64183637eaa8b5a9973bdb8016.zip
2020,21283,Andrew Jones,R,Sen,SD-010,2022.0,2.0,ALPERSON-ANDREW-JONES,AL-2022-senate-10-R-ANDREW-JONES,Andrew Jones                          ,R,senate,10.0,exact_name_candidate,AL_2020-2020_Regular_Session_JSON_20200518_2f3def64183637eaa8b5a9973bdb8016.zip
2020,21284,Dan Roberts,R,Sen,SD-015,2022.0,2.0,ALPERSON-DAN-ROBERTS,AL-2022-senate-15-R-DAN-ROBERTS,Dan Roberts                           ,R,senate,15.0,exact_name_candidate,AL_2020-2020_Regular_Session_JSON_20200518_2f3def64183637eaa8b5a9973bdb8016.zip
2020,21287,Chip Brown,R,Rep,HD-105,2022.0,2.0,ALPERSON-CHIP-BROWN,AL-2022-house-105-R-CHIP-BROWN,Chip Brown                            ,R,house,105.0,exact_name_candidate,AL_2020-2020_Regular_Session_JSON_20200518_2f3def64183637eaa8b5a9973bdb8016.zip
2020,21288,Tracy Estes,R,Rep,HD-017,2022.0,2.0,ALPERSON-TRACY-ESTES,AL-2022-house-17-R-TRACY-ESTES,Tracy Estes                           ,R,house,17.0,exact_name_candidate,AL_2020-2020_Regular_Session_JSON_20200518_2f3def64183637eaa8b5a9973bdb8016.zip
2020,21289,Matt Simpson,R,Rep,HD-096,2022.0,2.0,ALPERSON-MATT-SIMPSON,AL-2022-house-96-R-MATT-SIMPSON,Matt Simpson                          ,R,house,96.0,exact_name_candidate,AL_2020-2020_Regular_Session_JSON_20200518_2f3def64183637eaa8b5a9973bdb8016.zip
2020,21297,Brett Easterbrook,R,Rep,HD-065,2022.0,2.0,ALPERSON-BRETT-EASTERBROOK,AL-2022-house-65-R-BRETT-EASTERBROOK,Brett Easterbrook                     ,R,house,65.0,exact_name_candidate,AL_2020-2020_Regular_Session_JSON_20200518_2f3def64183637eaa8b5a9973bdb8016.zip
2020,21298,Jeremy Gray,D,Rep,HD-083,2022.0,2.0,ALPERSON-JEREMY-GRAY,AL-2022-house-83-D-JEREMY-GRAY,Jeremy Gray                           ,D,house,83.0,exact_name_candidate,AL_2020-2020_Regular_Session_JSON_20200518_2f3def64183637eaa8b5a9973bdb8016.zip
2020,21299,Kirk Hatcher,D,Rep,HD-078,2022.0,2.0,ALPERSON-KIRK-HATCHER,AL-2022-senate-26-D-KIRK-HATCHER,Kirk Hatcher                          ,D,senate,26.0,exact_name_candidate,AL_2020-2020_Regular_Session_JSON_20200518_2f3def64183637eaa8b5a9973bdb8016.zip
2020,21300,Gil Isbell,R,Rep,HD-028,,,,,,,,,unmatched_or_out_of_window,AL_2020-2020_Regular_Session_JSON_20200518_2f3def64183637eaa8b5a9973bdb8016.zip
2020,21301,Sam Jones,D,Rep,HD-099,2022.0,2.0,ALPERSON-SAM-JONES,AL-2022-house-99-D-SAM-JONES,Sam Jones                             ,D,house,99.0,exact_name_candidate,AL_2020-2020_Regular_Session_JSON_20200518_2f3def64183637eaa8b5a9973bdb8016.zip
2020,21302,Jamie Kiel,R,Rep,HD-018,2022.0,2.0,ALPERSON-JAMIE-KIEL,AL-2022-house-18-R-JAMIE-KIEL,Jamie Kiel                            ,R,house,18.0,exact_name_candidate,AL_2020-2020_Regular_Session_JSON_20200518_2f3def64183637eaa8b5a9973bdb8016.zip
2020,21303,Rhett Marques,R,Rep,HD-091,2022.0,2.0,ALPERSON-RHETT-MARQUES,AL-2022-house-91-R-RHETT-MARQUES,Rhett Marques                         ,R,house,91.0,exact_name_candidate,AL_2020-2020_Regular_Session_JSON_20200518_2f3def64183637eaa8b5a9973bdb8016.zip
2020,21304,Parker Moore,R,Rep,HD-004,,,,,,,,,unmatched_or_out_of_window,AL_2020-2020_Regular_Session_JSON_20200518_2f3def64183637eaa8b5a9973bdb8016.zip
2020,21305,TaShina Morris,D,Rep,HD-077,2022.0,2.0,ALPERSON-TASHINA-MORRIS,AL-2022-house-77-D-TASHINA-MORRIS,Tashina Morris                        ,D,house,77.0,exact_name_candidate,AL_2020-2020_Regular_Session_JSON_20200518_2f3def64183637eaa8b5a9973bdb8016.zip
2020,21306,Ed Oliver,R,Rep,HD-081,2022.0,2.0,ALPERSON-ED-OLIVER,AL-2022-house-81-R-ED-OLIVER,Ed Oliver                             ,R,house,81.0,exact_name_candidate,AL_2020-2020_Regular_Session_JSON_20200518_2f3def64183637eaa8b5a9973bdb8016.zip
2020,21308,Ginny Shaver,R,Rep,HD-039,2022.0,2.0,ALPERSON-GINNY-SHAVER,AL-2022-house-39-R-GINNY-SHAVER,Ginny Shaver                          ,R,house,39.0,exact_name_candidate,AL_2020-2020_Regular_Session_JSON_20200518_2f3def64183637eaa8b5a9973bdb8016.zip
2020,21309,Jeff Sorrells,R,Rep,HD-087,2022.0,2.0,ALPERSON-JEFF-SORRELLS,AL-2022-house-87-R-JEFF-SORRELLS,Jeff Sorrells                         ,R,house,87.0,exact_name_candidate,AL_2020-2020_Regular_Session_JSON_20200518_2f3def64183637eaa8b5a9973bdb8016.zip
2020,21311,Andy Whitt,R,Rep,HD-006,2022.0,2.0,ALPERSON-ANDY-WHITT,AL-2022-house-6-R-ANDY-WHITT,Andy Whitt                            ,R,house,6.0,exact_name_candidate,AL_2020-2020_Regular_Session_JSON_20200518_2f3def64183637eaa8b5a9973bdb8016.zip
2020,21312,Debbie Wood,R,Rep,HD-038,,,,,,,,,unmatched_or_out_of_window,AL_2020-2020_Regular_Session_JSON_20200518_2f3def64183637eaa8b5a9973bdb8016.zip
2020,21313,Will Barfoot,R,Sen,SD-025,2022.0,2.0,ALPERSON-WILL-BARFOOT,AL-2022-senate-25-R-WILL-BARFOOT,Will Barfoot                          ,R,senate,25.0,exact_name_candidate,AL_2020-2020_Regular_Session_JSON_20200518_2f3def64183637eaa8b5a9973bdb8016.zip
2020,21314,David Burkette,D,Sen,SD-026,,,,,,,,,unmatched_or_out_of_window,AL_2020-2020_Regular_Session_JSON_20200518_2f3def64183637eaa8b5a9973bdb8016.zip
2020,21315,Sam Givhan,R,Sen,SD-007,2022.0,2.0,ALPERSON-SAM-GIVHAN,AL-2022-senate-7-R-SAM-GIVHAN,Sam Givhan                            ,R,senate,7.0,exact_name_candidate,AL_2020-2020_Regular_Session_JSON_20200518_2f3def64183637eaa8b5a9973bdb8016.zip
2020,21316,Garlan Gudger,R,Sen,SD-004,2022.0,2.0,ALPERSON-GARLAN-GUDGER,AL-2022-senate-4-R-GARLAN-GUDGER,Garlan Gudger                         ,R,senate,4.0,exact_name_candidate,AL_2020-2020_Regular_Session_JSON_20200518_2f3def64183637eaa8b5a9973bdb8016.zip
2020,21318,Neil Rafferty,D,Rep,HD-054,2022.0,2.0,ALPERSON-NEIL-RAFFERTY,AL-2022-house-54-D-NEIL-RAFFERTY,Neil Rafferty                         ,D,house,54.0,exact_name_candidate,AL_2020-2020_Regular_Session_JSON_20200518_2f3def64183637eaa8b5a9973bdb8016.zip
2020,21416,Charlotte Meadows,R,Rep,HD-074,2022.0,2.0,ALPERSON-CHARLOTTE-MEADOWS,AL-2022-house-74-R-CHARLOTTE-MEADOWS,Charlotte Meadows                     ,R,house,74.0,exact_name_candidate,AL_2020-2020_Regular_Session_JSON_20200518_2f3def64183637eaa8b5a9973bdb8016.zip
2020,21548,Van Smith,R,Rep,HD-042,2022.0,2.0,ALPERSON-VAN-SMITH,AL-2022-house-42-R-VAN-SMITH,Van Smith                             ,R,house,42.0,exact_name_candidate,AL_2020-2020_Regular_Session_JSON_20200518_2f3def64183637eaa8b5a9973bdb8016.zip
2020,3357,Laura Hall,D,Rep,HD-019,2022.0,2.0,ALPERSON-LAURA-HALL,AL-2022-house-19-D-LAURA-HALL,Laura Hall                            ,D,house,19.0,exact_name_candidate,AL_2020-2020_Regular_Session_JSON_20200518_2f3def64183637eaa8b5a9973bdb8016.zip
2020,3358,Artis McCampbell,D,Rep,HD-071,,,,,,,,,unmatched_or_out_of_window,AL_2020-2020_Regular_Session_JSON_20200518_2f3def64183637eaa8b5a9973bdb8016.zip
2020,3360,Barbara Boyd,D,Rep,HD-032,,,,,,,,,unmatched_or_out_of_window,AL_2020-2020_Regular_Session_JSON_20200518_2f3def64183637eaa8b5a9973bdb8016.zip
2020,3370,Pebblin Warren,D,Rep,HD-082,,,,,,,,,unmatched_or_out_of_window,AL_2020-2020_Regular_Session_JSON_20200518_2f3def64183637eaa8b5a9973bdb8016.zip
2020,3371,Ralph Howard,D,Rep,HD-072,,,,,,,,,unmatched_or_out_of_window,AL_2020-2020_Regular_Session_JSON_20200518_2f3def64183637eaa8b5a9973bdb8016.zip
2020,3374,Christopher England,D,Rep,HD-070,,,,,,,,,unmatched_or_out_of_window,AL_2020-2020_Regular_Session_JSON_20200518_2f3def64183637eaa8b5a9973bdb8016.zip
2020,3382,Thomas Jackson,D,Rep,HD-068,,,,,,,,,unmatched_or_out_of_window,AL_2020-2020_Regular_Session_JSON_20200518_2f3def64183637eaa8b5a9973bdb8016.zip
2020,3386,William Beasley,D,Sen,SD-028,,,,,,,,,unmatched_or_out_of_window,AL_2020-2020_Regular_Session_JSON_20200518_2f3def64183637eaa8b5a9973bdb8016.zip
2020,3387,Stephen Hurst,R,Rep,HD-035,,,,,,,,,unmatched_or_out_of_window,AL_2020-2020_Regular_Session_JSON_20200518_2f3def64183637eaa8b5a9973bdb8016.zip
2020,3389,Mary Moore,D,Rep,HD-059,2022.0,2.0,ALPERSON-MARY-MOORE,AL-2022-house-59-D-MARY-MOORE,Mary Moore                            ,D,house,59.0,exact_name_candidate,AL_2020-2020_Regular_Session_JSON_20200518_2f3def64183637eaa8b5a9973bdb8016.zip
2020,3391,Merika Coleman-Evans,D,Rep,HD-057,,,,,,,,,unmatched_or_out_of_window,AL_2020-2020_Regular_Session_JSON_20200518_2f3def64183637eaa8b5a9973bdb8016.zip
2020,3405,Robert Ward,R,Sen,SD-014,,,,,,,,,unmatched_or_out_of_window,AL_2020-2020_Regular_Session_JSON_20200518_2f3def64183637eaa8b5a9973bdb8016.zip
2020,3420,Gerald Allen,R,Sen,SD-021,2022.0,2.0,ALPERSON-GERALD-ALLEN,AL-2022-senate-21-R-GERALD-ALLEN,Gerald Allen                          ,R,senate,21.0,exact_name_candidate,AL_2020-2020_Regular_Session_JSON_20200518_2f3def64183637eaa8b5a9973bdb8016.zip
2020,3426,Alan Baker,R,Rep,HD-066,2022.0,2.0,ALPERSON-ALAN-BAKER,AL-2022-house-66-R-ALAN-BAKER,Alan Baker                            ,R,house,66.0,exact_name_candidate,AL_2020-2020_Regular_Session_JSON_20200518_2f3def64183637eaa8b5a9973bdb8016.zip
2020,3430,Randy Wood,R,Rep,HD-036,2022.0,2.0,ALPERSON-RANDY-WOOD,AL-2022-house-36-R-RANDY-WOOD,Randy Wood                            ,R,house,36.0,exact_name_candidate,AL_2020-2020_Regular_Session_JSON_20200518_2f3def64183637eaa8b5a9973bdb8016.zip
2020,3432,Steve Clouse,R,Rep,HD-093,2022.0,2.0,ALPERSON-STEVE-CLOUSE,AL-2022-house-93-R-STEVE-CLOUSE,Steve Clouse                          ,R,house,93.0,exact_name_candidate,AL_2020-2020_Regular_Session_JSON_20200518_2f3def64183637eaa8b5a9973bdb8016.zip
2020,3445,Allen Treadaway,R,Rep,HD-051,2022.0,2.0,ALPERSON-ALLEN-TREADAWAY,AL-2022-house-51-R-ALLEN-TREADAWAY,Allen Treadaway                       ,R,house,51.0,exact_name_candidate,AL_2020-2020_Regular_Session_JSON_20200518_2f3def64183637eaa8b5a9973bdb8016.zip
2020,3449,Ronald Johnson,R,Rep,HD-033,,,,,,,,,unmatched_or_out_of_window,AL_2020-2020_Regular_Session_JSON_20200518_2f3def64183637eaa8b5a9973bdb8016.zip
2020,3454,John Rogers,D,Rep,HD-052,,,,,,,,,unmatched_or_out_of_window,AL_2020-2020_Regular_Session_JSON_20200518_2f3def64183637eaa8b5a9973bdb8016.zip
2020,3456,Roderick Scott,D,Rep,HD-055,,,,,,,,,unmatched_or_out_of_window,AL_2020-2020_Regular_Session_JSON_20200518_2f3def64183637eaa8b5a9973bdb8016.zip
2020,3459,K.L. Brown,R,Rep,HD-040,,,,,,,,,unmatched_or_out_of_window,AL_2020-2020_Regular_Session_JSON_20200518_2f3def64183637eaa8b5a9973bdb8016.zip
2020,3461,J.T. Waggoner,R,Sen,SD-016,,,,,,,,,unmatched_or_out_of_window,AL_2020-2020_Regular_Session_JSON_20200518_2f3def64183637eaa8b5a9973bdb8016.zip
2020,3465,Rodger Smitherman,D,Sen,SD-018,,,,,,,,,unmatched_or_out_of_window,AL_2020-2020_Regular_Session_JSON_20200518_2f3def64183637eaa8b5a9973bdb8016.zip
2020,3479,Linda Coleman-Madison,D,Sen,SD-020,2022.0,2.0,ALPERSON-LINDA-COLEMAN-MADISON,AL-2022-senate-20-D-LINDA-COLEMAN-MADISON,Linda Coleman-Madison                 ,D,senate,20.0,exact_name_candidate,AL_2020-2020_Regular_Session_JSON_20200518_2f3def64183637eaa8b5a9973bdb8016.zip
2020,3481,Arthur Orr,R,Sen,SD-003,2022.0,2.0,ALPERSON-ARTHUR-ORR,AL-2022-senate-3-R-ARTHUR-ORR,Arthur Orr                            ,R,senate,3.0,exact_name_candidate,AL_2020-2020_Regular_Session_JSON_20200518_2f3def64183637eaa8b5a9973bdb8016.zip
2020,3482,Bobby Singleton,D,Sen,SD-024,2022.0,2.0,ALPERSON-BOBBY-SINGLETON,AL-2022-senate-24-D-BOBBY-SINGLETON,Bobby Singleton                       ,D,senate,24.0,exact_name_candidate,AL_2020-2020_Regular_Session_JSON_20200518_2f3def64183637eaa8b5a9973bdb8016.zip
2020,3486,Tom Butler,R,Sen,SD-002,2022.0,2.0,ALPERSON-TOM-BUTLER,AL-2022-senate-2-R-TOM-BUTLER,Tom Butler                            ,R,senate,2.0,exact_name_candidate,AL_2020-2020_Regular_Session_JSON_20200518_2f3def64183637eaa8b5a9973bdb8016.zip
2020,3490,Vivian Figures,D,Sen,SD-033,,,,,,,,,unmatched_or_out_of_window,AL_2020-2020_Regular_Session_JSON_20200518_2f3def64183637eaa8b5a9973bdb8016.zip
2020,3491,Jimmy Holley,R,Sen,SD-031,,,,,,,,,unmatched_or_out_of_window,AL_2020-2020_Regular_Session_JSON_20200518_2f3def64183637eaa8b5a9973bdb8016.zip
2021,12486,Terri Collins,R,Rep,HD-008,2022.0,1.0,ALPERSON-TERRI-COLLINS,AL-2022-house-8-R-TERRI-COLLINS,Terri Collins                         ,R,house,8.0,exact_name_candidate,AL_2021-2021_Regular_Session_JSON_20210517_9dbae3295ccffea07cbd134e93992ed4.zip
2021,12499,Clay Scofield,R,Sen,SD-009,2022.0,1.0,ALPERSON-CLAY-SCOFIELD,AL-2022-senate-9-R-CLAY-SCOFIELD,Clay Scofield                         ,R,senate,9.0,exact_name_candidate,AL_2021-2021_Regular_Session_JSON_20210517_9dbae3295ccffea07cbd134e93992ed4.zip
2021,12500,April Weaver,R,Sen,SD-014,2022.0,1.0,ALPERSON-APRIL-WEAVER,AL-2022-senate-14-R-APRIL-WEAVER,April Weaver                          ,R,senate,14.0,exact_name_candidate,AL_2021-2021_2nd_Special_Session_JSON_20211104_4584906c94215b8a5f86185ebae84329.zip
2021,12509,Donnie Chesteen,R,Sen,SD-029,2022.0,1.0,ALPERSON-DONNIE-CHESTEEN,AL-2022-senate-29-R-DONNIE-CHESTEEN,Donnie Chesteen                       ,R,senate,29.0,exact_name_candidate,AL_2021-2021_Regular_Session_JSON_20210517_9dbae3295ccffea07cbd134e93992ed4.zip
2021,12521,Thomas Whatley,R,Sen,SD-027,,,,,,,,,unmatched_or_out_of_window,AL_2021-2021_Regular_Session_JSON_20210517_9dbae3295ccffea07cbd134e93992ed4.zip
2021,12542,Napoleon Bracy,D,Rep,HD-098,2022.0,1.0,ALPERSON-NAPOLEON-BRACY-JR,AL-2022-house-98-D-NAPOLEON-BRACY-JR,"Napoleon Bracy, Jr.                   ",D,house,98.0,exact_name_candidate,AL_2021-2021_Regular_Session_JSON_20210517_9dbae3295ccffea07cbd134e93992ed4.zip
2021,12543,Berry Forte,D,Rep,HD-084,2022.0,1.0,ALPERSON-BERRY-FORTE,AL-2022-house-84-D-BERRY-FORTE,Berry Forte                           ,D,house,84.0,exact_name_candidate,AL_2021-2021_Regular_Session_JSON_20210517_9dbae3295ccffea07cbd134e93992ed4.zip
2021,12549,Dexter Grimsley,D,Rep,HD-085,2022.0,1.0,ALPERSON-DEXTER-GRIMSLEY,AL-2022-house-85-D-DEXTER-GRIMSLEY,Dexter Grimsley                       ,D,house,85.0,exact_name_candidate,AL_2021-2021_Regular_Session_JSON_20210517_9dbae3295ccffea07cbd134e93992ed4.zip
2021,12550,Juandalynn Givan,D,Rep,HD-060,2022.0,1.0,ALPERSON-JUANDALYNN-GIVAN,AL-2022-house-60-D-JUANDALYNN-GIVAN,Juandalynn Givan                      ,D,house,60.0,exact_name_candidate,AL_2021-2021_Regular_Session_JSON_20210517_9dbae3295ccffea07cbd134e93992ed4.zip
2021,13150,David Sessions,R,Sen,SD-035,2022.0,1.0,ALPERSON-DAVID-SESSIONS,AL-2022-senate-35-R-DAVID-SESSIONS,David Sessions                        ,R,senate,35.0,exact_name_candidate,AL_2021-2021_Regular_Session_JSON_20210517_9dbae3295ccffea07cbd134e93992ed4.zip
2021,13766,Jim Carns,R,Rep,HD-048,2022.0,1.0,ALPERSON-JIM-CARNS,AL-2022-house-48-R-JIM-CARNS,Jim Carns                             ,R,house,48.0,exact_name_candidate,AL_2021-2021_Regular_Session_JSON_20210517_9dbae3295ccffea07cbd134e93992ed4.zip
2021,15745,David Standridge,R,Rep,HD-034,2022.0,1.0,ALPERSON-DAVID-STANDRIDGE,AL-2022-house-34-R-DAVID-STANDRIDGE,David Standridge                      ,R,house,34.0,exact_name_candidate,AL_2021-2021_Regular_Session_JSON_20210517_9dbae3295ccffea07cbd134e93992ed4.zip
2021,16021,Randall Shedd,R,Rep,HD-011,2022.0,1.0,ALPERSON-RANDALL-SHEDD,AL-2022-house-11-R-RANDALL-SHEDD,Randall Shedd                         ,R,house,11.0,exact_name_candidate,AL_2021-2021_Regular_Session_JSON_20210517_9dbae3295ccffea07cbd134e93992ed4.zip
2021,16140,Adline Clarke,D,Rep,HD-097,2022.0,1.0,ALPERSON-ADLINE-CLARKE,AL-2022-house-97-D-ADLINE-CLARKE,Adline Clarke                         ,D,house,97.0,exact_name_candidate,AL_2021-2021_Regular_Session_JSON_20210517_9dbae3295ccffea07cbd134e93992ed4.zip
2021,16212,Margie Wilcox,R,Rep,HD-104,2022.0,1.0,ALPERSON-MARGIE-WILCOX,AL-2022-house-104-R-MARGIE-WILCOX,Margie Wilcox                         ,R,house,104.0,exact_name_candidate,AL_2021-2021_Regular_Session_JSON_20210517_9dbae3295ccffea07cbd134e93992ed4.zip
2021,16871,Greg Albritton,R,Sen,SD-022,2022.0,1.0,ALPERSON-GREG-ALBRITTON,AL-2022-senate-22-R-GREG-ALBRITTON,Greg Albritton                        ,R,senate,22.0,exact_name_candidate,AL_2021-2021_Regular_Session_JSON_20210517_9dbae3295ccffea07cbd134e93992ed4.zip
2021,16872,Clyde Chambliss,R,Sen,SD-030,2022.0,1.0,ALPERSON-CLYDE-CHAMBLISS-JR,AL-2022-senate-30-R-CLYDE-CHAMBLISS-JR,"Clyde Chambliss, Jr.                  ",R,senate,30.0,exact_name_candidate,AL_2021-2021_Regular_Session_JSON_20210517_9dbae3295ccffea07cbd134e93992ed4.zip
2021,16873,Steve Livingston,R,Sen,SD-008,2022.0,1.0,ALPERSON-STEVE-LIVINGSTON,AL-2022-senate-8-R-STEVE-LIVINGSTON,Steve Livingston                      ,R,senate,8.0,exact_name_candidate,AL_2021-2021_Regular_Session_JSON_20210517_9dbae3295ccffea07cbd134e93992ed4.zip
2021,16874,Shay Shelnutt,R,Sen,SD-017,2022.0,1.0,ALPERSON-SHAY-SHELNUTT,AL-2022-senate-17-R-SHAY-SHELNUTT,Shay Shelnutt                         ,R,senate,17.0,exact_name_candidate,AL_2021-2021_Regular_Session_JSON_20210517_9dbae3295ccffea07cbd134e93992ed4.zip
2021,16875,Tim Melson,R,Sen,SD-001,2022.0,1.0,ALPERSON-TIM-MELSON,AL-2022-senate-1-R-TIM-MELSON,Tim Melson                            ,R,senate,1.0,exact_name_candidate,AL_2021-2021_Regular_Session_JSON_20210517_9dbae3295ccffea07cbd134e93992ed4.zip
2021,16876,Larry Stutts,R,Sen,SD-006,2022.0,1.0,ALPERSON-LARRY-STUTTS,AL-2022-senate-6-R-LARRY-STUTTS,Larry Stutts                          ,R,senate,6.0,exact_name_candidate,AL_2021-2021_Regular_Session_JSON_20210517_9dbae3295ccffea07cbd134e93992ed4.zip
2021,17025,Corey Harbison,R,Rep,HD-012,2022.0,1.0,ALPERSON-COREY-HARBISON,AL-2022-house-12-R-COREY-HARBISON,Corey Harbison                        ,R,house,12.0,exact_name_candidate,AL_2021-2021_Regular_Session_JSON_20210517_9dbae3295ccffea07cbd134e93992ed4.zip
2021,17026,Phillip Pettus,R,Rep,HD-001,2022.0,1.0,ALPERSON-PHILLIP-PETTUS,AL-2022-house-1-R-PHILLIP-PETTUS,Phillip Pettus                        ,R,house,1.0,exact_name_candidate,AL_2021-2021_Regular_Session_JSON_20210517_9dbae3295ccffea07cbd134e93992ed4.zip
2021,17027,Ritchie Whorton,R,Rep,HD-022,2022.0,1.0,ALPERSON-RITCHIE-WHORTON,AL-2022-house-22-R-RITCHIE-WHORTON,Ritchie Whorton                       ,R,house,22.0,exact_name_candidate,AL_2021-2021_Regular_Session_JSON_20210517_9dbae3295ccffea07cbd134e93992ed4.zip
2021,17028,Connie Rowe,R,Rep,HD-013,,,,,,,,,unmatched_or_out_of_window,AL_2021-2021_Regular_Session_JSON_20210517_9dbae3295ccffea07cbd134e93992ed4.zip
2021,17589,David Faulkner,R,Rep,HD-046,2022.0,1.0,ALPERSON-DAVID-FAULKNER,AL-2022-house-46-R-DAVID-FAULKNER,David Faulkner                        ,R,house,46.0,exact_name_candidate,AL_2021-2021_Regular_Session_JSON_20210517_9dbae3295ccffea07cbd134e93992ed4.zip
2021,17591,Danny Garrett,R,Rep,HD-044,2022.0,1.0,ALPERSON-DANNY-GARRETT,AL-2022-house-44-R-DANNY-GARRETT,Danny Garrett                         ,R,house,44.0,exact_name_candidate,AL_2021-2021_Regular_Session_JSON_20210517_9dbae3295ccffea07cbd134e93992ed4.zip
2021,17592,James Hanes,R,Rep,HD-023,,,,,,,,,unmatched_or_out_of_window,AL_2021-2021_Regular_Session_JSON_20210517_9dbae3295ccffea07cbd134e93992ed4.zip
2021,17593,Jim Hill,R,Rep,HD-050,2022.0,1.0,ALPERSON-JIM-HILL,AL-2022-house-50-R-JIM-HILL,Jim Hill                              ,R,house,50.0,exact_name_candidate,AL_2021-2021_Regular_Session_JSON_20210517_9dbae3295ccffea07cbd134e93992ed4.zip
2021,17594,Reed Ingram,R,Rep,HD-075,2022.0,1.0,ALPERSON-REED-INGRAM,AL-2022-house-75-R-REED-INGRAM,Reed Ingram                           ,R,house,75.0,exact_name_candidate,AL_2021-2021_Regular_Session_JSON_20210517_9dbae3295ccffea07cbd134e93992ed4.zip
2021,17595,Nathaniel Ledbetter,R,Rep,HD-024,2022.0,1.0,ALPERSON-NATHANIEL-LEDBETTER,AL-2022-house-24-R-NATHANIEL-LEDBETTER,Nathaniel Ledbetter                   ,R,house,24.0,exact_name_candidate,AL_2021-2021_Regular_Session_JSON_20210517_9dbae3295ccffea07cbd134e93992ed4.zip
2021,17596,Chris Sells,R,Rep,HD-090,2022.0,1.0,ALPERSON-CHRIS-SELLS,AL-2022-house-90-R-CHRIS-SELLS,Chris Sells                           ,R,house,90.0,exact_name_candidate,AL_2021-2021_Regular_Session_JSON_20210517_9dbae3295ccffea07cbd134e93992ed4.zip
2021,17597,Kyle South,R,Rep,HD-016,2022.0,1.0,ALPERSON-KYLE-SOUTH,AL-2022-house-16-R-KYLE-SOUTH,Kyle South                            ,R,house,16.0,exact_name_candidate,AL_2021-2021_Regular_Session_JSON_20210517_9dbae3295ccffea07cbd134e93992ed4.zip
2021,17598,Jack Williams,R,Sen,SD-034,2022.0,1.0,ALPERSON-JACK-WILLIAMS,AL-2022-senate-34-R-JACK-WILLIAMS,Jack Williams                         ,R,senate,34.0,exact_name_candidate,AL_2021-2021_Regular_Session_JSON_20210517_9dbae3295ccffea07cbd134e93992ed4.zip
2021,17603,Chris Pringle,R,Rep,HD-101,2022.0,1.0,ALPERSON-CHRIS-PRINGLE,AL-2022-house-101-R-CHRIS-PRINGLE,Chris Pringle                         ,R,house,101.0,exact_name_candidate,AL_2021-2021_Regular_Session_JSON_20210517_9dbae3295ccffea07cbd134e93992ed4.zip
2021,17622,Bob Fincher,R,Rep,HD-037,2022.0,1.0,ALPERSON-BOB-FINCHER,AL-2022-house-37-R-BOB-FINCHER,Bob Fincher                           ,R,house,37.0,exact_name_candidate,AL_2021-2021_Regular_Session_JSON_20210517_9dbae3295ccffea07cbd134e93992ed4.zip
2021,17624,Barbara Drummond,D,Rep,HD-103,2022.0,1.0,ALPERSON-BARBARA-DRUMMOND,AL-2022-house-103-D-BARBARA-DRUMMOND,Barbara Drummond                      ,D,house,103.0,exact_name_candidate,AL_2021-2021_Regular_Session_JSON_20210517_9dbae3295ccffea07cbd134e93992ed4.zip
2021,17625,Kelvin Lawrence,D,Rep,HD-069,,,,,,,,,unmatched_or_out_of_window,AL_2021-2021_Regular_Session_JSON_20210517_9dbae3295ccffea07cbd134e93992ed4.zip
2021,17632,Timothy Wadsworth,R,Rep,HD-014,,,,,,,,,unmatched_or_out_of_window,AL_2021-2021_Regular_Session_JSON_20210517_9dbae3295ccffea07cbd134e93992ed4.zip
2021,17634,Arnold Mooney,R,Rep,HD-043,2022.0,1.0,ALPERSON-ARNOLD-MOONEY,AL-2022-house-43-R-ARNOLD-MOONEY,Arnold Mooney                         ,R,house,43.0,exact_name_candidate,AL_2021-2021_Regular_Session_JSON_20210517_9dbae3295ccffea07cbd134e93992ed4.zip
2021,17642,Anthony Daniels,D,Rep,HD-053,2022.0,1.0,ALPERSON-ANTHONY-DANIELS,AL-2022-house-53-D-ANTHONY-DANIELS,Anthony Daniels                       ,D,house,53.0,exact_name_candidate,AL_2021-2021_Regular_Session_JSON_20210517_9dbae3295ccffea07cbd134e93992ed4.zip
2021,17874,Chris Blackshear,R,Rep,HD-080,,,,,,,,,unmatched_or_out_of_window,AL_2021-2021_Regular_Session_JSON_20210517_9dbae3295ccffea07cbd134e93992ed4.zip
2021,17899,Danny Crawford,R,Rep,HD-005,,,,,,,,,unmatched_or_out_of_window,AL_2021-2021_Regular_Session_JSON_20210517_9dbae3295ccffea07cbd134e93992ed4.zip
2021,19256,Corley Ellis,R,Rep,HD-041,2022.0,1.0,ALPERSON-CORLEY-ELLIS,AL-2022-house-41-R-CORLEY-ELLIS,Corley Ellis                          ,R,house,41.0,exact_name_candidate,AL_2021-2021_Regular_Session_JSON_20210517_9dbae3295ccffea07cbd134e93992ed4.zip
2021,19257,Joe Lovvorn,R,Rep,HD-079,2022.0,1.0,ALPERSON-JOE-LOVVORN,AL-2022-house-79-R-JOE-LOVVORN,Joe Lovvorn                           ,R,house,79.0,exact_name_candidate,AL_2021-2021_Regular_Session_JSON_20210517_9dbae3295ccffea07cbd134e93992ed4.zip
2021,19353,Rolanda Hollis,D,Rep,HD-058,2022.0,1.0,ALPERSON-ROLANDA-HOLLIS,AL-2022-house-58-D-ROLANDA-HOLLIS,Rolanda Hollis                        ,D,house,58.0,exact_name_candidate,AL_2021-2021_Regular_Session_JSON_20210517_9dbae3295ccffea07cbd134e93992ed4.zip
2021,19368,Prince Chestnut,D,Rep,HD-067,2022.0,1.0,ALPERSON-PRINCE-CHESTNUT,AL-2022-house-67-D-PRINCE-CHESTNUT,Prince Chestnut                       ,D,house,67.0,exact_name_candidate,AL_2021-2021_Regular_Session_JSON_20210517_9dbae3295ccffea07cbd134e93992ed4.zip
2021,19618,Rex Reynolds,R,Rep,HD-021,2022.0,1.0,ALPERSON-REX-REYNOLDS,AL-2022-house-21-R-REX-REYNOLDS,Rex Reynolds                          ,R,house,21.0,exact_name_candidate,AL_2021-2021_Regular_Session_JSON_20210517_9dbae3295ccffea07cbd134e93992ed4.zip
2021,20421,Wes Kitchens,R,Rep,HD-027,2022.0,1.0,ALPERSON-WES-KITCHENS,AL-2022-house-27-R-WES-KITCHENS,Wes Kitchens                          ,R,house,27.0,exact_name_candidate,AL_2021-2021_Regular_Session_JSON_20210517_9dbae3295ccffea07cbd134e93992ed4.zip
2021,21169,Chris Elliott,R,Sen,SD-032,2022.0,1.0,ALPERSON-CHRIS-ELLIOTT,AL-2022-senate-32-R-CHRIS-ELLIOTT,Chris Elliott                         ,R,senate,32.0,exact_name_candidate,AL_2021-2021_Regular_Session_JSON_20210517_9dbae3295ccffea07cbd134e93992ed4.zip
2021,21248,Craig Lipscomb,R,Rep,HD-030,2022.0,1.0,ALPERSON-CRAIG-LIPSCOMB,AL-2022-house-30-R-CRAIG-LIPSCOMB,Craig Lipscomb                        ,R,house,30.0,exact_name_candidate,AL_2021-2021_Regular_Session_JSON_20210517_9dbae3295ccffea07cbd134e93992ed4.zip
2021,21249,Scott Stadthagen,R,Rep,HD-009,2022.0,1.0,ALPERSON-SCOTT-STADTHAGEN,AL-2022-house-9-R-SCOTT-STADTHAGEN,Scott Stadthagen                      ,R,house,9.0,exact_name_candidate,AL_2021-2021_Regular_Session_JSON_20210517_9dbae3295ccffea07cbd134e93992ed4.zip
2021,21250,Shane Stringer,R,Rep,HD-102,2022.0,1.0,ALPERSON-SHANE-STRINGER,AL-2022-house-102-R-SHANE-STRINGER,Shane Stringer                        ,R,house,102.0,exact_name_candidate,AL_2021-2021_Regular_Session_JSON_20210517_9dbae3295ccffea07cbd134e93992ed4.zip
2021,21254,Randy Price,R,Sen,SD-013,2022.0,1.0,ALPERSON-RANDY-PRICE,AL-2022-senate-13-R-RANDY-PRICE,Randy Price                           ,R,senate,13.0,exact_name_candidate,AL_2021-2021_Regular_Session_JSON_20210517_9dbae3295ccffea07cbd134e93992ed4.zip
2021,21283,Andrew Jones,R,Sen,SD-010,2022.0,1.0,ALPERSON-ANDREW-JONES,AL-2022-senate-10-R-ANDREW-JONES,Andrew Jones                          ,R,senate,10.0,exact_name_candidate,AL_2021-2021_Regular_Session_JSON_20210517_9dbae3295ccffea07cbd134e93992ed4.zip
2021,21284,Dan Roberts,R,Sen,SD-015,2022.0,1.0,ALPERSON-DAN-ROBERTS,AL-2022-senate-15-R-DAN-ROBERTS,Dan Roberts                           ,R,senate,15.0,exact_name_candidate,AL_2021-2021_Regular_Session_JSON_20210517_9dbae3295ccffea07cbd134e93992ed4.zip
2021,21287,Chip Brown,R,Rep,HD-105,2022.0,1.0,ALPERSON-CHIP-BROWN,AL-2022-house-105-R-CHIP-BROWN,Chip Brown                            ,R,house,105.0,exact_name_candidate,AL_2021-2021_Regular_Session_JSON_20210517_9dbae3295ccffea07cbd134e93992ed4.zip
2021,21288,Tracy Estes,R,Rep,HD-017,2022.0,1.0,ALPERSON-TRACY-ESTES,AL-2022-house-17-R-TRACY-ESTES,Tracy Estes                           ,R,house,17.0,exact_name_candidate,AL_2021-2021_Regular_Session_JSON_20210517_9dbae3295ccffea07cbd134e93992ed4.zip
2021,21289,Matt Simpson,R,Rep,HD-096,2022.0,1.0,ALPERSON-MATT-SIMPSON,AL-2022-house-96-R-MATT-SIMPSON,Matt Simpson                          ,R,house,96.0,exact_name_candidate,AL_2021-2021_Regular_Session_JSON_20210517_9dbae3295ccffea07cbd134e93992ed4.zip
2021,21297,Brett Easterbrook,R,Rep,HD-065,2022.0,1.0,ALPERSON-BRETT-EASTERBROOK,AL-2022-house-65-R-BRETT-EASTERBROOK,Brett Easterbrook                     ,R,house,65.0,exact_name_candidate,AL_2021-2021_Regular_Session_JSON_20210517_9dbae3295ccffea07cbd134e93992ed4.zip
2021,21298,Jeremy Gray,D,Rep,HD-083,2022.0,1.0,ALPERSON-JEREMY-GRAY,AL-2022-house-83-D-JEREMY-GRAY,Jeremy Gray                           ,D,house,83.0,exact_name_candidate,AL_2021-2021_Regular_Session_JSON_20210517_9dbae3295ccffea07cbd134e93992ed4.zip
2021,21299,Kirk Hatcher,D,Rep,HD-078,2022.0,1.0,ALPERSON-KIRK-HATCHER,AL-2022-senate-26-D-KIRK-HATCHER,Kirk Hatcher                          ,D,senate,26.0,exact_name_candidate,AL_2021-2021_Regular_Session_JSON_20210517_9dbae3295ccffea07cbd134e93992ed4.zip
2021,21300,Gil Isbell,R,Rep,HD-028,,,,,,,,,unmatched_or_out_of_window,AL_2021-2021_Regular_Session_JSON_20210517_9dbae3295ccffea07cbd134e93992ed4.zip
2021,21301,Sam Jones,D,Rep,HD-099,2022.0,1.0,ALPERSON-SAM-JONES,AL-2022-house-99-D-SAM-JONES,Sam Jones                             ,D,house,99.0,exact_name_candidate,AL_2021-2021_Regular_Session_JSON_20210517_9dbae3295ccffea07cbd134e93992ed4.zip
2021,21302,Jamie Kiel,R,Rep,HD-018,2022.0,1.0,ALPERSON-JAMIE-KIEL,AL-2022-house-18-R-JAMIE-KIEL,Jamie Kiel                            ,R,house,18.0,exact_name_candidate,AL_2021-2021_Regular_Session_JSON_20210517_9dbae3295ccffea07cbd134e93992ed4.zip
2021,21303,Rhett Marques,R,Rep,HD-091,2022.0,1.0,ALPERSON-RHETT-MARQUES,AL-2022-house-91-R-RHETT-MARQUES,Rhett Marques                         ,R,house,91.0,exact_name_candidate,AL_2021-2021_Regular_Session_JSON_20210517_9dbae3295ccffea07cbd134e93992ed4.zip
2021,21304,Parker Moore,R,Rep,HD-004,,,,,,,,,unmatched_or_out_of_window,AL_2021-2021_Regular_Session_JSON_20210517_9dbae3295ccffea07cbd134e93992ed4.zip
2021,21305,TaShina Morris,D,Rep,HD-077,2022.0,1.0,ALPERSON-TASHINA-MORRIS,AL-2022-house-77-D-TASHINA-MORRIS,Tashina Morris                        ,D,house,77.0,exact_name_candidate,AL_2021-2021_Regular_Session_JSON_20210517_9dbae3295ccffea07cbd134e93992ed4.zip
2021,21306,Ed Oliver,R,Rep,HD-081,2022.0,1.0,ALPERSON-ED-OLIVER,AL-2022-house-81-R-ED-OLIVER,Ed Oliver                             ,R,house,81.0,exact_name_candidate,AL_2021-2021_Regular_Session_JSON_20210517_9dbae3295ccffea07cbd134e93992ed4.zip
2021,21308,Ginny Shaver,R,Rep,HD-039,2022.0,1.0,ALPERSON-GINNY-SHAVER,AL-2022-house-39-R-GINNY-SHAVER,Ginny Shaver                          ,R,house,39.0,exact_name_candidate,AL_2021-2021_Regular_Session_JSON_20210517_9dbae3295ccffea07cbd134e93992ed4.zip
2021,21309,Jeff Sorrells,R,Rep,HD-087,2022.0,1.0,ALPERSON-JEFF-SORRELLS,AL-2022-house-87-R-JEFF-SORRELLS,Jeff Sorrells                         ,R,house,87.0,exact_name_candidate,AL_2021-2021_Regular_Session_JSON_20210517_9dbae3295ccffea07cbd134e93992ed4.zip
2021,21311,Andy Whitt,R,Rep,HD-006,2022.0,1.0,ALPERSON-ANDY-WHITT,AL-2022-house-6-R-ANDY-WHITT,Andy Whitt                            ,R,house,6.0,exact_name_candidate,AL_2021-2021_Regular_Session_JSON_20210517_9dbae3295ccffea07cbd134e93992ed4.zip
2021,21312,Debbie Wood,R,Rep,HD-038,,,,,,,,,unmatched_or_out_of_window,AL_2021-2021_Regular_Session_JSON_20210517_9dbae3295ccffea07cbd134e93992ed4.zip
2021,21313,Will Barfoot,R,Sen,SD-025,2022.0,1.0,ALPERSON-WILL-BARFOOT,AL-2022-senate-25-R-WILL-BARFOOT,Will Barfoot                          ,R,senate,25.0,exact_name_candidate,AL_2021-2021_Regular_Session_JSON_20210517_9dbae3295ccffea07cbd134e93992ed4.zip
2021,21315,Sam Givhan,R,Sen,SD-007,2022.0,1.0,ALPERSON-SAM-GIVHAN,AL-2022-senate-7-R-SAM-GIVHAN,Sam Givhan                            ,R,senate,7.0,exact_name_candidate,AL_2021-2021_Regular_Session_JSON_20210517_9dbae3295ccffea07cbd134e93992ed4.zip
2021,21316,Garlan Gudger,R,Sen,SD-004,2022.0,1.0,ALPERSON-GARLAN-GUDGER,AL-2022-senate-4-R-GARLAN-GUDGER,Garlan Gudger                         ,R,senate,4.0,exact_name_candidate,AL_2021-2021_Regular_Session_JSON_20210517_9dbae3295ccffea07cbd134e93992ed4.zip
2021,21318,Neil Rafferty,D,Rep,HD-054,2022.0,1.0,ALPERSON-NEIL-RAFFERTY,AL-2022-house-54-D-NEIL-RAFFERTY,Neil Rafferty                         ,D,house,54.0,exact_name_candidate,AL_2021-2021_Regular_Session_JSON_20210517_9dbae3295ccffea07cbd134e93992ed4.zip
2021,21416,Charlotte Meadows,R,Rep,HD-074,2022.0,1.0,ALPERSON-CHARLOTTE-MEADOWS,AL-2022-house-74-R-CHARLOTTE-MEADOWS,Charlotte Meadows                     ,R,house,74.0,exact_name_candidate,AL_2021-2021_Regular_Session_JSON_20210517_9dbae3295ccffea07cbd134e93992ed4.zip
2021,21548,Van Smith,R,Rep,HD-042,2022.0,1.0,ALPERSON-VAN-SMITH,AL-2022-house-42-R-VAN-SMITH,Van Smith                             ,R,house,42.0,exact_name_candidate,AL_2021-2021_Regular_Session_JSON_20210517_9dbae3295ccffea07cbd134e93992ed4.zip
2021,22671,Russell Bedsole,R,Rep,HD-049,2022.0,1.0,ALPERSON-RUSSELL-BEDSOLE,AL-2022-house-49-R-RUSSELL-BEDSOLE,Russell Bedsole                       ,R,house,49.0,exact_name_candidate,AL_2021-2021_Regular_Session_JSON_20210517_9dbae3295ccffea07cbd134e93992ed4.zip
2021,22761,Ben Robbins,R,Rep,HD-033,2022.0,1.0,ALPERSON-BEN-ROBBINS,AL-2022-house-33-R-BEN-ROBBINS,Ben Robbins                           ,R,house,33.0,exact_name_candidate,AL_2021-2021_Regular_Session_JSON_20210517_9dbae3295ccffea07cbd134e93992ed4.zip
2021,22952,Kenyatte Hassell,D,Rep,HD-078,2022.0,1.0,ALPERSON-KENYATTE-HASSELL,AL-2022-house-78-D-KENYATTE-HASSELL,Kenyatte Hassell                      ,D,house,78.0,exact_name_candidate,AL_2021-2021_2nd_Special_Session_JSON_20211104_4584906c94215b8a5f86185ebae84329.zip
2021,22953,Kenneth Paschal,R,Rep,HD-073,2022.0,1.0,ALPERSON-KENNETH-PASCHAL,AL-2022-house-73-R-KENNETH-PASCHAL,Kenneth Paschal                       ,R,house,73.0,exact_name_candidate,AL_2021-2021_2nd_Special_Session_JSON_20211104_4584906c94215b8a5f86185ebae84329.zip
2021,3357,Laura Hall,D,Rep,HD-019,2022.0,1.0,ALPERSON-LAURA-HALL,AL-2022-house-19-D-LAURA-HALL,Laura Hall                            ,D,house,19.0,exact_name_candidate,AL_2021-2021_Regular_Session_JSON_20210517_9dbae3295ccffea07cbd134e93992ed4.zip
2021,3358,Artis McCampbell,D,Rep,HD-071,,,,,,,,,unmatched_or_out_of_window,AL_2021-2021_Regular_Session_JSON_20210517_9dbae3295ccffea07cbd134e93992ed4.zip
2021,3360,Barbara Boyd,D,Rep,HD-032,,,,,,,,,unmatched_or_out_of_window,AL_2021-2021_Regular_Session_JSON_20210517_9dbae3295ccffea07cbd134e93992ed4.zip
2021,3370,Pebblin Warren,D,Rep,HD-082,,,,,,,,,unmatched_or_out_of_window,AL_2021-2021_Regular_Session_JSON_20210517_9dbae3295ccffea07cbd134e93992ed4.zip
2021,3371,Ralph Howard,D,Rep,HD-072,,,,,,,,,unmatched_or_out_of_window,AL_2021-2021_Regular_Session_JSON_20210517_9dbae3295ccffea07cbd134e93992ed4.zip
2021,3374,Christopher England,D,Rep,HD-070,,,,,,,,,unmatched_or_out_of_window,AL_2021-2021_Regular_Session_JSON_20210517_9dbae3295ccffea07cbd134e93992ed4.zip
2021,3382,Thomas Jackson,D,Rep,HD-068,,,,,,,,,unmatched_or_out_of_window,AL_2021-2021_Regular_Session_JSON_20210517_9dbae3295ccffea07cbd134e93992ed4.zip
2021,3386,William Beasley,D,Sen,SD-028,,,,,,,,,unmatched_or_out_of_window,AL_2021-2021_Regular_Session_JSON_20210517_9dbae3295ccffea07cbd134e93992ed4.zip
2021,3387,Stephen Hurst,R,Rep,HD-035,,,,,,,,,unmatched_or_out_of_window,AL_2021-2021_Regular_Session_JSON_20210517_9dbae3295ccffea07cbd134e93992ed4.zip
2021,3389,Mary Moore,D,Rep,HD-059,2022.0,1.0,ALPERSON-MARY-MOORE,AL-2022-house-59-D-MARY-MOORE,Mary Moore                            ,D,house,59.0,exact_name_candidate,AL_2021-2021_Regular_Session_JSON_20210517_9dbae3295ccffea07cbd134e93992ed4.zip
2021,3391,Merika Coleman-Evans,D,Rep,HD-057,,,,,,,,,unmatched_or_out_of_window,AL_2021-2021_Regular_Session_JSON_20210517_9dbae3295ccffea07cbd134e93992ed4.zip
2021,3420,Gerald Allen,R,Sen,SD-021,2022.0,1.0,ALPERSON-GERALD-ALLEN,AL-2022-senate-21-R-GERALD-ALLEN,Gerald Allen                          ,R,senate,21.0,exact_name_candidate,AL_2021-2021_Regular_Session_JSON_20210517_9dbae3295ccffea07cbd134e93992ed4.zip
2021,3426,Alan Baker,R,Rep,HD-066,2022.0,1.0,ALPERSON-ALAN-BAKER,AL-2022-house-66-R-ALAN-BAKER,Alan Baker                            ,R,house,66.0,exact_name_candidate,AL_2021-2021_Regular_Session_JSON_20210517_9dbae3295ccffea07cbd134e93992ed4.zip
2021,3430,Randy Wood,R,Rep,HD-036,2022.0,1.0,ALPERSON-RANDY-WOOD,AL-2022-house-36-R-RANDY-WOOD,Randy Wood                            ,R,house,36.0,exact_name_candidate,AL_2021-2021_Regular_Session_JSON_20210517_9dbae3295ccffea07cbd134e93992ed4.zip
2021,3432,Steve Clouse,R,Rep,HD-093,2022.0,1.0,ALPERSON-STEVE-CLOUSE,AL-2022-house-93-R-STEVE-CLOUSE,Steve Clouse                          ,R,house,93.0,exact_name_candidate,AL_2021-2021_Regular_Session_JSON_20210517_9dbae3295ccffea07cbd134e93992ed4.zip
2021,3445,Allen Treadaway,R,Rep,HD-051,2022.0,1.0,ALPERSON-ALLEN-TREADAWAY,AL-2022-house-51-R-ALLEN-TREADAWAY,Allen Treadaway                       ,R,house,51.0,exact_name_candidate,AL_2021-2021_Regular_Session_JSON_20210517_9dbae3295ccffea07cbd134e93992ed4.zip
2021,3454,John Rogers,D,Rep,HD-052,,,,,,,,,unmatched_or_out_of_window,AL_2021-2021_Regular_Session_JSON_20210517_9dbae3295ccffea07cbd134e93992ed4.zip
2021,3456,Roderick Scott,D,Rep,HD-055,,,,,,,,,unmatched_or_out_of_window,AL_2021-2021_Regular_Session_JSON_20210517_9dbae3295ccffea07cbd134e93992ed4.zip
2021,3459,K.L. Brown,R,Rep,HD-040,,,,,,,,,unmatched_or_out_of_window,AL_2021-2021_Regular_Session_JSON_20210517_9dbae3295ccffea07cbd134e93992ed4.zip
2021,3461,J.T. Waggoner,R,Sen,SD-016,,,,,,,,,unmatched_or_out_of_window,AL_2021-2021_Regular_Session_JSON_20210517_9dbae3295ccffea07cbd134e93992ed4.zip
2021,3465,Rodger Smitherman,D,Sen,SD-018,,,,,,,,,unmatched_or_out_of_window,AL_2021-2021_Regular_Session_JSON_20210517_9dbae3295ccffea07cbd134e93992ed4.zip
2021,3479,Linda Coleman-Madison,D,Sen,SD-020,2022.0,1.0,ALPERSON-LINDA-COLEMAN-MADISON,AL-2022-senate-20-D-LINDA-COLEMAN-MADISON,Linda Coleman-Madison                 ,D,senate,20.0,exact_name_candidate,AL_2021-2021_Regular_Session_JSON_20210517_9dbae3295ccffea07cbd134e93992ed4.zip
2021,3481,Arthur Orr,R,Sen,SD-003,2022.0,1.0,ALPERSON-ARTHUR-ORR,AL-2022-senate-3-R-ARTHUR-ORR,Arthur Orr                            ,R,senate,3.0,exact_name_candidate,AL_2021-2021_Regular_Session_JSON_20210517_9dbae3295ccffea07cbd134e93992ed4.zip
2021,3482,Bobby Singleton,D,Sen,SD-024,2022.0,1.0,ALPERSON-BOBBY-SINGLETON,AL-2022-senate-24-D-BOBBY-SINGLETON,Bobby Singleton                       ,D,senate,24.0,exact_name_candidate,AL_2021-2021_Regular_Session_JSON_20210517_9dbae3295ccffea07cbd134e93992ed4.zip
2021,3486,Tom Butler,R,Sen,SD-002,2022.0,1.0,ALPERSON-TOM-BUTLER,AL-2022-senate-2-R-TOM-BUTLER,Tom Butler                            ,R,senate,2.0,exact_name_candidate,AL_2021-2021_Regular_Session_JSON_20210517_9dbae3295ccffea07cbd134e93992ed4.zip
2021,3490,Vivian Figures,D,Sen,SD-033,,,,,,,,,unmatched_or_out_of_window,AL_2021-2021_Regular_Session_JSON_20210517_9dbae3295ccffea07cbd134e93992ed4.zip
2021,3491,Jimmy Holley,R,Sen,SD-031,,,,,,,,,unmatched_or_out_of_window,AL_2021-2021_Regular_Session_JSON_20210517_9dbae3295ccffea07cbd134e93992ed4.zip
2021,22885,Rules,,Sen,,,,,,,,,,unmatched_or_out_of_window,AL_2021-2021_Regular_Session_JSON_20210517_9dbae3295ccffea07cbd134e93992ed4.zip
2021,22964,Cynthia Almond,R,Rep,HD-003,,,,,,,,,unmatched_or_out_of_window,AL_2021-2021_2nd_Special_Session_JSON_20211104_4584906c94215b8a5f86185ebae84329.zip
2021,12530,William Poole,R,Rep,HD-063,,,,,,,,,unmatched_or_out_of_window,AL_2021-2021_Regular_Session_JSON_20210517_9dbae3295ccffea07cbd134e93992ed4.zip
2021,21314,David Burkette,D,Sen,SD-026,,,,,,,,,unmatched_or_out_of_window,AL_2021-2021_Regular_Session_JSON_20210517_9dbae3295ccffea07cbd134e93992ed4.zip
2021,22886,Rules,,Rep,,,,,,,,,,unmatched_or_out_of_window,AL_2021-2021_Regular_Session_JSON_20210517_9dbae3295ccffea07cbd134e93992ed4.zip
2021,3405,Robert Ward,R,Sen,SD-014,,,,,,,,,unmatched_or_out_of_window,AL_2021-2021_Regular_Session_JSON_20210517_9dbae3295ccffea07cbd134e93992ed4.zip
2022,12486,Terri Collins,R,Rep,HD-008,2022.0,0.0,ALPERSON-TERRI-COLLINS,AL-2022-house-8-R-TERRI-COLLINS,Terri Collins                         ,R,house,8.0,exact_name_candidate,AL_2022-2022_Regular_Session_JSON_20220407_7dc12ea62a642080f5e7d5407a5ef9ca.zip
2022,12499,Clay Scofield,R,Sen,SD-009,2022.0,0.0,ALPERSON-CLAY-SCOFIELD,AL-2022-senate-9-R-CLAY-SCOFIELD,Clay Scofield                         ,R,senate,9.0,exact_name_candidate,AL_2022-2022_Regular_Session_JSON_20220407_7dc12ea62a642080f5e7d5407a5ef9ca.zip
2022,12500,April Weaver,R,Sen,SD-014,2022.0,0.0,ALPERSON-APRIL-WEAVER,AL-2022-senate-14-R-APRIL-WEAVER,April Weaver                          ,R,senate,14.0,exact_name_candidate,AL_2022-2022_Regular_Session_JSON_20220407_7dc12ea62a642080f5e7d5407a5ef9ca.zip
2022,12509,Donnie Chesteen,R,Sen,SD-029,2022.0,0.0,ALPERSON-DONNIE-CHESTEEN,AL-2022-senate-29-R-DONNIE-CHESTEEN,Donnie Chesteen                       ,R,senate,29.0,exact_name_candidate,AL_2022-2022_Regular_Session_JSON_20220407_7dc12ea62a642080f5e7d5407a5ef9ca.zip
2022,12521,Thomas Whatley,R,Sen,SD-027,,,,,,,,,unmatched_or_out_of_window,AL_2022-2022_Regular_Session_JSON_20220407_7dc12ea62a642080f5e7d5407a5ef9ca.zip
2022,12542,Napoleon Bracy,D,Rep,HD-098,2022.0,0.0,ALPERSON-NAPOLEON-BRACY-JR,AL-2022-house-98-D-NAPOLEON-BRACY-JR,"Napoleon Bracy, Jr.                   ",D,house,98.0,exact_name_candidate,AL_2022-2022_Regular_Session_JSON_20220407_7dc12ea62a642080f5e7d5407a5ef9ca.zip
2022,12543,Berry Forte,D,Rep,HD-084,2022.0,0.0,ALPERSON-BERRY-FORTE,AL-2022-house-84-D-BERRY-FORTE,Berry Forte                           ,D,house,84.0,exact_name_candidate,AL_2022-2022_Regular_Session_JSON_20220407_7dc12ea62a642080f5e7d5407a5ef9ca.zip
2022,12549,Dexter Grimsley,D,Rep,HD-085,2022.0,0.0,ALPERSON-DEXTER-GRIMSLEY,AL-2022-house-85-D-DEXTER-GRIMSLEY,Dexter Grimsley                       ,D,house,85.0,exact_name_candidate,AL_2022-2022_Regular_Session_JSON_20220407_7dc12ea62a642080f5e7d5407a5ef9ca.zip
2022,12550,Juandalynn Givan,D,Rep,HD-060,2022.0,0.0,ALPERSON-JUANDALYNN-GIVAN,AL-2022-house-60-D-JUANDALYNN-GIVAN,Juandalynn Givan                      ,D,house,60.0,exact_name_candidate,AL_2022-2022_Regular_Session_JSON_20220407_7dc12ea62a642080f5e7d5407a5ef9ca.zip
2022,13150,David Sessions,R,Sen,SD-035,2022.0,0.0,ALPERSON-DAVID-SESSIONS,AL-2022-senate-35-R-DAVID-SESSIONS,David Sessions                        ,R,senate,35.0,exact_name_candidate,AL_2022-2022_Regular_Session_JSON_20220407_7dc12ea62a642080f5e7d5407a5ef9ca.zip
2022,13766,Jim Carns,R,Rep,HD-048,2022.0,0.0,ALPERSON-JIM-CARNS,AL-2022-house-48-R-JIM-CARNS,Jim Carns                             ,R,house,48.0,exact_name_candidate,AL_2022-2022_Regular_Session_JSON_20220407_7dc12ea62a642080f5e7d5407a5ef9ca.zip
2022,15745,David Standridge,R,Rep,HD-034,2022.0,0.0,ALPERSON-DAVID-STANDRIDGE,AL-2022-house-34-R-DAVID-STANDRIDGE,David Standridge                      ,R,house,34.0,exact_name_candidate,AL_2022-2022_Regular_Session_JSON_20220407_7dc12ea62a642080f5e7d5407a5ef9ca.zip
2022,16021,Randall Shedd,R,Rep,HD-011,2022.0,0.0,ALPERSON-RANDALL-SHEDD,AL-2022-house-11-R-RANDALL-SHEDD,Randall Shedd                         ,R,house,11.0,exact_name_candidate,AL_2022-2022_Regular_Session_JSON_20220407_7dc12ea62a642080f5e7d5407a5ef9ca.zip
2022,16140,Adline Clarke,D,Rep,HD-097,2022.0,0.0,ALPERSON-ADLINE-CLARKE,AL-2022-house-97-D-ADLINE-CLARKE,Adline Clarke                         ,D,house,97.0,exact_name_candidate,AL_2022-2022_Regular_Session_JSON_20220407_7dc12ea62a642080f5e7d5407a5ef9ca.zip
2022,16212,Margie Wilcox,R,Rep,HD-104,2022.0,0.0,ALPERSON-MARGIE-WILCOX,AL-2022-house-104-R-MARGIE-WILCOX,Margie Wilcox                         ,R,house,104.0,exact_name_candidate,AL_2022-2022_Regular_Session_JSON_20220407_7dc12ea62a642080f5e7d5407a5ef9ca.zip
2022,16871,Greg Albritton,R,Sen,SD-022,2022.0,0.0,ALPERSON-GREG-ALBRITTON,AL-2022-senate-22-R-GREG-ALBRITTON,Greg Albritton                        ,R,senate,22.0,exact_name_candidate,AL_2022-2022_Regular_Session_JSON_20220407_7dc12ea62a642080f5e7d5407a5ef9ca.zip
2022,16872,Clyde Chambliss,R,Sen,SD-030,2022.0,0.0,ALPERSON-CLYDE-CHAMBLISS-JR,AL-2022-senate-30-R-CLYDE-CHAMBLISS-JR,"Clyde Chambliss, Jr.                  ",R,senate,30.0,exact_name_candidate,AL_2022-2022_Regular_Session_JSON_20220407_7dc12ea62a642080f5e7d5407a5ef9ca.zip
2022,16873,Steve Livingston,R,Sen,SD-008,2022.0,0.0,ALPERSON-STEVE-LIVINGSTON,AL-2022-senate-8-R-STEVE-LIVINGSTON,Steve Livingston                      ,R,senate,8.0,exact_name_candidate,AL_2022-2022_Regular_Session_JSON_20220407_7dc12ea62a642080f5e7d5407a5ef9ca.zip
2022,16874,Shay Shelnutt,R,Sen,SD-017,2022.0,0.0,ALPERSON-SHAY-SHELNUTT,AL-2022-senate-17-R-SHAY-SHELNUTT,Shay Shelnutt                         ,R,senate,17.0,exact_name_candidate,AL_2022-2022_Regular_Session_JSON_20220407_7dc12ea62a642080f5e7d5407a5ef9ca.zip
2022,16875,Tim Melson,R,Sen,SD-001,2022.0,0.0,ALPERSON-TIM-MELSON,AL-2022-senate-1-R-TIM-MELSON,Tim Melson                            ,R,senate,1.0,exact_name_candidate,AL_2022-2022_Regular_Session_JSON_20220407_7dc12ea62a642080f5e7d5407a5ef9ca.zip
2022,16876,Larry Stutts,R,Sen,SD-006,2022.0,0.0,ALPERSON-LARRY-STUTTS,AL-2022-senate-6-R-LARRY-STUTTS,Larry Stutts                          ,R,senate,6.0,exact_name_candidate,AL_2022-2022_Regular_Session_JSON_20220407_7dc12ea62a642080f5e7d5407a5ef9ca.zip
2022,17025,Corey Harbison,R,Rep,HD-012,2022.0,0.0,ALPERSON-COREY-HARBISON,AL-2022-house-12-R-COREY-HARBISON,Corey Harbison                        ,R,house,12.0,exact_name_candidate,AL_2022-2022_Regular_Session_JSON_20220407_7dc12ea62a642080f5e7d5407a5ef9ca.zip
2022,17026,Phillip Pettus,R,Rep,HD-001,2022.0,0.0,ALPERSON-PHILLIP-PETTUS,AL-2022-house-1-R-PHILLIP-PETTUS,Phillip Pettus                        ,R,house,1.0,exact_name_candidate,AL_2022-2022_Regular_Session_JSON_20220407_7dc12ea62a642080f5e7d5407a5ef9ca.zip
2022,17027,Ritchie Whorton,R,Rep,HD-022,2022.0,0.0,ALPERSON-RITCHIE-WHORTON,AL-2022-house-22-R-RITCHIE-WHORTON,Ritchie Whorton                       ,R,house,22.0,exact_name_candidate,AL_2022-2022_Regular_Session_JSON_20220407_7dc12ea62a642080f5e7d5407a5ef9ca.zip
2022,17589,David Faulkner,R,Rep,HD-046,2022.0,0.0,ALPERSON-DAVID-FAULKNER,AL-2022-house-46-R-DAVID-FAULKNER,David Faulkner                        ,R,house,46.0,exact_name_candidate,AL_2022-2022_Regular_Session_JSON_20220407_7dc12ea62a642080f5e7d5407a5ef9ca.zip
2022,17591,Danny Garrett,R,Rep,HD-044,2022.0,0.0,ALPERSON-DANNY-GARRETT,AL-2022-house-44-R-DANNY-GARRETT,Danny Garrett                         ,R,house,44.0,exact_name_candidate,AL_2022-2022_Regular_Session_JSON_20220407_7dc12ea62a642080f5e7d5407a5ef9ca.zip
2022,17592,James Hanes,R,Rep,HD-023,,,,,,,,,unmatched_or_out_of_window,AL_2022-2022_Regular_Session_JSON_20220407_7dc12ea62a642080f5e7d5407a5ef9ca.zip
2022,17593,Jim Hill,R,Rep,HD-050,2022.0,0.0,ALPERSON-JIM-HILL,AL-2022-house-50-R-JIM-HILL,Jim Hill                              ,R,house,50.0,exact_name_candidate,AL_2022-2022_Regular_Session_JSON_20220407_7dc12ea62a642080f5e7d5407a5ef9ca.zip
2022,17594,Reed Ingram,R,Rep,HD-075,2022.0,0.0,ALPERSON-REED-INGRAM,AL-2022-house-75-R-REED-INGRAM,Reed Ingram                           ,R,house,75.0,exact_name_candidate,AL_2022-2022_Regular_Session_JSON_20220407_7dc12ea62a642080f5e7d5407a5ef9ca.zip
2022,17595,Nathaniel Ledbetter,R,Rep,HD-024,2022.0,0.0,ALPERSON-NATHANIEL-LEDBETTER,AL-2022-house-24-R-NATHANIEL-LEDBETTER,Nathaniel Ledbetter                   ,R,house,24.0,exact_name_candidate,AL_2022-2022_Regular_Session_JSON_20220407_7dc12ea62a642080f5e7d5407a5ef9ca.zip
2022,17596,Chris Sells,R,Rep,HD-090,2022.0,0.0,ALPERSON-CHRIS-SELLS,AL-2022-house-90-R-CHRIS-SELLS,Chris Sells                           ,R,house,90.0,exact_name_candidate,AL_2022-2022_Regular_Session_JSON_20220407_7dc12ea62a642080f5e7d5407a5ef9ca.zip
2022,17597,Kyle South,R,Rep,HD-016,2022.0,0.0,ALPERSON-KYLE-SOUTH,AL-2022-house-16-R-KYLE-SOUTH,Kyle South                            ,R,house,16.0,exact_name_candidate,AL_2022-2022_Regular_Session_JSON_20220407_7dc12ea62a642080f5e7d5407a5ef9ca.zip
2022,17598,Jack Williams,R,Sen,SD-034,2022.0,0.0,ALPERSON-JACK-WILLIAMS,AL-2022-senate-34-R-JACK-WILLIAMS,Jack Williams                         ,R,senate,34.0,exact_name_candidate,AL_2022-2022_Regular_Session_JSON_20220407_7dc12ea62a642080f5e7d5407a5ef9ca.zip
2022,17603,Chris Pringle,R,Rep,HD-101,2022.0,0.0,ALPERSON-CHRIS-PRINGLE,AL-2022-house-101-R-CHRIS-PRINGLE,Chris Pringle                         ,R,house,101.0,exact_name_candidate,AL_2022-2022_Regular_Session_JSON_20220407_7dc12ea62a642080f5e7d5407a5ef9ca.zip
2022,17622,Bob Fincher,R,Rep,HD-037,2022.0,0.0,ALPERSON-BOB-FINCHER,AL-2022-house-37-R-BOB-FINCHER,Bob Fincher                           ,R,house,37.0,exact_name_candidate,AL_2022-2022_Regular_Session_JSON_20220407_7dc12ea62a642080f5e7d5407a5ef9ca.zip
2022,17624,Barbara Drummond,D,Rep,HD-103,2022.0,0.0,ALPERSON-BARBARA-DRUMMOND,AL-2022-house-103-D-BARBARA-DRUMMOND,Barbara Drummond                      ,D,house,103.0,exact_name_candidate,AL_2022-2022_Regular_Session_JSON_20220407_7dc12ea62a642080f5e7d5407a5ef9ca.zip
2022,17625,Kelvin Lawrence,D,Rep,HD-069,,,,,,,,,unmatched_or_out_of_window,AL_2022-2022_Regular_Session_JSON_20220407_7dc12ea62a642080f5e7d5407a5ef9ca.zip
2022,17632,Timothy Wadsworth,R,Rep,HD-014,,,,,,,,,unmatched_or_out_of_window,AL_2022-2022_Regular_Session_JSON_20220407_7dc12ea62a642080f5e7d5407a5ef9ca.zip
2022,17634,Arnold Mooney,R,Rep,HD-043,2022.0,0.0,ALPERSON-ARNOLD-MOONEY,AL-2022-house-43-R-ARNOLD-MOONEY,Arnold Mooney                         ,R,house,43.0,exact_name_candidate,AL_2022-2022_Regular_Session_JSON_20220407_7dc12ea62a642080f5e7d5407a5ef9ca.zip
2022,17642,Anthony Daniels,D,Rep,HD-053,2022.0,0.0,ALPERSON-ANTHONY-DANIELS,AL-2022-house-53-D-ANTHONY-DANIELS,Anthony Daniels                       ,D,house,53.0,exact_name_candidate,AL_2022-2022_Regular_Session_JSON_20220407_7dc12ea62a642080f5e7d5407a5ef9ca.zip
2022,17874,Chris Blackshear,R,Rep,HD-080,,,,,,,,,unmatched_or_out_of_window,AL_2022-2022_Regular_Session_JSON_20220407_7dc12ea62a642080f5e7d5407a5ef9ca.zip
2022,17899,Danny Crawford,R,Rep,HD-005,,,,,,,,,unmatched_or_out_of_window,AL_2022-2022_Regular_Session_JSON_20220407_7dc12ea62a642080f5e7d5407a5ef9ca.zip
2022,19256,Corley Ellis,R,Rep,HD-041,2022.0,0.0,ALPERSON-CORLEY-ELLIS,AL-2022-house-41-R-CORLEY-ELLIS,Corley Ellis                          ,R,house,41.0,exact_name_candidate,AL_2022-2022_Regular_Session_JSON_20220407_7dc12ea62a642080f5e7d5407a5ef9ca.zip
2022,19257,Joe Lovvorn,R,Rep,HD-079,2022.0,0.0,ALPERSON-JOE-LOVVORN,AL-2022-house-79-R-JOE-LOVVORN,Joe Lovvorn                           ,R,house,79.0,exact_name_candidate,AL_2022-2022_Regular_Session_JSON_20220407_7dc12ea62a642080f5e7d5407a5ef9ca.zip
2022,19353,Rolanda Hollis,D,Rep,HD-058,2022.0,0.0,ALPERSON-ROLANDA-HOLLIS,AL-2022-house-58-D-ROLANDA-HOLLIS,Rolanda Hollis                        ,D,house,58.0,exact_name_candidate,AL_2022-2022_Regular_Session_JSON_20220407_7dc12ea62a642080f5e7d5407a5ef9ca.zip
2022,19368,Prince Chestnut,D,Rep,HD-067,2022.0,0.0,ALPERSON-PRINCE-CHESTNUT,AL-2022-house-67-D-PRINCE-CHESTNUT,Prince Chestnut                       ,D,house,67.0,exact_name_candidate,AL_2022-2022_Regular_Session_JSON_20220407_7dc12ea62a642080f5e7d5407a5ef9ca.zip
2022,19618,Rex Reynolds,R,Rep,HD-021,2022.0,0.0,ALPERSON-REX-REYNOLDS,AL-2022-house-21-R-REX-REYNOLDS,Rex Reynolds                          ,R,house,21.0,exact_name_candidate,AL_2022-2022_Regular_Session_JSON_20220407_7dc12ea62a642080f5e7d5407a5ef9ca.zip
2022,20421,Wes Kitchens,R,Rep,HD-027,2022.0,0.0,ALPERSON-WES-KITCHENS,AL-2022-house-27-R-WES-KITCHENS,Wes Kitchens                          ,R,house,27.0,exact_name_candidate,AL_2022-2022_Regular_Session_JSON_20220407_7dc12ea62a642080f5e7d5407a5ef9ca.zip
2022,21169,Chris Elliott,R,Sen,SD-032,2022.0,0.0,ALPERSON-CHRIS-ELLIOTT,AL-2022-senate-32-R-CHRIS-ELLIOTT,Chris Elliott                         ,R,senate,32.0,exact_name_candidate,AL_2022-2022_Regular_Session_JSON_20220407_7dc12ea62a642080f5e7d5407a5ef9ca.zip
2022,21248,Craig Lipscomb,R,Rep,HD-030,2022.0,0.0,ALPERSON-CRAIG-LIPSCOMB,AL-2022-house-30-R-CRAIG-LIPSCOMB,Craig Lipscomb                        ,R,house,30.0,exact_name_candidate,AL_2022-2022_Regular_Session_JSON_20220407_7dc12ea62a642080f5e7d5407a5ef9ca.zip
2022,21249,Scott Stadthagen,R,Rep,HD-009,2022.0,0.0,ALPERSON-SCOTT-STADTHAGEN,AL-2022-house-9-R-SCOTT-STADTHAGEN,Scott Stadthagen                      ,R,house,9.0,exact_name_candidate,AL_2022-2022_Regular_Session_JSON_20220407_7dc12ea62a642080f5e7d5407a5ef9ca.zip
2022,21250,Shane Stringer,R,Rep,HD-102,2022.0,0.0,ALPERSON-SHANE-STRINGER,AL-2022-house-102-R-SHANE-STRINGER,Shane Stringer                        ,R,house,102.0,exact_name_candidate,AL_2022-2022_Regular_Session_JSON_20220407_7dc12ea62a642080f5e7d5407a5ef9ca.zip
2022,21254,Randy Price,R,Sen,SD-013,2022.0,0.0,ALPERSON-RANDY-PRICE,AL-2022-senate-13-R-RANDY-PRICE,Randy Price                           ,R,senate,13.0,exact_name_candidate,AL_2022-2022_Regular_Session_JSON_20220407_7dc12ea62a642080f5e7d5407a5ef9ca.zip
2022,21283,Andrew Jones,R,Sen,SD-010,2022.0,0.0,ALPERSON-ANDREW-JONES,AL-2022-senate-10-R-ANDREW-JONES,Andrew Jones                          ,R,senate,10.0,exact_name_candidate,AL_2022-2022_Regular_Session_JSON_20220407_7dc12ea62a642080f5e7d5407a5ef9ca.zip
2022,21284,Dan Roberts,R,Sen,SD-015,2022.0,0.0,ALPERSON-DAN-ROBERTS,AL-2022-senate-15-R-DAN-ROBERTS,Dan Roberts                           ,R,senate,15.0,exact_name_candidate,AL_2022-2022_Regular_Session_JSON_20220407_7dc12ea62a642080f5e7d5407a5ef9ca.zip
2022,21287,Chip Brown,R,Rep,HD-105,2022.0,0.0,ALPERSON-CHIP-BROWN,AL-2022-house-105-R-CHIP-BROWN,Chip Brown                            ,R,house,105.0,exact_name_candidate,AL_2022-2022_Regular_Session_JSON_20220407_7dc12ea62a642080f5e7d5407a5ef9ca.zip
2022,21288,Tracy Estes,R,Rep,HD-017,2022.0,0.0,ALPERSON-TRACY-ESTES,AL-2022-house-17-R-TRACY-ESTES,Tracy Estes                           ,R,house,17.0,exact_name_candidate,AL_2022-2022_Regular_Session_JSON_20220407_7dc12ea62a642080f5e7d5407a5ef9ca.zip
2022,21289,Matt Simpson,R,Rep,HD-096,2022.0,0.0,ALPERSON-MATT-SIMPSON,AL-2022-house-96-R-MATT-SIMPSON,Matt Simpson                          ,R,house,96.0,exact_name_candidate,AL_2022-2022_Regular_Session_JSON_20220407_7dc12ea62a642080f5e7d5407a5ef9ca.zip
2022,21297,Brett Easterbrook,R,Rep,HD-065,2022.0,0.0,ALPERSON-BRETT-EASTERBROOK,AL-2022-house-65-R-BRETT-EASTERBROOK,Brett Easterbrook                     ,R,house,65.0,exact_name_candidate,AL_2022-2022_Regular_Session_JSON_20220407_7dc12ea62a642080f5e7d5407a5ef9ca.zip
2022,21298,Jeremy Gray,D,Rep,HD-083,2022.0,0.0,ALPERSON-JEREMY-GRAY,AL-2022-house-83-D-JEREMY-GRAY,Jeremy Gray                           ,D,house,83.0,exact_name_candidate,AL_2022-2022_Regular_Session_JSON_20220407_7dc12ea62a642080f5e7d5407a5ef9ca.zip
2022,21299,Kirk Hatcher,D,Sen,SD-026,2022.0,0.0,ALPERSON-KIRK-HATCHER,AL-2022-senate-26-D-KIRK-HATCHER,Kirk Hatcher                          ,D,senate,26.0,exact_name_candidate,AL_2022-2022_Regular_Session_JSON_20220407_7dc12ea62a642080f5e7d5407a5ef9ca.zip
2022,21300,Gil Isbell,R,Rep,HD-028,,,,,,,,,unmatched_or_out_of_window,AL_2022-2022_Regular_Session_JSON_20220407_7dc12ea62a642080f5e7d5407a5ef9ca.zip
2022,21301,Sam Jones,D,Rep,HD-099,2022.0,0.0,ALPERSON-SAM-JONES,AL-2022-house-99-D-SAM-JONES,Sam Jones                             ,D,house,99.0,exact_name_candidate,AL_2022-2022_Regular_Session_JSON_20220407_7dc12ea62a642080f5e7d5407a5ef9ca.zip
2022,21302,Jamie Kiel,R,Rep,HD-018,2022.0,0.0,ALPERSON-JAMIE-KIEL,AL-2022-house-18-R-JAMIE-KIEL,Jamie Kiel                            ,R,house,18.0,exact_name_candidate,AL_2022-2022_Regular_Session_JSON_20220407_7dc12ea62a642080f5e7d5407a5ef9ca.zip
2022,21303,Rhett Marques,R,Rep,HD-091,2022.0,0.0,ALPERSON-RHETT-MARQUES,AL-2022-house-91-R-RHETT-MARQUES,Rhett Marques                         ,R,house,91.0,exact_name_candidate,AL_2022-2022_Regular_Session_JSON_20220407_7dc12ea62a642080f5e7d5407a5ef9ca.zip
2022,21304,Parker Moore,R,Rep,HD-004,,,,,,,,,unmatched_or_out_of_window,AL_2022-2022_Regular_Session_JSON_20220407_7dc12ea62a642080f5e7d5407a5ef9ca.zip
2022,21305,TaShina Morris,D,Rep,HD-077,2022.0,0.0,ALPERSON-TASHINA-MORRIS,AL-2022-house-77-D-TASHINA-MORRIS,Tashina Morris                        ,D,house,77.0,exact_name_candidate,AL_2022-2022_Regular_Session_JSON_20220407_7dc12ea62a642080f5e7d5407a5ef9ca.zip
2022,21306,Ed Oliver,R,Rep,HD-081,2022.0,0.0,ALPERSON-ED-OLIVER,AL-2022-house-81-R-ED-OLIVER,Ed Oliver                             ,R,house,81.0,exact_name_candidate,AL_2022-2022_Regular_Session_JSON_20220407_7dc12ea62a642080f5e7d5407a5ef9ca.zip
2022,21308,Ginny Shaver,R,Rep,HD-039,2022.0,0.0,ALPERSON-GINNY-SHAVER,AL-2022-house-39-R-GINNY-SHAVER,Ginny Shaver                          ,R,house,39.0,exact_name_candidate,AL_2022-2022_Regular_Session_JSON_20220407_7dc12ea62a642080f5e7d5407a5ef9ca.zip
2022,21309,Jeff Sorrells,R,Rep,HD-087,2022.0,0.0,ALPERSON-JEFF-SORRELLS,AL-2022-house-87-R-JEFF-SORRELLS,Jeff Sorrells                         ,R,house,87.0,exact_name_candidate,AL_2022-2022_Regular_Session_JSON_20220407_7dc12ea62a642080f5e7d5407a5ef9ca.zip
2022,21311,Andy Whitt,R,Rep,HD-006,2022.0,0.0,ALPERSON-ANDY-WHITT,AL-2022-house-6-R-ANDY-WHITT,Andy Whitt                            ,R,house,6.0,exact_name_candidate,AL_2022-2022_Regular_Session_JSON_20220407_7dc12ea62a642080f5e7d5407a5ef9ca.zip
2022,21312,Debbie Wood,R,Rep,HD-038,,,,,,,,,unmatched_or_out_of_window,AL_2022-2022_Regular_Session_JSON_20220407_7dc12ea62a642080f5e7d5407a5ef9ca.zip
2022,21313,Will Barfoot,R,Sen,SD-025,2022.0,0.0,ALPERSON-WILL-BARFOOT,AL-2022-senate-25-R-WILL-BARFOOT,Will Barfoot                          ,R,senate,25.0,exact_name_candidate,AL_2022-2022_Regular_Session_JSON_20220407_7dc12ea62a642080f5e7d5407a5ef9ca.zip
2022,21315,Sam Givhan,R,Sen,SD-007,2022.0,0.0,ALPERSON-SAM-GIVHAN,AL-2022-senate-7-R-SAM-GIVHAN,Sam Givhan                            ,R,senate,7.0,exact_name_candidate,AL_2022-2022_Regular_Session_JSON_20220407_7dc12ea62a642080f5e7d5407a5ef9ca.zip
2022,21316,Garlan Gudger,R,Sen,SD-004,2022.0,0.0,ALPERSON-GARLAN-GUDGER,AL-2022-senate-4-R-GARLAN-GUDGER,Garlan Gudger                         ,R,senate,4.0,exact_name_candidate,AL_2022-2022_Regular_Session_JSON_20220407_7dc12ea62a642080f5e7d5407a5ef9ca.zip
2022,21318,Neil Rafferty,D,Rep,HD-054,2022.0,0.0,ALPERSON-NEIL-RAFFERTY,AL-2022-house-54-D-NEIL-RAFFERTY,Neil Rafferty                         ,D,house,54.0,exact_name_candidate,AL_2022-2022_Regular_Session_JSON_20220407_7dc12ea62a642080f5e7d5407a5ef9ca.zip
2022,21416,Charlotte Meadows,R,Rep,HD-074,2022.0,0.0,ALPERSON-CHARLOTTE-MEADOWS,AL-2022-house-74-R-CHARLOTTE-MEADOWS,Charlotte Meadows                     ,R,house,74.0,exact_name_candidate,AL_2022-2022_Regular_Session_JSON_20220407_7dc12ea62a642080f5e7d5407a5ef9ca.zip
2022,21548,Van Smith,R,Rep,HD-042,2022.0,0.0,ALPERSON-VAN-SMITH,AL-2022-house-42-R-VAN-SMITH,Van Smith                             ,R,house,42.0,exact_name_candidate,AL_2022-2022_Regular_Session_JSON_20220407_7dc12ea62a642080f5e7d5407a5ef9ca.zip
2022,22671,Russell Bedsole,R,Rep,HD-049,2022.0,0.0,ALPERSON-RUSSELL-BEDSOLE,AL-2022-house-49-R-RUSSELL-BEDSOLE,Russell Bedsole                       ,R,house,49.0,exact_name_candidate,AL_2022-2022_Regular_Session_JSON_20220407_7dc12ea62a642080f5e7d5407a5ef9ca.zip
2022,22761,Ben Robbins,R,Rep,HD-033,2022.0,0.0,ALPERSON-BEN-ROBBINS,AL-2022-house-33-R-BEN-ROBBINS,Ben Robbins                           ,R,house,33.0,exact_name_candidate,AL_2022-2022_Regular_Session_JSON_20220407_7dc12ea62a642080f5e7d5407a5ef9ca.zip
2022,22952,Kenyatte Hassell,D,Rep,HD-078,2022.0,0.0,ALPERSON-KENYATTE-HASSELL,AL-2022-house-78-D-KENYATTE-HASSELL,Kenyatte Hassell                      ,D,house,78.0,exact_name_candidate,AL_2022-2022_Regular_Session_JSON_20220407_7dc12ea62a642080f5e7d5407a5ef9ca.zip
2022,22953,Kenneth Paschal,R,Rep,HD-073,2022.0,0.0,ALPERSON-KENNETH-PASCHAL,AL-2022-house-73-R-KENNETH-PASCHAL,Kenneth Paschal                       ,R,house,73.0,exact_name_candidate,AL_2022-2022_Regular_Session_JSON_20220407_7dc12ea62a642080f5e7d5407a5ef9ca.zip
2022,22964,Cynthia Almond,R,Rep,HD-003,,,,,,,,,unmatched_or_out_of_window,AL_2022-2022_Regular_Session_JSON_20220407_7dc12ea62a642080f5e7d5407a5ef9ca.zip
2022,23107,Patrice McClammy,D,Rep,HD-076,,,,,,,,,unmatched_or_out_of_window,AL_2022-2022_Regular_Session_JSON_20220407_7dc12ea62a642080f5e7d5407a5ef9ca.zip
2022,3357,Laura Hall,D,Rep,HD-019,2022.0,0.0,ALPERSON-LAURA-HALL,AL-2022-house-19-D-LAURA-HALL,Laura Hall                            ,D,house,19.0,exact_name_candidate,AL_2022-2022_Regular_Session_JSON_20220407_7dc12ea62a642080f5e7d5407a5ef9ca.zip
2022,3358,Artis McCampbell,D,Rep,HD-071,,,,,,,,,unmatched_or_out_of_window,AL_2022-2022_Regular_Session_JSON_20220407_7dc12ea62a642080f5e7d5407a5ef9ca.zip
2022,3360,Barbara Boyd,D,Rep,HD-032,,,,,,,,,unmatched_or_out_of_window,AL_2022-2022_Regular_Session_JSON_20220407_7dc12ea62a642080f5e7d5407a5ef9ca.zip
2022,3370,Pebblin Warren,D,Rep,HD-082,,,,,,,,,unmatched_or_out_of_window,AL_2022-2022_Regular_Session_JSON_20220407_7dc12ea62a642080f5e7d5407a5ef9ca.zip
2022,3371,Ralph Howard,D,Rep,HD-072,,,,,,,,,unmatched_or_out_of_window,AL_2022-2022_Regular_Session_JSON_20220407_7dc12ea62a642080f5e7d5407a5ef9ca.zip
2022,3374,Christopher England,D,Rep,HD-070,,,,,,,,,unmatched_or_out_of_window,AL_2022-2022_Regular_Session_JSON_20220407_7dc12ea62a642080f5e7d5407a5ef9ca.zip
2022,3382,Thomas Jackson,D,Rep,HD-068,,,,,,,,,unmatched_or_out_of_window,AL_2022-2022_Regular_Session_JSON_20220407_7dc12ea62a642080f5e7d5407a5ef9ca.zip
2022,3386,William Beasley,D,Sen,SD-028,,,,,,,,,unmatched_or_out_of_window,AL_2022-2022_Regular_Session_JSON_20220407_7dc12ea62a642080f5e7d5407a5ef9ca.zip
2022,3387,Stephen Hurst,R,Rep,HD-035,,,,,,,,,unmatched_or_out_of_window,AL_2022-2022_Regular_Session_JSON_20220407_7dc12ea62a642080f5e7d5407a5ef9ca.zip
2022,3389,Mary Moore,D,Rep,HD-059,2022.0,0.0,ALPERSON-MARY-MOORE,AL-2022-house-59-D-MARY-MOORE,Mary Moore                            ,D,house,59.0,exact_name_candidate,AL_2022-2022_Regular_Session_JSON_20220407_7dc12ea62a642080f5e7d5407a5ef9ca.zip
2022,3391,Merika Coleman-Evans,D,Rep,HD-057,,,,,,,,,unmatched_or_out_of_window,AL_2022-2022_Regular_Session_JSON_20220407_7dc12ea62a642080f5e7d5407a5ef9ca.zip
2022,3420,Gerald Allen,R,Sen,SD-021,2022.0,0.0,ALPERSON-GERALD-ALLEN,AL-2022-senate-21-R-GERALD-ALLEN,Gerald Allen                          ,R,senate,21.0,exact_name_candidate,AL_2022-2022_Regular_Session_JSON_20220407_7dc12ea62a642080f5e7d5407a5ef9ca.zip
2022,3426,Alan Baker,R,Rep,HD-066,2022.0,0.0,ALPERSON-ALAN-BAKER,AL-2022-house-66-R-ALAN-BAKER,Alan Baker                            ,R,house,66.0,exact_name_candidate,AL_2022-2022_Regular_Session_JSON_20220407_7dc12ea62a642080f5e7d5407a5ef9ca.zip
2022,3430,Randy Wood,R,Rep,HD-036,2022.0,0.0,ALPERSON-RANDY-WOOD,AL-2022-house-36-R-RANDY-WOOD,Randy Wood                            ,R,house,36.0,exact_name_candidate,AL_2022-2022_Regular_Session_JSON_20220407_7dc12ea62a642080f5e7d5407a5ef9ca.zip
2022,3432,Steve Clouse,R,Rep,HD-093,2022.0,0.0,ALPERSON-STEVE-CLOUSE,AL-2022-house-93-R-STEVE-CLOUSE,Steve Clouse                          ,R,house,93.0,exact_name_candidate,AL_2022-2022_Regular_Session_JSON_20220407_7dc12ea62a642080f5e7d5407a5ef9ca.zip
2022,3445,Allen Treadaway,R,Rep,HD-051,2022.0,0.0,ALPERSON-ALLEN-TREADAWAY,AL-2022-house-51-R-ALLEN-TREADAWAY,Allen Treadaway                       ,R,house,51.0,exact_name_candidate,AL_2022-2022_Regular_Session_JSON_20220407_7dc12ea62a642080f5e7d5407a5ef9ca.zip
2022,3454,John Rogers,D,Rep,HD-052,,,,,,,,,unmatched_or_out_of_window,AL_2022-2022_Regular_Session_JSON_20220407_7dc12ea62a642080f5e7d5407a5ef9ca.zip
2022,3456,Roderick Scott,D,Rep,HD-055,,,,,,,,,unmatched_or_out_of_window,AL_2022-2022_Regular_Session_JSON_20220407_7dc12ea62a642080f5e7d5407a5ef9ca.zip
2022,3459,K.L. Brown,R,Rep,HD-040,,,,,,,,,unmatched_or_out_of_window,AL_2022-2022_Regular_Session_JSON_20220407_7dc12ea62a642080f5e7d5407a5ef9ca.zip
2022,3461,J.T. Waggoner,R,Sen,SD-016,,,,,,,,,unmatched_or_out_of_window,AL_2022-2022_Regular_Session_JSON_20220407_7dc12ea62a642080f5e7d5407a5ef9ca.zip
2022,3465,Rodger Smitherman,D,Sen,SD-018,,,,,,,,,unmatched_or_out_of_window,AL_2022-2022_Regular_Session_JSON_20220407_7dc12ea62a642080f5e7d5407a5ef9ca.zip
2022,3479,Linda Coleman-Madison,D,Sen,SD-020,2022.0,0.0,ALPERSON-LINDA-COLEMAN-MADISON,AL-2022-senate-20-D-LINDA-COLEMAN-MADISON,Linda Coleman-Madison                 ,D,senate,20.0,exact_name_candidate,AL_2022-2022_Regular_Session_JSON_20220407_7dc12ea62a642080f5e7d5407a5ef9ca.zip
2022,3481,Arthur Orr,R,Sen,SD-003,2022.0,0.0,ALPERSON-ARTHUR-ORR,AL-2022-senate-3-R-ARTHUR-ORR,Arthur Orr                            ,R,senate,3.0,exact_name_candidate,AL_2022-2022_Regular_Session_JSON_20220407_7dc12ea62a642080f5e7d5407a5ef9ca.zip
2022,3482,Bobby Singleton,D,Sen,SD-024,2022.0,0.0,ALPERSON-BOBBY-SINGLETON,AL-2022-senate-24-D-BOBBY-SINGLETON,Bobby Singleton                       ,D,senate,24.0,exact_name_candidate,AL_2022-2022_Regular_Session_JSON_20220407_7dc12ea62a642080f5e7d5407a5ef9ca.zip
2022,3486,Tom Butler,R,Sen,SD-002,2022.0,0.0,ALPERSON-TOM-BUTLER,AL-2022-senate-2-R-TOM-BUTLER,Tom Butler                            ,R,senate,2.0,exact_name_candidate,AL_2022-2022_Regular_Session_JSON_20220407_7dc12ea62a642080f5e7d5407a5ef9ca.zip
2022,3490,Vivian Figures,D,Sen,SD-033,,,,,,,,,unmatched_or_out_of_window,AL_2022-2022_Regular_Session_JSON_20220407_7dc12ea62a642080f5e7d5407a5ef9ca.zip
2022,3491,Jimmy Holley,R,Sen,SD-031,,,,,,,,,unmatched_or_out_of_window,AL_2022-2022_Regular_Session_JSON_20220407_7dc12ea62a642080f5e7d5407a5ef9ca.zip
2022,17028,Connie Rowe,R,Rep,HD-013,,,,,,,,,unmatched_or_out_of_window,AL_2022-2022_Regular_Session_JSON_20220407_7dc12ea62a642080f5e7d5407a5ef9ca.zip
2022,22885,Rules,,Sen,,,,,,,,,,unmatched_or_out_of_window,AL_2022-2022_Regular_Session_JSON_20220407_7dc12ea62a642080f5e7d5407a5ef9ca.zip
2022,22886,Rules,,Rep,,,,,,,,,,unmatched_or_out_of_window,AL_2022-2022_Regular_Session_JSON_20220407_7dc12ea62a642080f5e7d5407a5ef9ca.zip
2023,15746,Mack Butler,R,Rep,HD-028,,,,,,,,,unmatched_or_out_of_window,AL_2023-2023_Regular_Session_JSON_20230607_d17b533ce7196680956ab4bbbb4cfb99.zip
2023,17625,Kelvin Lawrence,D,Rep,HD-069,,,,,,,,,unmatched_or_out_of_window,AL_2023-2023_Regular_Session_JSON_20230607_d17b533ce7196680956ab4bbbb4cfb99.zip
2023,17632,Timothy Wadsworth,R,Rep,HD-014,,,,,,,,,unmatched_or_out_of_window,AL_2023-2023_Regular_Session_JSON_20230607_d17b533ce7196680956ab4bbbb4cfb99.zip
2023,17874,Chris Blackshear,R,Rep,HD-080,,,,,,,,,unmatched_or_out_of_window,AL_2023-2023_Regular_Session_JSON_20230607_d17b533ce7196680956ab4bbbb4cfb99.zip
2023,17899,Danny Crawford,R,Rep,HD-005,,,,,,,,,unmatched_or_out_of_window,AL_2023-2023_Regular_Session_JSON_20230607_d17b533ce7196680956ab4bbbb4cfb99.zip
2023,21304,Parker Moore,R,Rep,HD-004,,,,,,,,,unmatched_or_out_of_window,AL_2023-2023_Regular_Session_JSON_20230607_d17b533ce7196680956ab4bbbb4cfb99.zip
2023,21312,Debbie Wood,R,Rep,HD-038,,,,,,,,,unmatched_or_out_of_window,AL_2023-2023_Regular_Session_JSON_20230607_d17b533ce7196680956ab4bbbb4cfb99.zip
2023,22964,Cynthia Almond,R,Rep,HD-063,,,,,,,,,unmatched_or_out_of_window,AL_2023-2023_Regular_Session_JSON_20230607_d17b533ce7196680956ab4bbbb4cfb99.zip
2023,23107,Patrice McClammy,D,Rep,HD-076,,,,,,,,,unmatched_or_out_of_window,AL_2023-2023_Regular_Session_JSON_20230607_d17b533ce7196680956ab4bbbb4cfb99.zip
2023,24598,Mark Gidley,R,Rep,HD-029,,,,,,,,,unmatched_or_out_of_window,AL_2023-2023_Regular_Session_JSON_20230607_d17b533ce7196680956ab4bbbb4cfb99.zip
2023,24604,Marcus Paramore,R,Rep,HD-089,,,,,,,,,unmatched_or_out_of_window,AL_2023-2023_Regular_Session_JSON_20230607_d17b533ce7196680956ab4bbbb4cfb99.zip
2023,24609,Robert Stewart,D,Sen,SD-023,,,,,,,,,unmatched_or_out_of_window,AL_2023-2023_Regular_Session_JSON_20230607_d17b533ce7196680956ab4bbbb4cfb99.zip
2023,24610,Troy Stubbs,R,Rep,HD-031,,,,,,,,,unmatched_or_out_of_window,AL_2023-2023_Regular_Session_JSON_20230607_d17b533ce7196680956ab4bbbb4cfb99.zip
2023,24611,Ontario Tillman,D,Rep,HD-056,,,,,,,,,unmatched_or_out_of_window,AL_2023-2023_Regular_Session_JSON_20230607_d17b533ce7196680956ab4bbbb4cfb99.zip
2023,24612,Kerry Underwood,R,Rep,HD-003,,,,,,,,,unmatched_or_out_of_window,AL_2023-2023_Regular_Session_JSON_20230607_d17b533ce7196680956ab4bbbb4cfb99.zip
2023,24794,Joshua Carnley,R,Sen,SD-031,,,,,,,,,unmatched_or_out_of_window,AL_2023-2023_Regular_Session_JSON_20230607_d17b533ce7196680956ab4bbbb4cfb99.zip
2023,24803,Fred Plump,D,Rep,HD-055,,,,,,,,,unmatched_or_out_of_window,AL_2023-2023_Regular_Session_JSON_20230607_d17b533ce7196680956ab4bbbb4cfb99.zip
2023,24804,Phillip Rigsby,R,Rep,HD-025,,,,,,,,,unmatched_or_out_of_window,AL_2023-2023_Regular_Session_JSON_20230607_d17b533ce7196680956ab4bbbb4cfb99.zip
2023,24807,Curtis Travis,D,Rep,HD-072,,,,,,,,,unmatched_or_out_of_window,AL_2023-2023_Regular_Session_JSON_20230607_d17b533ce7196680956ab4bbbb4cfb99.zip
2023,3358,Artis McCampbell,D,Rep,HD-071,,,,,,,,,unmatched_or_out_of_window,AL_2023-2023_Regular_Session_JSON_20230607_d17b533ce7196680956ab4bbbb4cfb99.zip
2023,3360,Barbara Boyd,D,Rep,HD-032,,,,,,,,,unmatched_or_out_of_window,AL_2023-2023_Regular_Session_JSON_20230607_d17b533ce7196680956ab4bbbb4cfb99.zip
2023,3370,Pebblin Warren,D,Rep,HD-082,,,,,,,,,unmatched_or_out_of_window,AL_2023-2023_Regular_Session_JSON_20230607_d17b533ce7196680956ab4bbbb4cfb99.zip
2023,3374,Christopher England,D,Rep,HD-070,,,,,,,,,unmatched_or_out_of_window,AL_2023-2023_Regular_Session_JSON_20230607_d17b533ce7196680956ab4bbbb4cfb99.zip
2023,3382,Thomas Jackson,D,Rep,HD-068,,,,,,,,,unmatched_or_out_of_window,AL_2023-2023_Regular_Session_JSON_20230607_d17b533ce7196680956ab4bbbb4cfb99.zip
2023,3386,William Beasley,D,Rep,SD-028,,,,,,,,,unmatched_or_out_of_window,AL_2023-2023_Regular_Session_JSON_20230607_d17b533ce7196680956ab4bbbb4cfb99.zip
2023,3387,Stephen Hurst,R,Rep,HD-035,,,,,,,,,unmatched_or_out_of_window,AL_2023-2023_Regular_Session_JSON_20230607_d17b533ce7196680956ab4bbbb4cfb99.zip
2023,3391,Merika Coleman-Evans,D,Rep,SD-019,,,,,,,,,unmatched_or_out_of_window,AL_2023-2023_Regular_Session_JSON_20230607_d17b533ce7196680956ab4bbbb4cfb99.zip
2023,3454,John Rogers,D,Rep,HD-052,,,,,,,,,unmatched_or_out_of_window,AL_2023-2023_Regular_Session_JSON_20230607_d17b533ce7196680956ab4bbbb4cfb99.zip
2023,3461,J.T. Waggoner,R,Sen,SD-016,,,,,,,,,unmatched_or_out_of_window,AL_2023-2023_Regular_Session_JSON_20230607_d17b533ce7196680956ab4bbbb4cfb99.zip
2023,3465,Rodger Smitherman,D,Sen,SD-018,,,,,,,,,unmatched_or_out_of_window,AL_2023-2023_Regular_Session_JSON_20230607_d17b533ce7196680956ab4bbbb4cfb99.zip
2023,3490,Vivian Figures,D,Sen,SD-033,,,,,,,,,unmatched_or_out_of_window,AL_2023-2023_Regular_Session_JSON_20230607_d17b533ce7196680956ab4bbbb4cfb99.zip
2024,15746,Mack Butler,R,Rep,HD-028,,,,,,,,,unmatched_or_out_of_window,AL_2024-2024_Regular_Session_JSON_20240523_8163cf95b36859f0f327c0576e729221.zip
2024,17625,Kelvin Lawrence,D,Rep,HD-069,,,,,,,,,unmatched_or_out_of_window,AL_2024-2024_Regular_Session_JSON_20240523_8163cf95b36859f0f327c0576e729221.zip
2024,17632,Timothy Wadsworth,R,Rep,HD-014,,,,,,,,,unmatched_or_out_of_window,AL_2024-2024_Regular_Session_JSON_20240523_8163cf95b36859f0f327c0576e729221.zip
2024,17874,Chris Blackshear,R,Rep,HD-080,,,,,,,,,unmatched_or_out_of_window,AL_2024-2024_Regular_Session_JSON_20240523_8163cf95b36859f0f327c0576e729221.zip
2024,17899,Danny Crawford,R,Rep,HD-005,,,,,,,,,unmatched_or_out_of_window,AL_2024-2024_Regular_Session_JSON_20240523_8163cf95b36859f0f327c0576e729221.zip
2024,21304,Parker Moore,R,Rep,HD-004,,,,,,,,,unmatched_or_out_of_window,AL_2024-2024_Regular_Session_JSON_20240523_8163cf95b36859f0f327c0576e729221.zip
2024,21312,Debbie Wood,R,Rep,HD-038,,,,,,,,,unmatched_or_out_of_window,AL_2024-2024_Regular_Session_JSON_20240523_8163cf95b36859f0f327c0576e729221.zip
2024,22964,Cynthia Almond,R,Rep,HD-063,,,,,,,,,unmatched_or_out_of_window,AL_2024-2024_Regular_Session_JSON_20240523_8163cf95b36859f0f327c0576e729221.zip
2024,23107,Patrice McClammy,D,Rep,HD-076,,,,,,,,,unmatched_or_out_of_window,AL_2024-2024_Regular_Session_JSON_20240523_8163cf95b36859f0f327c0576e729221.zip
2024,24598,Mark Gidley,R,Rep,HD-029,,,,,,,,,unmatched_or_out_of_window,AL_2024-2024_Regular_Session_JSON_20240523_8163cf95b36859f0f327c0576e729221.zip
2024,24604,Marcus Paramore,R,Rep,HD-089,,,,,,,,,unmatched_or_out_of_window,AL_2024-2024_Regular_Session_JSON_20240523_8163cf95b36859f0f327c0576e729221.zip
2024,24609,Robert Stewart,D,Sen,SD-023,,,,,,,,,unmatched_or_out_of_window,AL_2024-2024_Regular_Session_JSON_20240523_8163cf95b36859f0f327c0576e729221.zip
2024,24610,Troy Stubbs,R,Rep,HD-031,,,,,,,,,unmatched_or_out_of_window,AL_2024-2024_Regular_Session_JSON_20240523_8163cf95b36859f0f327c0576e729221.zip
2024,24611,Ontario Tillman,D,Rep,HD-056,,,,,,,,,unmatched_or_out_of_window,AL_2024-2024_Regular_Session_JSON_20240523_8163cf95b36859f0f327c0576e729221.zip
2024,24612,Kerry Underwood,R,Rep,HD-003,,,,,,,,,unmatched_or_out_of_window,AL_2024-2024_Regular_Session_JSON_20240523_8163cf95b36859f0f327c0576e729221.zip
2024,24794,Joshua Carnley,R,Sen,SD-031,,,,,,,,,unmatched_or_out_of_window,AL_2024-2024_Regular_Session_JSON_20240523_8163cf95b36859f0f327c0576e729221.zip
2024,24804,Phillip Rigsby,R,Rep,HD-025,,,,,,,,,unmatched_or_out_of_window,AL_2024-2024_Regular_Session_JSON_20240523_8163cf95b36859f0f327c0576e729221.zip
2024,24807,Curtis Travis,D,Rep,HD-072,,,,,,,,,unmatched_or_out_of_window,AL_2024-2024_Regular_Session_JSON_20240523_8163cf95b36859f0f327c0576e729221.zip
2024,25162,Bryan Brinyark,R,Rep,HD-016,,,,,,,,,unmatched_or_out_of_window,AL_2024-2024_Regular_Session_JSON_20240523_8163cf95b36859f0f327c0576e729221.zip
2024,25163,Travis Hendrix,D,Rep,HD-055,,,,,,,,,unmatched_or_out_of_window,AL_2024-2024_Regular_Session_JSON_20240523_8163cf95b36859f0f327c0576e729221.zip
2024,3358,Artis McCampbell,D,Rep,HD-071,,,,,,,,,unmatched_or_out_of_window,AL_2024-2024_Regular_Session_JSON_20240523_8163cf95b36859f0f327c0576e729221.zip
2024,3360,Barbara Boyd,D,Rep,HD-032,,,,,,,,,unmatched_or_out_of_window,AL_2024-2024_Regular_Session_JSON_20240523_8163cf95b36859f0f327c0576e729221.zip
2024,3370,Pebblin Warren,D,Rep,HD-082,,,,,,,,,unmatched_or_out_of_window,AL_2024-2024_Regular_Session_JSON_20240523_8163cf95b36859f0f327c0576e729221.zip
2024,3374,Christopher England,D,Rep,HD-070,,,,,,,,,unmatched_or_out_of_window,AL_2024-2024_Regular_Session_JSON_20240523_8163cf95b36859f0f327c0576e729221.zip
2024,3382,Thomas Jackson,D,Rep,HD-068,,,,,,,,,unmatched_or_out_of_window,AL_2024-2024_Regular_Session_JSON_20240523_8163cf95b36859f0f327c0576e729221.zip
2024,3386,William Beasley,D,Sen,SD-028,,,,,,,,,unmatched_or_out_of_window,AL_2024-2024_Regular_Session_JSON_20240523_8163cf95b36859f0f327c0576e729221.zip
2024,3387,Stephen Hurst,R,Rep,HD-035,,,,,,,,,unmatched_or_out_of_window,AL_2024-2024_Regular_Session_JSON_20240523_8163cf95b36859f0f327c0576e729221.zip
2024,3391,Merika Coleman-Evans,D,Sen,SD-019,,,,,,,,,unmatched_or_out_of_window,AL_2024-2024_Regular_Session_JSON_20240523_8163cf95b36859f0f327c0576e729221.zip
2024,3454,John Rogers,D,Rep,HD-052,,,,,,,,,unmatched_or_out_of_window,AL_2024-2024_Regular_Session_JSON_20240523_8163cf95b36859f0f327c0576e729221.zip
2024,3461,J.T. Waggoner,R,Sen,SD-016,,,,,,,,,unmatched_or_out_of_window,AL_2024-2024_Regular_Session_JSON_20240523_8163cf95b36859f0f327c0576e729221.zip
2024,3465,Rodger Smitherman,D,Sen,SD-018,,,,,,,,,unmatched_or_out_of_window,AL_2024-2024_Regular_Session_JSON_20240523_8163cf95b36859f0f327c0576e729221.zip
2024,3490,Vivian Figures,D,Sen,SD-033,,,,,,,,,unmatched_or_out_of_window,AL_2024-2024_Regular_Session_JSON_20240523_8163cf95b36859f0f327c0576e729221.zip
2025,15746,Mack Butler,R,Rep,HD-028,,,,,,,,,unmatched_or_out_of_window,AL_2025-2025_Regular_Session_JSON_20250606_8b02a5b94867a13e6a5ddf91374d9628.zip
2025,17625,Kelvin Lawrence,D,Rep,HD-069,,,,,,,,,unmatched_or_out_of_window,AL_2025-2025_Regular_Session_JSON_20250606_8b02a5b94867a13e6a5ddf91374d9628.zip
2025,17632,Timothy Wadsworth,R,Rep,HD-014,,,,,,,,,unmatched_or_out_of_window,AL_2025-2025_Regular_Session_JSON_20250606_8b02a5b94867a13e6a5ddf91374d9628.zip
2025,17874,Chris Blackshear,R,Rep,HD-080,,,,,,,,,unmatched_or_out_of_window,AL_2025-2025_Regular_Session_JSON_20250606_8b02a5b94867a13e6a5ddf91374d9628.zip
2025,17899,Danny Crawford,R,Rep,HD-005,,,,,,,,,unmatched_or_out_of_window,AL_2025-2025_Regular_Session_JSON_20250606_8b02a5b94867a13e6a5ddf91374d9628.zip
2025,21304,Parker Moore,R,Rep,HD-004,,,,,,,,,unmatched_or_out_of_window,AL_2025-2025_Regular_Session_JSON_20250606_8b02a5b94867a13e6a5ddf91374d9628.zip
2025,21312,Debbie Wood,R,Rep,HD-038,,,,,,,,,unmatched_or_out_of_window,AL_2025-2025_Regular_Session_JSON_20250606_8b02a5b94867a13e6a5ddf91374d9628.zip
2025,22964,Cynthia Almond,R,Rep,HD-063,,,,,,,,,unmatched_or_out_of_window,AL_2025-2025_Regular_Session_JSON_20250606_8b02a5b94867a13e6a5ddf91374d9628.zip
2025,23107,Patrice McClammy,D,Rep,HD-076,,,,,,,,,unmatched_or_out_of_window,AL_2025-2025_Regular_Session_JSON_20250606_8b02a5b94867a13e6a5ddf91374d9628.zip
2025,24598,Mark Gidley,R,Rep,HD-029,,,,,,,,,unmatched_or_out_of_window,AL_2025-2025_Regular_Session_JSON_20250606_8b02a5b94867a13e6a5ddf91374d9628.zip
2025,24604,Marcus Paramore,R,Rep,HD-089,,,,,,,,,unmatched_or_out_of_window,AL_2025-2025_Regular_Session_JSON_20250606_8b02a5b94867a13e6a5ddf91374d9628.zip
2025,24609,Robert Stewart,D,Sen,SD-023,,,,,,,,,unmatched_or_out_of_window,AL_2025-2025_Regular_Session_JSON_20250606_8b02a5b94867a13e6a5ddf91374d9628.zip
2025,24610,Troy Stubbs,R,Rep,HD-031,,,,,,,,,unmatched_or_out_of_window,AL_2025-2025_Regular_Session_JSON_20250606_8b02a5b94867a13e6a5ddf91374d9628.zip
2025,24611,Ontario Tillman,D,Rep,HD-056,,,,,,,,,unmatched_or_out_of_window,AL_2025-2025_Regular_Session_JSON_20250606_8b02a5b94867a13e6a5ddf91374d9628.zip
2025,24612,Kerry Underwood,R,Rep,HD-003,,,,,,,,,unmatched_or_out_of_window,AL_2025-2025_Regular_Session_JSON_20250606_8b02a5b94867a13e6a5ddf91374d9628.zip
2025,24794,Joshua Carnley,R,Sen,SD-031,,,,,,,,,unmatched_or_out_of_window,AL_2025-2025_Regular_Session_JSON_20250606_8b02a5b94867a13e6a5ddf91374d9628.zip
2025,24804,Phillip Rigsby,R,Rep,HD-025,,,,,,,,,unmatched_or_out_of_window,AL_2025-2025_Regular_Session_JSON_20250606_8b02a5b94867a13e6a5ddf91374d9628.zip
2025,24807,Curtis Travis,D,Rep,HD-072,,,,,,,,,unmatched_or_out_of_window,AL_2025-2025_Regular_Session_JSON_20250606_8b02a5b94867a13e6a5ddf91374d9628.zip
2025,25162,Bryan Brinyark,R,Rep,HD-016,,,,,,,,,unmatched_or_out_of_window,AL_2025-2025_Regular_Session_JSON_20250606_8b02a5b94867a13e6a5ddf91374d9628.zip
2025,25163,Travis Hendrix,D,Rep,HD-055,,,,,,,,,unmatched_or_out_of_window,AL_2025-2025_Regular_Session_JSON_20250606_8b02a5b94867a13e6a5ddf91374d9628.zip
2025,25223,Jeana Ross,R,Rep,HD-027,,,,,,,,,unmatched_or_out_of_window,AL_2025-2025_Regular_Session_JSON_20250606_8b02a5b94867a13e6a5ddf91374d9628.zip
2025,25433,Kelvin Datcher,D,Rep,HD-052,,,,,,,,,unmatched_or_out_of_window,AL_2025-2025_Regular_Session_JSON_20250606_8b02a5b94867a13e6a5ddf91374d9628.zip
2025,3358,Artis McCampbell,D,Rep,HD-071,,,,,,,,,unmatched_or_out_of_window,AL_2025-2025_Regular_Session_JSON_20250606_8b02a5b94867a13e6a5ddf91374d9628.zip
2025,3360,Barbara Boyd,D,Rep,HD-032,,,,,,,,,unmatched_or_out_of_window,AL_2025-2025_Regular_Session_JSON_20250606_8b02a5b94867a13e6a5ddf91374d9628.zip
2025,3370,Pebblin Warren,D,Rep,HD-082,,,,,,,,,unmatched_or_out_of_window,AL_2025-2025_Regular_Session_JSON_20250606_8b02a5b94867a13e6a5ddf91374d9628.zip
2025,3374,Christopher England,D,Rep,HD-070,,,,,,,,,unmatched_or_out_of_window,AL_2025-2025_Regular_Session_JSON_20250606_8b02a5b94867a13e6a5ddf91374d9628.zip
2025,3382,Thomas Jackson,D,Rep,HD-068,,,,,,,,,unmatched_or_out_of_window,AL_2025-2025_Regular_Session_JSON_20250606_8b02a5b94867a13e6a5ddf91374d9628.zip
2025,3386,William Beasley,D,Sen,SD-028,,,,,,,,,unmatched_or_out_of_window,AL_2025-2025_Regular_Session_JSON_20250606_8b02a5b94867a13e6a5ddf91374d9628.zip
2025,3387,Stephen Hurst,R,Rep,HD-035,,,,,,,,,unmatched_or_out_of_window,AL_2025-2025_Regular_Session_JSON_20250606_8b02a5b94867a13e6a5ddf91374d9628.zip
2025,3391,Merika Coleman-Evans,D,Sen,SD-019,,,,,,,,,unmatched_or_out_of_window,AL_2025-2025_Regular_Session_JSON_20250606_8b02a5b94867a13e6a5ddf91374d9628.zip
2025,3461,J.T. Waggoner,R,Sen,SD-016,,,,,,,,,unmatched_or_out_of_window,AL_2025-2025_Regular_Session_JSON_20250606_8b02a5b94867a13e6a5ddf91374d9628.zip
2025,3465,Rodger Smitherman,D,Sen,SD-018,,,,,,,,,unmatched_or_out_of_window,AL_2025-2025_Regular_Session_JSON_20250606_8b02a5b94867a13e6a5ddf91374d9628.zip
2025,3490,Vivian Figures,D,Sen,SD-033,,,,,,,,,unmatched_or_out_of_window,AL_2025-2025_Regular_Session_JSON_20250606_8b02a5b94867a13e6a5ddf91374d9628.zip
2026,15746,Mack Butler,R,Rep,HD-028,,,,,,,,,unmatched_or_out_of_window,AL_2026-2026_Regular_Session_JSON_20260508_83dae6d8cabb24f080c0acbf9b47fb57.zip
2026,17625,Kelvin Lawrence,D,Rep,HD-069,,,,,,,,,unmatched_or_out_of_window,AL_2026-2026_Regular_Session_JSON_20260508_83dae6d8cabb24f080c0acbf9b47fb57.zip
2026,17632,Timothy Wadsworth,R,Rep,HD-014,,,,,,,,,unmatched_or_out_of_window,AL_2026-2026_Regular_Session_JSON_20260508_83dae6d8cabb24f080c0acbf9b47fb57.zip
2026,17874,Chris Blackshear,R,Rep,HD-080,,,,,,,,,unmatched_or_out_of_window,AL_2026-2026_Regular_Session_JSON_20260508_83dae6d8cabb24f080c0acbf9b47fb57.zip
2026,17899,Danny Crawford,R,Rep,HD-005,,,,,,,,,unmatched_or_out_of_window,AL_2026-2026_Regular_Session_JSON_20260508_83dae6d8cabb24f080c0acbf9b47fb57.zip
2026,21304,Parker Moore,R,Rep,HD-004,,,,,,,,,unmatched_or_out_of_window,AL_2026-2026_Regular_Session_JSON_20260508_83dae6d8cabb24f080c0acbf9b47fb57.zip
2026,23107,Patrice McClammy,D,Rep,HD-076,,,,,,,,,unmatched_or_out_of_window,AL_2026-2026_Regular_Session_JSON_20260508_83dae6d8cabb24f080c0acbf9b47fb57.zip
2026,24598,Mark Gidley,R,Rep,HD-029,,,,,,,,,unmatched_or_out_of_window,AL_2026-2026_Regular_Session_JSON_20260508_83dae6d8cabb24f080c0acbf9b47fb57.zip
2026,24604,Marcus Paramore,R,Rep,HD-089,,,,,,,,,unmatched_or_out_of_window,AL_2026-2026_Regular_Session_JSON_20260508_83dae6d8cabb24f080c0acbf9b47fb57.zip
2026,24609,Robert Stewart,D,Sen,SD-023,,,,,,,,,unmatched_or_out_of_window,AL_2026-2026_Regular_Session_JSON_20260508_83dae6d8cabb24f080c0acbf9b47fb57.zip
2026,24610,Troy Stubbs,R,Rep,HD-031,,,,,,,,,unmatched_or_out_of_window,AL_2026-2026_Regular_Session_JSON_20260508_83dae6d8cabb24f080c0acbf9b47fb57.zip
2026,24611,Ontario Tillman,D,Rep,HD-056,,,,,,,,,unmatched_or_out_of_window,AL_2026-2026_Regular_Session_JSON_20260508_83dae6d8cabb24f080c0acbf9b47fb57.zip
2026,24612,Kerry Underwood,R,Rep,HD-003,,,,,,,,,unmatched_or_out_of_window,AL_2026-2026_Regular_Session_JSON_20260508_83dae6d8cabb24f080c0acbf9b47fb57.zip
2026,24794,Joshua Carnley,R,Sen,SD-031,,,,,,,,,unmatched_or_out_of_window,AL_2026-2026_Regular_Session_JSON_20260508_83dae6d8cabb24f080c0acbf9b47fb57.zip
2026,24804,Phillip Rigsby,R,Rep,HD-025,,,,,,,,,unmatched_or_out_of_window,AL_2026-2026_Regular_Session_JSON_20260508_83dae6d8cabb24f080c0acbf9b47fb57.zip
2026,24807,Curtis Travis,D,Rep,HD-072,,,,,,,,,unmatched_or_out_of_window,AL_2026-2026_Regular_Session_JSON_20260508_83dae6d8cabb24f080c0acbf9b47fb57.zip
2026,25162,Bryan Brinyark,R,Rep,HD-016,,,,,,,,,unmatched_or_out_of_window,AL_2026-2026_Regular_Session_JSON_20260508_83dae6d8cabb24f080c0acbf9b47fb57.zip
2026,25163,Travis Hendrix,D,Rep,HD-055,,,,,,,,,unmatched_or_out_of_window,AL_2026-2026_Regular_Session_JSON_20260508_83dae6d8cabb24f080c0acbf9b47fb57.zip
2026,25223,Jeana Ross,R,Rep,HD-027,,,,,,,,,unmatched_or_out_of_window,AL_2026-2026_Regular_Session_JSON_20260508_83dae6d8cabb24f080c0acbf9b47fb57.zip
2026,25433,Kelvin Datcher,D,Rep,HD-052,,,,,,,,,unmatched_or_out_of_window,AL_2026-2026_Regular_Session_JSON_20260508_83dae6d8cabb24f080c0acbf9b47fb57.zip
2026,26543,Heath Allbright,R,Rep,HD-011,,,,,,,,,unmatched_or_out_of_window,AL_2026-2026_Regular_Session_JSON_20260508_83dae6d8cabb24f080c0acbf9b47fb57.zip
2026,26544,Greg Barnes,R,Rep,HD-013,,,,,,,,,unmatched_or_out_of_window,AL_2026-2026_Regular_Session_JSON_20260508_83dae6d8cabb24f080c0acbf9b47fb57.zip
2026,26545,Cindy Myrex,R,Rep,HD-012,,,,,,,,,unmatched_or_out_of_window,AL_2026-2026_Regular_Session_JSON_20260508_83dae6d8cabb24f080c0acbf9b47fb57.zip
2026,26613,Norman Crow,R,Rep,HD-063,,,,,,,,,unmatched_or_out_of_window,AL_2026-2026_Regular_Session_JSON_20260508_83dae6d8cabb24f080c0acbf9b47fb57.zip
2026,26633,Kristin Nelson,R,Rep,HD-038,,,,,,,,,unmatched_or_out_of_window,AL_2026-2026_Regular_Session_JSON_20260508_83dae6d8cabb24f080c0acbf9b47fb57.zip
2026,3358,Artis McCampbell,D,Rep,HD-071,,,,,,,,,unmatched_or_out_of_window,AL_2026-2026_Regular_Session_JSON_20260508_83dae6d8cabb24f080c0acbf9b47fb57.zip
2026,3360,Barbara Boyd,D,Rep,HD-032,,,,,,,,,unmatched_or_out_of_window,AL_2026-2026_Regular_Session_JSON_20260508_83dae6d8cabb24f080c0acbf9b47fb57.zip
2026,3370,Pebblin Warren,D,Rep,HD-082,,,,,,,,,unmatched_or_out_of_window,AL_2026-2026_Regular_Session_JSON_20260508_83dae6d8cabb24f080c0acbf9b47fb57.zip
2026,3374,Christopher England,D,Rep,HD-070,,,,,,,,,unmatched_or_out_of_window,AL_2026-2026_Regular_Session_JSON_20260508_83dae6d8cabb24f080c0acbf9b47fb57.zip
2026,3382,Thomas Jackson,D,Rep,HD-068,,,,,,,,,unmatched_or_out_of_window,AL_2026-2026_Regular_Session_JSON_20260508_83dae6d8cabb24f080c0acbf9b47fb57.zip
2026,3386,William Beasley,D,Sen,SD-028,,,,,,,,,unmatched_or_out_of_window,AL_2026-2026_Regular_Session_JSON_20260508_83dae6d8cabb24f080c0acbf9b47fb57.zip
2026,3387,Stephen Hurst,R,Rep,HD-035,,,,,,,,,unmatched_or_out_of_window,AL_2026-2026_Regular_Session_JSON_20260508_83dae6d8cabb24f080c0acbf9b47fb57.zip
2026,3391,Merika Coleman-Evans,D,Sen,SD-019,,,,,,,,,unmatched_or_out_of_window,AL_2026-2026_Regular_Session_JSON_20260508_83dae6d8cabb24f080c0acbf9b47fb57.zip
2026,3461,J.T. Waggoner,R,Sen,SD-016,,,,,,,,,unmatched_or_out_of_window,AL_2026-2026_Regular_Session_JSON_20260508_83dae6d8cabb24f080c0acbf9b47fb57.zip
2026,3465,Rodger Smitherman,D,Sen,SD-018,,,,,,,,,unmatched_or_out_of_window,AL_2026-2026_Regular_Session_JSON_20260508_83dae6d8cabb24f080c0acbf9b47fb57.zip
2026,3490,Vivian Figures,D,Sen,SD-033,,,,,,,,,unmatched_or_out_of_window,AL_2026-2026_Regular_Session_JSON_20260508_83dae6d8cabb24f080c0acbf9b47fb57.zip
