people_id,chamber,member_display_name_roster,party_roster,first_session,last_session,legislative_sessions,member_source_id,candidate_cycles_linked,latest_candidate_id,latest_resolved_name,member_display_name,party,district,behavioral_ideology,chamber_percentile,votes_used,possible_votes,participation_rate,caucus_median,distance_from_caucus_median,normalized_name,surname,legislative_issue_abortion_access,legislative_issue_anti_discrimination,legislative_issue_business_subsidy,legislative_issue_campaign_finance_disclosure,legislative_issue_campaign_finance_restrictions,legislative_issue_christian_sexual_morality,legislative_issue_civil_social_liberty,legislative_issue_confederate_commemoration,legislative_issue_criminal_punishment,legislative_issue_digital_content_regulation,legislative_issue_digital_privacy,legislative_issue_drug_criminalization,legislative_issue_due_process,legislative_issue_economic_stimulus,legislative_issue_education_access,legislative_issue_education_accountability,legislative_issue_education_curriculum_traditionalism,legislative_issue_education_market_choice,legislative_issue_education_public_funding,legislative_issue_education_teacher_labor,legislative_issue_election_integrity_controls,legislative_issue_environmental_protection,legislative_issue_federalism,legislative_issue_gambling_policy,legislative_issue_government_ethics_transparency,legislative_issue_gun_access,legislative_issue_gun_purchase_regulation,legislative_issue_healthcare_access,legislative_issue_healthcare_regulation_patient_rights,legislative_issue_immigrant_public_benefits,legislative_issue_immigration_access,legislative_issue_immigration_enforcement,legislative_issue_incarceration,legislative_issue_institutional_populism,legislative_issue_labor_rights,legislative_issue_land_use_property_rights,legislative_issue_malpractice_liability,legislative_issue_market_governance,legislative_issue_police_authority,legislative_issue_public_employee_compensation,legislative_issue_public_private_provision,legislative_issue_public_spending,legislative_issue_racial_civil_rights,legislative_issue_religion_state,legislative_issue_security_preparedness,legislative_issue_surveillance_authority,legislative_issue_tax_burden,legislative_issue_trade_openness,legislative_issue_voting_access,legislative_issue_welfare_conditionality,legislative_issue_votes_abortion_access,legislative_issue_votes_anti_discrimination,legislative_issue_votes_business_subsidy,legislative_issue_votes_campaign_finance_disclosure,legislative_issue_votes_campaign_finance_restrictions,legislative_issue_votes_christian_sexual_morality,legislative_issue_votes_civil_social_liberty,legislative_issue_votes_confederate_commemoration,legislative_issue_votes_criminal_punishment,legislative_issue_votes_digital_content_regulation,legislative_issue_votes_digital_privacy,legislative_issue_votes_drug_criminalization,legislative_issue_votes_due_process,legislative_issue_votes_economic_stimulus,legislative_issue_votes_education_access,legislative_issue_votes_education_accountability,legislative_issue_votes_education_curriculum_traditionalism,legislative_issue_votes_education_market_choice,legislative_issue_votes_education_public_funding,legislative_issue_votes_education_teacher_labor,legislative_issue_votes_election_integrity_controls,legislative_issue_votes_environmental_protection,legislative_issue_votes_federalism,legislative_issue_votes_gambling_policy,legislative_issue_votes_government_ethics_transparency,legislative_issue_votes_gun_access,legislative_issue_votes_gun_purchase_regulation,legislative_issue_votes_healthcare_access,legislative_issue_votes_healthcare_regulation_patient_rights,legislative_issue_votes_immigrant_public_benefits,legislative_issue_votes_immigration_access,legislative_issue_votes_immigration_enforcement,legislative_issue_votes_incarceration,legislative_issue_votes_institutional_populism,legislative_issue_votes_labor_rights,legislative_issue_votes_land_use_property_rights,legislative_issue_votes_malpractice_liability,legislative_issue_votes_market_governance,legislative_issue_votes_police_authority,legislative_issue_votes_public_employee_compensation,legislative_issue_votes_public_private_provision,legislative_issue_votes_public_spending,legislative_issue_votes_racial_civil_rights,legislative_issue_votes_religion_state,legislative_issue_votes_security_preparedness,legislative_issue_votes_surveillance_authority,legislative_issue_votes_tax_burden,legislative_issue_votes_trade_openness,legislative_issue_votes_voting_access,legislative_issue_votes_welfare_conditionality,legislative_source_votes_frontier_manual_review:exact_ontology_v3_pair,legislative_source_votes_frontier_manual_review:historical_frontier:abortion_restriction,legislative_source_votes_frontier_manual_review:historical_frontier:broad_tax_increase,legislative_source_votes_frontier_manual_review:historical_frontier:business_subsidy_expansion,legislative_source_votes_frontier_manual_review:historical_frontier:environmental_protection_expansion,legislative_source_votes_frontier_manual_review:historical_frontier:government_transparency_expansion,legislative_source_votes_frontier_manual_review:historical_frontier:healthcare_access_expansion,legislative_source_votes_frontier_manual_review:historical_frontier:occupational_deregulation,legislative_source_votes_frontier_manual_review:historical_frontier:public_education_expansion,legislative_source_votes_frontier_manual_review:historical_frontier:public_education_reduction,legislative_source_votes_frontier_manual_review:historical_frontier:public_employee_compensation_expansion,legislative_source_votes_frontier_manual_review:historical_frontier:punishment_expansion,legislative_source_votes_frontier_manual_review:historical_frontier:punishment_reduction,legislative_source_votes_frontier_manual_review:historical_frontier:racial_rights_expansion_context,legislative_source_votes_frontier_manual_review:historical_frontier:religious_accommodation,legislative_source_votes_frontier_manual_review:historical_frontier:sexual_liberty_restriction_context,legislative_source_votes_frontier_manual_review:historical_frontier:tax_reduction,career_window_start,career_window_end,career_ideology_available
3354,house,John Knight,D,2010,2018,9,LEGISCAN-3354,3.0,AL-2014-house-77-D-JOHN-KNIGHT,John Knight,John Knight,D,HD-077,-2.64829213188916,3.9260969976905313,1415.0,6671.0,0.2121121271173737,-4.4602844971162574e-10,-2.6482921314431316,JOHN KNIGHT,KNIGHT,1.0,,1.0,-1.0,-1.0,,1.0,-1.0,0.0,,,-1.0,,1.0,1.0,1.0,,-0.6,,,,,,,-1.0,-1.0,-1.0,1.0,,1.0,1.0,-1.0,-1.0,,,,,-0.5,,1.0,1.0,0.0,,,1.0,,-0.7142857142857143,,1.0,,3.0,,1.0,1.0,1.0,,1.0,1.0,4.0,,,1.0,,1.0,1.0,2.0,,5.0,,,,,,,2.0,1.0,1.0,1.0,,2.0,1.0,2.0,2.0,,,,,4.0,,1.0,2.0,2.0,,,1.0,,7.0,,1.0,,52.0,0.0,0.0,0.0,0.0,0.0,0.0,0.0,0.0,0.0,0.0,0.0,0.0,0.0,0.0,0.0,0.0,1998,2026,True
3355,house,Ronald Grantland,D,2010,2010,1,LEGISCAN-3355,3.0,AL-2006-house-9-D-RONALD-GRANTLAND,RONALD GRANTLAND,Ronald Grantland,D,HD-009,-0.016091496149395704,17.551963048498845,44.0,6671.0,0.006595712786688653,-4.4602844971162574e-10,-0.016091495703367254,RONALD GRANTLAND,GRANTLAND,,,,,,,,,,,,,,,,,,,,,,,,,,,,1.0,,,,,,,,,,,,,,,,,,,,,,,,,,,,,,,,,,,,,,,,,,,,,,,,,,1.0,,,,,,,,,,,,,,,,,,,,,,,1.0,0.0,0.0,0.0,0.0,0.0,0.0,0.0,0.0,0.0,0.0,0.0,0.0,0.0,0.0,0.0,0.0,1998,2026,True
3356,house,Tammy Irons,D,2010,2010,1,LEGISCAN-3356,,,,Tammy Irons,D,SD-001,-0.018423162244477747,15.935334872979215,48.0,6671.0,0.007195323040023984,-4.4602844971162574e-10,-0.018423161798449297,TAMMY IRONS,IRONS,,,,,,,,,,,,,,,,,,,,,,,,,,,,1.0,,,,,,,,,,,,,,,,,,,,,,,,,,,,,,,,,,,,,,,,,,,,,,,,,,1.0,,,,,,,,,,,,,,,,,,,,,,,1.0,0.0,0.0,0.0,0.0,0.0,0.0,0.0,0.0,0.0,0.0,0.0,0.0,0.0,0.0,0.0,0.0,1998,2026,True
3356,senate,Tammy Irons,D,2011,2014,4,LEGISCAN-3356,1.0,AL-2010-senate-1-D-TAMMY-L-IRONS,TAMMY L. IRONS,Tammy Irons,D,SD-001,-1.8027826632535562,7.142857142857142,907.0,3886.0,0.23340195573854863,-1.6714756153497598e-09,-1.8027826615820806,TAMMY IRONS,IRONS,,,,1.0,0.0,,,,0.0,,,,,,,1.0,,-0.3333333333333333,,1.0,1.0,,,,1.0,,,,,-1.0,-1.0,1.0,,,,,,-1.0,,0.3333333333333333,,,,,,,-1.0,,,,,,,1.0,2.0,,,,2.0,,,,,,,2.0,,3.0,,1.0,1.0,,,,1.0,,,,,2.0,2.0,2.0,,,,,,1.0,,3.0,,,,,,,1.0,,,,24.0,0.0,0.0,0.0,0.0,0.0,0.0,0.0,0.0,0.0,0.0,0.0,0.0,0.0,0.0,0.0,0.0,1998,2026,True
3357,house,Laura Hall,D,2010,2026,17,LEGISCAN-3357,6.0,AL-2022-house-19-D-GSL019DHAL,Laura Hall,Laura Hall,D,HD-019,-3.800326408055891,0.9237875288683602,2104.0,6671.0,0.31539499325438464,-4.4602844971162574e-10,-3.8003264076098624,LAURA HALL,HALL,0.3333333333333333,1.0,1.0,1.0,1.0,-1.0,-0.1111111111111111,-1.0,-0.3333333333333333,,,,1.0,1.0,1.0,0.3333333333333333,-1.0,-0.5,1.0,1.0,-1.0,1.0,-1.0,1.0,0.0,-1.0,0.0,1.0,1.0,1.0,1.0,-1.0,-1.0,,-0.3333333333333333,1.0,-1.0,0.2727272727272727,-0.3333333333333333,,1.0,0.3333333333333333,,-0.3333333333333333,1.0,1.0,0.06666666666666667,,1.0,-1.0,3.0,1.0,3.0,1.0,1.0,1.0,9.0,1.0,9.0,,,,4.0,1.0,1.0,3.0,4.0,8.0,2.0,1.0,3.0,1.0,1.0,4.0,2.0,4.0,2.0,3.0,1.0,2.0,1.0,3.0,3.0,,3.0,1.0,1.0,11.0,3.0,,1.0,3.0,,3.0,1.0,1.0,15.0,,5.0,2.0,133.0,0.0,0.0,0.0,0.0,0.0,0.0,0.0,0.0,0.0,0.0,0.0,0.0,0.0,0.0,0.0,0.0,1998,2026,True
3358,house,Artis McCampbell,D,2010,2026,17,LEGISCAN-3358,5.0,AL-2022-house-71-D-GSL071DMCC,Artis McCampbell,Artis McCampbell,D,HD-071,-3.396311108457528,2.5404157043879905,2081.0,6671.0,0.3119472342977065,-4.4602844971162574e-10,-3.3963111080114996,ARTIS MCCAMPBELL,MCCAMPBELL,1.0,1.0,1.0,,,,-0.1111111111111111,-1.0,0.0,,,-1.0,1.0,0.0,0.0,0.3333333333333333,-1.0,0.1111111111111111,1.0,1.0,-0.3333333333333333,1.0,-1.0,0.6,0.3333333333333333,-1.0,0.0,1.0,1.0,1.0,1.0,-1.0,-1.0,,-0.5,,1.0,0.0,-0.3333333333333333,1.0,1.0,0.3333333333333333,,0.0,1.0,1.0,-0.2857142857142857,,1.0,0.0,3.0,1.0,4.0,,,,9.0,1.0,12.0,,,1.0,4.0,2.0,2.0,3.0,4.0,9.0,4.0,1.0,6.0,1.0,2.0,5.0,3.0,3.0,2.0,2.0,1.0,2.0,1.0,3.0,5.0,,4.0,,1.0,12.0,3.0,2.0,1.0,6.0,,2.0,2.0,2.0,14.0,,5.0,2.0,152.0,0.0,0.0,0.0,0.0,0.0,0.0,0.0,0.0,0.0,0.0,0.0,0.0,0.0,0.0,0.0,0.0,1998,2026,True
3359,house,James Thomas,D,2010,2010,1,LEGISCAN-3359,2.0,AL-2006-house-69-D-JAMES-LOUIS-THOMAS,JAMES LOUIS THOMAS,James Thomas,D,HD-069,-0.013869488878466141,18.244803695150118,40.0,6671.0,0.00599610253335332,-4.4602844971162574e-10,-0.01386948843243769,JAMES THOMAS,THOMAS,,,,,,,,,,,,,,,,,,,,,,,,,,,,1.0,,,,,,,,,,,,,,,,,,,,,,,,,,,,,,,,,,,,,,,,,,,,,,,,,,1.0,,,,,,,,,,,,,,,,,,,,,,,1.0,0.0,0.0,0.0,0.0,0.0,0.0,0.0,0.0,0.0,0.0,0.0,0.0,0.0,0.0,0.0,0.0,1998,2026,True
3360,house,Barbara Boyd,D,2010,2026,17,LEGISCAN-3360,7.0,AL-2022-house-32-D-GSL032DBOY,Barbara Boyd,Barbara Boyd,D,HD-032,-3.701049862128612,1.3856812933025404,2468.0,6671.0,0.36995952630789986,-4.4602844971162574e-10,-3.7010498616825833,BARBARA BOYD,BOYD,1.0,1.0,0.6,1.0,1.0,,-0.42857142857142855,-1.0,0.3333333333333333,,-1.0,-1.0,1.0,0.0,0.0,1.0,0.0,-0.25,1.0,-1.0,0.42857142857142855,1.0,-1.0,0.6,0.0,-0.5,0.0,1.0,,1.0,,-1.0,-1.0,,-0.5,-1.0,1.0,0.3333333333333333,-1.0,0.0,1.0,0.3333333333333333,,-0.3333333333333333,1.0,1.0,0.0,,0.6,-0.3333333333333333,3.0,1.0,5.0,1.0,1.0,,14.0,1.0,15.0,,1.0,1.0,4.0,2.0,2.0,4.0,4.0,8.0,4.0,1.0,7.0,1.0,2.0,5.0,2.0,4.0,2.0,2.0,,1.0,,2.0,5.0,,4.0,1.0,1.0,15.0,2.0,2.0,1.0,6.0,,3.0,2.0,4.0,16.0,,5.0,3.0,170.0,0.0,0.0,0.0,0.0,0.0,0.0,0.0,0.0,0.0,0.0,0.0,0.0,0.0,0.0,0.0,0.0,1998,2026,True
3361,house,Joseph Mitchell,D,2010,2014,5,LEGISCAN-3361,3.0,AL-2010-house-103-D-JOSEPH-C-MITCHELL,JOSEPH C. MITCHELL,Joseph Mitchell,D,HD-103,-0.4253412437850735,12.933025404157044,195.0,6671.0,0.029230999850097437,-4.4602844971162574e-10,-0.42534124333904505,JOSEPH MITCHELL,MITCHELL,1.0,,,,,,,,-1.0,,,,,,1.0,,,,,,,,,,,,,,,1.0,1.0,-1.0,,,,,,,,,,,,,,,-1.0,,1.0,,1.0,,,,,,,,1.0,,,,,,1.0,,,,,,,,,,,,,,,2.0,1.0,2.0,,,,,,,,,,,,,,,2.0,,1.0,,11.0,0.0,0.0,0.0,0.0,0.0,0.0,0.0,0.0,0.0,0.0,0.0,0.0,0.0,0.0,0.0,0.0,1998,2026,True
3362,house,Jeff McLaughlin,D,2010,2010,1,LEGISCAN-3362,3.0,AL-2014-house-27-D-JEFF-MCLAUGHLIN,Jeff McLaughlin,Jeff McLaughlin,D,HD-027,-0.021973372949879014,14.549653579676674,46.0,6671.0,0.006895517913356318,-4.4602844971162574e-10,-0.021973372503850563,JEFF MCLAUGHLIN,MCLAUGHLIN,,,,,,,,,,,,,,,,,,,,,,,,,,,,1.0,,,,,,,,,,,,,,,,,,,,,,,,,,,,,,,,,,,,,,,,,,,,,,,,,,1.0,,,,,,,,,,,,,,,,,,,,,,,1.0,0.0,0.0,0.0,0.0,0.0,0.0,0.0,0.0,0.0,0.0,0.0,0.0,0.0,0.0,0.0,0.0,1998,2026,True
3363,house,Terry Spicer,D,2010,2010,1,LEGISCAN-3363,3.0,AL-2010-house-91-D-TERRY-SPICER,TERRY SPICER,Terry Spicer,D,HD-091,-0.01362686749458196,18.475750577367204,37.0,6671.0,0.005546394843351821,-4.4602844971162574e-10,-0.01362686704855351,TERRY SPICER,SPICER,,,,,,,,,,,,,,,,,,,,,,,,,,,,1.0,,,,,,,,,,,,,,,,,,,,,,,,,,,,,,,,,,,,,,,,,,,,,,,,,,1.0,,,,,,,,,,,,,,,,,,,,,,,1.0,0.0,0.0,0.0,0.0,0.0,0.0,0.0,0.0,0.0,0.0,0.0,0.0,0.0,0.0,0.0,0.0,1998,2026,True
3364,house,Randy Hinshaw,D,2010,2010,1,LEGISCAN-3364,3.0,AL-2010-house-21-D-RANDY-HINSHAW,RANDY HINSHAW,Randy Hinshaw,D,HD-021,-0.017543418920090738,16.166281755196305,46.0,6671.0,0.006895517913356318,-4.4602844971162574e-10,-0.017543418474062288,RANDY HINSHAW,HINSHAW,,,,,,,,,,,,,,,,,,,,,,,,,,,,1.0,,,,,,,,,,,,,,,,,,,,,,,,,,,,,,,,,,,,,,,,,,,,,,,,,,1.0,,,,,,,,,,,,,,,,,,,,,,,1.0,0.0,0.0,0.0,0.0,0.0,0.0,0.0,0.0,0.0,0.0,0.0,0.0,0.0,0.0,0.0,0.0,1998,2026,True
3365,house,Betty Graham,D,2010,2010,1,LEGISCAN-3365,2.0,AL-2010-house-81-D-BETTY-CAROL-GRAHAM,BETTY CAROL GRAHAM,Betty Graham,D,HD-081,-0.01621941165929753,17.321016166281755,45.0,6671.0,0.006745615350022486,-4.4602844971162574e-10,-0.01621941121326908,BETTY GRAHAM,GRAHAM,,,,,,,,,,,,,,,,,,,,,,,,,,,,,,,,,,,,,,,,,,,,,,,,,,,,,,,,,,,,,,,,,,,,,,,,,,,,,,,,,,,,,,,,,,,,,,,,,,,,,,,,,,,,,,,,,,,,,,1998,2026,True
3366,house,Locy Baker,D,2010,2010,1,LEGISCAN-3366,3.0,AL-2006-house-85-D-BAKER,Locy 'Sonny' Baker,Locy Baker,D,HD-085,-0.015123600131626221,18.013856812933028,44.0,6671.0,0.006595712786688653,-4.4602844971162574e-10,-0.015123599685597771,LOCY BAKER,BAKER,,,,,,,,,,,,,,,,,,,,,,,,,,,,1.0,,,,,,,,,,,,,,,,,,,,,,,,,,,,,,,,,,,,,,,,,,,,,,,,,,1.0,,,,,,,,,,,,,,,,,,,,,,,1.0,0.0,0.0,0.0,0.0,0.0,0.0,0.0,0.0,0.0,0.0,0.0,0.0,0.0,0.0,0.0,0.0,1998,2026,True
3367,house,Yusuf Salaam,D,2010,2010,1,LEGISCAN-3367,2.0,AL-2006-house-67-D-YUSUF-SALAAM,YUSUF SALAAM,Yusuf Salaam,D,HD-067,-0.013236724688592537,18.937644341801384,32.0,6671.0,0.004796882026682657,-4.4602844971162574e-10,-0.013236724242564087,YUSUF SALAAM,SALAAM,,,,,,,,,,,,,,,,,,,,,,,,,,,,1.0,,,,,,,,,,,,,,,,,,,,,,,,,,,,,,,,,,,,,,,,,,,,,,,,,,1.0,,,,,,,,,,,,,,,,,,,,,,,1.0,0.0,0.0,0.0,0.0,0.0,0.0,0.0,0.0,0.0,0.0,0.0,0.0,0.0,0.0,0.0,0.0,1998,2026,True
3368,house,Demetrius Newton,D,2010,2013,4,LEGISCAN-3368,3.0,AL-2010-house-53-D-DEMETRIUS-C-NEWTON,DEMETRIUS C. NEWTON,Demetrius Newton,D,HD-053,-0.7198103468426587,11.316397228637413,369.0,6671.0,0.05531404587018438,-4.4602844971162574e-10,-0.7198103463966302,DEMETRIUS NEWTON,NEWTON,,,,,,,,,1.0,,,,,,1.0,,,-1.0,,,,,,,0.0,,,1.0,,1.0,1.0,-1.0,,,,,,,,,1.0,,,,,,1.0,,1.0,,,,,,,,,,1.0,,,,,,1.0,,,1.0,,,,,,,2.0,,,1.0,,2.0,1.0,2.0,,,,,,,,,1.0,,,,,,1.0,,1.0,,14.0,0.0,0.0,0.0,0.0,0.0,0.0,0.0,0.0,0.0,0.0,0.0,0.0,0.0,0.0,0.0,0.0,1998,2026,True
3369,house,James Gordon,D,2010,2010,1,LEGISCAN-3369,1.0,AL-2006-house-98-D-JAMES-O-GORDON,JAMES O. GORDON,James Gordon,D,HD-098,-0.01746094549171838,16.397228637413395,38.0,6671.0,0.005696297406685654,-4.4602844971162574e-10,-0.01746094504568993,JAMES GORDON,GORDON,,,,,,,,,,,,,,,,,,,,,,,,,,,,1.0,,,,,,,,,,,,,,,,,,,,,,,,,,,,,,,,,,,,,,,,,,,,,,,,,,1.0,,,,,,,,,,,,,,,,,,,,,,,1.0,0.0,0.0,0.0,0.0,0.0,0.0,0.0,0.0,0.0,0.0,0.0,0.0,0.0,0.0,0.0,0.0,1998,2026,True
3370,house,Pebblin Warren,D,2010,2026,17,LEGISCAN-3370,5.0,AL-2022-house-82-D-GSL082DWAR,Pebblin Warren,Pebblin Warren,D,HD-082,-3.39383755754143,2.771362586605081,2326.0,6671.0,0.3486733623144956,-4.4602844971162574e-10,-3.3938375570954014,PEBBLIN WARREN,WARREN,0.0,1.0,1.0,1.0,1.0,,-0.23076923076923078,-1.0,0.3333333333333333,,,-1.0,1.0,0.0,0.0,1.0,-1.0,0.2,1.0,,0.2,1.0,-1.0,0.6,1.0,-1.0,0.0,1.0,1.0,0.0,-1.0,0.0,-1.0,,-0.3333333333333333,-1.0,,0.125,-0.3333333333333333,1.0,1.0,0.5,,0.0,1.0,1.0,-0.058823529411764705,,1.0,-1.0,4.0,1.0,4.0,1.0,1.0,,13.0,1.0,15.0,,,1.0,4.0,2.0,2.0,2.0,4.0,10.0,4.0,,5.0,1.0,2.0,5.0,1.0,4.0,2.0,2.0,1.0,2.0,1.0,2.0,4.0,,3.0,1.0,,16.0,3.0,2.0,2.0,4.0,,2.0,2.0,2.0,17.0,,5.0,1.0,161.0,0.0,0.0,0.0,0.0,0.0,0.0,0.0,0.0,0.0,0.0,0.0,0.0,0.0,0.0,0.0,0.0,1998,2026,True
3371,house,Ralph Howard,D,2010,2022,13,LEGISCAN-3371,4.0,AL-2018-house-72-D-RALPH-A-HOWARD,Ralph A. Howard,Ralph Howard,D,HD-072,-3.1637766772316156,3.233256351039261,1747.0,6671.0,0.26187977814420627,-4.4602844971162574e-10,-3.163776676785587,RALPH HOWARD,HOWARD,1.0,,,1.0,1.0,,-0.14285714285714285,-1.0,0.0,,,-1.0,,,1.0,1.0,-1.0,-1.0,,,-1.0,,,-1.0,0.3333333333333333,-1.0,-1.0,1.0,,1.0,1.0,-1.0,-1.0,,,,,-1.0,,1.0,0.0,-0.3333333333333333,,,1.0,1.0,-0.2,,1.0,,5.0,,,1.0,1.0,,7.0,1.0,6.0,,,1.0,,,1.0,2.0,1.0,2.0,,,1.0,,,1.0,3.0,2.0,1.0,2.0,,2.0,1.0,2.0,3.0,,,,,4.0,,1.0,2.0,3.0,,,1.0,1.0,5.0,,1.0,,64.0,0.0,0.0,0.0,0.0,0.0,0.0,0.0,0.0,0.0,0.0,0.0,0.0,0.0,0.0,0.0,0.0,1998,2026,True
3372,house,Thad McClammy,D,2010,2021,12,LEGISCAN-3372,5.0,AL-2018-house-76-D-THAD-MCCLAMMY,Thad McClammy,Thad McClammy,D,HD-076,-3.0606902947696866,3.4642032332563506,1699.0,6671.0,0.2546844551041823,-4.4602844971162574e-10,-3.060690294323658,THAD MCCLAMMY,MCCLAMMY,1.0,,1.0,1.0,1.0,,-0.3333333333333333,-1.0,0.5,,,-1.0,,1.0,1.0,1.0,,-0.6,,,,,,-1.0,0.0,-1.0,-1.0,,,1.0,1.0,-1.0,-1.0,,,,,-0.3333333333333333,,1.0,1.0,0.0,,,1.0,,-0.5,,1.0,,5.0,,1.0,1.0,1.0,,3.0,1.0,4.0,,,1.0,,1.0,1.0,2.0,,5.0,,,,,,1.0,2.0,1.0,1.0,,,2.0,1.0,2.0,2.0,,,,,3.0,,1.0,1.0,2.0,,,1.0,,8.0,,2.0,,56.0,0.0,0.0,0.0,0.0,0.0,0.0,0.0,0.0,0.0,0.0,0.0,0.0,0.0,0.0,0.0,0.0,1998,2026,True
3373,house,Earl Hilliard,D,2010,2010,1,LEGISCAN-3373,1.0,AL-2006-house-60-D-EARL-F-HILLIARD-JR,"EARL F. HILLIARD, JR.",Earl Hilliard,D,HD-060,-0.022024632734731157,14.318706697459586,43.0,6671.0,0.00644581022335482,-4.4602844971162574e-10,-0.022024632288702706,EARL HILLIARD,HILLIARD,,,,,,,,,,,,,,,,,,,,,,,,,,,,1.0,,,,,,,,,,,,,,,,,,,,,,,,,,,,,,,,,,,,,,,,,,,,,,,,,,1.0,,,,,,,,,,,,,,,,,,,,,,,1.0,0.0,0.0,0.0,0.0,0.0,0.0,0.0,0.0,0.0,0.0,0.0,0.0,0.0,0.0,0.0,0.0,1998,2026,True
3374,house,Christopher England,D,2010,2026,17,LEGISCAN-3374,5.0,AL-2022-house-70-D-GSL070DENG,Christopher England,Christopher England,D,HD-070,-4.3670464740386805,0.23094688221709006,2609.0,6671.0,0.3910957877379703,-4.4602844971162574e-10,-4.367046473592652,CHRISTOPHER ENGLAND,ENGLAND,1.0,1.0,0.6,1.0,1.0,-1.0,0.125,-1.0,0.0,,-1.0,-1.0,1.0,0.0,0.0,0.6,-1.0,-0.2,1.0,1.0,0.0,1.0,-1.0,0.6,0.3333333333333333,-1.0,0.0,1.0,1.0,1.0,1.0,-1.0,-1.0,,0.0,-1.0,-1.0,0.14285714285714285,-0.3333333333333333,0.0,1.0,0.3333333333333333,,-0.3333333333333333,1.0,1.0,0.375,,1.0,-1.0,5.0,1.0,5.0,1.0,1.0,1.0,16.0,1.0,14.0,,1.0,1.0,4.0,2.0,2.0,5.0,5.0,10.0,4.0,1.0,6.0,1.0,2.0,5.0,3.0,4.0,2.0,3.0,1.0,2.0,1.0,3.0,5.0,,4.0,1.0,1.0,14.0,3.0,2.0,2.0,6.0,,3.0,2.0,3.0,16.0,,5.0,2.0,182.0,0.0,0.0,0.0,0.0,0.0,0.0,0.0,0.0,0.0,0.0,0.0,0.0,0.0,0.0,0.0,0.0,1998,2026,True
3375,house,Oliver Robinson,D,2010,2016,7,LEGISCAN-3375,3.0,AL-2014-house-58-D-OLIVER-ROBINSON,Oliver Robinson,Oliver Robinson,D,HD-058,-1.8935668371745815,6.928406466512701,1134.0,6671.0,0.16998950682056663,-4.4602844971162574e-10,-1.893566836728553,OLIVER ROBINSON,ROBINSON,0.0,,1.0,1.0,1.0,,,,0.3333333333333333,,,-1.0,,1.0,1.0,1.0,,-0.6,,,,,,,0.0,-1.0,-1.0,1.0,,1.0,,-1.0,,,,,,0.0,,1.0,1.0,1.0,,,,,-0.3333333333333333,,1.0,,4.0,,1.0,1.0,1.0,,,,3.0,,,1.0,,1.0,1.0,2.0,,5.0,,,,,,,2.0,1.0,1.0,1.0,,1.0,,1.0,,,,,,4.0,,1.0,1.0,1.0,,,,,6.0,,2.0,,42.0,0.0,0.0,0.0,0.0,0.0,0.0,0.0,0.0,0.0,0.0,0.0,0.0,0.0,0.0,0.0,0.0,1998,2026,True
3376,house,Yvonne Kennedy,D,2010,2012,3,LEGISCAN-3376,3.0,AL-2010-house-97-D-YVONNE-KENNEDY,YVONNE KENNEDY,Yvonne Kennedy,D,HD-097,-0.783191235674819,10.623556581986143,423.0,6671.0,0.06340878429021136,-4.4602844971162574e-10,-0.7831912352287905,YVONNE KENNEDY,KENNEDY,1.0,,,,,,,,0.0,,,,,,1.0,,,,,,,,,,,,,1.0,,1.0,1.0,-1.0,,,,,,-1.0,,1.0,0.0,,,,,,0.3333333333333333,,1.0,,1.0,,,,,,,,2.0,,,,,,1.0,,,,,,,,,,,,,1.0,,2.0,1.0,2.0,,,,,,1.0,,1.0,2.0,,,,,,3.0,,1.0,,18.0,0.0,0.0,0.0,0.0,0.0,0.0,0.0,0.0,0.0,0.0,0.0,0.0,0.0,0.0,0.0,0.0,1998,2026,True
3377,house,Mike Curtis,D,2010,2010,1,LEGISCAN-3377,1.0,AL-2010-house-2-D-MIKE-CURTIS,MIKE CURTIS,Mike Curtis,D,HD-002,-0.01926351252838618,15.242494226327944,49.0,6671.0,0.007345225603357817,-4.4602844971162574e-10,-0.01926351208235773,MIKE CURTIS,CURTIS,,,,,,,,,,,,,,,,,,,,,,,,,,,,1.0,,,,,,,,,,,,,,,,,,,,,,,,,,,,,,,,,,,,,,,,,,,,,,,,,,1.0,,,,,,,,,,,,,,,,,,,,,,,1.0,0.0,0.0,0.0,0.0,0.0,0.0,0.0,0.0,0.0,0.0,0.0,0.0,0.0,0.0,0.0,0.0,1998,2026,True
3378,house,John Letson,D,2010,2010,1,LEGISCAN-3378,4.0,AL-2014-house-7-D-JOHN-JODY-LETSON,John (Jody) Letson,,,,,,,,,,,,,,,,,,,,,,,,,,,,,,,,,,,,,,,,,,,,,,,,,,,,,,,,,,,,,,,,,,,,,,,,,,,,,,,,,,,,,,,,,,,,,,,,,,,,,,,,,,,,,,,,,,,,,,,,,,,,,,,,,,1998,2026,False
3379,house,Mike Millican,R,2010,2018,9,LEGISCAN-3379,5.0,AL-2014-house-17-R-MIKE-MILLICAN,Mike Millican,Mike Millican,R,HD-017,0.8208760055332706,85.68129330254041,1561.0,6671.0,0.23399790136411333,0.2539426591653773,0.5669333463678933,MIKE MILLICAN,MILLICAN,-1.0,,0.0,1.0,1.0,,1.0,1.0,1.0,,,-1.0,,1.0,-1.0,-1.0,,1.0,,,,,,,1.0,1.0,-1.0,1.0,,-1.0,-1.0,1.0,-1.0,,,,,0.0,,1.0,1.0,1.0,,,1.0,,-0.25,,0.0,,4.0,,2.0,1.0,1.0,,1.0,1.0,4.0,,,1.0,,1.0,1.0,1.0,,3.0,,,,,,,3.0,1.0,1.0,2.0,,2.0,1.0,2.0,2.0,,,,,4.0,,2.0,2.0,2.0,,,1.0,,8.0,,2.0,,56.0,0.0,0.0,0.0,0.0,0.0,0.0,0.0,0.0,0.0,0.0,0.0,0.0,0.0,0.0,0.0,0.0,1998,2026,True
3380,house,Marcel Black,D,2010,2018,9,LEGISCAN-3380,5.0,AL-2014-house-3-D-MARCEL-BLACK,Marcel Black,Marcel Black,D,HD-003,-2.1445287660334666,5.542725173210162,1549.0,6671.0,0.23219907060410733,-4.4602844971162574e-10,-2.144528765587438,MARCEL BLACK,BLACK,0.3333333333333333,,1.0,1.0,1.0,,1.0,-1.0,1.0,,,-1.0,,1.0,1.0,1.0,,-1.0,,,,,,,-1.0,1.0,-1.0,1.0,,1.0,1.0,-1.0,,,,,,0.5,,1.0,1.0,-1.0,,,1.0,,-0.14285714285714285,,1.0,,3.0,,1.0,1.0,1.0,,1.0,1.0,3.0,,,1.0,,1.0,1.0,1.0,,4.0,,,,,,,2.0,1.0,1.0,2.0,,2.0,1.0,2.0,,,,,,4.0,,2.0,2.0,1.0,,,1.0,,7.0,,2.0,,49.0,0.0,0.0,0.0,0.0,0.0,0.0,0.0,0.0,0.0,0.0,0.0,0.0,0.0,0.0,0.0,0.0,1998,2026,True
3381,house,Alan Harper,R,2010,2018,9,LEGISCAN-3381,3.0,AL-2014-house-61-R-ALAN-HARPER,Alan Harper,Alan Harper,R,HD-061,0.5681295722282528,79.67667436489607,1575.0,6671.0,0.236096537250787,0.2539426591653773,0.3141869130628755,ALAN HARPER,HARPER,-1.0,,1.0,1.0,1.0,,1.0,1.0,1.0,,,-1.0,,1.0,-1.0,-1.0,,1.0,,,,,,,0.3333333333333333,1.0,-1.0,1.0,,0.0,1.0,0.0,,,,,,0.0,,1.0,0.0,1.0,,,1.0,,0.14285714285714285,,0.0,,3.0,,2.0,1.0,1.0,,1.0,1.0,3.0,,,1.0,,1.0,1.0,2.0,,6.0,,,,,,,3.0,1.0,1.0,2.0,,2.0,1.0,2.0,,,,,,4.0,,1.0,2.0,2.0,,,1.0,,7.0,,2.0,,54.0,0.0,0.0,0.0,0.0,0.0,0.0,0.0,0.0,0.0,0.0,0.0,0.0,0.0,0.0,0.0,0.0,1998,2026,True
3382,house,Thomas Jackson,D,2010,2026,17,LEGISCAN-3382,5.0,AL-2022-house-68-D-GSL068DJAC,"Thomas Jackson, Jr.",Thomas Jackson,D,HD-068,-3.6509735164451538,1.6166281755196306,2259.0,6671.0,0.33862989057112874,-4.4602844971162574e-10,-3.6509735159991252,THOMAS JACKSON,JACKSON,1.0,1.0,1.0,1.0,1.0,,-0.14285714285714285,-1.0,-0.23076923076923078,,,-1.0,1.0,0.0,0.0,1.0,-0.5,-0.5555555555555556,1.0,-1.0,-0.6666666666666666,1.0,0.0,0.6,-0.3333333333333333,-1.0,0.0,1.0,1.0,1.0,,-1.0,-1.0,,-0.5,-1.0,,0.5384615384615384,-0.3333333333333333,,1.0,-0.2,,1.0,1.0,1.0,0.0,,1.0,-1.0,2.0,1.0,4.0,1.0,1.0,,14.0,1.0,13.0,,,1.0,3.0,2.0,2.0,5.0,4.0,9.0,4.0,1.0,6.0,1.0,2.0,5.0,3.0,5.0,2.0,2.0,1.0,1.0,,1.0,3.0,,4.0,1.0,,13.0,3.0,,2.0,5.0,,1.0,2.0,3.0,18.0,,5.0,3.0,160.0,0.0,0.0,0.0,0.0,0.0,0.0,0.0,0.0,0.0,0.0,0.0,0.0,0.0,0.0,0.0,0.0,1998,2026,True
3383,house,Leaman Fite,D,2010,2010,1,LEGISCAN-3383,2.0,AL-2006-house-40-D-LEA-FITE,LEA FITE,,,,,,,,,,,,,,,,,,,,,,,,,,,,,,,,,,,,,,,,,,,,,,,,,,,,,,,,,,,,,,,,,,,,,,,,,,,,,,,,,,,,,,,,,,,,,,,,,,,,,,,,,,,,,,,,,,,,,,,,,,,,,,,,,,1998,2026,False
3384,house,Bill Dukes,D,2010,2010,1,LEGISCAN-3384,3.0,AL-2006-house-8-D-BILL-J-DUKES,BILL J. DUKES,Bill Dukes,D,HD-008,-0.018745230895383495,15.704387990762125,47.0,6671.0,0.007045420476690151,-4.4602844971162574e-10,-0.018745230449355044,BILL DUKES,DUKES,,,,,,,,,,,,,,,,,,,,,,,,,,,,1.0,,,,,,,,,,,,,,,,,,,,,,,,,,,,,,,,,,,,,,,,,,,,,,,,,,1.0,,,,,,,,,,,,,,,,,,,,,,,1.0,0.0,0.0,0.0,0.0,0.0,0.0,0.0,0.0,0.0,0.0,0.0,0.0,0.0,0.0,0.0,0.0,1998,2026,True
3385,house,Lesley Vance,R,2010,2015,6,LEGISCAN-3385,5.0,AL-2014-house-80-R-LESLEY-VANCE,Lesley Vance,Lesley Vance,R,HD-080,0.6446940034000918,81.2933025404157,899.0,6671.0,0.13476240443711587,0.2539426591653773,0.39075134423471447,LESLEY VANCE,VANCE,-1.0,,1.0,,,,,,1.0,,,,,1.0,-1.0,-1.0,,1.0,,,,,,,1.0,1.0,-1.0,1.0,,-1.0,-1.0,1.0,,,,,,0.0,,1.0,1.0,1.0,,,,,0.14285714285714285,,0.0,,3.0,,1.0,,,,,,3.0,,,,,1.0,1.0,1.0,,5.0,,,,,,,2.0,1.0,1.0,1.0,,2.0,1.0,2.0,,,,,,2.0,,1.0,2.0,1.0,,,,,7.0,,2.0,,40.0,0.0,0.0,0.0,0.0,0.0,0.0,0.0,0.0,0.0,0.0,0.0,0.0,0.0,0.0,0.0,0.0,1998,2026,True
3386,house,William Beasley,D,2010,2023,2,LEGISCAN-3386,,,,William Beasley,D,SD-028,-0.018858227680499006,15.473441108545035,51.0,6671.0,0.007645030730025483,-4.4602844971162574e-10,-0.018858227234470556,WILLIAM BEASLEY,BEASLEY,,,,,,,,,,,,,,,,,,,,,,,,,,,,1.0,,,,,,,,,,,,,,,,,,,,,,,,,,,,,,,,,,,,,,,,,,,,,,,,,,1.0,,,,,,,,,,,,,,,,,,,,,,,1.0,0.0,0.0,0.0,0.0,0.0,0.0,0.0,0.0,0.0,0.0,0.0,0.0,0.0,0.0,0.0,0.0,1998,2026,True
3386,senate,William Beasley,D,2011,2026,15,LEGISCAN-3386,3.0,AL-2018-senate-28-D-BILLY-BEASLEY,Billy Beasley,William Beasley,D,SD-028,-2.9327846704221816,4.761904761904762,1933.0,3886.0,0.49742665980442613,-1.6714756153497598e-09,-2.932784668750706,WILLIAM BEASLEY,BEASLEY,,1.0,1.0,1.0,0.3333333333333333,,1.0,1.0,0.7142857142857143,1.0,,-1.0,-1.0,,0.0,1.0,-1.0,-0.6666666666666666,,1.0,0.0,,0.0,1.0,1.0,-1.0,1.0,1.0,1.0,0.0,-0.3333333333333333,0.0,-1.0,1.0,,-1.0,1.0,1.0,1.0,0.3333333333333333,,0.5,,1.0,,,0.42857142857142855,1.0,1.0,,,1.0,1.0,1.0,3.0,,4.0,2.0,7.0,2.0,,2.0,1.0,,2.0,2.0,1.0,6.0,,2.0,2.0,,2.0,3.0,4.0,3.0,1.0,1.0,1.0,2.0,3.0,2.0,1.0,1.0,,1.0,1.0,4.0,2.0,6.0,,4.0,,2.0,,,7.0,1.0,1.0,,92.0,0.0,0.0,0.0,0.0,0.0,0.0,0.0,0.0,0.0,0.0,0.0,0.0,0.0,0.0,0.0,0.0,1998,2026,True
3387,house,Stephen Hurst,R,2010,2026,17,LEGISCAN-3387,6.0,AL-2022-house-35-R-GSL035RHUR,Steve Hurst,Stephen Hurst,R,HD-035,1.064805147237496,91.22401847575058,2675.0,6671.0,0.4009893569180033,0.2539426591653773,0.8108624880721187,STEPHEN HURST,HURST,-0.6,-1.0,-0.2,1.0,1.0,1.0,-0.5294117647058824,1.0,0.75,,-1.0,-1.0,0.0,0.0,-1.0,0.6,1.0,0.3333333333333333,0.5,-1.0,1.0,-1.0,0.0,-1.0,1.0,0.6,0.0,0.0,1.0,-1.0,-1.0,1.0,-1.0,,0.5,-1.0,1.0,0.06666666666666667,1.0,0.0,1.0,1.0,,1.0,1.0,1.0,-0.375,,-0.6666666666666666,1.0,5.0,1.0,5.0,1.0,1.0,1.0,17.0,1.0,16.0,,1.0,1.0,4.0,2.0,2.0,5.0,5.0,12.0,4.0,1.0,6.0,1.0,2.0,3.0,3.0,5.0,2.0,2.0,1.0,2.0,1.0,3.0,5.0,,4.0,2.0,1.0,15.0,3.0,2.0,1.0,6.0,,4.0,2.0,4.0,16.0,,6.0,3.0,190.0,0.0,0.0,0.0,0.0,0.0,0.0,0.0,0.0,0.0,0.0,0.0,0.0,0.0,0.0,0.0,0.0,1998,2026,True
3388,house,James Buskey,D,2010,2018,9,LEGISCAN-3388,3.0,AL-2014-house-99-D-JAMES-E-BUSKEY,James E. Buskey,James Buskey,D,HD-099,-2.8850128699705047,3.695150115473441,1399.0,6671.0,0.20971368610403238,-4.4602844971162574e-10,-2.885012869524476,JAMES BUSKEY,BUSKEY,1.0,,0.0,,,,1.0,-1.0,0.3333333333333333,,,-1.0,,1.0,1.0,1.0,,-1.0,,,,,,,0.3333333333333333,-1.0,-1.0,1.0,,1.0,1.0,-1.0,,,,,,-1.0,,1.0,0.0,0.0,,,1.0,,-0.3333333333333333,,1.0,,4.0,,2.0,,,,1.0,1.0,3.0,,,1.0,,1.0,1.0,2.0,,4.0,,,,,,,3.0,1.0,1.0,2.0,,2.0,1.0,2.0,,,,,,2.0,,1.0,2.0,2.0,,,1.0,,6.0,,2.0,,48.0,0.0,0.0,0.0,0.0,0.0,0.0,0.0,0.0,0.0,0.0,0.0,0.0,0.0,0.0,0.0,0.0,1998,2026,True
3389,house,Mary Moore,D,2010,2026,17,LEGISCAN-3389,5.0,AL-2022-house-59-D-GSL059DMOO,Mary Moore,Mary Moore,D,HD-059,-4.268130866354638,0.6928406466512702,2423.0,6671.0,0.36321391095787736,-4.4602844971162574e-10,-4.26813086590861,MARY MOORE,MOORE,0.5,-1.0,-0.5,,,-1.0,-0.5,-1.0,-0.42857142857142855,,1.0,-1.0,1.0,1.0,0.0,0.2,0.5,0.1111111111111111,1.0,,0.14285714285714285,1.0,-1.0,0.6,0.5,-1.0,1.0,-0.3333333333333333,1.0,1.0,1.0,-1.0,-1.0,,0.5,-1.0,1.0,-0.2,-0.3333333333333333,1.0,1.0,0.0,,-1.0,1.0,0.3333333333333333,-0.16666666666666666,,0.3333333333333333,0.0,4.0,1.0,4.0,,,1.0,12.0,1.0,14.0,,1.0,1.0,4.0,1.0,2.0,5.0,4.0,9.0,3.0,,7.0,1.0,2.0,5.0,4.0,5.0,1.0,3.0,1.0,2.0,1.0,3.0,4.0,,4.0,1.0,1.0,10.0,3.0,1.0,1.0,6.0,,3.0,1.0,3.0,12.0,,6.0,2.0,160.0,0.0,0.0,0.0,0.0,0.0,0.0,0.0,0.0,0.0,0.0,0.0,0.0,0.0,0.0,0.0,0.0,1998,2026,True
3390,house,Seth Hammett,D,2010,2010,1,LEGISCAN-3390,1.0,AL-2006-house-92-D-SETH-HAMMETT,SETH HAMMETT,Seth Hammett,D,HD-092,-0.02005088148989264,15.011547344110854,46.0,6671.0,0.006895517913356318,-4.4602844971162574e-10,-0.02005088104386419,SETH HAMMETT,HAMMETT,,,,,,,,,,,,,,,,,,,,,,,,,,,,1.0,,,,,,,,,,,,,,,,,,,,,,,,,,,,,,,,,,,,,,,,,,,,,,,,,,1.0,,,,,,,,,,,,,,,,,,,,,,,1.0,0.0,0.0,0.0,0.0,0.0,0.0,0.0,0.0,0.0,0.0,0.0,0.0,0.0,0.0,0.0,0.0,1998,2026,True
3391,house,Merika Coleman-Evans,D,2010,2023,14,LEGISCAN-3391,3.0,AL-2018-house-57-D-MERIKA-COLEMAN,Merika Coleman,Merika Coleman-Evans,D,SD-019,-3.549761662732691,2.0785219399538106,2009.0,6671.0,0.3011542497376705,-4.4602844971162574e-10,-3.5497616622866626,MERIKA COLEMAN EVANS,EVANS,0.5,,1.0,1.0,1.0,,-0.6,,0.2,,,-1.0,,1.0,1.0,1.0,-1.0,-0.6,,,-1.0,,,-1.0,-0.3333333333333333,-1.0,-1.0,1.0,,1.0,1.0,-1.0,-1.0,,,,,-0.2,,1.0,1.0,0.3333333333333333,,,1.0,,-0.14285714285714285,,0.0,,4.0,,1.0,1.0,1.0,,5.0,,5.0,,,1.0,,1.0,1.0,2.0,1.0,5.0,,,1.0,,,1.0,3.0,3.0,1.0,2.0,,2.0,1.0,2.0,3.0,,,,,5.0,,1.0,2.0,3.0,,,1.0,,7.0,,2.0,,68.0,0.0,0.0,0.0,0.0,0.0,0.0,0.0,0.0,0.0,0.0,0.0,0.0,0.0,0.0,0.0,0.0,1998,2026,True
3391,senate,Merika Coleman-Evans,D,2024,2026,3,LEGISCAN-3391,,,,Merika Coleman-Evans,D,SD-019,-0.42545092308402993,11.11111111111111,258.0,3886.0,0.06639217704580545,-1.6714756153497598e-09,-0.4254509214125543,MERIKA COLEMAN EVANS,EVANS,,,-1.0,,1.0,,0.5,,-0.6,-1.0,,,1.0,,-0.3333333333333333,,-1.0,-1.0,,,-1.0,,1.0,1.0,,,,,,,-1.0,-1.0,,,,1.0,,1.0,0.0,,,,,-1.0,,,0.3333333333333333,,,,,,1.0,,1.0,,4.0,,5.0,1.0,,,1.0,,3.0,,1.0,2.0,,,1.0,,1.0,1.0,,,,,,,1.0,1.0,,,,1.0,,1.0,2.0,,,,,2.0,,,3.0,,,,33.0,0.0,0.0,0.0,0.0,0.0,0.0,0.0,0.0,0.0,0.0,0.0,0.0,0.0,0.0,0.0,0.0,1998,2026,True
3392,house,Richard Lindsey,D,2010,2018,9,LEGISCAN-3392,3.0,AL-2014-house-39-D-RICHARD-LINDSEY,Richard Lindsey,Richard Lindsey,D,HD-039,-1.9117247877000385,6.466512702078522,1507.0,6671.0,0.22590316294408636,-4.4602844971162574e-10,-1.91172478725401,RICHARD LINDSEY,LINDSEY,-0.6,,1.0,1.0,1.0,,1.0,1.0,1.0,,,-1.0,,1.0,1.0,1.0,,-1.0,,,,,,,-1.0,1.0,-1.0,1.0,,1.0,1.0,-1.0,,,,,,0.0,,1.0,1.0,-1.0,,,1.0,,-0.3333333333333333,,1.0,,5.0,,1.0,1.0,1.0,,1.0,1.0,4.0,,,1.0,,1.0,1.0,1.0,,4.0,,,,,,,1.0,1.0,1.0,2.0,,2.0,1.0,2.0,,,,,,4.0,,2.0,2.0,1.0,,,1.0,,6.0,,2.0,,50.0,0.0,0.0,0.0,0.0,0.0,0.0,0.0,0.0,0.0,0.0,0.0,0.0,0.0,0.0,0.0,0.0,1998,2026,True
3393,house,Tommy Sherer,D,2010,2010,1,LEGISCAN-3393,2.0,AL-2010-house-13-D-TOMMY-SHERER,TOMMY SHERER,Tommy Sherer,D,HD-013,-0.01584633515388654,17.782909930715935,42.0,6671.0,0.0062959076600209865,-4.4602844971162574e-10,-0.015846334707858088,TOMMY SHERER,SHERER,,,,,,,,,,,,,,,,,,,,,,,,,,,,1.0,,,,,,,,,,,,,,,,,,,,,,,,,,,,,,,,,,,,,,,,,,,,,,,,,,1.0,,,,,,,,,,,,,,,,,,,,,,,1.0,0.0,0.0,0.0,0.0,0.0,0.0,0.0,0.0,0.0,0.0,0.0,0.0,0.0,0.0,0.0,0.0,1998,2026,True
3394,house,Ken Guin,D,2010,2010,1,LEGISCAN-3394,2.0,AL-2010-house-14-D-KEN-GUIN,KEN GUIN,Ken Guin,D,HD-014,-0.020589818469339553,14.780600461893764,49.0,6671.0,0.007345225603357817,-4.4602844971162574e-10,-0.020589818023311102,KEN GUIN,GUIN,,,,,,,,,,,,,,,,,,,,,,,,,,,,1.0,,,,,,,,,,,,,,,,,,,,,,,,,,,,,,,,,,,,,,,,,,,,,,,,,,1.0,,,,,,,,,,,,,,,,,,,,,,,1.0,0.0,0.0,0.0,0.0,0.0,0.0,0.0,0.0,0.0,0.0,0.0,0.0,0.0,0.0,0.0,0.0,1998,2026,True
3395,house,Henry White,D,2010,2010,1,LEGISCAN-3395,2.0,AL-2014-house-5-D-HENRY-A-WHITE,Henry A. White,Henry White,D,HD-005,-0.017078691921208717,16.628175519630485,48.0,6671.0,0.007195323040023984,-4.4602844971162574e-10,-0.017078691475180267,HENRY WHITE,WHITE,,,,,,,,,,,,,,,,,,,,,,,,,,,,1.0,,,,,,,,,,,,,,,,,,,,,,,,,,,,,,,,,,,,,,,,,,,,,,,,,,1.0,,,,,,,,,,,,,,,,,,,,,,,1.0,0.0,0.0,0.0,0.0,0.0,0.0,0.0,0.0,0.0,0.0,0.0,0.0,0.0,0.0,0.0,0.0,1998,2026,True
3396,house,Butch Taylor,D,2010,2010,1,LEGISCAN-3396,1.0,AL-2010-house-22-D-BUTCH-TAYLOR,Butch Taylor,Butch Taylor,D,HD-022,-0.022405484467320134,14.087759815242496,46.0,6671.0,0.006895517913356318,-4.4602844971162574e-10,-0.022405484021291684,BUTCH TAYLOR,TAYLOR,,,,,,,,,,,,,,,,,,,,,,,,,,,,1.0,,,,,,,,,,,,,,,,,,,,,,,,,,,,,,,,,,,,,,,,,,,,,,,,,,1.0,,,,,,,,,,,,,,,,,,,,,,,1.0,0.0,0.0,0.0,0.0,0.0,0.0,0.0,0.0,0.0,0.0,0.0,0.0,0.0,0.0,0.0,0.0,1998,2026,True
3397,house,William Thigpen,D,2010,2010,1,LEGISCAN-3397,4.0,AL-2010-house-16-D-WILLIAM-E-THIGPEN-SR,"WILLIAM E. THIGPEN, SR.",William Thigpen,D,HD-016,-0.013576595758504869,18.706697459584294,49.0,6671.0,0.007345225603357817,-4.4602844971162574e-10,-0.013576595312476418,WILLIAM THIGPEN,THIGPEN,,,,,,,,,,,,,,,,,,,,,,,,,,,,1.0,,,,,,,,,,,,,,,,,,,,,,,,,,,,,,,,,,,,,,,,,,,,,,,,,,1.0,,,,,,,,,,,,,,,,,,,,,,,1.0,0.0,0.0,0.0,0.0,0.0,0.0,0.0,0.0,0.0,0.0,0.0,0.0,0.0,0.0,0.0,0.0,1998,2026,True
3398,house,John Page,D,2010,2010,1,LEGISCAN-3398,5.0,AL-2010-house-29-D-JOHN-G-JACK-PAGE-III,"John G. """"Jack"""" Page III",John Page,D,HD-029,-0.01664554402567556,17.090069284064665,46.0,6671.0,0.006895517913356318,-4.4602844971162574e-10,-0.01664554357964711,JOHN PAGE,PAGE,,,,,,,,,,,,,,,,,,,,,,,,,,,,1.0,,,,,,,,,,,,,,,,,,,,,,,,,,,,,,,,,,,,,,,,,,,,,,,,,,1.0,,,,,,,,,,,,,,,,,,,,,,,1.0,0.0,0.0,0.0,0.0,0.0,0.0,0.0,0.0,0.0,0.0,0.0,0.0,0.0,0.0,0.0,0.0,1998,2026,True
3399,house,James Fields,D,2010,2010,1,LEGISCAN-3399,2.0,AL-2022-house-12-D-GSL012DFIE,"James Fields, Jr.",James Fields,D,HD-012,-0.016682921246844888,16.859122401847575,38.0,6671.0,0.005696297406685654,-4.4602844971162574e-10,-0.016682920800816438,JAMES FIELDS,FIELDS,,,,,,,,,,,,,,,,,,,,,,,,,,,,1.0,,,,,,,,,,,,,,,,,,,,,,,,,,,,,,,,,,,,,,,,,,,,,,,,,,1.0,,,,,,,,,,,,,,,,,,,,,,,1.0,0.0,0.0,0.0,0.0,0.0,0.0,0.0,0.0,0.0,0.0,0.0,0.0,0.0,0.0,0.0,0.0,1998,2026,True
3400,house,John Robinson,D,2010,2014,5,LEGISCAN-3400,3.0,AL-2014-house-23-D-JOHN-ROBINSON,John Robinson,John Robinson,D,HD-023,-0.9863888450163697,9.930715935334874,754.0,6671.0,0.1130265327537101,-4.4602844971162574e-10,-0.9863888445703413,JOHN ROBINSON,ROBINSON,-0.3333333333333333,,,1.0,1.0,,,,1.0,,,,,,1.0,1.0,,-1.0,,,,,,,1.0,1.0,,1.0,,0.0,-1.0,0.0,,,,,,0.0,,1.0,1.0,,,,,,-1.0,,1.0,,3.0,,,1.0,1.0,,,,2.0,,,,,,1.0,1.0,,3.0,,,,,,,2.0,1.0,,1.0,,2.0,1.0,2.0,,,,,,2.0,,2.0,2.0,,,,,,3.0,,1.0,,31.0,0.0,0.0,0.0,0.0,0.0,0.0,0.0,0.0,0.0,0.0,0.0,0.0,0.0,0.0,0.0,0.0,1998,2026,True
3401,house,Patricia Todd,D,2010,2018,9,LEGISCAN-3401,3.0,AL-2014-house-54-D-PATRICIA-A-TODD,Patricia A. Todd,Patricia Todd,D,HD-054,-1.9144805712094706,6.235565819861432,1088.0,6671.0,0.1630939889072103,-4.4602844971162574e-10,-1.914480570763442,PATRICIA TODD,TODD,,,0.0,1.0,1.0,,1.0,-1.0,-1.0,,,,,1.0,1.0,,,-0.3333333333333333,,,,,,,1.0,-1.0,-1.0,1.0,,1.0,1.0,-1.0,,,,,,,,1.0,1.0,1.0,,,1.0,,0.2,,1.0,,,,2.0,1.0,1.0,,1.0,1.0,1.0,,,,,1.0,1.0,,,3.0,,,,,,,2.0,1.0,1.0,2.0,,2.0,1.0,2.0,,,,,,,,1.0,1.0,1.0,,,1.0,,5.0,,1.0,,33.0,0.0,0.0,0.0,0.0,0.0,0.0,0.0,0.0,0.0,0.0,0.0,0.0,0.0,0.0,0.0,0.0,1998,2026,True
3402,house,Johnny Morrow,D,2010,2018,9,LEGISCAN-3402,3.0,AL-2014-house-18-D-JOHNNY-MACK-MORROW,Johnny MacK Morrow,Johnny Morrow,D,HD-018,-1.7371135751011748,7.390300230946882,1413.0,6671.0,0.21181232199070604,-4.4602844971162574e-10,-1.7371135746551463,JOHNNY MORROW,MORROW,0.5,,0.0,-1.0,-1.0,,1.0,-1.0,0.5,,,-1.0,,1.0,1.0,1.0,,-0.5,,,,,,,1.0,1.0,-1.0,1.0,,1.0,,-1.0,,,,,,0.0,,1.0,1.0,0.0,,,1.0,,-0.7142857142857143,,1.0,,4.0,,2.0,1.0,1.0,,1.0,1.0,4.0,,,1.0,,1.0,1.0,2.0,,4.0,,,,,,,3.0,1.0,1.0,2.0,,1.0,,1.0,,,,,,4.0,,1.0,2.0,2.0,,,1.0,,7.0,,1.0,,50.0,0.0,0.0,0.0,0.0,0.0,0.0,0.0,0.0,0.0,0.0,0.0,0.0,0.0,0.0,0.0,0.0,1998,2026,True
3403,house,Jeremy Oden,R,2010,2012,3,LEGISCAN-3403,3.0,AL-2010-house-11-R-JEREMY-H-ODEN,JEREMY H. ODEN,Jeremy Oden,R,HD-011,0.11042408098468053,64.66512702078522,397.0,6671.0,0.0595113176435317,0.2539426591653773,-0.14351857818069674,JEREMY ODEN,ODEN,-1.0,,,,,,,,1.0,,,,,,-1.0,,,,,,,,,,1.0,,,,,-1.0,-1.0,1.0,,,,,,-1.0,,,1.0,,,,,,0.3333333333333333,,-1.0,,1.0,,,,,,,,1.0,,,,,,1.0,,,,,,,,,,2.0,,,,,2.0,1.0,2.0,,,,,,1.0,,,2.0,,,,,,3.0,,1.0,,17.0,0.0,0.0,0.0,0.0,0.0,0.0,0.0,0.0,0.0,0.0,0.0,0.0,0.0,0.0,0.0,0.0,1998,2026,True
3404,house,Elwyn Thomas,R,2010,2012,3,LEGISCAN-3404,2.0,AL-2010-house-34-R-ELWYN-THOMAS,ELWYN THOMAS,Elwyn Thomas,R,HD-034,0.011593685650258277,61.43187066974596,319.0,6671.0,0.04781891770349273,0.2539426591653773,-0.242348973515119,ELWYN THOMAS,THOMAS,-1.0,,,,,,,,1.0,,,,,,-1.0,,,,,,,,,,1.0,,,,,-1.0,-1.0,1.0,,,,,,,,,1.0,,,,,,1.0,,-1.0,,1.0,,,,,,,,1.0,,,,,,1.0,,,,,,,,,,2.0,,,,,2.0,1.0,2.0,,,,,,,,,2.0,,,,,,1.0,,1.0,,14.0,0.0,0.0,0.0,0.0,0.0,0.0,0.0,0.0,0.0,0.0,0.0,0.0,0.0,0.0,0.0,0.0,1998,2026,True
3405,house,Robert Ward,R,2010,2010,1,LEGISCAN-3405,,,,Robert Ward,R,SD-014,0.010006265713038412,61.20092378752887,42.0,6671.0,0.0062959076600209865,0.2539426591653773,-0.24393639345233886,ROBERT WARD,WARD,,,,,,,,,,,,,,,,,,,,,,,,,,,,1.0,,,,,,,,,,,,,,,,,,,,,,,,,,,,,,,,,,,,,,,,,,,,,,,,,,1.0,,,,,,,,,,,,,,,,,,,,,,,1.0,0.0,0.0,0.0,0.0,0.0,0.0,0.0,0.0,0.0,0.0,0.0,0.0,0.0,0.0,0.0,0.0,1998,2026,True
3405,senate,Robert Ward,R,2011,2021,11,LEGISCAN-3405,3.0,AL-2018-senate-14-R-CAM-WARD,Cam Ward,Robert Ward,R,SD-014,0.8893647365358676,84.92063492063492,1248.0,3886.0,0.3211528564076171,0.19048932356371012,0.6988754129721575,ROBERT WARD,WARD,,,,,1.0,,,1.0,0.0,,,-1.0,-1.0,,,-1.0,,0.3333333333333333,,-1.0,,,,,1.0,1.0,,1.0,,0.0,0.0,0.0,1.0,,,,,,,0.5,,1.0,,,,,-0.3333333333333333,1.0,,,,,,,1.0,,,2.0,4.0,,,1.0,1.0,,,1.0,,6.0,,1.0,,,,,2.0,1.0,,1.0,,2.0,2.0,2.0,2.0,,,,,,,4.0,,3.0,,,,,3.0,1.0,,,40.0,0.0,0.0,0.0,0.0,0.0,0.0,0.0,0.0,0.0,0.0,0.0,0.0,0.0,0.0,0.0,0.0,1998,2026,True
3406,house,Craig Ford,D,2010,2018,9,LEGISCAN-3406,4.0,AL-2014-house-28-D-CRAIG-FORD,Craig Ford,Craig Ford,D,HD-028,-1.9673319888063534,5.773672055427252,1488.0,6671.0,0.2230550142407435,-4.4602844971162574e-10,-1.9673319883603249,CRAIG FORD,FORD,0.0,,1.0,1.0,1.0,,1.0,1.0,1.0,,,-1.0,,1.0,1.0,1.0,,-1.0,,,,,,,0.3333333333333333,1.0,-1.0,1.0,,1.0,1.0,-1.0,,,,,,0.3333333333333333,,1.0,1.0,-1.0,,,1.0,,-0.6,,1.0,,4.0,,2.0,1.0,1.0,,1.0,1.0,3.0,,,1.0,,1.0,1.0,1.0,,4.0,,,,,,,3.0,1.0,1.0,2.0,,2.0,1.0,2.0,,,,,,3.0,,2.0,2.0,1.0,,,1.0,,5.0,,2.0,,49.0,0.0,0.0,0.0,0.0,0.0,0.0,0.0,0.0,0.0,0.0,0.0,0.0,0.0,0.0,0.0,0.0,1998,2026,True
3407,house,Todd Greeson,R,2010,2014,5,LEGISCAN-3407,2.0,AL-2010-house-24-R-TODD-GREESON,TODD GREESON,Todd Greeson,R,HD-024,-0.16898189227444427,13.394919168591224,608.0,6671.0,0.09114075850697047,0.2539426591653773,-0.42292455143982155,TODD GREESON,GREESON,-0.3333333333333333,,,-1.0,-1.0,,,,1.0,,,,,,-1.0,,,-1.0,,,,,,,1.0,1.0,,1.0,,-1.0,-1.0,1.0,,,,,,-1.0,,1.0,1.0,,,,,,-1.0,,-1.0,,3.0,,,1.0,1.0,,,,2.0,,,,,,1.0,,,1.0,,,,,,,1.0,1.0,,1.0,,2.0,1.0,2.0,,,,,,1.0,,1.0,2.0,,,,,,2.0,,1.0,,24.0,0.0,0.0,0.0,0.0,0.0,0.0,0.0,0.0,0.0,0.0,0.0,0.0,0.0,0.0,0.0,0.0,1998,2026,True
3408,house,Randy Davis,R,2010,2018,9,LEGISCAN-3408,3.0,AL-2014-house-96-R-RANDY-DAVIS,Randy Davis,Randy Davis,R,HD-096,1.1444537136057837,92.14780600461894,1540.0,6671.0,0.23084994753410285,0.2539426591653773,0.8905110544404065,RANDY DAVIS,DAVIS,-0.6,,1.0,1.0,1.0,,1.0,1.0,1.0,,,-1.0,,1.0,-1.0,0.0,,0.6666666666666666,,,,,,,1.0,1.0,-1.0,1.0,,-1.0,-1.0,1.0,-1.0,,,,,0.0,,0.0,1.0,1.0,,,1.0,,0.42857142857142855,,0.0,,5.0,,1.0,1.0,1.0,,1.0,1.0,4.0,,,1.0,,1.0,1.0,2.0,,6.0,,,,,,,2.0,1.0,1.0,2.0,,2.0,1.0,2.0,2.0,,,,,2.0,,2.0,2.0,2.0,,,1.0,,7.0,,2.0,,56.0,0.0,0.0,0.0,0.0,0.0,0.0,0.0,0.0,0.0,0.0,0.0,0.0,0.0,0.0,0.0,0.0,1998,2026,True
3409,house,H Gipson,R,2010,2010,1,LEGISCAN-3409,1.0,AL-2006-house-88-R-H-MAC-GIPSON,H. MAC GIPSON,H Gipson,R,HD-088,0.01351678639460372,61.662817551963045,49.0,6671.0,0.007345225603357817,0.2539426591653773,-0.24042587277077357,H GIPSON,GIPSON,,,,,,,,,,,,,,,,,,,,,,,,,,,,1.0,,,,,,,,,,,,,,,,,,,,,,,,,,,,,,,,,,,,,,,,,,,,,,,,,,1.0,,,,,,,,,,,,,,,,,,,,,,,1.0,0.0,0.0,0.0,0.0,0.0,0.0,0.0,0.0,0.0,0.0,0.0,0.0,0.0,0.0,0.0,0.0,1998,2026,True
3410,house,Mike Hill,R,2010,2016,7,LEGISCAN-3410,3.0,AL-2014-house-41-R-MIKE-HILL,Mike Hill,Mike Hill,R,HD-041,1.0301000139437502,90.30023094688222,1300.0,6671.0,0.1948733323339829,0.2539426591653773,0.7761573547783729,MIKE HILL,HILL,-1.0,,1.0,1.0,1.0,,1.0,,1.0,,,-1.0,,1.0,-1.0,-1.0,,1.0,,,,,,,1.0,1.0,-1.0,1.0,,-1.0,-1.0,1.0,,,,,,0.0,,0.0,1.0,1.0,,,,,0.14285714285714285,,0.0,,3.0,,1.0,1.0,1.0,,1.0,,4.0,,,1.0,,1.0,1.0,2.0,,6.0,,,,,,,2.0,1.0,1.0,1.0,,2.0,1.0,2.0,,,,,,4.0,,2.0,2.0,2.0,,,,,7.0,,2.0,,51.0,0.0,0.0,0.0,0.0,0.0,0.0,0.0,0.0,0.0,0.0,0.0,0.0,0.0,0.0,0.0,0.0,1998,2026,True
3411,house,Mac McCutcheon,R,2010,2022,13,LEGISCAN-3411,4.0,AL-2018-house-25-R-MAC-MCCUTCHEON,Mac McCutcheon,Mac McCutcheon,R,HD-025,1.5361754952356228,97.22863741339492,2228.0,6671.0,0.33398291110777995,0.2539426591653773,1.2822328360702455,MAC MCCUTCHEON,MCCUTCHEON,-1.0,,1.0,1.0,1.0,,0.14285714285714285,,0.3333333333333333,,,-1.0,,1.0,-1.0,-0.3333333333333333,1.0,1.0,,,1.0,,,-1.0,0.5,1.0,-1.0,1.0,,-1.0,-1.0,1.0,-1.0,,,,,-0.2,,0.0,1.0,1.0,,,1.0,1.0,0.25,,0.0,,4.0,,2.0,1.0,1.0,,7.0,,6.0,,,1.0,,1.0,1.0,3.0,1.0,6.0,,,1.0,,,1.0,4.0,3.0,1.0,2.0,,2.0,1.0,2.0,3.0,,,,,5.0,,2.0,2.0,3.0,,,1.0,1.0,8.0,,2.0,,78.0,0.0,0.0,0.0,0.0,0.0,0.0,0.0,0.0,0.0,0.0,0.0,0.0,0.0,0.0,0.0,0.0,1998,2026,True
3412,house,Gregory Canfield,R,2010,2011,2,LEGISCAN-3412,1.0,AL-2010-house-48-R-GREG-CANFIELD,GREG CANFIELD,Gregory Canfield,R,HD-048,0.34156736313914976,74.13394919168591,309.0,6671.0,0.0463198920701544,0.2539426591653773,0.08762470397377248,GREGORY CANFIELD,CANFIELD,-1.0,,,,,,,,1.0,,,,,,,,,,,,,,,,1.0,,,,,-1.0,-1.0,1.0,,,,,,,,-1.0,1.0,,,,,,,,,,1.0,,,,,,,,2.0,,,,,,,,,,,,,,,,2.0,,,,,1.0,1.0,1.0,,,,,,,,1.0,1.0,,,,,,,,,,10.0,0.0,0.0,0.0,0.0,0.0,0.0,0.0,0.0,0.0,0.0,0.0,0.0,0.0,0.0,0.0,0.0,1998,2026,True
3413,house,Pat Moore,R,2010,2010,1,LEGISCAN-3413,1.0,AL-2006-house-15-R-PAT-MOORE,PAT MOORE,Pat Moore,R,HD-015,0.025336659445786915,62.12471131639723,46.0,6671.0,0.006895517913356318,0.2539426591653773,-0.22860599971959036,PAT MOORE,MOORE,,,,,,,,,,,,,,,,,,,,,,,,,,,,1.0,,,,,,,,,,,,,,,,,,,,,,,,,,,,,,,,,,,,,,,,,,,,,,,,,,1.0,,,,,,,,,,,,,,,,,,,,,,,1.0,0.0,0.0,0.0,0.0,0.0,0.0,0.0,0.0,0.0,0.0,0.0,0.0,0.0,0.0,0.0,0.0,1998,2026,True
3414,house,Jay Love,R,2010,2013,4,LEGISCAN-3414,2.0,AL-2010-house-74-R-JAY-LOVE,JAY LOVE,Jay Love,R,HD-074,0.7008489565414684,82.21709006928405,700.0,6671.0,0.1049317943336831,0.2539426591653773,0.4469062973760911,JAY LOVE,LOVE,-1.0,,,1.0,1.0,,,,1.0,,,,,,-1.0,-1.0,,1.0,,,,,,,1.0,1.0,,-1.0,,-1.0,-1.0,1.0,,,,,,0.0,,0.0,1.0,,,,,,0.0,,-1.0,,3.0,,,1.0,1.0,,,,3.0,,,,,,1.0,2.0,,4.0,,,,,,,2.0,1.0,,1.0,,2.0,1.0,2.0,,,,,,2.0,,2.0,1.0,,,,,,4.0,,1.0,,34.0,0.0,0.0,0.0,0.0,0.0,0.0,0.0,0.0,0.0,0.0,0.0,0.0,0.0,0.0,0.0,0.0,1998,2026,True
3415,house,Victor Gaston,R,2010,2022,13,LEGISCAN-3415,4.0,AL-2018-house-100-R-VICTOR-GASTON,Victor Gaston,Victor Gaston,R,HD-100,1.573938814979461,98.15242494226328,2193.0,6671.0,0.32873632139109576,0.2539426591653773,1.3199961558140838,VICTOR GASTON,GASTON,-1.0,,1.0,1.0,1.0,,-0.2,1.0,0.3333333333333333,,,-1.0,,1.0,-1.0,-0.3333333333333333,1.0,1.0,,,1.0,,,-1.0,0.5,1.0,-1.0,1.0,,-1.0,-1.0,1.0,-1.0,,,,,0.3333333333333333,,0.0,0.0,1.0,,,1.0,1.0,0.25,,-1.0,,5.0,,2.0,1.0,1.0,,5.0,1.0,6.0,,,1.0,,1.0,1.0,3.0,1.0,6.0,,,1.0,,,1.0,4.0,3.0,1.0,1.0,,2.0,1.0,2.0,3.0,,,,,3.0,,2.0,2.0,3.0,,,1.0,1.0,8.0,,1.0,,74.0,0.0,0.0,0.0,0.0,0.0,0.0,0.0,0.0,0.0,0.0,0.0,0.0,0.0,0.0,0.0,0.0,1998,2026,True
3416,house,Mike Ball,R,2010,2022,13,LEGISCAN-3416,4.0,AL-2018-house-10-R-MIKE-BALL,Mike Ball,Mike Ball,R,HD-010,1.3403296579267931,95.1501154734411,2093.0,6671.0,0.31374606505771246,0.2539426591653773,1.0863869987614159,MIKE BALL,BALL,-1.0,,1.0,1.0,1.0,,0.2,,0.3333333333333333,,,-1.0,,1.0,-1.0,-0.3333333333333333,,1.0,,,1.0,,,-1.0,0.5,1.0,-1.0,1.0,,-1.0,-1.0,1.0,-1.0,,,,,0.2,,0.0,1.0,1.0,,,1.0,1.0,0.42857142857142855,,0.0,,4.0,,2.0,1.0,1.0,,5.0,,6.0,,,1.0,,1.0,1.0,3.0,,6.0,,,1.0,,,1.0,4.0,3.0,1.0,2.0,,2.0,1.0,2.0,3.0,,,,,5.0,,2.0,2.0,2.0,,,1.0,1.0,7.0,,2.0,,73.0,0.0,0.0,0.0,0.0,0.0,0.0,0.0,0.0,0.0,0.0,0.0,0.0,0.0,0.0,0.0,0.0,1998,2026,True
3417,house,Paul DeMarco,R,2010,2014,5,LEGISCAN-3417,2.0,AL-2010-house-46-R-PAUL-DEMARCO,PAUL DEMARCO,Paul DeMarco,R,HD-046,0.8074155991262097,85.45034642032333,869.0,6671.0,0.13026532753710088,0.2539426591653773,0.5534729399608325,PAUL DEMARCO,DEMARCO,-1.0,,,1.0,1.0,,,,1.0,,,,,,-1.0,-1.0,,1.0,,,,,,,0.0,1.0,,-1.0,,-1.0,-1.0,1.0,,,,,,0.0,,0.0,1.0,,,,,,0.6,,-1.0,,4.0,,,1.0,1.0,,,,3.0,,,,,,1.0,2.0,,5.0,,,,,,,2.0,1.0,,1.0,,2.0,1.0,2.0,,,,,,2.0,,2.0,2.0,,,,,,5.0,,1.0,,38.0,0.0,0.0,0.0,0.0,0.0,0.0,0.0,0.0,0.0,0.0,0.0,0.0,0.0,0.0,0.0,0.0,1998,2026,True
3418,house,Jack Williams,R,2010,2018,9,LEGISCAN-3418,3.0,AL-2014-house-47-R-JACK-WILLIAMS,Jack Williams,Jack Williams,R,HD-047,1.2750800757127687,93.53348729792148,1666.0,6671.0,0.2497376705141658,0.2539426591653773,1.0211374165473914,JACK WILLIAMS,WILLIAMS,-0.6,,1.0,1.0,1.0,,-1.0,1.0,1.0,,,-1.0,,1.0,-1.0,-1.0,,1.0,,,,,,,1.0,1.0,-1.0,1.0,,-1.0,-1.0,1.0,-1.0,,,,,-0.3333333333333333,,0.0,1.0,1.0,,,1.0,,0.25,,0.0,,5.0,,1.0,1.0,1.0,,1.0,1.0,4.0,,,1.0,,1.0,1.0,2.0,,6.0,,,,,,,2.0,1.0,1.0,2.0,,2.0,1.0,2.0,2.0,,,,,3.0,,2.0,2.0,1.0,,,1.0,,8.0,,2.0,,57.0,0.0,0.0,0.0,0.0,0.0,0.0,0.0,0.0,0.0,0.0,0.0,0.0,0.0,0.0,0.0,0.0,1998,2026,True
3419,house,Dickie Drake,R,2010,2022,13,LEGISCAN-3419,3.0,AL-2018-house-45-R-DICKIE-DRAKE,Dickie Drake,Dickie Drake,R,HD-045,1.324912684004642,94.45727482678984,1962.0,6671.0,0.29410882926098036,0.2539426591653773,1.0709700248392646,DICKIE DRAKE,DRAKE,-1.0,,0.0,1.0,1.0,,0.2,1.0,0.0,,,-1.0,,1.0,-1.0,-0.3333333333333333,1.0,1.0,,,1.0,,,1.0,1.0,1.0,-1.0,1.0,,-1.0,,1.0,-1.0,,,,,0.2,,1.0,1.0,1.0,,,1.0,1.0,0.14285714285714285,,0.0,,3.0,,2.0,1.0,1.0,,5.0,1.0,4.0,,,1.0,,1.0,1.0,3.0,1.0,6.0,,,1.0,,,1.0,4.0,3.0,1.0,2.0,,1.0,,1.0,1.0,,,,,5.0,,1.0,1.0,3.0,,,1.0,1.0,7.0,,2.0,,66.0,0.0,0.0,0.0,0.0,0.0,0.0,0.0,0.0,0.0,0.0,0.0,0.0,0.0,0.0,0.0,0.0,1998,2026,True
3420,house,Gerald Allen,R,2010,2023,2,LEGISCAN-3420,2.0,AL-2006-house-62-R-GERALD-ALLEN,GERALD ALLEN,Gerald Allen,R,SD-021,0.039080473120842577,62.8175519630485,50.0,6671.0,0.00749512816669165,0.2539426591653773,-0.21486218604453472,GERALD ALLEN,ALLEN,,,,,,,,,,,,,,,,,,,,,,,,,,,,1.0,,,,,,,,,,,,,,,,,,,,,,,,,,,,,,,,,,,,,,,,,,,,,,,,,,1.0,,,,,,,,,,,,,,,,,,,,,,,1.0,0.0,0.0,0.0,0.0,0.0,0.0,0.0,0.0,0.0,0.0,0.0,0.0,0.0,0.0,0.0,0.0,1998,2026,True
3420,senate,Gerald Allen,R,2011,2026,15,LEGISCAN-3420,4.0,AL-2022-senate-21-R-GSU21RALL,Gerald Allen,Gerald Allen,R,SD-021,1.7232350917863402,100.0,2119.0,3886.0,0.5452907874420998,0.19048932356371012,1.53274576822263,GERALD ALLEN,ALLEN,,-1.0,1.0,1.0,0.3333333333333333,,0.2,1.0,0.6,1.0,,0.0,-1.0,,1.0,0.0,1.0,0.75,,0.0,1.0,,-1.0,-1.0,1.0,1.0,,0.0,1.0,0.0,0.3333333333333333,0.3333333333333333,1.0,-1.0,,-1.0,1.0,0.3333333333333333,1.0,0.14285714285714285,,0.6666666666666666,,1.0,,,-0.75,-1.0,,,,1.0,1.0,1.0,3.0,,5.0,2.0,10.0,2.0,,2.0,1.0,,3.0,2.0,2.0,8.0,,2.0,4.0,,1.0,3.0,4.0,3.0,,2.0,1.0,2.0,3.0,3.0,2.0,1.0,,1.0,1.0,3.0,1.0,7.0,,6.0,,3.0,,,8.0,1.0,,,105.0,0.0,0.0,0.0,0.0,0.0,0.0,0.0,0.0,0.0,0.0,0.0,0.0,0.0,0.0,0.0,0.0,1998,2026,True
3421,house,Joseph Hubbard,D,2010,2014,5,LEGISCAN-3421,1.0,AL-2010-house-73-D-JOSEPH-LISTER-JOE-HUBBARD,JOSEPH LISTER 'Joe' HUBBARD,Joseph Hubbard,D,HD-073,-1.0624661749830455,9.699769053117784,732.0,6671.0,0.10972867636036576,-4.4602844971162574e-10,-1.062466174537017,JOSEPH HUBBARD,HUBBARD,0.3333333333333333,,,1.0,1.0,,,,1.0,,,,,,1.0,1.0,,-0.5,,,,,,,1.0,1.0,,1.0,,1.0,1.0,-1.0,,,,,,1.0,,,1.0,,,,,,0.0,,1.0,,3.0,,,1.0,1.0,,,,2.0,,,,,,1.0,2.0,,4.0,,,,,,,1.0,1.0,,1.0,,2.0,1.0,2.0,,,,,,1.0,,,1.0,,,,,,4.0,,1.0,,29.0,0.0,0.0,0.0,0.0,0.0,0.0,0.0,0.0,0.0,0.0,0.0,0.0,0.0,0.0,0.0,0.0,1998,2026,True
3422,house,James Martin,R,2010,2019,6,LEGISCAN-3422,5.0,AL-2018-house-42-R-JAMES-M-JIMMY-MARTIN,"James M. ""Jimmy"" Martin",James Martin,R,HD-042,0.29997818776539875,73.67205542725173,736.0,6671.0,0.11032828661370109,0.2539426591653773,0.04603552860002147,JAMES MARTIN,MARTIN,,,0.0,,,,1.0,1.0,1.0,,,,,-1.0,,,,1.0,,,,,,,-1.0,,-1.0,1.0,,,,,-1.0,,,,,0.0,,,,1.0,,,1.0,,0.3333333333333333,,1.0,,,,2.0,,,,1.0,1.0,1.0,,,,,1.0,,,,1.0,,,,,,,1.0,,1.0,1.0,,,,,2.0,,,,,2.0,,,,2.0,,,1.0,,3.0,,1.0,,21.0,0.0,0.0,0.0,0.0,0.0,0.0,0.0,0.0,0.0,0.0,0.0,0.0,0.0,0.0,0.0,0.0,1998,2026,True
3423,house,Harry Shiver,R,2010,2022,13,LEGISCAN-3423,4.0,AL-2018-house-64-R-HARRY-SHIVER,Harry Shiver,Harry Shiver,R,HD-064,1.422741509932136,96.07390300230946,2174.0,6671.0,0.32588817268775294,0.2539426591653773,1.1687988507667588,HARRY SHIVER,SHIVER,-1.0,,1.0,1.0,1.0,,0.14285714285714285,1.0,0.3333333333333333,,,-1.0,,1.0,-1.0,-0.3333333333333333,1.0,1.0,,,1.0,,,-1.0,0.3333333333333333,1.0,-1.0,1.0,,-1.0,-1.0,1.0,-1.0,,,,,-0.2,,0.0,1.0,1.0,,,1.0,1.0,0.25,,0.0,,4.0,,2.0,1.0,1.0,,7.0,1.0,6.0,,,1.0,,1.0,1.0,3.0,1.0,6.0,,,1.0,,,1.0,3.0,3.0,1.0,2.0,,2.0,1.0,2.0,1.0,,,,,5.0,,2.0,2.0,3.0,,,1.0,1.0,8.0,,2.0,,76.0,0.0,0.0,0.0,0.0,0.0,0.0,0.0,0.0,0.0,0.0,0.0,0.0,0.0,0.0,0.0,0.0,1998,2026,True
3424,house,Joe Faust,R,2010,2022,13,LEGISCAN-3424,4.0,AL-2018-house-94-R-JOE-FAUST,Joe Faust,Joe Faust,R,HD-094,1.380248331285398,95.61200923787528,2160.0,6671.0,0.3237895368010793,0.2539426591653773,1.1263056721200206,JOE FAUST,FAUST,-0.6,,1.0,1.0,1.0,,0.14285714285714285,1.0,0.3333333333333333,,,-1.0,,1.0,-1.0,-0.3333333333333333,1.0,1.0,,,1.0,,,-1.0,0.5,1.0,-1.0,1.0,,-1.0,-1.0,1.0,-1.0,,,,,0.5,,0.0,1.0,1.0,,,1.0,1.0,0.25,,0.0,,5.0,,2.0,1.0,1.0,,7.0,1.0,6.0,,,1.0,,1.0,1.0,3.0,1.0,6.0,,,1.0,,,1.0,4.0,3.0,1.0,1.0,,2.0,1.0,2.0,1.0,,,,,4.0,,2.0,2.0,3.0,,,1.0,1.0,8.0,,2.0,,76.0,0.0,0.0,0.0,0.0,0.0,0.0,0.0,0.0,0.0,0.0,0.0,0.0,0.0,0.0,0.0,0.0,1998,2026,True
3425,house,Chad Fincher,R,2010,2014,5,LEGISCAN-3425,2.0,AL-2010-house-102-R-CHAD-FINCHER,CHAD FINCHER,Chad Fincher,R,HD-102,0.7934418046890377,84.52655889145497,811.0,6671.0,0.12157097886373856,0.2539426591653773,0.5394991455236604,CHAD FINCHER,FINCHER,-1.0,,,1.0,1.0,,,,1.0,,,,,,-1.0,-1.0,,1.0,,,,,,,1.0,1.0,,,,-1.0,-1.0,1.0,,,,,,0.0,,0.0,0.0,,,,,,-0.2,,-1.0,,3.0,,,1.0,1.0,,,,3.0,,,,,,1.0,2.0,,5.0,,,,,,,2.0,1.0,,,,2.0,1.0,2.0,,,,,,2.0,,2.0,2.0,,,,,,5.0,,1.0,,36.0,0.0,0.0,0.0,0.0,0.0,0.0,0.0,0.0,0.0,0.0,0.0,0.0,0.0,0.0,0.0,0.0,1998,2026,True
3426,house,Alan Baker,R,2010,2026,17,LEGISCAN-3426,5.0,AL-2022-house-66-R-GSL066RBAK,Alan Baker,Alan Baker,R,HD-066,1.5268647881456132,96.99769053117782,2745.0,6671.0,0.4114825363513716,0.2539426591653773,1.272922128980236,ALAN BAKER,BAKER,-1.0,-1.0,0.2,1.0,1.0,1.0,-0.4666666666666667,1.0,0.75,,-1.0,-1.0,0.0,0.0,-1.0,0.2,1.0,0.6363636363636364,0.5,-1.0,1.0,-1.0,0.0,-0.2,0.3333333333333333,0.6,0.0,0.3333333333333333,1.0,-1.0,-1.0,1.0,-1.0,,0.5,-1.0,1.0,0.25,1.0,0.0,1.0,1.0,,1.0,1.0,1.0,-0.2,,-0.6,1.0,5.0,1.0,5.0,1.0,1.0,1.0,15.0,1.0,16.0,,1.0,1.0,4.0,2.0,2.0,5.0,5.0,11.0,4.0,1.0,7.0,1.0,2.0,5.0,3.0,5.0,2.0,3.0,1.0,2.0,1.0,3.0,5.0,,4.0,2.0,1.0,16.0,3.0,2.0,2.0,6.0,,4.0,2.0,4.0,15.0,,5.0,3.0,191.0,0.0,0.0,0.0,0.0,0.0,0.0,0.0,0.0,0.0,0.0,0.0,0.0,0.0,0.0,0.0,0.0,1998,2026,True
3427,house,Steve McMillan,R,2010,2022,13,LEGISCAN-3427,6.0,AL-2018-house-95-R-STEVE-MCMILLAN,Steve McMillan,Steve McMillan,R,HD-095,1.3781221540565243,95.3810623556582,1895.0,6671.0,0.2840653575176135,0.2539426591653773,1.124179494891147,STEVE MCMILLAN,MCMILLAN,-0.6,,1.0,1.0,1.0,,0.2,1.0,0.6,,,-1.0,,1.0,-1.0,-0.3333333333333333,,1.0,,,1.0,,,-1.0,0.3333333333333333,1.0,-1.0,1.0,,-1.0,-1.0,1.0,-1.0,,,,,0.0,,0.0,1.0,1.0,,,1.0,,0.14285714285714285,,0.0,,5.0,,2.0,1.0,1.0,,5.0,1.0,5.0,,,1.0,,1.0,1.0,3.0,,6.0,,,1.0,,,1.0,3.0,1.0,1.0,1.0,,2.0,1.0,2.0,3.0,,,,,4.0,,2.0,2.0,3.0,,,1.0,,7.0,,2.0,,69.0,0.0,0.0,0.0,0.0,0.0,0.0,0.0,0.0,0.0,0.0,0.0,0.0,0.0,0.0,0.0,0.0,1998,2026,True
3428,house,James Ison,R,2010,2014,5,LEGISCAN-3428,2.0,AL-2010-house-101-R-JAMIE-ISON,JAMIE ISON,James Ison,R,HD-101,0.751283056020272,84.29561200923787,839.0,6671.0,0.12576825063708588,0.2539426591653773,0.49734039685489473,JAMES ISON,ISON,-1.0,,,1.0,1.0,,,,1.0,,,,,,-1.0,-1.0,,0.6,,,,,,,1.0,-1.0,,1.0,,-1.0,-1.0,1.0,,,,,,0.0,,0.0,0.0,,,,,,0.0,,-1.0,,3.0,,,1.0,1.0,,,,3.0,,,,,,1.0,2.0,,5.0,,,,,,,2.0,1.0,,1.0,,2.0,1.0,2.0,,,,,,2.0,,2.0,2.0,,,,,,4.0,,1.0,,36.0,0.0,0.0,0.0,0.0,0.0,0.0,0.0,0.0,0.0,0.0,0.0,0.0,0.0,0.0,0.0,0.0,1998,2026,True
3429,house,Jim McClendon,R,2010,2014,5,LEGISCAN-3429,2.0,AL-2010-house-50-R-JIM-MCCLENDON,JIM McCLENDON,Jim McClendon,R,SD-011,0.8776597089992755,87.75981524249423,833.0,6671.0,0.1248688352570829,0.2539426591653773,0.6237170498338982,JIM MCCLENDON,MCCLENDON,-1.0,,,1.0,1.0,,,,1.0,,,,,,-1.0,-1.0,,1.0,,,,,,,1.0,1.0,,,,-1.0,-1.0,1.0,,,,,,0.0,,0.0,1.0,,,,,,0.2,,-1.0,,4.0,,,1.0,1.0,,,,3.0,,,,,,1.0,2.0,,5.0,,,,,,,2.0,1.0,,,,2.0,1.0,2.0,,,,,,2.0,,2.0,2.0,,,,,,5.0,,1.0,,37.0,0.0,0.0,0.0,0.0,0.0,0.0,0.0,0.0,0.0,0.0,0.0,0.0,0.0,0.0,0.0,0.0,1998,2026,True
3429,senate,Jim McClendon,R,2015,2022,8,LEGISCAN-3429,2.0,AL-2018-senate-11-R-JIM-MCCLENDON,Jim McClendon,Jim McClendon,R,SD-011,0.29012433364699086,76.19047619047619,813.0,3886.0,0.2092125579001544,0.19048932356371012,0.09963501008328074,JIM MCCLENDON,MCCLENDON,,,,,,,,1.0,1.0,,,-1.0,-1.0,,,,,1.0,,1.0,1.0,,,,1.0,1.0,,1.0,,,,,1.0,,,,,,,1.0,,0.6666666666666666,,,,,-1.0,-1.0,,,,,,,,,,2.0,2.0,,,2.0,1.0,,,,,3.0,,1.0,1.0,,,,2.0,1.0,,2.0,,,,,2.0,,,,,,,3.0,,6.0,,,,,3.0,1.0,,,32.0,0.0,0.0,0.0,0.0,0.0,0.0,0.0,0.0,0.0,0.0,0.0,0.0,0.0,0.0,0.0,0.0,1998,2026,True
3430,house,Randy Wood,R,2010,2026,17,LEGISCAN-3430,5.0,AL-2022-house-36-R-GSL036RWOO,Randy Wood,Randy Wood,R,HD-036,1.8502120306387673,99.76905311778292,2797.0,6671.0,0.41927746964473095,0.2539426591653773,1.59626937147339,RANDY WOOD,WOOD,-1.0,-1.0,0.2,1.0,1.0,1.0,-0.7142857142857143,1.0,0.7647058823529411,,-1.0,-1.0,0.0,0.0,-1.0,-0.2,1.0,1.0,0.5,-1.0,1.0,-1.0,0.0,0.6,0.3333333333333333,1.0,0.0,0.3333333333333333,1.0,-1.0,-1.0,1.0,-0.6,,0.5,-1.0,1.0,0.5714285714285714,1.0,0.0,1.0,1.0,,1.0,1.0,0.0,0.0,,-0.6666666666666666,1.0,5.0,1.0,5.0,1.0,1.0,1.0,14.0,1.0,17.0,,1.0,1.0,4.0,2.0,2.0,5.0,5.0,12.0,4.0,1.0,7.0,1.0,2.0,5.0,3.0,4.0,2.0,3.0,1.0,2.0,1.0,3.0,5.0,,4.0,1.0,1.0,14.0,3.0,2.0,2.0,5.0,,4.0,2.0,4.0,18.0,,6.0,3.0,191.0,0.0,0.0,0.0,0.0,0.0,0.0,0.0,0.0,0.0,0.0,0.0,0.0,0.0,0.0,0.0,0.0,1998,2026,True
3431,house,Jim Barton,R,2010,2013,4,LEGISCAN-3431,2.0,AL-2010-house-104-R-JIM-BARTON,JIM BARTON,Jim Barton,R,HD-104,0.6454353152363992,81.5242494226328,659.0,6671.0,0.09878578923699595,0.2539426591653773,0.3914926560710219,JIM BARTON,BARTON,-1.0,,,1.0,1.0,,,,1.0,,,,,,-1.0,,,1.0,,,,,,,1.0,1.0,,1.0,,-1.0,-1.0,1.0,,,,,,,,0.0,0.0,,,,,,-1.0,,-1.0,,2.0,,,1.0,1.0,,,,3.0,,,,,,1.0,,,2.0,,,,,,,2.0,1.0,,1.0,,2.0,1.0,2.0,,,,,,,,2.0,2.0,,,,,,2.0,,1.0,,26.0,0.0,0.0,0.0,0.0,0.0,0.0,0.0,0.0,0.0,0.0,0.0,0.0,0.0,0.0,0.0,0.0,1998,2026,True
3432,house,Steve Clouse,R,2010,2026,17,LEGISCAN-3432,6.0,AL-2022-house-93-R-GSL093RCLO,Steve Clouse,Steve Clouse,R,HD-093,1.7772519732741328,99.30715935334872,2890.0,6671.0,0.4332184080347774,0.2539426591653773,1.5233093141087555,STEVE CLOUSE,CLOUSE,-1.0,-1.0,0.2,1.0,1.0,1.0,-0.5294117647058824,1.0,0.7647058823529411,,-1.0,-1.0,0.0,0.0,-1.0,-0.2,1.0,1.0,1.0,-1.0,1.0,-1.0,1.0,0.6,0.5,0.6,0.0,0.0,1.0,-1.0,-1.0,1.0,-1.0,,0.5,-1.0,1.0,0.25,1.0,0.0,1.0,1.0,,1.0,1.0,1.0,-0.17647058823529413,,-0.6666666666666666,1.0,5.0,1.0,5.0,1.0,1.0,1.0,17.0,1.0,17.0,,1.0,1.0,4.0,2.0,2.0,5.0,5.0,12.0,4.0,1.0,7.0,1.0,1.0,5.0,4.0,5.0,2.0,2.0,1.0,2.0,1.0,3.0,3.0,,4.0,2.0,1.0,16.0,3.0,2.0,2.0,6.0,,3.0,2.0,4.0,17.0,,6.0,3.0,194.0,0.0,0.0,0.0,0.0,0.0,0.0,0.0,0.0,0.0,0.0,0.0,0.0,0.0,0.0,0.0,0.0,1998,2026,True
3433,house,Barry Mask,R,2010,2013,4,LEGISCAN-3433,2.0,AL-2010-house-31-R-BARRY-MASK,BARRY MASK,Barry Mask,R,HD-031,0.6503826790193934,81.75519630484989,651.0,6671.0,0.09758656873032528,0.2539426591653773,0.3964400198540161,BARRY MASK,MASK,-1.0,,,,,,,,0.3333333333333333,,,,,,-1.0,,,0.0,,,,,,,1.0,1.0,,1.0,,-1.0,-1.0,1.0,,,,,,1.0,,0.0,1.0,,,,,,0.0,,-1.0,,2.0,,,,,,,,3.0,,,,,,1.0,,,2.0,,,,,,,2.0,1.0,,1.0,,2.0,1.0,2.0,,,,,,1.0,,2.0,1.0,,,,,,4.0,,1.0,,26.0,0.0,0.0,0.0,0.0,0.0,0.0,0.0,0.0,0.0,0.0,0.0,0.0,0.0,0.0,0.0,0.0,1998,2026,True
3434,house,Harry Bridges,R,2010,2014,5,LEGISCAN-3434,1.0,AL-2010-house-38-R-DUWAYNE-BRIDGES,DuWAYNE BRIDGES,Harry Bridges,R,HD-038,0.8735524587617339,87.52886836027713,861.0,6671.0,0.12906610703043023,0.2539426591653773,0.6196097995963566,HARRY BRIDGES,BRIDGES,-1.0,,,1.0,1.0,,,,1.0,,,,,,-1.0,-1.0,,1.0,,,,,,,1.0,1.0,,1.0,,-1.0,-1.0,1.0,,,,,,1.0,,0.0,1.0,,,,,,0.2,,-1.0,,3.0,,,1.0,1.0,,,,3.0,,,,,,1.0,2.0,,5.0,,,,,,,2.0,1.0,,1.0,,2.0,1.0,2.0,,,,,,1.0,,2.0,2.0,,,,,,5.0,,1.0,,36.0,0.0,0.0,0.0,0.0,0.0,0.0,0.0,0.0,0.0,0.0,0.0,0.0,0.0,0.0,0.0,0.0,1998,2026,True
3435,house,Howard Sanderford,R,2010,2022,13,LEGISCAN-3435,5.0,AL-2018-house-20-R-HOWARD-SANDERFORD,Howard Sanderford,Howard Sanderford,R,HD-020,1.5975952226126495,98.61431870669746,2175.0,6671.0,0.3260380752510868,0.2539426591653773,1.3436525634472722,HOWARD SANDERFORD,SANDERFORD,-0.6,,1.0,1.0,1.0,,0.0,1.0,0.3333333333333333,,,-1.0,,1.0,-1.0,-0.3333333333333333,1.0,1.0,,,1.0,,,-1.0,0.5,1.0,-1.0,0.0,,-1.0,-1.0,1.0,-1.0,,,,,0.0,,0.0,1.0,1.0,,,1.0,1.0,0.25,,0.0,,5.0,,2.0,1.0,1.0,,6.0,1.0,6.0,,,1.0,,1.0,1.0,3.0,1.0,6.0,,,1.0,,,1.0,4.0,3.0,1.0,2.0,,2.0,1.0,2.0,3.0,,,,,4.0,,2.0,2.0,2.0,,,1.0,1.0,8.0,,2.0,,77.0,0.0,0.0,0.0,0.0,0.0,0.0,0.0,0.0,0.0,0.0,0.0,0.0,0.0,0.0,0.0,0.0,1998,2026,True
3436,house,David Grimes,R,2010,2010,1,LEGISCAN-3436,3.0,AL-2014-house-77-R-DAVID-GRIMES,David Grimes,David Grimes,R,HD-073,0.019641072795299273,61.89376443418014,43.0,6671.0,0.00644581022335482,0.2539426591653773,-0.234301586370078,DAVID GRIMES,GRIMES,,,,,,,,,,,,,,,,,,,,,,,,,,,,1.0,,,,,,,,,,,,,,,,,,,,,,,,,,,,,,,,,,,,,,,,,,,,,,,,,,1.0,,,,,,,,,,,,,,,,,,,,,,,1.0,0.0,0.0,0.0,0.0,0.0,0.0,0.0,0.0,0.0,0.0,0.0,0.0,0.0,0.0,0.0,0.0,1998,2026,True
3437,house,Phil Williams,R,2010,2018,9,LEGISCAN-3437,2.0,AL-2014-house-6-R-PHIL-WILLIAMS,Phil Williams,Phil Williams,R,HD-006,1.0740972737043144,91.45496535796767,1516.0,6671.0,0.22725228601409084,0.2539426591653773,0.8201546145389371,PHIL WILLIAMS,WILLIAMS,-0.6,,0.0,1.0,1.0,,,-1.0,0.5,,,-1.0,,1.0,-1.0,-1.0,,1.0,,,,,,,1.0,-1.0,-1.0,1.0,,-1.0,-1.0,1.0,,,,,,1.0,,0.0,1.0,-1.0,,,1.0,,-0.25,,0.0,,5.0,,2.0,1.0,1.0,,,1.0,4.0,,,1.0,,1.0,1.0,2.0,,6.0,,,,,,,3.0,1.0,1.0,2.0,,2.0,1.0,2.0,,,,,,3.0,,2.0,1.0,2.0,,,1.0,,8.0,,2.0,,56.0,0.0,0.0,0.0,0.0,0.0,0.0,0.0,0.0,0.0,0.0,0.0,0.0,0.0,0.0,0.0,0.0,1998,2026,True
3438,house,Micky Hammon,R,2010,2017,8,LEGISCAN-3438,3.0,AL-2014-house-4-R-MICKY-HAMMON,Micky Hammon,Micky Hammon,R,HD-004,1.1228461491608448,91.68591224018475,1264.0,6671.0,0.18947684005396492,0.2539426591653773,0.8689034899954675,MICKY HAMMON,HAMMON,-0.6,,1.0,,,,,1.0,1.0,,,-1.0,,1.0,-1.0,-1.0,,1.0,,,,,,,1.0,1.0,-1.0,1.0,,-1.0,-1.0,1.0,,,,,,0.0,,0.0,1.0,0.0,,,,,0.14285714285714285,,0.0,,5.0,,1.0,,,,,1.0,4.0,,,1.0,,1.0,1.0,2.0,,5.0,,,,,,,2.0,1.0,1.0,1.0,,2.0,1.0,2.0,,,,,,4.0,,2.0,2.0,2.0,,,,,7.0,,2.0,,50.0,0.0,0.0,0.0,0.0,0.0,0.0,0.0,0.0,0.0,0.0,0.0,0.0,0.0,0.0,0.0,0.0,1998,2026,True
3439,house,Gregory Wren,R,2010,2014,5,LEGISCAN-3439,3.0,AL-2010-house-75-R-GREG-WREN,GREG WREN,Gregory Wren,R,HD-075,0.607233030676227,80.83140877598153,690.0,6671.0,0.10343276870034478,0.2539426591653773,0.35329037151084974,GREGORY WREN,WREN,-1.0,,,,,,,,1.0,,,,,,-1.0,-1.0,,1.0,,,,,,,1.0,1.0,,1.0,,-1.0,-1.0,1.0,,,,,,-1.0,,0.0,1.0,,,,,,-0.2,,-1.0,,3.0,,,,,,,,3.0,,,,,,1.0,2.0,,4.0,,,,,,,2.0,1.0,,1.0,,2.0,1.0,2.0,,,,,,1.0,,2.0,1.0,,,,,,5.0,,1.0,,32.0,0.0,0.0,0.0,0.0,0.0,0.0,0.0,0.0,0.0,0.0,0.0,0.0,0.0,0.0,0.0,0.0,1998,2026,True
3440,house,Robert Bentley,R,2010,2010,1,LEGISCAN-3440,2.0,AL-2006-house-63-R-ROBERT-J-BENTLEY,ROBERT J. BENTLEY,Robert Bentley,R,HD-063,0.0011868872014054593,60.739030023094685,34.0,6671.0,0.005096687153350322,0.2539426591653773,-0.2527557719639718,ROBERT BENTLEY,BENTLEY,,,,,,,,,,,,,,,,,,,,,,,,,,,,1.0,,,,,,,,,,,,,,,,,,,,,,,,,,,,,,,,,,,,,,,,,,,,,,,,,,1.0,,,,,,,,,,,,,,,,,,,,,,,1.0,0.0,0.0,0.0,0.0,0.0,0.0,0.0,0.0,0.0,0.0,0.0,0.0,0.0,0.0,0.0,0.0,1998,2026,True
3441,house,Frank McDaniel,D,2010,2010,1,LEGISCAN-3441,3.0,AL-2006-house-26-D-FRANK-MCDANIEL,FRANK MCDANIEL,Frank McDaniel,D,HD-026,-0.007574128582259157,19.168591224018474,39.0,6671.0,0.005846199970019487,-4.4602844971162574e-10,-0.0075741281362307076,FRANK MCDANIEL,MCDANIEL,,,,,,,,,,,,,,,,,,,,,,,,,,,,1.0,,,,,,,,,,,,,,,,,,,,,,,,,,,,,,,,,,,,,,,,,,,,,,,,,,1.0,,,,,,,,,,,,,,,,,,,,,,,1.0,0.0,0.0,0.0,0.0,0.0,0.0,0.0,0.0,0.0,0.0,0.0,0.0,0.0,0.0,0.0,0.0,1998,2026,True
3442,house,Alvin Holmes,D,2010,2018,9,LEGISCAN-3442,3.0,AL-2014-house-78-D-ALVIN-HOLMES,Alvin Holmes,Alvin Holmes,D,HD-078,-2.5662690543376283,4.157043879907621,1348.0,6671.0,0.2020686553740069,-4.4602844971162574e-10,-2.5662690538915998,ALVIN HOLMES,HOLMES,1.0,,1.0,1.0,1.0,,1.0,-1.0,0.5,,,-1.0,,1.0,1.0,1.0,,-0.6,,,,,,,0.0,-1.0,-1.0,,,1.0,1.0,-1.0,,,,,,-0.5,,1.0,1.0,0.0,,,1.0,,-0.5,,1.0,,4.0,,1.0,1.0,1.0,,1.0,1.0,4.0,,,1.0,,1.0,1.0,2.0,,5.0,,,,,,,2.0,1.0,1.0,,,2.0,1.0,2.0,,,,,,4.0,,1.0,1.0,2.0,,,1.0,,8.0,,2.0,,51.0,0.0,0.0,0.0,0.0,0.0,0.0,0.0,0.0,0.0,0.0,0.0,0.0,0.0,0.0,0.0,0.0,1998,2026,True
3443,house,Blaine Galliher,R,2010,2012,3,LEGISCAN-3443,4.0,AL-2010-house-30-R-BLAINE-GALLIHER,BLAINE GALLIHER,Blaine Galliher,R,HD-030,0.4275891700270091,75.98152424942263,471.0,6671.0,0.07060410733023535,0.2539426591653773,0.1736465108616318,BLAINE GALLIHER,GALLIHER,-1.0,,,,,,,,1.0,,,,,,-1.0,,,,,,,,,,1.0,,,1.0,,-1.0,,1.0,,,,,,0.0,,-1.0,1.0,,,,,,1.0,,-1.0,,1.0,,,,,,,,2.0,,,,,,1.0,,,,,,,,,,2.0,,,1.0,,1.0,,1.0,,,,,,2.0,,1.0,2.0,,,,,,3.0,,1.0,,18.0,0.0,0.0,0.0,0.0,0.0,0.0,0.0,0.0,0.0,0.0,0.0,0.0,0.0,0.0,0.0,0.0,1998,2026,True
3444,house,Jack Collier,R,2010,2011,2,LEGISCAN-3444,1.0,AL-2010-house-105-R-SPENCER-COLLIER,SPENCER COLLIER,Jack Collier,R,HD-105,0.05586302636342108,63.51039260969977,71.0,6671.0,0.010643081996702143,0.2539426591653773,-0.1980796328019562,JACK COLLIER,COLLIER,,,,,,,,,,,,,,,,,,,,,,,,,1.0,,,-1.0,,,,,,,,,,,,,,,,,,,,,,,,,,,,,,,,,,,,,,,,,,,,,,,1.0,,,1.0,,,,,,,,,,,,,,,,,,,,,,,2.0,0.0,0.0,0.0,0.0,0.0,0.0,0.0,0.0,0.0,0.0,0.0,0.0,0.0,0.0,0.0,0.0,1998,2026,True
3445,house,Allen Treadaway,R,2010,2026,17,LEGISCAN-3445,5.0,AL-2022-house-51-R-GSL051RTRE,Allen Treadaway,Allen Treadaway,R,HD-051,1.7113188580226055,99.07621247113164,2641.0,6671.0,0.395892669764653,0.2539426591653773,1.4573761988572282,ALLEN TREADAWAY,TREADAWAY,-1.0,-1.0,-0.2,1.0,1.0,1.0,-0.5,1.0,1.0,,-1.0,-1.0,0.0,0.0,-1.0,-0.2,1.0,1.0,1.0,-1.0,1.0,-1.0,0.0,-0.6,1.0,1.0,0.0,-1.0,1.0,-1.0,-1.0,1.0,0.3333333333333333,,0.5,-1.0,1.0,0.38461538461538464,1.0,0.0,1.0,1.0,,1.0,1.0,0.0,-0.25,,-0.6666666666666666,1.0,5.0,1.0,5.0,1.0,1.0,1.0,16.0,1.0,16.0,,1.0,1.0,4.0,2.0,2.0,5.0,5.0,12.0,4.0,1.0,7.0,1.0,2.0,5.0,4.0,4.0,2.0,1.0,1.0,2.0,1.0,3.0,3.0,,4.0,2.0,1.0,13.0,3.0,2.0,2.0,5.0,,4.0,2.0,4.0,16.0,,6.0,3.0,187.0,0.0,0.0,0.0,0.0,0.0,0.0,0.0,0.0,0.0,0.0,0.0,0.0,0.0,0.0,0.0,0.0,1998,2026,True
3446,house,Arthur Payne,R,2010,2014,5,LEGISCAN-3446,2.0,AL-2010-house-44-R-ARTHUR-PAYNE,ARTHUR PAYNE,Arthur Payne,R,HD-044,0.19037635212003687,66.28175519630484,780.0,6671.0,0.11692399940038975,0.2539426591653773,-0.06356630704534041,ARTHUR PAYNE,PAYNE,-1.0,,,1.0,1.0,,,,1.0,,,,,,-1.0,,,1.0,,,,,,,0.0,1.0,,-1.0,,-1.0,-1.0,1.0,,,,,,0.0,,0.0,1.0,,,,,,0.2,,-1.0,,4.0,,,1.0,1.0,,,,3.0,,,,,,1.0,,,3.0,,,,,,,2.0,1.0,,1.0,,2.0,1.0,2.0,,,,,,2.0,,2.0,2.0,,,,,,5.0,,1.0,,34.0,0.0,0.0,0.0,0.0,0.0,0.0,0.0,0.0,0.0,0.0,0.0,0.0,0.0,0.0,0.0,0.0,1998,2026,True
3447,house,Charles Newton,D,2010,2014,5,LEGISCAN-3447,2.0,AL-2010-house-90-D-CHARLES-NEWTON,Charles Newton,Charles Newton,D,HD-090,0.050428791046449796,63.279445727482674,786.0,6671.0,0.11782341478039274,-4.4602844971162574e-10,0.050428791492478246,CHARLES NEWTON,NEWTON,-0.3333333333333333,,,1.0,1.0,,,,1.0,,,,,,1.0,-1.0,,0.0,,,,,,,1.0,-1.0,,1.0,,0.0,-1.0,0.0,,,,,,-1.0,,0.0,1.0,,,,,,-1.0,,1.0,,3.0,,,1.0,1.0,,,,2.0,,,,,,1.0,1.0,,4.0,,,,,,,2.0,1.0,,1.0,,2.0,1.0,2.0,,,,,,1.0,,2.0,1.0,,,,,,4.0,,1.0,,31.0,0.0,0.0,0.0,0.0,0.0,0.0,0.0,0.0,0.0,0.0,0.0,0.0,0.0,0.0,0.0,0.0,1998,2026,True
3448,house,Richard Laird,D,2010,2014,5,LEGISCAN-3448,2.0,AL-2010-house-37-D-RICHARD-LAIRD,RICHARD LAIRD,Richard Laird,D,HD-037,0.5532581940031187,79.21478060046189,863.0,6671.0,0.1293659121570979,-4.4602844971162574e-10,0.5532581944491471,RICHARD LAIRD,LAIRD,-1.0,,,1.0,1.0,,,,1.0,,,,,,-1.0,-1.0,,1.0,,,,,,,1.0,1.0,,1.0,,-1.0,-1.0,1.0,,,,,,1.0,,0.0,1.0,,,,,,-0.5,,-1.0,,4.0,,,1.0,1.0,,,,3.0,,,,,,1.0,2.0,,5.0,,,,,,,2.0,1.0,,1.0,,2.0,1.0,2.0,,,,,,1.0,,2.0,2.0,,,,,,4.0,,1.0,,36.0,0.0,0.0,0.0,0.0,0.0,0.0,0.0,0.0,0.0,0.0,0.0,0.0,0.0,0.0,0.0,0.0,1998,2026,True
3449,house,Ronald Johnson,R,2010,2020,11,LEGISCAN-3449,6.0,AL-2018-house-33-R-RON-JOHNSON,Ron Johnson,Ronald Johnson,R,HD-033,0.7468278095579255,83.83371824480369,1699.0,6671.0,0.2546844551041823,0.2539426591653773,0.4928851503925482,RONALD JOHNSON,JOHNSON,-1.0,,0.0,1.0,1.0,,1.0,1.0,1.0,,,-1.0,,1.0,-1.0,1.0,,0.5,,,,,,-1.0,1.0,1.0,,1.0,,-1.0,-1.0,1.0,-1.0,,,,,-0.5,,1.0,1.0,1.0,,,1.0,,0.0,,0.0,,4.0,,2.0,1.0,1.0,,2.0,1.0,4.0,,,1.0,,1.0,1.0,1.0,,4.0,,,,,,1.0,3.0,1.0,,1.0,,2.0,1.0,2.0,2.0,,,,,4.0,,2.0,1.0,2.0,,,1.0,,8.0,,2.0,,56.0,0.0,0.0,0.0,0.0,0.0,0.0,0.0,0.0,0.0,0.0,0.0,0.0,0.0,0.0,0.0,0.0,1998,2026,True
3450,house,Alan Boothe,R,2010,2018,9,LEGISCAN-3450,4.0,AL-2014-house-89-R-ALAN-C-BOOTHE,Alan C. Boothe,Alan Boothe,R,HD-089,1.1250883394850173,91.91685912240185,1594.0,6671.0,0.23894468595412982,0.2539426591653773,0.87114568031964,ALAN BOOTHE,BOOTHE,-0.6,,1.0,1.0,1.0,,1.0,1.0,1.0,,,-1.0,,1.0,-1.0,-1.0,,0.6666666666666666,,,,,,,-1.0,1.0,-1.0,1.0,,-1.0,-1.0,1.0,-1.0,,,,,0.3333333333333333,,0.0,0.0,1.0,,,1.0,,0.14285714285714285,,0.0,,5.0,,2.0,1.0,1.0,,1.0,1.0,4.0,,,1.0,,1.0,1.0,2.0,,6.0,,,,,,,1.0,1.0,1.0,2.0,,2.0,1.0,2.0,2.0,,,,,3.0,,2.0,2.0,2.0,,,1.0,,7.0,,2.0,,57.0,0.0,0.0,0.0,0.0,0.0,0.0,0.0,0.0,0.0,0.0,0.0,0.0,0.0,0.0,0.0,0.0,1998,2026,True
3451,house,Warren Beck,R,2010,2010,1,LEGISCAN-3451,1.0,AL-2006-house-87-R-WARREN-HARRIS-BECK,WARREN HARRIS BECK,Warren Beck,R,HD-087,0.0091876339737498,60.969976905311775,21.0,6671.0,0.0031479538300104933,0.2539426591653773,-0.24475502519162748,WARREN BECK,BECK,,,,,,,,,,,,,,,,,,,,,,,,,,,,,,,,,,,,,,,,,,,,,,,,,,,,,,,,,,,,,,,,,,,,,,,,,,,,,,,,,,,,,,,,,,,,,,,,,,,,,,,,,,,,,,,,,,,,,,1998,2026,True
3452,house,Benjamin Lewis,R,2010,2010,1,LEGISCAN-3452,,,,Benjamin Lewis,R,HD-086,0.03259183683931413,62.586605080831404,48.0,6671.0,0.007195323040023984,0.2539426591653773,-0.22135082232606315,BENJAMIN LEWIS,LEWIS,,,,,,,,,,,,,,,,,,,,,,,,,,,,,,,,,,,,,,,,,,,,,,,,,,,,,,,,,,,,,,,,,,,,,,,,,,,,,,,,,,,,,,,,,,,,,,,,,,,,,,,,,,,,,,,,,,,,,,1998,2026,True
3453,house,Mary McClurkin,R,2010,2014,5,LEGISCAN-3453,2.0,AL-2010-house-43-R-MARY-SUE-MCCLURKIN,MARY SUE McCLURKIN,Mary McClurkin,R,HD-043,0.8466473557421075,86.60508083140877,822.0,6671.0,0.12321990706041074,0.2539426591653773,0.5927046965767302,MARY MCCLURKIN,MCCLURKIN,-1.0,,,1.0,1.0,,,,1.0,,,,,,-1.0,-1.0,,1.0,,,,,,,1.0,1.0,,1.0,,-1.0,-1.0,1.0,,,,,,0.0,,0.0,1.0,,,,,,0.0,,-1.0,,4.0,,,1.0,1.0,,,,3.0,,,,,,1.0,2.0,,5.0,,,,,,,2.0,1.0,,1.0,,2.0,1.0,2.0,,,,,,2.0,,2.0,2.0,,,,,,4.0,,1.0,,37.0,0.0,0.0,0.0,0.0,0.0,0.0,0.0,0.0,0.0,0.0,0.0,0.0,0.0,0.0,0.0,0.0,1998,2026,True
3454,house,John Rogers,D,2010,2024,15,LEGISCAN-3454,5.0,AL-2022-house-52-D-GSL052DROG,"John Rogers, Jr.",John Rogers,D,HD-052,-3.6018120497416004,1.8475750577367205,1993.0,6671.0,0.29875580872432916,-4.4602844971162574e-10,-3.601812049295572,JOHN ROGERS,ROGERS,0.2,1.0,0.0,1.0,1.0,,-0.3333333333333333,,0.1111111111111111,,,-1.0,,1.0,-1.0,1.0,-1.0,-0.6,1.0,,-0.3333333333333333,,-1.0,-0.3333333333333333,0.0,-1.0,,0.0,1.0,1.0,1.0,-1.0,-1.0,,1.0,-1.0,-1.0,-0.14285714285714285,,1.0,1.0,-0.2,,,1.0,,-0.5555555555555556,,1.0,,5.0,1.0,2.0,1.0,1.0,,9.0,,9.0,,,1.0,,1.0,1.0,3.0,2.0,10.0,2.0,,3.0,,1.0,3.0,4.0,3.0,,2.0,1.0,1.0,1.0,1.0,4.0,,1.0,1.0,1.0,7.0,,1.0,1.0,5.0,,,1.0,,9.0,,3.0,,102.0,0.0,0.0,0.0,0.0,0.0,0.0,0.0,0.0,0.0,0.0,0.0,0.0,0.0,0.0,0.0,0.0,1998,2026,True
3455,house,Elaine Beech,D,2010,2018,9,LEGISCAN-3455,3.0,AL-2018-house-65-D-ELAINE-BEECH,Elaine Beech,Elaine Beech,D,HD-065,-0.7399756788755154,10.854503464203233,1430.0,6671.0,0.2143606655673812,-4.4602844971162574e-10,-0.739975678429487,ELAINE BEECH,BEECH,-0.5,,1.0,1.0,1.0,,1.0,,1.0,,,-1.0,,1.0,1.0,1.0,,-0.6,,,,,,,1.0,1.0,-1.0,1.0,,1.0,1.0,-1.0,-1.0,,,,,0.0,,1.0,1.0,1.0,,,1.0,,0.0,,1.0,,4.0,,1.0,1.0,1.0,,1.0,,2.0,,,1.0,,1.0,1.0,2.0,,5.0,,,,,,,2.0,1.0,1.0,2.0,,2.0,1.0,2.0,2.0,,,,,4.0,,2.0,2.0,2.0,,,1.0,,8.0,,2.0,,54.0,0.0,0.0,0.0,0.0,0.0,0.0,0.0,0.0,0.0,0.0,0.0,0.0,0.0,0.0,0.0,0.0,1998,2026,True
3456,house,Roderick Scott,D,2010,2022,13,LEGISCAN-3456,4.0,AL-2018-house-55-D-RODERICK-ROD-HAMPTON-SCOTT,"Roderick ""Rod"" Hampton Scott",Roderick Scott,D,HD-055,-2.3846258552644217,5.080831408775981,1753.0,6671.0,0.26277919352420925,-4.4602844971162574e-10,-2.384625854818393,RODERICK SCOTT,SCOTT,0.2,,1.0,1.0,1.0,,-1.0,-1.0,-0.2,,,-1.0,,1.0,1.0,1.0,,-0.3333333333333333,,,1.0,,,-1.0,-1.0,0.0,-1.0,1.0,,1.0,,-1.0,-1.0,,,,,-0.2,,1.0,1.0,1.0,,,1.0,1.0,-0.6666666666666666,,1.0,,5.0,,2.0,1.0,1.0,,4.0,1.0,5.0,,,1.0,,1.0,1.0,2.0,,3.0,,,1.0,,,1.0,3.0,2.0,1.0,2.0,,1.0,,1.0,3.0,,,,,5.0,,1.0,2.0,2.0,,,1.0,1.0,6.0,,2.0,,62.0,0.0,0.0,0.0,0.0,0.0,0.0,0.0,0.0,0.0,0.0,0.0,0.0,0.0,0.0,0.0,0.0,1998,2026,True
3457,house,Lawrence McAdory,D,2010,2014,5,LEGISCAN-3457,1.0,AL-2010-house-56-D-LAWRENCE-MCADORY,LAWRENCE MCADORY,Lawrence McAdory,D,HD-056,-1.6033940430965101,7.621247113163972,784.0,6671.0,0.11752360965372508,-4.4602844971162574e-10,-1.6033940426504816,LAWRENCE MCADORY,MCADORY,0.3333333333333333,,,1.0,1.0,,,,0.3333333333333333,,,,,,1.0,1.0,,-1.0,,,,,,,0.0,-1.0,,1.0,,1.0,1.0,-1.0,,,,,,0.0,,1.0,1.0,,,,,,-0.3333333333333333,,1.0,,3.0,,,1.0,1.0,,,,3.0,,,,,,1.0,2.0,,4.0,,,,,,,2.0,1.0,,1.0,,2.0,1.0,2.0,,,,,,2.0,,1.0,2.0,,,,,,3.0,,1.0,,33.0,0.0,0.0,0.0,0.0,0.0,0.0,0.0,0.0,0.0,0.0,0.0,0.0,0.0,0.0,0.0,0.0,1998,2026,True
3458,house,George Bandy,D,2010,2018,9,LEGISCAN-3458,3.0,AL-2014-house-83-D-GEORGE-TOOTIE-BANDY,"George ""Tootie"" Bandy",George Bandy,D,HD-083,-1.9432807577930826,6.0046189376443415,968.0,6671.0,0.14510568130715035,-4.4602844971162574e-10,-1.943280757347054,GEORGE BANDY,BANDY,1.0,,1.0,1.0,1.0,,1.0,-1.0,1.0,,,-1.0,,1.0,1.0,1.0,,-1.0,,,,,,,,,-1.0,1.0,,1.0,,-1.0,,,,,,-1.0,,-1.0,,-1.0,,,,,-0.3333333333333333,,1.0,,2.0,,1.0,1.0,1.0,,1.0,1.0,2.0,,,1.0,,1.0,1.0,1.0,,2.0,,,,,,,,,1.0,1.0,,1.0,,1.0,,,,,,1.0,,1.0,,1.0,,,,,3.0,,1.0,,26.0,0.0,0.0,0.0,0.0,0.0,0.0,0.0,0.0,0.0,0.0,0.0,0.0,0.0,0.0,0.0,0.0,1998,2026,True
3459,house,K.L. Brown,R,2010,2022,13,LEGISCAN-3459,3.0,AL-2018-house-40-R-KOVEN-K-L-BROWN,"Koven ""K.L."" Brown",K.L. Brown,R,HD-040,1.5261580368584036,96.76674364896074,2215.0,6671.0,0.3320341777844401,0.2539426591653773,1.2722153776930263,K L BROWN,BROWN,-1.0,,1.0,1.0,1.0,,0.14285714285714285,1.0,0.3333333333333333,,,-1.0,,1.0,-1.0,-0.3333333333333333,1.0,1.0,,,1.0,,,-1.0,0.5,1.0,-1.0,1.0,,-1.0,-1.0,1.0,-1.0,,,,,-0.2,,0.0,1.0,1.0,,,1.0,,0.25,,0.0,,5.0,,2.0,1.0,1.0,,7.0,1.0,6.0,,,1.0,,1.0,1.0,3.0,1.0,6.0,,,1.0,,,1.0,4.0,3.0,1.0,1.0,,2.0,1.0,2.0,3.0,,,,,5.0,,2.0,2.0,3.0,,,1.0,,8.0,,2.0,,78.0,0.0,0.0,0.0,0.0,0.0,0.0,0.0,0.0,0.0,0.0,0.0,0.0,0.0,0.0,0.0,0.0,1998,2026,True
3460,senate,Steve French,R,2010,2010,1,LEGISCAN-3460,1.0,AL-2006-senate-15-R-STEVE-FRENCH,STEVE FRENCH,Steve French,R,SD-015,0.0313839110235949,61.111111111111114,26.0,3886.0,0.0066906845084920225,0.19048932356371012,-0.15910541254011523,STEVE FRENCH,FRENCH,,,,,,,,,,,,,,,,,,,,,,,,,,,,,,,,,,,,,,,,,,,,,,,,,,,,,,,,,,,,,,,,,,,,,,,,,,,,,,,,,,,,,,,,,,,,,,,,,,,,,,,,,,,,,,,,,,,,,,1998,2026,True
3461,senate,J.T. Waggoner,R,2010,2026,17,LEGISCAN-3461,5.0,AL-2018-senate-16-R-J-T-JABO-WAGGONER,"J.T. ""Jabo"" Waggoner",J.T. Waggoner,R,SD-016,1.492268956117456,99.20634920634922,2107.0,3886.0,0.5422027792074112,0.19048932356371012,1.3017796325537458,J T WAGGONER,WAGGONER,,,1.0,1.0,1.0,,0.0,1.0,0.6666666666666666,1.0,,-1.0,0.0,,0.3333333333333333,0.0,1.0,0.7142857142857143,,0.0,1.0,,-1.0,1.0,1.0,1.0,1.0,1.0,1.0,0.0,-0.3333333333333333,0.3333333333333333,1.0,-1.0,,-1.0,1.0,-0.3333333333333333,1.0,0.42857142857142855,,0.6666666666666666,,1.0,,,-0.25,-1.0,-1.0,1.0,,,1.0,1.0,3.0,,4.0,2.0,12.0,2.0,,1.0,2.0,,3.0,2.0,1.0,7.0,,2.0,3.0,,1.0,3.0,4.0,3.0,1.0,2.0,1.0,2.0,3.0,3.0,2.0,1.0,,1.0,1.0,3.0,1.0,7.0,,6.0,,3.0,,,8.0,1.0,1.0,1.0,105.0,0.0,0.0,0.0,0.0,0.0,0.0,0.0,0.0,0.0,0.0,0.0,0.0,0.0,0.0,0.0,0.0,1998,2026,True
3462,senate,Del Marsh,R,2010,2022,13,LEGISCAN-3462,5.0,AL-2018-senate-12-R-DEL-MARSH,Del Marsh,Del Marsh,R,SD-012,1.3000907087269915,94.44444444444444,1663.0,3886.0,0.4279464745239321,0.19048932356371012,1.1096013851632813,DEL MARSH,MARSH,,,,1.0,1.0,,,1.0,0.6,,,-1.0,-1.0,,,0.0,,0.6666666666666666,,0.0,1.0,,,,1.0,1.0,,1.0,,0.0,0.0,0.0,1.0,,,,,-1.0,,0.6666666666666666,,0.6666666666666666,,,,,-1.0,-1.0,,,,,,1.0,2.0,,,2.0,5.0,,,1.0,1.0,,,2.0,,6.0,,2.0,2.0,,,,3.0,2.0,,1.0,,2.0,2.0,2.0,2.0,,,,,1.0,,6.0,,6.0,,,,,3.0,1.0,,,55.0,0.0,0.0,0.0,0.0,0.0,0.0,0.0,0.0,0.0,0.0,0.0,0.0,0.0,0.0,0.0,0.0,1998,2026,True
3463,senate,Ben Brooks,R,2010,2012,3,LEGISCAN-3463,2.0,AL-2010-senate-35-R-BEN-BROOKS,BEN BROOKS,Ben Brooks,R,SD-035,0.41634238842284516,79.36507936507937,383.0,3886.0,0.09855892949047865,0.19048932356371012,0.22585306485913503,BEN BROOKS,BROOKS,,,,,1.0,,,,1.0,,,,,,,,,,,-1.0,,,,,1.0,,,,,,,,,,,,,1.0,,0.3333333333333333,,,,,,,,,,,,,,,1.0,,,,1.0,,,,,,,,,,,1.0,,,,,1.0,,,,,,,,,,,,,1.0,,3.0,,,,,,,,,,,8.0,0.0,0.0,0.0,0.0,0.0,0.0,0.0,0.0,0.0,0.0,0.0,0.0,0.0,0.0,0.0,0.0,1998,2026,True
3464,senate,Trip Pittman,R,2010,2018,9,LEGISCAN-3464,2.0,AL-2014-senate-32-R-TRIP-PITTMAN,Trip Pittman,Trip Pittman,R,SD-032,1.2829435761045695,92.85714285714286,1336.0,3886.0,0.343798250128667,0.19048932356371012,1.0924542525408594,TRIP PITTMAN,PITTMAN,,,,1.0,1.0,,,1.0,1.0,,,,,,,0.0,,0.6666666666666666,,-1.0,1.0,,,,0.0,1.0,,1.0,,0.0,0.0,0.0,1.0,,,,,-1.0,,0.2,,0.6,,,,,-1.0,-1.0,,,,,,1.0,2.0,,,2.0,3.0,,,,,,,2.0,,6.0,,1.0,1.0,,,,2.0,1.0,,1.0,,2.0,2.0,2.0,2.0,,,,,1.0,,5.0,,5.0,,,,,3.0,1.0,,,45.0,0.0,0.0,0.0,0.0,0.0,0.0,0.0,0.0,0.0,0.0,0.0,0.0,0.0,0.0,0.0,0.0,1998,2026,True
3465,senate,Rodger Smitherman,D,2010,2026,17,LEGISCAN-3465,5.0,AL-2018-senate-18-D-RODGER-M-SMITHERMAN,Rodger M. Smitherman,Rodger Smitherman,D,SD-018,-3.511165605514921,3.1746031746031744,1977.0,3886.0,0.5087493566649511,-1.6714756153497598e-09,-3.5111656038434456,RODGER SMITHERMAN,SMITHERMAN,,1.0,1.0,1.0,0.3333333333333333,,0.3333333333333333,-1.0,0.3333333333333333,-1.0,,-1.0,0.0,,-0.3333333333333333,1.0,-1.0,-0.7142857142857143,,1.0,1.0,,1.0,1.0,0.5,-1.0,,1.0,1.0,-1.0,-1.0,0.3333333333333333,0.0,1.0,,1.0,1.0,0.0,0.0,0.0,,0.6666666666666666,,1.0,,,0.42857142857142855,1.0,1.0,,,1.0,1.0,1.0,3.0,,3.0,2.0,12.0,2.0,,2.0,2.0,,3.0,2.0,2.0,7.0,,2.0,2.0,,2.0,3.0,4.0,3.0,,2.0,1.0,2.0,3.0,3.0,2.0,1.0,,1.0,1.0,4.0,2.0,6.0,,6.0,,3.0,,,7.0,1.0,1.0,,105.0,0.0,0.0,0.0,0.0,0.0,0.0,0.0,0.0,0.0,0.0,0.0,0.0,0.0,0.0,0.0,0.0,1998,2026,True
3466,senate,Zeb Little,D,2010,2010,1,LEGISCAN-3466,3.0,AL-2010-senate-4-D-ZEB-LITTLE,Zeb Little,Zeb Little,D,SD-004,-0.03039591295668888,15.079365079365079,39.0,3886.0,0.010036026762738034,-1.6714756153497598e-09,-0.030395911285213267,ZEB LITTLE,LITTLE,,,,,,,,,-1.0,,,,,,,,,,,,,,,,,,,,,,,,,,,,,,,,,,,,,,,,,,,,,,,,,,1.0,,,,,,,,,,,,,,,,,,,,,,,,,,,,,,,,,,,,,,,,,,1.0,0.0,0.0,0.0,0.0,0.0,0.0,0.0,0.0,0.0,0.0,0.0,0.0,0.0,0.0,0.0,0.0,1998,2026,True
3467,senate,Paul Sanford,R,2010,2018,9,LEGISCAN-3467,2.0,AL-2014-senate-7-R-PAUL-L-SANFORD,Paul L. Sanford,Paul Sanford,R,SD-007,0.6957929155011656,83.33333333333334,1298.0,3886.0,0.3340195573854864,0.19048932356371012,0.5053035919374556,PAUL SANFORD,SANFORD,,,,1.0,1.0,,,-1.0,0.6,,,,1.0,,,0.0,,-0.2,,-1.0,1.0,,,,1.0,1.0,,,,0.0,0.0,0.0,-1.0,,,,,-1.0,,0.5,,-0.3333333333333333,,,,,0.0,-1.0,,,,,,1.0,2.0,,,1.0,5.0,,,,1.0,,,2.0,,5.0,,1.0,2.0,,,,3.0,1.0,,,,2.0,2.0,2.0,1.0,,,,,1.0,,4.0,,3.0,,,,,2.0,1.0,,,42.0,0.0,0.0,0.0,0.0,0.0,0.0,0.0,0.0,0.0,0.0,0.0,0.0,0.0,0.0,0.0,0.0,1998,2026,True
3468,senate,Larry Means,D,2010,2010,1,LEGISCAN-3468,5.0,AL-2014-senate-10-D-LARRY-MEANS,Larry Means,Larry Means,D,SD-010,-0.019506288779131856,19.047619047619047,31.0,3886.0,0.00797735460627895,-1.6714756153497598e-09,-0.019506287107656242,LARRY MEANS,MEANS,,,,,,,,,,,,,,,,,,,,,,,,,,,,,,,,,,,,,,,,,,,,,,,,,,,,,,,,,,,,,,,,,,,,,,,,,,,,,,,,,,,,,,,,,,,,,,,,,,,,,,,,,,,,,,,,,,,,,,1998,2026,True
3469,senate,Rusty Glover,R,2010,2018,9,LEGISCAN-3469,3.0,AL-2014-senate-34-R-RUSTY-GLOVER,Rusty Glover,Rusty Glover,R,SD-034,1.3431738311889212,96.82539682539682,1312.0,3886.0,0.3376222336592898,0.19048932356371012,1.152684507625211,RUSTY GLOVER,GLOVER,,,,1.0,1.0,,,1.0,1.0,,,,-1.0,,,-1.0,,0.5,,-1.0,1.0,,,,1.0,1.0,,1.0,,0.0,0.0,0.0,0.0,,,,,,,0.2,,0.2,,,,,-1.0,,,,,,,1.0,2.0,,,2.0,3.0,,,,1.0,,,1.0,,4.0,,1.0,2.0,,,,3.0,1.0,,1.0,,2.0,2.0,2.0,2.0,,,,,,,5.0,,5.0,,,,,2.0,,,,42.0,0.0,0.0,0.0,0.0,0.0,0.0,0.0,0.0,0.0,0.0,0.0,0.0,0.0,0.0,0.0,0.0,1998,2026,True
3470,senate,Hank Sanders,D,2010,2018,9,LEGISCAN-3470,5.0,AL-2014-senate-23-D-HANK-SANDERS,Hank Sanders,Hank Sanders,D,SD-023,-2.808173388352301,5.555555555555555,1251.0,3886.0,0.32192485846628927,-1.6714756153497598e-09,-2.8081733866808256,HANK SANDERS,SANDERS,,,,,-1.0,,,-1.0,-1.0,,,,-1.0,,,1.0,,-0.6,,1.0,-1.0,,,,-0.3333333333333333,,,-1.0,,0.0,0.0,0.0,-1.0,,,,,-1.0,,-0.5,,-0.6,,,,,1.0,1.0,,,,,,,1.0,,,2.0,5.0,,,,1.0,,,1.0,,5.0,,1.0,1.0,,,,3.0,,,1.0,,2.0,2.0,2.0,2.0,,,,,1.0,,4.0,,5.0,,,,,2.0,1.0,,,42.0,0.0,0.0,0.0,0.0,0.0,0.0,0.0,0.0,0.0,0.0,0.0,0.0,0.0,0.0,0.0,0.0,1998,2026,True
3471,senate,Bobby Denton,D,2010,2010,1,LEGISCAN-3471,,,,Bobby Denton,D,SD-001,-0.025335393125874073,16.666666666666664,29.0,3886.0,0.007462686567164179,-1.6714756153497598e-09,-0.02533539145439846,BOBBY DENTON,DENTON,,,,,,,,,-1.0,,,,,,,,,,,,,,,,,,,,,,,,,,,,,,,,,,,,,,,,,,,,,,,,,,1.0,,,,,,,,,,,,,,,,,,,,,,,,,,,,,,,,,,,,,,,,,,1.0,0.0,0.0,0.0,0.0,0.0,0.0,0.0,0.0,0.0,0.0,0.0,0.0,0.0,0.0,0.0,0.0,1998,2026,True
3472,senate,Quinton Ross,D,2010,2017,8,LEGISCAN-3472,3.0,AL-2014-senate-26-D-QUINTON-T-ROSS-JR,"Quinton T. Ross, Jr.",Quinton Ross,D,SD-026,-2.9580824621565798,3.968253968253968,1317.0,3886.0,0.33890890375707666,-1.6714756153497598e-09,-2.9580824604851044,QUINTON ROSS,ROSS,,,,1.0,0.0,,,-1.0,-0.2,,,,-1.0,,,0.0,,-0.6666666666666666,,1.0,-1.0,,,,0.3333333333333333,,,-1.0,,0.0,0.0,0.0,-1.0,,,,,-1.0,,-0.2,,-0.6,,,,,0.3333333333333333,1.0,,,,,,1.0,2.0,,,2.0,5.0,,,,1.0,,,2.0,,6.0,,1.0,2.0,,,,3.0,,,1.0,,2.0,2.0,2.0,2.0,,,,,1.0,,5.0,,5.0,,,,,3.0,1.0,,,49.0,0.0,0.0,0.0,0.0,0.0,0.0,0.0,0.0,0.0,0.0,0.0,0.0,0.0,0.0,0.0,0.0,1998,2026,True
3473,senate,Roger Bedford,D,2010,2014,5,LEGISCAN-3473,5.0,AL-2014-senate-6-D-ROGER-BEDFORD-JR,"Roger Bedford, Jr.",Roger Bedford,D,SD-006,-1.422224336889756,7.936507936507936,780.0,3886.0,0.2007205352547607,-1.6714756153497598e-09,-1.4222243352182804,ROGER BEDFORD,BEDFORD,,,,1.0,0.0,,,,-0.3333333333333333,,,,,,,1.0,,0.0,,,1.0,,,,1.0,1.0,,,,-1.0,-1.0,1.0,,,,,,1.0,,0.3333333333333333,,,,,,,-1.0,,,,,,,1.0,2.0,,,,3.0,,,,,,,2.0,,2.0,,,1.0,,,,1.0,1.0,,,,2.0,2.0,2.0,,,,,,1.0,,3.0,,,,,,,1.0,,,,24.0,0.0,0.0,0.0,0.0,0.0,0.0,0.0,0.0,0.0,0.0,0.0,0.0,0.0,0.0,0.0,0.0,1998,2026,True
3474,senate,Hinton Mitchem,D,2010,2010,1,LEGISCAN-3474,3.0,AL-2006-senate-9-D-HINTON-HITCHEM,Hinton Mitchem,Hinton Mitchem,D,SD-009,-0.02431540414008687,17.46031746031746,32.0,3886.0,0.008234688625836336,-1.6714756153497598e-09,-0.024315402468611257,HINTON MITCHEM,MITCHEM,,,,,,,,,-1.0,,,,,,,,,,,,,,,,,,,,,,,,,,,,,,,,,,,,,,,,,,,,,,,,,,1.0,,,,,,,,,,,,,,,,,,,,,,,,,,,,,,,,,,,,,,,,,,1.0,0.0,0.0,0.0,0.0,0.0,0.0,0.0,0.0,0.0,0.0,0.0,0.0,0.0,0.0,0.0,0.0,1998,2026,True
3475,senate,T.D. Little,D,2010,2010,1,LEGISCAN-3475,4.0,AL-2010-senate-27-D-T-D-TED-LITTLE,T. D. (Ted) LITTLE,T.D. Little,D,SD-027,-0.012136429910018287,19.841269841269842,41.0,3886.0,0.010550694801852806,-1.6714756153497598e-09,-0.012136428238542671,T D LITTLE,LITTLE,,,,,,,,,-1.0,,,,,,,,,,,,,,,,,,,,,,,,,,,,,,,,,,,,,,,,,,,,,,,,,,1.0,,,,,,,,,,,,,,,,,,,,,,,,,,,,,,,,,,,,,,,,,,1.0,0.0,0.0,0.0,0.0,0.0,0.0,0.0,0.0,0.0,0.0,0.0,0.0,0.0,0.0,0.0,0.0,1998,2026,True
3476,senate,Lowell Barron,D,2010,2010,1,LEGISCAN-3476,4.0,AL-2010-senate-8-D-LOWELL-BARRON,LOWELL BARRON,Lowell Barron,D,SD-008,-0.02994443906151604,15.873015873015872,42.0,3886.0,0.01080802882141019,-1.6714756153497598e-09,-0.029944437390040424,LOWELL BARRON,BARRON,,,,,,,,,-1.0,,,,,,,,,,,,,,,,,,,,,,,,,,,,,,,,,,,,,,,,,,,,,,,,,,1.0,,,,,,,,,,,,,,,,,,,,,,,,,,,,,,,,,,,,,,,,,,1.0,0.0,0.0,0.0,0.0,0.0,0.0,0.0,0.0,0.0,0.0,0.0,0.0,0.0,0.0,0.0,0.0,1998,2026,True
3477,senate,Kim Benefield,D,2010,2010,1,LEGISCAN-3477,1.0,AL-2006-senate-13-D-KIM-S-BENEFIELD,KIM S. BENEFIELD,,,,,,,,,,,,,,,,,,,,,,,,,,,,,,,,,,,,,,,,,,,,,,,,,,,,,,,,,,,,,,,,,,,,,,,,,,,,,,,,,,,,,,,,,,,,,,,,,,,,,,,,,,,,,,,,,,,,,,,,,,,,,,,,,,1998,2026,False
3478,senate,Henry Erwin,R,2010,2010,1,LEGISCAN-3478,1.0,AL-2006-senate-14-R-HANK-ERWIN,HANK ERWIN,,,,,,,,,,,,,,,,,,,,,,,,,,,,,,,,,,,,,,,,,,,,,,,,,,,,,,,,,,,,,,,,,,,,,,,,,,,,,,,,,,,,,,,,,,,,,,,,,,,,,,,,,,,,,,,,,,,,,,,,,,,,,,,,,,1998,2026,False
3479,senate,Linda Coleman-Madison,D,2010,2026,17,LEGISCAN-3479,3.0,AL-2018-senate-20-D-LINDA-COLEMAN-MADISON,Linda Coleman-Madison,Linda Coleman-Madison,D,SD-020,-3.603762592635235,1.5873015873015872,1968.0,3886.0,0.5064333504889347,-1.6714756153497598e-09,-3.6037625909637594,LINDA COLEMAN MADISON,MADISON,,1.0,-1.0,1.0,0.0,,0.5,-1.0,-0.45454545454545453,0.0,,-1.0,0.0,,0.3333333333333333,0.0,-1.0,-0.7142857142857143,,1.0,-0.5,,1.0,1.0,1.0,-1.0,1.0,0.0,1.0,-1.0,-1.0,0.0,-1.0,1.0,,1.0,-1.0,0.0,0.0,0.3333333333333333,,-0.3333333333333333,,-1.0,,,0.25,1.0,1.0,,,1.0,1.0,1.0,2.0,,4.0,2.0,11.0,2.0,,1.0,2.0,,3.0,2.0,2.0,7.0,,2.0,4.0,,2.0,3.0,3.0,3.0,1.0,2.0,1.0,1.0,2.0,2.0,2.0,1.0,,1.0,1.0,2.0,2.0,6.0,,6.0,,3.0,,,8.0,1.0,1.0,,101.0,0.0,0.0,0.0,0.0,0.0,0.0,0.0,0.0,0.0,0.0,0.0,0.0,0.0,0.0,0.0,0.0,1998,2026,True
3480,senate,Priscilla Dunn,D,2010,2022,13,LEGISCAN-3480,3.0,AL-2018-senate-19-D-PRISCILLA-DUNN,Priscilla Dunn,Priscilla Dunn,D,SD-019,-2.349099348346214,6.349206349206349,1298.0,3886.0,0.3340195573854864,-1.6714756153497598e-09,-2.3490993466747385,PRISCILLA DUNN,DUNN,,,,1.0,0.0,,,-1.0,0.0,,,,-1.0,,,1.0,,-0.5,,1.0,1.0,,,,0.0,,,-1.0,,0.0,0.0,0.0,-1.0,,,,,-1.0,,-0.3333333333333333,,-0.6,,,,,1.0,,,,,,,1.0,2.0,,,1.0,4.0,,,,1.0,,,1.0,,4.0,,1.0,1.0,,,,2.0,,,1.0,,2.0,2.0,2.0,2.0,,,,,1.0,,3.0,,5.0,,,,,1.0,,,,37.0,0.0,0.0,0.0,0.0,0.0,0.0,0.0,0.0,0.0,0.0,0.0,0.0,0.0,0.0,0.0,0.0,1998,2026,True
3481,senate,Arthur Orr,R,2010,2026,17,LEGISCAN-3481,4.0,AL-2018-senate-3-R-ARTHUR-ORR,Arthur Orr,Arthur Orr,R,SD-003,1.4158504666986316,98.4126984126984,1972.0,3886.0,0.5074626865671642,0.19048932356371012,1.2253611431349214,ARTHUR ORR,ORR,,-1.0,,-1.0,0.3333333333333333,,0.0,1.0,0.8181818181818182,1.0,,1.0,0.0,,1.0,0.0,1.0,0.25,,0.0,1.0,,-1.0,0.3333333333333333,1.0,1.0,,0.0,1.0,0.0,0.3333333333333333,0.3333333333333333,1.0,-1.0,,-1.0,1.0,0.3333333333333333,1.0,0.2,,0.6666666666666666,,1.0,,,0.0,-1.0,-1.0,1.0,,1.0,,1.0,3.0,,4.0,2.0,11.0,2.0,,2.0,2.0,,3.0,2.0,2.0,8.0,,2.0,4.0,,2.0,3.0,4.0,3.0,,2.0,1.0,2.0,3.0,3.0,2.0,1.0,,1.0,1.0,3.0,2.0,5.0,,6.0,,3.0,,,8.0,1.0,1.0,1.0,107.0,0.0,0.0,0.0,0.0,0.0,0.0,0.0,0.0,0.0,0.0,0.0,0.0,0.0,0.0,0.0,0.0,1998,2026,True
3482,senate,Bobby Singleton,D,2010,2026,17,LEGISCAN-3482,4.0,AL-2018-senate-24-D-BOBBY-SINGLETON,Bobby Singleton,Bobby Singleton,D,SD-024,-4.033413794101315,0.7936507936507936,1931.0,3886.0,0.49691199176531137,-1.6714756153497598e-09,-4.033413792429839,BOBBY SINGLETON,SINGLETON,,1.0,1.0,,-1.0,,-0.2,-1.0,-0.2,-1.0,,-1.0,1.0,,-0.3333333333333333,0.0,-1.0,-1.0,,1.0,-1.0,,1.0,1.0,0.3333333333333333,-1.0,1.0,1.0,,0.0,-0.3333333333333333,-0.3333333333333333,1.0,1.0,,1.0,-1.0,-0.3333333333333333,0.0,0.0,,0.6,,0.0,,,0.42857142857142855,,1.0,-1.0,,1.0,1.0,,1.0,,5.0,2.0,10.0,2.0,,2.0,2.0,,3.0,2.0,1.0,7.0,,1.0,3.0,,1.0,3.0,3.0,2.0,1.0,2.0,,2.0,3.0,3.0,2.0,1.0,,1.0,1.0,3.0,2.0,6.0,,5.0,,2.0,,,7.0,,1.0,1.0,95.0,0.0,0.0,0.0,0.0,0.0,0.0,0.0,0.0,0.0,0.0,0.0,0.0,0.0,0.0,0.0,0.0,1998,2026,True
3483,senate,Wendell Mitchell,D,2010,2010,1,LEGISCAN-3483,3.0,AL-2010-senate-30-D-WALKING-WENDELL-MITCHELL,'Walking' WENDELL MITCHELL,,,,,,,,,,,,,,,,,,,,,,,,,,,,,,,,,,,,,,,,,,,,,,,,,,,,,,,,,,,,,,,,,,,,,,,,,,,,,,,,,,,,,,,,,,,,,,,,,,,,,,,,,,,,,,,,,,,,,,,,,,,,,,,,,,1998,2026,False
3484,senate,Myron Penn,D,2010,2010,1,LEGISCAN-3484,1.0,AL-2006-senate-28-D-MYRON-C-PENN,MYRON C. PENN,Myron Penn,D,SD-028,-0.02258924671211571,18.253968253968253,22.0,3886.0,0.005661348430262481,-1.6714756153497598e-09,-0.022589245040640096,MYRON PENN,PENN,,,,,,,,,-1.0,,,,,,,,,,,,,,,,,,,,,,,,,,,,,,,,,,,,,,,,,,,,,,,,,,1.0,,,,,,,,,,,,,,,,,,,,,,,,,,,,,,,,,,,,,,,,,,1.0,0.0,0.0,0.0,0.0,0.0,0.0,0.0,0.0,0.0,0.0,0.0,0.0,0.0,0.0,0.0,0.0,1998,2026,True
3485,senate,George Keahey,D,2010,2014,5,LEGISCAN-3485,1.0,AL-2010-senate-22-D-MARC-KEAHEY,MARC KEAHEY,George Keahey,D,SD-022,-1.1844353609557638,8.73015873015873,615.0,3886.0,0.15826042202779209,-1.6714756153497598e-09,-1.1844353592842882,GEORGE KEAHEY,KEAHEY,,,,,-1.0,,,,0.0,,,,,,,1.0,,0.0,,1.0,1.0,,,,1.0,,,,,-1.0,-1.0,1.0,,,,,,-1.0,,0.3333333333333333,,,,,,,,,,,,,,,1.0,,,,2.0,,,,,,,2.0,,2.0,,1.0,1.0,,,,1.0,,,,,2.0,2.0,2.0,,,,,,1.0,,3.0,,,,,,,,,,,20.0,0.0,0.0,0.0,0.0,0.0,0.0,0.0,0.0,0.0,0.0,0.0,0.0,0.0,0.0,0.0,0.0,1998,2026,True
3486,senate,Tom Butler,R,2010,2026,9,LEGISCAN-3486,5.0,AL-2018-senate-2-R-TOM-BUTLER,Tom Butler,Tom Butler,R,SD-002,0.26027278329960374,75.39682539682539,621.0,3886.0,0.15980442614513637,0.19048932356371012,0.06978345973589362,TOM BUTLER,BUTLER,,-1.0,1.0,,1.0,,0.5,,0.75,1.0,,0.0,1.0,,1.0,,1.0,1.0,,,1.0,,-1.0,-1.0,1.0,1.0,1.0,-1.0,1.0,,1.0,1.0,,-1.0,,-1.0,1.0,0.0,0.0,-1.0,,,,1.0,,,-0.6,,-1.0,1.0,,1.0,1.0,,1.0,,4.0,,8.0,2.0,,2.0,1.0,,3.0,,2.0,2.0,,,2.0,,2.0,2.0,1.0,2.0,1.0,1.0,1.0,,1.0,1.0,,1.0,,1.0,1.0,2.0,2.0,1.0,,,,2.0,,,5.0,,1.0,1.0,58.0,0.0,0.0,0.0,0.0,0.0,0.0,0.0,0.0,0.0,0.0,0.0,0.0,0.0,0.0,0.0,0.0,1998,2026,True
3487,senate,Phil Poole,D,2010,2010,1,LEGISCAN-3487,5.0,AL-2014-senate-21-D-PHIL-POOLE,Phil Poole,Phil Poole,D,SD-021,-0.010142405563274665,20.634920634920633,35.0,3886.0,0.009006690684508493,-1.6714756153497598e-09,-0.010142403891799049,PHIL POOLE,POOLE,,,,,,,,,-1.0,,,,,,,,,,,,,,,,,,,,,,,,,,,,,,,,,,,,,,,,,,,,,,,,,,1.0,,,,,,,,,,,,,,,,,,,,,,,,,,,,,,,,,,,,,,,,,,1.0,0.0,0.0,0.0,0.0,0.0,0.0,0.0,0.0,0.0,0.0,0.0,0.0,0.0,0.0,0.0,0.0,1998,2026,True
3488,senate,Larry Dixon,R,2010,2010,1,LEGISCAN-3488,3.0,AL-2006-senate-25-R-LARRY-DIXON,LARRY DIXON,Larry Dixon,R,SD-025,0.03191759836065,61.904761904761905,37.0,3886.0,0.009521358723623263,0.19048932356371012,-0.15857172520306012,LARRY DIXON,DIXON,,,,,,,,,1.0,,,,,,,,,,,,,,,,,,,,,,,,,,,,,,,,,,,,,,,,,,,,,,,,,,1.0,,,,,,,,,,,,,,,,,,,,,,,,,,,,,,,,,,,,,,,,,,1.0,0.0,0.0,0.0,0.0,0.0,0.0,0.0,0.0,0.0,0.0,0.0,0.0,0.0,0.0,0.0,0.0,1998,2026,True
3489,senate,Scott Beason,R,2010,2014,5,LEGISCAN-3489,2.0,AL-2010-senate-17-R-SCOTT-BEASON,SCOTT BEASON,Scott Beason,R,SD-017,0.94205829897532,85.71428571428571,710.0,3886.0,0.18270715388574368,0.19048932356371012,0.7515689754116099,SCOTT BEASON,BEASON,,,,1.0,1.0,,,,1.0,,,,,,,0.0,,0.0,,-1.0,,,,,1.0,1.0,,,,0.0,0.0,0.0,,,,,,-1.0,,0.3333333333333333,,,,,,,,,,,,,,1.0,2.0,,,,1.0,,,,,,,2.0,,2.0,,1.0,,,,,1.0,1.0,,,,2.0,2.0,2.0,,,,,,1.0,,3.0,,,,,,,,,,,21.0,0.0,0.0,0.0,0.0,0.0,0.0,0.0,0.0,0.0,0.0,0.0,0.0,0.0,0.0,0.0,0.0,1998,2026,True
3490,senate,Vivian Figures,D,2010,2026,17,LEGISCAN-3490,5.0,AL-2022-senate-33-D-GSU33DFIG,Vivian Davis Figures,Vivian Figures,D,SD-033,-3.5222648981862945,2.380952380952381,1804.0,3886.0,0.4642305712815234,-1.6714756153497598e-09,-3.522264896514819,VIVIAN FIGURES,FIGURES,,,,1.0,1.0,,0.0,-1.0,-0.2727272727272727,,,-1.0,0.0,,-0.3333333333333333,0.0,,-0.75,,1.0,0.0,,1.0,1.0,0.3333333333333333,-1.0,,0.0,1.0,0.0,-0.3333333333333333,-0.3333333333333333,-1.0,1.0,,1.0,,0.3333333333333333,0.0,0.0,,-0.3333333333333333,,-1.0,,,0.14285714285714285,1.0,1.0,1.0,,,,1.0,2.0,,2.0,2.0,11.0,,,2.0,2.0,,3.0,2.0,,8.0,,2.0,4.0,,2.0,2.0,3.0,3.0,,2.0,1.0,2.0,3.0,3.0,2.0,1.0,,1.0,,3.0,2.0,6.0,,6.0,,2.0,,,7.0,1.0,1.0,1.0,95.0,0.0,0.0,0.0,0.0,0.0,0.0,0.0,0.0,0.0,0.0,0.0,0.0,0.0,0.0,0.0,0.0,1998,2026,True
3491,senate,Jimmy Holley,R,2010,2022,13,LEGISCAN-3491,5.0,AL-2018-senate-31-R-JIMMY-W-HOLLEY,Jimmy W. Holley,Jimmy Holley,R,SD-031,1.288589348497885,93.65079365079364,1814.0,3886.0,0.46680391147709727,0.19048932356371012,1.0981000249341748,JIMMY HOLLEY,HOLLEY,,,,1.0,1.0,,1.0,1.0,1.0,,,1.0,-1.0,,,0.0,,0.3333333333333333,,0.0,1.0,,-1.0,,1.0,1.0,,0.0,,0.0,0.0,0.0,1.0,,,,,-1.0,,0.3333333333333333,,0.5,,,,,-0.3333333333333333,-1.0,,,,,,1.0,2.0,,1.0,2.0,5.0,,,1.0,1.0,,,2.0,,6.0,,2.0,2.0,,1.0,,3.0,3.0,,2.0,,2.0,2.0,2.0,2.0,,,,,1.0,,6.0,,4.0,,,,,3.0,1.0,,,57.0,0.0,0.0,0.0,0.0,0.0,0.0,0.0,0.0,0.0,0.0,0.0,0.0,0.0,0.0,0.0,0.0,1998,2026,True
3492,senate,Charles Bishop,R,2010,2010,1,LEGISCAN-3492,1.0,AL-2006-senate-5-R-CHARLES-BISHOP,CHARLES BISHOP,,,,,,,,,,,,,,,,,,,,,,,,,,,,,,,,,,,,,,,,,,,,,,,,,,,,,,,,,,,,,,,,,,,,,,,,,,,,,,,,,,,,,,,,,,,,,,,,,,,,,,,,,,,,,,,,,,,,,,,,,,,,,,,,,,1998,2026,False
3493,senate,Harri Smith,I,2010,2018,9,LEGISCAN-3493,2.0,AL-2006-senate-29-R-HARRI-ANNE-SMITH,HARRI ANNE SMITH,Harri Smith,I,SD-029,-0.06527559638495488,14.285714285714285,1160.0,3886.0,0.29850746268656714,-0.06527559638495488,0.0,HARRI SMITH,SMITH,,,,-1.0,-1.0,,,1.0,0.6,,,,,,,1.0,,-0.5,,1.0,1.0,,,,1.0,1.0,,1.0,,,,,0.0,,,,,,,-0.2,,0.2,,,,,-0.3333333333333333,-1.0,,,,,,1.0,2.0,,,1.0,5.0,,,,,,,1.0,,4.0,,1.0,1.0,,,,3.0,1.0,,1.0,,,,,2.0,,,,,,,5.0,,5.0,,,,,3.0,1.0,,,37.0,0.0,0.0,0.0,0.0,0.0,0.0,0.0,0.0,0.0,0.0,0.0,0.0,0.0,0.0,0.0,0.0,1998,2026,True
3494,senate,Jim Preuitt,D,2010,2010,1,LEGISCAN-3494,2.0,AL-2006-senate-11-D-JIM-PREUITT,JIM PREUITT,Jim Preuitt,D,SD-011,-0.007763046492335587,21.428571428571427,32.0,3886.0,0.008234688625836336,-1.6714756153497598e-09,-0.007763044820859972,JIM PREUITT,PREUITT,,,,,,,,,1.0,,,,,,,,,,,,,,,,,,,,,,,,,,,,,,,,,,,,,,,,,,,,,,,,,,1.0,,,,,,,,,,,,,,,,,,,,,,,,,,,,,,,,,,,,,,,,,,1.0,0.0,0.0,0.0,0.0,0.0,0.0,0.0,0.0,0.0,0.0,0.0,0.0,0.0,0.0,0.0,0.0,1998,2026,True
12485,house,Kerry Rich,R,2010,2022,13,LEGISCAN-12485,3.0,AL-2018-house-26-R-KERRY-RICH,Kerry Rich,Kerry Rich,R,HD-026,1.5665366358719524,97.92147806004618,2160.0,6671.0,0.3237895368010793,0.2539426591653773,1.312593976706575,KERRY RICH,RICH,-1.0,,1.0,1.0,1.0,,0.0,1.0,0.6,,,-1.0,,1.0,-1.0,-0.3333333333333333,1.0,1.0,,,1.0,,,-1.0,0.5,1.0,,1.0,,-1.0,-1.0,1.0,-1.0,,,,,0.0,,0.0,1.0,1.0,,,1.0,1.0,0.25,,0.0,,5.0,,2.0,1.0,1.0,,6.0,1.0,5.0,,,1.0,,1.0,1.0,3.0,1.0,6.0,,,1.0,,,1.0,4.0,3.0,,1.0,,2.0,1.0,2.0,3.0,,,,,4.0,,2.0,2.0,3.0,,,1.0,1.0,8.0,,2.0,,75.0,0.0,0.0,0.0,0.0,0.0,0.0,0.0,0.0,0.0,0.0,0.0,0.0,0.0,0.0,0.0,0.0,1998,2026,True
12486,house,Terri Collins,R,2010,2026,17,LEGISCAN-12486,4.0,AL-2022-house-8-R-GSL008RCOL,Terri Collins,Terri Collins,R,HD-008,1.7837875941927122,99.53810623556582,2807.0,6671.0,0.42077649527806926,0.2539426591653773,1.5298449350273349,TERRI COLLINS,COLLINS,-1.0,-1.0,0.2,1.0,1.0,1.0,-0.5,1.0,0.7647058823529411,,-1.0,-1.0,0.0,0.0,-1.0,0.2,1.0,1.0,1.0,-1.0,1.0,-1.0,0.0,0.6,0.5,0.6,0.0,0.0,1.0,-1.0,-1.0,1.0,-1.0,,0.5,-1.0,1.0,0.3333333333333333,1.0,0.0,1.0,0.6666666666666666,,1.0,1.0,0.3333333333333333,-0.17647058823529413,,-0.3333333333333333,1.0,5.0,1.0,5.0,1.0,1.0,1.0,16.0,1.0,17.0,,1.0,1.0,4.0,2.0,2.0,5.0,4.0,11.0,4.0,1.0,7.0,1.0,2.0,5.0,4.0,5.0,2.0,2.0,1.0,2.0,1.0,3.0,5.0,,4.0,2.0,1.0,15.0,3.0,2.0,2.0,6.0,,3.0,2.0,3.0,17.0,,6.0,3.0,192.0,0.0,0.0,0.0,0.0,0.0,0.0,0.0,0.0,0.0,0.0,0.0,0.0,0.0,0.0,0.0,0.0,1998,2026,True
12487,house,William Roberts,R,2010,2014,5,LEGISCAN-12487,1.0,AL-2010-house-13-R-BILL-ROBERTS,BILL ROBERTS,William Roberts,R,HD-013,0.7455201200404908,83.60277136258661,811.0,6671.0,0.12157097886373856,0.2539426591653773,0.49157746087511356,WILLIAM ROBERTS,ROBERTS,-1.0,,,1.0,1.0,,,,1.0,,,,,,-1.0,-1.0,,1.0,,,,,,,1.0,1.0,,,,-1.0,-1.0,1.0,,,,,,0.0,,0.0,1.0,,,,,,0.6,,-1.0,,4.0,,,1.0,1.0,,,,3.0,,,,,,1.0,2.0,,5.0,,,,,,,2.0,1.0,,,,2.0,1.0,2.0,,,,,,2.0,,2.0,2.0,,,,,,5.0,,1.0,,37.0,0.0,0.0,0.0,0.0,0.0,0.0,0.0,0.0,0.0,0.0,0.0,0.0,0.0,0.0,0.0,0.0,1998,2026,True
12488,house,Lynn Greer,R,2010,2022,13,LEGISCAN-12488,3.0,AL-2018-house-2-R-LYNN-GREER,Bayless Lynn Greer,Lynn Greer,R,HD-002,1.5853292571673183,98.38337182448036,2117.0,6671.0,0.31734372657772447,0.2539426591653773,1.331386598001941,LYNN GREER,GREER,-0.6,,1.0,1.0,1.0,,0.2,1.0,0.3333333333333333,,,-1.0,,,-1.0,-0.3333333333333333,1.0,1.0,,,1.0,,,-1.0,0.5,1.0,-1.0,1.0,,-1.0,-1.0,1.0,-1.0,,,,,0.5,,0.0,1.0,1.0,,,1.0,1.0,0.14285714285714285,,0.0,,5.0,,1.0,1.0,1.0,,5.0,1.0,6.0,,,1.0,,,1.0,3.0,1.0,6.0,,,1.0,,,1.0,4.0,3.0,1.0,1.0,,2.0,1.0,2.0,1.0,,,,,4.0,,2.0,2.0,2.0,,,1.0,1.0,7.0,,2.0,,70.0,0.0,0.0,0.0,0.0,0.0,0.0,0.0,0.0,0.0,0.0,0.0,0.0,0.0,0.0,0.0,0.0,1998,2026,True
12489,house,Dan Williams,R,2010,2015,6,LEGISCAN-12489,2.0,AL-2014-house-5-R-DAN-WILLIAMS,Dan Williams,Dan Williams,R,HD-005,0.8799299300302783,87.99076212471132,834.0,6671.0,0.12501873782041673,0.2539426591653773,0.625987270864901,DAN WILLIAMS,WILLIAMS,-1.0,,,1.0,1.0,,,,1.0,,,,,,-1.0,-1.0,,1.0,,,,,,,1.0,1.0,,,,-1.0,-1.0,1.0,,,,,,0.0,,0.0,1.0,,,,,,0.2,,-1.0,,3.0,,,1.0,1.0,,,,3.0,,,,,,1.0,2.0,,5.0,,,,,,,2.0,1.0,,,,2.0,1.0,2.0,,,,,,2.0,,2.0,2.0,,,,,,5.0,,1.0,,36.0,0.0,0.0,0.0,0.0,0.0,0.0,0.0,0.0,0.0,0.0,0.0,0.0,0.0,0.0,0.0,0.0,1998,2026,True
12490,house,Paul Lee,R,2010,2026,17,LEGISCAN-12490,4.0,AL-2022-house-86-R-GSL086RLEE,Paul Lee,Paul Lee,R,HD-086,1.913298925801289,100.0,2867.0,6671.0,0.42977064907809925,0.2539426591653773,1.6593562666359116,PAUL LEE,LEE,-1.0,-1.0,0.2,1.0,1.0,1.0,-0.5294117647058824,1.0,0.75,,-1.0,-1.0,0.0,0.0,-1.0,0.2,1.0,0.8333333333333334,0.5,-1.0,1.0,-1.0,1.0,0.6,0.5,0.6,0.0,0.0,1.0,-1.0,-1.0,1.0,-1.0,,0.5,-1.0,1.0,0.25,1.0,0.0,1.0,1.0,,1.0,1.0,1.0,-0.17647058823529413,,-0.6666666666666666,1.0,5.0,1.0,5.0,1.0,1.0,1.0,17.0,1.0,16.0,,1.0,1.0,4.0,2.0,2.0,5.0,5.0,12.0,4.0,1.0,7.0,1.0,1.0,5.0,4.0,5.0,2.0,2.0,1.0,2.0,1.0,3.0,5.0,,4.0,2.0,1.0,16.0,3.0,2.0,2.0,6.0,,4.0,2.0,4.0,17.0,,6.0,3.0,196.0,0.0,0.0,0.0,0.0,0.0,0.0,0.0,0.0,0.0,0.0,0.0,0.0,0.0,0.0,0.0,0.0,1998,2026,True
12492,senate,Greg Reed,R,2010,2024,15,LEGISCAN-12492,3.0,AL-2018-senate-5-R-GREG-J-REED,Greg J. Reed,Greg Reed,R,SD-005,1.3240815274853137,95.23809523809523,1901.0,3886.0,0.4891919711785898,0.19048932356371012,1.1335922039216035,GREG REED,REED,,,1.0,1.0,1.0,,1.0,1.0,0.3333333333333333,,,0.0,0.0,,0.3333333333333333,0.0,,0.7142857142857143,,0.0,1.0,,-1.0,1.0,1.0,1.0,,0.0,,0.0,-0.3333333333333333,0.0,1.0,-1.0,,-1.0,,1.0,1.0,0.7142857142857143,,0.6666666666666666,,,,,-0.25,-1.0,-1.0,,,,1.0,1.0,3.0,,2.0,2.0,6.0,,,2.0,2.0,,3.0,2.0,,7.0,,2.0,3.0,,1.0,3.0,3.0,3.0,,2.0,,2.0,3.0,2.0,2.0,1.0,,1.0,,1.0,1.0,7.0,,6.0,,,,,8.0,1.0,1.0,,84.0,0.0,0.0,0.0,0.0,0.0,0.0,0.0,0.0,0.0,0.0,0.0,0.0,0.0,0.0,0.0,0.0,1998,2026,True
12493,senate,Shadrack McGill,R,2010,2014,5,LEGISCAN-12493,1.0,AL-2010-senate-8-R-SHADRACK-MCGILL,SHADRACK McGILL,Shadrack McGill,R,SD-008,1.0441398474568346,88.09523809523809,915.0,3886.0,0.2354606278950077,0.19048932356371012,0.8536505238931245,SHADRACK MCGILL,MCGILL,,,,1.0,1.0,,,,1.0,,,,,,,0.0,,0.3333333333333333,,-1.0,1.0,,,,-1.0,1.0,,,,0.0,0.0,0.0,,,,,,,,-0.3333333333333333,,,,,,,,,,,,,,1.0,2.0,,,,2.0,,,,,,,2.0,,3.0,,1.0,1.0,,,,1.0,1.0,,,,2.0,2.0,2.0,,,,,,,,3.0,,,,,,,,,,,23.0,0.0,0.0,0.0,0.0,0.0,0.0,0.0,0.0,0.0,0.0,0.0,0.0,0.0,0.0,0.0,0.0,1998,2026,True
12495,senate,Dick Brewbaker,R,2010,2018,9,LEGISCAN-12495,2.0,AL-2014-senate-25-R-DICK-L-BREWBAKER,Dick L. Brewbaker,Dick Brewbaker,R,SD-025,0.9737492839518744,86.5079365079365,1180.0,3886.0,0.3036541430777149,0.19048932356371012,0.7832599603881643,DICK BREWBAKER,BREWBAKER,,,,-1.0,0.0,,,1.0,1.0,,,,,,,0.0,,0.6666666666666666,,-1.0,1.0,,,,1.0,1.0,,1.0,,0.0,0.0,0.0,1.0,,,,,-1.0,,0.6,,0.6,,,,,-1.0,-1.0,,,,,,1.0,2.0,,,1.0,2.0,,,,,,,2.0,,6.0,,1.0,2.0,,,,3.0,1.0,,1.0,,2.0,2.0,2.0,2.0,,,,,1.0,,5.0,,5.0,,,,,3.0,1.0,,,45.0,0.0,0.0,0.0,0.0,0.0,0.0,0.0,0.0,0.0,0.0,0.0,0.0,0.0,0.0,0.0,0.0,1998,2026,True
12496,senate,Paul Bussman,R,2010,2018,9,LEGISCAN-12496,2.0,AL-2014-senate-4-R-PAUL-BUSSMAN,Paul Bussman,Paul Bussman,R,SD-004,1.2151539685336439,92.06349206349206,1453.0,3886.0,0.3739063304168811,0.19048932356371012,1.0246646449699337,PAUL BUSSMAN,BUSSMAN,,,,-1.0,0.0,,,1.0,0.3333333333333333,,,,1.0,,,0.0,,0.3333333333333333,,-1.0,1.0,,,,1.0,1.0,,1.0,,0.0,0.0,0.0,1.0,,,,,1.0,,-0.2,,0.6,,,,,-0.3333333333333333,-1.0,,,,,,1.0,2.0,,,2.0,3.0,,,,1.0,,,2.0,,6.0,,1.0,2.0,,,,3.0,1.0,,1.0,,2.0,2.0,2.0,2.0,,,,,1.0,,5.0,,5.0,,,,,3.0,1.0,,,48.0,0.0,0.0,0.0,0.0,0.0,0.0,0.0,0.0,0.0,0.0,0.0,0.0,0.0,0.0,0.0,0.0,1998,2026,True
12497,senate,Bill Holtzclaw,R,2010,2018,9,LEGISCAN-12497,2.0,AL-2014-senate-2-R-BILL-HOLTZCLAW,Bill Holtzclaw,Bill Holtzclaw,R,SD-002,1.1709015953163002,91.26984126984127,1390.0,3886.0,0.3576942871847658,0.19048932356371012,0.98041227175259,BILL HOLTZCLAW,HOLTZCLAW,,,,1.0,1.0,,,1.0,0.3333333333333333,,,,-1.0,,,0.0,,0.3333333333333333,,-1.0,1.0,,,,1.0,1.0,,1.0,,0.0,0.0,0.0,0.0,,,,,-1.0,,0.5,,0.3333333333333333,,,,,-0.3333333333333333,-1.0,,,,,,1.0,2.0,,,2.0,3.0,,,,1.0,,,2.0,,6.0,,1.0,2.0,,,,3.0,1.0,,1.0,,2.0,2.0,2.0,2.0,,,,,1.0,,4.0,,3.0,,,,,3.0,1.0,,,45.0,0.0,0.0,0.0,0.0,0.0,0.0,0.0,0.0,0.0,0.0,0.0,0.0,0.0,0.0,0.0,0.0,1998,2026,True
12498,senate,Phillip Williams,R,2010,2018,9,LEGISCAN-12498,2.0,AL-2014-senate-10-R-PHIL-WILLIAMS,Phil Williams,Phillip Williams,R,SD-010,1.3679637226284191,97.61904761904762,1447.0,3886.0,0.3723623262995368,0.19048932356371012,1.177474399064709,PHILLIP WILLIAMS,WILLIAMS,,,,1.0,1.0,,,1.0,0.5,,,,-1.0,,,0.0,,0.6,,-1.0,1.0,,,,1.0,1.0,,1.0,,0.0,0.0,0.0,1.0,,,,,-1.0,,0.5,,0.6,,,,,-1.0,-1.0,,,,,,1.0,2.0,,,2.0,4.0,,,,1.0,,,2.0,,5.0,,1.0,2.0,,,,3.0,1.0,,1.0,,2.0,2.0,2.0,2.0,,,,,1.0,,4.0,,5.0,,,,,3.0,1.0,,,47.0,0.0,0.0,0.0,0.0,0.0,0.0,0.0,0.0,0.0,0.0,0.0,0.0,0.0,0.0,0.0,0.0,1998,2026,True
12499,senate,Clay Scofield,R,2010,2023,14,LEGISCAN-12499,3.0,AL-2018-senate-9-R-CLAY-SCOFIELD,Clay Scofield,Clay Scofield,R,SD-009,1.3268428615403733,96.03174603174604,1650.0,3886.0,0.42460113226968604,0.19048932356371012,1.1363535379766632,CLAY SCOFIELD,SCOFIELD,,,,1.0,1.0,,1.0,1.0,0.3333333333333333,,,0.0,0.0,,1.0,-1.0,,0.42857142857142855,,0.0,1.0,,-1.0,,1.0,1.0,,0.0,,0.0,0.0,0.0,1.0,,,-1.0,,1.0,,0.42857142857142855,,1.0,,,,,-0.2,-1.0,,,,,,1.0,2.0,,1.0,2.0,6.0,,,2.0,2.0,,2.0,1.0,,7.0,,2.0,2.0,,1.0,,3.0,3.0,,2.0,,2.0,2.0,2.0,2.0,,,1.0,,2.0,,7.0,,6.0,,,,,5.0,1.0,,,69.0,0.0,0.0,0.0,0.0,0.0,0.0,0.0,0.0,0.0,0.0,0.0,0.0,0.0,0.0,0.0,0.0,1998,2026,True
12500,house,April Weaver,R,2010,2023,12,LEGISCAN-12500,3.0,AL-2018-house-49-R-APRIL-WEAVER,April Weaver,April Weaver,R,SD-014,1.3253431755174496,94.68822170900692,1751.0,6671.0,0.2624793883975416,0.2539426591653773,1.0714005163520723,APRIL WEAVER,WEAVER,-0.6,,1.0,1.0,1.0,,1.0,1.0,1.0,,,1.0,,1.0,-1.0,-0.3333333333333333,,1.0,,,,,,-1.0,1.0,1.0,-1.0,1.0,,-1.0,-1.0,1.0,,,,,,0.0,,0.0,1.0,1.0,,,1.0,,0.0,,0.0,,5.0,,1.0,1.0,1.0,,2.0,1.0,4.0,,,1.0,,1.0,1.0,3.0,,6.0,,,,,,1.0,2.0,1.0,1.0,1.0,,2.0,1.0,2.0,,,,,,4.0,,2.0,2.0,2.0,,,1.0,,8.0,,2.0,,59.0,0.0,0.0,0.0,0.0,0.0,0.0,0.0,0.0,0.0,0.0,0.0,0.0,0.0,0.0,0.0,0.0,1998,2026,True
12500,senate,April Weaver,R,2021,2026,5,LEGISCAN-12500,,,,April Weaver,R,SD-014,0.1868317733085649,71.42857142857143,387.0,3886.0,0.09958826556870819,0.19048932356371012,-0.00365755025514522,APRIL WEAVER,WEAVER,,-1.0,1.0,,1.0,,0.0,,0.42857142857142855,1.0,,,-1.0,,1.0,,1.0,1.0,,,1.0,,-1.0,-0.3333333333333333,,1.0,1.0,,,,1.0,1.0,,-1.0,,-1.0,1.0,1.0,1.0,,,,,1.0,,,0.5,,-1.0,1.0,,1.0,1.0,,1.0,,4.0,,7.0,2.0,,,1.0,,3.0,,2.0,2.0,,,1.0,,2.0,3.0,,2.0,1.0,,,,1.0,1.0,,1.0,,1.0,1.0,1.0,2.0,,,,,3.0,,,4.0,,1.0,1.0,50.0,0.0,0.0,0.0,0.0,0.0,0.0,0.0,0.0,0.0,0.0,0.0,0.0,0.0,0.0,0.0,0.0,1998,2026,True
12501,house,Barry Moore,R,2010,2018,9,LEGISCAN-12501,2.0,AL-2014-house-91-R-BARRY-MOORE,Barry Moore,Barry Moore,R,HD-091,1.3987091044202937,95.84295612009238,1506.0,6671.0,0.22575326038075252,0.2539426591653773,1.1447664452549164,BARRY MOORE,MOORE,-0.6,,1.0,1.0,1.0,,1.0,1.0,1.0,,,-1.0,,1.0,-1.0,-1.0,,1.0,,,,,,,0.3333333333333333,1.0,-1.0,1.0,,-1.0,-1.0,1.0,-1.0,,,,,0.0,,0.0,1.0,0.0,,,1.0,,0.25,,0.0,,5.0,,2.0,1.0,1.0,,1.0,1.0,4.0,,,1.0,,1.0,1.0,2.0,,6.0,,,,,,,3.0,1.0,1.0,1.0,,2.0,1.0,2.0,2.0,,,,,4.0,,2.0,2.0,2.0,,,1.0,,8.0,,2.0,,60.0,0.0,0.0,0.0,0.0,0.0,0.0,0.0,0.0,0.0,0.0,0.0,0.0,0.0,0.0,0.0,0.0,1998,2026,True
12502,house,Ed Henry,R,2010,2018,9,LEGISCAN-12502,2.0,AL-2014-house-9-R-ED-HENRY,Ed Henry,Ed Henry,R,HD-009,1.202433872544812,93.0715935334873,1376.0,6671.0,0.20626592714735423,0.2539426591653773,0.9484912133794348,ED HENRY,HENRY,-1.0,,1.0,1.0,1.0,,1.0,1.0,0.5,,,-1.0,,1.0,-1.0,-1.0,,1.0,,,,,,,0.3333333333333333,1.0,-1.0,1.0,,-1.0,-1.0,1.0,,,,,,0.3333333333333333,,0.0,1.0,-1.0,,,1.0,,0.14285714285714285,,0.0,,5.0,,2.0,1.0,1.0,,1.0,1.0,4.0,,,1.0,,1.0,1.0,2.0,,6.0,,,,,,,3.0,1.0,1.0,1.0,,2.0,1.0,2.0,,,,,,3.0,,2.0,2.0,1.0,,,1.0,,7.0,,2.0,,55.0,0.0,0.0,0.0,0.0,0.0,0.0,0.0,0.0,0.0,0.0,0.0,0.0,0.0,0.0,0.0,0.0,1998,2026,True
12503,house,Mike Hubbard,R,2010,2016,7,LEGISCAN-12503,4.0,AL-2014-house-79-R-MIKE-HUBBARD,Mike Hubbard,Mike Hubbard,R,HD-079,1.1914748291438897,92.8406466512702,1249.0,6671.0,0.18722830160395743,0.2539426591653773,0.9375321699785124,MIKE HUBBARD,HUBBARD,-0.5,,1.0,1.0,1.0,,,,1.0,,,-1.0,,1.0,-1.0,-1.0,,1.0,,,,,,,1.0,1.0,-1.0,,,-1.0,-1.0,1.0,,,,,,0.0,,0.0,1.0,1.0,,,,,0.0,,0.0,,4.0,,1.0,1.0,1.0,,,,4.0,,,1.0,,1.0,1.0,2.0,,6.0,,,,,,,2.0,1.0,1.0,,,2.0,1.0,2.0,,,,,,4.0,,2.0,2.0,1.0,,,,,8.0,,2.0,,50.0,0.0,0.0,0.0,0.0,0.0,0.0,0.0,0.0,0.0,0.0,0.0,0.0,0.0,0.0,0.0,0.0,1998,2026,True
12504,house,Wes Long,R,2010,2014,5,LEGISCAN-12504,1.0,AL-2010-house-27-R-WES-LONG,WES LONG,Wes Long,R,HD-027,0.7960229572241577,84.75750577367207,760.0,6671.0,0.11392594813371308,0.2539426591653773,0.5420802980587804,WES LONG,LONG,-1.0,,,1.0,1.0,,,,1.0,,,,,,-1.0,-1.0,,0.6,,,,,,,1.0,1.0,,,,-1.0,-1.0,1.0,,,,,,0.0,,0.0,1.0,,,,,,-1.0,,-1.0,,4.0,,,1.0,1.0,,,,3.0,,,,,,1.0,2.0,,5.0,,,,,,,2.0,1.0,,,,2.0,1.0,2.0,,,,,,2.0,,2.0,2.0,,,,,,3.0,,1.0,,35.0,0.0,0.0,0.0,0.0,0.0,0.0,0.0,0.0,0.0,0.0,0.0,0.0,0.0,0.0,0.0,0.0,1998,2026,True
12505,house,Richard Baughn,R,2010,2014,5,LEGISCAN-12505,1.0,AL-2010-house-14-R-RICHARD-BAUGHN,RICHARD BAUGHN,Richard Baughn,R,HD-014,0.8569586832952558,86.83602771362587,809.0,6671.0,0.1212711737370709,0.2539426591653773,0.6030160241298785,RICHARD BAUGHN,BAUGHN,-1.0,,,1.0,1.0,,,,1.0,,,,,,-1.0,-1.0,,1.0,,,,,,,1.0,1.0,,,,-1.0,-1.0,1.0,,,,,,0.0,,0.0,1.0,,,,,,-0.5,,-1.0,,4.0,,,1.0,1.0,,,,3.0,,,,,,1.0,2.0,,5.0,,,,,,,2.0,1.0,,,,2.0,1.0,2.0,,,,,,2.0,,2.0,2.0,,,,,,4.0,,1.0,,36.0,0.0,0.0,0.0,0.0,0.0,0.0,0.0,0.0,0.0,0.0,0.0,0.0,0.0,0.0,0.0,0.0,1998,2026,True
12506,house,Becky Nordgren,R,2010,2022,13,LEGISCAN-12506,4.0,AL-2018-house-29-R-BECKY-NORDGREN,Becky Nordgren,Becky Nordgren,R,HD-029,1.2501153135835101,93.30254041570439,1939.0,6671.0,0.2906610703043022,0.2539426591653773,0.9961726544181329,BECKY NORDGREN,NORDGREN,-1.0,,1.0,1.0,1.0,,0.5,1.0,1.0,,,-1.0,,1.0,-1.0,-0.3333333333333333,,1.0,,,1.0,,,-1.0,0.5,1.0,-1.0,1.0,,-1.0,-1.0,1.0,-0.3333333333333333,,,,,-0.3333333333333333,,0.0,1.0,1.0,,,1.0,,-0.42857142857142855,,0.0,,4.0,,2.0,1.0,1.0,,4.0,1.0,5.0,,,1.0,,1.0,1.0,3.0,,5.0,,,1.0,,,1.0,4.0,1.0,1.0,1.0,,2.0,1.0,2.0,3.0,,,,,3.0,,2.0,2.0,1.0,,,1.0,,7.0,,2.0,,64.0,0.0,0.0,0.0,0.0,0.0,0.0,0.0,0.0,0.0,0.0,0.0,0.0,0.0,0.0,0.0,0.0,1998,2026,True
12507,house,Mac Buttram,R,2010,2014,5,LEGISCAN-12507,1.0,AL-2010-house-12-R-MAC-BUTTRAM,MAC BUTTRAM,Mac Buttram,R,HD-012,0.8719056668782377,87.06697459584296,809.0,6671.0,0.1212711737370709,0.2539426591653773,0.6179630077128604,MAC BUTTRAM,BUTTRAM,-1.0,,,1.0,1.0,,,,0.3333333333333333,,,,,,-1.0,-1.0,,1.0,,,,,,,1.0,1.0,,,,-1.0,-1.0,1.0,,,,,,1.0,,0.0,1.0,,,,,,-0.6,,-1.0,,4.0,,,1.0,1.0,,,,3.0,,,,,,1.0,2.0,,5.0,,,,,,,2.0,1.0,,,,2.0,1.0,2.0,,,,,,2.0,,2.0,2.0,,,,,,5.0,,1.0,,37.0,0.0,0.0,0.0,0.0,0.0,0.0,0.0,0.0,0.0,0.0,0.0,0.0,0.0,0.0,0.0,0.0,1998,2026,True
12508,house,Kurt Wallace,R,2010,2014,5,LEGISCAN-12508,1.0,AL-2010-house-42-R-KURT-WALLACE,KURT WALLACE,Kurt Wallace,R,HD-042,0.8414672365691248,86.37413394919169,803.0,6671.0,0.12037175835706791,0.2539426591653773,0.5875245774037475,KURT WALLACE,WALLACE,-0.5,,,1.0,1.0,,,,1.0,,,,,,-1.0,-1.0,,1.0,,,,,,,1.0,1.0,,,,-1.0,-1.0,1.0,,,,,,0.0,,0.0,1.0,,,,,,0.2,,-1.0,,4.0,,,1.0,1.0,,,,3.0,,,,,,1.0,2.0,,4.0,,,,,,,2.0,1.0,,,,2.0,1.0,2.0,,,,,,2.0,,2.0,2.0,,,,,,5.0,,1.0,,36.0,0.0,0.0,0.0,0.0,0.0,0.0,0.0,0.0,0.0,0.0,0.0,0.0,0.0,0.0,0.0,0.0,1998,2026,True
12509,house,Donnie Chesteen,R,2010,2023,10,LEGISCAN-12509,2.0,AL-2014-house-87-R-DONNIE-CHESTEEN,Donnie Chesteen,Donnie Chesteen,R,SD-029,1.2856723257485303,93.76443418013857,1611.0,6671.0,0.24149302953080498,0.2539426591653773,1.031729666583153,DONNIE CHESTEEN,CHESTEEN,-1.0,,1.0,1.0,1.0,,-1.0,1.0,0.5,,,-1.0,,1.0,-1.0,0.0,,0.6666666666666666,,,,,,,0.3333333333333333,1.0,-1.0,1.0,,-1.0,-1.0,1.0,-1.0,,,,,0.0,,0.0,1.0,1.0,,,1.0,,0.0,,0.0,,4.0,,2.0,1.0,1.0,,1.0,1.0,4.0,,,1.0,,1.0,1.0,2.0,,6.0,,,,,,,3.0,1.0,1.0,1.0,,2.0,1.0,2.0,2.0,,,,,4.0,,2.0,2.0,2.0,,,1.0,,8.0,,2.0,,59.0,0.0,0.0,0.0,0.0,0.0,0.0,0.0,0.0,0.0,0.0,0.0,0.0,0.0,0.0,0.0,0.0,1998,2026,True
12509,senate,Donnie Chesteen,R,2019,2026,7,LEGISCAN-12509,2.0,AL-2022-senate-29-R-GSU29RCHE,Donnie Chesteen,Donnie Chesteen,R,SD-029,0.17444614620522295,70.63492063492063,601.0,3886.0,0.1546577457539887,0.19048932356371012,-0.016043177358487176,DONNIE CHESTEEN,CHESTEEN,,-1.0,1.0,,1.0,,0.2,,0.7142857142857143,1.0,,-1.0,1.0,,1.0,,1.0,1.0,,1.0,1.0,,-1.0,1.0,1.0,1.0,1.0,1.0,1.0,,1.0,1.0,,-1.0,,-1.0,1.0,1.0,1.0,1.0,,1.0,,1.0,,,0.2,,-1.0,1.0,,1.0,1.0,,1.0,,5.0,,7.0,2.0,,2.0,1.0,,3.0,,2.0,2.0,,1.0,2.0,,2.0,3.0,1.0,2.0,1.0,1.0,1.0,,1.0,1.0,,1.0,,1.0,1.0,3.0,2.0,2.0,,1.0,,3.0,,,5.0,,1.0,1.0,64.0,0.0,0.0,0.0,0.0,0.0,0.0,0.0,0.0,0.0,0.0,0.0,0.0,0.0,0.0,0.0,0.0,1998,2026,True
12511,house,John Merrill,R,2010,2014,5,LEGISCAN-12511,2.0,AL-2010-house-62-R-JOHN-MERRILL,JOHN MERRILL,John Merrill,R,HD-062,0.7266775494882353,83.14087759815243,798.0,6671.0,0.11962224554039874,0.2539426591653773,0.472734890322858,JOHN MERRILL,MERRILL,-0.5,,,1.0,1.0,,,,1.0,,,,,,-1.0,-1.0,,1.0,,,,,,,1.0,1.0,,,,-1.0,-1.0,1.0,,,,,,0.0,,1.0,0.0,,,,,,0.2,,-1.0,,4.0,,,1.0,1.0,,,,3.0,,,,,,1.0,1.0,,4.0,,,,,,,2.0,1.0,,,,2.0,1.0,2.0,,,,,,2.0,,2.0,2.0,,,,,,5.0,,1.0,,35.0,0.0,0.0,0.0,0.0,0.0,0.0,0.0,0.0,0.0,0.0,0.0,0.0,0.0,0.0,0.0,0.0,1998,2026,True
12512,house,Ken Johnson,R,2010,2018,9,LEGISCAN-12512,2.0,AL-2014-house-7-R-KEN-JOHNSON,Ken Johnson,Ken Johnson,R,HD-007,1.496582410504322,96.53579676674366,1560.0,6671.0,0.2338479988007795,0.2539426591653773,1.2426397513389447,KEN JOHNSON,JOHNSON,-1.0,,1.0,1.0,1.0,,1.0,1.0,1.0,,,-1.0,,1.0,-1.0,-1.0,,1.0,,,,,,,0.3333333333333333,1.0,,1.0,,-1.0,-1.0,1.0,-1.0,,,,,0.3333333333333333,,0.0,1.0,0.0,,,1.0,,0.25,,0.0,,5.0,,2.0,1.0,1.0,,1.0,1.0,4.0,,,1.0,,1.0,1.0,2.0,,5.0,,,,,,,3.0,1.0,,1.0,,2.0,1.0,2.0,2.0,,,,,3.0,,2.0,2.0,2.0,,,1.0,,8.0,,2.0,,57.0,0.0,0.0,0.0,0.0,0.0,0.0,0.0,0.0,0.0,0.0,0.0,0.0,0.0,0.0,0.0,0.0,1998,2026,True
12513,house,Jim Patterson,R,2010,2017,8,LEGISCAN-12513,2.0,AL-2014-house-21-R-JIM-PATTERSON,Jim Patterson Jr.,Jim Patterson,R,HD-021,1.295199059015503,93.99538106235565,1423.0,6671.0,0.21331134762404438,0.2539426591653773,1.0412563998501256,JIM PATTERSON,PATTERSON,-1.0,,1.0,1.0,1.0,,1.0,1.0,1.0,,,-1.0,,1.0,-1.0,-1.0,,1.0,,,,,,,1.0,1.0,-1.0,,,-1.0,-1.0,1.0,-1.0,,,,,0.5,,0.0,1.0,1.0,,,,,0.14285714285714285,,0.0,,5.0,,1.0,1.0,1.0,,1.0,1.0,4.0,,,1.0,,1.0,1.0,2.0,,6.0,,,,,,,2.0,1.0,1.0,,,2.0,1.0,2.0,2.0,,,,,4.0,,2.0,2.0,2.0,,,,,7.0,,2.0,,55.0,0.0,0.0,0.0,0.0,0.0,0.0,0.0,0.0,0.0,0.0,0.0,0.0,0.0,0.0,0.0,0.0,1998,2026,True
12515,senate,Gerald Dial,R,2010,2018,9,LEGISCAN-12515,3.0,AL-2014-senate-13-R-GERALD-DIAL,Gerald Dial,Gerald Dial,R,SD-013,1.0825541500672478,88.88888888888889,1376.0,3886.0,0.3540916109109624,0.19048932356371012,0.8920648265035376,GERALD DIAL,DIAL,,,,1.0,1.0,,,1.0,0.3333333333333333,,,,-1.0,,,0.0,,0.6666666666666666,,-1.0,1.0,,,,1.0,1.0,,1.0,,0.0,0.0,0.0,1.0,,,,,,,0.5,,1.0,,,,,-1.0,-1.0,,,,,,1.0,2.0,,,2.0,3.0,,,,1.0,,,2.0,,6.0,,1.0,1.0,,,,2.0,1.0,,1.0,,2.0,2.0,2.0,2.0,,,,,,,4.0,,5.0,,,,,3.0,1.0,,,44.0,0.0,0.0,0.0,0.0,0.0,0.0,0.0,0.0,0.0,0.0,0.0,0.0,0.0,0.0,0.0,0.0,1998,2026,True
12516,senate,Bryan Taylor,R,2010,2014,5,LEGISCAN-12516,1.0,AL-2010-senate-30-R-BRYAN-TAYLOR,BRYAN TAYLOR,Bryan Taylor,R,SD-030,1.0919857923117278,89.68253968253968,961.0,3886.0,0.24729799279464745,0.19048932356371012,0.9014964687480176,BRYAN TAYLOR,TAYLOR,,,,1.0,1.0,,,,1.0,,,,,,,0.0,,0.3333333333333333,,-1.0,1.0,,,,1.0,1.0,,,,-1.0,-1.0,1.0,,,,,,1.0,,0.3333333333333333,,,,,,,-1.0,,,,,,,1.0,2.0,,,,2.0,,,,,,,2.0,,3.0,,1.0,1.0,,,,1.0,1.0,,,,2.0,2.0,2.0,,,,,,1.0,,3.0,,,,,,,1.0,,,,25.0,0.0,0.0,0.0,0.0,0.0,0.0,0.0,0.0,0.0,0.0,0.0,0.0,0.0,0.0,0.0,0.0,1998,2026,True
12517,senate,Jerry Fielding,D,2010,2014,5,LEGISCAN-12517,1.0,AL-2010-senate-11-D-JERRY-L-FIELDING,JERRY L. FIELDING,Jerry Fielding,D,SD-011,-0.20401773241241108,11.904761904761903,1003.0,3886.0,0.25810602161605767,-1.6714756153497598e-09,-0.20401773074093546,JERRY FIELDING,FIELDING,,,,1.0,0.0,,,,0.0,,,,,,,0.0,,0.3333333333333333,,1.0,1.0,,,,1.0,1.0,,,,-1.0,-1.0,1.0,,,,,,-1.0,,0.3333333333333333,,,,,,,-1.0,,,,,,,1.0,2.0,,,,2.0,,,,,,,2.0,,3.0,,1.0,1.0,,,,1.0,1.0,,,,2.0,2.0,2.0,,,,,,1.0,,3.0,,,,,,,1.0,,,,25.0,0.0,0.0,0.0,0.0,0.0,0.0,0.0,0.0,0.0,0.0,0.0,0.0,0.0,0.0,0.0,0.0,1998,2026,True
12520,house,Wayne Johnson,R,2010,2014,5,LEGISCAN-12520,1.0,AL-2010-house-22-R-WAYNE-JOHNSON,WAYNE JOHNSON,Wayne Johnson,R,HD-022,0.8216456036897815,85.91224018475751,806.0,6671.0,0.1208214660470694,0.2539426591653773,0.5677029445244042,WAYNE JOHNSON,JOHNSON,-1.0,,,1.0,1.0,,,,1.0,,,,,,-1.0,-1.0,,1.0,,,,,,,1.0,1.0,,,,-1.0,-1.0,1.0,,,,,,0.0,,0.0,1.0,,,,,,-0.6,,-1.0,,3.0,,,1.0,1.0,,,,3.0,,,,,,1.0,2.0,,5.0,,,,,,,2.0,1.0,,,,2.0,1.0,2.0,,,,,,2.0,,2.0,2.0,,,,,,5.0,,1.0,,36.0,0.0,0.0,0.0,0.0,0.0,0.0,0.0,0.0,0.0,0.0,0.0,0.0,0.0,0.0,0.0,0.0,1998,2026,True
12521,senate,Thomas Whatley,R,2010,2022,13,LEGISCAN-12521,3.0,AL-2018-senate-27-R-TOM-WHATLEY,Tom Whatley,Thomas Whatley,R,SD-027,1.0260135587747015,87.3015873015873,1494.0,3886.0,0.3844570252187339,0.19048932356371012,0.8355242352109913,THOMAS WHATLEY,WHATLEY,,,,1.0,1.0,,,1.0,1.0,,,-1.0,-1.0,,,0.0,,0.5,,0.0,1.0,,-1.0,,1.0,1.0,,1.0,,0.0,0.0,0.0,1.0,,,,,,,0.6,,0.6666666666666666,,,,,-1.0,,,,,,,1.0,2.0,,,2.0,1.0,,,1.0,1.0,,,2.0,,4.0,,2.0,1.0,,1.0,,1.0,2.0,,1.0,,2.0,2.0,2.0,2.0,,,,,,,5.0,,6.0,,,,,3.0,,,,44.0,0.0,0.0,0.0,0.0,0.0,0.0,0.0,0.0,0.0,0.0,0.0,0.0,0.0,0.0,0.0,0.0,1998,2026,True
12523,house,Daniel Boman,R,2010,2014,5,LEGISCAN-12523,2.0,AL-2014-house-16-D-DANIEL-H-BOMAN,Daniel H. Boman,Daniel Boman,R,HD-016,-0.7317429786809314,11.085450346420323,595.0,6671.0,0.08919202518363065,0.2539426591653773,-0.9856856378463087,DANIEL BOMAN,BOMAN,-1.0,,,1.0,1.0,,,,1.0,,,,,,1.0,,,-1.0,,,,,,,1.0,-1.0,,,,1.0,,-1.0,,,,,,0.0,,1.0,0.0,,,,,,-0.2,,1.0,,2.0,,,1.0,1.0,,,,2.0,,,,,,1.0,,,1.0,,,,,,,2.0,1.0,,,,1.0,,1.0,,,,,,2.0,,1.0,2.0,,,,,,5.0,,1.0,,24.0,0.0,0.0,0.0,0.0,0.0,0.0,0.0,0.0,0.0,0.0,0.0,0.0,0.0,0.0,0.0,0.0,1998,2026,True
12525,house,Mike Jones,R,2010,2022,13,LEGISCAN-12525,3.0,AL-2018-house-92-R-MIKE-JONES-JR,"Mike Jones, Jr.",Mike Jones,R,HD-092,1.5572551266801682,97.6905311778291,2121.0,6671.0,0.3179433368310598,0.2539426591653773,1.303312467514791,MIKE JONES,JONES,-1.0,,1.0,1.0,1.0,,0.3333333333333333,-1.0,0.6666666666666666,,,1.0,,1.0,-1.0,0.3333333333333333,1.0,-0.3333333333333333,,,1.0,,,1.0,0.5,1.0,-1.0,,,-1.0,-1.0,1.0,-0.3333333333333333,,,,,0.2,,0.0,0.0,0.0,,,1.0,1.0,-0.2,,0.0,,5.0,,2.0,1.0,1.0,,6.0,1.0,6.0,,,1.0,,1.0,1.0,3.0,1.0,6.0,,,1.0,,,1.0,4.0,3.0,1.0,,,2.0,1.0,2.0,3.0,,,,,5.0,,2.0,2.0,2.0,,,1.0,1.0,5.0,,2.0,,73.0,0.0,0.0,0.0,0.0,0.0,0.0,0.0,0.0,0.0,0.0,0.0,0.0,0.0,0.0,0.0,0.0,1998,2026,True
12526,house,Paul Beckman,R,2010,2018,9,LEGISCAN-12526,2.0,AL-2014-house-88-R-PAUL-BECKMAN,Paul Beckman,Paul Beckman,R,HD-088,1.047389031736216,90.5311778290993,1588.0,6671.0,0.2380452705741268,0.2539426591653773,0.7934463725708387,PAUL BECKMAN,BECKMAN,-0.6,,0.0,1.0,1.0,,-1.0,1.0,1.0,,,-1.0,,-1.0,-1.0,-1.0,,1.0,,,,,,,0.3333333333333333,1.0,-1.0,-1.0,,-1.0,-1.0,1.0,-1.0,,,,,0.0,,0.0,1.0,1.0,,,1.0,,0.0,,0.0,,5.0,,2.0,1.0,1.0,,1.0,1.0,4.0,,,1.0,,1.0,1.0,2.0,,6.0,,,,,,,3.0,1.0,1.0,1.0,,2.0,1.0,2.0,2.0,,,,,4.0,,2.0,2.0,2.0,,,1.0,,8.0,,2.0,,60.0,0.0,0.0,0.0,0.0,0.0,0.0,0.0,0.0,0.0,0.0,0.0,0.0,0.0,0.0,0.0,0.0,1998,2026,True
12530,house,William Poole,R,2010,2021,12,LEGISCAN-12530,3.0,AL-2018-house-63-R-BILL-POOLE,Bill Poole,William Poole,R,HD-063,1.3130741922297728,94.22632794457274,1843.0,6671.0,0.27627042422425424,0.2539426591653773,1.0591315330643956,WILLIAM POOLE,POOLE,-0.6,,1.0,1.0,1.0,,-0.5,,0.6,,,-1.0,,1.0,-1.0,-0.3333333333333333,,1.0,,,1.0,,,-1.0,0.5,1.0,-1.0,1.0,,-1.0,-1.0,1.0,-1.0,,,,,0.3333333333333333,,0.0,1.0,1.0,,,1.0,,0.25,,0.0,,5.0,,2.0,1.0,1.0,,4.0,,5.0,,,1.0,,1.0,1.0,3.0,,6.0,,,1.0,,,1.0,4.0,1.0,1.0,1.0,,2.0,1.0,2.0,3.0,,,,,3.0,,2.0,1.0,2.0,,,1.0,,8.0,,2.0,,66.0,0.0,0.0,0.0,0.0,0.0,0.0,0.0,0.0,0.0,0.0,0.0,0.0,0.0,0.0,0.0,0.0,1998,2026,True
12541,senate,Slade Blackwell,R,2010,2018,9,LEGISCAN-12541,2.0,AL-2014-senate-15-R-SLADE-BLACKWELL,Slade Blackwell,Slade Blackwell,R,SD-015,1.1502196923590526,90.47619047619048,1161.0,3886.0,0.29876479670612455,0.19048932356371012,0.9597303687953425,SLADE BLACKWELL,BLACKWELL,,,,1.0,1.0,,,1.0,1.0,,,,,,,0.0,,0.6,,-1.0,,,,,1.0,1.0,,1.0,,0.0,0.0,0.0,1.0,,,,,-1.0,,0.2,,1.0,,,,,-1.0,-1.0,,,,,,1.0,2.0,,,1.0,2.0,,,,,,,2.0,,5.0,,1.0,,,,,2.0,1.0,,1.0,,2.0,2.0,2.0,2.0,,,,,1.0,,5.0,,5.0,,,,,2.0,1.0,,,40.0,0.0,0.0,0.0,0.0,0.0,0.0,0.0,0.0,0.0,0.0,0.0,0.0,0.0,0.0,0.0,0.0,1998,2026,True
12542,house,Napoleon Bracy,D,2010,2026,17,LEGISCAN-12542,4.0,AL-2022-house-98-D-GSL098DBRA,"Napoleon Bracy, Jr.",Napoleon Bracy,D,HD-098,-4.346652646367723,0.4618937644341801,2513.0,6671.0,0.37670514165792235,-4.4602844971162574e-10,-4.3466526459216945,NAPOLEON BRACY,BRACY,1.0,1.0,0.6,,,,-0.06666666666666667,-1.0,-0.14285714285714285,,1.0,-1.0,1.0,0.0,0.0,1.0,-1.0,-0.6,1.0,1.0,-0.14285714285714285,1.0,0.0,0.6,0.5,-1.0,1.0,1.0,1.0,1.0,1.0,-1.0,-1.0,,-0.5,-1.0,,-0.16666666666666666,-0.3333333333333333,1.0,0.0,-0.3333333333333333,,1.0,1.0,0.3333333333333333,0.0,,1.0,-1.0,4.0,1.0,5.0,,,,15.0,1.0,14.0,,1.0,1.0,4.0,2.0,2.0,4.0,4.0,10.0,4.0,1.0,7.0,1.0,2.0,5.0,4.0,4.0,2.0,2.0,1.0,2.0,1.0,2.0,5.0,,4.0,1.0,,12.0,3.0,1.0,2.0,6.0,,2.0,2.0,3.0,16.0,,5.0,3.0,171.0,0.0,0.0,0.0,0.0,0.0,0.0,0.0,0.0,0.0,0.0,0.0,0.0,0.0,0.0,0.0,0.0,1998,2026,True
12543,house,Berry Forte,D,2010,2026,17,LEGISCAN-12543,4.0,AL-2022-house-84-D-GSL084DFOR,Berry Forte,Berry Forte,D,HD-084,-3.2236082345673247,3.0023094688221708,2510.0,6671.0,0.3762554339679208,-4.4602844971162574e-10,-3.223608234121296,BERRY FORTE,FORTE,0.3333333333333333,1.0,0.6,1.0,1.0,-1.0,0.0,-1.0,0.25,,,-1.0,1.0,0.0,0.0,1.0,-1.0,0.6,1.0,1.0,0.0,,-1.0,0.5,1.0,-0.6,0.0,1.0,1.0,1.0,1.0,-1.0,-1.0,,-0.5,-1.0,,0.3333333333333333,-0.3333333333333333,1.0,1.0,0.6,,-1.0,1.0,1.0,0.2,,1.0,0.0,3.0,1.0,5.0,1.0,1.0,1.0,14.0,1.0,16.0,,,1.0,4.0,2.0,2.0,3.0,4.0,10.0,3.0,1.0,6.0,,1.0,4.0,4.0,5.0,2.0,1.0,1.0,2.0,1.0,3.0,5.0,,4.0,1.0,,15.0,3.0,1.0,2.0,5.0,,3.0,2.0,3.0,15.0,,5.0,2.0,169.0,0.0,0.0,0.0,0.0,0.0,0.0,0.0,0.0,0.0,0.0,0.0,0.0,0.0,0.0,0.0,0.0,1998,2026,True
12544,house,David Colston,D,2010,2014,5,LEGISCAN-12544,1.0,AL-2010-house-69-D-DAVID-COLSTON,DAVID COLSTON,David Colston,D,HD-069,-1.5876437341755771,7.852193995381063,709.0,6671.0,0.1062809174036876,-4.4602844971162574e-10,-1.5876437337295486,DAVID COLSTON,COLSTON,0.3333333333333333,,,1.0,1.0,,,,0.0,,,,,,1.0,1.0,,-1.0,,,,,,,1.0,-1.0,,,,1.0,1.0,-1.0,,,,,,0.0,,0.0,1.0,,,,,,0.2,,1.0,,3.0,,,1.0,1.0,,,,2.0,,,,,,1.0,1.0,,3.0,,,,,,,1.0,1.0,,,,2.0,1.0,2.0,,,,,,2.0,,2.0,1.0,,,,,,5.0,,1.0,,30.0,0.0,0.0,0.0,0.0,0.0,0.0,0.0,0.0,0.0,0.0,0.0,0.0,0.0,0.0,0.0,0.0,1998,2026,True
12545,house,Mark Tuggle,R,2010,2018,9,LEGISCAN-12545,2.0,AL-2014-house-81-R-MARK-M-TUGGLE,Mark M. Tuggle,Mark Tuggle,R,HD-081,1.440232413772017,96.30484988452656,1592.0,6671.0,0.23864488082746216,0.2539426591653773,1.1862897546066398,MARK TUGGLE,TUGGLE,-0.6,,1.0,1.0,1.0,,-1.0,1.0,1.0,,,-1.0,,1.0,-1.0,-1.0,,1.0,,,,,,,0.3333333333333333,1.0,-1.0,1.0,,-1.0,-1.0,1.0,-1.0,,,,,0.0,,0.0,-1.0,1.0,,,-1.0,,0.25,,0.0,,5.0,,2.0,1.0,1.0,,1.0,1.0,4.0,,,1.0,,1.0,1.0,2.0,,6.0,,,,,,,3.0,1.0,1.0,1.0,,2.0,1.0,2.0,2.0,,,,,4.0,,2.0,2.0,2.0,,,1.0,,8.0,,2.0,,60.0,0.0,0.0,0.0,0.0,0.0,0.0,0.0,0.0,0.0,0.0,0.0,0.0,0.0,0.0,0.0,0.0,1998,2026,True
12546,house,Darrio Melton,D,2010,2016,7,LEGISCAN-12546,2.0,AL-2014-house-67-D-DARRIO-MELTON,Darrio Melton,Darrio Melton,D,HD-067,-2.552424347119054,4.387990762124711,1219.0,6671.0,0.18273122470394243,-4.4602844971162574e-10,-2.5524243466730256,DARRIO MELTON,MELTON,0.0,,-1.0,1.0,1.0,,1.0,,0.5,,,-1.0,,-1.0,1.0,1.0,,-1.0,,,,,,,0.0,-1.0,-1.0,,,1.0,1.0,-1.0,,,,,,0.0,,0.0,1.0,0.0,,,,,-0.3333333333333333,,1.0,,4.0,,1.0,1.0,1.0,,1.0,,4.0,,,1.0,,1.0,1.0,2.0,,4.0,,,,,,,2.0,1.0,1.0,,,2.0,1.0,2.0,,,,,,4.0,,2.0,2.0,2.0,,,,,6.0,,2.0,,48.0,0.0,0.0,0.0,0.0,0.0,0.0,0.0,0.0,0.0,0.0,0.0,0.0,0.0,0.0,0.0,0.0,1998,2026,True
12547,house,Greg Burdine,D,2010,2014,5,LEGISCAN-12547,2.0,AL-2014-house-1-D-GREG-BURDINE,Greg Burdine,Greg Burdine,D,HD-001,-1.2948730799344081,9.237875288683602,698.0,6671.0,0.10463198920701544,-4.4602844971162574e-10,-1.2948730794883796,GREG BURDINE,BURDINE,-1.0,,,1.0,1.0,,,,1.0,,,,,,1.0,1.0,,-0.2,,,,,,,0.0,1.0,,,,1.0,1.0,-1.0,,,,,,0.0,,0.0,1.0,,,,,,-0.2,,1.0,,4.0,,,1.0,1.0,,,,3.0,,,,,,1.0,2.0,,5.0,,,,,,,2.0,1.0,,,,2.0,1.0,2.0,,,,,,2.0,,2.0,2.0,,,,,,5.0,,1.0,,37.0,0.0,0.0,0.0,0.0,0.0,0.0,0.0,0.0,0.0,0.0,0.0,0.0,0.0,0.0,0.0,0.0,1998,2026,True
12548,house,Allen Farley,R,2010,2022,13,LEGISCAN-12548,3.0,AL-2018-house-15-R-ALLEN-FARLEY,Allen Farley,Allen Farley,R,HD-015,1.5392123924311254,97.45958429561202,2186.0,6671.0,0.327687003447759,0.2539426591653773,1.2852697332657481,ALLEN FARLEY,FARLEY,-1.0,,1.0,1.0,1.0,,0.42857142857142855,1.0,0.3333333333333333,,,1.0,,1.0,-1.0,-0.3333333333333333,1.0,1.0,,,1.0,,,1.0,1.0,0.0,-1.0,1.0,,-1.0,-1.0,1.0,-1.0,,,,,0.5,,0.0,1.0,0.3333333333333333,,,1.0,1.0,-0.25,,0.0,,4.0,,1.0,1.0,1.0,,7.0,1.0,6.0,,,1.0,,1.0,1.0,3.0,1.0,6.0,,,1.0,,,1.0,3.0,2.0,1.0,1.0,,2.0,1.0,2.0,1.0,,,,,4.0,,2.0,2.0,3.0,,,1.0,1.0,8.0,,2.0,,72.0,0.0,0.0,0.0,0.0,0.0,0.0,0.0,0.0,0.0,0.0,0.0,0.0,0.0,0.0,0.0,0.0,1998,2026,True
12549,house,Dexter Grimsley,D,2010,2022,13,LEGISCAN-12549,4.0,AL-2022-house-85-D-GSL085DGRI,Dexter Grimsley,Dexter Grimsley,D,HD-085,-3.456039387890271,2.3094688221709005,1949.0,6671.0,0.29216009593764053,-4.4602844971162574e-10,-3.4560393874442425,DEXTER GRIMSLEY,GRIMSLEY,1.0,,1.0,,,,-0.3333333333333333,-1.0,-0.2,,,-1.0,,1.0,1.0,1.0,-1.0,-1.0,,,-1.0,,,-1.0,1.0,-1.0,-1.0,1.0,,1.0,1.0,-1.0,-1.0,,,,,-0.2,,0.0,1.0,-0.3333333333333333,,,1.0,1.0,-0.42857142857142855,,0.0,,4.0,,1.0,,,,6.0,1.0,5.0,,,1.0,,1.0,1.0,3.0,1.0,4.0,,,1.0,,,1.0,1.0,3.0,1.0,1.0,,2.0,1.0,2.0,1.0,,,,,5.0,,2.0,2.0,3.0,,,1.0,1.0,7.0,,2.0,,65.0,0.0,0.0,0.0,0.0,0.0,0.0,0.0,0.0,0.0,0.0,0.0,0.0,0.0,0.0,0.0,0.0,1998,2026,True
12550,house,Juandalynn Givan,D,2010,2026,17,LEGISCAN-12550,4.0,AL-2022-house-60-D-GSL060DGIV,Juandalynn Givan,Juandalynn Givan,D,HD-060,-3.7237200201502776,1.1547344110854503,2363.0,6671.0,0.3542197571578474,-4.4602844971162574e-10,-3.723720019704249,JUANDALYNN GIVAN,GIVAN,0.0,1.0,1.0,1.0,1.0,1.0,-0.09090909090909091,,-0.6666666666666666,,1.0,-1.0,1.0,0.0,0.0,1.0,-0.6,0.0,0.3333333333333333,,-0.7142857142857143,1.0,0.0,0.6,-0.3333333333333333,-1.0,0.0,1.0,,1.0,1.0,-1.0,-1.0,,-0.5,-1.0,-1.0,0.0,-1.0,,1.0,-0.6,,1.0,0.0,0.0,0.0,,1.0,-1.0,4.0,1.0,4.0,1.0,1.0,1.0,11.0,,12.0,,1.0,1.0,3.0,2.0,2.0,2.0,5.0,8.0,3.0,,7.0,1.0,2.0,5.0,3.0,5.0,2.0,2.0,,2.0,1.0,2.0,3.0,,4.0,2.0,1.0,12.0,2.0,,1.0,5.0,,2.0,2.0,2.0,14.0,,5.0,3.0,152.0,0.0,0.0,0.0,0.0,0.0,0.0,0.0,0.0,0.0,0.0,0.0,0.0,0.0,0.0,0.0,0.0,1998,2026,True
13150,house,David Sessions,R,2011,2023,9,LEGISCAN-13150,1.0,AL-2014-house-105-R-DAVID-SESSIONS,David Sessions,David Sessions,R,SD-035,1.0066207524405468,89.60739030023095,1413.0,6671.0,0.21181232199070604,0.2539426591653773,0.7526780932751695,DAVID SESSIONS,SESSIONS,-1.0,,1.0,1.0,1.0,,1.0,1.0,1.0,,,-1.0,,1.0,-1.0,-1.0,,1.0,,,,,,,-1.0,1.0,-1.0,1.0,,-1.0,-1.0,1.0,-1.0,,,,,0.0,,1.0,0.0,1.0,,,1.0,,0.0,,0.0,,5.0,,2.0,1.0,1.0,,1.0,1.0,4.0,,,1.0,,1.0,1.0,2.0,,6.0,,,,,,,1.0,1.0,1.0,1.0,,2.0,1.0,2.0,2.0,,,,,4.0,,1.0,2.0,2.0,,,1.0,,8.0,,2.0,,57.0,0.0,0.0,0.0,0.0,0.0,0.0,0.0,0.0,0.0,0.0,0.0,0.0,0.0,0.0,0.0,0.0,1998,2026,True
13150,senate,David Sessions,R,2019,2026,7,LEGISCAN-13150,1.0,AL-2018-senate-35-R-DAVID-SESSIONS,David Sessions,David Sessions,R,SD-035,0.1437161345919659,68.25396825396825,550.0,3886.0,0.14153371075656201,0.19048932356371012,-0.046773188971744234,DAVID SESSIONS,SESSIONS,,-1.0,1.0,,1.0,,0.0,,0.7142857142857143,1.0,,-1.0,1.0,,0.0,,1.0,1.0,,1.0,1.0,,-1.0,1.0,,1.0,1.0,1.0,1.0,,-1.0,1.0,,-1.0,,-1.0,1.0,1.0,1.0,1.0,,1.0,,1.0,,,0.3333333333333333,,-1.0,1.0,,1.0,1.0,,1.0,,4.0,,7.0,2.0,,2.0,1.0,,2.0,,2.0,2.0,,1.0,1.0,,2.0,3.0,,1.0,1.0,1.0,1.0,,1.0,1.0,,1.0,,1.0,1.0,3.0,2.0,2.0,,1.0,,3.0,,,3.0,,1.0,1.0,57.0,0.0,0.0,0.0,0.0,0.0,0.0,0.0,0.0,0.0,0.0,0.0,0.0,0.0,0.0,0.0,0.0,1998,2026,True
13766,house,Jim Carns,R,2012,2026,15,LEGISCAN-13766,4.0,AL-2022-house-48-R-GSL048RCAR,Jim Carns,Jim Carns,R,HD-048,1.5991366445851383,98.84526558891456,2495.0,6671.0,0.37400689551791333,0.2539426591653773,1.345193985419761,JIM CARNS,CARNS,-1.0,-1.0,-0.6,1.0,1.0,1.0,-0.2,1.0,0.8333333333333334,,-1.0,-1.0,-0.5,1.0,-1.0,-0.2,1.0,1.0,1.0,-1.0,1.0,-1.0,0.0,-0.6,1.0,1.0,-1.0,0.0,1.0,-1.0,,1.0,0.2,,0.5,-1.0,1.0,0.4666666666666667,0.3333333333333333,1.0,1.0,0.5,,1.0,1.0,0.0,-0.23076923076923078,,-0.6666666666666666,1.0,4.0,1.0,5.0,1.0,1.0,1.0,15.0,1.0,12.0,,1.0,1.0,4.0,2.0,2.0,5.0,5.0,10.0,4.0,1.0,7.0,1.0,2.0,5.0,2.0,5.0,1.0,2.0,1.0,1.0,,2.0,5.0,,4.0,2.0,1.0,15.0,3.0,1.0,1.0,4.0,,4.0,2.0,4.0,13.0,,6.0,3.0,173.0,0.0,0.0,0.0,0.0,0.0,0.0,0.0,0.0,0.0,0.0,0.0,0.0,0.0,0.0,0.0,0.0,1998,2026,True
15745,house,David Standridge,R,2013,2026,14,LEGISCAN-15745,3.0,AL-2022-house-34-R-GSL034RSTA,David Standridge,David Standridge,R,HD-034,1.340305303753505,94.91916859122402,2142.0,6671.0,0.3210912906610703,0.2539426591653773,1.0863626445881278,DAVID STANDRIDGE,STANDRIDGE,-0.5,-1.0,0.2,1.0,1.0,1.0,-0.25,1.0,0.8571428571428571,,-1.0,,-0.5,0.0,-1.0,0.2,1.0,0.4,0.5,-1.0,1.0,-1.0,0.0,-0.6,0.0,1.0,-1.0,0.0,1.0,,,1.0,1.0,,0.5,-1.0,1.0,0.5384615384615384,1.0,1.0,,0.2,,1.0,1.0,0.0,-1.0,,-0.6,1.0,4.0,1.0,5.0,1.0,1.0,1.0,16.0,1.0,14.0,,1.0,,4.0,2.0,1.0,5.0,5.0,10.0,4.0,1.0,7.0,1.0,2.0,5.0,2.0,5.0,1.0,2.0,1.0,,,1.0,3.0,,4.0,2.0,1.0,13.0,2.0,1.0,,5.0,,4.0,2.0,4.0,14.0,,5.0,3.0,167.0,0.0,0.0,0.0,0.0,0.0,0.0,0.0,0.0,0.0,0.0,0.0,0.0,0.0,0.0,0.0,0.0,1998,2026,True
15746,house,Mack Butler,R,2013,2026,10,LEGISCAN-15746,2.0,AL-2022-house-28-R-GSL028RBUT,Mack Butler,Mack Butler,R,HD-028,1.1821423294267999,92.37875288683603,1725.0,6671.0,0.2585819217508619,0.2539426591653773,0.9281996702614226,MACK BUTLER,BUTLER,-1.0,-1.0,0.2,1.0,1.0,1.0,-0.45454545454545453,1.0,0.6923076923076923,,-1.0,-1.0,-0.5,0.0,-1.0,-0.5,1.0,1.0,0.5,-1.0,1.0,-1.0,0.0,1.0,-1.0,1.0,0.0,0.0,1.0,,,1.0,-0.5,,0.5,-1.0,1.0,-0.07692307692307693,1.0,1.0,,0.6,,1.0,1.0,1.0,-0.06666666666666667,,-0.6,1.0,4.0,1.0,5.0,1.0,1.0,1.0,11.0,1.0,13.0,,1.0,1.0,4.0,2.0,1.0,4.0,4.0,11.0,4.0,1.0,6.0,1.0,2.0,4.0,1.0,3.0,2.0,2.0,1.0,,,1.0,4.0,,4.0,2.0,1.0,13.0,2.0,1.0,,5.0,,4.0,2.0,3.0,15.0,,5.0,3.0,158.0,0.0,0.0,0.0,0.0,0.0,0.0,0.0,0.0,0.0,0.0,0.0,0.0,0.0,0.0,0.0,0.0,1998,2026,True
15984,senate,Bill Hightower,R,2013,2018,6,LEGISCAN-15984,1.0,AL-2014-senate-35-R-BILL-HIGHTOWER,Bill Hightower,Bill Hightower,R,SD-035,0.7677802639534608,84.12698412698413,965.0,3886.0,0.248327328872877,0.19048932356371012,0.5772909403897506,BILL HIGHTOWER,HIGHTOWER,,,,1.0,1.0,,,1.0,0.0,,,,-1.0,,,1.0,,0.2,,,1.0,,,,1.0,1.0,,1.0,,,,,1.0,,,,,,,0.0,,0.6,,,,,-0.3333333333333333,1.0,,,,,,1.0,1.0,,,1.0,4.0,,,,1.0,,,1.0,,5.0,,,1.0,,,,2.0,1.0,,1.0,,,,,2.0,,,,,,,2.0,,5.0,,,,,3.0,1.0,,,32.0,0.0,0.0,0.0,0.0,0.0,0.0,0.0,0.0,0.0,0.0,0.0,0.0,0.0,0.0,0.0,0.0,1998,2026,True
16021,house,Randall Shedd,R,2013,2025,13,LEGISCAN-16021,3.0,AL-2022-house-11-R-GSL011RSHE,Randall Shedd,Randall Shedd,R,HD-011,1.0232237738357632,90.06928406466513,1624.0,6671.0,0.24344176285414482,0.2539426591653773,0.769281114670386,RANDALL SHEDD,SHEDD,-1.0,-1.0,0.0,1.0,1.0,,-0.3333333333333333,1.0,0.5,,,-1.0,1.0,1.0,-1.0,0.0,1.0,0.5555555555555556,1.0,,1.0,,-1.0,-1.0,-1.0,1.0,,0.0,1.0,,,,0.5,,0.5,-1.0,1.0,0.0,,1.0,,1.0,,,1.0,1.0,-0.5,,-0.3333333333333333,1.0,2.0,1.0,4.0,1.0,1.0,,15.0,1.0,8.0,,,1.0,1.0,1.0,1.0,2.0,4.0,9.0,2.0,,5.0,,1.0,4.0,1.0,3.0,,2.0,1.0,,,,4.0,,4.0,1.0,1.0,6.0,,1.0,,5.0,,,1.0,1.0,8.0,,3.0,1.0,107.0,0.0,0.0,0.0,0.0,0.0,0.0,0.0,0.0,0.0,0.0,0.0,0.0,0.0,0.0,0.0,0.0,1998,2026,True
16069,house,Dimitri Polizos,R,2014,2019,6,LEGISCAN-16069,2.0,AL-2018-house-74-R-DIMITRI-POLIZOS,Dimitri Polizos,Dimitri Polizos,R,HD-074,0.6227488390217387,81.06235565819861,900.0,6671.0,0.1349123070004497,0.2539426591653773,0.36880617985636144,DIMITRI POLIZOS,POLIZOS,-1.0,,1.0,,,,1.0,1.0,1.0,,,-1.0,,1.0,,,,1.0,,,,,,,-1.0,,-1.0,1.0,,,,,,,,,,0.0,,,,1.0,,,1.0,,0.3333333333333333,,1.0,,2.0,,2.0,,,,1.0,1.0,1.0,,,1.0,,1.0,,,,2.0,,,,,,,1.0,,1.0,1.0,,,,,,,,,,2.0,,,,2.0,,,1.0,,3.0,,1.0,,23.0,0.0,0.0,0.0,0.0,0.0,0.0,0.0,0.0,0.0,0.0,0.0,0.0,0.0,0.0,0.0,0.0,1998,2026,True
16140,house,Adline Clarke,D,2014,2026,13,LEGISCAN-16140,3.0,AL-2022-house-97-D-GSL097DCLA,Adline Clarke,Adline Clarke,D,HD-097,-2.417650365531799,4.849884526558892,1861.0,6671.0,0.2789686703642632,-4.4602844971162574e-10,-2.4176503650857706,ADLINE CLARKE,CLARKE,0.0,1.0,0.6,,,-1.0,-0.14285714285714285,-1.0,0.2727272727272727,,,-1.0,1.0,0.0,-1.0,1.0,-1.0,0.42857142857142855,1.0,,-1.0,1.0,-1.0,0.6,1.0,-1.0,0.0,1.0,1.0,,,-1.0,-1.0,,-0.3333333333333333,-1.0,-1.0,0.2857142857142857,-0.3333333333333333,,,0.3333333333333333,,-0.3333333333333333,1.0,1.0,0.07692307692307693,,1.0,-1.0,2.0,1.0,5.0,,,1.0,14.0,1.0,11.0,,,1.0,4.0,2.0,1.0,2.0,5.0,7.0,3.0,,4.0,1.0,1.0,5.0,2.0,3.0,2.0,1.0,1.0,,,1.0,3.0,,3.0,1.0,1.0,14.0,3.0,,,3.0,,3.0,2.0,3.0,13.0,,4.0,3.0,137.0,0.0,0.0,0.0,0.0,0.0,0.0,0.0,0.0,0.0,0.0,0.0,0.0,0.0,0.0,0.0,0.0,1998,2026,True
16211,house,Mike Holmes,R,2014,2022,9,LEGISCAN-16211,2.0,AL-2018-house-31-R-MIKE-HOLMES,Mike Holmes,Mike Holmes,R,HD-031,0.9289808170419795,88.68360277136259,1410.0,6671.0,0.21136261430070455,0.2539426591653773,0.6750381578766023,MIKE HOLMES,HOLMES,-1.0,,1.0,,,,0.3333333333333333,1.0,0.3333333333333333,,,-1.0,,1.0,,1.0,1.0,1.0,,,1.0,,,1.0,1.0,1.0,-1.0,1.0,,,,,-1.0,,,,,0.3333333333333333,,,,0.3333333333333333,,,1.0,-1.0,-1.0,,1.0,,2.0,,1.0,,,,6.0,1.0,3.0,,,1.0,,1.0,,1.0,1.0,2.0,,,1.0,,,1.0,1.0,2.0,1.0,1.0,,,,,3.0,,,,,3.0,,,,3.0,,,1.0,1.0,3.0,,1.0,,41.0,0.0,0.0,0.0,0.0,0.0,0.0,0.0,0.0,0.0,0.0,0.0,0.0,0.0,0.0,0.0,0.0,1998,2026,True
16212,house,Margie Wilcox,R,2014,2026,13,LEGISCAN-16212,3.0,AL-2022-house-104-R-GSL104RWIL,Margie Wilcox,Margie Wilcox,R,HD-104,0.9270959435759576,88.45265588914549,2003.0,6671.0,0.30025483435766753,0.2539426591653773,0.6731532844105803,MARGIE WILCOX,WILCOX,-1.0,-1.0,0.0,,,1.0,-0.4666666666666667,1.0,0.7142857142857143,,-1.0,-1.0,0.0,-1.0,-1.0,0.3333333333333333,1.0,1.0,1.0,-1.0,1.0,-1.0,0.0,0.6,0.0,1.0,0.0,0.0,1.0,,,1.0,-0.5,,0.5,-1.0,1.0,0.07692307692307693,1.0,,,0.6666666666666666,,1.0,1.0,1.0,-0.38461538461538464,,-0.6,1.0,2.0,1.0,4.0,,,1.0,15.0,1.0,14.0,,1.0,1.0,4.0,1.0,1.0,3.0,5.0,4.0,4.0,1.0,7.0,1.0,2.0,5.0,2.0,3.0,2.0,2.0,1.0,,,1.0,4.0,,4.0,2.0,1.0,13.0,3.0,,,6.0,,4.0,2.0,3.0,13.0,,5.0,3.0,152.0,0.0,0.0,0.0,0.0,0.0,0.0,0.0,0.0,0.0,0.0,0.0,0.0,0.0,0.0,0.0,0.0,1998,2026,True
16241,house,Anthony Johnson,D,2014,2014,1,LEGISCAN-16241,,,,,,,,,,,,,,,,,,,,,,,,,,,,,,,,,,,,,,,,,,,,,,,,,,,,,,,,,,,,,,,,,,,,,,,,,,,,,,,,,,,,,,,,,,,,,,,,,,,,,,,,,,,,,,,,,,,,,,,,,,,,,,,,,,,,,1998,2026,False
16871,senate,Greg Albritton,R,2015,2026,12,LEGISCAN-16871,2.0,AL-2018-senate-22-R-GREG-ALBRITTON,Greg Albritton,Greg Albritton,R,SD-022,0.395992712712891,78.57142857142857,1035.0,3886.0,0.266340710241894,0.19048932356371012,0.20550338914918087,GREG ALBRITTON,ALBRITTON,,,1.0,,1.0,,0.5,1.0,1.0,1.0,,-1.0,0.0,,0.3333333333333333,,1.0,1.0,,1.0,1.0,,-1.0,0.3333333333333333,0.0,1.0,,1.0,1.0,,-1.0,,1.0,-1.0,,-1.0,1.0,1.0,1.0,0.5,,0.6666666666666666,,1.0,,,-0.3333333333333333,-1.0,-1.0,1.0,,,1.0,,1.0,,4.0,2.0,5.0,2.0,,2.0,2.0,,3.0,,1.0,5.0,,1.0,3.0,,1.0,3.0,2.0,1.0,,2.0,1.0,,1.0,,2.0,1.0,,1.0,1.0,3.0,2.0,4.0,,6.0,,2.0,,,6.0,1.0,1.0,1.0,74.0,0.0,0.0,0.0,0.0,0.0,0.0,0.0,0.0,0.0,0.0,0.0,0.0,0.0,0.0,0.0,0.0,1998,2026,True
16872,senate,Clyde Chambliss,R,2015,2026,12,LEGISCAN-16872,2.0,AL-2018-senate-30-R-CLYDE-CHAMBLISS-JR,"Clyde Chambliss, Jr.",Clyde Chambliss,R,SD-030,0.3712776578116421,77.77777777777779,1097.0,3886.0,0.28229541945445186,0.19048932356371012,0.180788334247932,CLYDE CHAMBLISS,CHAMBLISS,,-1.0,1.0,,1.0,,0.2,1.0,0.5555555555555556,1.0,,-1.0,0.0,,-0.3333333333333333,,1.0,1.0,,1.0,1.0,,-1.0,1.0,1.0,1.0,1.0,1.0,1.0,,-1.0,1.0,1.0,-1.0,,-1.0,,1.0,1.0,0.5,,0.6666666666666666,,1.0,,,-0.3333333333333333,-1.0,-1.0,1.0,,1.0,1.0,,1.0,,5.0,2.0,9.0,2.0,,2.0,2.0,,3.0,,2.0,5.0,,1.0,2.0,,2.0,3.0,3.0,1.0,1.0,2.0,1.0,,1.0,1.0,2.0,1.0,,1.0,,2.0,2.0,4.0,,6.0,,3.0,,,6.0,1.0,1.0,1.0,83.0,0.0,0.0,0.0,0.0,0.0,0.0,0.0,0.0,0.0,0.0,0.0,0.0,0.0,0.0,0.0,0.0,1998,2026,True
16873,senate,Steve Livingston,R,2015,2026,12,LEGISCAN-16873,2.0,AL-2018-senate-8-R-STEVE-LIVINGSTON,Steve Livingston,Steve Livingston,R,SD-008,0.42730528134133705,80.15873015873017,1160.0,3886.0,0.29850746268656714,0.19048932356371012,0.23681595777762693,STEVE LIVINGSTON,LIVINGSTON,,-1.0,1.0,,1.0,,0.2,1.0,0.7777777777777778,1.0,,-1.0,0.0,,1.0,,1.0,1.0,,1.0,1.0,,-1.0,1.0,1.0,1.0,1.0,1.0,1.0,,1.0,1.0,1.0,-1.0,,-1.0,1.0,1.0,1.0,0.5,,1.0,,1.0,,,-0.14285714285714285,-1.0,-1.0,1.0,,1.0,1.0,,1.0,,5.0,1.0,9.0,2.0,,2.0,2.0,,3.0,,2.0,5.0,,1.0,3.0,,2.0,3.0,3.0,2.0,1.0,2.0,1.0,,1.0,1.0,2.0,1.0,,1.0,1.0,3.0,2.0,4.0,,6.0,,3.0,,,7.0,1.0,1.0,1.0,87.0,0.0,0.0,0.0,0.0,0.0,0.0,0.0,0.0,0.0,0.0,0.0,0.0,0.0,0.0,0.0,0.0,1998,2026,True
16874,senate,Shay Shelnutt,R,2015,2026,12,LEGISCAN-16874,2.0,AL-2018-senate-17-R-SHAY-SHELNUTT,Shay Shelnutt,Shay Shelnutt,R,SD-017,0.47665139888671965,81.74603174603175,905.0,3886.0,0.23288728769943387,0.19048932356371012,0.2861620753230095,SHAY SHELNUTT,SHELNUTT,,-1.0,1.0,,1.0,,0.3333333333333333,1.0,0.6666666666666666,1.0,,0.0,-1.0,,1.0,,1.0,1.0,,,1.0,,-1.0,-1.0,1.0,1.0,1.0,0.0,,,1.0,1.0,0.0,,,,1.0,1.0,1.0,-0.3333333333333333,,0.3333333333333333,,1.0,,,-0.5,,-1.0,,,1.0,1.0,,1.0,,3.0,2.0,6.0,2.0,,2.0,1.0,,2.0,,2.0,2.0,,,3.0,,2.0,3.0,2.0,2.0,1.0,2.0,,,1.0,1.0,2.0,,,,1.0,1.0,1.0,3.0,,3.0,,3.0,,,4.0,,1.0,,61.0,0.0,0.0,0.0,0.0,0.0,0.0,0.0,0.0,0.0,0.0,0.0,0.0,0.0,0.0,0.0,0.0,1998,2026,True
16875,senate,Tim Melson,R,2015,2026,12,LEGISCAN-16875,2.0,AL-2018-senate-1-R-TIM-MELSON,Tim Melson,Tim Melson,R,SD-001,0.4427297024517404,80.95238095238095,1014.0,3886.0,0.2609366958311889,0.19048932356371012,0.2522403788880303,TIM MELSON,MELSON,,-1.0,1.0,,1.0,,0.2,1.0,0.6666666666666666,1.0,,-1.0,0.0,,1.0,,1.0,1.0,,-1.0,1.0,,-1.0,1.0,1.0,1.0,-1.0,1.0,1.0,,1.0,,1.0,,,-1.0,1.0,1.0,1.0,0.0,,0.5,,1.0,,,-0.14285714285714285,-1.0,-1.0,,,1.0,1.0,,1.0,,5.0,2.0,6.0,2.0,,2.0,2.0,,3.0,,2.0,5.0,,1.0,3.0,,2.0,3.0,3.0,2.0,1.0,2.0,1.0,,1.0,,2.0,,,1.0,1.0,3.0,1.0,4.0,,4.0,,2.0,,,7.0,1.0,1.0,,78.0,0.0,0.0,0.0,0.0,0.0,0.0,0.0,0.0,0.0,0.0,0.0,0.0,0.0,0.0,0.0,0.0,1998,2026,True
16876,senate,Larry Stutts,R,2015,2026,12,LEGISCAN-16876,2.0,AL-2018-senate-6-R-LARRY-STUTTS,Larry Stutts,Larry Stutts,R,SD-006,0.5149345341154654,82.53968253968253,1071.0,3886.0,0.27560473494595983,0.19048932356371012,0.3244452105517553,LARRY STUTTS,STUTTS,,,1.0,,1.0,,-0.2,1.0,0.7142857142857143,1.0,,1.0,0.0,,-0.3333333333333333,,1.0,0.6,,,0.3333333333333333,,-1.0,-1.0,0.3333333333333333,1.0,1.0,0.0,1.0,,-1.0,1.0,1.0,-1.0,,-1.0,1.0,0.3333333333333333,0.0,1.0,,0.6,,1.0,,,-0.3333333333333333,-1.0,-1.0,1.0,,,1.0,,1.0,,5.0,1.0,7.0,2.0,,2.0,2.0,,3.0,,1.0,5.0,,,3.0,,2.0,2.0,3.0,2.0,1.0,2.0,1.0,,1.0,1.0,2.0,1.0,,1.0,1.0,3.0,2.0,1.0,,5.0,,3.0,,,6.0,1.0,1.0,1.0,76.0,0.0,0.0,0.0,0.0,0.0,0.0,0.0,0.0,0.0,0.0,0.0,0.0,0.0,0.0,0.0,0.0,1998,2026,True
17025,house,Corey Harbison,R,2015,2025,11,LEGISCAN-17025,3.0,AL-2022-house-12-R-GSL012RHAR,Corey Harbison,Corey Harbison,R,HD-012,0.7201677747082359,82.90993071593533,1373.0,6671.0,0.20581621945735273,0.2539426591653773,0.4662251155428586,COREY HARBISON,HARBISON,-1.0,-1.0,0.3333333333333333,,,,-0.23076923076923078,1.0,0.5,,,-1.0,0.3333333333333333,1.0,-1.0,0.0,1.0,1.0,1.0,,1.0,,-1.0,0.6,0.0,1.0,1.0,0.0,1.0,,,,-1.0,,0.3333333333333333,-1.0,1.0,0.0,1.0,,,0.6,,,1.0,1.0,-0.42857142857142855,,-0.3333333333333333,1.0,1.0,1.0,3.0,,,,13.0,1.0,8.0,,,1.0,3.0,1.0,1.0,2.0,3.0,6.0,2.0,,5.0,,1.0,5.0,2.0,2.0,1.0,2.0,1.0,,,,3.0,,3.0,1.0,1.0,6.0,1.0,,,5.0,,,1.0,1.0,7.0,,3.0,1.0,98.0,0.0,0.0,0.0,0.0,0.0,0.0,0.0,0.0,0.0,0.0,0.0,0.0,0.0,0.0,0.0,0.0,1998,2026,True
17026,house,Phillip Pettus,R,2015,2026,12,LEGISCAN-17026,3.0,AL-2022-house-1-R-GSL001RPET,Phillip Pettus,Phillip Pettus,R,HD-001,1.0609950370750103,90.99307159353349,1999.0,6671.0,0.2996552241043322,0.2539426591653773,0.807052377909633,PHILLIP PETTUS,PETTUS,-1.0,-1.0,0.0,,,1.0,-0.4117647058823529,1.0,0.5714285714285714,,-1.0,-1.0,0.0,0.0,-1.0,0.3333333333333333,1.0,1.0,0.5,-1.0,1.0,-1.0,0.0,0.6,1.0,0.5,0.0,-1.0,1.0,,,1.0,-0.2,,0.5,-1.0,1.0,0.5714285714285714,1.0,,,1.0,,1.0,1.0,0.0,-0.16666666666666666,,-0.6,1.0,1.0,1.0,4.0,,,1.0,17.0,1.0,14.0,,1.0,1.0,4.0,2.0,1.0,3.0,5.0,6.0,4.0,1.0,7.0,1.0,2.0,5.0,1.0,4.0,2.0,2.0,1.0,,,1.0,5.0,,4.0,2.0,1.0,14.0,3.0,,,6.0,,4.0,2.0,4.0,12.0,,5.0,3.0,158.0,0.0,0.0,0.0,0.0,0.0,0.0,0.0,0.0,0.0,0.0,0.0,0.0,0.0,0.0,0.0,0.0,1998,2026,True
17027,house,Ritchie Whorton,R,2015,2026,12,LEGISCAN-17027,3.0,AL-2022-house-22-R-GSL022RWHO,Ritchie Whorton,Ritchie Whorton,R,HD-022,0.9960962924185596,89.37644341801386,1886.0,6671.0,0.28271623444760907,0.2539426591653773,0.7421536332531823,RITCHIE WHORTON,WHORTON,-1.0,-1.0,-0.2,,,1.0,-0.25,1.0,0.7142857142857143,,-1.0,-1.0,-0.5,0.0,-1.0,0.3333333333333333,1.0,1.0,0.0,-1.0,1.0,-1.0,0.0,1.0,1.0,1.0,0.0,0.0,1.0,,,1.0,1.0,,0.5,-1.0,1.0,0.45454545454545453,1.0,,,0.0,,1.0,0.0,0.5,-0.38461538461538464,,-0.6,1.0,1.0,1.0,5.0,,,1.0,16.0,1.0,14.0,,1.0,1.0,4.0,2.0,1.0,3.0,5.0,7.0,4.0,1.0,7.0,1.0,2.0,5.0,2.0,4.0,2.0,2.0,1.0,,,1.0,5.0,,4.0,2.0,1.0,11.0,2.0,,,6.0,,4.0,2.0,4.0,13.0,,5.0,3.0,157.0,0.0,0.0,0.0,0.0,0.0,0.0,0.0,0.0,0.0,0.0,0.0,0.0,0.0,0.0,0.0,0.0,1998,2026,True
17028,house,Connie Rowe,R,2015,2022,8,LEGISCAN-17028,1.0,AL-2018-house-13-R-CONNIE-COONER-ROWE,Connie Cooner Rowe,Connie Rowe,R,HD-013,0.5637068195970145,79.44572748267899,1139.0,6671.0,0.17073901963723578,0.2539426591653773,0.30976416043163724,CONNIE ROWE,ROWE,-1.0,,1.0,,,,0.6666666666666666,1.0,1.0,,,-1.0,,1.0,,1.0,,1.0,,,1.0,,,-1.0,0.0,,-1.0,1.0,,,,,1.0,,,,,0.0,,,,1.0,,,1.0,,0.3333333333333333,,1.0,,1.0,,2.0,,,,6.0,1.0,2.0,,,1.0,,1.0,,1.0,,1.0,,,1.0,,,1.0,2.0,,1.0,1.0,,,,,3.0,,,,,2.0,,,,3.0,,,1.0,,3.0,,1.0,,35.0,0.0,0.0,0.0,0.0,0.0,0.0,0.0,0.0,0.0,0.0,0.0,0.0,0.0,0.0,0.0,0.0,1998,2026,True
17589,house,David Faulkner,R,2015,2026,12,LEGISCAN-17589,3.0,AL-2022-house-46-R-GSL046RFAU,David Faulkner,David Faulkner,R,HD-046,0.8723070915096999,87.29792147806005,1847.0,6671.0,0.27687003447758957,0.2539426591653773,0.6183644323443226,DAVID FAULKNER,FAULKNER,-1.0,-1.0,0.2,,,1.0,-0.3333333333333333,1.0,0.5384615384615384,,-1.0,1.0,0.0,0.0,-1.0,0.3333333333333333,1.0,1.0,1.0,-1.0,1.0,-1.0,0.0,-0.6,0.0,0.0,0.0,0.0,1.0,,,1.0,-0.3333333333333333,,0.5,-1.0,1.0,0.3333333333333333,1.0,,,0.6,,1.0,1.0,1.0,-0.16666666666666666,,-0.6,1.0,1.0,1.0,5.0,,,1.0,15.0,1.0,13.0,,1.0,1.0,4.0,2.0,1.0,3.0,4.0,7.0,4.0,1.0,7.0,1.0,2.0,5.0,2.0,4.0,2.0,2.0,1.0,,,1.0,3.0,,4.0,2.0,1.0,12.0,3.0,,,5.0,,3.0,2.0,3.0,12.0,,5.0,3.0,150.0,0.0,0.0,0.0,0.0,0.0,0.0,0.0,0.0,0.0,0.0,0.0,0.0,0.0,0.0,0.0,0.0,1998,2026,True
17590,house,Matt Fridy,R,2015,2020,6,LEGISCAN-17590,2.0,AL-2018-house-73-R-MATT-FRIDY,Matt Fridy,Matt Fridy,R,HD-073,0.601783181009395,80.60046189376443,919.0,6671.0,0.13776045570379253,0.2539426591653773,0.3478405218440177,MATT FRIDY,FRIDY,-1.0,,1.0,,,,1.0,1.0,1.0,,,-1.0,,1.0,,1.0,,1.0,,,,,,-1.0,-1.0,,-1.0,1.0,,,,,,,,,,0.0,,,,1.0,,,1.0,,0.0,,1.0,,1.0,,2.0,,,,2.0,1.0,1.0,,,1.0,,1.0,,1.0,,1.0,,,,,,1.0,1.0,,1.0,1.0,,,,,,,,,,2.0,,,,1.0,,,1.0,,2.0,,1.0,,22.0,0.0,0.0,0.0,0.0,0.0,0.0,0.0,0.0,0.0,0.0,0.0,0.0,0.0,0.0,0.0,0.0,1998,2026,True
17591,house,Danny Garrett,R,2015,2026,12,LEGISCAN-17591,3.0,AL-2022-house-44-R-GSL044RGAR,Danny Garrett,Danny Garrett,R,HD-044,0.9129246327953183,88.2217090069284,1940.0,6671.0,0.290810972867636,0.2539426591653773,0.658981973629941,DANNY GARRETT,GARRETT,-1.0,-1.0,0.2,,,1.0,-0.38461538461538464,1.0,0.6923076923076923,,-1.0,-1.0,0.0,0.0,-1.0,0.3333333333333333,1.0,1.0,0.5,-1.0,1.0,-1.0,0.0,-0.2,0.0,0.5,0.0,0.0,1.0,,,1.0,-1.0,,0.5,-1.0,1.0,0.38461538461538464,1.0,,,1.0,,1.0,0.0,1.0,-0.23076923076923078,,-0.6,1.0,1.0,1.0,5.0,,,1.0,13.0,1.0,13.0,,1.0,1.0,4.0,2.0,1.0,3.0,3.0,7.0,4.0,1.0,7.0,1.0,2.0,5.0,2.0,4.0,2.0,2.0,1.0,,,1.0,5.0,,4.0,2.0,1.0,13.0,3.0,,,5.0,,4.0,2.0,4.0,13.0,,5.0,3.0,153.0,0.0,0.0,0.0,0.0,0.0,0.0,0.0,0.0,0.0,0.0,0.0,0.0,0.0,0.0,0.0,0.0,1998,2026,True
17592,house,James Hanes,R,2015,2022,8,LEGISCAN-17592,2.0,AL-2018-house-23-R-TOMMY-HANES,Tommy Hanes,James Hanes,R,HD-023,0.8021930294345808,85.21939953810623,1293.0,6671.0,0.1938240143906461,0.2539426591653773,0.5482503702692035,JAMES HANES,HANES,-1.0,,-1.0,,,,0.42857142857142855,1.0,1.0,,,-1.0,,-1.0,,,1.0,1.0,,,1.0,,,1.0,1.0,1.0,1.0,1.0,,,,,1.0,,,,,1.0,,,,-0.3333333333333333,,,1.0,-1.0,-1.0,,1.0,,1.0,,2.0,,,,7.0,1.0,3.0,,,1.0,,1.0,,,1.0,1.0,,,1.0,,,1.0,2.0,2.0,1.0,1.0,,,,,3.0,,,,,3.0,,,,3.0,,,1.0,1.0,3.0,,1.0,,41.0,0.0,0.0,0.0,0.0,0.0,0.0,0.0,0.0,0.0,0.0,0.0,0.0,0.0,0.0,0.0,0.0,1998,2026,True
17593,house,Jim Hill,R,2015,2026,12,LEGISCAN-17593,3.0,AL-2022-house-50-R-GSL050RHIL,Jim Hill,Jim Hill,R,HD-050,0.702467595835922,82.44803695150115,1812.0,6671.0,0.2716234447609054,0.2539426591653773,0.4485249366705447,JIM HILL,HILL,-1.0,-1.0,0.2,,,1.0,-0.8333333333333334,,0.38461538461538464,,-1.0,-1.0,0.0,0.0,-1.0,0.3333333333333333,1.0,1.0,1.0,-1.0,1.0,-1.0,0.0,1.0,0.0,0.0,0.0,0.0,1.0,,,1.0,-1.0,,0.5,-1.0,1.0,0.38461538461538464,1.0,,,1.0,,1.0,1.0,0.0,0.07692307692307693,,-0.6,1.0,1.0,1.0,5.0,,,1.0,12.0,,13.0,,1.0,1.0,4.0,2.0,1.0,3.0,5.0,7.0,4.0,1.0,7.0,1.0,2.0,5.0,2.0,4.0,2.0,2.0,1.0,,,1.0,3.0,,4.0,2.0,1.0,13.0,3.0,,,4.0,,4.0,2.0,4.0,13.0,,5.0,3.0,150.0,0.0,0.0,0.0,0.0,0.0,0.0,0.0,0.0,0.0,0.0,0.0,0.0,0.0,0.0,0.0,0.0,1998,2026,True
17594,house,Reed Ingram,R,2015,2026,12,LEGISCAN-17594,3.0,AL-2022-house-75-R-GSL075RING,Reed Ingram,Reed Ingram,R,HD-075,1.0475037375343996,90.76212471131639,1875.0,6671.0,0.2810673062509369,0.2539426591653773,0.7935610783690223,REED INGRAM,INGRAM,-1.0,-1.0,0.2,,,1.0,-0.4117647058823529,1.0,0.8571428571428571,,-1.0,-1.0,-0.5,0.0,-1.0,0.3333333333333333,1.0,1.0,1.0,-1.0,1.0,-1.0,0.0,-0.3333333333333333,0.0,1.0,0.0,-1.0,1.0,,,1.0,-0.2,,0.5,-1.0,1.0,0.45454545454545453,1.0,,,1.0,,1.0,1.0,1.0,-0.45454545454545453,,-0.6,1.0,1.0,1.0,5.0,,,1.0,17.0,1.0,14.0,,1.0,1.0,4.0,2.0,1.0,3.0,5.0,7.0,2.0,1.0,7.0,1.0,2.0,3.0,2.0,4.0,2.0,1.0,1.0,,,1.0,5.0,,4.0,2.0,1.0,11.0,3.0,,,5.0,,4.0,2.0,4.0,11.0,,5.0,3.0,151.0,0.0,0.0,0.0,0.0,0.0,0.0,0.0,0.0,0.0,0.0,0.0,0.0,0.0,0.0,0.0,0.0,1998,2026,True
17595,house,Nathaniel Ledbetter,R,2015,2026,12,LEGISCAN-17595,4.0,AL-2022-house-24-R-GSL024RLED,Nathaniel Ledbetter,Nathaniel Ledbetter,R,HD-024,1.0157638261635555,89.83833718244803,1962.0,6671.0,0.29410882926098036,0.2539426591653773,0.7618211669981783,NATHANIEL LEDBETTER,LEDBETTER,-1.0,-1.0,0.2,,,1.0,-0.5294117647058824,1.0,0.8571428571428571,,-1.0,-1.0,0.0,0.0,-1.0,0.3333333333333333,1.0,1.0,0.5,-1.0,1.0,-1.0,0.0,1.0,0.0,0.5,0.0,-1.0,1.0,,,1.0,-1.0,,0.5,-1.0,1.0,0.42857142857142855,1.0,,,1.0,,1.0,1.0,1.0,-0.07692307692307693,,-0.5,1.0,1.0,1.0,5.0,,,1.0,17.0,1.0,14.0,,1.0,1.0,4.0,2.0,1.0,3.0,5.0,7.0,4.0,1.0,7.0,1.0,2.0,4.0,2.0,4.0,2.0,1.0,1.0,,,1.0,5.0,,4.0,2.0,1.0,14.0,3.0,,,6.0,,4.0,2.0,4.0,13.0,,4.0,3.0,159.0,0.0,0.0,0.0,0.0,0.0,0.0,0.0,0.0,0.0,0.0,0.0,0.0,0.0,0.0,0.0,0.0,1998,2026,True
17596,house,Chris Sells,R,2015,2026,12,LEGISCAN-17596,3.0,AL-2022-house-90-R-GSL090RSEL,Chris Sells,Chris Sells,R,HD-090,0.7477489333058983,84.06466512702079,1697.0,6671.0,0.25438464997751464,0.2539426591653773,0.49380627414052103,CHRIS SELLS,SELLS,,-1.0,0.2,,,1.0,-0.5,1.0,0.8461538461538461,,-1.0,-1.0,0.0,0.0,-1.0,0.3333333333333333,1.0,1.0,1.0,-1.0,1.0,1.0,-1.0,0.5,-1.0,0.0,0.0,0.0,1.0,,,1.0,-0.6,,0.5,-1.0,1.0,0.5,1.0,,,1.0,,1.0,1.0,1.0,-0.4,,-0.6,1.0,,1.0,5.0,,,1.0,16.0,1.0,13.0,,1.0,1.0,4.0,2.0,1.0,3.0,5.0,6.0,3.0,1.0,7.0,1.0,2.0,4.0,1.0,4.0,2.0,2.0,1.0,,,1.0,5.0,,4.0,2.0,1.0,12.0,3.0,,,5.0,,4.0,2.0,4.0,10.0,,5.0,3.0,149.0,0.0,0.0,0.0,0.0,0.0,0.0,0.0,0.0,0.0,0.0,0.0,0.0,0.0,0.0,0.0,0.0,1998,2026,True
17597,house,Kyle South,R,2015,2023,9,LEGISCAN-17597,3.0,AL-2022-house-16-R-GSL016RSOU,Kyle South,Kyle South,R,HD-016,0.6801214294529986,81.98614318706697,1359.0,6671.0,0.20371758357067907,0.2539426591653773,0.4261787702876213,KYLE SOUTH,SOUTH,-1.0,,1.0,,,,-0.09090909090909091,1.0,0.0,,,-1.0,,1.0,,1.0,1.0,1.0,1.0,,1.0,,-1.0,-1.0,-1.0,1.0,-1.0,1.0,,,,,-1.0,,1.0,-1.0,,-0.6666666666666666,,,,0.5,,,1.0,1.0,0.0,,0.0,,1.0,,2.0,,,,11.0,1.0,6.0,,,1.0,,1.0,,1.0,1.0,6.0,1.0,,3.0,,1.0,1.0,1.0,2.0,1.0,1.0,,,,,4.0,,1.0,1.0,,6.0,,,,4.0,,,1.0,1.0,4.0,,2.0,,66.0,0.0,0.0,0.0,0.0,0.0,0.0,0.0,0.0,0.0,0.0,0.0,0.0,0.0,0.0,0.0,0.0,1998,2026,True
17598,house,Jack Williams,R,2015,2023,5,LEGISCAN-17598,,,,Jack Williams,R,SD-034,0.5117317432130846,77.82909930715935,806.0,6671.0,0.1208214660470694,0.2539426591653773,0.2577890840477073,JACK WILLIAMS,WILLIAMS,-1.0,,1.0,,,,1.0,1.0,1.0,,,-1.0,,1.0,,,,1.0,,,,,,,-1.0,,-1.0,1.0,,,,,-1.0,,,,,1.0,,,,1.0,,,1.0,,0.3333333333333333,,1.0,,1.0,,2.0,,,,1.0,1.0,1.0,,,1.0,,1.0,,,,1.0,,,,,,,1.0,,1.0,1.0,,,,,2.0,,,,,2.0,,,,2.0,,,1.0,,3.0,,1.0,,23.0,0.0,0.0,0.0,0.0,0.0,0.0,0.0,0.0,0.0,0.0,0.0,0.0,0.0,0.0,0.0,0.0,1998,2026,True
17598,senate,Jack Williams,R,2019,2026,7,LEGISCAN-17598,1.0,AL-2018-senate-34-R-JACK-WILLIAMS,Jack Williams,Jack Williams,R,SD-034,0.16039712339851428,69.04761904761905,542.0,3886.0,0.13947503860010294,0.19048932356371012,-0.030092200165195843,JACK WILLIAMS,WILLIAMS,,-1.0,,,1.0,,0.0,,0.6,1.0,,-1.0,1.0,,0.3333333333333333,,1.0,1.0,,1.0,1.0,,-1.0,-1.0,,1.0,1.0,1.0,,,-1.0,1.0,,-1.0,,-1.0,1.0,1.0,1.0,1.0,,1.0,,1.0,,,-0.5,,-1.0,,,1.0,,,1.0,,4.0,,5.0,2.0,,1.0,1.0,,3.0,,2.0,2.0,,1.0,2.0,,1.0,2.0,,1.0,1.0,1.0,,,1.0,1.0,,1.0,,1.0,1.0,1.0,2.0,1.0,,1.0,,2.0,,,4.0,,1.0,,48.0,0.0,0.0,0.0,0.0,0.0,0.0,0.0,0.0,0.0,0.0,0.0,0.0,0.0,0.0,0.0,0.0,1998,2026,True
17599,house,Will Ainsworth,R,2015,2018,4,LEGISCAN-17599,1.0,AL-2014-house-27-R-WILL-AINSWORTH,Will Ainsworth,Will Ainsworth,R,HD-027,0.45183017051976115,76.6743648960739,721.0,6671.0,0.1080797481636936,0.2539426591653773,0.19788751135438387,WILL AINSWORTH,AINSWORTH,-1.0,,0.0,,,,1.0,1.0,1.0,,,-1.0,,1.0,,,,,,,,,,,1.0,,-1.0,1.0,,,,,-1.0,,,,,0.0,,,,0.0,,,1.0,,-1.0,,1.0,,1.0,,2.0,,,,1.0,1.0,1.0,,,1.0,,1.0,,,,,,,,,,,1.0,,1.0,1.0,,,,,2.0,,,,,2.0,,,,2.0,,,1.0,,2.0,,1.0,,21.0,0.0,0.0,0.0,0.0,0.0,0.0,0.0,0.0,0.0,0.0,0.0,0.0,0.0,0.0,0.0,0.0,1998,2026,True
17603,house,Chris Pringle,R,2015,2026,12,LEGISCAN-17603,3.0,AL-2022-house-101-R-GSL101RPRI,Chris Pringle,Chris Pringle,R,HD-101,0.8372125630613996,86.14318706697459,1847.0,6671.0,0.27687003447758957,0.2539426591653773,0.5832699038960223,CHRIS PRINGLE,PRINGLE,-1.0,-1.0,0.0,,,1.0,-0.5,1.0,0.5714285714285714,,-1.0,-1.0,0.0,-1.0,-1.0,0.3333333333333333,1.0,1.0,0.5,-1.0,1.0,-1.0,0.0,0.5,-1.0,1.0,0.0,-1.0,1.0,,,1.0,-0.6,,0.5,-1.0,1.0,0.2857142857142857,1.0,,,0.6666666666666666,,1.0,1.0,1.0,-0.16666666666666666,,-0.6,1.0,1.0,1.0,4.0,,,1.0,16.0,1.0,14.0,,1.0,1.0,4.0,1.0,1.0,3.0,5.0,7.0,4.0,1.0,7.0,1.0,2.0,4.0,2.0,4.0,2.0,1.0,1.0,,,1.0,5.0,,4.0,2.0,1.0,14.0,3.0,,,6.0,,4.0,2.0,4.0,12.0,,5.0,3.0,156.0,0.0,0.0,0.0,0.0,0.0,0.0,0.0,0.0,0.0,0.0,0.0,0.0,0.0,0.0,0.0,0.0,1998,2026,True
17622,house,Bob Fincher,R,2015,2026,12,LEGISCAN-17622,4.0,AL-2022-house-37-R-GSL037RFIN,Bob Fincher,Bob Fincher,R,HD-037,0.9632875594061624,88.91454965357968,1950.0,6671.0,0.2923099985009744,0.2539426591653773,0.7093449002407851,BOB FINCHER,FINCHER,-1.0,-1.0,0.0,,,1.0,-0.2,1.0,0.5384615384615384,,-1.0,-1.0,0.0,1.0,1.0,0.3333333333333333,1.0,1.0,0.3333333333333333,-1.0,1.0,1.0,-1.0,1.0,0.0,0.5,1.0,0.0,1.0,,,1.0,-0.6,,0.5,-1.0,1.0,0.2857142857142857,1.0,,,1.0,,1.0,1.0,0.5,0.0,,-0.2,1.0,1.0,1.0,4.0,,,1.0,15.0,1.0,13.0,,1.0,1.0,4.0,1.0,1.0,3.0,3.0,5.0,3.0,1.0,5.0,1.0,1.0,5.0,2.0,4.0,2.0,2.0,1.0,,,1.0,5.0,,4.0,2.0,1.0,14.0,3.0,,,5.0,,4.0,2.0,4.0,10.0,,5.0,3.0,145.0,0.0,0.0,0.0,0.0,0.0,0.0,0.0,0.0,0.0,0.0,0.0,0.0,0.0,0.0,0.0,0.0,1998,2026,True
17624,house,Barbara Drummond,D,2015,2026,12,LEGISCAN-17624,3.0,AL-2022-house-103-D-GSL103DDRU,Barbara Drummond,Barbara Drummond,D,HD-103,-2.4625108216586424,4.618937644341801,1804.0,6671.0,0.27042422425423474,-4.4602844971162574e-10,-2.462510821212614,BARBARA DRUMMOND,DRUMMOND,1.0,1.0,1.0,,,,-0.09090909090909091,-1.0,0.16666666666666666,,,-1.0,1.0,0.0,-1.0,1.0,-1.0,0.7142857142857143,1.0,,0.0,1.0,-1.0,0.6,-1.0,-1.0,0.0,1.0,1.0,,,-1.0,-1.0,,-0.5,-1.0,,0.2857142857142857,-0.3333333333333333,,,0.2,,0.3333333333333333,1.0,1.0,0.0,,1.0,-1.0,1.0,1.0,4.0,,,,11.0,1.0,12.0,,,1.0,4.0,2.0,1.0,2.0,3.0,7.0,3.0,,6.0,1.0,2.0,5.0,1.0,3.0,2.0,1.0,1.0,,,1.0,5.0,,4.0,1.0,,14.0,3.0,,,5.0,,3.0,2.0,2.0,12.0,,4.0,3.0,134.0,0.0,0.0,0.0,0.0,0.0,0.0,0.0,0.0,0.0,0.0,0.0,0.0,0.0,0.0,0.0,0.0,1998,2026,True
17625,house,Kelvin Lawrence,D,2015,2026,12,LEGISCAN-17625,3.0,AL-2022-house-69-D-GSL069DLAW,Kelvin Lawrence,Kelvin Lawrence,D,HD-069,-2.194506065699027,5.311778290993072,1574.0,6671.0,0.23594663468745317,-4.4602844971162574e-10,-2.1945060652529986,KELVIN LAWRENCE,LAWRENCE,1.0,1.0,1.0,,,-1.0,-0.16666666666666666,-1.0,-0.1111111111111111,,,-1.0,1.0,0.0,-1.0,1.0,-1.0,0.6666666666666666,1.0,1.0,-0.3333333333333333,1.0,-1.0,0.6,-1.0,-1.0,1.0,1.0,1.0,,,-1.0,-1.0,,-0.3333333333333333,-1.0,1.0,0.16666666666666666,-0.3333333333333333,,,0.5,,0.3333333333333333,1.0,1.0,0.5555555555555556,,1.0,-1.0,1.0,1.0,4.0,,,1.0,12.0,1.0,9.0,,,1.0,4.0,2.0,1.0,2.0,4.0,6.0,3.0,1.0,6.0,1.0,2.0,5.0,1.0,4.0,1.0,2.0,1.0,,,1.0,5.0,,3.0,2.0,1.0,12.0,3.0,,,4.0,,3.0,1.0,2.0,9.0,,3.0,3.0,128.0,0.0,0.0,0.0,0.0,0.0,0.0,0.0,0.0,0.0,0.0,0.0,0.0,0.0,0.0,0.0,0.0,1998,2026,True
17632,house,Timothy Wadsworth,R,2015,2026,12,LEGISCAN-17632,3.0,AL-2022-house-14-R-GSL014RWAD,Tim Wadsworth,Timothy Wadsworth,R,HD-014,0.49999367058715205,77.59815242494227,1890.0,6671.0,0.2833158447009444,0.2539426591653773,0.24605101142177477,TIMOTHY WADSWORTH,WADSWORTH,-1.0,-1.0,0.5,,,1.0,-0.5,1.0,0.6923076923076923,,-1.0,-1.0,0.3333333333333333,0.0,-1.0,0.3333333333333333,1.0,1.0,0.5,-1.0,0.7142857142857143,,-1.0,0.6,1.0,1.0,-1.0,0.0,1.0,,,1.0,-0.6,,-0.3333333333333333,-1.0,1.0,0.09090909090909091,1.0,,,0.3333333333333333,,1.0,-1.0,0.3333333333333333,-0.38461538461538464,,-0.2,1.0,1.0,1.0,4.0,,,1.0,16.0,1.0,13.0,,1.0,1.0,3.0,2.0,1.0,3.0,5.0,7.0,4.0,1.0,7.0,,1.0,5.0,2.0,4.0,2.0,2.0,1.0,,,1.0,5.0,,3.0,2.0,1.0,11.0,2.0,,,6.0,,4.0,2.0,3.0,13.0,,5.0,3.0,150.0,0.0,0.0,0.0,0.0,0.0,0.0,0.0,0.0,0.0,0.0,0.0,0.0,0.0,0.0,0.0,0.0,1998,2026,True
17633,house,Rich Wingo,R,2015,2022,8,LEGISCAN-17633,2.0,AL-2018-house-62-R-RICH-WINGO,Rich Wingo,Rich Wingo,R,HD-062,0.9693184128124381,89.14549653579677,1300.0,6671.0,0.1948733323339829,0.2539426591653773,0.7153757536470609,RICH WINGO,WINGO,-1.0,,1.0,,,,0.42857142857142855,1.0,1.0,,,-1.0,,1.0,,1.0,1.0,1.0,,,1.0,,,1.0,1.0,1.0,-1.0,1.0,,,,,1.0,,,,,0.3333333333333333,,,,1.0,,,1.0,-1.0,0.3333333333333333,,1.0,,1.0,,1.0,,,,7.0,1.0,3.0,,,1.0,,1.0,,1.0,1.0,1.0,,,1.0,,,1.0,1.0,2.0,1.0,1.0,,,,,1.0,,,,,3.0,,,,3.0,,,1.0,1.0,3.0,,1.0,,38.0,0.0,0.0,0.0,0.0,0.0,0.0,0.0,0.0,0.0,0.0,0.0,0.0,0.0,0.0,0.0,0.0,1998,2026,True
17634,house,Arnold Mooney,R,2015,2026,12,LEGISCAN-17634,3.0,AL-2022-house-43-R-GSL043RMOO,Arnold Mooney II,Arnold Mooney,R,HD-043,1.184215986677918,92.60969976905312,1862.0,6671.0,0.27911857292759706,0.2539426591653773,0.9302733275125408,ARNOLD MOONEY,MOONEY,-1.0,-1.0,-1.0,,,1.0,-0.25,1.0,0.8333333333333334,,1.0,,-0.3333333333333333,1.0,1.0,-0.3333333333333333,1.0,1.0,1.0,-1.0,0.7142857142857143,-1.0,1.0,-0.6,,1.0,-1.0,0.0,-1.0,,,1.0,0.0,,0.5,0.0,,-0.07692307692307693,0.3333333333333333,,,0.0,,1.0,1.0,-1.0,-0.6923076923076923,,-0.6,1.0,1.0,1.0,3.0,,,1.0,16.0,1.0,12.0,,1.0,,3.0,1.0,1.0,3.0,4.0,7.0,2.0,1.0,7.0,1.0,1.0,5.0,,4.0,1.0,2.0,1.0,,,1.0,4.0,,4.0,2.0,,13.0,3.0,,,6.0,,4.0,2.0,3.0,13.0,,5.0,3.0,143.0,0.0,0.0,0.0,0.0,0.0,0.0,0.0,0.0,0.0,0.0,0.0,0.0,0.0,0.0,0.0,0.0,1998,2026,True
17641,house,Louise Alexander,D,2015,2022,8,LEGISCAN-17641,2.0,AL-2018-house-56-D-LOUISE-LULU-ALEXANDER,"Louise ""Lulu"" Alexander",Louise Alexander,D,HD-056,-1.8098278227858973,7.159353348729793,1181.0,6671.0,0.17703492729725678,-4.4602844971162574e-10,-1.8098278223398687,LOUISE ALEXANDER,ALEXANDER,1.0,,1.0,,,,-0.14285714285714285,-1.0,-0.3333333333333333,,,,,1.0,,1.0,-1.0,1.0,,,-1.0,,,-1.0,-1.0,-1.0,-1.0,1.0,,,,,-1.0,,,,,0.0,,,,-0.3333333333333333,,,1.0,1.0,-1.0,,-1.0,,1.0,,1.0,,,,7.0,1.0,3.0,,,,,1.0,,1.0,1.0,1.0,,,1.0,,,1.0,1.0,2.0,1.0,1.0,,,,,1.0,,,,,2.0,,,,3.0,,,1.0,1.0,3.0,,1.0,,36.0,0.0,0.0,0.0,0.0,0.0,0.0,0.0,0.0,0.0,0.0,0.0,0.0,0.0,0.0,0.0,0.0,1998,2026,True
17642,house,Anthony Daniels,D,2015,2026,12,LEGISCAN-17642,3.0,AL-2022-house-53-D-GSL053DDAN,Anthony Daniels,Anthony Daniels,D,HD-053,-1.9089805691236343,6.697459584295612,1524.0,6671.0,0.22845150652076152,-4.4602844971162574e-10,-1.9089805686776058,ANTHONY DANIELS,DANIELS,,1.0,1.0,,,,-0.5,-1.0,0.3333333333333333,,-1.0,-1.0,1.0,0.0,-1.0,0.3333333333333333,-1.0,0.6666666666666666,1.0,1.0,0.0,1.0,-1.0,0.6,-1.0,-1.0,0.0,1.0,1.0,,,,-1.0,,-0.5,-1.0,1.0,0.2,-0.3333333333333333,,,0.6,,0.0,1.0,1.0,0.2727272727272727,,1.0,-1.0,,1.0,4.0,,,,12.0,1.0,9.0,,1.0,1.0,4.0,2.0,1.0,3.0,4.0,6.0,4.0,1.0,6.0,1.0,2.0,5.0,1.0,3.0,2.0,2.0,1.0,,,,5.0,,4.0,2.0,1.0,10.0,3.0,,,5.0,,2.0,2.0,3.0,11.0,,4.0,2.0,131.0,0.0,0.0,0.0,0.0,0.0,0.0,0.0,0.0,0.0,0.0,0.0,0.0,0.0,0.0,0.0,0.0,1998,2026,True
17643,house,Issac Whorton,R,2015,2018,4,LEGISCAN-17643,1.0,AL-2014-house-38-R-ISAAC-WHORTON,Isaac Whorton,Issac Whorton,R,HD-038,0.18936361462926915,65.81986143187068,673.0,6671.0,0.10088442512366962,0.2539426591653773,-0.06457904453610813,ISSAC WHORTON,WHORTON,-1.0,,-1.0,,,,1.0,1.0,,,,-1.0,,-1.0,,,,,,,,,,,1.0,,1.0,1.0,,,,,-1.0,,,,,0.0,,,,0.0,,,1.0,,-1.0,,1.0,,1.0,,2.0,,,,1.0,1.0,,,,1.0,,1.0,,,,,,,,,,,1.0,,1.0,1.0,,,,,2.0,,,,,2.0,,,,2.0,,,1.0,,2.0,,1.0,,20.0,0.0,0.0,0.0,0.0,0.0,0.0,0.0,0.0,0.0,0.0,0.0,0.0,0.0,0.0,0.0,0.0,1998,2026,True
17874,house,Chris Blackshear,R,2016,2026,11,LEGISCAN-17874,2.0,AL-2022-house-80-R-GSL080RBLA,Chris Blackshear,Chris Blackshear,R,HD-080,0.7417249077949118,83.37182448036951,1754.0,6671.0,0.2629290960875431,0.2539426591653773,0.48778224862953456,CHRIS BLACKSHEAR,BLACKSHEAR,-1.0,-1.0,0.0,,,1.0,-0.625,1.0,0.7142857142857143,,-1.0,-1.0,0.0,-1.0,-1.0,0.3333333333333333,1.0,1.0,1.0,-1.0,1.0,-1.0,0.0,0.6,-1.0,0.5,1.0,0.0,1.0,,,1.0,-1.0,,0.5,-1.0,1.0,0.14285714285714285,1.0,,,1.0,,1.0,1.0,1.0,-0.2,,-1.0,1.0,1.0,1.0,4.0,,,1.0,16.0,1.0,14.0,,1.0,1.0,4.0,1.0,1.0,3.0,5.0,6.0,4.0,1.0,7.0,1.0,2.0,5.0,1.0,4.0,1.0,2.0,1.0,,,1.0,5.0,,4.0,2.0,1.0,14.0,3.0,,,5.0,,3.0,2.0,4.0,10.0,,4.0,3.0,150.0,0.0,0.0,0.0,0.0,0.0,0.0,0.0,0.0,0.0,0.0,0.0,0.0,0.0,0.0,0.0,0.0,1998,2026,True
17899,house,Danny Crawford,R,2016,2026,11,LEGISCAN-17899,2.0,AL-2022-house-5-R-GSL005RCRA,Danny Crawford,Danny Crawford,R,HD-005,0.8017998780482677,84.98845265588915,1736.0,6671.0,0.2602308499475341,0.2539426591653773,0.5478572188828904,DANNY CRAWFORD,CRAWFORD,-1.0,-1.0,0.0,,,1.0,-0.4117647058823529,1.0,0.8571428571428571,,-1.0,-1.0,0.0,-1.0,-1.0,0.3333333333333333,1.0,1.0,0.5,-1.0,1.0,-1.0,0.0,1.0,-1.0,0.5,1.0,0.0,1.0,,,1.0,-0.6,,0.5,-1.0,1.0,0.7142857142857143,1.0,,,1.0,,1.0,1.0,1.0,0.0,,-1.0,1.0,1.0,1.0,4.0,,,1.0,17.0,1.0,14.0,,1.0,1.0,4.0,1.0,1.0,3.0,5.0,6.0,4.0,1.0,7.0,1.0,2.0,5.0,1.0,4.0,1.0,2.0,1.0,,,1.0,5.0,,4.0,2.0,1.0,14.0,3.0,,,5.0,,4.0,2.0,4.0,10.0,,4.0,3.0,152.0,0.0,0.0,0.0,0.0,0.0,0.0,0.0,0.0,0.0,0.0,0.0,0.0,0.0,0.0,0.0,0.0,1998,2026,True
19256,house,Corley Ellis,R,2017,2026,10,LEGISCAN-19256,2.0,AL-2022-house-41-R-GSL041RELL,Corley Ellis,Corley Ellis,R,HD-041,0.5834622194007739,79.90762124711316,1469.0,6671.0,0.22020686553740068,0.2539426591653773,0.32951956023539664,CORLEY ELLIS,ELLIS,-1.0,-1.0,0.0,,,1.0,-0.625,1.0,0.8333333333333334,,-1.0,,0.0,-1.0,-1.0,0.3333333333333333,1.0,1.0,1.0,-1.0,1.0,-1.0,0.0,0.6,0.0,0.5,1.0,0.0,1.0,,,1.0,-1.0,,0.5,-1.0,1.0,0.2727272727272727,1.0,,,1.0,,1.0,1.0,1.0,-0.1111111111111111,,-1.0,1.0,1.0,1.0,4.0,,,1.0,16.0,1.0,12.0,,1.0,,4.0,1.0,1.0,3.0,5.0,6.0,3.0,1.0,7.0,1.0,2.0,5.0,2.0,4.0,1.0,2.0,1.0,,,1.0,3.0,,4.0,2.0,1.0,11.0,3.0,,,4.0,,4.0,2.0,4.0,9.0,,3.0,3.0,140.0,0.0,0.0,0.0,0.0,0.0,0.0,0.0,0.0,0.0,0.0,0.0,0.0,0.0,0.0,0.0,0.0,1998,2026,True
19257,house,Joe Lovvorn,R,2017,2026,10,LEGISCAN-19257,2.0,AL-2022-house-79-R-GSL079RLOV,Joe Lovvorn,Joe Lovvorn,R,HD-079,0.5853255079426446,80.13856812933025,1450.0,6671.0,0.21735871683405786,0.2539426591653773,0.3313828487772673,JOE LOVVORN,LOVVORN,-1.0,-1.0,-0.3333333333333333,,,1.0,-0.8461538461538461,1.0,0.6666666666666666,,-1.0,,0.0,-1.0,-1.0,0.3333333333333333,1.0,1.0,0.5,-1.0,1.0,-1.0,0.0,0.6,,0.5,1.0,0.0,1.0,,,1.0,-1.0,,0.5,-1.0,1.0,0.3333333333333333,1.0,,,1.0,,1.0,1.0,1.0,-0.3333333333333333,,-1.0,1.0,1.0,1.0,3.0,,,1.0,13.0,1.0,12.0,,1.0,,4.0,1.0,1.0,3.0,5.0,6.0,4.0,1.0,7.0,1.0,2.0,5.0,,4.0,1.0,2.0,1.0,,,1.0,5.0,,4.0,2.0,1.0,12.0,3.0,,,3.0,,4.0,2.0,4.0,9.0,,4.0,3.0,138.0,0.0,0.0,0.0,0.0,0.0,0.0,0.0,0.0,0.0,0.0,0.0,0.0,0.0,0.0,0.0,0.0,1998,2026,True
19353,house,Rolanda Hollis,D,2017,2026,10,LEGISCAN-19353,2.0,AL-2022-house-58-D-GSL058DHOL,Rolanda Hollis,Rolanda Hollis,D,HD-058,-1.579119676572021,8.083140877598153,1221.0,6671.0,0.1830310298306101,-4.4602844971162574e-10,-1.5791196761259925,ROLANDA HOLLIS,HOLLIS,1.0,1.0,1.0,,,-1.0,-0.07692307692307693,-1.0,-0.2,,,,1.0,-1.0,-1.0,1.0,-1.0,0.3333333333333333,1.0,1.0,-0.5,1.0,-1.0,0.6,-1.0,-1.0,1.0,1.0,1.0,,,-1.0,-1.0,,-0.3333333333333333,-1.0,,0.4,-0.3333333333333333,,,0.3333333333333333,,1.0,1.0,1.0,0.4,,1.0,-1.0,1.0,1.0,3.0,,,1.0,13.0,1.0,5.0,,,,4.0,1.0,1.0,2.0,4.0,6.0,2.0,1.0,4.0,1.0,2.0,5.0,1.0,4.0,1.0,2.0,1.0,,,1.0,5.0,,3.0,2.0,,10.0,3.0,,,3.0,,2.0,1.0,3.0,10.0,,3.0,2.0,115.0,0.0,0.0,0.0,0.0,0.0,0.0,0.0,0.0,0.0,0.0,0.0,0.0,0.0,0.0,0.0,0.0,1998,2026,True
19368,house,Prince Chestnut,D,2017,2026,10,LEGISCAN-19368,2.0,AL-2022-house-67-D-GSL067DCHE,Prince Chestnut,Prince Chestnut,D,HD-067,-1.359892202263567,8.775981524249422,1126.0,6671.0,0.16879028631389598,-4.4602844971162574e-10,-1.3598922018175386,PRINCE CHESTNUT,CHESTNUT,,1.0,1.0,,,,-0.2,-1.0,-0.1111111111111111,,,,1.0,-1.0,-1.0,0.0,-1.0,0.6666666666666666,1.0,1.0,0.2,1.0,-1.0,0.6,-1.0,-1.0,1.0,0.0,1.0,,,,-1.0,,-0.3333333333333333,-1.0,,0.6,-0.3333333333333333,,,0.0,,1.0,1.0,1.0,0.5555555555555556,,1.0,-1.0,,1.0,4.0,,,,10.0,1.0,9.0,,,,4.0,1.0,1.0,2.0,3.0,6.0,4.0,1.0,5.0,1.0,2.0,5.0,2.0,3.0,1.0,2.0,1.0,,,,5.0,,3.0,2.0,,10.0,3.0,,,4.0,,1.0,2.0,2.0,9.0,,3.0,2.0,115.0,0.0,0.0,0.0,0.0,0.0,0.0,0.0,0.0,0.0,0.0,0.0,0.0,0.0,0.0,0.0,0.0,1998,2026,True
19618,house,Rex Reynolds,R,2018,2026,9,LEGISCAN-19618,2.0,AL-2022-house-21-R-GSL021RREY,Rex Reynolds,Rex Reynolds,R,HD-021,0.4310972567078612,76.44341801385681,1203.0,6671.0,0.1803327836906011,0.2539426591653773,0.17715459754248392,REX REYNOLDS,REYNOLDS,,-1.0,-0.3333333333333333,,,1.0,-0.625,,0.6923076923076923,,-1.0,,0.0,-1.0,-1.0,0.3333333333333333,1.0,1.0,1.0,-1.0,1.0,-1.0,0.0,0.6,1.0,0.5,1.0,-1.0,1.0,,,1.0,-1.0,,0.5,-1.0,1.0,0.3333333333333333,1.0,,,1.0,,1.0,1.0,1.0,-0.2,,-1.0,1.0,,1.0,3.0,,,1.0,16.0,,13.0,,1.0,,4.0,1.0,1.0,3.0,5.0,6.0,4.0,1.0,7.0,1.0,2.0,5.0,1.0,4.0,1.0,1.0,1.0,,,1.0,3.0,,4.0,2.0,1.0,12.0,3.0,,,4.0,,4.0,1.0,4.0,10.0,,4.0,2.0,138.0,0.0,0.0,0.0,0.0,0.0,0.0,0.0,0.0,0.0,0.0,0.0,0.0,0.0,0.0,0.0,0.0,1998,2026,True
20421,house,Wes Kitchens,R,2019,2023,5,LEGISCAN-20421,2.0,AL-2022-house-27-R-GSL027RKIT,Wes Kitchens,Wes Kitchens,R,SD-009,0.3249571460478286,73.90300230946882,645.0,6671.0,0.0966871533503223,0.2539426591653773,0.07101448688245132,WES KITCHENS,KITCHENS,,,,,,,-0.3333333333333333,,0.6,,,,,,,1.0,1.0,0.6,1.0,,1.0,,-1.0,-1.0,,1.0,,,,,,,0.0,,1.0,-1.0,,-1.0,,,,1.0,,,,1.0,-1.0,,-1.0,,,,,,,,9.0,,5.0,,,,,,,1.0,1.0,5.0,2.0,,3.0,,1.0,1.0,,2.0,,,,,,,2.0,,1.0,1.0,,4.0,,,,2.0,,,,1.0,1.0,,1.0,,43.0,0.0,0.0,0.0,0.0,0.0,0.0,0.0,0.0,0.0,0.0,0.0,0.0,0.0,0.0,0.0,0.0,1998,2026,True
20421,senate,Wes Kitchens,R,2024,2026,3,LEGISCAN-20421,,,,Wes Kitchens,R,SD-009,0.087614861990295,63.49206349206349,224.0,3886.0,0.05764282038085435,0.19048932356371012,-0.10287446157341512,WES KITCHENS,KITCHENS,,-1.0,1.0,,1.0,,0.0,,1.0,1.0,,,,,,,1.0,1.0,,,1.0,,-1.0,-1.0,1.0,,1.0,,1.0,,,1.0,,,,,1.0,0.0,1.0,,,,,1.0,,,-1.0,,,1.0,,1.0,1.0,,1.0,,4.0,,5.0,2.0,,,,,,,2.0,1.0,,,1.0,,1.0,2.0,1.0,,1.0,,1.0,,,1.0,,,,,1.0,2.0,2.0,,,,,3.0,,,1.0,,,1.0,35.0,0.0,0.0,0.0,0.0,0.0,0.0,0.0,0.0,0.0,0.0,0.0,0.0,0.0,0.0,0.0,0.0,1998,2026,True
21169,senate,Chris Elliott,R,2019,2026,8,LEGISCAN-21169,1.0,AL-2018-senate-32-R-CHRIS-ELLIOTT,Chris Elliott,Chris Elliott,R,SD-032,0.20141239279967235,73.80952380952381,599.0,3886.0,0.1541430777148739,0.19048932356371012,0.01092306923596223,CHRIS ELLIOTT,ELLIOTT,,-1.0,1.0,,1.0,,0.0,,0.7142857142857143,1.0,,-1.0,,,1.0,,1.0,1.0,,1.0,1.0,,-1.0,0.3333333333333333,-1.0,1.0,1.0,1.0,-1.0,,,1.0,,-1.0,,-1.0,1.0,-0.3333333333333333,1.0,1.0,,1.0,,1.0,,,-0.2,,-1.0,1.0,,1.0,1.0,,1.0,,4.0,,7.0,2.0,,2.0,,,2.0,,2.0,2.0,,1.0,2.0,,2.0,3.0,1.0,2.0,1.0,1.0,1.0,,,1.0,,1.0,,1.0,1.0,3.0,2.0,2.0,,1.0,,3.0,,,5.0,,1.0,1.0,60.0,0.0,0.0,0.0,0.0,0.0,0.0,0.0,0.0,0.0,0.0,0.0,0.0,0.0,0.0,0.0,0.0,1998,2026,True
21247,house,Will Dismukes,R,2019,2022,4,LEGISCAN-21247,1.0,AL-2018-house-88-R-WILL-DISMUKES,Will Dismukes,Will Dismukes,R,HD-088,0.21415463738928528,69.5150115473441,523.0,6671.0,0.07839904062359467,0.2539426591653773,-0.039788021776092,WILL DISMUKES,DISMUKES,,,,,,,0.0,,1.0,,,,,,,1.0,1.0,,,,1.0,,,,,1.0,,,,,,,1.0,,,,,,,,,1.0,,,,1.0,,,,,,,,,,,6.0,,2.0,,,,,,,1.0,1.0,,,,1.0,,,,,2.0,,,,,,,1.0,,,,,,,,,1.0,,,,1.0,,,,,16.0,0.0,0.0,0.0,0.0,0.0,0.0,0.0,0.0,0.0,0.0,0.0,0.0,0.0,0.0,0.0,0.0,1998,2026,True
21248,house,Craig Lipscomb,R,2019,2026,8,LEGISCAN-21248,1.0,AL-2022-house-30-R-GSL030RLIP,Craig Lipscomb,Craig Lipscomb,R,HD-030,0.5204434205935247,78.29099307159353,1171.0,6671.0,0.17553590166391844,0.2539426591653773,0.2665007614281474,CRAIG LIPSCOMB,LIPSCOMB,,-1.0,-0.3333333333333333,,,1.0,-0.3333333333333333,,0.6666666666666666,,-1.0,,-0.3333333333333333,-1.0,-1.0,0.3333333333333333,1.0,1.0,1.0,-1.0,1.0,-1.0,0.0,0.2,,1.0,1.0,-1.0,1.0,,,1.0,0.3333333333333333,,0.5,-1.0,1.0,0.2727272727272727,1.0,,,0.3333333333333333,,1.0,1.0,0.5,-0.1111111111111111,,-1.0,1.0,,1.0,3.0,,,1.0,15.0,,12.0,,1.0,,3.0,1.0,1.0,3.0,5.0,6.0,3.0,1.0,6.0,1.0,2.0,5.0,,4.0,1.0,1.0,1.0,,,1.0,3.0,,4.0,2.0,1.0,11.0,3.0,,,3.0,,4.0,1.0,4.0,9.0,,4.0,3.0,130.0,0.0,0.0,0.0,0.0,0.0,0.0,0.0,0.0,0.0,0.0,0.0,0.0,0.0,0.0,0.0,0.0,1998,2026,True
21249,house,Scott Stadthagen,R,2019,2026,8,LEGISCAN-21249,2.0,AL-2022-house-9-R-GSL009RSTA,Scott Stadthagen,Scott Stadthagen,R,HD-009,0.5891469813778276,80.36951501154735,1160.0,6671.0,0.1738869734672463,0.2539426591653773,0.33520432221245033,SCOTT STADTHAGEN,STADTHAGEN,,-1.0,-0.3333333333333333,,,1.0,-0.7333333333333333,,1.0,,-1.0,,0.0,-1.0,-1.0,0.3333333333333333,1.0,1.0,1.0,-1.0,1.0,-1.0,0.0,-0.5,1.0,1.0,-1.0,-1.0,1.0,,,1.0,1.0,,0.5,0.0,1.0,0.09090909090909091,1.0,,,1.0,,1.0,1.0,1.0,-0.6,,-1.0,1.0,,1.0,3.0,,,1.0,15.0,,13.0,,1.0,,4.0,1.0,1.0,3.0,5.0,6.0,4.0,1.0,7.0,1.0,2.0,4.0,1.0,4.0,1.0,1.0,1.0,,,1.0,2.0,,4.0,2.0,1.0,11.0,3.0,,,4.0,,4.0,1.0,4.0,10.0,,4.0,3.0,135.0,0.0,0.0,0.0,0.0,0.0,0.0,0.0,0.0,0.0,0.0,0.0,0.0,0.0,0.0,0.0,0.0,1998,2026,True
21250,house,Shane Stringer,R,2019,2026,8,LEGISCAN-21250,2.0,AL-2022-house-102-R-GSL102RSTR,Shane Stringer,Shane Stringer,R,HD-102,0.5288603938729272,78.52193995381063,1154.0,6671.0,0.17298755808724328,0.2539426591653773,0.2749177347075499,SHANE STRINGER,STRINGER,,-1.0,-0.3333333333333333,,,1.0,-0.23076923076923078,,0.6666666666666666,,-1.0,,-0.3333333333333333,-1.0,-1.0,0.3333333333333333,1.0,0.6666666666666666,1.0,-1.0,1.0,-1.0,0.0,-0.5,1.0,1.0,1.0,-1.0,1.0,,,1.0,0.3333333333333333,,0.5,-1.0,1.0,-0.09090909090909091,1.0,,,0.3333333333333333,,1.0,1.0,0.0,-0.4,,-1.0,1.0,,1.0,3.0,,,1.0,13.0,,12.0,,1.0,,3.0,1.0,1.0,3.0,5.0,6.0,4.0,1.0,6.0,1.0,2.0,4.0,1.0,4.0,1.0,1.0,1.0,,,1.0,3.0,,4.0,2.0,1.0,11.0,3.0,,,3.0,,4.0,1.0,4.0,10.0,,4.0,3.0,130.0,0.0,0.0,0.0,0.0,0.0,0.0,0.0,0.0,0.0,0.0,0.0,0.0,0.0,0.0,0.0,0.0,1998,2026,True
21254,senate,Randy Price,R,2019,2026,8,LEGISCAN-21254,1.0,AL-2018-senate-13-R-RANDY-PRICE,Randy Price,Randy Price,R,SD-013,0.19048932356371012,73.01587301587301,582.0,3886.0,0.14976839938239836,0.19048932356371012,0.0,RANDY PRICE,PRICE,,-1.0,1.0,,1.0,,0.3333333333333333,,0.7142857142857143,1.0,,-1.0,1.0,,1.0,,1.0,1.0,,1.0,1.0,,-1.0,1.0,1.0,1.0,1.0,1.0,,,1.0,1.0,,-1.0,,-1.0,1.0,1.0,1.0,1.0,,1.0,,1.0,,,0.2,,-1.0,1.0,,1.0,1.0,,1.0,,3.0,,7.0,2.0,,2.0,1.0,,3.0,,2.0,2.0,,1.0,2.0,,2.0,3.0,1.0,2.0,1.0,1.0,,,1.0,1.0,,1.0,,1.0,1.0,2.0,2.0,2.0,,1.0,,3.0,,,5.0,,1.0,1.0,60.0,0.0,0.0,0.0,0.0,0.0,0.0,0.0,0.0,0.0,0.0,0.0,0.0,0.0,0.0,0.0,0.0,1998,2026,True
21283,senate,Andrew Jones,R,2019,2026,8,LEGISCAN-21283,1.0,AL-2018-senate-10-R-ANDREW-JONES,Andrew Jones,Andrew Jones,R,SD-010,0.1395876094125899,67.46031746031747,624.0,3886.0,0.16057642820380855,0.19048932356371012,-0.050901714151120214,ANDREW JONES,JONES,,-1.0,1.0,,1.0,,0.2,,0.7142857142857143,1.0,,-1.0,1.0,,0.3333333333333333,,1.0,1.0,,1.0,1.0,,-1.0,1.0,1.0,1.0,,1.0,1.0,,-1.0,1.0,,-1.0,,-1.0,1.0,1.0,1.0,1.0,,1.0,,1.0,,,0.2,,-1.0,1.0,,1.0,1.0,,1.0,,5.0,,7.0,2.0,,2.0,1.0,,3.0,,2.0,2.0,,1.0,2.0,,2.0,3.0,1.0,2.0,,1.0,1.0,,1.0,1.0,,1.0,,1.0,1.0,3.0,2.0,2.0,,1.0,,3.0,,,5.0,,1.0,1.0,63.0,0.0,0.0,0.0,0.0,0.0,0.0,0.0,0.0,0.0,0.0,0.0,0.0,0.0,0.0,0.0,0.0,1998,2026,True
21284,senate,Dan Roberts,R,2019,2026,8,LEGISCAN-21284,1.0,AL-2018-senate-15-R-DAN-ROBERTS,Dan Roberts,Dan Roberts,R,SD-015,0.29704359845452816,76.98412698412699,611.0,3886.0,0.15723108594956253,0.19048932356371012,0.10655427489081803,DAN ROBERTS,ROBERTS,,,1.0,,1.0,,0.2,,0.42857142857142855,1.0,,0.0,,,0.3333333333333333,,1.0,1.0,,1.0,1.0,,-1.0,-1.0,1.0,1.0,1.0,-1.0,-1.0,,-1.0,1.0,,-1.0,,,1.0,0.3333333333333333,1.0,0.0,,1.0,,1.0,,,-0.6,,-1.0,1.0,,,1.0,,1.0,,5.0,,7.0,2.0,,2.0,,,3.0,,1.0,2.0,,1.0,1.0,,2.0,3.0,1.0,2.0,1.0,1.0,1.0,,1.0,1.0,,1.0,,,1.0,3.0,2.0,2.0,,1.0,,3.0,,,5.0,,1.0,1.0,59.0,0.0,0.0,0.0,0.0,0.0,0.0,0.0,0.0,0.0,0.0,0.0,0.0,0.0,0.0,0.0,0.0,1998,2026,True
21285,house,David Wheeler,R,2019,2022,4,LEGISCAN-21285,1.0,AL-2018-house-47-R-DAVID-WHEELER,David Wheeler,David Wheeler,R,HD-047,0.2987790263157679,73.44110854503464,490.0,6671.0,0.07345225603357818,0.2539426591653773,0.04483636715039063,DAVID WHEELER,WHEELER,,,,,,,0.6,,1.0,,,,,,,1.0,,,,,1.0,,,1.0,1.0,,,,,,,,1.0,,,,,,,,,1.0,,,,,,,,,,,,,,,5.0,,1.0,,,,,,,1.0,,,,,1.0,,,1.0,1.0,,,,,,,,1.0,,,,,,,,,1.0,,,,,,,,,12.0,0.0,0.0,0.0,0.0,0.0,0.0,0.0,0.0,0.0,0.0,0.0,0.0,0.0,0.0,0.0,0.0,1998,2026,True
21287,house,Chip Brown,R,2019,2026,8,LEGISCAN-21287,2.0,AL-2022-house-105-R-GSL105RBRO,Chip Brown,Chip Brown,R,HD-105,0.4865550659641696,77.36720554272517,1213.0,6671.0,0.18183180932393944,0.2539426591653773,0.2326124067987923,CHIP BROWN,BROWN,,-1.0,-0.3333333333333333,,,1.0,-0.25,,0.5,,-1.0,,-0.5,-1.0,-1.0,0.3333333333333333,1.0,1.0,1.0,-1.0,1.0,-1.0,0.0,0.6,1.0,1.0,1.0,-1.0,,,,1.0,-1.0,,0.5,-1.0,1.0,0.09090909090909091,1.0,,,0.5,,1.0,1.0,1.0,-0.2,,-1.0,1.0,,1.0,3.0,,,1.0,16.0,,12.0,,1.0,,4.0,1.0,1.0,3.0,5.0,5.0,4.0,1.0,7.0,1.0,2.0,5.0,1.0,4.0,1.0,1.0,,,,1.0,2.0,,4.0,2.0,1.0,11.0,3.0,,,4.0,,4.0,1.0,4.0,10.0,,4.0,3.0,134.0,0.0,0.0,0.0,0.0,0.0,0.0,0.0,0.0,0.0,0.0,0.0,0.0,0.0,0.0,0.0,0.0,1998,2026,True
21288,house,Tracy Estes,R,2019,2026,8,LEGISCAN-21288,2.0,AL-2022-house-17-R-GSL017REST,Tracy Estes,Tracy Estes,R,HD-017,0.544461145907398,78.9838337182448,1147.0,6671.0,0.17193824014390646,0.2539426591653773,0.29051848674202074,TRACY ESTES,ESTES,,-1.0,-0.3333333333333333,,,1.0,-0.5,,1.0,,1.0,,0.0,-1.0,-1.0,0.3333333333333333,1.0,0.6,1.0,-1.0,1.0,,-1.0,-0.2,1.0,0.5,1.0,-1.0,1.0,,,1.0,1.0,,0.5,-1.0,1.0,0.14285714285714285,1.0,,,1.0,,1.0,1.0,0.0,-0.4,,-1.0,1.0,,1.0,3.0,,,1.0,16.0,,13.0,,1.0,,4.0,1.0,1.0,3.0,5.0,5.0,4.0,1.0,7.0,,1.0,5.0,1.0,4.0,1.0,1.0,1.0,,,1.0,3.0,,4.0,1.0,1.0,7.0,3.0,,,4.0,,4.0,1.0,4.0,10.0,,4.0,3.0,130.0,0.0,0.0,0.0,0.0,0.0,0.0,0.0,0.0,0.0,0.0,0.0,0.0,0.0,0.0,0.0,0.0,1998,2026,True
21289,house,Matt Simpson,R,2019,2026,8,LEGISCAN-21289,2.0,AL-2022-house-96-R-GSL096RSIM,Matt Simpson,Matt Simpson,R,HD-096,0.46960045275502815,77.13625866050808,1174.0,6671.0,0.17598560935391996,0.2539426591653773,0.21565779358965087,MATT SIMPSON,SIMPSON,,-1.0,-0.3333333333333333,,,1.0,-0.625,,1.0,,-1.0,,0.0,-1.0,-1.0,0.3333333333333333,1.0,1.0,0.5,-1.0,1.0,,-1.0,0.6,1.0,0.0,1.0,-1.0,1.0,,,1.0,0.3333333333333333,,0.5,-1.0,1.0,0.45454545454545453,1.0,,,1.0,,1.0,1.0,1.0,-0.1111111111111111,,-1.0,1.0,,1.0,3.0,,,1.0,16.0,,12.0,,1.0,,4.0,1.0,1.0,3.0,5.0,6.0,4.0,1.0,7.0,,1.0,5.0,1.0,2.0,1.0,1.0,1.0,,,1.0,3.0,,4.0,2.0,1.0,11.0,2.0,,,4.0,,3.0,1.0,4.0,9.0,,4.0,3.0,130.0,0.0,0.0,0.0,0.0,0.0,0.0,0.0,0.0,0.0,0.0,0.0,0.0,0.0,0.0,0.0,0.0,1998,2026,True
21291,house,Andrew Sorrell,R,2019,2022,4,LEGISCAN-21291,1.0,AL-2018-house-3-R-ANDREW-SORRELL,Andrew Sorrell,Andrew Sorrell,R,HD-003,0.21259355476776062,69.05311778290994,589.0,6671.0,0.08829260980362764,0.2539426591653773,-0.04134910439761666,ANDREW SORRELL,SORRELL,,,,,,,0.3333333333333333,,-1.0,,,,,,,-1.0,1.0,,,,1.0,,,-1.0,1.0,1.0,,,,,,,-1.0,,,,,-1.0,,,,,,,,-1.0,,,,,,,,,,,6.0,,2.0,,,,,,,1.0,1.0,,,,1.0,,,1.0,1.0,2.0,,,,,,,1.0,,,,,1.0,,,,,,,,1.0,,,,,18.0,0.0,0.0,0.0,0.0,0.0,0.0,0.0,0.0,0.0,0.0,0.0,0.0,0.0,0.0,0.0,0.0,1998,2026,True
21297,house,Brett Easterbrook,R,2019,2026,8,LEGISCAN-21297,2.0,AL-2022-house-65-R-GSL065REAS,Brett Easterbrook,Brett Easterbrook,R,HD-065,0.4124819510538053,75.28868360277137,1037.0,6671.0,0.15544895817718482,0.2539426591653773,0.15853929188842802,BRETT EASTERBROOK,EASTERBROOK,,-1.0,-0.3333333333333333,,,1.0,-0.5384615384615384,,0.8,,-1.0,,-0.3333333333333333,-1.0,,0.3333333333333333,1.0,1.0,1.0,-1.0,1.0,-1.0,0.0,0.6,1.0,0.3333333333333333,1.0,-1.0,,,,1.0,1.0,,0.3333333333333333,-1.0,,0.5555555555555556,1.0,,,1.0,,1.0,1.0,1.0,0.1111111111111111,,-1.0,1.0,,1.0,3.0,,,1.0,13.0,,10.0,,1.0,,3.0,1.0,,3.0,5.0,5.0,1.0,1.0,5.0,1.0,2.0,5.0,1.0,3.0,1.0,1.0,,,,1.0,1.0,,3.0,2.0,,9.0,3.0,,,4.0,,4.0,1.0,4.0,9.0,,2.0,2.0,112.0,0.0,0.0,0.0,0.0,0.0,0.0,0.0,0.0,0.0,0.0,0.0,0.0,0.0,0.0,0.0,0.0,1998,2026,True
21298,house,Jeremy Gray,D,2019,2026,8,LEGISCAN-21298,2.0,AL-2022-house-83-D-GSL083DGRA,Jeremy Gray,Jeremy Gray,D,HD-083,-1.3055621504570483,9.006928406466514,988.0,6671.0,0.148103732573827,-4.4602844971162574e-10,-1.3055621500110197,JEREMY GRAY,GRAY,,1.0,1.0,,,,-0.09090909090909091,,-0.1111111111111111,,,,1.0,-1.0,-1.0,0.0,-1.0,0.6666666666666666,1.0,1.0,0.2,1.0,-1.0,0.6,-1.0,-1.0,1.0,1.0,,,,-1.0,-1.0,,-0.3333333333333333,-1.0,1.0,0.0,-0.3333333333333333,,,0.0,,0.3333333333333333,,1.0,0.5555555555555556,,1.0,-0.3333333333333333,,1.0,3.0,,,,11.0,,9.0,,,,4.0,1.0,1.0,2.0,5.0,6.0,3.0,1.0,5.0,1.0,2.0,5.0,1.0,3.0,1.0,1.0,,,,1.0,3.0,,3.0,2.0,1.0,12.0,3.0,,,2.0,,3.0,,3.0,9.0,,4.0,3.0,115.0,0.0,0.0,0.0,0.0,0.0,0.0,0.0,0.0,0.0,0.0,0.0,0.0,0.0,0.0,0.0,0.0,1998,2026,True
21299,house,Kirk Hatcher,D,2019,2023,4,LEGISCAN-21299,1.0,AL-2018-house-78-D-KIRK-HATCHER,Kirk Hatcher,Kirk Hatcher,D,SD-026,-0.1667818319534296,13.625866050808314,172.0,6671.0,0.02578324089341928,-4.4602844971162574e-10,-0.16678183150740117,KIRK HATCHER,HATCHER,,,,,,,-1.0,,,,,,,,,1.0,,,,,,,,-1.0,,,,,,,,,,,,,,,,,,,,,,,,,,,,,,,,,1.0,,,,,,,,,1.0,,,,,,,,1.0,,,,,,,,,,,,,,,,,,,,,,,,,,,3.0,0.0,0.0,0.0,0.0,0.0,0.0,0.0,0.0,0.0,0.0,0.0,0.0,0.0,0.0,0.0,0.0,1998,2026,True
21299,senate,Kirk Hatcher,D,2022,2026,4,LEGISCAN-21299,,,,Kirk Hatcher,D,SD-026,-0.624188730588369,9.523809523809524,423.0,3886.0,0.10885229027277406,-1.6714756153497598e-09,-0.6241887289168934,KIRK HATCHER,HATCHER,,1.0,,,1.0,,0.3333333333333333,,-0.5,-1.0,,-1.0,1.0,,-0.3333333333333333,,-1.0,0.0,,1.0,0.0,,1.0,1.0,1.0,-1.0,,1.0,1.0,,-1.0,-1.0,,1.0,,,-1.0,0.3333333333333333,0.0,1.0,,1.0,,-1.0,,,-0.5,,,,,1.0,,,1.0,,3.0,,4.0,2.0,,1.0,1.0,,3.0,,1.0,2.0,,1.0,2.0,,2.0,2.0,1.0,2.0,,1.0,1.0,,1.0,1.0,,1.0,,,1.0,3.0,2.0,1.0,,1.0,,3.0,,,4.0,,,,49.0,0.0,0.0,0.0,0.0,0.0,0.0,0.0,0.0,0.0,0.0,0.0,0.0,0.0,0.0,0.0,0.0,1998,2026,True
21300,house,Gil Isbell,R,2019,2022,4,LEGISCAN-21300,1.0,AL-2018-house-28-R-GIL-F-ISBELL,Gil F. Isbell,Gil Isbell,R,HD-028,0.24242795873505893,70.43879907621246,564.0,6671.0,0.08454504572028182,0.2539426591653773,-0.011514700430318353,GIL ISBELL,ISBELL,,,,,,,0.0,,-1.0,,,,,,,1.0,1.0,,,,1.0,,,-1.0,1.0,1.0,,,,,,,-1.0,,,,,-1.0,,,,1.0,,,,1.0,,,,,,,,,,,6.0,,2.0,,,,,,,1.0,1.0,,,,1.0,,,1.0,1.0,2.0,,,,,,,1.0,,,,,1.0,,,,1.0,,,,1.0,,,,,19.0,0.0,0.0,0.0,0.0,0.0,0.0,0.0,0.0,0.0,0.0,0.0,0.0,0.0,0.0,0.0,0.0,1998,2026,True
21301,house,Sam Jones,D,2019,2026,8,LEGISCAN-21301,2.0,AL-2022-house-99-D-GSL099DJON,Sam Jones,Sam Jones,D,HD-099,-1.2411263336771403,9.468822170900692,1063.0,6671.0,0.1593464248238645,-4.4602844971162574e-10,-1.2411263332311118,SAM JONES,JONES,,1.0,1.0,,,-1.0,0.16666666666666666,,0.0,,1.0,,1.0,-1.0,-1.0,1.0,-0.5,0.3333333333333333,1.0,1.0,-0.42857142857142855,1.0,-1.0,0.6,,-1.0,1.0,1.0,1.0,,,,-1.0,,-0.3333333333333333,-1.0,,0.0,-0.3333333333333333,,,-0.3333333333333333,,0.3333333333333333,1.0,0.5,0.2,,1.0,-0.3333333333333333,,1.0,2.0,,,1.0,12.0,,10.0,,1.0,,4.0,1.0,1.0,3.0,4.0,6.0,4.0,1.0,7.0,1.0,2.0,5.0,,3.0,1.0,1.0,1.0,,,,2.0,,3.0,1.0,,12.0,3.0,,,3.0,,3.0,1.0,4.0,10.0,,3.0,3.0,120.0,0.0,0.0,0.0,0.0,0.0,0.0,0.0,0.0,0.0,0.0,0.0,0.0,0.0,0.0,0.0,0.0,1998,2026,True
21302,house,Jamie Kiel,R,2019,2026,8,LEGISCAN-21302,2.0,AL-2022-house-18-R-GSL018RKIE,Jamie Kiel,Jamie Kiel,R,HD-018,0.7193913207204978,82.67898383371825,1170.0,6671.0,0.1753859991005846,0.2539426591653773,0.46544866155512055,JAMIE KIEL,KIEL,,-1.0,-0.3333333333333333,,,1.0,-0.375,,0.6923076923076923,,1.0,,-0.5,-1.0,1.0,-0.3333333333333333,1.0,0.6666666666666666,0.5,-1.0,1.0,-1.0,0.0,-0.6,1.0,1.0,-1.0,-1.0,1.0,,,1.0,1.0,,0.5,-1.0,1.0,-0.16666666666666666,1.0,,,0.5,,1.0,1.0,-1.0,-0.5555555555555556,,-1.0,1.0,,1.0,3.0,,,1.0,16.0,,13.0,,1.0,,4.0,1.0,1.0,3.0,5.0,6.0,4.0,1.0,7.0,1.0,2.0,5.0,1.0,3.0,1.0,1.0,1.0,,,1.0,3.0,,4.0,2.0,1.0,12.0,3.0,,,4.0,,4.0,1.0,4.0,9.0,,4.0,3.0,137.0,0.0,0.0,0.0,0.0,0.0,0.0,0.0,0.0,0.0,0.0,0.0,0.0,0.0,0.0,0.0,0.0,1998,2026,True
21303,house,Rhett Marques,R,2019,2026,8,LEGISCAN-21303,2.0,AL-2022-house-91-R-GSL091RMAR,Rhett Marques,Rhett Marques,R,HD-091,0.5336100100872131,78.75288683602771,1174.0,6671.0,0.17598560935391996,0.2539426591653773,0.2796673509218358,RHETT MARQUES,MARQUES,,-1.0,-0.3333333333333333,,,1.0,-0.375,,0.8461538461538461,,-1.0,,-0.5,-1.0,-1.0,0.3333333333333333,1.0,0.6666666666666666,0.5,-1.0,1.0,-1.0,0.0,0.6,1.0,1.0,1.0,-1.0,1.0,,,1.0,-0.3333333333333333,,0.5,-1.0,1.0,0.5,1.0,,,0.5,,1.0,1.0,1.0,-0.2,,-1.0,1.0,,1.0,3.0,,,1.0,16.0,,13.0,,1.0,,4.0,1.0,1.0,3.0,5.0,6.0,4.0,1.0,7.0,1.0,2.0,5.0,1.0,4.0,1.0,1.0,1.0,,,1.0,3.0,,4.0,2.0,1.0,8.0,3.0,,,4.0,,4.0,1.0,4.0,10.0,,4.0,3.0,135.0,0.0,0.0,0.0,0.0,0.0,0.0,0.0,0.0,0.0,0.0,0.0,0.0,0.0,0.0,0.0,0.0,1998,2026,True
21304,house,Parker Moore,R,2019,2026,8,LEGISCAN-21304,2.0,AL-2022-house-4-R-GSL004RMOO,Parker Moore,Parker Moore,R,HD-004,0.1426970764539043,65.1270207852194,1138.0,6671.0,0.17058911707390195,0.2539426591653773,-0.11124558271147297,PARKER MOORE,MOORE,,1.0,1.0,,,1.0,-0.14285714285714285,,0.5,,-1.0,,0.0,-1.0,-1.0,0.3333333333333333,-0.2,-1.0,0.0,-1.0,0.0,,,0.5,1.0,0.5,-1.0,1.0,1.0,,,1.0,-0.3333333333333333,,-0.3333333333333333,1.0,-1.0,0.2727272727272727,1.0,,,0.5,,1.0,1.0,1.0,0.0,,0.0,1.0,,1.0,3.0,,,1.0,14.0,,12.0,,1.0,,4.0,1.0,1.0,3.0,5.0,6.0,4.0,1.0,6.0,,,4.0,1.0,4.0,1.0,1.0,1.0,,,1.0,3.0,,3.0,1.0,1.0,11.0,3.0,,,4.0,,4.0,1.0,4.0,8.0,,4.0,3.0,126.0,0.0,0.0,0.0,0.0,0.0,0.0,0.0,0.0,0.0,0.0,0.0,0.0,0.0,0.0,0.0,0.0,1998,2026,True
21305,house,TaShina Morris,D,2019,2026,8,LEGISCAN-21305,2.0,AL-2022-house-77-D-GSL077DMOR,TaShina Morris,TaShina Morris,D,HD-077,-1.422967375566176,8.314087759815243,1035.0,6671.0,0.15514915305051716,-4.4602844971162574e-10,-1.4229673751201475,TASHINA MORRIS,MORRIS,,1.0,1.0,,,,-0.3333333333333333,,-0.6,,1.0,,1.0,-1.0,-1.0,0.3333333333333333,-0.5,-0.3333333333333333,1.0,1.0,-1.0,1.0,-1.0,0.5,-1.0,-1.0,1.0,1.0,1.0,,,-1.0,-1.0,,-0.3333333333333333,-1.0,-1.0,0.16666666666666666,-0.3333333333333333,,,-0.5,,1.0,1.0,0.3333333333333333,0.5,,1.0,-0.3333333333333333,,1.0,3.0,,,,9.0,,10.0,,1.0,,4.0,1.0,1.0,3.0,4.0,6.0,4.0,1.0,7.0,1.0,1.0,4.0,1.0,4.0,1.0,1.0,1.0,,,1.0,2.0,,3.0,2.0,1.0,12.0,3.0,,,4.0,,3.0,1.0,3.0,8.0,,3.0,3.0,118.0,0.0,0.0,0.0,0.0,0.0,0.0,0.0,0.0,0.0,0.0,0.0,0.0,0.0,0.0,0.0,0.0,1998,2026,True
21306,house,Ed Oliver,R,2019,2026,8,LEGISCAN-21306,2.0,AL-2022-house-81-R-GSL081ROLI,Ed Oliver,Ed Oliver,R,HD-081,0.41460416672570616,75.51963048498845,1200.0,6671.0,0.1798830760005996,0.2539426591653773,0.16066150756032888,ED OLIVER,OLIVER,,-1.0,-0.3333333333333333,,,1.0,-0.5,,0.5384615384615384,,-1.0,,0.0,-1.0,-1.0,0.3333333333333333,1.0,1.0,1.0,-1.0,1.0,-1.0,0.0,0.6,1.0,0.5,1.0,-1.0,1.0,,,1.0,-0.3333333333333333,,0.5,-1.0,1.0,0.2727272727272727,1.0,,,0.5,,1.0,1.0,1.0,-0.3333333333333333,,-1.0,1.0,,1.0,3.0,,,1.0,16.0,,13.0,,1.0,,4.0,1.0,1.0,3.0,5.0,6.0,4.0,1.0,7.0,1.0,2.0,5.0,1.0,4.0,1.0,1.0,1.0,,,1.0,3.0,,4.0,2.0,1.0,11.0,3.0,,,4.0,,4.0,1.0,3.0,9.0,,4.0,3.0,136.0,0.0,0.0,0.0,0.0,0.0,0.0,0.0,0.0,0.0,0.0,0.0,0.0,0.0,0.0,0.0,0.0,1998,2026,True
21307,house,Proncey Robertson,R,2019,2022,4,LEGISCAN-21307,1.0,AL-2018-house-7-R-PRONCEY-ROBERTSON,Proncey Robertson,Proncey Robertson,R,HD-007,0.2654989710887086,72.2863741339492,582.0,6671.0,0.08724329186029081,0.2539426591653773,0.011556311923331342,PRONCEY ROBERTSON,ROBERTSON,,,,,,,0.0,,0.0,,,,,,,1.0,1.0,,,,1.0,,,-1.0,1.0,1.0,,,,,,,-1.0,,,,,-1.0,,,,1.0,,,,1.0,,,,,,,,,,,6.0,,2.0,,,,,,,1.0,1.0,,,,1.0,,,1.0,1.0,2.0,,,,,,,1.0,,,,,1.0,,,,1.0,,,,1.0,,,,,19.0,0.0,0.0,0.0,0.0,0.0,0.0,0.0,0.0,0.0,0.0,0.0,0.0,0.0,0.0,0.0,0.0,1998,2026,True
21308,house,Ginny Shaver,R,2019,2026,8,LEGISCAN-21308,2.0,AL-2022-house-39-R-GSL039RSHA,Ginny Shaver,Ginny Shaver,R,HD-039,0.45435998153078616,76.905311778291,1187.0,6671.0,0.17793434267725977,0.2539426591653773,0.20041732236540888,GINNY SHAVER,SHAVER,,-1.0,-0.3333333333333333,,,1.0,-0.7333333333333333,,0.8461538461538461,,-1.0,,0.3333333333333333,-1.0,-1.0,0.3333333333333333,1.0,1.0,0.5,-1.0,1.0,-1.0,0.0,0.6,1.0,0.5,1.0,-1.0,1.0,,,1.0,-0.3333333333333333,,0.5,-1.0,1.0,0.6363636363636364,1.0,,,1.0,,1.0,1.0,1.0,-0.2,,-1.0,1.0,,1.0,3.0,,,1.0,15.0,,13.0,,1.0,,3.0,1.0,1.0,3.0,5.0,6.0,4.0,1.0,7.0,1.0,2.0,5.0,1.0,4.0,1.0,1.0,1.0,,,1.0,3.0,,4.0,2.0,1.0,11.0,2.0,,,4.0,,4.0,1.0,2.0,10.0,,4.0,3.0,133.0,0.0,0.0,0.0,0.0,0.0,0.0,0.0,0.0,0.0,0.0,0.0,0.0,0.0,0.0,0.0,0.0,1998,2026,True
21309,house,Jeff Sorrells,R,2019,2026,8,LEGISCAN-21309,2.0,AL-2022-house-87-R-GSL087RSOR,Jeff Sorrells,Jeff Sorrells,R,HD-087,0.5191431005071213,78.06004618937644,1167.0,6671.0,0.17493629141058312,0.2539426591653773,0.26520044134174403,JEFF SORRELLS,SORRELLS,,-1.0,-0.3333333333333333,,,1.0,-0.6,,1.0,,-1.0,,-0.5,-1.0,-1.0,0.3333333333333333,1.0,1.0,0.5,-1.0,1.0,-1.0,0.0,0.6,,1.0,1.0,-1.0,1.0,,,1.0,0.3333333333333333,,0.5,-1.0,1.0,0.3333333333333333,1.0,,,1.0,,1.0,1.0,1.0,-0.2,,-1.0,1.0,,1.0,3.0,,,1.0,15.0,,13.0,,1.0,,4.0,1.0,1.0,3.0,5.0,6.0,4.0,1.0,7.0,1.0,2.0,5.0,,4.0,1.0,1.0,1.0,,,1.0,3.0,,4.0,2.0,1.0,9.0,3.0,,,4.0,,4.0,1.0,4.0,10.0,,4.0,3.0,134.0,0.0,0.0,0.0,0.0,0.0,0.0,0.0,0.0,0.0,0.0,0.0,0.0,0.0,0.0,0.0,0.0,1998,2026,True
21310,house,Rodney Sullivan,R,2019,2022,4,LEGISCAN-21310,1.0,AL-2018-house-61-R-RODNEY-SULLIVAN,Rodney Sullivan,Rodney Sullivan,R,HD-061,0.24427194389031084,70.66974595842956,573.0,6671.0,0.08589416879028632,0.2539426591653773,-0.009670715275066438,RODNEY SULLIVAN,SULLIVAN,,,,,,,0.2,,0.0,,,,,,,1.0,1.0,,,,1.0,,,-1.0,,1.0,,,,,,,1.0,,,,,,,,,1.0,,,,,,,,,,,,,,,5.0,,2.0,,,,,,,1.0,1.0,,,,1.0,,,1.0,,2.0,,,,,,,1.0,,,,,,,,,1.0,,,,,,,,,15.0,0.0,0.0,0.0,0.0,0.0,0.0,0.0,0.0,0.0,0.0,0.0,0.0,0.0,0.0,0.0,0.0,1998,2026,True
21311,house,Andy Whitt,R,2019,2026,8,LEGISCAN-21311,2.0,AL-2022-house-6-R-GSL006RWHI,Andy Whitt,Andy Whitt,R,HD-006,0.3873878821684988,75.05773672055427,1184.0,6671.0,0.17748463498725828,0.2539426591653773,0.1334452230031215,ANDY WHITT,WHITT,,-1.0,-0.3333333333333333,,,1.0,-0.6,,0.6923076923076923,,-1.0,,0.0,-1.0,-1.0,0.3333333333333333,1.0,1.0,0.0,-1.0,1.0,-1.0,0.0,0.6,1.0,0.5,1.0,-1.0,1.0,,,1.0,-1.0,,0.5,-1.0,1.0,0.3333333333333333,1.0,,,1.0,,1.0,1.0,1.0,-0.2,,-1.0,1.0,,1.0,3.0,,,1.0,15.0,,13.0,,1.0,,4.0,1.0,1.0,3.0,5.0,6.0,4.0,1.0,7.0,1.0,2.0,5.0,1.0,4.0,1.0,1.0,1.0,,,1.0,3.0,,4.0,2.0,1.0,12.0,3.0,,,4.0,,4.0,1.0,4.0,10.0,,4.0,3.0,138.0,0.0,0.0,0.0,0.0,0.0,0.0,0.0,0.0,0.0,0.0,0.0,0.0,0.0,0.0,0.0,0.0,1998,2026,True
21312,house,Debbie Wood,R,2019,2025,7,LEGISCAN-21312,2.0,AL-2022-house-38-R-GSL038RWOO,Debbie Wood,Debbie Wood,R,HD-038,0.2981548078469384,73.21016166281755,989.0,6671.0,0.14825363513716083,0.2539426591653773,0.04421214868156109,DEBBIE WOOD,WOOD,,-1.0,-1.0,,,1.0,-0.625,,0.5555555555555556,,,,0.0,,-1.0,0.3333333333333333,1.0,0.6666666666666666,1.0,,1.0,,-1.0,-1.0,1.0,0.3333333333333333,1.0,-1.0,1.0,,,1.0,-1.0,,0.5,-1.0,1.0,0.1111111111111111,1.0,,,1.0,,1.0,1.0,1.0,-0.42857142857142855,,-1.0,1.0,,1.0,2.0,,,1.0,16.0,,9.0,,,,4.0,,1.0,3.0,5.0,6.0,3.0,,6.0,,1.0,5.0,1.0,3.0,1.0,1.0,1.0,,,1.0,3.0,,4.0,2.0,1.0,9.0,2.0,,,4.0,,2.0,1.0,1.0,7.0,,3.0,1.0,111.0,0.0,0.0,0.0,0.0,0.0,0.0,0.0,0.0,0.0,0.0,0.0,0.0,0.0,0.0,0.0,0.0,1998,2026,True
21313,senate,Will Barfoot,R,2019,2026,8,LEGISCAN-21313,1.0,AL-2018-senate-25-R-WILL-BARFOOT,Will Barfoot,Will Barfoot,R,SD-025,0.19034112062293082,72.22222222222221,543.0,3886.0,0.13973237261966032,0.19048932356371012,-0.00014820294077930174,WILL BARFOOT,BARFOOT,,-1.0,1.0,,1.0,,0.5,,0.6666666666666666,1.0,,-1.0,1.0,,1.0,,1.0,1.0,,1.0,1.0,,-1.0,1.0,,1.0,1.0,1.0,,,,1.0,,-1.0,,-1.0,1.0,1.0,1.0,1.0,,1.0,,1.0,,,0.5,,-1.0,,,1.0,1.0,,1.0,,4.0,,6.0,2.0,,2.0,1.0,,2.0,,2.0,2.0,,1.0,2.0,,2.0,3.0,,2.0,1.0,1.0,,,,1.0,,1.0,,1.0,1.0,2.0,1.0,2.0,,1.0,,3.0,,,4.0,,1.0,,54.0,0.0,0.0,0.0,0.0,0.0,0.0,0.0,0.0,0.0,0.0,0.0,0.0,0.0,0.0,0.0,0.0,1998,2026,True
21314,senate,David Burkette,D,2019,2021,3,LEGISCAN-21314,1.0,AL-2018-senate-26-D-DAVID-COACH-BURKETTE,"David ""Coach"" Burkette",David Burkette,D,SD-026,-0.09409096875154846,12.698412698412698,76.0,3886.0,0.0195573854863613,-1.6714756153497598e-09,-0.09409096708007285,DAVID BURKETTE,BURKETTE,,,,,,,,,,,,-1.0,,,,,,,,,,,,,,,,,,,,,,,,,,,,,,,,,,,,,,,,,,,,,,,,,,1.0,,,,,,,,,,,,,,,,,,,,,,,,,,,,,,,,,,,,,,,1.0,0.0,0.0,0.0,0.0,0.0,0.0,0.0,0.0,0.0,0.0,0.0,0.0,0.0,0.0,0.0,0.0,1998,2026,True
21315,senate,Sam Givhan,R,2019,2026,8,LEGISCAN-21315,2.0,AL-2022-senate-7-R-GSU07RGIV,Sam Givhan,Sam Givhan,R,SD-007,0.2324317619856145,74.60317460317461,542.0,3886.0,0.13947503860010294,0.19048932356371012,0.04194243842190437,SAM GIVHAN,GIVHAN,,-1.0,1.0,,1.0,,0.2,,1.0,1.0,,,-1.0,,1.0,,1.0,1.0,,1.0,,,-1.0,-0.3333333333333333,1.0,1.0,1.0,,1.0,,1.0,1.0,,-1.0,,-1.0,1.0,1.0,1.0,0.0,,1.0,,1.0,,,0.5,,-1.0,1.0,,1.0,1.0,,1.0,,5.0,,5.0,2.0,,,1.0,,3.0,,2.0,2.0,,1.0,,,2.0,3.0,1.0,2.0,1.0,,1.0,,1.0,1.0,,1.0,,1.0,1.0,3.0,1.0,2.0,,1.0,,3.0,,,4.0,,1.0,1.0,55.0,0.0,0.0,0.0,0.0,0.0,0.0,0.0,0.0,0.0,0.0,0.0,0.0,0.0,0.0,0.0,0.0,1998,2026,True
21316,senate,Garlan Gudger,R,2019,2026,8,LEGISCAN-21316,1.0,AL-2018-senate-4-R-GARLAN-GUDGER,Garlan Gudger,Garlan Gudger,R,SD-004,0.16160849577395178,69.84126984126983,588.0,3886.0,0.15131240349974268,0.19048932356371012,-0.02888082778975834,GARLAN GUDGER,GUDGER,,-1.0,1.0,,,,0.2,,0.7142857142857143,1.0,,-1.0,1.0,,1.0,,1.0,1.0,,1.0,1.0,,-1.0,1.0,1.0,1.0,1.0,1.0,1.0,,,1.0,,,,,1.0,1.0,0.0,0.0,,1.0,,1.0,,,1.0,,-1.0,1.0,,1.0,1.0,,,,5.0,,7.0,2.0,,2.0,1.0,,2.0,,2.0,2.0,,1.0,1.0,,2.0,3.0,1.0,2.0,1.0,1.0,1.0,,,1.0,,,,,1.0,3.0,2.0,2.0,,1.0,,3.0,,,5.0,,1.0,1.0,58.0,0.0,0.0,0.0,0.0,0.0,0.0,0.0,0.0,0.0,0.0,0.0,0.0,0.0,0.0,0.0,0.0,1998,2026,True
21317,senate,Malika Sanders-Fortier,D,2019,2022,4,LEGISCAN-21317,1.0,AL-2018-senate-23-D-MALIKA-SANDERS-FORTIER,Malika Sanders-Fortier,Malika Sanders-Fortier,D,SD-023,-0.09363691475762775,13.492063492063492,104.0,3886.0,0.02676273803396809,-1.6714756153497598e-09,-0.09363691308615214,MALIKA SANDERS FORTIER,FORTIER,,,,,,,,,,,,-1.0,,,,,,,,,,,,,,,,,,,,,,,,,,,,,,,,,,,,,,,,,,,,,,,,,,1.0,,,,,,,,,,,,,,,,,,,,,,,,,,,,,,,,,,,,,,,1.0,0.0,0.0,0.0,0.0,0.0,0.0,0.0,0.0,0.0,0.0,0.0,0.0,0.0,0.0,0.0,0.0,1998,2026,True
21318,house,Neil Rafferty,D,2019,2026,8,LEGISCAN-21318,2.0,AL-2022-house-54-D-GSL054DRAF,Neil Rafferty,Neil Rafferty,D,HD-054,-1.3611697791190585,8.545034642032332,1005.0,6671.0,0.15065207615050216,-4.4602844971162574e-10,-1.36116977867303,NEIL RAFFERTY,RAFFERTY,,1.0,1.0,,,-1.0,0.07692307692307693,,-0.3333333333333333,,,,1.0,-1.0,-1.0,0.0,-1.0,0.6,1.0,1.0,-0.2,1.0,-1.0,0.6,-1.0,-1.0,1.0,1.0,1.0,,,-1.0,-1.0,,-0.3333333333333333,,1.0,0.0,-0.3333333333333333,,,0.3333333333333333,,-1.0,1.0,1.0,0.4,,1.0,-1.0,,1.0,3.0,,,1.0,13.0,,9.0,,,,4.0,1.0,1.0,2.0,5.0,5.0,4.0,1.0,5.0,1.0,2.0,5.0,1.0,3.0,1.0,1.0,1.0,,,1.0,3.0,,3.0,,1.0,10.0,3.0,,,3.0,,3.0,1.0,2.0,10.0,,3.0,3.0,116.0,0.0,0.0,0.0,0.0,0.0,0.0,0.0,0.0,0.0,0.0,0.0,0.0,0.0,0.0,0.0,0.0,1998,2026,True
21322,house,Wes Allen,R,2019,2022,4,LEGISCAN-21322,1.0,AL-2018-house-89-R-WES-ALLEN,Wes Allen,Wes Allen,R,HD-089,0.3707115458914866,74.364896073903,517.0,6671.0,0.07749962524359166,0.2539426591653773,0.1167688867261093,WES ALLEN,ALLEN,,,,,,,0.3333333333333333,,1.0,,,,,,,-1.0,1.0,,,,1.0,,,,1.0,1.0,,,,,,,1.0,,,,,,,,,1.0,,,,1.0,,,,,,,,,,,6.0,,2.0,,,,,,,1.0,1.0,,,,1.0,,,,1.0,2.0,,,,,,,1.0,,,,,,,,,1.0,,,,1.0,,,,,17.0,0.0,0.0,0.0,0.0,0.0,0.0,0.0,0.0,0.0,0.0,0.0,0.0,0.0,0.0,0.0,0.0,1998,2026,True
21416,house,Charlotte Meadows,R,2020,2022,3,LEGISCAN-21416,1.0,AL-2022-house-74-R-GSL074RMEA,Charlotte Meadows,Charlotte Meadows,R,HD-074,0.19673583522689986,66.51270207852194,432.0,6671.0,0.06475790736021586,0.2539426591653773,-0.057206823938477425,CHARLOTTE MEADOWS,MEADOWS,,,,,,,-0.3333333333333333,,-1.0,,,,,,,,1.0,,,,1.0,,,,1.0,1.0,,,,,,,,,,,,1.0,,,,1.0,,,,1.0,,,,,,,,,,,3.0,,1.0,,,,,,,,1.0,,,,1.0,,,,1.0,2.0,,,,,,,,,,,,1.0,,,,1.0,,,,1.0,,,,,12.0,0.0,0.0,0.0,0.0,0.0,0.0,0.0,0.0,0.0,0.0,0.0,0.0,0.0,0.0,0.0,0.0,1998,2026,True
21548,house,Van Smith,R,2020,2026,7,LEGISCAN-21548,1.0,AL-2022-house-42-R-GSL042RSMI,Van Smith,Van Smith,R,HD-042,0.4147359978284919,75.75057736720554,1056.0,6671.0,0.15829710688052764,0.2539426591653773,0.16079333866311463,VAN SMITH,SMITH,,-1.0,-0.3333333333333333,,,1.0,-0.5714285714285714,,0.5384615384615384,,-1.0,,0.0,-1.0,1.0,0.0,1.0,0.3333333333333333,1.0,-1.0,1.0,-1.0,0.0,-1.0,1.0,0.5,1.0,-1.0,1.0,,,1.0,-1.0,,0.5,-1.0,1.0,0.2,1.0,,,0.5,,1.0,1.0,1.0,-0.6,,-1.0,1.0,,1.0,3.0,,,1.0,14.0,,13.0,,1.0,,4.0,1.0,1.0,2.0,5.0,6.0,4.0,1.0,7.0,1.0,2.0,4.0,1.0,4.0,1.0,1.0,1.0,,,1.0,3.0,,4.0,2.0,1.0,10.0,3.0,,,4.0,,4.0,1.0,4.0,10.0,,4.0,3.0,133.0,0.0,0.0,0.0,0.0,0.0,0.0,0.0,0.0,0.0,0.0,0.0,0.0,0.0,0.0,0.0,0.0,1998,2026,True
22671,house,Russell Bedsole,R,2021,2026,6,LEGISCAN-22671,1.0,AL-2022-house-49-R-GSL049RBED,Russell Bedsole,Russell Bedsole,R,HD-049,0.43025160681932517,76.21247113163973,1045.0,6671.0,0.1566481786838555,0.2539426591653773,0.1763089476539479,RUSSELL BEDSOLE,BEDSOLE,,-1.0,-0.3333333333333333,,,1.0,-0.5714285714285714,,0.6666666666666666,,-1.0,,0.0,-1.0,-1.0,0.0,1.0,1.0,1.0,-1.0,1.0,-1.0,0.0,0.5,1.0,0.5,1.0,-1.0,1.0,,,1.0,-0.3333333333333333,,0.5,-1.0,1.0,0.3333333333333333,1.0,,,0.5,,1.0,1.0,1.0,-0.2,,-1.0,1.0,,1.0,3.0,,,1.0,14.0,,12.0,,1.0,,4.0,1.0,1.0,2.0,5.0,6.0,4.0,1.0,7.0,1.0,2.0,4.0,1.0,4.0,1.0,1.0,1.0,,,1.0,3.0,,4.0,1.0,1.0,12.0,3.0,,,4.0,,4.0,1.0,4.0,10.0,,4.0,3.0,133.0,0.0,0.0,0.0,0.0,0.0,0.0,0.0,0.0,0.0,0.0,0.0,0.0,0.0,0.0,0.0,0.0,1998,2026,True
22761,house,Ben Robbins,R,2021,2026,6,LEGISCAN-22761,1.0,AL-2022-house-33-R-GSL033RROB,Ben Robbins,Ben Robbins,R,HD-033,0.37797649852487314,74.82678983833718,986.0,6671.0,0.14780392744715934,0.2539426591653773,0.12403383935949586,BEN ROBBINS,ROBBINS,,-1.0,-0.3333333333333333,,,1.0,-0.42857142857142855,,0.45454545454545453,,-1.0,,0.0,-1.0,-1.0,0.0,1.0,1.0,1.0,-1.0,1.0,-1.0,0.0,-0.5,1.0,0.5,1.0,-1.0,1.0,,,1.0,-1.0,,0.5,-1.0,1.0,0.0,1.0,,,0.3333333333333333,,1.0,1.0,0.3333333333333333,-0.4,,-1.0,1.0,,1.0,3.0,,,1.0,14.0,,11.0,,1.0,,4.0,1.0,1.0,2.0,5.0,6.0,3.0,1.0,7.0,1.0,2.0,4.0,1.0,4.0,1.0,1.0,1.0,,,1.0,3.0,,4.0,2.0,1.0,12.0,3.0,,,3.0,,4.0,1.0,3.0,10.0,,4.0,3.0,130.0,0.0,0.0,0.0,0.0,0.0,0.0,0.0,0.0,0.0,0.0,0.0,0.0,0.0,0.0,0.0,0.0,1998,2026,True
22885,senate,Rules,,2021,2022,2,LEGISCAN-22885,,,,,,,,,,,,,,,,,,,,,,,,,,,,,,,,,,,,,,,,,,,,,,,,,,,,,,,,,,,,,,,,,,,,,,,,,,,,,,,,,,,,,,,,,,,,,,,,,,,,,,,,,,,,,,,,,,,,,,,,,,,,,,,,,,,,,1998,2026,False
22886,house,Rules,,2021,2022,2,LEGISCAN-22886,,,,,,,,,,,,,,,,,,,,,,,,,,,,,,,,,,,,,,,,,,,,,,,,,,,,,,,,,,,,,,,,,,,,,,,,,,,,,,,,,,,,,,,,,,,,,,,,,,,,,,,,,,,,,,,,,,,,,,,,,,,,,,,,,,,,,1998,2026,False
22952,house,Kenyatte Hassell,D,2021,2026,6,LEGISCAN-22952,1.0,AL-2022-house-78-D-GSL078DHAS,Kenyatté Hassell,Kenyatte Hassell,D,HD-078,-0.8572113538137869,10.161662817551962,663.0,6671.0,0.09938539949033129,-4.4602844971162574e-10,-0.8572113533677584,KENYATTE HASSELL,HASSELL,,1.0,1.0,,,,-0.25,,0.14285714285714285,,,,1.0,-1.0,-1.0,1.0,-0.3333333333333333,0.0,1.0,1.0,-0.6,,,1.0,,-1.0,1.0,,1.0,,,-1.0,-1.0,,-0.3333333333333333,-1.0,,0.3333333333333333,-0.3333333333333333,,,1.0,,0.3333333333333333,1.0,1.0,0.5555555555555556,,1.0,-1.0,,1.0,2.0,,,,8.0,,7.0,,,,3.0,1.0,1.0,2.0,3.0,6.0,3.0,1.0,5.0,,,4.0,,3.0,1.0,,1.0,,,1.0,2.0,,3.0,1.0,,9.0,3.0,,,1.0,,3.0,1.0,3.0,9.0,,3.0,1.0,92.0,0.0,0.0,0.0,0.0,0.0,0.0,0.0,0.0,0.0,0.0,0.0,0.0,0.0,0.0,0.0,0.0,1998,2026,True
22953,house,Kenneth Paschal,R,2021,2026,6,LEGISCAN-22953,1.0,AL-2022-house-73-R-GSL073RPAS,Kenneth Paschal,Kenneth Paschal,R,HD-073,0.37728284349524566,74.5958429561201,800.0,6671.0,0.1199220506670664,0.2539426591653773,0.12334018432986837,KENNETH PASCHAL,PASCHAL,,-1.0,-0.3333333333333333,,,1.0,-0.5,,0.6363636363636364,,-1.0,,0.0,-1.0,-1.0,0.0,1.0,1.0,1.0,-1.0,1.0,-1.0,0.0,0.0,,1.0,1.0,-1.0,1.0,,,1.0,-1.0,,0.5,-1.0,1.0,0.16666666666666666,1.0,,,0.3333333333333333,,1.0,1.0,0.0,-0.7777777777777778,,-1.0,1.0,,1.0,3.0,,,1.0,12.0,,11.0,,1.0,,4.0,1.0,1.0,2.0,5.0,6.0,4.0,1.0,6.0,1.0,2.0,4.0,,4.0,1.0,1.0,1.0,,,1.0,2.0,,4.0,2.0,1.0,12.0,3.0,,,3.0,,4.0,1.0,4.0,9.0,,4.0,3.0,126.0,0.0,0.0,0.0,0.0,0.0,0.0,0.0,0.0,0.0,0.0,0.0,0.0,0.0,0.0,0.0,0.0,1998,2026,True
22964,house,Cynthia Almond,R,2021,2025,5,LEGISCAN-22964,1.0,AL-2022-house-63-R-GSL063RALM,Cynthia Almond,Cynthia Almond,R,HD-063,0.2084025997758844,68.36027713625866,603.0,6671.0,0.0903912456903013,0.2539426591653773,-0.045540059389492876,CYNTHIA ALMOND,ALMOND,,-1.0,-1.0,,,1.0,-0.6923076923076923,,0.75,,,,0.0,,-1.0,0.0,1.0,0.6666666666666666,1.0,,1.0,,-1.0,1.0,,0.3333333333333333,1.0,-1.0,1.0,,,1.0,-1.0,,0.5,-1.0,1.0,0.3333333333333333,1.0,,,1.0,,1.0,1.0,1.0,0.14285714285714285,,-1.0,1.0,,1.0,2.0,,,1.0,13.0,,8.0,,,,4.0,,1.0,2.0,5.0,6.0,4.0,,5.0,,1.0,4.0,,3.0,1.0,1.0,1.0,,,1.0,2.0,,4.0,2.0,1.0,9.0,2.0,,,3.0,,2.0,1.0,1.0,7.0,,3.0,1.0,102.0,0.0,0.0,0.0,0.0,0.0,0.0,0.0,0.0,0.0,0.0,0.0,0.0,0.0,0.0,0.0,0.0,1998,2026,True
23107,house,Patrice McClammy,D,2022,2026,5,LEGISCAN-23107,1.0,AL-2022-house-76-D-GSL076DMCC,Patrice McClammy,Patrice McClammy,D,HD-076,-0.845622158936318,10.392609699769054,654.0,6671.0,0.09803627642032679,-4.4602844971162574e-10,-0.8456221584902895,PATRICE MCCLAMMY,MCCLAMMY,,1.0,1.0,,,,0.0,,0.1111111111111111,,,,1.0,-1.0,-1.0,1.0,-1.0,0.3333333333333333,1.0,,-0.2,1.0,-1.0,1.0,,-1.0,1.0,1.0,,,,-1.0,-1.0,,-0.3333333333333333,-1.0,,0.2727272727272727,-0.3333333333333333,,,1.0,,0.3333333333333333,,1.0,0.3333333333333333,,1.0,-1.0,,1.0,3.0,,,,6.0,,9.0,,,,4.0,1.0,1.0,2.0,5.0,6.0,3.0,,5.0,1.0,2.0,4.0,,4.0,1.0,1.0,,,,1.0,1.0,,3.0,2.0,,11.0,3.0,,,1.0,,3.0,,3.0,9.0,,4.0,3.0,103.0,0.0,0.0,0.0,0.0,0.0,0.0,0.0,0.0,0.0,0.0,0.0,0.0,0.0,0.0,0.0,0.0,1998,2026,True
24594,senate,Lance Bell,R,2023,2026,4,LEGISCAN-24594,,,,Lance Bell,R,SD-011,0.12206278335416813,65.07936507936508,310.0,3886.0,0.0797735460627895,0.19048932356371012,-0.06842654020954199,LANCE BELL,BELL,,-1.0,1.0,,1.0,,0.0,,0.6666666666666666,1.0,,,,,1.0,,1.0,1.0,,,1.0,,-1.0,0.3333333333333333,1.0,,1.0,,,,,1.0,,-1.0,,-1.0,1.0,0.0,1.0,1.0,,,,1.0,,,0.0,,-1.0,1.0,,1.0,1.0,,1.0,,4.0,,6.0,2.0,,,,,2.0,,2.0,2.0,,,2.0,,1.0,3.0,1.0,,1.0,,,,,1.0,,1.0,,1.0,1.0,2.0,2.0,1.0,,,,3.0,,,4.0,,1.0,1.0,47.0,0.0,0.0,0.0,0.0,0.0,0.0,0.0,0.0,0.0,0.0,0.0,0.0,0.0,0.0,0.0,0.0,1998,2026,True
24595,house,Ron Bolton,R,2023,2026,4,LEGISCAN-24595,1.0,AL-2022-house-61-R-GSL061RBOL,Ron Bolton,Ron Bolton,R,HD-061,0.20347988173934378,67.6674364896074,577.0,6671.0,0.08649377904362164,0.2539426591653773,-0.0504627774260335,RON BOLTON,BOLTON,,-1.0,-0.3333333333333333,,,1.0,-1.0,,1.0,,-1.0,,-0.3333333333333333,-1.0,,0.0,1.0,1.0,1.0,-1.0,1.0,-1.0,0.0,0.0,,0.0,1.0,-1.0,1.0,,,1.0,0.0,,0.5,-1.0,1.0,1.0,1.0,,,1.0,,1.0,1.0,1.0,-0.5555555555555556,,-1.0,1.0,,1.0,3.0,,,1.0,10.0,,11.0,,1.0,,3.0,1.0,,2.0,3.0,6.0,2.0,1.0,6.0,1.0,2.0,4.0,,2.0,1.0,1.0,1.0,,,1.0,2.0,,4.0,2.0,1.0,11.0,3.0,,,3.0,,4.0,1.0,3.0,9.0,,4.0,3.0,114.0,0.0,0.0,0.0,0.0,0.0,0.0,0.0,0.0,0.0,0.0,0.0,0.0,0.0,0.0,0.0,0.0,1998,2026,True
24596,house,Brock Colvin,R,2023,2026,4,LEGISCAN-24596,1.0,AL-2022-house-26-R-GSL026RCOL,Brock Colvin,Brock Colvin,R,HD-026,0.2624571802415206,72.05542725173211,612.0,6671.0,0.09174036876030581,0.2539426591653773,0.008514521076143311,BROCK COLVIN,COLVIN,,-1.0,-0.3333333333333333,,,1.0,-1.0,,1.0,,-1.0,,-0.5,-1.0,-1.0,0.0,1.0,1.0,1.0,-1.0,1.0,-1.0,0.0,-0.5,,1.0,-1.0,-1.0,1.0,,,1.0,0.0,,0.5,-1.0,1.0,0.09090909090909091,1.0,,,1.0,,1.0,1.0,1.0,-0.4,,-1.0,1.0,,1.0,3.0,,,1.0,10.0,,11.0,,1.0,,4.0,1.0,1.0,2.0,4.0,6.0,3.0,1.0,6.0,1.0,2.0,4.0,,2.0,1.0,1.0,1.0,,,1.0,2.0,,4.0,2.0,1.0,11.0,3.0,,,3.0,,4.0,1.0,3.0,10.0,,4.0,3.0,119.0,0.0,0.0,0.0,0.0,0.0,0.0,0.0,0.0,0.0,0.0,0.0,0.0,0.0,0.0,0.0,0.0,1998,2026,True
24597,house,Phillip Ensler,D,2023,2026,4,LEGISCAN-24597,1.0,AL-2022-house-74-D-GSL074DENS,Phillip Ensler,Phillip Ensler,D,HD-074,-0.5773448257249453,11.778290993071593,547.0,6671.0,0.08199670214360666,-4.4602844971162574e-10,-0.5773448252789168,PHILLIP ENSLER,ENSLER,,1.0,1.0,,,-1.0,0.2,,0.5,,-1.0,,1.0,-1.0,-1.0,0.0,-1.0,1.0,1.0,1.0,-0.6,1.0,-1.0,1.0,,-1.0,1.0,1.0,1.0,,,-1.0,-1.0,,-0.5,-1.0,1.0,0.0,-0.3333333333333333,,,1.0,,-1.0,1.0,1.0,0.3333333333333333,,1.0,-1.0,,1.0,3.0,,,1.0,10.0,,8.0,,1.0,,4.0,1.0,1.0,2.0,4.0,6.0,4.0,1.0,5.0,1.0,2.0,4.0,,2.0,1.0,1.0,1.0,,,1.0,2.0,,4.0,2.0,1.0,8.0,3.0,,,2.0,,1.0,1.0,3.0,9.0,,3.0,3.0,107.0,0.0,0.0,0.0,0.0,0.0,0.0,0.0,0.0,0.0,0.0,0.0,0.0,0.0,0.0,0.0,0.0,1998,2026,True
24598,house,Mark Gidley,R,2023,2026,4,LEGISCAN-24598,1.0,AL-2022-house-29-R-GSL029RGID,Mark Gidley,Mark Gidley,R,HD-029,0.26185913360388074,71.82448036951502,603.0,6671.0,0.0903912456903013,0.2539426591653773,0.007916474438503462,MARK GIDLEY,GIDLEY,,-1.0,-0.3333333333333333,,,1.0,-1.0,,1.0,,-1.0,,0.0,-1.0,-1.0,0.0,1.0,1.0,1.0,-1.0,1.0,-1.0,0.0,-1.0,,1.0,1.0,-1.0,1.0,,,1.0,0.0,,0.5,-1.0,1.0,0.2,1.0,,,1.0,,1.0,1.0,1.0,-0.4,,-1.0,1.0,,1.0,3.0,,,1.0,10.0,,11.0,,1.0,,4.0,1.0,1.0,2.0,4.0,6.0,4.0,1.0,6.0,1.0,2.0,4.0,,2.0,1.0,1.0,1.0,,,1.0,2.0,,4.0,1.0,1.0,10.0,3.0,,,3.0,,4.0,1.0,3.0,10.0,,4.0,3.0,118.0,0.0,0.0,0.0,0.0,0.0,0.0,0.0,0.0,0.0,0.0,0.0,0.0,0.0,0.0,0.0,0.0,1998,2026,True
24599,house,Ben Harrison,R,2023,2026,4,LEGISCAN-24599,1.0,AL-2022-house-2-R-GSL002RHAR,Ben Harrison,Ben Harrison,R,HD-002,0.27767800045084934,72.74826789838336,587.0,6671.0,0.08799280467695998,0.2539426591653773,0.023735341285472056,BEN HARRISON,HARRISON,,-1.0,-1.0,,,1.0,-0.6,,0.6363636363636364,,-1.0,,-0.5,1.0,-1.0,0.0,1.0,1.0,0.5,-1.0,1.0,-1.0,0.0,-1.0,,1.0,-1.0,-1.0,-1.0,,,1.0,0.0,,0.5,0.0,-1.0,0.09090909090909091,0.3333333333333333,,,0.3333333333333333,,1.0,1.0,1.0,-0.2,,-1.0,1.0,,1.0,3.0,,,1.0,10.0,,11.0,,1.0,,4.0,1.0,1.0,2.0,4.0,5.0,4.0,1.0,6.0,1.0,2.0,4.0,,2.0,1.0,1.0,1.0,,,1.0,2.0,,4.0,2.0,1.0,11.0,3.0,,,3.0,,4.0,1.0,3.0,10.0,,4.0,3.0,119.0,0.0,0.0,0.0,0.0,0.0,0.0,0.0,0.0,0.0,0.0,0.0,0.0,0.0,0.0,0.0,0.0,1998,2026,True
24600,senate,Jay Hovey,R,2023,2026,4,LEGISCAN-24600,1.0,AL-2022-senate-27-R-GSU27RHOV,Jay Hovey,Jay Hovey,R,SD-027,0.10339619864949673,64.28571428571429,280.0,3886.0,0.07205352547606794,0.19048932356371012,-0.0870931249142134,JAY HOVEY,HOVEY,,-1.0,,,1.0,,-1.0,,0.6666666666666666,1.0,,,1.0,,1.0,,1.0,1.0,,,1.0,,-1.0,1.0,1.0,,1.0,,1.0,,,1.0,,-1.0,,-1.0,1.0,1.0,1.0,1.0,,,,1.0,,,0.5,,-1.0,1.0,,1.0,,,1.0,,2.0,,6.0,2.0,,,1.0,,2.0,,2.0,2.0,,,2.0,,1.0,3.0,1.0,,1.0,,1.0,,,1.0,,1.0,,1.0,1.0,2.0,2.0,1.0,,,,3.0,,,4.0,,1.0,1.0,46.0,0.0,0.0,0.0,0.0,0.0,0.0,0.0,0.0,0.0,0.0,0.0,0.0,0.0,0.0,0.0,0.0,1998,2026,True
24601,house,Leigh Hulsey,R,2023,2026,4,LEGISCAN-24601,1.0,AL-2022-house-15-R-GSL015RHUL,Leigh Hulsey,Leigh Hulsey,R,HD-015,0.2074159748588583,68.12933025404158,600.0,6671.0,0.0899415380002998,0.2539426591653773,-0.04652668430651899,LEIGH HULSEY,HULSEY,,-1.0,-0.3333333333333333,,,1.0,-1.0,,1.0,,-1.0,,0.0,-1.0,-1.0,0.0,1.0,1.0,1.0,-1.0,1.0,,-1.0,0.5,,1.0,,-1.0,1.0,,,1.0,-1.0,,0.5,-1.0,1.0,0.2727272727272727,1.0,,,1.0,,1.0,1.0,1.0,-0.2,,-1.0,1.0,,1.0,3.0,,,1.0,9.0,,10.0,,1.0,,4.0,1.0,1.0,2.0,4.0,5.0,3.0,1.0,6.0,,1.0,4.0,,2.0,,1.0,1.0,,,1.0,1.0,,4.0,2.0,1.0,11.0,3.0,,,3.0,,4.0,1.0,3.0,10.0,,4.0,3.0,112.0,0.0,0.0,0.0,0.0,0.0,0.0,0.0,0.0,0.0,0.0,0.0,0.0,0.0,0.0,0.0,0.0,1998,2026,True
24602,house,Mike Kirkland,R,2023,2026,4,LEGISCAN-24602,1.0,AL-2022-house-23-R-GSL023RKIR,Mike Kirkland,Mike Kirkland,R,HD-023,0.2204760611749843,69.9769053117783,633.0,6671.0,0.09488832259031629,0.2539426591653773,-0.03346659799039298,MIKE KIRKLAND,KIRKLAND,,-1.0,-0.3333333333333333,,,1.0,-1.0,,1.0,,-1.0,,0.0,-1.0,-1.0,0.0,1.0,0.6666666666666666,1.0,-1.0,1.0,-1.0,0.0,1.0,,0.0,1.0,-1.0,1.0,,,1.0,0.0,,0.5,-1.0,1.0,0.2727272727272727,1.0,,,1.0,,1.0,1.0,1.0,-0.2,,-1.0,1.0,,1.0,3.0,,,1.0,10.0,,11.0,,1.0,,4.0,1.0,1.0,2.0,4.0,6.0,4.0,1.0,6.0,1.0,2.0,4.0,,2.0,1.0,1.0,1.0,,,1.0,2.0,,4.0,2.0,1.0,11.0,3.0,,,3.0,,4.0,1.0,3.0,10.0,,4.0,3.0,120.0,0.0,0.0,0.0,0.0,0.0,0.0,0.0,0.0,0.0,0.0,0.0,0.0,0.0,0.0,0.0,0.0,1998,2026,True
24603,house,Bill Lamb,R,2023,2026,4,LEGISCAN-24603,1.0,AL-2022-house-62-R-GSL062RLAM,Bill Lamb,Bill Lamb,R,HD-062,0.25685068488897805,71.36258660508084,616.0,6671.0,0.09233997901364113,0.2539426591653773,0.002908025723600771,BILL LAMB,LAMB,,-1.0,-0.3333333333333333,,,1.0,-1.0,,1.0,,-1.0,,0.0,-1.0,-1.0,0.0,1.0,1.0,1.0,-1.0,1.0,-1.0,0.0,-0.5,,1.0,1.0,-1.0,1.0,,,1.0,0.0,,0.5,-1.0,1.0,0.4,1.0,,,1.0,,1.0,1.0,1.0,-0.4,,-1.0,1.0,,1.0,3.0,,,1.0,10.0,,11.0,,1.0,,4.0,1.0,1.0,2.0,4.0,6.0,3.0,1.0,6.0,1.0,2.0,4.0,,2.0,1.0,1.0,1.0,,,1.0,2.0,,4.0,2.0,1.0,10.0,3.0,,,3.0,,4.0,1.0,3.0,10.0,,4.0,3.0,118.0,0.0,0.0,0.0,0.0,0.0,0.0,0.0,0.0,0.0,0.0,0.0,0.0,0.0,0.0,0.0,0.0,1998,2026,True
24604,house,Marcus Paramore,R,2023,2026,4,LEGISCAN-24604,1.0,AL-2022-house-89-R-GSL089RPAR,Marcus Paramore,Marcus Paramore,R,HD-089,0.2029315708977314,67.2055427251732,607.0,6671.0,0.09099085594363664,0.2539426591653773,-0.05101108826764589,MARCUS PARAMORE,PARAMORE,,-1.0,-0.3333333333333333,,,1.0,-1.0,,1.0,,-1.0,,0.0,-1.0,-1.0,0.0,1.0,1.0,1.0,-1.0,1.0,-1.0,0.0,1.0,,1.0,1.0,-1.0,1.0,,,1.0,-1.0,,0.5,-1.0,1.0,0.2727272727272727,1.0,,,1.0,,1.0,1.0,1.0,-0.2,,-1.0,1.0,,1.0,3.0,,,1.0,10.0,,11.0,,1.0,,4.0,1.0,1.0,2.0,4.0,6.0,3.0,1.0,5.0,1.0,2.0,4.0,,2.0,1.0,1.0,1.0,,,1.0,2.0,,4.0,2.0,1.0,11.0,3.0,,,3.0,,4.0,1.0,3.0,10.0,,4.0,3.0,118.0,0.0,0.0,0.0,0.0,0.0,0.0,0.0,0.0,0.0,0.0,0.0,0.0,0.0,0.0,0.0,0.0,1998,2026,True
24605,house,Rick Rehm,R,2023,2026,4,LEGISCAN-24605,1.0,AL-2022-house-85-R-GSL085RREH,Rick Rehm,Rick Rehm,R,HD-085,0.2443537629041943,70.90069284064666,617.0,6671.0,0.09248988157697496,0.2539426591653773,-0.009588896261182978,RICK REHM,REHM,,-1.0,-0.3333333333333333,,,1.0,-0.8,,0.8181818181818182,,-1.0,,-1.0,-1.0,-1.0,0.0,1.0,1.0,0.5,-1.0,1.0,-1.0,0.0,1.0,,1.0,,-1.0,1.0,,,1.0,0.0,,0.5,-1.0,1.0,-0.6,1.0,,,0.3333333333333333,,1.0,1.0,1.0,-0.3333333333333333,,-1.0,1.0,,1.0,3.0,,,1.0,10.0,,11.0,,1.0,,4.0,1.0,1.0,2.0,4.0,6.0,4.0,1.0,6.0,1.0,2.0,4.0,,2.0,,1.0,1.0,,,1.0,2.0,,4.0,2.0,1.0,10.0,3.0,,,3.0,,4.0,1.0,1.0,9.0,,4.0,3.0,115.0,0.0,0.0,0.0,0.0,0.0,0.0,0.0,0.0,0.0,0.0,0.0,0.0,0.0,0.0,0.0,0.0,1998,2026,True
24606,house,Chad Robertson,R,2023,2026,4,LEGISCAN-24606,1.0,AL-2022-house-40-R-GSL040RROB,Chad Robertson,Chad Robertson,R,HD-040,0.21552471325240347,69.7459584295612,627.0,6671.0,0.09398890721031329,0.2539426591653773,-0.03841794591297382,CHAD ROBERTSON,ROBERTSON,,-1.0,-0.3333333333333333,,,1.0,-1.0,,1.0,,1.0,,0.0,-1.0,-1.0,0.0,1.0,0.6,0.5,-1.0,1.0,-1.0,0.0,1.0,,1.0,-1.0,-1.0,1.0,,,1.0,0.0,,0.5,-1.0,1.0,0.2,1.0,,,1.0,,1.0,1.0,0.3333333333333333,-0.2,,-1.0,1.0,,1.0,3.0,,,1.0,10.0,,11.0,,1.0,,4.0,1.0,1.0,2.0,4.0,5.0,4.0,1.0,6.0,1.0,2.0,4.0,,2.0,1.0,1.0,1.0,,,1.0,2.0,,4.0,2.0,1.0,10.0,3.0,,,3.0,,4.0,1.0,3.0,10.0,,4.0,3.0,118.0,0.0,0.0,0.0,0.0,0.0,0.0,0.0,0.0,0.0,0.0,0.0,0.0,0.0,0.0,0.0,0.0,1998,2026,True
24607,house,Mike Shaw,R,2023,2026,4,LEGISCAN-24607,1.0,AL-2022-house-47-R-GSL047RSHA,Mike Shaw,Mike Shaw,R,HD-047,0.21147564672795288,68.82217090069284,617.0,6671.0,0.09248988157697496,0.2539426591653773,-0.0424670124374244,MIKE SHAW,SHAW,,-1.0,-0.3333333333333333,,,1.0,-1.0,,1.0,,-1.0,,0.0,-1.0,-1.0,0.0,1.0,0.6666666666666666,0.5,-1.0,1.0,-1.0,0.0,1.0,,1.0,-1.0,-1.0,1.0,,,1.0,-1.0,,0.5,-1.0,1.0,0.2727272727272727,1.0,,,1.0,,1.0,1.0,-0.3333333333333333,-0.2,,-1.0,1.0,,1.0,3.0,,,1.0,10.0,,10.0,,1.0,,4.0,1.0,1.0,2.0,3.0,6.0,4.0,1.0,6.0,1.0,2.0,4.0,,2.0,1.0,1.0,1.0,,,1.0,2.0,,4.0,2.0,1.0,11.0,3.0,,,3.0,,4.0,1.0,3.0,10.0,,4.0,3.0,118.0,0.0,0.0,0.0,0.0,0.0,0.0,0.0,0.0,0.0,0.0,0.0,0.0,0.0,0.0,0.0,0.0,1998,2026,True
24608,house,Jerry Starnes,R,2023,2026,4,LEGISCAN-24608,1.0,AL-2022-house-88-R-GSL088RSTA,Jerry Starnes,Jerry Starnes,R,HD-088,0.20982232713663107,68.59122401847574,637.0,6671.0,0.09548793284365163,0.2539426591653773,-0.04412033202874621,JERRY STARNES,STARNES,,-1.0,-0.3333333333333333,,,1.0,-1.0,,1.0,,-1.0,,0.0,-1.0,-1.0,0.0,1.0,1.0,1.0,-1.0,1.0,-1.0,0.0,1.0,,0.0,1.0,-1.0,1.0,,,1.0,-1.0,,0.0,-1.0,1.0,0.45454545454545453,1.0,,,1.0,,1.0,1.0,0.3333333333333333,-0.2,,-1.0,1.0,,1.0,3.0,,,1.0,10.0,,11.0,,1.0,,4.0,1.0,1.0,2.0,4.0,6.0,4.0,1.0,6.0,1.0,2.0,4.0,,2.0,1.0,1.0,1.0,,,1.0,2.0,,4.0,2.0,1.0,11.0,3.0,,,3.0,,4.0,1.0,3.0,10.0,,4.0,3.0,120.0,0.0,0.0,0.0,0.0,0.0,0.0,0.0,0.0,0.0,0.0,0.0,0.0,0.0,0.0,0.0,0.0,1998,2026,True
24609,senate,Robert Stewart,D,2023,2026,4,LEGISCAN-24609,1.0,AL-2022-senate-23-D-GSU23DSTE,Robert L. Stewart,Robert Stewart,D,SD-023,-0.4478520338664001,10.317460317460316,310.0,3886.0,0.0797735460627895,-1.6714756153497598e-09,-0.4478520321949245,ROBERT STEWART,STEWART,,1.0,,,1.0,,-1.0,,0.14285714285714285,-1.0,,,1.0,,-0.3333333333333333,,-1.0,-1.0,,,0.0,,1.0,1.0,1.0,,1.0,,1.0,,-1.0,-1.0,,1.0,,1.0,1.0,0.3333333333333333,0.0,1.0,,,,1.0,,,0.5,,1.0,-1.0,,1.0,,,1.0,,3.0,,7.0,2.0,,,1.0,,3.0,,2.0,2.0,,,2.0,,1.0,3.0,1.0,,1.0,,1.0,,1.0,1.0,,1.0,,1.0,1.0,3.0,2.0,1.0,,,,1.0,,,4.0,,1.0,1.0,49.0,0.0,0.0,0.0,0.0,0.0,0.0,0.0,0.0,0.0,0.0,0.0,0.0,0.0,0.0,0.0,0.0,1998,2026,True
24610,house,Troy Stubbs,R,2023,2026,4,LEGISCAN-24610,1.0,AL-2022-house-31-R-GSL031RSTU,Troy Stubbs,Troy Stubbs,R,HD-031,0.25103463344177657,71.13163972286374,616.0,6671.0,0.09233997901364113,0.2539426591653773,-0.0029080257236007157,TROY STUBBS,STUBBS,,-1.0,-0.3333333333333333,,,1.0,-1.0,,1.0,,-1.0,,0.0,-1.0,-1.0,0.0,1.0,1.0,0.5,-1.0,1.0,-1.0,0.0,0.0,,1.0,1.0,-1.0,1.0,,,1.0,0.0,,0.5,-1.0,1.0,0.09090909090909091,1.0,,,1.0,,1.0,1.0,1.0,-0.4,,-1.0,1.0,,1.0,3.0,,,1.0,10.0,,11.0,,1.0,,4.0,1.0,1.0,2.0,4.0,6.0,4.0,1.0,6.0,1.0,2.0,4.0,,2.0,1.0,1.0,1.0,,,1.0,2.0,,4.0,2.0,1.0,11.0,3.0,,,3.0,,4.0,1.0,3.0,10.0,,4.0,3.0,120.0,0.0,0.0,0.0,0.0,0.0,0.0,0.0,0.0,0.0,0.0,0.0,0.0,0.0,0.0,0.0,0.0,1998,2026,True
24611,house,Ontario Tillman,D,2023,2026,4,LEGISCAN-24611,1.0,AL-2022-house-56-D-GSL056DTIL,Ontario Tillman,Ontario Tillman,D,HD-056,-0.5964221502287679,11.547344110854503,542.0,6671.0,0.08124718932693749,-4.4602844971162574e-10,-0.5964221497827394,ONTARIO TILLMAN,TILLMAN,,1.0,1.0,,,,-0.42857142857142855,,0.1111111111111111,,,,1.0,-1.0,-1.0,1.0,-1.0,0.0,1.0,1.0,0.2,1.0,0.0,1.0,,-1.0,1.0,,1.0,,,-1.0,-1.0,,0.0,-1.0,1.0,0.4,-0.3333333333333333,,,1.0,,0.3333333333333333,1.0,1.0,0.4,,1.0,-1.0,,1.0,3.0,,,,7.0,,9.0,,,,3.0,1.0,1.0,2.0,2.0,6.0,4.0,1.0,5.0,1.0,2.0,4.0,,2.0,1.0,,1.0,,,1.0,2.0,,4.0,1.0,1.0,10.0,3.0,,,2.0,,3.0,1.0,2.0,10.0,,3.0,3.0,102.0,0.0,0.0,0.0,0.0,0.0,0.0,0.0,0.0,0.0,0.0,0.0,0.0,0.0,0.0,0.0,0.0,1998,2026,True
24612,house,Kerry Underwood,R,2023,2026,4,LEGISCAN-24612,1.0,AL-2022-house-3-R-GSL003RUND,Kerry Underwood,Kerry Underwood,R,HD-003,0.2688270455203482,72.51732101616628,628.0,6671.0,0.09413880977364712,0.2539426591653773,0.014884386354970913,KERRY UNDERWOOD,UNDERWOOD,,-1.0,-0.3333333333333333,,,1.0,-0.8,,0.8181818181818182,,-1.0,,-0.3333333333333333,-1.0,-1.0,0.0,1.0,1.0,0.5,-1.0,1.0,-1.0,0.0,0.0,,1.0,-1.0,-1.0,1.0,,,1.0,0.0,,0.5,-1.0,1.0,-0.09090909090909091,1.0,,,0.3333333333333333,,1.0,1.0,-0.3333333333333333,-0.4,,-1.0,1.0,,1.0,3.0,,,1.0,10.0,,11.0,,1.0,,3.0,1.0,1.0,2.0,4.0,6.0,4.0,1.0,6.0,1.0,2.0,4.0,,2.0,1.0,1.0,1.0,,,1.0,2.0,,4.0,2.0,1.0,11.0,3.0,,,3.0,,4.0,1.0,3.0,10.0,,4.0,3.0,119.0,0.0,0.0,0.0,0.0,0.0,0.0,0.0,0.0,0.0,0.0,0.0,0.0,0.0,0.0,0.0,0.0,1998,2026,True
24613,house,Matt Woods,R,2023,2025,3,LEGISCAN-24613,1.0,AL-2022-house-13-R-GSL013RWOO,Matt Woods,Matt Woods,R,SD-005,0.1639207346250422,65.35796766743648,416.0,6671.0,0.06235946634687453,0.2539426591653773,-0.09002192454033509,MATT WOODS,WOODS,,-1.0,1.0,,,1.0,-0.8,,0.7142857142857143,,,,-0.5,,-1.0,0.0,1.0,1.0,1.0,,1.0,,-1.0,0.0,,1.0,1.0,-1.0,1.0,,,1.0,0.0,,-0.3333333333333333,-1.0,1.0,0.14285714285714285,1.0,,,0.3333333333333333,,1.0,1.0,,-0.42857142857142855,,-1.0,1.0,,1.0,1.0,,,1.0,10.0,,7.0,,,,4.0,,1.0,2.0,4.0,6.0,4.0,,5.0,,1.0,4.0,,1.0,1.0,1.0,1.0,,,1.0,2.0,,3.0,2.0,1.0,7.0,2.0,,,3.0,,2.0,1.0,,7.0,,3.0,1.0,90.0,0.0,0.0,0.0,0.0,0.0,0.0,0.0,0.0,0.0,0.0,0.0,0.0,0.0,0.0,0.0,0.0,1998,2026,True
24613,senate,Matt Woods,R,2026,2026,1,LEGISCAN-24613,,,,Matt Woods,R,SD-005,0.03726291843042799,62.698412698412696,74.0,3886.0,0.019042717447246525,0.19048932356371012,-0.15322640513328212,MATT WOODS,WOODS,,,,,,,,,1.0,,,,,,,,,,,,1.0,,-1.0,,1.0,,,,1.0,,,,,,,,,0.0,1.0,,,,,1.0,,,,,,1.0,,,,,,,,,2.0,,,,,,,,,,,,1.0,,1.0,,1.0,,,,1.0,,,,,,,,,2.0,1.0,,,,,2.0,,,,,,1.0,12.0,0.0,0.0,0.0,0.0,0.0,0.0,0.0,0.0,0.0,0.0,0.0,0.0,0.0,0.0,0.0,0.0,1998,2026,True
24614,house,Ernie Yarbrough,R,2023,2026,4,LEGISCAN-24614,1.0,AL-2022-house-7-R-GSL007RYAR,Ernie Yarbrough,Ernie Yarbrough,R,HD-007,0.2916018912062592,72.97921478060047,584.0,6671.0,0.08754309698695847,0.2539426591653773,0.037659232040881896,ERNIE YARBROUGH,YARBROUGH,,-1.0,-1.0,,,1.0,-0.5555555555555556,,0.6,,1.0,,-0.5,1.0,-1.0,-1.0,1.0,0.3333333333333333,-0.5,-1.0,1.0,-1.0,0.0,-1.0,,1.0,-1.0,-1.0,-1.0,,,1.0,1.0,,0.5,0.0,-1.0,-0.09090909090909091,0.3333333333333333,,,0.0,,1.0,1.0,-1.0,-0.5555555555555556,,-1.0,1.0,,1.0,3.0,,,1.0,9.0,,10.0,,1.0,,4.0,1.0,1.0,2.0,4.0,6.0,4.0,1.0,6.0,1.0,2.0,4.0,,2.0,1.0,1.0,1.0,,,1.0,2.0,,4.0,2.0,1.0,11.0,3.0,,,2.0,,4.0,1.0,3.0,9.0,,4.0,3.0,116.0,0.0,0.0,0.0,0.0,0.0,0.0,0.0,0.0,0.0,0.0,0.0,0.0,0.0,0.0,0.0,0.0,1998,2026,True
24794,senate,Joshua Carnley,R,2023,2026,4,LEGISCAN-24794,,,,Joshua Carnley,R,SD-031,0.13620851676588674,66.66666666666666,306.0,3886.0,0.07874420998455996,0.19048932356371012,-0.05428080679782338,JOSHUA CARNLEY,CARNLEY,,-1.0,1.0,,-1.0,,0.3333333333333333,,0.7142857142857143,1.0,,,1.0,,1.0,,1.0,1.0,,,1.0,,-1.0,-1.0,1.0,,-1.0,,1.0,,1.0,1.0,,-1.0,,-1.0,1.0,0.3333333333333333,1.0,-1.0,,,,1.0,,,-0.5,,-1.0,1.0,,1.0,1.0,,1.0,,3.0,,7.0,2.0,,,1.0,,3.0,,2.0,2.0,,,2.0,,1.0,3.0,1.0,,1.0,,1.0,,1.0,1.0,,1.0,,1.0,1.0,3.0,2.0,1.0,,,,2.0,,,4.0,,1.0,1.0,51.0,0.0,0.0,0.0,0.0,0.0,0.0,0.0,0.0,0.0,0.0,0.0,0.0,0.0,0.0,0.0,0.0,1998,2026,True
24795,house,David Cole,R,2023,2023,1,LEGISCAN-24795,1.0,AL-2022-house-10-R-GSL010RCOL,David Cole,David Cole,R,HD-010,0.025921558077240364,62.355658198614314,85.0,6671.0,0.012741717883375806,0.2539426591653773,-0.22802110108813692,DAVID COLE,COLE,,,,,,,-0.5,,0.3333333333333333,,,,,,,,,1.0,1.0,,1.0,,-1.0,,,,,,,,,,-1.0,,1.0,,,-1.0,,,,-1.0,,,,,-1.0,,-1.0,,,,,,,,4.0,,3.0,,,,,,,,,5.0,2.0,,2.0,,1.0,,,,,,,,,,1.0,,1.0,,,2.0,,,,1.0,,,,,1.0,,1.0,,24.0,0.0,0.0,0.0,0.0,0.0,0.0,0.0,0.0,0.0,0.0,0.0,0.0,0.0,0.0,0.0,0.0,1998,2026,True
24796,house,Susan DuBose,R,2023,2026,4,LEGISCAN-24796,1.0,AL-2022-house-45-R-GSL045RDUB,Susan DuBose,Susan DuBose,R,HD-045,0.2605729419919474,71.59353348729792,593.0,6671.0,0.08889222005696297,0.2539426591653773,0.006630282826570133,SUSAN DUBOSE,DUBOSE,,-1.0,-0.3333333333333333,,,1.0,-1.0,,1.0,,1.0,,-0.3333333333333333,-1.0,-1.0,0.0,1.0,1.0,0.5,-1.0,1.0,-1.0,0.0,0.0,,1.0,-1.0,-1.0,1.0,,,1.0,-1.0,,0.5,-1.0,1.0,0.0,1.0,,,1.0,,1.0,1.0,-0.3333333333333333,-0.5555555555555556,,-1.0,1.0,,1.0,3.0,,,1.0,10.0,,11.0,,1.0,,3.0,1.0,1.0,2.0,4.0,6.0,4.0,1.0,6.0,1.0,2.0,4.0,,2.0,1.0,1.0,1.0,,,1.0,2.0,,4.0,1.0,1.0,10.0,3.0,,,3.0,,4.0,1.0,3.0,9.0,,4.0,3.0,116.0,0.0,0.0,0.0,0.0,0.0,0.0,0.0,0.0,0.0,0.0,0.0,0.0,0.0,0.0,0.0,0.0,1998,2026,True
24797,house,Jennifer Fidler,R,2023,2026,4,LEGISCAN-24797,1.0,AL-2022-house-94-R-GSL094RFID,Jennifer Fidler,Jennifer Fidler,R,HD-094,0.2036518687799742,67.89838337182448,637.0,6671.0,0.09548793284365163,0.2539426591653773,-0.05029079038540307,JENNIFER FIDLER,FIDLER,,-1.0,-0.3333333333333333,,,1.0,-1.0,,1.0,,-1.0,,-0.3333333333333333,-1.0,-1.0,0.0,1.0,1.0,0.5,-1.0,1.0,-1.0,0.0,-1.0,,1.0,1.0,-1.0,1.0,,,1.0,-1.0,,0.0,-1.0,1.0,0.2727272727272727,1.0,,,1.0,,1.0,1.0,0.3333333333333333,-0.6,,-1.0,1.0,,1.0,3.0,,,1.0,10.0,,11.0,,1.0,,3.0,1.0,1.0,2.0,4.0,6.0,4.0,1.0,6.0,1.0,2.0,4.0,,2.0,1.0,1.0,1.0,,,1.0,2.0,,4.0,2.0,1.0,11.0,3.0,,,3.0,,4.0,1.0,3.0,10.0,,4.0,3.0,119.0,0.0,0.0,0.0,0.0,0.0,0.0,0.0,0.0,0.0,0.0,0.0,0.0,0.0,0.0,0.0,0.0,1998,2026,True
24798,house,Donna Givens,R,2023,2026,4,LEGISCAN-24798,1.0,AL-2022-house-64-R-GSL064RGIV,Donna Givens,Donna Givens,R,HD-064,0.20051053401782434,66.97459584295612,631.0,6671.0,0.09458851746364863,0.2539426591653773,-0.05343212514755294,DONNA GIVENS,GIVENS,,-1.0,-0.3333333333333333,,,1.0,-0.8,,0.8181818181818182,,-1.0,,0.3333333333333333,-1.0,-1.0,0.0,1.0,1.0,0.5,-1.0,1.0,-1.0,0.0,1.0,,1.0,1.0,-1.0,1.0,,,1.0,-1.0,,0.5,-1.0,1.0,0.45454545454545453,1.0,,,0.3333333333333333,,1.0,1.0,1.0,-0.2,,-1.0,1.0,,1.0,3.0,,,1.0,10.0,,11.0,,1.0,,3.0,1.0,1.0,2.0,4.0,6.0,4.0,1.0,6.0,1.0,2.0,4.0,,2.0,1.0,1.0,1.0,,,1.0,2.0,,4.0,2.0,1.0,11.0,2.0,,,3.0,,3.0,1.0,3.0,10.0,,4.0,3.0,117.0,0.0,0.0,0.0,0.0,0.0,0.0,0.0,0.0,0.0,0.0,0.0,0.0,0.0,0.0,0.0,0.0,1998,2026,True
24799,house,Matthew Hammett,R,2023,2026,4,LEGISCAN-24799,1.0,AL-2022-house-92-R-GSL092RHAM,Matthew Hammett,Matthew Hammett,R,HD-092,0.21269447707916617,69.28406466512702,585.0,6671.0,0.0876929995502923,0.2539426591653773,-0.041248182086211116,MATTHEW HAMMETT,HAMMETT,,-1.0,-0.3333333333333333,,,1.0,-0.8,,0.8181818181818182,,1.0,,-0.3333333333333333,-1.0,-1.0,0.0,1.0,0.6,0.3333333333333333,,1.0,1.0,-1.0,-1.0,,1.0,-1.0,-1.0,1.0,,,1.0,1.0,,0.0,-1.0,1.0,0.4,1.0,,,0.3333333333333333,,1.0,1.0,0.3333333333333333,-0.4,,-1.0,1.0,,1.0,3.0,,,1.0,10.0,,11.0,,1.0,,3.0,1.0,1.0,2.0,4.0,5.0,3.0,,5.0,1.0,2.0,4.0,,2.0,1.0,1.0,1.0,,,1.0,2.0,,4.0,2.0,1.0,10.0,3.0,,,3.0,,4.0,1.0,3.0,10.0,,4.0,3.0,114.0,0.0,0.0,0.0,0.0,0.0,0.0,0.0,0.0,0.0,0.0,0.0,0.0,0.0,0.0,0.0,0.0,1998,2026,True
24800,house,Frances Holk-Jones,R,2023,2026,4,LEGISCAN-24800,1.0,AL-2022-house-95-R-GSL095RHOL,Frances Holk-Jones,Frances Holk-Jones,R,HD-095,0.1968827699288679,66.74364896073904,639.0,6671.0,0.0957877379703193,0.2539426591653773,-0.05705988923650937,FRANCES HOLK JONES,JONES,,-1.0,-0.3333333333333333,,,1.0,-0.8,,0.8181818181818182,,-1.0,,0.0,-1.0,-1.0,0.0,1.0,1.0,0.5,-1.0,1.0,-1.0,0.0,1.0,,0.0,1.0,-1.0,1.0,,,1.0,-1.0,,0.5,-1.0,1.0,0.45454545454545453,1.0,,,0.3333333333333333,,1.0,1.0,1.0,-0.2,,-1.0,1.0,,1.0,3.0,,,1.0,10.0,,11.0,,1.0,,4.0,1.0,1.0,2.0,4.0,6.0,4.0,1.0,6.0,1.0,2.0,4.0,,2.0,1.0,1.0,1.0,,,1.0,2.0,,4.0,2.0,1.0,11.0,3.0,,,3.0,,4.0,1.0,3.0,10.0,,4.0,3.0,120.0,0.0,0.0,0.0,0.0,0.0,0.0,0.0,0.0,0.0,0.0,0.0,0.0,0.0,0.0,0.0,0.0,1998,2026,True
24801,senate,Keith Kelley,R,2023,2026,4,LEGISCAN-24801,1.0,AL-2022-senate-12-R-GSU12RKEL,Keith Kelley,Keith Kelley,R,SD-012,0.1262933315073812,65.87301587301587,305.0,3886.0,0.07848687596500258,0.19048932356371012,-0.06419599205632892,KEITH KELLEY,KELLEY,,-1.0,1.0,,1.0,,0.5,,0.6666666666666666,1.0,,,-1.0,,1.0,,1.0,1.0,,,1.0,,-1.0,-0.3333333333333333,1.0,,1.0,,1.0,,,1.0,,-1.0,,-1.0,1.0,0.3333333333333333,1.0,1.0,,,,1.0,,,0.3333333333333333,,-1.0,1.0,,1.0,1.0,,1.0,,4.0,,6.0,2.0,,,1.0,,2.0,,2.0,2.0,,,2.0,,1.0,3.0,1.0,,1.0,,1.0,,,1.0,,1.0,,1.0,1.0,3.0,2.0,1.0,,,,3.0,,,3.0,,1.0,1.0,49.0,0.0,0.0,0.0,0.0,0.0,0.0,0.0,0.0,0.0,0.0,0.0,0.0,0.0,0.0,0.0,0.0,1998,2026,True
24802,house,James Lomax,R,2023,2026,4,LEGISCAN-24802,1.0,AL-2022-house-20-R-GSL020RLOM,James Lomax,James Lomax,R,HD-020,0.2031156766961986,67.4364896073903,619.0,6671.0,0.09278968670364263,0.2539426591653773,-0.05082698246917869,JAMES LOMAX,LOMAX,,-1.0,-0.3333333333333333,,,1.0,-1.0,,1.0,,-1.0,,0.0,-1.0,-1.0,0.0,1.0,1.0,0.5,-1.0,1.0,-1.0,0.0,1.0,,0.0,1.0,-1.0,1.0,,,1.0,-1.0,,0.5,-1.0,1.0,0.45454545454545453,1.0,,,1.0,,1.0,1.0,1.0,-0.2,,-1.0,1.0,,1.0,3.0,,,1.0,10.0,,11.0,,1.0,,4.0,1.0,1.0,2.0,4.0,6.0,4.0,1.0,6.0,1.0,2.0,4.0,,2.0,1.0,1.0,1.0,,,1.0,2.0,,4.0,2.0,1.0,11.0,3.0,,,3.0,,4.0,1.0,3.0,10.0,,4.0,3.0,120.0,0.0,0.0,0.0,0.0,0.0,0.0,0.0,0.0,0.0,0.0,0.0,0.0,0.0,0.0,0.0,0.0,1998,2026,True
24803,house,Fred Plump,D,2023,2023,1,LEGISCAN-24803,1.0,AL-2022-house-55-D-GSL055DPLU,Fred Plump,Fred Plump,D,HD-055,-0.06479282803410316,13.856812933025402,57.0,6671.0,0.008544446110028482,-4.4602844971162574e-10,-0.06479282758807471,FRED PLUMP,PLUMP,,,,,,,-1.0,,1.0,,,,,,,,,0.0,,,-1.0,,1.0,,,,,,,,,,-1.0,,1.0,1.0,,,,,,1.0,,,,,1.0,,1.0,,,,,,,,3.0,,3.0,,,,,,,,,4.0,,,1.0,,1.0,,,,,,,,,,1.0,,1.0,1.0,,,,,,2.0,,,,,1.0,,1.0,,19.0,0.0,0.0,0.0,0.0,0.0,0.0,0.0,0.0,0.0,0.0,0.0,0.0,0.0,0.0,0.0,0.0,1998,2026,True
24804,house,Phillip Rigsby,R,2023,2026,4,LEGISCAN-24804,1.0,AL-2022-house-25-R-GSL025RRIG,Phillip Rigsby,Phillip Rigsby,R,HD-025,0.17623943950957516,65.58891454965358,615.0,6671.0,0.0921900764503073,0.2539426591653773,-0.07770321965580212,PHILLIP RIGSBY,RIGSBY,,-1.0,-0.3333333333333333,,,1.0,-1.0,,1.0,,-1.0,,0.0,-1.0,-1.0,0.0,1.0,1.0,1.0,-1.0,1.0,-1.0,0.0,1.0,,0.0,1.0,-1.0,1.0,,,1.0,-1.0,,0.5,-1.0,1.0,0.4,1.0,,,1.0,,1.0,1.0,1.0,-0.2,,-1.0,1.0,,1.0,3.0,,,1.0,10.0,,11.0,,1.0,,4.0,1.0,1.0,2.0,4.0,6.0,4.0,1.0,6.0,1.0,2.0,4.0,,2.0,1.0,1.0,1.0,,,1.0,2.0,,4.0,2.0,1.0,10.0,3.0,,,3.0,,4.0,1.0,3.0,10.0,,3.0,3.0,118.0,0.0,0.0,0.0,0.0,0.0,0.0,0.0,0.0,0.0,0.0,0.0,0.0,0.0,0.0,0.0,0.0,1998,2026,True
24805,house,Patrick Sellers,D,2023,2026,4,LEGISCAN-24805,1.0,AL-2022-house-57-D-GSL057DSEL,Patrick Sellers,Patrick Sellers,D,HD-057,-0.5708921358544364,12.240184757505773,564.0,6671.0,0.08454504572028182,-4.4602844971162574e-10,-0.570892135408408,PATRICK SELLERS,SELLERS,,1.0,1.0,,,1.0,-1.0,,-0.1111111111111111,,,,1.0,-1.0,-1.0,-1.0,-0.5,-0.6,1.0,1.0,-0.6666666666666666,1.0,-1.0,1.0,,-1.0,1.0,-1.0,-1.0,,,,0.0,,-0.5,-1.0,-1.0,0.5,-0.3333333333333333,,,0.0,,1.0,,1.0,0.4,,0.5,-1.0,,1.0,3.0,,,1.0,8.0,,9.0,,,,4.0,1.0,1.0,1.0,4.0,5.0,2.0,1.0,6.0,1.0,2.0,4.0,,2.0,1.0,1.0,1.0,,,,2.0,,4.0,1.0,1.0,8.0,3.0,,,2.0,,3.0,,1.0,10.0,,4.0,3.0,101.0,0.0,0.0,0.0,0.0,0.0,0.0,0.0,0.0,0.0,0.0,0.0,0.0,0.0,0.0,0.0,0.0,1998,2026,True
24806,house,Mark Shirey,R,2023,2026,4,LEGISCAN-24806,1.0,AL-2022-house-100-R-GSL100RSHI,Mark Shirey,Mark Shirey,R,HD-100,0.2274565233023909,70.20785219399538,612.0,6671.0,0.09174036876030581,0.2539426591653773,-0.02648613586298637,MARK SHIREY,SHIREY,,-1.0,-0.3333333333333333,,,1.0,-1.0,,1.0,,-1.0,,0.0,-1.0,-1.0,0.0,1.0,1.0,0.3333333333333333,-1.0,1.0,-1.0,0.0,1.0,,1.0,1.0,-1.0,1.0,,,1.0,0.0,,0.5,-1.0,1.0,0.4,1.0,,,1.0,,1.0,1.0,1.0,-0.4,,-1.0,1.0,,1.0,3.0,,,1.0,10.0,,11.0,,1.0,,4.0,1.0,1.0,2.0,4.0,6.0,3.0,1.0,6.0,1.0,2.0,4.0,,2.0,1.0,1.0,1.0,,,1.0,2.0,,4.0,2.0,1.0,10.0,3.0,,,3.0,,4.0,1.0,2.0,10.0,,4.0,3.0,117.0,0.0,0.0,0.0,0.0,0.0,0.0,0.0,0.0,0.0,0.0,0.0,0.0,0.0,0.0,0.0,0.0,1998,2026,True
24807,house,Curtis Travis,D,2023,2026,4,LEGISCAN-24807,1.0,AL-2022-house-72-D-GSL072DTRA,Curtis Travis,Curtis Travis,D,HD-072,-0.5730043386210647,12.009237875288683,592.0,6671.0,0.08874231749362914,-4.4602844971162574e-10,-0.5730043381750363,CURTIS TRAVIS,TRAVIS,,1.0,1.0,,,-1.0,0.0,,0.0,,-1.0,,1.0,-1.0,-1.0,0.0,-1.0,0.3333333333333333,1.0,1.0,-0.2,1.0,-1.0,1.0,,-1.0,1.0,1.0,1.0,,,-1.0,-1.0,,-0.3333333333333333,-1.0,1.0,0.2727272727272727,-1.0,,,0.3333333333333333,,0.3333333333333333,1.0,1.0,0.1111111111111111,,1.0,-0.3333333333333333,,1.0,3.0,,,1.0,8.0,,10.0,,1.0,,4.0,1.0,1.0,2.0,3.0,6.0,4.0,1.0,5.0,1.0,2.0,4.0,,1.0,1.0,1.0,1.0,,,1.0,2.0,,3.0,2.0,1.0,11.0,2.0,,,3.0,,3.0,1.0,3.0,9.0,,3.0,3.0,109.0,0.0,0.0,0.0,0.0,0.0,0.0,0.0,0.0,0.0,0.0,0.0,0.0,0.0,0.0,0.0,0.0,1998,2026,True
25162,house,Bryan Brinyark,R,2024,2026,3,LEGISCAN-25162,,,,Bryan Brinyark,R,HD-016,0.1902318392959229,66.05080831408776,533.0,6671.0,0.07989806625693299,0.2539426591653773,-0.06371081986945437,BRYAN BRINYARK,BRINYARK,,-1.0,-0.3333333333333333,,,1.0,-1.0,,0.7142857142857143,,-1.0,,0.0,-1.0,-1.0,0.0,1.0,1.0,1.0,-1.0,1.0,-1.0,1.0,1.0,,1.0,1.0,-1.0,1.0,,,1.0,-1.0,,0.3333333333333333,-1.0,1.0,0.25,1.0,,,1.0,,1.0,1.0,1.0,-0.1111111111111111,,-1.0,1.0,,1.0,3.0,,,1.0,5.0,,7.0,,1.0,,4.0,1.0,1.0,2.0,4.0,1.0,2.0,1.0,4.0,1.0,1.0,4.0,,2.0,1.0,1.0,1.0,,,1.0,1.0,,3.0,1.0,1.0,8.0,3.0,,,1.0,,4.0,1.0,3.0,9.0,,3.0,3.0,91.0,0.0,0.0,0.0,0.0,0.0,0.0,0.0,0.0,0.0,0.0,0.0,0.0,0.0,0.0,0.0,0.0,1998,2026,True
25163,house,Travis Hendrix,D,2024,2026,3,LEGISCAN-25163,,,,Travis Hendrix,D,HD-055,-0.4808635803373856,12.702078521939955,471.0,6671.0,0.07060410733023535,-4.4602844971162574e-10,-0.48086357989135714,TRAVIS HENDRIX,HENDRIX,,1.0,1.0,,,,0.0,,-0.14285714285714285,,-1.0,,1.0,-1.0,-1.0,0.0,-1.0,,1.0,1.0,-0.3333333333333333,1.0,-1.0,1.0,,-1.0,1.0,,1.0,,,-1.0,-1.0,,-0.3333333333333333,-1.0,1.0,1.0,0.0,,,,,0.3333333333333333,1.0,1.0,0.3333333333333333,,1.0,-1.0,,1.0,3.0,,,,2.0,,7.0,,1.0,,2.0,1.0,1.0,2.0,3.0,,2.0,1.0,3.0,1.0,1.0,4.0,,2.0,1.0,,1.0,,,1.0,1.0,,3.0,1.0,1.0,7.0,2.0,,,,,3.0,1.0,2.0,9.0,,2.0,3.0,75.0,0.0,0.0,0.0,0.0,0.0,0.0,0.0,0.0,0.0,0.0,0.0,0.0,0.0,0.0,0.0,0.0,1998,2026,True
25188,house,Marilyn Lands,D,2024,2026,3,LEGISCAN-25188,1.0,AL-2022-house-10-D-GSL010DLAN,Marilyn Lands,Marilyn Lands,D,HD-010,-0.5380241275168169,12.471131639722865,440.0,6671.0,0.06595712786688653,-4.4602844971162574e-10,-0.5380241270707885,MARILYN LANDS,LANDS,,,1.0,,,-1.0,0.6,,0.6,,,,1.0,-1.0,,1.0,-0.3333333333333333,,1.0,1.0,-1.0,1.0,-1.0,1.0,,-1.0,1.0,1.0,,,,-1.0,-1.0,,-1.0,-1.0,,0.6666666666666666,-0.3333333333333333,,,,,-1.0,1.0,1.0,0.14285714285714285,,1.0,-1.0,,,3.0,,,1.0,5.0,,5.0,,,,4.0,1.0,,2.0,3.0,,2.0,1.0,2.0,1.0,1.0,2.0,,2.0,1.0,1.0,,,,1.0,1.0,,2.0,1.0,,6.0,3.0,,,,,4.0,1.0,1.0,7.0,,1.0,3.0,68.0,0.0,0.0,0.0,0.0,0.0,0.0,0.0,0.0,0.0,0.0,0.0,0.0,0.0,0.0,0.0,0.0,1998,2026,True
25223,house,Jeana Ross,R,2025,2026,2,LEGISCAN-25223,,,,Jeana Ross,R,HD-027,0.12527397761298253,64.8960739030023,392.0,6671.0,0.05876180482686254,0.2539426591653773,-0.12866868155239475,JEANA ROSS,ROSS,,,1.0,,,1.0,-1.0,,1.0,,-1.0,,-1.0,-1.0,,,1.0,,1.0,-1.0,1.0,-1.0,1.0,,,1.0,1.0,,,,,1.0,-1.0,,,-1.0,,1.0,1.0,,,1.0,,1.0,1.0,1.0,-0.3333333333333333,,-1.0,1.0,,,1.0,,,1.0,3.0,,7.0,,1.0,,2.0,1.0,,,1.0,,2.0,1.0,2.0,1.0,1.0,,,1.0,1.0,,,,,1.0,1.0,,,1.0,,7.0,3.0,,,1.0,,4.0,1.0,3.0,6.0,,2.0,2.0,58.0,0.0,0.0,0.0,0.0,0.0,0.0,0.0,0.0,0.0,0.0,0.0,0.0,0.0,0.0,0.0,0.0,1998,2026,True
25433,house,Kelvin Datcher,D,2025,2026,2,LEGISCAN-25433,,,,Kelvin Datcher,D,HD-052,-0.3714122012045807,13.163972286374134,323.0,6671.0,0.048418527956828064,-4.4602844971162574e-10,-0.37141220075855225,KELVIN DATCHER,DATCHER,,,,,,1.0,-0.3333333333333333,,-1.0,,1.0,,1.0,,,1.0,-1.0,,1.0,,-1.0,1.0,-1.0,,,-1.0,1.0,,,,,-1.0,,,,-1.0,,0.6666666666666666,-0.3333333333333333,,,,,1.0,1.0,0.3333333333333333,0.5,,0.0,-0.3333333333333333,,,,,,1.0,3.0,,5.0,,1.0,,2.0,,,1.0,1.0,,2.0,,1.0,1.0,1.0,,,1.0,1.0,,,,,1.0,,,,1.0,,6.0,3.0,,,,,1.0,1.0,3.0,4.0,,2.0,3.0,46.0,0.0,0.0,0.0,0.0,0.0,0.0,0.0,0.0,0.0,0.0,0.0,0.0,0.0,0.0,0.0,0.0,1998,2026,True
26543,house,Heath Allbright,R,2026,2026,1,LEGISCAN-26543,,,,Heath Allbright,R,HD-011,0.07908342838240161,64.20323325635104,188.0,6671.0,0.028181681906760604,0.2539426591653773,-0.17485923078297566,HEATH ALLBRIGHT,ALLBRIGHT,,,1.0,,,,,,1.0,,-1.0,,,-1.0,,,,,,-1.0,,-1.0,1.0,,,1.0,,,,,,,,,,,,0.3333333333333333,1.0,,,,,1.0,,0.3333333333333333,-1.0,,-1.0,1.0,,,1.0,,,,,,4.0,,1.0,,,1.0,,,,,,1.0,,1.0,1.0,,,1.0,,,,,,,,,,,,3.0,1.0,,,,,2.0,,3.0,3.0,,1.0,2.0,26.0,0.0,0.0,0.0,0.0,0.0,0.0,0.0,0.0,0.0,0.0,0.0,0.0,0.0,0.0,0.0,0.0,1998,2026,True
26544,house,Greg Barnes,R,2026,2026,1,LEGISCAN-26544,,,,Greg Barnes,R,HD-013,0.07895966327546423,63.972286374133944,189.0,6671.0,0.02833158447009444,0.2539426591653773,-0.17498299588991306,GREG BARNES,BARNES,,,1.0,,,,,,1.0,,-1.0,,,-1.0,,,,,,-1.0,,-1.0,1.0,,,1.0,,,,,,,,,,,,-0.3333333333333333,1.0,,,,,1.0,,0.3333333333333333,-1.0,,-1.0,1.0,,,1.0,,,,,,4.0,,1.0,,,1.0,,,,,,1.0,,1.0,1.0,,,1.0,,,,,,,,,,,,3.0,1.0,,,,,2.0,,3.0,3.0,,1.0,2.0,26.0,0.0,0.0,0.0,0.0,0.0,0.0,0.0,0.0,0.0,0.0,0.0,0.0,0.0,0.0,0.0,0.0,1998,2026,True
26545,house,Cindy Myrex,R,2026,2026,1,LEGISCAN-26545,,,,Cindy Myrex,R,HD-012,0.08097320789773864,64.43418013856814,192.0,6671.0,0.028781292160095936,0.2539426591653773,-0.17296945126763863,CINDY MYREX,MYREX,,,1.0,,,,,,1.0,,-1.0,,,-1.0,,,,,,-1.0,,-1.0,1.0,,,1.0,,,,,,,,,,,,0.3333333333333333,1.0,,,,,1.0,,1.0,-1.0,,-1.0,1.0,,,1.0,,,,,,4.0,,1.0,,,1.0,,,,,,1.0,,1.0,1.0,,,1.0,,,,,,,,,,,,3.0,1.0,,,,,2.0,,3.0,3.0,,1.0,2.0,26.0,0.0,0.0,0.0,0.0,0.0,0.0,0.0,0.0,0.0,0.0,0.0,0.0,0.0,0.0,0.0,0.0,1998,2026,True
26613,house,Norman Crow,R,2026,2026,1,LEGISCAN-26613,,,,Norman Crow,R,HD-063,0.05588238330306267,63.74133949191686,193.0,6671.0,0.02893119472342977,0.2539426591653773,-0.19806027586231462,NORMAN CROW,CROW,,,1.0,,,,,,1.0,,-1.0,,,-1.0,,,,,,-1.0,,-1.0,1.0,,,1.0,,,,,,,,,,,,1.0,1.0,,,,,1.0,,1.0,-1.0,,-1.0,1.0,,,1.0,,,,,,4.0,,1.0,,,1.0,,,,,,1.0,,1.0,1.0,,,1.0,,,,,,,,,,,,2.0,1.0,,,,,2.0,,3.0,3.0,,1.0,2.0,25.0,0.0,0.0,0.0,0.0,0.0,0.0,0.0,0.0,0.0,0.0,0.0,0.0,0.0,0.0,0.0,0.0,1998,2026,True
26633,house,Kristin Nelson,R,2026,2026,1,LEGISCAN-26633,,,,Kristin Nelson,R,HD-038,0.04339052043127226,63.04849884526559,122.0,6671.0,0.018288112726727628,0.2539426591653773,-0.21055213873410503,KRISTIN NELSON,NELSON,,,,,,,,,1.0,,,,,,,,,,,-1.0,,,,,,,,,,,,,,,,,,1.0,,,,,,1.0,,1.0,-1.0,,-1.0,1.0,,,,,,,,,1.0,,,,,,,,,,,1.0,,,,,,,,,,,,,,,,,,1.0,,,,,,1.0,,2.0,1.0,,1.0,2.0,10.0,0.0,0.0,0.0,0.0,0.0,0.0,0.0,0.0,0.0,0.0,0.0,0.0,0.0,0.0,0.0,0.0,1998,2026,True
