state,year,chamber,district,dem_votes,rep_votes,legislative_dem_margin,dem_candidate,rep_candidate,dem_incumbent,rep_incumbent,incumbency_balance,outcome_eligible,dem_win,rep_win,uncont,dontuse,bigthird,dswitch,rswitch,outcome_source,outcome_source_path,candidate_source,incumbency_source,incumbency_quality,klarner_dem_votes,klarner_rep_votes,klarner_legislative_dem_margin,klarner_dem_candidate,klarner_rep_candidate,klarner_incumbency_balance,_merge,dem_vote_difference_texas_minus_klarner,rep_vote_difference_texas_minus_klarner,margin_difference_texas_minus_klarner,selected_outcome_source
TX,1994,house,1,,,,,,,,,,,,,,,,,,,,,,22036.0,0.0,100.0,"telford, barry b",,1.0,right_only,,,,klarner_fallback
TX,1994,house,2,,,,,,,,,,,,,,,,,,,,,,22374.0,0.0,100.0,"ramsay, tom",,1.0,right_only,,,,klarner_fallback
TX,1994,house,3,17577.0,11765.0,19.807784063799332,L.P. (Pete) Patterson,Ken McKim,1.0,0.0,1.0,True,1.0,0.0,0.0,0.0,,,,Texas official returns normalized by the Texas project,external://texas-state-house-and-state-senate-model/data/processed/elections/sos_canonical_candidate_totals_1992_2018.csv,Texas Secretary of State candidate-total exports,Texas official outcomes; Klarner source-observed 1994 incumbency,source_observed,17577.0,11765.0,19.807784063799332,"patterson, l p (pete)","mckim, ken",1.0,both,0.0,0.0,0.0,texas_official_upstream
TX,1994,house,4,16935.0,14891.0,6.422421919185571,Keith Oakley,Jerry Speight,1.0,0.0,1.0,True,1.0,0.0,0.0,0.0,,,,Texas official returns normalized by the Texas project,external://texas-state-house-and-state-senate-model/data/processed/elections/sos_canonical_candidate_totals_1992_2018.csv,Texas Secretary of State candidate-total exports,Texas official outcomes; Klarner source-observed 1994 incumbency,source_observed,16935.0,14891.0,6.422421919185571,"oakley, keith","speight, jerry",1.0,both,0.0,0.0,0.0,texas_official_upstream
TX,1994,house,5,17371.0,12377.0,16.787683205593652,Bob Glaze,Lance Lenz,1.0,0.0,1.0,True,1.0,0.0,0.0,0.0,,,,Texas official returns normalized by the Texas project,external://texas-state-house-and-state-senate-model/data/processed/elections/sos_canonical_candidate_totals_1992_2018.csv,Texas Secretary of State candidate-total exports,Texas official outcomes; Klarner source-observed 1994 incumbency,source_observed,17371.0,12377.0,16.787683205593652,"glaze, bob","lenz, lance",1.0,both,0.0,0.0,0.0,texas_official_upstream
TX,1994,house,6,11142.0,24419.0,-37.33584544866567,Randy Hanson,Ted Kamel,0.0,1.0,-1.0,True,0.0,1.0,0.0,0.0,,,,Texas official returns normalized by the Texas project,external://texas-state-house-and-state-senate-model/data/processed/elections/sos_canonical_candidate_totals_1992_2018.csv,Texas Secretary of State candidate-total exports,Texas official outcomes; Klarner source-observed 1994 incumbency,source_observed,11142.0,24419.0,-37.33584544866567,"hanson, randy","kamel, ted",-1.0,both,0.0,0.0,0.0,texas_official_upstream
TX,1994,house,7,,,,,,,,,,,,,,,,,,,,,,0.0,23764.0,-100.0,,"yost, jerry",-1.0,right_only,,,,klarner_fallback
TX,1994,house,8,,,,,,,,,,,,,,,,,,,,,,23720.0,0.0,100.0,"sadler, paul",,1.0,right_only,,,,klarner_fallback
TX,1994,house,9,,,,,,,,,,,,,,,,,,,,,,22184.0,0.0,100.0,"johnson, jerry k",,1.0,right_only,,,,klarner_fallback
TX,1994,house,10,,,,,,,,,,,,,,,,,,,,,,0.0,23260.0,-100.0,,"pitts, james r (jim)",-1.0,right_only,,,,klarner_fallback
TX,1994,house,11,,,,,,,,,,,,,,,,,,,,,,21854.0,0.0,100.0,"bomer, elton",,1.0,right_only,,,,klarner_fallback
TX,1994,house,12,,,,,,,,,,,,,,,,,,,,,,24491.0,0.0,100.0,"alexander, clyde",,1.0,right_only,,,,klarner_fallback
TX,1994,house,13,,,,,,,,,,,,,,,,,,,,,,25313.0,0.0,100.0,"kubiak, dan b",,1.0,right_only,,,,klarner_fallback
TX,1994,house,14,,,,,,,,,,,,,,,,,,,,,,0.0,21325.0,-100.0,,"ogden, steve",-1.0,right_only,,,,klarner_fallback
TX,1994,house,15,,,,,,,,,,,,,,,,,,,,,,0.0,28504.0,-100.0,,"brady, kevin",-1.0,right_only,,,,klarner_fallback
TX,1994,house,16,,,,,,,,,,,,,,,,,,,,,,0.0,25078.0,-100.0,,"rabuck, bob",-1.0,right_only,,,,klarner_fallback
TX,1994,house,17,22577.0,10547.0,36.318077526868734,Billy Clemons,David Youngblood,1.0,0.0,1.0,True,1.0,0.0,0.0,0.0,,,,Texas official returns normalized by the Texas project,external://texas-state-house-and-state-senate-model/data/processed/elections/sos_canonical_candidate_totals_1992_2018.csv,Texas Secretary of State candidate-total exports,Texas official outcomes; Klarner source-observed 1994 incumbency,source_observed,22577.0,10547.0,36.318077526868734,"clemons, billy","youngblood, david",1.0,both,0.0,0.0,0.0,texas_official_upstream
TX,1994,house,18,21234.0,10577.0,33.50099022350759,"Allen Ross Hightower, Jr.",Earl Carter,1.0,0.0,1.0,True,1.0,0.0,0.0,0.0,,,,Texas official returns normalized by the Texas project,external://texas-state-house-and-state-senate-model/data/processed/elections/sos_canonical_candidate_totals_1992_2018.csv,Texas Secretary of State candidate-total exports,Texas official outcomes; Klarner source-observed 1994 incumbency,source_observed,21234.0,10577.0,33.50099022350759,"hightower, allen r, jr","carter, earl",1.0,both,0.0,0.0,0.0,texas_official_upstream
TX,1994,house,19,,,,,,,,,,,,,,,,,,,,,,22350.0,0.0,100.0,"lewis, ron e",,1.0,right_only,,,,klarner_fallback
TX,1994,house,20,,,,,,,,,,,,,,,,,,,,,,21727.0,0.0,100.0,"zbranek, zeb d",,1.0,right_only,,,,klarner_fallback
TX,1994,house,21,,,,,,,,,,,,,,,,,,,,,,24192.0,0.0,100.0,"stiles, mark",,1.0,right_only,,,,klarner_fallback
TX,1994,house,22,,,,,,,,,,,,,,,,,,,,,,18869.0,0.0,100.0,"price, albert j",,1.0,right_only,,,,klarner_fallback
TX,1994,house,23,15717.0,13638.0,7.082268778742974,Patricia Gray,Robin Fontenot,0.0,0.0,0.0,True,1.0,0.0,0.0,0.0,,,,Texas official returns normalized by the Texas project,external://texas-state-house-and-state-senate-model/data/processed/elections/sos_canonical_candidate_totals_1992_2018.csv,Texas Secretary of State candidate-total exports,Texas official outcomes; Klarner source-observed 1994 incumbency,source_observed,15717.0,13638.0,7.082268778742974,"gray, patricia","fontenot, robin",0.0,both,0.0,0.0,0.0,texas_official_upstream
TX,1994,house,24,16804.0,15215.0,4.962678409694244,Craig Eiland,Jerry Purdon,0.0,0.0,0.0,True,1.0,0.0,0.0,0.0,,,,Texas official returns normalized by the Texas project,external://texas-state-house-and-state-senate-model/data/processed/elections/sos_canonical_candidate_totals_1992_2018.csv,Texas Secretary of State candidate-total exports,Texas official outcomes; Klarner source-observed 1994 incumbency,source_observed,16804.0,15215.0,4.962678409694244,"eiland, craig","purdon, jerry",0.0,both,0.0,0.0,0.0,texas_official_upstream
TX,1994,house,25,,,,,,,,,,,,,,,,,,,,,,0.0,26734.0,-100.0,,"harris, jack",-1.0,right_only,,,,klarner_fallback
TX,1994,house,26,8706.0,30973.0,-56.1178457118375,Len Goff,Charlie Howard,0.0,0.0,0.0,True,0.0,1.0,0.0,0.0,,,,Texas official returns normalized by the Texas project,external://texas-state-house-and-state-senate-model/data/processed/elections/sos_canonical_candidate_totals_1992_2018.csv,Texas Secretary of State candidate-total exports,Texas official outcomes; Klarner source-observed 1994 incumbency,source_observed,8706.0,30973.0,-56.1178457118375,"goff, len","howard, charlie",0.0,both,0.0,0.0,0.0,texas_official_upstream
TX,1994,house,27,,,,,,,,,,,,,,,,,,,,,,14937.0,0.0,100.0,"mccoulskey, huey",,1.0,right_only,,,,klarner_fallback
TX,1994,house,28,,,,,,,,,,,,,,,,,,,,,,23933.0,0.0,100.0,"saunders, robert",,1.0,right_only,,,,klarner_fallback
TX,1994,house,29,,,,,,,,,,,,,,,,,,,,,,17947.0,0.0,100.0,"uher, d r (tom)",,1.0,right_only,,,,klarner_fallback
TX,1994,house,30,,,,,,,,,,,,,,,,,,,,,,0.0,21144.0,-100.0,,"holzheauser, steve",-1.0,right_only,,,,klarner_fallback
TX,1994,house,31,16246.0,13199.0,10.348106639497368,Judy Hawley,Wil Galloway,0.0,0.0,0.0,True,1.0,0.0,0.0,0.0,,,,Texas official returns normalized by the Texas project,external://texas-state-house-and-state-senate-model/data/processed/elections/sos_canonical_candidate_totals_1992_2018.csv,Texas Secretary of State candidate-total exports,Texas official outcomes; Klarner source-observed 1994 incumbency,source_observed,16246.0,13199.0,10.348106639497368,"hawley, judy","galloway, wil",0.0,both,0.0,0.0,0.0,texas_official_upstream
TX,1994,house,32,,,,,,,,,,,,,,,,,,,,,,21924.0,0.0,100.0,"hunter, todd a",,1.0,right_only,,,,klarner_fallback
TX,1994,house,33,14949.0,10046.0,19.615923184636927,Vilma Luna,Mary Salisbury,0.0,0.0,0.0,True,1.0,0.0,0.0,0.0,,,,Texas official returns normalized by the Texas project,external://texas-state-house-and-state-senate-model/data/processed/elections/sos_canonical_candidate_totals_1992_2018.csv,Texas Secretary of State candidate-total exports,Texas official outcomes; Klarner source-observed 1994 incumbency,source_observed,14949.0,10046.0,19.615923184636927,"luna, vilma","salisbury, mary",0.0,both,0.0,0.0,0.0,texas_official_upstream
TX,1994,house,34,,,,,,,,,,,,,,,,,,,,,,14272.0,0.0,100.0,"berlanga, hugo",,1.0,right_only,,,,klarner_fallback
TX,1994,house,35,,,,,,,,,,,,,,,,,,,,,,16159.0,0.0,100.0,"rangel, irma",,1.0,right_only,,,,klarner_fallback
TX,1994,house,36,,,,,,,,,,,,,,,,,,,,,,9794.0,0.0,100.0,"munoz, sergio 1",,1.0,right_only,,,,klarner_fallback
TX,1994,house,37,,,,,,,,,,,,,,,,,,,,,,9601.0,0.0,100.0,"oliveira, rene o",,1.0,right_only,,,,klarner_fallback
TX,1994,house,38,,,,,,,,,,,,,,,,,,,,,,10261.0,0.0,100.0,"solis, jim",,1.0,right_only,,,,klarner_fallback
TX,1994,house,39,,,,,,,,,,,,,,,,,,,,,,10167.0,0.0,100.0,"cuellar, renato",,1.0,right_only,,,,klarner_fallback
TX,1994,house,40,9065.0,7317.0,10.670247832987425,Eddie de la Garza,Mary Ann Rios,1.0,0.0,1.0,True,1.0,0.0,0.0,0.0,,,,Texas official returns normalized by the Texas project,external://texas-state-house-and-state-senate-model/data/processed/elections/sos_canonical_candidate_totals_1992_2018.csv,Texas Secretary of State candidate-total exports,Texas official outcomes; Klarner source-observed 1994 incumbency,source_observed,9065.0,7317.0,10.670247832987425,"delagarza, eddie","rios, mary a",1.0,both,0.0,0.0,0.0,texas_official_upstream
TX,1994,house,41,,,,,,,,,,,,,,,,,,,,,,10119.0,0.0,100.0,"gutierrez, roberto",,1.0,right_only,,,,klarner_fallback
TX,1994,house,42,,,,,,,,,,,,,,,,,,,,,,13402.0,0.0,100.0,"cuellar, henry",,1.0,right_only,,,,klarner_fallback
TX,1994,house,43,15072.0,9321.0,23.57643586274751,Tracy O. King,Pedro (Pete) Nieto,0.0,1.0,-1.0,True,1.0,0.0,0.0,0.0,,,,Texas official returns normalized by the Texas project,external://texas-state-house-and-state-senate-model/data/processed/elections/sos_canonical_candidate_totals_1992_2018.csv,Texas Secretary of State candidate-total exports,Texas official outcomes; Klarner source-observed 1994 incumbency,source_observed,15072.0,9321.0,23.57643586274751,"king, tracy o","nieto, pedro g (pete)",-1.0,both,0.0,0.0,0.0,texas_official_upstream
TX,1994,house,44,,,,,,,,,,,,,,,,,,,,,,21443.0,0.0,100.0,"penaraymond, richard p",,1.0,right_only,,,,klarner_fallback
TX,1994,house,45,,,,,,,,,,,,,,,,,,,,,,0.0,29004.0,-100.0,,"kuempel, edmund",-1.0,right_only,,,,klarner_fallback
TX,1994,house,46,,,,,,,,,,,,,,,,,,,,,,19699.0,0.0,100.0,"rhodes, alec",,0.0,right_only,,,,klarner_fallback
TX,1994,house,47,,,,,,,,,,,,,,,,,,,,,,0.0,45869.0,-100.0,,"combs, susan",-1.0,right_only,,,,klarner_fallback
TX,1994,house,48,27927.0,15285.0,29.255762288253262,Sherri Greenberg,Burgess Beall,1.0,0.0,1.0,True,1.0,0.0,0.0,0.0,,,,Texas official returns normalized by the Texas project,external://texas-state-house-and-state-senate-model/data/processed/elections/sos_canonical_candidate_totals_1992_2018.csv,Texas Secretary of State candidate-total exports,Texas official outcomes; Klarner source-observed 1994 incumbency,source_observed,27927.0,15285.0,29.255762288253262,"greenberg, sherri","beall, burgess",1.0,both,0.0,0.0,0.0,texas_official_upstream
TX,1994,house,49,24988.0,14346.0,27.055473636040066,Elliott Naishtat,Delmar Hager,1.0,0.0,1.0,True,1.0,0.0,0.0,0.0,,,,Texas official returns normalized by the Texas project,external://texas-state-house-and-state-senate-model/data/processed/elections/sos_canonical_candidate_totals_1992_2018.csv,Texas Secretary of State candidate-total exports,Texas official outcomes; Klarner source-observed 1994 incumbency,source_observed,24988.0,14346.0,27.055473636040066,"naishtat, elliott","hager, delmar",1.0,both,0.0,0.0,0.0,texas_official_upstream
TX,1994,house,50,20868.0,8082.0,44.16580310880829,Dawnna M. Dukes,Elton Singer,0.0,0.0,0.0,True,1.0,0.0,0.0,0.0,,,,Texas official returns normalized by the Texas project,external://texas-state-house-and-state-senate-model/data/processed/elections/sos_canonical_candidate_totals_1992_2018.csv,Texas Secretary of State candidate-total exports,Texas official outcomes; Klarner source-observed 1994 incumbency,source_observed,20868.0,8082.0,44.16580310880829,"dukes, dawnna m","singer, elton",0.0,both,0.0,0.0,0.0,texas_official_upstream
TX,1994,house,51,18113.0,8226.0,37.53749193211588,Glen Maxey,Dick Mallory,1.0,0.0,1.0,True,1.0,0.0,0.0,0.0,,,,Texas official returns normalized by the Texas project,external://texas-state-house-and-state-senate-model/data/processed/elections/sos_canonical_candidate_totals_1992_2018.csv,Texas Secretary of State candidate-total exports,Texas official outcomes; Klarner source-observed 1994 incumbency,source_observed,18113.0,8226.0,37.53749193211588,"maxey, glen","mallory, dick",1.0,both,0.0,0.0,0.0,texas_official_upstream
TX,1994,house,52,14141.0,25004.0,-27.750670583727167,Llorente Navarrette,Mike Krusee,0.0,1.0,-1.0,True,0.0,1.0,0.0,0.0,,,,Texas official returns normalized by the Texas project,external://texas-state-house-and-state-senate-model/data/processed/elections/sos_canonical_candidate_totals_1992_2018.csv,Texas Secretary of State candidate-total exports,Texas official outcomes; Klarner source-observed 1994 incumbency,source_observed,14141.0,25004.0,-27.750670583727167,"navarrette, llorente","krusee, michael (mike)",-1.0,both,0.0,0.0,0.0,texas_official_upstream
TX,1994,house,53,11311.0,32325.0,-48.15748464570538,John J. B. Miller,Harvey Hilderbran,0.0,1.0,-1.0,True,0.0,1.0,0.0,0.0,,,,Texas official returns normalized by the Texas project,external://texas-state-house-and-state-senate-model/data/processed/elections/sos_canonical_candidate_totals_1992_2018.csv,Texas Secretary of State candidate-total exports,Texas official outcomes; Klarner source-observed 1994 incumbency,source_observed,11311.0,32325.0,-48.15748464570538,"miller, john j 1","hilderbran, harvey",-1.0,both,0.0,0.0,0.0,texas_official_upstream
TX,1994,house,54,,,,,,,,,,,,,,,,,,,,,,14998.0,0.0,100.0,"black, layton",,1.0,right_only,,,,klarner_fallback
TX,1994,house,55,,,,,,,,,,,,,,,,,,,,,,0.0,16005.0,-100.0,,"delisi, dianne w",-1.0,right_only,,,,klarner_fallback
TX,1994,house,56,,,,,,,,,,,,,,,,,,,,,,0.0,25521.0,-100.0,,"averitt, kip",-1.0,right_only,,,,klarner_fallback
TX,1994,house,57,12117.0,12896.0,-3.114380522128493,Betty Denton,Barbara Rusling,1.0,0.0,1.0,True,0.0,1.0,0.0,0.0,,,,Texas official returns normalized by the Texas project,external://texas-state-house-and-state-senate-model/data/processed/elections/sos_canonical_candidate_totals_1992_2018.csv,Texas Secretary of State candidate-total exports,Texas official outcomes; Klarner source-observed 1994 incumbency,source_observed,12117.0,12896.0,-3.114380522128493,"denton, betty b 2","rusling, barbara",1.0,both,0.0,0.0,0.0,texas_official_upstream
TX,1994,house,58,16544.0,16590.0,-0.13883020462364942,Bernard Erickson,Arlene Wohlgemuth,1.0,0.0,1.0,True,0.0,1.0,0.0,0.0,,,,Texas official returns normalized by the Texas project,external://texas-state-house-and-state-senate-model/data/processed/elections/sos_canonical_candidate_totals_1992_2018.csv,Texas Secretary of State candidate-total exports,Texas official outcomes; Klarner source-observed 1994 incumbency,source_observed,16544.0,16590.0,-0.13883020462364942,"erickson, bernard","wohlgemuth, arlene",1.0,both,0.0,0.0,0.0,texas_official_upstream
TX,1994,house,59,,,,,,,,,,,,,,,,,,,,,,15559.0,0.0,100.0,"place, allen 2",,1.0,right_only,,,,klarner_fallback
TX,1994,house,60,,,,,,,,,,,,,,,,,,,,,,25064.0,0.0,100.0,"cook, john",,1.0,right_only,,,,klarner_fallback
TX,1994,house,61,12281.0,22898.0,-30.179936894169817,Robert R. Hopkins,Ric Williamson,0.0,1.0,-1.0,True,0.0,1.0,0.0,0.0,,,,Texas official returns normalized by the Texas project,external://texas-state-house-and-state-senate-model/data/processed/elections/sos_canonical_candidate_totals_1992_2018.csv,Texas Secretary of State candidate-total exports,Texas official outcomes; Klarner source-observed 1994 incumbency,source_observed,12281.0,22898.0,-30.179936894169817,"hopkins, robert r","williamson, richard f (ric)",-1.0,both,0.0,0.0,0.0,texas_official_upstream
TX,1994,house,62,,,,,,,,,,,,,,,,,,,,,,19445.0,0.0,100.0,"seidlits, curtis l",,1.0,right_only,,,,klarner_fallback
TX,1994,house,63,,,,,,,,,,,,,,,,,,,,,,0.0,28611.0,-100.0,,"denny, mary",0.0,right_only,,,,klarner_fallback
TX,1994,house,64,,,,,,,,,,,,,,,,,,,,,,0.0,25151.0,-100.0,,"horn, jim n",-1.0,right_only,,,,klarner_fallback
TX,1994,house,65,9141.0,19102.0,-35.2689161916227,Stephen P. Birch,Burt Solomons,0.0,0.0,0.0,True,0.0,1.0,0.0,0.0,,,,Texas official returns normalized by the Texas project,external://texas-state-house-and-state-senate-model/data/processed/elections/sos_canonical_candidate_totals_1992_2018.csv,Texas Secretary of State candidate-total exports,Texas official outcomes; Klarner source-observed 1994 incumbency,source_observed,9141.0,19102.0,-35.2689161916227,"birch, stephen p","solomons, burt",0.0,both,0.0,0.0,0.0,texas_official_upstream
TX,1994,house,66,,,,,,,,,,,,,,,,,,,,,,0.0,35978.0,-100.0,,"mccall, brian",-1.0,right_only,,,,klarner_fallback
TX,1994,house,67,,,,,,,,,,,,,,,,,,,,,,0.0,28653.0,-100.0,,"madden, jerry a",-1.0,right_only,,,,klarner_fallback
TX,1994,house,68,,,,,,,,,,,,,,,,,,,,,,22862.0,0.0,100.0,"finnell, charles",,1.0,right_only,,,,klarner_fallback
TX,1994,house,69,,,,,,,,,,,,,,,,,,,,,,20359.0,0.0,100.0,"hirschi, john",,1.0,right_only,,,,klarner_fallback
TX,1994,house,70,17107.0,11931.0,17.824919071561403,David Counts,Wilma Hogan,1.0,0.0,1.0,True,1.0,0.0,0.0,0.0,,,,Texas official returns normalized by the Texas project,external://texas-state-house-and-state-senate-model/data/processed/elections/sos_canonical_candidate_totals_1992_2018.csv,Texas Secretary of State candidate-total exports,Texas official outcomes; Klarner source-observed 1994 incumbency,source_observed,17107.0,11931.0,17.824919071561403,"counts, david","hogan, wilma",1.0,both,0.0,0.0,0.0,texas_official_upstream
TX,1994,house,71,,,,,,,,,,,,,,,,,,,,,,0.0,23978.0,-100.0,,"hunter, bob",-1.0,right_only,,,,klarner_fallback
TX,1994,house,72,,,,,,,,,,,,,,,,,,,,,,22495.0,0.0,100.0,"junell, robert",,1.0,right_only,,,,klarner_fallback
TX,1994,house,73,21017.0,14507.0,18.325639004616598,Robert R. (Bob) Turner,John Petsch Brelsford,1.0,0.0,1.0,True,1.0,0.0,0.0,0.0,,,,Texas official returns normalized by the Texas project,external://texas-state-house-and-state-senate-model/data/processed/elections/sos_canonical_candidate_totals_1992_2018.csv,Texas Secretary of State candidate-total exports,Texas official outcomes; Klarner source-observed 1994 incumbency,source_observed,21017.0,14507.0,18.325639004616598,"turner, robert r","brelsford, john p",1.0,both,0.0,0.0,0.0,texas_official_upstream
TX,1994,house,74,14178.0,8645.0,24.243088112868598,Pete P. Gallego,Robert Garza,1.0,0.0,1.0,True,1.0,0.0,0.0,0.0,,,,Texas official returns normalized by the Texas project,external://texas-state-house-and-state-senate-model/data/processed/elections/sos_canonical_candidate_totals_1992_2018.csv,Texas Secretary of State candidate-total exports,Texas official outcomes; Klarner source-observed 1994 incumbency,source_observed,14178.0,8645.0,24.243088112868598,"gallego, pete p","garza, robert",1.0,both,0.0,0.0,0.0,texas_official_upstream
TX,1994,house,75,,,,,,,,,,,,,,,,,,,,,,10865.0,0.0,100.0,"serna, gilberto",,0.0,right_only,,,,klarner_fallback
TX,1994,house,76,,,,,,,,,,,,,,,,,,,,,,15404.0,0.0,100.0,"mcdonald, nancy",,1.0,right_only,,,,klarner_fallback
TX,1994,house,77,,,,,,,,,,,,,,,,,,,,,,10859.0,0.0,100.0,"moreno, paul",,1.0,right_only,,,,klarner_fallback
TX,1994,house,78,10689.0,18110.0,-25.768255842216742,Robin Collins,Pat Haggerty,0.0,1.0,-1.0,True,0.0,1.0,0.0,0.0,,,,Texas official returns normalized by the Texas project,external://texas-state-house-and-state-senate-model/data/processed/elections/sos_canonical_candidate_totals_1992_2018.csv,Texas Secretary of State candidate-total exports,Texas official outcomes; Klarner source-observed 1994 incumbency,source_observed,10689.0,18110.0,-25.768255842216742,"collins, robin","haggerty, patrick (pat)",-1.0,both,0.0,0.0,0.0,texas_official_upstream
TX,1994,house,79,,,,,,,,,,,,,,,,,,,,,,11707.0,0.0,100.0,"pickett, joseph c (joe)",,0.0,right_only,,,,klarner_fallback
TX,1994,house,80,9395.0,15671.0,-25.03789994414745,Kevin B. Jackson,Gary L. Walker,0.0,0.0,0.0,True,0.0,1.0,0.0,0.0,,,,Texas official returns normalized by the Texas project,external://texas-state-house-and-state-senate-model/data/processed/elections/sos_canonical_candidate_totals_1992_2018.csv,Texas Secretary of State candidate-total exports,Texas official outcomes; Klarner source-observed 1994 incumbency,source_observed,9395.0,15671.0,-25.03789994414745,"jackson, kevin b","walker, gary l",0.0,both,0.0,0.0,0.0,texas_official_upstream
TX,1994,house,81,,,,,,,,,,,,,,,,,,,,,,0.0,19163.0,-100.0,,"west, g e (buddy)",-1.0,right_only,,,,klarner_fallback
TX,1994,house,82,,,,,,,,,,,,,,,,,,,,,,0.0,26034.0,-100.0,,"craddick, tom",-1.0,right_only,,,,klarner_fallback
TX,1994,house,83,8516.0,11210.0,-13.657102301530974,Craig Tounget,Delwin Jones,0.0,1.0,-1.0,True,0.0,1.0,0.0,0.0,,,,Texas official returns normalized by the Texas project,external://texas-state-house-and-state-senate-model/data/processed/elections/sos_canonical_candidate_totals_1992_2018.csv,Texas Secretary of State candidate-total exports,Texas official outcomes; Klarner source-observed 1994 incumbency,source_observed,8516.0,11210.0,-13.657102301530974,"tounget, craig","jones, delwin",-1.0,both,0.0,0.0,0.0,texas_official_upstream
TX,1994,house,84,,,,,,,,,,,,,,,,,,,,,,0.0,29868.0,-100.0,,"duncan, robert l",-1.0,right_only,,,,klarner_fallback
TX,1994,house,85,,,,,,,,,,,,,,,,,,,,,,20229.0,0.0,100.0,"laney, james (petep)",,1.0,right_only,,,,klarner_fallback
TX,1994,house,86,,,,,,,,,,,,,,,,,,,,,,0.0,29249.0,-100.0,,"smithee, john",-1.0,right_only,,,,klarner_fallback
TX,1994,house,87,,,,,,,,,,,,,,,,,,,,,,0.0,18859.0,-100.0,,"swinford, david",-1.0,right_only,,,,klarner_fallback
TX,1994,house,88,,,,,,,,,,,,,,,,,,,,,,24750.0,0.0,100.0,"chisum, warren",,1.0,right_only,,,,klarner_fallback
TX,1994,house,89,14910.0,12903.0,7.216050048538453,Homer Pete Dear,Kirk Claunch,1.0,0.0,1.0,True,1.0,0.0,0.0,0.0,,,,Texas official returns normalized by the Texas project,external://texas-state-house-and-state-senate-model/data/processed/elections/sos_canonical_candidate_totals_1992_2018.csv,Texas Secretary of State candidate-total exports,Texas official outcomes; Klarner source-observed 1994 incumbency,source_observed,14910.0,12903.0,7.216050048538453,"dear, homer p","claunch, kirk",1.0,both,0.0,0.0,0.0,texas_official_upstream
TX,1994,house,90,,,,,,,,,,,,,,,,,,,,,,12806.0,0.0,100.0,"willis, doyle",,1.0,right_only,,,,klarner_fallback
TX,1994,house,91,11175.0,21918.0,-32.46305865288732,Greg Douglas,Bill G. Carter,0.0,1.0,-1.0,True,0.0,1.0,0.0,0.0,,,,Texas official returns normalized by the Texas project,external://texas-state-house-and-state-senate-model/data/processed/elections/sos_canonical_candidate_totals_1992_2018.csv,Texas Secretary of State candidate-total exports,Texas official outcomes; Klarner source-observed 1994 incumbency,source_observed,11175.0,21918.0,-32.46305865288732,"douglas, greg","carter, bill g 2",-1.0,both,0.0,0.0,0.0,texas_official_upstream
TX,1994,house,92,,,,,,,,,,,,,,,,,,,,,,0.0,26909.0,-100.0,,"park, carolyn",-1.0,right_only,,,,klarner_fallback
TX,1994,house,93,,,,,,,,,,,,,,,,,,,,,,0.0,17574.0,-100.0,,"goodman, toby",-1.0,right_only,,,,klarner_fallback
TX,1994,house,94,11285.0,26960.0,-40.98574977121192,Dan Engel,Kent Grusendorf,0.0,1.0,-1.0,True,0.0,1.0,0.0,0.0,,,,Texas official returns normalized by the Texas project,external://texas-state-house-and-state-senate-model/data/processed/elections/sos_canonical_candidate_totals_1992_2018.csv,Texas Secretary of State candidate-total exports,Texas official outcomes; Klarner source-observed 1994 incumbency,source_observed,11285.0,26960.0,-40.98574977121192,"engel, dan","grusendorf, kent",-1.0,both,0.0,0.0,0.0,texas_official_upstream
TX,1994,house,95,,,,,,,,,,,,,,,,,,,,,,21845.0,0.0,100.0,"lewis, glenn o",,0.0,right_only,,,,klarner_fallback
TX,1994,house,96,,,,,,,,,,,,,,,,,,,,,,0.0,26426.0,-100.0,,"brimer, kenneth (kim)",-1.0,right_only,,,,klarner_fallback
TX,1994,house,97,12315.0,31957.0,-44.36664257318395,"Jerry Murad, Jr.",Anna Mowery,0.0,1.0,-1.0,True,0.0,1.0,0.0,0.0,,,,Texas official returns normalized by the Texas project,external://texas-state-house-and-state-senate-model/data/processed/elections/sos_canonical_candidate_totals_1992_2018.csv,Texas Secretary of State candidate-total exports,Texas official outcomes; Klarner source-observed 1994 incumbency,source_observed,12315.0,31957.0,-44.36664257318395,"murad, jerry, jr","mowery, anna",-1.0,both,0.0,0.0,0.0,texas_official_upstream
TX,1994,house,98,,,,,,,,,,,,,,,,,,,,,,0.0,30688.0,-100.0,,"moffat, nancy",-1.0,right_only,,,,klarner_fallback
TX,1994,house,99,,,,,,,,,,,,,,,,,,,,,,0.0,28986.0,-100.0,,"marchant, ken",-1.0,right_only,,,,klarner_fallback
TX,1994,house,100,,,,,,,,,,,,,,,,,,,,,,13405.0,0.0,100.0,"hudson, samuel (sam) 1",,1.0,right_only,,,,klarner_fallback
TX,1994,house,101,8528.0,19014.0,-38.072761600464744,Bob Mason,Elvira Reyna,0.0,0.0,0.0,True,0.0,1.0,0.0,0.0,,,,Texas official returns normalized by the Texas project,external://texas-state-house-and-state-senate-model/data/processed/elections/sos_canonical_candidate_totals_1992_2018.csv,Texas Secretary of State candidate-total exports,Texas official outcomes; Klarner source-observed 1994 incumbency,source_observed,8528.0,19014.0,-38.072761600464744,"mason, bob","reyna, elvira",0.0,both,0.0,0.0,0.0,texas_official_upstream
TX,1994,house,102,,,,,,,,,,,,,,,,,,,,,,0.0,29886.0,-100.0,,"goolsby, tony",-1.0,right_only,,,,klarner_fallback
TX,1994,house,103,,,,,,,,,,,,,,,,,,,,,,9298.0,0.0,100.0,"wolens, steven (steve)",,1.0,right_only,,,,klarner_fallback
TX,1994,house,104,,,,,,,,,,,,,,,,,,,,,,7541.0,0.0,100.0,"alonzo, roberto r",,1.0,right_only,,,,klarner_fallback
TX,1994,house,105,9516.0,9343.0,0.9173338989341959,Dale B. Tillery,Mike Anderson,0.0,0.0,0.0,True,1.0,0.0,0.0,0.0,,,,Texas official returns normalized by the Texas project,external://texas-state-house-and-state-senate-model/data/processed/elections/sos_canonical_candidate_totals_1992_2018.csv,Texas Secretary of State candidate-total exports,Texas official outcomes; Klarner source-observed 1994 incumbency,source_observed,9516.0,9343.0,0.9173338989341959,"tillery, dale b","anderson, mike",0.0,both,0.0,0.0,0.0,texas_official_upstream
TX,1994,house,106,9311.0,13779.0,-19.35036812472932,John Wright,Ray Allen,0.0,1.0,-1.0,True,0.0,1.0,0.0,0.0,,,,Texas official returns normalized by the Texas project,external://texas-state-house-and-state-senate-model/data/processed/elections/sos_canonical_candidate_totals_1992_2018.csv,Texas Secretary of State candidate-total exports,Texas official outcomes; Klarner source-observed 1994 incumbency,source_observed,9311.0,13779.0,-19.35036812472932,"wright, john","allen, ray",-1.0,both,0.0,0.0,0.0,texas_official_upstream
TX,1994,house,107,12185.0,10219.0,8.775218710944474,Harryette Ehrhardt,Lee Sanders,0.0,0.0,0.0,True,1.0,0.0,0.0,0.0,,,,Texas official returns normalized by the Texas project,external://texas-state-house-and-state-senate-model/data/processed/elections/sos_canonical_candidate_totals_1992_2018.csv,Texas Secretary of State candidate-total exports,Texas official outcomes; Klarner source-observed 1994 incumbency,source_observed,12185.0,10219.0,8.775218710944474,"ehrhardt, harryette b","sanders, lee",0.0,both,0.0,0.0,0.0,texas_official_upstream
TX,1994,house,108,,,,,,,,,,,,,,,,,,,,,,0.0,36372.0,-100.0,,"carona, john",-1.0,right_only,,,,klarner_fallback
TX,1994,house,109,,,,,,,,,,,,,,,,,,,,,,17513.0,0.0,100.0,"giddings, helen",,1.0,right_only,,,,klarner_fallback
TX,1994,house,110,,,,,,,,,,,,,,,,,,,,,,21645.0,0.0,100.0,"jones, jesse",,1.0,right_only,,,,klarner_fallback
TX,1994,house,111,17365.0,9004.0,31.70768705677121,Yvonne Davis,Lou Antonelli,1.0,0.0,1.0,True,1.0,0.0,0.0,0.0,,,,Texas official returns normalized by the Texas project,external://texas-state-house-and-state-senate-model/data/processed/elections/sos_canonical_candidate_totals_1992_2018.csv,Texas Secretary of State candidate-total exports,Texas official outcomes; Klarner source-observed 1994 incumbency,source_observed,17365.0,9004.0,31.70768705677121,"davis, yvonne","antonelli, lou",1.0,both,0.0,0.0,0.0,texas_official_upstream
TX,1994,house,112,,,,,,,,,,,,,,,,,,,,,,0.0,26586.0,-100.0,,"hill, fred",-1.0,right_only,,,,klarner_fallback
TX,1994,house,113,,,,,,,,,,,,,,,,,,,,,,0.0,23545.0,-100.0,,"driver, joe",-1.0,right_only,,,,klarner_fallback
TX,1994,house,114,,,,,,,,,,,,,,,,,,,,,,0.0,26997.0,-100.0,,"hartnett, will",-1.0,right_only,,,,klarner_fallback
TX,1994,house,115,,,,,,,,,,,,,,,,,,,,,,12761.0,0.0,100.0,"vandeputte, leticia",,1.0,right_only,,,,klarner_fallback
TX,1994,house,116,11726.0,7060.0,24.837645054828062,"Leo Alvarado, Jr.",Philip Thompson,1.0,0.0,1.0,True,1.0,0.0,0.0,0.0,,,,Texas official returns normalized by the Texas project,external://texas-state-house-and-state-senate-model/data/processed/elections/sos_canonical_candidate_totals_1992_2018.csv,Texas Secretary of State candidate-total exports,Texas official outcomes; Klarner source-observed 1994 incumbency,source_observed,11726.0,7060.0,24.837645054828062,"alvarado, leo g","thompson, philip",1.0,both,0.0,0.0,0.0,texas_official_upstream
TX,1994,house,117,,,,,,,,,,,,,,,,,,,,,,9349.0,0.0,100.0,"longoria, john a",,1.0,right_only,,,,klarner_fallback
TX,1994,house,118,10933.0,4576.0,40.98910310142498,Ciro D. Rodriguez,Peter Villarreal,1.0,0.0,1.0,True,1.0,0.0,0.0,0.0,,,,Texas official returns normalized by the Texas project,external://texas-state-house-and-state-senate-model/data/processed/elections/sos_canonical_candidate_totals_1992_2018.csv,Texas Secretary of State candidate-total exports,Texas official outcomes; Klarner source-observed 1994 incumbency,source_observed,10933.0,4576.0,40.98910310142498,"rodriguez, ciro d","villarreal, pete",1.0,both,0.0,0.0,0.0,texas_official_upstream
TX,1994,house,119,,,,,,,,,,,,,,,,,,,,,,13409.0,0.0,100.0,"puente, robert r",,1.0,right_only,,,,klarner_fallback
TX,1994,house,120,,,,,,,,,,,,,,,,,,,,,,13703.0,0.0,100.0,"conley, karyne",,1.0,right_only,,,,klarner_fallback
TX,1994,house,121,9278.0,23874.0,-44.02750965250965,Deborah Long,Bill Siebert,0.0,1.0,-1.0,True,0.0,1.0,0.0,0.0,,,,Texas official returns normalized by the Texas project,external://texas-state-house-and-state-senate-model/data/processed/elections/sos_canonical_candidate_totals_1992_2018.csv,Texas Secretary of State candidate-total exports,Texas official outcomes; Klarner source-observed 1994 incumbency,source_observed,9278.0,23874.0,-44.02750965250965,"long, deborah","siebert, bill",-1.0,both,0.0,0.0,0.0,texas_official_upstream
TX,1994,house,122,6332.0,28344.0,-63.4790633291037,D. A. Childre,John H. Shields,0.0,1.0,-1.0,True,0.0,1.0,0.0,0.0,,,,Texas official returns normalized by the Texas project,external://texas-state-house-and-state-senate-model/data/processed/elections/sos_canonical_candidate_totals_1992_2018.csv,Texas Secretary of State candidate-total exports,Texas official outcomes; Klarner source-observed 1994 incumbency,source_observed,6332.0,28344.0,-63.4790633291037,"childre, d a","shields, john h",-1.0,both,0.0,0.0,0.0,texas_official_upstream
TX,1994,house,123,,,,,,,,,,,,,,,,,,,,,,0.0,28849.0,-100.0,,"corte, frank j, jr",-1.0,right_only,,,,klarner_fallback
TX,1994,house,124,,,,,,,,,,,,,,,,,,,,,,13004.0,0.0,100.0,"hernandez, christine",,1.0,right_only,,,,klarner_fallback
TX,1994,house,125,10825.0,7411.0,18.721210791840317,Sylvia Romo,Shirley C. Thompson,1.0,0.0,1.0,True,1.0,0.0,0.0,0.0,,,,Texas official returns normalized by the Texas project,external://texas-state-house-and-state-senate-model/data/processed/elections/sos_canonical_candidate_totals_1992_2018.csv,Texas Secretary of State candidate-total exports,Texas official outcomes; Klarner source-observed 1994 incumbency,source_observed,10825.0,7411.0,18.721210791840317,"romo, sylvia","thompson, shirley c",1.0,both,0.0,0.0,0.0,texas_official_upstream
TX,1994,house,126,,,,,,,,,,,,,,,,,,,,,,0.0,30834.0,-100.0,,"hamric, peggy",-1.0,right_only,,,,klarner_fallback
TX,1994,house,127,7637.0,28327.0,-57.529751974196415,Marshall Williams,Joe Crabb,0.0,1.0,-1.0,True,0.0,1.0,0.0,0.0,,,,Texas official returns normalized by the Texas project,external://texas-state-house-and-state-senate-model/data/processed/elections/sos_canonical_candidate_totals_1992_2018.csv,Texas Secretary of State candidate-total exports,Texas official outcomes; Klarner source-observed 1994 incumbency,source_observed,7637.0,28327.0,-57.529751974196415,"williams, marshall","crabb, joe",-1.0,both,0.0,0.0,0.0,texas_official_upstream
TX,1994,house,128,,,,,,,,,,,,,,,,,,,,,,12064.0,0.0,100.0,"bosse, fred m",,1.0,right_only,,,,klarner_fallback
TX,1994,house,129,8053.0,24914.0,-51.145084478417814,Deborah Dunsinger,Mike Jackson,0.0,1.0,-1.0,True,0.0,1.0,0.0,0.0,,,,Texas official returns normalized by the Texas project,external://texas-state-house-and-state-senate-model/data/processed/elections/sos_canonical_candidate_totals_1992_2018.csv,Texas Secretary of State candidate-total exports,Texas official outcomes; Klarner source-observed 1994 incumbency,source_observed,8053.0,24914.0,-51.145084478417814,"dunsinger, deborah","jackson, mike",-1.0,both,0.0,0.0,0.0,texas_official_upstream
TX,1994,house,130,6156.0,27539.0,-63.460454073304646,Antonio Gonzalez,John Culberson,0.0,1.0,-1.0,True,0.0,1.0,0.0,0.0,,,,Texas official returns normalized by the Texas project,external://texas-state-house-and-state-senate-model/data/processed/elections/sos_canonical_candidate_totals_1992_2018.csv,Texas Secretary of State candidate-total exports,Texas official outcomes; Klarner source-observed 1994 incumbency,source_observed,6156.0,27539.0,-63.460454073304646,"gonzalez, antonio","culberson, john",-1.0,both,0.0,0.0,0.0,texas_official_upstream
TX,1994,house,131,,,,,,,,,,,,,,,,,,,,,,15339.0,0.0,100.0,"wilson, ron",,1.0,right_only,,,,klarner_fallback
TX,1994,house,132,,,,,,,,,,,,,,,,,,,,,,18541.0,0.0,100.0,"hochberg, scott",,1.0,right_only,,,,klarner_fallback
TX,1994,house,133,6803.0,27625.0,-60.47984198907866,Anthony Osso,Joe Nixon,0.0,0.0,0.0,True,0.0,1.0,0.0,0.0,,,,Texas official returns normalized by the Texas project,external://texas-state-house-and-state-senate-model/data/processed/elections/sos_canonical_candidate_totals_1992_2018.csv,Texas Secretary of State candidate-total exports,Texas official outcomes; Klarner source-observed 1994 incumbency,source_observed,6803.0,27625.0,-60.47984198907866,"osso, anthony","nixon, joe",0.0,both,0.0,0.0,0.0,texas_official_upstream
TX,1994,house,134,7070.0,15536.0,-37.4502344510307,Bruce Reeves,Kyle Janek,0.0,0.0,0.0,True,0.0,1.0,0.0,0.0,,,,Texas official returns normalized by the Texas project,external://texas-state-house-and-state-senate-model/data/processed/elections/sos_canonical_candidate_totals_1992_2018.csv,Texas Secretary of State candidate-total exports,Texas official outcomes; Klarner source-observed 1994 incumbency,source_observed,7070.0,15536.0,-37.4502344510307,"reeves, bruce","janek, kyle",0.0,both,0.0,0.0,0.0,texas_official_upstream
TX,1994,house,135,,,,,,,,,,,,,,,,,,,,,,0.0,25985.0,-100.0,,"elkins, gary",0.0,right_only,,,,klarner_fallback
TX,1994,house,136,,,,,,,,,,,,,,,,,,,,,,0.0,31316.0,-100.0,,"woolley, beverly",0.0,right_only,,,,klarner_fallback
TX,1994,house,137,,,,,,,,,,,,,,,,,,,,,,14959.0,0.0,100.0,"danburg, deborah (debra)",,1.0,right_only,,,,klarner_fallback
TX,1994,house,138,12021.0,9144.0,13.593196314670447,Ken Yarbrough,Victoria Frayser,1.0,0.0,1.0,True,1.0,0.0,0.0,0.0,,,,Texas official returns normalized by the Texas project,external://texas-state-house-and-state-senate-model/data/processed/elections/sos_canonical_candidate_totals_1992_2018.csv,Texas Secretary of State candidate-total exports,Texas official outcomes; Klarner source-observed 1994 incumbency,source_observed,12021.0,9144.0,13.593196314670447,"yarbrough, ken","frayser, victoria",1.0,both,0.0,0.0,0.0,texas_official_upstream
TX,1994,house,139,,,,,,,,,,,,,,,,,,,,,,11944.0,0.0,100.0,"turner, sylvester",,1.0,right_only,,,,klarner_fallback
TX,1994,house,140,,,,,,,,,,,,,,,,,,,,,,8252.0,0.0,100.0,"bailey, kevin",,1.0,right_only,,,,klarner_fallback
TX,1994,house,141,,,,,,,,,,,,,,,,,,,,,,16604.0,0.0,100.0,"thompson, senfronia 1",,1.0,right_only,,,,klarner_fallback
TX,1994,house,142,,,,,,,,,,,,,,,,,,,,,,15530.0,0.0,100.0,"dutton, harold v, jr",,1.0,right_only,,,,klarner_fallback
TX,1994,house,143,,,,,,,,,,,,,,,,,,,,,,9389.0,0.0,100.0,"torres, gerard",,0.0,right_only,,,,klarner_fallback
TX,1994,house,144,6901.0,10638.0,-21.306801984149608,Scot M. Doyal,Robert E. Talton,0.0,1.0,-1.0,True,0.0,1.0,0.0,0.0,,,,Texas official returns normalized by the Texas project,external://texas-state-house-and-state-senate-model/data/processed/elections/sos_canonical_candidate_totals_1992_2018.csv,Texas Secretary of State candidate-total exports,Texas official outcomes; Klarner source-observed 1994 incumbency,source_observed,6901.0,10638.0,-21.306801984149608,"doyal, scot m","talton, robert e",-1.0,both,0.0,0.0,0.0,texas_official_upstream
TX,1994,house,145,,,,,,,,,,,,,,,,,,,,,,7764.0,0.0,100.0,"davila, diana",,1.0,right_only,,,,klarner_fallback
TX,1994,house,146,18072.0,7259.0,42.68682641822273,Al Edwards,David Fuson,1.0,0.0,1.0,True,1.0,0.0,0.0,0.0,,,,Texas official returns normalized by the Texas project,external://texas-state-house-and-state-senate-model/data/processed/elections/sos_canonical_candidate_totals_1992_2018.csv,Texas Secretary of State candidate-total exports,Texas official outcomes; Klarner source-observed 1994 incumbency,source_observed,18072.0,7259.0,42.68682641822273,"edwards, al","fuson, david l",1.0,both,0.0,0.0,0.0,texas_official_upstream
TX,1994,house,147,,,,,,,,,,,,,,,,,,,,,,13721.0,0.0,100.0,"coleman, garnet f",,1.0,right_only,,,,klarner_fallback
TX,1994,house,148,,,,,,,,,,,,,,,,,,,,,,8741.0,0.0,100.0,"farrar, jessica c",,0.0,right_only,,,,klarner_fallback
TX,1994,house,149,,,,,,,,,,,,,,,,,,,,,,0.0,14015.0,-100.0,,"heflin, talmadge",-1.0,right_only,,,,klarner_fallback
TX,1994,house,150,,,,,,,,,,,,,,,,,,,,,,0.0,24542.0,-100.0,,"hilbert, paul j",-1.0,right_only,,,,klarner_fallback
TX,1994,senate,1,55616.0,101207.0,-29.071628523877237,George Lavender,Bill Ratliff,0.0,1.0,-1.0,True,0.0,1.0,0.0,0.0,,,,Texas official returns normalized by the Texas project,external://texas-state-house-and-state-senate-model/data/processed/elections/sos_canonical_candidate_totals_1992_2018.csv,Texas Secretary of State candidate-total exports,Texas official outcomes; Klarner source-observed 1994 incumbency,source_observed,55616.0,101207.0,-29.071628523877237,"lavender, george","ratliff, bill",-1.0,both,0.0,0.0,0.0,texas_official_upstream
TX,1994,senate,2,61757.0,60317.0,1.1796123662696398,David Cain,Richard Harvey,0.0,0.0,0.0,True,1.0,0.0,0.0,0.0,,,,Texas official returns normalized by the Texas project,external://texas-state-house-and-state-senate-model/data/processed/elections/sos_canonical_candidate_totals_1992_2018.csv,Texas Secretary of State candidate-total exports,Texas official outcomes; Klarner source-observed 1994 incumbency,source_observed,61757.0,60317.0,1.1796123662696398,"cain, david","harvey, richard",0.0,both,0.0,0.0,0.0,texas_official_upstream
TX,1994,senate,3,76245.0,83779.0,-4.708043793430986,Curtis Soileau,Drew Nixon,0.0,0.0,0.0,True,0.0,1.0,0.0,0.0,,,,Texas official returns normalized by the Texas project,external://texas-state-house-and-state-senate-model/data/processed/elections/sos_canonical_candidate_totals_1992_2018.csv,Texas Secretary of State candidate-total exports,Texas official outcomes; Klarner source-observed 1994 incumbency,source_observed,76245.0,83779.0,-4.708043793430986,"soileau, curtis","nixon, drew",0.0,both,0.0,0.0,0.0,texas_official_upstream
TX,1994,senate,4,71012.0,79252.0,-5.4836820529201935,Carl A. Parker,Michael L. Galloway,1.0,0.0,1.0,True,0.0,1.0,0.0,0.0,,,,Texas official returns normalized by the Texas project,external://texas-state-house-and-state-senate-model/data/processed/elections/sos_canonical_candidate_totals_1992_2018.csv,Texas Secretary of State candidate-total exports,Texas official outcomes; Klarner source-observed 1994 incumbency,source_observed,71012.0,79252.0,-5.4836820529201935,"parker, carl","galloway, michael l",1.0,both,0.0,0.0,0.0,texas_official_upstream
TX,1994,senate,5,82541.0,64875.0,11.98377381016986,Jim Turner,Jerry T. Thornton,1.0,0.0,1.0,True,1.0,0.0,0.0,0.0,,,,Texas official returns normalized by the Texas project,external://texas-state-house-and-state-senate-model/data/processed/elections/sos_canonical_candidate_totals_1992_2018.csv,Texas Secretary of State candidate-total exports,Texas official outcomes; Klarner source-observed 1994 incumbency,source_observed,82541.0,64875.0,11.98377381016986,"turner, jim","thornton, jerry t",1.0,both,0.0,0.0,0.0,texas_official_upstream
TX,1994,senate,6,,,,,,,,,,,,,,,,,,,,,,38759.0,0.0,100.0,"gallegos, mario v, jr",,0.0,right_only,,,,klarner_fallback
TX,1994,senate,7,,,,,,,,,,,,,,,,,,,,,,0.0,143628.0,-100.0,,"henderson, don",-1.0,right_only,,,,klarner_fallback
TX,1994,senate,8,,,,,,,,,,,,,,,,,,,,,,0.0,156014.0,-100.0,,"shapiro, florence",-1.0,right_only,,,,klarner_fallback
TX,1994,senate,9,,,,,,,,,,,,,,,,,,,,,,0.0,127623.0,-100.0,,"nelson, jane",-1.0,right_only,,,,klarner_fallback
TX,1994,senate,10,,,,,,,,,,,,,,,,,,,,,,0.0,129343.0,-100.0,,"harris, chris",-1.0,right_only,,,,klarner_fallback
TX,1994,senate,11,59047.0,73959.0,-11.211524292137197,Mike Martin,Jerry Patterson,0.0,1.0,-1.0,True,0.0,1.0,0.0,0.0,,,,Texas official returns normalized by the Texas project,external://texas-state-house-and-state-senate-model/data/processed/elections/sos_canonical_candidate_totals_1992_2018.csv,Texas Secretary of State candidate-total exports,Texas official outcomes; Klarner source-observed 1994 incumbency,source_observed,59047.0,73959.0,-11.211524292137197,"martin, mike","patterson, jerry",-1.0,both,0.0,0.0,0.0,texas_official_upstream
TX,1994,senate,12,,,,,,,,,,,,,,,,,,,,,,94707.0,0.0,100.0,"moncrief, mike",,1.0,right_only,,,,klarner_fallback
TX,1994,senate,13,,,,,,,,,,,,,,,,,,,,,,89832.0,0.0,100.0,"ellis, rodney",,1.0,right_only,,,,klarner_fallback
TX,1994,senate,14,,,,,,,,,,,,,,,,,,,,,,135979.0,0.0,100.0,"barrientos, gonzalo",,1.0,right_only,,,,klarner_fallback
TX,1994,senate,15,,,,,,,,,,,,,,,,,,,,,,66341.0,0.0,100.0,"whitmire, john",,1.0,right_only,,,,klarner_fallback
TX,1994,senate,16,,,,,,,,,,,,,,,,,,,,,,0.0,108229.0,-100.0,,"leedom, john",-1.0,right_only,,,,klarner_fallback
TX,1994,senate,17,44465.0,117727.0,-45.16992206767288,Ronnie Ellen Harrison,J.E. (Buster) Brown,0.0,1.0,-1.0,True,0.0,1.0,0.0,0.0,,,,Texas official returns normalized by the Texas project,external://texas-state-house-and-state-senate-model/data/processed/elections/sos_canonical_candidate_totals_1992_2018.csv,Texas Secretary of State candidate-total exports,Texas official outcomes; Klarner source-observed 1994 incumbency,source_observed,44465.0,117727.0,-45.16992206767288,"harrison, ronnie e","brown, james e (buster)",-1.0,both,0.0,0.0,0.0,texas_official_upstream
TX,1994,senate,18,,,,,,,,,,,,,,,,,,,,,,98066.0,0.0,100.0,"armbrister, kenneth",,1.0,right_only,,,,klarner_fallback
TX,1994,senate,19,,,,,,,,,,,,,,,,,,,,,,60422.0,0.0,100.0,"madla, frank",,1.0,right_only,,,,klarner_fallback
TX,1994,senate,20,67066.0,47686.0,16.888594534300054,Carlos F. Truan,Rex Moses,1.0,0.0,1.0,True,1.0,0.0,0.0,0.0,,,,Texas official returns normalized by the Texas project,external://texas-state-house-and-state-senate-model/data/processed/elections/sos_canonical_candidate_totals_1992_2018.csv,Texas Secretary of State candidate-total exports,Texas official outcomes; Klarner source-observed 1994 incumbency,source_observed,67066.0,47686.0,16.888594534300054,"truan, carlos","moses, rex",1.0,both,0.0,0.0,0.0,texas_official_upstream
TX,1994,senate,21,71029.0,32624.0,37.05150839821327,Judith Zaffirini,Fernando Cantu,1.0,0.0,1.0,True,1.0,0.0,0.0,0.0,,,,Texas official returns normalized by the Texas project,external://texas-state-house-and-state-senate-model/data/processed/elections/sos_canonical_candidate_totals_1992_2018.csv,Texas Secretary of State candidate-total exports,Texas official outcomes; Klarner source-observed 1994 incumbency,source_observed,71029.0,32624.0,37.05150839821327,"zaffirini, judith","cantu, fernando",1.0,both,0.0,0.0,0.0,texas_official_upstream
TX,1994,senate,22,58544.0,83064.0,-17.315405909270662,Margaret Ross Messina,David Sibley,0.0,1.0,-1.0,True,0.0,1.0,0.0,0.0,,,,Texas official returns normalized by the Texas project,external://texas-state-house-and-state-senate-model/data/processed/elections/sos_canonical_candidate_totals_1992_2018.csv,Texas Secretary of State candidate-total exports,Texas official outcomes; Klarner source-observed 1994 incumbency,source_observed,58544.0,83064.0,-17.315405909270662,"messina, margaret r","sibley, david",-1.0,both,0.0,0.0,0.0,texas_official_upstream
TX,1994,senate,23,,,,,,,,,,,,,,,,,,,,,,79157.0,0.0,100.0,"west, royce",,1.0,right_only,,,,klarner_fallback
TX,1994,senate,24,67536.0,59048.0,6.7054288061682366,Bill Sims,Hugh D. Shine,1.0,0.0,1.0,True,1.0,0.0,0.0,0.0,,,,Texas official returns normalized by the Texas project,external://texas-state-house-and-state-senate-model/data/processed/elections/sos_canonical_candidate_totals_1992_2018.csv,Texas Secretary of State candidate-total exports,Texas official outcomes; Klarner source-observed 1994 incumbency,source_observed,67536.0,59048.0,6.7054288061682366,"sims, bill","shine, hugh d",1.0,both,0.0,0.0,0.0,texas_official_upstream
TX,1994,senate,25,53152.0,159729.0,-50.06412033013749,Jim Saunders,Jeff Wentworth,0.0,1.0,-1.0,True,0.0,1.0,0.0,0.0,,,,Texas official returns normalized by the Texas project,external://texas-state-house-and-state-senate-model/data/processed/elections/sos_canonical_candidate_totals_1992_2018.csv,Texas Secretary of State candidate-total exports,Texas official outcomes; Klarner source-observed 1994 incumbency,source_observed,53152.0,159729.0,-50.06412033013749,"saunders, jim","wentworth, jeffrey (jeff)",-1.0,both,0.0,0.0,0.0,texas_official_upstream
TX,1994,senate,26,55799.0,32375.0,26.565654274502688,Gregory Luna,Andrew Longaker,1.0,0.0,1.0,True,1.0,0.0,0.0,0.0,,,,Texas official returns normalized by the Texas project,external://texas-state-house-and-state-senate-model/data/processed/elections/sos_canonical_candidate_totals_1992_2018.csv,Texas Secretary of State candidate-total exports,Texas official outcomes; Klarner source-observed 1994 incumbency,source_observed,55799.0,32375.0,26.565654274502688,"luna, gregory (al)","longaker, andrew",1.0,both,0.0,0.0,0.0,texas_official_upstream
TX,1994,senate,27,53194.0,26527.0,33.45040829894256,"Eddie Lucio, Jr.",Ismael Moran,1.0,0.0,1.0,True,1.0,0.0,0.0,0.0,,,,Texas official returns normalized by the Texas project,external://texas-state-house-and-state-senate-model/data/processed/elections/sos_canonical_candidate_totals_1992_2018.csv,Texas Secretary of State candidate-total exports,Texas official outcomes; Klarner source-observed 1994 incumbency,source_observed,53194.0,26527.0,33.45040829894256,"lucio, eddie, jr 1","moran, ismael",1.0,both,0.0,0.0,0.0,texas_official_upstream
TX,1994,senate,28,78676.0,43854.0,28.41916265404391,John T. Montford,Val Varley,1.0,0.0,1.0,True,1.0,0.0,0.0,0.0,,,,Texas official returns normalized by the Texas project,external://texas-state-house-and-state-senate-model/data/processed/elections/sos_canonical_candidate_totals_1992_2018.csv,Texas Secretary of State candidate-total exports,Texas official outcomes; Klarner source-observed 1994 incumbency,source_observed,78676.0,43854.0,28.41916265404391,"montford, john","varley, val",1.0,both,0.0,0.0,0.0,texas_official_upstream
TX,1994,senate,29,,,,,,,,,,,,,,,,,,,,,,64207.0,0.0,100.0,"rosson, peggy",,1.0,right_only,,,,klarner_fallback
TX,1994,senate,30,73964.0,77626.0,-2.415726631044264,Steven A. Carriker,Tom Haywood,1.0,0.0,1.0,True,0.0,1.0,0.0,0.0,,,,Texas official returns normalized by the Texas project,external://texas-state-house-and-state-senate-model/data/processed/elections/sos_canonical_candidate_totals_1992_2018.csv,Texas Secretary of State candidate-total exports,Texas official outcomes; Klarner source-observed 1994 incumbency,source_observed,73964.0,77626.0,-2.415726631044264,"carriker, steven (steve)","haywood, tom",1.0,both,0.0,0.0,0.0,texas_official_upstream
TX,1994,senate,31,,,,,,,,,,,,,,,,,,,,,,0.0,115951.0,-100.0,,"bivins, teel",-1.0,right_only,,,,klarner_fallback
TX,1996,house,1,24728.0,14050.0,27.536231884057973,Barry B. Telford,George Lavender,1.0,0.0,1.0,True,1.0,0.0,0.0,0.0,,,,Texas official returns normalized by the Texas project,external://texas-state-house-and-state-senate-model/data/processed/elections/sos_canonical_candidate_totals_1992_2018.csv,Texas Secretary of State candidate-total exports,Texas official/canonical candidate and full-history incumbency exports,source_observed,24728.0,14050.0,27.536231884057973,"telford, barry b","lavender, george",1.0,both,0.0,0.0,0.0,texas_official_upstream
TX,1996,house,2,,,,,,,,,,,,,,,,,,,,,,26553.0,0.0,100.0,"ramsay, tom",,1.0,right_only,,,,klarner_fallback
TX,1996,house,3,,,,,,,,,,,,,,,,,,,,,,26303.0,0.0,100.0,"patterson, l p (pete)",,1.0,right_only,,,,klarner_fallback
TX,1996,house,4,20604.0,18362.0,5.753734024534209,Keith Oakley,Betty Brown,1.0,0.0,1.0,True,1.0,0.0,0.0,0.0,,,,Texas official returns normalized by the Texas project,external://texas-state-house-and-state-senate-model/data/processed/elections/sos_canonical_candidate_totals_1992_2018.csv,Texas Secretary of State candidate-total exports,Texas official/canonical candidate and full-history incumbency exports,source_observed,20604.0,18362.0,5.753734024534209,"oakley, keith","brown, betty",1.0,both,0.0,0.0,0.0,texas_official_upstream
TX,1996,house,5,20972.0,14279.0,18.986695412896086,Bob D. Glaze,Dan Flynn,1.0,0.0,1.0,True,1.0,0.0,0.0,0.0,,,,Texas official returns normalized by the Texas project,external://texas-state-house-and-state-senate-model/data/processed/elections/sos_canonical_candidate_totals_1992_2018.csv,Texas Secretary of State candidate-total exports,Texas official/canonical candidate and full-history incumbency exports,source_observed,20972.0,14279.0,18.986695412896086,"glaze, bob","flynn, dan",1.0,both,0.0,0.0,0.0,texas_official_upstream
TX,1996,house,6,,,,,,,,,,,,,,,,,,,,,,0.0,23440.0,-100.0,,"kamel, ted",-1.0,right_only,,,,klarner_fallback
TX,1996,house,7,,,,,,,,,,,,,,,,,,,,,,0.0,26351.0,-100.0,,"merritt, tommy",0.0,right_only,,,,klarner_fallback
TX,1996,house,8,26364.0,16783.0,22.205483579391384,Paul Sadler,Gene Barron,1.0,0.0,1.0,True,1.0,0.0,0.0,0.0,,,,Texas official returns normalized by the Texas project,external://texas-state-house-and-state-senate-model/data/processed/elections/sos_canonical_candidate_totals_1992_2018.csv,Texas Secretary of State candidate-total exports,Texas official/canonical candidate and full-history incumbency exports,source_observed,26364.0,16783.0,22.205483579391384,"sadler, paul","barron, gene",1.0,both,0.0,0.0,0.0,texas_official_upstream
TX,1996,house,9,20549.0,20979.0,-1.0354459641687537,Judy McDonald,Wayne Christian,0.0,0.0,0.0,True,0.0,1.0,0.0,0.0,,,,Texas official returns normalized by the Texas project,external://texas-state-house-and-state-senate-model/data/processed/elections/sos_canonical_candidate_totals_1992_2018.csv,Texas Secretary of State candidate-total exports,Texas official/canonical candidate and full-history incumbency exports,source_observed,20549.0,20979.0,-1.0354459641687537,"mcdonald, judy","christian, wayne",0.0,both,0.0,0.0,0.0,texas_official_upstream
TX,1996,house,10,,,,,,,,,,,,,,,,,,,,,,0.0,27012.0,-100.0,,"pitts, james r (jim)",-1.0,right_only,,,,klarner_fallback
TX,1996,house,11,15605.0,20004.0,-12.353618467241427,Doug Lowe,Todd Staples,0.0,1.0,-1.0,True,0.0,1.0,0.0,0.0,,,,Texas official returns normalized by the Texas project,external://texas-state-house-and-state-senate-model/data/processed/elections/sos_canonical_candidate_totals_1992_2018.csv,Texas Secretary of State candidate-total exports,Texas official/canonical candidate and full-history incumbency exports,source_observed,15605.0,20004.0,-12.353618467241427,"lowe, doug","staples, todd",0.0,both,0.0,0.0,0.0,texas_official_upstream
TX,1996,house,12,25437.0,14354.0,27.853032092684277,Clyde Alexander,Jerry Moon,1.0,0.0,1.0,True,1.0,0.0,0.0,0.0,,,,Texas official returns normalized by the Texas project,external://texas-state-house-and-state-senate-model/data/processed/elections/sos_canonical_candidate_totals_1992_2018.csv,Texas Secretary of State candidate-total exports,Texas official/canonical candidate and full-history incumbency exports,source_observed,25437.0,14354.0,27.853032092684277,"alexander, clyde","moon, jerry",1.0,both,0.0,0.0,0.0,texas_official_upstream
TX,1996,house,13,23370.0,15942.0,18.894993894993895,Dan Kubiak,James T. Hartley,1.0,0.0,1.0,True,1.0,0.0,0.0,0.0,,,,Texas official returns normalized by the Texas project,external://texas-state-house-and-state-senate-model/data/processed/elections/sos_canonical_candidate_totals_1992_2018.csv,Texas Secretary of State candidate-total exports,Texas official/canonical candidate and full-history incumbency exports,source_observed,23370.0,15942.0,18.894993894993895,"kubiak, dan b","hartley, james t",1.0,both,0.0,0.0,0.0,texas_official_upstream
TX,1996,house,14,,,,,,,,,,,,,,,,,,,,,,0.0,24402.0,-100.0,,"ogden, steve",-1.0,right_only,,,,klarner_fallback
TX,1996,house,15,15431.0,34264.0,-37.897172753798166,Peter B. Plotts,Thomas 'Tommy' Williams,0.0,0.0,0.0,True,0.0,1.0,0.0,0.0,,,,Texas official returns normalized by the Texas project,external://texas-state-house-and-state-senate-model/data/processed/elections/sos_canonical_candidate_totals_1992_2018.csv,Texas Secretary of State candidate-total exports,Texas official/canonical candidate and full-history incumbency exports,source_observed,15431.0,34264.0,-37.897172753798166,"plotts, peter b","williams, thomas d (tommy)",0.0,both,0.0,0.0,0.0,texas_official_upstream
TX,1996,house,16,,,,,,,,,,,,,,,,,,,,,,0.0,32061.0,-100.0,,"rabuck, bob",-1.0,right_only,,,,klarner_fallback
TX,1996,house,17,20976.0,19906.0,2.6172887823492,Jim McReynolds,Billy Clemons,0.0,1.0,-1.0,True,1.0,0.0,0.0,0.0,,,,Texas official returns normalized by the Texas project,external://texas-state-house-and-state-senate-model/data/processed/elections/sos_canonical_candidate_totals_1992_2018.csv,Texas Secretary of State candidate-total exports,Texas official/canonical candidate and full-history incumbency exports,source_observed,20976.0,19906.0,2.6172887823492,"mcreynolds, jim","clemons, billy",-1.0,both,0.0,0.0,0.0,texas_official_upstream
TX,1996,house,18,24483.0,16223.0,20.291848867488824,Allen Ross Hightower Jr.,Richard S. Ohendalski,1.0,0.0,1.0,True,1.0,0.0,0.0,0.0,,,,Texas official returns normalized by the Texas project,external://texas-state-house-and-state-senate-model/data/processed/elections/sos_canonical_candidate_totals_1992_2018.csv,Texas Secretary of State candidate-total exports,Texas official/canonical candidate and full-history incumbency exports,source_observed,24483.0,16223.0,20.291848867488824,"hightower, allen r, jr","ohendalski, richard s",1.0,both,0.0,0.0,0.0,texas_official_upstream
TX,1996,house,19,26685.0,12004.0,37.94618625449094,Ron E. Lewis,Jeff VanFleet,1.0,0.0,1.0,True,1.0,0.0,0.0,0.0,,,,Texas official returns normalized by the Texas project,external://texas-state-house-and-state-senate-model/data/processed/elections/sos_canonical_candidate_totals_1992_2018.csv,Texas Secretary of State candidate-total exports,Texas official/canonical candidate and full-history incumbency exports,source_observed,26685.0,12004.0,37.94618625449094,"lewis, ron e","vanfleet, jeff",1.0,both,0.0,0.0,0.0,texas_official_upstream
TX,1996,house,20,22059.0,19537.0,6.063082988748918,Zeb Zbranek,Kent Batman,1.0,0.0,1.0,True,1.0,0.0,0.0,0.0,,,,Texas official returns normalized by the Texas project,external://texas-state-house-and-state-senate-model/data/processed/elections/sos_canonical_candidate_totals_1992_2018.csv,Texas Secretary of State candidate-total exports,Texas official/canonical candidate and full-history incumbency exports,source_observed,22059.0,19537.0,6.063082988748918,"zbranek, zeb d","batman, kent",1.0,both,0.0,0.0,0.0,texas_official_upstream
TX,1996,house,21,,,,,,,,,,,,,,,,,,,,,,33377.0,0.0,100.0,"stiles, mark",,1.0,right_only,,,,klarner_fallback
TX,1996,house,22,,,,,,,,,,,,,,,,,,,,,,25034.0,0.0,100.0,"price, albert j",,1.0,right_only,,,,klarner_fallback
TX,1996,house,23,21582.0,15796.0,15.479693937610358,Patricia Gray,Dave Norman,1.0,0.0,1.0,True,1.0,0.0,0.0,0.0,,,,Texas official returns normalized by the Texas project,external://texas-state-house-and-state-senate-model/data/processed/elections/sos_canonical_candidate_totals_1992_2018.csv,Texas Secretary of State candidate-total exports,Texas official/canonical candidate and full-history incumbency exports,source_observed,21582.0,15796.0,15.479693937610358,"gray, patricia","norman, dave",1.0,both,0.0,0.0,0.0,texas_official_upstream
TX,1996,house,24,,,,,,,,,,,,,,,,,,,,,,25503.0,0.0,100.0,"eiland, craig",,1.0,right_only,,,,klarner_fallback
TX,1996,house,25,14315.0,28981.0,-33.87379896526238,David S. Miller,Dennis Bonnen,0.0,0.0,0.0,True,0.0,1.0,0.0,0.0,,,,Texas official returns normalized by the Texas project,external://texas-state-house-and-state-senate-model/data/processed/elections/sos_canonical_candidate_totals_1992_2018.csv,Texas Secretary of State candidate-total exports,Texas official/canonical candidate and full-history incumbency exports,source_observed,14315.0,28981.0,-33.87379896526238,"miller, david s","bonnen, dennis",0.0,both,0.0,0.0,0.0,texas_official_upstream
TX,1996,house,26,,,,,,,,,,,,,,,,,,,,,,0.0,41931.0,-100.0,,"howard, charlie",-1.0,right_only,,,,klarner_fallback
TX,1996,house,27,20503.0,13411.0,20.91171787462405,Dora Olivo,Bobby E. Mills,0.0,0.0,0.0,True,1.0,0.0,0.0,0.0,,,,Texas official returns normalized by the Texas project,external://texas-state-house-and-state-senate-model/data/processed/elections/sos_canonical_candidate_totals_1992_2018.csv,Texas Secretary of State candidate-total exports,Texas official/canonical candidate and full-history incumbency exports,source_observed,20503.0,13411.0,20.91171787462405,"olivo, dora","mills, bobby e",0.0,both,0.0,0.0,0.0,texas_official_upstream
TX,1996,house,28,22078.0,18154.0,9.753430105388745,Robert L. (Robby) Cook,Chip Rayburn,0.0,0.0,0.0,True,1.0,0.0,0.0,0.0,,,,Texas official returns normalized by the Texas project,external://texas-state-house-and-state-senate-model/data/processed/elections/sos_canonical_candidate_totals_1992_2018.csv,Texas Secretary of State candidate-total exports,Texas official/canonical candidate and full-history incumbency exports,source_observed,22078.0,18154.0,9.753430105388745,"cook, robert l (robby)","rayburn, chip",0.0,both,0.0,0.0,0.0,texas_official_upstream
TX,1996,house,29,17041.0,14850.0,6.870276880624628,D.R. (Tom) Uher,Donna Coleman,1.0,0.0,1.0,True,1.0,0.0,0.0,0.0,,,,Texas official returns normalized by the Texas project,external://texas-state-house-and-state-senate-model/data/processed/elections/sos_canonical_candidate_totals_1992_2018.csv,Texas Secretary of State candidate-total exports,Texas official/canonical candidate and full-history incumbency exports,source_observed,17041.0,14850.0,6.870276880624628,"uher, d r (tom)","coleman, donna",1.0,both,0.0,0.0,0.0,texas_official_upstream
TX,1996,house,30,,,,,,,,,,,,,,,,,,,,,,0.0,25894.0,-100.0,,"holzheauser, steve",-1.0,right_only,,,,klarner_fallback
TX,1996,house,31,25296.0,10577.0,41.03085886321189,Judy Hawley,Jim Gaines,1.0,0.0,1.0,True,1.0,0.0,0.0,0.0,,,,Texas official returns normalized by the Texas project,external://texas-state-house-and-state-senate-model/data/processed/elections/sos_canonical_candidate_totals_1992_2018.csv,Texas Secretary of State candidate-total exports,Texas official/canonical candidate and full-history incumbency exports,source_observed,25296.0,10577.0,41.03085886321189,"hawley, judy","gaines, jim",1.0,both,0.0,0.0,0.0,texas_official_upstream
TX,1996,house,32,21818.0,22704.0,-1.9900274021831903,Pat M. Eisenhauer,Gene Seaman,0.0,0.0,0.0,True,0.0,1.0,0.0,0.0,,,,Texas official returns normalized by the Texas project,external://texas-state-house-and-state-senate-model/data/processed/elections/sos_canonical_candidate_totals_1992_2018.csv,Texas Secretary of State candidate-total exports,Texas official/canonical candidate and full-history incumbency exports,source_observed,21818.0,22704.0,-1.9900274021831903,"eisenhauer, pat m","seaman, gene",0.0,both,0.0,0.0,0.0,texas_official_upstream
TX,1996,house,33,,,,,,,,,,,,,,,,,,,,,,24800.0,0.0,100.0,"luna, vilma",,1.0,right_only,,,,klarner_fallback
TX,1996,house,34,,,,,,,,,,,,,,,,,,,,,,22924.0,0.0,100.0,"berlanga, hugo",,1.0,right_only,,,,klarner_fallback
TX,1996,house,35,,,,,,,,,,,,,,,,,,,,,,22859.0,0.0,100.0,"rangel, irma",,1.0,right_only,,,,klarner_fallback
TX,1996,house,36,14009.0,8835.0,22.649273332165997,Kino Flores,Kathleen Holton,0.0,0.0,0.0,True,1.0,0.0,0.0,0.0,,,,Texas official returns normalized by the Texas project,external://texas-state-house-and-state-senate-model/data/processed/elections/sos_canonical_candidate_totals_1992_2018.csv,Texas Secretary of State candidate-total exports,Texas official/canonical candidate and full-history incumbency exports,source_observed,14009.0,8835.0,22.649273332165997,"flores, ismael (kino)","holton, kathleen",0.0,both,0.0,0.0,0.0,texas_official_upstream
TX,1996,house,37,13034.0,5740.0,38.851603281133485,Rene O. Oliveira,Philip Thomas Cowen,1.0,0.0,1.0,True,1.0,0.0,0.0,0.0,,,,Texas official returns normalized by the Texas project,external://texas-state-house-and-state-senate-model/data/processed/elections/sos_canonical_candidate_totals_1992_2018.csv,Texas Secretary of State candidate-total exports,Texas official/canonical candidate and full-history incumbency exports,source_observed,13034.0,5740.0,38.851603281133485,"oliveira, rene o","cowen, philip t",1.0,both,0.0,0.0,0.0,texas_official_upstream
TX,1996,house,38,,,,,,,,,,,,,,,,,,,,,,15529.0,0.0,100.0,"solis, jim",,1.0,right_only,,,,klarner_fallback
TX,1996,house,39,,,,,,,,,,,,,,,,,,,,,,14768.0,0.0,100.0,"wise, miguel",,0.0,right_only,,,,klarner_fallback
TX,1996,house,40,15816.0,6371.0,42.56997340785144,Juan 'Chuy' Hinojosa,Emilio D. Santos,0.0,0.0,0.0,True,1.0,0.0,0.0,0.0,,,,Texas official returns normalized by the Texas project,external://texas-state-house-and-state-senate-model/data/processed/elections/sos_canonical_candidate_totals_1992_2018.csv,Texas Secretary of State candidate-total exports,Texas official/canonical candidate and full-history incumbency exports,source_observed,15816.0,6371.0,42.56997340785144,"hinojosa, juan (chuy)","santos, emilio d",0.0,both,0.0,0.0,0.0,texas_official_upstream
TX,1996,house,41,15112.0,7664.0,32.70108886547243,Roberto Gutierrez,Javier Perez,1.0,0.0,1.0,True,1.0,0.0,0.0,0.0,,,,Texas official returns normalized by the Texas project,external://texas-state-house-and-state-senate-model/data/processed/elections/sos_canonical_candidate_totals_1992_2018.csv,Texas Secretary of State candidate-total exports,Texas official/canonical candidate and full-history incumbency exports,source_observed,15112.0,7664.0,32.70108886547243,"gutierrez, roberto","perez, javier",1.0,both,0.0,0.0,0.0,texas_official_upstream
TX,1996,house,42,,,,,,,,,,,,,,,,,,,,,,19019.0,0.0,100.0,"cuellar, henry",,1.0,right_only,,,,klarner_fallback
TX,1996,house,43,,,,,,,,,,,,,,,,,,,,,,24766.0,0.0,100.0,"king, tracy o",,1.0,right_only,,,,klarner_fallback
TX,1996,house,44,,,,,,,,,,,,,,,,,,,,,,26492.0,0.0,100.0,"penaraymond, richard p",,1.0,right_only,,,,klarner_fallback
TX,1996,house,45,,,,,,,,,,,,,,,,,,,,,,0.0,37524.0,-100.0,,"kuempel, edmund",-1.0,right_only,,,,klarner_fallback
TX,1996,house,46,20856.0,16140.0,12.747324035030815,Alec Rhodes,Ken Fleuriet,1.0,0.0,1.0,True,1.0,0.0,0.0,0.0,,,,Texas official returns normalized by the Texas project,external://texas-state-house-and-state-senate-model/data/processed/elections/sos_canonical_candidate_totals_1992_2018.csv,Texas Secretary of State candidate-total exports,Texas official/canonical candidate and full-history incumbency exports,source_observed,20856.0,16140.0,12.747324035030815,"rhodes, alec","fleuriet, ken",1.0,both,0.0,0.0,0.0,texas_official_upstream
TX,1996,house,47,22106.0,51953.0,-40.30165138605706,John Lindell,Terry Keel,0.0,0.0,0.0,True,0.0,1.0,0.0,0.0,,,,Texas official returns normalized by the Texas project,external://texas-state-house-and-state-senate-model/data/processed/elections/sos_canonical_candidate_totals_1992_2018.csv,Texas Secretary of State candidate-total exports,Texas official/canonical candidate and full-history incumbency exports,source_observed,22106.0,51953.0,-40.30165138605706,"lindell, john","keel, terry",0.0,both,0.0,0.0,0.0,texas_official_upstream
TX,1996,house,48,,,,,,,,,,,,,,,,,,,,,,34850.0,0.0,100.0,"greenberg, sherri",,1.0,right_only,,,,klarner_fallback
TX,1996,house,49,28137.0,16399.0,26.356206215196696,Elliott Naishtat,Emil Blomquist,1.0,0.0,1.0,True,1.0,0.0,0.0,0.0,,,,Texas official returns normalized by the Texas project,external://texas-state-house-and-state-senate-model/data/processed/elections/sos_canonical_candidate_totals_1992_2018.csv,Texas Secretary of State candidate-total exports,Texas official/canonical candidate and full-history incumbency exports,source_observed,28137.0,16399.0,26.356206215196696,"naishtat, elliott","blomquist, emil",1.0,both,0.0,0.0,0.0,texas_official_upstream
TX,1996,house,50,,,,,,,,,,,,,,,,,,,,,,27240.0,0.0,100.0,"dukes, dawnna m",,1.0,right_only,,,,klarner_fallback
TX,1996,house,51,21300.0,7113.0,49.93136944356456,Glen Maxey,David 'Breadman' Blakely,1.0,0.0,1.0,True,1.0,0.0,0.0,0.0,,,,Texas official returns normalized by the Texas project,external://texas-state-house-and-state-senate-model/data/processed/elections/sos_canonical_candidate_totals_1992_2018.csv,Texas Secretary of State candidate-total exports,Texas official/canonical candidate and full-history incumbency exports,source_observed,21300.0,7113.0,49.93136944356456,"maxey, glen","blakely, david (breadman)",1.0,both,0.0,0.0,0.0,texas_official_upstream
TX,1996,house,52,19809.0,31752.0,-23.162855646709723,Jerry Graham,Mike Krusee,0.0,1.0,-1.0,True,0.0,1.0,0.0,0.0,,,,Texas official returns normalized by the Texas project,external://texas-state-house-and-state-senate-model/data/processed/elections/sos_canonical_candidate_totals_1992_2018.csv,Texas Secretary of State candidate-total exports,Texas official/canonical candidate and full-history incumbency exports,source_observed,19809.0,31752.0,-23.162855646709723,"graham, jerry","krusee, michael (mike)",-1.0,both,0.0,0.0,0.0,texas_official_upstream
TX,1996,house,53,15515.0,41347.0,-45.42928493545777,Jim Franklin,Harvey Hilderbran,0.0,1.0,-1.0,True,0.0,1.0,0.0,0.0,,,,Texas official returns normalized by the Texas project,external://texas-state-house-and-state-senate-model/data/processed/elections/sos_canonical_candidate_totals_1992_2018.csv,Texas Secretary of State candidate-total exports,Texas official/canonical candidate and full-history incumbency exports,source_observed,15515.0,41347.0,-45.42928493545777,"franklin, jim","hilderbran, harvey",-1.0,both,0.0,0.0,0.0,texas_official_upstream
TX,1996,house,54,15757.0,17620.0,-5.581687988734758,Dick Miller,Suzanna Gratia Hupp,0.0,0.0,0.0,True,0.0,1.0,0.0,0.0,,,,Texas official returns normalized by the Texas project,external://texas-state-house-and-state-senate-model/data/processed/elections/sos_canonical_candidate_totals_1992_2018.csv,Texas Secretary of State candidate-total exports,Texas official outcomes; Klarner source-observed 1994 incumbency,source_observed,15757.0,17620.0,-5.581687988734758,"miller, dick","hupp, suzanna g",0.0,both,0.0,0.0,0.0,texas_official_upstream
TX,1996,house,55,,,,,,,,,,,,,,,,,,,,,,0.0,22829.0,-100.0,,"delisi, dianne w",-1.0,right_only,,,,klarner_fallback
TX,1996,house,56,,,,,,,,,,,,,,,,,,,,,,0.0,29981.0,-100.0,,"averitt, kip",-1.0,right_only,,,,klarner_fallback
TX,1996,house,57,18245.0,12901.0,17.157901496179285,Jim Dunnam,Barbara Rusling,0.0,1.0,-1.0,True,1.0,0.0,0.0,0.0,,,,Texas official returns normalized by the Texas project,external://texas-state-house-and-state-senate-model/data/processed/elections/sos_canonical_candidate_totals_1992_2018.csv,Texas Secretary of State candidate-total exports,Texas official/canonical candidate and full-history incumbency exports,source_observed,18245.0,12901.0,17.157901496179285,"dunnam, jim","rusling, barbara",-1.0,both,0.0,0.0,0.0,texas_official_upstream
TX,1996,house,58,18364.0,21487.0,-7.836691676494944,Bernard Erickson,Arlene Wohlgemuth,0.0,1.0,-1.0,True,0.0,1.0,0.0,0.0,,,,Texas official returns normalized by the Texas project,external://texas-state-house-and-state-senate-model/data/processed/elections/sos_canonical_candidate_totals_1992_2018.csv,Texas Secretary of State candidate-total exports,Texas official/canonical candidate and full-history incumbency exports,source_observed,18364.0,21487.0,-7.836691676494944,"erickson, bernard","wohlgemuth, arlene",-1.0,both,0.0,0.0,0.0,texas_official_upstream
TX,1996,house,59,15399.0,15387.0,0.038978756577665176,Allen Place,Becky Farrar,1.0,0.0,1.0,True,1.0,0.0,0.0,0.0,,,,Texas official returns normalized by the Texas project,external://texas-state-house-and-state-senate-model/data/processed/elections/sos_canonical_candidate_totals_1992_2018.csv,Texas Secretary of State candidate-total exports,Texas official/canonical candidate and full-history incumbency exports,source_observed,15399.0,15387.0,0.038978756577665176,"place, allen 2","farrar, becky",1.0,both,0.0,0.0,0.0,texas_official_upstream
TX,1996,house,60,21409.0,21922.0,-1.1839099028409221,John R. Cook,Jim Keffer,1.0,0.0,1.0,True,0.0,1.0,0.0,0.0,,,,Texas official returns normalized by the Texas project,external://texas-state-house-and-state-senate-model/data/processed/elections/sos_canonical_candidate_totals_1992_2018.csv,Texas Secretary of State candidate-total exports,Texas official/canonical candidate and full-history incumbency exports,source_observed,21409.0,21922.0,-1.1839099028409221,"cook, john","keffer, james l (jim)",1.0,both,0.0,0.0,0.0,texas_official_upstream
TX,1996,house,61,,,,,,,,,,,,,,,,,,,,,,0.0,32821.0,-100.0,,"williamson, richard f (ric)",-1.0,right_only,,,,klarner_fallback
TX,1996,house,62,18718.0,21920.0,-7.87932476991978,Roger Sanders,Ron Clark,0.0,0.0,0.0,True,0.0,1.0,0.0,0.0,,,,Texas official returns normalized by the Texas project,external://texas-state-house-and-state-senate-model/data/processed/elections/sos_canonical_candidate_totals_1992_2018.csv,Texas Secretary of State candidate-total exports,Texas official/canonical candidate and full-history incumbency exports,source_observed,18718.0,21920.0,-7.87932476991978,"sanders, roger","clark, ron",0.0,both,0.0,0.0,0.0,texas_official_upstream
TX,1996,house,63,,,,,,,,,,,,,,,,,,,,,,0.0,36418.0,-100.0,,"denny, mary",-1.0,right_only,,,,klarner_fallback
TX,1996,house,64,,,,,,,,,,,,,,,,,,,,,,0.0,36830.0,-100.0,,"horn, jim n",-1.0,right_only,,,,klarner_fallback
TX,1996,house,65,,,,,,,,,,,,,,,,,,,,,,0.0,28495.0,-100.0,,"solomons, burt",-1.0,right_only,,,,klarner_fallback
TX,1996,house,66,,,,,,,,,,,,,,,,,,,,,,0.0,48127.0,-100.0,,"mccall, brian",-1.0,right_only,,,,klarner_fallback
TX,1996,house,67,,,,,,,,,,,,,,,,,,,,,,0.0,33026.0,-100.0,,"madden, jerry a",-1.0,right_only,,,,klarner_fallback
TX,1996,house,68,,,,,,,,,,,,,,,,,,,,,,26245.0,0.0,100.0,"finnell, charles",,1.0,right_only,,,,klarner_fallback
TX,1996,house,69,,,,,,,,,,,,,,,,,,,,,,25912.0,0.0,100.0,"hirschi, john",,1.0,right_only,,,,klarner_fallback
TX,1996,house,70,17834.0,17035.0,2.2914336516676705,David Counts,Scott McLaughlin,1.0,0.0,1.0,True,1.0,0.0,0.0,0.0,,,,Texas official returns normalized by the Texas project,external://texas-state-house-and-state-senate-model/data/processed/elections/sos_canonical_candidate_totals_1992_2018.csv,Texas Secretary of State candidate-total exports,Texas official/canonical candidate and full-history incumbency exports,source_observed,17834.0,17035.0,2.2914336516676705,"counts, david","mclaughlin, scott",1.0,both,0.0,0.0,0.0,texas_official_upstream
TX,1996,house,71,,,,,,,,,,,,,,,,,,,,,,0.0,30683.0,-100.0,,"hunter, bob",-1.0,right_only,,,,klarner_fallback
TX,1996,house,72,,,,,,,,,,,,,,,,,,,,,,28102.0,0.0,100.0,"junell, robert",,1.0,right_only,,,,klarner_fallback
TX,1996,house,73,,,,,,,,,,,,,,,,,,,,,,29711.0,0.0,100.0,"turner, robert r",,1.0,right_only,,,,klarner_fallback
TX,1996,house,74,,,,,,,,,,,,,,,,,,,,,,22994.0,0.0,100.0,"gallego, pete p",,1.0,right_only,,,,klarner_fallback
TX,1996,house,75,15895.0,7409.0,36.414349467902504,Gilberto Serna,James Barnett,1.0,0.0,1.0,True,1.0,0.0,0.0,0.0,,,,Texas official returns normalized by the Texas project,external://texas-state-house-and-state-senate-model/data/processed/elections/sos_canonical_candidate_totals_1992_2018.csv,Texas Secretary of State candidate-total exports,Texas official/canonical candidate and full-history incumbency exports,source_observed,15895.0,7409.0,36.414349467902504,"serna, gilberto","barnett, james",1.0,both,0.0,0.0,0.0,texas_official_upstream
TX,1996,house,76,,,,,,,,,,,,,,,,,,,,,,22848.0,0.0,100.0,"chavez, norma",,0.0,right_only,,,,klarner_fallback
TX,1996,house,77,,,,,,,,,,,,,,,,,,,,,,16839.0,0.0,100.0,"moreno, paul",,1.0,right_only,,,,klarner_fallback
TX,1996,house,78,,,,,,,,,,,,,,,,,,,,,,0.0,26860.0,-100.0,,"haggerty, patrick (pat)",-1.0,right_only,,,,klarner_fallback
TX,1996,house,79,,,,,,,,,,,,,,,,,,,,,,18723.0,0.0,100.0,"pickett, joseph c (joe)",,1.0,right_only,,,,klarner_fallback
TX,1996,house,80,,,,,,,,,,,,,,,,,,,,,,0.0,21169.0,-100.0,,"walker, gary l",-1.0,right_only,,,,klarner_fallback
TX,1996,house,81,,,,,,,,,,,,,,,,,,,,,,0.0,23967.0,-100.0,,"west, g e (buddy)",-1.0,right_only,,,,klarner_fallback
TX,1996,house,82,,,,,,,,,,,,,,,,,,,,,,0.0,30771.0,-100.0,,"craddick, tom",-1.0,right_only,,,,klarner_fallback
TX,1996,house,83,,,,,,,,,,,,,,,,,,,,,,0.0,18119.0,-100.0,,"jones, delwin",-1.0,right_only,,,,klarner_fallback
TX,1996,house,84,19158.0,26385.0,-15.868519860351755,Don R. Richards,Carl H. Isett,0.0,0.0,0.0,True,0.0,1.0,0.0,0.0,,,,Texas official returns normalized by the Texas project,external://texas-state-house-and-state-senate-model/data/processed/elections/sos_canonical_candidate_totals_1992_2018.csv,Texas Secretary of State candidate-total exports,Texas official/canonical candidate and full-history incumbency exports,source_observed,19158.0,26385.0,-15.868519860351755,"richards, don r","isett, carl h",0.0,both,0.0,0.0,0.0,texas_official_upstream
TX,1996,house,85,20813.0,11417.0,29.152963077877754,James E. 'Pete' Laney,Hollis Cain,1.0,0.0,1.0,True,1.0,0.0,0.0,0.0,,,,Texas official returns normalized by the Texas project,external://texas-state-house-and-state-senate-model/data/processed/elections/sos_canonical_candidate_totals_1992_2018.csv,Texas Secretary of State candidate-total exports,Texas official/canonical candidate and full-history incumbency exports,source_observed,20813.0,11417.0,29.152963077877754,"laney, james (petep)","cain, hollis",1.0,both,0.0,0.0,0.0,texas_official_upstream
TX,1996,house,86,,,,,,,,,,,,,,,,,,,,,,0.0,38216.0,-100.0,,"smithee, john",-1.0,right_only,,,,klarner_fallback
TX,1996,house,87,,,,,,,,,,,,,,,,,,,,,,0.0,23050.0,-100.0,,"swinford, david",-1.0,right_only,,,,klarner_fallback
TX,1996,house,88,,,,,,,,,,,,,,,,,,,,,,0.0,32115.0,-100.0,,"chisum, warren",-1.0,right_only,,,,klarner_fallback
TX,1996,house,89,15643.0,19218.0,-10.255012764980924,Homer Dear,Sue Palmer,1.0,0.0,1.0,True,0.0,1.0,0.0,0.0,,,,Texas official returns normalized by the Texas project,external://texas-state-house-and-state-senate-model/data/processed/elections/sos_canonical_candidate_totals_1992_2018.csv,Texas Secretary of State candidate-total exports,Texas official/canonical candidate and full-history incumbency exports,source_observed,15643.0,19218.0,-10.255012764980924,"dear, homer p","palmer, sue",1.0,both,0.0,0.0,0.0,texas_official_upstream
TX,1996,house,90,,,,,,,,,,,,,,,,,,,,,,16015.0,0.0,100.0,"burnam, lon",,0.0,right_only,,,,klarner_fallback
TX,1996,house,91,,,,,,,,,,,,,,,,,,,,,,0.0,29998.0,-100.0,,"carter, bill g 2",-1.0,right_only,,,,klarner_fallback
TX,1996,house,92,,,,,,,,,,,,,,,,,,,,,,0.0,30953.0,-100.0,,"smith, todd",0.0,right_only,,,,klarner_fallback
TX,1996,house,93,,,,,,,,,,,,,,,,,,,,,,0.0,21064.0,-100.0,,"goodman, toby",-1.0,right_only,,,,klarner_fallback
TX,1996,house,94,,,,,,,,,,,,,,,,,,,,,,0.0,32685.0,-100.0,,"grusendorf, kent",-1.0,right_only,,,,klarner_fallback
TX,1996,house,95,,,,,,,,,,,,,,,,,,,,,,26796.0,0.0,100.0,"lewis, glenn o",,1.0,right_only,,,,klarner_fallback
TX,1996,house,96,,,,,,,,,,,,,,,,,,,,,,0.0,32553.0,-100.0,,"brimer, kenneth (kim)",-1.0,right_only,,,,klarner_fallback
TX,1996,house,97,,,,,,,,,,,,,,,,,,,,,,0.0,38701.0,-100.0,,"mowery, anna",-1.0,right_only,,,,klarner_fallback
TX,1996,house,98,,,,,,,,,,,,,,,,,,,,,,0.0,38901.0,-100.0,,"moffat, nancy",-1.0,right_only,,,,klarner_fallback
TX,1996,house,99,,,,,,,,,,,,,,,,,,,,,,0.0,32764.0,-100.0,,"marchant, ken",-1.0,right_only,,,,klarner_fallback
TX,1996,house,100,17296.0,7392.0,40.116655865197664,Terri Hodge,Joe Granado,0.0,0.0,0.0,True,1.0,0.0,0.0,0.0,,,,Texas official returns normalized by the Texas project,external://texas-state-house-and-state-senate-model/data/processed/elections/sos_canonical_candidate_totals_1992_2018.csv,Texas Secretary of State candidate-total exports,Texas official/canonical candidate and full-history incumbency exports,source_observed,17296.0,7392.0,40.116655865197664,"hodge, terri","granado, joe l",0.0,both,0.0,0.0,0.0,texas_official_upstream
TX,1996,house,101,,,,,,,,,,,,,,,,,,,,,,0.0,24153.0,-100.0,,"reyna, elvira",-1.0,right_only,,,,klarner_fallback
TX,1996,house,102,,,,,,,,,,,,,,,,,,,,,,0.0,28269.0,-100.0,,"goolsby, tony",-1.0,right_only,,,,klarner_fallback
TX,1996,house,103,,,,,,,,,,,,,,,,,,,,,,13340.0,0.0,100.0,"wolens, steven (steve)",,1.0,right_only,,,,klarner_fallback
TX,1996,house,104,10086.0,3854.0,44.705882352941174,Domingo Garcia,Monty O. Weddell,0.0,0.0,0.0,True,1.0,0.0,0.0,0.0,,,,Texas official returns normalized by the Texas project,external://texas-state-house-and-state-senate-model/data/processed/elections/sos_canonical_candidate_totals_1992_2018.csv,Texas Secretary of State candidate-total exports,Texas official/canonical candidate and full-history incumbency exports,source_observed,10086.0,3854.0,44.705882352941174,"garcia, domingo","weddell, monty o",0.0,both,0.0,0.0,0.0,texas_official_upstream
TX,1996,house,105,14305.0,8167.0,27.313990744037024,Dale Tillery,Richard Stokley,1.0,0.0,1.0,True,1.0,0.0,0.0,0.0,,,,Texas official returns normalized by the Texas project,external://texas-state-house-and-state-senate-model/data/processed/elections/sos_canonical_candidate_totals_1992_2018.csv,Texas Secretary of State candidate-total exports,Texas official/canonical candidate and full-history incumbency exports,source_observed,14305.0,8167.0,27.313990744037024,"tillery, dale b","stokley, richard",1.0,both,0.0,0.0,0.0,texas_official_upstream
TX,1996,house,106,13001.0,18774.0,-18.168371361132966,J. David Gutierrez,Ray Allen,0.0,1.0,-1.0,True,0.0,1.0,0.0,0.0,,,,Texas official returns normalized by the Texas project,external://texas-state-house-and-state-senate-model/data/processed/elections/sos_canonical_candidate_totals_1992_2018.csv,Texas Secretary of State candidate-total exports,Texas official/canonical candidate and full-history incumbency exports,source_observed,13001.0,18774.0,-18.168371361132966,"gutierrez, j david","allen, ray",-1.0,both,0.0,0.0,0.0,texas_official_upstream
TX,1996,house,107,16238.0,10795.0,20.134650242296452,Harryette B. Ehrhardt,Ernest Leonard,1.0,0.0,1.0,True,1.0,0.0,0.0,0.0,,,,Texas official returns normalized by the Texas project,external://texas-state-house-and-state-senate-model/data/processed/elections/sos_canonical_candidate_totals_1992_2018.csv,Texas Secretary of State candidate-total exports,Texas official/canonical candidate and full-history incumbency exports,source_observed,16238.0,10795.0,20.134650242296452,"ehrhardt, harryette b","leonard, ernest",1.0,both,0.0,0.0,0.0,texas_official_upstream
TX,1996,house,108,12282.0,37357.0,-50.51471625133463,Phil Bird,Carolyn Galloway,0.0,0.0,0.0,True,0.0,1.0,0.0,0.0,,,,Texas official returns normalized by the Texas project,external://texas-state-house-and-state-senate-model/data/processed/elections/sos_canonical_candidate_totals_1992_2018.csv,Texas Secretary of State candidate-total exports,Texas official outcomes; Klarner source-observed 1994 incumbency,source_observed,12282.0,37357.0,-50.51471625133463,"bird, phil","galloway, carolyn",0.0,both,0.0,0.0,0.0,texas_official_upstream
TX,1996,house,109,,,,,,,,,,,,,,,,,,,,,,23589.0,0.0,100.0,"giddings, helen",,1.0,right_only,,,,klarner_fallback
TX,1996,house,110,,,,,,,,,,,,,,,,,,,,,,26899.0,0.0,100.0,"jones, jesse",,1.0,right_only,,,,klarner_fallback
TX,1996,house,111,,,,,,,,,,,,,,,,,,,,,,24761.0,0.0,100.0,"davis, yvonne",,1.0,right_only,,,,klarner_fallback
TX,1996,house,112,,,,,,,,,,,,,,,,,,,,,,0.0,28493.0,-100.0,,"hill, fred",-1.0,right_only,,,,klarner_fallback
TX,1996,house,113,,,,,,,,,,,,,,,,,,,,,,0.0,27414.0,-100.0,,"driver, joe",-1.0,right_only,,,,klarner_fallback
TX,1996,house,114,,,,,,,,,,,,,,,,,,,,,,0.0,31172.0,-100.0,,"hartnett, will",-1.0,right_only,,,,klarner_fallback
TX,1996,house,115,,,,,,,,,,,,,,,,,,,,,,18276.0,0.0,100.0,"vandeputte, leticia",,1.0,right_only,,,,klarner_fallback
TX,1996,house,116,17858.0,7598.0,40.304839723444374,"Leo Alvarado, Jr.",Donald D. Varella,1.0,0.0,1.0,True,1.0,0.0,0.0,0.0,,,,Texas official returns normalized by the Texas project,external://texas-state-house-and-state-senate-model/data/processed/elections/sos_canonical_candidate_totals_1992_2018.csv,Texas Secretary of State candidate-total exports,Texas official/canonical candidate and full-history incumbency exports,source_observed,17858.0,7598.0,40.304839723444374,"alvarado, leo g","varella, donald d",1.0,both,0.0,0.0,0.0,texas_official_upstream
TX,1996,house,117,,,,,,,,,,,,,,,,,,,,,,15313.0,0.0,100.0,"longoria, john a",,1.0,right_only,,,,klarner_fallback
TX,1996,house,118,,,,,,,,,,,,,,,,,,,,,,18294.0,0.0,100.0,"rodriguez, ciro d",,1.0,right_only,,,,klarner_fallback
TX,1996,house,119,,,,,,,,,,,,,,,,,,,,,,20556.0,0.0,100.0,"puente, robert r",,1.0,right_only,,,,klarner_fallback
TX,1996,house,120,,,,,,,,,,,,,,,,,,,,,,19393.0,0.0,100.0,"mcclendon, ruth j",,0.0,right_only,,,,klarner_fallback
TX,1996,house,121,14359.0,28161.0,-32.46001881467544,Bette Graham White,Bill Siebert,0.0,1.0,-1.0,True,0.0,1.0,0.0,0.0,,,,Texas official returns normalized by the Texas project,external://texas-state-house-and-state-senate-model/data/processed/elections/sos_canonical_candidate_totals_1992_2018.csv,Texas Secretary of State candidate-total exports,Texas official/canonical candidate and full-history incumbency exports,source_observed,14359.0,28161.0,-32.46001881467544,"white, bette g","siebert, bill",-1.0,both,0.0,0.0,0.0,texas_official_upstream
TX,1996,house,122,,,,,,,,,,,,,,,,,,,,,,0.0,40113.0,-100.0,,"shields, john h",-1.0,right_only,,,,klarner_fallback
TX,1996,house,123,,,,,,,,,,,,,,,,,,,,,,0.0,36908.0,-100.0,,"corte, frank j, jr",-1.0,right_only,,,,klarner_fallback
TX,1996,house,124,,,,,,,,,,,,,,,,,,,,,,22083.0,0.0,100.0,"hernandez, christine",,1.0,right_only,,,,klarner_fallback
TX,1996,house,125,17734.0,11282.0,22.23600771987869,Arthur 'Art' Reyna,David J. Kirk,0.0,0.0,0.0,True,1.0,0.0,0.0,0.0,,,,Texas official returns normalized by the Texas project,external://texas-state-house-and-state-senate-model/data/processed/elections/sos_canonical_candidate_totals_1992_2018.csv,Texas Secretary of State candidate-total exports,Texas official/canonical candidate and full-history incumbency exports,source_observed,17734.0,11282.0,22.23600771987869,"reyna, arthur","kirk, david j",0.0,both,0.0,0.0,0.0,texas_official_upstream
TX,1996,house,126,,,,,,,,,,,,,,,,,,,,,,0.0,38398.0,-100.0,,"hamric, peggy",-1.0,right_only,,,,klarner_fallback
TX,1996,house,127,,,,,,,,,,,,,,,,,,,,,,0.0,32464.0,-100.0,,"crabb, joe",-1.0,right_only,,,,klarner_fallback
TX,1996,house,128,,,,,,,,,,,,,,,,,,,,,,15989.0,0.0,100.0,"bosse, fred m",,1.0,right_only,,,,klarner_fallback
TX,1996,house,129,,,,,,,,,,,,,,,,,,,,,,0.0,35097.0,-100.0,,"jackson, mike",-1.0,right_only,,,,klarner_fallback
TX,1996,house,130,,,,,,,,,,,,,,,,,,,,,,0.0,40078.0,-100.0,,"culberson, john",-1.0,right_only,,,,klarner_fallback
TX,1996,house,131,,,,,,,,,,,,,,,,,,,,,,22492.0,0.0,100.0,"wilson, ron",,1.0,right_only,,,,klarner_fallback
TX,1996,house,132,24242.0,13705.0,27.76767596911482,Scott Hochberg,Ken Zimmern,1.0,0.0,1.0,True,1.0,0.0,0.0,0.0,,,,Texas official returns normalized by the Texas project,external://texas-state-house-and-state-senate-model/data/processed/elections/sos_canonical_candidate_totals_1992_2018.csv,Texas Secretary of State candidate-total exports,Texas official/canonical candidate and full-history incumbency exports,source_observed,24242.0,13705.0,27.76767596911482,"hochberg, scott","zimmern, ken",1.0,both,0.0,0.0,0.0,texas_official_upstream
TX,1996,house,133,,,,,,,,,,,,,,,,,,,,,,0.0,34615.0,-100.0,,"nixon, joe",-1.0,right_only,,,,klarner_fallback
TX,1996,house,134,,,,,,,,,,,,,,,,,,,,,,0.0,22048.0,-100.0,,"janek, kyle",-1.0,right_only,,,,klarner_fallback
TX,1996,house,135,,,,,,,,,,,,,,,,,,,,,,0.0,32580.0,-100.0,,"elkins, gary",-1.0,right_only,,,,klarner_fallback
TX,1996,house,136,,,,,,,,,,,,,,,,,,,,,,0.0,36205.0,-100.0,,"woolley, beverly",-1.0,right_only,,,,klarner_fallback
TX,1996,house,137,17868.0,9737.0,29.45480891142909,Debra Danburg,Chris LaRue,1.0,0.0,1.0,True,1.0,0.0,0.0,0.0,,,,Texas official returns normalized by the Texas project,external://texas-state-house-and-state-senate-model/data/processed/elections/sos_canonical_candidate_totals_1992_2018.csv,Texas Secretary of State candidate-total exports,Texas official/canonical candidate and full-history incumbency exports,source_observed,17868.0,9737.0,29.45480891142909,"danburg, deborah (debra)","larue, chris",1.0,both,0.0,0.0,0.0,texas_official_upstream
TX,1996,house,138,14548.0,13971.0,2.0232125951120308,Ken Yarbrough,Dwayne Bohac,1.0,0.0,1.0,True,1.0,0.0,0.0,0.0,,,,Texas official returns normalized by the Texas project,external://texas-state-house-and-state-senate-model/data/processed/elections/sos_canonical_candidate_totals_1992_2018.csv,Texas Secretary of State candidate-total exports,Texas official/canonical candidate and full-history incumbency exports,source_observed,14548.0,13971.0,2.0232125951120308,"yarbrough, ken","bohac, dwayne",1.0,both,0.0,0.0,0.0,texas_official_upstream
TX,1996,house,139,,,,,,,,,,,,,,,,,,,,,,17194.0,0.0,100.0,"turner, sylvester",,1.0,right_only,,,,klarner_fallback
TX,1996,house,140,,,,,,,,,,,,,,,,,,,,,,12153.0,0.0,100.0,"bailey, kevin",,1.0,right_only,,,,klarner_fallback
TX,1996,house,141,,,,,,,,,,,,,,,,,,,,,,23187.0,0.0,100.0,"thompson, senfronia 1",,1.0,right_only,,,,klarner_fallback
TX,1996,house,142,,,,,,,,,,,,,,,,,,,,,,21397.0,0.0,100.0,"dutton, harold v, jr",,1.0,right_only,,,,klarner_fallback
TX,1996,house,143,13255.0,5113.0,44.32709059233449,Gerard Torres,David McCullough,1.0,0.0,1.0,True,1.0,0.0,0.0,0.0,,,,Texas official returns normalized by the Texas project,external://texas-state-house-and-state-senate-model/data/processed/elections/sos_canonical_candidate_totals_1992_2018.csv,Texas Secretary of State candidate-total exports,Texas official/canonical candidate and full-history incumbency exports,source_observed,13255.0,5113.0,44.32709059233449,"torres, gerard","mccullough, david",1.0,both,0.0,0.0,0.0,texas_official_upstream
TX,1996,house,144,10860.0,18372.0,-25.697865353037766,Brooks T. Harrison,Robert E. Talton,0.0,1.0,-1.0,True,0.0,1.0,0.0,0.0,,,,Texas official returns normalized by the Texas project,external://texas-state-house-and-state-senate-model/data/processed/elections/sos_canonical_candidate_totals_1992_2018.csv,Texas Secretary of State candidate-total exports,Texas official/canonical candidate and full-history incumbency exports,source_observed,10860.0,18372.0,-25.697865353037766,"harrison, brooks t","talton, robert e",-1.0,both,0.0,0.0,0.0,texas_official_upstream
TX,1996,house,145,11186.0,4601.0,41.71153480711978,Diana Davila,Michael Bunch,1.0,0.0,1.0,True,1.0,0.0,0.0,0.0,,,,Texas official returns normalized by the Texas project,external://texas-state-house-and-state-senate-model/data/processed/elections/sos_canonical_candidate_totals_1992_2018.csv,Texas Secretary of State candidate-total exports,Texas official/canonical candidate and full-history incumbency exports,source_observed,11186.0,4601.0,41.71153480711978,"davila, diana","bunch, michael",1.0,both,0.0,0.0,0.0,texas_official_upstream
TX,1996,house,146,24817.0,9189.0,45.95659589484209,Al Edwards,David Lee Fuson,1.0,0.0,1.0,True,1.0,0.0,0.0,0.0,,,,Texas official returns normalized by the Texas project,external://texas-state-house-and-state-senate-model/data/processed/elections/sos_canonical_candidate_totals_1992_2018.csv,Texas Secretary of State candidate-total exports,Texas official/canonical candidate and full-history incumbency exports,source_observed,24817.0,9189.0,45.95659589484209,"edwards, al","fuson, david l",1.0,both,0.0,0.0,0.0,texas_official_upstream
TX,1996,house,147,,,,,,,,,,,,,,,,,,,,,,19425.0,0.0,100.0,"coleman, garnet f",,1.0,right_only,,,,klarner_fallback
TX,1996,house,148,,,,,,,,,,,,,,,,,,,,,,14648.0,0.0,100.0,"farrar, jessica c",,1.0,right_only,,,,klarner_fallback
TX,1996,house,149,,,,,,,,,,,,,,,,,,,,,,0.0,19119.0,-100.0,,"heflin, talmadge",-1.0,right_only,,,,klarner_fallback
TX,1996,house,150,,,,,,,,,,,,,,,,,,,,,,0.0,30419.0,-100.0,,"hilbert, paul j",-1.0,right_only,,,,klarner_fallback
TX,1996,senate,2,82580.0,75704.0,4.344090369209775,David Cain,Bob Reese,1.0,0.0,1.0,True,1.0,0.0,0.0,0.0,,,,Texas official returns normalized by the Texas project,external://texas-state-house-and-state-senate-model/data/processed/elections/sos_canonical_candidate_totals_1992_2018.csv,Texas Secretary of State candidate-total exports,Texas official/canonical candidate and full-history incumbency exports,source_observed,82580.0,75704.0,4.344090369209775,"cain, david","reese, bob",1.0,both,0.0,0.0,0.0,texas_official_upstream
TX,1996,senate,3,103835.0,104222.0,-0.1860067193124961,Jerry K. Johnson,Drew Nixon,0.0,1.0,-1.0,True,0.0,1.0,0.0,0.0,,,,Texas official returns normalized by the Texas project,external://texas-state-house-and-state-senate-model/data/processed/elections/sos_canonical_candidate_totals_1992_2018.csv,Texas Secretary of State candidate-total exports,Texas official/canonical candidate and full-history incumbency exports,source_observed,103835.0,104222.0,-0.1860067193124961,"johnson, jerry k","nixon, drew",-1.0,both,0.0,0.0,0.0,texas_official_upstream
TX,1996,senate,7,,,,,,,,,,,,,,,,,,,,,,0.0,182144.0,-100.0,,"lindsay, jon",0.0,right_only,,,,klarner_fallback
TX,1996,senate,8,,,,,,,,,,,,,,,,,,,,,,0.0,189985.0,-100.0,,"shapiro, florence",-1.0,right_only,,,,klarner_fallback
TX,1996,senate,9,,,,,,,,,,,,,,,,,,,,,,0.0,160296.0,-100.0,,"nelson, jane",-1.0,right_only,,,,klarner_fallback
TX,1996,senate,10,,,,,,,,,,,,,,,,,,,,,,0.0,154989.0,-100.0,,"harris, chris",-1.0,right_only,,,,klarner_fallback
TX,1996,senate,12,,,,,,,,,,,,,,,,,,,,,,112733.0,0.0,100.0,"moncrief, mike",,1.0,right_only,,,,klarner_fallback
TX,1996,senate,14,,,,,,,,,,,,,,,,,,,,,,157194.0,0.0,100.0,"barrientos, gonzalo",,1.0,right_only,,,,klarner_fallback
TX,1996,senate,15,81134.0,49619.0,24.10269745244851,John Whitmire,Tom Kelly,1.0,0.0,1.0,True,1.0,0.0,0.0,0.0,,,,Texas official returns normalized by the Texas project,external://texas-state-house-and-state-senate-model/data/processed/elections/sos_canonical_candidate_totals_1992_2018.csv,Texas Secretary of State candidate-total exports,Texas official/canonical candidate and full-history incumbency exports,source_observed,81134.0,49619.0,24.10269745244851,"whitmire, john","kelly, thomas v",1.0,both,0.0,0.0,0.0,texas_official_upstream
TX,1996,senate,21,91956.0,46698.0,32.640962395603445,Judith Zaffirini,James C. Whitworth,1.0,0.0,1.0,True,1.0,0.0,0.0,0.0,,,,Texas official returns normalized by the Texas project,external://texas-state-house-and-state-senate-model/data/processed/elections/sos_canonical_candidate_totals_1992_2018.csv,Texas Secretary of State candidate-total exports,Texas official/canonical candidate and full-history incumbency exports,source_observed,91956.0,46698.0,32.640962395603445,"zaffirini, judith","whitworth, james c",1.0,both,0.0,0.0,0.0,texas_official_upstream
TX,1996,senate,24,80632.0,86828.0,-3.699988056849397,Rick Rhodes,Troy Fraser,0.0,0.0,0.0,True,0.0,1.0,0.0,0.0,,,,Texas official returns normalized by the Texas project,external://texas-state-house-and-state-senate-model/data/processed/elections/sos_canonical_candidate_totals_1992_2018.csv,Texas Secretary of State candidate-total exports,Texas official/canonical candidate and full-history incumbency exports,source_observed,80632.0,86828.0,-3.699988056849397,"rhodes, rick","fraser, troy",0.0,both,0.0,0.0,0.0,texas_official_upstream
TX,1996,senate,25,,,,,,,,,,,,,,,,,,,,,,0.0,223739.0,-100.0,,"wentworth, jeffrey (jeff)",-1.0,right_only,,,,klarner_fallback
TX,1996,senate,26,85922.0,41298.0,35.07624587329036,Gregory Luna,Andrew Longaker,1.0,0.0,1.0,True,1.0,0.0,0.0,0.0,,,,Texas official returns normalized by the Texas project,external://texas-state-house-and-state-senate-model/data/processed/elections/sos_canonical_candidate_totals_1992_2018.csv,Texas Secretary of State candidate-total exports,Texas official/canonical candidate and full-history incumbency exports,source_observed,85922.0,41298.0,35.07624587329036,"luna, gregory (al)","longaker, andrew",1.0,both,0.0,0.0,0.0,texas_official_upstream
TX,1996,senate,27,,,,,,,,,,,,,,,,,,,,,,80865.0,0.0,100.0,"lucio, eddie, jr 1",,1.0,right_only,,,,klarner_fallback
TX,1996,senate,29,89868.0,32029.0,47.44907585912697,Eliot Shapleigh,Randy Berry,0.0,0.0,0.0,True,1.0,0.0,0.0,0.0,,,,Texas official returns normalized by the Texas project,external://texas-state-house-and-state-senate-model/data/processed/elections/sos_canonical_candidate_totals_1992_2018.csv,Texas Secretary of State candidate-total exports,Texas official/canonical candidate and full-history incumbency exports,source_observed,89868.0,32029.0,47.44907585912697,"shapleigh, eliot","berry, randy",0.0,both,0.0,0.0,0.0,texas_official_upstream
TX,1998,house,1,,,,,,,,,,,,,,,,,,,,,,18237.0,0.0,100.0,"telford, barry b",,1.0,right_only,,,,klarner_fallback
TX,1998,house,2,17096.0,14023.0,9.874995983161412,Tom Ramsay,Debe McGuire,1.0,0.0,1.0,True,1.0,0.0,0.0,0.0,,,,Texas official returns normalized by the Texas project,external://texas-state-house-and-state-senate-model/data/processed/elections/sos_canonical_candidate_totals_1992_2018.csv,Texas Secretary of State candidate-total exports,Texas official/canonical candidate and full-history incumbency exports,source_observed,17096.0,14023.0,9.874995983161412,"ramsay, tom","mcguire, debe",1.0,both,0.0,0.0,0.0,texas_official_upstream
TX,1998,house,3,15813.0,11937.0,13.967567567567567,Mark Homer,Sue Fancher,0.0,0.0,0.0,True,1.0,0.0,0.0,0.0,,,,Texas official returns normalized by the Texas project,external://texas-state-house-and-state-senate-model/data/processed/elections/sos_canonical_candidate_totals_1992_2018.csv,Texas Secretary of State candidate-total exports,Texas official/canonical candidate and full-history incumbency exports,source_observed,15813.0,11937.0,13.967567567567567,"homer, mark","fancher, sue",0.0,both,0.0,0.0,0.0,texas_official_upstream
TX,1998,house,4,13010.0,14853.0,-6.614506693464451,Bruce Wood,Betty Brown,0.0,0.0,0.0,True,0.0,1.0,0.0,0.0,,,,Texas official returns normalized by the Texas project,external://texas-state-house-and-state-senate-model/data/processed/elections/sos_canonical_candidate_totals_1992_2018.csv,Texas Secretary of State candidate-total exports,Texas official/canonical candidate and full-history incumbency exports,source_observed,13010.0,14853.0,-6.614506693464451,"wood, bruce","brown, betty",0.0,both,0.0,0.0,0.0,texas_official_upstream
TX,1998,house,5,15015.0,11716.0,12.341476188694774,Bob Glaze,Dan Flynn,1.0,0.0,1.0,True,1.0,0.0,0.0,0.0,,,,Texas official returns normalized by the Texas project,external://texas-state-house-and-state-senate-model/data/processed/elections/sos_canonical_candidate_totals_1992_2018.csv,Texas Secretary of State candidate-total exports,Texas official/canonical candidate and full-history incumbency exports,source_observed,15015.0,11716.0,12.341476188694774,"glaze, bob","flynn, dan",1.0,both,0.0,0.0,0.0,texas_official_upstream
TX,1998,house,6,,,,,,,,,,,,,,,,,,,,,,0.0,23744.0,-100.0,,"berman, leo",0.0,right_only,,,,klarner_fallback
TX,1998,house,7,,,,,,,,,,,,,,,,,,,,,,0.0,18395.0,-100.0,,"merritt, tommy",-1.0,right_only,,,,klarner_fallback
TX,1998,house,8,17496.0,10926.0,23.115896136795442,Paul Sadler,Gene Barron,1.0,0.0,1.0,True,1.0,0.0,0.0,0.0,,,,Texas official returns normalized by the Texas project,external://texas-state-house-and-state-senate-model/data/processed/elections/sos_canonical_candidate_totals_1992_2018.csv,Texas Secretary of State candidate-total exports,Texas official/canonical candidate and full-history incumbency exports,source_observed,17496.0,10926.0,23.115896136795442,"sadler, paul","barron, gene",1.0,both,0.0,0.0,0.0,texas_official_upstream
TX,1998,house,9,12135.0,16646.0,-15.67353462353636,Colin Strother,Wayne Christian,0.0,1.0,-1.0,True,0.0,1.0,0.0,0.0,,,,Texas official returns normalized by the Texas project,external://texas-state-house-and-state-senate-model/data/processed/elections/sos_canonical_candidate_totals_1992_2018.csv,Texas Secretary of State candidate-total exports,Texas official/canonical candidate and full-history incumbency exports,source_observed,12135.0,16646.0,-15.67353462353636,"strother, colin","christian, wayne",-1.0,both,0.0,0.0,0.0,texas_official_upstream
TX,1998,house,10,,,,,,,,,,,,,,,,,,,,,,0.0,20162.0,-100.0,,"pitts, james r (jim)",-1.0,right_only,,,,klarner_fallback
TX,1998,house,11,,,,,,,,,,,,,,,,,,,,,,0.0,18863.0,-100.0,,"staples, todd",-1.0,right_only,,,,klarner_fallback
TX,1998,house,12,18497.0,10979.0,25.505495996743115,Clyde Alexander,Jeffrey L. Weinstein,1.0,0.0,1.0,True,1.0,0.0,0.0,0.0,,,,Texas official returns normalized by the Texas project,external://texas-state-house-and-state-senate-model/data/processed/elections/sos_canonical_candidate_totals_1992_2018.csv,Texas Secretary of State candidate-total exports,Texas official/canonical candidate and full-history incumbency exports,source_observed,18497.0,10979.0,25.505495996743115,"alexander, clyde","weinstein, jeffrey l",1.0,both,0.0,0.0,0.0,texas_official_upstream
TX,1998,house,13,15406.0,16034.0,-1.9974554707379135,Theodora 'Teddy' V. Boehm,Charles B. Jones,0.0,0.0,0.0,True,0.0,1.0,0.0,0.0,,,,Texas official returns normalized by the Texas project,external://texas-state-house-and-state-senate-model/data/processed/elections/sos_canonical_candidate_totals_1992_2018.csv,Texas Secretary of State candidate-total exports,Texas official/canonical candidate and full-history incumbency exports,source_observed,15406.0,16034.0,-1.9974554707379135,"boehm, theodora v (teddy)","jones, charles b 2",0.0,both,0.0,0.0,0.0,texas_official_upstream
TX,1998,house,14,,,,,,,,,,,,,,,,,,,,,,0.0,16721.0,-100.0,,"brown, fred",0.0,right_only,,,,klarner_fallback
TX,1998,house,15,11163.0,25558.0,-39.201002151357535,Larry R. Hickman,Thomas 'Tommy' Williams,0.0,1.0,-1.0,True,0.0,1.0,0.0,0.0,,,,Texas official returns normalized by the Texas project,external://texas-state-house-and-state-senate-model/data/processed/elections/sos_canonical_candidate_totals_1992_2018.csv,Texas Secretary of State candidate-total exports,Texas official/canonical candidate and full-history incumbency exports,source_observed,11163.0,25558.0,-39.201002151357535,"hickman, larry r","williams, thomas d (tommy)",-1.0,both,0.0,0.0,0.0,texas_official_upstream
TX,1998,house,16,,,,,,,,,,,,,,,,,,,,,,0.0,21513.0,-100.0,,"hope, ruben w, jr",0.0,right_only,,,,klarner_fallback
TX,1998,house,17,18771.0,10737.0,27.22651484343229,Jim McReynolds,Les R. Chambers,1.0,0.0,1.0,True,1.0,0.0,0.0,0.0,,,,Texas official returns normalized by the Texas project,external://texas-state-house-and-state-senate-model/data/processed/elections/sos_canonical_candidate_totals_1992_2018.csv,Texas Secretary of State candidate-total exports,Texas official/canonical candidate and full-history incumbency exports,source_observed,18771.0,10737.0,27.22651484343229,"mcreynolds, jim","chambers, les r",1.0,both,0.0,0.0,0.0,texas_official_upstream
TX,1998,house,18,15304.0,14511.0,2.6597350327016605,Dan Ellis,Ben Bius,0.0,0.0,0.0,True,1.0,0.0,0.0,0.0,,,,Texas official returns normalized by the Texas project,external://texas-state-house-and-state-senate-model/data/processed/elections/sos_canonical_candidate_totals_1992_2018.csv,Texas Secretary of State candidate-total exports,Texas official/canonical candidate and full-history incumbency exports,source_observed,15304.0,14511.0,2.6597350327016605,"ellis, dan","bius, ben",0.0,both,0.0,0.0,0.0,texas_official_upstream
TX,1998,house,19,,,,,,,,,,,,,,,,,,,,,,21860.0,0.0,100.0,"lewis, ron e",,1.0,right_only,,,,klarner_fallback
TX,1998,house,20,16579.0,13000.0,12.099800534162751,Zeb D. Zbranek,Eddie Shauberger,1.0,0.0,1.0,True,1.0,0.0,0.0,0.0,,,,Texas official returns normalized by the Texas project,external://texas-state-house-and-state-senate-model/data/processed/elections/sos_canonical_candidate_totals_1992_2018.csv,Texas Secretary of State candidate-total exports,Texas official/canonical candidate and full-history incumbency exports,source_observed,16579.0,13000.0,12.099800534162751,"zbranek, zeb d","shauberger, eddie",1.0,both,0.0,0.0,0.0,texas_official_upstream
TX,1998,house,21,18252.0,16096.0,6.276930243391173,Allan B. Ritter,Kent Adams,0.0,0.0,0.0,True,1.0,0.0,0.0,0.0,,,,Texas official returns normalized by the Texas project,external://texas-state-house-and-state-senate-model/data/processed/elections/sos_canonical_candidate_totals_1992_2018.csv,Texas Secretary of State candidate-total exports,Texas official/canonical candidate and full-history incumbency exports,source_observed,18252.0,16096.0,6.276930243391173,"ritter, allan b","adams, kent",0.0,both,0.0,0.0,0.0,texas_official_upstream
TX,1998,house,22,,,,,,,,,,,,,,,,,,,,,,20229.0,0.0,100.0,"deshotel, joseph (joe)",,0.0,right_only,,,,klarner_fallback
TX,1998,house,23,14452.0,11364.0,11.96157421753951,Patricia Gray,Dave Norman,1.0,0.0,1.0,True,1.0,0.0,0.0,0.0,,,,Texas official returns normalized by the Texas project,external://texas-state-house-and-state-senate-model/data/processed/elections/sos_canonical_candidate_totals_1992_2018.csv,Texas Secretary of State candidate-total exports,Texas official/canonical candidate and full-history incumbency exports,source_observed,14452.0,11364.0,11.96157421753951,"gray, patricia","norman, dave",1.0,both,0.0,0.0,0.0,texas_official_upstream
TX,1998,house,24,16558.0,11823.0,16.683696839434834,Craig Eiland,Larry Taylor,1.0,0.0,1.0,True,1.0,0.0,0.0,0.0,,,,Texas official returns normalized by the Texas project,external://texas-state-house-and-state-senate-model/data/processed/elections/sos_canonical_candidate_totals_1992_2018.csv,Texas Secretary of State candidate-total exports,Texas official/canonical candidate and full-history incumbency exports,source_observed,16558.0,11823.0,16.683696839434834,"eiland, craig","taylor, larry",1.0,both,0.0,0.0,0.0,texas_official_upstream
TX,1998,house,25,,,,,,,,,,,,,,,,,,,,,,0.0,23882.0,-100.0,,"bonnen, dennis",-1.0,right_only,,,,klarner_fallback
TX,1998,house,26,,,,,,,,,,,,,,,,,,,,,,0.0,29495.0,-100.0,,"howard, charlie",-1.0,right_only,,,,klarner_fallback
TX,1998,house,27,,,,,,,,,,,,,,,,,,,,,,15001.0,0.0,100.0,"olivo, dora",,1.0,right_only,,,,klarner_fallback
TX,1998,house,28,20890.0,11439.0,29.23381484116428,Robert L. 'Robby' Cook,Michael Franks,1.0,0.0,1.0,True,1.0,0.0,0.0,0.0,,,,Texas official returns normalized by the Texas project,external://texas-state-house-and-state-senate-model/data/processed/elections/sos_canonical_candidate_totals_1992_2018.csv,Texas Secretary of State candidate-total exports,Texas official/canonical candidate and full-history incumbency exports,source_observed,20890.0,11439.0,29.23381484116428,"cook, robert l (robby)","franks, michael",1.0,both,0.0,0.0,0.0,texas_official_upstream
TX,1998,house,29,14886.0,7910.0,30.601859975434287,D.R. 'Tom' Uher,Edward T. (Ed) Garcia,1.0,0.0,1.0,True,1.0,0.0,0.0,0.0,,,,Texas official returns normalized by the Texas project,external://texas-state-house-and-state-senate-model/data/processed/elections/sos_canonical_candidate_totals_1992_2018.csv,Texas Secretary of State candidate-total exports,Texas official/canonical candidate and full-history incumbency exports,source_observed,14886.0,7910.0,30.601859975434287,"uher, d r (tom)","garcia, edward t",1.0,both,0.0,0.0,0.0,texas_official_upstream
TX,1998,house,30,14494.0,16176.0,-5.4841865014672315,Vernon Reaser,Geanie W. Morrison,0.0,0.0,0.0,True,0.0,1.0,0.0,0.0,,,,Texas official returns normalized by the Texas project,external://texas-state-house-and-state-senate-model/data/processed/elections/sos_canonical_candidate_totals_1992_2018.csv,Texas Secretary of State candidate-total exports,Texas official/canonical candidate and full-history incumbency exports,source_observed,14494.0,16176.0,-5.4841865014672315,"reaser, vernon","morrison, geanie w",0.0,both,0.0,0.0,0.0,texas_official_upstream
TX,1998,house,31,,,,,,,,,,,,,,,,,,,,,,19989.0,0.0,100.0,"hawley, judy",,1.0,right_only,,,,klarner_fallback
TX,1998,house,32,,,,,,,,,,,,,,,,,,,,,,0.0,23318.0,-100.0,,"seaman, gene",-1.0,right_only,,,,klarner_fallback
TX,1998,house,33,15044.0,6364.0,40.54559043348281,Vilma Luna,Arturo Granado,1.0,0.0,1.0,True,1.0,0.0,0.0,0.0,,,,Texas official returns normalized by the Texas project,external://texas-state-house-and-state-senate-model/data/processed/elections/sos_canonical_candidate_totals_1992_2018.csv,Texas Secretary of State candidate-total exports,Texas official/canonical candidate and full-history incumbency exports,source_observed,15044.0,6364.0,40.54559043348281,"luna, vilma","granado, arturo",1.0,both,0.0,0.0,0.0,texas_official_upstream
TX,1998,house,34,14014.0,6787.0,34.743521946060284,"Jaime L. Capelo, Jr.",Rene De Alejandro,1.0,0.0,1.0,True,1.0,0.0,0.0,0.0,,,,Texas official returns normalized by the Texas project,external://texas-state-house-and-state-senate-model/data/processed/elections/sos_canonical_candidate_totals_1992_2018.csv,Texas Secretary of State candidate-total exports,Texas official/canonical candidate and full-history incumbency exports,source_observed,14014.0,6787.0,34.743521946060284,"capelo, jaime l, jr","dealejandro, rene",0.0,both,0.0,0.0,0.0,texas_official_upstream
TX,1998,house,35,,,,,,,,,,,,,,,,,,,,,,15971.0,0.0,100.0,"rangel, irma",,1.0,right_only,,,,klarner_fallback
TX,1998,house,36,,,,,,,,,,,,,,,,,,,,,,8781.0,0.0,100.0,"flores, ismael (kino)",,1.0,right_only,,,,klarner_fallback
TX,1998,house,37,,,,,,,,,,,,,,,,,,,,,,8390.0,0.0,100.0,"oliveira, rene o",,1.0,right_only,,,,klarner_fallback
TX,1998,house,38,,,,,,,,,,,,,,,,,,,,,,9872.0,0.0,100.0,"solis, jim",,1.0,right_only,,,,klarner_fallback
TX,1998,house,39,,,,,,,,,,,,,,,,,,,,,,6719.0,0.0,100.0,"wise, miguel",,1.0,right_only,,,,klarner_fallback
TX,1998,house,40,,,,,,,,,,,,,,,,,,,,,,7659.0,0.0,100.0,"hinojosa, juan (chuy)",,1.0,right_only,,,,klarner_fallback
TX,1998,house,41,,,,,,,,,,,,,,,,,,,,,,8951.0,0.0,100.0,"gutierrez, roberto",,1.0,right_only,,,,klarner_fallback
TX,1998,house,42,,,,,,,,,,,,,,,,,,,,,,12402.0,0.0,100.0,"cuellar, henry",,1.0,right_only,,,,klarner_fallback
TX,1998,house,43,,,,,,,,,,,,,,,,,,,,,,17622.0,0.0,100.0,"king, tracy o",,1.0,right_only,,,,klarner_fallback
TX,1998,house,44,13596.0,12157.0,5.5876985205607115,Ignacio Salinas,Bob Hurley,0.0,0.0,0.0,True,1.0,0.0,0.0,0.0,,,,Texas official returns normalized by the Texas project,external://texas-state-house-and-state-senate-model/data/processed/elections/sos_canonical_candidate_totals_1992_2018.csv,Texas Secretary of State candidate-total exports,Texas official/canonical candidate and full-history incumbency exports,source_observed,13596.0,12157.0,5.5876985205607115,"salinas, ignacio, jr","hurley, bob",0.0,both,0.0,0.0,0.0,texas_official_upstream
TX,1998,house,45,,,,,,,,,,,,,,,,,,,,,,0.0,27994.0,-100.0,,"kuempel, edmund",-1.0,right_only,,,,klarner_fallback
TX,1998,house,46,15039.0,15075.0,-0.1195457262402869,Alec Rhodes,Rick Green,1.0,0.0,1.0,True,0.0,1.0,0.0,0.0,,,,Texas official returns normalized by the Texas project,external://texas-state-house-and-state-senate-model/data/processed/elections/sos_canonical_candidate_totals_1992_2018.csv,Texas Secretary of State candidate-total exports,Texas official/canonical candidate and full-history incumbency exports,source_observed,15039.0,15075.0,-0.1195457262402869,"rhodes, alec","green, rick",1.0,both,0.0,0.0,0.0,texas_official_upstream
TX,1998,house,47,,,,,,,,,,,,,,,,,,,,,,0.0,46745.0,-100.0,,"keel, terry",-1.0,right_only,,,,klarner_fallback
TX,1998,house,48,,,,,,,,,,,,,,,,,,,,,,24257.0,0.0,100.0,"greenberg, sherri",,1.0,right_only,,,,klarner_fallback
TX,1998,house,49,19074.0,11082.0,26.502188619180263,Elliott Naishtat,Emil Blomquist,1.0,0.0,1.0,True,1.0,0.0,0.0,0.0,,,,Texas official returns normalized by the Texas project,external://texas-state-house-and-state-senate-model/data/processed/elections/sos_canonical_candidate_totals_1992_2018.csv,Texas Secretary of State candidate-total exports,Texas official/canonical candidate and full-history incumbency exports,source_observed,19074.0,11082.0,26.502188619180263,"naishtat, elliott","blomquist, emil",1.0,both,0.0,0.0,0.0,texas_official_upstream
TX,1998,house,50,,,,,,,,,,,,,,,,,,,,,,18726.0,0.0,100.0,"dukes, dawnna m",,1.0,right_only,,,,klarner_fallback
TX,1998,house,51,13584.0,4919.0,46.830243744257686,Glen Maxey,Fred Ebner,1.0,0.0,1.0,True,1.0,0.0,0.0,0.0,,,,Texas official returns normalized by the Texas project,external://texas-state-house-and-state-senate-model/data/processed/elections/sos_canonical_candidate_totals_1992_2018.csv,Texas Secretary of State candidate-total exports,Texas official outcomes; Klarner source-observed 1994 incumbency,source_observed,13584.0,4919.0,46.830243744257686,"maxey, glen","ebner, fred",1.0,both,0.0,0.0,0.0,texas_official_upstream
TX,1998,house,52,,,,,,,,,,,,,,,,,,,,,,0.0,33465.0,-100.0,,"krusee, michael (mike)",-1.0,right_only,,,,klarner_fallback
TX,1998,house,53,,,,,,,,,,,,,,,,,,,,,,0.0,37257.0,-100.0,,"hilderbran, harvey",-1.0,right_only,,,,klarner_fallback
TX,1998,house,54,9866.0,11954.0,-9.569202566452796,Don Armstrong,Suzanna Gratia Hupp,0.0,1.0,-1.0,True,0.0,1.0,0.0,0.0,,,,Texas official returns normalized by the Texas project,external://texas-state-house-and-state-senate-model/data/processed/elections/sos_canonical_candidate_totals_1992_2018.csv,Texas Secretary of State candidate-total exports,Texas official/canonical candidate and full-history incumbency exports,source_observed,9866.0,11954.0,-9.569202566452796,"armstrong, don","hupp, suzanna g",-1.0,both,0.0,0.0,0.0,texas_official_upstream
TX,1998,house,55,,,,,,,,,,,,,,,,,,,,,,0.0,14916.0,-100.0,,"delisi, dianne w",-1.0,right_only,,,,klarner_fallback
TX,1998,house,56,8618.0,19384.0,-38.44725376758803,Charles Rothrock,Kip Averitt,0.0,1.0,-1.0,True,0.0,1.0,0.0,0.0,,,,Texas official returns normalized by the Texas project,external://texas-state-house-and-state-senate-model/data/processed/elections/sos_canonical_candidate_totals_1992_2018.csv,Texas Secretary of State candidate-total exports,Texas official/canonical candidate and full-history incumbency exports,source_observed,8618.0,19384.0,-38.44725376758803,"rothrock, charles","averitt, kip",-1.0,both,0.0,0.0,0.0,texas_official_upstream
TX,1998,house,57,,,,,,,,,,,,,,,,,,,,,,15073.0,0.0,100.0,"dunnam, jim",,1.0,right_only,,,,klarner_fallback
TX,1998,house,58,11585.0,16948.0,-18.7957803245365,Gayle Appleby Ledbetter,Arlene Wohlgemuth,0.0,1.0,-1.0,True,0.0,1.0,0.0,0.0,,,,Texas official returns normalized by the Texas project,external://texas-state-house-and-state-senate-model/data/processed/elections/sos_canonical_candidate_totals_1992_2018.csv,Texas Secretary of State candidate-total exports,Texas official/canonical candidate and full-history incumbency exports,source_observed,11585.0,16948.0,-18.7957803245365,"ledbetter, gayle a","wohlgemuth, arlene",-1.0,both,0.0,0.0,0.0,texas_official_upstream
TX,1998,house,59,11651.0,9741.0,8.928571428571429,David Lengefeld,Becky Farrar,0.0,0.0,0.0,True,1.0,0.0,0.0,0.0,,,,Texas official returns normalized by the Texas project,external://texas-state-house-and-state-senate-model/data/processed/elections/sos_canonical_candidate_totals_1992_2018.csv,Texas Secretary of State candidate-total exports,Texas official/canonical candidate and full-history incumbency exports,source_observed,11651.0,9741.0,8.928571428571429,"lengefeld, david","farrar, becky",0.0,both,0.0,0.0,0.0,texas_official_upstream
TX,1998,house,60,,,,,,,,,,,,,,,,,,,,,,0.0,23348.0,-100.0,,"keffer, james l (jim)",-1.0,right_only,,,,klarner_fallback
TX,1998,house,61,11626.0,21200.0,-29.16590507524523,Brenda Brown Rotramble,Phil King,0.0,0.0,0.0,True,0.0,1.0,0.0,0.0,,,,Texas official returns normalized by the Texas project,external://texas-state-house-and-state-senate-model/data/processed/elections/sos_canonical_candidate_totals_1992_2018.csv,Texas Secretary of State candidate-total exports,Texas official/canonical candidate and full-history incumbency exports,source_observed,11626.0,21200.0,-29.16590507524523,"rotramble, brenda b","king, phil",0.0,both,0.0,0.0,0.0,texas_official_upstream
TX,1998,house,62,9454.0,18469.0,-32.28521290692261,Sam J. Thorpe,Ron Clark,0.0,1.0,-1.0,True,0.0,1.0,0.0,0.0,,,,Texas official returns normalized by the Texas project,external://texas-state-house-and-state-senate-model/data/processed/elections/sos_canonical_candidate_totals_1992_2018.csv,Texas Secretary of State candidate-total exports,Texas official/canonical candidate and full-history incumbency exports,source_observed,9454.0,18469.0,-32.28521290692261,"thorpe, sam j","clark, ron",-1.0,both,0.0,0.0,0.0,texas_official_upstream
TX,1998,house,63,8716.0,25276.0,-48.7173452577077,Kenneth Bridges,Mary Denny,0.0,1.0,-1.0,True,0.0,1.0,0.0,0.0,,,,Texas official returns normalized by the Texas project,external://texas-state-house-and-state-senate-model/data/processed/elections/sos_canonical_candidate_totals_1992_2018.csv,Texas Secretary of State candidate-total exports,Texas official/canonical candidate and full-history incumbency exports,source_observed,8716.0,25276.0,-48.7173452577077,"bridges, kenneth","denny, mary",-1.0,both,0.0,0.0,0.0,texas_official_upstream
TX,1998,house,64,,,,,,,,,,,,,,,,,,,,,,0.0,23726.0,-100.0,,"crownover, ronny",0.0,right_only,,,,klarner_fallback
TX,1998,house,65,,,,,,,,,,,,,,,,,,,,,,0.0,17625.0,-100.0,,"solomons, burt",-1.0,right_only,,,,klarner_fallback
TX,1998,house,66,,,,,,,,,,,,,,,,,,,,,,0.0,31432.0,-100.0,,"mccall, brian",-1.0,right_only,,,,klarner_fallback
TX,1998,house,67,,,,,,,,,,,,,,,,,,,,,,0.0,26521.0,-100.0,,"madden, jerry a",-1.0,right_only,,,,klarner_fallback
TX,1998,house,68,14597.0,14854.0,-0.8726359037044582,Charles Finnell,Rick Hardcastle,1.0,0.0,1.0,True,0.0,1.0,0.0,0.0,,,,Texas official returns normalized by the Texas project,external://texas-state-house-and-state-senate-model/data/processed/elections/sos_canonical_candidate_totals_1992_2018.csv,Texas Secretary of State candidate-total exports,Texas official/canonical candidate and full-history incumbency exports,source_observed,14597.0,14854.0,-0.8726359037044582,"finnell, charles","hardcastle, richard l (rick)",1.0,both,0.0,0.0,0.0,texas_official_upstream
TX,1998,house,69,14207.0,11130.0,12.144294904684848,David Farabee,Ron Buffum,0.0,0.0,0.0,True,1.0,0.0,0.0,0.0,,,,Texas official returns normalized by the Texas project,external://texas-state-house-and-state-senate-model/data/processed/elections/sos_canonical_candidate_totals_1992_2018.csv,Texas Secretary of State candidate-total exports,Texas official/canonical candidate and full-history incumbency exports,source_observed,14207.0,11130.0,12.144294904684848,"farabee, david","buffum, ron",0.0,both,0.0,0.0,0.0,texas_official_upstream
TX,1998,house,70,14188.0,12208.0,7.501136535838763,David Counts,Scott McLaughlin,1.0,0.0,1.0,True,1.0,0.0,0.0,0.0,,,,Texas official returns normalized by the Texas project,external://texas-state-house-and-state-senate-model/data/processed/elections/sos_canonical_candidate_totals_1992_2018.csv,Texas Secretary of State candidate-total exports,Texas official/canonical candidate and full-history incumbency exports,source_observed,14188.0,12208.0,7.501136535838763,"counts, david","mclaughlin, scott",1.0,both,0.0,0.0,0.0,texas_official_upstream
TX,1998,house,71,,,,,,,,,,,,,,,,,,,,,,0.0,22138.0,-100.0,,"hunter, bob",-1.0,right_only,,,,klarner_fallback
TX,1998,house,72,19975.0,7165.0,47.199705232129695,Robert Junell,Russ Duerstine,1.0,0.0,1.0,True,1.0,0.0,0.0,0.0,,,,Texas official returns normalized by the Texas project,external://texas-state-house-and-state-senate-model/data/processed/elections/sos_canonical_candidate_totals_1992_2018.csv,Texas Secretary of State candidate-total exports,Texas official/canonical candidate and full-history incumbency exports,source_observed,19975.0,7165.0,47.199705232129695,"junell, robert","duerstine, russ",1.0,both,0.0,0.0,0.0,texas_official_upstream
TX,1998,house,73,18438.0,17170.0,3.5609975286452484,Robert R. (Bob) Turner,Randy C. Leifeste,1.0,0.0,1.0,True,1.0,0.0,0.0,0.0,,,,Texas official returns normalized by the Texas project,external://texas-state-house-and-state-senate-model/data/processed/elections/sos_canonical_candidate_totals_1992_2018.csv,Texas Secretary of State candidate-total exports,Texas official/canonical candidate and full-history incumbency exports,source_observed,18438.0,17170.0,3.5609975286452484,"turner, robert r","leifeste, randy c",1.0,both,0.0,0.0,0.0,texas_official_upstream
TX,1998,house,74,,,,,,,,,,,,,,,,,,,,,,16293.0,0.0,100.0,"gallego, pete p",,1.0,right_only,,,,klarner_fallback
TX,1998,house,75,11822.0,4320.0,46.475034072605624,Manny Najera,Gerard Sanden,0.0,0.0,0.0,True,1.0,0.0,0.0,0.0,,,,Texas official returns normalized by the Texas project,external://texas-state-house-and-state-senate-model/data/processed/elections/sos_canonical_candidate_totals_1992_2018.csv,Texas Secretary of State candidate-total exports,Texas official/canonical candidate and full-history incumbency exports,source_observed,11822.0,4320.0,46.475034072605624,"najera, manny","sanden, gerard",0.0,both,0.0,0.0,0.0,texas_official_upstream
TX,1998,house,76,,,,,,,,,,,,,,,,,,,,,,15586.0,0.0,100.0,"chavez, norma",,1.0,right_only,,,,klarner_fallback
TX,1998,house,77,,,,,,,,,,,,,,,,,,,,,,11573.0,0.0,100.0,"moreno, paul",,1.0,right_only,,,,klarner_fallback
TX,1998,house,78,9480.0,17436.0,-29.55862683905484,John Cook,Pat Haggerty,0.0,1.0,-1.0,True,0.0,1.0,0.0,0.0,,,,Texas official returns normalized by the Texas project,external://texas-state-house-and-state-senate-model/data/processed/elections/sos_canonical_candidate_totals_1992_2018.csv,Texas Secretary of State candidate-total exports,Texas official/canonical candidate and full-history incumbency exports,source_observed,9480.0,17436.0,-29.55862683905484,"cook, john","haggerty, patrick (pat)",-1.0,both,0.0,0.0,0.0,texas_official_upstream
TX,1998,house,79,,,,,,,,,,,,,,,,,,,,,,13263.0,0.0,100.0,"pickett, joseph c (joe)",,1.0,right_only,,,,klarner_fallback
TX,1998,house,80,,,,,,,,,,,,,,,,,,,,,,0.0,16249.0,-100.0,,"walker, gary l",-1.0,right_only,,,,klarner_fallback
TX,1998,house,81,,,,,,,,,,,,,,,,,,,,,,0.0,15420.0,-100.0,,"west, g e (buddy)",-1.0,right_only,,,,klarner_fallback
TX,1998,house,82,,,,,,,,,,,,,,,,,,,,,,0.0,22086.0,-100.0,,"craddick, tom",-1.0,right_only,,,,klarner_fallback
TX,1998,house,83,,,,,,,,,,,,,,,,,,,,,,0.0,13053.0,-100.0,,"jones, delwin",-1.0,right_only,,,,klarner_fallback
TX,1998,house,84,,,,,,,,,,,,,,,,,,,,,,0.0,26189.0,-100.0,,"isett, carl h",-1.0,right_only,,,,klarner_fallback
TX,1998,house,85,17751.0,6410.0,46.939282314473736,James E. 'Pete' Laney,Hollis Cain,1.0,0.0,1.0,True,1.0,0.0,0.0,0.0,,,,Texas official returns normalized by the Texas project,external://texas-state-house-and-state-senate-model/data/processed/elections/sos_canonical_candidate_totals_1992_2018.csv,Texas Secretary of State candidate-total exports,Texas official/canonical candidate and full-history incumbency exports,source_observed,17751.0,6410.0,46.939282314473736,"laney, james (petep)","cain, hollis",1.0,both,0.0,0.0,0.0,texas_official_upstream
TX,1998,house,86,,,,,,,,,,,,,,,,,,,,,,0.0,25887.0,-100.0,,"smithee, john",-1.0,right_only,,,,klarner_fallback
TX,1998,house,87,,,,,,,,,,,,,,,,,,,,,,0.0,15848.0,-100.0,,"swinford, david",-1.0,right_only,,,,klarner_fallback
TX,1998,house,88,,,,,,,,,,,,,,,,,,,,,,0.0,22852.0,-100.0,,"chisum, warren",-1.0,right_only,,,,klarner_fallback
TX,1998,house,89,8066.0,13378.0,-24.771497854877822,S.L. 'Serg' De Leon,Sue Palmer,0.0,1.0,-1.0,True,0.0,1.0,0.0,0.0,,,,Texas official returns normalized by the Texas project,external://texas-state-house-and-state-senate-model/data/processed/elections/sos_canonical_candidate_totals_1992_2018.csv,Texas Secretary of State candidate-total exports,Texas official/canonical candidate and full-history incumbency exports,source_observed,8066.0,13378.0,-24.771497854877822,"deleon, s l (serg)","palmer, sue",-1.0,both,0.0,0.0,0.0,texas_official_upstream
TX,1998,house,90,,,,,,,,,,,,,,,,,,,,,,8990.0,0.0,100.0,"burnam, lon",,1.0,right_only,,,,klarner_fallback
TX,1998,house,91,,,,,,,,,,,,,,,,,,,,,,0.0,19142.0,-100.0,,"carter, bill g 2",-1.0,right_only,,,,klarner_fallback
TX,1998,house,92,,,,,,,,,,,,,,,,,,,,,,0.0,19515.0,-100.0,,"smith, todd",-1.0,right_only,,,,klarner_fallback
TX,1998,house,93,,,,,,,,,,,,,,,,,,,,,,0.0,13054.0,-100.0,,"goodman, toby",-1.0,right_only,,,,klarner_fallback
TX,1998,house,94,,,,,,,,,,,,,,,,,,,,,,0.0,22580.0,-100.0,,"grusendorf, kent",-1.0,right_only,,,,klarner_fallback
TX,1998,house,95,,,,,,,,,,,,,,,,,,,,,,18742.0,0.0,100.0,"lewis, glenn o",,1.0,right_only,,,,klarner_fallback
TX,1998,house,96,,,,,,,,,,,,,,,,,,,,,,0.0,21515.0,-100.0,,"brimer, kenneth (kim)",-1.0,right_only,,,,klarner_fallback
TX,1998,house,97,,,,,,,,,,,,,,,,,,,,,,0.0,27590.0,-100.0,,"mowery, anna",-1.0,right_only,,,,klarner_fallback
TX,1998,house,98,7362.0,23910.0,-52.91634689178818,Gene Mitchell,Vicki Truitt,0.0,0.0,0.0,True,0.0,1.0,0.0,0.0,,,,Texas official returns normalized by the Texas project,external://texas-state-house-and-state-senate-model/data/processed/elections/sos_canonical_candidate_totals_1992_2018.csv,Texas Secretary of State candidate-total exports,Texas official/canonical candidate and full-history incumbency exports,source_observed,7362.0,23910.0,-52.91634689178818,"mitchell, gene","truitt, vicki",0.0,both,0.0,0.0,0.0,texas_official_upstream
TX,1998,house,99,,,,,,,,,,,,,,,,,,,,,,0.0,20644.0,-100.0,,"marchant, ken",-1.0,right_only,,,,klarner_fallback
TX,1998,house,100,,,,,,,,,,,,,,,,,,,,,,11592.0,0.0,100.0,"hodge, terri",,1.0,right_only,,,,klarner_fallback
TX,1998,house,101,,,,,,,,,,,,,,,,,,,,,,0.0,15007.0,-100.0,,"reyna, elvira",-1.0,right_only,,,,klarner_fallback
TX,1998,house,102,,,,,,,,,,,,,,,,,,,,,,0.0,19117.0,-100.0,,"goolsby, tony",-1.0,right_only,,,,klarner_fallback
TX,1998,house,103,,,,,,,,,,,,,,,,,,,,,,7898.0,0.0,100.0,"wolens, steven (steve)",,1.0,right_only,,,,klarner_fallback
TX,1998,house,104,5682.0,2364.0,41.23788217747949,Domingo Garcia,Monty Weddell,1.0,0.0,1.0,True,1.0,0.0,0.0,0.0,,,,Texas official returns normalized by the Texas project,external://texas-state-house-and-state-senate-model/data/processed/elections/sos_canonical_candidate_totals_1992_2018.csv,Texas Secretary of State candidate-total exports,Texas official/canonical candidate and full-history incumbency exports,source_observed,5682.0,2364.0,41.23788217747949,"garcia, domingo","weddell, monty o",1.0,both,0.0,0.0,0.0,texas_official_upstream
TX,1998,house,105,,,,,,,,,,,,,,,,,,,,,,8794.0,0.0,100.0,"tillery, dale b",,1.0,right_only,,,,klarner_fallback
TX,1998,house,106,6804.0,12076.0,-27.923728813559322,John J. Lopez,Ray Allen,0.0,1.0,-1.0,True,0.0,1.0,0.0,0.0,,,,Texas official returns normalized by the Texas project,external://texas-state-house-and-state-senate-model/data/processed/elections/sos_canonical_candidate_totals_1992_2018.csv,Texas Secretary of State candidate-total exports,Texas official/canonical candidate and full-history incumbency exports,source_observed,6804.0,12076.0,-27.923728813559322,"lopez, john j","allen, ray",-1.0,both,0.0,0.0,0.0,texas_official_upstream
TX,1998,house,107,10152.0,6980.0,18.515059537707213,Harryette Ehrhardt,John Alvis,1.0,0.0,1.0,True,1.0,0.0,0.0,0.0,,,,Texas official returns normalized by the Texas project,external://texas-state-house-and-state-senate-model/data/processed/elections/sos_canonical_candidate_totals_1992_2018.csv,Texas Secretary of State candidate-total exports,Texas official/canonical candidate and full-history incumbency exports,source_observed,10152.0,6980.0,18.515059537707213,"ehrhardt, harryette b","alvis, john",1.0,both,0.0,0.0,0.0,texas_official_upstream
TX,1998,house,108,,,,,,,,,,,,,,,,,,,,,,0.0,27220.0,-100.0,,"george, kenn s",0.0,right_only,,,,klarner_fallback
TX,1998,house,109,,,,,,,,,,,,,,,,,,,,,,14667.0,0.0,100.0,"giddings, helen",,1.0,right_only,,,,klarner_fallback
TX,1998,house,110,,,,,,,,,,,,,,,,,,,,,,17790.0,0.0,100.0,"jones, jesse",,1.0,right_only,,,,klarner_fallback
TX,1998,house,111,,,,,,,,,,,,,,,,,,,,,,16215.0,0.0,100.0,"davis, yvonne",,1.0,right_only,,,,klarner_fallback
TX,1998,house,112,,,,,,,,,,,,,,,,,,,,,,0.0,18748.0,-100.0,,"hill, fred",-1.0,right_only,,,,klarner_fallback
TX,1998,house,113,,,,,,,,,,,,,,,,,,,,,,0.0,16911.0,-100.0,,"driver, joe",-1.0,right_only,,,,klarner_fallback
TX,1998,house,114,,,,,,,,,,,,,,,,,,,,,,0.0,20782.0,-100.0,,"hartnett, will",-1.0,right_only,,,,klarner_fallback
TX,1998,house,115,,,,,,,,,,,,,,,,,,,,,,10943.0,0.0,100.0,"vandeputte, leticia",,1.0,right_only,,,,klarner_fallback
TX,1998,house,116,,,,,,,,,,,,,,,,,,,,,,11378.0,0.0,100.0,"alvarado, leo g",,1.0,right_only,,,,klarner_fallback
TX,1998,house,117,,,,,,,,,,,,,,,,,,,,,,8219.0,0.0,100.0,"longoria, john a",,1.0,right_only,,,,klarner_fallback
TX,1998,house,118,,,,,,,,,,,,,,,,,,,,,,9878.0,0.0,100.0,"uresti, carlos i (charlie)",,0.0,right_only,,,,klarner_fallback
TX,1998,house,119,,,,,,,,,,,,,,,,,,,,,,12104.0,0.0,100.0,"puente, robert r",,1.0,right_only,,,,klarner_fallback
TX,1998,house,120,,,,,,,,,,,,,,,,,,,,,,11945.0,0.0,100.0,"mcclendon, ruth j",,1.0,right_only,,,,klarner_fallback
TX,1998,house,121,,,,,,,,,,,,,,,,,,,,,,0.0,22974.0,-100.0,,"siebert, bill",-1.0,right_only,,,,klarner_fallback
TX,1998,house,122,,,,,,,,,,,,,,,,,,,,,,0.0,28763.0,-100.0,,"shields, john h",-1.0,right_only,,,,klarner_fallback
TX,1998,house,123,,,,,,,,,,,,,,,,,,,,,,0.0,26380.0,-100.0,,"corte, frank j, jr",-1.0,right_only,,,,klarner_fallback
TX,1998,house,124,,,,,,,,,,,,,,,,,,,,,,12472.0,0.0,100.0,"solis, juan f, iii",,0.0,right_only,,,,klarner_fallback
TX,1998,house,125,,,,,,,,,,,,,,,,,,,,,,11440.0,0.0,100.0,"reyna, arthur",,1.0,right_only,,,,klarner_fallback
TX,1998,house,126,,,,,,,,,,,,,,,,,,,,,,0.0,25914.0,-100.0,,"hamric, peggy",-1.0,right_only,,,,klarner_fallback
TX,1998,house,127,,,,,,,,,,,,,,,,,,,,,,0.0,21427.0,-100.0,,"crabb, joe",-1.0,right_only,,,,klarner_fallback
TX,1998,house,128,9135.0,5455.0,25.222755311857437,Fred M. Bosse,Dwayne Andries,1.0,0.0,1.0,True,1.0,0.0,0.0,0.0,,,,Texas official returns normalized by the Texas project,external://texas-state-house-and-state-senate-model/data/processed/elections/sos_canonical_candidate_totals_1992_2018.csv,Texas Secretary of State candidate-total exports,Texas official/canonical candidate and full-history incumbency exports,source_observed,9135.0,5455.0,25.222755311857437,"bosse, fred m","andries, dwayne",1.0,both,0.0,0.0,0.0,texas_official_upstream
TX,1998,house,129,7863.0,20086.0,-43.73322838026405,Rick O'Sullivan,John Davis,0.0,0.0,0.0,True,0.0,1.0,0.0,0.0,,,,Texas official returns normalized by the Texas project,external://texas-state-house-and-state-senate-model/data/processed/elections/sos_canonical_candidate_totals_1992_2018.csv,Texas Secretary of State candidate-total exports,Texas official/canonical candidate and full-history incumbency exports,source_observed,7863.0,20086.0,-43.73322838026405,"osullivan, rick","davis, john e 2",0.0,both,0.0,0.0,0.0,texas_official_upstream
TX,1998,house,130,,,,,,,,,,,,,,,,,,,,,,0.0,26059.0,-100.0,,"culberson, john",-1.0,right_only,,,,klarner_fallback
TX,1998,house,131,,,,,,,,,,,,,,,,,,,,,,16183.0,0.0,100.0,"wilson, ron",,1.0,right_only,,,,klarner_fallback
TX,1998,house,132,,,,,,,,,,,,,,,,,,,,,,18559.0,0.0,100.0,"hochberg, scott",,1.0,right_only,,,,klarner_fallback
TX,1998,house,133,,,,,,,,,,,,,,,,,,,,,,0.0,23734.0,-100.0,,"nixon, joe",-1.0,right_only,,,,klarner_fallback
TX,1998,house,134,8906.0,13527.0,-20.59911737172915,Mike Laster,Kyle Janek,0.0,1.0,-1.0,True,0.0,1.0,0.0,0.0,,,,Texas official returns normalized by the Texas project,external://texas-state-house-and-state-senate-model/data/processed/elections/sos_canonical_candidate_totals_1992_2018.csv,Texas Secretary of State candidate-total exports,Texas official/canonical candidate and full-history incumbency exports,source_observed,8906.0,13527.0,-20.59911737172915,"laster, mike","janek, kyle",-1.0,both,0.0,0.0,0.0,texas_official_upstream
TX,1998,house,135,,,,,,,,,,,,,,,,,,,,,,0.0,21151.0,-100.0,,"elkins, gary",-1.0,right_only,,,,klarner_fallback
TX,1998,house,136,,,,,,,,,,,,,,,,,,,,,,0.0,26678.0,-100.0,,"woolley, beverly",-1.0,right_only,,,,klarner_fallback
TX,1998,house,137,11359.0,6650.0,26.148037092564827,Debra Danburg,"Ben Dominguez, II",1.0,0.0,1.0,True,1.0,0.0,0.0,0.0,,,,Texas official returns normalized by the Texas project,external://texas-state-house-and-state-senate-model/data/processed/elections/sos_canonical_candidate_totals_1992_2018.csv,Texas Secretary of State candidate-total exports,Texas official/canonical candidate and full-history incumbency exports,source_observed,11359.0,6650.0,26.148037092564827,"danburg, deborah (debra)","dominguez, ben, ii",1.0,both,0.0,0.0,0.0,texas_official_upstream
TX,1998,house,138,10274.0,10088.0,0.9134662606816619,Ken Yarbrough,Dwayne Bohac,1.0,0.0,1.0,True,1.0,0.0,0.0,0.0,,,,Texas official returns normalized by the Texas project,external://texas-state-house-and-state-senate-model/data/processed/elections/sos_canonical_candidate_totals_1992_2018.csv,Texas Secretary of State candidate-total exports,Texas official/canonical candidate and full-history incumbency exports,source_observed,10274.0,10088.0,0.9134662606816619,"yarbrough, ken","bohac, dwayne",1.0,both,0.0,0.0,0.0,texas_official_upstream
TX,1998,house,139,,,,,,,,,,,,,,,,,,,,,,12068.0,0.0,100.0,"turner, sylvester",,1.0,right_only,,,,klarner_fallback
TX,1998,house,140,,,,,,,,,,,,,,,,,,,,,,6547.0,0.0,100.0,"bailey, kevin",,1.0,right_only,,,,klarner_fallback
TX,1998,house,141,,,,,,,,,,,,,,,,,,,,,,15462.0,0.0,100.0,"thompson, senfronia 1",,1.0,right_only,,,,klarner_fallback
TX,1998,house,142,,,,,,,,,,,,,,,,,,,,,,14183.0,0.0,100.0,"dutton, harold v, jr",,1.0,right_only,,,,klarner_fallback
TX,1998,house,143,7506.0,2884.0,44.485081809432145,Joe Moreno,K.E. Glucksmann,0.0,0.0,0.0,True,1.0,0.0,0.0,0.0,,,,Texas official returns normalized by the Texas project,external://texas-state-house-and-state-senate-model/data/processed/elections/sos_canonical_candidate_totals_1992_2018.csv,Texas Secretary of State candidate-total exports,Texas official/canonical candidate and full-history incumbency exports,source_observed,7506.0,2884.0,44.485081809432145,"moreno, joe e","glucksmann, k e",0.0,both,0.0,0.0,0.0,texas_official_upstream
TX,1998,house,144,,,,,,,,,,,,,,,,,,,,,,0.0,12265.0,-100.0,,"talton, robert e",-1.0,right_only,,,,klarner_fallback
TX,1998,house,145,6405.0,3137.0,34.248585202263676,Rick Noriega,Michael Bunch,0.0,0.0,0.0,True,1.0,0.0,0.0,0.0,,,,Texas official returns normalized by the Texas project,external://texas-state-house-and-state-senate-model/data/processed/elections/sos_canonical_candidate_totals_1992_2018.csv,Texas Secretary of State candidate-total exports,Texas official/canonical candidate and full-history incumbency exports,source_observed,6405.0,3137.0,34.248585202263676,"noriega, richard (rick)","bunch, michael",0.0,both,0.0,0.0,0.0,texas_official_upstream
TX,1998,house,146,17374.0,5501.0,51.90382513661202,Al Edwards,David Fuson,1.0,0.0,1.0,True,1.0,0.0,0.0,0.0,,,,Texas official returns normalized by the Texas project,external://texas-state-house-and-state-senate-model/data/processed/elections/sos_canonical_candidate_totals_1992_2018.csv,Texas Secretary of State candidate-total exports,Texas official/canonical candidate and full-history incumbency exports,source_observed,17374.0,5501.0,51.90382513661202,"edwards, al","fuson, david l",1.0,both,0.0,0.0,0.0,texas_official_upstream
TX,1998,house,147,,,,,,,,,,,,,,,,,,,,,,13081.0,0.0,100.0,"coleman, garnet f",,1.0,right_only,,,,klarner_fallback
TX,1998,house,148,,,,,,,,,,,,,,,,,,,,,,8641.0,0.0,100.0,"farrar, jessica c",,1.0,right_only,,,,klarner_fallback
TX,1998,house,149,,,,,,,,,,,,,,,,,,,,,,0.0,10384.0,-100.0,,"heflin, talmadge",-1.0,right_only,,,,klarner_fallback
TX,1998,house,150,,,,,,,,,,,,,,,,,,,,,,0.0,19632.0,-100.0,,"hilbert, paul j",-1.0,right_only,,,,klarner_fallback
TX,1998,senate,1,,,,,,,,,,,,,,,,,,,,,,0.0,90024.0,-100.0,,"ratliff, bill",-1.0,right_only,,,,klarner_fallback
TX,1998,senate,4,76540.0,62237.0,10.306462886501366,David Bernsen,Michael Galloway,0.0,1.0,-1.0,True,1.0,0.0,0.0,0.0,,,,Texas official returns normalized by the Texas project,external://texas-state-house-and-state-senate-model/data/processed/elections/sos_canonical_candidate_totals_1992_2018.csv,Texas Secretary of State candidate-total exports,Texas official/canonical candidate and full-history incumbency exports,source_observed,76540.0,62237.0,10.306462886501366,"bernsen, david","galloway, michael l",-1.0,both,0.0,0.0,0.0,texas_official_upstream
TX,1998,senate,5,61508.0,77227.0,-11.33023389916027,Mary M. Moore,Steve Ogden,0.0,1.0,-1.0,True,0.0,1.0,0.0,0.0,,,,Texas official returns normalized by the Texas project,external://texas-state-house-and-state-senate-model/data/processed/elections/sos_canonical_candidate_totals_1992_2018.csv,Texas Secretary of State candidate-total exports,Texas official/canonical candidate and full-history incumbency exports,source_observed,61508.0,77227.0,-11.33023389916027,"moore, mary m","ogden, steve",0.0,both,0.0,0.0,0.0,texas_official_upstream
TX,1998,senate,6,,,,,,,,,,,,,,,,,,,,,,37746.0,0.0,100.0,"gallegos, mario v, jr",,1.0,right_only,,,,klarner_fallback
TX,1998,senate,11,47696.0,63492.0,-14.206569054214484,Edward Wesley,Mike Jackson,0.0,0.0,0.0,True,0.0,1.0,0.0,0.0,,,,Texas official returns normalized by the Texas project,external://texas-state-house-and-state-senate-model/data/processed/elections/sos_canonical_candidate_totals_1992_2018.csv,Texas Secretary of State candidate-total exports,Texas official/canonical candidate and full-history incumbency exports,source_observed,47696.0,63492.0,-14.206569054214484,"wesley, edward","jackson, mike",0.0,both,0.0,0.0,0.0,texas_official_upstream
TX,1998,senate,13,,,,,,,,,,,,,,,,,,,,,,86631.0,0.0,100.0,"ellis, rodney",,1.0,right_only,,,,klarner_fallback
TX,1998,senate,16,,,,,,,,,,,,,,,,,,,,,,0.0,80802.0,-100.0,,"carona, john",0.0,right_only,,,,klarner_fallback
TX,1998,senate,17,40331.0,96846.0,-41.1985974325142,Ronnie Ellen Harrison,J. E. 'Buster' Brown,0.0,1.0,-1.0,True,0.0,1.0,0.0,0.0,,,,Texas official returns normalized by the Texas project,external://texas-state-house-and-state-senate-model/data/processed/elections/sos_canonical_candidate_totals_1992_2018.csv,Texas Secretary of State candidate-total exports,Texas official/canonical candidate and full-history incumbency exports,source_observed,40331.0,96846.0,-41.1985974325142,"harrison, ronnie e","brown, james e (buster)",-1.0,both,0.0,0.0,0.0,texas_official_upstream
TX,1998,senate,18,85291.0,58195.0,18.8840723136752,Ken Armbrister,Reese Turner,1.0,0.0,1.0,True,1.0,0.0,0.0,0.0,,,,Texas official returns normalized by the Texas project,external://texas-state-house-and-state-senate-model/data/processed/elections/sos_canonical_candidate_totals_1992_2018.csv,Texas Secretary of State candidate-total exports,Texas official/canonical candidate and full-history incumbency exports,source_observed,85291.0,58195.0,18.8840723136752,"armbrister, kenneth","turner, reese",1.0,both,0.0,0.0,0.0,texas_official_upstream
TX,1998,senate,19,,,,,,,,,,,,,,,,,,,,,,55544.0,0.0,100.0,"madla, frank",,1.0,right_only,,,,klarner_fallback
TX,1998,senate,20,57298.0,41338.0,16.1807048136583,Carlos F. Truan,Joe Gardner,1.0,0.0,1.0,True,1.0,0.0,0.0,0.0,,,,Texas official returns normalized by the Texas project,external://texas-state-house-and-state-senate-model/data/processed/elections/sos_canonical_candidate_totals_1992_2018.csv,Texas Secretary of State candidate-total exports,Texas official/canonical candidate and full-history incumbency exports,source_observed,57298.0,41338.0,16.1807048136583,"truan, carlos","gardner, joe",1.0,both,0.0,0.0,0.0,texas_official_upstream
TX,1998,senate,22,,,,,,,,,,,,,,,,,,,,,,0.0,83933.0,-100.0,,"sibley, david",-1.0,right_only,,,,klarner_fallback
TX,1998,senate,23,,,,,,,,,,,,,,,,,,,,,,61685.0,0.0,100.0,"west, royce",,1.0,right_only,,,,klarner_fallback
TX,1998,senate,28,,,,,,,,,,,,,,,,,,,,,,0.0,82368.0,-100.0,,"duncan, robert l",0.0,right_only,,,,klarner_fallback
TX,1998,senate,30,49483.0,82996.0,-25.29683949909042,Greg Underwood,Tom Haywood,0.0,1.0,-1.0,True,0.0,1.0,0.0,0.0,,,,Texas official returns normalized by the Texas project,external://texas-state-house-and-state-senate-model/data/processed/elections/sos_canonical_candidate_totals_1992_2018.csv,Texas Secretary of State candidate-total exports,Texas official/canonical candidate and full-history incumbency exports,source_observed,49483.0,82996.0,-25.29683949909042,"underwood, greg","haywood, tom",-1.0,both,0.0,0.0,0.0,texas_official_upstream
TX,1998,senate,31,,,,,,,,,,,,,,,,,,,,,,0.0,98165.0,-100.0,,"bivins, teel",-1.0,right_only,,,,klarner_fallback
TX,2000,house,1,,,,,,,,,,,,,,,,,,,,,,29989.0,0.0,100.0,"telford, barry b",,1.0,right_only,,,,klarner_fallback
TX,2000,house,2,,,,,,,,,,,,,,,,,,,,,,29702.0,0.0,100.0,"ramsay, tom",,1.0,right_only,,,,klarner_fallback
TX,2000,house,3,,,,,,,,,,,,,,,,,,,,,,29320.0,0.0,100.0,"homer, mark",,1.0,right_only,,,,klarner_fallback
TX,2000,house,4,16492.0,29124.0,-27.692037881445106,Charles Elliott,Betty Brown,0.0,1.0,-1.0,True,0.0,1.0,0.0,0.0,,,,Texas official returns normalized by the Texas project,external://texas-state-house-and-state-senate-model/data/processed/elections/sos_canonical_candidate_totals_1992_2018.csv,Texas Secretary of State candidate-total exports,Texas official/canonical candidate and full-history incumbency exports,source_observed,16492.0,29124.0,-27.692037881445106,"elliott, charles","brown, betty",-1.0,both,0.0,0.0,0.0,texas_official_upstream
TX,2000,house,5,21556.0,19478.0,5.064093191012331,Bob Glaze,Bill G. Hollowell,1.0,0.0,1.0,True,1.0,0.0,0.0,0.0,,,,Texas official returns normalized by the Texas project,external://texas-state-house-and-state-senate-model/data/processed/elections/sos_canonical_candidate_totals_1992_2018.csv,Texas Secretary of State candidate-total exports,Texas official/canonical candidate and full-history incumbency exports,source_observed,21556.0,19478.0,5.064093191012331,"glaze, bob","hollowell, bill",1.0,both,0.0,0.0,0.0,texas_official_upstream
TX,2000,house,6,12579.0,35404.0,-47.568930662943124,Bill Bowen,Leo Berman,0.0,1.0,-1.0,True,0.0,1.0,0.0,0.0,,,,Texas official returns normalized by the Texas project,external://texas-state-house-and-state-senate-model/data/processed/elections/sos_canonical_candidate_totals_1992_2018.csv,Texas Secretary of State candidate-total exports,Texas official/canonical candidate and full-history incumbency exports,source_observed,12579.0,35404.0,-47.568930662943124,"bowen, bill","berman, leo",-1.0,both,0.0,0.0,0.0,texas_official_upstream
TX,2000,house,7,,,,,,,,,,,,,,,,,,,,,,0.0,29574.0,-100.0,,"merritt, tommy",-1.0,right_only,,,,klarner_fallback
TX,2000,house,8,,,,,,,,,,,,,,,,,,,,,,32833.0,0.0,100.0,"sadler, paul",,1.0,right_only,,,,klarner_fallback
TX,2000,house,9,19817.0,24625.0,-10.81859502272625,Joe Evans,Wayne Christian,0.0,1.0,-1.0,True,0.0,1.0,0.0,0.0,,,,Texas official returns normalized by the Texas project,external://texas-state-house-and-state-senate-model/data/processed/elections/sos_canonical_candidate_totals_1992_2018.csv,Texas Secretary of State candidate-total exports,Texas official/canonical candidate and full-history incumbency exports,source_observed,19817.0,24625.0,-10.81859502272625,"evans, joe","christian, wayne",-1.0,both,0.0,0.0,0.0,texas_official_upstream
TX,2000,house,10,,,,,,,,,,,,,,,,,,,,,,0.0,35932.0,-100.0,,"pitts, james r (jim)",-1.0,right_only,,,,klarner_fallback
TX,2000,house,11,21991.0,19459.0,6.108564535585042,Chuck Hopson,"Paul S. Woodard, Jr.",0.0,0.0,0.0,True,1.0,0.0,0.0,0.0,,,,Texas official returns normalized by the Texas project,external://texas-state-house-and-state-senate-model/data/processed/elections/sos_canonical_candidate_totals_1992_2018.csv,Texas Secretary of State candidate-total exports,Texas official/canonical candidate and full-history incumbency exports,source_observed,21991.0,19459.0,6.108564535585042,"hopson, chuck","woodard, paul s, jr",0.0,both,0.0,0.0,0.0,texas_official_upstream
TX,2000,house,12,,,,,,,,,,,,,,,,,,,,,,32095.0,0.0,100.0,"alexander, clyde",,1.0,right_only,,,,klarner_fallback
TX,2000,house,13,,,,,,,,,,,,,,,,,,,,,,0.0,32840.0,-100.0,,"kolkhorst, lois w",0.0,right_only,,,,klarner_fallback
TX,2000,house,14,,,,,,,,,,,,,,,,,,,,,,0.0,28981.0,-100.0,,"brown, fred",-1.0,right_only,,,,klarner_fallback
TX,2000,house,15,,,,,,,,,,,,,,,,,,,,,,0.0,53164.0,-100.0,,"williams, thomas d (tommy)",-1.0,right_only,,,,klarner_fallback
TX,2000,house,16,,,,,,,,,,,,,,,,,,,,,,0.0,43078.0,-100.0,,"hope, ruben w, jr",-1.0,right_only,,,,klarner_fallback
TX,2000,house,17,,,,,,,,,,,,,,,,,,,,,,32522.0,0.0,100.0,"mcreynolds, jim",,1.0,right_only,,,,klarner_fallback
TX,2000,house,18,24013.0,22839.0,2.5057628276274224,Dan Ellis,Ben Bius,1.0,0.0,1.0,True,1.0,0.0,0.0,0.0,,,,Texas official returns normalized by the Texas project,external://texas-state-house-and-state-senate-model/data/processed/elections/sos_canonical_candidate_totals_1992_2018.csv,Texas Secretary of State candidate-total exports,Texas official/canonical candidate and full-history incumbency exports,source_observed,24013.0,22839.0,2.5057628276274224,"ellis, dan","bius, ben",1.0,both,0.0,0.0,0.0,texas_official_upstream
TX,2000,house,19,,,,,,,,,,,,,,,,,,,,,,29869.0,0.0,100.0,"lewis, ron e",,1.0,right_only,,,,klarner_fallback
TX,2000,house,20,25352.0,20868.0,9.701427953266984,Zeb Zbranek,Eddie Shauberger,1.0,0.0,1.0,True,1.0,0.0,0.0,0.0,,,,Texas official returns normalized by the Texas project,external://texas-state-house-and-state-senate-model/data/processed/elections/sos_canonical_candidate_totals_1992_2018.csv,Texas Secretary of State candidate-total exports,Texas official/canonical candidate and full-history incumbency exports,source_observed,25352.0,20868.0,9.701427953266984,"zbranek, zeb d","shauberger, eddie",1.0,both,0.0,0.0,0.0,texas_official_upstream
TX,2000,house,21,27033.0,20484.0,13.782435759833323,Allan B. Ritter,Mary Jane Avery,1.0,0.0,1.0,True,1.0,0.0,0.0,0.0,,,,Texas official returns normalized by the Texas project,external://texas-state-house-and-state-senate-model/data/processed/elections/sos_canonical_candidate_totals_1992_2018.csv,Texas Secretary of State candidate-total exports,Texas official/canonical candidate and full-history incumbency exports,source_observed,27033.0,20484.0,13.782435759833323,"ritter, allan b","avery, mary j",1.0,both,0.0,0.0,0.0,texas_official_upstream
TX,2000,house,22,,,,,,,,,,,,,,,,,,,,,,26788.0,0.0,100.0,"deshotel, joseph (joe)",,1.0,right_only,,,,klarner_fallback
TX,2000,house,23,25232.0,18394.0,15.674139274744418,Patricia Gray,Jeff Harrison,1.0,0.0,1.0,True,1.0,0.0,0.0,0.0,,,,Texas official returns normalized by the Texas project,external://texas-state-house-and-state-senate-model/data/processed/elections/sos_canonical_candidate_totals_1992_2018.csv,Texas Secretary of State candidate-total exports,Texas official/canonical candidate and full-history incumbency exports,source_observed,25232.0,18394.0,15.674139274744418,"gray, patricia","harrison, jeff",1.0,both,0.0,0.0,0.0,texas_official_upstream
TX,2000,house,24,27052.0,18473.0,18.844590884129598,Craig Eiland,John Hart,1.0,0.0,1.0,True,1.0,0.0,0.0,0.0,,,,Texas official returns normalized by the Texas project,external://texas-state-house-and-state-senate-model/data/processed/elections/sos_canonical_candidate_totals_1992_2018.csv,Texas Secretary of State candidate-total exports,Texas official/canonical candidate and full-history incumbency exports,source_observed,27052.0,18473.0,18.844590884129598,"eiland, craig","hart, john 1",1.0,both,0.0,0.0,0.0,texas_official_upstream
TX,2000,house,25,,,,,,,,,,,,,,,,,,,,,,0.0,42719.0,-100.0,,"bonnen, dennis",-1.0,right_only,,,,klarner_fallback
TX,2000,house,26,22451.0,51245.0,-39.07132001736865,Nathan Reid,Charlie Howard,0.0,1.0,-1.0,True,0.0,1.0,0.0,0.0,,,,Texas official returns normalized by the Texas project,external://texas-state-house-and-state-senate-model/data/processed/elections/sos_canonical_candidate_totals_1992_2018.csv,Texas Secretary of State candidate-total exports,Texas official/canonical candidate and full-history incumbency exports,source_observed,22451.0,51245.0,-39.07132001736865,"reid, nathan","howard, charlie",-1.0,both,0.0,0.0,0.0,texas_official_upstream
TX,2000,house,27,28209.0,15852.0,28.04521004970382,Dora Olivo,Lester Phipps,1.0,0.0,1.0,True,1.0,0.0,0.0,0.0,,,,Texas official returns normalized by the Texas project,external://texas-state-house-and-state-senate-model/data/processed/elections/sos_canonical_candidate_totals_1992_2018.csv,Texas Secretary of State candidate-total exports,Texas official/canonical candidate and full-history incumbency exports,source_observed,28209.0,15852.0,28.04521004970382,"olivo, dora","phipps, lester",1.0,both,0.0,0.0,0.0,texas_official_upstream
TX,2000,house,28,29937.0,17321.0,26.696009141309407,Robby Cook,Phil Stephenson,1.0,0.0,1.0,True,1.0,0.0,0.0,0.0,,,,Texas official returns normalized by the Texas project,external://texas-state-house-and-state-senate-model/data/processed/elections/sos_canonical_candidate_totals_1992_2018.csv,Texas Secretary of State candidate-total exports,Texas official/canonical candidate and full-history incumbency exports,source_observed,29937.0,17321.0,26.696009141309407,"cook, robert l (robby)","stephenson, phil",1.0,both,0.0,0.0,0.0,texas_official_upstream
TX,2000,house,29,,,,,,,,,,,,,,,,,,,,,,24376.0,0.0,100.0,"uher, d r (tom)",,1.0,right_only,,,,klarner_fallback
TX,2000,house,30,,,,,,,,,,,,,,,,,,,,,,0.0,30418.0,-100.0,,"morrison, geanie w",-1.0,right_only,,,,klarner_fallback
TX,2000,house,31,,,,,,,,,,,,,,,,,,,,,,28905.0,0.0,100.0,"hawley, judy",,1.0,right_only,,,,klarner_fallback
TX,2000,house,32,,,,,,,,,,,,,,,,,,,,,,0.0,37056.0,-100.0,,"seaman, gene",-1.0,right_only,,,,klarner_fallback
TX,2000,house,33,,,,,,,,,,,,,,,,,,,,,,25326.0,0.0,100.0,"luna, vilma",,1.0,right_only,,,,klarner_fallback
TX,2000,house,34,,,,,,,,,,,,,,,,,,,,,,22504.0,0.0,100.0,"capelo, jaime l, jr",,1.0,right_only,,,,klarner_fallback
TX,2000,house,35,,,,,,,,,,,,,,,,,,,,,,23440.0,0.0,100.0,"rangel, irma",,1.0,right_only,,,,klarner_fallback
TX,2000,house,36,,,,,,,,,,,,,,,,,,,,,,18451.0,0.0,100.0,"flores, ismael (kino)",,1.0,right_only,,,,klarner_fallback
TX,2000,house,37,,,,,,,,,,,,,,,,,,,,,,15796.0,0.0,100.0,"oliveira, rene o",,1.0,right_only,,,,klarner_fallback
TX,2000,house,38,18200.0,10111.0,28.57193317085232,Jim Solis,Chris Hughston,1.0,0.0,1.0,True,1.0,0.0,0.0,0.0,,,,Texas official returns normalized by the Texas project,external://texas-state-house-and-state-senate-model/data/processed/elections/sos_canonical_candidate_totals_1992_2018.csv,Texas Secretary of State candidate-total exports,Texas official/canonical candidate and full-history incumbency exports,source_observed,18200.0,10111.0,28.57193317085232,"solis, jim","hughston, chris",1.0,both,0.0,0.0,0.0,texas_official_upstream
TX,2000,house,39,,,,,,,,,,,,,,,,,,,,,,15837.0,0.0,100.0,"wise, miguel",,1.0,right_only,,,,klarner_fallback
TX,2000,house,40,,,,,,,,,,,,,,,,,,,,,,19023.0,0.0,100.0,"hinojosa, juan (chuy)",,1.0,right_only,,,,klarner_fallback
TX,2000,house,41,,,,,,,,,,,,,,,,,,,,,,18808.0,0.0,100.0,"gutierrez, roberto",,1.0,right_only,,,,klarner_fallback
TX,2000,house,42,,,,,,,,,,,,,,,,,,,,,,23089.0,0.0,100.0,"cuellar, henry",,1.0,right_only,,,,klarner_fallback
TX,2000,house,43,,,,,,,,,,,,,,,,,,,,,,29749.0,0.0,100.0,"king, tracy o",,1.0,right_only,,,,klarner_fallback
TX,2000,house,44,22435.0,18247.0,10.294479130819527,"Ignacio Salinas, Jr.",Darrell T. Brownlow,1.0,0.0,1.0,True,1.0,0.0,0.0,0.0,,,,Texas official returns normalized by the Texas project,external://texas-state-house-and-state-senate-model/data/processed/elections/sos_canonical_candidate_totals_1992_2018.csv,Texas Secretary of State candidate-total exports,Texas official/canonical candidate and full-history incumbency exports,source_observed,22435.0,18247.0,10.294479130819527,"salinas, ignacio, jr","brownlow, darrell t",1.0,both,0.0,0.0,0.0,texas_official_upstream
TX,2000,house,45,,,,,,,,,,,,,,,,,,,,,,0.0,49380.0,-100.0,,"kuempel, edmund",-1.0,right_only,,,,klarner_fallback
TX,2000,house,46,18648.0,27551.0,-19.27097989133964,"Ivan ""Buddy"" Friedman",Rick Green,0.0,1.0,-1.0,True,0.0,1.0,0.0,0.0,,,,Texas official returns normalized by the Texas project,external://texas-state-house-and-state-senate-model/data/processed/elections/sos_canonical_candidate_totals_1992_2018.csv,Texas Secretary of State candidate-total exports,Texas official/canonical candidate and full-history incumbency exports,source_observed,18648.0,27551.0,-19.27097989133964,"friedman, ivan (buddy)","green, rick",-1.0,both,0.0,0.0,0.0,texas_official_upstream
TX,2000,house,47,,,,,,,,,,,,,,,,,,,,,,0.0,74958.0,-100.0,,"keel, terry",-1.0,right_only,,,,klarner_fallback
TX,2000,house,48,33687.0,21300.0,22.527142779202357,Ann Kitchen,Jill Warren,0.0,0.0,0.0,True,1.0,0.0,0.0,0.0,,,,Texas official returns normalized by the Texas project,external://texas-state-house-and-state-senate-model/data/processed/elections/sos_canonical_candidate_totals_1992_2018.csv,Texas Secretary of State candidate-total exports,Texas official/canonical candidate and full-history incumbency exports,source_observed,33687.0,21300.0,22.527142779202357,"kitchen, ann","warren, jill",0.0,both,0.0,0.0,0.0,texas_official_upstream
TX,2000,house,49,29833.0,17672.0,25.59941058835912,Elliott Naishtat,Gus Blomquist,1.0,0.0,1.0,True,1.0,0.0,0.0,0.0,,,,Texas official returns normalized by the Texas project,external://texas-state-house-and-state-senate-model/data/processed/elections/sos_canonical_candidate_totals_1992_2018.csv,Texas Secretary of State candidate-total exports,Texas official/canonical candidate and full-history incumbency exports,source_observed,29833.0,17672.0,25.59941058835912,"naishtat, elliott","blomquist, emil",1.0,both,0.0,0.0,0.0,texas_official_upstream
TX,2000,house,50,,,,,,,,,,,,,,,,,,,,,,31639.0,0.0,100.0,"dukes, dawnna m",,1.0,right_only,,,,klarner_fallback
TX,2000,house,51,,,,,,,,,,,,,,,,,,,,,,27263.0,0.0,100.0,"maxey, glen",,1.0,right_only,,,,klarner_fallback
TX,2000,house,52,,,,,,,,,,,,,,,,,,,,,,0.0,54196.0,-100.0,,"krusee, michael (mike)",-1.0,right_only,,,,klarner_fallback
TX,2000,house,53,,,,,,,,,,,,,,,,,,,,,,0.0,60638.0,-100.0,,"hilderbran, harvey",-1.0,right_only,,,,klarner_fallback
TX,2000,house,54,14074.0,23139.0,-24.3597667481794,Don Armstrong,Suzanna Gratia Hupp,0.0,1.0,-1.0,True,0.0,1.0,0.0,0.0,,,,Texas official returns normalized by the Texas project,external://texas-state-house-and-state-senate-model/data/processed/elections/sos_canonical_candidate_totals_1992_2018.csv,Texas Secretary of State candidate-total exports,Texas official/canonical candidate and full-history incumbency exports,source_observed,14074.0,23139.0,-24.3597667481794,"armstrong, don","hupp, suzanna g",-1.0,both,0.0,0.0,0.0,texas_official_upstream
TX,2000,house,55,,,,,,,,,,,,,,,,,,,,,,0.0,26089.0,-100.0,,"delisi, dianne w",-1.0,right_only,,,,klarner_fallback
TX,2000,house,56,,,,,,,,,,,,,,,,,,,,,,0.0,35156.0,-100.0,,"averitt, kip",-1.0,right_only,,,,klarner_fallback
TX,2000,house,57,,,,,,,,,,,,,,,,,,,,,,25415.0,0.0,100.0,"dunnam, jim",,1.0,right_only,,,,klarner_fallback
TX,2000,house,58,,,,,,,,,,,,,,,,,,,,,,0.0,35399.0,-100.0,,"wohlgemuth, arlene",-1.0,right_only,,,,klarner_fallback
TX,2000,house,59,15561.0,18566.0,-8.80534474170012,David Lengefeld,Sid Miller,1.0,0.0,1.0,True,0.0,1.0,0.0,0.0,,,,Texas official returns normalized by the Texas project,external://texas-state-house-and-state-senate-model/data/processed/elections/sos_canonical_candidate_totals_1992_2018.csv,Texas Secretary of State candidate-total exports,Texas official/canonical candidate and full-history incumbency exports,source_observed,15561.0,18566.0,-8.80534474170012,"lengefeld, david","miller, sid",1.0,both,0.0,0.0,0.0,texas_official_upstream
TX,2000,house,60,,,,,,,,,,,,,,,,,,,,,,0.0,35395.0,-100.0,,"keffer, james l (jim)",-1.0,right_only,,,,klarner_fallback
TX,2000,house,61,,,,,,,,,,,,,,,,,,,,,,0.0,42150.0,-100.0,,"king, phil",-1.0,right_only,,,,klarner_fallback
TX,2000,house,62,,,,,,,,,,,,,,,,,,,,,,0.0,35073.0,-100.0,,"clark, ron",-1.0,right_only,,,,klarner_fallback
TX,2000,house,63,,,,,,,,,,,,,,,,,,,,,,0.0,51103.0,-100.0,,"denny, mary",-1.0,right_only,,,,klarner_fallback
TX,2000,house,64,,,,,,,,,,,,,,,,,,,,,,0.0,51681.0,-100.0,,"crownover, myra",0.0,right_only,,,,klarner_fallback
TX,2000,house,65,,,,,,,,,,,,,,,,,,,,,,0.0,34901.0,-100.0,,"solomons, burt",-1.0,right_only,,,,klarner_fallback
TX,2000,house,66,,,,,,,,,,,,,,,,,,,,,,0.0,59905.0,-100.0,,"mccall, brian",-1.0,right_only,,,,klarner_fallback
TX,2000,house,67,,,,,,,,,,,,,,,,,,,,,,0.0,52550.0,-100.0,,"madden, jerry a",-1.0,right_only,,,,klarner_fallback
TX,2000,house,68,17405.0,23978.0,-15.8833337360752,Betty Furr Richie,Rick Hardcastle,0.0,1.0,-1.0,True,0.0,1.0,0.0,0.0,,,,Texas official returns normalized by the Texas project,external://texas-state-house-and-state-senate-model/data/processed/elections/sos_canonical_candidate_totals_1992_2018.csv,Texas Secretary of State candidate-total exports,Texas official/canonical candidate and full-history incumbency exports,source_observed,17405.0,23978.0,-15.8833337360752,"richie, betty f","hardcastle, richard l (rick)",-1.0,both,0.0,0.0,0.0,texas_official_upstream
TX,2000,house,69,,,,,,,,,,,,,,,,,,,,,,26079.0,0.0,100.0,"farabee, david",,1.0,right_only,,,,klarner_fallback
TX,2000,house,70,,,,,,,,,,,,,,,,,,,,,,26189.0,0.0,100.0,"counts, david",,1.0,right_only,,,,klarner_fallback
TX,2000,house,71,,,,,,,,,,,,,,,,,,,,,,0.0,32285.0,-100.0,,"hunter, bob",-1.0,right_only,,,,klarner_fallback
TX,2000,house,72,28608.0,10243.0,47.27034053177525,Robert A. Junell,Betsy Johnson,1.0,0.0,1.0,True,1.0,0.0,0.0,0.0,,,,Texas official returns normalized by the Texas project,external://texas-state-house-and-state-senate-model/data/processed/elections/sos_canonical_candidate_totals_1992_2018.csv,Texas Secretary of State candidate-total exports,Texas official/canonical candidate and full-history incumbency exports,source_observed,28608.0,10243.0,47.27034053177525,"junell, robert","johnson, betsy",1.0,both,0.0,0.0,0.0,texas_official_upstream
TX,2000,house,73,26843.0,22503.0,8.79503911157946,Robert (Bob) Turner,Steve Fryar,1.0,0.0,1.0,True,1.0,0.0,0.0,0.0,,,,Texas official returns normalized by the Texas project,external://texas-state-house-and-state-senate-model/data/processed/elections/sos_canonical_candidate_totals_1992_2018.csv,Texas Secretary of State candidate-total exports,Texas official/canonical candidate and full-history incumbency exports,source_observed,26843.0,22503.0,8.79503911157946,"turner, robert r","fryar, steve",1.0,both,0.0,0.0,0.0,texas_official_upstream
TX,2000,house,74,,,,,,,,,,,,,,,,,,,,,,26019.0,0.0,100.0,"gallego, pete p",,1.0,right_only,,,,klarner_fallback
TX,2000,house,75,,,,,,,,,,,,,,,,,,,,,,21528.0,0.0,100.0,"najera, manny",,1.0,right_only,,,,klarner_fallback
TX,2000,house,76,,,,,,,,,,,,,,,,,,,,,,22335.0,0.0,100.0,"chavez, norma",,1.0,right_only,,,,klarner_fallback
TX,2000,house,77,,,,,,,,,,,,,,,,,,,,,,16213.0,0.0,100.0,"moreno, paul",,1.0,right_only,,,,klarner_fallback
TX,2000,house,78,,,,,,,,,,,,,,,,,,,,,,0.0,28409.0,-100.0,,"haggerty, patrick (pat)",-1.0,right_only,,,,klarner_fallback
TX,2000,house,79,,,,,,,,,,,,,,,,,,,,,,22322.0,0.0,100.0,"pickett, joseph c (joe)",,1.0,right_only,,,,klarner_fallback
TX,2000,house,80,,,,,,,,,,,,,,,,,,,,,,0.0,23728.0,-100.0,,"walker, gary l",-1.0,right_only,,,,klarner_fallback
TX,2000,house,81,,,,,,,,,,,,,,,,,,,,,,0.0,25933.0,-100.0,,"west, g e (buddy)",-1.0,right_only,,,,klarner_fallback
TX,2000,house,82,8798.0,31717.0,-56.56917191163767,Gilberto M. Garcia,Tom Craddick,0.0,1.0,-1.0,True,0.0,1.0,0.0,0.0,,,,Texas official returns normalized by the Texas project,external://texas-state-house-and-state-senate-model/data/processed/elections/sos_canonical_candidate_totals_1992_2018.csv,Texas Secretary of State candidate-total exports,Texas official/canonical candidate and full-history incumbency exports,source_observed,8798.0,31717.0,-56.56917191163767,"garcia, gilberto m","craddick, tom",-1.0,both,0.0,0.0,0.0,texas_official_upstream
TX,2000,house,83,,,,,,,,,,,,,,,,,,,,,,0.0,19532.0,-100.0,,"jones, delwin",-1.0,right_only,,,,klarner_fallback
TX,2000,house,84,,,,,,,,,,,,,,,,,,,,,,0.0,37135.0,-100.0,,"isett, carl h",-1.0,right_only,,,,klarner_fallback
TX,2000,house,85,,,,,,,,,,,,,,,,,,,,,,22939.0,0.0,100.0,"laney, james (petep)",,1.0,right_only,,,,klarner_fallback
TX,2000,house,86,,,,,,,,,,,,,,,,,,,,,,0.0,40989.0,-100.0,,"smithee, john",-1.0,right_only,,,,klarner_fallback
TX,2000,house,87,,,,,,,,,,,,,,,,,,,,,,0.0,23856.0,-100.0,,"swinford, david",-1.0,right_only,,,,klarner_fallback
TX,2000,house,88,,,,,,,,,,,,,,,,,,,,,,0.0,33339.0,-100.0,,"chisum, warren",-1.0,right_only,,,,klarner_fallback
TX,2000,house,89,14077.0,23548.0,-25.172093023255815,Nathan Schattman,Charlie Geren,0.0,0.0,0.0,True,0.0,1.0,0.0,0.0,,,,Texas official returns normalized by the Texas project,external://texas-state-house-and-state-senate-model/data/processed/elections/sos_canonical_candidate_totals_1992_2018.csv,Texas Secretary of State candidate-total exports,Texas official/canonical candidate and full-history incumbency exports,source_observed,14077.0,23548.0,-25.172093023255815,"schattman, nathan","geren, charlie",0.0,both,0.0,0.0,0.0,texas_official_upstream
TX,2000,house,90,,,,,,,,,,,,,,,,,,,,,,15531.0,0.0,100.0,"burnam, lon",,1.0,right_only,,,,klarner_fallback
TX,2000,house,91,,,,,,,,,,,,,,,,,,,,,,0.0,36186.0,-100.0,,"carter, bill g 2",-1.0,right_only,,,,klarner_fallback
TX,2000,house,92,,,,,,,,,,,,,,,,,,,,,,0.0,35192.0,-100.0,,"smith, todd",-1.0,right_only,,,,klarner_fallback
TX,2000,house,93,,,,,,,,,,,,,,,,,,,,,,0.0,24833.0,-100.0,,"goodman, toby",-1.0,right_only,,,,klarner_fallback
TX,2000,house,94,,,,,,,,,,,,,,,,,,,,,,0.0,35792.0,-100.0,,"grusendorf, kent",-1.0,right_only,,,,klarner_fallback
TX,2000,house,95,,,,,,,,,,,,,,,,,,,,,,28851.0,0.0,100.0,"lewis, glenn o",,1.0,right_only,,,,klarner_fallback
TX,2000,house,96,,,,,,,,,,,,,,,,,,,,,,0.0,39604.0,-100.0,,"brimer, kenneth (kim)",-1.0,right_only,,,,klarner_fallback
TX,2000,house,97,,,,,,,,,,,,,,,,,,,,,,0.0,41799.0,-100.0,,"mowery, anna",-1.0,right_only,,,,klarner_fallback
TX,2000,house,98,15702.0,47045.0,-49.951392098427014,Gene Mitchell,Vicki Truitt,0.0,1.0,-1.0,True,0.0,1.0,0.0,0.0,,,,Texas official returns normalized by the Texas project,external://texas-state-house-and-state-senate-model/data/processed/elections/sos_canonical_candidate_totals_1992_2018.csv,Texas Secretary of State candidate-total exports,Texas official/canonical candidate and full-history incumbency exports,source_observed,15702.0,47045.0,-49.951392098427014,"mitchell, gene","truitt, vicki",-1.0,both,0.0,0.0,0.0,texas_official_upstream
TX,2000,house,99,,,,,,,,,,,,,,,,,,,,,,0.0,37713.0,-100.0,,"marchant, ken",-1.0,right_only,,,,klarner_fallback
TX,2000,house,100,,,,,,,,,,,,,,,,,,,,,,19907.0,0.0,100.0,"hodge, terri",,1.0,right_only,,,,klarner_fallback
TX,2000,house,101,16675.0,23410.0,-16.801796183110888,Bruce Archer,Elvira Reyna,0.0,1.0,-1.0,True,0.0,1.0,0.0,0.0,,,,Texas official returns normalized by the Texas project,external://texas-state-house-and-state-senate-model/data/processed/elections/sos_canonical_candidate_totals_1992_2018.csv,Texas Secretary of State candidate-total exports,Texas official/canonical candidate and full-history incumbency exports,source_observed,16675.0,23410.0,-16.801796183110888,"archer, bruce","reyna, elvira",-1.0,both,0.0,0.0,0.0,texas_official_upstream
TX,2000,house,102,14360.0,26418.0,-29.569866104271913,Vanessa Lewis,Tony Goolsby,0.0,1.0,-1.0,True,0.0,1.0,0.0,0.0,,,,Texas official returns normalized by the Texas project,external://texas-state-house-and-state-senate-model/data/processed/elections/sos_canonical_candidate_totals_1992_2018.csv,Texas Secretary of State candidate-total exports,Texas official/canonical candidate and full-history incumbency exports,source_observed,14360.0,26418.0,-29.569866104271913,"lewis, vanessa","goolsby, tony",-1.0,both,0.0,0.0,0.0,texas_official_upstream
TX,2000,house,103,,,,,,,,,,,,,,,,,,,,,,14156.0,0.0,100.0,"wolens, steven (steve)",,1.0,right_only,,,,klarner_fallback
TX,2000,house,104,10864.0,4064.0,45.551982851018224,Domingo Garcia,Monty Ousley Weddell,1.0,0.0,1.0,True,1.0,0.0,0.0,0.0,,,,Texas official returns normalized by the Texas project,external://texas-state-house-and-state-senate-model/data/processed/elections/sos_canonical_candidate_totals_1992_2018.csv,Texas Secretary of State candidate-total exports,Texas official/canonical candidate and full-history incumbency exports,source_observed,10864.0,4064.0,45.551982851018224,"garcia, domingo","weddell, monty o",1.0,both,0.0,0.0,0.0,texas_official_upstream
TX,2000,house,105,16576.0,9470.0,27.282500191968058,Dale Tillery,Tony Aguilar,1.0,0.0,1.0,True,1.0,0.0,0.0,0.0,,,,Texas official returns normalized by the Texas project,external://texas-state-house-and-state-senate-model/data/processed/elections/sos_canonical_candidate_totals_1992_2018.csv,Texas Secretary of State candidate-total exports,Texas official/canonical candidate and full-history incumbency exports,source_observed,16576.0,9470.0,27.282500191968058,"tillery, dale b","aguilar, tony",1.0,both,0.0,0.0,0.0,texas_official_upstream
TX,2000,house,106,14631.0,20356.0,-16.3632206248035,David Gutierrez,Ray Allen,0.0,1.0,-1.0,True,0.0,1.0,0.0,0.0,,,,Texas official returns normalized by the Texas project,external://texas-state-house-and-state-senate-model/data/processed/elections/sos_canonical_candidate_totals_1992_2018.csv,Texas Secretary of State candidate-total exports,Texas official/canonical candidate and full-history incumbency exports,source_observed,14631.0,20356.0,-16.3632206248035,"gutierrez, j david","allen, ray",-1.0,both,0.0,0.0,0.0,texas_official_upstream
TX,2000,house,107,18511.0,12645.0,18.827834125048145,Harryette Ehrhardt,Ron Walenta,1.0,0.0,1.0,True,1.0,0.0,0.0,0.0,,,,Texas official returns normalized by the Texas project,external://texas-state-house-and-state-senate-model/data/processed/elections/sos_canonical_candidate_totals_1992_2018.csv,Texas Secretary of State candidate-total exports,Texas official/canonical candidate and full-history incumbency exports,source_observed,18511.0,12645.0,18.827834125048145,"ehrhardt, harryette b","walenta, ron",1.0,both,0.0,0.0,0.0,texas_official_upstream
TX,2000,house,108,,,,,,,,,,,,,,,,,,,,,,0.0,40295.0,-100.0,,"george, kenn s",-1.0,right_only,,,,klarner_fallback
TX,2000,house,109,,,,,,,,,,,,,,,,,,,,,,27569.0,0.0,100.0,"giddings, helen",,1.0,right_only,,,,klarner_fallback
TX,2000,house,110,,,,,,,,,,,,,,,,,,,,,,30283.0,0.0,100.0,"jones, jesse",,1.0,right_only,,,,klarner_fallback
TX,2000,house,111,,,,,,,,,,,,,,,,,,,,,,28982.0,0.0,100.0,"davis, yvonne",,1.0,right_only,,,,klarner_fallback
TX,2000,house,112,,,,,,,,,,,,,,,,,,,,,,0.0,28535.0,-100.0,,"hill, fred",-1.0,right_only,,,,klarner_fallback
TX,2000,house,113,,,,,,,,,,,,,,,,,,,,,,0.0,32474.0,-100.0,,"driver, joe",-1.0,right_only,,,,klarner_fallback
TX,2000,house,114,13702.0,29153.0,-36.05413604013534,Mike Moore,Will Hartnett,0.0,1.0,-1.0,True,0.0,1.0,0.0,0.0,,,,Texas official returns normalized by the Texas project,external://texas-state-house-and-state-senate-model/data/processed/elections/sos_canonical_candidate_totals_1992_2018.csv,Texas Secretary of State candidate-total exports,Texas official/canonical candidate and full-history incumbency exports,source_observed,13702.0,29153.0,-36.05413604013534,"moore, mike","hartnett, will",-1.0,both,0.0,0.0,0.0,texas_official_upstream
TX,2000,house,115,,,,,,,,,,,,,,,,,,,,,,18773.0,0.0,100.0,"villarreal, mike",,0.0,right_only,,,,klarner_fallback
TX,2000,house,116,,,,,,,,,,,,,,,,,,,,,,20350.0,0.0,100.0,"martinezfischer, trey",,0.0,right_only,,,,klarner_fallback
TX,2000,house,117,,,,,,,,,,,,,,,,,,,,,,16490.0,0.0,100.0,"longoria, john a",,1.0,right_only,,,,klarner_fallback
TX,2000,house,118,,,,,,,,,,,,,,,,,,,,,,19748.0,0.0,100.0,"uresti, carlos i (charlie)",,1.0,right_only,,,,klarner_fallback
TX,2000,house,119,,,,,,,,,,,,,,,,,,,,,,22773.0,0.0,100.0,"puente, robert r",,1.0,right_only,,,,klarner_fallback
TX,2000,house,120,,,,,,,,,,,,,,,,,,,,,,20178.0,0.0,100.0,"mcclendon, ruth j",,1.0,right_only,,,,klarner_fallback
TX,2000,house,121,12927.0,30756.0,-40.814504498317426,Michael G. Zapper,Elizabeth Ames Jones,0.0,1.0,-1.0,True,0.0,1.0,0.0,0.0,,,,Texas official returns normalized by the Texas project,external://texas-state-house-and-state-senate-model/data/processed/elections/sos_canonical_candidate_totals_1992_2018.csv,Texas Secretary of State candidate-total exports,Texas official/canonical candidate and full-history incumbency exports,source_observed,12927.0,30756.0,-40.814504498317426,"zapper, michael g","jones, elizabeth a",0.0,both,0.0,0.0,0.0,texas_official_upstream
TX,2000,house,122,,,,,,,,,,,,,,,,,,,,,,0.0,50427.0,-100.0,,"shields, john h",-1.0,right_only,,,,klarner_fallback
TX,2000,house,123,,,,,,,,,,,,,,,,,,,,,,0.0,43487.0,-100.0,,"corte, frank j, jr",-1.0,right_only,,,,klarner_fallback
TX,2000,house,124,,,,,,,,,,,,,,,,,,,,,,26413.0,0.0,100.0,"menendez, jose",,0.0,right_only,,,,klarner_fallback
TX,2000,house,125,18947.0,12906.0,18.96524660157599,"Arthur ""Art"" Reyna",Chris George,1.0,0.0,1.0,True,1.0,0.0,0.0,0.0,,,,Texas official returns normalized by the Texas project,external://texas-state-house-and-state-senate-model/data/processed/elections/sos_canonical_candidate_totals_1992_2018.csv,Texas Secretary of State candidate-total exports,Texas official/canonical candidate and full-history incumbency exports,source_observed,18947.0,12906.0,18.96524660157599,"reyna, arthur","george, chris",1.0,both,0.0,0.0,0.0,texas_official_upstream
TX,2000,house,126,,,,,,,,,,,,,,,,,,,,,,0.0,43867.0,-100.0,,"hamric, peggy",-1.0,right_only,,,,klarner_fallback
TX,2000,house,127,,,,,,,,,,,,,,,,,,,,,,0.0,40478.0,-100.0,,"crabb, joe",-1.0,right_only,,,,klarner_fallback
TX,2000,house,128,,,,,,,,,,,,,,,,,,,,,,20369.0,0.0,100.0,"bosse, fred m",,1.0,right_only,,,,klarner_fallback
TX,2000,house,129,,,,,,,,,,,,,,,,,,,,,,0.0,38503.0,-100.0,,"davis, john e 2",-1.0,right_only,,,,klarner_fallback
TX,2000,house,130,15230.0,48223.0,-51.99596551778482,Fred Lundgren,Bill Callegari,0.0,0.0,0.0,True,0.0,1.0,0.0,0.0,,,,Texas official returns normalized by the Texas project,external://texas-state-house-and-state-senate-model/data/processed/elections/sos_canonical_candidate_totals_1992_2018.csv,Texas Secretary of State candidate-total exports,Texas official/canonical candidate and full-history incumbency exports,source_observed,15230.0,48223.0,-51.99596551778482,"lundgren, fred","callegari, bill",0.0,both,0.0,0.0,0.0,texas_official_upstream
TX,2000,house,131,,,,,,,,,,,,,,,,,,,,,,27360.0,0.0,100.0,"wilson, ron",,1.0,right_only,,,,klarner_fallback
TX,2000,house,132,,,,,,,,,,,,,,,,,,,,,,30755.0,0.0,100.0,"hochberg, scott",,1.0,right_only,,,,klarner_fallback
TX,2000,house,133,,,,,,,,,,,,,,,,,,,,,,0.0,35043.0,-100.0,,"nixon, joe",-1.0,right_only,,,,klarner_fallback
TX,2000,house,134,14494.0,20764.0,-17.78319813942935,Michael Skadden,Kyle Janek,0.0,1.0,-1.0,True,0.0,1.0,0.0,0.0,,,,Texas official returns normalized by the Texas project,external://texas-state-house-and-state-senate-model/data/processed/elections/sos_canonical_candidate_totals_1992_2018.csv,Texas Secretary of State candidate-total exports,Texas official/canonical candidate and full-history incumbency exports,source_observed,14494.0,20764.0,-17.78319813942935,"skadden, michael","janek, kyle",-1.0,both,0.0,0.0,0.0,texas_official_upstream
TX,2000,house,135,,,,,,,,,,,,,,,,,,,,,,0.0,40946.0,-100.0,,"elkins, gary",-1.0,right_only,,,,klarner_fallback
TX,2000,house,136,,,,,,,,,,,,,,,,,,,,,,0.0,38233.0,-100.0,,"woolley, beverly",-1.0,right_only,,,,klarner_fallback
TX,2000,house,137,19822.0,12075.0,24.287550553343575,Debra Danburg,"David ""Cub"" Cubberly",1.0,0.0,1.0,True,1.0,0.0,0.0,0.0,,,,Texas official returns normalized by the Texas project,external://texas-state-house-and-state-senate-model/data/processed/elections/sos_canonical_candidate_totals_1992_2018.csv,Texas Secretary of State candidate-total exports,Texas official/canonical candidate and full-history incumbency exports,source_observed,19822.0,12075.0,24.287550553343575,"danburg, deborah (debra)","cubberly, david (cub)",1.0,both,0.0,0.0,0.0,texas_official_upstream
TX,2000,house,138,18844.0,11360.0,24.778175076148855,Ken Yarbrough,Victoria Frayser,1.0,0.0,1.0,True,1.0,0.0,0.0,0.0,,,,Texas official returns normalized by the Texas project,external://texas-state-house-and-state-senate-model/data/processed/elections/sos_canonical_candidate_totals_1992_2018.csv,Texas Secretary of State candidate-total exports,Texas official/canonical candidate and full-history incumbency exports,source_observed,18844.0,11360.0,24.778175076148855,"yarbrough, ken","frayser, victoria",1.0,both,0.0,0.0,0.0,texas_official_upstream
TX,2000,house,139,,,,,,,,,,,,,,,,,,,,,,22642.0,0.0,100.0,"turner, sylvester",,1.0,right_only,,,,klarner_fallback
TX,2000,house,140,,,,,,,,,,,,,,,,,,,,,,13261.0,0.0,100.0,"bailey, kevin",,1.0,right_only,,,,klarner_fallback
TX,2000,house,141,,,,,,,,,,,,,,,,,,,,,,27737.0,0.0,100.0,"thompson, senfronia 1",,1.0,right_only,,,,klarner_fallback
TX,2000,house,142,,,,,,,,,,,,,,,,,,,,,,25464.0,0.0,100.0,"dutton, harold v, jr",,1.0,right_only,,,,klarner_fallback
TX,2000,house,143,12883.0,5773.0,38.11106346483705,Joe E. Moreno,"R. J. ""Reggie"" Gonzales",1.0,0.0,1.0,True,1.0,0.0,0.0,0.0,,,,Texas official returns normalized by the Texas project,external://texas-state-house-and-state-senate-model/data/processed/elections/sos_canonical_candidate_totals_1992_2018.csv,Texas Secretary of State candidate-total exports,Texas official/canonical candidate and full-history incumbency exports,source_observed,12883.0,5773.0,38.11106346483705,"moreno, joe e","gonzales, r j (reggie)",1.0,both,0.0,0.0,0.0,texas_official_upstream
TX,2000,house,144,11734.0,19281.0,-24.333387070772208,Donald Sepolio,Robert E. Talton,0.0,1.0,-1.0,True,0.0,1.0,0.0,0.0,,,,Texas official returns normalized by the Texas project,external://texas-state-house-and-state-senate-model/data/processed/elections/sos_canonical_candidate_totals_1992_2018.csv,Texas Secretary of State candidate-total exports,Texas official/canonical candidate and full-history incumbency exports,source_observed,11734.0,19281.0,-24.333387070772208,"sepolio, donald","talton, robert e",-1.0,both,0.0,0.0,0.0,texas_official_upstream
TX,2000,house,145,12158.0,4863.0,42.858821455848656,Richard (Rick) Noriega,Michael Bunch,1.0,0.0,1.0,True,1.0,0.0,0.0,0.0,,,,Texas official returns normalized by the Texas project,external://texas-state-house-and-state-senate-model/data/processed/elections/sos_canonical_candidate_totals_1992_2018.csv,Texas Secretary of State candidate-total exports,Texas official/canonical candidate and full-history incumbency exports,source_observed,12158.0,4863.0,42.858821455848656,"noriega, richard (rick)","bunch, michael",1.0,both,0.0,0.0,0.0,texas_official_upstream
TX,2000,house,146,,,,,,,,,,,,,,,,,,,,,,30459.0,0.0,100.0,"edwards, al",,1.0,right_only,,,,klarner_fallback
TX,2000,house,147,,,,,,,,,,,,,,,,,,,,,,21882.0,0.0,100.0,"coleman, garnet f",,1.0,right_only,,,,klarner_fallback
TX,2000,house,148,,,,,,,,,,,,,,,,,,,,,,15394.0,0.0,100.0,"farrar, jessica c",,1.0,right_only,,,,klarner_fallback
TX,2000,house,149,,,,,,,,,,,,,,,,,,,,,,0.0,22707.0,-100.0,,"heflin, talmadge",-1.0,right_only,,,,klarner_fallback
TX,2000,house,150,,,,,,,,,,,,,,,,,,,,,,0.0,38676.0,-100.0,,"hilbert, paul j",-1.0,right_only,,,,klarner_fallback
TX,2000,senate,2,100181.0,88212.0,6.353208452543353,David Cain,Bob Deuell,1.0,0.0,1.0,True,1.0,0.0,0.0,0.0,,,,Texas official returns normalized by the Texas project,external://texas-state-house-and-state-senate-model/data/processed/elections/sos_canonical_candidate_totals_1992_2018.csv,Texas Secretary of State candidate-total exports,Texas official/canonical candidate and full-history incumbency exports,source_observed,100181.0,88212.0,6.353208452543353,"cain, david","deuell, robert f",1.0,both,0.0,0.0,0.0,texas_official_upstream
TX,2000,senate,3,98976.0,152514.0,-21.28832160324466,David Fisher,Todd Staples,0.0,0.0,0.0,True,0.0,1.0,0.0,0.0,,,,Texas official returns normalized by the Texas project,external://texas-state-house-and-state-senate-model/data/processed/elections/sos_canonical_candidate_totals_1992_2018.csv,Texas Secretary of State candidate-total exports,Texas official/canonical candidate and full-history incumbency exports,source_observed,98976.0,152514.0,-21.28832160324466,"fisher, david","staples, todd",0.0,both,0.0,0.0,0.0,texas_official_upstream
TX,2000,senate,7,,,,,,,,,,,,,,,,,,,,,,0.0,219835.0,-100.0,,"lindsay, jon",-1.0,right_only,,,,klarner_fallback
TX,2000,senate,8,,,,,,,,,,,,,,,,,,,,,,0.0,225369.0,-100.0,,"shapiro, florence",-1.0,right_only,,,,klarner_fallback
TX,2000,senate,9,,,,,,,,,,,,,,,,,,,,,,0.0,207079.0,-100.0,,"nelson, jane",-1.0,right_only,,,,klarner_fallback
TX,2000,senate,10,,,,,,,,,,,,,,,,,,,,,,0.0,187302.0,-100.0,,"harris, chris",-1.0,right_only,,,,klarner_fallback
TX,2000,senate,12,108349.0,61846.0,27.32336437615676,Mike Moncrief,George Host,1.0,0.0,1.0,True,1.0,0.0,0.0,0.0,,,,Texas official returns normalized by the Texas project,external://texas-state-house-and-state-senate-model/data/processed/elections/sos_canonical_candidate_totals_1992_2018.csv,Texas Secretary of State candidate-total exports,Texas official/canonical candidate and full-history incumbency exports,source_observed,108349.0,61846.0,27.32336437615676,"moncrief, mike","host, george",1.0,both,0.0,0.0,0.0,texas_official_upstream
TX,2000,senate,14,,,,,,,,,,,,,,,,,,,,,,185478.0,0.0,100.0,"barrientos, gonzalo",,1.0,right_only,,,,klarner_fallback
TX,2000,senate,15,95826.0,51465.0,30.117929812412164,John Whitmire,Warren A. Lawless,1.0,0.0,1.0,True,1.0,0.0,0.0,0.0,,,,Texas official returns normalized by the Texas project,external://texas-state-house-and-state-senate-model/data/processed/elections/sos_canonical_candidate_totals_1992_2018.csv,Texas Secretary of State candidate-total exports,Texas official/canonical candidate and full-history incumbency exports,source_observed,95826.0,51465.0,30.117929812412164,"whitmire, john","lawless, warren a",1.0,both,0.0,0.0,0.0,texas_official_upstream
TX,2000,senate,21,106089.0,53547.0,32.91362850484853,Judith Zaffirini,David Swift,1.0,0.0,1.0,True,1.0,0.0,0.0,0.0,,,,Texas official returns normalized by the Texas project,external://texas-state-house-and-state-senate-model/data/processed/elections/sos_canonical_candidate_totals_1992_2018.csv,Texas Secretary of State candidate-total exports,Texas official/canonical candidate and full-history incumbency exports,source_observed,106089.0,53547.0,32.91362850484853,"zaffirini, judith","swift, david",1.0,both,0.0,0.0,0.0,texas_official_upstream
TX,2000,senate,24,,,,,,,,,,,,,,,,,,,,,,0.0,130913.0,-100.0,,"fraser, troy",-1.0,right_only,,,,klarner_fallback
TX,2000,senate,25,,,,,,,,,,,,,,,,,,,,,,0.0,283857.0,-100.0,,"wentworth, jeffrey (jeff)",-1.0,right_only,,,,klarner_fallback
TX,2000,senate,26,,,,,,,,,,,,,,,,,,,,,,105771.0,0.0,100.0,"vandeputte, leticia",,0.0,right_only,,,,klarner_fallback
TX,2000,senate,27,,,,,,,,,,,,,,,,,,,,,,94042.0,0.0,100.0,"lucio, eddie, jr 1",,1.0,right_only,,,,klarner_fallback
TX,2000,senate,29,,,,,,,,,,,,,,,,,,,,,,101045.0,0.0,100.0,"shapleigh, eliot",,1.0,right_only,,,,klarner_fallback
TX,2002,house,1,20627.0,12615.0,24.102039588472415,Barry B. Telford,Dan Teafatiller,1.0,0.0,1.0,True,1.0,0.0,0.0,0.0,,,,Texas official returns normalized by the Texas project,external://texas-state-house-and-state-senate-model/data/processed/elections/sos_canonical_candidate_totals_1992_2018.csv,Texas Secretary of State candidate-total exports,Texas official/canonical candidate and full-history incumbency exports,source_observed,20627.0,12615.0,24.102039588472415,"telford, barry b","teafatiller, dan",1.0,both,0.0,0.0,0.0,texas_official_upstream
TX,2002,house,2,13384.0,18872.0,-17.01388888888889,Danny Duncan,Dan Flynn,0.0,0.0,0.0,True,0.0,1.0,0.0,0.0,,,,Texas official returns normalized by the Texas project,external://texas-state-house-and-state-senate-model/data/processed/elections/sos_canonical_candidate_totals_1992_2018.csv,Texas Secretary of State candidate-total exports,Texas official/canonical candidate and full-history incumbency exports,source_observed,13384.0,18872.0,-17.01388888888889,"duncan, danny","flynn, dan",0.0,both,0.0,0.0,0.0,texas_official_upstream
TX,2002,house,3,,,,,,,,,,,,,,,,,,,,,,21153.0,0.0,100.0,"homer, mark",,1.0,right_only,,,,klarner_fallback
TX,2002,house,4,15058.0,22313.0,-19.41344893098927,Mike Head,Betty Brown,0.0,1.0,-1.0,True,0.0,1.0,0.0,0.0,,,,Texas official returns normalized by the Texas project,external://texas-state-house-and-state-senate-model/data/processed/elections/sos_canonical_candidate_totals_1992_2018.csv,Texas Secretary of State candidate-total exports,Texas official/canonical candidate and full-history incumbency exports,source_observed,15058.0,22313.0,-19.41344893098927,"head, mike","brown, betty",-1.0,both,0.0,0.0,0.0,texas_official_upstream
TX,2002,house,5,18451.0,20286.0,-4.737073082582544,Bob Glaze,Bryan Hughes,1.0,0.0,1.0,True,0.0,1.0,0.0,0.0,,,,Texas official returns normalized by the Texas project,external://texas-state-house-and-state-senate-model/data/processed/elections/sos_canonical_candidate_totals_1992_2018.csv,Texas Secretary of State candidate-total exports,Texas official/canonical candidate and full-history incumbency exports,source_observed,18451.0,20286.0,-4.737073082582544,"glaze, bob","hughes, bryan",1.0,both,0.0,0.0,0.0,texas_official_upstream
TX,2002,house,6,,,,,,,,,,,,,,,,,,,,,,0.0,27729.0,-100.0,,"berman, leo",-1.0,right_only,,,,klarner_fallback
TX,2002,house,7,,,,,,,,,,,,,,,,,,,,,,0.0,26265.0,-100.0,,"merritt, tommy",-1.0,right_only,,,,klarner_fallback
TX,2002,house,8,14126.0,17411.0,-10.416336366807242,George M. Robinson,Byron Cook,0.0,0.0,0.0,True,0.0,1.0,0.0,0.0,,,,Texas official returns normalized by the Texas project,external://texas-state-house-and-state-senate-model/data/processed/elections/sos_canonical_candidate_totals_1992_2018.csv,Texas Secretary of State candidate-total exports,Texas official/canonical candidate and full-history incumbency exports,source_observed,14126.0,17411.0,-10.416336366807242,"robinson, george m","cook, byron",0.0,both,0.0,0.0,0.0,texas_official_upstream
TX,2002,house,9,14651.0,17823.0,-9.767814251401122,Robin L. Moore,Wayne Christian,0.0,1.0,-1.0,True,0.0,1.0,0.0,0.0,,,,Texas official returns normalized by the Texas project,external://texas-state-house-and-state-senate-model/data/processed/elections/sos_canonical_candidate_totals_1992_2018.csv,Texas Secretary of State candidate-total exports,Texas official/canonical candidate and full-history incumbency exports,source_observed,14651.0,17823.0,-9.767814251401122,"moore, robin l","christian, wayne",-1.0,both,0.0,0.0,0.0,texas_official_upstream
TX,2002,house,10,,,,,,,,,,,,,,,,,,,,,,0.0,28072.0,-100.0,,"pitts, james r (jim)",-1.0,right_only,,,,klarner_fallback
TX,2002,house,11,,,,,,,,,,,,,,,,,,,,,,21161.0,0.0,100.0,"hopson, chuck",,1.0,right_only,,,,klarner_fallback
TX,2002,house,12,20053.0,12740.0,22.300490958436253,Jim McReynolds,Dale Ingle,1.0,0.0,1.0,True,1.0,0.0,0.0,0.0,,,,Texas official returns normalized by the Texas project,external://texas-state-house-and-state-senate-model/data/processed/elections/sos_canonical_candidate_totals_1992_2018.csv,Texas Secretary of State candidate-total exports,Texas official/canonical candidate and full-history incumbency exports,source_observed,20053.0,12740.0,22.300490958436253,"mcreynolds, jim","ingle, dale",1.0,both,0.0,0.0,0.0,texas_official_upstream
TX,2002,house,13,,,,,,,,,,,,,,,,,,,,,,0.0,24161.0,-100.0,,"kolkhorst, lois w",-1.0,right_only,,,,klarner_fallback
TX,2002,house,14,,,,,,,,,,,,,,,,,,,,,,0.0,20951.0,-100.0,,"brown, fred",-1.0,right_only,,,,klarner_fallback
TX,2002,house,15,,,,,,,,,,,,,,,,,,,,,,0.0,33108.0,-100.0,,"eissler, rob",0.0,right_only,,,,klarner_fallback
TX,2002,house,16,,,,,,,,,,,,,,,,,,,,,,0.0,24514.0,-100.0,,"hope, ruben w, jr",-1.0,right_only,,,,klarner_fallback
TX,2002,house,17,21630.0,16022.0,14.894295123765005,Robby Cook,Jean Killgore,1.0,0.0,1.0,True,1.0,0.0,0.0,0.0,,,,Texas official returns normalized by the Texas project,external://texas-state-house-and-state-senate-model/data/processed/elections/sos_canonical_candidate_totals_1992_2018.csv,Texas Secretary of State candidate-total exports,Texas official/canonical candidate and full-history incumbency exports,source_observed,21630.0,16022.0,14.894295123765005,"cook, robert l (robby)","killgore, jean",1.0,both,0.0,0.0,0.0,texas_official_upstream
TX,2002,house,18,14705.0,13013.0,6.1043365322173315,Dan Ellis,Eddie Shauberger,1.0,0.0,1.0,True,1.0,0.0,0.0,0.0,,,,Texas official returns normalized by the Texas project,external://texas-state-house-and-state-senate-model/data/processed/elections/sos_canonical_candidate_totals_1992_2018.csv,Texas Secretary of State candidate-total exports,Texas official/canonical candidate and full-history incumbency exports,source_observed,14705.0,13013.0,6.1043365322173315,"ellis, dan","shauberger, eddie",1.0,both,0.0,0.0,0.0,texas_official_upstream
TX,2002,house,19,12846.0,15971.0,-10.844293299094284,Paul D. Clayton,"Mike ""Tuffy"" Hamilton",0.0,0.0,0.0,True,0.0,1.0,0.0,0.0,,,,Texas official returns normalized by the Texas project,external://texas-state-house-and-state-senate-model/data/processed/elections/sos_canonical_candidate_totals_1992_2018.csv,Texas Secretary of State candidate-total exports,Texas official/canonical candidate and full-history incumbency exports,source_observed,12846.0,15971.0,-10.844293299094284,"clayton, paul d","hamilton, mike (tuffy)",0.0,both,0.0,0.0,0.0,texas_official_upstream
TX,2002,house,20,,,,,,,,,,,,,,,,,,,,,,0.0,34736.0,-100.0,,"gattis, dan m",0.0,right_only,,,,klarner_fallback
TX,2002,house,21,23108.0,10032.0,39.456849728424864,Allan B. Ritter,Rife Scott Kimler,1.0,0.0,1.0,True,1.0,0.0,0.0,0.0,,,,Texas official returns normalized by the Texas project,external://texas-state-house-and-state-senate-model/data/processed/elections/sos_canonical_candidate_totals_1992_2018.csv,Texas Secretary of State candidate-total exports,Texas official/canonical candidate and full-history incumbency exports,source_observed,23108.0,10032.0,39.456849728424864,"ritter, allan b","kimler, rife s",1.0,both,0.0,0.0,0.0,texas_official_upstream
TX,2002,house,22,,,,,,,,,,,,,,,,,,,,,,20218.0,0.0,100.0,"deshotel, joseph (joe)",,1.0,right_only,,,,klarner_fallback
TX,2002,house,23,,,,,,,,,,,,,,,,,,,,,,23267.0,0.0,100.0,"eiland, craig",,1.0,right_only,,,,klarner_fallback
TX,2002,house,24,14746.0,20673.0,-16.733956351110987,Tony Buzbee,Larry Taylor,0.0,0.0,0.0,True,0.0,1.0,0.0,0.0,,,,Texas official returns normalized by the Texas project,external://texas-state-house-and-state-senate-model/data/processed/elections/sos_canonical_candidate_totals_1992_2018.csv,Texas Secretary of State candidate-total exports,Texas official/canonical candidate and full-history incumbency exports,source_observed,14746.0,20673.0,-16.733956351110987,"buzbee, tony","taylor, larry",0.0,both,0.0,0.0,0.0,texas_official_upstream
TX,2002,house,25,8592.0,19148.0,-38.05335255948089,Rick Ertell,Dennis Bonnen,0.0,1.0,-1.0,True,0.0,1.0,0.0,0.0,,,,Texas official returns normalized by the Texas project,external://texas-state-house-and-state-senate-model/data/processed/elections/sos_canonical_candidate_totals_1992_2018.csv,Texas Secretary of State candidate-total exports,Texas official/canonical candidate and full-history incumbency exports,source_observed,8592.0,19148.0,-38.05335255948089,"ertell, rick","bonnen, dennis",-1.0,both,0.0,0.0,0.0,texas_official_upstream
TX,2002,house,26,,,,,,,,,,,,,,,,,,,,,,0.0,26994.0,-100.0,,"howard, charlie",-1.0,right_only,,,,klarner_fallback
TX,2002,house,27,20200.0,12034.0,25.333498790097412,Dora Olivo,Mark A. Rubal,1.0,0.0,1.0,True,1.0,0.0,0.0,0.0,,,,Texas official returns normalized by the Texas project,external://texas-state-house-and-state-senate-model/data/processed/elections/sos_canonical_candidate_totals_1992_2018.csv,Texas Secretary of State candidate-total exports,Texas official/canonical candidate and full-history incumbency exports,source_observed,20200.0,12034.0,25.333498790097412,"olivo, dora","rubal, mark a",1.0,both,0.0,0.0,0.0,texas_official_upstream
TX,2002,house,28,,,,,,,,,,,,,,,,,,,,,,0.0,25225.0,-100.0,,"hegar, glenn",0.0,right_only,,,,klarner_fallback
TX,2002,house,29,13897.0,18728.0,-14.807662835249042,D.R. (Tom) Uher,Glenda Dawson,1.0,0.0,1.0,True,0.0,1.0,0.0,0.0,,,,Texas official returns normalized by the Texas project,external://texas-state-house-and-state-senate-model/data/processed/elections/sos_canonical_candidate_totals_1992_2018.csv,Texas Secretary of State candidate-total exports,Texas official/canonical candidate and full-history incumbency exports,source_observed,13897.0,18728.0,-14.807662835249042,"uher, d r (tom)","dawson, glenda",1.0,both,0.0,0.0,0.0,texas_official_upstream
TX,2002,house,30,,,,,,,,,,,,,,,,,,,,,,0.0,24205.0,-100.0,,"morrison, geanie w",-1.0,right_only,,,,klarner_fallback
TX,2002,house,31,,,,,,,,,,,,,,,,,,,,,,16665.0,0.0,100.0,"guillen, ryan",,0.0,right_only,,,,klarner_fallback
TX,2002,house,32,16548.0,18930.0,-6.714019956029088,Josephine W. Miller,Gene Seaman,0.0,1.0,-1.0,True,0.0,1.0,0.0,0.0,,,,Texas official returns normalized by the Texas project,external://texas-state-house-and-state-senate-model/data/processed/elections/sos_canonical_candidate_totals_1992_2018.csv,Texas Secretary of State candidate-total exports,Texas official/canonical candidate and full-history incumbency exports,source_observed,16548.0,18930.0,-6.714019956029088,"miller, josephine w","seaman, gene",-1.0,both,0.0,0.0,0.0,texas_official_upstream
TX,2002,house,33,18930.0,9545.0,32.95873573309921,Vilma Luna,Lauro Cuellar,1.0,0.0,1.0,True,1.0,0.0,0.0,0.0,,,,Texas official returns normalized by the Texas project,external://texas-state-house-and-state-senate-model/data/processed/elections/sos_canonical_candidate_totals_1992_2018.csv,Texas Secretary of State candidate-total exports,Texas official/canonical candidate and full-history incumbency exports,source_observed,18930.0,9545.0,32.95873573309921,"luna, vilma","cuellar, lauro",1.0,both,0.0,0.0,0.0,texas_official_upstream
TX,2002,house,34,15379.0,13211.0,7.5830710038474995,Jaime Capelo,Robert Pate,1.0,0.0,1.0,True,1.0,0.0,0.0,0.0,,,,Texas official returns normalized by the Texas project,external://texas-state-house-and-state-senate-model/data/processed/elections/sos_canonical_candidate_totals_1992_2018.csv,Texas Secretary of State candidate-total exports,Texas official/canonical candidate and full-history incumbency exports,source_observed,15379.0,13211.0,7.5830710038474995,"capelo, jaime l, jr","pate, robert",1.0,both,0.0,0.0,0.0,texas_official_upstream
TX,2002,house,35,17040.0,15522.0,4.661875806154413,Gabi Canales,Clark Welder,0.0,0.0,0.0,True,1.0,0.0,0.0,0.0,,,,Texas official returns normalized by the Texas project,external://texas-state-house-and-state-senate-model/data/processed/elections/sos_canonical_candidate_totals_1992_2018.csv,Texas Secretary of State candidate-total exports,Texas official/canonical candidate and full-history incumbency exports,source_observed,17040.0,15522.0,4.661875806154413,"canales, gabi","welder, clark",0.0,both,0.0,0.0,0.0,texas_official_upstream
TX,2002,house,36,,,,,,,,,,,,,,,,,,,,,,13606.0,0.0,100.0,"flores, ismael (kino)",,1.0,right_only,,,,klarner_fallback
TX,2002,house,37,,,,,,,,,,,,,,,,,,,,,,11454.0,0.0,100.0,"oliveira, rene o",,1.0,right_only,,,,klarner_fallback
TX,2002,house,38,12922.0,6082.0,35.992422647863606,Jim Solis,Humberto Zamora,1.0,0.0,1.0,True,1.0,0.0,0.0,0.0,,,,Texas official returns normalized by the Texas project,external://texas-state-house-and-state-senate-model/data/processed/elections/sos_canonical_candidate_totals_1992_2018.csv,Texas Secretary of State candidate-total exports,Texas official/canonical candidate and full-history incumbency exports,source_observed,12922.0,6082.0,35.992422647863606,"solis, jim","zamora, humberto",1.0,both,0.0,0.0,0.0,texas_official_upstream
TX,2002,house,39,,,,,,,,,,,,,,,,,,,,,,11498.0,0.0,100.0,"wise, miguel",,1.0,right_only,,,,klarner_fallback
TX,2002,house,40,,,,,,,,,,,,,,,,,,,,,,10869.0,0.0,100.0,"pena, aaron",,0.0,right_only,,,,klarner_fallback
TX,2002,house,41,,,,,,,,,,,,,,,,,,,,,,10700.0,0.0,100.0,"gutierrez, roberto",,1.0,right_only,,,,klarner_fallback
TX,2002,house,42,,,,,,,,,,,,,,,,,,,,,,26961.0,0.0,100.0,"penaraymond, richard p",,0.0,right_only,,,,klarner_fallback
TX,2002,house,43,14940.0,9319.0,23.170781977822664,Irma Rangel,Ed Cyganiewicz,1.0,0.0,1.0,True,1.0,0.0,0.0,0.0,,,,Texas official returns normalized by the Texas project,external://texas-state-house-and-state-senate-model/data/processed/elections/sos_canonical_candidate_totals_1992_2018.csv,Texas Secretary of State candidate-total exports,Texas official/canonical candidate and full-history incumbency exports,source_observed,14940.0,9319.0,23.170781977822664,"rangel, irma","cyganiewicz, ed",1.0,both,0.0,0.0,0.0,texas_official_upstream
TX,2002,house,44,,,,,,,,,,,,,,,,,,,,,,0.0,25532.0,-100.0,,"kuempel, edmund",-1.0,right_only,,,,klarner_fallback
TX,2002,house,45,18633.0,18298.0,0.9070970187647234,Patrick M. Rose,Rick Green,0.0,1.0,-1.0,True,1.0,0.0,0.0,0.0,,,,Texas official returns normalized by the Texas project,external://texas-state-house-and-state-senate-model/data/processed/elections/sos_canonical_candidate_totals_1992_2018.csv,Texas Secretary of State candidate-total exports,Texas official/canonical candidate and full-history incumbency exports,source_observed,18633.0,18298.0,0.9070970187647234,"rose, patrick m","green, rick",-1.0,both,0.0,0.0,0.0,texas_official_upstream
TX,2002,house,46,,,,,,,,,,,,,,,,,,,,,,19253.0,0.0,100.0,"dukes, dawnna m",,1.0,right_only,,,,klarner_fallback
TX,2002,house,47,15524.0,30001.0,-31.800109829763866,Bill Martin,Terry Keel,0.0,1.0,-1.0,True,0.0,1.0,0.0,0.0,,,,Texas official returns normalized by the Texas project,external://texas-state-house-and-state-senate-model/data/processed/elections/sos_canonical_candidate_totals_1992_2018.csv,Texas Secretary of State candidate-total exports,Texas official/canonical candidate and full-history incumbency exports,source_observed,15524.0,30001.0,-31.800109829763866,"martin, bill","keel, terry",-1.0,both,0.0,0.0,0.0,texas_official_upstream
TX,2002,house,48,21928.0,25309.0,-7.15752482164405,Ann Kitchen,Todd Baxter,1.0,0.0,1.0,True,0.0,1.0,0.0,0.0,,,,Texas official returns normalized by the Texas project,external://texas-state-house-and-state-senate-model/data/processed/elections/sos_canonical_candidate_totals_1992_2018.csv,Texas Secretary of State candidate-total exports,Texas official/canonical candidate and full-history incumbency exports,source_observed,21928.0,25309.0,-7.15752482164405,"kitchen, ann","baxter, todd",1.0,both,0.0,0.0,0.0,texas_official_upstream
TX,2002,house,49,27384.0,9095.0,50.13569450916966,Elliott Naishtat,Andrew Pacetti,1.0,0.0,1.0,True,1.0,0.0,0.0,0.0,,,,Texas official returns normalized by the Texas project,external://texas-state-house-and-state-senate-model/data/processed/elections/sos_canonical_candidate_totals_1992_2018.csv,Texas Secretary of State candidate-total exports,Texas official/canonical candidate and full-history incumbency exports,source_observed,27384.0,9095.0,50.13569450916966,"naishtat, elliott","pacetti, andrew",1.0,both,0.0,0.0,0.0,texas_official_upstream
TX,2002,house,50,16029.0,21699.0,-15.028625954198473,James Sylvester,Jack Stick,0.0,0.0,0.0,True,0.0,1.0,0.0,0.0,,,,Texas official returns normalized by the Texas project,external://texas-state-house-and-state-senate-model/data/processed/elections/sos_canonical_candidate_totals_1992_2018.csv,Texas Secretary of State candidate-total exports,Texas official/canonical candidate and full-history incumbency exports,source_observed,16029.0,21699.0,-15.028625954198473,"sylvester, james","stick, jack",0.0,both,0.0,0.0,0.0,texas_official_upstream
TX,2002,house,51,,,,,,,,,,,,,,,,,,,,,,14389.0,0.0,100.0,"rodriguez, eddie",,0.0,right_only,,,,klarner_fallback
TX,2002,house,52,10979.0,22433.0,-34.28109661199569,Eric Freeman,Mike Krusee,0.0,1.0,-1.0,True,0.0,1.0,0.0,0.0,,,,Texas official returns normalized by the Texas project,external://texas-state-house-and-state-senate-model/data/processed/elections/sos_canonical_candidate_totals_1992_2018.csv,Texas Secretary of State candidate-total exports,Texas official/canonical candidate and full-history incumbency exports,source_observed,10979.0,22433.0,-34.28109661199569,"freeman, eric","krusee, michael (mike)",-1.0,both,0.0,0.0,0.0,texas_official_upstream
TX,2002,house,53,,,,,,,,,,,,,,,,,,,,,,0.0,31675.0,-100.0,,"hilderbran, harvey",-1.0,right_only,,,,klarner_fallback
TX,2002,house,54,,,,,,,,,,,,,,,,,,,,,,0.0,18812.0,-100.0,,"hupp, suzanna g",-1.0,right_only,,,,klarner_fallback
TX,2002,house,55,,,,,,,,,,,,,,,,,,,,,,0.0,23280.0,-100.0,,"delisi, dianne w",-1.0,right_only,,,,klarner_fallback
TX,2002,house,56,20104.0,18979.0,2.8784893687792645,John Mabry,Holt Getterman,0.0,0.0,0.0,True,1.0,0.0,0.0,0.0,,,,Texas official returns normalized by the Texas project,external://texas-state-house-and-state-senate-model/data/processed/elections/sos_canonical_candidate_totals_1992_2018.csv,Texas Secretary of State candidate-total exports,Texas official/canonical candidate and full-history incumbency exports,source_observed,20104.0,18979.0,2.8784893687792645,"mabry, john","getterman, holt",0.0,both,0.0,0.0,0.0,texas_official_upstream
TX,2002,house,57,17358.0,11478.0,20.39117769454848,Jim Dunnam,Jeffrey T. Hibbs,1.0,0.0,1.0,True,1.0,0.0,0.0,0.0,,,,Texas official returns normalized by the Texas project,external://texas-state-house-and-state-senate-model/data/processed/elections/sos_canonical_candidate_totals_1992_2018.csv,Texas Secretary of State candidate-total exports,Texas official/canonical candidate and full-history incumbency exports,source_observed,17358.0,11478.0,20.39117769454848,"dunnam, jim","hibbs, jeffrey t",1.0,both,0.0,0.0,0.0,texas_official_upstream
TX,2002,house,58,10285.0,22023.0,-36.33155874705955,Greg Kauffman,Arlene Wohlgemuth,0.0,1.0,-1.0,True,0.0,1.0,0.0,0.0,,,,Texas official returns normalized by the Texas project,external://texas-state-house-and-state-senate-model/data/processed/elections/sos_canonical_candidate_totals_1992_2018.csv,Texas Secretary of State candidate-total exports,Texas official/canonical candidate and full-history incumbency exports,source_observed,10285.0,22023.0,-36.33155874705955,"kauffman, greg a","wohlgemuth, arlene",-1.0,both,0.0,0.0,0.0,texas_official_upstream
TX,2002,house,59,12337.0,16186.0,-13.49437296217088,David Lengefeld,Sid Miller,0.0,1.0,-1.0,True,0.0,1.0,0.0,0.0,,,,Texas official returns normalized by the Texas project,external://texas-state-house-and-state-senate-model/data/processed/elections/sos_canonical_candidate_totals_1992_2018.csv,Texas Secretary of State candidate-total exports,Texas official/canonical candidate and full-history incumbency exports,source_observed,12337.0,16186.0,-13.49437296217088,"lengefeld, david","miller, sid",-1.0,both,0.0,0.0,0.0,texas_official_upstream
TX,2002,house,60,,,,,,,,,,,,,,,,,,,,,,0.0,28762.0,-100.0,,"keffer, james l (jim)",-1.0,right_only,,,,klarner_fallback
TX,2002,house,61,11475.0,25528.0,-37.978001783639165,Mack Dobbs,Phil King,0.0,1.0,-1.0,True,0.0,1.0,0.0,0.0,,,,Texas official returns normalized by the Texas project,external://texas-state-house-and-state-senate-model/data/processed/elections/sos_canonical_candidate_totals_1992_2018.csv,Texas Secretary of State candidate-total exports,Texas official/canonical candidate and full-history incumbency exports,source_observed,11475.0,25528.0,-37.978001783639165,"dobbs, mack","king, phil",-1.0,both,0.0,0.0,0.0,texas_official_upstream
TX,2002,house,62,12217.0,22295.0,-29.201437181270283,"D.L. ""Donnie"" Jarvis, Jr.",Ron Clark,0.0,1.0,-1.0,True,0.0,1.0,0.0,0.0,,,,Texas official returns normalized by the Texas project,external://texas-state-house-and-state-senate-model/data/processed/elections/sos_canonical_candidate_totals_1992_2018.csv,Texas Secretary of State candidate-total exports,Texas official/canonical candidate and full-history incumbency exports,source_observed,12217.0,22295.0,-29.201437181270283,"jarvis, d l, jr","clark, ron",-1.0,both,0.0,0.0,0.0,texas_official_upstream
TX,2002,house,63,,,,,,,,,,,,,,,,,,,,,,0.0,33951.0,-100.0,,"denny, mary",-1.0,right_only,,,,klarner_fallback
TX,2002,house,64,,,,,,,,,,,,,,,,,,,,,,0.0,23272.0,-100.0,,"crownover, myra",-1.0,right_only,,,,klarner_fallback
TX,2002,house,65,,,,,,,,,,,,,,,,,,,,,,0.0,22263.0,-100.0,,"solomons, burt",-1.0,right_only,,,,klarner_fallback
TX,2002,house,66,7485.0,29000.0,-58.969439495683154,Edwin B. Spievack,Brian McCall,0.0,1.0,-1.0,True,0.0,1.0,0.0,0.0,,,,Texas official returns normalized by the Texas project,external://texas-state-house-and-state-senate-model/data/processed/elections/sos_canonical_candidate_totals_1992_2018.csv,Texas Secretary of State candidate-total exports,Texas official/canonical candidate and full-history incumbency exports,source_observed,7485.0,29000.0,-58.969439495683154,"spievack, edwin b","mccall, brian",-1.0,both,0.0,0.0,0.0,texas_official_upstream
TX,2002,house,67,8485.0,19626.0,-39.63217245917968,Anne M. Graham,Jerry Madden,0.0,1.0,-1.0,True,0.0,1.0,0.0,0.0,,,,Texas official returns normalized by the Texas project,external://texas-state-house-and-state-senate-model/data/processed/elections/sos_canonical_candidate_totals_1992_2018.csv,Texas Secretary of State candidate-total exports,Texas official/canonical candidate and full-history incumbency exports,source_observed,8485.0,19626.0,-39.63217245917968,"graham, anne m","madden, jerry a",-1.0,both,0.0,0.0,0.0,texas_official_upstream
TX,2002,house,68,12659.0,23750.0,-30.462248345189376,David Counts,Rick Hardcastle,1.0,1.0,0.0,True,0.0,1.0,0.0,0.0,,,,Texas official returns normalized by the Texas project,external://texas-state-house-and-state-senate-model/data/processed/elections/sos_canonical_candidate_totals_1992_2018.csv,Texas Secretary of State candidate-total exports,Texas official/canonical candidate and full-history incumbency exports,source_observed,12659.0,23750.0,-30.462248345189376,"counts, david","hardcastle, richard l (rick)",0.0,both,0.0,0.0,0.0,texas_official_upstream
TX,2002,house,69,,,,,,,,,,,,,,,,,,,,,,20252.0,0.0,100.0,"farabee, david",,1.0,right_only,,,,klarner_fallback
TX,2002,house,70,7074.0,28012.0,-59.67622413498261,Fred Lusk,Ken Paxton,0.0,0.0,0.0,True,0.0,1.0,0.0,0.0,,,,Texas official returns normalized by the Texas project,external://texas-state-house-and-state-senate-model/data/processed/elections/sos_canonical_candidate_totals_1992_2018.csv,Texas Secretary of State candidate-total exports,Texas official/canonical candidate and full-history incumbency exports,source_observed,7074.0,28012.0,-59.67622413498261,"lusk, fred","paxton, ken",0.0,both,0.0,0.0,0.0,texas_official_upstream
TX,2002,house,71,,,,,,,,,,,,,,,,,,,,,,0.0,26784.0,-100.0,,"hunter, bob",-1.0,right_only,,,,klarner_fallback
TX,2002,house,72,9521.0,21433.0,-38.48291012470117,Jeri Slone,Scott Campbell,0.0,0.0,0.0,True,0.0,1.0,0.0,0.0,,,,Texas official returns normalized by the Texas project,external://texas-state-house-and-state-senate-model/data/processed/elections/sos_canonical_candidate_totals_1992_2018.csv,Texas Secretary of State candidate-total exports,Texas official/canonical candidate and full-history incumbency exports,source_observed,9521.0,21433.0,-38.48291012470117,"slone, jeri","campbell, scott",0.0,both,0.0,0.0,0.0,texas_official_upstream
TX,2002,house,73,9305.0,35314.0,-58.29131087653242,Virgil Yanta,Carter Casteel,0.0,0.0,0.0,True,0.0,1.0,0.0,0.0,,,,Texas official returns normalized by the Texas project,external://texas-state-house-and-state-senate-model/data/processed/elections/sos_canonical_candidate_totals_1992_2018.csv,Texas Secretary of State candidate-total exports,Texas official/canonical candidate and full-history incumbency exports,source_observed,9305.0,35314.0,-58.29131087653242,"yanta, virgil","casteel, carter",0.0,both,0.0,0.0,0.0,texas_official_upstream
TX,2002,house,74,21326.0,8688.0,42.107016725528084,Pete P. Gallego,"Pedro ""Pete"" Nieto",1.0,0.0,1.0,True,1.0,0.0,0.0,0.0,,,,Texas official returns normalized by the Texas project,external://texas-state-house-and-state-senate-model/data/processed/elections/sos_canonical_candidate_totals_1992_2018.csv,Texas Secretary of State candidate-total exports,Texas official/canonical candidate and full-history incumbency exports,source_observed,21326.0,8688.0,42.107016725528084,"gallego, pete p","pedro, nieto (pete)",1.0,both,0.0,0.0,0.0,texas_official_upstream
TX,2002,house,75,,,,,,,,,,,,,,,,,,,,,,13267.0,0.0,100.0,"quintanilla, chente",,0.0,right_only,,,,klarner_fallback
TX,2002,house,76,,,,,,,,,,,,,,,,,,,,,,17387.0,0.0,100.0,"chavez, norma",,1.0,right_only,,,,klarner_fallback
TX,2002,house,77,,,,,,,,,,,,,,,,,,,,,,13914.0,0.0,100.0,"moreno, paul",,1.0,right_only,,,,klarner_fallback
TX,2002,house,78,,,,,,,,,,,,,,,,,,,,,,0.0,18598.0,-100.0,,"haggerty, patrick (pat)",-1.0,right_only,,,,klarner_fallback
TX,2002,house,79,,,,,,,,,,,,,,,,,,,,,,14170.0,0.0,100.0,"pickett, joseph c (joe)",,1.0,right_only,,,,klarner_fallback
TX,2002,house,80,14302.0,11327.0,11.607944125794997,"Timoteo ""Timo"" Garza",Ben Martinez,0.0,0.0,0.0,True,1.0,0.0,0.0,0.0,,,,Texas official returns normalized by the Texas project,external://texas-state-house-and-state-senate-model/data/processed/elections/sos_canonical_candidate_totals_1992_2018.csv,Texas Secretary of State candidate-total exports,Texas official/canonical candidate and full-history incumbency exports,source_observed,14302.0,11327.0,11.607944125794997,"garza, timoteo (timo)","martinez, ben",0.0,both,0.0,0.0,0.0,texas_official_upstream
TX,2002,house,81,,,,,,,,,,,,,,,,,,,,,,0.0,21583.0,-100.0,,"west, g e (buddy)",-1.0,right_only,,,,klarner_fallback
TX,2002,house,82,,,,,,,,,,,,,,,,,,,,,,0.0,28968.0,-100.0,,"craddick, tom",-1.0,right_only,,,,klarner_fallback
TX,2002,house,83,,,,,,,,,,,,,,,,,,,,,,0.0,31551.0,-100.0,,"jones, delwin",-1.0,right_only,,,,klarner_fallback
TX,2002,house,84,8547.0,18088.0,-35.82128777923784,Yolanda Guerrero,Carl H. Isett,0.0,1.0,-1.0,True,0.0,1.0,0.0,0.0,,,,Texas official returns normalized by the Texas project,external://texas-state-house-and-state-senate-model/data/processed/elections/sos_canonical_candidate_totals_1992_2018.csv,Texas Secretary of State candidate-total exports,Texas official/canonical candidate and full-history incumbency exports,source_observed,8547.0,18088.0,-35.82128777923784,"guerrero, yolanda","isett, carl h",-1.0,both,0.0,0.0,0.0,texas_official_upstream
TX,2002,house,85,21121.0,11559.0,29.259485924112607,"James E. ""Pete"" Laney",Judy Strickland,1.0,0.0,1.0,True,1.0,0.0,0.0,0.0,,,,Texas official returns normalized by the Texas project,external://texas-state-house-and-state-senate-model/data/processed/elections/sos_canonical_candidate_totals_1992_2018.csv,Texas Secretary of State candidate-total exports,Texas official/canonical candidate and full-history incumbency exports,source_observed,21121.0,11559.0,29.259485924112607,"laney, james (petep)","strickland, judy",1.0,both,0.0,0.0,0.0,texas_official_upstream
TX,2002,house,86,,,,,,,,,,,,,,,,,,,,,,0.0,32387.0,-100.0,,"smithee, john",-1.0,right_only,,,,klarner_fallback
TX,2002,house,87,8872.0,17086.0,-31.643423992603438,Jesse Quackenbush,David Swinford,0.0,1.0,-1.0,True,0.0,1.0,0.0,0.0,,,,Texas official returns normalized by the Texas project,external://texas-state-house-and-state-senate-model/data/processed/elections/sos_canonical_candidate_totals_1992_2018.csv,Texas Secretary of State candidate-total exports,Texas official/canonical candidate and full-history incumbency exports,source_observed,8872.0,17086.0,-31.643423992603438,"quackenbush, jesse","swinford, david",-1.0,both,0.0,0.0,0.0,texas_official_upstream
TX,2002,house,88,,,,,,,,,,,,,,,,,,,,,,0.0,27880.0,-100.0,,"chisum, warren",-1.0,right_only,,,,klarner_fallback
TX,2002,house,89,8245.0,28776.0,-55.45771318981119,Lehman Harris,Jodie Laubenberg,0.0,0.0,0.0,True,0.0,1.0,0.0,0.0,,,,Texas official returns normalized by the Texas project,external://texas-state-house-and-state-senate-model/data/processed/elections/sos_canonical_candidate_totals_1992_2018.csv,Texas Secretary of State candidate-total exports,Texas official/canonical candidate and full-history incumbency exports,source_observed,8245.0,28776.0,-55.45771318981119,"harris, lehman","laubenberg, jodie",0.0,both,0.0,0.0,0.0,texas_official_upstream
TX,2002,house,90,11731.0,4511.0,44.452653614086934,Lon Burnam,Larry Keilberg,1.0,0.0,1.0,True,1.0,0.0,0.0,0.0,,,,Texas official returns normalized by the Texas project,external://texas-state-house-and-state-senate-model/data/processed/elections/sos_canonical_candidate_totals_1992_2018.csv,Texas Secretary of State candidate-total exports,Texas official/canonical candidate and full-history incumbency exports,source_observed,11731.0,4511.0,44.452653614086934,"burnam, lon","keilberg, larry",1.0,both,0.0,0.0,0.0,texas_official_upstream
TX,2002,house,91,,,,,,,,,,,,,,,,,,,,,,0.0,21227.0,-100.0,,"griggs, bob e",0.0,right_only,,,,klarner_fallback
TX,2002,house,92,,,,,,,,,,,,,,,,,,,,,,0.0,25248.0,-100.0,,"smith, todd",-1.0,right_only,,,,klarner_fallback
TX,2002,house,93,10033.0,13089.0,-13.216849753481533,Mike Gregory,Toby Goodman,0.0,1.0,-1.0,True,0.0,1.0,0.0,0.0,,,,Texas official returns normalized by the Texas project,external://texas-state-house-and-state-senate-model/data/processed/elections/sos_canonical_candidate_totals_1992_2018.csv,Texas Secretary of State candidate-total exports,Texas official/canonical candidate and full-history incumbency exports,source_observed,10033.0,13089.0,-13.216849753481533,"gregory, mike","goodman, toby",-1.0,both,0.0,0.0,0.0,texas_official_upstream
TX,2002,house,94,,,,,,,,,,,,,,,,,,,,,,0.0,28892.0,-100.0,,"grusendorf, kent",-1.0,right_only,,,,klarner_fallback
TX,2002,house,95,,,,,,,,,,,,,,,,,,,,,,25188.0,0.0,100.0,"lewis, glenn o",,1.0,right_only,,,,klarner_fallback
TX,2002,house,96,14589.0,21896.0,-20.02740852405098,Darrel Cox,Bill Zedler,0.0,0.0,0.0,True,0.0,1.0,0.0,0.0,,,,Texas official returns normalized by the Texas project,external://texas-state-house-and-state-senate-model/data/processed/elections/sos_canonical_candidate_totals_1992_2018.csv,Texas Secretary of State candidate-total exports,Texas official/canonical candidate and full-history incumbency exports,source_observed,14589.0,21896.0,-20.02740852405098,"cox, darrel","zedler, bill",0.0,both,0.0,0.0,0.0,texas_official_upstream
TX,2002,house,97,14291.0,29579.0,-34.84841577387736,Nancy R. Stevens,Anna Mowery,0.0,1.0,-1.0,True,0.0,1.0,0.0,0.0,,,,Texas official returns normalized by the Texas project,external://texas-state-house-and-state-senate-model/data/processed/elections/sos_canonical_candidate_totals_1992_2018.csv,Texas Secretary of State candidate-total exports,Texas official/canonical candidate and full-history incumbency exports,source_observed,14291.0,29579.0,-34.84841577387736,"stevens, nancy r","mowery, anna",-1.0,both,0.0,0.0,0.0,texas_official_upstream
TX,2002,house,98,,,,,,,,,,,,,,,,,,,,,,0.0,37366.0,-100.0,,"truitt, vicki",-1.0,right_only,,,,klarner_fallback
TX,2002,house,99,10012.0,23427.0,-40.117826490026616,Mimi Coffey,Charlie Geren,0.0,1.0,-1.0,True,0.0,1.0,0.0,0.0,,,,Texas official returns normalized by the Texas project,external://texas-state-house-and-state-senate-model/data/processed/elections/sos_canonical_candidate_totals_1992_2018.csv,Texas Secretary of State candidate-total exports,Texas official/canonical candidate and full-history incumbency exports,source_observed,10012.0,23427.0,-40.117826490026616,"coffey, mimi","geren, charlie",-1.0,both,0.0,0.0,0.0,texas_official_upstream
TX,2002,house,100,,,,,,,,,,,,,,,,,,,,,,16679.0,0.0,100.0,"hodge, terri",,1.0,right_only,,,,klarner_fallback
TX,2002,house,101,,,,,,,,,,,,,,,,,,,,,,0.0,16947.0,-100.0,,"reyna, elvira",-1.0,right_only,,,,klarner_fallback
TX,2002,house,102,,,,,,,,,,,,,,,,,,,,,,0.0,19136.0,-100.0,,"goolsby, tony",-1.0,right_only,,,,klarner_fallback
TX,2002,house,103,9006.0,3828.0,40.345956054230946,Steve Wolens,Andy Olivo,1.0,0.0,1.0,True,1.0,0.0,0.0,0.0,,,,Texas official returns normalized by the Texas project,external://texas-state-house-and-state-senate-model/data/processed/elections/sos_canonical_candidate_totals_1992_2018.csv,Texas Secretary of State candidate-total exports,Texas official/canonical candidate and full-history incumbency exports,source_observed,9006.0,3828.0,40.345956054230946,"wolens, steven (steve)","olivo, andy",1.0,both,0.0,0.0,0.0,texas_official_upstream
TX,2002,house,104,10023.0,3523.0,47.98464491362764,Roberto R. Alonzo,Joe Hernandez,0.0,0.0,0.0,True,1.0,0.0,0.0,0.0,,,,Texas official returns normalized by the Texas project,external://texas-state-house-and-state-senate-model/data/processed/elections/sos_canonical_candidate_totals_1992_2018.csv,Texas Secretary of State candidate-total exports,Texas official/canonical candidate and full-history incumbency exports,source_observed,10023.0,3523.0,47.98464491362764,"alonzo, roberto r","hernandez, joe 1",0.0,both,0.0,0.0,0.0,texas_official_upstream
TX,2002,house,105,,,,,,,,,,,,,,,,,,,,,,0.0,13461.0,-100.0,,"harperbrown, linda",0.0,right_only,,,,klarner_fallback
TX,2002,house,106,,,,,,,,,,,,,,,,,,,,,,0.0,13851.0,-100.0,,"allen, ray",-1.0,right_only,,,,klarner_fallback
TX,2002,house,107,14786.0,20764.0,-16.81575246132208,Theresa Daniel,Bill Keffer,0.0,0.0,0.0,True,0.0,1.0,0.0,0.0,,,,Texas official returns normalized by the Texas project,external://texas-state-house-and-state-senate-model/data/processed/elections/sos_canonical_candidate_totals_1992_2018.csv,Texas Secretary of State candidate-total exports,Texas official/canonical candidate and full-history incumbency exports,source_observed,14786.0,20764.0,-16.81575246132208,"daniel, theresa","keffer, bill",0.0,both,0.0,0.0,0.0,texas_official_upstream
TX,2002,house,108,10862.0,21514.0,-32.900914257474675,Malcolm Dade,Dan Branch,0.0,0.0,0.0,True,0.0,1.0,0.0,0.0,,,,Texas official returns normalized by the Texas project,external://texas-state-house-and-state-senate-model/data/processed/elections/sos_canonical_candidate_totals_1992_2018.csv,Texas Secretary of State candidate-total exports,Texas official/canonical candidate and full-history incumbency exports,source_observed,10862.0,21514.0,-32.900914257474675,"dade, malcolm","branch, dan",0.0,both,0.0,0.0,0.0,texas_official_upstream
TX,2002,house,109,26747.0,9155.0,49.00005570720294,Helen Giddings,Joseph L. Sam,1.0,0.0,1.0,True,1.0,0.0,0.0,0.0,,,,Texas official returns normalized by the Texas project,external://texas-state-house-and-state-senate-model/data/processed/elections/sos_canonical_candidate_totals_1992_2018.csv,Texas Secretary of State candidate-total exports,Texas official/canonical candidate and full-history incumbency exports,source_observed,26747.0,9155.0,49.00005570720294,"giddings, helen","sam, joseph l",1.0,both,0.0,0.0,0.0,texas_official_upstream
TX,2002,house,110,,,,,,,,,,,,,,,,,,,,,,19511.0,0.0,100.0,"jones, jesse",,1.0,right_only,,,,klarner_fallback
TX,2002,house,111,,,,,,,,,,,,,,,,,,,,,,25721.0,0.0,100.0,"davis, yvonne",,1.0,right_only,,,,klarner_fallback
TX,2002,house,112,10053.0,24548.0,-41.89185283662322,Brian Booker,Fred Hill,0.0,1.0,-1.0,True,0.0,1.0,0.0,0.0,,,,Texas official returns normalized by the Texas project,external://texas-state-house-and-state-senate-model/data/processed/elections/sos_canonical_candidate_totals_1992_2018.csv,Texas Secretary of State candidate-total exports,Texas official/canonical candidate and full-history incumbency exports,source_observed,10053.0,24548.0,-41.89185283662322,"booker, brian","hill, fred",-1.0,both,0.0,0.0,0.0,texas_official_upstream
TX,2002,house,113,,,,,,,,,,,,,,,,,,,,,,0.0,18065.0,-100.0,,"driver, joe",-1.0,right_only,,,,klarner_fallback
TX,2002,house,114,,,,,,,,,,,,,,,,,,,,,,0.0,24503.0,-100.0,,"hartnett, will",-1.0,right_only,,,,klarner_fallback
TX,2002,house,115,9588.0,23823.0,-42.60572865224028,Lisa Sutter,Kenny Marchant,0.0,1.0,-1.0,True,0.0,1.0,0.0,0.0,,,,Texas official returns normalized by the Texas project,external://texas-state-house-and-state-senate-model/data/processed/elections/sos_canonical_candidate_totals_1992_2018.csv,Texas Secretary of State candidate-total exports,Texas official/canonical candidate and full-history incumbency exports,source_observed,9588.0,23823.0,-42.60572865224028,"sutter, lisa","marchant, ken",-1.0,both,0.0,0.0,0.0,texas_official_upstream
TX,2002,house,116,,,,,,,,,,,,,,,,,,,,,,15174.0,0.0,100.0,"martinezfischer, trey",,1.0,right_only,,,,klarner_fallback
TX,2002,house,117,8138.0,11703.0,-17.967844362683334,Raul Prado,Ken Mercer,0.0,0.0,0.0,True,0.0,1.0,0.0,0.0,,,,Texas official returns normalized by the Texas project,external://texas-state-house-and-state-senate-model/data/processed/elections/sos_canonical_candidate_totals_1992_2018.csv,Texas Secretary of State candidate-total exports,Texas official/canonical candidate and full-history incumbency exports,source_observed,8138.0,11703.0,-17.967844362683334,"prado, raul","mercer, ken",0.0,both,0.0,0.0,0.0,texas_official_upstream
TX,2002,house,118,,,,,,,,,,,,,,,,,,,,,,14416.0,0.0,100.0,"uresti, carlos i (charlie)",,1.0,right_only,,,,klarner_fallback
TX,2002,house,119,,,,,,,,,,,,,,,,,,,,,,15451.0,0.0,100.0,"puente, robert r",,1.0,right_only,,,,klarner_fallback
TX,2002,house,120,,,,,,,,,,,,,,,,,,,,,,15280.0,0.0,100.0,"mcclendon, ruth j",,1.0,right_only,,,,klarner_fallback
TX,2002,house,121,,,,,,,,,,,,,,,,,,,,,,0.0,30720.0,-100.0,,"jones, elizabeth a",-1.0,right_only,,,,klarner_fallback
TX,2002,house,122,,,,,,,,,,,,,,,,,,,,,,0.0,39048.0,-100.0,,"corte, frank j, jr",-1.0,right_only,,,,klarner_fallback
TX,2002,house,123,14461.0,8088.0,28.26289414164708,Mike Villarreal,John Barger,1.0,0.0,1.0,True,1.0,0.0,0.0,0.0,,,,Texas official returns normalized by the Texas project,external://texas-state-house-and-state-senate-model/data/processed/elections/sos_canonical_candidate_totals_1992_2018.csv,Texas Secretary of State candidate-total exports,Texas official/canonical candidate and full-history incumbency exports,source_observed,14461.0,8088.0,28.26289414164708,"villarreal, mike","barger, john",1.0,both,0.0,0.0,0.0,texas_official_upstream
TX,2002,house,124,,,,,,,,,,,,,,,,,,,,,,14970.0,0.0,100.0,"menendez, jose",,1.0,right_only,,,,klarner_fallback
TX,2002,house,125,15391.0,10143.0,20.552988172632567,Joaquin Castro,Nelson H. Balido,0.0,0.0,0.0,True,1.0,0.0,0.0,0.0,,,,Texas official returns normalized by the Texas project,external://texas-state-house-and-state-senate-model/data/processed/elections/sos_canonical_candidate_totals_1992_2018.csv,Texas Secretary of State candidate-total exports,Texas official/canonical candidate and full-history incumbency exports,source_observed,15391.0,10143.0,20.552988172632567,"castro, joaquin","balido, nelson h",0.0,both,0.0,0.0,0.0,texas_official_upstream
TX,2002,house,126,,,,,,,,,,,,,,,,,,,,,,0.0,24197.0,-100.0,,"hamric, peggy",-1.0,right_only,,,,klarner_fallback
TX,2002,house,127,,,,,,,,,,,,,,,,,,,,,,0.0,28214.0,-100.0,,"crabb, joe",-1.0,right_only,,,,klarner_fallback
TX,2002,house,128,,,,,,,,,,,,,,,,,,,,,,0.0,16421.0,-100.0,,"smith, wayne",0.0,right_only,,,,klarner_fallback
TX,2002,house,129,,,,,,,,,,,,,,,,,,,,,,0.0,26664.0,-100.0,,"davis, john e 2",-1.0,right_only,,,,klarner_fallback
TX,2002,house,130,,,,,,,,,,,,,,,,,,,,,,0.0,29652.0,-100.0,,"vanarsdale, corbin",0.0,right_only,,,,klarner_fallback
TX,2002,house,131,,,,,,,,,,,,,,,,,,,,,,18572.0,0.0,100.0,"wilson, ron",,1.0,right_only,,,,klarner_fallback
TX,2002,house,132,,,,,,,,,,,,,,,,,,,,,,0.0,21079.0,-100.0,,"callegari, bill",-1.0,right_only,,,,klarner_fallback
TX,2002,house,133,8128.0,15189.0,-30.282626409915512,"Bernard ""Bernardo"" Amadi",Joe Nixon,0.0,1.0,-1.0,True,0.0,1.0,0.0,0.0,,,,Texas official returns normalized by the Texas project,external://texas-state-house-and-state-senate-model/data/processed/elections/sos_canonical_candidate_totals_1992_2018.csv,Texas Secretary of State candidate-total exports,Texas official/canonical candidate and full-history incumbency exports,source_observed,8128.0,15189.0,-30.282626409915512,"amadi, bernard (bernardo)","nixon, joe",-1.0,both,0.0,0.0,0.0,texas_official_upstream
TX,2002,house,134,21645.0,24520.0,-6.227661648434961,Debra Danburg,Martha Wong,1.0,0.0,1.0,True,0.0,1.0,0.0,0.0,,,,Texas official returns normalized by the Texas project,external://texas-state-house-and-state-senate-model/data/processed/elections/sos_canonical_candidate_totals_1992_2018.csv,Texas Secretary of State candidate-total exports,Texas official/canonical candidate and full-history incumbency exports,source_observed,21645.0,24520.0,-6.227661648434961,"danburg, deborah (debra)","wong, martha",1.0,both,0.0,0.0,0.0,texas_official_upstream
TX,2002,house,135,7280.0,17186.0,-40.48884165781084,Eric H. Krebs,Gary Elkins,0.0,1.0,-1.0,True,0.0,1.0,0.0,0.0,,,,Texas official returns normalized by the Texas project,external://texas-state-house-and-state-senate-model/data/processed/elections/sos_canonical_candidate_totals_1992_2018.csv,Texas Secretary of State candidate-total exports,Texas official/canonical candidate and full-history incumbency exports,source_observed,7280.0,17186.0,-40.48884165781084,"krebs, eric h","elkins, gary",-1.0,both,0.0,0.0,0.0,texas_official_upstream
TX,2002,house,136,,,,,,,,,,,,,,,,,,,,,,0.0,31763.0,-100.0,,"woolley, beverly",-1.0,right_only,,,,klarner_fallback
TX,2002,house,137,6292.0,5200.0,9.502262443438914,Scott Hochberg,Dionne L. Roberts,0.0,0.0,0.0,True,1.0,0.0,0.0,0.0,,,,Texas official returns normalized by the Texas project,external://texas-state-house-and-state-senate-model/data/processed/elections/sos_canonical_candidate_totals_1992_2018.csv,Texas Secretary of State candidate-total exports,Texas official/canonical candidate and full-history incumbency exports,source_observed,6292.0,5200.0,9.502262443438914,"hochberg, scott","roberts, dionne l",1.0,both,0.0,0.0,0.0,texas_official_upstream
TX,2002,house,138,10026.0,14682.0,-18.84409907722195,Ken Yarbrough,Dwayne Bohac,1.0,0.0,1.0,True,0.0,1.0,0.0,0.0,,,,Texas official returns normalized by the Texas project,external://texas-state-house-and-state-senate-model/data/processed/elections/sos_canonical_candidate_totals_1992_2018.csv,Texas Secretary of State candidate-total exports,Texas official/canonical candidate and full-history incumbency exports,source_observed,10026.0,14682.0,-18.84409907722195,"yarbrough, ken","bohac, dwayne",1.0,both,0.0,0.0,0.0,texas_official_upstream
TX,2002,house,139,,,,,,,,,,,,,,,,,,,,,,18559.0,0.0,100.0,"turner, sylvester",,1.0,right_only,,,,klarner_fallback
TX,2002,house,140,8503.0,3045.0,47.263595427779705,Kevin Bailey,Anthony Samuel Palasota,1.0,0.0,1.0,True,1.0,0.0,0.0,0.0,,,,Texas official returns normalized by the Texas project,external://texas-state-house-and-state-senate-model/data/processed/elections/sos_canonical_candidate_totals_1992_2018.csv,Texas Secretary of State candidate-total exports,Texas official/canonical candidate and full-history incumbency exports,source_observed,8503.0,3045.0,47.263595427779705,"bailey, kevin","palasota, anthony s",1.0,both,0.0,0.0,0.0,texas_official_upstream
TX,2002,house,141,,,,,,,,,,,,,,,,,,,,,,16478.0,0.0,100.0,"thompson, senfronia 1",,1.0,right_only,,,,klarner_fallback
TX,2002,house,142,,,,,,,,,,,,,,,,,,,,,,20574.0,0.0,100.0,"dutton, harold v, jr",,1.0,right_only,,,,klarner_fallback
TX,2002,house,143,,,,,,,,,,,,,,,,,,,,,,10175.0,0.0,100.0,"moreno, joe e",,1.0,right_only,,,,klarner_fallback
TX,2002,house,144,,,,,,,,,,,,,,,,,,,,,,0.0,15417.0,-100.0,,"talton, robert e",-1.0,right_only,,,,klarner_fallback
TX,2002,house,145,,,,,,,,,,,,,,,,,,,,,,11087.0,0.0,100.0,"noriega, richard (rick)",,1.0,right_only,,,,klarner_fallback
TX,2002,house,146,,,,,,,,,,,,,,,,,,,,,,24558.0,0.0,100.0,"edwards, al",,1.0,right_only,,,,klarner_fallback
TX,2002,house,147,,,,,,,,,,,,,,,,,,,,,,21253.0,0.0,100.0,"coleman, garnet f",,1.0,right_only,,,,klarner_fallback
TX,2002,house,148,,,,,,,,,,,,,,,,,,,,,,14633.0,0.0,100.0,"farrar, jessica c",,1.0,right_only,,,,klarner_fallback
TX,2002,house,149,10530.0,13144.0,-11.04164906648644,Andrew Tran,Talmadge L. Heflin,0.0,1.0,-1.0,True,0.0,1.0,0.0,0.0,,,,Texas official returns normalized by the Texas project,external://texas-state-house-and-state-senate-model/data/processed/elections/sos_canonical_candidate_totals_1992_2018.csv,Texas Secretary of State candidate-total exports,Texas official/canonical candidate and full-history incumbency exports,source_observed,10530.0,13144.0,-11.04164906648644,"tran, andrew","heflin, talmadge",-1.0,both,0.0,0.0,0.0,texas_official_upstream
TX,2002,house,150,,,,,,,,,,,,,,,,,,,,,,0.0,26174.0,-100.0,,"riddle, debbie",0.0,right_only,,,,klarner_fallback
TX,2002,senate,1,53201.0,113939.0,-36.33959554864186,B.D. Blount,Bill Ratliff,0.0,1.0,-1.0,True,0.0,1.0,0.0,0.0,,,,Texas official returns normalized by the Texas project,external://texas-state-house-and-state-senate-model/data/processed/elections/sos_canonical_candidate_totals_1992_2018.csv,Texas Secretary of State candidate-total exports,Texas official/canonical candidate and full-history incumbency exports,source_observed,53201.0,113939.0,-36.33959554864186,"blount, b d","ratliff, bill",-1.0,both,0.0,0.0,0.0,texas_official_upstream
TX,2002,senate,2,66151.0,80075.0,-9.522246385731675,David Cain,Bob Deuell,1.0,0.0,1.0,True,0.0,1.0,0.0,0.0,,,,Texas official returns normalized by the Texas project,external://texas-state-house-and-state-senate-model/data/processed/elections/sos_canonical_candidate_totals_1992_2018.csv,Texas Secretary of State candidate-total exports,Texas official/canonical candidate and full-history incumbency exports,source_observed,66151.0,80075.0,-9.522246385731675,"cain, david","deuell, robert f",1.0,both,0.0,0.0,0.0,texas_official_upstream
TX,2002,senate,3,,,,,,,,,,,,,,,,,,,,,,0.0,119993.0,-100.0,,"staples, todd",-1.0,right_only,,,,klarner_fallback
TX,2002,senate,4,55808.0,97237.0,-27.069816067169786,Mike Smith,Tommy Williams,0.0,0.0,0.0,True,0.0,1.0,0.0,0.0,,,,Texas official returns normalized by the Texas project,external://texas-state-house-and-state-senate-model/data/processed/elections/sos_canonical_candidate_totals_1992_2018.csv,Texas Secretary of State candidate-total exports,Texas official/canonical candidate and full-history incumbency exports,source_observed,55808.0,97237.0,-27.069816067169786,"smith, mike 2","williams, thomas d (tommy)",0.0,both,0.0,0.0,0.0,texas_official_upstream
TX,2002,senate,5,,,,,,,,,,,,,,,,,,,,,,0.0,122119.0,-100.0,,"ogden, steve",-1.0,right_only,,,,klarner_fallback
TX,2002,senate,6,,,,,,,,,,,,,,,,,,,,,,54130.0,0.0,100.0,"gallegos, mario v, jr",,1.0,right_only,,,,klarner_fallback
TX,2002,senate,7,,,,,,,,,,,,,,,,,,,,,,0.0,139827.0,-100.0,,"lindsay, jon",-1.0,right_only,,,,klarner_fallback
TX,2002,senate,8,,,,,,,,,,,,,,,,,,,,,,0.0,135927.0,-100.0,,"shapiro, florence",-1.0,right_only,,,,klarner_fallback
TX,2002,senate,9,,,,,,,,,,,,,,,,,,,,,,0.0,81994.0,-100.0,,"harris, chris",-1.0,right_only,,,,klarner_fallback
TX,2002,senate,10,69038.0,101511.0,-19.040275815161625,Hal Ray,Kim Brimer,0.0,0.0,0.0,True,0.0,1.0,0.0,0.0,,,,Texas official returns normalized by the Texas project,external://texas-state-house-and-state-senate-model/data/processed/elections/sos_canonical_candidate_totals_1992_2018.csv,Texas Secretary of State candidate-total exports,Texas official/canonical candidate and full-history incumbency exports,source_observed,69038.0,101511.0,-19.040275815161625,"ray, hal","brimer, kenneth (kim)",0.0,both,0.0,0.0,0.0,texas_official_upstream
TX,2002,senate,11,,,,,,,,,,,,,,,,,,,,,,0.0,103204.0,-100.0,,"jackson, mike",-1.0,right_only,,,,klarner_fallback
TX,2002,senate,12,,,,,,,,,,,,,,,,,,,,,,0.0,121991.0,-100.0,,"nelson, jane",-1.0,right_only,,,,klarner_fallback
TX,2002,senate,13,,,,,,,,,,,,,,,,,,,,,,107897.0,0.0,100.0,"ellis, rodney",,1.0,right_only,,,,klarner_fallback
TX,2002,senate,14,95182.0,77885.0,9.99439523421565,Gonzalo Barrientos,Ben Bentzin,1.0,0.0,1.0,True,1.0,0.0,0.0,0.0,,,,Texas official returns normalized by the Texas project,external://texas-state-house-and-state-senate-model/data/processed/elections/sos_canonical_candidate_totals_1992_2018.csv,Texas Secretary of State candidate-total exports,Texas official/canonical candidate and full-history incumbency exports,source_observed,95182.0,77885.0,9.99439523421565,"barrientos, gonzalo","bentzin, ben",1.0,both,0.0,0.0,0.0,texas_official_upstream
TX,2002,senate,15,62458.0,41003.0,20.73728264756768,John Whitmire,Michael P. Wolfe,1.0,0.0,1.0,True,1.0,0.0,0.0,0.0,,,,Texas official returns normalized by the Texas project,external://texas-state-house-and-state-senate-model/data/processed/elections/sos_canonical_candidate_totals_1992_2018.csv,Texas Secretary of State candidate-total exports,Texas official/canonical candidate and full-history incumbency exports,source_observed,62458.0,41003.0,20.73728264756768,"whitmire, john","wolfe, michael p",1.0,both,0.0,0.0,0.0,texas_official_upstream
TX,2002,senate,16,50895.0,95853.0,-30.636192656799413,Jan Erik Frederiksen,John Carona,0.0,1.0,-1.0,True,0.0,1.0,0.0,0.0,,,,Texas official returns normalized by the Texas project,external://texas-state-house-and-state-senate-model/data/processed/elections/sos_canonical_candidate_totals_1992_2018.csv,Texas Secretary of State candidate-total exports,Texas official/canonical candidate and full-history incumbency exports,source_observed,50895.0,95853.0,-30.636192656799413,"frederiksen, jan e","carona, john",-1.0,both,0.0,0.0,0.0,texas_official_upstream
TX,2002,senate,17,55502.0,88393.0,-22.857639250842627,Ronnie Ellen Harrison,Kyle Janek,0.0,0.0,0.0,True,0.0,1.0,0.0,0.0,,,,Texas official returns normalized by the Texas project,external://texas-state-house-and-state-senate-model/data/processed/elections/sos_canonical_candidate_totals_1992_2018.csv,Texas Secretary of State candidate-total exports,Texas official/canonical candidate and full-history incumbency exports,source_observed,55502.0,88393.0,-22.857639250842627,"harrison, ronnie e","janek, kyle",0.0,both,0.0,0.0,0.0,texas_official_upstream
TX,2002,senate,18,85401.0,72296.0,8.310240524550245,Ken Armbrister,Lester Phipps,1.0,0.0,1.0,True,1.0,0.0,0.0,0.0,,,,Texas official returns normalized by the Texas project,external://texas-state-house-and-state-senate-model/data/processed/elections/sos_canonical_candidate_totals_1992_2018.csv,Texas Secretary of State candidate-total exports,Texas official/canonical candidate and full-history incumbency exports,source_observed,85401.0,72296.0,8.310240524550245,"armbrister, kenneth","phipps, lester",1.0,both,0.0,0.0,0.0,texas_official_upstream
TX,2002,senate,19,,,,,,,,,,,,,,,,,,,,,,76590.0,0.0,100.0,"madla, frank",,1.0,right_only,,,,klarner_fallback
TX,2002,senate,20,,,,,,,,,,,,,,,,,,,,,,78685.0,0.0,100.0,"hinojosa, juan (chuy)",,0.0,right_only,,,,klarner_fallback
TX,2002,senate,21,,,,,,,,,,,,,,,,,,,,,,95644.0,0.0,100.0,"zaffirini, judith",,1.0,right_only,,,,klarner_fallback
TX,2002,senate,22,51506.0,106371.0,-34.75173711180223,"Richard (Richie) J. Renschler, Jr.",Kip Averitt,0.0,0.0,0.0,True,0.0,1.0,0.0,0.0,,,,Texas official returns normalized by the Texas project,external://texas-state-house-and-state-senate-model/data/processed/elections/sos_canonical_candidate_totals_1992_2018.csv,Texas Secretary of State candidate-total exports,Texas official/canonical candidate and full-history incumbency exports,source_observed,51506.0,106371.0,-34.75173711180223,"renschler, richard (richi)","averitt, kip",0.0,both,0.0,0.0,0.0,texas_official_upstream
TX,2002,senate,23,,,,,,,,,,,,,,,,,,,,,,101793.0,0.0,100.0,"west, royce",,1.0,right_only,,,,klarner_fallback
TX,2002,senate,24,,,,,,,,,,,,,,,,,,,,,,0.0,122355.0,-100.0,,"fraser, troy",-1.0,right_only,,,,klarner_fallback
TX,2002,senate,25,61899.0,136802.0,-37.69633771344885,Joseph (Joe) P. Sullivan,Jeff Wentworth,0.0,1.0,-1.0,True,0.0,1.0,0.0,0.0,,,,Texas official returns normalized by the Texas project,external://texas-state-house-and-state-senate-model/data/processed/elections/sos_canonical_candidate_totals_1992_2018.csv,Texas Secretary of State candidate-total exports,Texas official/canonical candidate and full-history incumbency exports,source_observed,61899.0,136802.0,-37.69633771344885,"sullivan, joseph p (joe)","wentworth, jeffrey (jeff)",-1.0,both,0.0,0.0,0.0,texas_official_upstream
TX,2002,senate,26,,,,,,,,,,,,,,,,,,,,,,74163.0,0.0,100.0,"vandeputte, leticia",,1.0,right_only,,,,klarner_fallback
TX,2002,senate,27,,,,,,,,,,,,,,,,,,,,,,61382.0,0.0,100.0,"lucio, eddie, jr 1",,1.0,right_only,,,,klarner_fallback
TX,2002,senate,28,,,,,,,,,,,,,,,,,,,,,,0.0,119580.0,-100.0,,"duncan, robert l",-1.0,right_only,,,,klarner_fallback
TX,2002,senate,29,,,,,,,,,,,,,,,,,,,,,,73205.0,0.0,100.0,"shapleigh, eliot",,1.0,right_only,,,,klarner_fallback
TX,2002,senate,30,48110.0,109167.0,-38.821315259065216,Donald R. Acheson,Craig Estes,0.0,1.0,-1.0,True,0.0,1.0,0.0,0.0,,,,Texas official returns normalized by the Texas project,external://texas-state-house-and-state-senate-model/data/processed/elections/sos_canonical_candidate_totals_1992_2018.csv,Texas Secretary of State candidate-total exports,Texas official/canonical candidate and full-history incumbency exports,source_observed,48110.0,109167.0,-38.821315259065216,"acheson, donald r","estes, craig",0.0,both,0.0,0.0,0.0,texas_official_upstream
TX,2002,senate,31,,,,,,,,,,,,,,,,,,,,,,0.0,118938.0,-100.0,,"bivins, teel",-1.0,right_only,,,,klarner_fallback
TX,2004,house,1,28495.0,25463.0,5.619185292264354,Stephen J. Frost,H.E. (Pete) Snow,0.0,0.0,0.0,True,1.0,0.0,0.0,0.0,,,,Texas official returns normalized by the Texas project,external://texas-state-house-and-state-senate-model/data/processed/elections/sos_canonical_candidate_totals_1992_2018.csv,Texas Secretary of State candidate-total exports,Texas official/canonical candidate and full-history incumbency exports,source_observed,28495.0,25463.0,5.619185292264354,"frost, stephen j","snow, h e",0.0,both,0.0,0.0,0.0,texas_official_upstream
TX,2004,house,2,,,,,,,,,,,,,,,,,,,,,,0.0,36888.0,-100.0,,"flynn, dan",-1.0,right_only,,,,klarner_fallback
TX,2004,house,3,24331.0,24113.0,0.4500041284782429,Mark Homer,Kirby Hollingsworth,1.0,0.0,1.0,True,1.0,0.0,0.0,0.0,,,,Texas official returns normalized by the Texas project,external://texas-state-house-and-state-senate-model/data/processed/elections/sos_canonical_candidate_totals_1992_2018.csv,Texas Secretary of State candidate-total exports,Texas official/canonical candidate and full-history incumbency exports,source_observed,24331.0,24113.0,0.4500041284782429,"homer, mark","hollingsworth, kirby",1.0,both,0.0,0.0,0.0,texas_official_upstream
TX,2004,house,4,,,,,,,,,,,,,,,,,,,,,,0.0,41964.0,-100.0,,"brown, betty",-1.0,right_only,,,,klarner_fallback
TX,2004,house,5,23029.0,37529.0,-23.943987582152648,Bob Glaze,Bryan Hughes,0.0,1.0,-1.0,True,0.0,1.0,0.0,0.0,,,,Texas official returns normalized by the Texas project,external://texas-state-house-and-state-senate-model/data/processed/elections/sos_canonical_candidate_totals_1992_2018.csv,Texas Secretary of State candidate-total exports,Texas official/canonical candidate and full-history incumbency exports,source_observed,23029.0,37529.0,-23.943987582152648,"glaze, bob","hughes, bryan",-1.0,both,0.0,0.0,0.0,texas_official_upstream
TX,2004,house,6,,,,,,,,,,,,,,,,,,,,,,0.0,43089.0,-100.0,,"berman, leo",-1.0,right_only,,,,klarner_fallback
TX,2004,house,7,,,,,,,,,,,,,,,,,,,,,,0.0,40787.0,-100.0,,"merritt, tommy",-1.0,right_only,,,,klarner_fallback
TX,2004,house,8,,,,,,,,,,,,,,,,,,,,,,0.0,33181.0,-100.0,,"cook, byron",-1.0,right_only,,,,klarner_fallback
TX,2004,house,9,21679.0,28613.0,-13.787481110315756,Robin L. Moore,"Roy Blake, Jr",0.0,0.0,0.0,True,0.0,1.0,0.0,0.0,,,,Texas official returns normalized by the Texas project,external://texas-state-house-and-state-senate-model/data/processed/elections/sos_canonical_candidate_totals_1992_2018.csv,Texas Secretary of State candidate-total exports,Texas official/canonical candidate and full-history incumbency exports,source_observed,21679.0,28613.0,-13.787481110315756,"moore, robin l","blake, roy, jr 2",0.0,both,0.0,0.0,0.0,texas_official_upstream
TX,2004,house,10,15732.0,42089.0,-45.5837844381799,"James ""Jake"" Gilbreath",Jim Pitts,0.0,1.0,-1.0,True,0.0,1.0,0.0,0.0,,,,Texas official returns normalized by the Texas project,external://texas-state-house-and-state-senate-model/data/processed/elections/sos_canonical_candidate_totals_1992_2018.csv,Texas Secretary of State candidate-total exports,Texas official/canonical candidate and full-history incumbency exports,source_observed,15732.0,42089.0,-45.5837844381799,"gilbreath, james j","pitts, james r (jim)",-1.0,both,0.0,0.0,0.0,texas_official_upstream
TX,2004,house,11,26885.0,24123.0,5.4148368883312425,Chuck Hopson,Mike Alberts,1.0,0.0,1.0,True,1.0,0.0,0.0,0.0,,,,Texas official returns normalized by the Texas project,external://texas-state-house-and-state-senate-model/data/processed/elections/sos_canonical_candidate_totals_1992_2018.csv,Texas Secretary of State candidate-total exports,Texas official/canonical candidate and full-history incumbency exports,source_observed,26885.0,24123.0,5.4148368883312425,"hopson, chuck","alberts, mike",1.0,both,0.0,0.0,0.0,texas_official_upstream
TX,2004,house,12,24974.0,23954.0,2.0846958796599084,Jim McReynolds,Billy Clemons,1.0,0.0,1.0,True,1.0,0.0,0.0,0.0,,,,Texas official returns normalized by the Texas project,external://texas-state-house-and-state-senate-model/data/processed/elections/sos_canonical_candidate_totals_1992_2018.csv,Texas Secretary of State candidate-total exports,Texas official/canonical candidate and full-history incumbency exports,source_observed,24974.0,23954.0,2.0846958796599084,"mcreynolds, jim","clemons, billy",1.0,both,0.0,0.0,0.0,texas_official_upstream
TX,2004,house,13,,,,,,,,,,,,,,,,,,,,,,0.0,36388.0,-100.0,,"kolkhorst, lois w",-1.0,right_only,,,,klarner_fallback
TX,2004,house,14,,,,,,,,,,,,,,,,,,,,,,0.0,38328.0,-100.0,,"brown, fred",-1.0,right_only,,,,klarner_fallback
TX,2004,house,15,,,,,,,,,,,,,,,,,,,,,,0.0,56445.0,-100.0,,"eissler, rob",-1.0,right_only,,,,klarner_fallback
TX,2004,house,16,,,,,,,,,,,,,,,,,,,,,,0.0,41495.0,-100.0,,"hope, ruben w, jr",-1.0,right_only,,,,klarner_fallback
TX,2004,house,17,29706.0,24459.0,9.687067294378288,Robby Cook,Jean Killgore,1.0,0.0,1.0,True,1.0,0.0,0.0,0.0,,,,Texas official returns normalized by the Texas project,external://texas-state-house-and-state-senate-model/data/processed/elections/sos_canonical_candidate_totals_1992_2018.csv,Texas Secretary of State candidate-total exports,Texas official/canonical candidate and full-history incumbency exports,source_observed,29706.0,24459.0,9.687067294378288,"cook, robert l (robby)","killgore, jean",1.0,both,0.0,0.0,0.0,texas_official_upstream
TX,2004,house,18,21925.0,26337.0,-9.14176785048278,Dan Ellis,John Otto,1.0,0.0,1.0,True,0.0,1.0,0.0,0.0,,,,Texas official returns normalized by the Texas project,external://texas-state-house-and-state-senate-model/data/processed/elections/sos_canonical_candidate_totals_1992_2018.csv,Texas Secretary of State candidate-total exports,Texas official/canonical candidate and full-history incumbency exports,source_observed,21925.0,26337.0,-9.14176785048278,"ellis, dan","otto, john",1.0,both,0.0,0.0,0.0,texas_official_upstream
TX,2004,house,19,23648.0,29411.0,-10.861493808778906,Rex Peveto,"Mike ""Tuffy"" Hamilton",0.0,1.0,-1.0,True,0.0,1.0,0.0,0.0,,,,Texas official returns normalized by the Texas project,external://texas-state-house-and-state-senate-model/data/processed/elections/sos_canonical_candidate_totals_1992_2018.csv,Texas Secretary of State candidate-total exports,Texas official/canonical candidate and full-history incumbency exports,source_observed,23648.0,29411.0,-10.861493808778906,"peveto, rex","hamilton, mike (tuffy)",-1.0,both,0.0,0.0,0.0,texas_official_upstream
TX,2004,house,20,22202.0,48920.0,-37.566435139619244,Jim Stauber,Dan Gattis,0.0,1.0,-1.0,True,0.0,1.0,0.0,0.0,,,,Texas official returns normalized by the Texas project,external://texas-state-house-and-state-senate-model/data/processed/elections/sos_canonical_candidate_totals_1992_2018.csv,Texas Secretary of State candidate-total exports,Texas official/canonical candidate and full-history incumbency exports,source_observed,22202.0,48920.0,-37.566435139619244,"stauber, jim","gattis, dan m",-1.0,both,0.0,0.0,0.0,texas_official_upstream
TX,2004,house,21,,,,,,,,,,,,,,,,,,,,,,33094.0,0.0,100.0,"ritter, allan b",,1.0,right_only,,,,klarner_fallback
TX,2004,house,22,,,,,,,,,,,,,,,,,,,,,,31612.0,0.0,100.0,"deshotel, joseph (joe)",,1.0,right_only,,,,klarner_fallback
TX,2004,house,23,,,,,,,,,,,,,,,,,,,,,,34728.0,0.0,100.0,"eiland, craig",,1.0,right_only,,,,klarner_fallback
TX,2004,house,24,,,,,,,,,,,,,,,,,,,,,,0.0,43846.0,-100.0,,"taylor, larry",-1.0,right_only,,,,klarner_fallback
TX,2004,house,25,15514.0,30139.0,-32.035134602326245,Wade Weems,Dennis Bonnen,0.0,1.0,-1.0,True,0.0,1.0,0.0,0.0,,,,Texas official returns normalized by the Texas project,external://texas-state-house-and-state-senate-model/data/processed/elections/sos_canonical_candidate_totals_1992_2018.csv,Texas Secretary of State candidate-total exports,Texas official/canonical candidate and full-history incumbency exports,source_observed,15514.0,30139.0,-32.035134602326245,"weems, wade","bonnen, dennis",-1.0,both,0.0,0.0,0.0,texas_official_upstream
TX,2004,house,26,,,,,,,,,,,,,,,,,,,,,,0.0,43538.0,-100.0,,"howard, charlie",-1.0,right_only,,,,klarner_fallback
TX,2004,house,27,,,,,,,,,,,,,,,,,,,,,,40673.0,0.0,100.0,"olivo, dora",,1.0,right_only,,,,klarner_fallback
TX,2004,house,28,22561.0,40338.0,-28.262770473298463,Gary Lynn Shelton,Glenn Hegar,0.0,1.0,-1.0,True,0.0,1.0,0.0,0.0,,,,Texas official returns normalized by the Texas project,external://texas-state-house-and-state-senate-model/data/processed/elections/sos_canonical_candidate_totals_1992_2018.csv,Texas Secretary of State candidate-total exports,Texas official/canonical candidate and full-history incumbency exports,source_observed,22561.0,40338.0,-28.262770473298463,"shelton, gary l","hegar, glenn",-1.0,both,0.0,0.0,0.0,texas_official_upstream
TX,2004,house,29,,,,,,,,,,,,,,,,,,,,,,0.0,40380.0,-100.0,,"dawson, glenda",-1.0,right_only,,,,klarner_fallback
TX,2004,house,30,,,,,,,,,,,,,,,,,,,,,,0.0,35793.0,-100.0,,"morrison, geanie w",-1.0,right_only,,,,klarner_fallback
TX,2004,house,31,,,,,,,,,,,,,,,,,,,,,,20052.0,0.0,100.0,"guillen, ryan",,1.0,right_only,,,,klarner_fallback
TX,2004,house,32,,,,,,,,,,,,,,,,,,,,,,0.0,37240.0,-100.0,,"seaman, gene",-1.0,right_only,,,,klarner_fallback
TX,2004,house,33,,,,,,,,,,,,,,,,,,,,,,30481.0,0.0,100.0,"luna, vilma",,1.0,right_only,,,,klarner_fallback
TX,2004,house,34,23175.0,18924.0,10.097627022019525,Abel Herrero,Terry Arnold,0.0,0.0,0.0,True,1.0,0.0,0.0,0.0,,,,Texas official returns normalized by the Texas project,external://texas-state-house-and-state-senate-model/data/processed/elections/sos_canonical_candidate_totals_1992_2018.csv,Texas Secretary of State candidate-total exports,Texas official/canonical candidate and full-history incumbency exports,source_observed,23175.0,18924.0,10.097627022019525,"herrero, abel","arnold, terry",0.0,both,0.0,0.0,0.0,texas_official_upstream
TX,2004,house,35,23165.0,22316.0,1.8667135727006883,Yvonne Gonzalez Toureilles,Eric Opiela,0.0,0.0,0.0,True,1.0,0.0,0.0,0.0,,,,Texas official returns normalized by the Texas project,external://texas-state-house-and-state-senate-model/data/processed/elections/sos_canonical_candidate_totals_1992_2018.csv,Texas Secretary of State candidate-total exports,Texas official/canonical candidate and full-history incumbency exports,source_observed,23165.0,22316.0,1.8667135727006883,"toureilles, yvonne g","opiela, eric",0.0,both,0.0,0.0,0.0,texas_official_upstream
TX,2004,house,36,,,,,,,,,,,,,,,,,,,,,,18503.0,0.0,100.0,"flores, ismael (kino)",,1.0,right_only,,,,klarner_fallback
TX,2004,house,37,,,,,,,,,,,,,,,,,,,,,,16929.0,0.0,100.0,"oliveira, rene o",,1.0,right_only,,,,klarner_fallback
TX,2004,house,38,,,,,,,,,,,,,,,,,,,,,,20164.0,0.0,100.0,"solis, jim",,1.0,right_only,,,,klarner_fallback
TX,2004,house,39,,,,,,,,,,,,,,,,,,,,,,16335.0,0.0,100.0,"martinez, armando m (mando)",,0.0,right_only,,,,klarner_fallback
TX,2004,house,40,,,,,,,,,,,,,,,,,,,,,,16211.0,0.0,100.0,"pena, aaron",,1.0,right_only,,,,klarner_fallback
TX,2004,house,41,,,,,,,,,,,,,,,,,,,,,,17606.0,0.0,100.0,"gonzales, veronica",,0.0,right_only,,,,klarner_fallback
TX,2004,house,42,,,,,,,,,,,,,,,,,,,,,,27123.0,0.0,100.0,"penaraymond, richard p",,1.0,right_only,,,,klarner_fallback
TX,2004,house,43,20047.0,13756.0,18.610774191639795,Juan M. Escobar,John T. Hubert,1.0,0.0,1.0,True,1.0,0.0,0.0,0.0,,,,Texas official returns normalized by the Texas project,external://texas-state-house-and-state-senate-model/data/processed/elections/sos_canonical_candidate_totals_1992_2018.csv,Texas Secretary of State candidate-total exports,Texas official/canonical candidate and full-history incumbency exports,source_observed,20047.0,13756.0,18.610774191639795,"escobar, juan m","hubert, john t",0.0,both,0.0,0.0,0.0,texas_official_upstream
TX,2004,house,44,,,,,,,,,,,,,,,,,,,,,,0.0,44492.0,-100.0,,"kuempel, edmund",-1.0,right_only,,,,klarner_fallback
TX,2004,house,45,34264.0,28536.0,9.121019108280255,Patrick M. Rose,Alan A. Askew,1.0,0.0,1.0,True,1.0,0.0,0.0,0.0,,,,Texas official returns normalized by the Texas project,external://texas-state-house-and-state-senate-model/data/processed/elections/sos_canonical_candidate_totals_1992_2018.csv,Texas Secretary of State candidate-total exports,Texas official/canonical candidate and full-history incumbency exports,source_observed,34264.0,28536.0,9.121019108280255,"rose, patrick m","askew, alan a",1.0,both,0.0,0.0,0.0,texas_official_upstream
TX,2004,house,46,,,,,,,,,,,,,,,,,,,,,,29875.0,0.0,100.0,"dukes, dawnna m",,1.0,right_only,,,,klarner_fallback
TX,2004,house,47,,,,,,,,,,,,,,,,,,,,,,0.0,49075.0,-100.0,,"keel, terry",-1.0,right_only,,,,klarner_fallback
TX,2004,house,48,34258.0,34405.0,-0.21408910184524416,Kelly White,Todd Baxter,0.0,1.0,-1.0,True,0.0,1.0,0.0,0.0,,,,Texas official returns normalized by the Texas project,external://texas-state-house-and-state-senate-model/data/processed/elections/sos_canonical_candidate_totals_1992_2018.csv,Texas Secretary of State candidate-total exports,Texas official/canonical candidate and full-history incumbency exports,source_observed,34258.0,34405.0,-0.21408910184524416,"white, kelly","baxter, todd",-1.0,both,0.0,0.0,0.0,texas_official_upstream
TX,2004,house,49,,,,,,,,,,,,,,,,,,,,,,46818.0,0.0,100.0,"naishtat, elliott",,1.0,right_only,,,,klarner_fallback
TX,2004,house,50,31401.0,30832.0,0.9143059148683175,Mark Strama,Jack Stick,0.0,1.0,-1.0,True,1.0,0.0,0.0,0.0,,,,Texas official returns normalized by the Texas project,external://texas-state-house-and-state-senate-model/data/processed/elections/sos_canonical_candidate_totals_1992_2018.csv,Texas Secretary of State candidate-total exports,Texas official/canonical candidate and full-history incumbency exports,source_observed,31401.0,30832.0,0.9143059148683175,"strama, mark","stick, jack",-1.0,both,0.0,0.0,0.0,texas_official_upstream
TX,2004,house,51,,,,,,,,,,,,,,,,,,,,,,26856.0,0.0,100.0,"rodriguez, eddie",,1.0,right_only,,,,klarner_fallback
TX,2004,house,52,,,,,,,,,,,,,,,,,,,,,,0.0,41102.0,-100.0,,"krusee, michael (mike)",-1.0,right_only,,,,klarner_fallback
TX,2004,house,53,,,,,,,,,,,,,,,,,,,,,,0.0,46020.0,-100.0,,"hilderbran, harvey",-1.0,right_only,,,,klarner_fallback
TX,2004,house,54,18594.0,28907.0,-21.711121871118504,Edward Lindsay,Suzanna Gratia Hupp,0.0,1.0,-1.0,True,0.0,1.0,0.0,0.0,,,,Texas official returns normalized by the Texas project,external://texas-state-house-and-state-senate-model/data/processed/elections/sos_canonical_candidate_totals_1992_2018.csv,Texas Secretary of State candidate-total exports,Texas official/canonical candidate and full-history incumbency exports,source_observed,18594.0,28907.0,-21.711121871118504,"lindsay, edward","hupp, suzanna g",-1.0,both,0.0,0.0,0.0,texas_official_upstream
TX,2004,house,55,,,,,,,,,,,,,,,,,,,,,,0.0,37312.0,-100.0,,"delisi, dianne w",-1.0,right_only,,,,klarner_fallback
TX,2004,house,56,27288.0,31042.0,-6.435796331218927,John Mabry,"Charles ""Doc"" Anderson",1.0,0.0,1.0,True,0.0,1.0,0.0,0.0,,,,Texas official returns normalized by the Texas project,external://texas-state-house-and-state-senate-model/data/processed/elections/sos_canonical_candidate_totals_1992_2018.csv,Texas Secretary of State candidate-total exports,Texas official/canonical candidate and full-history incumbency exports,source_observed,27288.0,31042.0,-6.435796331218927,"mabry, john","anderson, charles (doc)",1.0,both,0.0,0.0,0.0,texas_official_upstream
TX,2004,house,57,23765.0,16974.0,16.669530425390903,Jim Dunnam,Jeffrey Hibbs,1.0,0.0,1.0,True,1.0,0.0,0.0,0.0,,,,Texas official returns normalized by the Texas project,external://texas-state-house-and-state-senate-model/data/processed/elections/sos_canonical_candidate_totals_1992_2018.csv,Texas Secretary of State candidate-total exports,Texas official/canonical candidate and full-history incumbency exports,source_observed,23765.0,16974.0,16.669530425390903,"dunnam, jim","hibbs, jeffrey t",1.0,both,0.0,0.0,0.0,texas_official_upstream
TX,2004,house,58,16020.0,37001.0,-39.57111333245318,Greg A. Kauffman,Rob Orr,0.0,0.0,0.0,True,0.0,1.0,0.0,0.0,,,,Texas official returns normalized by the Texas project,external://texas-state-house-and-state-senate-model/data/processed/elections/sos_canonical_candidate_totals_1992_2018.csv,Texas Secretary of State candidate-total exports,Texas official/canonical candidate and full-history incumbency exports,source_observed,16020.0,37001.0,-39.57111333245318,"kauffman, greg a","orr, rob",0.0,both,0.0,0.0,0.0,texas_official_upstream
TX,2004,house,59,15603.0,27621.0,-27.80399777901166,Rodney G. Nauert,Sid Miller,0.0,1.0,-1.0,True,0.0,1.0,0.0,0.0,,,,Texas official returns normalized by the Texas project,external://texas-state-house-and-state-senate-model/data/processed/elections/sos_canonical_candidate_totals_1992_2018.csv,Texas Secretary of State candidate-total exports,Texas official/canonical candidate and full-history incumbency exports,source_observed,15603.0,27621.0,-27.80399777901166,"nauert, rodney g","miller, sid",-1.0,both,0.0,0.0,0.0,texas_official_upstream
TX,2004,house,60,16536.0,38368.0,-39.76395162465394,Roland Graves,James L. (Jim) Keffer,0.0,1.0,-1.0,True,0.0,1.0,0.0,0.0,,,,Texas official returns normalized by the Texas project,external://texas-state-house-and-state-senate-model/data/processed/elections/sos_canonical_candidate_totals_1992_2018.csv,Texas Secretary of State candidate-total exports,Texas official/canonical candidate and full-history incumbency exports,source_observed,16536.0,38368.0,-39.76395162465394,"graves, roland","keffer, james l (jim)",-1.0,both,0.0,0.0,0.0,texas_official_upstream
TX,2004,house,61,,,,,,,,,,,,,,,,,,,,,,0.0,47315.0,-100.0,,"king, phil",-1.0,right_only,,,,klarner_fallback
TX,2004,house,62,,,,,,,,,,,,,,,,,,,,,,0.0,39128.0,-100.0,,"phillips, larry",0.0,right_only,,,,klarner_fallback
TX,2004,house,63,,,,,,,,,,,,,,,,,,,,,,0.0,58785.0,-100.0,,"denny, mary",-1.0,right_only,,,,klarner_fallback
TX,2004,house,64,,,,,,,,,,,,,,,,,,,,,,0.0,44577.0,-100.0,,"crownover, myra",-1.0,right_only,,,,klarner_fallback
TX,2004,house,65,,,,,,,,,,,,,,,,,,,,,,0.0,41407.0,-100.0,,"solomons, burt",-1.0,right_only,,,,klarner_fallback
TX,2004,house,66,,,,,,,,,,,,,,,,,,,,,,0.0,47071.0,-100.0,,"mccall, brian",-1.0,right_only,,,,klarner_fallback
TX,2004,house,67,,,,,,,,,,,,,,,,,,,,,,0.0,33134.0,-100.0,,"madden, jerry a",-1.0,right_only,,,,klarner_fallback
TX,2004,house,68,,,,,,,,,,,,,,,,,,,,,,0.0,39454.0,-100.0,,"hardcastle, richard l (rick)",-1.0,right_only,,,,klarner_fallback
TX,2004,house,69,25928.0,22904.0,6.192660550458716,David Farabee,Shirley Craft,1.0,0.0,1.0,True,1.0,0.0,0.0,0.0,,,,Texas official returns normalized by the Texas project,external://texas-state-house-and-state-senate-model/data/processed/elections/sos_canonical_candidate_totals_1992_2018.csv,Texas Secretary of State candidate-total exports,Texas official/canonical candidate and full-history incumbency exports,source_observed,25928.0,22904.0,6.192660550458716,"farabee, david","craft, shirley",1.0,both,0.0,0.0,0.0,texas_official_upstream
TX,2004,house,70,18451.0,58520.0,-52.057268321835494,Martin Woodward,Ken Paxton,0.0,1.0,-1.0,True,0.0,1.0,0.0,0.0,,,,Texas official returns normalized by the Texas project,external://texas-state-house-and-state-senate-model/data/processed/elections/sos_canonical_candidate_totals_1992_2018.csv,Texas Secretary of State candidate-total exports,Texas official/canonical candidate and full-history incumbency exports,source_observed,18451.0,58520.0,-52.057268321835494,"woodward, martin","paxton, ken",-1.0,both,0.0,0.0,0.0,texas_official_upstream
TX,2004,house,71,,,,,,,,,,,,,,,,,,,,,,0.0,41479.0,-100.0,,"hunter, bob",-1.0,right_only,,,,klarner_fallback
TX,2004,house,72,19387.0,25926.0,-14.43073731600203,Jeri Slone,Scott Campbell,0.0,1.0,-1.0,True,0.0,1.0,0.0,0.0,,,,Texas official returns normalized by the Texas project,external://texas-state-house-and-state-senate-model/data/processed/elections/sos_canonical_candidate_totals_1992_2018.csv,Texas Secretary of State candidate-total exports,Texas official/canonical candidate and full-history incumbency exports,source_observed,19387.0,25926.0,-14.43073731600203,"slone, jeri","campbell, scott",-1.0,both,0.0,0.0,0.0,texas_official_upstream
TX,2004,house,73,,,,,,,,,,,,,,,,,,,,,,0.0,60504.0,-100.0,,"casteel, carter",-1.0,right_only,,,,klarner_fallback
TX,2004,house,74,,,,,,,,,,,,,,,,,,,,,,28497.0,0.0,100.0,"gallego, pete p",,1.0,right_only,,,,klarner_fallback
TX,2004,house,75,,,,,,,,,,,,,,,,,,,,,,22040.0,0.0,100.0,"quintanilla, chente",,1.0,right_only,,,,klarner_fallback
TX,2004,house,76,,,,,,,,,,,,,,,,,,,,,,25010.0,0.0,100.0,"chavez, norma",,1.0,right_only,,,,klarner_fallback
TX,2004,house,77,,,,,,,,,,,,,,,,,,,,,,20647.0,0.0,100.0,"moreno, paul",,1.0,right_only,,,,klarner_fallback
TX,2004,house,78,,,,,,,,,,,,,,,,,,,,,,0.0,30114.0,-100.0,,"haggerty, patrick (pat)",-1.0,right_only,,,,klarner_fallback
TX,2004,house,79,21053.0,10561.0,33.18782817738976,Joe C. Pickett,Dan Chavez,1.0,0.0,1.0,True,1.0,0.0,0.0,0.0,,,,Texas official returns normalized by the Texas project,external://texas-state-house-and-state-senate-model/data/processed/elections/sos_canonical_candidate_totals_1992_2018.csv,Texas Secretary of State candidate-total exports,Texas official/canonical candidate and full-history incumbency exports,source_observed,21053.0,10561.0,33.18782817738976,"pickett, joseph c (joe)","chavez, dan",1.0,both,0.0,0.0,0.0,texas_official_upstream
TX,2004,house,80,,,,,,,,,,,,,,,,,,,,,,28230.0,0.0,100.0,"king, tracy o",,0.0,right_only,,,,klarner_fallback
TX,2004,house,81,10379.0,31288.0,-50.181198550411594,Arlo Chavira,"G.E. ""Buddy"" West",0.0,1.0,-1.0,True,0.0,1.0,0.0,0.0,,,,Texas official returns normalized by the Texas project,external://texas-state-house-and-state-senate-model/data/processed/elections/sos_canonical_candidate_totals_1992_2018.csv,Texas Secretary of State candidate-total exports,Texas official/canonical candidate and full-history incumbency exports,source_observed,10379.0,31288.0,-50.181198550411594,"chavira, arlo","west, g e (buddy)",-1.0,both,0.0,0.0,0.0,texas_official_upstream
TX,2004,house,82,,,,,,,,,,,,,,,,,,,,,,0.0,42237.0,-100.0,,"craddick, tom",-1.0,right_only,,,,klarner_fallback
TX,2004,house,83,12561.0,46321.0,-57.33500900105295,John E. Miller,Delwin Jones,0.0,1.0,-1.0,True,0.0,1.0,0.0,0.0,,,,Texas official returns normalized by the Texas project,external://texas-state-house-and-state-senate-model/data/processed/elections/sos_canonical_candidate_totals_1992_2018.csv,Texas Secretary of State candidate-total exports,Texas official/canonical candidate and full-history incumbency exports,source_observed,12561.0,46321.0,-57.33500900105295,"miller, john e 2","jones, delwin",-1.0,both,0.0,0.0,0.0,texas_official_upstream
TX,2004,house,84,14562.0,31098.0,-36.21550591327201,Freda McVay,Carl H. Isett,0.0,1.0,-1.0,True,0.0,1.0,0.0,0.0,,,,Texas official returns normalized by the Texas project,external://texas-state-house-and-state-senate-model/data/processed/elections/sos_canonical_candidate_totals_1992_2018.csv,Texas Secretary of State candidate-total exports,Texas official/canonical candidate and full-history incumbency exports,source_observed,14562.0,31098.0,-36.21550591327201,"mcvay, freda","isett, carl h",-1.0,both,0.0,0.0,0.0,texas_official_upstream
TX,2004,house,85,25602.0,17967.0,17.523927563175654,"James E. ""Pete"" Laney",Kent Sharp,1.0,0.0,1.0,True,1.0,0.0,0.0,0.0,,,,Texas official returns normalized by the Texas project,external://texas-state-house-and-state-senate-model/data/processed/elections/sos_canonical_candidate_totals_1992_2018.csv,Texas Secretary of State candidate-total exports,Texas official/canonical candidate and full-history incumbency exports,source_observed,25602.0,17967.0,17.523927563175654,"laney, james (petep)","sharp, kent",1.0,both,0.0,0.0,0.0,texas_official_upstream
TX,2004,house,86,,,,,,,,,,,,,,,,,,,,,,0.0,49536.0,-100.0,,"smithee, john",-1.0,right_only,,,,klarner_fallback
TX,2004,house,87,,,,,,,,,,,,,,,,,,,,,,0.0,29812.0,-100.0,,"swinford, david",-1.0,right_only,,,,klarner_fallback
TX,2004,house,88,,,,,,,,,,,,,,,,,,,,,,0.0,39293.0,-100.0,,"chisum, warren",-1.0,right_only,,,,klarner_fallback
TX,2004,house,89,16591.0,53875.0,-52.91062356313683,Lehman Harris,Jodie Laubenberg,0.0,1.0,-1.0,True,0.0,1.0,0.0,0.0,,,,Texas official returns normalized by the Texas project,external://texas-state-house-and-state-senate-model/data/processed/elections/sos_canonical_candidate_totals_1992_2018.csv,Texas Secretary of State candidate-total exports,Texas official/canonical candidate and full-history incumbency exports,source_observed,16591.0,53875.0,-52.91062356313683,"harris, lehman","laubenberg, jodie",-1.0,both,0.0,0.0,0.0,texas_official_upstream
TX,2004,house,90,14841.0,7913.0,30.447393864814977,Lon Burnam,Larry Keilberg,1.0,0.0,1.0,True,1.0,0.0,0.0,0.0,,,,Texas official returns normalized by the Texas project,external://texas-state-house-and-state-senate-model/data/processed/elections/sos_canonical_candidate_totals_1992_2018.csv,Texas Secretary of State candidate-total exports,Texas official/canonical candidate and full-history incumbency exports,source_observed,14841.0,7913.0,30.447393864814977,"burnam, lon","keilberg, larry",1.0,both,0.0,0.0,0.0,texas_official_upstream
TX,2004,house,91,,,,,,,,,,,,,,,,,,,,,,0.0,38560.0,-100.0,,"griggs, bob e",-1.0,right_only,,,,klarner_fallback
TX,2004,house,92,,,,,,,,,,,,,,,,,,,,,,0.0,40707.0,-100.0,,"smith, todd",-1.0,right_only,,,,klarner_fallback
TX,2004,house,93,17924.0,22866.0,-12.115714635940181,Mike Gregory,Toby Goodman,0.0,1.0,-1.0,True,0.0,1.0,0.0,0.0,,,,Texas official returns normalized by the Texas project,external://texas-state-house-and-state-senate-model/data/processed/elections/sos_canonical_candidate_totals_1992_2018.csv,Texas Secretary of State candidate-total exports,Texas official/canonical candidate and full-history incumbency exports,source_observed,17924.0,22866.0,-12.115714635940181,"gregory, mike","goodman, toby",-1.0,both,0.0,0.0,0.0,texas_official_upstream
TX,2004,house,94,21262.0,36377.0,-26.223563906382832,Ruby Woolridge,Kent Grusendorf,0.0,1.0,-1.0,True,0.0,1.0,0.0,0.0,,,,Texas official returns normalized by the Texas project,external://texas-state-house-and-state-senate-model/data/processed/elections/sos_canonical_candidate_totals_1992_2018.csv,Texas Secretary of State candidate-total exports,Texas official/canonical candidate and full-history incumbency exports,source_observed,21262.0,36377.0,-26.223563906382832,"woolridge, ruby","grusendorf, kent",-1.0,both,0.0,0.0,0.0,texas_official_upstream
TX,2004,house,95,,,,,,,,,,,,,,,,,,,,,,33769.0,0.0,100.0,"veasey, marc",,0.0,right_only,,,,klarner_fallback
TX,2004,house,96,26447.0,40224.0,-20.664156829806064,Darrel R. Cox,Bill Zedler,0.0,1.0,-1.0,True,0.0,1.0,0.0,0.0,,,,Texas official returns normalized by the Texas project,external://texas-state-house-and-state-senate-model/data/processed/elections/sos_canonical_candidate_totals_1992_2018.csv,Texas Secretary of State candidate-total exports,Texas official/canonical candidate and full-history incumbency exports,source_observed,26447.0,40224.0,-20.664156829806064,"cox, darrel","zedler, bill",-1.0,both,0.0,0.0,0.0,texas_official_upstream
TX,2004,house,97,23425.0,40306.0,-26.48789443128148,Nancy R. Stevens,Anna Mowery,0.0,1.0,-1.0,True,0.0,1.0,0.0,0.0,,,,Texas official returns normalized by the Texas project,external://texas-state-house-and-state-senate-model/data/processed/elections/sos_canonical_candidate_totals_1992_2018.csv,Texas Secretary of State candidate-total exports,Texas official/canonical candidate and full-history incumbency exports,source_observed,23425.0,40306.0,-26.48789443128148,"stevens, nancy r","mowery, anna",-1.0,both,0.0,0.0,0.0,texas_official_upstream
TX,2004,house,98,,,,,,,,,,,,,,,,,,,,,,0.0,64337.0,-100.0,,"truitt, vicki",-1.0,right_only,,,,klarner_fallback
TX,2004,house,99,17602.0,40441.0,-39.348414106782904,Jeanette Popp,Charlie Geren,0.0,1.0,-1.0,True,0.0,1.0,0.0,0.0,,,,Texas official returns normalized by the Texas project,external://texas-state-house-and-state-senate-model/data/processed/elections/sos_canonical_candidate_totals_1992_2018.csv,Texas Secretary of State candidate-total exports,Texas official/canonical candidate and full-history incumbency exports,source_observed,17602.0,40441.0,-39.348414106782904,"popp, jeanette","geren, charlie",-1.0,both,0.0,0.0,0.0,texas_official_upstream
TX,2004,house,100,,,,,,,,,,,,,,,,,,,,,,24558.0,0.0,100.0,"hodge, terri",,1.0,right_only,,,,klarner_fallback
TX,2004,house,101,,,,,,,,,,,,,,,,,,,,,,0.0,28527.0,-100.0,,"reyna, elvira",-1.0,right_only,,,,klarner_fallback
TX,2004,house,102,18881.0,21457.0,-6.386037979076801,Harriet Miller,Tony Goolsby,0.0,1.0,-1.0,True,0.0,1.0,0.0,0.0,,,,Texas official returns normalized by the Texas project,external://texas-state-house-and-state-senate-model/data/processed/elections/sos_canonical_candidate_totals_1992_2018.csv,Texas Secretary of State candidate-total exports,Texas official/canonical candidate and full-history incumbency exports,source_observed,18881.0,21457.0,-6.386037979076801,"miller, harriet","goolsby, tony",-1.0,both,0.0,0.0,0.0,texas_official_upstream
TX,2004,house,103,,,,,,,,,,,,,,,,,,,,,,13169.0,0.0,100.0,"anchia, rafael m",,0.0,right_only,,,,klarner_fallback
TX,2004,house,104,,,,,,,,,,,,,,,,,,,,,,15328.0,0.0,100.0,"alonzo, roberto r",,1.0,right_only,,,,klarner_fallback
TX,2004,house,105,14884.0,21599.0,-18.405832853657866,Mike Moore,Linda Harper-Brown,0.0,1.0,-1.0,True,0.0,1.0,0.0,0.0,,,,Texas official returns normalized by the Texas project,external://texas-state-house-and-state-senate-model/data/processed/elections/sos_canonical_candidate_totals_1992_2018.csv,Texas Secretary of State candidate-total exports,Texas official/canonical candidate and full-history incumbency exports,source_observed,14884.0,21599.0,-18.405832853657866,"moore, mike","harperbrown, linda",-1.0,both,0.0,0.0,0.0,texas_official_upstream
TX,2004,house,106,16987.0,18828.0,-5.140304341756248,Katy Hubener,Ray Allen,0.0,1.0,-1.0,True,0.0,1.0,0.0,0.0,,,,Texas official returns normalized by the Texas project,external://texas-state-house-and-state-senate-model/data/processed/elections/sos_canonical_candidate_totals_1992_2018.csv,Texas Secretary of State candidate-total exports,Texas official/canonical candidate and full-history incumbency exports,source_observed,16987.0,18828.0,-5.140304341756248,"hubener, katy","allen, ray",-1.0,both,0.0,0.0,0.0,texas_official_upstream
TX,2004,house,107,,,,,,,,,,,,,,,,,,,,,,0.0,31609.0,-100.0,,"keffer, bill",-1.0,right_only,,,,klarner_fallback
TX,2004,house,108,19010.0,31684.0,-25.000986310016966,Malcolm Dade,Dan Branch,0.0,1.0,-1.0,True,0.0,1.0,0.0,0.0,,,,Texas official returns normalized by the Texas project,external://texas-state-house-and-state-senate-model/data/processed/elections/sos_canonical_candidate_totals_1992_2018.csv,Texas Secretary of State candidate-total exports,Texas official/canonical candidate and full-history incumbency exports,source_observed,19010.0,31684.0,-25.000986310016966,"dade, malcolm","branch, dan",-1.0,both,0.0,0.0,0.0,texas_official_upstream
TX,2004,house,109,,,,,,,,,,,,,,,,,,,,,,43932.0,0.0,100.0,"giddings, helen",,1.0,right_only,,,,klarner_fallback
TX,2004,house,110,,,,,,,,,,,,,,,,,,,,,,27720.0,0.0,100.0,"jones, jesse",,1.0,right_only,,,,klarner_fallback
TX,2004,house,111,,,,,,,,,,,,,,,,,,,,,,37129.0,0.0,100.0,"davis, yvonne",,1.0,right_only,,,,klarner_fallback
TX,2004,house,112,17947.0,34473.0,-31.52613506295307,Brian Booker,Fred Hill,0.0,1.0,-1.0,True,0.0,1.0,0.0,0.0,,,,Texas official returns normalized by the Texas project,external://texas-state-house-and-state-senate-model/data/processed/elections/sos_canonical_candidate_totals_1992_2018.csv,Texas Secretary of State candidate-total exports,Texas official/canonical candidate and full-history incumbency exports,source_observed,17947.0,34473.0,-31.52613506295307,"booker, brian","hill, fred",-1.0,both,0.0,0.0,0.0,texas_official_upstream
TX,2004,house,113,16272.0,30376.0,-30.234951123306466,Eric Brandler,Joe Driver,0.0,1.0,-1.0,True,0.0,1.0,0.0,0.0,,,,Texas official returns normalized by the Texas project,external://texas-state-house-and-state-senate-model/data/processed/elections/sos_canonical_candidate_totals_1992_2018.csv,Texas Secretary of State candidate-total exports,Texas official/canonical candidate and full-history incumbency exports,source_observed,16272.0,30376.0,-30.234951123306466,"brandler, eric a","driver, joe",-1.0,both,0.0,0.0,0.0,texas_official_upstream
TX,2004,house,114,,,,,,,,,,,,,,,,,,,,,,0.0,31810.0,-100.0,,"hartnett, will",-1.0,right_only,,,,klarner_fallback
TX,2004,house,115,,,,,,,,,,,,,,,,,,,,,,0.0,37739.0,-100.0,,"jackson, jim",0.0,right_only,,,,klarner_fallback
TX,2004,house,116,23436.0,13061.0,28.42699399950681,Trey Martinez Fischer,Chris Shindler,1.0,0.0,1.0,True,1.0,0.0,0.0,0.0,,,,Texas official returns normalized by the Texas project,external://texas-state-house-and-state-senate-model/data/processed/elections/sos_canonical_candidate_totals_1992_2018.csv,Texas Secretary of State candidate-total exports,Texas official/canonical candidate and full-history incumbency exports,source_observed,23436.0,13061.0,28.42699399950681,"martinezfischer, trey","shindler, chris",1.0,both,0.0,0.0,0.0,texas_official_upstream
TX,2004,house,117,19707.0,19209.0,1.2796793092815295,David McQuade Leibowitz,Ken Mercer,0.0,1.0,-1.0,True,1.0,0.0,0.0,0.0,,,,Texas official returns normalized by the Texas project,external://texas-state-house-and-state-senate-model/data/processed/elections/sos_canonical_candidate_totals_1992_2018.csv,Texas Secretary of State candidate-total exports,Texas official/canonical candidate and full-history incumbency exports,source_observed,19707.0,19209.0,1.2796793092815295,"leibowitz, david m","mercer, ken",-1.0,both,0.0,0.0,0.0,texas_official_upstream
TX,2004,house,118,21265.0,16183.0,13.570818201239051,"Carlos ""Charlie"" Uresti",Steve Salyer,1.0,0.0,1.0,True,1.0,0.0,0.0,0.0,,,,Texas official returns normalized by the Texas project,external://texas-state-house-and-state-senate-model/data/processed/elections/sos_canonical_candidate_totals_1992_2018.csv,Texas Secretary of State candidate-total exports,Texas official/canonical candidate and full-history incumbency exports,source_observed,21265.0,16183.0,13.570818201239051,"uresti, carlos i (charlie)","salyer, steve",1.0,both,0.0,0.0,0.0,texas_official_upstream
TX,2004,house,119,22939.0,13839.0,24.743052912066997,Robert R. Puente,Loretta Kusek,1.0,0.0,1.0,True,1.0,0.0,0.0,0.0,,,,Texas official returns normalized by the Texas project,external://texas-state-house-and-state-senate-model/data/processed/elections/sos_canonical_candidate_totals_1992_2018.csv,Texas Secretary of State candidate-total exports,Texas official/canonical candidate and full-history incumbency exports,source_observed,22939.0,13839.0,24.743052912066997,"puente, robert r","kusek, loretta",1.0,both,0.0,0.0,0.0,texas_official_upstream
TX,2004,house,120,,,,,,,,,,,,,,,,,,,,,,27268.0,0.0,100.0,"mcclendon, ruth j",,1.0,right_only,,,,klarner_fallback
TX,2004,house,121,,,,,,,,,,,,,,,,,,,,,,0.0,46997.0,-100.0,,"jones, elizabeth a",-1.0,right_only,,,,klarner_fallback
TX,2004,house,122,,,,,,,,,,,,,,,,,,,,,,0.0,66896.0,-100.0,,"corte, frank j, jr",-1.0,right_only,,,,klarner_fallback
TX,2004,house,123,21769.0,13570.0,23.20099606666855,Mike Villarreal,Sandra Ojeda Medina,1.0,0.0,1.0,True,1.0,0.0,0.0,0.0,,,,Texas official returns normalized by the Texas project,external://texas-state-house-and-state-senate-model/data/processed/elections/sos_canonical_candidate_totals_1992_2018.csv,Texas Secretary of State candidate-total exports,Texas official/canonical candidate and full-history incumbency exports,source_observed,21769.0,13570.0,23.20099606666855,"villarreal, mike","medina, sandra o",1.0,both,0.0,0.0,0.0,texas_official_upstream
TX,2004,house,124,,,,,,,,,,,,,,,,,,,,,,28652.0,0.0,100.0,"menendez, jose",,1.0,right_only,,,,klarner_fallback
TX,2004,house,125,,,,,,,,,,,,,,,,,,,,,,30234.0,0.0,100.0,"castro, joaquin",,1.0,right_only,,,,klarner_fallback
TX,2004,house,126,15460.0,34865.0,-38.55936413313462,Casey McKinney,Peggy Hamric,0.0,1.0,-1.0,True,0.0,1.0,0.0,0.0,,,,Texas official returns normalized by the Texas project,external://texas-state-house-and-state-senate-model/data/processed/elections/sos_canonical_candidate_totals_1992_2018.csv,Texas Secretary of State candidate-total exports,Texas official/canonical candidate and full-history incumbency exports,source_observed,15460.0,34865.0,-38.55936413313462,"mckinney, casey","hamric, peggy",-1.0,both,0.0,0.0,0.0,texas_official_upstream
TX,2004,house,127,18261.0,43525.0,-40.88952189816463,Charlotte H. Coffelt,Joe Crabb,0.0,1.0,-1.0,True,0.0,1.0,0.0,0.0,,,,Texas official returns normalized by the Texas project,external://texas-state-house-and-state-senate-model/data/processed/elections/sos_canonical_candidate_totals_1992_2018.csv,Texas Secretary of State candidate-total exports,Texas official/canonical candidate and full-history incumbency exports,source_observed,18261.0,43525.0,-40.88952189816463,"coffelt, charlotte h","crabb, joe",-1.0,both,0.0,0.0,0.0,texas_official_upstream
TX,2004,house,128,13807.0,26014.0,-30.65467969162,Mitch Contreras,Wayne Smith,0.0,1.0,-1.0,True,0.0,1.0,0.0,0.0,,,,Texas official returns normalized by the Texas project,external://texas-state-house-and-state-senate-model/data/processed/elections/sos_canonical_candidate_totals_1992_2018.csv,Texas Secretary of State candidate-total exports,Texas official/canonical candidate and full-history incumbency exports,source_observed,13807.0,26014.0,-30.65467969162,"contreras, mitch","smith, wayne",-1.0,both,0.0,0.0,0.0,texas_official_upstream
TX,2004,house,129,,,,,,,,,,,,,,,,,,,,,,0.0,40002.0,-100.0,,"davis, john e 2",-1.0,right_only,,,,klarner_fallback
TX,2004,house,130,,,,,,,,,,,,,,,,,,,,,,0.0,54026.0,-100.0,,"vanarsdale, corbin",-1.0,right_only,,,,klarner_fallback
TX,2004,house,131,,,,,,,,,,,,,,,,,,,,,,28474.0,0.0,100.0,"allen, alma a",,0.0,right_only,,,,klarner_fallback
TX,2004,house,132,,,,,,,,,,,,,,,,,,,,,,0.0,40328.0,-100.0,,"callegari, bill",-1.0,right_only,,,,klarner_fallback
TX,2004,house,133,,,,,,,,,,,,,,,,,,,,,,0.0,21184.0,-100.0,,"nixon, joe",-1.0,right_only,,,,klarner_fallback
TX,2004,house,134,29806.0,36021.0,-9.441414617102405,Jim Dougherty,Martha Wong,0.0,1.0,-1.0,True,0.0,1.0,0.0,0.0,,,,Texas official returns normalized by the Texas project,external://texas-state-house-and-state-senate-model/data/processed/elections/sos_canonical_candidate_totals_1992_2018.csv,Texas Secretary of State candidate-total exports,Texas official/canonical candidate and full-history incumbency exports,source_observed,29806.0,36021.0,-9.441414617102405,"dougherty, jim","wong, martha",-1.0,both,0.0,0.0,0.0,texas_official_upstream
TX,2004,house,135,,,,,,,,,,,,,,,,,,,,,,0.0,31014.0,-100.0,,"elkins, gary",-1.0,right_only,,,,klarner_fallback
TX,2004,house,136,,,,,,,,,,,,,,,,,,,,,,0.0,41719.0,-100.0,,"woolley, beverly",-1.0,right_only,,,,klarner_fallback
TX,2004,house,137,10565.0,8095.0,13.236870310825294,Scott Hochberg,Ann Witt,1.0,0.0,1.0,True,1.0,0.0,0.0,0.0,,,,Texas official returns normalized by the Texas project,external://texas-state-house-and-state-senate-model/data/processed/elections/sos_canonical_candidate_totals_1992_2018.csv,Texas Secretary of State candidate-total exports,Texas official/canonical candidate and full-history incumbency exports,source_observed,10565.0,8095.0,13.236870310825294,"hochberg, scott","witt, ann",1.0,both,0.0,0.0,0.0,texas_official_upstream
TX,2004,house,138,13201.0,23217.0,-27.5028831896315,Fred Ashmead,Dwayne Bohac,0.0,1.0,-1.0,True,0.0,1.0,0.0,0.0,,,,Texas official returns normalized by the Texas project,external://texas-state-house-and-state-senate-model/data/processed/elections/sos_canonical_candidate_totals_1992_2018.csv,Texas Secretary of State candidate-total exports,Texas official/canonical candidate and full-history incumbency exports,source_observed,13201.0,23217.0,-27.5028831896315,"ashmead, fred","bohac, dwayne",-1.0,both,0.0,0.0,0.0,texas_official_upstream
TX,2004,house,139,,,,,,,,,,,,,,,,,,,,,,30151.0,0.0,100.0,"turner, sylvester",,1.0,right_only,,,,klarner_fallback
TX,2004,house,140,12061.0,5821.0,34.895425567609884,Kevin Bailey,Don Large,1.0,0.0,1.0,True,1.0,0.0,0.0,0.0,,,,Texas official returns normalized by the Texas project,external://texas-state-house-and-state-senate-model/data/processed/elections/sos_canonical_candidate_totals_1992_2018.csv,Texas Secretary of State candidate-total exports,Texas official/canonical candidate and full-history incumbency exports,source_observed,12061.0,5821.0,34.895425567609884,"bailey, kevin","large, don",1.0,both,0.0,0.0,0.0,texas_official_upstream
TX,2004,house,141,,,,,,,,,,,,,,,,,,,,,,27490.0,0.0,100.0,"thompson, senfronia 1",,1.0,right_only,,,,klarner_fallback
TX,2004,house,142,28969.0,7175.0,60.29769809650288,"Harold V. Dutton, Jr.",Matthew Taylor Morones,1.0,0.0,1.0,True,1.0,0.0,0.0,0.0,,,,Texas official returns normalized by the Texas project,external://texas-state-house-and-state-senate-model/data/processed/elections/sos_canonical_candidate_totals_1992_2018.csv,Texas Secretary of State candidate-total exports,Texas official/canonical candidate and full-history incumbency exports,source_observed,28969.0,7175.0,60.29769809650288,"dutton, harold v, jr","morones, matthew t",1.0,both,0.0,0.0,0.0,texas_official_upstream
TX,2004,house,143,,,,,,,,,,,,,,,,,,,,,,13282.0,0.0,100.0,"moreno, joe e",,1.0,right_only,,,,klarner_fallback
TX,2004,house,144,,,,,,,,,,,,,,,,,,,,,,0.0,25873.0,-100.0,,"talton, robert e",-1.0,right_only,,,,klarner_fallback
TX,2004,house,145,,,,,,,,,,,,,,,,,,,,,,15160.0,0.0,100.0,"noriega, richard (rick)",,1.0,right_only,,,,klarner_fallback
TX,2004,house,146,,,,,,,,,,,,,,,,,,,,,,36773.0,0.0,100.0,"edwards, al",,1.0,right_only,,,,klarner_fallback
TX,2004,house,147,,,,,,,,,,,,,,,,,,,,,,32566.0,0.0,100.0,"coleman, garnet f",,1.0,right_only,,,,klarner_fallback
TX,2004,house,148,,,,,,,,,,,,,,,,,,,,,,21041.0,0.0,100.0,"farrar, jessica c",,1.0,right_only,,,,klarner_fallback
TX,2004,house,149,20695.0,20662.0,0.0797930217375535,Hubert Vo,Talmadge Heflin,0.0,1.0,-1.0,True,1.0,0.0,0.0,0.0,,,,Texas official returns normalized by the Texas project,external://texas-state-house-and-state-senate-model/data/processed/elections/sos_canonical_candidate_totals_1992_2018.csv,Texas Secretary of State candidate-total exports,Texas official/canonical candidate and full-history incumbency exports,source_observed,20695.0,20662.0,0.0797930217375535,"vo, hubert","heflin, talmadge",-1.0,both,0.0,0.0,0.0,texas_official_upstream
TX,2004,house,150,,,,,,,,,,,,,,,,,,,,,,0.0,44425.0,-100.0,,"riddle, debbie",-1.0,right_only,,,,klarner_fallback
TX,2004,senate,4,,,,,,,,,,,,,,,,,,,,,,0.0,176464.0,-100.0,,"williams, thomas d (tommy)",-1.0,right_only,,,,klarner_fallback
TX,2004,senate,6,,,,,,,,,,,,,,,,,,,,,,75318.0,0.0,100.0,"gallegos, mario v, jr",,1.0,right_only,,,,klarner_fallback
TX,2004,senate,9,,,,,,,,,,,,,,,,,,,,,,0.0,143501.0,-100.0,,"harris, chris",-1.0,right_only,,,,klarner_fallback
TX,2004,senate,10,107853.0,156831.0,-18.504329691254476,Andrew B. Hill,Kim Brimer,0.0,1.0,-1.0,True,0.0,1.0,0.0,0.0,,,,Texas official returns normalized by the Texas project,external://texas-state-house-and-state-senate-model/data/processed/elections/sos_canonical_candidate_totals_1992_2018.csv,Texas Secretary of State candidate-total exports,Texas official/canonical candidate and full-history incumbency exports,source_observed,107853.0,156831.0,-18.504329691254476,"hill, andrew b","brimer, kenneth (kim)",-1.0,both,0.0,0.0,0.0,texas_official_upstream
TX,2004,senate,11,,,,,,,,,,,,,,,,,,,,,,0.0,177554.0,-100.0,,"jackson, mike",-1.0,right_only,,,,klarner_fallback
TX,2004,senate,16,,,,,,,,,,,,,,,,,,,,,,0.0,142542.0,-100.0,,"carona, john",-1.0,right_only,,,,klarner_fallback
TX,2004,senate,20,,,,,,,,,,,,,,,,,,,,,,116723.0,0.0,100.0,"hinojosa, juan (chuy)",,1.0,right_only,,,,klarner_fallback
TX,2004,senate,21,,,,,,,,,,,,,,,,,,,,,,127573.0,0.0,100.0,"zaffirini, judith",,1.0,right_only,,,,klarner_fallback
TX,2004,senate,23,,,,,,,,,,,,,,,,,,,,,,150244.0,0.0,100.0,"west, royce",,1.0,right_only,,,,klarner_fallback
TX,2004,senate,24,,,,,,,,,,,,,,,,,,,,,,0.0,189778.0,-100.0,,"fraser, troy",-1.0,right_only,,,,klarner_fallback
TX,2004,senate,26,105625.0,74070.0,17.560310526169342,Leticia R. Van de Putte,Jim Valdez,1.0,0.0,1.0,True,1.0,0.0,0.0,0.0,,,,Texas official returns normalized by the Texas project,external://texas-state-house-and-state-senate-model/data/processed/elections/sos_canonical_candidate_totals_1992_2018.csv,Texas Secretary of State candidate-total exports,Texas official/canonical candidate and full-history incumbency exports,source_observed,105625.0,74070.0,17.560310526169342,"vandeputte, leticia","valdez, jim",1.0,both,0.0,0.0,0.0,texas_official_upstream
TX,2004,senate,27,,,,,,,,,,,,,,,,,,,,,,89984.0,0.0,100.0,"lucio, eddie, jr 1",,1.0,right_only,,,,klarner_fallback
TX,2004,senate,28,,,,,,,,,,,,,,,,,,,,,,0.0,176588.0,-100.0,,"duncan, robert l",-1.0,right_only,,,,klarner_fallback
TX,2004,senate,30,81614.0,182057.0,-38.09406419363525,Paul S. Gibbs,Craig L. Estes,0.0,1.0,-1.0,True,0.0,1.0,0.0,0.0,,,,Texas official returns normalized by the Texas project,external://texas-state-house-and-state-senate-model/data/processed/elections/sos_canonical_candidate_totals_1992_2018.csv,Texas Secretary of State candidate-total exports,Texas official/canonical candidate and full-history incumbency exports,source_observed,81614.0,182057.0,-38.09406419363525,"gibbs, paul s","estes, craig",-1.0,both,0.0,0.0,0.0,texas_official_upstream
TX,2004,senate,31,46556.0,170299.0,-57.06255331903807,Elaine King Miller,Kel Seliger,0.0,0.0,0.0,True,0.0,1.0,0.0,0.0,,,,Texas official returns normalized by the Texas project,external://texas-state-house-and-state-senate-model/data/processed/elections/sos_canonical_candidate_totals_1992_2018.csv,Texas Secretary of State candidate-total exports,Texas official/canonical candidate and full-history incumbency exports,source_observed,46556.0,170299.0,-57.06255331903807,"miller, elaine k","seliger, kel",0.0,both,0.0,0.0,0.0,texas_official_upstream
TX,2006,house,1,,,,,,,,,,,,,,,,,,,,,,21841.0,0.0,100.0,"frost, stephen j",,1.0,right_only,,,,klarner_fallback
TX,2006,house,2,11926.0,18783.0,-22.32895893711941,Scott Cornuaud,Dan Flynn,0.0,1.0,-1.0,True,0.0,1.0,0.0,0.0,,,,Texas official returns normalized by the Texas project,external://texas-state-house-and-state-senate-model/data/processed/elections/sos_canonical_candidate_totals_1992_2018.csv,Texas Secretary of State candidate-total exports,Texas official/canonical candidate and full-history incumbency exports,source_observed,11926.0,18783.0,-22.32895893711941,"cornuaud, scott","flynn, dan",-1.0,both,0.0,0.0,0.0,texas_official_upstream
TX,2006,house,3,19632.0,14032.0,16.634980988593156,Mark S. Homer,Kirby Hollingsworth,1.0,0.0,1.0,True,1.0,0.0,0.0,0.0,,,,Texas official returns normalized by the Texas project,external://texas-state-house-and-state-senate-model/data/processed/elections/sos_canonical_candidate_totals_1992_2018.csv,Texas Secretary of State candidate-total exports,Texas official/canonical candidate and full-history incumbency exports,source_observed,19632.0,14032.0,16.634980988593156,"homer, mark","hollingsworth, kirby",1.0,both,0.0,0.0,0.0,texas_official_upstream
TX,2006,house,4,13128.0,21547.0,-24.27974044700793,"K.J. ""Bear"" Gleason",Betty Brown,0.0,1.0,-1.0,True,0.0,1.0,0.0,0.0,,,,Texas official returns normalized by the Texas project,external://texas-state-house-and-state-senate-model/data/processed/elections/sos_canonical_candidate_totals_1992_2018.csv,Texas Secretary of State candidate-total exports,Texas official/canonical candidate and full-history incumbency exports,source_observed,13128.0,21547.0,-24.27974044700793,"gleason, k j (bear)","brown, betty",-1.0,both,0.0,0.0,0.0,texas_official_upstream
TX,2006,house,5,,,,,,,,,,,,,,,,,,,,,,0.0,26286.0,-100.0,,"hughes, bryan",-1.0,right_only,,,,klarner_fallback
TX,2006,house,6,,,,,,,,,,,,,,,,,,,,,,0.0,25496.0,-100.0,,"berman, leo",-1.0,right_only,,,,klarner_fallback
TX,2006,house,7,8701.0,20810.0,-41.032157500593,Patrick Franklin,Tommy Merritt,0.0,1.0,-1.0,True,0.0,1.0,0.0,0.0,,,,Texas official returns normalized by the Texas project,external://texas-state-house-and-state-senate-model/data/processed/elections/sos_canonical_candidate_totals_1992_2018.csv,Texas Secretary of State candidate-total exports,Texas official/canonical candidate and full-history incumbency exports,source_observed,8701.0,20810.0,-41.032157500593,"franklin, patrick","merritt, tommy",-1.0,both,0.0,0.0,0.0,texas_official_upstream
TX,2006,house,8,12938.0,17767.0,-15.727080280084676,Sharon Cade Davis,Byron Cook,0.0,1.0,-1.0,True,0.0,1.0,0.0,0.0,,,,Texas official returns normalized by the Texas project,external://texas-state-house-and-state-senate-model/data/processed/elections/sos_canonical_candidate_totals_1992_2018.csv,Texas Secretary of State candidate-total exports,Texas official/canonical candidate and full-history incumbency exports,source_observed,12938.0,17767.0,-15.727080280084676,"davis, sharon c","cook, byron",-1.0,both,0.0,0.0,0.0,texas_official_upstream
TX,2006,house,9,,,,,,,,,,,,,,,,,,,,,,0.0,20838.0,-100.0,,"christian, wayne",0.0,right_only,,,,klarner_fallback
TX,2006,house,10,12516.0,25196.0,-33.623249893932964,Kerry L. Horn,Jim Pitts,0.0,1.0,-1.0,True,0.0,1.0,0.0,0.0,,,,Texas official returns normalized by the Texas project,external://texas-state-house-and-state-senate-model/data/processed/elections/sos_canonical_candidate_totals_1992_2018.csv,Texas Secretary of State candidate-total exports,Texas official/canonical candidate and full-history incumbency exports,source_observed,12516.0,25196.0,-33.623249893932964,"horn, kerry l","pitts, james r (jim)",-1.0,both,0.0,0.0,0.0,texas_official_upstream
TX,2006,house,11,17603.0,15918.0,5.026699680797112,Chuck Hopson,Larry K. Durrett,1.0,0.0,1.0,True,1.0,0.0,0.0,0.0,,,,Texas official returns normalized by the Texas project,external://texas-state-house-and-state-senate-model/data/processed/elections/sos_canonical_candidate_totals_1992_2018.csv,Texas Secretary of State candidate-total exports,Texas official/canonical candidate and full-history incumbency exports,source_observed,17603.0,15918.0,5.026699680797112,"hopson, chuck","durrett, larry k",1.0,both,0.0,0.0,0.0,texas_official_upstream
TX,2006,house,12,20747.0,15707.0,13.825643276458003,Jim McReynolds,Jody Anderson,1.0,0.0,1.0,True,1.0,0.0,0.0,0.0,,,,Texas official returns normalized by the Texas project,external://texas-state-house-and-state-senate-model/data/processed/elections/sos_canonical_candidate_totals_1992_2018.csv,Texas Secretary of State candidate-total exports,Texas official/canonical candidate and full-history incumbency exports,source_observed,20747.0,15707.0,13.825643276458003,"mcreynolds, jim","anderson, jody",1.0,both,0.0,0.0,0.0,texas_official_upstream
TX,2006,house,13,,,,,,,,,,,,,,,,,,,,,,0.0,24170.0,-100.0,,"kolkhorst, lois w",-1.0,right_only,,,,klarner_fallback
TX,2006,house,14,,,,,,,,,,,,,,,,,,,,,,0.0,22056.0,-100.0,,"brown, fred",-1.0,right_only,,,,klarner_fallback
TX,2006,house,15,9597.0,30880.0,-52.58047780220866,Sammie Miller,Rob Eissler,0.0,1.0,-1.0,True,0.0,1.0,0.0,0.0,,,,Texas official returns normalized by the Texas project,external://texas-state-house-and-state-senate-model/data/processed/elections/sos_canonical_candidate_totals_1992_2018.csv,Texas Secretary of State candidate-total exports,Texas official/canonical candidate and full-history incumbency exports,source_observed,9597.0,30880.0,-52.58047780220866,"miller, sammie","eissler, rob",-1.0,both,0.0,0.0,0.0,texas_official_upstream
TX,2006,house,16,7963.0,23945.0,-50.087752287827506,Pat Poland,C. Brandon Creighton,0.0,0.0,0.0,True,0.0,1.0,0.0,0.0,,,,Texas official returns normalized by the Texas project,external://texas-state-house-and-state-senate-model/data/processed/elections/sos_canonical_candidate_totals_1992_2018.csv,Texas Secretary of State candidate-total exports,Texas official/canonical candidate and full-history incumbency exports,source_observed,7963.0,23945.0,-50.087752287827506,"poland, pat","creighton, c brandon",0.0,both,0.0,0.0,0.0,texas_official_upstream
TX,2006,house,17,19640.0,19225.0,1.067798790685707,Robby Cook,Tim Kleinschmidt,1.0,0.0,1.0,True,1.0,0.0,0.0,0.0,,,,Texas official returns normalized by the Texas project,external://texas-state-house-and-state-senate-model/data/processed/elections/sos_canonical_candidate_totals_1992_2018.csv,Texas Secretary of State candidate-total exports,Texas official/canonical candidate and full-history incumbency exports,source_observed,19640.0,19225.0,1.067798790685707,"cook, robert l (robby)","kleinschmidt, tim",1.0,both,0.0,0.0,0.0,texas_official_upstream
TX,2006,house,18,,,,,,,,,,,,,,,,,,,,,,0.0,19153.0,-100.0,,"otto, john",-1.0,right_only,,,,klarner_fallback
TX,2006,house,19,11957.0,16082.0,-14.711651628089447,Paul Clayton,Mike Hamilton,0.0,1.0,-1.0,True,0.0,1.0,0.0,0.0,,,,Texas official returns normalized by the Texas project,external://texas-state-house-and-state-senate-model/data/processed/elections/sos_canonical_candidate_totals_1992_2018.csv,Texas Secretary of State candidate-total exports,Texas official/canonical candidate and full-history incumbency exports,source_observed,11957.0,16082.0,-14.711651628089447,"clayton, paul d","hamilton, mike (tuffy)",-1.0,both,0.0,0.0,0.0,texas_official_upstream
TX,2006,house,20,18006.0,31158.0,-26.751281425433245,Jim Stauber,Dan M. Gattis,0.0,1.0,-1.0,True,0.0,1.0,0.0,0.0,,,,Texas official returns normalized by the Texas project,external://texas-state-house-and-state-senate-model/data/processed/elections/sos_canonical_candidate_totals_1992_2018.csv,Texas Secretary of State candidate-total exports,Texas official/canonical candidate and full-history incumbency exports,source_observed,18006.0,31158.0,-26.751281425433245,"stauber, jim","gattis, dan m",-1.0,both,0.0,0.0,0.0,texas_official_upstream
TX,2006,house,21,,,,,,,,,,,,,,,,,,,,,,20811.0,0.0,100.0,"ritter, allan b",,1.0,right_only,,,,klarner_fallback
TX,2006,house,22,,,,,,,,,,,,,,,,,,,,,,14516.0,0.0,100.0,"deshotel, joseph (joe)",,1.0,right_only,,,,klarner_fallback
TX,2006,house,23,,,,,,,,,,,,,,,,,,,,,,22618.0,0.0,100.0,"eiland, craig",,1.0,right_only,,,,klarner_fallback
TX,2006,house,24,,,,,,,,,,,,,,,,,,,,,,0.0,24992.0,-100.0,,"taylor, larry",-1.0,right_only,,,,klarner_fallback
TX,2006,house,25,,,,,,,,,,,,,,,,,,,,,,0.0,21867.0,-100.0,,"bonnen, dennis",-1.0,right_only,,,,klarner_fallback
TX,2006,house,26,,,,,,,,,,,,,,,,,,,,,,0.0,26374.0,-100.0,,"howard, charlie",-1.0,right_only,,,,klarner_fallback
TX,2006,house,27,20898.0,13475.0,21.595438280045386,Dora Olivo,Ken Bryant,1.0,0.0,1.0,True,1.0,0.0,0.0,0.0,,,,Texas official returns normalized by the Texas project,external://texas-state-house-and-state-senate-model/data/processed/elections/sos_canonical_candidate_totals_1992_2018.csv,Texas Secretary of State candidate-total exports,Texas official/canonical candidate and full-history incumbency exports,source_observed,20898.0,13475.0,21.595438280045386,"olivo, dora","bryant, ken",1.0,both,0.0,0.0,0.0,texas_official_upstream
TX,2006,house,28,14760.0,25094.0,-25.929643197671503,Dorothy Bottos,John Zerwas,0.0,0.0,0.0,True,0.0,1.0,0.0,0.0,,,,Texas official returns normalized by the Texas project,external://texas-state-house-and-state-senate-model/data/processed/elections/sos_canonical_candidate_totals_1992_2018.csv,Texas Secretary of State candidate-total exports,Texas official/canonical candidate and full-history incumbency exports,source_observed,14760.0,25109.0,-25.95751084802729,"bottos, dorothy","zerwas, john",0.0,both,0.0,-15.0,0.027867650355787532,texas_official_upstream
TX,2006,house,29,13908.0,21221.0,-20.81755814284494,Anthony A. Dinovo,Glenda Dawson,0.0,1.0,-1.0,True,0.0,1.0,0.0,0.0,,,,Texas official returns normalized by the Texas project,external://texas-state-house-and-state-senate-model/data/processed/elections/sos_canonical_candidate_totals_1992_2018.csv,Texas Secretary of State candidate-total exports,Texas official/canonical candidate and full-history incumbency exports,source_observed,13908.0,21221.0,-20.81755814284494,"dinovo, anthony a","dawson, glenda",-1.0,both,0.0,0.0,0.0,texas_official_upstream
TX,2006,house,30,,,,,,,,,,,,,,,,,,,,,,0.0,24725.0,-100.0,,"morrison, geanie w",-1.0,right_only,,,,klarner_fallback
TX,2006,house,31,,,,,,,,,,,,,,,,,,,,,,12711.0,0.0,100.0,"guillen, ryan",,1.0,right_only,,,,klarner_fallback
TX,2006,house,32,17607.0,16840.0,2.2266089935262867,Juan M. Garcia,Gene Seaman,0.0,1.0,-1.0,True,1.0,0.0,0.0,0.0,,,,Texas official returns normalized by the Texas project,external://texas-state-house-and-state-senate-model/data/processed/elections/sos_canonical_candidate_totals_1992_2018.csv,Texas Secretary of State candidate-total exports,Texas official/canonical candidate and full-history incumbency exports,source_observed,17607.0,16840.0,2.2266089935262867,"garcia, juan m","seaman, gene",-1.0,both,0.0,0.0,0.0,texas_official_upstream
TX,2006,house,33,14154.0,13023.0,4.161607241417375,"Solomon P. Ortiz, Jr.",Joe McComb,0.0,0.0,0.0,True,1.0,0.0,0.0,0.0,,,,Texas official returns normalized by the Texas project,external://texas-state-house-and-state-senate-model/data/processed/elections/sos_canonical_candidate_totals_1992_2018.csv,Texas Secretary of State candidate-total exports,Texas official/canonical candidate and full-history incumbency exports,source_observed,14154.0,13023.0,4.161607241417375,"ortiz, solomon p, jr","mccomb, joe",0.0,both,0.0,0.0,0.0,texas_official_upstream
TX,2006,house,34,,,,,,,,,,,,,,,,,,,,,,17561.0,0.0,100.0,"herrero, abel",,1.0,right_only,,,,klarner_fallback
TX,2006,house,35,16042.0,12780.0,11.317743390465617,Yvonne Gonzalez Toureilles,Michael Esparza,1.0,0.0,1.0,True,1.0,0.0,0.0,0.0,,,,Texas official returns normalized by the Texas project,external://texas-state-house-and-state-senate-model/data/processed/elections/sos_canonical_candidate_totals_1992_2018.csv,Texas Secretary of State candidate-total exports,Texas official/canonical candidate and full-history incumbency exports,source_observed,16042.0,12780.0,11.317743390465617,"toureilles, yvonne g","esparza, michael",1.0,both,0.0,0.0,0.0,texas_official_upstream
TX,2006,house,36,,,,,,,,,,,,,,,,,,,,,,8776.0,0.0,100.0,"flores, ismael (kino)",,1.0,right_only,,,,klarner_fallback
TX,2006,house,37,,,,,,,,,,,,,,,,,,,,,,10113.0,0.0,100.0,"oliveira, rene o",,1.0,right_only,,,,klarner_fallback
TX,2006,house,38,11335.0,5054.0,38.32448593568857,Eddie Lucio III,Luis Cavazos,0.0,0.0,0.0,True,1.0,0.0,0.0,0.0,,,,Texas official returns normalized by the Texas project,external://texas-state-house-and-state-senate-model/data/processed/elections/sos_canonical_candidate_totals_1992_2018.csv,Texas Secretary of State candidate-total exports,Texas official/canonical candidate and full-history incumbency exports,source_observed,11335.0,5054.0,38.32448593568857,"lucio, eddie, iii 2","cavazos, luis",0.0,both,0.0,0.0,0.0,texas_official_upstream
TX,2006,house,39,,,,,,,,,,,,,,,,,,,,,,8122.0,0.0,100.0,"martinez, armando m (mando)",,1.0,right_only,,,,klarner_fallback
TX,2006,house,40,,,,,,,,,,,,,,,,,,,,,,7073.0,0.0,100.0,"pena, aaron",,1.0,right_only,,,,klarner_fallback
TX,2006,house,41,,,,,,,,,,,,,,,,,,,,,,9794.0,0.0,100.0,"gonzales, veronica",,1.0,right_only,,,,klarner_fallback
TX,2006,house,42,,,,,,,,,,,,,,,,,,,,,,12787.0,0.0,100.0,"penaraymond, richard p",,1.0,right_only,,,,klarner_fallback
TX,2006,house,43,,,,,,,,,,,,,,,,,,,,,,12164.0,0.0,100.0,"escobar, juan m",,1.0,right_only,,,,klarner_fallback
TX,2006,house,44,,,,,,,,,,,,,,,,,,,,,,0.0,28931.0,-100.0,,"kuempel, edmund",-1.0,right_only,,,,klarner_fallback
TX,2006,house,45,25080.0,14949.0,25.309150865622424,Patrick M. Rose,Jim Neuhaus,1.0,0.0,1.0,True,1.0,0.0,0.0,0.0,,,,Texas official returns normalized by the Texas project,external://texas-state-house-and-state-senate-model/data/processed/elections/sos_canonical_candidate_totals_1992_2018.csv,Texas Secretary of State candidate-total exports,Texas official/canonical candidate and full-history incumbency exports,source_observed,25080.0,14949.0,25.309150865622424,"rose, patrick m","neuhaus, jim",1.0,both,0.0,0.0,0.0,texas_official_upstream
TX,2006,house,46,,,,,,,,,,,,,,,,,,,,,,17343.0,0.0,100.0,"dukes, dawnna m",,1.0,right_only,,,,klarner_fallback
TX,2006,house,47,26975.0,24447.0,4.916183734588309,Valinda Bolton,Bill Welch,0.0,0.0,0.0,True,1.0,0.0,0.0,0.0,,,,Texas official returns normalized by the Texas project,external://texas-state-house-and-state-senate-model/data/processed/elections/sos_canonical_candidate_totals_1992_2018.csv,Texas Secretary of State candidate-total exports,Texas official/canonical candidate and full-history incumbency exports,source_observed,26975.0,24447.0,4.916183734588309,"bolton, valinda","welch, bill",0.0,both,0.0,0.0,0.0,texas_official_upstream
TX,2006,house,48,,,,,,,,,,,,,,,,,,,,,,31255.0,0.0,100.0,"howard, donna",,0.0,right_only,,,,klarner_fallback
TX,2006,house,49,,,,,,,,,,,,,,,,,,,,,,32381.0,0.0,100.0,"naishtat, elliott",,1.0,right_only,,,,klarner_fallback
TX,2006,house,50,25098.0,13681.0,29.441192397947344,Mark Strama,Jeff Fleece,1.0,0.0,1.0,True,1.0,0.0,0.0,0.0,,,,Texas official returns normalized by the Texas project,external://texas-state-house-and-state-senate-model/data/processed/elections/sos_canonical_candidate_totals_1992_2018.csv,Texas Secretary of State candidate-total exports,Texas official/canonical candidate and full-history incumbency exports,source_observed,25098.0,13681.0,29.441192397947344,"strama, mark","fleece, jeff",1.0,both,0.0,0.0,0.0,texas_official_upstream
TX,2006,house,51,,,,,,,,,,,,,,,,,,,,,,13521.0,0.0,100.0,"rodriguez, eddie",,1.0,right_only,,,,klarner_fallback
TX,2006,house,52,16520.0,18853.0,-6.595425889802957,Karen Felthauser,Mike Krusee,0.0,1.0,-1.0,True,0.0,1.0,0.0,0.0,,,,Texas official returns normalized by the Texas project,external://texas-state-house-and-state-senate-model/data/processed/elections/sos_canonical_candidate_totals_1992_2018.csv,Texas Secretary of State candidate-total exports,Texas official/canonical candidate and full-history incumbency exports,source_observed,16520.0,18853.0,-6.595425889802957,"felthauser, karen","krusee, michael (mike)",-1.0,both,0.0,0.0,0.0,texas_official_upstream
TX,2006,house,53,,,,,,,,,,,,,,,,,,,,,,0.0,30996.0,-100.0,,"hilderbran, harvey",-1.0,right_only,,,,klarner_fallback
TX,2006,house,54,9802.0,16314.0,-24.934905804870578,Edward Lindsay,Jimmie Don Aycock,0.0,0.0,0.0,True,0.0,1.0,0.0,0.0,,,,Texas official returns normalized by the Texas project,external://texas-state-house-and-state-senate-model/data/processed/elections/sos_canonical_candidate_totals_1992_2018.csv,Texas Secretary of State candidate-total exports,Texas official/canonical candidate and full-history incumbency exports,source_observed,9802.0,16314.0,-24.934905804870578,"lindsay, edward","aycock, jimmie d",0.0,both,0.0,0.0,0.0,texas_official_upstream
TX,2006,house,55,8837.0,17428.0,-32.708928231486766,Bill Smith,Dianne White Delisi,0.0,1.0,-1.0,True,0.0,1.0,0.0,0.0,,,,Texas official returns normalized by the Texas project,external://texas-state-house-and-state-senate-model/data/processed/elections/sos_canonical_candidate_totals_1992_2018.csv,Texas Secretary of State candidate-total exports,Texas official/canonical candidate and full-history incumbency exports,source_observed,8837.0,17428.0,-32.708928231486766,"smith, bill j 2","delisi, dianne w",-1.0,both,0.0,0.0,0.0,texas_official_upstream
TX,2006,house,56,,,,,,,,,,,,,,,,,,,,,,0.0,27961.0,-100.0,,"anderson, charles (doc)",-1.0,right_only,,,,klarner_fallback
TX,2006,house,57,,,,,,,,,,,,,,,,,,,,,,19274.0,0.0,100.0,"dunnam, jim",,1.0,right_only,,,,klarner_fallback
TX,2006,house,58,11419.0,21766.0,-31.179749886997136,Greg A. Kauffman,Rob Orr,0.0,1.0,-1.0,True,0.0,1.0,0.0,0.0,,,,Texas official returns normalized by the Texas project,external://texas-state-house-and-state-senate-model/data/processed/elections/sos_canonical_candidate_totals_1992_2018.csv,Texas Secretary of State candidate-total exports,Texas official/canonical candidate and full-history incumbency exports,source_observed,11419.0,21766.0,-31.179749886997136,"kauffman, greg a","orr, rob",-1.0,both,0.0,0.0,0.0,texas_official_upstream
TX,2006,house,59,12198.0,15235.0,-11.07060839135348,Ernie Casbeer,Sid Miller,0.0,1.0,-1.0,True,0.0,1.0,0.0,0.0,,,,Texas official returns normalized by the Texas project,external://texas-state-house-and-state-senate-model/data/processed/elections/sos_canonical_candidate_totals_1992_2018.csv,Texas Secretary of State candidate-total exports,Texas official/canonical candidate and full-history incumbency exports,source_observed,12198.0,15235.0,-11.07060839135348,"casbeer, ernie","miller, sid",-1.0,both,0.0,0.0,0.0,texas_official_upstream
TX,2006,house,60,10645.0,24223.0,-38.941149478031434,Robert McKelvain,James L. (Jim) Keffer,0.0,1.0,-1.0,True,0.0,1.0,0.0,0.0,,,,Texas official returns normalized by the Texas project,external://texas-state-house-and-state-senate-model/data/processed/elections/sos_canonical_candidate_totals_1992_2018.csv,Texas Secretary of State candidate-total exports,Texas official/canonical candidate and full-history incumbency exports,source_observed,10645.0,24223.0,-38.941149478031434,"mckelvain, robert","keffer, james l (jim)",-1.0,both,0.0,0.0,0.0,texas_official_upstream
TX,2006,house,61,,,,,,,,,,,,,,,,,,,,,,0.0,27470.0,-100.0,,"king, phil",-1.0,right_only,,,,klarner_fallback
TX,2006,house,62,12725.0,20031.0,-22.304310660642326,"Peter ""Pete"" Veeck",Larry Phillips,0.0,1.0,-1.0,True,0.0,1.0,0.0,0.0,,,,Texas official returns normalized by the Texas project,external://texas-state-house-and-state-senate-model/data/processed/elections/sos_canonical_candidate_totals_1992_2018.csv,Texas Secretary of State candidate-total exports,Texas official/canonical candidate and full-history incumbency exports,source_observed,12725.0,20031.0,-22.304310660642326,"veeck, peter (pete)","phillips, larry",-1.0,both,0.0,0.0,0.0,texas_official_upstream
TX,2006,house,63,,,,,,,,,,,,,,,,,,,,,,0.0,31958.0,-100.0,,"parker, tan",0.0,right_only,,,,klarner_fallback
TX,2006,house,64,12888.0,19266.0,-19.83579025937675,John McLeod,Myra Crownover,0.0,1.0,-1.0,True,0.0,1.0,0.0,0.0,,,,Texas official returns normalized by the Texas project,external://texas-state-house-and-state-senate-model/data/processed/elections/sos_canonical_candidate_totals_1992_2018.csv,Texas Secretary of State candidate-total exports,Texas official/canonical candidate and full-history incumbency exports,source_observed,12888.0,19266.0,-19.83579025937675,"mcleod, john","crownover, myra",-1.0,both,0.0,0.0,0.0,texas_official_upstream
TX,2006,house,65,,,,,,,,,,,,,,,,,,,,,,0.0,20687.0,-100.0,,"solomons, burt",-1.0,right_only,,,,klarner_fallback
TX,2006,house,66,,,,,,,,,,,,,,,,,,,,,,0.0,24399.0,-100.0,,"mccall, brian",-1.0,right_only,,,,klarner_fallback
TX,2006,house,67,,,,,,,,,,,,,,,,,,,,,,0.0,18211.0,-100.0,,"madden, jerry a",-1.0,right_only,,,,klarner_fallback
TX,2006,house,68,,,,,,,,,,,,,,,,,,,,,,0.0,26949.0,-100.0,,"hardcastle, richard l (rick)",-1.0,right_only,,,,klarner_fallback
TX,2006,house,69,17571.0,11966.0,18.97619934319667,David Farabee,Shirley Craft,1.0,0.0,1.0,True,1.0,0.0,0.0,0.0,,,,Texas official returns normalized by the Texas project,external://texas-state-house-and-state-senate-model/data/processed/elections/sos_canonical_candidate_totals_1992_2018.csv,Texas Secretary of State candidate-total exports,Texas official/canonical candidate and full-history incumbency exports,source_observed,17571.0,11966.0,18.97619934319667,"farabee, david","craft, shirley",1.0,both,0.0,0.0,0.0,texas_official_upstream
TX,2006,house,70,12265.0,30062.0,-42.04644789377939,Rick Koster,Ken Paxton,0.0,1.0,-1.0,True,0.0,1.0,0.0,0.0,,,,Texas official returns normalized by the Texas project,external://texas-state-house-and-state-senate-model/data/processed/elections/sos_canonical_candidate_totals_1992_2018.csv,Texas Secretary of State candidate-total exports,Texas official/canonical candidate and full-history incumbency exports,source_observed,12265.0,30062.0,-42.04644789377939,"koster, rick","paxton, ken",-1.0,both,0.0,0.0,0.0,texas_official_upstream
TX,2006,house,71,12547.0,18026.0,-17.921041441795047,Mel Hailey,Susan King,0.0,0.0,0.0,True,0.0,1.0,0.0,0.0,,,,Texas official returns normalized by the Texas project,external://texas-state-house-and-state-senate-model/data/processed/elections/sos_canonical_candidate_totals_1992_2018.csv,Texas Secretary of State candidate-total exports,Texas official/canonical candidate and full-history incumbency exports,source_observed,12574.0,18026.0,-17.81699346405229,"hailey, mel","king, susan l",0.0,both,-27.0,0.0,-0.1040479777427592,texas_official_upstream
TX,2006,house,72,,,,,,,,,,,,,,,,,,,,,,0.0,19334.0,-100.0,,"darby, drew",0.0,right_only,,,,klarner_fallback
TX,2006,house,73,,,,,,,,,,,,,,,,,,,,,,0.0,35785.0,-100.0,,"macias, nathan",0.0,right_only,,,,klarner_fallback
TX,2006,house,74,,,,,,,,,,,,,,,,,,,,,,19324.0,0.0,100.0,"gallego, pete p",,1.0,right_only,,,,klarner_fallback
TX,2006,house,75,10413.0,5435.0,31.41090358404846,Chente Quintanilla,"Paul Johnson, Jr.",1.0,0.0,1.0,True,1.0,0.0,0.0,0.0,,,,Texas official returns normalized by the Texas project,external://texas-state-house-and-state-senate-model/data/processed/elections/sos_canonical_candidate_totals_1992_2018.csv,Texas Secretary of State candidate-total exports,Texas official/canonical candidate and full-history incumbency exports,source_observed,10413.0,5435.0,31.41090358404846,"quintanilla, chente","johnson, paul, jr",1.0,both,0.0,0.0,0.0,texas_official_upstream
TX,2006,house,76,,,,,,,,,,,,,,,,,,,,,,12886.0,0.0,100.0,"chavez, norma",,1.0,right_only,,,,klarner_fallback
TX,2006,house,77,,,,,,,,,,,,,,,,,,,,,,11375.0,0.0,100.0,"moreno, paul",,1.0,right_only,,,,klarner_fallback
TX,2006,house,78,,,,,,,,,,,,,,,,,,,,,,0.0,18837.0,-100.0,,"haggerty, patrick (pat)",-1.0,right_only,,,,klarner_fallback
TX,2006,house,79,,,,,,,,,,,,,,,,,,,,,,12623.0,0.0,100.0,"pickett, joseph c (joe)",,1.0,right_only,,,,klarner_fallback
TX,2006,house,80,,,,,,,,,,,,,,,,,,,,,,15466.0,0.0,100.0,"king, tracy o",,1.0,right_only,,,,klarner_fallback
TX,2006,house,81,,,,,,,,,,,,,,,,,,,,,,0.0,16187.0,-100.0,,"west, g e (buddy)",-1.0,right_only,,,,klarner_fallback
TX,2006,house,82,,,,,,,,,,,,,,,,,,,,,,0.0,24187.0,-100.0,,"craddick, tom",-1.0,right_only,,,,klarner_fallback
TX,2006,house,83,10161.0,27887.0,-46.58851976450799,John E. Miller,Delwin Jones,0.0,1.0,-1.0,True,0.0,1.0,0.0,0.0,,,,Texas official returns normalized by the Texas project,external://texas-state-house-and-state-senate-model/data/processed/elections/sos_canonical_candidate_totals_1992_2018.csv,Texas Secretary of State candidate-total exports,Texas official/canonical candidate and full-history incumbency exports,source_observed,10161.0,27887.0,-46.58851976450799,"miller, john e 2","jones, delwin",-1.0,both,0.0,0.0,0.0,texas_official_upstream
TX,2006,house,84,8068.0,15751.0,-32.255762206641755,Pearlie Mayfield,Carl H. Isett,0.0,1.0,-1.0,True,0.0,1.0,0.0,0.0,,,,Texas official returns normalized by the Texas project,external://texas-state-house-and-state-senate-model/data/processed/elections/sos_canonical_candidate_totals_1992_2018.csv,Texas Secretary of State candidate-total exports,Texas official/canonical candidate and full-history incumbency exports,source_observed,8068.0,15751.0,-32.255762206641755,"mayfield, pearlie","isett, carl h",-1.0,both,0.0,0.0,0.0,texas_official_upstream
TX,2006,house,85,14323.0,14106.0,0.7633050758028773,Joe Heflin,Jim Landtroop,0.0,0.0,0.0,True,1.0,0.0,0.0,0.0,,,,Texas official returns normalized by the Texas project,external://texas-state-house-and-state-senate-model/data/processed/elections/sos_canonical_candidate_totals_1992_2018.csv,Texas Secretary of State candidate-total exports,Texas official/canonical candidate and full-history incumbency exports,source_observed,14323.0,14106.0,0.7633050758028773,"heflin, joe","landtroop, jim",0.0,both,0.0,0.0,0.0,texas_official_upstream
TX,2006,house,86,,,,,,,,,,,,,,,,,,,,,,0.0,28951.0,-100.0,,"smithee, john",-1.0,right_only,,,,klarner_fallback
TX,2006,house,87,,,,,,,,,,,,,,,,,,,,,,0.0,16993.0,-100.0,,"swinford, david",-1.0,right_only,,,,klarner_fallback
TX,2006,house,88,,,,,,,,,,,,,,,,,,,,,,0.0,24044.0,-100.0,,"chisum, warren",-1.0,right_only,,,,klarner_fallback
TX,2006,house,89,11522.0,30841.0,-45.603474730307106,Lehman Harris,Jodie Laubenberg,0.0,1.0,-1.0,True,0.0,1.0,0.0,0.0,,,,Texas official returns normalized by the Texas project,external://texas-state-house-and-state-senate-model/data/processed/elections/sos_canonical_candidate_totals_1992_2018.csv,Texas Secretary of State candidate-total exports,Texas official/canonical candidate and full-history incumbency exports,source_observed,11522.0,30841.0,-45.603474730307106,"harris, lehman","laubenberg, jodie",-1.0,both,0.0,0.0,0.0,texas_official_upstream
TX,2006,house,90,,,,,,,,,,,,,,,,,,,,,,9650.0,0.0,100.0,"burnam, lon",,1.0,right_only,,,,klarner_fallback
TX,2006,house,91,11361.0,17770.0,-22.000617898458685,Byron Sibbet,Kelly Hancock,0.0,0.0,0.0,True,0.0,1.0,0.0,0.0,,,,Texas official returns normalized by the Texas project,external://texas-state-house-and-state-senate-model/data/processed/elections/sos_canonical_candidate_totals_1992_2018.csv,Texas Secretary of State candidate-total exports,Texas official/canonical candidate and full-history incumbency exports,source_observed,11361.0,17770.0,-22.000617898458685,"sibbet, byron","hancock, kelly",0.0,both,0.0,0.0,0.0,texas_official_upstream
TX,2006,house,92,,,,,,,,,,,,,,,,,,,,,,0.0,22491.0,-100.0,,"smith, todd",-1.0,right_only,,,,klarner_fallback
TX,2006,house,93,10936.0,10349.0,2.7578106647874088,Paula Hightower Pierson,Toby Goodman,0.0,1.0,-1.0,True,1.0,0.0,0.0,0.0,,,,Texas official returns normalized by the Texas project,external://texas-state-house-and-state-senate-model/data/processed/elections/sos_canonical_candidate_totals_1992_2018.csv,Texas Secretary of State candidate-total exports,Texas official/canonical candidate and full-history incumbency exports,source_observed,10936.0,10349.0,2.7578106647874088,"pierson, paula h","goodman, toby",-1.0,both,0.0,0.0,0.0,texas_official_upstream
TX,2006,house,94,11147.0,21800.0,-32.33374814095365,David Pillow,Diane Patrick,0.0,0.0,0.0,True,0.0,1.0,0.0,0.0,,,,Texas official returns normalized by the Texas project,external://texas-state-house-and-state-senate-model/data/processed/elections/sos_canonical_candidate_totals_1992_2018.csv,Texas Secretary of State candidate-total exports,Texas official/canonical candidate and full-history incumbency exports,source_observed,11147.0,21800.0,-32.33374814095365,"pillow, david","patrick, diane",0.0,both,0.0,0.0,0.0,texas_official_upstream
TX,2006,house,95,,,,,,,,,,,,,,,,,,,,,,18259.0,0.0,100.0,"veasey, marc",,1.0,right_only,,,,klarner_fallback
TX,2006,house,96,16483.0,19520.0,-8.435408160431075,Christopher Youngblood,Bill Zedler,0.0,1.0,-1.0,True,0.0,1.0,0.0,0.0,,,,Texas official returns normalized by the Texas project,external://texas-state-house-and-state-senate-model/data/processed/elections/sos_canonical_candidate_totals_1992_2018.csv,Texas Secretary of State candidate-total exports,Texas official/canonical candidate and full-history incumbency exports,source_observed,16483.0,19520.0,-8.435408160431075,"youngblood, christopher","zedler, bill",-1.0,both,0.0,0.0,0.0,texas_official_upstream
TX,2006,house,97,16908.0,23164.0,-15.611898582551408,Dan Barrett,Anna Mowery,0.0,1.0,-1.0,True,0.0,1.0,0.0,0.0,,,,Texas official returns normalized by the Texas project,external://texas-state-house-and-state-senate-model/data/processed/elections/sos_canonical_candidate_totals_1992_2018.csv,Texas Secretary of State candidate-total exports,Texas official/canonical candidate and full-history incumbency exports,source_observed,16908.0,23164.0,-15.611898582551408,"barrett, dan","mowery, anna",-1.0,both,0.0,0.0,0.0,texas_official_upstream
TX,2006,house,98,,,,,,,,,,,,,,,,,,,,,,0.0,36509.0,-100.0,,"truitt, vicki",-1.0,right_only,,,,klarner_fallback
TX,2006,house,99,12285.0,22906.0,-30.18101219061692,Sheila Ford,Charlie Geren,0.0,1.0,-1.0,True,0.0,1.0,0.0,0.0,,,,Texas official returns normalized by the Texas project,external://texas-state-house-and-state-senate-model/data/processed/elections/sos_canonical_candidate_totals_1992_2018.csv,Texas Secretary of State candidate-total exports,Texas official/canonical candidate and full-history incumbency exports,source_observed,12285.0,22906.0,-30.18101219061692,"ford, sheila","geren, charlie",-1.0,both,0.0,0.0,0.0,texas_official_upstream
TX,2006,house,100,,,,,,,,,,,,,,,,,,,,,,12523.0,0.0,100.0,"hodge, terri",,1.0,right_only,,,,klarner_fallback
TX,2006,house,101,,,,,,,,,,,,,,,,,,,,,,0.0,13248.0,-100.0,,"latham, thomas",0.0,right_only,,,,klarner_fallback
TX,2006,house,102,11613.0,13166.0,-6.267403850034303,Harriet Miller,Tony Goolsby,0.0,1.0,-1.0,True,0.0,1.0,0.0,0.0,,,,Texas official returns normalized by the Texas project,external://texas-state-house-and-state-senate-model/data/processed/elections/sos_canonical_candidate_totals_1992_2018.csv,Texas Secretary of State candidate-total exports,Texas official/canonical candidate and full-history incumbency exports,source_observed,11613.0,13166.0,-6.267403850034303,"miller, harriet","goolsby, tony",-1.0,both,0.0,0.0,0.0,texas_official_upstream
TX,2006,house,103,,,,,,,,,,,,,,,,,,,,,,7702.0,0.0,100.0,"anchia, rafael m",,1.0,right_only,,,,klarner_fallback
TX,2006,house,104,,,,,,,,,,,,,,,,,,,,,,7906.0,0.0,100.0,"alonzo, roberto r",,1.0,right_only,,,,klarner_fallback
TX,2006,house,105,8865.0,11881.0,-14.537742215366817,Bob Romano,Linda Harper-Brown,0.0,1.0,-1.0,True,0.0,1.0,0.0,0.0,,,,Texas official returns normalized by the Texas project,external://texas-state-house-and-state-senate-model/data/processed/elections/sos_canonical_candidate_totals_1992_2018.csv,Texas Secretary of State candidate-total exports,Texas official/canonical candidate and full-history incumbency exports,source_observed,8865.0,11881.0,-14.537742215366817,"romano, bob","harperbrown, linda",-1.0,both,0.0,0.0,0.0,texas_official_upstream
TX,2006,house,106,10224.0,10459.0,-1.1361988106174152,Katy Hubener,Kirk England,0.0,1.0,-1.0,True,0.0,1.0,0.0,0.0,,,,Texas official returns normalized by the Texas project,external://texas-state-house-and-state-senate-model/data/processed/elections/sos_canonical_candidate_totals_1992_2018.csv,Texas Secretary of State candidate-total exports,Texas official/canonical candidate and full-history incumbency exports,source_observed,10224.0,10459.0,-1.1361988106174152,"hubener, katy","england, kirk",0.0,both,0.0,0.0,0.0,texas_official_upstream
TX,2006,house,107,16254.0,15145.0,3.531959616548298,Allen Vaught,Bill Keffer,0.0,1.0,-1.0,True,1.0,0.0,0.0,0.0,,,,Texas official returns normalized by the Texas project,external://texas-state-house-and-state-senate-model/data/processed/elections/sos_canonical_candidate_totals_1992_2018.csv,Texas Secretary of State candidate-total exports,Texas official/canonical candidate and full-history incumbency exports,source_observed,16254.0,15145.0,3.531959616548298,"vaught, allen","keffer, bill",-1.0,both,0.0,0.0,0.0,texas_official_upstream
TX,2006,house,108,12447.0,17244.0,-16.15641103364656,Jack F. Borden,Dan Branch,0.0,1.0,-1.0,True,0.0,1.0,0.0,0.0,,,,Texas official returns normalized by the Texas project,external://texas-state-house-and-state-senate-model/data/processed/elections/sos_canonical_candidate_totals_1992_2018.csv,Texas Secretary of State candidate-total exports,Texas official/canonical candidate and full-history incumbency exports,source_observed,12447.0,17244.0,-16.15641103364656,"borden, jack f","branch, dan",-1.0,both,0.0,0.0,0.0,texas_official_upstream
TX,2006,house,109,,,,,,,,,,,,,,,,,,,,,,26511.0,0.0,100.0,"giddings, helen",,1.0,right_only,,,,klarner_fallback
TX,2006,house,110,,,,,,,,,,,,,,,,,,,,,,14896.0,0.0,100.0,"mallorycaraway, barbara",,0.0,right_only,,,,klarner_fallback
TX,2006,house,111,21462.0,7641.0,47.489949489743324,Yvonne Davis,Cindy Werner,1.0,0.0,1.0,True,1.0,0.0,0.0,0.0,,,,Texas official returns normalized by the Texas project,external://texas-state-house-and-state-senate-model/data/processed/elections/sos_canonical_candidate_totals_1992_2018.csv,Texas Secretary of State candidate-total exports,Texas official/canonical candidate and full-history incumbency exports,source_observed,21462.0,7641.0,47.489949489743324,"davis, yvonne","werner, cindy",1.0,both,0.0,0.0,0.0,texas_official_upstream
TX,2006,house,112,,,,,,,,,,,,,,,,,,,,,,0.0,21068.0,-100.0,,"hill, fred",-1.0,right_only,,,,klarner_fallback
TX,2006,house,113,9793.0,15242.0,-21.765528260435392,Eric Brandler,Joe Driver,0.0,1.0,-1.0,True,0.0,1.0,0.0,0.0,,,,Texas official returns normalized by the Texas project,external://texas-state-house-and-state-senate-model/data/processed/elections/sos_canonical_candidate_totals_1992_2018.csv,Texas Secretary of State candidate-total exports,Texas official/canonical candidate and full-history incumbency exports,source_observed,9793.0,15242.0,-21.765528260435392,"brandler, eric a","driver, joe",-1.0,both,0.0,0.0,0.0,texas_official_upstream
TX,2006,house,114,12791.0,16808.0,-13.571404439339167,Phillip Shinoda,Will Hartnett,0.0,1.0,-1.0,True,0.0,1.0,0.0,0.0,,,,Texas official returns normalized by the Texas project,external://texas-state-house-and-state-senate-model/data/processed/elections/sos_canonical_candidate_totals_1992_2018.csv,Texas Secretary of State candidate-total exports,Texas official/canonical candidate and full-history incumbency exports,source_observed,12791.0,16808.0,-13.571404439339167,"shinoda, phillip","hartnett, will",-1.0,both,0.0,0.0,0.0,texas_official_upstream
TX,2006,house,115,,,,,,,,,,,,,,,,,,,,,,0.0,22050.0,-100.0,,"jackson, jim",-1.0,right_only,,,,klarner_fallback
TX,2006,house,116,,,,,,,,,,,,,,,,,,,,,,14276.0,0.0,100.0,"martinezfischer, trey",,1.0,right_only,,,,klarner_fallback
TX,2006,house,117,13024.0,8820.0,19.245559421351402,David McQuade Leibowitz,Ted Kenyon,1.0,0.0,1.0,True,1.0,0.0,0.0,0.0,,,,Texas official returns normalized by the Texas project,external://texas-state-house-and-state-senate-model/data/processed/elections/sos_canonical_candidate_totals_1992_2018.csv,Texas Secretary of State candidate-total exports,Texas official/canonical candidate and full-history incumbency exports,source_observed,13024.0,8820.0,19.245559421351402,"leibowitz, david m","kenyon, ted",1.0,both,0.0,0.0,0.0,texas_official_upstream
TX,2006,house,118,10982.0,10082.0,4.272692745917205,Joe Farias,George Antuna,0.0,0.0,0.0,True,1.0,0.0,0.0,0.0,,,,Texas official returns normalized by the Texas project,external://texas-state-house-and-state-senate-model/data/processed/elections/sos_canonical_candidate_totals_1992_2018.csv,Texas Secretary of State candidate-total exports,Texas official/canonical candidate and full-history incumbency exports,source_observed,10982.0,10082.0,4.272692745917205,"farias, joe","antuna, george",0.0,both,0.0,0.0,0.0,texas_official_upstream
TX,2006,house,119,,,,,,,,,,,,,,,,,,,,,,14818.0,0.0,100.0,"puente, robert r",,1.0,right_only,,,,klarner_fallback
TX,2006,house,120,,,,,,,,,,,,,,,,,,,,,,14563.0,0.0,100.0,"mcclendon, ruth j",,1.0,right_only,,,,klarner_fallback
TX,2006,house,121,,,,,,,,,,,,,,,,,,,,,,0.0,26836.0,-100.0,,"straus, joe",0.0,right_only,,,,klarner_fallback
TX,2006,house,122,16651.0,37625.0,-38.64323089394944,Larry Dean Stallings,"Frank J. Corte, Jr.",0.0,1.0,-1.0,True,0.0,1.0,0.0,0.0,,,,Texas official returns normalized by the Texas project,external://texas-state-house-and-state-senate-model/data/processed/elections/sos_canonical_candidate_totals_1992_2018.csv,Texas Secretary of State candidate-total exports,Texas official/canonical candidate and full-history incumbency exports,source_observed,16651.0,37625.0,-38.64323089394944,"stallings, larry d","corte, frank j, jr",-1.0,both,0.0,0.0,0.0,texas_official_upstream
TX,2006,house,123,,,,,,,,,,,,,,,,,,,,,,14659.0,0.0,100.0,"villarreal, mike",,1.0,right_only,,,,klarner_fallback
TX,2006,house,124,13687.0,7546.0,28.921961098290396,Jose Menendez,Richard W. King,1.0,0.0,1.0,True,1.0,0.0,0.0,0.0,,,,Texas official returns normalized by the Texas project,external://texas-state-house-and-state-senate-model/data/processed/elections/sos_canonical_candidate_totals_1992_2018.csv,Texas Secretary of State candidate-total exports,Texas official/canonical candidate and full-history incumbency exports,source_observed,13687.0,7546.0,28.921961098290396,"menendez, jose","king, richard w",1.0,both,0.0,0.0,0.0,texas_official_upstream
TX,2006,house,125,14466.0,9516.0,20.640480360270203,Joaquin Castro,Nelson Balido,1.0,0.0,1.0,True,1.0,0.0,0.0,0.0,,,,Texas official returns normalized by the Texas project,external://texas-state-house-and-state-senate-model/data/processed/elections/sos_canonical_candidate_totals_1992_2018.csv,Texas Secretary of State candidate-total exports,Texas official/canonical candidate and full-history incumbency exports,source_observed,14466.0,9516.0,20.640480360270203,"castro, joaquin","balido, nelson h",1.0,both,0.0,0.0,0.0,texas_official_upstream
TX,2006,house,126,9114.0,18112.0,-33.049291118783515,Chad Khan,Patricia Harless,0.0,0.0,0.0,True,0.0,1.0,0.0,0.0,,,,Texas official returns normalized by the Texas project,external://texas-state-house-and-state-senate-model/data/processed/elections/sos_canonical_candidate_totals_1992_2018.csv,Texas Secretary of State candidate-total exports,Texas official/canonical candidate and full-history incumbency exports,source_observed,9114.0,18112.0,-33.049291118783515,"khan, chad","harless, patricia",0.0,both,0.0,0.0,0.0,texas_official_upstream
TX,2006,house,127,14305.0,20773.0,-18.43890757739894,Diane Trautman,Joe Crabb,0.0,1.0,-1.0,True,0.0,1.0,0.0,0.0,,,,Texas official returns normalized by the Texas project,external://texas-state-house-and-state-senate-model/data/processed/elections/sos_canonical_candidate_totals_1992_2018.csv,Texas Secretary of State candidate-total exports,Texas official/canonical candidate and full-history incumbency exports,source_observed,14305.0,20773.0,-18.43890757739894,"trautman, diane","crabb, joe",-1.0,both,0.0,0.0,0.0,texas_official_upstream
TX,2006,house,128,,,,,,,,,,,,,,,,,,,,,,0.0,15327.0,-100.0,,"smith, wayne",-1.0,right_only,,,,klarner_fallback
TX,2006,house,129,14397.0,19616.0,-15.344133125569636,Sherrie L. Matula,John E. Davis,0.0,1.0,-1.0,True,0.0,1.0,0.0,0.0,,,,Texas official returns normalized by the Texas project,external://texas-state-house-and-state-senate-model/data/processed/elections/sos_canonical_candidate_totals_1992_2018.csv,Texas Secretary of State candidate-total exports,Texas official/canonical candidate and full-history incumbency exports,source_observed,14397.0,19616.0,-15.344133125569636,"matula, sherrie l","davis, john e 2",-1.0,both,0.0,0.0,0.0,texas_official_upstream
TX,2006,house,130,,,,,,,,,,,,,,,,,,,,,,0.0,29860.0,-100.0,,"vanarsdale, corbin",-1.0,right_only,,,,klarner_fallback
TX,2006,house,131,,,,,,,,,,,,,,,,,,,,,,14379.0,0.0,100.0,"allen, alma a",,1.0,right_only,,,,klarner_fallback
TX,2006,house,132,,,,,,,,,,,,,,,,,,,,,,0.0,21221.0,-100.0,,"callegari, bill",-1.0,right_only,,,,klarner_fallback
TX,2006,house,133,8750.0,11693.0,-14.396125813236806,Kristi Thibaut,Jim Murphy,0.0,0.0,0.0,True,0.0,1.0,0.0,0.0,,,,Texas official returns normalized by the Texas project,external://texas-state-house-and-state-senate-model/data/processed/elections/sos_canonical_candidate_totals_1992_2018.csv,Texas Secretary of State candidate-total exports,Texas official/canonical candidate and full-history incumbency exports,source_observed,8750.0,11693.0,-14.396125813236806,"thibaut, kristi","murphy, jim",0.0,both,0.0,0.0,0.0,texas_official_upstream
TX,2006,house,134,25219.0,20005.0,11.529276490359102,Ellen Cohen,Martha Wong,0.0,1.0,-1.0,True,1.0,0.0,0.0,0.0,,,,Texas official returns normalized by the Texas project,external://texas-state-house-and-state-senate-model/data/processed/elections/sos_canonical_candidate_totals_1992_2018.csv,Texas Secretary of State candidate-total exports,Texas official/canonical candidate and full-history incumbency exports,source_observed,25219.0,20005.0,11.529276490359102,"cohen, ellen","wong, martha",-1.0,both,0.0,0.0,0.0,texas_official_upstream
TX,2006,house,135,,,,,,,,,,,,,,,,,,,,,,0.0,16083.0,-100.0,,"elkins, gary",-1.0,right_only,,,,klarner_fallback
TX,2006,house,136,9976.0,23392.0,-40.20618556701031,Scott R. Brann,Beverly Woolley,0.0,1.0,-1.0,True,0.0,1.0,0.0,0.0,,,,Texas official returns normalized by the Texas project,external://texas-state-house-and-state-senate-model/data/processed/elections/sos_canonical_candidate_totals_1992_2018.csv,Texas Secretary of State candidate-total exports,Texas official/canonical candidate and full-history incumbency exports,source_observed,9976.0,23392.0,-40.20618556701031,"brann, scott r","woolley, beverly",-1.0,both,0.0,0.0,0.0,texas_official_upstream
TX,2006,house,137,5201.0,3792.0,15.66774157678194,Scott Hochberg,Sylvia Spivey,1.0,0.0,1.0,True,1.0,0.0,0.0,0.0,,,,Texas official returns normalized by the Texas project,external://texas-state-house-and-state-senate-model/data/processed/elections/sos_canonical_candidate_totals_1992_2018.csv,Texas Secretary of State candidate-total exports,Texas official/canonical candidate and full-history incumbency exports,source_observed,5201.0,3792.0,15.66774157678194,"hochberg, scott","spivey, sylvia",1.0,both,0.0,0.0,0.0,texas_official_upstream
TX,2006,house,138,8286.0,12504.0,-20.28860028860029,Mark McDavid,Dwayne Bohac,0.0,1.0,-1.0,True,0.0,1.0,0.0,0.0,,,,Texas official returns normalized by the Texas project,external://texas-state-house-and-state-senate-model/data/processed/elections/sos_canonical_candidate_totals_1992_2018.csv,Texas Secretary of State candidate-total exports,Texas official/canonical candidate and full-history incumbency exports,source_observed,8286.0,12504.0,-20.28860028860029,"mcdavid, mark","bohac, dwayne",-1.0,both,0.0,0.0,0.0,texas_official_upstream
TX,2006,house,139,,,,,,,,,,,,,,,,,,,,,,13969.0,0.0,100.0,"turner, sylvester",,1.0,right_only,,,,klarner_fallback
TX,2006,house,140,,,,,,,,,,,,,,,,,,,,,,6168.0,0.0,100.0,"bailey, kevin",,1.0,right_only,,,,klarner_fallback
TX,2006,house,141,,,,,,,,,,,,,,,,,,,,,,12926.0,0.0,100.0,"thompson, senfronia 1",,1.0,right_only,,,,klarner_fallback
TX,2006,house,142,,,,,,,,,,,,,,,,,,,,,,15025.0,0.0,100.0,"dutton, harold v, jr",,1.0,right_only,,,,klarner_fallback
TX,2006,house,143,6026.0,2218.0,46.19116933527414,Ana E. Hernandez,Dorothy Olmos,1.0,0.0,1.0,True,1.0,0.0,0.0,0.0,,,,Texas official returns normalized by the Texas project,external://texas-state-house-and-state-senate-model/data/processed/elections/sos_canonical_candidate_totals_1992_2018.csv,Texas Secretary of State candidate-total exports,Texas official/canonical candidate and full-history incumbency exports,source_observed,6026.0,2218.0,46.19116933527414,"hernandez, ana l","olmos, dorothy",0.0,both,0.0,0.0,0.0,texas_official_upstream
TX,2006,house,144,8017.0,11125.0,-16.23654790513008,Janette Padilla Sexton,Robert E. Talton,0.0,1.0,-1.0,True,0.0,1.0,0.0,0.0,,,,Texas official returns normalized by the Texas project,external://texas-state-house-and-state-senate-model/data/processed/elections/sos_canonical_candidate_totals_1992_2018.csv,Texas Secretary of State candidate-total exports,Texas official/canonical candidate and full-history incumbency exports,source_observed,8017.0,11125.0,-16.23654790513008,"sexton, janette p","talton, robert e",-1.0,both,0.0,0.0,0.0,texas_official_upstream
TX,2006,house,145,,,,,,,,,,,,,,,,,,,,,,7773.0,0.0,100.0,"noriega, richard (rick)",,1.0,right_only,,,,klarner_fallback
TX,2006,house,146,,,,,,,,,,,,,,,,,,,,,,19812.0,0.0,100.0,"miles, borris l",,0.0,right_only,,,,klarner_fallback
TX,2006,house,147,,,,,,,,,,,,,,,,,,,,,,17273.0,0.0,100.0,"coleman, garnet f",,1.0,right_only,,,,klarner_fallback
TX,2006,house,148,,,,,,,,,,,,,,,,,,,,,,12790.0,0.0,100.0,"farrar, jessica c",,1.0,right_only,,,,klarner_fallback
TX,2006,house,149,12621.0,10632.0,8.553735001935234,Hubert Vo,Talmadge L. Heflin,1.0,0.0,1.0,True,1.0,0.0,0.0,0.0,,,,Texas official returns normalized by the Texas project,external://texas-state-house-and-state-senate-model/data/processed/elections/sos_canonical_candidate_totals_1992_2018.csv,Texas Secretary of State candidate-total exports,Texas official/canonical candidate and full-history incumbency exports,source_observed,12621.0,10632.0,8.553735001935234,"vo, hubert","heflin, talmadge",1.0,both,0.0,0.0,0.0,texas_official_upstream
TX,2006,house,150,9554.0,22585.0,-40.54575437941442,Dot Nelson-Turnier,Debbie Riddle,0.0,1.0,-1.0,True,0.0,1.0,0.0,0.0,,,,Texas official returns normalized by the Texas project,external://texas-state-house-and-state-senate-model/data/processed/elections/sos_canonical_candidate_totals_1992_2018.csv,Texas Secretary of State candidate-total exports,Texas official/canonical candidate and full-history incumbency exports,source_observed,9554.0,22585.0,-40.54575437941442,"nelsonturnier, dot","riddle, debbie",-1.0,both,0.0,0.0,0.0,texas_official_upstream
TX,2006,senate,1,,,,,,,,,,,,,,,,,,,,,,0.0,109450.0,-100.0,,"eltife, kevin p",0.0,right_only,,,,klarner_fallback
TX,2006,senate,2,,,,,,,,,,,,,,,,,,,,,,0.0,92431.0,-100.0,,"deuell, robert f",-1.0,right_only,,,,klarner_fallback
TX,2006,senate,3,,,,,,,,,,,,,,,,,,,,,,0.0,119629.0,-100.0,,"nichols, robert",0.0,right_only,,,,klarner_fallback
TX,2006,senate,5,59671.0,105979.0,-27.955327497736192,Stephen Wyman,Steve Ogden,0.0,1.0,-1.0,True,0.0,1.0,0.0,0.0,,,,Texas official returns normalized by the Texas project,external://texas-state-house-and-state-senate-model/data/processed/elections/sos_canonical_candidate_totals_1992_2018.csv,Texas Secretary of State candidate-total exports,Texas official/canonical candidate and full-history incumbency exports,source_observed,59671.0,105979.0,-27.955327497736192,"wyman, stephen m","ogden, steve",-1.0,both,0.0,0.0,0.0,texas_official_upstream
TX,2006,senate,7,52586.0,118067.0,-38.37084610291058,F. Michael Kubosh,Dan Patrick,0.0,0.0,0.0,True,0.0,1.0,0.0,0.0,,,,Texas official returns normalized by the Texas project,external://texas-state-house-and-state-senate-model/data/processed/elections/sos_canonical_candidate_totals_1992_2018.csv,Texas Secretary of State candidate-total exports,Texas official/canonical candidate and full-history incumbency exports,source_observed,52586.0,118067.0,-38.37084610291058,"kubosh, f michael","patrick, dan",0.0,both,0.0,0.0,0.0,texas_official_upstream
TX,2006,senate,8,,,,,,,,,,,,,,,,,,,,,,0.0,127590.0,-100.0,,"shapiro, florence",-1.0,right_only,,,,klarner_fallback
TX,2006,senate,12,55380.0,109513.0,-32.82916800591899,Dwight B. Fullingim,Jane Nelson,0.0,1.0,-1.0,True,0.0,1.0,0.0,0.0,,,,Texas official returns normalized by the Texas project,external://texas-state-house-and-state-senate-model/data/processed/elections/sos_canonical_candidate_totals_1992_2018.csv,Texas Secretary of State candidate-total exports,Texas official/canonical candidate and full-history incumbency exports,source_observed,55380.0,109513.0,-32.82916800591899,"fullingim, dwight b","nelson, jane",-1.0,both,0.0,0.0,0.0,texas_official_upstream
TX,2006,senate,13,,,,,,,,,,,,,,,,,,,,,,90148.0,0.0,100.0,"ellis, rodney",,1.0,right_only,,,,klarner_fallback
TX,2006,senate,14,,,,,,,,,,,,,,,,,,,,,,127223.0,0.0,100.0,"watson, kirk",,0.0,right_only,,,,klarner_fallback
TX,2006,senate,15,56884.0,33396.0,26.016836508639788,John Whitmire,Angel DeLaRosa,1.0,0.0,1.0,True,1.0,0.0,0.0,0.0,,,,Texas official returns normalized by the Texas project,external://texas-state-house-and-state-senate-model/data/processed/elections/sos_canonical_candidate_totals_1992_2018.csv,Texas Secretary of State candidate-total exports,Texas official/canonical candidate and full-history incumbency exports,source_observed,56884.0,33396.0,26.016836508639788,"whitmire, john","delarosa, angel",1.0,both,0.0,0.0,0.0,texas_official_upstream
TX,2006,senate,17,,,,,,,,,,,,,,,,,,,,,,0.0,88483.0,-100.0,,"janek, kyle",-1.0,right_only,,,,klarner_fallback
TX,2006,senate,18,,,,,,,,,,,,,,,,,,,,,,0.0,110512.0,-100.0,,"hegar, glenn",0.0,right_only,,,,klarner_fallback
TX,2006,senate,19,58876.0,40621.0,18.347286852869935,Carlos I. Uresti,Dick Bowen,0.0,0.0,0.0,True,1.0,0.0,0.0,0.0,,,,Texas official returns normalized by the Texas project,external://texas-state-house-and-state-senate-model/data/processed/elections/sos_canonical_candidate_totals_1992_2018.csv,Texas Secretary of State candidate-total exports,Texas official/canonical candidate and full-history incumbency exports,source_observed,58876.0,40621.0,18.347286852869935,"uresti, carlos i (charlie)","bowen, dick",0.0,both,0.0,0.0,0.0,texas_official_upstream
TX,2006,senate,22,,,,,,,,,,,,,,,,,,,,,,0.0,112765.0,-100.0,,"averitt, kip",-1.0,right_only,,,,klarner_fallback
TX,2006,senate,25,84816.0,132872.0,-22.07563117856749,"Kathleen ""Kathi"" Thomas",Jeff Wentworth,0.0,1.0,-1.0,True,0.0,1.0,0.0,0.0,,,,Texas official returns normalized by the Texas project,external://texas-state-house-and-state-senate-model/data/processed/elections/sos_canonical_candidate_totals_1992_2018.csv,Texas Secretary of State candidate-total exports,Texas official/canonical candidate and full-history incumbency exports,source_observed,84816.0,132872.0,-22.07563117856749,"thomas, kathleen (kathi)","wentworth, jeffrey (jeff)",-1.0,both,0.0,0.0,0.0,texas_official_upstream
TX,2006,senate,29,51531.0,36127.0,17.572839900522485,Eliot Shapleigh,"Donald R. ""Dee"" Margo",1.0,0.0,1.0,True,1.0,0.0,0.0,0.0,,,,Texas official returns normalized by the Texas project,external://texas-state-house-and-state-senate-model/data/processed/elections/sos_canonical_candidate_totals_1992_2018.csv,Texas Secretary of State candidate-total exports,Texas official/canonical candidate and full-history incumbency exports,source_observed,51531.0,36127.0,17.572839900522485,"shapleigh, eliot","margo, donald r (dee)",1.0,both,0.0,0.0,0.0,texas_official_upstream
TX,2008,house,1,29598.0,24853.0,8.714256854786873,Stephen J. Frost,George Lavender,1.0,0.0,1.0,True,1.0,0.0,0.0,0.0,,,,Texas official returns normalized by the Texas project,external://texas-state-house-and-state-senate-model/data/processed/elections/sos_canonical_candidate_totals_1992_2018.csv,Texas Secretary of State candidate-total exports,Texas official/canonical candidate and full-history incumbency exports,source_observed,29598.0,24853.0,8.714256854786873,"frost, stephen j","lavender, george",1.0,both,0.0,0.0,0.0,texas_official_upstream
TX,2008,house,2,,,,,,,,,,,,,,,,,,,,,,0.0,39258.0,-100.0,,"flynn, dan",-1.0,right_only,,,,klarner_fallback
TX,2008,house,3,26763.0,24864.0,3.678307862165146,Mark Homer,Kirby Hollingsworth,1.0,0.0,1.0,True,1.0,0.0,0.0,0.0,,,,Texas official returns normalized by the Texas project,external://texas-state-house-and-state-senate-model/data/processed/elections/sos_canonical_candidate_totals_1992_2018.csv,Texas Secretary of State candidate-total exports,Texas official/canonical candidate and full-history incumbency exports,source_observed,26763.0,24864.0,3.678307862165146,"homer, mark","hollingsworth, kirby",1.0,both,0.0,0.0,0.0,texas_official_upstream
TX,2008,house,4,22049.0,39250.0,-28.06081665280021,Victor M. Morales,Betty Brown,0.0,1.0,-1.0,True,0.0,1.0,0.0,0.0,,,,Texas official returns normalized by the Texas project,external://texas-state-house-and-state-senate-model/data/processed/elections/sos_canonical_candidate_totals_1992_2018.csv,Texas Secretary of State candidate-total exports,Texas official/canonical candidate and full-history incumbency exports,source_observed,22049.0,39250.0,-28.06081665280021,"morales, victor m","brown, betty",-1.0,both,0.0,0.0,0.0,texas_official_upstream
TX,2008,house,5,,,,,,,,,,,,,,,,,,,,,,0.0,47309.0,-100.0,,"hughes, bryan",-1.0,right_only,,,,klarner_fallback
TX,2008,house,6,,,,,,,,,,,,,,,,,,,,,,0.0,44476.0,-100.0,,"berman, leo",-1.0,right_only,,,,klarner_fallback
TX,2008,house,7,,,,,,,,,,,,,,,,,,,,,,0.0,40671.0,-100.0,,"merritt, tommy",-1.0,right_only,,,,klarner_fallback
TX,2008,house,8,,,,,,,,,,,,,,,,,,,,,,0.0,34524.0,-100.0,,"cook, byron",-1.0,right_only,,,,klarner_fallback
TX,2008,house,9,18448.0,32704.0,-27.86987801063497,Kenneth D. Franks,Wayne Christian,0.0,1.0,-1.0,True,0.0,1.0,0.0,0.0,,,,Texas official returns normalized by the Texas project,external://texas-state-house-and-state-senate-model/data/processed/elections/sos_canonical_candidate_totals_1992_2018.csv,Texas Secretary of State candidate-total exports,Texas official/canonical candidate and full-history incumbency exports,source_observed,18448.0,32704.0,-27.86987801063497,"franks, kenneth d","christian, wayne",-1.0,both,0.0,0.0,0.0,texas_official_upstream
TX,2008,house,10,,,,,,,,,,,,,,,,,,,,,,0.0,49401.0,-100.0,,"pitts, james r (jim)",-1.0,right_only,,,,klarner_fallback
TX,2008,house,11,26054.0,25934.0,0.23082249749942294,Chuck Hopson,Brian K. Walker,1.0,0.0,1.0,True,1.0,0.0,0.0,0.0,,,,Texas official returns normalized by the Texas project,external://texas-state-house-and-state-senate-model/data/processed/elections/sos_canonical_candidate_totals_1992_2018.csv,Texas Secretary of State candidate-total exports,Texas official/canonical candidate and full-history incumbency exports,source_observed,26054.0,25934.0,0.23082249749942294,"hopson, chuck","walker, brian k",1.0,both,0.0,0.0,0.0,texas_official_upstream
TX,2008,house,12,28760.0,21647.0,14.111135358184379,Jim McReynolds,Van Brookshire,1.0,0.0,1.0,True,1.0,0.0,0.0,0.0,,,,Texas official returns normalized by the Texas project,external://texas-state-house-and-state-senate-model/data/processed/elections/sos_canonical_candidate_totals_1992_2018.csv,Texas Secretary of State candidate-total exports,Texas official/canonical candidate and full-history incumbency exports,source_observed,28760.0,21647.0,14.111135358184379,"mcreynolds, jim","brookshire, van",1.0,both,0.0,0.0,0.0,texas_official_upstream
TX,2008,house,13,,,,,,,,,,,,,,,,,,,,,,0.0,41376.0,-100.0,,"kolkhorst, lois w",-1.0,right_only,,,,klarner_fallback
TX,2008,house,14,,,,,,,,,,,,,,,,,,,,,,0.0,37236.0,-100.0,,"brown, fred",-1.0,right_only,,,,klarner_fallback
TX,2008,house,15,,,,,,,,,,,,,,,,,,,,,,0.0,69661.0,-100.0,,"eissler, rob",-1.0,right_only,,,,klarner_fallback
TX,2008,house,16,,,,,,,,,,,,,,,,,,,,,,0.0,49263.0,-100.0,,"creighton, c brandon",-1.0,right_only,,,,klarner_fallback
TX,2008,house,17,25583.0,32238.0,-11.509659120388786,Donnie Dippel,Tim Kleinschmidt,0.0,0.0,0.0,True,0.0,1.0,0.0,0.0,,,,Texas official returns normalized by the Texas project,external://texas-state-house-and-state-senate-model/data/processed/elections/sos_canonical_candidate_totals_1992_2018.csv,Texas Secretary of State candidate-total exports,Texas official/canonical candidate and full-history incumbency exports,source_observed,25583.0,32238.0,-11.509659120388786,"dippel, donnie","kleinschmidt, tim",0.0,both,0.0,0.0,0.0,texas_official_upstream
TX,2008,house,18,14901.0,32465.0,-37.08145082970908,Arlan Foster,John Otto,0.0,1.0,-1.0,True,0.0,1.0,0.0,0.0,,,,Texas official returns normalized by the Texas project,external://texas-state-house-and-state-senate-model/data/processed/elections/sos_canonical_candidate_totals_1992_2018.csv,Texas Secretary of State candidate-total exports,Texas official/canonical candidate and full-history incumbency exports,source_observed,14901.0,32465.0,-37.08145082970908,"foster, arlan","otto, john",-1.0,both,0.0,0.0,0.0,texas_official_upstream
TX,2008,house,19,17306.0,32545.0,-30.569095905799283,Larry C. Hunter,Mike Hamilton,0.0,1.0,-1.0,True,0.0,1.0,0.0,0.0,,,,Texas official returns normalized by the Texas project,external://texas-state-house-and-state-senate-model/data/processed/elections/sos_canonical_candidate_totals_1992_2018.csv,Texas Secretary of State candidate-total exports,Texas official/canonical candidate and full-history incumbency exports,source_observed,17306.0,32545.0,-30.569095905799283,"hunter, larry c","hamilton, mike (tuffy)",-1.0,both,0.0,0.0,0.0,texas_official_upstream
TX,2008,house,20,26907.0,57029.0,-35.886866183759054,Jim Dillon,Dan M. Gattis,0.0,1.0,-1.0,True,0.0,1.0,0.0,0.0,,,,Texas official returns normalized by the Texas project,external://texas-state-house-and-state-senate-model/data/processed/elections/sos_canonical_candidate_totals_1992_2018.csv,Texas Secretary of State candidate-total exports,Texas official/canonical candidate and full-history incumbency exports,source_observed,26907.0,57029.0,-35.886866183759054,"dillon, jim","gattis, dan m",-1.0,both,0.0,0.0,0.0,texas_official_upstream
TX,2008,house,21,,,,,,,,,,,,,,,,,,,,,,32208.0,0.0,100.0,"ritter, allan b",,1.0,right_only,,,,klarner_fallback
TX,2008,house,22,,,,,,,,,,,,,,,,,,,,,,31169.0,0.0,100.0,"deshotel, joseph (joe)",,1.0,right_only,,,,klarner_fallback
TX,2008,house,23,,,,,,,,,,,,,,,,,,,,,,31195.0,0.0,100.0,"eiland, craig",,1.0,right_only,,,,klarner_fallback
TX,2008,house,24,,,,,,,,,,,,,,,,,,,,,,0.0,47378.0,-100.0,,"taylor, larry",-1.0,right_only,,,,klarner_fallback
TX,2008,house,25,,,,,,,,,,,,,,,,,,,,,,0.0,33404.0,-100.0,,"bonnen, dennis",-1.0,right_only,,,,klarner_fallback
TX,2008,house,26,,,,,,,,,,,,,,,,,,,,,,0.0,45679.0,-100.0,,"howard, charlie",-1.0,right_only,,,,klarner_fallback
TX,2008,house,27,48415.0,25434.0,31.118904792211133,Dora Olivo,Steve Host,1.0,0.0,1.0,True,1.0,0.0,0.0,0.0,,,,Texas official returns normalized by the Texas project,external://texas-state-house-and-state-senate-model/data/processed/elections/sos_canonical_candidate_totals_1992_2018.csv,Texas Secretary of State candidate-total exports,Texas official/canonical candidate and full-history incumbency exports,source_observed,48415.0,25434.0,31.118904792211133,"olivo, dora","host, steve",1.0,both,0.0,0.0,0.0,texas_official_upstream
TX,2008,house,28,32089.0,50824.0,-22.59597409332674,Dorothy Bottos,John Zerwas,0.0,1.0,-1.0,True,0.0,1.0,0.0,0.0,,,,Texas official returns normalized by the Texas project,external://texas-state-house-and-state-senate-model/data/processed/elections/sos_canonical_candidate_totals_1992_2018.csv,Texas Secretary of State candidate-total exports,Texas official/canonical candidate and full-history incumbency exports,source_observed,32089.0,50824.0,-22.59597409332674,"bottos, dorothy","zerwas, john",-1.0,both,0.0,0.0,0.0,texas_official_upstream
TX,2008,house,29,26433.0,40439.0,-20.944490967819117,Kevin M. Murphy,Randy Weber,0.0,0.0,0.0,True,0.0,1.0,0.0,0.0,,,,Texas official returns normalized by the Texas project,external://texas-state-house-and-state-senate-model/data/processed/elections/sos_canonical_candidate_totals_1992_2018.csv,Texas Secretary of State candidate-total exports,Texas official/canonical candidate and full-history incumbency exports,source_observed,26433.0,40439.0,-20.944490967819117,"murphy, kevin m","weber, randy",0.0,both,0.0,0.0,0.0,texas_official_upstream
TX,2008,house,30,,,,,,,,,,,,,,,,,,,,,,0.0,38869.0,-100.0,,"morrison, geanie w",-1.0,right_only,,,,klarner_fallback
TX,2008,house,31,,,,,,,,,,,,,,,,,,,,,,24170.0,0.0,100.0,"guillen, ryan",,1.0,right_only,,,,klarner_fallback
TX,2008,house,32,25994.0,27844.0,-3.436234629815372,Juan M. Garcia III,Todd Hunter,1.0,0.0,1.0,True,0.0,1.0,0.0,0.0,,,,Texas official returns normalized by the Texas project,external://texas-state-house-and-state-senate-model/data/processed/elections/sos_canonical_candidate_totals_1992_2018.csv,Texas Secretary of State candidate-total exports,Texas official/canonical candidate and full-history incumbency exports,source_observed,25994.0,27844.0,-3.436234629815372,"garcia, juan m","hunter, todd a",1.0,both,0.0,0.0,0.0,texas_official_upstream
TX,2008,house,33,24582.0,14792.0,24.864123533296084,"Solomon P. Ortiz, Jr.",Raul Torres,1.0,0.0,1.0,True,1.0,0.0,0.0,0.0,,,,Texas official returns normalized by the Texas project,external://texas-state-house-and-state-senate-model/data/processed/elections/sos_canonical_candidate_totals_1992_2018.csv,Texas Secretary of State candidate-total exports,Texas official/canonical candidate and full-history incumbency exports,source_observed,24582.0,14792.0,24.864123533296084,"ortiz, solomon p, jr","torres, raul",1.0,both,0.0,0.0,0.0,texas_official_upstream
TX,2008,house,34,21188.0,18684.0,6.280096308186196,Abel Herrero,Connie Scott,1.0,0.0,1.0,True,1.0,0.0,0.0,0.0,,,,Texas official returns normalized by the Texas project,external://texas-state-house-and-state-senate-model/data/processed/elections/sos_canonical_candidate_totals_1992_2018.csv,Texas Secretary of State candidate-total exports,Texas official/canonical candidate and full-history incumbency exports,source_observed,21188.0,18684.0,6.280096308186196,"herrero, abel","scott, connie",1.0,both,0.0,0.0,0.0,texas_official_upstream
TX,2008,house,35,,,,,,,,,,,,,,,,,,,,,,29458.0,0.0,100.0,"toureilles, yvonne g",,1.0,right_only,,,,klarner_fallback
TX,2008,house,36,,,,,,,,,,,,,,,,,,,,,,24598.0,0.0,100.0,"flores, ismael (kino)",,1.0,right_only,,,,klarner_fallback
TX,2008,house,37,,,,,,,,,,,,,,,,,,,,,,19695.0,0.0,100.0,"oliveira, rene o",,1.0,right_only,,,,klarner_fallback
TX,2008,house,38,,,,,,,,,,,,,,,,,,,,,,25476.0,0.0,100.0,"lucio, eddie, iii 2",,1.0,right_only,,,,klarner_fallback
TX,2008,house,39,,,,,,,,,,,,,,,,,,,,,,23879.0,0.0,100.0,"martinez, armando m (mando)",,1.0,right_only,,,,klarner_fallback
TX,2008,house,40,,,,,,,,,,,,,,,,,,,,,,24103.0,0.0,100.0,"pena, aaron",,1.0,right_only,,,,klarner_fallback
TX,2008,house,41,23438.0,12025.0,32.182838451343656,Veronica Gonzales,Javier Villalobos,1.0,0.0,1.0,True,1.0,0.0,0.0,0.0,,,,Texas official returns normalized by the Texas project,external://texas-state-house-and-state-senate-model/data/processed/elections/sos_canonical_candidate_totals_1992_2018.csv,Texas Secretary of State candidate-total exports,Texas official/canonical candidate and full-history incumbency exports,source_observed,23438.0,12025.0,32.182838451343656,"gonzales, veronica","villalobos, javier",1.0,both,0.0,0.0,0.0,texas_official_upstream
TX,2008,house,42,,,,,,,,,,,,,,,,,,,,,,31129.0,0.0,100.0,"penaraymond, richard p",,1.0,right_only,,,,klarner_fallback
TX,2008,house,43,,,,,,,,,,,,,,,,,,,,,,25771.0,0.0,100.0,"ybarra, tara r",,0.0,right_only,,,,klarner_fallback
TX,2008,house,44,,,,,,,,,,,,,,,,,,,,,,0.0,46686.0,-100.0,,"kuempel, edmund",-1.0,right_only,,,,klarner_fallback
TX,2008,house,45,43926.0,27729.0,22.60414486079129,Patrick M. Rose,Matt Young,1.0,0.0,1.0,True,1.0,0.0,0.0,0.0,,,,Texas official returns normalized by the Texas project,external://texas-state-house-and-state-senate-model/data/processed/elections/sos_canonical_candidate_totals_1992_2018.csv,Texas Secretary of State candidate-total exports,Texas official/canonical candidate and full-history incumbency exports,source_observed,43926.0,27729.0,22.60414486079129,"rose, patrick m","young, matt",1.0,both,0.0,0.0,0.0,texas_official_upstream
TX,2008,house,46,,,,,,,,,,,,,,,,,,,,,,34353.0,0.0,100.0,"dukes, dawnna m",,1.0,right_only,,,,klarner_fallback
TX,2008,house,47,45314.0,43190.0,2.399891530326313,Valinda Bolton,Donna Keel,1.0,0.0,1.0,True,1.0,0.0,0.0,0.0,,,,Texas official returns normalized by the Texas project,external://texas-state-house-and-state-senate-model/data/processed/elections/sos_canonical_candidate_totals_1992_2018.csv,Texas Secretary of State candidate-total exports,Texas official/canonical candidate and full-history incumbency exports,source_observed,45314.0,43190.0,2.399891530326313,"bolton, valinda","keel, donna",1.0,both,0.0,0.0,0.0,texas_official_upstream
TX,2008,house,48,39748.0,31028.0,12.320560642025546,Donna Howard,Pamela Waggoner,1.0,0.0,1.0,True,1.0,0.0,0.0,0.0,,,,Texas official returns normalized by the Texas project,external://texas-state-house-and-state-senate-model/data/processed/elections/sos_canonical_candidate_totals_1992_2018.csv,Texas Secretary of State candidate-total exports,Texas official/canonical candidate and full-history incumbency exports,source_observed,39748.0,31028.0,12.320560642025546,"howard, donna","waggoner, pamela",1.0,both,0.0,0.0,0.0,texas_official_upstream
TX,2008,house,49,,,,,,,,,,,,,,,,,,,,,,54284.0,0.0,100.0,"naishtat, elliott",,1.0,right_only,,,,klarner_fallback
TX,2008,house,50,45456.0,23681.0,31.495436596901804,Mark Strama,Jerry J. Mikus Jr.,1.0,0.0,1.0,True,1.0,0.0,0.0,0.0,,,,Texas official returns normalized by the Texas project,external://texas-state-house-and-state-senate-model/data/processed/elections/sos_canonical_candidate_totals_1992_2018.csv,Texas Secretary of State candidate-total exports,Texas official/canonical candidate and full-history incumbency exports,source_observed,45456.0,23681.0,31.495436596901804,"strama, mark","mikus, jerry j, jr",1.0,both,0.0,0.0,0.0,texas_official_upstream
TX,2008,house,51,,,,,,,,,,,,,,,,,,,,,,29384.0,0.0,100.0,"rodriguez, eddie",,1.0,right_only,,,,klarner_fallback
TX,2008,house,52,34898.0,34047.0,1.2343172093697876,Diana Maldonado,Bryan Daniel,0.0,0.0,0.0,True,1.0,0.0,0.0,0.0,,,,Texas official returns normalized by the Texas project,external://texas-state-house-and-state-senate-model/data/processed/elections/sos_canonical_candidate_totals_1992_2018.csv,Texas Secretary of State candidate-total exports,Texas official/canonical candidate and full-history incumbency exports,source_observed,34898.0,34047.0,1.2343172093697876,"maldonado, diana","daniel, bryan",0.0,both,0.0,0.0,0.0,texas_official_upstream
TX,2008,house,53,,,,,,,,,,,,,,,,,,,,,,0.0,47847.0,-100.0,,"hilderbran, harvey",-1.0,right_only,,,,klarner_fallback
TX,2008,house,54,,,,,,,,,,,,,,,,,,,,,,0.0,33690.0,-100.0,,"aycock, jimmie d",-1.0,right_only,,,,klarner_fallback
TX,2008,house,55,24290.0,30189.0,-10.828025477707007,Sam Murphey,Ralph Sheffield,0.0,0.0,0.0,True,0.0,1.0,0.0,0.0,,,,Texas official returns normalized by the Texas project,external://texas-state-house-and-state-senate-model/data/processed/elections/sos_canonical_candidate_totals_1992_2018.csv,Texas Secretary of State candidate-total exports,Texas official/canonical candidate and full-history incumbency exports,source_observed,24290.0,30189.0,-10.828025477707007,"murphey, sam","sheffield, ralph",0.0,both,0.0,0.0,0.0,texas_official_upstream
TX,2008,house,56,,,,,,,,,,,,,,,,,,,,,,0.0,44067.0,-100.0,,"anderson, charles (doc)",-1.0,right_only,,,,klarner_fallback
TX,2008,house,57,,,,,,,,,,,,,,,,,,,,,,28291.0,0.0,100.0,"dunnam, jim",,1.0,right_only,,,,klarner_fallback
TX,2008,house,58,14749.0,39697.0,-45.821547955772694,Greg Allen Kauffman,Rob Orr,0.0,1.0,-1.0,True,0.0,1.0,0.0,0.0,,,,Texas official returns normalized by the Texas project,external://texas-state-house-and-state-senate-model/data/processed/elections/sos_canonical_candidate_totals_1992_2018.csv,Texas Secretary of State candidate-total exports,Texas official/canonical candidate and full-history incumbency exports,source_observed,14749.0,39697.0,-45.821547955772694,"kauffman, greg a","orr, rob",-1.0,both,0.0,0.0,0.0,texas_official_upstream
TX,2008,house,59,16546.0,28482.0,-26.50795060851026,Ernie Casbeer,Sid Miller,0.0,1.0,-1.0,True,0.0,1.0,0.0,0.0,,,,Texas official returns normalized by the Texas project,external://texas-state-house-and-state-senate-model/data/processed/elections/sos_canonical_candidate_totals_1992_2018.csv,Texas Secretary of State candidate-total exports,Texas official/canonical candidate and full-history incumbency exports,source_observed,16546.0,28482.0,-26.50795060851026,"casbeer, ernie","miller, sid",-1.0,both,0.0,0.0,0.0,texas_official_upstream
TX,2008,house,60,13195.0,43588.0,-53.52482257013543,Dave Shupp,"James L. ""Jim"" Keffer",0.0,1.0,-1.0,True,0.0,1.0,0.0,0.0,,,,Texas official returns normalized by the Texas project,external://texas-state-house-and-state-senate-model/data/processed/elections/sos_canonical_candidate_totals_1992_2018.csv,Texas Secretary of State candidate-total exports,Texas official/canonical candidate and full-history incumbency exports,source_observed,13195.0,43588.0,-53.52482257013543,"shupp, dave","keffer, james l (jim)",-1.0,both,0.0,0.0,0.0,texas_official_upstream
TX,2008,house,61,16308.0,48879.0,-49.96548391550463,Charles William Randolph,Phil King,0.0,1.0,-1.0,True,0.0,1.0,0.0,0.0,,,,Texas official returns normalized by the Texas project,external://texas-state-house-and-state-senate-model/data/processed/elections/sos_canonical_candidate_totals_1992_2018.csv,Texas Secretary of State candidate-total exports,Texas official/canonical candidate and full-history incumbency exports,source_observed,16308.0,48879.0,-49.96548391550463,"randolph, charles w","king, phil",-1.0,both,0.0,0.0,0.0,texas_official_upstream
TX,2008,house,62,17365.0,37588.0,-36.80053864211235,"Peter ""Pete"" Veeck",Larry Phillips,0.0,1.0,-1.0,True,0.0,1.0,0.0,0.0,,,,Texas official returns normalized by the Texas project,external://texas-state-house-and-state-senate-model/data/processed/elections/sos_canonical_candidate_totals_1992_2018.csv,Texas Secretary of State candidate-total exports,Texas official/canonical candidate and full-history incumbency exports,source_observed,17365.0,37588.0,-36.80053864211235,"veeck, peter (pete)","phillips, larry",-1.0,both,0.0,0.0,0.0,texas_official_upstream
TX,2008,house,63,19883.0,64048.0,-52.62060502079089,Jesus Carrillo,Tan Parker,0.0,0.0,0.0,True,0.0,1.0,0.0,0.0,,,,Texas official returns normalized by the Texas project,external://texas-state-house-and-state-senate-model/data/processed/elections/sos_canonical_candidate_totals_1992_2018.csv,Texas Secretary of State candidate-total exports,Texas official/canonical candidate and full-history incumbency exports,source_observed,19883.0,64048.0,-52.62060502079089,"carrillo, jesus","parker, tan",-1.0,both,0.0,0.0,0.0,texas_official_upstream
TX,2008,house,64,28195.0,40758.0,-18.21965686772149,John McClelland,Myra Crownover,0.0,1.0,-1.0,True,0.0,1.0,0.0,0.0,,,,Texas official returns normalized by the Texas project,external://texas-state-house-and-state-senate-model/data/processed/elections/sos_canonical_candidate_totals_1992_2018.csv,Texas Secretary of State candidate-total exports,Texas official/canonical candidate and full-history incumbency exports,source_observed,28195.0,40758.0,-18.21965686772149,"mcclelland, john","crownover, myra",-1.0,both,0.0,0.0,0.0,texas_official_upstream
TX,2008,house,65,,,,,,,,,,,,,,,,,,,,,,0.0,47471.0,-100.0,,"solomons, burt",-1.0,right_only,,,,klarner_fallback
TX,2008,house,66,,,,,,,,,,,,,,,,,,,,,,0.0,45421.0,-100.0,,"mccall, brian",-1.0,right_only,,,,klarner_fallback
TX,2008,house,67,,,,,,,,,,,,,,,,,,,,,,0.0,30558.0,-100.0,,"madden, jerry a",-1.0,right_only,,,,klarner_fallback
TX,2008,house,68,,,,,,,,,,,,,,,,,,,,,,0.0,41543.0,-100.0,,"hardcastle, richard l (rick)",-1.0,right_only,,,,klarner_fallback
TX,2008,house,69,,,,,,,,,,,,,,,,,,,,,,31925.0,0.0,100.0,"farabee, david",,1.0,right_only,,,,klarner_fallback
TX,2008,house,70,,,,,,,,,,,,,,,,,,,,,,0.0,73450.0,-100.0,,"paxton, ken",-1.0,right_only,,,,klarner_fallback
TX,2008,house,71,,,,,,,,,,,,,,,,,,,,,,0.0,40381.0,-100.0,,"king, susan l",-1.0,right_only,,,,klarner_fallback
TX,2008,house,72,,,,,,,,,,,,,,,,,,,,,,0.0,37010.0,-100.0,,"darby, drew",-1.0,right_only,,,,klarner_fallback
TX,2008,house,73,21732.0,58118.0,-45.56793988728867,Daniel Boone,Doug Miller,0.0,0.0,0.0,True,0.0,1.0,0.0,0.0,,,,Texas official returns normalized by the Texas project,external://texas-state-house-and-state-senate-model/data/processed/elections/sos_canonical_candidate_totals_1992_2018.csv,Texas Secretary of State candidate-total exports,Texas official/canonical candidate and full-history incumbency exports,source_observed,21732.0,58118.0,-45.56793988728867,"boone, daniel","miller, doug",0.0,both,0.0,0.0,0.0,texas_official_upstream
TX,2008,house,74,26235.0,14633.0,28.388959577175296,Pete P. Gallego,"Thomas (T.C.) Kincaid, Jr.",1.0,0.0,1.0,True,1.0,0.0,0.0,0.0,,,,Texas official returns normalized by the Texas project,external://texas-state-house-and-state-senate-model/data/processed/elections/sos_canonical_candidate_totals_1992_2018.csv,Texas Secretary of State candidate-total exports,Texas official/canonical candidate and full-history incumbency exports,source_observed,26235.0,14633.0,28.388959577175296,"gallego, pete p","kincaid, thomas (tc), jr",1.0,both,0.0,0.0,0.0,texas_official_upstream
TX,2008,house,75,26806.0,10758.0,42.721754871685654,Chente Quintanilla,"Carlos ""Charlie"" Garza",1.0,0.0,1.0,True,1.0,0.0,0.0,0.0,,,,Texas official returns normalized by the Texas project,external://texas-state-house-and-state-senate-model/data/processed/elections/sos_canonical_candidate_totals_1992_2018.csv,Texas Secretary of State candidate-total exports,Texas official/canonical candidate and full-history incumbency exports,source_observed,26806.0,10758.0,42.721754871685654,"quintanilla, chente","garza, carlos (charlie)",1.0,both,0.0,0.0,0.0,texas_official_upstream
TX,2008,house,76,,,,,,,,,,,,,,,,,,,,,,26632.0,0.0,100.0,"chavez, norma",,1.0,right_only,,,,klarner_fallback
TX,2008,house,77,,,,,,,,,,,,,,,,,,,,,,21444.0,0.0,100.0,"marquez, marisa",,0.0,right_only,,,,klarner_fallback
TX,2008,house,78,26176.0,22918.0,6.636248828777448,Joseph E. Moody,Dee Margo,0.0,0.0,0.0,True,1.0,0.0,0.0,0.0,,,,Texas official returns normalized by the Texas project,external://texas-state-house-and-state-senate-model/data/processed/elections/sos_canonical_candidate_totals_1992_2018.csv,Texas Secretary of State candidate-total exports,Texas official/canonical candidate and full-history incumbency exports,source_observed,26176.0,22918.0,6.636248828777448,"moody, joseph e 2","margo, donald r (dee)",0.0,both,0.0,0.0,0.0,texas_official_upstream
TX,2008,house,79,,,,,,,,,,,,,,,,,,,,,,27604.0,0.0,100.0,"pickett, joseph c (joe)",,1.0,right_only,,,,klarner_fallback
TX,2008,house,80,,,,,,,,,,,,,,,,,,,,,,30676.0,0.0,100.0,"king, tracy o",,1.0,right_only,,,,klarner_fallback
TX,2008,house,81,,,,,,,,,,,,,,,,,,,,,,0.0,32973.0,-100.0,,"lewis, tryon d",0.0,right_only,,,,klarner_fallback
TX,2008,house,82,18870.0,33202.0,-27.52342909817176,Bill Dingus,Tom Craddick,0.0,1.0,-1.0,True,0.0,1.0,0.0,0.0,,,,Texas official returns normalized by the Texas project,external://texas-state-house-and-state-senate-model/data/processed/elections/sos_canonical_candidate_totals_1992_2018.csv,Texas Secretary of State candidate-total exports,Texas official/canonical candidate and full-history incumbency exports,source_observed,18870.0,33202.0,-27.52342909817176,"dingus, bill","craddick, tom",-1.0,both,0.0,0.0,0.0,texas_official_upstream
TX,2008,house,83,,,,,,,,,,,,,,,,,,,,,,0.0,53411.0,-100.0,,"jones, delwin",-1.0,right_only,,,,klarner_fallback
TX,2008,house,84,,,,,,,,,,,,,,,,,,,,,,0.0,32949.0,-100.0,,"isett, carl h",-1.0,right_only,,,,klarner_fallback
TX,2008,house,85,22865.0,19970.0,6.758491887475196,Joe Heflin,Isaac M. Castro,1.0,0.0,1.0,True,1.0,0.0,0.0,0.0,,,,Texas official returns normalized by the Texas project,external://texas-state-house-and-state-senate-model/data/processed/elections/sos_canonical_candidate_totals_1992_2018.csv,Texas Secretary of State candidate-total exports,Texas official/canonical candidate and full-history incumbency exports,source_observed,22865.0,19970.0,6.758491887475196,"heflin, joe","castro, isaac m",1.0,both,0.0,0.0,0.0,texas_official_upstream
TX,2008,house,86,10917.0,47031.0,-62.321391592462206,James H. Wood,John Smithee,0.0,1.0,-1.0,True,0.0,1.0,0.0,0.0,,,,Texas official returns normalized by the Texas project,external://texas-state-house-and-state-senate-model/data/processed/elections/sos_canonical_candidate_totals_1992_2018.csv,Texas Secretary of State candidate-total exports,Texas official/canonical candidate and full-history incumbency exports,source_observed,10917.0,47031.0,-62.321391592462206,"wood, james h","smithee, john",-1.0,both,0.0,0.0,0.0,texas_official_upstream
TX,2008,house,87,,,,,,,,,,,,,,,,,,,,,,0.0,28546.0,-100.0,,"swinford, david",-1.0,right_only,,,,klarner_fallback
TX,2008,house,88,,,,,,,,,,,,,,,,,,,,,,0.0,41053.0,-100.0,,"chisum, warren",-1.0,right_only,,,,klarner_fallback
TX,2008,house,89,,,,,,,,,,,,,,,,,,,,,,0.0,69628.0,-100.0,,"laubenberg, jodie",-1.0,right_only,,,,klarner_fallback
TX,2008,house,90,16984.0,7180.0,40.5727528554875,Lon Burnam,Larry Keilberg,1.0,0.0,1.0,True,1.0,0.0,0.0,0.0,,,,Texas official returns normalized by the Texas project,external://texas-state-house-and-state-senate-model/data/processed/elections/sos_canonical_candidate_totals_1992_2018.csv,Texas Secretary of State candidate-total exports,Texas official/canonical candidate and full-history incumbency exports,source_observed,16984.0,7180.0,40.5727528554875,"burnam, lon","keilberg, larry",1.0,both,0.0,0.0,0.0,texas_official_upstream
TX,2008,house,91,19567.0,33383.0,-26.092540132200188,Chris Utchell,Kelly Hancock,0.0,1.0,-1.0,True,0.0,1.0,0.0,0.0,,,,Texas official returns normalized by the Texas project,external://texas-state-house-and-state-senate-model/data/processed/elections/sos_canonical_candidate_totals_1992_2018.csv,Texas Secretary of State candidate-total exports,Texas official/canonical candidate and full-history incumbency exports,source_observed,19567.0,33383.0,-26.092540132200188,"utchell, chris","hancock, kelly",-1.0,both,0.0,0.0,0.0,texas_official_upstream
TX,2008,house,92,21038.0,36955.0,-27.446415946752193,Kalandra N. Wheeler,Todd Smith,0.0,1.0,-1.0,True,0.0,1.0,0.0,0.0,,,,Texas official returns normalized by the Texas project,external://texas-state-house-and-state-senate-model/data/processed/elections/sos_canonical_candidate_totals_1992_2018.csv,Texas Secretary of State candidate-total exports,Texas official/canonical candidate and full-history incumbency exports,source_observed,21038.0,36955.0,-27.446415946752193,"wheeler, kalandra n","smith, todd",-1.0,both,0.0,0.0,0.0,texas_official_upstream
TX,2008,house,93,27538.0,19582.0,16.884550084889643,Paula Hightower Pierson,Bill Burch,1.0,0.0,1.0,True,1.0,0.0,0.0,0.0,,,,Texas official returns normalized by the Texas project,external://texas-state-house-and-state-senate-model/data/processed/elections/sos_canonical_candidate_totals_1992_2018.csv,Texas Secretary of State candidate-total exports,Texas official/canonical candidate and full-history incumbency exports,source_observed,27538.0,19582.0,16.884550084889643,"pierson, paula h","burch, bill",1.0,both,0.0,0.0,0.0,texas_official_upstream
TX,2008,house,94,,,,,,,,,,,,,,,,,,,,,,0.0,39915.0,-100.0,,"patrick, diane",-1.0,right_only,,,,klarner_fallback
TX,2008,house,95,,,,,,,,,,,,,,,,,,,,,,39150.0,0.0,100.0,"veasey, marc",,1.0,right_only,,,,klarner_fallback
TX,2008,house,96,41977.0,38108.0,4.831116938253106,Chris Turner,Bill Zedler,0.0,1.0,-1.0,True,1.0,0.0,0.0,0.0,,,,Texas official returns normalized by the Texas project,external://texas-state-house-and-state-senate-model/data/processed/elections/sos_canonical_candidate_totals_1992_2018.csv,Texas Secretary of State candidate-total exports,Texas official/canonical candidate and full-history incumbency exports,source_observed,41977.0,38108.0,4.831116938253106,"turner, chris","zedler, bill",-1.0,both,0.0,0.0,0.0,texas_official_upstream
TX,2008,house,97,29206.0,37800.0,-12.825717099961198,Dan Barrett,Mark M. Shelton,1.0,0.0,1.0,True,0.0,1.0,0.0,0.0,,,,Texas official returns normalized by the Texas project,external://texas-state-house-and-state-senate-model/data/processed/elections/sos_canonical_candidate_totals_1992_2018.csv,Texas Secretary of State candidate-total exports,Texas official/canonical candidate and full-history incumbency exports,source_observed,29206.0,37800.0,-12.825717099961198,"barrett, dan","shelton, mark m",0.0,both,0.0,0.0,0.0,texas_official_upstream
TX,2008,house,98,25855.0,68345.0,-45.10615711252654,Nancy Moffat,Vicki Truitt,0.0,1.0,-1.0,True,0.0,1.0,0.0,0.0,,,,Texas official returns normalized by the Texas project,external://texas-state-house-and-state-senate-model/data/processed/elections/sos_canonical_candidate_totals_1992_2018.csv,Texas Secretary of State candidate-total exports,Texas official/canonical candidate and full-history incumbency exports,source_observed,25855.0,68345.0,-45.10615711252654,"moffat, nancy","truitt, vicki",-1.0,both,0.0,0.0,0.0,texas_official_upstream
TX,2008,house,99,23135.0,46254.0,-33.31796106011039,Sheila Ford,Charlie Geren,0.0,1.0,-1.0,True,0.0,1.0,0.0,0.0,,,,Texas official returns normalized by the Texas project,external://texas-state-house-and-state-senate-model/data/processed/elections/sos_canonical_candidate_totals_1992_2018.csv,Texas Secretary of State candidate-total exports,Texas official/canonical candidate and full-history incumbency exports,source_observed,23135.0,46254.0,-33.31796106011039,"ford, sheila","geren, charlie",-1.0,both,0.0,0.0,0.0,texas_official_upstream
TX,2008,house,100,,,,,,,,,,,,,,,,,,,,,,27903.0,0.0,100.0,"hodge, terri",,1.0,right_only,,,,klarner_fallback
TX,2008,house,101,23713.0,23192.0,1.1107557829655688,Robert Miklos,Mike Anderson,0.0,0.0,0.0,True,1.0,0.0,0.0,0.0,,,,Texas official returns normalized by the Texas project,external://texas-state-house-and-state-senate-model/data/processed/elections/sos_canonical_candidate_totals_1992_2018.csv,Texas Secretary of State candidate-total exports,Texas official/canonical candidate and full-history incumbency exports,source_observed,23713.0,23192.0,1.1107557829655688,"miklos, robert","anderson, mike",0.0,both,0.0,0.0,0.0,texas_official_upstream
TX,2008,house,102,21675.0,19210.0,6.029106029106029,Carol Kent,Tony Goolsby,0.0,1.0,-1.0,True,1.0,0.0,0.0,0.0,,,,Texas official returns normalized by the Texas project,external://texas-state-house-and-state-senate-model/data/processed/elections/sos_canonical_candidate_totals_1992_2018.csv,Texas Secretary of State candidate-total exports,Texas official/canonical candidate and full-history incumbency exports,source_observed,21675.0,19210.0,6.029106029106029,"kent, carol","goolsby, tony",-1.0,both,0.0,0.0,0.0,texas_official_upstream
TX,2008,house,103,,,,,,,,,,,,,,,,,,,,,,14825.0,0.0,100.0,"anchia, rafael m",,1.0,right_only,,,,klarner_fallback
TX,2008,house,104,,,,,,,,,,,,,,,,,,,,,,16655.0,0.0,100.0,"alonzo, roberto r",,1.0,right_only,,,,klarner_fallback
TX,2008,house,105,19838.0,19857.0,-0.047864970399294625,Bob Romano,Linda Harper-Brown,0.0,1.0,-1.0,True,0.0,1.0,0.0,0.0,,,,Texas official returns normalized by the Texas project,external://texas-state-house-and-state-senate-model/data/processed/elections/sos_canonical_candidate_totals_1992_2018.csv,Texas Secretary of State candidate-total exports,Texas official/canonical candidate and full-history incumbency exports,source_observed,19838.0,19857.0,-0.047864970399294625,"romano, bob","harperbrown, linda",-1.0,both,0.0,0.0,0.0,texas_official_upstream
TX,2008,house,106,21484.0,16362.0,13.533794852824604,Kirk England,Karen Wiegman,1.0,0.0,1.0,True,1.0,0.0,0.0,0.0,,,,Texas official returns normalized by the Texas project,external://texas-state-house-and-state-senate-model/data/processed/elections/sos_canonical_candidate_totals_1992_2018.csv,Texas Secretary of State candidate-total exports,Texas official/canonical candidate and full-history incumbency exports,source_observed,21484.0,16362.0,13.533794852824604,"england, kirk","wiegman, karen",1.0,both,0.0,0.0,0.0,texas_official_upstream
TX,2008,house,107,25374.0,23616.0,3.5884874464176364,Allen Vaught,Bill Keffer,1.0,0.0,1.0,True,1.0,0.0,0.0,0.0,,,,Texas official returns normalized by the Texas project,external://texas-state-house-and-state-senate-model/data/processed/elections/sos_canonical_candidate_totals_1992_2018.csv,Texas Secretary of State candidate-total exports,Texas official/canonical candidate and full-history incumbency exports,source_observed,25374.0,23616.0,3.5884874464176364,"vaught, allen","keffer, bill",1.0,both,0.0,0.0,0.0,texas_official_upstream
TX,2008,house,108,21737.0,33442.0,-21.212780224360717,Emil Reichstadt,Dan Branch,0.0,1.0,-1.0,True,0.0,1.0,0.0,0.0,,,,Texas official returns normalized by the Texas project,external://texas-state-house-and-state-senate-model/data/processed/elections/sos_canonical_candidate_totals_1992_2018.csv,Texas Secretary of State candidate-total exports,Texas official/canonical candidate and full-history incumbency exports,source_observed,21737.0,33442.0,-21.212780224360717,"reichstadt, emil","branch, dan",-1.0,both,0.0,0.0,0.0,texas_official_upstream
TX,2008,house,109,,,,,,,,,,,,,,,,,,,,,,59472.0,0.0,100.0,"giddings, helen",,1.0,right_only,,,,klarner_fallback
TX,2008,house,110,,,,,,,,,,,,,,,,,,,,,,30869.0,0.0,100.0,"mallorycaraway, barbara",,1.0,right_only,,,,klarner_fallback
TX,2008,house,111,43685.0,10674.0,60.72775437370077,Yvonne Davis,Homer Fincannon,1.0,0.0,1.0,True,1.0,0.0,0.0,0.0,,,,Texas official returns normalized by the Texas project,external://texas-state-house-and-state-senate-model/data/processed/elections/sos_canonical_candidate_totals_1992_2018.csv,Texas Secretary of State candidate-total exports,Texas official/canonical candidate and full-history incumbency exports,source_observed,43685.0,10674.0,60.72775437370077,"davis, yvonne","fincannon, homer",1.0,both,0.0,0.0,0.0,texas_official_upstream
TX,2008,house,112,21919.0,30998.0,-17.157057278379348,Sandra Phuong Vule,Angie Chen Button,0.0,0.0,0.0,True,0.0,1.0,0.0,0.0,,,,Texas official returns normalized by the Texas project,external://texas-state-house-and-state-senate-model/data/processed/elections/sos_canonical_candidate_totals_1992_2018.csv,Texas Secretary of State candidate-total exports,Texas official/canonical candidate and full-history incumbency exports,source_observed,21919.0,30998.0,-17.157057278379348,"vule, sandra p","chenbutton, angie c",0.0,both,0.0,0.0,0.0,texas_official_upstream
TX,2008,house,113,21232.0,29938.0,-17.01387531756889,Eric Anthony Brandler,Joe Driver,0.0,1.0,-1.0,True,0.0,1.0,0.0,0.0,,,,Texas official returns normalized by the Texas project,external://texas-state-house-and-state-senate-model/data/processed/elections/sos_canonical_candidate_totals_1992_2018.csv,Texas Secretary of State candidate-total exports,Texas official/canonical candidate and full-history incumbency exports,source_observed,21232.0,29938.0,-17.01387531756889,"brandler, eric a","driver, joe",-1.0,both,0.0,0.0,0.0,texas_official_upstream
TX,2008,house,114,,,,,,,,,,,,,,,,,,,,,,0.0,31393.0,-100.0,,"hartnett, will",-1.0,right_only,,,,klarner_fallback
TX,2008,house,115,,,,,,,,,,,,,,,,,,,,,,0.0,35635.0,-100.0,,"jackson, jim",-1.0,right_only,,,,klarner_fallback
TX,2008,house,116,,,,,,,,,,,,,,,,,,,,,,27540.0,0.0,100.0,"martinezfischer, trey",,1.0,right_only,,,,klarner_fallback
TX,2008,house,117,28675.0,21607.0,14.05672009864365,David McQuade Leibowitz,John V. Garza,1.0,0.0,1.0,True,1.0,0.0,0.0,0.0,,,,Texas official returns normalized by the Texas project,external://texas-state-house-and-state-senate-model/data/processed/elections/sos_canonical_candidate_totals_1992_2018.csv,Texas Secretary of State candidate-total exports,Texas official/canonical candidate and full-history incumbency exports,source_observed,28675.0,21607.0,14.05672009864365,"leibowitz, david m","garza, john v",1.0,both,0.0,0.0,0.0,texas_official_upstream
TX,2008,house,118,24169.0,14747.0,24.21112138965978,Joe Farias,Don Green,1.0,0.0,1.0,True,1.0,0.0,0.0,0.0,,,,Texas official returns normalized by the Texas project,external://texas-state-house-and-state-senate-model/data/processed/elections/sos_canonical_candidate_totals_1992_2018.csv,Texas Secretary of State candidate-total exports,Texas official/canonical candidate and full-history incumbency exports,source_observed,24169.0,14747.0,24.21112138965978,"farias, joe","green, don",1.0,both,0.0,0.0,0.0,texas_official_upstream
TX,2008,house,119,,,,,,,,,,,,,,,,,,,,,,29867.0,0.0,100.0,"gutierrez, rolando",,0.0,right_only,,,,klarner_fallback
TX,2008,house,120,,,,,,,,,,,,,,,,,,,,,,32601.0,0.0,100.0,"mcclendon, ruth j",,1.0,right_only,,,,klarner_fallback
TX,2008,house,121,,,,,,,,,,,,,,,,,,,,,,0.0,44472.0,-100.0,,"straus, joe",-1.0,right_only,,,,klarner_fallback
TX,2008,house,122,30953.0,68371.0,-37.672667230478034,Frances Carnot,"Frank J. Corte, Jr.",0.0,1.0,-1.0,True,0.0,1.0,0.0,0.0,,,,Texas official returns normalized by the Texas project,external://texas-state-house-and-state-senate-model/data/processed/elections/sos_canonical_candidate_totals_1992_2018.csv,Texas Secretary of State candidate-total exports,Texas official/canonical candidate and full-history incumbency exports,source_observed,30953.0,68371.0,-37.672667230478034,"carnot, frances","corte, frank j, jr",-1.0,both,0.0,0.0,0.0,texas_official_upstream
TX,2008,house,123,,,,,,,,,,,,,,,,,,,,,,27040.0,0.0,100.0,"villarreal, mike",,1.0,right_only,,,,klarner_fallback
TX,2008,house,124,,,,,,,,,,,,,,,,,,,,,,36557.0,0.0,100.0,"menendez, jose",,1.0,right_only,,,,klarner_fallback
TX,2008,house,125,,,,,,,,,,,,,,,,,,,,,,36003.0,0.0,100.0,"castro, joaquin",,1.0,right_only,,,,klarner_fallback
TX,2008,house,126,21179.0,32748.0,-21.453075453854286,Chad Khan,Patricia Harless,0.0,1.0,-1.0,True,0.0,1.0,0.0,0.0,,,,Texas official returns normalized by the Texas project,external://texas-state-house-and-state-senate-model/data/processed/elections/sos_canonical_candidate_totals_1992_2018.csv,Texas Secretary of State candidate-total exports,Texas official/canonical candidate and full-history incumbency exports,source_observed,21179.0,32748.0,-21.453075453854286,"khan, chad","harless, patricia",-1.0,both,0.0,0.0,0.0,texas_official_upstream
TX,2008,house,127,21987.0,44698.0,-34.05713428807078,Joe A. Montemayor,Joe Crabb,0.0,1.0,-1.0,True,0.0,1.0,0.0,0.0,,,,Texas official returns normalized by the Texas project,external://texas-state-house-and-state-senate-model/data/processed/elections/sos_canonical_candidate_totals_1992_2018.csv,Texas Secretary of State candidate-total exports,Texas official/canonical candidate and full-history incumbency exports,source_observed,21987.0,44698.0,-34.05713428807078,"montemayor, joe a","crabb, joe",-1.0,both,0.0,0.0,0.0,texas_official_upstream
TX,2008,house,128,,,,,,,,,,,,,,,,,,,,,,0.0,28439.0,-100.0,,"smith, wayne",-1.0,right_only,,,,klarner_fallback
TX,2008,house,129,23722.0,33462.0,-17.032736429770566,Sherrie L. Matula,John E. Davis,0.0,1.0,-1.0,True,0.0,1.0,0.0,0.0,,,,Texas official returns normalized by the Texas project,external://texas-state-house-and-state-senate-model/data/processed/elections/sos_canonical_candidate_totals_1992_2018.csv,Texas Secretary of State candidate-total exports,Texas official/canonical candidate and full-history incumbency exports,source_observed,23722.0,33462.0,-17.032736429770566,"matula, sherrie l","davis, john e 2",-1.0,both,0.0,0.0,0.0,texas_official_upstream
TX,2008,house,130,,,,,,,,,,,,,,,,,,,,,,0.0,63945.0,-100.0,,"fletcher, allen",0.0,right_only,,,,klarner_fallback
TX,2008,house,131,,,,,,,,,,,,,,,,,,,,,,35026.0,0.0,100.0,"allen, alma a",,1.0,right_only,,,,klarner_fallback
TX,2008,house,132,,,,,,,,,,,,,,,,,,,,,,0.0,43817.0,-100.0,,"callegari, bill",-1.0,right_only,,,,klarner_fallback
TX,2008,house,133,20219.0,19722.0,1.2443353947071931,Kristi Thibaut,Jim Murphy,0.0,1.0,-1.0,True,1.0,0.0,0.0,0.0,,,,Texas official returns normalized by the Texas project,external://texas-state-house-and-state-senate-model/data/processed/elections/sos_canonical_candidate_totals_1992_2018.csv,Texas Secretary of State candidate-total exports,Texas official/canonical candidate and full-history incumbency exports,source_observed,20219.0,19722.0,1.2443353947071931,"thibaut, kristi","murphy, jim",-1.0,both,0.0,0.0,0.0,texas_official_upstream
TX,2008,house,134,37892.0,28843.0,13.55960140855623,Ellen Cohen,Joe Agris,1.0,0.0,1.0,True,1.0,0.0,0.0,0.0,,,,Texas official returns normalized by the Texas project,external://texas-state-house-and-state-senate-model/data/processed/elections/sos_canonical_candidate_totals_1992_2018.csv,Texas Secretary of State candidate-total exports,Texas official/canonical candidate and full-history incumbency exports,source_observed,37892.0,28843.0,13.55960140855623,"cohen, ellen","agris, joe",1.0,both,0.0,0.0,0.0,texas_official_upstream
TX,2008,house,135,18733.0,27382.0,-18.755285698796488,Trey S. Fleming,Gary Elkins,0.0,1.0,-1.0,True,0.0,1.0,0.0,0.0,,,,Texas official returns normalized by the Texas project,external://texas-state-house-and-state-senate-model/data/processed/elections/sos_canonical_candidate_totals_1992_2018.csv,Texas Secretary of State candidate-total exports,Texas official/canonical candidate and full-history incumbency exports,source_observed,18733.0,27382.0,-18.755285698796488,"fleming, trey s","elkins, gary",-1.0,both,0.0,0.0,0.0,texas_official_upstream
TX,2008,house,136,,,,,,,,,,,,,,,,,,,,,,0.0,41117.0,-100.0,,"woolley, beverly",-1.0,right_only,,,,klarner_fallback
TX,2008,house,137,,,,,,,,,,,,,,,,,,,,,,12233.0,0.0,100.0,"hochberg, scott",,1.0,right_only,,,,klarner_fallback
TX,2008,house,138,15052.0,21666.0,-18.012963669045156,"Virginia ""Ginny"" Stogner McDavid",Dwayne Bohac,0.0,1.0,-1.0,True,0.0,1.0,0.0,0.0,,,,Texas official returns normalized by the Texas project,external://texas-state-house-and-state-senate-model/data/processed/elections/sos_canonical_candidate_totals_1992_2018.csv,Texas Secretary of State candidate-total exports,Texas official/canonical candidate and full-history incumbency exports,source_observed,15052.0,21666.0,-18.012963669045156,"mcdavid, virginia s (ginny)","bohac, dwayne",-1.0,both,0.0,0.0,0.0,texas_official_upstream
TX,2008,house,139,,,,,,,,,,,,,,,,,,,,,,35220.0,0.0,100.0,"turner, sylvester",,1.0,right_only,,,,klarner_fallback
TX,2008,house,140,,,,,,,,,,,,,,,,,,,,,,13348.0,0.0,100.0,"luciowalle, armando l",,0.0,right_only,,,,klarner_fallback
TX,2008,house,141,32747.0,8197.0,59.959945291129344,Senfronia Thompson,Michael Bunch,1.0,0.0,1.0,True,1.0,0.0,0.0,0.0,,,,Texas official returns normalized by the Texas project,external://texas-state-house-and-state-senate-model/data/processed/elections/sos_canonical_candidate_totals_1992_2018.csv,Texas Secretary of State candidate-total exports,Texas official/canonical candidate and full-history incumbency exports,source_observed,32747.0,8197.0,59.959945291129344,"thompson, senfronia 1","bunch, michael",1.0,both,0.0,0.0,0.0,texas_official_upstream
TX,2008,house,142,,,,,,,,,,,,,,,,,,,,,,35159.0,0.0,100.0,"dutton, harold v, jr",,1.0,right_only,,,,klarner_fallback
TX,2008,house,143,11881.0,4647.0,43.76815101645692,Ana E. Hernandez,Dorothy Olmos,1.0,0.0,1.0,True,1.0,0.0,0.0,0.0,,,,Texas official returns normalized by the Texas project,external://texas-state-house-and-state-senate-model/data/processed/elections/sos_canonical_candidate_totals_1992_2018.csv,Texas Secretary of State candidate-total exports,Texas official/canonical candidate and full-history incumbency exports,source_observed,11881.0,4647.0,43.76815101645692,"hernandez, ana l","olmos, dorothy",1.0,both,0.0,0.0,0.0,texas_official_upstream
TX,2008,house,144,19078.0,19980.0,-2.3093860412719547,Joel C. Redmond,Ken Legler,0.0,0.0,0.0,True,0.0,1.0,0.0,0.0,,,,Texas official returns normalized by the Texas project,external://texas-state-house-and-state-senate-model/data/processed/elections/sos_canonical_candidate_totals_1992_2018.csv,Texas Secretary of State candidate-total exports,Texas official/canonical candidate and full-history incumbency exports,source_observed,19078.0,19980.0,-2.3093860412719547,"redmond, joel c","legler, ken",0.0,both,0.0,0.0,0.0,texas_official_upstream
TX,2008,house,145,13946.0,5877.0,40.705241386268476,Carol Alvarado,Patricia Rodriguez,0.0,0.0,0.0,True,1.0,0.0,0.0,0.0,,,,Texas official returns normalized by the Texas project,external://texas-state-house-and-state-senate-model/data/processed/elections/sos_canonical_candidate_totals_1992_2018.csv,Texas Secretary of State candidate-total exports,Texas official/canonical candidate and full-history incumbency exports,source_observed,13946.0,5877.0,40.705241386268476,"alvarado, carol","rodriguez, patricia",0.0,both,0.0,0.0,0.0,texas_official_upstream
TX,2008,house,146,,,,,,,,,,,,,,,,,,,,,,41669.0,0.0,100.0,"edwards, al",,0.0,right_only,,,,klarner_fallback
TX,2008,house,147,,,,,,,,,,,,,,,,,,,,,,35951.0,0.0,100.0,"coleman, garnet f",,1.0,right_only,,,,klarner_fallback
TX,2008,house,148,21535.0,10975.0,32.48231313442018,Jessica Christina Farrar,"Howard H. Gano, Jr.",1.0,0.0,1.0,True,1.0,0.0,0.0,0.0,,,,Texas official returns normalized by the Texas project,external://texas-state-house-and-state-senate-model/data/processed/elections/sos_canonical_candidate_totals_1992_2018.csv,Texas Secretary of State candidate-total exports,Texas official/canonical candidate and full-history incumbency exports,source_observed,21535.0,10975.0,32.48231313442018,"farrar, jessica c","gano, howard h, jr",1.0,both,0.0,0.0,0.0,texas_official_upstream
TX,2008,house,149,25562.0,19809.0,12.67990566661524,Hubert Vo,Greg Meyers,1.0,0.0,1.0,True,1.0,0.0,0.0,0.0,,,,Texas official returns normalized by the Texas project,external://texas-state-house-and-state-senate-model/data/processed/elections/sos_canonical_candidate_totals_1992_2018.csv,Texas Secretary of State candidate-total exports,Texas official/canonical candidate and full-history incumbency exports,source_observed,25562.0,19809.0,12.67990566661524,"vo, hubert","meyers, greg",1.0,both,0.0,0.0,0.0,texas_official_upstream
TX,2008,house,150,22916.0,43972.0,-31.479488099509627,Brad Neal,Debbie Riddle,0.0,1.0,-1.0,True,0.0,1.0,0.0,0.0,,,,Texas official returns normalized by the Texas project,external://texas-state-house-and-state-senate-model/data/processed/elections/sos_canonical_candidate_totals_1992_2018.csv,Texas Secretary of State candidate-total exports,Texas official/canonical candidate and full-history incumbency exports,source_observed,22916.0,43972.0,-31.479488099509627,"neal, brad","riddle, debbie",-1.0,both,0.0,0.0,0.0,texas_official_upstream
TX,2008,senate,4,,,,,,,,,,,,,,,,,,,,,,0.0,203367.0,-100.0,,"williams, thomas d (tommy)",-1.0,right_only,,,,klarner_fallback
TX,2008,senate,6,72960.0,27751.0,44.889833285341226,"Mario V. Gallegos, Jr.",Gilbert Pena,1.0,0.0,1.0,True,1.0,0.0,0.0,0.0,,,,Texas official returns normalized by the Texas project,external://texas-state-house-and-state-senate-model/data/processed/elections/sos_canonical_candidate_totals_1992_2018.csv,Texas Secretary of State candidate-total exports,Texas official/canonical candidate and full-history incumbency exports,source_observed,72960.0,27751.0,44.889833285341226,"gallegos, mario v, jr","pena, gilbert",1.0,both,0.0,0.0,0.0,texas_official_upstream
TX,2008,senate,9,100509.0,125443.0,-11.03508709814474,Melvin Willms,Chris Harris,0.0,1.0,-1.0,True,0.0,1.0,0.0,0.0,,,,Texas official returns normalized by the Texas project,external://texas-state-house-and-state-senate-model/data/processed/elections/sos_canonical_candidate_totals_1992_2018.csv,Texas Secretary of State candidate-total exports,Texas official/canonical candidate and full-history incumbency exports,source_observed,100509.0,125443.0,-11.03508709814474,"willms, melvin","harris, chris",-1.0,both,0.0,0.0,0.0,texas_official_upstream
TX,2008,senate,10,147832.0,140737.0,2.458684058232173,Wendy R. Davis,Kim Brimer,0.0,1.0,-1.0,True,1.0,0.0,0.0,0.0,,,,Texas official returns normalized by the Texas project,external://texas-state-house-and-state-senate-model/data/processed/elections/sos_canonical_candidate_totals_1992_2018.csv,Texas Secretary of State candidate-total exports,Texas official/canonical candidate and full-history incumbency exports,source_observed,147832.0,140737.0,2.458684058232173,"davis, wendy r","brimer, kenneth (kim)",-1.0,both,0.0,0.0,0.0,texas_official_upstream
TX,2008,senate,11,113567.0,155772.0,-15.669843580023688,Joe Jaworski,Mike Jackson,0.0,1.0,-1.0,True,0.0,1.0,0.0,0.0,,,,Texas official returns normalized by the Texas project,external://texas-state-house-and-state-senate-model/data/processed/elections/sos_canonical_candidate_totals_1992_2018.csv,Texas Secretary of State candidate-total exports,Texas official/canonical candidate and full-history incumbency exports,source_observed,113567.0,155772.0,-15.669843580023688,"jaworski, joe","jackson, mike",-1.0,both,0.0,0.0,0.0,texas_official_upstream
TX,2008,senate,16,89346.0,122439.0,-15.625752532049011,Rain Levy Minns,John Carona,0.0,1.0,-1.0,True,0.0,1.0,0.0,0.0,,,,Texas official returns normalized by the Texas project,external://texas-state-house-and-state-senate-model/data/processed/elections/sos_canonical_candidate_totals_1992_2018.csv,Texas Secretary of State candidate-total exports,Texas official/canonical candidate and full-history incumbency exports,source_observed,89346.0,122439.0,-15.625752532049011,"minns, rain l","carona, john",-1.0,both,0.0,0.0,0.0,texas_official_upstream
TX,2008,senate,20,,,,,,,,,,,,,,,,,,,,,,124456.0,0.0,100.0,"hinojosa, juan (chuy)",,1.0,right_only,,,,klarner_fallback
TX,2008,senate,21,129802.0,55480.0,40.11290897118986,Judith Zaffirini,Louis H. Bruni,1.0,0.0,1.0,True,1.0,0.0,0.0,0.0,,,,Texas official returns normalized by the Texas project,external://texas-state-house-and-state-senate-model/data/processed/elections/sos_canonical_candidate_totals_1992_2018.csv,Texas Secretary of State candidate-total exports,Texas official/canonical candidate and full-history incumbency exports,source_observed,129802.0,55480.0,40.11290897118986,"zaffirini, judith","bruni, louis h",1.0,both,0.0,0.0,0.0,texas_official_upstream
TX,2008,senate,23,,,,,,,,,,,,,,,,,,,,,,176451.0,0.0,100.0,"west, royce",,1.0,right_only,,,,klarner_fallback
TX,2008,senate,24,,,,,,,,,,,,,,,,,,,,,,0.0,197125.0,-100.0,,"fraser, troy",-1.0,right_only,,,,klarner_fallback
TX,2008,senate,26,,,,,,,,,,,,,,,,,,,,,,136913.0,0.0,100.0,"vandeputte, leticia",,1.0,right_only,,,,klarner_fallback
TX,2008,senate,27,,,,,,,,,,,,,,,,,,,,,,111596.0,0.0,100.0,"lucio, eddie, jr 1",,1.0,right_only,,,,klarner_fallback
TX,2008,senate,28,,,,,,,,,,,,,,,,,,,,,,0.0,179059.0,-100.0,,"duncan, robert l",-1.0,right_only,,,,klarner_fallback
TX,2008,senate,30,,,,,,,,,,,,,,,,,,,,,,0.0,221470.0,-100.0,,"estes, craig",-1.0,right_only,,,,klarner_fallback
TX,2008,senate,31,,,,,,,,,,,,,,,,,,,,,,0.0,180267.0,-100.0,,"seliger, kel",-1.0,right_only,,,,klarner_fallback
TX,2010,house,1,14717.0,18575.0,-11.588369578277064,Stephen J. Frost,George Lavender,1.0,0.0,1.0,True,0.0,1.0,0.0,0.0,,,,Texas official returns normalized by the Texas project,external://texas-state-house-and-state-senate-model/data/processed/elections/sos_canonical_candidate_totals_1992_2018.csv,Texas Secretary of State candidate-total exports,Texas official/canonical candidate and full-history incumbency exports,source_observed,14717.0,18575.0,-11.588369578277064,"frost, stephen j","lavender, george",1.0,both,0.0,0.0,0.0,texas_official_upstream
TX,2010,house,2,,,,,,,,,,,,,,,,,,,,,,0.0,26604.0,-100.0,,"flynn, dan",-1.0,right_only,,,,klarner_fallback
TX,2010,house,3,14645.0,19974.0,-15.393281146191399,Mark Homer,Erwin Cain,1.0,0.0,1.0,True,0.0,1.0,0.0,0.0,,,,Texas official returns normalized by the Texas project,external://texas-state-house-and-state-senate-model/data/processed/elections/sos_canonical_candidate_totals_1992_2018.csv,Texas Secretary of State candidate-total exports,Texas official/canonical candidate and full-history incumbency exports,source_observed,14645.0,19974.0,-15.393281146191399,"homer, mark","cain, erwin",1.0,both,0.0,0.0,0.0,texas_official_upstream
TX,2010,house,4,,,,,,,,,,,,,,,,,,,,,,0.0,14904.0,-100.0,,"gooden, lance",0.0,right_only,,,,klarner_fallback
TX,2010,house,5,,,,,,,,,,,,,,,,,,,,,,0.0,33980.0,-100.0,,"hughes, bryan",-1.0,right_only,,,,klarner_fallback
TX,2010,house,6,,,,,,,,,,,,,,,,,,,,,,0.0,30610.0,-100.0,,"berman, leo",-1.0,right_only,,,,klarner_fallback
TX,2010,house,7,,,,,,,,,,,,,,,,,,,,,,0.0,27069.0,-100.0,,"simpson, david",0.0,right_only,,,,klarner_fallback
TX,2010,house,8,7906.0,22969.0,-48.787044534412956,Charles E. Morgan,Byron Cook,0.0,1.0,-1.0,True,0.0,1.0,0.0,0.0,,,,Texas official returns normalized by the Texas project,external://texas-state-house-and-state-senate-model/data/processed/elections/sos_canonical_candidate_totals_1992_2018.csv,Texas Secretary of State candidate-total exports,Texas official/canonical candidate and full-history incumbency exports,source_observed,7906.0,22969.0,-48.787044534412956,"morgan, charles e","cook, byron",-1.0,both,0.0,0.0,0.0,texas_official_upstream
TX,2010,house,9,9169.0,23754.0,-44.300337150320445,Kenneth D. Franks,Wayne Christian,0.0,1.0,-1.0,True,0.0,1.0,0.0,0.0,,,,Texas official returns normalized by the Texas project,external://texas-state-house-and-state-senate-model/data/processed/elections/sos_canonical_candidate_totals_1992_2018.csv,Texas Secretary of State candidate-total exports,Texas official/canonical candidate and full-history incumbency exports,source_observed,9169.0,23754.0,-44.300337150320445,"franks, kenneth d","christian, wayne",-1.0,both,0.0,0.0,0.0,texas_official_upstream
TX,2010,house,10,,,,,,,,,,,,,,,,,,,,,,0.0,31797.0,-100.0,,"pitts, james r (jim)",-1.0,right_only,,,,klarner_fallback
TX,2010,house,11,8635.0,27074.0,-51.636842252653395,Richard D. Hackney,Chuck Hopson,0.0,1.0,-1.0,True,0.0,1.0,0.0,0.0,,,,Texas official returns normalized by the Texas project,external://texas-state-house-and-state-senate-model/data/processed/elections/sos_canonical_candidate_totals_1992_2018.csv,Texas Secretary of State candidate-total exports,Texas official/canonical candidate and full-history incumbency exports,source_observed,8635.0,27074.0,-51.636842252653395,"hackney, richard d","hopson, chuck",-1.0,both,0.0,0.0,0.0,texas_official_upstream
TX,2010,house,12,15405.0,20958.0,-15.271017242801749,Jim McReynolds,James White,1.0,0.0,1.0,True,0.0,1.0,0.0,0.0,,,,Texas official returns normalized by the Texas project,external://texas-state-house-and-state-senate-model/data/processed/elections/sos_canonical_candidate_totals_1992_2018.csv,Texas Secretary of State candidate-total exports,Texas official/canonical candidate and full-history incumbency exports,source_observed,15405.0,20958.0,-15.271017242801749,"mcreynolds, jim","white, james e",1.0,both,0.0,0.0,0.0,texas_official_upstream
TX,2010,house,13,,,,,,,,,,,,,,,,,,,,,,0.0,31741.0,-100.0,,"kolkhorst, lois w",-1.0,right_only,,,,klarner_fallback
TX,2010,house,14,,,,,,,,,,,,,,,,,,,,,,0.0,27938.0,-100.0,,"brown, fred",-1.0,right_only,,,,klarner_fallback
TX,2010,house,15,,,,,,,,,,,,,,,,,,,,,,0.0,52550.0,-100.0,,"eissler, rob",-1.0,right_only,,,,klarner_fallback
TX,2010,house,16,,,,,,,,,,,,,,,,,,,,,,0.0,38959.0,-100.0,,"creighton, c brandon",-1.0,right_only,,,,klarner_fallback
TX,2010,house,17,13868.0,28266.0,-34.17192765937248,Pati Jacobs,Tim Kleinschmidt,0.0,1.0,-1.0,True,0.0,1.0,0.0,0.0,,,,Texas official returns normalized by the Texas project,external://texas-state-house-and-state-senate-model/data/processed/elections/sos_canonical_candidate_totals_1992_2018.csv,Texas Secretary of State candidate-total exports,Texas official/canonical candidate and full-history incumbency exports,source_observed,13868.0,28266.0,-34.17192765937248,"jacobs, pati","kleinschmidt, tim",-1.0,both,0.0,0.0,0.0,texas_official_upstream
TX,2010,house,18,,,,,,,,,,,,,,,,,,,,,,0.0,26862.0,-100.0,,"otto, john",-1.0,right_only,,,,klarner_fallback
TX,2010,house,19,,,,,,,,,,,,,,,,,,,,,,0.0,28261.0,-100.0,,"hamilton, mike (tuffy)",-1.0,right_only,,,,klarner_fallback
TX,2010,house,20,,,,,,,,,,,,,,,,,,,,,,0.0,44901.0,-100.0,,"schwertner, charles",0.0,right_only,,,,klarner_fallback
TX,2010,house,21,,,,,,,,,,,,,,,,,,,,,,19432.0,0.0,100.0,"ritter, allan b",,1.0,right_only,,,,klarner_fallback
TX,2010,house,22,,,,,,,,,,,,,,,,,,,,,,16552.0,0.0,100.0,"deshotel, joseph (joe)",,1.0,right_only,,,,klarner_fallback
TX,2010,house,23,17631.0,15534.0,6.322930800542741,Craig Eiland,Gary Wilson,1.0,0.0,1.0,True,1.0,0.0,0.0,0.0,,,,Texas official returns normalized by the Texas project,external://texas-state-house-and-state-senate-model/data/processed/elections/sos_canonical_candidate_totals_1992_2018.csv,Texas Secretary of State candidate-total exports,Texas official/canonical candidate and full-history incumbency exports,source_observed,17631.0,15534.0,6.322930800542741,"eiland, craig","wilson, gary",1.0,both,0.0,0.0,0.0,texas_official_upstream
TX,2010,house,24,,,,,,,,,,,,,,,,,,,,,,0.0,39193.0,-100.0,,"taylor, larry",-1.0,right_only,,,,klarner_fallback
TX,2010,house,25,,,,,,,,,,,,,,,,,,,,,,0.0,25368.0,-100.0,,"bonnen, dennis",-1.0,right_only,,,,klarner_fallback
TX,2010,house,26,15344.0,29721.0,-31.902807056473982,Phillip Andrews,Charlie Howard,0.0,1.0,-1.0,True,0.0,1.0,0.0,0.0,,,,Texas official returns normalized by the Texas project,external://texas-state-house-and-state-senate-model/data/processed/elections/sos_canonical_candidate_totals_1992_2018.csv,Texas Secretary of State candidate-total exports,Texas official/canonical candidate and full-history incumbency exports,source_observed,15344.0,29721.0,-31.902807056473982,"andrews, phillip","howard, charlie",-1.0,both,0.0,0.0,0.0,texas_official_upstream
TX,2010,house,27,,,,,,,,,,,,,,,,,,,,,,32030.0,0.0,100.0,"reynolds, ronald (ron)",,0.0,right_only,,,,klarner_fallback
TX,2010,house,28,17628.0,44094.0,-42.87936230193448,Wayne Raasch,John Zerwas,0.0,1.0,-1.0,True,0.0,1.0,0.0,0.0,,,,Texas official returns normalized by the Texas project,external://texas-state-house-and-state-senate-model/data/processed/elections/sos_canonical_candidate_totals_1992_2018.csv,Texas Secretary of State candidate-total exports,Texas official/canonical candidate and full-history incumbency exports,source_observed,17628.0,44094.0,-42.87936230193448,"raasch, wayne","zerwas, john",-1.0,both,0.0,0.0,0.0,texas_official_upstream
TX,2010,house,29,,,,,,,,,,,,,,,,,,,,,,0.0,33011.0,-100.0,,"weber, randy",-1.0,right_only,,,,klarner_fallback
TX,2010,house,30,,,,,,,,,,,,,,,,,,,,,,0.0,29045.0,-100.0,,"morrison, geanie w",-1.0,right_only,,,,klarner_fallback
TX,2010,house,31,,,,,,,,,,,,,,,,,,,,,,12724.0,0.0,100.0,"guillen, ryan",,1.0,right_only,,,,klarner_fallback
TX,2010,house,32,,,,,,,,,,,,,,,,,,,,,,0.0,28215.0,-100.0,,"hunter, todd a",-1.0,right_only,,,,klarner_fallback
TX,2010,house,33,11306.0,12499.0,-5.0115521949170345,Solomon Ortiz Jr.,Raul Torres,1.0,0.0,1.0,True,0.0,1.0,0.0,0.0,,,,Texas official returns normalized by the Texas project,external://texas-state-house-and-state-senate-model/data/processed/elections/sos_canonical_candidate_totals_1992_2018.csv,Texas Secretary of State candidate-total exports,Texas official/canonical candidate and full-history incumbency exports,source_observed,11306.0,12499.0,-5.0115521949170345,"ortiz, solomon p, jr","torres, raul",1.0,both,0.0,0.0,0.0,texas_official_upstream
TX,2010,house,34,11855.0,13892.0,-7.91160135161378,Abel Herrero,Connie Scott,1.0,0.0,1.0,True,0.0,1.0,0.0,0.0,,,,Texas official returns normalized by the Texas project,external://texas-state-house-and-state-senate-model/data/processed/elections/sos_canonical_candidate_totals_1992_2018.csv,Texas Secretary of State candidate-total exports,Texas official/canonical candidate and full-history incumbency exports,source_observed,11855.0,13892.0,-7.91160135161378,"herrero, abel","scott, connie",1.0,both,0.0,0.0,0.0,texas_official_upstream
TX,2010,house,35,13692.0,15324.0,-5.624483043837882,Yvonne Gonzalez Toureilles,Jose Aliseda,1.0,0.0,1.0,True,0.0,1.0,0.0,0.0,,,,Texas official returns normalized by the Texas project,external://texas-state-house-and-state-senate-model/data/processed/elections/sos_canonical_candidate_totals_1992_2018.csv,Texas Secretary of State candidate-total exports,Texas official/canonical candidate and full-history incumbency exports,source_observed,13692.0,15324.0,-5.624483043837882,"toureilles, yvonne g","aliseda, jose",1.0,both,0.0,0.0,0.0,texas_official_upstream
TX,2010,house,36,,,,,,,,,,,,,,,,,,,,,,,,,"munoz, sergio, jr 2",,0.0,right_only,,,,klarner_fallback
TX,2010,house,37,,,,,,,,,,,,,,,,,,,,,,9640.0,0.0,100.0,"oliveira, rene o",,1.0,right_only,,,,klarner_fallback
TX,2010,house,38,,,,,,,,,,,,,,,,,,,,,,12466.0,0.0,100.0,"lucio, eddie, iii 2",,1.0,right_only,,,,klarner_fallback
TX,2010,house,39,,,,,,,,,,,,,,,,,,,,,,,,,"martinez, armando m (mando)",,1.0,right_only,,,,klarner_fallback
TX,2010,house,40,,,,,,,,,,,,,,,,,,,,,,,,,"pena, aaron",,1.0,right_only,,,,klarner_fallback
TX,2010,house,41,10612.0,8012.0,13.960481099656358,Veronica Gonzales,Rebecca Cervera,1.0,0.0,1.0,True,1.0,0.0,0.0,0.0,,,,Texas official returns normalized by the Texas project,external://texas-state-house-and-state-senate-model/data/processed/elections/sos_canonical_candidate_totals_1992_2018.csv,Texas Secretary of State candidate-total exports,Texas official/canonical candidate and full-history incumbency exports,source_observed,10612.0,8012.0,13.960481099656358,"gonzales, veronica","cervera, rebecca",1.0,both,0.0,0.0,0.0,texas_official_upstream
TX,2010,house,42,,,,,,,,,,,,,,,,,,,,,,18798.0,0.0,100.0,"penaraymond, richard p",,1.0,right_only,,,,klarner_fallback
TX,2010,house,43,,,,,,,,,,,,,,,,,,,,,,12351.0,0.0,100.0,"lozano, jm m 1",,0.0,right_only,,,,klarner_fallback
TX,2010,house,44,,,,,,,,,,,,,,,,,,,,,,0.0,37037.0,-100.0,,"kuempel, edmund",-1.0,right_only,,,,klarner_fallback
TX,2010,house,45,23691.0,27715.0,-7.827880014006147,Patrick M. Rose,Jason A. Isaac,1.0,0.0,1.0,True,0.0,1.0,0.0,0.0,,,,Texas official returns normalized by the Texas project,external://texas-state-house-and-state-senate-model/data/processed/elections/sos_canonical_candidate_totals_1992_2018.csv,Texas Secretary of State candidate-total exports,Texas official/canonical candidate and full-history incumbency exports,source_observed,23691.0,27715.0,-7.827880014006147,"rose, patrick m","isaac, jason a",1.0,both,0.0,0.0,0.0,texas_official_upstream
TX,2010,house,46,,,,,,,,,,,,,,,,,,,,,,18430.0,0.0,100.0,"dukes, dawnna m",,1.0,right_only,,,,klarner_fallback
TX,2010,house,47,27773.0,29873.0,-3.642924053707109,Valinda Bolton,Paul D. Workman,1.0,0.0,1.0,True,0.0,1.0,0.0,0.0,,,,Texas official returns normalized by the Texas project,external://texas-state-house-and-state-senate-model/data/processed/elections/sos_canonical_candidate_totals_1992_2018.csv,Texas Secretary of State candidate-total exports,Texas official/canonical candidate and full-history incumbency exports,source_observed,27773.0,29873.0,-3.642924053707109,"bolton, valinda","workman, paul d",1.0,both,0.0,0.0,0.0,texas_official_upstream
TX,2010,house,48,25023.0,25011.0,0.02398369109005876,Donna Howard,Dan Neil,1.0,0.0,1.0,True,1.0,0.0,0.0,0.0,,,,Texas official returns normalized by the Texas project,external://texas-state-house-and-state-senate-model/data/processed/elections/sos_canonical_candidate_totals_1992_2018.csv,Texas Secretary of State candidate-total exports,Texas official/canonical candidate and full-history incumbency exports,source_observed,25026.0,25010.0,0.03197697657686466,"howard, donna","neil, dan",1.0,both,-3.0,1.0,-0.007993285486805897,texas_official_upstream
TX,2010,house,49,,,,,,,,,,,,,,,,,,,,,,30423.0,0.0,100.0,"naishtat, elliott",,1.0,right_only,,,,klarner_fallback
TX,2010,house,50,23720.0,18041.0,13.598812288977754,Mark Strama,Pat McGuinness,1.0,0.0,1.0,True,1.0,0.0,0.0,0.0,,,,Texas official returns normalized by the Texas project,external://texas-state-house-and-state-senate-model/data/processed/elections/sos_canonical_candidate_totals_1992_2018.csv,Texas Secretary of State candidate-total exports,Texas official/canonical candidate and full-history incumbency exports,source_observed,23720.0,18041.0,13.598812288977754,"strama, mark","mcguinness, pat",1.0,both,0.0,0.0,0.0,texas_official_upstream
TX,2010,house,51,12981.0,3412.0,58.372476056853536,Eddie Rodriguez,Marilyn Jackson,1.0,0.0,1.0,True,1.0,0.0,0.0,0.0,,,,Texas official returns normalized by the Texas project,external://texas-state-house-and-state-senate-model/data/processed/elections/sos_canonical_candidate_totals_1992_2018.csv,Texas Secretary of State candidate-total exports,Texas official/canonical candidate and full-history incumbency exports,source_observed,12981.0,3412.0,58.372476056853536,"rodriguez, eddie","jackson, marilyn",1.0,both,0.0,0.0,0.0,texas_official_upstream
TX,2010,house,52,16823.0,25430.0,-20.370151231865194,Diana Maldonado,Larry Gonzales,1.0,0.0,1.0,True,0.0,1.0,0.0,0.0,,,,Texas official returns normalized by the Texas project,external://texas-state-house-and-state-senate-model/data/processed/elections/sos_canonical_candidate_totals_1992_2018.csv,Texas Secretary of State candidate-total exports,Texas official/canonical candidate and full-history incumbency exports,source_observed,16823.0,25430.0,-20.370151231865194,"maldonado, diana","gonzales, larry",1.0,both,0.0,0.0,0.0,texas_official_upstream
TX,2010,house,53,,,,,,,,,,,,,,,,,,,,,,0.0,36424.0,-100.0,,"hilderbran, harvey",-1.0,right_only,,,,klarner_fallback
TX,2010,house,54,,,,,,,,,,,,,,,,,,,,,,0.0,22111.0,-100.0,,"aycock, jimmie d",-1.0,right_only,,,,klarner_fallback
TX,2010,house,55,,,,,,,,,,,,,,,,,,,,,,0.0,24041.0,-100.0,,"sheffield, ralph",-1.0,right_only,,,,klarner_fallback
TX,2010,house,56,16554.0,25554.0,-21.373610715303506,John Mabry,"Charles ""Doc"" Anderson",0.0,1.0,-1.0,True,0.0,1.0,0.0,0.0,,,,Texas official returns normalized by the Texas project,external://texas-state-house-and-state-senate-model/data/processed/elections/sos_canonical_candidate_totals_1992_2018.csv,Texas Secretary of State candidate-total exports,Texas official/canonical candidate and full-history incumbency exports,source_observed,16554.0,25554.0,-21.373610715303506,"mabry, john","anderson, charles (doc)",-1.0,both,0.0,0.0,0.0,texas_official_upstream
TX,2010,house,57,12743.0,14391.0,-6.073560846170856,Jim Dunnam,Marva Beck,1.0,0.0,1.0,True,0.0,1.0,0.0,0.0,,,,Texas official returns normalized by the Texas project,external://texas-state-house-and-state-senate-model/data/processed/elections/sos_canonical_candidate_totals_1992_2018.csv,Texas Secretary of State candidate-total exports,Texas official/canonical candidate and full-history incumbency exports,source_observed,12743.0,14391.0,-6.073560846170856,"dunnam, jim","beck, marva",1.0,both,0.0,0.0,0.0,texas_official_upstream
TX,2010,house,58,7408.0,27537.0,-57.6019459150093,John Greene,Rob Orr,0.0,1.0,-1.0,True,0.0,1.0,0.0,0.0,,,,Texas official returns normalized by the Texas project,external://texas-state-house-and-state-senate-model/data/processed/elections/sos_canonical_candidate_totals_1992_2018.csv,Texas Secretary of State candidate-total exports,Texas official/canonical candidate and full-history incumbency exports,source_observed,7408.0,27537.0,-57.6019459150093,"greene, john","orr, rob",-1.0,both,0.0,0.0,0.0,texas_official_upstream
TX,2010,house,59,,,,,,,,,,,,,,,,,,,,,,0.0,19985.0,-100.0,,"miller, sid",-1.0,right_only,,,,klarner_fallback
TX,2010,house,60,,,,,,,,,,,,,,,,,,,,,,0.0,33425.0,-100.0,,"keffer, james l (jim)",-1.0,right_only,,,,klarner_fallback
TX,2010,house,61,,,,,,,,,,,,,,,,,,,,,,0.0,34513.0,-100.0,,"king, phil",-1.0,right_only,,,,klarner_fallback
TX,2010,house,62,,,,,,,,,,,,,,,,,,,,,,0.0,26133.0,-100.0,,"phillips, larry",-1.0,right_only,,,,klarner_fallback
TX,2010,house,63,,,,,,,,,,,,,,,,,,,,,,0.0,43477.0,-100.0,,"parker, tan",-1.0,right_only,,,,klarner_fallback
TX,2010,house,64,,,,,,,,,,,,,,,,,,,,,,0.0,26057.0,-100.0,,"crownover, myra",-1.0,right_only,,,,klarner_fallback
TX,2010,house,65,,,,,,,,,,,,,,,,,,,,,,0.0,27585.0,-100.0,,"solomons, burt",-1.0,right_only,,,,klarner_fallback
TX,2010,house,66,,,,,,,,,,,,,,,,,,,,,,0.0,25279.0,-100.0,,"taylor, van",0.0,right_only,,,,klarner_fallback
TX,2010,house,67,,,,,,,,,,,,,,,,,,,,,,0.0,19070.0,-100.0,,"madden, jerry a",-1.0,right_only,,,,klarner_fallback
TX,2010,house,68,,,,,,,,,,,,,,,,,,,,,,0.0,29140.0,-100.0,,"hardcastle, richard l (rick)",-1.0,right_only,,,,klarner_fallback
TX,2010,house,69,7268.0,20872.0,-48.343994314143565,Michael L. Smith,Lanham Lyne,0.0,0.0,0.0,True,0.0,1.0,0.0,0.0,,,,Texas official returns normalized by the Texas project,external://texas-state-house-and-state-senate-model/data/processed/elections/sos_canonical_candidate_totals_1992_2018.csv,Texas Secretary of State candidate-total exports,Texas official/canonical candidate and full-history incumbency exports,source_observed,7268.0,20872.0,-48.343994314143565,"smith, michael l","lyne, lanham",0.0,both,0.0,0.0,0.0,texas_official_upstream
TX,2010,house,70,,,,,,,,,,,,,,,,,,,,,,0.0,43006.0,-100.0,,"paxton, ken",-1.0,right_only,,,,klarner_fallback
TX,2010,house,71,,,,,,,,,,,,,,,,,,,,,,0.0,24467.0,-100.0,,"king, susan l",-1.0,right_only,,,,klarner_fallback
TX,2010,house,72,,,,,,,,,,,,,,,,,,,,,,0.0,23933.0,-100.0,,"darby, drew",-1.0,right_only,,,,klarner_fallback
TX,2010,house,73,,,,,,,,,,,,,,,,,,,,,,0.0,49846.0,-100.0,,"miller, doug",-1.0,right_only,,,,klarner_fallback
TX,2010,house,74,15720.0,12957.0,9.634899048017575,Pete P. Gallego,"Thomas (T.C.) Kincaid, Jr.",1.0,0.0,1.0,True,1.0,0.0,0.0,0.0,,,,Texas official returns normalized by the Texas project,external://texas-state-house-and-state-senate-model/data/processed/elections/sos_canonical_candidate_totals_1992_2018.csv,Texas Secretary of State candidate-total exports,Texas official/canonical candidate and full-history incumbency exports,source_observed,15720.0,12957.0,9.634899048017575,"gallego, pete p","kincaid, thomas (tc), jr",1.0,both,0.0,0.0,0.0,texas_official_upstream
TX,2010,house,75,,,,,,,,,,,,,,,,,,,,,,11545.0,0.0,100.0,"quintanilla, chente",,1.0,right_only,,,,klarner_fallback
TX,2010,house,76,,,,,,,,,,,,,,,,,,,,,,11318.0,0.0,100.0,"gonzalez, naomi r",,0.0,right_only,,,,klarner_fallback
TX,2010,house,77,,,,,,,,,,,,,,,,,,,,,,9508.0,0.0,100.0,"marquez, marisa",,1.0,right_only,,,,klarner_fallback
TX,2010,house,78,13927.0,15337.0,-4.818206670311645,Joseph E. Moody,Dee Margo,1.0,0.0,1.0,True,0.0,1.0,0.0,0.0,,,,Texas official returns normalized by the Texas project,external://texas-state-house-and-state-senate-model/data/processed/elections/sos_canonical_candidate_totals_1992_2018.csv,Texas Secretary of State candidate-total exports,Texas official/canonical candidate and full-history incumbency exports,source_observed,13927.0,15337.0,-4.818206670311645,"moody, joseph e 2","margo, donald r (dee)",1.0,both,0.0,0.0,0.0,texas_official_upstream
TX,2010,house,79,,,,,,,,,,,,,,,,,,,,,,10591.0,0.0,100.0,"pickett, joseph c (joe)",,1.0,right_only,,,,klarner_fallback
TX,2010,house,80,,,,,,,,,,,,,,,,,,,,,,18652.0,0.0,100.0,"king, tracy o",,1.0,right_only,,,,klarner_fallback
TX,2010,house,81,,,,,,,,,,,,,,,,,,,,,,0.0,21048.0,-100.0,,"lewis, tryon d",-1.0,right_only,,,,klarner_fallback
TX,2010,house,82,,,,,,,,,,,,,,,,,,,,,,0.0,28006.0,-100.0,,"craddick, tom",-1.0,right_only,,,,klarner_fallback
TX,2010,house,83,,,,,,,,,,,,,,,,,,,,,,0.0,33824.0,-100.0,,"perry, charles",0.0,right_only,,,,klarner_fallback
TX,2010,house,84,7248.0,15541.0,-36.39036377199526,Carol Morgan,John Frullo,0.0,0.0,0.0,True,0.0,1.0,0.0,0.0,,,,Texas official returns normalized by the Texas project,external://texas-state-house-and-state-senate-model/data/processed/elections/sos_canonical_candidate_totals_1992_2018.csv,Texas Secretary of State candidate-total exports,Texas official/canonical candidate and full-history incumbency exports,source_observed,7248.0,15541.0,-36.39036377199526,"morgan, carol","frullo, john",0.0,both,0.0,0.0,0.0,texas_official_upstream
TX,2010,house,85,10713.0,17416.0,-23.829499804472253,Joe Heflin,Jim Landtroop,1.0,0.0,1.0,True,0.0,1.0,0.0,0.0,,,,Texas official returns normalized by the Texas project,external://texas-state-house-and-state-senate-model/data/processed/elections/sos_canonical_candidate_totals_1992_2018.csv,Texas Secretary of State candidate-total exports,Texas official/canonical candidate and full-history incumbency exports,source_observed,10713.0,17416.0,-23.829499804472253,"heflin, joe","landtroop, jim",1.0,both,0.0,0.0,0.0,texas_official_upstream
TX,2010,house,86,,,,,,,,,,,,,,,,,,,,,,0.0,32375.0,-100.0,,"smithee, john",-1.0,right_only,,,,klarner_fallback
TX,2010,house,87,4148.0,16979.0,-60.732711695934114,Abel G. Bosquez,Four Price,0.0,0.0,0.0,True,0.0,1.0,0.0,0.0,,,,Texas official returns normalized by the Texas project,external://texas-state-house-and-state-senate-model/data/processed/elections/sos_canonical_candidate_totals_1992_2018.csv,Texas Secretary of State candidate-total exports,Texas official/canonical candidate and full-history incumbency exports,source_observed,4148.0,16979.0,-60.732711695934114,"bosquez, abel g","price, four",0.0,both,0.0,0.0,0.0,texas_official_upstream
TX,2010,house,88,,,,,,,,,,,,,,,,,,,,,,0.0,25263.0,-100.0,,"chisum, warren",-1.0,right_only,,,,klarner_fallback
TX,2010,house,89,,,,,,,,,,,,,,,,,,,,,,0.0,43947.0,-100.0,,"laubenberg, jodie",-1.0,right_only,,,,klarner_fallback
TX,2010,house,90,7759.0,4120.0,30.6338917417291,Lon Burnam,Larry Keilberg,1.0,0.0,1.0,True,1.0,0.0,0.0,0.0,,,,Texas official returns normalized by the Texas project,external://texas-state-house-and-state-senate-model/data/processed/elections/sos_canonical_candidate_totals_1992_2018.csv,Texas Secretary of State candidate-total exports,Texas official/canonical candidate and full-history incumbency exports,source_observed,7759.0,4120.0,30.6338917417291,"burnam, lon","keilberg, larry",1.0,both,0.0,0.0,0.0,texas_official_upstream
TX,2010,house,91,,,,,,,,,,,,,,,,,,,,,,0.0,22445.0,-100.0,,"hancock, kelly",-1.0,right_only,,,,klarner_fallback
TX,2010,house,92,9307.0,23330.0,-42.9665716824463,John Schleeter,Todd Smith,0.0,1.0,-1.0,True,0.0,1.0,0.0,0.0,,,,Texas official returns normalized by the Texas project,external://texas-state-house-and-state-senate-model/data/processed/elections/sos_canonical_candidate_totals_1992_2018.csv,Texas Secretary of State candidate-total exports,Texas official/canonical candidate and full-history incumbency exports,source_observed,9307.0,23330.0,-42.9665716824463,"schleeter, john","smith, todd",-1.0,both,0.0,0.0,0.0,texas_official_upstream
TX,2010,house,93,12132.0,12563.0,-1.7452925693460215,Paula Pierson,Barbara Nash,1.0,0.0,1.0,True,0.0,1.0,0.0,0.0,,,,Texas official returns normalized by the Texas project,external://texas-state-house-and-state-senate-model/data/processed/elections/sos_canonical_candidate_totals_1992_2018.csv,Texas Secretary of State candidate-total exports,Texas official/canonical candidate and full-history incumbency exports,source_observed,12132.0,12563.0,-1.7452925693460215,"pierson, paula h","nash, barbara",1.0,both,0.0,0.0,0.0,texas_official_upstream
TX,2010,house,94,,,,,,,,,,,,,,,,,,,,,,0.0,24565.0,-100.0,,"patrick, diane",-1.0,right_only,,,,klarner_fallback
TX,2010,house,95,,,,,,,,,,,,,,,,,,,,,,19835.0,0.0,100.0,"veasey, marc",,1.0,right_only,,,,klarner_fallback
TX,2010,house,96,21583.0,23747.0,-4.773880432384734,Chris Turner,Bill Zedler,1.0,0.0,1.0,True,0.0,1.0,0.0,0.0,,,,Texas official returns normalized by the Texas project,external://texas-state-house-and-state-senate-model/data/processed/elections/sos_canonical_candidate_totals_1992_2018.csv,Texas Secretary of State candidate-total exports,Texas official/canonical candidate and full-history incumbency exports,source_observed,21583.0,23747.0,-4.773880432384734,"turner, chris","zedler, bill",1.0,both,0.0,0.0,0.0,texas_official_upstream
TX,2010,house,97,,,,,,,,,,,,,,,,,,,,,,0.0,28275.0,-100.0,,"shelton, mark m",-1.0,right_only,,,,klarner_fallback
TX,2010,house,98,,,,,,,,,,,,,,,,,,,,,,0.0,46750.0,-100.0,,"truitt, vicki",-1.0,right_only,,,,klarner_fallback
TX,2010,house,99,,,,,,,,,,,,,,,,,,,,,,0.0,31931.0,-100.0,,"geren, charlie",-1.0,right_only,,,,klarner_fallback
TX,2010,house,100,,,,,,,,,,,,,,,,,,,,,,14469.0,0.0,100.0,"johnson, eric",,0.0,right_only,,,,klarner_fallback
TX,2010,house,101,12338.0,13266.0,-3.6244336822371506,Robert Miklos,Cindy Burkett,1.0,0.0,1.0,True,0.0,1.0,0.0,0.0,,,,Texas official returns normalized by the Texas project,external://texas-state-house-and-state-senate-model/data/processed/elections/sos_canonical_candidate_totals_1992_2018.csv,Texas Secretary of State candidate-total exports,Texas official/canonical candidate and full-history incumbency exports,source_observed,12338.0,13266.0,-3.6244336822371506,"miklos, robert","burkett, cindy",1.0,both,0.0,0.0,0.0,texas_official_upstream
TX,2010,house,102,11791.0,14202.0,-9.275574193051975,Carol Kent,Stefani Carter,1.0,0.0,1.0,True,0.0,1.0,0.0,0.0,,,,Texas official returns normalized by the Texas project,external://texas-state-house-and-state-senate-model/data/processed/elections/sos_canonical_candidate_totals_1992_2018.csv,Texas Secretary of State candidate-total exports,Texas official/canonical candidate and full-history incumbency exports,source_observed,11791.0,14202.0,-9.275574193051975,"kent, carol","carter, stefani",1.0,both,0.0,0.0,0.0,texas_official_upstream
TX,2010,house,103,,,,,,,,,,,,,,,,,,,,,,7626.0,0.0,100.0,"anchia, rafael m",,1.0,right_only,,,,klarner_fallback
TX,2010,house,104,,,,,,,,,,,,,,,,,,,,,,7936.0,0.0,100.0,"alonzo, roberto r",,1.0,right_only,,,,klarner_fallback
TX,2010,house,105,9799.0,11286.0,-7.052406924353806,Loretta Haldenwang,Linda Harper-Brown,0.0,1.0,-1.0,True,0.0,1.0,0.0,0.0,,,,Texas official returns normalized by the Texas project,external://texas-state-house-and-state-senate-model/data/processed/elections/sos_canonical_candidate_totals_1992_2018.csv,Texas Secretary of State candidate-total exports,Texas official/canonical candidate and full-history incumbency exports,source_observed,9799.0,11286.0,-7.052406924353806,"haldenwang, loretta","harperbrown, linda",-1.0,both,0.0,0.0,0.0,texas_official_upstream
TX,2010,house,106,10444.0,10648.0,-0.9671913521714394,Kirk England,Rodney E. Anderson,1.0,0.0,1.0,True,0.0,1.0,0.0,0.0,,,,Texas official returns normalized by the Texas project,external://texas-state-house-and-state-senate-model/data/processed/elections/sos_canonical_candidate_totals_1992_2018.csv,Texas Secretary of State candidate-total exports,Texas official/canonical candidate and full-history incumbency exports,source_observed,10444.0,10648.0,-0.9671913521714394,"england, kirk","anderson, rodney e",1.0,both,0.0,0.0,0.0,texas_official_upstream
TX,2010,house,107,14683.0,16226.0,-4.9920735060985475,Allen Vaught,Kenneth Sheets,1.0,0.0,1.0,True,0.0,1.0,0.0,0.0,,,,Texas official returns normalized by the Texas project,external://texas-state-house-and-state-senate-model/data/processed/elections/sos_canonical_candidate_totals_1992_2018.csv,Texas Secretary of State candidate-total exports,Texas official/canonical candidate and full-history incumbency exports,source_observed,14683.0,16226.0,-4.9920735060985475,"vaught, allen","sheets, kenneth",1.0,both,0.0,0.0,0.0,texas_official_upstream
TX,2010,house,108,10793.0,21420.0,-32.989786732064694,Pete Schulte,Dan Branch,0.0,1.0,-1.0,True,0.0,1.0,0.0,0.0,,,,Texas official returns normalized by the Texas project,external://texas-state-house-and-state-senate-model/data/processed/elections/sos_canonical_candidate_totals_1992_2018.csv,Texas Secretary of State candidate-total exports,Texas official/canonical candidate and full-history incumbency exports,source_observed,10793.0,21420.0,-32.989786732064694,"schulte, pete","branch, dan",-1.0,both,0.0,0.0,0.0,texas_official_upstream
TX,2010,house,109,,,,,,,,,,,,,,,,,,,,,,34911.0,0.0,100.0,"giddings, helen",,1.0,right_only,,,,klarner_fallback
TX,2010,house,110,,,,,,,,,,,,,,,,,,,,,,15866.0,0.0,100.0,"mallorycaraway, barbara",,1.0,right_only,,,,klarner_fallback
TX,2010,house,111,,,,,,,,,,,,,,,,,,,,,,25783.0,0.0,100.0,"davis, yvonne",,1.0,right_only,,,,klarner_fallback
TX,2010,house,112,,,,,,,,,,,,,,,,,,,,,,0.0,22206.0,-100.0,,"chenbutton, angie c",-1.0,right_only,,,,klarner_fallback
TX,2010,house,113,12430.0,16579.0,-14.302457857906168,Jamie Dorris,Joe Driver,0.0,1.0,-1.0,True,0.0,1.0,0.0,0.0,,,,Texas official returns normalized by the Texas project,external://texas-state-house-and-state-senate-model/data/processed/elections/sos_canonical_candidate_totals_1992_2018.csv,Texas Secretary of State candidate-total exports,Texas official/canonical candidate and full-history incumbency exports,source_observed,12430.0,16579.0,-14.302457857906168,"dorris, jamie","driver, joe",-1.0,both,0.0,0.0,0.0,texas_official_upstream
TX,2010,house,114,11000.0,20529.0,-30.222969329823336,John Wellik,Will Hartnett,0.0,1.0,-1.0,True,0.0,1.0,0.0,0.0,,,,Texas official returns normalized by the Texas project,external://texas-state-house-and-state-senate-model/data/processed/elections/sos_canonical_candidate_totals_1992_2018.csv,Texas Secretary of State candidate-total exports,Texas official/canonical candidate and full-history incumbency exports,source_observed,11000.0,20529.0,-30.222969329823336,"wellik, john","hartnett, will",-1.0,both,0.0,0.0,0.0,texas_official_upstream
TX,2010,house,115,,,,,,,,,,,,,,,,,,,,,,0.0,22946.0,-100.0,,"jackson, jim",-1.0,right_only,,,,klarner_fallback
TX,2010,house,116,,,,,,,,,,,,,,,,,,,,,,13889.0,0.0,100.0,"martinezfischer, trey",,1.0,right_only,,,,klarner_fallback
TX,2010,house,117,13635.0,14705.0,-3.7755822159491883,David McQuade Leibowitz,John V. Garza,1.0,0.0,1.0,True,0.0,1.0,0.0,0.0,,,,Texas official returns normalized by the Texas project,external://texas-state-house-and-state-senate-model/data/processed/elections/sos_canonical_candidate_totals_1992_2018.csv,Texas Secretary of State candidate-total exports,Texas official/canonical candidate and full-history incumbency exports,source_observed,13635.0,14705.0,-3.7755822159491883,"leibowitz, david m","garza, john v",1.0,both,0.0,0.0,0.0,texas_official_upstream
TX,2010,house,118,,,,,,,,,,,,,,,,,,,,,,13824.0,0.0,100.0,"farias, joe",,1.0,right_only,,,,klarner_fallback
TX,2010,house,119,13390.0,8422.0,22.776453328443058,Rolando Gutierrez,Michael E. Holdman,1.0,0.0,1.0,True,1.0,0.0,0.0,0.0,,,,Texas official returns normalized by the Texas project,external://texas-state-house-and-state-senate-model/data/processed/elections/sos_canonical_candidate_totals_1992_2018.csv,Texas Secretary of State candidate-total exports,Texas official/canonical candidate and full-history incumbency exports,source_observed,13390.0,8422.0,22.776453328443058,"gutierrez, rolando","holdman, michael e",1.0,both,0.0,0.0,0.0,texas_official_upstream
TX,2010,house,120,,,,,,,,,,,,,,,,,,,,,,14700.0,0.0,100.0,"mcclendon, ruth j",,1.0,right_only,,,,klarner_fallback
TX,2010,house,121,,,,,,,,,,,,,,,,,,,,,,0.0,32713.0,-100.0,,"straus, joe",-1.0,right_only,,,,klarner_fallback
TX,2010,house,122,16576.0,56702.0,-54.75859057288682,Masarrat Ali,Lyle Larson,0.0,0.0,0.0,True,0.0,1.0,0.0,0.0,,,,Texas official returns normalized by the Texas project,external://texas-state-house-and-state-senate-model/data/processed/elections/sos_canonical_candidate_totals_1992_2018.csv,Texas Secretary of State candidate-total exports,Texas official/canonical candidate and full-history incumbency exports,source_observed,16576.0,56702.0,-54.75859057288682,"ali, masarrat","larson, lyle",0.0,both,0.0,0.0,0.0,texas_official_upstream
TX,2010,house,123,,,,,,,,,,,,,,,,,,,,,,14454.0,0.0,100.0,"villarreal, mike",,1.0,right_only,,,,klarner_fallback
TX,2010,house,124,,,,,,,,,,,,,,,,,,,,,,15260.0,0.0,100.0,"menendez, jose",,1.0,right_only,,,,klarner_fallback
TX,2010,house,125,,,,,,,,,,,,,,,,,,,,,,16590.0,0.0,100.0,"castro, joaquin",,1.0,right_only,,,,klarner_fallback
TX,2010,house,126,11938.0,25534.0,-36.28309137489325,Casey McKinney,Patricia Harless,0.0,1.0,-1.0,True,0.0,1.0,0.0,0.0,,,,Texas official returns normalized by the Texas project,external://texas-state-house-and-state-senate-model/data/processed/elections/sos_canonical_candidate_totals_1992_2018.csv,Texas Secretary of State candidate-total exports,Texas official/canonical candidate and full-history incumbency exports,source_observed,11938.0,25534.0,-36.28309137489325,"mckinney, casey","harless, patricia",-1.0,both,0.0,0.0,0.0,texas_official_upstream
TX,2010,house,127,12406.0,37725.0,-50.50567513115637,Joe A. Montemayor,Dan Huberty,0.0,0.0,0.0,True,0.0,1.0,0.0,0.0,,,,Texas official returns normalized by the Texas project,external://texas-state-house-and-state-senate-model/data/processed/elections/sos_canonical_candidate_totals_1992_2018.csv,Texas Secretary of State candidate-total exports,Texas official/canonical candidate and full-history incumbency exports,source_observed,12406.0,37725.0,-50.50567513115637,"montemayor, joe a","huberty, dan",0.0,both,0.0,0.0,0.0,texas_official_upstream
TX,2010,house,128,,,,,,,,,,,,,,,,,,,,,,0.0,21131.0,-100.0,,"smith, wayne",-1.0,right_only,,,,klarner_fallback
TX,2010,house,129,,,,,,,,,,,,,,,,,,,,,,0.0,31526.0,-100.0,,"davis, john e 2",-1.0,right_only,,,,klarner_fallback
TX,2010,house,130,,,,,,,,,,,,,,,,,,,,,,0.0,50389.0,-100.0,,"fletcher, allen",-1.0,right_only,,,,klarner_fallback
TX,2010,house,131,,,,,,,,,,,,,,,,,,,,,,21797.0,0.0,100.0,"allen, alma a",,1.0,right_only,,,,klarner_fallback
TX,2010,house,132,14764.0,30828.0,-35.23425162309177,Silvia Mintz,Bill Callegari,0.0,1.0,-1.0,True,0.0,1.0,0.0,0.0,,,,Texas official returns normalized by the Texas project,external://texas-state-house-and-state-senate-model/data/processed/elections/sos_canonical_candidate_totals_1992_2018.csv,Texas Secretary of State candidate-total exports,Texas official/canonical candidate and full-history incumbency exports,source_observed,14764.0,30828.0,-35.23425162309177,"mintz, silvia","callegari, bill",-1.0,both,0.0,0.0,0.0,texas_official_upstream
TX,2010,house,133,11403.0,15120.0,-14.014251781472684,Kristi Thibaut,Jim Murphy,1.0,0.0,1.0,True,0.0,1.0,0.0,0.0,,,,Texas official returns normalized by the Texas project,external://texas-state-house-and-state-senate-model/data/processed/elections/sos_canonical_candidate_totals_1992_2018.csv,Texas Secretary of State candidate-total exports,Texas official/canonical candidate and full-history incumbency exports,source_observed,11403.0,15120.0,-14.014251781472684,"thibaut, kristi","murphy, jim",1.0,both,0.0,0.0,0.0,texas_official_upstream
TX,2010,house,134,25254.0,25955.0,-1.3688999980472183,Ellen Cohen,Sarah Davis,1.0,0.0,1.0,True,0.0,1.0,0.0,0.0,,,,Texas official returns normalized by the Texas project,external://texas-state-house-and-state-senate-model/data/processed/elections/sos_canonical_candidate_totals_1992_2018.csv,Texas Secretary of State candidate-total exports,Texas official/canonical candidate and full-history incumbency exports,source_observed,25254.0,25955.0,-1.3688999980472183,"cohen, ellen","davis, sarah",1.0,both,0.0,0.0,0.0,texas_official_upstream
TX,2010,house,135,,,,,,,,,,,,,,,,,,,,,,0.0,22390.0,-100.0,,"elkins, gary",-1.0,right_only,,,,klarner_fallback
TX,2010,house,136,,,,,,,,,,,,,,,,,,,,,,0.0,33130.0,-100.0,,"woolley, beverly",-1.0,right_only,,,,klarner_fallback
TX,2010,house,137,6151.0,4325.0,17.430316914852998,Scott Hochberg,Sylvia Spivey,1.0,0.0,1.0,True,1.0,0.0,0.0,0.0,,,,Texas official returns normalized by the Texas project,external://texas-state-house-and-state-senate-model/data/processed/elections/sos_canonical_candidate_totals_1992_2018.csv,Texas Secretary of State candidate-total exports,Texas official/canonical candidate and full-history incumbency exports,source_observed,6151.0,4325.0,17.430316914852998,"hochberg, scott","spivey, sylvia",1.0,both,0.0,0.0,0.0,texas_official_upstream
TX,2010,house,138,9646.0,17002.0,-27.604323026118283,Kendra Yarbrough Camarena,Dwayne Bohac,0.0,1.0,-1.0,True,0.0,1.0,0.0,0.0,,,,Texas official returns normalized by the Texas project,external://texas-state-house-and-state-senate-model/data/processed/elections/sos_canonical_candidate_totals_1992_2018.csv,Texas Secretary of State candidate-total exports,Texas official/canonical candidate and full-history incumbency exports,source_observed,9646.0,17002.0,-27.604323026118283,"camarena, kendra y","bohac, dwayne",-1.0,both,0.0,0.0,0.0,texas_official_upstream
TX,2010,house,139,,,,,,,,,,,,,,,,,,,,,,20842.0,0.0,100.0,"turner, sylvester",,1.0,right_only,,,,klarner_fallback
TX,2010,house,140,,,,,,,,,,,,,,,,,,,,,,7871.0,0.0,100.0,"luciowalle, armando l",,1.0,right_only,,,,klarner_fallback
TX,2010,house,141,19592.0,6078.0,52.64511102454227,Senfronia Thompson,Michael Bunch,1.0,0.0,1.0,True,1.0,0.0,0.0,0.0,,,,Texas official returns normalized by the Texas project,external://texas-state-house-and-state-senate-model/data/processed/elections/sos_canonical_candidate_totals_1992_2018.csv,Texas Secretary of State candidate-total exports,Texas official/canonical candidate and full-history incumbency exports,source_observed,19592.0,6078.0,52.64511102454227,"thompson, senfronia 1","bunch, michael",1.0,both,0.0,0.0,0.0,texas_official_upstream
TX,2010,house,142,,,,,,,,,,,,,,,,,,,,,,21147.0,0.0,100.0,"dutton, harold v, jr",,1.0,right_only,,,,klarner_fallback
TX,2010,house,143,7409.0,3438.0,36.60920070065456,Ana E. Hernandez,Gilbert Pena,1.0,0.0,1.0,True,1.0,0.0,0.0,0.0,,,,Texas official returns normalized by the Texas project,external://texas-state-house-and-state-senate-model/data/processed/elections/sos_canonical_candidate_totals_1992_2018.csv,Texas Secretary of State candidate-total exports,Texas official/canonical candidate and full-history incumbency exports,source_observed,7409.0,3438.0,36.60920070065456,"hernandez, ana l","pena, gilbert",1.0,both,0.0,0.0,0.0,texas_official_upstream
TX,2010,house,144,9931.0,15425.0,-21.66745543461114,Rick Molina,Ken Legler,0.0,1.0,-1.0,True,0.0,1.0,0.0,0.0,,,,Texas official returns normalized by the Texas project,external://texas-state-house-and-state-senate-model/data/processed/elections/sos_canonical_candidate_totals_1992_2018.csv,Texas Secretary of State candidate-total exports,Texas official/canonical candidate and full-history incumbency exports,source_observed,9931.0,15425.0,-21.66745543461114,"molina, rick","legler, ken",-1.0,both,0.0,0.0,0.0,texas_official_upstream
TX,2010,house,145,,,,,,,,,,,,,,,,,,,,,,9395.0,0.0,100.0,"alvarado, carol",,1.0,right_only,,,,klarner_fallback
TX,2010,house,146,,,,,,,,,,,,,,,,,,,,,,25098.0,0.0,100.0,"miles, borris l",,0.0,right_only,,,,klarner_fallback
TX,2010,house,147,,,,,,,,,,,,,,,,,,,,,,22312.0,0.0,100.0,"coleman, garnet f",,1.0,right_only,,,,klarner_fallback
TX,2010,house,148,13903.0,9790.0,17.359557675262735,Jessica Cristina Farrar,Fernando Herrera,1.0,0.0,1.0,True,1.0,0.0,0.0,0.0,,,,Texas official returns normalized by the Texas project,external://texas-state-house-and-state-senate-model/data/processed/elections/sos_canonical_candidate_totals_1992_2018.csv,Texas Secretary of State candidate-total exports,Texas official/canonical candidate and full-history incumbency exports,source_observed,13903.0,9790.0,17.359557675262735,"farrar, jessica c","herrera, fernando",1.0,both,0.0,0.0,0.0,texas_official_upstream
TX,2010,house,149,15641.0,14304.0,4.464852229086659,Hubert Vo,Jack O'Connor,1.0,0.0,1.0,True,1.0,0.0,0.0,0.0,,,,Texas official returns normalized by the Texas project,external://texas-state-house-and-state-senate-model/data/processed/elections/sos_canonical_candidate_totals_1992_2018.csv,Texas Secretary of State candidate-total exports,Texas official/canonical candidate and full-history incumbency exports,source_observed,15641.0,14304.0,4.464852229086659,"vo, hubert","oconnor, jack",1.0,both,0.0,0.0,0.0,texas_official_upstream
TX,2010,house,150,13027.0,34607.0,-45.303774614770965,Brad Neal,Debbie Riddle,0.0,1.0,-1.0,True,0.0,1.0,0.0,0.0,,,,Texas official returns normalized by the Texas project,external://texas-state-house-and-state-senate-model/data/processed/elections/sos_canonical_candidate_totals_1992_2018.csv,Texas Secretary of State candidate-total exports,Texas official/canonical candidate and full-history incumbency exports,source_observed,13027.0,34607.0,-45.303774614770965,"neal, brad","riddle, debbie",-1.0,both,0.0,0.0,0.0,texas_official_upstream
TX,2010,senate,1,,,,,,,,,,,,,,,,,,,,,,0.0,140273.0,-100.0,,"eltife, kevin p",-1.0,right_only,,,,klarner_fallback
TX,2010,senate,2,53566.0,105779.0,-32.76726599516772,Kathleen Maria Shaw,Robert F. Deuell,0.0,1.0,-1.0,True,0.0,1.0,0.0,0.0,,,,Texas official returns normalized by the Texas project,external://texas-state-house-and-state-senate-model/data/processed/elections/sos_canonical_candidate_totals_1992_2018.csv,Texas Secretary of State candidate-total exports,Texas official/canonical candidate and full-history incumbency exports,source_observed,53566.0,105779.0,-32.76726599516772,"shaw, kathleen m","deuell, robert f",-1.0,both,0.0,0.0,0.0,texas_official_upstream
TX,2010,senate,3,,,,,,,,,,,,,,,,,,,,,,0.0,153906.0,-100.0,,"nichols, robert",-1.0,right_only,,,,klarner_fallback
TX,2010,senate,5,58525.0,145170.0,-42.536635656250766,Stephen M. Wyman,Steve Ogden,0.0,1.0,-1.0,True,0.0,1.0,0.0,0.0,,,,Texas official returns normalized by the Texas project,external://texas-state-house-and-state-senate-model/data/processed/elections/sos_canonical_candidate_totals_1992_2018.csv,Texas Secretary of State candidate-total exports,Texas official/canonical candidate and full-history incumbency exports,source_observed,58525.0,145170.0,-42.536635656250766,"wyman, stephen m","ogden, steve",-1.0,both,0.0,0.0,0.0,texas_official_upstream
TX,2010,senate,7,,,,,,,,,,,,,,,,,,,,,,0.0,184704.0,-100.0,,"patrick, dan",-1.0,right_only,,,,klarner_fallback
TX,2010,senate,8,,,,,,,,,,,,,,,,,,,,,,0.0,136369.0,-100.0,,"shapiro, florence",-1.0,right_only,,,,klarner_fallback
TX,2010,senate,12,,,,,,,,,,,,,,,,,,,,,,0.0,148592.0,-100.0,,"nelson, jane",-1.0,right_only,,,,klarner_fallback
TX,2010,senate,13,113155.0,31596.0,56.34434304426222,Rodney Ellis,Michael Mauldin,1.0,0.0,1.0,True,1.0,0.0,0.0,0.0,,,,Texas official returns normalized by the Texas project,external://texas-state-house-and-state-senate-model/data/processed/elections/sos_canonical_candidate_totals_1992_2018.csv,Texas Secretary of State candidate-total exports,Texas official/canonical candidate and full-history incumbency exports,source_observed,113155.0,31596.0,56.34434304426222,"ellis, rodney","mauldin, michael",1.0,both,0.0,0.0,0.0,texas_official_upstream
TX,2010,senate,14,115949.0,68100.0,25.99796793245277,Kirk Watson,Mary Lou Serafine,1.0,0.0,1.0,True,1.0,0.0,0.0,0.0,,,,Texas official returns normalized by the Texas project,external://texas-state-house-and-state-senate-model/data/processed/elections/sos_canonical_candidate_totals_1992_2018.csv,Texas Secretary of State candidate-total exports,Texas official/canonical candidate and full-history incumbency exports,source_observed,115949.0,68100.0,25.99796793245277,"watson, kirk","serafine, mary l",1.0,both,0.0,0.0,0.0,texas_official_upstream
TX,2010,senate,15,77096.0,52959.0,18.559071162200606,John Whitmire,Bill Walker,1.0,0.0,1.0,True,1.0,0.0,0.0,0.0,,,,Texas official returns normalized by the Texas project,external://texas-state-house-and-state-senate-model/data/processed/elections/sos_canonical_candidate_totals_1992_2018.csv,Texas Secretary of State candidate-total exports,Texas official/canonical candidate and full-history incumbency exports,source_observed,77096.0,52959.0,18.559071162200606,"whitmire, john","walker, bill",1.0,both,0.0,0.0,0.0,texas_official_upstream
TX,2010,senate,17,,,,,,,,,,,,,,,,,,,,,,0.0,112595.0,-100.0,,"huffman, joan",0.0,right_only,,,,klarner_fallback
TX,2010,senate,18,61345.0,146087.0,-40.852906012572795,"Patricia ""Pat"" Olney",Glenn Hegar,0.0,1.0,-1.0,True,0.0,1.0,0.0,0.0,,,,Texas official returns normalized by the Texas project,external://texas-state-house-and-state-senate-model/data/processed/elections/sos_canonical_candidate_totals_1992_2018.csv,Texas Secretary of State candidate-total exports,Texas official/canonical candidate and full-history incumbency exports,source_observed,61345.0,146087.0,-40.852906012572795,"olney, patricia (pat)","hegar, glenn",-1.0,both,0.0,0.0,0.0,texas_official_upstream
TX,2010,senate,19,61327.0,53024.0,7.260977166793469,Carlos Uresti,Dick Bowen,1.0,0.0,1.0,True,1.0,0.0,0.0,0.0,,,,Texas official returns normalized by the Texas project,external://texas-state-house-and-state-senate-model/data/processed/elections/sos_canonical_candidate_totals_1992_2018.csv,Texas Secretary of State candidate-total exports,Texas official/canonical candidate and full-history incumbency exports,source_observed,61327.0,53024.0,7.260977166793469,"uresti, carlos i (charlie)","bowen, dick",1.0,both,0.0,0.0,0.0,texas_official_upstream
TX,2010,senate,22,,,,,,,,,,,,,,,,,,,,,,0.0,134231.0,-100.0,,"birdwell, brian",0.0,right_only,,,,klarner_fallback
TX,2010,senate,25,,,,,,,,,,,,,,,,,,,,,,0.0,192965.0,-100.0,,"wentworth, jeffrey (jeff)",-1.0,right_only,,,,klarner_fallback
TX,2010,senate,29,50460.0,33303.0,20.48279073099101,Jose R. Rodriguez,Dan Chavez,0.0,0.0,0.0,True,1.0,0.0,0.0,0.0,,,,Texas official returns normalized by the Texas project,external://texas-state-house-and-state-senate-model/data/processed/elections/sos_canonical_candidate_totals_1992_2018.csv,Texas Secretary of State candidate-total exports,Texas official/canonical candidate and full-history incumbency exports,source_observed,50460.0,33303.0,20.48279073099101,"rodriguez, jose r","chavez, dan",0.0,both,0.0,0.0,0.0,texas_official_upstream
TX,2012,house,1,,,,,,,,,,,,,,,,,,,,,,0.0,42080.0,-100.0,,"lavender, george",-1.0,right_only,,,,klarner_fallback
TX,2012,house,2,,,,,,,,,,,,,,,,,,,,,,0.0,46025.0,-100.0,,"flynn, dan",-1.0,right_only,,,,klarner_fallback
TX,2012,house,3,,,,,,,,,,,,,,,,,,,,,,0.0,46383.0,-100.0,,"bell, cecil, jr",0.0,right_only,,,,klarner_fallback
TX,2012,house,4,,,,,,,,,,,,,,,,,,,,,,0.0,44181.0,-100.0,,"gooden, lance",-1.0,right_only,,,,klarner_fallback
TX,2012,house,5,,,,,,,,,,,,,,,,,,,,,,0.0,46204.0,-100.0,,"hughes, bryan",-1.0,right_only,,,,klarner_fallback
TX,2012,house,6,,,,,,,,,,,,,,,,,,,,,,0.0,42499.0,-100.0,,"schaefer, matt",0.0,right_only,,,,klarner_fallback
TX,2012,house,7,,,,,,,,,,,,,,,,,,,,,,0.0,41727.0,-100.0,,"simpson, david",-1.0,right_only,,,,klarner_fallback
TX,2012,house,8,13339.0,35996.0,-45.92479983784332,Charles E. Morgan,Byron Cook,0.0,1.0,-1.0,True,0.0,1.0,0.0,0.0,,,,Texas official returns normalized by the Texas project,external://texas-state-house-and-state-senate-model/data/processed/elections/sos_canonical_candidate_totals_1992_2018.csv,Texas Secretary of State candidate-total exports,Texas official/canonical candidate and full-history incumbency exports,source_observed,13339.0,35996.0,-45.92479983784332,"morgan, charles e","cook, byron",-1.0,both,0.0,0.0,0.0,texas_official_upstream
TX,2012,house,9,,,,,,,,,,,,,,,,,,,,,,0.0,49027.0,-100.0,,"paddie, chris",0.0,right_only,,,,klarner_fallback
TX,2012,house,10,,,,,,,,,,,,,,,,,,,,,,0.0,46051.0,-100.0,,"pitts, james r (jim)",-1.0,right_only,,,,klarner_fallback
TX,2012,house,11,,,,,,,,,,,,,,,,,,,,,,0.0,40962.0,-100.0,,"clardy, travis",0.0,right_only,,,,klarner_fallback
TX,2012,house,12,21793.0,28762.0,-13.784986648204926,Robert Stem,Kyle J. Kacal,0.0,0.0,0.0,True,0.0,1.0,0.0,0.0,,,,Texas official returns normalized by the Texas project,external://texas-state-house-and-state-senate-model/data/processed/elections/sos_canonical_candidate_totals_1992_2018.csv,Texas Secretary of State candidate-total exports,Texas official/canonical candidate and full-history incumbency exports,source_observed,21793.0,28762.0,-13.784986648204926,"stem, robert","kacal, kyle j",0.0,both,0.0,0.0,0.0,texas_official_upstream
TX,2012,house,13,,,,,,,,,,,,,,,,,,,,,,0.0,53503.0,-100.0,,"kolkhorst, lois w",-1.0,right_only,,,,klarner_fallback
TX,2012,house,14,14614.0,24269.0,-24.830902965306176,Judy Le Unes,John Raney,0.0,1.0,-1.0,True,0.0,1.0,0.0,0.0,,,,Texas official returns normalized by the Texas project,external://texas-state-house-and-state-senate-model/data/processed/elections/sos_canonical_candidate_totals_1992_2018.csv,Texas Secretary of State candidate-total exports,Texas official/canonical candidate and full-history incumbency exports,source_observed,14614.0,24269.0,-24.830902965306176,"unes, judy l","raney, john",0.0,both,0.0,0.0,0.0,texas_official_upstream
TX,2012,house,15,,,,,,,,,,,,,,,,,,,,,,0.0,57520.0,-100.0,,"toth, steve",0.0,right_only,,,,klarner_fallback
TX,2012,house,16,,,,,,,,,,,,,,,,,,,,,,0.0,46983.0,-100.0,,"creighton, c brandon",-1.0,right_only,,,,klarner_fallback
TX,2012,house,17,18837.0,31055.0,-24.488896015393248,Colin J. Guerra,Tim Kleinschmidt,0.0,1.0,-1.0,True,0.0,1.0,0.0,0.0,,,,Texas official returns normalized by the Texas project,external://texas-state-house-and-state-senate-model/data/processed/elections/sos_canonical_candidate_totals_1992_2018.csv,Texas Secretary of State candidate-total exports,Texas official/canonical candidate and full-history incumbency exports,source_observed,18837.0,31055.0,-24.488896015393248,"guerra, colin j","kleinschmidt, tim",-1.0,both,0.0,0.0,0.0,texas_official_upstream
TX,2012,house,18,,,,,,,,,,,,,,,,,,,,,,0.0,38703.0,-100.0,,"otto, john",-1.0,right_only,,,,klarner_fallback
TX,2012,house,19,,,,,,,,,,,,,,,,,,,,,,0.0,51674.0,-100.0,,"white, james e",-1.0,right_only,,,,klarner_fallback
TX,2012,house,20,,,,,,,,,,,,,,,,,,,,,,0.0,51554.0,-100.0,,"farney, marsha",0.0,right_only,,,,klarner_fallback
TX,2012,house,21,,,,,,,,,,,,,,,,,,,,,,0.0,51104.0,-100.0,,"ritter, allan b",-1.0,right_only,,,,klarner_fallback
TX,2012,house,22,,,,,,,,,,,,,,,,,,,,,,40467.0,0.0,100.0,"deshotel, joseph (joe)",,1.0,right_only,,,,klarner_fallback
TX,2012,house,23,30423.0,25987.0,7.8638539266087575,Craig Eiland,Wayne Faircloth,1.0,0.0,1.0,True,1.0,0.0,0.0,0.0,,,,Texas official returns normalized by the Texas project,external://texas-state-house-and-state-senate-model/data/processed/elections/sos_canonical_candidate_totals_1992_2018.csv,Texas Secretary of State candidate-total exports,Texas official/canonical candidate and full-history incumbency exports,source_observed,30423.0,25987.0,7.8638539266087575,"eiland, craig","faircloth, wayne",1.0,both,0.0,0.0,0.0,texas_official_upstream
TX,2012,house,24,17565.0,48177.0,-46.56384046728119,"H. C. ""Rusty"" Cates",Greg Bonnen,0.0,0.0,0.0,True,0.0,1.0,0.0,0.0,,,,Texas official returns normalized by the Texas project,external://texas-state-house-and-state-senate-model/data/processed/elections/sos_canonical_candidate_totals_1992_2018.csv,Texas Secretary of State candidate-total exports,Texas official/canonical candidate and full-history incumbency exports,source_observed,17565.0,48177.0,-46.56384046728119,"cates, h c (rusty)","bonnen, greg",0.0,both,0.0,0.0,0.0,texas_official_upstream
TX,2012,house,25,,,,,,,,,,,,,,,,,,,,,,0.0,41421.0,-100.0,,"bonnen, dennis",-1.0,right_only,,,,klarner_fallback
TX,2012,house,26,22662.0,38541.0,-25.94480662712612,Vy Nguyen,Rick Miller,0.0,0.0,0.0,True,0.0,1.0,0.0,0.0,,,,Texas official returns normalized by the Texas project,external://texas-state-house-and-state-senate-model/data/processed/elections/sos_canonical_candidate_totals_1992_2018.csv,Texas Secretary of State candidate-total exports,Texas official/canonical candidate and full-history incumbency exports,source_observed,22662.0,38541.0,-25.94480662712612,"nguyen, vy","miller, rick f (rick)",0.0,both,0.0,0.0,0.0,texas_official_upstream
TX,2012,house,27,42304.0,18119.0,40.02614898300316,"Ronald ""Ron"" Reynolds",Kris Allfrey,1.0,0.0,1.0,True,1.0,0.0,0.0,0.0,,,,Texas official returns normalized by the Texas project,external://texas-state-house-and-state-senate-model/data/processed/elections/sos_canonical_candidate_totals_1992_2018.csv,Texas Secretary of State candidate-total exports,Texas official/canonical candidate and full-history incumbency exports,source_observed,42304.0,18119.0,40.02614898300316,"reynolds, ronald (ron)","allfrey, kris",1.0,both,0.0,0.0,0.0,texas_official_upstream
TX,2012,house,28,,,,,,,,,,,,,,,,,,,,,,0.0,44932.0,-100.0,,"zerwas, john",-1.0,right_only,,,,klarner_fallback
TX,2012,house,29,21388.0,40642.0,-31.039819442205385,Doug Blatt,Ed Thompson,0.0,0.0,0.0,True,0.0,1.0,0.0,0.0,,,,Texas official returns normalized by the Texas project,external://texas-state-house-and-state-senate-model/data/processed/elections/sos_canonical_candidate_totals_1992_2018.csv,Texas Secretary of State candidate-total exports,Texas official/canonical candidate and full-history incumbency exports,source_observed,21388.0,40642.0,-31.039819442205385,"blatt, doug","thompson, ed",0.0,both,0.0,0.0,0.0,texas_official_upstream
TX,2012,house,30,17750.0,38304.0,-36.66821279480501,Alex Hernandez Jr.,Geanie W. Morrison,0.0,1.0,-1.0,True,0.0,1.0,0.0,0.0,,,,Texas official returns normalized by the Texas project,external://texas-state-house-and-state-senate-model/data/processed/elections/sos_canonical_candidate_totals_1992_2018.csv,Texas Secretary of State candidate-total exports,Texas official/canonical candidate and full-history incumbency exports,source_observed,17750.0,38304.0,-36.66821279480501,"hernandez, alex, jr","morrison, geanie w",-1.0,both,0.0,0.0,0.0,texas_official_upstream
TX,2012,house,31,27856.0,14163.0,32.5876389252481,Ryan Guillen,Ann Matthews,1.0,0.0,1.0,True,1.0,0.0,0.0,0.0,,,,Texas official returns normalized by the Texas project,external://texas-state-house-and-state-senate-model/data/processed/elections/sos_canonical_candidate_totals_1992_2018.csv,Texas Secretary of State candidate-total exports,Texas official/canonical candidate and full-history incumbency exports,source_observed,27856.0,14163.0,32.5876389252481,"guillen, ryan","matthews, ann",1.0,both,0.0,0.0,0.0,texas_official_upstream
TX,2012,house,32,,,,,,,,,,,,,,,,,,,,,,0.0,35094.0,-100.0,,"hunter, todd a",-1.0,right_only,,,,klarner_fallback
TX,2012,house,33,,,,,,,,,,,,,,,,,,,,,,0.0,50631.0,-100.0,,"turner, scott",0.0,right_only,,,,klarner_fallback
TX,2012,house,34,25482.0,19088.0,14.345972627327798,Abel Herrero,Connie Scott,0.0,1.0,-1.0,True,1.0,0.0,0.0,0.0,,,,Texas official returns normalized by the Texas project,external://texas-state-house-and-state-senate-model/data/processed/elections/sos_canonical_candidate_totals_1992_2018.csv,Texas Secretary of State candidate-total exports,Texas official/canonical candidate and full-history incumbency exports,source_observed,25482.0,19088.0,14.345972627327798,"herrero, abel","scott, connie",-1.0,both,0.0,0.0,0.0,texas_official_upstream
TX,2012,house,35,,,,,,,,,,,,,,,,,,,,,,22329.0,0.0,100.0,"longoria, oscar",,0.0,right_only,,,,klarner_fallback
TX,2012,house,36,,,,,,,,,,,,,,,,,,,,,,23385.0,0.0,100.0,"munoz, sergio, jr 2",,1.0,right_only,,,,klarner_fallback
TX,2012,house,37,,,,,,,,,,,,,,,,,,,,,,22076.0,0.0,100.0,"oliveira, rene o",,1.0,right_only,,,,klarner_fallback
TX,2012,house,38,22408.0,7984.0,47.459857857330874,Eddie Lucio III,Alex Torres,1.0,0.0,1.0,True,1.0,0.0,0.0,0.0,,,,Texas official returns normalized by the Texas project,external://texas-state-house-and-state-senate-model/data/processed/elections/sos_canonical_candidate_totals_1992_2018.csv,Texas Secretary of State candidate-total exports,Texas official/canonical candidate and full-history incumbency exports,source_observed,22408.0,7984.0,47.459857857330874,"lucio, eddie, iii 2","torres, alex",1.0,both,0.0,0.0,0.0,texas_official_upstream
TX,2012,house,39,23909.0,6886.0,55.27845429452833,"Armando ""Mando"" Martinez",Joel De Los Santos,1.0,0.0,1.0,True,1.0,0.0,0.0,0.0,,,,Texas official returns normalized by the Texas project,external://texas-state-house-and-state-senate-model/data/processed/elections/sos_canonical_candidate_totals_1992_2018.csv,Texas Secretary of State candidate-total exports,Texas official/canonical candidate and full-history incumbency exports,source_observed,23909.0,6886.0,55.27845429452833,"martinez, armando m (mando)","delossantos, joel",1.0,both,0.0,0.0,0.0,texas_official_upstream
TX,2012,house,40,,,,,,,,,,,,,,,,,,,,,,20513.0,0.0,100.0,"canales, terry 2",,0.0,right_only,,,,klarner_fallback
TX,2012,house,41,20963.0,12998.0,23.45337298666117,"Robert ""Bobby"" Guerra",Miriam Martinez,1.0,0.0,1.0,True,1.0,0.0,0.0,0.0,,,,Texas official returns normalized by the Texas project,external://texas-state-house-and-state-senate-model/data/processed/elections/sos_canonical_candidate_totals_1992_2018.csv,Texas Secretary of State candidate-total exports,Texas official/canonical candidate and full-history incumbency exports,source_observed,20963.0,12998.0,23.45337298666117,"guerra, robert (bobby)","martinez, miriam",0.0,both,0.0,0.0,0.0,texas_official_upstream
TX,2012,house,42,,,,,,,,,,,,,,,,,,,,,,30018.0,0.0,100.0,"penaraymond, richard p",,1.0,right_only,,,,klarner_fallback
TX,2012,house,43,22629.0,24074.0,-3.0940196561248743,Yvonne Gonzalez Toureilles,J.M. Lozano,0.0,1.0,-1.0,True,0.0,1.0,0.0,0.0,,,,Texas official returns normalized by the Texas project,external://texas-state-house-and-state-senate-model/data/processed/elections/sos_canonical_candidate_totals_1992_2018.csv,Texas Secretary of State candidate-total exports,Texas official/canonical candidate and full-history incumbency exports,source_observed,22629.0,24074.0,-3.0940196561248743,"toureilles, yvonne g","lozano, jm m 1",-1.0,both,0.0,0.0,0.0,texas_official_upstream
TX,2012,house,44,,,,,,,,,,,,,,,,,,,,,,0.0,49930.0,-100.0,,"kuempel, john",0.0,right_only,,,,klarner_fallback
TX,2012,house,45,26557.0,33604.0,-11.713568590947624,John Adams,Jason A. Isaac,0.0,1.0,-1.0,True,0.0,1.0,0.0,0.0,,,,Texas official returns normalized by the Texas project,external://texas-state-house-and-state-senate-model/data/processed/elections/sos_canonical_candidate_totals_1992_2018.csv,Texas Secretary of State candidate-total exports,Texas official/canonical candidate and full-history incumbency exports,source_observed,26557.0,33604.0,-11.713568590947624,"adams, john","isaac, jason a",-1.0,both,0.0,0.0,0.0,texas_official_upstream
TX,2012,house,46,,,,,,,,,,,,,,,,,,,,,,35560.0,0.0,100.0,"dukes, dawnna m",,1.0,right_only,,,,klarner_fallback
TX,2012,house,47,31294.0,49220.0,-22.264450902948557,Chris Frandsen,Paul Daniel Workman,0.0,1.0,-1.0,True,0.0,1.0,0.0,0.0,,,,Texas official returns normalized by the Texas project,external://texas-state-house-and-state-senate-model/data/processed/elections/sos_canonical_candidate_totals_1992_2018.csv,Texas Secretary of State candidate-total exports,Texas official/canonical candidate and full-history incumbency exports,source_observed,31294.0,49220.0,-22.264450902948557,"frandsen, chris","workman, paul d",-1.0,both,0.0,0.0,0.0,texas_official_upstream
TX,2012,house,48,46512.0,27922.0,24.97514576671951,Donna Howard,Robert Dartanian Thomas,1.0,0.0,1.0,True,1.0,0.0,0.0,0.0,,,,Texas official returns normalized by the Texas project,external://texas-state-house-and-state-senate-model/data/processed/elections/sos_canonical_candidate_totals_1992_2018.csv,Texas Secretary of State candidate-total exports,Texas official/canonical candidate and full-history incumbency exports,source_observed,46512.0,27922.0,24.97514576671951,"howard, donna","thomas, robert d",1.0,both,0.0,0.0,0.0,texas_official_upstream
TX,2012,house,49,,,,,,,,,,,,,,,,,,,,,,50973.0,0.0,100.0,"naishtat, elliott",,1.0,right_only,,,,klarner_fallback
TX,2012,house,50,,,,,,,,,,,,,,,,,,,,,,41035.0,0.0,100.0,"strama, mark",,1.0,right_only,,,,klarner_fallback
TX,2012,house,51,,,,,,,,,,,,,,,,,,,,,,32878.0,0.0,100.0,"rodriguez, eddie",,1.0,right_only,,,,klarner_fallback
TX,2012,house,52,,,,,,,,,,,,,,,,,,,,,,0.0,31991.0,-100.0,,"gonzales, larry",-1.0,right_only,,,,klarner_fallback
TX,2012,house,53,,,,,,,,,,,,,,,,,,,,,,0.0,53539.0,-100.0,,"hilderbran, harvey",-1.0,right_only,,,,klarner_fallback
TX,2012,house,54,19879.0,26910.0,-15.027036269208574,Claudia Brown,Jimmie Don Aycock,0.0,1.0,-1.0,True,0.0,1.0,0.0,0.0,,,,Texas official returns normalized by the Texas project,external://texas-state-house-and-state-senate-model/data/processed/elections/sos_canonical_candidate_totals_1992_2018.csv,Texas Secretary of State candidate-total exports,Texas official/canonical candidate and full-history incumbency exports,source_observed,19879.0,26910.0,-15.027036269208574,"brown, claudia","aycock, jimmie d",-1.0,both,0.0,0.0,0.0,texas_official_upstream
TX,2012,house,55,,,,,,,,,,,,,,,,,,,,,,0.0,32153.0,-100.0,,"sheffield, ralph",-1.0,right_only,,,,klarner_fallback
TX,2012,house,56,,,,,,,,,,,,,,,,,,,,,,0.0,38528.0,-100.0,,"anderson, charles (doc)",-1.0,right_only,,,,klarner_fallback
TX,2012,house,57,,,,,,,,,,,,,,,,,,,,,,0.0,43042.0,-100.0,,"ashby, trent",0.0,right_only,,,,klarner_fallback
TX,2012,house,58,,,,,,,,,,,,,,,,,,,,,,0.0,45861.0,-100.0,,"orr, rob",-1.0,right_only,,,,klarner_fallback
TX,2012,house,59,10212.0,36706.0,-56.46873268255254,Bill Norris,J.D. Sheffield,0.0,0.0,0.0,True,0.0,1.0,0.0,0.0,,,,Texas official returns normalized by the Texas project,external://texas-state-house-and-state-senate-model/data/processed/elections/sos_canonical_candidate_totals_1992_2018.csv,Texas Secretary of State candidate-total exports,Texas official/canonical candidate and full-history incumbency exports,source_observed,10212.0,36706.0,-56.46873268255254,"norris, bill","sheffield, jd d",0.0,both,0.0,0.0,0.0,texas_official_upstream
TX,2012,house,60,,,,,,,,,,,,,,,,,,,,,,0.0,55404.0,-100.0,,"keffer, james l (jim)",-1.0,right_only,,,,klarner_fallback
TX,2012,house,61,,,,,,,,,,,,,,,,,,,,,,0.0,55737.0,-100.0,,"king, phil",-1.0,right_only,,,,klarner_fallback
TX,2012,house,62,12928.0,40219.0,-51.3500291643931,Eristeo Perez,Larry Phillips,0.0,1.0,-1.0,True,0.0,1.0,0.0,0.0,,,,Texas official returns normalized by the Texas project,external://texas-state-house-and-state-senate-model/data/processed/elections/sos_canonical_candidate_totals_1992_2018.csv,Texas Secretary of State candidate-total exports,Texas official/canonical candidate and full-history incumbency exports,source_observed,12928.0,40219.0,-51.3500291643931,"perez, eristeo","phillips, larry",-1.0,both,0.0,0.0,0.0,texas_official_upstream
TX,2012,house,63,,,,,,,,,,,,,,,,,,,,,,0.0,51500.0,-100.0,,"parker, tan",-1.0,right_only,,,,klarner_fallback
TX,2012,house,64,19275.0,34245.0,-27.97085201793722,Mary Brown,Myra Crownover,0.0,1.0,-1.0,True,0.0,1.0,0.0,0.0,,,,Texas official returns normalized by the Texas project,external://texas-state-house-and-state-senate-model/data/processed/elections/sos_canonical_candidate_totals_1992_2018.csv,Texas Secretary of State candidate-total exports,Texas official/canonical candidate and full-history incumbency exports,source_observed,19275.0,34245.0,-27.97085201793722,"brown, mary","crownover, myra",-1.0,both,0.0,0.0,0.0,texas_official_upstream
TX,2012,house,65,20481.0,31386.0,-21.024929145699577,Gary E. Brown,Ron Simmons,0.0,0.0,0.0,True,0.0,1.0,0.0,0.0,,,,Texas official returns normalized by the Texas project,external://texas-state-house-and-state-senate-model/data/processed/elections/sos_canonical_candidate_totals_1992_2018.csv,Texas Secretary of State candidate-total exports,Texas official/canonical candidate and full-history incumbency exports,source_observed,20481.0,31386.0,-21.024929145699577,"brown, gary e","simmons, ron",0.0,both,0.0,0.0,0.0,texas_official_upstream
TX,2012,house,66,,,,,,,,,,,,,,,,,,,,,,0.0,42012.0,-100.0,,"taylor, van",-1.0,right_only,,,,klarner_fallback
TX,2012,house,67,,,,,,,,,,,,,,,,,,,,,,0.0,42594.0,-100.0,,"leach, jeff",0.0,right_only,,,,klarner_fallback
TX,2012,house,68,,,,,,,,,,,,,,,,,,,,,,0.0,39191.0,-100.0,,"springer, drew",0.0,right_only,,,,klarner_fallback
TX,2012,house,69,,,,,,,,,,,,,,,,,,,,,,0.0,38980.0,-100.0,,"frank, james b",0.0,right_only,,,,klarner_fallback
TX,2012,house,70,,,,,,,,,,,,,,,,,,,,,,0.0,46997.0,-100.0,,"sanford, scott",0.0,right_only,,,,klarner_fallback
TX,2012,house,71,,,,,,,,,,,,,,,,,,,,,,0.0,44271.0,-100.0,,"king, susan l",-1.0,right_only,,,,klarner_fallback
TX,2012,house,72,,,,,,,,,,,,,,,,,,,,,,0.0,43886.0,-100.0,,"darby, drew",-1.0,right_only,,,,klarner_fallback
TX,2012,house,73,,,,,,,,,,,,,,,,,,,,,,0.0,64029.0,-100.0,,"miller, doug",-1.0,right_only,,,,klarner_fallback
TX,2012,house,74,22666.0,14870.0,20.7693947144075,Poncho Nevárez,"Thomas ""T.C."" Kincaid, Jr.",0.0,0.0,0.0,True,1.0,0.0,0.0,0.0,,,,Texas official returns normalized by the Texas project,external://texas-state-house-and-state-senate-model/data/processed/elections/sos_canonical_candidate_totals_1992_2018.csv,Texas Secretary of State candidate-total exports,Texas official/canonical candidate and full-history incumbency exports,source_observed,22666.0,14870.0,20.7693947144075,"nevarez, poncho","kincaid, thomas (tc), jr",0.0,both,0.0,0.0,0.0,texas_official_upstream
TX,2012,house,75,,,,,,,,,,,,,,,,,,,,,,19789.0,0.0,100.0,"gonzalez, mary e",,0.0,right_only,,,,klarner_fallback
TX,2012,house,76,,,,,,,,,,,,,,,,,,,,,,27050.0,0.0,100.0,"gonzalez, naomi r",,1.0,right_only,,,,klarner_fallback
TX,2012,house,77,,,,,,,,,,,,,,,,,,,,,,24180.0,0.0,100.0,"marquez, marisa",,1.0,right_only,,,,klarner_fallback
TX,2012,house,78,22650.0,19430.0,7.652091254752852,Joe Moody,"Donald R. ""Dee"" Margo",0.0,1.0,-1.0,True,1.0,0.0,0.0,0.0,,,,Texas official returns normalized by the Texas project,external://texas-state-house-and-state-senate-model/data/processed/elections/sos_canonical_candidate_totals_1992_2018.csv,Texas Secretary of State candidate-total exports,Texas official/canonical candidate and full-history incumbency exports,source_observed,22650.0,19430.0,7.652091254752852,"moody, joseph e 2","margo, donald r (dee)",-1.0,both,0.0,0.0,0.0,texas_official_upstream
TX,2012,house,79,,,,,,,,,,,,,,,,,,,,,,27832.0,0.0,100.0,"pickett, joseph c (joe)",,1.0,right_only,,,,klarner_fallback
TX,2012,house,80,,,,,,,,,,,,,,,,,,,,,,26759.0,0.0,100.0,"king, tracy o",,1.0,right_only,,,,klarner_fallback
TX,2012,house,81,,,,,,,,,,,,,,,,,,,,,,0.0,34154.0,-100.0,,"lewis, tryon d",-1.0,right_only,,,,klarner_fallback
TX,2012,house,82,,,,,,,,,,,,,,,,,,,,,,0.0,42572.0,-100.0,,"craddick, tom",-1.0,right_only,,,,klarner_fallback
TX,2012,house,83,,,,,,,,,,,,,,,,,,,,,,0.0,49332.0,-100.0,,"perry, charles",-1.0,right_only,,,,klarner_fallback
TX,2012,house,84,,,,,,,,,,,,,,,,,,,,,,0.0,33179.0,-100.0,,"frullo, john",-1.0,right_only,,,,klarner_fallback
TX,2012,house,85,20435.0,28626.0,-16.69554228409531,Dora Olivo,Phil Stephenson,0.0,0.0,0.0,True,0.0,1.0,0.0,0.0,,,,Texas official returns normalized by the Texas project,external://texas-state-house-and-state-senate-model/data/processed/elections/sos_canonical_candidate_totals_1992_2018.csv,Texas Secretary of State candidate-total exports,Texas official/canonical candidate and full-history incumbency exports,source_observed,20435.0,28626.0,-16.69554228409531,"olivo, dora","stephenson, phil",0.0,both,0.0,0.0,0.0,texas_official_upstream
TX,2012,house,86,,,,,,,,,,,,,,,,,,,,,,0.0,53287.0,-100.0,,"smithee, john",-1.0,right_only,,,,klarner_fallback
TX,2012,house,87,9567.0,32564.0,-54.58451021812917,Abel Bosquez,Four Price,0.0,1.0,-1.0,True,0.0,1.0,0.0,0.0,,,,Texas official returns normalized by the Texas project,external://texas-state-house-and-state-senate-model/data/processed/elections/sos_canonical_candidate_totals_1992_2018.csv,Texas Secretary of State candidate-total exports,Texas official/canonical candidate and full-history incumbency exports,source_observed,9567.0,32564.0,-54.58451021812917,"bosquez, abel g","price, four",-1.0,both,0.0,0.0,0.0,texas_official_upstream
TX,2012,house,88,,,,,,,,,,,,,,,,,,,,,,0.0,39941.0,-100.0,,"king, ken",0.0,right_only,,,,klarner_fallback
TX,2012,house,89,,,,,,,,,,,,,,,,,,,,,,0.0,46621.0,-100.0,,"laubenberg, jodie",-1.0,right_only,,,,klarner_fallback
TX,2012,house,90,,,,,,,,,,,,,,,,,,,,,,17597.0,0.0,100.0,"burnam, lon",,1.0,right_only,,,,klarner_fallback
TX,2012,house,91,,,,,,,,,,,,,,,,,,,,,,0.0,40058.0,-100.0,,"klick, stephanie",0.0,right_only,,,,klarner_fallback
TX,2012,house,92,,,,,,,,,,,,,,,,,,,,,,0.0,37084.0,-100.0,,"stickland, jonathan",0.0,right_only,,,,klarner_fallback
TX,2012,house,93,18797.0,29527.0,-22.204287724526115,Shane Hardin,Matt Krause,0.0,0.0,0.0,True,0.0,1.0,0.0,0.0,,,,Texas official returns normalized by the Texas project,external://texas-state-house-and-state-senate-model/data/processed/elections/sos_canonical_candidate_totals_1992_2018.csv,Texas Secretary of State candidate-total exports,Texas official/canonical candidate and full-history incumbency exports,source_observed,18797.0,29527.0,-22.204287724526115,"hardin, shane","krause, matt",0.0,both,0.0,0.0,0.0,texas_official_upstream
TX,2012,house,94,,,,,,,,,,,,,,,,,,,,,,0.0,42208.0,-100.0,,"patrick, diane",-1.0,right_only,,,,klarner_fallback
TX,2012,house,95,37594.0,11004.0,54.714185768961684,Nicole Collier,Monte Mitchell,0.0,0.0,0.0,True,1.0,0.0,0.0,0.0,,,,Texas official returns normalized by the Texas project,external://texas-state-house-and-state-senate-model/data/processed/elections/sos_canonical_candidate_totals_1992_2018.csv,Texas Secretary of State candidate-total exports,Texas official/canonical candidate and full-history incumbency exports,source_observed,37594.0,11004.0,54.714185768961684,"collier, nicole","mitchell, monte",0.0,both,0.0,0.0,0.0,texas_official_upstream
TX,2012,house,96,,,,,,,,,,,,,,,,,,,,,,0.0,36940.0,-100.0,,"zedler, bill",-1.0,right_only,,,,klarner_fallback
TX,2012,house,97,24159.0,38139.0,-22.440527785803717,Gary Grassia,Craig Goldman,0.0,0.0,0.0,True,0.0,1.0,0.0,0.0,,,,Texas official returns normalized by the Texas project,external://texas-state-house-and-state-senate-model/data/processed/elections/sos_canonical_candidate_totals_1992_2018.csv,Texas Secretary of State candidate-total exports,Texas official/canonical candidate and full-history incumbency exports,source_observed,24159.0,38139.0,-22.440527785803717,"grassia, gary","goldman, craig",0.0,both,0.0,0.0,0.0,texas_official_upstream
TX,2012,house,98,,,,,,,,,,,,,,,,,,,,,,0.0,57539.0,-100.0,,"capriglione, giovanni",0.0,right_only,,,,klarner_fallback
TX,2012,house,99,16763.0,36715.0,-37.30879988032462,Michael McClure,Charlie Geren,0.0,1.0,-1.0,True,0.0,1.0,0.0,0.0,,,,Texas official returns normalized by the Texas project,external://texas-state-house-and-state-senate-model/data/processed/elections/sos_canonical_candidate_totals_1992_2018.csv,Texas Secretary of State candidate-total exports,Texas official/canonical candidate and full-history incumbency exports,source_observed,16763.0,36715.0,-37.30879988032462,"mcclure, michael","geren, charlie",-1.0,both,0.0,0.0,0.0,texas_official_upstream
TX,2012,house,100,,,,,,,,,,,,,,,,,,,,,,34965.0,0.0,100.0,"johnson, eric",,1.0,right_only,,,,klarner_fallback
TX,2012,house,101,,,,,,,,,,,,,,,,,,,,,,28943.0,0.0,100.0,"turner, chris",,0.0,right_only,,,,klarner_fallback
TX,2012,house,102,22736.0,30303.0,-14.266860234921474,Rich Hancock,Stefani Carter,0.0,1.0,-1.0,True,0.0,1.0,0.0,0.0,,,,Texas official returns normalized by the Texas project,external://texas-state-house-and-state-senate-model/data/processed/elections/sos_canonical_candidate_totals_1992_2018.csv,Texas Secretary of State candidate-total exports,Texas official/canonical candidate and full-history incumbency exports,source_observed,22736.0,30303.0,-14.266860234921474,"hancock, rich","carter, stefani",-1.0,both,0.0,0.0,0.0,texas_official_upstream
TX,2012,house,103,,,,,,,,,,,,,,,,,,,,,,22287.0,0.0,100.0,"anchia, rafael m",,1.0,right_only,,,,klarner_fallback
TX,2012,house,104,,,,,,,,,,,,,,,,,,,,,,22544.0,0.0,100.0,"alonzo, roberto r",,1.0,right_only,,,,klarner_fallback
TX,2012,house,105,20923.0,21705.0,-1.834474992962372,Rosemary Robbins,Linda Harper Brown,0.0,1.0,-1.0,True,0.0,1.0,0.0,0.0,,,,Texas official returns normalized by the Texas project,external://texas-state-house-and-state-senate-model/data/processed/elections/sos_canonical_candidate_totals_1992_2018.csv,Texas Secretary of State candidate-total exports,Texas official/canonical candidate and full-history incumbency exports,source_observed,20923.0,21705.0,-1.834474992962372,"robbins, rosemary","harperbrown, linda",-1.0,both,0.0,0.0,0.0,texas_official_upstream
TX,2012,house,106,,,,,,,,,,,,,,,,,,,,,,0.0,41785.0,-100.0,,"fallon, pat",0.0,right_only,,,,klarner_fallback
TX,2012,house,107,25018.0,25868.0,-1.670400503085328,Robert Miklos,Kenneth Sheets,0.0,1.0,-1.0,True,0.0,1.0,0.0,0.0,,,,Texas official returns normalized by the Texas project,external://texas-state-house-and-state-senate-model/data/processed/elections/sos_canonical_candidate_totals_1992_2018.csv,Texas Secretary of State candidate-total exports,Texas official/canonical candidate and full-history incumbency exports,source_observed,25018.0,25868.0,-1.670400503085328,"miklos, robert","sheets, kenneth",-1.0,both,0.0,0.0,0.0,texas_official_upstream
TX,2012,house,108,,,,,,,,,,,,,,,,,,,,,,0.0,43675.0,-100.0,,"branch, dan",-1.0,right_only,,,,klarner_fallback
TX,2012,house,109,,,,,,,,,,,,,,,,,,,,,,53982.0,0.0,100.0,"giddings, helen",,1.0,right_only,,,,klarner_fallback
TX,2012,house,110,,,,,,,,,,,,,,,,,,,,,,33972.0,0.0,100.0,"rose, toni",,0.0,right_only,,,,klarner_fallback
TX,2012,house,111,,,,,,,,,,,,,,,,,,,,,,47498.0,0.0,100.0,"davis, yvonne",,1.0,right_only,,,,klarner_fallback
TX,2012,house,112,,,,,,,,,,,,,,,,,,,,,,0.0,32515.0,-100.0,,"chenbutton, angie c",-1.0,right_only,,,,klarner_fallback
TX,2012,house,113,,,,,,,,,,,,,,,,,,,,,,0.0,28727.0,-100.0,,"burkett, cindy",-1.0,right_only,,,,klarner_fallback
TX,2012,house,114,28762.0,33970.0,-8.301983038959383,Carol Kent,Jason Villalba,0.0,0.0,0.0,True,0.0,1.0,0.0,0.0,,,,Texas official returns normalized by the Texas project,external://texas-state-house-and-state-senate-model/data/processed/elections/sos_canonical_candidate_totals_1992_2018.csv,Texas Secretary of State candidate-total exports,Texas official/canonical candidate and full-history incumbency exports,source_observed,28762.0,33970.0,-8.301983038959383,"kent, carol","villalba, jason",0.0,both,0.0,0.0,0.0,texas_official_upstream
TX,2012,house,115,21784.0,29082.0,-14.347501277867337,Mary Clare Fabishak,Bennett Ratliff,0.0,0.0,0.0,True,0.0,1.0,0.0,0.0,,,,Texas official returns normalized by the Texas project,external://texas-state-house-and-state-senate-model/data/processed/elections/sos_canonical_candidate_totals_1992_2018.csv,Texas Secretary of State candidate-total exports,Texas official/canonical candidate and full-history incumbency exports,source_observed,21784.0,29082.0,-14.347501277867337,"fabishak, mary c","ratliff, bennett",0.0,both,0.0,0.0,0.0,texas_official_upstream
TX,2012,house,116,,,,,,,,,,,,,,,,,,,,,,31006.0,0.0,100.0,"martinezfischer, trey",,1.0,right_only,,,,klarner_fallback
TX,2012,house,117,22397.0,19214.0,7.64941962461849,Philip Cortez,John V. Garza,0.0,1.0,-1.0,True,1.0,0.0,0.0,0.0,,,,Texas official returns normalized by the Texas project,external://texas-state-house-and-state-senate-model/data/processed/elections/sos_canonical_candidate_totals_1992_2018.csv,Texas Secretary of State candidate-total exports,Texas official/canonical candidate and full-history incumbency exports,source_observed,22397.0,19214.0,7.64941962461849,"cortez, philip","garza, john v",-1.0,both,0.0,0.0,0.0,texas_official_upstream
TX,2012,house,118,23992.0,16095.0,19.699653254172176,Joe Farias,Robert A. Casias,1.0,0.0,1.0,True,1.0,0.0,0.0,0.0,,,,Texas official returns normalized by the Texas project,external://texas-state-house-and-state-senate-model/data/processed/elections/sos_canonical_candidate_totals_1992_2018.csv,Texas Secretary of State candidate-total exports,Texas official/canonical candidate and full-history incumbency exports,source_observed,23992.0,16095.0,19.699653254172176,"farias, joe","casias, robert a",1.0,both,0.0,0.0,0.0,texas_official_upstream
TX,2012,house,119,25130.0,15473.0,23.78395685047903,Roland Gutierrez,Anna Campos,1.0,0.0,1.0,True,1.0,0.0,0.0,0.0,,,,Texas official returns normalized by the Texas project,external://texas-state-house-and-state-senate-model/data/processed/elections/sos_canonical_candidate_totals_1992_2018.csv,Texas Secretary of State candidate-total exports,Texas official/canonical candidate and full-history incumbency exports,source_observed,25130.0,15473.0,23.78395685047903,"gutierrez, rolando","campos, anna",1.0,both,0.0,0.0,0.0,texas_official_upstream
TX,2012,house,120,,,,,,,,,,,,,,,,,,,,,,33756.0,0.0,100.0,"mcclendon, ruth j",,1.0,right_only,,,,klarner_fallback
TX,2012,house,121,,,,,,,,,,,,,,,,,,,,,,0.0,50530.0,-100.0,,"straus, joe",-1.0,right_only,,,,klarner_fallback
TX,2012,house,122,,,,,,,,,,,,,,,,,,,,,,0.0,66679.0,-100.0,,"larson, lyle",-1.0,right_only,,,,klarner_fallback
TX,2012,house,123,,,,,,,,,,,,,,,,,,,,,,32958.0,0.0,100.0,"villarreal, mike",,1.0,right_only,,,,klarner_fallback
TX,2012,house,124,,,,,,,,,,,,,,,,,,,,,,31915.0,0.0,100.0,"menendez, jose",,1.0,right_only,,,,klarner_fallback
TX,2012,house,125,28857.0,17501.0,24.496311316277666,Justin Rodriguez,Alma Perez Jackson,0.0,0.0,0.0,True,1.0,0.0,0.0,0.0,,,,Texas official returns normalized by the Texas project,external://texas-state-house-and-state-senate-model/data/processed/elections/sos_canonical_candidate_totals_1992_2018.csv,Texas Secretary of State candidate-total exports,Texas official/canonical candidate and full-history incumbency exports,source_observed,28857.0,17501.0,24.496311316277666,"rodriguez, justin","jackson, alma p",0.0,both,0.0,0.0,0.0,texas_official_upstream
TX,2012,house,126,,,,,,,,,,,,,,,,,,,,,,0.0,40311.0,-100.0,,"harless, patricia",-1.0,right_only,,,,klarner_fallback
TX,2012,house,127,19435.0,45813.0,-40.42729279058362,Cody Pogue,Dan Huberty,0.0,1.0,-1.0,True,0.0,1.0,0.0,0.0,,,,Texas official returns normalized by the Texas project,external://texas-state-house-and-state-senate-model/data/processed/elections/sos_canonical_candidate_totals_1992_2018.csv,Texas Secretary of State candidate-total exports,Texas official/canonical candidate and full-history incumbency exports,source_observed,19435.0,45813.0,-40.42729279058362,"pogue, cody","huberty, dan",-1.0,both,0.0,0.0,0.0,texas_official_upstream
TX,2012,house,128,,,,,,,,,,,,,,,,,,,,,,0.0,42682.0,-100.0,,"smith, wayne",-1.0,right_only,,,,klarner_fallback
TX,2012,house,129,,,,,,,,,,,,,,,,,,,,,,0.0,46438.0,-100.0,,"davis, john e 2",-1.0,right_only,,,,klarner_fallback
TX,2012,house,130,,,,,,,,,,,,,,,,,,,,,,0.0,54596.0,-100.0,,"fletcher, allen",-1.0,right_only,,,,klarner_fallback
TX,2012,house,131,,,,,,,,,,,,,,,,,,,,,,36765.0,0.0,100.0,"allen, alma a",,1.0,right_only,,,,klarner_fallback
TX,2012,house,132,,,,,,,,,,,,,,,,,,,,,,0.0,33592.0,-100.0,,"callegari, bill",-1.0,right_only,,,,klarner_fallback
TX,2012,house,133,,,,,,,,,,,,,,,,,,,,,,0.0,52050.0,-100.0,,"murphy, jim",-1.0,right_only,,,,klarner_fallback
TX,2012,house,134,36480.0,43944.0,-9.280811698000598,Ann Johnson,Sarah Davis,0.0,1.0,-1.0,True,0.0,1.0,0.0,0.0,,,,Texas official returns normalized by the Texas project,external://texas-state-house-and-state-senate-model/data/processed/elections/sos_canonical_candidate_totals_1992_2018.csv,Texas Secretary of State candidate-total exports,Texas official/canonical candidate and full-history incumbency exports,source_observed,36480.0,43944.0,-9.280811698000598,"johnson, ann","davis, sarah",-1.0,both,0.0,0.0,0.0,texas_official_upstream
TX,2012,house,135,21030.0,32023.0,-20.720788645316947,Paul Morgan,Gary Elkins,0.0,1.0,-1.0,True,0.0,1.0,0.0,0.0,,,,Texas official returns normalized by the Texas project,external://texas-state-house-and-state-senate-model/data/processed/elections/sos_canonical_candidate_totals_1992_2018.csv,Texas Secretary of State candidate-total exports,Texas official/canonical candidate and full-history incumbency exports,source_observed,21030.0,32023.0,-20.720788645316947,"morgan, paul","elkins, gary",-1.0,both,0.0,0.0,0.0,texas_official_upstream
TX,2012,house,136,24851.0,32383.0,-13.160009784393893,Matt Stillwell,Anthony Dale,0.0,0.0,0.0,True,0.0,1.0,0.0,0.0,,,,Texas official returns normalized by the Texas project,external://texas-state-house-and-state-senate-model/data/processed/elections/sos_canonical_candidate_totals_1992_2018.csv,Texas Secretary of State candidate-total exports,Texas official/canonical candidate and full-history incumbency exports,source_observed,24851.0,32383.0,-13.160009784393893,"stillwell, matt","dale, anthony",0.0,both,0.0,0.0,0.0,texas_official_upstream
TX,2012,house,137,15832.0,8245.0,31.511400922041783,Gene Wu,M. J. Khan,0.0,0.0,0.0,True,1.0,0.0,0.0,0.0,,,,Texas official returns normalized by the Texas project,external://texas-state-house-and-state-senate-model/data/processed/elections/sos_canonical_candidate_totals_1992_2018.csv,Texas Secretary of State candidate-total exports,Texas official/canonical candidate and full-history incumbency exports,source_observed,15832.0,8245.0,31.511400922041783,"wu, gene","khan, m j",0.0,both,0.0,0.0,0.0,texas_official_upstream
TX,2012,house,138,,,,,,,,,,,,,,,,,,,,,,0.0,29645.0,-100.0,,"bohac, dwayne",-1.0,right_only,,,,klarner_fallback
TX,2012,house,139,39022.0,11604.0,54.15794255915932,Sylvester Turner,Sam Brocato,1.0,0.0,1.0,True,1.0,0.0,0.0,0.0,,,,Texas official returns normalized by the Texas project,external://texas-state-house-and-state-senate-model/data/processed/elections/sos_canonical_candidate_totals_1992_2018.csv,Texas Secretary of State candidate-total exports,Texas official/canonical candidate and full-history incumbency exports,source_observed,39022.0,11604.0,54.15794255915932,"turner, sylvester","brocato, sam",1.0,both,0.0,0.0,0.0,texas_official_upstream
TX,2012,house,140,,,,,,,,,,,,,,,,,,,,,,18320.0,0.0,100.0,"luciowalle, armando l",,1.0,right_only,,,,klarner_fallback
TX,2012,house,141,33180.0,4587.0,75.70895225990944,Senfronia Thompson,Michael Bunch,1.0,0.0,1.0,True,1.0,0.0,0.0,0.0,,,,Texas official returns normalized by the Texas project,external://texas-state-house-and-state-senate-model/data/processed/elections/sos_canonical_candidate_totals_1992_2018.csv,Texas Secretary of State candidate-total exports,Texas official/canonical candidate and full-history incumbency exports,source_observed,33180.0,4587.0,75.70895225990944,"thompson, senfronia 1","bunch, michael",1.0,both,0.0,0.0,0.0,texas_official_upstream
TX,2012,house,142,,,,,,,,,,,,,,,,,,,,,,34010.0,0.0,100.0,"dutton, harold v, jr",,1.0,right_only,,,,klarner_fallback
TX,2012,house,143,21869.0,8112.0,45.88572762749742,Ana Hernandez Luna,Doug Weiskopf,1.0,0.0,1.0,True,1.0,0.0,0.0,0.0,,,,Texas official returns normalized by the Texas project,external://texas-state-house-and-state-senate-model/data/processed/elections/sos_canonical_candidate_totals_1992_2018.csv,Texas Secretary of State candidate-total exports,Texas official/canonical candidate and full-history incumbency exports,source_observed,21869.0,8112.0,45.88572762749742,"hernandez, ana l","weiskopf, doug",1.0,both,0.0,0.0,0.0,texas_official_upstream
TX,2012,house,144,12446.0,10885.0,6.690669066906691,Mary Ann Perez,David Pineda,0.0,0.0,0.0,True,1.0,0.0,0.0,0.0,,,,Texas official returns normalized by the Texas project,external://texas-state-house-and-state-senate-model/data/processed/elections/sos_canonical_candidate_totals_1992_2018.csv,Texas Secretary of State candidate-total exports,Texas official/canonical candidate and full-history incumbency exports,source_observed,12446.0,10885.0,6.690669066906691,"perez, mary a","pineda, david",0.0,both,0.0,0.0,0.0,texas_official_upstream
TX,2012,house,145,,,,,,,,,,,,,,,,,,,,,,20892.0,0.0,100.0,"alvarado, carol",,1.0,right_only,,,,klarner_fallback
TX,2012,house,146,,,,,,,,,,,,,,,,,,,,,,40724.0,0.0,100.0,"miles, borris l",,1.0,right_only,,,,klarner_fallback
TX,2012,house,147,,,,,,,,,,,,,,,,,,,,,,43589.0,0.0,100.0,"coleman, garnet f",,1.0,right_only,,,,klarner_fallback
TX,2012,house,148,,,,,,,,,,,,,,,,,,,,,,25964.0,0.0,100.0,"farrar, jessica c",,1.0,right_only,,,,klarner_fallback
TX,2012,house,149,26017.0,16551.0,22.237361398233414,Hubert Vo,Dianne Williams,1.0,0.0,1.0,True,1.0,0.0,0.0,0.0,,,,Texas official returns normalized by the Texas project,external://texas-state-house-and-state-senate-model/data/processed/elections/sos_canonical_candidate_totals_1992_2018.csv,Texas Secretary of State candidate-total exports,Texas official/canonical candidate and full-history incumbency exports,source_observed,26017.0,16551.0,22.237361398233414,"vo, hubert","williams, dianne",1.0,both,0.0,0.0,0.0,texas_official_upstream
TX,2012,house,150,19343.0,44454.0,-39.36078498988981,Brad Neal,Debbie Riddle,0.0,1.0,-1.0,True,0.0,1.0,0.0,0.0,,,,Texas official returns normalized by the Texas project,external://texas-state-house-and-state-senate-model/data/processed/elections/sos_canonical_candidate_totals_1992_2018.csv,Texas Secretary of State candidate-total exports,Texas official/canonical candidate and full-history incumbency exports,source_observed,19343.0,44454.0,-39.36078498988981,"neal, brad","riddle, debbie",-1.0,both,0.0,0.0,0.0,texas_official_upstream
TX,2012,senate,1,84262.0,210091.0,-42.747653327807086,Stephen H. Russell,Kevin P. Eltife,0.0,1.0,-1.0,True,0.0,1.0,0.0,0.0,,,,Texas official returns normalized by the Texas project,external://texas-state-house-and-state-senate-model/data/processed/elections/sos_canonical_candidate_totals_1992_2018.csv,Texas Secretary of State candidate-total exports,Texas official/canonical candidate and full-history incumbency exports,source_observed,84262.0,210091.0,-42.747653327807086,"russell, stephen h","eltife, kevin p",-1.0,both,0.0,0.0,0.0,texas_official_upstream
TX,2012,senate,2,,,,,,,,,,,,,,,,,,,,,,0.0,172451.0,-100.0,,"deuell, robert f",-1.0,right_only,,,,klarner_fallback
TX,2012,senate,3,,,,,,,,,,,,,,,,,,,,,,0.0,226978.0,-100.0,,"nichols, robert",-1.0,right_only,,,,klarner_fallback
TX,2012,senate,4,,,,,,,,,,,,,,,,,,,,,,0.0,216076.0,-100.0,,"williams, thomas d (tommy)",-1.0,right_only,,,,klarner_fallback
TX,2012,senate,5,,,,,,,,,,,,,,,,,,,,,,0.0,182554.0,-100.0,,"schwertner, charles",0.0,right_only,,,,klarner_fallback
TX,2012,senate,6,93289.0,38201.0,41.89520115598145,"Mario V. Gallegos, Jr.",R. W. Bray,1.0,0.0,1.0,True,1.0,0.0,0.0,0.0,,,,Texas official returns normalized by the Texas project,external://texas-state-house-and-state-senate-model/data/processed/elections/sos_canonical_candidate_totals_1992_2018.csv,Texas Secretary of State candidate-total exports,Texas official/canonical candidate and full-history incumbency exports,source_observed,93289.0,38201.0,41.89520115598145,"gallegos, mario v, jr","bray, r w",1.0,both,0.0,0.0,0.0,texas_official_upstream
TX,2012,senate,7,90793.0,196526.0,-36.79986356627999,"Sam ""Tejas"" Texas",Dan Patrick,0.0,1.0,-1.0,True,0.0,1.0,0.0,0.0,,,,Texas official returns normalized by the Texas project,external://texas-state-house-and-state-senate-model/data/processed/elections/sos_canonical_candidate_totals_1992_2018.csv,Texas Secretary of State candidate-total exports,Texas official/canonical candidate and full-history incumbency exports,source_observed,90793.0,196526.0,-36.79986356627999,"texas, sam (tejas)","patrick, dan",-1.0,both,0.0,0.0,0.0,texas_official_upstream
TX,2012,senate,8,99010.0,178238.0,-28.576581255771007,"Jack G.B. Ternan, Jr.",Ken Paxton,0.0,0.0,0.0,True,0.0,1.0,0.0,0.0,,,,Texas official returns normalized by the Texas project,external://texas-state-house-and-state-senate-model/data/processed/elections/sos_canonical_candidate_totals_1992_2018.csv,Texas Secretary of State candidate-total exports,Texas official/canonical candidate and full-history incumbency exports,source_observed,99010.0,178238.0,-28.576581255771007,"ternan, jack g, jr","paxton, ken",0.0,both,0.0,0.0,0.0,texas_official_upstream
TX,2012,senate,9,89255.0,136288.0,-20.853229761065517,Pete Martinez,Kelly Hancock,0.0,0.0,0.0,True,0.0,1.0,0.0,0.0,,,,Texas official returns normalized by the Texas project,external://texas-state-house-and-state-senate-model/data/processed/elections/sos_canonical_candidate_totals_1992_2018.csv,Texas Secretary of State candidate-total exports,Texas official/canonical candidate and full-history incumbency exports,source_observed,89255.0,136288.0,-20.853229761065517,"martinez, pete","hancock, kelly",0.0,both,0.0,0.0,0.0,texas_official_upstream
TX,2012,senate,10,147103.0,140656.0,2.240416459606824,Wendy R. Davis,Mark M Shelton,1.0,0.0,1.0,True,1.0,0.0,0.0,0.0,,,,Texas official returns normalized by the Texas project,external://texas-state-house-and-state-senate-model/data/processed/elections/sos_canonical_candidate_totals_1992_2018.csv,Texas Secretary of State candidate-total exports,Texas official/canonical candidate and full-history incumbency exports,source_observed,147103.0,140656.0,2.240416459606824,"davis, wendy r","shelton, mark m",1.0,both,0.0,0.0,0.0,texas_official_upstream
TX,2012,senate,11,93227.0,181106.0,-32.03369627423606,Jacqueline Acquistapace,Larry Taylor,0.0,0.0,0.0,True,0.0,1.0,0.0,0.0,,,,Texas official returns normalized by the Texas project,external://texas-state-house-and-state-senate-model/data/processed/elections/sos_canonical_candidate_totals_1992_2018.csv,Texas Secretary of State candidate-total exports,Texas official/canonical candidate and full-history incumbency exports,source_observed,93227.0,181106.0,-32.03369627423606,"acquistapace, jacqueline","taylor, larry",0.0,both,0.0,0.0,0.0,texas_official_upstream
TX,2012,senate,12,,,,,,,,,,,,,,,,,,,,,,0.0,203988.0,-100.0,,"nelson, jane",-1.0,right_only,,,,klarner_fallback
TX,2012,senate,13,,,,,,,,,,,,,,,,,,,,,,181866.0,0.0,100.0,"ellis, rodney",,1.0,right_only,,,,klarner_fallback
TX,2012,senate,14,,,,,,,,,,,,,,,,,,,,,,212527.0,0.0,100.0,"watson, kirk",,1.0,right_only,,,,klarner_fallback
TX,2012,senate,15,135822.0,82038.0,24.687413935554943,John Whitmire,Bill Walker,1.0,0.0,1.0,True,1.0,0.0,0.0,0.0,,,,Texas official returns normalized by the Texas project,external://texas-state-house-and-state-senate-model/data/processed/elections/sos_canonical_candidate_totals_1992_2018.csv,Texas Secretary of State candidate-total exports,Texas official/canonical candidate and full-history incumbency exports,source_observed,135822.0,82038.0,24.687413935554943,"whitmire, john","walker, bill",1.0,both,0.0,0.0,0.0,texas_official_upstream
TX,2012,senate,16,,,,,,,,,,,,,,,,,,,,,,0.0,181746.0,-100.0,,"carona, john",-1.0,right_only,,,,klarner_fallback
TX,2012,senate,17,,,,,,,,,,,,,,,,,,,,,,0.0,185429.0,-100.0,,"huffman, joan",-1.0,right_only,,,,klarner_fallback
TX,2012,senate,18,,,,,,,,,,,,,,,,,,,,,,0.0,211230.0,-100.0,,"hegar, glenn",-1.0,right_only,,,,klarner_fallback
TX,2012,senate,19,122214.0,83522.0,18.806625967259013,Carlos I. Uresti,Michael Berlanga,1.0,0.0,1.0,True,1.0,0.0,0.0,0.0,,,,Texas official returns normalized by the Texas project,external://texas-state-house-and-state-senate-model/data/processed/elections/sos_canonical_candidate_totals_1992_2018.csv,Texas Secretary of State candidate-total exports,Texas official/canonical candidate and full-history incumbency exports,source_observed,122214.0,83522.0,18.806625967259013,"uresti, carlos i (charlie)","berlanga, michael",1.0,both,0.0,0.0,0.0,texas_official_upstream
TX,2012,senate,20,112629.0,70409.0,23.066248538554834,"Juan ""Chuy"" Hinojosa",Raul Torres,1.0,0.0,1.0,True,1.0,0.0,0.0,0.0,,,,Texas official returns normalized by the Texas project,external://texas-state-house-and-state-senate-model/data/processed/elections/sos_canonical_candidate_totals_1992_2018.csv,Texas Secretary of State candidate-total exports,Texas official/canonical candidate and full-history incumbency exports,source_observed,112629.0,70409.0,23.066248538554834,"hinojosa, juan (chuy)","torres, raul",1.0,both,0.0,0.0,0.0,texas_official_upstream
TX,2012,senate,21,129894.0,56032.0,39.72655787786539,Judith Zaffirini,Grant Rostig,1.0,0.0,1.0,True,1.0,0.0,0.0,0.0,,,,Texas official returns normalized by the Texas project,external://texas-state-house-and-state-senate-model/data/processed/elections/sos_canonical_candidate_totals_1992_2018.csv,Texas Secretary of State candidate-total exports,Texas official/canonical candidate and full-history incumbency exports,source_observed,129894.0,56032.0,39.72655787786539,"zaffirini, judith","rostig, grant",1.0,both,0.0,0.0,0.0,texas_official_upstream
TX,2012,senate,22,,,,,,,,,,,,,,,,,,,,,,0.0,188544.0,-100.0,,"birdwell, brian",-1.0,right_only,,,,klarner_fallback
TX,2012,senate,23,187407.0,41429.0,63.791536296736524,Royce West,Bishop John Lawson,1.0,0.0,1.0,True,1.0,0.0,0.0,0.0,,,,Texas official returns normalized by the Texas project,external://texas-state-house-and-state-senate-model/data/processed/elections/sos_canonical_candidate_totals_1992_2018.csv,Texas Secretary of State candidate-total exports,Texas official/canonical candidate and full-history incumbency exports,source_observed,187407.0,41429.0,63.791536296736524,"west, royce","lawson, bishop j",1.0,both,0.0,0.0,0.0,texas_official_upstream
TX,2012,senate,24,,,,,,,,,,,,,,,,,,,,,,0.0,209319.0,-100.0,,"fraser, troy",-1.0,right_only,,,,klarner_fallback
TX,2012,senate,25,121906.0,232261.0,-31.159029497384,John Courage,Donna Campbell,0.0,0.0,0.0,True,0.0,1.0,0.0,0.0,,,,Texas official returns normalized by the Texas project,external://texas-state-house-and-state-senate-model/data/processed/elections/sos_canonical_candidate_totals_1992_2018.csv,Texas Secretary of State candidate-total exports,Texas official/canonical candidate and full-history incumbency exports,source_observed,121906.0,232261.0,-31.159029497384,"courage, john","campbell, donna",0.0,both,0.0,0.0,0.0,texas_official_upstream
TX,2012,senate,26,,,,,,,,,,,,,,,,,,,,,,141040.0,0.0,100.0,"vandeputte, leticia",,1.0,right_only,,,,klarner_fallback
TX,2012,senate,27,,,,,,,,,,,,,,,,,,,,,,113542.0,0.0,100.0,"lucio, eddie, jr 1",,1.0,right_only,,,,klarner_fallback
TX,2012,senate,28,,,,,,,,,,,,,,,,,,,,,,0.0,183619.0,-100.0,,"duncan, robert l",-1.0,right_only,,,,klarner_fallback
TX,2012,senate,29,116208.0,53190.0,37.20114759324195,Jose R. Rodriguez,Dan Chavez,1.0,0.0,1.0,True,1.0,0.0,0.0,0.0,,,,Texas official returns normalized by the Texas project,external://texas-state-house-and-state-senate-model/data/processed/elections/sos_canonical_candidate_totals_1992_2018.csv,Texas Secretary of State candidate-total exports,Texas official/canonical candidate and full-history incumbency exports,source_observed,116208.0,53190.0,37.20114759324195,"rodriguez, jose r","chavez, dan",1.0,both,0.0,0.0,0.0,texas_official_upstream
TX,2012,senate,30,,,,,,,,,,,,,,,,,,,,,,0.0,217877.0,-100.0,,"estes, craig",-1.0,right_only,,,,klarner_fallback
TX,2012,senate,31,,,,,,,,,,,,,,,,,,,,,,0.0,195878.0,-100.0,,"seliger, kel",-1.0,right_only,,,,klarner_fallback
TX,2014,house,1,,,,,,,,,,,,,,,,,,,,,,0.0,29585.0,-100.0,,"vandeaver, gary",0.0,right_only,,,,klarner_fallback
TX,2014,house,2,,,,,,,,,,,,,,,,,,,,,,0.0,28847.0,-100.0,,"flynn, dan",-1.0,right_only,,,,klarner_fallback
TX,2014,house,3,,,,,,,,,,,,,,,,,,,,,,0.0,28760.0,-100.0,,"bell, cecil, jr",-1.0,right_only,,,,klarner_fallback
TX,2014,house,4,,,,,,,,,,,,,,,,,,,,,,0.0,26660.0,-100.0,,"spitzer, stuart",0.0,right_only,,,,klarner_fallback
TX,2014,house,5,,,,,,,,,,,,,,,,,,,,,,0.0,30779.0,-100.0,,"hughes, bryan",-1.0,right_only,,,,klarner_fallback
TX,2014,house,6,,,,,,,,,,,,,,,,,,,,,,0.0,26684.0,-100.0,,"schaefer, matt",-1.0,right_only,,,,klarner_fallback
TX,2014,house,7,,,,,,,,,,,,,,,,,,,,,,0.0,25342.0,-100.0,,"simpson, david",-1.0,right_only,,,,klarner_fallback
TX,2014,house,8,,,,,,,,,,,,,,,,,,,,,,0.0,25897.0,-100.0,,"cook, byron",-1.0,right_only,,,,klarner_fallback
TX,2014,house,9,,,,,,,,,,,,,,,,,,,,,,0.0,29412.0,-100.0,,"paddie, chris",-1.0,right_only,,,,klarner_fallback
TX,2014,house,10,,,,,,,,,,,,,,,,,,,,,,0.0,27319.0,-100.0,,"wray, john",0.0,right_only,,,,klarner_fallback
TX,2014,house,11,,,,,,,,,,,,,,,,,,,,,,0.0,25980.0,-100.0,,"clardy, travis",-1.0,right_only,,,,klarner_fallback
TX,2014,house,12,,,,,,,,,,,,,,,,,,,,,,0.0,22617.0,-100.0,,"kacal, kyle j",-1.0,right_only,,,,klarner_fallback
TX,2014,house,13,,,,,,,,,,,,,,,,,,,,,,0.0,35589.0,-100.0,,"kolkhorst, lois w",-1.0,right_only,,,,klarner_fallback
TX,2014,house,14,6358.0,15193.0,-40.995777458122596,Andrew Metscher,John Raney,0.0,1.0,-1.0,True,0.0,1.0,0.0,0.0,,,,Texas official returns normalized by the Texas project,external://texas-state-house-and-state-senate-model/data/processed/elections/sos_canonical_candidate_totals_1992_2018.csv,Texas Secretary of State candidate-total exports,Texas official/canonical candidate and full-history incumbency exports,source_observed,6358.0,15193.0,-40.995777458122596,"metscher, andrew","raney, john",-1.0,both,0.0,0.0,0.0,texas_official_upstream
TX,2014,house,15,,,,,,,,,,,,,,,,,,,,,,0.0,36260.0,-100.0,,"keough, mark",0.0,right_only,,,,klarner_fallback
TX,2014,house,16,4748.0,29132.0,-71.97166469893743,"Michael Hayles, Sr.",Will Metcalf,0.0,0.0,0.0,True,0.0,1.0,0.0,0.0,,,,Texas official returns normalized by the Texas project,external://texas-state-house-and-state-senate-model/data/processed/elections/sos_canonical_candidate_totals_1992_2018.csv,Texas Secretary of State candidate-total exports,Texas official/canonical candidate and full-history incumbency exports,source_observed,4748.0,29132.0,-71.97166469893743,"hayles, michael, sr","metcalf, will",0.0,both,0.0,0.0,0.0,texas_official_upstream
TX,2014,house,17,12459.0,22737.0,-29.20218206614388,Carolyn Banks,Tim Kleinschmidt,0.0,1.0,-1.0,True,0.0,1.0,0.0,0.0,,,,Texas official returns normalized by the Texas project,external://texas-state-house-and-state-senate-model/data/processed/elections/sos_canonical_candidate_totals_1992_2018.csv,Texas Secretary of State candidate-total exports,Texas official/canonical candidate and full-history incumbency exports,source_observed,12459.0,22737.0,-29.20218206614388,"banks, carolyn","kleinschmidt, tim",-1.0,both,0.0,0.0,0.0,texas_official_upstream
TX,2014,house,18,,,,,,,,,,,,,,,,,,,,,,0.0,23808.0,-100.0,,"otto, john",-1.0,right_only,,,,klarner_fallback
TX,2014,house,19,,,,,,,,,,,,,,,,,,,,,,0.0,30543.0,-100.0,,"white, james e",-1.0,right_only,,,,klarner_fallback
TX,2014,house,20,10883.0,35110.0,-52.675407127171525,Stephen M. Wyman,Marsha Farney,0.0,1.0,-1.0,True,0.0,1.0,0.0,0.0,,,,Texas official returns normalized by the Texas project,external://texas-state-house-and-state-senate-model/data/processed/elections/sos_canonical_candidate_totals_1992_2018.csv,Texas Secretary of State candidate-total exports,Texas official/canonical candidate and full-history incumbency exports,source_observed,10883.0,35110.0,-52.675407127171525,"wyman, stephen m","farney, marsha",-1.0,both,0.0,0.0,0.0,texas_official_upstream
TX,2014,house,21,9739.0,28283.0,-48.77176371574352,Gavin Bruney,Dade Phelan,0.0,0.0,0.0,True,0.0,1.0,0.0,0.0,,,,Texas official returns normalized by the Texas project,external://texas-state-house-and-state-senate-model/data/processed/elections/sos_canonical_candidate_totals_1992_2018.csv,Texas Secretary of State candidate-total exports,Texas official/canonical candidate and full-history incumbency exports,source_observed,9739.0,28283.0,-48.77176371574352,"bruney, gavin","phelan, dade",0.0,both,0.0,0.0,0.0,texas_official_upstream
TX,2014,house,22,,,,,,,,,,,,,,,,,,,,,,24203.0,0.0,100.0,"deshotel, joseph (joe)",,1.0,right_only,,,,klarner_fallback
TX,2014,house,23,14763.0,17784.0,-9.281961471103328,Susan Criss,Wayne Faircloth,0.0,0.0,0.0,True,0.0,1.0,0.0,0.0,,,,Texas official returns normalized by the Texas project,external://texas-state-house-and-state-senate-model/data/processed/elections/sos_canonical_candidate_totals_1992_2018.csv,Texas Secretary of State candidate-total exports,Texas official/canonical candidate and full-history incumbency exports,source_observed,14763.0,17784.0,-9.281961471103328,"criss, susan","faircloth, wayne",0.0,both,0.0,0.0,0.0,texas_official_upstream
TX,2014,house,24,,,,,,,,,,,,,,,,,,,,,,0.0,31757.0,-100.0,,"bonnen, greg",-1.0,right_only,,,,klarner_fallback
TX,2014,house,25,,,,,,,,,,,,,,,,,,,,,,0.0,25927.0,-100.0,,"bonnen, dennis",-1.0,right_only,,,,klarner_fallback
TX,2014,house,26,11080.0,25458.0,-39.35081285237287,Amber C. Paaso,"D.F. ""Rick"" Miller",0.0,1.0,-1.0,True,0.0,1.0,0.0,0.0,,,,Texas official returns normalized by the Texas project,external://texas-state-house-and-state-senate-model/data/processed/elections/sos_canonical_candidate_totals_1992_2018.csv,Texas Secretary of State candidate-total exports,Texas official/canonical candidate and full-history incumbency exports,source_observed,11080.0,25458.0,-39.35081285237287,"paaso, amber c","miller, rick f (rick)",-1.0,both,0.0,0.0,0.0,texas_official_upstream
TX,2014,house,27,24326.0,11990.0,33.968498733340674,Ron Reynolds,David Hamilton,1.0,0.0,1.0,True,1.0,0.0,0.0,0.0,,,,Texas official returns normalized by the Texas project,external://texas-state-house-and-state-senate-model/data/processed/elections/sos_canonical_candidate_totals_1992_2018.csv,Texas Secretary of State candidate-total exports,Texas official/canonical candidate and full-history incumbency exports,source_observed,24326.0,11990.0,33.968498733340674,"reynolds, ronald (ron)","hamilton, david",1.0,both,0.0,0.0,0.0,texas_official_upstream
TX,2014,house,28,,,,,,,,,,,,,,,,,,,,,,0.0,30122.0,-100.0,,"zerwas, john",-1.0,right_only,,,,klarner_fallback
TX,2014,house,29,,,,,,,,,,,,,,,,,,,,,,0.0,25777.0,-100.0,,"thompson, ed",-1.0,right_only,,,,klarner_fallback
TX,2014,house,30,,,,,,,,,,,,,,,,,,,,,,0.0,28224.0,-100.0,,"morrison, geanie w",-1.0,right_only,,,,klarner_fallback
TX,2014,house,31,,,,,,,,,,,,,,,,,,,,,,16396.0,0.0,100.0,"guillen, ryan",,1.0,right_only,,,,klarner_fallback
TX,2014,house,32,,,,,,,,,,,,,,,,,,,,,,0.0,23348.0,-100.0,,"hunter, todd a",-1.0,right_only,,,,klarner_fallback
TX,2014,house,33,,,,,,,,,,,,,,,,,,,,,,0.0,32013.0,-100.0,,"turner, scott",-1.0,right_only,,,,klarner_fallback
TX,2014,house,34,,,,,,,,,,,,,,,,,,,,,,16241.0,0.0,100.0,"herrero, abel",,1.0,right_only,,,,klarner_fallback
TX,2014,house,35,,,,,,,,,,,,,,,,,,,,,,11431.0,0.0,100.0,"longoria, oscar",,1.0,right_only,,,,klarner_fallback
TX,2014,house,36,,,,,,,,,,,,,,,,,,,,,,12055.0,0.0,100.0,"munoz, sergio, jr 2",,1.0,right_only,,,,klarner_fallback
TX,2014,house,37,,,,,,,,,,,,,,,,,,,,,,10504.0,0.0,100.0,"oliveira, rene o",,1.0,right_only,,,,klarner_fallback
TX,2014,house,38,,,,,,,,,,,,,,,,,,,,,,11718.0,0.0,100.0,"lucio, eddie, iii 2",,1.0,right_only,,,,klarner_fallback
TX,2014,house,39,,,,,,,,,,,,,,,,,,,,,,14409.0,0.0,100.0,"martinez, armando m (mando)",,1.0,right_only,,,,klarner_fallback
TX,2014,house,40,,,,,,,,,,,,,,,,,,,,,,11998.0,0.0,100.0,"canales, terry 2",,1.0,right_only,,,,klarner_fallback
TX,2014,house,41,11532.0,8539.0,14.912062179263614,Bobby Guerra,Elijah Israel Casas,1.0,0.0,1.0,True,1.0,0.0,0.0,0.0,,,,Texas official returns normalized by the Texas project,external://texas-state-house-and-state-senate-model/data/processed/elections/sos_canonical_candidate_totals_1992_2018.csv,Texas Secretary of State candidate-total exports,Texas official/canonical candidate and full-history incumbency exports,source_observed,11532.0,8539.0,14.912062179263614,"guerra, robert (bobby)","casas, elijah i",1.0,both,0.0,0.0,0.0,texas_official_upstream
TX,2014,house,42,,,,,,,,,,,,,,,,,,,,,,16103.0,0.0,100.0,"penaraymond, richard p",,1.0,right_only,,,,klarner_fallback
TX,2014,house,43,10869.0,17294.0,-22.813620708021162,Kim Gonzalez,J.M. Lozano,0.0,1.0,-1.0,True,0.0,1.0,0.0,0.0,,,,Texas official returns normalized by the Texas project,external://texas-state-house-and-state-senate-model/data/processed/elections/sos_canonical_candidate_totals_1992_2018.csv,Texas Secretary of State candidate-total exports,Texas official/canonical candidate and full-history incumbency exports,source_observed,10869.0,17294.0,-22.813620708021162,"gonzalez, kim","lozano, jm m 1",-1.0,both,0.0,0.0,0.0,texas_official_upstream
TX,2014,house,44,9821.0,30558.0,-51.355902820773174,Robert M. Bohmfalk,John Kuempel,0.0,1.0,-1.0,True,0.0,1.0,0.0,0.0,,,,Texas official returns normalized by the Texas project,external://texas-state-house-and-state-senate-model/data/processed/elections/sos_canonical_candidate_totals_1992_2018.csv,Texas Secretary of State candidate-total exports,Texas official/canonical candidate and full-history incumbency exports,source_observed,9821.0,30558.0,-51.355902820773174,"bohmfalk, robert m","kuempel, john",-1.0,both,0.0,0.0,0.0,texas_official_upstream
TX,2014,house,45,,,,,,,,,,,,,,,,,,,,,,0.0,25739.0,-100.0,,"isaac, jason a",-1.0,right_only,,,,klarner_fallback
TX,2014,house,46,,,,,,,,,,,,,,,,,,,,,,23959.0,0.0,100.0,"dukes, dawnna m",,1.0,right_only,,,,klarner_fallback
TX,2014,house,47,,,,,,,,,,,,,,,,,,,,,,0.0,37455.0,-100.0,,"workman, paul d",-1.0,right_only,,,,klarner_fallback
TX,2014,house,48,,,,,,,,,,,,,,,,,,,,,,39668.0,0.0,100.0,"howard, donna",,1.0,right_only,,,,klarner_fallback
TX,2014,house,49,,,,,,,,,,,,,,,,,,,,,,38548.0,0.0,100.0,"naishtat, elliott",,1.0,right_only,,,,klarner_fallback
TX,2014,house,50,22690.0,14359.0,22.486436880887474,Celia Israel,Mike VanDeWalle,1.0,0.0,1.0,True,1.0,0.0,0.0,0.0,,,,Texas official returns normalized by the Texas project,external://texas-state-house-and-state-senate-model/data/processed/elections/sos_canonical_candidate_totals_1992_2018.csv,Texas Secretary of State candidate-total exports,Texas official/canonical candidate and full-history incumbency exports,source_observed,22690.0,14359.0,22.486436880887474,"israel, celia","vandewalle, mike",0.0,both,0.0,0.0,0.0,texas_official_upstream
TX,2014,house,51,,,,,,,,,,,,,,,,,,,,,,21467.0,0.0,100.0,"rodriguez, eddie",,1.0,right_only,,,,klarner_fallback
TX,2014,house,52,12452.0,18235.0,-18.84511356600515,Chris Osborn,Larry Gonzales,0.0,1.0,-1.0,True,0.0,1.0,0.0,0.0,,,,Texas official returns normalized by the Texas project,external://texas-state-house-and-state-senate-model/data/processed/elections/sos_canonical_candidate_totals_1992_2018.csv,Texas Secretary of State candidate-total exports,Texas official/canonical candidate and full-history incumbency exports,source_observed,12452.0,18235.0,-18.84511356600515,"osborn, chris","gonzales, larry",-1.0,both,0.0,0.0,0.0,texas_official_upstream
TX,2014,house,53,,,,,,,,,,,,,,,,,,,,,,0.0,36878.0,-100.0,,"murr, andrew s",0.0,right_only,,,,klarner_fallback
TX,2014,house,54,,,,,,,,,,,,,,,,,,,,,,0.0,17190.0,-100.0,,"aycock, jimmie d",-1.0,right_only,,,,klarner_fallback
TX,2014,house,55,,,,,,,,,,,,,,,,,,,,,,0.0,18278.0,-100.0,,"white, molly s",0.0,right_only,,,,klarner_fallback
TX,2014,house,56,,,,,,,,,,,,,,,,,,,,,,0.0,25654.0,-100.0,,"anderson, charles (doc)",-1.0,right_only,,,,klarner_fallback
TX,2014,house,57,,,,,,,,,,,,,,,,,,,,,,0.0,28174.0,-100.0,,"ashby, trent",-1.0,right_only,,,,klarner_fallback
TX,2014,house,58,6532.0,26866.0,-60.883885262590574,Greg A. Kauffman,DeWayne Burns,0.0,0.0,0.0,True,0.0,1.0,0.0,0.0,,,,Texas official returns normalized by the Texas project,external://texas-state-house-and-state-senate-model/data/processed/elections/sos_canonical_candidate_totals_1992_2018.csv,Texas Secretary of State candidate-total exports,Texas official/canonical candidate and full-history incumbency exports,source_observed,6532.0,26866.0,-60.883885262590574,"kauffman, greg a","burns, dewayne",0.0,both,0.0,0.0,0.0,texas_official_upstream
TX,2014,house,59,,,,,,,,,,,,,,,,,,,,,,0.0,22586.0,-100.0,,"sheffield, jd d",-1.0,right_only,,,,klarner_fallback
TX,2014,house,60,,,,,,,,,,,,,,,,,,,,,,0.0,33878.0,-100.0,,"keffer, james l (jim)",-1.0,right_only,,,,klarner_fallback
TX,2014,house,61,7458.0,36504.0,-66.07069742049953,Matthew Britt,Phil King,0.0,1.0,-1.0,True,0.0,1.0,0.0,0.0,,,,Texas official returns normalized by the Texas project,external://texas-state-house-and-state-senate-model/data/processed/elections/sos_canonical_candidate_totals_1992_2018.csv,Texas Secretary of State candidate-total exports,Texas official/canonical candidate and full-history incumbency exports,source_observed,7458.0,36504.0,-66.07069742049953,"britt, matthew","king, phil",-1.0,both,0.0,0.0,0.0,texas_official_upstream
TX,2014,house,62,,,,,,,,,,,,,,,,,,,,,,0.0,24501.0,-100.0,,"phillips, larry",-1.0,right_only,,,,klarner_fallback
TX,2014,house,63,9026.0,30809.0,-54.68306765407305,Daniel Moran,Tan Parker,0.0,1.0,-1.0,True,0.0,1.0,0.0,0.0,,,,Texas official returns normalized by the Texas project,external://texas-state-house-and-state-senate-model/data/processed/elections/sos_canonical_candidate_totals_1992_2018.csv,Texas Secretary of State candidate-total exports,Texas official/canonical candidate and full-history incumbency exports,source_observed,9026.0,30809.0,-54.68306765407305,"moran, daniel","parker, tan",-1.0,both,0.0,0.0,0.0,texas_official_upstream
TX,2014,house,64,12611.0,23674.0,-30.489182857930274,Emy Lyons,Myra Crownover,0.0,1.0,-1.0,True,0.0,1.0,0.0,0.0,,,,Texas official returns normalized by the Texas project,external://texas-state-house-and-state-senate-model/data/processed/elections/sos_canonical_candidate_totals_1992_2018.csv,Texas Secretary of State candidate-total exports,Texas official/canonical candidate and full-history incumbency exports,source_observed,12611.0,23674.0,-30.489182857930274,"lyons, emy","crownover, myra",-1.0,both,0.0,0.0,0.0,texas_official_upstream
TX,2014,house,65,10440.0,18812.0,-28.62026528100643,Alex Mendoza,Ron Simmons,0.0,1.0,-1.0,True,0.0,1.0,0.0,0.0,,,,Texas official returns normalized by the Texas project,external://texas-state-house-and-state-senate-model/data/processed/elections/sos_canonical_candidate_totals_1992_2018.csv,Texas Secretary of State candidate-total exports,Texas official/canonical candidate and full-history incumbency exports,source_observed,10440.0,18812.0,-28.62026528100643,"mendoza, alex","simmons, ron",-1.0,both,0.0,0.0,0.0,texas_official_upstream
TX,2014,house,66,,,,,,,,,,,,,,,,,,,,,,0.0,24751.0,-100.0,,"shaheen, matt",0.0,right_only,,,,klarner_fallback
TX,2014,house,67,,,,,,,,,,,,,,,,,,,,,,0.0,25432.0,-100.0,,"leach, jeff",-1.0,right_only,,,,klarner_fallback
TX,2014,house,68,,,,,,,,,,,,,,,,,,,,,,0.0,30979.0,-100.0,,"springer, drew",-1.0,right_only,,,,klarner_fallback
TX,2014,house,69,,,,,,,,,,,,,,,,,,,,,,0.0,22822.0,-100.0,,"frank, james b",-1.0,right_only,,,,klarner_fallback
TX,2014,house,70,,,,,,,,,,,,,,,,,,,,,,0.0,29534.0,-100.0,,"sanford, scott",-1.0,right_only,,,,klarner_fallback
TX,2014,house,71,,,,,,,,,,,,,,,,,,,,,,0.0,22950.0,-100.0,,"king, susan l",-1.0,right_only,,,,klarner_fallback
TX,2014,house,72,,,,,,,,,,,,,,,,,,,,,,0.0,24364.0,-100.0,,"darby, drew",-1.0,right_only,,,,klarner_fallback
TX,2014,house,73,,,,,,,,,,,,,,,,,,,,,,0.0,46194.0,-100.0,,"miller, doug",-1.0,right_only,,,,klarner_fallback
TX,2014,house,74,,,,,,,,,,,,,,,,,,,,,,15968.0,0.0,100.0,"nevarez, poncho",,1.0,right_only,,,,klarner_fallback
TX,2014,house,75,,,,,,,,,,,,,,,,,,,,,,8453.0,0.0,100.0,"gonzalez, mary e",,1.0,right_only,,,,klarner_fallback
TX,2014,house,76,,,,,,,,,,,,,,,,,,,,,,11923.0,0.0,100.0,"blanco, cesar j",,0.0,right_only,,,,klarner_fallback
TX,2014,house,77,,,,,,,,,,,,,,,,,,,,,,11324.0,0.0,100.0,"marquez, marisa",,1.0,right_only,,,,klarner_fallback
TX,2014,house,78,,,,,,,,,,,,,,,,,,,,,,12880.0,0.0,100.0,"moody, joseph e 2",,1.0,right_only,,,,klarner_fallback
TX,2014,house,79,,,,,,,,,,,,,,,,,,,,,,12001.0,0.0,100.0,"pickett, joseph c (joe)",,1.0,right_only,,,,klarner_fallback
TX,2014,house,80,,,,,,,,,,,,,,,,,,,,,,14981.0,0.0,100.0,"king, tracy o",,1.0,right_only,,,,klarner_fallback
TX,2014,house,81,,,,,,,,,,,,,,,,,,,,,,0.0,17006.0,-100.0,,"landgraf, brooks",0.0,right_only,,,,klarner_fallback
TX,2014,house,82,,,,,,,,,,,,,,,,,,,,,,0.0,24262.0,-100.0,,"craddick, tom",-1.0,right_only,,,,klarner_fallback
TX,2014,house,83,6231.0,26950.0,-62.442361592477624,Max R. Tarbox,Dustin Burrows,0.0,0.0,0.0,True,0.0,1.0,0.0,0.0,,,,Texas official returns normalized by the Texas project,external://texas-state-house-and-state-senate-model/data/processed/elections/sos_canonical_candidate_totals_1992_2018.csv,Texas Secretary of State candidate-total exports,Texas official/canonical candidate and full-history incumbency exports,source_observed,6231.0,26950.0,-62.442361592477624,"tarbox, max r","burrows, dustin",0.0,both,0.0,0.0,0.0,texas_official_upstream
TX,2014,house,84,6347.0,16913.0,-45.425623387790196,Ed Tishler,John Frullo,0.0,1.0,-1.0,True,0.0,1.0,0.0,0.0,,,,Texas official returns normalized by the Texas project,external://texas-state-house-and-state-senate-model/data/processed/elections/sos_canonical_candidate_totals_1992_2018.csv,Texas Secretary of State candidate-total exports,Texas official/canonical candidate and full-history incumbency exports,source_observed,6347.0,16913.0,-45.425623387790196,"tishler, ed","frullo, john",-1.0,both,0.0,0.0,0.0,texas_official_upstream
TX,2014,house,85,9630.0,19215.0,-33.229329173166924,Cynthia Drabek,Phil Stephenson,0.0,1.0,-1.0,True,0.0,1.0,0.0,0.0,,,,Texas official returns normalized by the Texas project,external://texas-state-house-and-state-senate-model/data/processed/elections/sos_canonical_candidate_totals_1992_2018.csv,Texas Secretary of State candidate-total exports,Texas official/canonical candidate and full-history incumbency exports,source_observed,9630.0,19215.0,-33.229329173166924,"drabek, cynthia","stephenson, phil",-1.0,both,0.0,0.0,0.0,texas_official_upstream
TX,2014,house,86,,,,,,,,,,,,,,,,,,,,,,0.0,31589.0,-100.0,,"smithee, john",-1.0,right_only,,,,klarner_fallback
TX,2014,house,87,3664.0,19714.0,-68.65429035845666,Abel Bosquez,Four Price,0.0,1.0,-1.0,True,0.0,1.0,0.0,0.0,,,,Texas official returns normalized by the Texas project,external://texas-state-house-and-state-senate-model/data/processed/elections/sos_canonical_candidate_totals_1992_2018.csv,Texas Secretary of State candidate-total exports,Texas official/canonical candidate and full-history incumbency exports,source_observed,3664.0,19714.0,-68.65429035845666,"bosquez, abel g","price, four",-1.0,both,0.0,0.0,0.0,texas_official_upstream
TX,2014,house,88,,,,,,,,,,,,,,,,,,,,,,0.0,22578.0,-100.0,,"king, ken",-1.0,right_only,,,,klarner_fallback
TX,2014,house,89,11154.0,28135.0,-43.22074881009952,Sameena Karmally,Jodie Laubenberg,0.0,1.0,-1.0,True,0.0,1.0,0.0,0.0,,,,Texas official returns normalized by the Texas project,external://texas-state-house-and-state-senate-model/data/processed/elections/sos_canonical_candidate_totals_1992_2018.csv,Texas Secretary of State candidate-total exports,Texas official/canonical candidate and full-history incumbency exports,source_observed,11154.0,28135.0,-43.22074881009952,"karmally, sameena","laubenberg, jodie",-1.0,both,0.0,0.0,0.0,texas_official_upstream
TX,2014,house,90,,,,,,,,,,,,,,,,,,,,,,9909.0,0.0,100.0,"romero, ramon, jr",,0.0,right_only,,,,klarner_fallback
TX,2014,house,91,9349.0,22802.0,-41.84317750614289,David L. Ragan,Stephanie Klick,0.0,1.0,-1.0,True,0.0,1.0,0.0,0.0,,,,Texas official returns normalized by the Texas project,external://texas-state-house-and-state-senate-model/data/processed/elections/sos_canonical_candidate_totals_1992_2018.csv,Texas Secretary of State candidate-total exports,Texas official/canonical candidate and full-history incumbency exports,source_observed,9349.0,22802.0,-41.84317750614289,"ragan, david l","klick, stephanie",-1.0,both,0.0,0.0,0.0,texas_official_upstream
TX,2014,house,92,12567.0,21976.0,-27.23851431549084,Tina Penney,Jonathan Stickland,0.0,1.0,-1.0,True,0.0,1.0,0.0,0.0,,,,Texas official returns normalized by the Texas project,external://texas-state-house-and-state-senate-model/data/processed/elections/sos_canonical_candidate_totals_1992_2018.csv,Texas Secretary of State candidate-total exports,Texas official/canonical candidate and full-history incumbency exports,source_observed,12567.0,21976.0,-27.23851431549084,"penney, tina","stickland, jonathan",-1.0,both,0.0,0.0,0.0,texas_official_upstream
TX,2014,house,93,,,,,,,,,,,,,,,,,,,,,,0.0,20433.0,-100.0,,"krause, matt",-1.0,right_only,,,,klarner_fallback
TX,2014,house,94,16481.0,23046.0,-16.608900245401877,Cole Ballweg,Tony Tinderholt,0.0,0.0,0.0,True,0.0,1.0,0.0,0.0,,,,Texas official returns normalized by the Texas project,external://texas-state-house-and-state-senate-model/data/processed/elections/sos_canonical_candidate_totals_1992_2018.csv,Texas Secretary of State candidate-total exports,Texas official/canonical candidate and full-history incumbency exports,source_observed,16481.0,23046.0,-16.608900245401877,"ballweg, cole","tinderholt, tony",0.0,both,0.0,0.0,0.0,texas_official_upstream
TX,2014,house,95,21908.0,7002.0,51.56001383604289,Nicole Collier,Albert G. McDaniel,1.0,0.0,1.0,True,1.0,0.0,0.0,0.0,,,,Texas official returns normalized by the Texas project,external://texas-state-house-and-state-senate-model/data/processed/elections/sos_canonical_candidate_totals_1992_2018.csv,Texas Secretary of State candidate-total exports,Texas official/canonical candidate and full-history incumbency exports,source_observed,21908.0,7002.0,51.56001383604289,"collier, nicole","mcdaniel, albert g",1.0,both,0.0,0.0,0.0,texas_official_upstream
TX,2014,house,96,,,,,,,,,,,,,,,,,,,,,,0.0,22822.0,-100.0,,"zedler, bill",-1.0,right_only,,,,klarner_fallback
TX,2014,house,97,,,,,,,,,,,,,,,,,,,,,,0.0,27977.0,-100.0,,"goldman, craig",-1.0,right_only,,,,klarner_fallback
TX,2014,house,98,,,,,,,,,,,,,,,,,,,,,,0.0,39407.0,-100.0,,"capriglione, giovanni",-1.0,right_only,,,,klarner_fallback
TX,2014,house,99,,,,,,,,,,,,,,,,,,,,,,0.0,26144.0,-100.0,,"geren, charlie",-1.0,right_only,,,,klarner_fallback
TX,2014,house,100,,,,,,,,,,,,,,,,,,,,,,17209.0,0.0,100.0,"johnson, eric",,1.0,right_only,,,,klarner_fallback
TX,2014,house,101,,,,,,,,,,,,,,,,,,,,,,14926.0,0.0,100.0,"turner, chris",,1.0,right_only,,,,klarner_fallback
TX,2014,house,102,12243.0,20394.0,-24.974721941354904,George M. Clayton,Linda Koop,0.0,0.0,0.0,True,0.0,1.0,0.0,0.0,,,,Texas official returns normalized by the Texas project,external://texas-state-house-and-state-senate-model/data/processed/elections/sos_canonical_candidate_totals_1992_2018.csv,Texas Secretary of State candidate-total exports,Texas official/canonical candidate and full-history incumbency exports,source_observed,12243.0,20394.0,-24.974721941354904,"clayton, george m","koop, linda",0.0,both,0.0,0.0,0.0,texas_official_upstream
TX,2014,house,103,,,,,,,,,,,,,,,,,,,,,,12190.0,0.0,100.0,"anchia, rafael m",,1.0,right_only,,,,klarner_fallback
TX,2014,house,104,,,,,,,,,,,,,,,,,,,,,,9765.0,0.0,100.0,"alonzo, roberto r",,1.0,right_only,,,,klarner_fallback
TX,2014,house,105,10478.0,13600.0,-12.966193205415733,Susan Motley,Rodney Anderson,0.0,0.0,0.0,True,0.0,1.0,0.0,0.0,,,,Texas official returns normalized by the Texas project,external://texas-state-house-and-state-senate-model/data/processed/elections/sos_canonical_candidate_totals_1992_2018.csv,Texas Secretary of State candidate-total exports,Texas official/canonical candidate and full-history incumbency exports,source_observed,10478.0,13600.0,-12.966193205415733,"motley, susan","anderson, rodney e",0.0,both,0.0,0.0,0.0,texas_official_upstream
TX,2014,house,106,9614.0,24419.0,-43.501895219345926,Lisa Osterholt,Pat Fallon,0.0,1.0,-1.0,True,0.0,1.0,0.0,0.0,,,,Texas official returns normalized by the Texas project,external://texas-state-house-and-state-senate-model/data/processed/elections/sos_canonical_candidate_totals_1992_2018.csv,Texas Secretary of State candidate-total exports,Texas official/canonical candidate and full-history incumbency exports,source_observed,9614.0,24419.0,-43.501895219345926,"osterholt, lisa","fallon, pat",-1.0,both,0.0,0.0,0.0,texas_official_upstream
TX,2014,house,107,13807.0,16891.0,-10.046257085152128,Carol Donovan,Kenneth Sheets,0.0,1.0,-1.0,True,0.0,1.0,0.0,0.0,,,,Texas official returns normalized by the Texas project,external://texas-state-house-and-state-senate-model/data/processed/elections/sos_canonical_candidate_totals_1992_2018.csv,Texas Secretary of State candidate-total exports,Texas official/canonical candidate and full-history incumbency exports,source_observed,13807.0,16891.0,-10.046257085152128,"donovan, carol","sheets, kenneth",-1.0,both,0.0,0.0,0.0,texas_official_upstream
TX,2014,house,108,16182.0,24973.0,-21.360709512817397,Leigh Bailey,Morgan Meyer,0.0,0.0,0.0,True,0.0,1.0,0.0,0.0,,,,Texas official returns normalized by the Texas project,external://texas-state-house-and-state-senate-model/data/processed/elections/sos_canonical_candidate_totals_1992_2018.csv,Texas Secretary of State candidate-total exports,Texas official/canonical candidate and full-history incumbency exports,source_observed,16182.0,24973.0,-21.360709512817397,"bailey, leigh","meyer, morgan",0.0,both,0.0,0.0,0.0,texas_official_upstream
TX,2014,house,109,,,,,,,,,,,,,,,,,,,,,,31504.0,0.0,100.0,"giddings, helen",,1.0,right_only,,,,klarner_fallback
TX,2014,house,110,,,,,,,,,,,,,,,,,,,,,,15505.0,0.0,100.0,"rose, toni",,1.0,right_only,,,,klarner_fallback
TX,2014,house,111,,,,,,,,,,,,,,,,,,,,,,26681.0,0.0,100.0,"davis, yvonne",,1.0,right_only,,,,klarner_fallback
TX,2014,house,112,,,,,,,,,,,,,,,,,,,,,,0.0,19131.0,-100.0,,"chenbutton, angie c",-1.0,right_only,,,,klarner_fallback
TX,2014,house,113,12047.0,17644.0,-18.850830217911152,Milton Whitley,Cindy Burkett,0.0,1.0,-1.0,True,0.0,1.0,0.0,0.0,,,,Texas official returns normalized by the Texas project,external://texas-state-house-and-state-senate-model/data/processed/elections/sos_canonical_candidate_totals_1992_2018.csv,Texas Secretary of State candidate-total exports,Texas official/canonical candidate and full-history incumbency exports,source_observed,12047.0,17644.0,-18.850830217911152,"whitley, milton","burkett, cindy",-1.0,both,0.0,0.0,0.0,texas_official_upstream
TX,2014,house,114,,,,,,,,,,,,,,,,,,,,,,0.0,25334.0,-100.0,,"villalba, jason",-1.0,right_only,,,,klarner_fallback
TX,2014,house,115,11767.0,16999.0,-18.18813877494264,Paul K. Stafford,Matt Rinaldi,0.0,0.0,0.0,True,0.0,1.0,0.0,0.0,,,,Texas official returns normalized by the Texas project,external://texas-state-house-and-state-senate-model/data/processed/elections/sos_canonical_candidate_totals_1992_2018.csv,Texas Secretary of State candidate-total exports,Texas official/canonical candidate and full-history incumbency exports,source_observed,11767.0,16999.0,-18.18813877494264,"stafford, paul k","rinaldi, matt",0.0,both,0.0,0.0,0.0,texas_official_upstream
TX,2014,house,116,,,,,,,,,,,,,,,,,,,,,,16639.0,0.0,100.0,"martinezfischer, trey",,1.0,right_only,,,,klarner_fallback
TX,2014,house,117,11521.0,12835.0,-5.394974544260141,Philip Cortez,Rick Galindo,1.0,0.0,1.0,True,0.0,1.0,0.0,0.0,,,,Texas official returns normalized by the Texas project,external://texas-state-house-and-state-senate-model/data/processed/elections/sos_canonical_candidate_totals_1992_2018.csv,Texas Secretary of State candidate-total exports,Texas official/canonical candidate and full-history incumbency exports,source_observed,11521.0,12835.0,-5.394974544260141,"cortez, philip","galindo, rick",1.0,both,0.0,0.0,0.0,texas_official_upstream
TX,2014,house,118,,,,,,,,,,,,,,,,,,,,,,14531.0,0.0,100.0,"farias, joe",,1.0,right_only,,,,klarner_fallback
TX,2014,house,119,,,,,,,,,,,,,,,,,,,,,,15361.0,0.0,100.0,"gutierrez, rolando",,1.0,right_only,,,,klarner_fallback
TX,2014,house,120,,,,,,,,,,,,,,,,,,,,,,16892.0,0.0,100.0,"mcclendon, ruth j",,1.0,right_only,,,,klarner_fallback
TX,2014,house,121,,,,,,,,,,,,,,,,,,,,,,0.0,33845.0,-100.0,,"straus, joe",-1.0,right_only,,,,klarner_fallback
TX,2014,house,122,,,,,,,,,,,,,,,,,,,,,,0.0,42473.0,-100.0,,"larson, lyle",-1.0,right_only,,,,klarner_fallback
TX,2014,house,123,,,,,,,,,,,,,,,,,,,,,,20178.0,0.0,100.0,"villarreal, mike",,1.0,right_only,,,,klarner_fallback
TX,2014,house,124,,,,,,,,,,,,,,,,,,,,,,16236.0,0.0,100.0,"menendez, jose",,1.0,right_only,,,,klarner_fallback
TX,2014,house,125,,,,,,,,,,,,,,,,,,,,,,17143.0,0.0,100.0,"rodriguez, justin",,1.0,right_only,,,,klarner_fallback
TX,2014,house,126,,,,,,,,,,,,,,,,,,,,,,0.0,23899.0,-100.0,,"harless, patricia",-1.0,right_only,,,,klarner_fallback
TX,2014,house,127,,,,,,,,,,,,,,,,,,,,,,0.0,31214.0,-100.0,,"huberty, dan",-1.0,right_only,,,,klarner_fallback
TX,2014,house,128,,,,,,,,,,,,,,,,,,,,,,0.0,23887.0,-100.0,,"smith, wayne",-1.0,right_only,,,,klarner_fallback
TX,2014,house,129,12540.0,26415.0,-35.61802079322295,John Gay,Dennis Paul,0.0,0.0,0.0,True,0.0,1.0,0.0,0.0,,,,Texas official returns normalized by the Texas project,external://texas-state-house-and-state-senate-model/data/processed/elections/sos_canonical_candidate_totals_1992_2018.csv,Texas Secretary of State candidate-total exports,Texas official/canonical candidate and full-history incumbency exports,source_observed,12540.0,26415.0,-35.61802079322295,"gay, john","paul, dennis",0.0,both,0.0,0.0,0.0,texas_official_upstream
TX,2014,house,130,,,,,,,,,,,,,,,,,,,,,,0.0,34489.0,-100.0,,"fletcher, allen",-1.0,right_only,,,,klarner_fallback
TX,2014,house,131,,,,,,,,,,,,,,,,,,,,,,20408.0,0.0,100.0,"allen, alma a",,1.0,right_only,,,,klarner_fallback
TX,2014,house,132,10523.0,20535.0,-32.23646081524889,Luis Lopez,Mike Schofield,0.0,0.0,0.0,True,0.0,1.0,0.0,0.0,,,,Texas official returns normalized by the Texas project,external://texas-state-house-and-state-senate-model/data/processed/elections/sos_canonical_candidate_totals_1992_2018.csv,Texas Secretary of State candidate-total exports,Texas official/canonical candidate and full-history incumbency exports,source_observed,10523.0,20535.0,-32.23646081524889,"lopez, luis","schofield, mike",0.0,both,0.0,0.0,0.0,texas_official_upstream
TX,2014,house,133,11754.0,34530.0,-49.209229971480426,Laura Nicol,Jim Murphy,0.0,1.0,-1.0,True,0.0,1.0,0.0,0.0,,,,Texas official returns normalized by the Texas project,external://texas-state-house-and-state-senate-model/data/processed/elections/sos_canonical_candidate_totals_1992_2018.csv,Texas Secretary of State candidate-total exports,Texas official/canonical candidate and full-history incumbency exports,source_observed,11754.0,34530.0,-49.209229971480426,"nicol, laura","murphy, jim",-1.0,both,0.0,0.0,0.0,texas_official_upstream
TX,2014,house,134,20364.0,32092.0,-22.35778557267043,Alison Ruff,Sarah Davis,0.0,1.0,-1.0,True,0.0,1.0,0.0,0.0,,,,Texas official returns normalized by the Texas project,external://texas-state-house-and-state-senate-model/data/processed/elections/sos_canonical_candidate_totals_1992_2018.csv,Texas Secretary of State candidate-total exports,Texas official/canonical candidate and full-history incumbency exports,source_observed,20364.0,32092.0,-22.35778557267043,"ruff, alison","davis, sarah",-1.0,both,0.0,0.0,0.0,texas_official_upstream
TX,2014,house,135,10175.0,19630.0,-31.722865291058547,Moiz Abbas,Gary Elkins,0.0,1.0,-1.0,True,0.0,1.0,0.0,0.0,,,,Texas official returns normalized by the Texas project,external://texas-state-house-and-state-senate-model/data/processed/elections/sos_canonical_candidate_totals_1992_2018.csv,Texas Secretary of State candidate-total exports,Texas official/canonical candidate and full-history incumbency exports,source_observed,10175.0,19630.0,-31.722865291058547,"abbas, moiz","elkins, gary",-1.0,both,0.0,0.0,0.0,texas_official_upstream
TX,2014,house,136,15821.0,20862.0,-13.742060354932804,"John H. Bucy, III",Tony Dale,0.0,1.0,-1.0,True,0.0,1.0,0.0,0.0,,,,Texas official returns normalized by the Texas project,external://texas-state-house-and-state-senate-model/data/processed/elections/sos_canonical_candidate_totals_1992_2018.csv,Texas Secretary of State candidate-total exports,Texas official/canonical candidate and full-history incumbency exports,source_observed,15821.0,20862.0,-13.742060354932804,"bucy, john h, iii","dale, anthony",-1.0,both,0.0,0.0,0.0,texas_official_upstream
TX,2014,house,137,7155.0,5211.0,15.720524017467248,Gene Wu,Morad H. Fiki,1.0,0.0,1.0,True,1.0,0.0,0.0,0.0,,,,Texas official returns normalized by the Texas project,external://texas-state-house-and-state-senate-model/data/processed/elections/sos_canonical_candidate_totals_1992_2018.csv,Texas Secretary of State candidate-total exports,Texas official/canonical candidate and full-history incumbency exports,source_observed,7155.0,5211.0,15.720524017467248,"wu, gene","fiki, morad h",1.0,both,0.0,0.0,0.0,texas_official_upstream
TX,2014,house,138,8766.0,17622.0,-33.560709413369715,Fred R. Vernon,Dwayne Bohac,0.0,1.0,-1.0,True,0.0,1.0,0.0,0.0,,,,Texas official returns normalized by the Texas project,external://texas-state-house-and-state-senate-model/data/processed/elections/sos_canonical_candidate_totals_1992_2018.csv,Texas Secretary of State candidate-total exports,Texas official/canonical candidate and full-history incumbency exports,source_observed,8766.0,17622.0,-33.560709413369715,"vernon, fred r","bohac, dwayne",-1.0,both,0.0,0.0,0.0,texas_official_upstream
TX,2014,house,139,,,,,,,,,,,,,,,,,,,,,,21802.0,0.0,100.0,"turner, sylvester",,1.0,right_only,,,,klarner_fallback
TX,2014,house,140,,,,,,,,,,,,,,,,,,,,,,8125.0,0.0,100.0,"luciowalle, armando l",,1.0,right_only,,,,klarner_fallback
TX,2014,house,141,,,,,,,,,,,,,,,,,,,,,,16162.0,0.0,100.0,"thompson, senfronia 1",,1.0,right_only,,,,klarner_fallback
TX,2014,house,142,,,,,,,,,,,,,,,,,,,,,,17602.0,0.0,100.0,"dutton, harold v, jr",,1.0,right_only,,,,klarner_fallback
TX,2014,house,143,,,,,,,,,,,,,,,,,,,,,,10610.0,0.0,100.0,"hernandez, ana l",,1.0,right_only,,,,klarner_fallback
TX,2014,house,144,5863.0,6015.0,-1.279676713251389,Mary Ann Perez,Gilbert Pena,1.0,0.0,1.0,True,0.0,1.0,0.0,0.0,,,,Texas official returns normalized by the Texas project,external://texas-state-house-and-state-senate-model/data/processed/elections/sos_canonical_candidate_totals_1992_2018.csv,Texas Secretary of State candidate-total exports,Texas official/canonical candidate and full-history incumbency exports,source_observed,5863.0,6015.0,-1.279676713251389,"perez, mary a","pena, gilbert",1.0,both,0.0,0.0,0.0,texas_official_upstream
TX,2014,house,145,,,,,,,,,,,,,,,,,,,,,,10255.0,0.0,100.0,"alvarado, carol",,1.0,right_only,,,,klarner_fallback
TX,2014,house,146,,,,,,,,,,,,,,,,,,,,,,21702.0,0.0,100.0,"miles, borris l",,1.0,right_only,,,,klarner_fallback
TX,2014,house,147,,,,,,,,,,,,,,,,,,,,,,25288.0,0.0,100.0,"coleman, garnet f",,1.0,right_only,,,,klarner_fallback
TX,2014,house,148,14207.0,9356.0,20.587361541399652,Jessica Cristina Farrar,Chris Carmona,1.0,0.0,1.0,True,1.0,0.0,0.0,0.0,,,,Texas official returns normalized by the Texas project,external://texas-state-house-and-state-senate-model/data/processed/elections/sos_canonical_candidate_totals_1992_2018.csv,Texas Secretary of State candidate-total exports,Texas official/canonical candidate and full-history incumbency exports,source_observed,14207.0,9356.0,20.587361541399652,"farrar, jessica c","carmona, chris",1.0,both,0.0,0.0,0.0,texas_official_upstream
TX,2014,house,149,11954.0,9820.0,9.800679709745568,Hubert Vo,Al Hoang,1.0,0.0,1.0,True,1.0,0.0,0.0,0.0,,,,Texas official returns normalized by the Texas project,external://texas-state-house-and-state-senate-model/data/processed/elections/sos_canonical_candidate_totals_1992_2018.csv,Texas Secretary of State candidate-total exports,Texas official/canonical candidate and full-history incumbency exports,source_observed,11954.0,9820.0,9.800679709745568,"vo, hubert","hoang, al",1.0,both,0.0,0.0,0.0,texas_official_upstream
TX,2014,house,150,10328.0,28133.0,-46.29364811107356,Amy Perez,Debbie Riddle,0.0,1.0,-1.0,True,0.0,1.0,0.0,0.0,,,,Texas official returns normalized by the Texas project,external://texas-state-house-and-state-senate-model/data/processed/elections/sos_canonical_candidate_totals_1992_2018.csv,Texas Secretary of State candidate-total exports,Texas official/canonical candidate and full-history incumbency exports,source_observed,10328.0,28133.0,-46.29364811107356,"perez, amy","riddle, debbie",-1.0,both,0.0,0.0,0.0,texas_official_upstream
TX,2014,senate,2,,,,,,,,,,,,,,,,,,,,,,0.0,99925.0,-100.0,,"hall, bob",0.0,right_only,,,,klarner_fallback
TX,2014,senate,3,,,,,,,,,,,,,,,,,,,,,,0.0,140069.0,-100.0,,"nichols, robert",-1.0,right_only,,,,klarner_fallback
TX,2014,senate,5,54286.0,112930.0,-35.070806621375944,Joel Shapiro,Charles Schwertner,0.0,1.0,-1.0,True,0.0,1.0,0.0,0.0,,,,Texas official returns normalized by the Texas project,external://texas-state-house-and-state-senate-model/data/processed/elections/sos_canonical_candidate_totals_1992_2018.csv,Texas Secretary of State candidate-total exports,Texas official/canonical candidate and full-history incumbency exports,source_observed,54286.0,112930.0,-35.070806621375944,"shapiro, joel","schwertner, charles",-1.0,both,0.0,0.0,0.0,texas_official_upstream
TX,2014,senate,7,45230.0,123551.0,-46.4039198724975,Jim Davis,Paul Bettencourt,0.0,0.0,0.0,True,0.0,1.0,0.0,0.0,,,,Texas official returns normalized by the Texas project,external://texas-state-house-and-state-senate-model/data/processed/elections/sos_canonical_candidate_totals_1992_2018.csv,Texas Secretary of State candidate-total exports,Texas official/canonical candidate and full-history incumbency exports,source_observed,45230.0,123551.0,-46.4039198724975,"davis, jim","bettencourt, paul",0.0,both,0.0,0.0,0.0,texas_official_upstream
TX,2014,senate,8,,,,,,,,,,,,,,,,,,,,,,0.0,114498.0,-100.0,,"taylor, van",0.0,right_only,,,,klarner_fallback
TX,2014,senate,9,47965.0,89331.0,-30.129064211630347,Gregory R. Perry,Kelly Hancock,0.0,1.0,-1.0,True,0.0,1.0,0.0,0.0,,,,Texas official returns normalized by the Texas project,external://texas-state-house-and-state-senate-model/data/processed/elections/sos_canonical_candidate_totals_1992_2018.csv,Texas Secretary of State candidate-total exports,Texas official/canonical candidate and full-history incumbency exports,source_observed,47965.0,89331.0,-30.129064211630347,"perry, gregory r","hancock, kelly",-1.0,both,0.0,0.0,0.0,texas_official_upstream
TX,2014,senate,10,80872.0,95532.0,-8.310469150359403,Libby Willis,Konni Burton,0.0,0.0,0.0,True,0.0,1.0,0.0,0.0,,,,Texas official returns normalized by the Texas project,external://texas-state-house-and-state-senate-model/data/processed/elections/sos_canonical_candidate_totals_1992_2018.csv,Texas Secretary of State candidate-total exports,Texas official/canonical candidate and full-history incumbency exports,source_observed,80872.0,95532.0,-8.310469150359403,"willis, libby","burton, konni",0.0,both,0.0,0.0,0.0,texas_official_upstream
TX,2014,senate,14,,,,,,,,,,,,,,,,,,,,,,154391.0,0.0,100.0,"watson, kirk",,1.0,right_only,,,,klarner_fallback
TX,2014,senate,15,74192.0,48249.0,21.188164095360214,John Whitmire,Ron Hale,1.0,0.0,1.0,True,1.0,0.0,0.0,0.0,,,,Texas official returns normalized by the Texas project,external://texas-state-house-and-state-senate-model/data/processed/elections/sos_canonical_candidate_totals_1992_2018.csv,Texas Secretary of State candidate-total exports,Texas official/canonical candidate and full-history incumbency exports,source_observed,74192.0,48249.0,21.188164095360214,"whitmire, john","hale, ron",1.0,both,0.0,0.0,0.0,texas_official_upstream
TX,2014,senate,16,,,,,,,,,,,,,,,,,,,,,,0.0,106546.0,-100.0,,"huffines, don",0.0,right_only,,,,klarner_fallback
TX,2014,senate,17,60934.0,113817.0,-30.261915525519168,Rita Lucido,Joan Huffman,0.0,1.0,-1.0,True,0.0,1.0,0.0,0.0,,,,Texas official returns normalized by the Texas project,external://texas-state-house-and-state-senate-model/data/processed/elections/sos_canonical_candidate_totals_1992_2018.csv,Texas Secretary of State candidate-total exports,Texas official/canonical candidate and full-history incumbency exports,source_observed,60934.0,113817.0,-30.261915525519168,"lucido, rita","huffman, joan",-1.0,both,0.0,0.0,0.0,texas_official_upstream
TX,2014,senate,23,99102.0,23520.0,61.63820521602975,Royce West,John Lawson,1.0,0.0,1.0,True,1.0,0.0,0.0,0.0,,,,Texas official returns normalized by the Texas project,external://texas-state-house-and-state-senate-model/data/processed/elections/sos_canonical_candidate_totals_1992_2018.csv,Texas Secretary of State candidate-total exports,Texas official/canonical candidate and full-history incumbency exports,source_observed,99102.0,23520.0,61.63820521602975,"west, royce","lawson, bishop j",1.0,both,0.0,0.0,0.0,texas_official_upstream
TX,2014,senate,25,75012.0,153536.0,-34.35777167159634,Daniel Boone,Donna Campbell,0.0,1.0,-1.0,True,0.0,1.0,0.0,0.0,,,,Texas official returns normalized by the Texas project,external://texas-state-house-and-state-senate-model/data/processed/elections/sos_canonical_candidate_totals_1992_2018.csv,Texas Secretary of State candidate-total exports,Texas official/canonical candidate and full-history incumbency exports,source_observed,75012.0,153536.0,-34.35777167159634,"boone, daniel","campbell, donna",-1.0,both,0.0,0.0,0.0,texas_official_upstream
TX,2014,senate,30,,,,,,,,,,,,,,,,,,,,,,0.0,140240.0,-100.0,,"estes, craig",-1.0,right_only,,,,klarner_fallback
TX,2014,senate,31,,,,,,,,,,,,,,,,,,,,,,0.0,107885.0,-100.0,,"seliger, kel",-1.0,right_only,,,,klarner_fallback
TX,2016,house,1,,,,,,,,,,,,,,,,,,,,,,0.0,49840.0,-100.0,,"vandeaver, gary",-1.0,right_only,,,,klarner_fallback
TX,2016,house,2,,,,,,,,,,,,,,,,,,,,,,0.0,54605.0,-100.0,,"flynn, dan",-1.0,right_only,,,,klarner_fallback
TX,2016,house,3,,,,,,,,,,,,,,,,,,,,,,0.0,56737.0,-100.0,,"bell, cecil, jr",-1.0,right_only,,,,klarner_fallback
TX,2016,house,4,,,,,,,,,,,,,,,,,,,,,,0.0,52089.0,-100.0,,"gooden, lance",0.0,right_only,,,,klarner_fallback
TX,2016,house,5,,,,,,,,,,,,,,,,,,,,,,0.0,51428.0,-100.0,,"hefner, cole",0.0,right_only,,,,klarner_fallback
TX,2016,house,6,,,,,,,,,,,,,,,,,,,,,,0.0,46382.0,-100.0,,"schaefer, matt",-1.0,right_only,,,,klarner_fallback
TX,2016,house,7,,,,,,,,,,,,,,,,,,,,,,0.0,45026.0,-100.0,,"dean, jay",0.0,right_only,,,,klarner_fallback
TX,2016,house,8,,,,,,,,,,,,,,,,,,,,,,0.0,43240.0,-100.0,,"cook, byron",-1.0,right_only,,,,klarner_fallback
TX,2016,house,9,,,,,,,,,,,,,,,,,,,,,,0.0,53172.0,-100.0,,"paddie, chris",-1.0,right_only,,,,klarner_fallback
TX,2016,house,10,,,,,,,,,,,,,,,,,,,,,,0.0,51729.0,-100.0,,"wray, john",-1.0,right_only,,,,klarner_fallback
TX,2016,house,11,14276.0,42481.0,-49.69431083390595,Stephen J. Wright,Travis Clardy,0.0,1.0,-1.0,True,0.0,1.0,0.0,0.0,,,,Texas official returns normalized by the Texas project,external://texas-state-house-and-state-senate-model/data/processed/elections/sos_canonical_candidate_totals_1992_2018.csv,Texas Secretary of State candidate-total exports,Texas official/canonical candidate and full-history incumbency exports,source_observed,14276.0,42481.0,-49.69431083390595,"wright, stephen j","clardy, travis",-1.0,both,0.0,0.0,0.0,texas_official_upstream
TX,2016,house,12,,,,,,,,,,,,,,,,,,,,,,0.0,38826.0,-100.0,,"kacal, kyle j",-1.0,right_only,,,,klarner_fallback
TX,2016,house,13,14965.0,55073.0,-57.26605556983352,Cecil R. Webster,Leighton Schubert,0.0,1.0,-1.0,True,0.0,1.0,0.0,0.0,,,,Texas official returns normalized by the Texas project,external://texas-state-house-and-state-senate-model/data/processed/elections/sos_canonical_candidate_totals_1992_2018.csv,Texas Secretary of State candidate-total exports,Texas official/canonical candidate and full-history incumbency exports,source_observed,14965.0,55073.0,-57.26605556983352,"raywebster, cecil r, sr","schubert, leighton",0.0,both,0.0,0.0,0.0,texas_official_upstream
TX,2016,house,14,,,,,,,,,,,,,,,,,,,,,,0.0,37330.0,-100.0,,"raney, john",-1.0,right_only,,,,klarner_fallback
TX,2016,house,15,,,,,,,,,,,,,,,,,,,,,,0.0,65439.0,-100.0,,"keough, mark",-1.0,right_only,,,,klarner_fallback
TX,2016,house,16,,,,,,,,,,,,,,,,,,,,,,0.0,55968.0,-100.0,,"metcalf, will",-1.0,right_only,,,,klarner_fallback
TX,2016,house,17,,,,,,,,,,,,,,,,,,,,,,0.0,41694.0,-100.0,,"cyrier, john p",0.0,right_only,,,,klarner_fallback
TX,2016,house,18,,,,,,,,,,,,,,,,,,,,,,0.0,40966.0,-100.0,,"bailes, ernest",0.0,right_only,,,,klarner_fallback
TX,2016,house,19,,,,,,,,,,,,,,,,,,,,,,0.0,58542.0,-100.0,,"white, james e",-1.0,right_only,,,,klarner_fallback
TX,2016,house,20,,,,,,,,,,,,,,,,,,,,,,0.0,61745.0,-100.0,,"wilson, terry m",0.0,right_only,,,,klarner_fallback
TX,2016,house,21,,,,,,,,,,,,,,,,,,,,,,0.0,54753.0,-100.0,,"phelan, dade",-1.0,right_only,,,,klarner_fallback
TX,2016,house,22,,,,,,,,,,,,,,,,,,,,,,38009.0,0.0,100.0,"deshotel, joseph (joe)",,1.0,right_only,,,,klarner_fallback
TX,2016,house,23,25501.0,36501.0,-17.741363181832845,Lloyd Criss,Wayne Faircloth,0.0,1.0,-1.0,True,0.0,1.0,0.0,0.0,,,,Texas official returns normalized by the Texas project,external://texas-state-house-and-state-senate-model/data/processed/elections/sos_canonical_candidate_totals_1992_2018.csv,Texas Secretary of State candidate-total exports,Texas official/canonical candidate and full-history incumbency exports,source_observed,25501.0,36501.0,-17.741363181832845,"criss, lloyd","faircloth, wayne",-1.0,both,0.0,0.0,0.0,texas_official_upstream
TX,2016,house,24,,,,,,,,,,,,,,,,,,,,,,0.0,59789.0,-100.0,,"bonnen, greg",-1.0,right_only,,,,klarner_fallback
TX,2016,house,25,,,,,,,,,,,,,,,,,,,,,,0.0,44280.0,-100.0,,"bonnen, dennis",-1.0,right_only,,,,klarner_fallback
TX,2016,house,26,28910.0,39693.0,-15.717971517280585,"L. ""Sarah"" DeMerchant","D.F. ""Rick"" Miller",0.0,1.0,-1.0,True,0.0,1.0,0.0,0.0,,,,Texas official returns normalized by the Texas project,external://texas-state-house-and-state-senate-model/data/processed/elections/sos_canonical_candidate_totals_1992_2018.csv,Texas Secretary of State candidate-total exports,Texas official/canonical candidate and full-history incumbency exports,source_observed,28910.0,39693.0,-15.717971517280585,"demerchant, l sarah (sarah)","miller, rick f (rick)",-1.0,both,0.0,0.0,0.0,texas_official_upstream
TX,2016,house,27,45718.0,21536.0,35.95622565200583,Ron Reynolds,Ken Bryant,1.0,0.0,1.0,True,1.0,0.0,0.0,0.0,,,,Texas official returns normalized by the Texas project,external://texas-state-house-and-state-senate-model/data/processed/elections/sos_canonical_candidate_totals_1992_2018.csv,Texas Secretary of State candidate-total exports,Texas official/canonical candidate and full-history incumbency exports,source_observed,45718.0,21536.0,35.95622565200583,"reynolds, ronald (ron)","bryant, ken",1.0,both,0.0,0.0,0.0,texas_official_upstream
TX,2016,house,28,,,,,,,,,,,,,,,,,,,,,,0.0,56822.0,-100.0,,"zerwas, john",-1.0,right_only,,,,klarner_fallback
TX,2016,house,29,28505.0,44713.0,-22.136633068371165,John T Floyd,Ed Thompson,0.0,1.0,-1.0,True,0.0,1.0,0.0,0.0,,,,Texas official returns normalized by the Texas project,external://texas-state-house-and-state-senate-model/data/processed/elections/sos_canonical_candidate_totals_1992_2018.csv,Texas Secretary of State candidate-total exports,Texas official/canonical candidate and full-history incumbency exports,source_observed,28505.0,44713.0,-22.136633068371165,"floyd, john t","thompson, ed",-1.0,both,0.0,0.0,0.0,texas_official_upstream
TX,2016,house,30,,,,,,,,,,,,,,,,,,,,,,0.0,47975.0,-100.0,,"morrison, geanie w",-1.0,right_only,,,,klarner_fallback
TX,2016,house,31,,,,,,,,,,,,,,,,,,,,,,30829.0,0.0,100.0,"guillen, ryan",,1.0,right_only,,,,klarner_fallback
TX,2016,house,32,,,,,,,,,,,,,,,,,,,,,,0.0,40435.0,-100.0,,"hunter, todd a",-1.0,right_only,,,,klarner_fallback
TX,2016,house,33,24199.0,56802.0,-40.25012036888433,Karen Jacobs,Justin Holland,0.0,0.0,0.0,True,0.0,1.0,0.0,0.0,,,,Texas official returns normalized by the Texas project,external://texas-state-house-and-state-senate-model/data/processed/elections/sos_canonical_candidate_totals_1992_2018.csv,Texas Secretary of State candidate-total exports,Texas official/canonical candidate and full-history incumbency exports,source_observed,24199.0,56802.0,-40.25012036888433,"jacobs, karen","holland, justin m",0.0,both,0.0,0.0,0.0,texas_official_upstream
TX,2016,house,34,,,,,,,,,,,,,,,,,,,,,,33221.0,0.0,100.0,"herrero, abel",,1.0,right_only,,,,klarner_fallback
TX,2016,house,35,,,,,,,,,,,,,,,,,,,,,,25812.0,0.0,100.0,"longoria, oscar",,1.0,right_only,,,,klarner_fallback
TX,2016,house,36,,,,,,,,,,,,,,,,,,,,,,29633.0,0.0,100.0,"munoz, sergio, jr 2",,1.0,right_only,,,,klarner_fallback
TX,2016,house,37,,,,,,,,,,,,,,,,,,,,,,26587.0,0.0,100.0,"oliveira, rene o",,1.0,right_only,,,,klarner_fallback
TX,2016,house,38,,,,,,,,,,,,,,,,,,,,,,30850.0,0.0,100.0,"lucio, eddie, iii 2",,1.0,right_only,,,,klarner_fallback
TX,2016,house,39,,,,,,,,,,,,,,,,,,,,,,29713.0,0.0,100.0,"martinez, armando m (mando)",,1.0,right_only,,,,klarner_fallback
TX,2016,house,40,23257.0,8266.0,47.5557529422961,Terry Canales,"Maricela ""Mari"" De Leon",1.0,0.0,1.0,True,1.0,0.0,0.0,0.0,,,,Texas official returns normalized by the Texas project,external://texas-state-house-and-state-senate-model/data/processed/elections/sos_canonical_candidate_totals_1992_2018.csv,Texas Secretary of State candidate-total exports,Texas official/canonical candidate and full-history incumbency exports,source_observed,23257.0,8266.0,47.5557529422961,"canales, terry 2","deleon, maricela (mari)",1.0,both,0.0,0.0,0.0,texas_official_upstream
TX,2016,house,41,24863.0,18924.0,13.563386393221732,Bobby Guerra,Hilda Garza De Shazo,1.0,0.0,1.0,True,1.0,0.0,0.0,0.0,,,,Texas official returns normalized by the Texas project,external://texas-state-house-and-state-senate-model/data/processed/elections/sos_canonical_candidate_totals_1992_2018.csv,Texas Secretary of State candidate-total exports,Texas official/canonical candidate and full-history incumbency exports,source_observed,24863.0,18924.0,13.563386393221732,"guerra, robert (bobby)","garzadeshazo, hilda",1.0,both,0.0,0.0,0.0,texas_official_upstream
TX,2016,house,42,,,,,,,,,,,,,,,,,,,,,,35124.0,0.0,100.0,"penaraymond, richard p",,1.0,right_only,,,,klarner_fallback
TX,2016,house,43,19735.0,31040.0,-22.264894140817333,Marisa Yvette Garcia-Utley,J.M. Lozano,0.0,1.0,-1.0,True,0.0,1.0,0.0,0.0,,,,Texas official returns normalized by the Texas project,external://texas-state-house-and-state-senate-model/data/processed/elections/sos_canonical_candidate_totals_1992_2018.csv,Texas Secretary of State candidate-total exports,Texas official/canonical candidate and full-history incumbency exports,source_observed,19735.0,31040.0,-22.264894140817333,"garciautley, marisa y","lozano, jm m 1",-1.0,both,0.0,0.0,0.0,texas_official_upstream
TX,2016,house,44,20411.0,53997.0,-45.13761961079454,Robert M. Bohmfalk,John Kuempel,0.0,1.0,-1.0,True,0.0,1.0,0.0,0.0,,,,Texas official returns normalized by the Texas project,external://texas-state-house-and-state-senate-model/data/processed/elections/sos_canonical_candidate_totals_1992_2018.csv,Texas Secretary of State candidate-total exports,Texas official/canonical candidate and full-history incumbency exports,source_observed,20411.0,53997.0,-45.13761961079454,"bohmfalk, robert m","kuempel, john",-1.0,both,0.0,0.0,0.0,texas_official_upstream
TX,2016,house,45,,,,,,,,,,,,,,,,,,,,,,0.0,47937.0,-100.0,,"isaac, jason a",-1.0,right_only,,,,klarner_fallback
TX,2016,house,46,37457.0,10209.0,57.16443586623589,Dawnna Dukes,Gabriel Nila,1.0,0.0,1.0,True,1.0,0.0,0.0,0.0,,,,Texas official returns normalized by the Texas project,external://texas-state-house-and-state-senate-model/data/processed/elections/sos_canonical_candidate_totals_1992_2018.csv,Texas Secretary of State candidate-total exports,Texas official/canonical candidate and full-history incumbency exports,source_observed,37457.0,10209.0,57.16443586623589,"dukes, dawnna m","nila, gabriel",1.0,both,0.0,0.0,0.0,texas_official_upstream
TX,2016,house,47,42635.0,54785.0,-12.471771710121125,Ana Jordan,Paul Workman,0.0,1.0,-1.0,True,0.0,1.0,0.0,0.0,,,,Texas official returns normalized by the Texas project,external://texas-state-house-and-state-senate-model/data/processed/elections/sos_canonical_candidate_totals_1992_2018.csv,Texas Secretary of State candidate-total exports,Texas official/canonical candidate and full-history incumbency exports,source_observed,42635.0,54785.0,-12.471771710121125,"jordan, ana","workman, paul d",-1.0,both,0.0,0.0,0.0,texas_official_upstream
TX,2016,house,48,,,,,,,,,,,,,,,,,,,,,,60512.0,0.0,100.0,"howard, donna",,1.0,right_only,,,,klarner_fallback
TX,2016,house,49,,,,,,,,,,,,,,,,,,,,,,68398.0,0.0,100.0,"hinojosa, gina",,0.0,right_only,,,,klarner_fallback
TX,2016,house,50,43637.0,24882.0,27.371969818590465,Celia Israel,Ceasar Ruiz,1.0,0.0,1.0,True,1.0,0.0,0.0,0.0,,,,Texas official returns normalized by the Texas project,external://texas-state-house-and-state-senate-model/data/processed/elections/sos_canonical_candidate_totals_1992_2018.csv,Texas Secretary of State candidate-total exports,Texas official/canonical candidate and full-history incumbency exports,source_observed,43637.0,24882.0,27.371969818590465,"israel, celia","ruiz, ceasar",1.0,both,0.0,0.0,0.0,texas_official_upstream
TX,2016,house,51,,,,,,,,,,,,,,,,,,,,,,42082.0,0.0,100.0,"rodriguez, eddie",,1.0,right_only,,,,klarner_fallback
TX,2016,house,52,,,,,,,,,,,,,,,,,,,,,,0.0,40329.0,-100.0,,"gonzales, larry",-1.0,right_only,,,,klarner_fallback
TX,2016,house,53,14256.0,54741.0,-58.676464194095395,Stephanie Lochte Ertel,Andrew S. Murr,0.0,1.0,-1.0,True,0.0,1.0,0.0,0.0,,,,Texas official returns normalized by the Texas project,external://texas-state-house-and-state-senate-model/data/processed/elections/sos_canonical_candidate_totals_1992_2018.csv,Texas Secretary of State candidate-total exports,Texas official/canonical candidate and full-history incumbency exports,source_observed,14256.0,54741.0,-58.676464194095395,"lochteertel, stephanie","murr, andrew s",-1.0,both,0.0,0.0,0.0,texas_official_upstream
TX,2016,house,54,23794.0,28894.0,-9.679623443668387,Sandra Blankenship,Scott Cosper,0.0,0.0,0.0,True,0.0,1.0,0.0,0.0,,,,Texas official returns normalized by the Texas project,external://texas-state-house-and-state-senate-model/data/processed/elections/sos_canonical_candidate_totals_1992_2018.csv,Texas Secretary of State candidate-total exports,Texas official/canonical candidate and full-history incumbency exports,source_observed,23794.0,28894.0,-9.679623443668387,"blankenship, sandra","cosper, scott",0.0,both,0.0,0.0,0.0,texas_official_upstream
TX,2016,house,55,,,,,,,,,,,,,,,,,,,,,,0.0,35950.0,-100.0,,"shine, hugh d",0.0,right_only,,,,klarner_fallback
TX,2016,house,56,,,,,,,,,,,,,,,,,,,,,,0.0,43979.0,-100.0,,"anderson, charles (doc)",-1.0,right_only,,,,klarner_fallback
TX,2016,house,57,,,,,,,,,,,,,,,,,,,,,,0.0,47916.0,-100.0,,"ashby, trent",-1.0,right_only,,,,klarner_fallback
TX,2016,house,58,,,,,,,,,,,,,,,,,,,,,,0.0,54149.0,-100.0,,"burns, dewayne",-1.0,right_only,,,,klarner_fallback
TX,2016,house,59,,,,,,,,,,,,,,,,,,,,,,0.0,43217.0,-100.0,,"sheffield, jd d",-1.0,right_only,,,,klarner_fallback
TX,2016,house,60,,,,,,,,,,,,,,,,,,,,,,0.0,61668.0,-100.0,,"lang, mike",0.0,right_only,,,,klarner_fallback
TX,2016,house,61,,,,,,,,,,,,,,,,,,,,,,0.0,70708.0,-100.0,,"king, phil",-1.0,right_only,,,,klarner_fallback
TX,2016,house,62,,,,,,,,,,,,,,,,,,,,,,0.0,50076.0,-100.0,,"phillips, larry",-1.0,right_only,,,,klarner_fallback
TX,2016,house,63,,,,,,,,,,,,,,,,,,,,,,0.0,64120.0,-100.0,,"parker, tan",-1.0,right_only,,,,klarner_fallback
TX,2016,house,64,26288.0,42158.0,-23.186161353475732,Connor Flanagan,Lynn Stucky,0.0,0.0,0.0,True,0.0,1.0,0.0,0.0,,,,Texas official returns normalized by the Texas project,external://texas-state-house-and-state-senate-model/data/processed/elections/sos_canonical_candidate_totals_1992_2018.csv,Texas Secretary of State candidate-total exports,Texas official/canonical candidate and full-history incumbency exports,source_observed,26288.0,42158.0,-23.186161353475732,"flanagan, connor","stucky, lynn",0.0,both,0.0,0.0,0.0,texas_official_upstream
TX,2016,house,65,26759.0,34418.0,-12.519410889713454,Alex Mendoza,Ron Simmons,0.0,1.0,-1.0,True,0.0,1.0,0.0,0.0,,,,Texas official returns normalized by the Texas project,external://texas-state-house-and-state-senate-model/data/processed/elections/sos_canonical_candidate_totals_1992_2018.csv,Texas Secretary of State candidate-total exports,Texas official/canonical candidate and full-history incumbency exports,source_observed,26759.0,34418.0,-12.519410889713454,"mendoza, alex","simmons, ron",-1.0,both,0.0,0.0,0.0,texas_official_upstream
TX,2016,house,66,27240.0,40368.0,-19.41782037628683,Gnanse Nelson,Matt Shaheen,0.0,1.0,-1.0,True,0.0,1.0,0.0,0.0,,,,Texas official returns normalized by the Texas project,external://texas-state-house-and-state-senate-model/data/processed/elections/sos_canonical_candidate_totals_1992_2018.csv,Texas Secretary of State candidate-total exports,Texas official/canonical candidate and full-history incumbency exports,source_observed,27240.0,40368.0,-19.41782037628683,"nelson, gnanse","shaheen, matt",-1.0,both,0.0,0.0,0.0,texas_official_upstream
TX,2016,house,67,29036.0,41440.0,-17.60031783869686,Scott Coleman,Jeff Leach,0.0,1.0,-1.0,True,0.0,1.0,0.0,0.0,,,,Texas official returns normalized by the Texas project,external://texas-state-house-and-state-senate-model/data/processed/elections/sos_canonical_candidate_totals_1992_2018.csv,Texas Secretary of State candidate-total exports,Texas official/canonical candidate and full-history incumbency exports,source_observed,29036.0,41440.0,-17.60031783869686,"coleman, scott","leach, jeff",-1.0,both,0.0,0.0,0.0,texas_official_upstream
TX,2016,house,68,,,,,,,,,,,,,,,,,,,,,,0.0,50625.0,-100.0,,"springer, drew",-1.0,right_only,,,,klarner_fallback
TX,2016,house,69,,,,,,,,,,,,,,,,,,,,,,0.0,41640.0,-100.0,,"frank, james b",-1.0,right_only,,,,klarner_fallback
TX,2016,house,70,24057.0,56684.0,-40.40945740082486,John Bryant,Scott Sanford,0.0,1.0,-1.0,True,0.0,1.0,0.0,0.0,,,,Texas official returns normalized by the Texas project,external://texas-state-house-and-state-senate-model/data/processed/elections/sos_canonical_candidate_totals_1992_2018.csv,Texas Secretary of State candidate-total exports,Texas official/canonical candidate and full-history incumbency exports,source_observed,24057.0,56684.0,-40.40945740082486,"bryant, john","sanford, scott",-1.0,both,0.0,0.0,0.0,texas_official_upstream
TX,2016,house,71,10647.0,44335.0,-61.270961405550906,Pierce LoPachin,Stan Lambert,0.0,0.0,0.0,True,0.0,1.0,0.0,0.0,,,,Texas official returns normalized by the Texas project,external://texas-state-house-and-state-senate-model/data/processed/elections/sos_canonical_candidate_totals_1992_2018.csv,Texas Secretary of State candidate-total exports,Texas official/canonical candidate and full-history incumbency exports,source_observed,10647.0,44335.0,-61.270961405550906,"lopachin, pierce","lambert, stan",0.0,both,0.0,0.0,0.0,texas_official_upstream
TX,2016,house,72,,,,,,,,,,,,,,,,,,,,,,0.0,46571.0,-100.0,,"darby, drew",-1.0,right_only,,,,klarner_fallback
TX,2016,house,73,,,,,,,,,,,,,,,,,,,,,,0.0,77592.0,-100.0,,"biedermann, kyle",0.0,right_only,,,,klarner_fallback
TX,2016,house,74,,,,,,,,,,,,,,,,,,,,,,31724.0,0.0,100.0,"nevarez, poncho",,1.0,right_only,,,,klarner_fallback
TX,2016,house,75,,,,,,,,,,,,,,,,,,,,,,32576.0,0.0,100.0,"gonzalez, mary e",,1.0,right_only,,,,klarner_fallback
TX,2016,house,76,,,,,,,,,,,,,,,,,,,,,,32956.0,0.0,100.0,"blanco, cesar j",,1.0,right_only,,,,klarner_fallback
TX,2016,house,77,,,,,,,,,,,,,,,,,,,,,,28819.0,0.0,100.0,"ortega, evelina (lina)",,0.0,right_only,,,,klarner_fallback
TX,2016,house,78,31185.0,18030.0,26.72965559280707,Joe Moody,Jeffrey Lane,1.0,0.0,1.0,True,1.0,0.0,0.0,0.0,,,,Texas official returns normalized by the Texas project,external://texas-state-house-and-state-senate-model/data/processed/elections/sos_canonical_candidate_totals_1992_2018.csv,Texas Secretary of State candidate-total exports,Texas official/canonical candidate and full-history incumbency exports,source_observed,31185.0,18030.0,26.72965559280707,"moody, joseph e 2","lane, jeffrey",1.0,both,0.0,0.0,0.0,texas_official_upstream
TX,2016,house,79,,,,,,,,,,,,,,,,,,,,,,35427.0,0.0,100.0,"pickett, joseph c (joe)",,1.0,right_only,,,,klarner_fallback
TX,2016,house,80,,,,,,,,,,,,,,,,,,,,,,32548.0,0.0,100.0,"king, tracy o",,1.0,right_only,,,,klarner_fallback
TX,2016,house,81,,,,,,,,,,,,,,,,,,,,,,0.0,37306.0,-100.0,,"landgraf, brooks",-1.0,right_only,,,,klarner_fallback
TX,2016,house,82,,,,,,,,,,,,,,,,,,,,,,0.0,47432.0,-100.0,,"craddick, tom",-1.0,right_only,,,,klarner_fallback
TX,2016,house,83,,,,,,,,,,,,,,,,,,,,,,0.0,53437.0,-100.0,,"burrows, dustin",-1.0,right_only,,,,klarner_fallback
TX,2016,house,84,,,,,,,,,,,,,,,,,,,,,,0.0,35627.0,-100.0,,"frullo, john",-1.0,right_only,,,,klarner_fallback
TX,2016,house,85,23334.0,35594.0,-20.805050230790116,John Davis,Phil Stephenson,0.0,1.0,-1.0,True,0.0,1.0,0.0,0.0,,,,Texas official returns normalized by the Texas project,external://texas-state-house-and-state-senate-model/data/processed/elections/sos_canonical_candidate_totals_1992_2018.csv,Texas Secretary of State candidate-total exports,Texas official/canonical candidate and full-history incumbency exports,source_observed,23334.0,35594.0,-20.805050230790116,"davis, john e 2","stephenson, phil",-1.0,both,0.0,0.0,0.0,texas_official_upstream
TX,2016,house,86,,,,,,,,,,,,,,,,,,,,,,0.0,58050.0,-100.0,,"smithee, john",-1.0,right_only,,,,klarner_fallback
TX,2016,house,87,,,,,,,,,,,,,,,,,,,,,,0.0,38067.0,-100.0,,"price, four",-1.0,right_only,,,,klarner_fallback
TX,2016,house,88,,,,,,,,,,,,,,,,,,,,,,0.0,41209.0,-100.0,,"king, ken",-1.0,right_only,,,,klarner_fallback
TX,2016,house,89,24861.0,48341.0,-32.07562634900686,Denise Hamilton,Jodie Laubenberg,0.0,1.0,-1.0,True,0.0,1.0,0.0,0.0,,,,Texas official returns normalized by the Texas project,external://texas-state-house-and-state-senate-model/data/processed/elections/sos_canonical_candidate_totals_1992_2018.csv,Texas Secretary of State candidate-total exports,Texas official/canonical candidate and full-history incumbency exports,source_observed,24861.0,48341.0,-32.07562634900686,"hamilton, denise","laubenberg, jodie",-1.0,both,0.0,0.0,0.0,texas_official_upstream
TX,2016,house,90,,,,,,,,,,,,,,,,,,,,,,20925.0,0.0,100.0,"romero, ramon, jr",,1.0,right_only,,,,klarner_fallback
TX,2016,house,91,,,,,,,,,,,,,,,,,,,,,,0.0,43601.0,-100.0,,"klick, stephanie",-1.0,right_only,,,,klarner_fallback
TX,2016,house,92,24806.0,35622.0,-17.89898722446548,Kim K. Leach,Jonathan Stickland,0.0,1.0,-1.0,True,0.0,1.0,0.0,0.0,,,,Texas official returns normalized by the Texas project,external://texas-state-house-and-state-senate-model/data/processed/elections/sos_canonical_candidate_totals_1992_2018.csv,Texas Secretary of State candidate-total exports,Texas official/canonical candidate and full-history incumbency exports,source_observed,24806.0,35622.0,-17.89898722446548,"leach, kim k","stickland, jonathan",-1.0,both,0.0,0.0,0.0,texas_official_upstream
TX,2016,house,93,23987.0,37002.0,-21.339913754939417,Nancy Bean,Matt Krause,0.0,1.0,-1.0,True,0.0,1.0,0.0,0.0,,,,Texas official returns normalized by the Texas project,external://texas-state-house-and-state-senate-model/data/processed/elections/sos_canonical_candidate_totals_1992_2018.csv,Texas Secretary of State candidate-total exports,Texas official/canonical candidate and full-history incumbency exports,source_observed,23987.0,37002.0,-21.339913754939417,"bean, nancy","krause, matt",-1.0,both,0.0,0.0,0.0,texas_official_upstream
TX,2016,house,94,,,,,,,,,,,,,,,,,,,,,,0.0,39224.0,-100.0,,"tinderholt, tony",-1.0,right_only,,,,klarner_fallback
TX,2016,house,95,35246.0,11376.0,51.199004761700486,Nicole Collier,Albert G. McDaniel,1.0,0.0,1.0,True,1.0,0.0,0.0,0.0,,,,Texas official returns normalized by the Texas project,external://texas-state-house-and-state-senate-model/data/processed/elections/sos_canonical_candidate_totals_1992_2018.csv,Texas Secretary of State candidate-total exports,Texas official/canonical candidate and full-history incumbency exports,source_observed,35246.0,11376.0,51.199004761700486,"collier, nicole","mcdaniel, albert g",1.0,both,0.0,0.0,0.0,texas_official_upstream
TX,2016,house,96,29434.0,38991.0,-13.967117281695288,Sandra D. Lee,Bill Zedler,0.0,1.0,-1.0,True,0.0,1.0,0.0,0.0,,,,Texas official returns normalized by the Texas project,external://texas-state-house-and-state-senate-model/data/processed/elections/sos_canonical_candidate_totals_1992_2018.csv,Texas Secretary of State candidate-total exports,Texas official/canonical candidate and full-history incumbency exports,source_observed,29434.0,38991.0,-13.967117281695288,"lee, sandra d","zedler, bill",-1.0,both,0.0,0.0,0.0,texas_official_upstream
TX,2016,house,97,27019.0,39537.0,-18.80822164793557,Elizabeth Tarrant,Craig Goldman,0.0,1.0,-1.0,True,0.0,1.0,0.0,0.0,,,,Texas official returns normalized by the Texas project,external://texas-state-house-and-state-senate-model/data/processed/elections/sos_canonical_candidate_totals_1992_2018.csv,Texas Secretary of State candidate-total exports,Texas official/canonical candidate and full-history incumbency exports,source_observed,27019.0,39537.0,-18.80822164793557,"tarrant, elizabeth","goldman, craig",-1.0,both,0.0,0.0,0.0,texas_official_upstream
TX,2016,house,98,21547.0,65348.0,-50.4068128200702,Maricela Sanchez Chibli,Giovanni Capriglione,0.0,1.0,-1.0,True,0.0,1.0,0.0,0.0,,,,Texas official returns normalized by the Texas project,external://texas-state-house-and-state-senate-model/data/processed/elections/sos_canonical_candidate_totals_1992_2018.csv,Texas Secretary of State candidate-total exports,Texas official/canonical candidate and full-history incumbency exports,source_observed,21547.0,65348.0,-50.4068128200702,"sanchezchibli, maricela","capriglione, giovanni",-1.0,both,0.0,0.0,0.0,texas_official_upstream
TX,2016,house,99,,,,,,,,,,,,,,,,,,,,,,0.0,45201.0,-100.0,,"geren, charlie",-1.0,right_only,,,,klarner_fallback
TX,2016,house,100,,,,,,,,,,,,,,,,,,,,,,33198.0,0.0,100.0,"johnson, eric",,1.0,right_only,,,,klarner_fallback
TX,2016,house,101,30591.0,15530.0,32.65540643091,Chris Turner,"Carlos ""Charlie"" Garza",1.0,0.0,1.0,True,1.0,0.0,0.0,0.0,,,,Texas official returns normalized by the Texas project,external://texas-state-house-and-state-senate-model/data/processed/elections/sos_canonical_candidate_totals_1992_2018.csv,Texas Secretary of State candidate-total exports,Texas official/canonical candidate and full-history incumbency exports,source_observed,30591.0,15530.0,32.65540643091,"turner, chris","garza, carlos (charlie)",1.0,both,0.0,0.0,0.0,texas_official_upstream
TX,2016,house,102,26208.0,31595.0,-9.319585488642458,Laura Irvin,Linda Koop,0.0,1.0,-1.0,True,0.0,1.0,0.0,0.0,,,,Texas official returns normalized by the Texas project,external://texas-state-house-and-state-senate-model/data/processed/elections/sos_canonical_candidate_totals_1992_2018.csv,Texas Secretary of State candidate-total exports,Texas official/canonical candidate and full-history incumbency exports,source_observed,26208.0,31595.0,-9.319585488642458,"irvin, laura","koop, linda",-1.0,both,0.0,0.0,0.0,texas_official_upstream
TX,2016,house,103,,,,,,,,,,,,,,,,,,,,,,30323.0,0.0,100.0,"anchia, rafael m",,1.0,right_only,,,,klarner_fallback
TX,2016,house,104,,,,,,,,,,,,,,,,,,,,,,26751.0,0.0,100.0,"alonzo, roberto r",,1.0,right_only,,,,klarner_fallback
TX,2016,house,105,23656.0,23720.0,-0.13508949679162446,Terry Meza,Rodney Anderson,0.0,1.0,-1.0,True,0.0,1.0,0.0,0.0,,,,Texas official returns normalized by the Texas project,external://texas-state-house-and-state-senate-model/data/processed/elections/sos_canonical_candidate_totals_1992_2018.csv,Texas Secretary of State candidate-total exports,Texas official/canonical candidate and full-history incumbency exports,source_observed,23656.0,23720.0,-0.13508949679162446,"meza, thresa (terry)","anderson, rodney e",-1.0,both,0.0,0.0,0.0,texas_official_upstream
TX,2016,house,106,,,,,,,,,,,,,,,,,,,,,,0.0,55596.0,-100.0,,"fallon, pat",-1.0,right_only,,,,klarner_fallback
TX,2016,house,107,27922.0,27086.0,1.5197789412449099,Victoria Neave,Kenneth Sheets,0.0,1.0,-1.0,True,1.0,0.0,0.0,0.0,,,,Texas official returns normalized by the Texas project,external://texas-state-house-and-state-senate-model/data/processed/elections/sos_canonical_candidate_totals_1992_2018.csv,Texas Secretary of State candidate-total exports,Texas official/canonical candidate and full-history incumbency exports,source_observed,27922.0,27086.0,1.5197789412449099,"neave, victoria","sheets, kenneth",-1.0,both,0.0,0.0,0.0,texas_official_upstream
TX,2016,house,108,,,,,,,,,,,,,,,,,,,,,,0.0,47799.0,-100.0,,"meyer, morgan",-1.0,right_only,,,,klarner_fallback
TX,2016,house,109,53458.0,11155.0,65.4713447758191,Helen Giddings,A. Denise Russell,1.0,0.0,1.0,True,1.0,0.0,0.0,0.0,,,,Texas official returns normalized by the Texas project,external://texas-state-house-and-state-senate-model/data/processed/elections/sos_canonical_candidate_totals_1992_2018.csv,Texas Secretary of State candidate-total exports,Texas official/canonical candidate and full-history incumbency exports,source_observed,53458.0,11155.0,65.4713447758191,"giddings, helen","russell, a denise",1.0,both,0.0,0.0,0.0,texas_official_upstream
TX,2016,house,110,,,,,,,,,,,,,,,,,,,,,,31380.0,0.0,100.0,"rose, toni",,1.0,right_only,,,,klarner_fallback
TX,2016,house,111,44918.0,12520.0,56.405167310839516,Yvonne Davis,Chad O. Jackson,1.0,0.0,1.0,True,1.0,0.0,0.0,0.0,,,,Texas official returns normalized by the Texas project,external://texas-state-house-and-state-senate-model/data/processed/elections/sos_canonical_candidate_totals_1992_2018.csv,Texas Secretary of State candidate-total exports,Texas official/canonical candidate and full-history incumbency exports,source_observed,44918.0,12520.0,56.405167310839516,"davis, yvonne","jackson, chad o",1.0,both,0.0,0.0,0.0,texas_official_upstream
TX,2016,house,112,23351.0,31234.0,-14.441696436750023,Jack Blackshear,Angie Chen Button,0.0,1.0,-1.0,True,0.0,1.0,0.0,0.0,,,,Texas official returns normalized by the Texas project,external://texas-state-house-and-state-senate-model/data/processed/elections/sos_canonical_candidate_totals_1992_2018.csv,Texas Secretary of State candidate-total exports,Texas official/canonical candidate and full-history incumbency exports,source_observed,23351.0,31234.0,-14.441696436750023,"blackshear, jack","chenbutton, angie c",-1.0,both,0.0,0.0,0.0,texas_official_upstream
TX,2016,house,113,24795.0,30501.0,-10.319010416666666,Rhetta Andrews Bowers,Cindy Burkett,0.0,1.0,-1.0,True,0.0,1.0,0.0,0.0,,,,Texas official returns normalized by the Texas project,external://texas-state-house-and-state-senate-model/data/processed/elections/sos_canonical_candidate_totals_1992_2018.csv,Texas Secretary of State candidate-total exports,Texas official/canonical candidate and full-history incumbency exports,source_observed,24795.0,30501.0,-10.319010416666666,"andrewsbowers, rhetta","burkett, cindy",-1.0,both,0.0,0.0,0.0,texas_official_upstream
TX,2016,house,114,27367.0,37588.0,-15.735509198676006,Jim Burke,Jason Villalba,0.0,1.0,-1.0,True,0.0,1.0,0.0,0.0,,,,Texas official returns normalized by the Texas project,external://texas-state-house-and-state-senate-model/data/processed/elections/sos_canonical_candidate_totals_1992_2018.csv,Texas Secretary of State candidate-total exports,Texas official/canonical candidate and full-history incumbency exports,source_observed,27367.0,37588.0,-15.735509198676006,"burke, jim","villalba, jason",-1.0,both,0.0,0.0,0.0,texas_official_upstream
TX,2016,house,115,28939.0,29987.0,-1.7785018497776872,Dorotha M. Ocker,Matt Rinaldi,0.0,1.0,-1.0,True,0.0,1.0,0.0,0.0,,,,Texas official returns normalized by the Texas project,external://texas-state-house-and-state-senate-model/data/processed/elections/sos_canonical_candidate_totals_1992_2018.csv,Texas Secretary of State candidate-total exports,Texas official/canonical candidate and full-history incumbency exports,source_observed,28939.0,29987.0,-1.7785018497776872,"ocker, dorotha m","rinaldi, matt",-1.0,both,0.0,0.0,0.0,texas_official_upstream
TX,2016,house,116,,,,,,,,,,,,,,,,,,,,,,36772.0,0.0,100.0,"arevalo, diana",,0.0,right_only,,,,klarner_fallback
TX,2016,house,117,29319.0,27783.0,2.689923295156037,Philip Cortez,Rick Galindo,0.0,1.0,-1.0,True,1.0,0.0,0.0,0.0,,,,Texas official returns normalized by the Texas project,external://texas-state-house-and-state-senate-model/data/processed/elections/sos_canonical_candidate_totals_1992_2018.csv,Texas Secretary of State candidate-total exports,Texas official/canonical candidate and full-history incumbency exports,source_observed,29319.0,27783.0,2.689923295156037,"cortez, philip","galindo, rick",-1.0,both,0.0,0.0,0.0,texas_official_upstream
TX,2016,house,118,25632.0,20831.0,10.33295310246863,Tomas Uresti,John Lujan,0.0,1.0,-1.0,True,1.0,0.0,0.0,0.0,,,,Texas official returns normalized by the Texas project,external://texas-state-house-and-state-senate-model/data/processed/elections/sos_canonical_candidate_totals_1992_2018.csv,Texas Secretary of State candidate-total exports,Texas official/canonical candidate and full-history incumbency exports,source_observed,25632.0,20831.0,10.33295310246863,"uresti, tomas","lujan, john",0.0,both,0.0,0.0,0.0,texas_official_upstream
TX,2016,house,119,,,,,,,,,,,,,,,,,,,,,,33384.0,0.0,100.0,"gutierrez, rolando",,1.0,right_only,,,,klarner_fallback
TX,2016,house,120,,,,,,,,,,,,,,,,,,,,,,31510.0,0.0,100.0,"gervinhawkins, barbara",,0.0,right_only,,,,klarner_fallback
TX,2016,house,121,,,,,,,,,,,,,,,,,,,,,,0.0,56970.0,-100.0,,"straus, joe",-1.0,right_only,,,,klarner_fallback
TX,2016,house,122,,,,,,,,,,,,,,,,,,,,,,0.0,73957.0,-100.0,,"larson, lyle",-1.0,right_only,,,,klarner_fallback
TX,2016,house,123,,,,,,,,,,,,,,,,,,,,,,38649.0,0.0,100.0,"bernanl, diego",,0.0,right_only,,,,klarner_fallback
TX,2016,house,124,,,,,,,,,,,,,,,,,,,,,,38622.0,0.0,100.0,"minjarez, ina",,0.0,right_only,,,,klarner_fallback
TX,2016,house,125,,,,,,,,,,,,,,,,,,,,,,38774.0,0.0,100.0,"rodriguez, justin",,1.0,right_only,,,,klarner_fallback
TX,2016,house,126,23991.0,35528.0,-19.38372620507737,Joy Dawson-Thomas,Kevin Roberts,0.0,0.0,0.0,True,0.0,1.0,0.0,0.0,,,,Texas official returns normalized by the Texas project,external://texas-state-house-and-state-senate-model/data/processed/elections/sos_canonical_candidate_totals_1992_2018.csv,Texas Secretary of State candidate-total exports,Texas official/canonical candidate and full-history incumbency exports,source_observed,23991.0,35528.0,-19.38372620507737,"dawsonthomas, joy","roberts, kevin",0.0,both,0.0,0.0,0.0,texas_official_upstream
TX,2016,house,127,,,,,,,,,,,,,,,,,,,,,,0.0,49712.0,-100.0,,"huberty, dan",-1.0,right_only,,,,klarner_fallback
TX,2016,house,128,,,,,,,,,,,,,,,,,,,,,,0.0,42287.0,-100.0,,"cain, briscoe",0.0,right_only,,,,klarner_fallback
TX,2016,house,129,,,,,,,,,,,,,,,,,,,,,,0.0,47339.0,-100.0,,"paul, dennis",-1.0,right_only,,,,klarner_fallback
TX,2016,house,130,,,,,,,,,,,,,,,,,,,,,,0.0,62952.0,-100.0,,"oliverson, tom",0.0,right_only,,,,klarner_fallback
TX,2016,house,131,,,,,,,,,,,,,,,,,,,,,,40583.0,0.0,100.0,"allen, alma a",,1.0,right_only,,,,klarner_fallback
TX,2016,house,132,,,,,,,,,,,,,,,,,,,,,,0.0,40001.0,-100.0,,"schofield, mike",-1.0,right_only,,,,klarner_fallback
TX,2016,house,133,,,,,,,,,,,,,,,,,,,,,,0.0,54471.0,-100.0,,"murphy, jim",-1.0,right_only,,,,klarner_fallback
TX,2016,house,134,38958.0,48192.0,-10.59552495697074,Ben Rose,Sarah Davis,0.0,1.0,-1.0,True,0.0,1.0,0.0,0.0,,,,Texas official returns normalized by the Texas project,external://texas-state-house-and-state-senate-model/data/processed/elections/sos_canonical_candidate_totals_1992_2018.csv,Texas Secretary of State candidate-total exports,Texas official/canonical candidate and full-history incumbency exports,source_observed,38958.0,48192.0,-10.59552495697074,"rose, ben","davis, sarah",-1.0,both,0.0,0.0,0.0,texas_official_upstream
TX,2016,house,135,26905.0,32682.0,-9.695067716112575,Jesse A. Ybanez,Gary Elkins,0.0,1.0,-1.0,True,0.0,1.0,0.0,0.0,,,,Texas official returns normalized by the Texas project,external://texas-state-house-and-state-senate-model/data/processed/elections/sos_canonical_candidate_totals_1992_2018.csv,Texas Secretary of State candidate-total exports,Texas official/canonical candidate and full-history incumbency exports,source_observed,26905.0,32682.0,-9.695067716112575,"ybanez, jesse a","elkins, gary",-1.0,both,0.0,0.0,0.0,texas_official_upstream
TX,2016,house,136,34077.0,41643.0,-9.992076069730587,Paul R. Gordon,Tony Dale,0.0,1.0,-1.0,True,0.0,1.0,0.0,0.0,,,,Texas official returns normalized by the Texas project,external://texas-state-house-and-state-senate-model/data/processed/elections/sos_canonical_candidate_totals_1992_2018.csv,Texas Secretary of State candidate-total exports,Texas official/canonical candidate and full-history incumbency exports,source_observed,34077.0,41643.0,-9.992076069730587,"gordon, paul r","dale, anthony",-1.0,both,0.0,0.0,0.0,texas_official_upstream
TX,2016,house,137,18088.0,8178.0,37.729383994517626,Gene Wu,Kendall L. Baker,1.0,0.0,1.0,True,1.0,0.0,0.0,0.0,,,,Texas official returns normalized by the Texas project,external://texas-state-house-and-state-senate-model/data/processed/elections/sos_canonical_candidate_totals_1992_2018.csv,Texas Secretary of State candidate-total exports,Texas official/canonical candidate and full-history incumbency exports,source_observed,18088.0,8178.0,37.729383994517626,"wu, gene","baker, kendall l",1.0,both,0.0,0.0,0.0,texas_official_upstream
TX,2016,house,138,,,,,,,,,,,,,,,,,,,,,,0.0,31958.0,-100.0,,"bohac, dwayne",-1.0,right_only,,,,klarner_fallback
TX,2016,house,139,,,,,,,,,,,,,,,,,,,,,,41913.0,0.0,100.0,"johnson, jarvis d",,0.0,right_only,,,,klarner_fallback
TX,2016,house,140,,,,,,,,,,,,,,,,,,,,,,22349.0,0.0,100.0,"luciowalle, armando l",,1.0,right_only,,,,klarner_fallback
TX,2016,house,141,,,,,,,,,,,,,,,,,,,,,,33831.0,0.0,100.0,"thompson, senfronia 1",,1.0,right_only,,,,klarner_fallback
TX,2016,house,142,,,,,,,,,,,,,,,,,,,,,,36280.0,0.0,100.0,"dutton, harold v, jr",,1.0,right_only,,,,klarner_fallback
TX,2016,house,143,,,,,,,,,,,,,,,,,,,,,,26247.0,0.0,100.0,"hernandez, ana l",,1.0,right_only,,,,klarner_fallback
TX,2016,house,144,16287.0,10745.0,20.501627700503107,Mary Ann Perez,Gilbert Pena,0.0,1.0,-1.0,True,1.0,0.0,0.0,0.0,,,,Texas official returns normalized by the Texas project,external://texas-state-house-and-state-senate-model/data/processed/elections/sos_canonical_candidate_totals_1992_2018.csv,Texas Secretary of State candidate-total exports,Texas official/canonical candidate and full-history incumbency exports,source_observed,16287.0,10745.0,20.501627700503107,"perez, mary a","pena, gilbert",-1.0,both,0.0,0.0,0.0,texas_official_upstream
TX,2016,house,145,,,,,,,,,,,,,,,,,,,,,,25838.0,0.0,100.0,"alvarado, carol",,1.0,right_only,,,,klarner_fallback
TX,2016,house,146,,,,,,,,,,,,,,,,,,,,,,39452.0,0.0,100.0,"thierry, shawn n",,0.0,right_only,,,,klarner_fallback
TX,2016,house,147,43900.0,11985.0,57.10834749932898,Garnet F. Coleman,Matt Murphy,1.0,0.0,1.0,True,1.0,0.0,0.0,0.0,,,,Texas official returns normalized by the Texas project,external://texas-state-house-and-state-senate-model/data/processed/elections/sos_canonical_candidate_totals_1992_2018.csv,Texas Secretary of State candidate-total exports,Texas official/canonical candidate and full-history incumbency exports,source_observed,43900.0,11985.0,57.10834749932898,"coleman, garnet f","murphy, matt",1.0,both,0.0,0.0,0.0,texas_official_upstream
TX,2016,house,148,,,,,,,,,,,,,,,,,,,,,,33633.0,0.0,100.0,"farrar, jessica c",,1.0,right_only,,,,klarner_fallback
TX,2016,house,149,27613.0,15840.0,27.093641405656687,Hubert Vo,Bryan Chu,1.0,0.0,1.0,True,1.0,0.0,0.0,0.0,,,,Texas official returns normalized by the Texas project,external://texas-state-house-and-state-senate-model/data/processed/elections/sos_canonical_candidate_totals_1992_2018.csv,Texas Secretary of State candidate-total exports,Texas official/canonical candidate and full-history incumbency exports,source_observed,27613.0,15840.0,27.093641405656687,"vo, hubert","chu, bryan",1.0,both,0.0,0.0,0.0,texas_official_upstream
TX,2016,house,150,27893.0,47892.0,-26.389127135976775,Michael Shawn Kelly,Valoree Swanson,0.0,0.0,0.0,True,0.0,1.0,0.0,0.0,,,,Texas official returns normalized by the Texas project,external://texas-state-house-and-state-senate-model/data/processed/elections/sos_canonical_candidate_totals_1992_2018.csv,Texas Secretary of State candidate-total exports,Texas official/canonical candidate and full-history incumbency exports,source_observed,27893.0,47892.0,-26.389127135976775,"kelly, michael s","swanson, valoree",0.0,both,0.0,0.0,0.0,texas_official_upstream
TX,2016,senate,1,,,,,,,,,,,,,,,,,,,,,,0.0,245648.0,-100.0,,"hughes, bryan",0.0,right_only,,,,klarner_fallback
TX,2016,senate,4,,,,,,,,,,,,,,,,,,,,,,0.0,239869.0,-100.0,,"creighton, c brandon",0.0,right_only,,,,klarner_fallback
TX,2016,senate,6,,,,,,,,,,,,,,,,,,,,,,119891.0,0.0,100.0,"garcia, sylvia r",,0.0,right_only,,,,klarner_fallback
TX,2016,senate,11,,,,,,,,,,,,,,,,,,,,,,0.0,218201.0,-100.0,,"taylor, larry",-1.0,right_only,,,,klarner_fallback
TX,2016,senate,12,,,,,,,,,,,,,,,,,,,,,,0.0,241232.0,-100.0,,"nelson, jane",-1.0,right_only,,,,klarner_fallback
TX,2016,senate,13,,,,,,,,,,,,,,,,,,,,,,178277.0,0.0,100.0,"miles, borris l",,0.0,right_only,,,,klarner_fallback
TX,2016,senate,18,,,,,,,,,,,,,,,,,,,,,,0.0,229051.0,-100.0,,"kolkhorst, lois w",0.0,right_only,,,,klarner_fallback
TX,2016,senate,19,134997.0,97682.0,16.037115511068897,Carlos I. Uresti,Peter P. Flores,1.0,0.0,1.0,True,1.0,0.0,0.0,0.0,,,,Texas official returns normalized by the Texas project,external://texas-state-house-and-state-senate-model/data/processed/elections/sos_canonical_candidate_totals_1992_2018.csv,Texas Secretary of State candidate-total exports,Texas official/canonical candidate and full-history incumbency exports,source_observed,134997.0,97682.0,16.037115511068897,"uresti, carlos i (charlie)","flores, peter p",1.0,both,0.0,0.0,0.0,texas_official_upstream
TX,2016,senate,20,132128.0,82098.0,23.353841270434028,"Juan ""Chuy"" Hinojosa",Velma A. Arellano,1.0,0.0,1.0,True,1.0,0.0,0.0,0.0,,,,Texas official returns normalized by the Texas project,external://texas-state-house-and-state-senate-model/data/processed/elections/sos_canonical_candidate_totals_1992_2018.csv,Texas Secretary of State candidate-total exports,Texas official/canonical candidate and full-history incumbency exports,source_observed,132128.0,82098.0,23.353841270434028,"hinojosa, juan (chuy)","arellano, velma a",1.0,both,0.0,0.0,0.0,texas_official_upstream
TX,2016,senate,21,,,,,,,,,,,,,,,,,,,,,,160959.0,0.0,100.0,"zaffirini, judith",,1.0,right_only,,,,klarner_fallback
TX,2016,senate,22,88769.0,211380.0,-40.85004447790931,Michael Collins,Brian Birdwell,0.0,1.0,-1.0,True,0.0,1.0,0.0,0.0,,,,Texas official returns normalized by the Texas project,external://texas-state-house-and-state-senate-model/data/processed/elections/sos_canonical_candidate_totals_1992_2018.csv,Texas Secretary of State candidate-total exports,Texas official/canonical candidate and full-history incumbency exports,source_observed,88769.0,211380.0,-40.85004447790931,"collins, michael","birdwell, brian",-1.0,both,0.0,0.0,0.0,texas_official_upstream
TX,2016,senate,24,81836.0,214568.0,-44.78077218930919,"Virginia ""Jennie Lou"" Leeder",Dawn Buckingham,0.0,0.0,0.0,True,0.0,1.0,0.0,0.0,,,,Texas official returns normalized by the Texas project,external://texas-state-house-and-state-senate-model/data/processed/elections/sos_canonical_candidate_totals_1992_2018.csv,Texas Secretary of State candidate-total exports,Texas official/canonical candidate and full-history incumbency exports,source_observed,81836.0,214568.0,-44.78077218930919,"leeder, virginia l (jennie)","buckingham, dawn",0.0,both,0.0,0.0,0.0,texas_official_upstream
TX,2016,senate,26,,,,,,,,,,,,,,,,,,,,,,155441.0,0.0,100.0,"menendez, jose",,0.0,right_only,,,,klarner_fallback
TX,2016,senate,27,,,,,,,,,,,,,,,,,,,,,,135945.0,0.0,100.0,"lucio, eddie, jr 1",,1.0,right_only,,,,klarner_fallback
TX,2016,senate,28,,,,,,,,,,,,,,,,,,,,,,0.0,205512.0,-100.0,,"perry, charles",0.0,right_only,,,,klarner_fallback
TX,2016,senate,29,,,,,,,,,,,,,,,,,,,,,,167169.0,0.0,100.0,"rodriguez, jose r",,1.0,right_only,,,,klarner_fallback
TX,2018,house,1,,,,,,,,,,,,,,,,,,,,,,0.0,43340.0,-100.0,,"vandeaver, gary",-1.0,right_only,,,,klarner_fallback
TX,2018,house,2,11432.0,45843.0,-60.080314273243125,Bill Brannon,Dan Flynn,0.0,1.0,-1.0,True,0.0,1.0,0.0,0.0,,,,Texas official returns normalized by the Texas project,external://texas-state-house-and-state-senate-model/data/processed/elections/sos_canonical_candidate_totals_1992_2018.csv,Texas Secretary of State candidate-total exports,Texas official/canonical candidate and full-history incumbency exports,source_observed,11432.0,45843.0,-60.080314273243125,"brannon, bill","flynn, dan",-1.0,both,0.0,0.0,0.0,texas_official_upstream
TX,2018,house,3,15352.0,48619.0,-52.00325147332385,Lisa Seger,Cecil Bell Jr,0.0,1.0,-1.0,True,0.0,1.0,0.0,0.0,,,,Texas official returns normalized by the Texas project,external://texas-state-house-and-state-senate-model/data/processed/elections/sos_canonical_candidate_totals_1992_2018.csv,Texas Secretary of State candidate-total exports,Texas official/canonical candidate and full-history incumbency exports,source_observed,15352.0,48619.0,-52.00325147332385,"seger, lisa","bell, cecil, jr",-1.0,both,0.0,0.0,0.0,texas_official_upstream
TX,2018,house,4,14581.0,44669.0,-50.78143459915612,Eston Williams,Keith Bell,0.0,0.0,0.0,True,0.0,1.0,0.0,0.0,,,,Texas official returns normalized by the Texas project,external://texas-state-house-and-state-senate-model/data/processed/elections/sos_canonical_candidate_totals_1992_2018.csv,Texas Secretary of State candidate-total exports,Texas official/canonical candidate and full-history incumbency exports,source_observed,14581.0,44669.0,-50.78143459915612,"williams, eston","bell, keith",0.0,both,0.0,0.0,0.0,texas_official_upstream
TX,2018,house,5,11610.0,44604.0,-58.693563880883765,Bill Liebbe,Cole Hefner,0.0,1.0,-1.0,True,0.0,1.0,0.0,0.0,,,,Texas official returns normalized by the Texas project,external://texas-state-house-and-state-senate-model/data/processed/elections/sos_canonical_candidate_totals_1992_2018.csv,Texas Secretary of State candidate-total exports,Texas official/canonical candidate and full-history incumbency exports,source_observed,11610.0,44604.0,-58.693563880883765,"liebbe, bill","hefner, cole",-1.0,both,0.0,0.0,0.0,texas_official_upstream
TX,2018,house,6,,,,,,,,,,,,,,,,,,,,,,0.0,37172.0,-100.0,,"schaefer, matt",-1.0,right_only,,,,klarner_fallback
TX,2018,house,7,,,,,,,,,,,,,,,,,,,,,,0.0,39588.0,-100.0,,"dean, jay",-1.0,right_only,,,,klarner_fallback
TX,2018,house,8,10171.0,36535.0,-56.446709202243824,Wesley D. Ratcliff,Cody Harris,0.0,0.0,0.0,True,0.0,1.0,0.0,0.0,,,,Texas official returns normalized by the Texas project,external://texas-state-house-and-state-senate-model/data/processed/elections/sos_canonical_candidate_totals_1992_2018.csv,Texas Secretary of State candidate-total exports,Texas official/canonical candidate and full-history incumbency exports,source_observed,10171.0,36535.0,-56.446709202243824,"ratcliff, wesley d","harris, cody",0.0,both,0.0,0.0,0.0,texas_official_upstream
TX,2018,house,9,,,,,,,,,,,,,,,,,,,,,,0.0,45918.0,-100.0,,"paddie, chris",-1.0,right_only,,,,klarner_fallback
TX,2018,house,10,17445.0,44652.0,-43.813710807285375,Kimberly Emery,John Wray,0.0,1.0,-1.0,True,0.0,1.0,0.0,0.0,,,,Texas official returns normalized by the Texas project,external://texas-state-house-and-state-senate-model/data/processed/elections/sos_canonical_candidate_totals_1992_2018.csv,Texas Secretary of State candidate-total exports,Texas official/canonical candidate and full-history incumbency exports,source_observed,17445.0,44652.0,-43.813710807285375,"emery, kimberly","wray, john",-1.0,both,0.0,0.0,0.0,texas_official_upstream
TX,2018,house,11,13350.0,38716.0,-48.71893366112242,Alec Johnson,Travis Clardy,0.0,1.0,-1.0,True,0.0,1.0,0.0,0.0,,,,Texas official returns normalized by the Texas project,external://texas-state-house-and-state-senate-model/data/processed/elections/sos_canonical_candidate_totals_1992_2018.csv,Texas Secretary of State candidate-total exports,Texas official/canonical candidate and full-history incumbency exports,source_observed,13350.0,38716.0,-48.71893366112242,"johnson, alec","clardy, travis",-1.0,both,0.0,0.0,0.0,texas_official_upstream
TX,2018,house,12,15855.0,33063.0,-35.177235373482155,Marianne Arnold,Kyle Kacal,0.0,1.0,-1.0,True,0.0,1.0,0.0,0.0,,,,Texas official returns normalized by the Texas project,external://texas-state-house-and-state-senate-model/data/processed/elections/sos_canonical_candidate_totals_1992_2018.csv,Texas Secretary of State candidate-total exports,Texas official/canonical candidate and full-history incumbency exports,source_observed,15855.0,33063.0,-35.177235373482155,"arnold, marianne","kacal, kyle j",-1.0,both,0.0,0.0,0.0,texas_official_upstream
TX,2018,house,13,13494.0,51126.0,-58.235840297121634,"Cecil Ray Webster, Sr.",Ben Leman,0.0,1.0,-1.0,True,0.0,1.0,0.0,0.0,,,,Texas official returns normalized by the Texas project,external://texas-state-house-and-state-senate-model/data/processed/elections/sos_canonical_candidate_totals_1992_2018.csv,Texas Secretary of State candidate-total exports,Texas official/canonical candidate and full-history incumbency exports,source_observed,13494.0,51126.0,-58.235840297121634,"raywebster, cecil r, sr","leman, ben",0.0,both,0.0,0.0,0.0,texas_official_upstream
TX,2018,house,14,20817.0,26906.0,-12.75904700039813,Josh Wilkinson,John Raney,0.0,1.0,-1.0,True,0.0,1.0,0.0,0.0,,,,Texas official returns normalized by the Texas project,external://texas-state-house-and-state-senate-model/data/processed/elections/sos_canonical_candidate_totals_1992_2018.csv,Texas Secretary of State candidate-total exports,Texas official/canonical candidate and full-history incumbency exports,source_observed,20817.0,26906.0,-12.75904700039813,"wilkinson, josh","raney, john",-1.0,both,0.0,0.0,0.0,texas_official_upstream
TX,2018,house,15,25915.0,52975.0,-34.30092533907973,Lorena Perez McGill,Steve Toth,0.0,0.0,0.0,True,0.0,1.0,0.0,0.0,,,,Texas official returns normalized by the Texas project,external://texas-state-house-and-state-senate-model/data/processed/elections/sos_canonical_candidate_totals_1992_2018.csv,Texas Secretary of State candidate-total exports,Texas official/canonical candidate and full-history incumbency exports,source_observed,25915.0,52975.0,-34.30092533907973,"perezmcgill, lorena","toth, steve",0.0,both,0.0,0.0,0.0,texas_official_upstream
TX,2018,house,16,12059.0,49233.0,-60.65065587678653,Mike Midler,Will Metcalf,0.0,1.0,-1.0,True,0.0,1.0,0.0,0.0,,,,Texas official returns normalized by the Texas project,external://texas-state-house-and-state-senate-model/data/processed/elections/sos_canonical_candidate_totals_1992_2018.csv,Texas Secretary of State candidate-total exports,Texas official/canonical candidate and full-history incumbency exports,source_observed,12059.0,49233.0,-60.65065587678653,"midler, mike","metcalf, will",-1.0,both,0.0,0.0,0.0,texas_official_upstream
TX,2018,house,17,20069.0,33522.0,-25.10309566904891,Michelle Ryan,John P. Cyrier,0.0,1.0,-1.0,True,0.0,1.0,0.0,0.0,,,,Texas official returns normalized by the Texas project,external://texas-state-house-and-state-senate-model/data/processed/elections/sos_canonical_candidate_totals_1992_2018.csv,Texas Secretary of State candidate-total exports,Texas official/canonical candidate and full-history incumbency exports,source_observed,20069.0,33522.0,-25.10309566904891,"ryan, michelle","cyrier, john p",-1.0,both,0.0,0.0,0.0,texas_official_upstream
TX,2018,house,18,11559.0,35597.0,-50.97548562219018,Fred Lemond,Ernest Bailes,0.0,1.0,-1.0,True,0.0,1.0,0.0,0.0,,,,Texas official returns normalized by the Texas project,external://texas-state-house-and-state-senate-model/data/processed/elections/sos_canonical_candidate_totals_1992_2018.csv,Texas Secretary of State candidate-total exports,Texas official/canonical candidate and full-history incumbency exports,source_observed,11559.0,35597.0,-50.97548562219018,"lemond, fred","bailes, ernest",-1.0,both,0.0,0.0,0.0,texas_official_upstream
TX,2018,house,19,10112.0,50046.0,-66.38186109910569,Sherry Williams,James White,0.0,1.0,-1.0,True,0.0,1.0,0.0,0.0,,,,Texas official returns normalized by the Texas project,external://texas-state-house-and-state-senate-model/data/processed/elections/sos_canonical_candidate_totals_1992_2018.csv,Texas Secretary of State candidate-total exports,Texas official/canonical candidate and full-history incumbency exports,source_observed,10112.0,50046.0,-66.38186109910569,"williams, sherry","white, james e",-1.0,both,0.0,0.0,0.0,texas_official_upstream
TX,2018,house,20,23069.0,57885.0,-43.00713985720286,Stephen M. Wyman,Terry M. Wilson,0.0,1.0,-1.0,True,0.0,1.0,0.0,0.0,,,,Texas official returns normalized by the Texas project,external://texas-state-house-and-state-senate-model/data/processed/elections/sos_canonical_candidate_totals_1992_2018.csv,Texas Secretary of State candidate-total exports,Texas official/canonical candidate and full-history incumbency exports,source_observed,23069.0,57885.0,-43.00713985720286,"wyman, stephen m","wilson, terry m",-1.0,both,0.0,0.0,0.0,texas_official_upstream
TX,2018,house,21,,,,,,,,,,,,,,,,,,,,,,0.0,46435.0,-100.0,,"phelan, dade",-1.0,right_only,,,,klarner_fallback
TX,2018,house,22,,,,,,,,,,,,,,,,,,,,,,31441.0,0.0,100.0,"deshotel, joseph (joe)",,1.0,right_only,,,,klarner_fallback
TX,2018,house,23,24181.0,32951.0,-15.350416579150039,Amanda Jamrok,Mayes Middleton,0.0,0.0,0.0,True,0.0,1.0,0.0,0.0,,,,Texas official returns normalized by the Texas project,external://texas-state-house-and-state-senate-model/data/processed/elections/sos_canonical_candidate_totals_1992_2018.csv,Texas Secretary of State candidate-total exports,Texas official/canonical candidate and full-history incumbency exports,source_observed,24181.0,32951.0,-15.350416579150039,"jamrok, amanda","middleton, mayes",0.0,both,0.0,0.0,0.0,texas_official_upstream
TX,2018,house,24,19586.0,48045.0,-42.07981546923748,John Y. Phelps,Greg Bonnen,0.0,1.0,-1.0,True,0.0,1.0,0.0,0.0,,,,Texas official returns normalized by the Texas project,external://texas-state-house-and-state-senate-model/data/processed/elections/sos_canonical_candidate_totals_1992_2018.csv,Texas Secretary of State candidate-total exports,Texas official/canonical candidate and full-history incumbency exports,source_observed,19586.0,48045.0,-42.07981546923748,"phelps, john y","bonnen, greg",-1.0,both,0.0,0.0,0.0,texas_official_upstream
TX,2018,house,25,,,,,,,,,,,,,,,,,,,,,,0.0,40902.0,-100.0,,"bonnen, dennis",-1.0,right_only,,,,klarner_fallback
TX,2018,house,26,31330.0,34504.0,-4.821217000334173,L. SARAH DEMERCHANT,"D.F. ""Rick"" Miller",0.0,1.0,-1.0,True,0.0,1.0,0.0,0.0,,,,Texas official returns normalized by the Texas project,external://texas-state-house-and-state-senate-model/data/processed/elections/sos_canonical_candidate_totals_1992_2018.csv,Texas Secretary of State candidate-total exports,Texas official/canonical candidate and full-history incumbency exports,source_observed,31330.0,34504.0,-4.821217000334173,"demerchant, l sarah (sarah)","miller, rick f (rick)",-1.0,both,0.0,0.0,0.0,texas_official_upstream
TX,2018,house,27,,,,,,,,,,,,,,,,,,,,,,47450.0,0.0,100.0,"reynolds, ronald (ron)",,1.0,right_only,,,,klarner_fallback
TX,2018,house,28,37584.0,44414.0,-8.329471450523183,MEGHAN SCOGGINS,John Zerwas,0.0,1.0,-1.0,True,0.0,1.0,0.0,0.0,,,,Texas official returns normalized by the Texas project,external://texas-state-house-and-state-senate-model/data/processed/elections/sos_canonical_candidate_totals_1992_2018.csv,Texas Secretary of State candidate-total exports,Texas official/canonical candidate and full-history incumbency exports,source_observed,37584.0,44414.0,-8.329471450523183,"scoggins, meghan","zerwas, john",-1.0,both,0.0,0.0,0.0,texas_official_upstream
TX,2018,house,29,,,,,,,,,,,,,,,,,,,,,,0.0,46810.0,-100.0,,"thompson, ed",-1.0,right_only,,,,klarner_fallback
TX,2018,house,30,13430.0,39653.0,-49.39999623231543,Robin Hayter,Geanie W. Morrison,0.0,1.0,-1.0,True,0.0,1.0,0.0,0.0,,,,Texas official returns normalized by the Texas project,external://texas-state-house-and-state-senate-model/data/processed/elections/sos_canonical_candidate_totals_1992_2018.csv,Texas Secretary of State candidate-total exports,Texas official/canonical candidate and full-history incumbency exports,source_observed,13430.0,39653.0,-49.39999623231543,"hayter, robin","morrison, geanie w",-1.0,both,0.0,0.0,0.0,texas_official_upstream
TX,2018,house,31,,,,,,,,,,,,,,,,,,,,,,27492.0,0.0,100.0,"guillen, ryan",,1.0,right_only,,,,klarner_fallback
TX,2018,house,32,,,,,,,,,,,,,,,,,,,,,,0.0,38359.0,-100.0,,"hunter, todd a",-1.0,right_only,,,,klarner_fallback
TX,2018,house,33,29013.0,53870.0,-29.990468491729306,Laura Gunn,Justin Holland,0.0,1.0,-1.0,True,0.0,1.0,0.0,0.0,,,,Texas official returns normalized by the Texas project,external://texas-state-house-and-state-senate-model/data/processed/elections/sos_canonical_candidate_totals_1992_2018.csv,Texas Secretary of State candidate-total exports,Texas official/canonical candidate and full-history incumbency exports,source_observed,29013.0,53870.0,-29.990468491729306,"gunn, laura","holland, justin m",-1.0,both,0.0,0.0,0.0,texas_official_upstream
TX,2018,house,34,25246.0,16065.0,22.224104959938032,Abel Herrero,Chris Hale,1.0,0.0,1.0,True,1.0,0.0,0.0,0.0,,,,Texas official returns normalized by the Texas project,external://texas-state-house-and-state-senate-model/data/processed/elections/sos_canonical_candidate_totals_1992_2018.csv,Texas Secretary of State candidate-total exports,Texas official/canonical candidate and full-history incumbency exports,source_observed,25246.0,16065.0,22.224104959938032,"herrero, abel","hale, chris",1.0,both,0.0,0.0,0.0,texas_official_upstream
TX,2018,house,35,,,,,,,,,,,,,,,,,,,,,,23351.0,0.0,100.0,"longoria, oscar",,1.0,right_only,,,,klarner_fallback
TX,2018,house,36,,,,,,,,,,,,,,,,,,,,,,25971.0,0.0,100.0,"munoz, sergio, jr 2",,1.0,right_only,,,,klarner_fallback
TX,2018,house,37,,,,,,,,,,,,,,,,,,,,,,20314.0,0.0,100.0,"dominguez, alex",,0.0,right_only,,,,klarner_fallback
TX,2018,house,38,,,,,,,,,,,,,,,,,,,,,,25019.0,0.0,100.0,"lucio, eddie, iii 2",,1.0,right_only,,,,klarner_fallback
TX,2018,house,39,,,,,,,,,,,,,,,,,,,,,,25822.0,0.0,100.0,"martinez, armando m (mando)",,1.0,right_only,,,,klarner_fallback
TX,2018,house,40,,,,,,,,,,,,,,,,,,,,,,24252.0,0.0,100.0,"canales, terry 2",,1.0,right_only,,,,klarner_fallback
TX,2018,house,41,24804.0,15535.0,22.977763454721238,Bobby Guerra,Hilda Garza DeShazo,1.0,0.0,1.0,True,1.0,0.0,0.0,0.0,,,,Texas official returns normalized by the Texas project,external://texas-state-house-and-state-senate-model/data/processed/elections/sos_canonical_candidate_totals_1992_2018.csv,Texas Secretary of State candidate-total exports,Texas official/canonical candidate and full-history incumbency exports,source_observed,24804.0,15535.0,22.977763454721238,"guerra, robert (bobby)","garzadeshazo, hilda",1.0,both,0.0,0.0,0.0,texas_official_upstream
TX,2018,house,42,25392.0,8778.0,48.6215978928885,Richard Peña Raymond,Luis De La Garza,1.0,0.0,1.0,True,1.0,0.0,0.0,0.0,,,,Texas official returns normalized by the Texas project,external://texas-state-house-and-state-senate-model/data/processed/elections/sos_canonical_candidate_totals_1992_2018.csv,Texas Secretary of State candidate-total exports,Texas official/canonical candidate and full-history incumbency exports,source_observed,25392.0,8778.0,48.6215978928885,"penaraymond, richard p","delagarza, luis",1.0,both,0.0,0.0,0.0,texas_official_upstream
TX,2018,house,43,16854.0,26490.0,-22.231450719822814,Dee Ann Torres Miller,J.M. Lozano,0.0,1.0,-1.0,True,0.0,1.0,0.0,0.0,,,,Texas official returns normalized by the Texas project,external://texas-state-house-and-state-senate-model/data/processed/elections/sos_canonical_candidate_totals_1992_2018.csv,Texas Secretary of State candidate-total exports,Texas official/canonical candidate and full-history incumbency exports,source_observed,16854.0,26490.0,-22.231450719822814,"torresmiller, dee a","lozano, jm m 1",-1.0,both,0.0,0.0,0.0,texas_official_upstream
TX,2018,house,44,22253.0,48704.0,-37.27750609524078,John D. Rodgers,John Kuempel,0.0,1.0,-1.0,True,0.0,1.0,0.0,0.0,,,,Texas official returns normalized by the Texas project,external://texas-state-house-and-state-senate-model/data/processed/elections/sos_canonical_candidate_totals_1992_2018.csv,Texas Secretary of State candidate-total exports,Texas official/canonical candidate and full-history incumbency exports,source_observed,22253.0,48704.0,-37.27750609524078,"rodgers, john d","kuempel, john",-1.0,both,0.0,0.0,0.0,texas_official_upstream
TX,2018,house,45,43207.0,40531.0,3.1956817693281425,Erin Zwiener,Ken Strange,0.0,0.0,0.0,True,1.0,0.0,0.0,0.0,,,,Texas official returns normalized by the Texas project,external://texas-state-house-and-state-senate-model/data/processed/elections/sos_canonical_candidate_totals_1992_2018.csv,Texas Secretary of State candidate-total exports,Texas official/canonical candidate and full-history incumbency exports,source_observed,43207.0,40531.0,3.1956817693281425,"zwiener, erin","strange, ken",0.0,both,0.0,0.0,0.0,texas_official_upstream
TX,2018,house,46,46893.0,8525.0,69.23382294561334,Sheryl Cole,Gabriel Nila,0.0,0.0,0.0,True,1.0,0.0,0.0,0.0,,,,Texas official returns normalized by the Texas project,external://texas-state-house-and-state-senate-model/data/processed/elections/sos_canonical_candidate_totals_1992_2018.csv,Texas Secretary of State candidate-total exports,Texas official/canonical candidate and full-history incumbency exports,source_observed,46893.0,8525.0,69.23382294561334,"cole, sheryl","nila, gabriel",0.0,both,0.0,0.0,0.0,texas_official_upstream
TX,2018,house,47,55307.0,50244.0,4.796733332701727,Vikki Goodwin,Paul D. Workman,0.0,1.0,-1.0,True,1.0,0.0,0.0,0.0,,,,Texas official returns normalized by the Texas project,external://texas-state-house-and-state-senate-model/data/processed/elections/sos_canonical_candidate_totals_1992_2018.csv,Texas Secretary of State candidate-total exports,Texas official/canonical candidate and full-history incumbency exports,source_observed,55307.0,50244.0,4.796733332701727,"goodwin, vikki","workman, paul d",-1.0,both,0.0,0.0,0.0,texas_official_upstream
TX,2018,house,48,,,,,,,,,,,,,,,,,,,,,,67952.0,0.0,100.0,"howard, donna",,1.0,right_only,,,,klarner_fallback
TX,2018,house,49,76851.0,15736.0,66.00818689448843,Gina Hinojosa,Kyle Austin,1.0,0.0,1.0,True,1.0,0.0,0.0,0.0,,,,Texas official returns normalized by the Texas project,external://texas-state-house-and-state-senate-model/data/processed/elections/sos_canonical_candidate_totals_1992_2018.csv,Texas Secretary of State candidate-total exports,Texas official/canonical candidate and full-history incumbency exports,source_observed,76851.0,15736.0,66.00818689448843,"hinojosa, gina","austin, kyle",1.0,both,0.0,0.0,0.0,texas_official_upstream
TX,2018,house,50,,,,,,,,,,,,,,,,,,,,,,52652.0,0.0,100.0,"israel, celia",,1.0,right_only,,,,klarner_fallback
TX,2018,house,51,,,,,,,,,,,,,,,,,,,,,,50282.0,0.0,100.0,"rodriguez, eddie",,1.0,right_only,,,,klarner_fallback
TX,2018,house,52,36798.0,34340.0,3.455255981332059,James Talarico,Cynthia Flores,0.0,0.0,0.0,True,1.0,0.0,0.0,0.0,,,,Texas official returns normalized by the Texas project,external://texas-state-house-and-state-senate-model/data/processed/elections/sos_canonical_candidate_totals_1992_2018.csv,Texas Secretary of State candidate-total exports,Texas official/canonical candidate and full-history incumbency exports,source_observed,36798.0,34340.0,3.455255981332059,"talarico, james","flores, cynthia",0.0,both,0.0,0.0,0.0,texas_official_upstream
TX,2018,house,53,14449.0,52899.0,-57.09152461839995,Stephanie Lochte Ertel,Andrew S. Murr,0.0,1.0,-1.0,True,0.0,1.0,0.0,0.0,,,,Texas official returns normalized by the Texas project,external://texas-state-house-and-state-senate-model/data/processed/elections/sos_canonical_candidate_totals_1992_2018.csv,Texas Secretary of State candidate-total exports,Texas official/canonical candidate and full-history incumbency exports,source_observed,14449.0,52899.0,-57.09152461839995,"lochteertel, stephanie","murr, andrew s",-1.0,both,0.0,0.0,0.0,texas_official_upstream
TX,2018,house,54,22357.0,26037.0,-7.604248460552961,Kathy Richerson,Brad Buckley,0.0,0.0,0.0,True,0.0,1.0,0.0,0.0,,,,Texas official returns normalized by the Texas project,external://texas-state-house-and-state-senate-model/data/processed/elections/sos_canonical_candidate_totals_1992_2018.csv,Texas Secretary of State candidate-total exports,Texas official/canonical candidate and full-history incumbency exports,source_observed,22357.0,26037.0,-7.604248460552961,"richerson, kathy","buckley, brad",0.0,both,0.0,0.0,0.0,texas_official_upstream
TX,2018,house,55,,,,,,,,,,,,,,,,,,,,,,0.0,34297.0,-100.0,,"shine, hugh d",-1.0,right_only,,,,klarner_fallback
TX,2018,house,56,19713.0,37893.0,-31.559212582022706,Katherine Turner-Pearson,"Charles ""Doc"" Anderson",0.0,1.0,-1.0,True,0.0,1.0,0.0,0.0,,,,Texas official returns normalized by the Texas project,external://texas-state-house-and-state-senate-model/data/processed/elections/sos_canonical_candidate_totals_1992_2018.csv,Texas Secretary of State candidate-total exports,Texas official/canonical candidate and full-history incumbency exports,source_observed,19713.0,37893.0,-31.559212582022706,"turnerpearson, katherine","anderson, charles (doc)",-1.0,both,0.0,0.0,0.0,texas_official_upstream
TX,2018,house,57,10912.0,41158.0,-58.08719032072211,Jason Rogers,Trent Ashby,0.0,1.0,-1.0,True,0.0,1.0,0.0,0.0,,,,Texas official returns normalized by the Texas project,external://texas-state-house-and-state-senate-model/data/processed/elections/sos_canonical_candidate_totals_1992_2018.csv,Texas Secretary of State candidate-total exports,Texas official/canonical candidate and full-history incumbency exports,source_observed,10912.0,41158.0,-58.08719032072211,"rogers, jason","ashby, trent",-1.0,both,0.0,0.0,0.0,texas_official_upstream
TX,2018,house,58,,,,,,,,,,,,,,,,,,,,,,0.0,49255.0,-100.0,,"burns, dewayne",-1.0,right_only,,,,klarner_fallback
TX,2018,house,59,,,,,,,,,,,,,,,,,,,,,,0.0,39453.0,-100.0,,"sheffield, jd d",-1.0,right_only,,,,klarner_fallback
TX,2018,house,60,,,,,,,,,,,,,,,,,,,,,,0.0,56741.0,-100.0,,"lang, mike",-1.0,right_only,,,,klarner_fallback
TX,2018,house,61,,,,,,,,,,,,,,,,,,,,,,0.0,66735.0,-100.0,,"king, phil",-1.0,right_only,,,,klarner_fallback
TX,2018,house,62,12076.0,41994.0,-55.331977066765305,Valerie N. Hefner,Reggie Smith,0.0,0.0,0.0,True,0.0,1.0,0.0,0.0,,,,Texas official returns normalized by the Texas project,external://texas-state-house-and-state-senate-model/data/processed/elections/sos_canonical_candidate_totals_1992_2018.csv,Texas Secretary of State candidate-total exports,Texas official/canonical candidate and full-history incumbency exports,source_observed,12076.0,41994.0,-55.331977066765305,"hefner, valerie n","smith, reggie",0.0,both,0.0,0.0,0.0,texas_official_upstream
TX,2018,house,63,25944.0,52971.0,-34.248241779129444,Laura Haines,Tan Parker,0.0,1.0,-1.0,True,0.0,1.0,0.0,0.0,,,,Texas official returns normalized by the Texas project,external://texas-state-house-and-state-senate-model/data/processed/elections/sos_canonical_candidate_totals_1992_2018.csv,Texas Secretary of State candidate-total exports,Texas official/canonical candidate and full-history incumbency exports,source_observed,25944.0,52971.0,-34.248241779129444,"haines, laura","parker, tan",-1.0,both,0.0,0.0,0.0,texas_official_upstream
TX,2018,house,64,30535.0,36239.0,-8.542246982358403,Andrew Morris,Lynn Stucky,0.0,1.0,-1.0,True,0.0,1.0,0.0,0.0,,,,Texas official returns normalized by the Texas project,external://texas-state-house-and-state-senate-model/data/processed/elections/sos_canonical_candidate_totals_1992_2018.csv,Texas Secretary of State candidate-total exports,Texas official/canonical candidate and full-history incumbency exports,source_observed,30535.0,36239.0,-8.542246982358403,"morris, andrew","stucky, lynn",-1.0,both,0.0,0.0,0.0,texas_official_upstream
TX,2018,house,65,29972.0,28614.0,2.3179599221657052,Michelle Beckley,Ron Simmons,0.0,1.0,-1.0,True,1.0,0.0,0.0,0.0,,,,Texas official returns normalized by the Texas project,external://texas-state-house-and-state-senate-model/data/processed/elections/sos_canonical_candidate_totals_1992_2018.csv,Texas Secretary of State candidate-total exports,Texas official/canonical candidate and full-history incumbency exports,source_observed,29972.0,28614.0,2.3179599221657052,"beckley, michelle","simmons, ron",-1.0,both,0.0,0.0,0.0,texas_official_upstream
TX,2018,house,66,33991.0,34382.0,-0.5718631623594109,Sharon Hirsch,Matt Shaheen,0.0,1.0,-1.0,True,0.0,1.0,0.0,0.0,,,,Texas official returns normalized by the Texas project,external://texas-state-house-and-state-senate-model/data/processed/elections/sos_canonical_candidate_totals_1992_2018.csv,Texas Secretary of State candidate-total exports,Texas official/canonical candidate and full-history incumbency exports,source_observed,33991.0,34382.0,-0.5718631623594109,"hirsch, sharon","shaheen, matt",-1.0,both,0.0,0.0,0.0,texas_official_upstream
TX,2018,house,67,35596.0,37268.0,-2.2946859903381642,Sarah Depew,Jeff Leach,0.0,1.0,-1.0,True,0.0,1.0,0.0,0.0,,,,Texas official returns normalized by the Texas project,external://texas-state-house-and-state-senate-model/data/processed/elections/sos_canonical_candidate_totals_1992_2018.csv,Texas Secretary of State candidate-total exports,Texas official/canonical candidate and full-history incumbency exports,source_observed,35596.0,37268.0,-2.2946859903381642,"depew, sarah","leach, jeff",-1.0,both,0.0,0.0,0.0,texas_official_upstream
TX,2018,house,68,,,,,,,,,,,,,,,,,,,,,,0.0,45916.0,-100.0,,"springer, drew",-1.0,right_only,,,,klarner_fallback
TX,2018,house,69,,,,,,,,,,,,,,,,,,,,,,0.0,36068.0,-100.0,,"frank, james b",-1.0,right_only,,,,klarner_fallback
TX,2018,house,70,32543.0,52526.0,-23.490343133221266,Julie Luton,Scott Sanford,0.0,1.0,-1.0,True,0.0,1.0,0.0,0.0,,,,Texas official returns normalized by the Texas project,external://texas-state-house-and-state-senate-model/data/processed/elections/sos_canonical_candidate_totals_1992_2018.csv,Texas Secretary of State candidate-total exports,Texas official/canonical candidate and full-history incumbency exports,source_observed,32543.0,52526.0,-23.490343133221266,"luton, julie","sanford, scott",-1.0,both,0.0,0.0,0.0,texas_official_upstream
TX,2018,house,71,10828.0,38511.0,-56.10774438071303,Sam Hatton,Stan Lambert,0.0,1.0,-1.0,True,0.0,1.0,0.0,0.0,,,,Texas official returns normalized by the Texas project,external://texas-state-house-and-state-senate-model/data/processed/elections/sos_canonical_candidate_totals_1992_2018.csv,Texas Secretary of State candidate-total exports,Texas official/canonical candidate and full-history incumbency exports,source_observed,10828.0,38511.0,-56.10774438071303,"hatton, sam","lambert, stan",-1.0,both,0.0,0.0,0.0,texas_official_upstream
TX,2018,house,72,,,,,,,,,,,,,,,,,,,,,,0.0,41480.0,-100.0,,"darby, drew",-1.0,right_only,,,,klarner_fallback
TX,2018,house,73,23333.0,69203.0,-49.56989712112043,Stephanie Phillips,Kyle Biedermann,0.0,1.0,-1.0,True,0.0,1.0,0.0,0.0,,,,Texas official returns normalized by the Texas project,external://texas-state-house-and-state-senate-model/data/processed/elections/sos_canonical_candidate_totals_1992_2018.csv,Texas Secretary of State candidate-total exports,Texas official/canonical candidate and full-history incumbency exports,source_observed,23333.0,69203.0,-49.56989712112043,"phillips, stephanie","biedermann, kyle",-1.0,both,0.0,0.0,0.0,texas_official_upstream
TX,2018,house,74,,,,,,,,,,,,,,,,,,,,,,25439.0,0.0,100.0,"nevarez, poncho",,1.0,right_only,,,,klarner_fallback
TX,2018,house,75,,,,,,,,,,,,,,,,,,,,,,30201.0,0.0,100.0,"gonzalez, mary e",,1.0,right_only,,,,klarner_fallback
TX,2018,house,76,,,,,,,,,,,,,,,,,,,,,,29445.0,0.0,100.0,"blanco, cesar j",,1.0,right_only,,,,klarner_fallback
TX,2018,house,77,,,,,,,,,,,,,,,,,,,,,,27685.0,0.0,100.0,"ortega, evelina (lina)",,1.0,right_only,,,,klarner_fallback
TX,2018,house,78,31882.0,16987.0,30.479445046962287,Joe Moody,Jeffrey Lane,1.0,0.0,1.0,True,1.0,0.0,0.0,0.0,,,,Texas official returns normalized by the Texas project,external://texas-state-house-and-state-senate-model/data/processed/elections/sos_canonical_candidate_totals_1992_2018.csv,Texas Secretary of State candidate-total exports,Texas official/canonical candidate and full-history incumbency exports,source_observed,31882.0,16987.0,30.479445046962287,"moody, joseph e 2","lane, jeffrey",1.0,both,0.0,0.0,0.0,texas_official_upstream
TX,2018,house,79,,,,,,,,,,,,,,,,,,,,,,33015.0,0.0,100.0,"pickett, joseph c (joe)",,1.0,right_only,,,,klarner_fallback
TX,2018,house,80,,,,,,,,,,,,,,,,,,,,,,27781.0,0.0,100.0,"king, tracy o",,1.0,right_only,,,,klarner_fallback
TX,2018,house,81,9692.0,29063.0,-49.983227970584444,Armando Gamboa,Brooks Landgraf,0.0,1.0,-1.0,True,0.0,1.0,0.0,0.0,,,,Texas official returns normalized by the Texas project,external://texas-state-house-and-state-senate-model/data/processed/elections/sos_canonical_candidate_totals_1992_2018.csv,Texas Secretary of State candidate-total exports,Texas official/canonical candidate and full-history incumbency exports,source_observed,9692.0,29063.0,-49.983227970584444,"gamboa, armando","landgraf, brooks",-1.0,both,0.0,0.0,0.0,texas_official_upstream
TX,2018,house,82,9677.0,39030.0,-60.26443837641407,Spencer Bounds,Tom Craddick,0.0,1.0,-1.0,True,0.0,1.0,0.0,0.0,,,,Texas official returns normalized by the Texas project,external://texas-state-house-and-state-senate-model/data/processed/elections/sos_canonical_candidate_totals_1992_2018.csv,Texas Secretary of State candidate-total exports,Texas official/canonical candidate and full-history incumbency exports,source_observed,9677.0,39030.0,-60.26443837641407,"bounds, spencer","craddick, tom",-1.0,both,0.0,0.0,0.0,texas_official_upstream
TX,2018,house,83,13309.0,45379.0,-54.64490185387132,Drew Landry,Dustin Burrows,0.0,1.0,-1.0,True,0.0,1.0,0.0,0.0,,,,Texas official returns normalized by the Texas project,external://texas-state-house-and-state-senate-model/data/processed/elections/sos_canonical_candidate_totals_1992_2018.csv,Texas Secretary of State candidate-total exports,Texas official/canonical candidate and full-history incumbency exports,source_observed,13309.0,45379.0,-54.64490185387132,"landry, drew","burrows, dustin",-1.0,both,0.0,0.0,0.0,texas_official_upstream
TX,2018,house,84,18237.0,27528.0,-20.301540478531628,Samantha Carrillo Fields,John Frullo,0.0,1.0,-1.0,True,0.0,1.0,0.0,0.0,,,,Texas official returns normalized by the Texas project,external://texas-state-house-and-state-senate-model/data/processed/elections/sos_canonical_candidate_totals_1992_2018.csv,Texas Secretary of State candidate-total exports,Texas official/canonical candidate and full-history incumbency exports,source_observed,18237.0,27528.0,-20.301540478531628,"carrillofields, samantha","frullo, john",-1.0,both,0.0,0.0,0.0,texas_official_upstream
TX,2018,house,85,24668.0,32019.0,-12.967699825356783,Jennifer Cantu,Phil Stephenson,0.0,1.0,-1.0,True,0.0,1.0,0.0,0.0,,,,Texas official returns normalized by the Texas project,external://texas-state-house-and-state-senate-model/data/processed/elections/sos_canonical_candidate_totals_1992_2018.csv,Texas Secretary of State candidate-total exports,Texas official/canonical candidate and full-history incumbency exports,source_observed,24668.0,32019.0,-12.967699825356783,"cantu, jennifer","stephenson, phil",-1.0,both,0.0,0.0,0.0,texas_official_upstream
TX,2018,house,86,10221.0,46991.0,-64.26973362231699,Mike Purcell,John Smithee,0.0,1.0,-1.0,True,0.0,1.0,0.0,0.0,,,,Texas official returns normalized by the Texas project,external://texas-state-house-and-state-senate-model/data/processed/elections/sos_canonical_candidate_totals_1992_2018.csv,Texas Secretary of State candidate-total exports,Texas official/canonical candidate and full-history incumbency exports,source_observed,10221.0,46991.0,-64.26973362231699,"purcell, mike","smithee, john",-1.0,both,0.0,0.0,0.0,texas_official_upstream
TX,2018,house,87,,,,,,,,,,,,,,,,,,,,,,0.0,32314.0,-100.0,,"price, four",-1.0,right_only,,,,klarner_fallback
TX,2018,house,88,6486.0,33425.0,-67.49768234321365,Ezekiel Barron,Ken King,0.0,1.0,-1.0,True,0.0,1.0,0.0,0.0,,,,Texas official returns normalized by the Texas project,external://texas-state-house-and-state-senate-model/data/processed/elections/sos_canonical_candidate_totals_1992_2018.csv,Texas Secretary of State candidate-total exports,Texas official/canonical candidate and full-history incumbency exports,source_observed,6486.0,33425.0,-67.49768234321365,"barron, ezekiel","king, ken",-1.0,both,0.0,0.0,0.0,texas_official_upstream
TX,2018,house,89,30203.0,44445.0,-19.07887686207266,Ray Ash,Candy Noble,0.0,0.0,0.0,True,0.0,1.0,0.0,0.0,,,,Texas official returns normalized by the Texas project,external://texas-state-house-and-state-senate-model/data/processed/elections/sos_canonical_candidate_totals_1992_2018.csv,Texas Secretary of State candidate-total exports,Texas official/canonical candidate and full-history incumbency exports,source_observed,30203.0,44445.0,-19.07887686207266,"ash, ray","noble, candy",0.0,both,0.0,0.0,0.0,texas_official_upstream
TX,2018,house,90,,,,,,,,,,,,,,,,,,,,,,20728.0,0.0,100.0,"romero, ramon, jr",,1.0,right_only,,,,klarner_fallback
TX,2018,house,91,19905.0,34606.0,-26.968868668709067,Jeromey Sims,Stephanie Klick,0.0,1.0,-1.0,True,0.0,1.0,0.0,0.0,,,,Texas official returns normalized by the Texas project,external://texas-state-house-and-state-senate-model/data/processed/elections/sos_canonical_candidate_totals_1992_2018.csv,Texas Secretary of State candidate-total exports,Texas official/canonical candidate and full-history incumbency exports,source_observed,19905.0,34606.0,-26.968868668709067,"sims, jeromey","klick, stephanie",-1.0,both,0.0,0.0,0.0,texas_official_upstream
TX,2018,house,92,28327.0,29755.0,-2.4585930236562104,Steve Riddell,Jonathan Stickland,0.0,1.0,-1.0,True,0.0,1.0,0.0,0.0,,,,Texas official returns normalized by the Texas project,external://texas-state-house-and-state-senate-model/data/processed/elections/sos_canonical_candidate_totals_1992_2018.csv,Texas Secretary of State candidate-total exports,Texas official/canonical candidate and full-history incumbency exports,source_observed,28327.0,29755.0,-2.4585930236562104,"riddell, steve","stickland, jonathan",-1.0,both,0.0,0.0,0.0,texas_official_upstream
TX,2018,house,93,26445.0,30878.0,-7.733370549343196,Nancy Bean,Matt Krause,0.0,1.0,-1.0,True,0.0,1.0,0.0,0.0,,,,Texas official returns normalized by the Texas project,external://texas-state-house-and-state-senate-model/data/processed/elections/sos_canonical_candidate_totals_1992_2018.csv,Texas Secretary of State candidate-total exports,Texas official/canonical candidate and full-history incumbency exports,source_observed,26445.0,30878.0,-7.733370549343196,"bean, nancy","krause, matt",-1.0,both,0.0,0.0,0.0,texas_official_upstream
TX,2018,house,94,27145.0,32448.0,-8.898696155588743,Finnigan Jones,Tony Tinderholt,0.0,1.0,-1.0,True,0.0,1.0,0.0,0.0,,,,Texas official returns normalized by the Texas project,external://texas-state-house-and-state-senate-model/data/processed/elections/sos_canonical_candidate_totals_1992_2018.csv,Texas Secretary of State candidate-total exports,Texas official/canonical candidate and full-history incumbency exports,source_observed,27145.0,32448.0,-8.898696155588743,"jones, finnigan","tinderholt, tony",-1.0,both,0.0,0.0,0.0,texas_official_upstream
TX,2018,house,95,33022.0,9399.0,55.687041795337215,Nicole Collier,Stephen A. West,1.0,0.0,1.0,True,1.0,0.0,0.0,0.0,,,,Texas official returns normalized by the Texas project,external://texas-state-house-and-state-senate-model/data/processed/elections/sos_canonical_candidate_totals_1992_2018.csv,Texas Secretary of State candidate-total exports,Texas official/canonical candidate and full-history incumbency exports,source_observed,33022.0,9399.0,55.687041795337215,"collier, nicole","west, stephen a",1.0,both,0.0,0.0,0.0,texas_official_upstream
TX,2018,house,96,30360.0,32698.0,-3.707697675156205,Ryan E. Ray,Bill Zedler,0.0,1.0,-1.0,True,0.0,1.0,0.0,0.0,,,,Texas official returns normalized by the Texas project,external://texas-state-house-and-state-senate-model/data/processed/elections/sos_canonical_candidate_totals_1992_2018.csv,Texas Secretary of State candidate-total exports,Texas official/canonical candidate and full-history incumbency exports,source_observed,30360.0,32698.0,-3.707697675156205,"ray, ryan e","zedler, bill",-1.0,both,0.0,0.0,0.0,texas_official_upstream
TX,2018,house,97,29665.0,35171.0,-8.492195693750386,Beth Llewellyn McLaughlin,Craig Goldman,0.0,1.0,-1.0,True,0.0,1.0,0.0,0.0,,,,Texas official returns normalized by the Texas project,external://texas-state-house-and-state-senate-model/data/processed/elections/sos_canonical_candidate_totals_1992_2018.csv,Texas Secretary of State candidate-total exports,Texas official/canonical candidate and full-history incumbency exports,source_observed,29665.0,35171.0,-8.492195693750386,"llewellynmclaughlin, beth","goldman, craig",-1.0,both,0.0,0.0,0.0,texas_official_upstream
TX,2018,house,98,24417.0,56793.0,-39.867011451791655,Mica J. Ringo,Giovanni Capriglione,0.0,1.0,-1.0,True,0.0,1.0,0.0,0.0,,,,Texas official returns normalized by the Texas project,external://texas-state-house-and-state-senate-model/data/processed/elections/sos_canonical_candidate_totals_1992_2018.csv,Texas Secretary of State candidate-total exports,Texas official/canonical candidate and full-history incumbency exports,source_observed,24417.0,56793.0,-39.867011451791655,"ringo, mica j","capriglione, giovanni",-1.0,both,0.0,0.0,0.0,texas_official_upstream
TX,2018,house,99,21111.0,38048.0,-28.62962524721513,Michael Stackhouse,Charlie Geren,0.0,1.0,-1.0,True,0.0,1.0,0.0,0.0,,,,Texas official returns normalized by the Texas project,external://texas-state-house-and-state-senate-model/data/processed/elections/sos_canonical_candidate_totals_1992_2018.csv,Texas Secretary of State candidate-total exports,Texas official/canonical candidate and full-history incumbency exports,source_observed,21111.0,38048.0,-28.62962524721513,"stackhouse, michael","geren, charlie",-1.0,both,0.0,0.0,0.0,texas_official_upstream
TX,2018,house,100,,,,,,,,,,,,,,,,,,,,,,33933.0,0.0,100.0,"johnson, eric",,1.0,right_only,,,,klarner_fallback
TX,2018,house,101,,,,,,,,,,,,,,,,,,,,,,31127.0,0.0,100.0,"turner, chris",,1.0,right_only,,,,klarner_fallback
TX,2018,house,102,30025.0,26758.0,5.7534825563989225,Ana-Maria Ramos,Linda Koop,0.0,1.0,-1.0,True,1.0,0.0,0.0,0.0,,,,Texas official returns normalized by the Texas project,external://texas-state-house-and-state-senate-model/data/processed/elections/sos_canonical_candidate_totals_1992_2018.csv,Texas Secretary of State candidate-total exports,Texas official/canonical candidate and full-history incumbency exports,source_observed,30025.0,26758.0,5.7534825563989225,"ramos, anamaria","koop, linda",-1.0,both,0.0,0.0,0.0,texas_official_upstream
TX,2018,house,103,29936.0,8322.0,56.49537351665011,Rafael M. Anchia,Jerry Fortenberry,1.0,0.0,1.0,True,1.0,0.0,0.0,0.0,,,,Texas official returns normalized by the Texas project,external://texas-state-house-and-state-senate-model/data/processed/elections/sos_canonical_candidate_totals_1992_2018.csv,Texas Secretary of State candidate-total exports,Texas official/canonical candidate and full-history incumbency exports,source_observed,29936.0,8322.0,56.49537351665011,"anchia, rafael m","fortenberry, jerry",1.0,both,0.0,0.0,0.0,texas_official_upstream
TX,2018,house,104,,,,,,,,,,,,,,,,,,,,,,26078.0,0.0,100.0,"gonzalez, jessica",,0.0,right_only,,,,klarner_fallback
TX,2018,house,105,24579.0,20324.0,9.4759815602521,"Thresa ""Terry"" Meza",Rodney Anderson,0.0,1.0,-1.0,True,1.0,0.0,0.0,0.0,,,,Texas official returns normalized by the Texas project,external://texas-state-house-and-state-senate-model/data/processed/elections/sos_canonical_candidate_totals_1992_2018.csv,Texas Secretary of State candidate-total exports,Texas official/canonical candidate and full-history incumbency exports,source_observed,24579.0,20324.0,9.4759815602521,"meza, thresa (terry)","anderson, rodney e",-1.0,both,0.0,0.0,0.0,texas_official_upstream
TX,2018,house,106,34651.0,48460.0,-16.615129164611183,Ramona Thompson,Jared Patterson,0.0,0.0,0.0,True,0.0,1.0,0.0,0.0,,,,Texas official returns normalized by the Texas project,external://texas-state-house-and-state-senate-model/data/processed/elections/sos_canonical_candidate_totals_1992_2018.csv,Texas Secretary of State candidate-total exports,Texas official/canonical candidate and full-history incumbency exports,source_observed,34651.0,48460.0,-16.615129164611183,"thompson, ramona","patterson, jared",0.0,both,0.0,0.0,0.0,texas_official_upstream
TX,2018,house,107,29058.0,21829.0,14.205985811700435,Victoria Neave,Deanna Maria Metzger,1.0,0.0,1.0,True,1.0,0.0,0.0,0.0,,,,Texas official returns normalized by the Texas project,external://texas-state-house-and-state-senate-model/data/processed/elections/sos_canonical_candidate_totals_1992_2018.csv,Texas Secretary of State candidate-total exports,Texas official/canonical candidate and full-history incumbency exports,source_observed,29058.0,21829.0,14.205985811700435,"neave, victoria","metzger, deanna m",1.0,both,0.0,0.0,0.0,texas_official_upstream
TX,2018,house,108,39207.0,39427.0,-0.2797771956151283,Joanna Cattanach,Morgan Meyer,0.0,1.0,-1.0,True,0.0,1.0,0.0,0.0,,,,Texas official returns normalized by the Texas project,external://texas-state-house-and-state-senate-model/data/processed/elections/sos_canonical_candidate_totals_1992_2018.csv,Texas Secretary of State candidate-total exports,Texas official/canonical candidate and full-history incumbency exports,source_observed,39207.0,39427.0,-0.2797771956151283,"cattanach, joanna","meyer, morgan",-1.0,both,0.0,0.0,0.0,texas_official_upstream
TX,2018,house,109,,,,,,,,,,,,,,,,,,,,,,51975.0,0.0,100.0,"sherman, carl",,0.0,right_only,,,,klarner_fallback
TX,2018,house,110,,,,,,,,,,,,,,,,,,,,,,27300.0,0.0,100.0,"rose, toni",,1.0,right_only,,,,klarner_fallback
TX,2018,house,111,,,,,,,,,,,,,,,,,,,,,,44377.0,0.0,100.0,"davis, yvonne",,1.0,right_only,,,,klarner_fallback
TX,2018,house,112,26016.0,27126.0,-2.0887433668284974,Brandy K Chambers,Angie Chen Button,0.0,1.0,-1.0,True,0.0,1.0,0.0,0.0,,,,Texas official returns normalized by the Texas project,external://texas-state-house-and-state-senate-model/data/processed/elections/sos_canonical_candidate_totals_1992_2018.csv,Texas Secretary of State candidate-total exports,Texas official/canonical candidate and full-history incumbency exports,source_observed,26016.0,27126.0,-2.0887433668284974,"chambers, brandy k","chenbutton, angie c",-1.0,both,0.0,0.0,0.0,texas_official_upstream
TX,2018,house,113,28170.0,24500.0,6.967913423201063,Rhetta Andrews Bowers,Jonathan Boos,0.0,0.0,0.0,True,1.0,0.0,0.0,0.0,,,,Texas official returns normalized by the Texas project,external://texas-state-house-and-state-senate-model/data/processed/elections/sos_canonical_candidate_totals_1992_2018.csv,Texas Secretary of State candidate-total exports,Texas official/canonical candidate and full-history incumbency exports,source_observed,28170.0,24500.0,6.967913423201063,"andrewsbowers, rhetta","boos, jonathan",0.0,both,0.0,0.0,0.0,texas_official_upstream
TX,2018,house,114,37020.0,29508.0,11.291486291486292,John Turner,Lisa Luby Ryan,0.0,0.0,0.0,True,1.0,0.0,0.0,0.0,,,,Texas official returns normalized by the Texas project,external://texas-state-house-and-state-senate-model/data/processed/elections/sos_canonical_candidate_totals_1992_2018.csv,Texas Secretary of State candidate-total exports,Texas official/canonical candidate and full-history incumbency exports,source_observed,37020.0,29508.0,11.291486291486292,"turner, john","lubyryan, lisa",0.0,both,0.0,0.0,0.0,texas_official_upstream
TX,2018,house,115,32214.0,24512.0,13.577548214222755,Julie Johnson,Matt Rinaldi,0.0,1.0,-1.0,True,1.0,0.0,0.0,0.0,,,,Texas official returns normalized by the Texas project,external://texas-state-house-and-state-senate-model/data/processed/elections/sos_canonical_candidate_totals_1992_2018.csv,Texas Secretary of State candidate-total exports,Texas official/canonical candidate and full-history incumbency exports,source_observed,32214.0,24512.0,13.577548214222755,"johnson, julie","rinaldi, matt",-1.0,both,0.0,0.0,0.0,texas_official_upstream
TX,2018,house,116,32538.0,13680.0,40.80228482409451,Trey Martinez Fischer,Fernando Padron,0.0,0.0,0.0,True,1.0,0.0,0.0,0.0,,,,Texas official returns normalized by the Texas project,external://texas-state-house-and-state-senate-model/data/processed/elections/sos_canonical_candidate_totals_1992_2018.csv,Texas Secretary of State candidate-total exports,Texas official/canonical candidate and full-history incumbency exports,source_observed,32538.0,13680.0,40.80228482409451,"martinezfischer, trey","padron, fernando",0.0,both,0.0,0.0,0.0,texas_official_upstream
TX,2018,house,117,32976.0,24480.0,14.786967418546366,Philip Cortez,Michael Berlanga,1.0,0.0,1.0,True,1.0,0.0,0.0,0.0,,,,Texas official returns normalized by the Texas project,external://texas-state-house-and-state-senate-model/data/processed/elections/sos_canonical_candidate_totals_1992_2018.csv,Texas Secretary of State candidate-total exports,Texas official/canonical candidate and full-history incumbency exports,source_observed,32976.0,24480.0,14.786967418546366,"cortez, philip","berlanga, michael",1.0,both,0.0,0.0,0.0,texas_official_upstream
TX,2018,house,118,24032.0,17367.0,16.099422691369355,Leo Pacheco,John Lujan,0.0,0.0,0.0,True,1.0,0.0,0.0,0.0,,,,Texas official returns normalized by the Texas project,external://texas-state-house-and-state-senate-model/data/processed/elections/sos_canonical_candidate_totals_1992_2018.csv,Texas Secretary of State candidate-total exports,Texas official/canonical candidate and full-history incumbency exports,source_observed,24032.0,17367.0,16.099422691369355,"pacheco, leo","lujan, john",0.0,both,0.0,0.0,0.0,texas_official_upstream
TX,2018,house,119,,,,,,,,,,,,,,,,,,,,,,30331.0,0.0,100.0,"gutierrez, rolando",,1.0,right_only,,,,klarner_fallback
TX,2018,house,120,28864.0,13354.0,36.73788431474726,Barbara Gervin-Hawkins,Ronald Payne,1.0,0.0,1.0,True,1.0,0.0,0.0,0.0,,,,Texas official returns normalized by the Texas project,external://texas-state-house-and-state-senate-model/data/processed/elections/sos_canonical_candidate_totals_1992_2018.csv,Texas Secretary of State candidate-total exports,Texas official/canonical candidate and full-history incumbency exports,source_observed,28864.0,13354.0,36.73788431474726,"gervinhawkins, barbara","payne, ronald",1.0,both,0.0,0.0,0.0,texas_official_upstream
TX,2018,house,121,32679.0,38843.0,-8.618327227985795,Celina D. Montoya,Steve Allison,0.0,0.0,0.0,True,0.0,1.0,0.0,0.0,,,,Texas official returns normalized by the Texas project,external://texas-state-house-and-state-senate-model/data/processed/elections/sos_canonical_candidate_totals_1992_2018.csv,Texas Secretary of State candidate-total exports,Texas official/canonical candidate and full-history incumbency exports,source_observed,32679.0,38843.0,-8.618327227985795,"montoya, celina d","allison, steve",0.0,both,0.0,0.0,0.0,texas_official_upstream
TX,2018,house,122,35851.0,58311.0,-23.852509504895817,Claire Barnett,Lyle Larson,0.0,1.0,-1.0,True,0.0,1.0,0.0,0.0,,,,Texas official returns normalized by the Texas project,external://texas-state-house-and-state-senate-model/data/processed/elections/sos_canonical_candidate_totals_1992_2018.csv,Texas Secretary of State candidate-total exports,Texas official/canonical candidate and full-history incumbency exports,source_observed,35851.0,58311.0,-23.852509504895817,"barnett, claire","larson, lyle",-1.0,both,0.0,0.0,0.0,texas_official_upstream
TX,2018,house,123,,,,,,,,,,,,,,,,,,,,,,36851.0,0.0,100.0,"bernanl, diego",,1.0,right_only,,,,klarner_fallback
TX,2018,house,124,31835.0,15229.0,35.283868774434815,Ina Minjarez,Johnny S. Arredondo,1.0,0.0,1.0,True,1.0,0.0,0.0,0.0,,,,Texas official returns normalized by the Texas project,external://texas-state-house-and-state-senate-model/data/processed/elections/sos_canonical_candidate_totals_1992_2018.csv,Texas Secretary of State candidate-total exports,Texas official/canonical candidate and full-history incumbency exports,source_observed,31835.0,15229.0,35.283868774434815,"minjarez, ina","arredondo, johnny s",1.0,both,0.0,0.0,0.0,texas_official_upstream
TX,2018,house,125,,,,,,,,,,,,,,,,,,,,,,32953.0,0.0,100.0,"rodriguez, justin",,1.0,right_only,,,,klarner_fallback
TX,2018,house,126,25035.0,30399.0,-9.676371901720966,Natali Hurtado,E. Sam Harless,0.0,0.0,0.0,True,0.0,1.0,0.0,0.0,,,,Texas official returns normalized by the Texas project,external://texas-state-house-and-state-senate-model/data/processed/elections/sos_canonical_candidate_totals_1992_2018.csv,Texas Secretary of State candidate-total exports,Texas official/canonical candidate and full-history incumbency exports,source_observed,25035.0,30399.0,-9.676371901720966,"hurtado, natali","harless, e sam",0.0,both,0.0,0.0,0.0,texas_official_upstream
TX,2018,house,127,,,,,,,,,,,,,,,,,,,,,,0.0,44595.0,-100.0,,"huberty, dan",-1.0,right_only,,,,klarner_fallback
TX,2018,house,128,,,,,,,,,,,,,,,,,,,,,,0.0,38197.0,-100.0,,"cain, briscoe",-1.0,right_only,,,,klarner_fallback
TX,2018,house,129,27054.0,36554.0,-14.935228273173186,Alexander Jonathan Karjeker,Dennis Paul,0.0,1.0,-1.0,True,0.0,1.0,0.0,0.0,,,,Texas official returns normalized by the Texas project,external://texas-state-house-and-state-senate-model/data/processed/elections/sos_canonical_candidate_totals_1992_2018.csv,Texas Secretary of State candidate-total exports,Texas official/canonical candidate and full-history incumbency exports,source_observed,27054.0,36554.0,-14.935228273173186,"karjeker, alexander j","paul, dennis",-1.0,both,0.0,0.0,0.0,texas_official_upstream
TX,2018,house,130,22598.0,52106.0,-39.499892910687514,Fred Infortunio,Tom Oliverson,0.0,1.0,-1.0,True,0.0,1.0,0.0,0.0,,,,Texas official returns normalized by the Texas project,external://texas-state-house-and-state-senate-model/data/processed/elections/sos_canonical_candidate_totals_1992_2018.csv,Texas Secretary of State candidate-total exports,Texas official/canonical candidate and full-history incumbency exports,source_observed,22598.0,52106.0,-39.499892910687514,"infortunio, fred","oliverson, tom",-1.0,both,0.0,0.0,0.0,texas_official_upstream
TX,2018,house,131,35930.0,5940.0,71.62646286123716,Alma A. Allen,Syed S. Ali,1.0,0.0,1.0,True,1.0,0.0,0.0,0.0,,,,Texas official returns normalized by the Texas project,external://texas-state-house-and-state-senate-model/data/processed/elections/sos_canonical_candidate_totals_1992_2018.csv,Texas Secretary of State candidate-total exports,Texas official/canonical candidate and full-history incumbency exports,source_observed,35930.0,5940.0,71.62646286123716,"allen, alma a","ali, syed s",1.0,both,0.0,0.0,0.0,texas_official_upstream
TX,2018,house,132,32841.0,32728.0,0.17233753755585718,Gina Calanni,Mike Schofield,0.0,1.0,-1.0,True,1.0,0.0,0.0,0.0,,,,Texas official returns normalized by the Texas project,external://texas-state-house-and-state-senate-model/data/processed/elections/sos_canonical_candidate_totals_1992_2018.csv,Texas Secretary of State candidate-total exports,Texas official/canonical candidate and full-history incumbency exports,source_observed,32841.0,32728.0,0.17233753755585718,"calanni, gina","schofield, mike",-1.0,both,0.0,0.0,0.0,texas_official_upstream
TX,2018,house,133,29844.0,41400.0,-16.220313289540172,Marty Schexnayder,Jim Murphy,0.0,1.0,-1.0,True,0.0,1.0,0.0,0.0,,,,Texas official returns normalized by the Texas project,external://texas-state-house-and-state-senate-model/data/processed/elections/sos_canonical_candidate_totals_1992_2018.csv,Texas Secretary of State candidate-total exports,Texas official/canonical candidate and full-history incumbency exports,source_observed,29844.0,41400.0,-16.220313289540172,"schexnayder, marty","murphy, jim",-1.0,both,0.0,0.0,0.0,texas_official_upstream
TX,2018,house,134,41637.0,47277.0,-6.343208043727647,Allison Lami Sawyer,Sarah Davis,0.0,1.0,-1.0,True,0.0,1.0,0.0,0.0,,,,Texas official returns normalized by the Texas project,external://texas-state-house-and-state-senate-model/data/processed/elections/sos_canonical_candidate_totals_1992_2018.csv,Texas Secretary of State candidate-total exports,Texas official/canonical candidate and full-history incumbency exports,source_observed,41637.0,47277.0,-6.343208043727647,"lamisawyer, allison","davis, sarah",-1.0,both,0.0,0.0,0.0,texas_official_upstream
TX,2018,house,135,28473.0,26701.0,3.2116576648421358,Jon E. Rosenthal,Gary Elkins,0.0,1.0,-1.0,True,1.0,0.0,0.0,0.0,,,,Texas official returns normalized by the Texas project,external://texas-state-house-and-state-senate-model/data/processed/elections/sos_canonical_candidate_totals_1992_2018.csv,Texas Secretary of State candidate-total exports,Texas official/canonical candidate and full-history incumbency exports,source_observed,28473.0,26701.0,3.2116576648421358,"rosenthal, jon e","elkins, gary",-1.0,both,0.0,0.0,0.0,texas_official_upstream
TX,2018,house,136,41592.0,34084.0,9.921243194672023,John H Bucy III,Tony Dale,0.0,1.0,-1.0,True,1.0,0.0,0.0,0.0,,,,Texas official returns normalized by the Texas project,external://texas-state-house-and-state-senate-model/data/processed/elections/sos_canonical_candidate_totals_1992_2018.csv,Texas Secretary of State candidate-total exports,Texas official/canonical candidate and full-history incumbency exports,source_observed,41592.0,34084.0,9.921243194672023,"bucy, john h, iii","dale, anthony",-1.0,both,0.0,0.0,0.0,texas_official_upstream
TX,2018,house,137,,,,,,,,,,,,,,,,,,,,,,17616.0,0.0,100.0,"wu, gene",,1.0,right_only,,,,klarner_fallback
TX,2018,house,138,24175.0,24222.0,-0.09711345744570944,Adam Milasincic,Dwayne Bohac,0.0,1.0,-1.0,True,0.0,1.0,0.0,0.0,,,,Texas official returns normalized by the Texas project,external://texas-state-house-and-state-senate-model/data/processed/elections/sos_canonical_candidate_totals_1992_2018.csv,Texas Secretary of State candidate-total exports,Texas official/canonical candidate and full-history incumbency exports,source_observed,24175.0,24222.0,-0.09711345744570944,"milasincic, adam","bohac, dwayne",-1.0,both,0.0,0.0,0.0,texas_official_upstream
TX,2018,house,139,,,,,,,,,,,,,,,,,,,,,,37159.0,0.0,100.0,"johnson, jarvis d",,1.0,right_only,,,,klarner_fallback
TX,2018,house,140,,,,,,,,,,,,,,,,,,,,,,19188.0,0.0,100.0,"luciowalle, armando l",,1.0,right_only,,,,klarner_fallback
TX,2018,house,141,,,,,,,,,,,,,,,,,,,,,,27946.0,0.0,100.0,"thompson, senfronia 1",,1.0,right_only,,,,klarner_fallback
TX,2018,house,142,,,,,,,,,,,,,,,,,,,,,,32087.0,0.0,100.0,"dutton, harold v, jr",,1.0,right_only,,,,klarner_fallback
TX,2018,house,143,,,,,,,,,,,,,,,,,,,,,,22504.0,0.0,100.0,"hernandez, ana l",,1.0,right_only,,,,klarner_fallback
TX,2018,house,144,14349.0,9106.0,22.353442762737156,Mary Ann Perez,Ruben Villarreal,1.0,0.0,1.0,True,1.0,0.0,0.0,0.0,,,,Texas official returns normalized by the Texas project,external://texas-state-house-and-state-senate-model/data/processed/elections/sos_canonical_candidate_totals_1992_2018.csv,Texas Secretary of State candidate-total exports,Texas official/canonical candidate and full-history incumbency exports,source_observed,14349.0,9106.0,22.353442762737156,"perez, mary a","villarreal, ruben",1.0,both,0.0,0.0,0.0,texas_official_upstream
TX,2018,house,145,,,,,,,,,,,,,,,,,,,,,,24269.0,0.0,100.0,"alvarado, carol",,1.0,right_only,,,,klarner_fallback
TX,2018,house,146,,,,,,,,,,,,,,,,,,,,,,35656.0,0.0,100.0,"thierry, shawn n",,1.0,right_only,,,,klarner_fallback
TX,2018,house,147,44314.0,10528.0,61.60606834178185,Garnet F. Coleman,Thomas Wang,1.0,0.0,1.0,True,1.0,0.0,0.0,0.0,,,,Texas official returns normalized by the Texas project,external://texas-state-house-and-state-senate-model/data/processed/elections/sos_canonical_candidate_totals_1992_2018.csv,Texas Secretary of State candidate-total exports,Texas official/canonical candidate and full-history incumbency exports,source_observed,44314.0,10528.0,61.60606834178185,"coleman, garnet f","wang, thomas",1.0,both,0.0,0.0,0.0,texas_official_upstream
TX,2018,house,148,32231.0,15228.0,35.82671358435702,Jessica Cristina Farrar,Ryan T. McConnico,1.0,0.0,1.0,True,1.0,0.0,0.0,0.0,,,,Texas official returns normalized by the Texas project,external://texas-state-house-and-state-senate-model/data/processed/elections/sos_canonical_candidate_totals_1992_2018.csv,Texas Secretary of State candidate-total exports,Texas official/canonical candidate and full-history incumbency exports,source_observed,32231.0,15228.0,35.82671358435702,"farrar, jessica c","mcconnico, ryan t",1.0,both,0.0,0.0,0.0,texas_official_upstream
TX,2018,house,149,,,,,,,,,,,,,,,,,,,,,,27071.0,0.0,100.0,"vo, hubert",,1.0,right_only,,,,klarner_fallback
TX,2018,house,150,29888.0,40907.0,-15.564658521081997,Michael Shawn Kelly,Valoree Swanson,0.0,1.0,-1.0,True,0.0,1.0,0.0,0.0,,,,Texas official returns normalized by the Texas project,external://texas-state-house-and-state-senate-model/data/processed/elections/sos_canonical_candidate_totals_1992_2018.csv,Texas Secretary of State candidate-total exports,Texas official/canonical candidate and full-history incumbency exports,source_observed,29888.0,40907.0,-15.564658521081997,"kelly, michael s","swanson, valoree",-1.0,both,0.0,0.0,0.0,texas_official_upstream
TX,2018,senate,2,104897.0,153151.0,-18.699621775793652,Kendall Scudder,Bob Hall,0.0,1.0,-1.0,True,0.0,1.0,0.0,0.0,,,,Texas official returns normalized by the Texas project,external://texas-state-house-and-state-senate-model/data/processed/elections/sos_canonical_candidate_totals_1992_2018.csv,Texas Secretary of State candidate-total exports,Texas official/canonical candidate and full-history incumbency exports,source_observed,104897.0,153151.0,-18.699621775793652,"scudder, kendall","hall, bob",-1.0,both,0.0,0.0,0.0,texas_official_upstream
TX,2018,senate,3,56398.0,215058.0,-58.447777908758695,Shirley Layton,Robert Nichols,0.0,1.0,-1.0,True,0.0,1.0,0.0,0.0,,,,Texas official returns normalized by the Texas project,external://texas-state-house-and-state-senate-model/data/processed/elections/sos_canonical_candidate_totals_1992_2018.csv,Texas Secretary of State candidate-total exports,Texas official/canonical candidate and full-history incumbency exports,source_observed,56398.0,215058.0,-58.447777908758695,"layton, shirley","nichols, robert",-1.0,both,0.0,0.0,0.0,texas_official_upstream
TX,2018,senate,5,136792.0,182550.0,-14.32883867452449,Meg Walsh,Charles Schwertner,0.0,1.0,-1.0,True,0.0,1.0,0.0,0.0,,,,Texas official returns normalized by the Texas project,external://texas-state-house-and-state-senate-model/data/processed/elections/sos_canonical_candidate_totals_1992_2018.csv,Texas Secretary of State candidate-total exports,Texas official/canonical candidate and full-history incumbency exports,source_observed,136792.0,182550.0,-14.32883867452449,"walsh, meg","schwertner, charles",-1.0,both,0.0,0.0,0.0,texas_official_upstream
TX,2018,senate,7,124232.0,177864.0,-17.753296965203113,David Romero,Paul Bettencourt,0.0,1.0,-1.0,True,0.0,1.0,0.0,0.0,,,,Texas official returns normalized by the Texas project,external://texas-state-house-and-state-senate-model/data/processed/elections/sos_canonical_candidate_totals_1992_2018.csv,Texas Secretary of State candidate-total exports,Texas official/canonical candidate and full-history incumbency exports,source_observed,124232.0,177864.0,-17.753296965203113,"romero, david","bettencourt, paul",-1.0,both,0.0,0.0,0.0,texas_official_upstream
TX,2018,senate,8,162157.0,169995.0,-2.359763000072256,Mark Phariss,Angela Paxton,0.0,0.0,0.0,True,0.0,1.0,0.0,0.0,,,,Texas official returns normalized by the Texas project,external://texas-state-house-and-state-senate-model/data/processed/elections/sos_canonical_candidate_totals_1992_2018.csv,Texas Secretary of State candidate-total exports,Texas official/canonical candidate and full-history incumbency exports,source_observed,162157.0,169995.0,-2.359763000072256,"phariss, mark","paxton, angela",0.0,both,0.0,0.0,0.0,texas_official_upstream
TX,2018,senate,9,112537.0,132256.0,-8.055377400497564,Gwenn Burud,Kelly Hancock,0.0,1.0,-1.0,True,0.0,1.0,0.0,0.0,,,,Texas official returns normalized by the Texas project,external://texas-state-house-and-state-senate-model/data/processed/elections/sos_canonical_candidate_totals_1992_2018.csv,Texas Secretary of State candidate-total exports,Texas official/canonical candidate and full-history incumbency exports,source_observed,112537.0,132256.0,-8.055377400497564,"burud, gwenn","hancock, kelly",-1.0,both,0.0,0.0,0.0,texas_official_upstream
TX,2018,senate,10,148959.0,138968.0,3.469976764943892,Beverly Powell,Konni Burton,0.0,1.0,-1.0,True,1.0,0.0,0.0,0.0,,,,Texas official returns normalized by the Texas project,external://texas-state-house-and-state-senate-model/data/processed/elections/sos_canonical_candidate_totals_1992_2018.csv,Texas Secretary of State candidate-total exports,Texas official/canonical candidate and full-history incumbency exports,source_observed,148959.0,138968.0,3.469976764943892,"powell, beverly","burton, konni",-1.0,both,0.0,0.0,0.0,texas_official_upstream
TX,2018,senate,14,276052.0,96834.0,48.06241049543292,Kirk Watson,George W. Hindman,1.0,0.0,1.0,True,1.0,0.0,0.0,0.0,,,,Texas official returns normalized by the Texas project,external://texas-state-house-and-state-senate-model/data/processed/elections/sos_canonical_candidate_totals_1992_2018.csv,Texas Secretary of State candidate-total exports,Texas official/canonical candidate and full-history incumbency exports,source_observed,276052.0,96834.0,48.06241049543292,"watson, kirk","hindman, george w",1.0,both,0.0,0.0,0.0,texas_official_upstream
TX,2018,senate,15,153016.0,75518.0,33.91092791444599,John Whitmire,Randy Orr,1.0,0.0,1.0,True,1.0,0.0,0.0,0.0,,,,Texas official returns normalized by the Texas project,external://texas-state-house-and-state-senate-model/data/processed/elections/sos_canonical_candidate_totals_1992_2018.csv,Texas Secretary of State candidate-total exports,Texas official/canonical candidate and full-history incumbency exports,source_observed,153016.0,75518.0,33.91092791444599,"whitmire, john","orr, randy",1.0,both,0.0,0.0,0.0,texas_official_upstream
TX,2018,senate,16,159228.0,134933.0,8.259082611223105,Nathan Johnson,Don Huffines,0.0,1.0,-1.0,True,1.0,0.0,0.0,0.0,,,,Texas official returns normalized by the Texas project,external://texas-state-house-and-state-senate-model/data/processed/elections/sos_canonical_candidate_totals_1992_2018.csv,Texas Secretary of State candidate-total exports,Texas official/canonical candidate and full-history incumbency exports,source_observed,159228.0,134933.0,8.259082611223105,"johnson, nathan","huffines, don",-1.0,both,0.0,0.0,0.0,texas_official_upstream
TX,2018,senate,17,143978.0,158263.0,-4.726360751850344,Rita Lucido,Joan Huffman,0.0,1.0,-1.0,True,0.0,1.0,0.0,0.0,,,,Texas official returns normalized by the Texas project,external://texas-state-house-and-state-senate-model/data/processed/elections/sos_canonical_candidate_totals_1992_2018.csv,Texas Secretary of State candidate-total exports,Texas official/canonical candidate and full-history incumbency exports,source_observed,143978.0,158263.0,-4.726360751850344,"lucido, rita","huffman, joan",-1.0,both,0.0,0.0,0.0,texas_official_upstream
TX,2018,senate,23,,,,,,,,,,,,,,,,,,,,,,192148.0,0.0,100.0,"west, royce",,1.0,right_only,,,,klarner_fallback
TX,2018,senate,25,173698.0,236753.0,-15.362369686028297,Steven Kling,Donna Campbell,0.0,1.0,-1.0,True,0.0,1.0,0.0,0.0,,,,Texas official returns normalized by the Texas project,external://texas-state-house-and-state-senate-model/data/processed/elections/sos_canonical_candidate_totals_1992_2018.csv,Texas Secretary of State candidate-total exports,Texas official/canonical candidate and full-history incumbency exports,source_observed,173698.0,236753.0,-15.362369686028297,"kling, steven","campbell, donna",-1.0,both,0.0,0.0,0.0,texas_official_upstream
TX,2018,senate,30,82669.0,234374.0,-47.84997618619556,Kevin Lopez,Pat Fallon,0.0,0.0,0.0,True,0.0,1.0,0.0,0.0,,,,Texas official returns normalized by the Texas project,external://texas-state-house-and-state-senate-model/data/processed/elections/sos_canonical_candidate_totals_1992_2018.csv,Texas Secretary of State candidate-total exports,Texas official/canonical candidate and full-history incumbency exports,source_observed,82669.0,234374.0,-47.84997618619556,"lopez, kevin","fallon, pat",0.0,both,0.0,0.0,0.0,texas_official_upstream
TX,2018,senate,31,,,,,,,,,,,,,,,,,,,,,,0.0,174367.0,-100.0,,"seliger, kel",-1.0,right_only,,,,klarner_fallback
TX,2020,house,1,,,,,,,,,,,,,,,,,,,,,,0.0,59508.0,-100.0,,"vandeaver, gary",-1.0,right_only,,,,klarner_fallback
TX,2020,house,2,14514.0,63074.0,-62.5869979893798,BILL BRANNON,BRYAN SLATON,0.0,0.0,0.0,True,0.0,1.0,0.0,0.0,,,,Texas official returns normalized by the Texas project,external://texas-state-house-and-state-senate-model/data/processed/elections/sos_official_candidate_totals_2020_2024.csv,Texas Secretary of State candidate-total exports,Texas official/canonical candidate and full-history incumbency exports,source_observed,14514.0,63074.0,-62.5869979893798,"brannon, bill","slaton, bryan",0.0,both,0.0,0.0,0.0,texas_official_upstream
TX,2020,house,3,20625.0,70385.0,-54.67531040544995,MARTIN SHUPP,CECIL BELL JR,0.0,1.0,-1.0,True,0.0,1.0,0.0,0.0,,,,Texas official returns normalized by the Texas project,external://texas-state-house-and-state-senate-model/data/processed/elections/sos_official_candidate_totals_2020_2024.csv,Texas Secretary of State candidate-total exports,Texas official/canonical candidate and full-history incumbency exports,source_observed,20625.0,70385.0,-54.67531040544995,"shupp, martin","bell, cecil, jr",-1.0,both,0.0,0.0,0.0,texas_official_upstream
TX,2020,house,4,,,,,,,,,,,,,,,,,,,,,,0.0,65903.0,-100.0,,"bell, keith",-1.0,right_only,,,,klarner_fallback
TX,2020,house,5,14824.0,59197.0,-59.94650166844544,LAWYANDA PRINCE,COLE HEFNER,0.0,1.0,-1.0,True,0.0,1.0,0.0,0.0,,,,Texas official returns normalized by the Texas project,external://texas-state-house-and-state-senate-model/data/processed/elections/sos_official_candidate_totals_2020_2024.csv,Texas Secretary of State candidate-total exports,Texas official/canonical candidate and full-history incumbency exports,source_observed,14824.0,59197.0,-59.94650166844544,"prince, lawyanda","hefner, cole",-1.0,both,0.0,0.0,0.0,texas_official_upstream
TX,2020,house,6,23426.0,50143.0,-36.31556769835121,JULIE GOBBLE,MATT SCHAEFER,0.0,1.0,-1.0,True,0.0,1.0,0.0,0.0,,,,Texas official returns normalized by the Texas project,external://texas-state-house-and-state-senate-model/data/processed/elections/sos_official_candidate_totals_2020_2024.csv,Texas Secretary of State candidate-total exports,Texas official/canonical candidate and full-history incumbency exports,source_observed,23426.0,50143.0,-36.31556769835121,"gobble, julie","schaefer, matt",-1.0,both,0.0,0.0,0.0,texas_official_upstream
TX,2020,house,7,,,,,,,,,,,,,,,,,,,,,,0.0,54726.0,-100.0,,"dean, jay",-1.0,right_only,,,,klarner_fallback
TX,2020,house,8,,,,,,,,,,,,,,,,,,,,,,0.0,50433.0,-100.0,,"harris, cody",-1.0,right_only,,,,klarner_fallback
TX,2020,house,9,,,,,,,,,,,,,,,,,,,,,,0.0,62151.0,-100.0,,"paddie, chris",-1.0,right_only,,,,klarner_fallback
TX,2020,house,10,,,,,,,,,,,,,,,,,,,,,,0.0,65062.0,-100.0,,"ellzey, jake",0.0,right_only,,,,klarner_fallback
TX,2020,house,11,15965.0,49864.0,-51.49554147867961,ALEC JOHNSON,TRAVIS CLARDY,0.0,1.0,-1.0,True,0.0,1.0,0.0,0.0,,,,Texas official returns normalized by the Texas project,external://texas-state-house-and-state-senate-model/data/processed/elections/sos_official_candidate_totals_2020_2024.csv,Texas Secretary of State candidate-total exports,Texas official/canonical candidate and full-history incumbency exports,source_observed,15965.0,49864.0,-51.49554147867961,"johnson, alec","clardy, travis",-1.0,both,0.0,0.0,0.0,texas_official_upstream
TX,2020,house,12,,,,,,,,,,,,,,,,,,,,,,0.0,49785.0,-100.0,,"kacal, kyle j",-1.0,right_only,,,,klarner_fallback
TX,2020,house,13,,,,,,,,,,,,,,,,,,,,,,0.0,72890.0,-100.0,,"leman, ben",-1.0,right_only,,,,klarner_fallback
TX,2020,house,14,26520.0,35922.0,-15.057173056596522,JANET DUDDING,JOHN RANEY,0.0,1.0,-1.0,True,0.0,1.0,0.0,0.0,,,,Texas official returns normalized by the Texas project,external://texas-state-house-and-state-senate-model/data/processed/elections/sos_official_candidate_totals_2020_2024.csv,Texas Secretary of State candidate-total exports,Texas official/canonical candidate and full-history incumbency exports,source_observed,26520.0,35922.0,-15.057173056596522,"dudding, janet","raney, john",-1.0,both,0.0,0.0,0.0,texas_official_upstream
TX,2020,house,15,36111.0,71586.0,-32.939636201565506,LORENA PEREZ MCGILL,STEVE TOTH,0.0,1.0,-1.0,True,0.0,1.0,0.0,0.0,,,,Texas official returns normalized by the Texas project,external://texas-state-house-and-state-senate-model/data/processed/elections/sos_official_candidate_totals_2020_2024.csv,Texas Secretary of State candidate-total exports,Texas official/canonical candidate and full-history incumbency exports,source_observed,36111.0,71586.0,-32.939636201565506,"perezmcgill, lorena","toth, steve",-1.0,both,0.0,0.0,0.0,texas_official_upstream
TX,2020,house,16,,,,,,,,,,,,,,,,,,,,,,0.0,74821.0,-100.0,,"metcalf, will",-1.0,right_only,,,,klarner_fallback
TX,2020,house,17,25881.0,45219.0,-27.19831223628692,MADELINE EDEN,JOHN P. CYRIER,0.0,1.0,-1.0,True,0.0,1.0,0.0,0.0,,,,Texas official returns normalized by the Texas project,external://texas-state-house-and-state-senate-model/data/processed/elections/sos_official_candidate_totals_2020_2024.csv,Texas Secretary of State candidate-total exports,Texas official/canonical candidate and full-history incumbency exports,source_observed,25881.0,45219.0,-27.19831223628692,"eden, madeline","cyrier, john p",-1.0,both,0.0,0.0,0.0,texas_official_upstream
TX,2020,house,18,,,,,,,,,,,,,,,,,,,,,,0.0,56026.0,-100.0,,"bailes, ernest",-1.0,right_only,,,,klarner_fallback
TX,2020,house,19,,,,,,,,,,,,,,,,,,,,,,0.0,72573.0,-100.0,,"white, james e",-1.0,right_only,,,,klarner_fallback
TX,2020,house,20,31648.0,78884.0,-42.73513552636341,JESSICA TIEDT,TERRY M. WILSON,0.0,1.0,-1.0,True,0.0,1.0,0.0,0.0,,,,Texas official returns normalized by the Texas project,external://texas-state-house-and-state-senate-model/data/processed/elections/sos_official_candidate_totals_2020_2024.csv,Texas Secretary of State candidate-total exports,Texas official/canonical candidate and full-history incumbency exports,source_observed,31648.0,78884.0,-42.73513552636341,"tiedt, jessica","wilson, terry m",-1.0,both,0.0,0.0,0.0,texas_official_upstream
TX,2020,house,21,,,,,,,,,,,,,,,,,,,,,,0.0,65689.0,-100.0,,"phelan, dade",-1.0,right_only,,,,klarner_fallback
TX,2020,house,22,35903.0,16685.0,36.54445881189625,JOE DESHOTEL,JACORION RANDLE,1.0,0.0,1.0,True,1.0,0.0,0.0,0.0,,,,Texas official returns normalized by the Texas project,external://texas-state-house-and-state-senate-model/data/processed/elections/sos_official_candidate_totals_2020_2024.csv,Texas Secretary of State candidate-total exports,Texas official/canonical candidate and full-history incumbency exports,source_observed,35903.0,16685.0,36.54445881189625,"deshotel, joseph (joe)","randle, jacorion",1.0,both,0.0,0.0,0.0,texas_official_upstream
TX,2020,house,23,31154.0,47068.0,-20.344660070057017,JEFF ANTONELLI,MAYES MIDDLETON,0.0,1.0,-1.0,True,0.0,1.0,0.0,0.0,,,,Texas official returns normalized by the Texas project,external://texas-state-house-and-state-senate-model/data/processed/elections/sos_official_candidate_totals_2020_2024.csv,Texas Secretary of State candidate-total exports,Texas official/canonical candidate and full-history incumbency exports,source_observed,31154.0,47068.0,-20.344660070057017,"antonelli, jeff","middleton, mayes",-1.0,both,0.0,0.0,0.0,texas_official_upstream
TX,2020,house,24,25848.0,65560.0,-43.444775074391735,BRIAN J. ROGERS,GREG BONNEN,0.0,1.0,-1.0,True,0.0,1.0,0.0,0.0,,,,Texas official returns normalized by the Texas project,external://texas-state-house-and-state-senate-model/data/processed/elections/sos_official_candidate_totals_2020_2024.csv,Texas Secretary of State candidate-total exports,Texas official/canonical candidate and full-history incumbency exports,source_observed,25848.0,65560.0,-43.444775074391735,"rogers, brian j","bonnen, greg",-1.0,both,0.0,0.0,0.0,texas_official_upstream
TX,2020,house,25,19261.0,48492.0,-43.143477041607014,PATRICK HENRY,CODY THANE VASUT,0.0,0.0,0.0,True,0.0,1.0,0.0,0.0,,,,Texas official returns normalized by the Texas project,external://texas-state-house-and-state-senate-model/data/processed/elections/sos_official_candidate_totals_2020_2024.csv,Texas Secretary of State candidate-total exports,Texas official/canonical candidate and full-history incumbency exports,source_observed,19261.0,48492.0,-43.143477041607014,"henry, patrick","vasut, cody t",0.0,both,0.0,0.0,0.0,texas_official_upstream
TX,2020,house,26,40436.0,43438.0,-3.5791782912463934,"L. ""SARAH"" DEMERCHANT",JACEY JETTON,0.0,0.0,0.0,True,0.0,1.0,0.0,0.0,,,,Texas official returns normalized by the Texas project,external://texas-state-house-and-state-senate-model/data/processed/elections/sos_official_candidate_totals_2020_2024.csv,Texas Secretary of State candidate-total exports,Texas official/canonical candidate and full-history incumbency exports,source_observed,40436.0,43438.0,-3.5791782912463934,"demerchant, l sarah (sarah)","jetton, jacey",0.0,both,0.0,0.0,0.0,texas_official_upstream
TX,2020,house,27,56373.0,26766.0,35.61144589181972,RON REYNOLDS,TOM VIRIPPAN,1.0,0.0,1.0,True,1.0,0.0,0.0,0.0,,,,Texas official returns normalized by the Texas project,external://texas-state-house-and-state-senate-model/data/processed/elections/sos_official_candidate_totals_2020_2024.csv,Texas Secretary of State candidate-total exports,Texas official/canonical candidate and full-history incumbency exports,source_observed,56373.0,26766.0,35.61144589181972,"reynolds, ronald (ron)","virippan, tom",1.0,both,0.0,0.0,0.0,texas_official_upstream
TX,2020,house,28,53908.0,66619.0,-10.546184672314087,"ELIZABETH ""ELIZ"" MARKOWITZ",GARY GATES,0.0,1.0,-1.0,True,0.0,1.0,0.0,0.0,,,,Texas official returns normalized by the Texas project,external://texas-state-house-and-state-senate-model/data/processed/elections/sos_official_candidate_totals_2020_2024.csv,Texas Secretary of State candidate-total exports,Texas official/canonical candidate and full-history incumbency exports,source_observed,53908.0,66619.0,-10.546184672314087,"markowitz, elizabeth (eliz)","gates, gary",0.0,both,0.0,0.0,0.0,texas_official_upstream
TX,2020,house,29,41712.0,54594.0,-13.376113637779577,TRAVIS BOLDT,ED THOMPSON,0.0,1.0,-1.0,True,0.0,1.0,0.0,0.0,,,,Texas official returns normalized by the Texas project,external://texas-state-house-and-state-senate-model/data/processed/elections/sos_official_candidate_totals_2020_2024.csv,Texas Secretary of State candidate-total exports,Texas official/canonical candidate and full-history incumbency exports,source_observed,41712.0,54594.0,-13.376113637779577,"boldt, travis","thompson, ed",-1.0,both,0.0,0.0,0.0,texas_official_upstream
TX,2020,house,30,,,,,,,,,,,,,,,,,,,,,,0.0,57232.0,-100.0,,"morrison, geanie w",-1.0,right_only,,,,klarner_fallback
TX,2020,house,31,32235.0,22950.0,16.825224245718946,RYAN GUILLEN,MARIAN KNOWLTON,1.0,0.0,1.0,True,1.0,0.0,0.0,0.0,,,,Texas official returns normalized by the Texas project,external://texas-state-house-and-state-senate-model/data/processed/elections/sos_official_candidate_totals_2020_2024.csv,Texas Secretary of State candidate-total exports,Texas official/canonical candidate and full-history incumbency exports,source_observed,32235.0,22950.0,16.825224245718946,"guillen, ryan","knowlton, marian",1.0,both,0.0,0.0,0.0,texas_official_upstream
TX,2020,house,32,26925.0,42357.0,-22.274183770676366,ERIC HOLGUIN,TODD HUNTER,0.0,1.0,-1.0,True,0.0,1.0,0.0,0.0,,,,Texas official returns normalized by the Texas project,external://texas-state-house-and-state-senate-model/data/processed/elections/sos_official_candidate_totals_2020_2024.csv,Texas Secretary of State candidate-total exports,Texas official/canonical candidate and full-history incumbency exports,source_observed,26925.0,42357.0,-22.274183770676366,"holguin, eric","hunter, todd a",-1.0,both,0.0,0.0,0.0,texas_official_upstream
TX,2020,house,33,41827.0,77503.0,-29.89692449509763,ANDY ROSE,JUSTIN HOLLAND,0.0,1.0,-1.0,True,0.0,1.0,0.0,0.0,,,,Texas official returns normalized by the Texas project,external://texas-state-house-and-state-senate-model/data/processed/elections/sos_official_candidate_totals_2020_2024.csv,Texas Secretary of State candidate-total exports,Texas official/canonical candidate and full-history incumbency exports,source_observed,41827.0,77503.0,-29.89692449509763,"rose, andy","holland, justin m",-1.0,both,0.0,0.0,0.0,texas_official_upstream
TX,2020,house,34,32720.0,22284.0,18.97316558795724,ABEL HERRERO,JAMES HERNANDEZ,1.0,0.0,1.0,True,1.0,0.0,0.0,0.0,,,,Texas official returns normalized by the Texas project,external://texas-state-house-and-state-senate-model/data/processed/elections/sos_official_candidate_totals_2020_2024.csv,Texas Secretary of State candidate-total exports,Texas official/canonical candidate and full-history incumbency exports,source_observed,32720.0,22284.0,18.97316558795724,"herrero, abel","hernandez, james",1.0,both,0.0,0.0,0.0,texas_official_upstream
TX,2020,house,35,,,,,,,,,,,,,,,,,,,,,,31195.0,0.0,100.0,"longoria, oscar",,1.0,right_only,,,,klarner_fallback
TX,2020,house,36,,,,,,,,,,,,,,,,,,,,,,36564.0,0.0,100.0,"munoz, sergio, jr 2",,1.0,right_only,,,,klarner_fallback
TX,2020,house,37,,,,,,,,,,,,,,,,,,,,,,27650.0,0.0,100.0,"dominguez, alex",,1.0,right_only,,,,klarner_fallback
TX,2020,house,38,,,,,,,,,,,,,,,,,,,,,,35492.0,0.0,100.0,"lucio, eddie, iii 2",,1.0,right_only,,,,klarner_fallback
TX,2020,house,39,,,,,,,,,,,,,,,,,,,,,,36860.0,0.0,100.0,"martinez, armando m (mando)",,1.0,right_only,,,,klarner_fallback
TX,2020,house,40,,,,,,,,,,,,,,,,,,,,,,34576.0,0.0,100.0,"canales, terry 2",,1.0,right_only,,,,klarner_fallback
TX,2020,house,41,32097.0,23366.0,15.742026215675315,BOBBY GUERRA,JOHN (DOC) ROBERT  GUERRA,1.0,0.0,1.0,True,1.0,0.0,0.0,0.0,,,,Texas official returns normalized by the Texas project,external://texas-state-house-and-state-senate-model/data/processed/elections/sos_official_candidate_totals_2020_2024.csv,Texas Secretary of State candidate-total exports,Texas official/canonical candidate and full-history incumbency exports,source_observed,32097.0,23366.0,15.742026215675315,"guerra, robert (bobby)","guerra, john r (doc)",1.0,both,0.0,0.0,0.0,texas_official_upstream
TX,2020,house,42,,,,,,,,,,,,,,,,,,,,,,35709.0,0.0,100.0,"penaraymond, richard p",,1.0,right_only,,,,klarner_fallback
TX,2020,house,43,,,,,,,,,,,,,,,,,,,,,,0.0,45357.0,-100.0,,"lozano, jm m 1",-1.0,right_only,,,,klarner_fallback
TX,2020,house,44,29433.0,67308.0,-39.15092876856762,ROBERT BOHMFALK,JOHN KUEMPEL,0.0,1.0,-1.0,True,0.0,1.0,0.0,0.0,,,,Texas official returns normalized by the Texas project,external://texas-state-house-and-state-senate-model/data/processed/elections/sos_official_candidate_totals_2020_2024.csv,Texas Secretary of State candidate-total exports,Texas official/canonical candidate and full-history incumbency exports,source_observed,29433.0,67308.0,-39.15092876856762,"bohmfalk, robert m","kuempel, john",-1.0,both,0.0,0.0,0.0,texas_official_upstream
TX,2020,house,45,57383.0,56175.0,1.0637735782595679,ERIN ZWIENER,CARRIE ISAAC,1.0,0.0,1.0,True,1.0,0.0,0.0,0.0,,,,Texas official returns normalized by the Texas project,external://texas-state-house-and-state-senate-model/data/processed/elections/sos_official_candidate_totals_2020_2024.csv,Texas Secretary of State candidate-total exports,Texas official/canonical candidate and full-history incumbency exports,source_observed,57383.0,56175.0,1.0637735782595679,"zwiener, erin","isaac, carrie",1.0,both,0.0,0.0,0.0,texas_official_upstream
TX,2020,house,46,,,,,,,,,,,,,,,,,,,,,,62064.0,0.0,100.0,"cole, sheryl",,1.0,right_only,,,,klarner_fallback
TX,2020,house,47,66816.0,65474.0,1.0144379771713659,VIKKI GOODWIN,JUSTIN BERRY,1.0,0.0,1.0,True,1.0,0.0,0.0,0.0,,,,Texas official returns normalized by the Texas project,external://texas-state-house-and-state-senate-model/data/processed/elections/sos_official_candidate_totals_2020_2024.csv,Texas Secretary of State candidate-total exports,Texas official/canonical candidate and full-history incumbency exports,source_observed,66816.0,65474.0,1.0144379771713659,"goodwin, vikki","berry, justin",1.0,both,0.0,0.0,0.0,texas_official_upstream
TX,2020,house,48,73590.0,31382.0,40.20881758945242,DONNA HOWARD,BILL STRIEBER,1.0,0.0,1.0,True,1.0,0.0,0.0,0.0,,,,Texas official returns normalized by the Texas project,external://texas-state-house-and-state-senate-model/data/processed/elections/sos_official_candidate_totals_2020_2024.csv,Texas Secretary of State candidate-total exports,Texas official/canonical candidate and full-history incumbency exports,source_observed,73590.0,31382.0,40.20881758945242,"howard, donna","strieber, bill",1.0,both,0.0,0.0,0.0,texas_official_upstream
TX,2020,house,49,80258.0,18277.0,62.902521946516465,GINA HINOJOSA,CHARLES ALLAN MEYER,1.0,0.0,1.0,True,1.0,0.0,0.0,0.0,,,,Texas official returns normalized by the Texas project,external://texas-state-house-and-state-senate-model/data/processed/elections/sos_official_candidate_totals_2020_2024.csv,Texas Secretary of State candidate-total exports,Texas official/canonical candidate and full-history incumbency exports,source_observed,80258.0,18277.0,62.902521946516465,"hinojosa, gina","meyer, charles a",1.0,both,0.0,0.0,0.0,texas_official_upstream
TX,2020,house,50,63449.0,28805.0,37.55284323714961,CELIA ISRAEL,LARRY DELAROSE,1.0,0.0,1.0,True,1.0,0.0,0.0,0.0,,,,Texas official returns normalized by the Texas project,external://texas-state-house-and-state-senate-model/data/processed/elections/sos_official_candidate_totals_2020_2024.csv,Texas Secretary of State candidate-total exports,Texas official/canonical candidate and full-history incumbency exports,source_observed,63449.0,28805.0,37.55284323714961,"israel, celia","delarose, larry",1.0,both,0.0,0.0,0.0,texas_official_upstream
TX,2020,house,51,59257.0,12431.0,65.31916080794554,EDDIE RODRIGUEZ,ROBERT REYNOLDS,1.0,0.0,1.0,True,1.0,0.0,0.0,0.0,,,,Texas official returns normalized by the Texas project,external://texas-state-house-and-state-senate-model/data/processed/elections/sos_official_candidate_totals_2020_2024.csv,Texas Secretary of State candidate-total exports,Texas official/canonical candidate and full-history incumbency exports,source_observed,59257.0,12431.0,65.31916080794554,"rodriguez, eddie","reynolds, robert",1.0,both,0.0,0.0,0.0,texas_official_upstream
TX,2020,house,52,50520.0,47611.0,2.964404724297113,JAMES TALARICO,LUCIO VALDEZ,1.0,0.0,1.0,True,1.0,0.0,0.0,0.0,,,,Texas official returns normalized by the Texas project,external://texas-state-house-and-state-senate-model/data/processed/elections/sos_official_candidate_totals_2020_2024.csv,Texas Secretary of State candidate-total exports,Texas official/canonical candidate and full-history incumbency exports,source_observed,50520.0,47611.0,2.964404724297113,"talarico, james","valdez, lucio",1.0,both,0.0,0.0,0.0,texas_official_upstream
TX,2020,house,53,18713.0,67127.0,-56.40027958993476,JOE P. HERRERA,ANDREW S. MURR,0.0,1.0,-1.0,True,0.0,1.0,0.0,0.0,,,,Texas official returns normalized by the Texas project,external://texas-state-house-and-state-senate-model/data/processed/elections/sos_official_candidate_totals_2020_2024.csv,Texas Secretary of State candidate-total exports,Texas official/canonical candidate and full-history incumbency exports,source_observed,18713.0,67127.0,-56.40027958993476,"herrera, joe p","murr, andrew s",-1.0,both,0.0,0.0,0.0,texas_official_upstream
TX,2020,house,54,33918.0,38853.0,-6.781547594508802,"LIKEITHIA ""KEKE"" WILLIAMS",BRAD BUCKLEY,0.0,1.0,-1.0,True,0.0,1.0,0.0,0.0,,,,Texas official returns normalized by the Texas project,external://texas-state-house-and-state-senate-model/data/processed/elections/sos_official_candidate_totals_2020_2024.csv,Texas Secretary of State candidate-total exports,Texas official/canonical candidate and full-history incumbency exports,source_observed,33918.0,38853.0,-6.781547594508802,"williams, likeithia (keke)","buckley, brad",-1.0,both,0.0,0.0,0.0,texas_official_upstream
TX,2020,house,55,,,,,,,,,,,,,,,,,,,,,,0.0,54733.0,-100.0,,"shine, hugh d",-1.0,right_only,,,,klarner_fallback
TX,2020,house,56,23833.0,49030.0,-34.58133757874367,KATHERINE TURNER-PEARSON,CHARLES &QUOT;DOC&QUOT; ANDERSON,0.0,1.0,-1.0,True,0.0,1.0,0.0,0.0,,,,Texas official returns normalized by the Texas project,external://texas-state-house-and-state-senate-model/data/processed/elections/sos_official_candidate_totals_2020_2024.csv,Texas Secretary of State candidate-total exports,Texas official/canonical candidate and full-history incumbency exports,source_observed,23833.0,49030.0,-34.58133757874367,"turnerpearson, katherine","anderson, charles (doc)",-1.0,both,0.0,0.0,0.0,texas_official_upstream
TX,2020,house,57,13946.0,53930.0,-58.9074194118687,JASON ROGERS,TRENT ASHBY,0.0,1.0,-1.0,True,0.0,1.0,0.0,0.0,,,,Texas official returns normalized by the Texas project,external://texas-state-house-and-state-senate-model/data/processed/elections/sos_official_candidate_totals_2020_2024.csv,Texas Secretary of State candidate-total exports,Texas official/canonical candidate and full-history incumbency exports,source_observed,13946.0,53930.0,-58.9074194118687,"rogers, jason","ashby, trent",-1.0,both,0.0,0.0,0.0,texas_official_upstream
TX,2020,house,58,16489.0,62176.0,-58.077925379774996,CINDY ROCHA,DEWAYNE BURNS,0.0,1.0,-1.0,True,0.0,1.0,0.0,0.0,,,,Texas official returns normalized by the Texas project,external://texas-state-house-and-state-senate-model/data/processed/elections/sos_official_candidate_totals_2020_2024.csv,Texas Secretary of State candidate-total exports,Texas official/canonical candidate and full-history incumbency exports,source_observed,16489.0,62176.0,-58.077925379774996,"rocha, cindy","burns, dewayne",-1.0,both,0.0,0.0,0.0,texas_official_upstream
TX,2020,house,59,,,,,,,,,,,,,,,,,,,,,,0.0,53825.0,-100.0,,"slawson, shelby",0.0,right_only,,,,klarner_fallback
TX,2020,house,60,,,,,,,,,,,,,,,,,,,,,,0.0,75270.0,-100.0,,"rogers, glenn",0.0,right_only,,,,klarner_fallback
TX,2020,house,61,14940.0,87526.0,-70.83910760642554,CHRISTOPHER COX,PHIL KING,0.0,1.0,-1.0,True,0.0,1.0,0.0,0.0,,,,Texas official returns normalized by the Texas project,external://texas-state-house-and-state-senate-model/data/processed/elections/sos_official_candidate_totals_2020_2024.csv,Texas Secretary of State candidate-total exports,Texas official/canonical candidate and full-history incumbency exports,source_observed,14940.0,87526.0,-70.83910760642554,"cox, christopher","king, phil",-1.0,both,0.0,0.0,0.0,texas_official_upstream
TX,2020,house,62,16074.0,59020.0,-57.18965563160838,GARY D. THOMAS,REGGIE SMITH,0.0,1.0,-1.0,True,0.0,1.0,0.0,0.0,,,,Texas official returns normalized by the Texas project,external://texas-state-house-and-state-senate-model/data/processed/elections/sos_official_candidate_totals_2020_2024.csv,Texas Secretary of State candidate-total exports,Texas official/canonical candidate and full-history incumbency exports,source_observed,16074.0,59020.0,-57.18965563160838,"thomas, gary d","smith, reggie",-1.0,both,0.0,0.0,0.0,texas_official_upstream
TX,2020,house,63,35426.0,73297.0,-34.832556128877975,LESLIE PEELER,TAN PARKER,0.0,1.0,-1.0,True,0.0,1.0,0.0,0.0,,,,Texas official returns normalized by the Texas project,external://texas-state-house-and-state-senate-model/data/processed/elections/sos_official_candidate_totals_2020_2024.csv,Texas Secretary of State candidate-total exports,Texas official/canonical candidate and full-history incumbency exports,source_observed,35426.0,73297.0,-34.832556128877975,"peeler, leslie","parker, tan",-1.0,both,0.0,0.0,0.0,texas_official_upstream
TX,2020,house,64,39504.0,48188.0,-9.902841764357069,ANGELA BREWER,LYNN STUCKY,0.0,1.0,-1.0,True,0.0,1.0,0.0,0.0,,,,Texas official returns normalized by the Texas project,external://texas-state-house-and-state-senate-model/data/processed/elections/sos_official_candidate_totals_2020_2024.csv,Texas Secretary of State candidate-total exports,Texas official/canonical candidate and full-history incumbency exports,source_observed,39504.0,48188.0,-9.902841764357069,"brewer, angela","stucky, lynn",-1.0,both,0.0,0.0,0.0,texas_official_upstream
TX,2020,house,65,40529.0,38156.0,3.015822583719896,MICHELLE BECKLEY,KRONDA THIMESCH,1.0,0.0,1.0,True,1.0,0.0,0.0,0.0,,,,Texas official returns normalized by the Texas project,external://texas-state-house-and-state-senate-model/data/processed/elections/sos_official_candidate_totals_2020_2024.csv,Texas Secretary of State candidate-total exports,Texas official/canonical candidate and full-history incumbency exports,source_observed,40529.0,38156.0,3.015822583719896,"beckley, michelle","thimesch, kronda",1.0,both,0.0,0.0,0.0,texas_official_upstream
TX,2020,house,66,41879.0,42728.0,-1.0034630704315246,SHARON HIRSCH,MATT SHAHEEN,0.0,1.0,-1.0,True,0.0,1.0,0.0,0.0,,,,Texas official returns normalized by the Texas project,external://texas-state-house-and-state-senate-model/data/processed/elections/sos_official_candidate_totals_2020_2024.csv,Texas Secretary of State candidate-total exports,Texas official/canonical candidate and full-history incumbency exports,source_observed,41879.0,42728.0,-1.0034630704315246,"hirsch, sharon","shaheen, matt",-1.0,both,0.0,0.0,0.0,texas_official_upstream
TX,2020,house,67,45867.0,49113.0,-3.417561591914087,LORENZO SANCHEZ,JEFF LEACH,0.0,1.0,-1.0,True,0.0,1.0,0.0,0.0,,,,Texas official returns normalized by the Texas project,external://texas-state-house-and-state-senate-model/data/processed/elections/sos_official_candidate_totals_2020_2024.csv,Texas Secretary of State candidate-total exports,Texas official/canonical candidate and full-history incumbency exports,source_observed,45867.0,49113.0,-3.417561591914087,"sanchez, lorenzo","leach, jeff",-1.0,both,0.0,0.0,0.0,texas_official_upstream
TX,2020,house,68,9630.0,56656.0,-70.94409075822949,PATSY LEDBETTER,DREW SPRINGER,0.0,1.0,-1.0,True,0.0,1.0,0.0,0.0,,,,Texas official returns normalized by the Texas project,external://texas-state-house-and-state-senate-model/data/processed/elections/sos_official_candidate_totals_2020_2024.csv,Texas Secretary of State candidate-total exports,Texas official/canonical candidate and full-history incumbency exports,source_observed,9630.0,56656.0,-70.94409075822949,"ledbetter, patsy","springer, drew",-1.0,both,0.0,0.0,0.0,texas_official_upstream
TX,2020,house,69,,,,,,,,,,,,,,,,,,,,,,0.0,49731.0,-100.0,,"frank, james b",-1.0,right_only,,,,klarner_fallback
TX,2020,house,70,47343.0,76754.0,-23.70000886403378,ANGIE BADO,SCOTT SANFORD,0.0,1.0,-1.0,True,0.0,1.0,0.0,0.0,,,,Texas official returns normalized by the Texas project,external://texas-state-house-and-state-senate-model/data/processed/elections/sos_official_candidate_totals_2020_2024.csv,Texas Secretary of State candidate-total exports,Texas official/canonical candidate and full-history incumbency exports,source_observed,47343.0,76754.0,-23.70000886403378,"bado, angie","sanford, scott",-1.0,both,0.0,0.0,0.0,texas_official_upstream
TX,2020,house,71,13783.0,51376.0,-57.694255590171736,SAMUEL HATTON,STAN LAMBERT,0.0,1.0,-1.0,True,0.0,1.0,0.0,0.0,,,,Texas official returns normalized by the Texas project,external://texas-state-house-and-state-senate-model/data/processed/elections/sos_official_candidate_totals_2020_2024.csv,Texas Secretary of State candidate-total exports,Texas official/canonical candidate and full-history incumbency exports,source_observed,13783.0,51376.0,-57.694255590171736,"hatton, sam","lambert, stan",-1.0,both,0.0,0.0,0.0,texas_official_upstream
TX,2020,house,72,,,,,,,,,,,,,,,,,,,,,,0.0,54898.0,-100.0,,"darby, drew",-1.0,right_only,,,,klarner_fallback
TX,2020,house,73,32091.0,95385.0,-49.65169914336816,STEPHANIE PHILLIPS,KYLE BIEDERMANN,0.0,1.0,-1.0,True,0.0,1.0,0.0,0.0,,,,Texas official returns normalized by the Texas project,external://texas-state-house-and-state-senate-model/data/processed/elections/sos_official_candidate_totals_2020_2024.csv,Texas Secretary of State candidate-total exports,Texas official/canonical candidate and full-history incumbency exports,source_observed,32091.0,95385.0,-49.65169914336816,"phillips, stephanie","biedermann, kyle",-1.0,both,0.0,0.0,0.0,texas_official_upstream
TX,2020,house,74,26131.0,22334.0,7.834519756525328,EDDIE MORALES,RUBEN FALCON,0.0,0.0,0.0,True,1.0,0.0,0.0,0.0,,,,Texas official returns normalized by the Texas project,external://texas-state-house-and-state-senate-model/data/processed/elections/sos_official_candidate_totals_2020_2024.csv,Texas Secretary of State candidate-total exports,Texas official/canonical candidate and full-history incumbency exports,source_observed,26131.0,22334.0,7.834519756525328,"morales, eddie","falcon, ruben",0.0,both,0.0,0.0,0.0,texas_official_upstream
TX,2020,house,75,,,,,,,,,,,,,,,,,,,,,,46455.0,0.0,100.0,"gonzalez, mary e",,1.0,right_only,,,,klarner_fallback
TX,2020,house,76,,,,,,,,,,,,,,,,,,,,,,36199.0,0.0,100.0,"ordazperez, claudia",,0.0,right_only,,,,klarner_fallback
TX,2020,house,77,,,,,,,,,,,,,,,,,,,,,,34659.0,0.0,100.0,"ortega, evelina (lina)",,1.0,right_only,,,,klarner_fallback
TX,2020,house,78,38876.0,24180.0,23.306267444810963,JOE MOODY,JEFFREY LANE,1.0,0.0,1.0,True,1.0,0.0,0.0,0.0,,,,Texas official returns normalized by the Texas project,external://texas-state-house-and-state-senate-model/data/processed/elections/sos_official_candidate_totals_2020_2024.csv,Texas Secretary of State candidate-total exports,Texas official/canonical candidate and full-history incumbency exports,source_observed,38876.0,24180.0,23.306267444810963,"moody, joseph e 2","lane, jeffrey",1.0,both,0.0,0.0,0.0,texas_official_upstream
TX,2020,house,79,,,,,,,,,,,,,,,,,,,,,,42667.0,0.0,100.0,"fierro, art",,0.0,right_only,,,,klarner_fallback
TX,2020,house,80,,,,,,,,,,,,,,,,,,,,,,37792.0,0.0,100.0,"king, tracy o",,1.0,right_only,,,,klarner_fallback
TX,2020,house,81,,,,,,,,,,,,,,,,,,,,,,0.0,48239.0,-100.0,,"landgraf, brooks",-1.0,right_only,,,,klarner_fallback
TX,2020,house,82,,,,,,,,,,,,,,,,,,,,,,0.0,61068.0,-100.0,,"craddick, tom",-1.0,right_only,,,,klarner_fallback
TX,2020,house,83,16185.0,61959.0,-58.5764742014742,ADDISON PERRY-FRANKS,DUSTIN BURROWS,0.0,1.0,-1.0,True,0.0,1.0,0.0,0.0,,,,Texas official returns normalized by the Texas project,external://texas-state-house-and-state-senate-model/data/processed/elections/sos_official_candidate_totals_2020_2024.csv,Texas Secretary of State candidate-total exports,Texas official/canonical candidate and full-history incumbency exports,source_observed,16185.0,61959.0,-58.5764742014742,"perryfranks, addison","burrows, dustin",-1.0,both,0.0,0.0,0.0,texas_official_upstream
TX,2020,house,84,22208.0,35066.0,-22.4499773020917,JOHN GIBSON,JOHN FRULLO,0.0,1.0,-1.0,True,0.0,1.0,0.0,0.0,,,,Texas official returns normalized by the Texas project,external://texas-state-house-and-state-senate-model/data/processed/elections/sos_official_candidate_totals_2020_2024.csv,Texas Secretary of State candidate-total exports,Texas official/canonical candidate and full-history incumbency exports,source_observed,22208.0,35066.0,-22.4499773020917,"gibson, john","frullo, john",-1.0,both,0.0,0.0,0.0,texas_official_upstream
TX,2020,house,85,31372.0,43024.0,-15.66213237270821,JOEY CARDENAS III,PHIL STEPHENSON,0.0,1.0,-1.0,True,0.0,1.0,0.0,0.0,,,,Texas official returns normalized by the Texas project,external://texas-state-house-and-state-senate-model/data/processed/elections/sos_official_candidate_totals_2020_2024.csv,Texas Secretary of State candidate-total exports,Texas official/canonical candidate and full-history incumbency exports,source_observed,31372.0,43024.0,-15.66213237270821,"cardenas, joey, iii","stephenson, phil",-1.0,both,0.0,0.0,0.0,texas_official_upstream
TX,2020,house,86,,,,,,,,,,,,,,,,,,,,,,0.0,67985.0,-100.0,,"smithee, john",-1.0,right_only,,,,klarner_fallback
TX,2020,house,87,,,,,,,,,,,,,,,,,,,,,,0.0,44412.0,-100.0,,"price, four",-1.0,right_only,,,,klarner_fallback
TX,2020,house,88,,,,,,,,,,,,,,,,,,,,,,0.0,45771.0,-100.0,,"king, ken",-1.0,right_only,,,,klarner_fallback
TX,2020,house,89,37837.0,58102.0,-21.122796777118793,SUGAR RAY ASH,CANDY NOBLE,0.0,1.0,-1.0,True,0.0,1.0,0.0,0.0,,,,Texas official returns normalized by the Texas project,external://texas-state-house-and-state-senate-model/data/processed/elections/sos_official_candidate_totals_2020_2024.csv,Texas Secretary of State candidate-total exports,Texas official/canonical candidate and full-history incumbency exports,source_observed,37837.0,58102.0,-21.122796777118793,"ash, ray","noble, candy",-1.0,both,0.0,0.0,0.0,texas_official_upstream
TX,2020,house,90,25329.0,9656.0,44.79919965699585,RAMON ROMERO,ELVA CAMACHO,1.0,0.0,1.0,True,1.0,0.0,0.0,0.0,,,,Texas official returns normalized by the Texas project,external://texas-state-house-and-state-senate-model/data/processed/elections/sos_official_candidate_totals_2020_2024.csv,Texas Secretary of State candidate-total exports,Texas official/canonical candidate and full-history incumbency exports,source_observed,25329.0,9656.0,44.79919965699585,"romero, ramon, jr","camacho, elva",1.0,both,0.0,0.0,0.0,texas_official_upstream
TX,2020,house,91,25521.0,45108.0,-27.732234634498578,JEROMEY SIMS,STEPHANIE KLICK,0.0,1.0,-1.0,True,0.0,1.0,0.0,0.0,,,,Texas official returns normalized by the Texas project,external://texas-state-house-and-state-senate-model/data/processed/elections/sos_official_candidate_totals_2020_2024.csv,Texas Secretary of State candidate-total exports,Texas official/canonical candidate and full-history incumbency exports,source_observed,25521.0,45108.0,-27.732234634498578,"sims, jeromey","klick, stephanie",-1.0,both,0.0,0.0,0.0,texas_official_upstream
TX,2020,house,92,36996.0,39875.0,-3.745235524450053,JEFF WHITFIELD,JEFF CASON,0.0,0.0,0.0,True,0.0,1.0,0.0,0.0,,,,Texas official returns normalized by the Texas project,external://texas-state-house-and-state-senate-model/data/processed/elections/sos_official_candidate_totals_2020_2024.csv,Texas Secretary of State candidate-total exports,Texas official/canonical candidate and full-history incumbency exports,source_observed,36996.0,39875.0,-3.745235524450053,"whitfield, jeff","cason, jeff",0.0,both,0.0,0.0,0.0,texas_official_upstream
TX,2020,house,93,38339.0,45876.0,-8.949712046547527,LYDIA BEAN,MATT KRAUSE,0.0,1.0,-1.0,True,0.0,1.0,0.0,0.0,,,,Texas official returns normalized by the Texas project,external://texas-state-house-and-state-senate-model/data/processed/elections/sos_official_candidate_totals_2020_2024.csv,Texas Secretary of State candidate-total exports,Texas official/canonical candidate and full-history incumbency exports,source_observed,38339.0,45876.0,-8.949712046547527,"bean, lydia","krause, matt",-1.0,both,0.0,0.0,0.0,texas_official_upstream
TX,2020,house,94,34757.0,38602.0,-5.241347346610505,ALISA SIMMONS,TONY TINDERHOLT,0.0,1.0,-1.0,True,0.0,1.0,0.0,0.0,,,,Texas official returns normalized by the Texas project,external://texas-state-house-and-state-senate-model/data/processed/elections/sos_official_candidate_totals_2020_2024.csv,Texas Secretary of State candidate-total exports,Texas official/canonical candidate and full-history incumbency exports,source_observed,34757.0,38602.0,-5.241347346610505,"simmons, alisa","tinderholt, tony",-1.0,both,0.0,0.0,0.0,texas_official_upstream
TX,2020,house,95,,,,,,,,,,,,,,,,,,,,,,46120.0,0.0,100.0,"collier, nicole",,1.0,right_only,,,,klarner_fallback
TX,2020,house,96,40550.0,45053.0,-5.260329661343644,JOE DRAGO,DAVID COOK,0.0,0.0,0.0,True,0.0,1.0,0.0,0.0,,,,Texas official returns normalized by the Texas project,external://texas-state-house-and-state-senate-model/data/processed/elections/sos_official_candidate_totals_2020_2024.csv,Texas Secretary of State candidate-total exports,Texas official/canonical candidate and full-history incumbency exports,source_observed,40550.0,45053.0,-5.260329661343644,"drago, joe","cook, david",0.0,both,0.0,0.0,0.0,texas_official_upstream
TX,2020,house,97,37707.0,43852.0,-7.534422933091382,ELIZABETH BECK,CRAIG GOLDMAN,0.0,1.0,-1.0,True,0.0,1.0,0.0,0.0,,,,Texas official returns normalized by the Texas project,external://texas-state-house-and-state-senate-model/data/processed/elections/sos_official_candidate_totals_2020_2024.csv,Texas Secretary of State candidate-total exports,Texas official/canonical candidate and full-history incumbency exports,source_observed,37707.0,43852.0,-7.534422933091382,"beck, elizabeth","goldman, craig",-1.0,both,0.0,0.0,0.0,texas_official_upstream
TX,2020,house,98,33867.0,71459.0,-35.69109241782656,DEBRA EDMONDSON,GIOVANNI CAPRIGLIONE,0.0,1.0,-1.0,True,0.0,1.0,0.0,0.0,,,,Texas official returns normalized by the Texas project,external://texas-state-house-and-state-senate-model/data/processed/elections/sos_official_candidate_totals_2020_2024.csv,Texas Secretary of State candidate-total exports,Texas official/canonical candidate and full-history incumbency exports,source_observed,33867.0,71459.0,-35.69109241782656,"edmondson, debra","capriglione, giovanni",-1.0,both,0.0,0.0,0.0,texas_official_upstream
TX,2020,house,99,,,,,,,,,,,,,,,,,,,,,,0.0,62554.0,-100.0,,"geren, charlie",-1.0,right_only,,,,klarner_fallback
TX,2020,house,100,,,,,,,,,,,,,,,,,,,,,,45550.0,0.0,100.0,"crockett, jasmine f",,0.0,right_only,,,,klarner_fallback
TX,2020,house,101,,,,,,,,,,,,,,,,,,,,,,45531.0,0.0,100.0,"turner, chris",,1.0,right_only,,,,klarner_fallback
TX,2020,house,102,37219.0,31785.0,7.8749058025621705,ANA-MARIA RAMOS,LINDA KOOP,1.0,0.0,1.0,True,1.0,0.0,0.0,0.0,,,,Texas official returns normalized by the Texas project,external://texas-state-house-and-state-senate-model/data/processed/elections/sos_official_candidate_totals_2020_2024.csv,Texas Secretary of State candidate-total exports,Texas official/canonical candidate and full-history incumbency exports,source_observed,37219.0,31785.0,7.8749058025621705,"ramos, anamaria","koop, linda",1.0,both,0.0,0.0,0.0,texas_official_upstream
TX,2020,house,103,37908.0,12934.0,49.120805633137955,RAFAEL M. ANCHIA,JERRY FORTENBERRY II,1.0,0.0,1.0,True,1.0,0.0,0.0,0.0,,,,Texas official returns normalized by the Texas project,external://texas-state-house-and-state-senate-model/data/processed/elections/sos_official_candidate_totals_2020_2024.csv,Texas Secretary of State candidate-total exports,Texas official/canonical candidate and full-history incumbency exports,source_observed,37908.0,12934.0,49.120805633137955,"anchia, rafael m","fortenberry, jerry",1.0,both,0.0,0.0,0.0,texas_official_upstream
TX,2020,house,104,,,,,,,,,,,,,,,,,,,,,,35710.0,0.0,100.0,"gonzalez, jessica",,1.0,right_only,,,,klarner_fallback
TX,2020,house,105,31502.0,24087.0,13.338969940096062,TERRY MEZA,GERSON HERNANDEZ,1.0,0.0,1.0,True,1.0,0.0,0.0,0.0,,,,Texas official returns normalized by the Texas project,external://texas-state-house-and-state-senate-model/data/processed/elections/sos_official_candidate_totals_2020_2024.csv,Texas Secretary of State candidate-total exports,Texas official/canonical candidate and full-history incumbency exports,source_observed,31502.0,24087.0,13.338969940096062,"meza, thresa (terry)","hernandez, gerson",1.0,both,0.0,0.0,0.0,texas_official_upstream
TX,2020,house,106,52257.0,73692.0,-17.018793321106163,JENNIFER SKIDONENKO,JARED PATTERSON,0.0,1.0,-1.0,True,0.0,1.0,0.0,0.0,,,,Texas official returns normalized by the Texas project,external://texas-state-house-and-state-senate-model/data/processed/elections/sos_official_candidate_totals_2020_2024.csv,Texas Secretary of State candidate-total exports,Texas official/canonical candidate and full-history incumbency exports,source_observed,52257.0,73692.0,-17.018793321106163,"skidonenko, jennifer","patterson, jared",-1.0,both,0.0,0.0,0.0,texas_official_upstream
TX,2020,house,107,34940.0,26906.0,12.990330821718462,VICTORIA NEAVE,SAMUEL SMITH,1.0,0.0,1.0,True,1.0,0.0,0.0,0.0,,,,Texas official returns normalized by the Texas project,external://texas-state-house-and-state-senate-model/data/processed/elections/sos_official_candidate_totals_2020_2024.csv,Texas Secretary of State candidate-total exports,Texas official/canonical candidate and full-history incumbency exports,source_observed,34940.0,26906.0,12.990330821718462,"neave, victoria","smith, samuel",1.0,both,0.0,0.0,0.0,texas_official_upstream
TX,2020,house,108,48590.0,50229.0,-1.6585879233750596,JOANNA CATTANACH,MORGAN MEYER,0.0,1.0,-1.0,True,0.0,1.0,0.0,0.0,,,,Texas official returns normalized by the Texas project,external://texas-state-house-and-state-senate-model/data/processed/elections/sos_official_candidate_totals_2020_2024.csv,Texas Secretary of State candidate-total exports,Texas official/canonical candidate and full-history incumbency exports,source_observed,48590.0,50229.0,-1.6585879233750596,"cattanach, joanna","meyer, morgan",-1.0,both,0.0,0.0,0.0,texas_official_upstream
TX,2020,house,109,64145.0,12880.0,66.5563128854268,CARL O. SHERMAN SR,DR. EUGENE ALLEN,1.0,0.0,1.0,True,1.0,0.0,0.0,0.0,,,,Texas official returns normalized by the Texas project,external://texas-state-house-and-state-senate-model/data/processed/elections/sos_official_candidate_totals_2020_2024.csv,Texas Secretary of State candidate-total exports,Texas official/canonical candidate and full-history incumbency exports,source_observed,64145.0,12880.0,66.5563128854268,"sherman, carl","allen, dr e",1.0,both,0.0,0.0,0.0,texas_official_upstream
TX,2020,house,110,,,,,,,,,,,,,,,,,,,,,,37214.0,0.0,100.0,"rose, toni",,1.0,right_only,,,,klarner_fallback
TX,2020,house,111,,,,,,,,,,,,,,,,,,,,,,59450.0,0.0,100.0,"davis, yvonne",,1.0,right_only,,,,klarner_fallback
TX,2020,house,112,33537.0,33759.0,-0.32988587731811697,BRANDY K. CHAMBERS,ANGIE CHEN BUTTON,0.0,1.0,-1.0,True,0.0,1.0,0.0,0.0,,,,Texas official returns normalized by the Texas project,external://texas-state-house-and-state-senate-model/data/processed/elections/sos_official_candidate_totals_2020_2024.csv,Texas Secretary of State candidate-total exports,Texas official/canonical candidate and full-history incumbency exports,source_observed,33537.0,33759.0,-0.32988587731811697,"chambers, brandy k","chenbutton, angie c",-1.0,both,0.0,0.0,0.0,texas_official_upstream
TX,2020,house,113,35627.0,33194.0,3.5352581334185786,RHETTA ANDREWS BOWERS,WILL DOUGLAS,1.0,0.0,1.0,True,1.0,0.0,0.0,0.0,,,,Texas official returns normalized by the Texas project,external://texas-state-house-and-state-senate-model/data/processed/elections/sos_official_candidate_totals_2020_2024.csv,Texas Secretary of State candidate-total exports,Texas official/canonical candidate and full-history incumbency exports,source_observed,35627.0,33194.0,3.5352581334185786,"andrewsbowers, rhetta","douglas, will",1.0,both,0.0,0.0,0.0,texas_official_upstream
TX,2020,house,114,42842.0,37014.0,7.298136645962733,JOHN TURNER,LUISA DEL ROSAL,1.0,0.0,1.0,True,1.0,0.0,0.0,0.0,,,,Texas official returns normalized by the Texas project,external://texas-state-house-and-state-senate-model/data/processed/elections/sos_official_candidate_totals_2020_2024.csv,Texas Secretary of State candidate-total exports,Texas official/canonical candidate and full-history incumbency exports,source_observed,42842.0,37014.0,7.298136645962733,"turner, john","delrosal, luisa",1.0,both,0.0,0.0,0.0,texas_official_upstream
TX,2020,house,115,40961.0,31026.0,13.801102976926389,JULIE JOHNSON,KARYN BROWNLEE,1.0,0.0,1.0,True,1.0,0.0,0.0,0.0,,,,Texas official returns normalized by the Texas project,external://texas-state-house-and-state-senate-model/data/processed/elections/sos_official_candidate_totals_2020_2024.csv,Texas Secretary of State candidate-total exports,Texas official/canonical candidate and full-history incumbency exports,source_observed,40961.0,31026.0,13.801102976926389,"johnson, julie","brownlee, karyn",1.0,both,0.0,0.0,0.0,texas_official_upstream
TX,2020,house,116,41426.0,18510.0,38.23411639081687,TREY MARTINEZ FISCHER,ROBERT LITOFF,1.0,0.0,1.0,True,1.0,0.0,0.0,0.0,,,,Texas official returns normalized by the Texas project,external://texas-state-house-and-state-senate-model/data/processed/elections/sos_official_candidate_totals_2020_2024.csv,Texas Secretary of State candidate-total exports,Texas official/canonical candidate and full-history incumbency exports,source_observed,41426.0,18510.0,38.23411639081687,"martinezfischer, trey","litoff, robert",1.0,both,0.0,0.0,0.0,texas_official_upstream
TX,2020,house,117,50092.0,37711.0,14.100884935594456,PHILIP CORTEZ,CARLOS ANTONIO RAYMOND,1.0,0.0,1.0,True,1.0,0.0,0.0,0.0,,,,Texas official returns normalized by the Texas project,external://texas-state-house-and-state-senate-model/data/processed/elections/sos_official_candidate_totals_2020_2024.csv,Texas Secretary of State candidate-total exports,Texas official/canonical candidate and full-history incumbency exports,source_observed,50092.0,37711.0,14.100884935594456,"cortez, philip","raymond, carlos a",1.0,both,0.0,0.0,0.0,texas_official_upstream
TX,2020,house,118,33230.0,23376.0,17.408048616754407,LEO PACHECO,ADAM SALYER,1.0,0.0,1.0,True,1.0,0.0,0.0,0.0,,,,Texas official returns normalized by the Texas project,external://texas-state-house-and-state-senate-model/data/processed/elections/sos_official_candidate_totals_2020_2024.csv,Texas Secretary of State candidate-total exports,Texas official/canonical candidate and full-history incumbency exports,source_observed,33230.0,23376.0,17.408048616754407,"pacheco, leo","salyer, adam",1.0,both,0.0,0.0,0.0,texas_official_upstream
TX,2020,house,119,37574.0,21154.0,27.959406075466557,"ELIZABETH  ""LIZ"" CAMPOS",GEORGE B. GARZA,0.0,0.0,0.0,True,1.0,0.0,0.0,0.0,,,,Texas official returns normalized by the Texas project,external://texas-state-house-and-state-senate-model/data/processed/elections/sos_official_candidate_totals_2020_2024.csv,Texas Secretary of State candidate-total exports,Texas official/canonical candidate and full-history incumbency exports,source_observed,37574.0,21154.0,27.959406075466557,"campos, elizabeth (liz)","garza, george b",0.0,both,0.0,0.0,0.0,texas_official_upstream
TX,2020,house,120,40004.0,18830.0,35.98939388788796,BARBARA GERVIN-HAWKINS,RONALD PAYNE,1.0,0.0,1.0,True,1.0,0.0,0.0,0.0,,,,Texas official returns normalized by the Texas project,external://texas-state-house-and-state-senate-model/data/processed/elections/sos_official_candidate_totals_2020_2024.csv,Texas Secretary of State candidate-total exports,Texas official/canonical candidate and full-history incumbency exports,source_observed,40004.0,18830.0,35.98939388788796,"gervinhawkins, barbara","payne, ronald",1.0,both,0.0,0.0,0.0,texas_official_upstream
TX,2020,house,121,43863.0,50367.0,-6.902260426615728,CELINA MONTOYA,STEVE ALLISON,0.0,1.0,-1.0,True,0.0,1.0,0.0,0.0,,,,Texas official returns normalized by the Texas project,external://texas-state-house-and-state-senate-model/data/processed/elections/sos_official_candidate_totals_2020_2024.csv,Texas Secretary of State candidate-total exports,Texas official/canonical candidate and full-history incumbency exports,source_observed,43863.0,50367.0,-6.902260426615728,"montoya, celina d","allison, steve",-1.0,both,0.0,0.0,0.0,texas_official_upstream
TX,2020,house,122,50195.0,74149.0,-19.264299041369107,CLAIRE BARNETT,LYLE LARSON,0.0,1.0,-1.0,True,0.0,1.0,0.0,0.0,,,,Texas official returns normalized by the Texas project,external://texas-state-house-and-state-senate-model/data/processed/elections/sos_official_candidate_totals_2020_2024.csv,Texas Secretary of State candidate-total exports,Texas official/canonical candidate and full-history incumbency exports,source_observed,50195.0,74149.0,-19.264299041369107,"barnett, claire","larson, lyle",-1.0,both,0.0,0.0,0.0,texas_official_upstream
TX,2020,house,123,,,,,,,,,,,,,,,,,,,,,,3.0,0.0,100.0,"bernanl, diego",,1.0,right_only,,,,klarner_fallback
TX,2020,house,124,,,,,,,,,,,,,,,,,,,,,,3.0,0.0,100.0,"minjarez, ina",,1.0,right_only,,,,klarner_fallback
TX,2020,house,125,,,,,,,,,,,,,,,,,,,,,,45500.0,0.0,100.0,"lopez, ray",,0.0,right_only,,,,klarner_fallback
TX,2020,house,126,34538.0,39457.0,-6.647746469356037,NATALI HURTADO,E. SAM HARLESS,0.0,1.0,-1.0,True,0.0,1.0,0.0,0.0,,,,Texas official returns normalized by the Texas project,external://texas-state-house-and-state-senate-model/data/processed/elections/sos_official_candidate_totals_2020_2024.csv,Texas Secretary of State candidate-total exports,Texas official/canonical candidate and full-history incumbency exports,source_observed,34538.0,39457.0,-6.647746469356037,"hurtado, natali","harless, e sam",-1.0,both,0.0,0.0,0.0,texas_official_upstream
TX,2020,house,127,,,,,,,,,,,,,,,,,,,,,,0.0,60599.0,-100.0,,"huberty, dan",-1.0,right_only,,,,klarner_fallback
TX,2020,house,128,22569.0,48831.0,-36.78151260504202,MARY E. WILLIAMS,BRISCOE CAIN,0.0,1.0,-1.0,True,0.0,1.0,0.0,0.0,,,,Texas official returns normalized by the Texas project,external://texas-state-house-and-state-senate-model/data/processed/elections/sos_official_candidate_totals_2020_2024.csv,Texas Secretary of State candidate-total exports,Texas official/canonical candidate and full-history incumbency exports,source_observed,22569.0,48831.0,-36.78151260504202,"williams, mary e","cain, briscoe",-1.0,both,0.0,0.0,0.0,texas_official_upstream
TX,2020,house,129,34823.0,49972.0,-17.865440179255852,KAYLA ALIX,DENNIS PAUL,0.0,1.0,-1.0,True,0.0,1.0,0.0,0.0,,,,Texas official returns normalized by the Texas project,external://texas-state-house-and-state-senate-model/data/processed/elections/sos_official_candidate_totals_2020_2024.csv,Texas Secretary of State candidate-total exports,Texas official/canonical candidate and full-history incumbency exports,source_observed,34823.0,49972.0,-17.865440179255852,"alix, kayla","paul, dennis",-1.0,both,0.0,0.0,0.0,texas_official_upstream
TX,2020,house,130,32229.0,71722.0,-37.99193850949005,BRYAN J HENRY,TOM OLIVERSON,0.0,1.0,-1.0,True,0.0,1.0,0.0,0.0,,,,Texas official returns normalized by the Texas project,external://texas-state-house-and-state-senate-model/data/processed/elections/sos_official_candidate_totals_2020_2024.csv,Texas Secretary of State candidate-total exports,Texas official/canonical candidate and full-history incumbency exports,source_observed,32229.0,71722.0,-37.99193850949005,"henry, bryan j","oliverson, tom",-1.0,both,0.0,0.0,0.0,texas_official_upstream
TX,2020,house,131,,,,,,,,,,,,,,,,,,,,,,47790.0,0.0,100.0,"allen, alma a",,1.0,right_only,,,,klarner_fallback
TX,2020,house,132,48514.0,52299.0,-3.7544761092319443,GINA CALANNI,MIKE SCHOFIELD,1.0,0.0,1.0,True,0.0,1.0,0.0,0.0,,,,Texas official returns normalized by the Texas project,external://texas-state-house-and-state-senate-model/data/processed/elections/sos_official_candidate_totals_2020_2024.csv,Texas Secretary of State candidate-total exports,Texas official/canonical candidate and full-history incumbency exports,source_observed,48514.0,52299.0,-3.7544761092319443,"calanni, gina","schofield, mike",1.0,both,0.0,0.0,0.0,texas_official_upstream
TX,2020,house,133,36550.0,50785.0,-16.29930726512853,SANDRA G MOORE,JIM MURPHY,0.0,1.0,-1.0,True,0.0,1.0,0.0,0.0,,,,Texas official returns normalized by the Texas project,external://texas-state-house-and-state-senate-model/data/processed/elections/sos_official_candidate_totals_2020_2024.csv,Texas Secretary of State candidate-total exports,Texas official/canonical candidate and full-history incumbency exports,source_observed,36550.0,50785.0,-16.29930726512853,"moore, sandra g","murphy, jim",-1.0,both,0.0,0.0,0.0,texas_official_upstream
TX,2020,house,134,56895.0,51960.0,4.533553810114372,ANN JOHNSON,SARAH DAVIS,0.0,1.0,-1.0,True,1.0,0.0,0.0,0.0,,,,Texas official returns normalized by the Texas project,external://texas-state-house-and-state-senate-model/data/processed/elections/sos_official_candidate_totals_2020_2024.csv,Texas Secretary of State candidate-total exports,Texas official/canonical candidate and full-history incumbency exports,source_observed,56895.0,51960.0,4.533553810114372,"johnson, ann","davis, sarah",-1.0,both,0.0,0.0,0.0,texas_official_upstream
TX,2020,house,135,36760.0,36460.0,0.40972411909314393,JON E. ROSENTHAL,JUSTIN RAY,1.0,0.0,1.0,True,1.0,0.0,0.0,0.0,,,,Texas official returns normalized by the Texas project,external://texas-state-house-and-state-senate-model/data/processed/elections/sos_official_candidate_totals_2020_2024.csv,Texas Secretary of State candidate-total exports,Texas official/canonical candidate and full-history incumbency exports,source_observed,36760.0,36460.0,0.40972411909314393,"rosenthal, jon e","ray, justin",1.0,both,0.0,0.0,0.0,texas_official_upstream
TX,2020,house,136,53887.0,43533.0,10.628207760213508,JOHN H. BUCY III,MIKE GUEVARA,1.0,0.0,1.0,True,1.0,0.0,0.0,0.0,,,,Texas official returns normalized by the Texas project,external://texas-state-house-and-state-senate-model/data/processed/elections/sos_official_candidate_totals_2020_2024.csv,Texas Secretary of State candidate-total exports,Texas official/canonical candidate and full-history incumbency exports,source_observed,53887.0,43533.0,10.628207760213508,"bucy, john h, iii","guevara, mike",1.0,both,0.0,0.0,0.0,texas_official_upstream
TX,2020,house,137,,,,,,,,,,,,,,,,,,,,,,23502.0,0.0,100.0,"wu, gene",,1.0,right_only,,,,klarner_fallback
TX,2020,house,138,30982.0,33081.0,-3.2764622324898927,AKILAH BACY,LACEY HULL,0.0,0.0,0.0,True,0.0,1.0,0.0,0.0,,,,Texas official returns normalized by the Texas project,external://texas-state-house-and-state-senate-model/data/processed/elections/sos_official_candidate_totals_2020_2024.csv,Texas Secretary of State candidate-total exports,Texas official/canonical candidate and full-history incumbency exports,source_observed,30982.0,33081.0,-3.2764622324898927,"bacy, akilah","hull, lacey",0.0,both,0.0,0.0,0.0,texas_official_upstream
TX,2020,house,139,,,,,,,,,,,,,,,,,,,,,,48841.0,0.0,100.0,"johnson, jarvis d",,1.0,right_only,,,,klarner_fallback
TX,2020,house,140,,,,,,,,,,,,,,,,,,,,,,25989.0,0.0,100.0,"luciowalle, armando l",,1.0,right_only,,,,klarner_fallback
TX,2020,house,141,,,,,,,,,,,,,,,,,,,,,,38529.0,0.0,100.0,"thompson, senfronia 1",,1.0,right_only,,,,klarner_fallback
TX,2020,house,142,42127.0,14213.0,49.54561590344338,HAROLD V. DUTTON JR,JASON ROWE,1.0,0.0,1.0,True,1.0,0.0,0.0,0.0,,,,Texas official returns normalized by the Texas project,external://texas-state-house-and-state-senate-model/data/processed/elections/sos_official_candidate_totals_2020_2024.csv,Texas Secretary of State candidate-total exports,Texas official/canonical candidate and full-history incumbency exports,source_observed,42127.0,14213.0,49.54561590344338,"dutton, harold v, jr","rowe, jason",1.0,both,0.0,0.0,0.0,texas_official_upstream
TX,2020,house,143,,,,,,,,,,,,,,,,,,,,,,30460.0,0.0,100.0,"hernandez, ana l",,1.0,right_only,,,,klarner_fallback
TX,2020,house,144,17516.0,13528.0,12.846282695528927,MARY ANN PEREZ,TONY SALAS,1.0,0.0,1.0,True,1.0,0.0,0.0,0.0,,,,Texas official returns normalized by the Texas project,external://texas-state-house-and-state-senate-model/data/processed/elections/sos_official_candidate_totals_2020_2024.csv,Texas Secretary of State candidate-total exports,Texas official/canonical candidate and full-history incumbency exports,source_observed,17516.0,13528.0,12.846282695528927,"perez, mary a","salas, tony",1.0,both,0.0,0.0,0.0,texas_official_upstream
TX,2020,house,145,27415.0,14445.0,30.984233158146203,CHRISTINA MORALES,MARTHA ELENA FIERRO,1.0,0.0,1.0,True,1.0,0.0,0.0,0.0,,,,Texas official returns normalized by the Texas project,external://texas-state-house-and-state-senate-model/data/processed/elections/sos_official_candidate_totals_2020_2024.csv,Texas Secretary of State candidate-total exports,Texas official/canonical candidate and full-history incumbency exports,source_observed,27415.0,14445.0,30.984233158146203,"morales, christina","fierro, martha e",0.0,both,0.0,0.0,0.0,texas_official_upstream
TX,2020,house,146,,,,,,,,,,,,,,,,,,,,,,45151.0,0.0,100.0,"thierry, shawn n",,1.0,right_only,,,,klarner_fallback
TX,2020,house,147,,,,,,,,,,,,,,,,,,,,,,58763.0,0.0,100.0,"coleman, garnet f",,1.0,right_only,,,,klarner_fallback
TX,2020,house,148,38287.0,21844.0,27.34529610350734,PENNY MORALES SHAW,LUIS LA ROTTA,0.0,0.0,0.0,True,1.0,0.0,0.0,0.0,,,,Texas official returns normalized by the Texas project,external://texas-state-house-and-state-senate-model/data/processed/elections/sos_official_candidate_totals_2020_2024.csv,Texas Secretary of State candidate-total exports,Texas official/canonical candidate and full-history incumbency exports,source_observed,38287.0,21844.0,27.34529610350734,"moralesshaw, penny","larotta, luis",0.0,both,0.0,0.0,0.0,texas_official_upstream
TX,2020,house,149,31919.0,21799.0,18.839122826613053,HUBERT VO,LILY TRUONG,1.0,0.0,1.0,True,1.0,0.0,0.0,0.0,,,,Texas official returns normalized by the Texas project,external://texas-state-house-and-state-senate-model/data/processed/elections/sos_official_candidate_totals_2020_2024.csv,Texas Secretary of State candidate-total exports,Texas official/canonical candidate and full-history incumbency exports,source_observed,31919.0,21799.0,18.839122826613053,"vo, hubert","truong, lily",1.0,both,0.0,0.0,0.0,texas_official_upstream
TX,2020,house,150,37466.0,56512.0,-20.26644533827066,MICHAEL ROBERT WALSH,VALOREE SWANSON,0.0,1.0,-1.0,True,0.0,1.0,0.0,0.0,,,,Texas official returns normalized by the Texas project,external://texas-state-house-and-state-senate-model/data/processed/elections/sos_official_candidate_totals_2020_2024.csv,Texas Secretary of State candidate-total exports,Texas official/canonical candidate and full-history incumbency exports,source_observed,37466.0,56512.0,-20.26644533827066,"walsh, michael r","swanson, valoree",-1.0,both,0.0,0.0,0.0,texas_official_upstream
TX,2020,senate,1,87885.0,267404.0,-50.52759865911976,AUDREY SPANKO,BRYAN HUGHES,0.0,1.0,-1.0,True,0.0,1.0,0.0,0.0,,,,Texas official returns normalized by the Texas project,external://texas-state-house-and-state-senate-model/data/processed/elections/sos_official_candidate_totals_2020_2024.csv,Texas Secretary of State candidate-total exports,Texas official/canonical candidate and full-history incumbency exports,source_observed,87885.0,267404.0,-50.52759865911976,"spanko, audrey","hughes, bryan",-1.0,both,0.0,0.0,0.0,texas_official_upstream
TX,2020,senate,4,126019.0,281105.0,-38.09306255587978,JAY STITTLEBURG,BRANDON CREIGHTON,0.0,1.0,-1.0,True,0.0,1.0,0.0,0.0,,,,Texas official returns normalized by the Texas project,external://texas-state-house-and-state-senate-model/data/processed/elections/sos_official_candidate_totals_2020_2024.csv,Texas Secretary of State candidate-total exports,Texas official/canonical candidate and full-history incumbency exports,source_observed,126019.0,281105.0,-38.09306255587978,"stittleburg, jay","creighton, c brandon",-1.0,both,0.0,0.0,0.0,texas_official_upstream
TX,2020,senate,6,,,,,,,,,,,,,,,,,,,,,,137895.0,0.0,100.0,"alvarado, carol",,0.0,right_only,,,,klarner_fallback
TX,2020,senate,11,148225.0,231268.0,-21.882617070670605,SUSAN CRISS,LARRY TAYLOR,0.0,1.0,-1.0,True,0.0,1.0,0.0,0.0,,,,Texas official returns normalized by the Texas project,external://texas-state-house-and-state-senate-model/data/processed/elections/sos_official_candidate_totals_2020_2024.csv,Texas Secretary of State candidate-total exports,Texas official/canonical candidate and full-history incumbency exports,source_observed,148225.0,231268.0,-21.882617070670605,"criss, susan","taylor, larry",-1.0,both,0.0,0.0,0.0,texas_official_upstream
TX,2020,senate,12,177610.0,293399.0,-24.583182062338512,SHADI ZITOON,JANE NELSON,0.0,1.0,-1.0,True,0.0,1.0,0.0,0.0,,,,Texas official returns normalized by the Texas project,external://texas-state-house-and-state-senate-model/data/processed/elections/sos_official_candidate_totals_2020_2024.csv,Texas Secretary of State candidate-total exports,Texas official/canonical candidate and full-history incumbency exports,source_observed,177610.0,293399.0,-24.583182062338512,"zitoon, shadi","nelson, jane",-1.0,both,0.0,0.0,0.0,texas_official_upstream
TX,2020,senate,13,200195.0,48581.0,60.94398173457247,BORRIS L MILES,MILINDA MORRIS,1.0,0.0,1.0,True,1.0,0.0,0.0,0.0,,,,Texas official returns normalized by the Texas project,external://texas-state-house-and-state-senate-model/data/processed/elections/sos_official_candidate_totals_2020_2024.csv,Texas Secretary of State candidate-total exports,Texas official/canonical candidate and full-history incumbency exports,source_observed,200195.0,48581.0,60.94398173457247,"miles, borris l","morris, milinda",1.0,both,0.0,0.0,0.0,texas_official_upstream
TX,2020,senate,18,144489.0,277872.0,-31.580330570294134,MICHAEL ANTALAN,LOIS W. KOLKHORST,0.0,1.0,-1.0,True,0.0,1.0,0.0,0.0,,,,Texas official returns normalized by the Texas project,external://texas-state-house-and-state-senate-model/data/processed/elections/sos_official_candidate_totals_2020_2024.csv,Texas Secretary of State candidate-total exports,Texas official/canonical candidate and full-history incumbency exports,source_observed,144489.0,277872.0,-31.580330570294134,"antalan, michael","kolkhorst, lois w",-1.0,both,0.0,0.0,0.0,texas_official_upstream
TX,2020,senate,19,158726.0,148213.0,3.425110526847354,ROLAND GUTIERREZ,PETER P. &QUOT;PETE&QUOT; FLORES,0.0,1.0,-1.0,True,1.0,0.0,0.0,0.0,,,,Texas official returns normalized by the Texas project,external://texas-state-house-and-state-senate-model/data/processed/elections/sos_official_candidate_totals_2020_2024.csv,Texas Secretary of State candidate-total exports,Texas official/canonical candidate and full-history incumbency exports,source_observed,158726.0,148213.0,3.425110526847354,"gutierrez, rolando","flores, peter p",0.0,both,0.0,0.0,0.0,texas_official_upstream
TX,2020,senate,20,154311.0,109563.0,16.958093635598807,JUAN &QUOT;CHUY&QUOT; HINOJOSA,JUDY CUTRIGHT,1.0,0.0,1.0,True,1.0,0.0,0.0,0.0,,,,Texas official returns normalized by the Texas project,external://texas-state-house-and-state-senate-model/data/processed/elections/sos_official_candidate_totals_2020_2024.csv,Texas Secretary of State candidate-total exports,Texas official/canonical candidate and full-history incumbency exports,source_observed,154311.0,109563.0,16.958093635598807,"hinojosa, juan (chuy)","cutright, judy",1.0,both,0.0,0.0,0.0,texas_official_upstream
TX,2020,senate,21,167672.0,111142.0,20.275165522534735,JUDITH ZAFFIRINI,FRANK POMEROY,1.0,0.0,1.0,True,1.0,0.0,0.0,0.0,,,,Texas official returns normalized by the Texas project,external://texas-state-house-and-state-senate-model/data/processed/elections/sos_official_candidate_totals_2020_2024.csv,Texas Secretary of State candidate-total exports,Texas official/canonical candidate and full-history incumbency exports,source_observed,167672.0,111142.0,20.275165522534735,"zaffirini, judith","pomeroy, frank",1.0,both,0.0,0.0,0.0,texas_official_upstream
TX,2020,senate,22,118538.0,257208.0,-36.90524982301874,ROBERT VICK,BRIAN BIRDWELL,0.0,1.0,-1.0,True,0.0,1.0,0.0,0.0,,,,Texas official returns normalized by the Texas project,external://texas-state-house-and-state-senate-model/data/processed/elections/sos_official_candidate_totals_2020_2024.csv,Texas Secretary of State candidate-total exports,Texas official/canonical candidate and full-history incumbency exports,source_observed,118538.0,257208.0,-36.90524982301874,"vick, robert","birdwell, brian",-1.0,both,0.0,0.0,0.0,texas_official_upstream
TX,2020,senate,24,115853.0,264517.0,-39.08404974104162,CLAYTON TUCKER,DAWN BUCKINGHAM,0.0,1.0,-1.0,True,0.0,1.0,0.0,0.0,,,,Texas official returns normalized by the Texas project,external://texas-state-house-and-state-senate-model/data/processed/elections/sos_official_candidate_totals_2020_2024.csv,Texas Secretary of State candidate-total exports,Texas official/canonical candidate and full-history incumbency exports,source_observed,115853.0,264517.0,-39.08404974104162,"tucker, clayton","buckingham, dawn",-1.0,both,0.0,0.0,0.0,texas_official_upstream
TX,2020,senate,26,,,,,,,,,,,,,,,,,,,,,,199829.0,0.0,100.0,"menendez, jose",,1.0,right_only,,,,klarner_fallback
TX,2020,senate,27,134035.0,72768.0,29.62577912312684,EDDIE LUCIO JR,VANESSA TIJERINA,1.0,0.0,1.0,True,1.0,0.0,0.0,0.0,,,,Texas official returns normalized by the Texas project,external://texas-state-house-and-state-senate-model/data/processed/elections/sos_official_candidate_totals_2020_2024.csv,Texas Secretary of State candidate-total exports,Texas official/canonical candidate and full-history incumbency exports,source_observed,134035.0,72768.0,29.62577912312684,"lucio, eddie, jr 1","tijerina, vanessa",1.0,both,0.0,0.0,0.0,texas_official_upstream
TX,2020,senate,28,,,,,,,,,,,,,,,,,,,,,,0.0,248025.0,-100.0,,"perry, charles",-1.0,right_only,,,,klarner_fallback
TX,2020,senate,29,176360.0,85619.0,34.6367456933571,CÉSAR J BLANCO,BETHANY HATCH,0.0,0.0,0.0,True,1.0,0.0,0.0,0.0,,,,Texas official returns normalized by the Texas project,external://texas-state-house-and-state-senate-model/data/processed/elections/sos_official_candidate_totals_2020_2024.csv,Texas Secretary of State candidate-total exports,Texas official/canonical candidate and full-history incumbency exports,source_observed,176360.0,85619.0,34.6367456933571,"blanco, cesar j","hatch, bethany",0.0,both,0.0,0.0,0.0,texas_official_upstream
TX,2022,house,1,,,,,,,,,,,,,,,,,,,,,,,,,,"vandeaver, gary",-1.0,right_only,,,,klarner_fallback
TX,2022,house,2,,,,,,,,,,,,,,,,,,,,,,,,,,"slaton, bryan",-1.0,right_only,,,,klarner_fallback
TX,2022,house,3,,,,,,,,,,,,,,,,,,,,,,,,,,"bell, cecil, jr",-1.0,right_only,,,,klarner_fallback
TX,2022,house,4,,,,,,,,,,,,,,,,,,,,,,0.0,42041.0,-100.0,,"bell, keith",-1.0,right_only,,,,klarner_fallback
TX,2022,house,5,,,,,,,,,,,,,,,,,,,,,,,,,,"hefner, cole",-1.0,right_only,,,,klarner_fallback
TX,2022,house,6,15975.0,43841.0,-46.58619767286345,CODY J. GRACE,MATT SCHAEFER,0.0,1.0,-1.0,True,0.0,1.0,0.0,0.0,,,,Texas official returns normalized by the Texas project,external://texas-state-house-and-state-senate-model/data/processed/elections/sos_official_candidate_totals_2020_2024.csv,Texas Secretary of State candidate-total exports,Texas official/canonical candidate and full-history incumbency exports,source_observed,15975.0,43841.0,-46.58619767286345,"grace, cody j","schaefer, matt",-1.0,both,0.0,0.0,0.0,texas_official_upstream
TX,2022,house,7,,,,,,,,,,,,,,,,,,,,,,,,,,"dean, jay",-1.0,right_only,,,,klarner_fallback
TX,2022,house,8,,,,,,,,,,,,,,,,,,,,,,0.0,46526.0,-100.0,,"harris, cody",-1.0,right_only,,,,klarner_fallback
TX,2022,house,9,11171.0,52178.0,-64.73188211337195,JASON ROGERS,TRENT ASHBY,0.0,1.0,-1.0,True,0.0,1.0,0.0,0.0,,,,Texas official returns normalized by the Texas project,external://texas-state-house-and-state-senate-model/data/processed/elections/sos_official_candidate_totals_2020_2024.csv,Texas Secretary of State candidate-total exports,Texas official/canonical candidate and full-history incumbency exports,source_observed,11171.0,52178.0,-64.73188211337195,"rogers, jason","ashby, trent",-1.0,both,0.0,0.0,0.0,texas_official_upstream
TX,2022,house,10,,,,,,,,,,,,,,,,,,,,,,,,,,"harrison, brian m",0.0,right_only,,,,klarner_fallback
TX,2022,house,11,,,,,,,,,,,,,,,,,,,,,,,,,,"clardy, travis",-1.0,right_only,,,,klarner_fallback
TX,2022,house,12,,,,,,,,,,,,,,,,,,,,,,,,,,"kacal, kyle j",-1.0,right_only,,,,klarner_fallback
TX,2022,house,13,12027.0,41423.0,-54.99719363891487,CEDRIC DAVIS SR,ANGELIA ORR,0.0,0.0,0.0,True,0.0,1.0,0.0,0.0,,,,Texas official returns normalized by the Texas project,external://texas-state-house-and-state-senate-model/data/processed/elections/sos_official_candidate_totals_2020_2024.csv,Texas Secretary of State candidate-total exports,Texas official/canonical candidate and full-history incumbency exports,source_observed,12027.0,41423.0,-54.99719363891487,"davis, cedric, sr","orr, angelia",0.0,both,0.0,0.0,0.0,texas_official_upstream
TX,2022,house,14,,,,,,,,,,,,,,,,,,,,,,0.0,29868.0,-100.0,,"raney, john",-1.0,right_only,,,,klarner_fallback
TX,2022,house,15,24578.0,47021.0,-31.345409852092907,KRISTIN JOHNSON,STEVE TOTH,0.0,1.0,-1.0,True,0.0,1.0,0.0,0.0,,,,Texas official returns normalized by the Texas project,external://texas-state-house-and-state-senate-model/data/processed/elections/sos_official_candidate_totals_2020_2024.csv,Texas Secretary of State candidate-total exports,Texas official/canonical candidate and full-history incumbency exports,source_observed,24578.0,47021.0,-31.345409852092907,"johnson, kristin","toth, steve",-1.0,both,0.0,0.0,0.0,texas_official_upstream
TX,2022,house,16,,,,,,,,,,,,,,,,,,,,,,,,,,"metcalf, will",-1.0,right_only,,,,klarner_fallback
TX,2022,house,17,19404.0,39092.0,-33.65700218818381,MADELINE EDEN,STAN GERDES,0.0,0.0,0.0,True,0.0,1.0,0.0,0.0,,,,Texas official returns normalized by the Texas project,external://texas-state-house-and-state-senate-model/data/processed/elections/sos_official_candidate_totals_2020_2024.csv,Texas Secretary of State candidate-total exports,Texas official/canonical candidate and full-history incumbency exports,source_observed,19404.0,39092.0,-33.65700218818381,"eden, madeline","gerdes, stan",0.0,both,0.0,0.0,0.0,texas_official_upstream
TX,2022,house,18,,,,,,,,,,,,,,,,,,,,,,,,,,"bailes, ernest",-1.0,right_only,,,,klarner_fallback
TX,2022,house,19,26533.0,70492.0,-45.306879670188096,PAM BAGGETT,ELLEN TROXCLAIR,0.0,0.0,0.0,True,0.0,1.0,0.0,0.0,,,,Texas official returns normalized by the Texas project,external://texas-state-house-and-state-senate-model/data/processed/elections/sos_official_candidate_totals_2020_2024.csv,Texas Secretary of State candidate-total exports,Texas official/canonical candidate and full-history incumbency exports,source_observed,26533.0,70492.0,-45.306879670188096,"baggett, pam","troxclair, ellen",0.0,both,0.0,0.0,0.0,texas_official_upstream
TX,2022,house,20,34175.0,49345.0,-18.163314176245212,RAUL CAMACHO,TERRY M.  WILSON,0.0,1.0,-1.0,True,0.0,1.0,0.0,0.0,,,,Texas official returns normalized by the Texas project,external://texas-state-house-and-state-senate-model/data/processed/elections/sos_official_candidate_totals_2020_2024.csv,Texas Secretary of State candidate-total exports,Texas official/canonical candidate and full-history incumbency exports,source_observed,34175.0,49345.0,-18.163314176245212,"camacho, raul","wilson, terry m",-1.0,both,0.0,0.0,0.0,texas_official_upstream
TX,2022,house,21,,,,,,,,,,,,,,,,,,,,,,,,,,"phelan, dade",-1.0,right_only,,,,klarner_fallback
TX,2022,house,22,21399.0,16484.0,12.974157273711164,"CHRISTIAN  ""MANUEL"" HAYES",JACORION RANDLE,0.0,0.0,0.0,True,1.0,0.0,0.0,0.0,,,,Texas official returns normalized by the Texas project,external://texas-state-house-and-state-senate-model/data/processed/elections/sos_official_candidate_totals_2020_2024.csv,Texas Secretary of State candidate-total exports,Texas official/canonical candidate and full-history incumbency exports,source_observed,21399.0,16484.0,12.974157273711164,"hayes, christian (manuel)","randle, jacorion",0.0,both,0.0,0.0,0.0,texas_official_upstream
TX,2022,house,23,20192.0,35559.0,-27.563631145629675,KEITH G. HENRY,TERRI LEO-WILSON,0.0,0.0,0.0,True,0.0,1.0,0.0,0.0,,,,Texas official returns normalized by the Texas project,external://texas-state-house-and-state-senate-model/data/processed/elections/sos_official_candidate_totals_2020_2024.csv,Texas Secretary of State candidate-total exports,Texas official/canonical candidate and full-history incumbency exports,source_observed,20192.0,35559.0,-27.563631145629675,"henry, keith g","leowilson, terri",0.0,both,0.0,0.0,0.0,texas_official_upstream
TX,2022,house,24,20842.0,47240.0,-38.77383155606474,MICHAEL J CREEDON,GREG BONNEN,0.0,1.0,-1.0,True,0.0,1.0,0.0,0.0,,,,Texas official returns normalized by the Texas project,external://texas-state-house-and-state-senate-model/data/processed/elections/sos_official_candidate_totals_2020_2024.csv,Texas Secretary of State candidate-total exports,Texas official/canonical candidate and full-history incumbency exports,source_observed,20842.0,47240.0,-38.77383155606474,"creedon, michael j","bonnen, greg",-1.0,both,0.0,0.0,0.0,texas_official_upstream
TX,2022,house,25,,,,,,,,,,,,,,,,,,,,,,,,,,"vasut, cody t",-1.0,right_only,,,,klarner_fallback
TX,2022,house,26,24230.0,37376.0,-21.338830633379864,DANIEL LEE,JACEY JETTON,0.0,1.0,-1.0,True,0.0,1.0,0.0,0.0,,,,Texas official returns normalized by the Texas project,external://texas-state-house-and-state-senate-model/data/processed/elections/sos_official_candidate_totals_2020_2024.csv,Texas Secretary of State candidate-total exports,Texas official/canonical candidate and full-history incumbency exports,source_observed,24230.0,37376.0,-21.338830633379864,"lee, daniel","jetton, jacey",-1.0,both,0.0,0.0,0.0,texas_official_upstream
TX,2022,house,27,40668.0,17206.0,40.53979334416145,RON REYNOLDS,SOHRAB GILANI,1.0,0.0,1.0,True,1.0,0.0,0.0,0.0,,,,Texas official returns normalized by the Texas project,external://texas-state-house-and-state-senate-model/data/processed/elections/sos_official_candidate_totals_2020_2024.csv,Texas Secretary of State candidate-total exports,Texas official/canonical candidate and full-history incumbency exports,source_observed,40668.0,17206.0,40.53979334416145,"reynolds, ronald (ron)","gilani, sohrab",1.0,both,0.0,0.0,0.0,texas_official_upstream
TX,2022,house,28,25124.0,40240.0,-23.12587968912551,NELVIN J.  ADRIATICO,GARY GATES,0.0,1.0,-1.0,True,0.0,1.0,0.0,0.0,,,,Texas official returns normalized by the Texas project,external://texas-state-house-and-state-senate-model/data/processed/elections/sos_official_candidate_totals_2020_2024.csv,Texas Secretary of State candidate-total exports,Texas official/canonical candidate and full-history incumbency exports,source_observed,25124.0,40240.0,-23.12587968912551,"adriatico, nelvin j","gates, gary",-1.0,both,0.0,0.0,0.0,texas_official_upstream
TX,2022,house,29,,,,,,,,,,,,,,,,,,,,,,,,,,"thompson, ed",-1.0,right_only,,,,klarner_fallback
TX,2022,house,30,,,,,,,,,,,,,,,,,,,,,,,,,,"morrison, geanie w",-1.0,right_only,,,,klarner_fallback
TX,2022,house,31,14054.0,34806.0,-42.47237003683995,MARTHA M. GUTIERREZ,RYAN GUILLEN,0.0,1.0,-1.0,True,0.0,1.0,0.0,0.0,,,,Texas official returns normalized by the Texas project,external://texas-state-house-and-state-senate-model/data/processed/elections/sos_official_candidate_totals_2020_2024.csv,Texas Secretary of State candidate-total exports,Texas official/canonical candidate and full-history incumbency exports,source_observed,14054.0,34806.0,-42.47237003683995,"gutierrez, martha m","guillen, ryan",-1.0,both,0.0,0.0,0.0,texas_official_upstream
TX,2022,house,32,,,,,,,,,,,,,,,,,,,,,,,,,,"hunter, todd a",-1.0,right_only,,,,klarner_fallback
TX,2022,house,33,23597.0,44031.0,-30.21529543975868,GRAESON LYNSKEY,JUSTIN HOLLAND,0.0,1.0,-1.0,True,0.0,1.0,0.0,0.0,,,,Texas official returns normalized by the Texas project,external://texas-state-house-and-state-senate-model/data/processed/elections/sos_official_candidate_totals_2020_2024.csv,Texas Secretary of State candidate-total exports,Texas official/canonical candidate and full-history incumbency exports,source_observed,23597.0,44031.0,-30.21529543975868,"lynskey, graeson","holland, justin m",-1.0,both,0.0,0.0,0.0,texas_official_upstream
TX,2022,house,34,22231.0,16333.0,15.294056633129344,ABEL HERRERO,CAROLYN VAUGHN,1.0,0.0,1.0,True,1.0,0.0,0.0,0.0,,,,Texas official returns normalized by the Texas project,external://texas-state-house-and-state-senate-model/data/processed/elections/sos_official_candidate_totals_2020_2024.csv,Texas Secretary of State candidate-total exports,Texas official/canonical candidate and full-history incumbency exports,source_observed,22231.0,16333.0,15.294056633129344,"herrero, abel","vaughn, carolyn",1.0,both,0.0,0.0,0.0,texas_official_upstream
TX,2022,house,35,15569.0,8690.0,28.356486252524835,OSCAR LONGORIA,OSCAR ROSA,1.0,0.0,1.0,True,1.0,0.0,0.0,0.0,,,,Texas official returns normalized by the Texas project,external://texas-state-house-and-state-senate-model/data/processed/elections/sos_official_candidate_totals_2020_2024.csv,Texas Secretary of State candidate-total exports,Texas official/canonical candidate and full-history incumbency exports,source_observed,15569.0,8690.0,28.356486252524835,"longoria, oscar","rosa, oscar",1.0,both,0.0,0.0,0.0,texas_official_upstream
TX,2022,house,36,,,,,,,,,,,,,,,,,,,,,,,,,"munoz, sergio, jr 2",,1.0,right_only,,,,klarner_fallback
TX,2022,house,37,18995.0,20437.0,-3.656928383039156,LUIS VILLARREAL JR.,JANIE LOPEZ,0.0,0.0,0.0,True,0.0,1.0,0.0,0.0,,,,Texas official returns normalized by the Texas project,external://texas-state-house-and-state-senate-model/data/processed/elections/sos_official_candidate_totals_2020_2024.csv,Texas Secretary of State candidate-total exports,Texas official/canonical candidate and full-history incumbency exports,source_observed,18995.0,20437.0,-3.656928383039156,"villarreal, luis, jr","lopez, janie",0.0,both,0.0,0.0,0.0,texas_official_upstream
TX,2022,house,38,,,,,,,,,,,,,,,,,,,,,,,,,"gamez, erin e",,0.0,right_only,,,,klarner_fallback
TX,2022,house,39,19027.0,10385.0,29.382564939480485,"ARMANDO ""MANDO"" MARTINEZ",JIMMIE GARCIA,1.0,0.0,1.0,True,1.0,0.0,0.0,0.0,,,,Texas official returns normalized by the Texas project,external://texas-state-house-and-state-senate-model/data/processed/elections/sos_official_candidate_totals_2020_2024.csv,Texas Secretary of State candidate-total exports,Texas official/canonical candidate and full-history incumbency exports,source_observed,19027.0,10385.0,29.382564939480485,"martinez, armando m (mando)","garcia, jimmie",1.0,both,0.0,0.0,0.0,texas_official_upstream
TX,2022,house,40,,,,,,,,,,,,,,,,,,,,,,,,,"canales, terry 2",,1.0,right_only,,,,klarner_fallback
TX,2022,house,41,22352.0,16883.0,13.939085000637187,BOBBY GUERRA,JOHN (DOC) ROBERT GUERRA,1.0,0.0,1.0,True,1.0,0.0,0.0,0.0,,,,Texas official returns normalized by the Texas project,external://texas-state-house-and-state-senate-model/data/processed/elections/sos_official_candidate_totals_2020_2024.csv,Texas Secretary of State candidate-total exports,Texas official/canonical candidate and full-history incumbency exports,source_observed,22352.0,16883.0,13.939085000637187,"guerra, robert (bobby)","guerra, john r (doc)",1.0,both,0.0,0.0,0.0,texas_official_upstream
TX,2022,house,42,24075.0,9734.0,42.41769942914608,RICHARD PEÑA RAYMOND,JOE BRENNAN,1.0,0.0,1.0,True,1.0,0.0,0.0,0.0,,,,Texas official returns normalized by the Texas project,external://texas-state-house-and-state-senate-model/data/processed/elections/sos_official_candidate_totals_2020_2024.csv,Texas Secretary of State candidate-total exports,Texas official/canonical candidate and full-history incumbency exports,source_observed,24075.0,9734.0,42.41769942914608,"penaraymond, richard p","brennan, joe",1.0,both,0.0,0.0,0.0,texas_official_upstream
TX,2022,house,43,,,,,,,,,,,,,,,,,,,,,,,,,,"lozano, jm m 1",-1.0,right_only,,,,klarner_fallback
TX,2022,house,44,18857.0,42558.0,-38.59154929577465,ROBERT M. BOHMFALK,JOHN KUEMPEL,0.0,1.0,-1.0,True,0.0,1.0,0.0,0.0,,,,Texas official returns normalized by the Texas project,external://texas-state-house-and-state-senate-model/data/processed/elections/sos_official_candidate_totals_2020_2024.csv,Texas Secretary of State candidate-total exports,Texas official/canonical candidate and full-history incumbency exports,source_observed,18857.0,42558.0,-38.59154929577465,"bohmfalk, robert m","kuempel, john",-1.0,both,0.0,0.0,0.0,texas_official_upstream
TX,2022,house,45,39078.0,26888.0,18.479216566109812,ERIN ZWIENER,MICHELLE M. LOPEZ,1.0,0.0,1.0,True,1.0,0.0,0.0,0.0,,,,Texas official returns normalized by the Texas project,external://texas-state-house-and-state-senate-model/data/processed/elections/sos_official_candidate_totals_2020_2024.csv,Texas Secretary of State candidate-total exports,Texas official/canonical candidate and full-history incumbency exports,source_observed,39078.0,26888.0,18.479216566109812,"zwiener, erin","lopez, michelle m",1.0,both,0.0,0.0,0.0,texas_official_upstream
TX,2022,house,46,47273.0,13628.0,55.245398269322344,SHERYL COLE,SAM STRASSER,1.0,0.0,1.0,True,1.0,0.0,0.0,0.0,,,,Texas official returns normalized by the Texas project,external://texas-state-house-and-state-senate-model/data/processed/elections/sos_official_candidate_totals_2020_2024.csv,Texas Secretary of State candidate-total exports,Texas official/canonical candidate and full-history incumbency exports,source_observed,47273.0,13628.0,55.245398269322344,"cole, sheryl","strasser, sam",1.0,both,0.0,0.0,0.0,texas_official_upstream
TX,2022,house,47,51045.0,32272.0,22.53201627518994,VIKKI GOODWIN,ROB MCCARTHY,1.0,0.0,1.0,True,1.0,0.0,0.0,0.0,,,,Texas official returns normalized by the Texas project,external://texas-state-house-and-state-senate-model/data/processed/elections/sos_official_candidate_totals_2020_2024.csv,Texas Secretary of State candidate-total exports,Texas official/canonical candidate and full-history incumbency exports,source_observed,51045.0,32272.0,22.53201627518994,"goodwin, vikki","mccarthy, rob",1.0,both,0.0,0.0,0.0,texas_official_upstream
TX,2022,house,48,,,,,,,,,,,,,,,,,,,,,,64039.0,0.0,100.0,"howard, donna",,1.0,right_only,,,,klarner_fallback
TX,2022,house,49,68786.0,11882.0,70.54098279367282,GINA HINOJOSA,KATHERINE GRIFFIN,1.0,0.0,1.0,True,1.0,0.0,0.0,0.0,,,,Texas official returns normalized by the Texas project,external://texas-state-house-and-state-senate-model/data/processed/elections/sos_official_candidate_totals_2020_2024.csv,Texas Secretary of State candidate-total exports,Texas official/canonical candidate and full-history incumbency exports,source_observed,68786.0,11882.0,70.54098279367282,"hinojosa, gina","griffin, katherine",1.0,both,0.0,0.0,0.0,texas_official_upstream
TX,2022,house,50,36881.0,9718.0,58.290950449580464,JAMES TALARICO,VICTOR JOHNSON,1.0,0.0,1.0,True,1.0,0.0,0.0,0.0,,,,Texas official returns normalized by the Texas project,external://texas-state-house-and-state-senate-model/data/processed/elections/sos_official_candidate_totals_2020_2024.csv,Texas Secretary of State candidate-total exports,Texas official/canonical candidate and full-history incumbency exports,source_observed,36881.0,9718.0,58.290950449580464,"talarico, james","johnson, victor",1.0,both,0.0,0.0,0.0,texas_official_upstream
TX,2022,house,51,42393.0,7818.0,68.85941327597538,"MARIA LUISA ""LULU"" FLORES",ROBERT REYNOLDS,0.0,0.0,0.0,True,1.0,0.0,0.0,0.0,,,,Texas official returns normalized by the Texas project,external://texas-state-house-and-state-senate-model/data/processed/elections/sos_official_candidate_totals_2020_2024.csv,Texas Secretary of State candidate-total exports,Texas official/canonical candidate and full-history incumbency exports,source_observed,42393.0,7818.0,68.85941327597538,"flores, maria l (lulu)","reynolds, robert",0.0,both,0.0,0.0,0.0,texas_official_upstream
TX,2022,house,52,34256.0,43498.0,-11.886205211307457,LUIS ECHEGARAY,CAROLINE HARRIS,0.0,0.0,0.0,True,0.0,1.0,0.0,0.0,,,,Texas official returns normalized by the Texas project,external://texas-state-house-and-state-senate-model/data/processed/elections/sos_official_candidate_totals_2020_2024.csv,Texas Secretary of State candidate-total exports,Texas official/canonical candidate and full-history incumbency exports,source_observed,34256.0,43498.0,-11.886205211307457,"echegaray, luis","harris, caroline",0.0,both,0.0,0.0,0.0,texas_official_upstream
TX,2022,house,53,15926.0,63034.0,-59.660587639311046,JOE P. HERRERA,ANDREW S. MURR,0.0,1.0,-1.0,True,0.0,1.0,0.0,0.0,,,,Texas official returns normalized by the Texas project,external://texas-state-house-and-state-senate-model/data/processed/elections/sos_official_candidate_totals_2020_2024.csv,Texas Secretary of State candidate-total exports,Texas official/canonical candidate and full-history incumbency exports,source_observed,15926.0,63034.0,-59.660587639311046,"herrera, joe p","murr, andrew s",-1.0,both,0.0,0.0,0.0,texas_official_upstream
TX,2022,house,54,14531.0,24729.0,-25.97554763117677,JONATHAN HILDNER,BRAD BUCKLEY,0.0,1.0,-1.0,True,0.0,1.0,0.0,0.0,,,,Texas official returns normalized by the Texas project,external://texas-state-house-and-state-senate-model/data/processed/elections/sos_official_candidate_totals_2020_2024.csv,Texas Secretary of State candidate-total exports,Texas official/canonical candidate and full-history incumbency exports,source_observed,14531.0,24729.0,-25.97554763117677,"hildner, jonathan","buckley, brad",-1.0,both,0.0,0.0,0.0,texas_official_upstream
TX,2022,house,55,18409.0,28868.0,-22.122808130803563,TRISTIAN T.D. SANDERS,HUGH D. SHINE,0.0,1.0,-1.0,True,0.0,1.0,0.0,0.0,,,,Texas official returns normalized by the Texas project,external://texas-state-house-and-state-senate-model/data/processed/elections/sos_official_candidate_totals_2020_2024.csv,Texas Secretary of State candidate-total exports,Texas official/canonical candidate and full-history incumbency exports,source_observed,18409.0,28868.0,-22.122808130803563,"sanders, tristian t d","shine, hugh d",-1.0,both,0.0,0.0,0.0,texas_official_upstream
TX,2022,house,56,18306.0,43026.0,-40.305224026609274,ERIN SHANK,CHARLES  DOC  ANDERSON,0.0,1.0,-1.0,True,0.0,1.0,0.0,0.0,,,,Texas official returns normalized by the Texas project,external://texas-state-house-and-state-senate-model/data/processed/elections/sos_official_candidate_totals_2020_2024.csv,Texas Secretary of State candidate-total exports,Texas official/canonical candidate and full-history incumbency exports,source_observed,18306.0,43026.0,-40.305224026609274,"shank, erin","anderson, charles (doc)",-1.0,both,0.0,0.0,0.0,texas_official_upstream
TX,2022,house,57,,,,,,,,,,,,,,,,,,,,,,0.0,39934.0,-100.0,,"hayes, richard",0.0,right_only,,,,klarner_fallback
TX,2022,house,58,,,,,,,,,,,,,,,,,,,,,,,,,,"burns, dewayne",-1.0,right_only,,,,klarner_fallback
TX,2022,house,59,,,,,,,,,,,,,,,,,,,,,,,,,,"slawson, shelby",-1.0,right_only,,,,klarner_fallback
TX,2022,house,60,,,,,,,,,,,,,,,,,,,,,,,,,,"rogers, glenn",-1.0,right_only,,,,klarner_fallback
TX,2022,house,61,28709.0,40073.0,-16.521764415108603,SHEENA KING,FREDERICK FRAZIER,0.0,0.0,0.0,True,0.0,1.0,0.0,0.0,,,,Texas official returns normalized by the Texas project,external://texas-state-house-and-state-senate-model/data/processed/elections/sos_official_candidate_totals_2020_2024.csv,Texas Secretary of State candidate-total exports,Texas official/canonical candidate and full-history incumbency exports,source_observed,28709.0,40073.0,-16.521764415108603,"king, sheena","frazier, frederick",0.0,both,0.0,0.0,0.0,texas_official_upstream
TX,2022,house,62,,,,,,,,,,,,,,,,,,,,,,,,,,"smith, reggie",-1.0,right_only,,,,klarner_fallback
TX,2022,house,63,28342.0,35965.0,-11.854074984060833,H. DENISE WOOTEN,BEN BUMGARNER,0.0,0.0,0.0,True,0.0,1.0,0.0,0.0,,,,Texas official returns normalized by the Texas project,external://texas-state-house-and-state-senate-model/data/processed/elections/sos_official_candidate_totals_2020_2024.csv,Texas Secretary of State candidate-total exports,Texas official/canonical candidate and full-history incumbency exports,source_observed,28342.0,35965.0,-11.854074984060833,"wooten, h denise","bumgarner, ben",0.0,both,0.0,0.0,0.0,texas_official_upstream
TX,2022,house,64,,,,,,,,,,,,,,,,,,,,,,,,,,"stucky, lynn",-1.0,right_only,,,,klarner_fallback
TX,2022,house,65,28878.0,42934.0,-19.57333036261349,BRITTNEY VERDELL,KRONDA THIMESCH,0.0,0.0,0.0,True,0.0,1.0,0.0,0.0,,,,Texas official returns normalized by the Texas project,external://texas-state-house-and-state-senate-model/data/processed/elections/sos_official_candidate_totals_2020_2024.csv,Texas Secretary of State candidate-total exports,Texas official/canonical candidate and full-history incumbency exports,source_observed,28878.0,42934.0,-19.57333036261349,"verdell, brittney","thimesch, kronda",0.0,both,0.0,0.0,0.0,texas_official_upstream
TX,2022,house,66,28039.0,42795.0,-20.831803935962956,JESSE RINGNESS,MATT SHAHEEN,0.0,1.0,-1.0,True,0.0,1.0,0.0,0.0,,,,Texas official returns normalized by the Texas project,external://texas-state-house-and-state-senate-model/data/processed/elections/sos_official_candidate_totals_2020_2024.csv,Texas Secretary of State candidate-total exports,Texas official/canonical candidate and full-history incumbency exports,source_observed,28039.0,42795.0,-20.831803935962956,"ringness, jesse","shaheen, matt",-1.0,both,0.0,0.0,0.0,texas_official_upstream
TX,2022,house,67,26760.0,38828.0,-18.399707263523815,KEVIN MORRIS,JEFF LEACH,0.0,1.0,-1.0,True,0.0,1.0,0.0,0.0,,,,Texas official returns normalized by the Texas project,external://texas-state-house-and-state-senate-model/data/processed/elections/sos_official_candidate_totals_2020_2024.csv,Texas Secretary of State candidate-total exports,Texas official/canonical candidate and full-history incumbency exports,source_observed,26760.0,38828.0,-18.399707263523815,"morris, kevin","leach, jeff",-1.0,both,0.0,0.0,0.0,texas_official_upstream
TX,2022,house,68,,,,,,,,,,,,,,,,,,,,,,,,,,"spiller, david",0.0,right_only,,,,klarner_fallback
TX,2022,house,69,9528.0,40299.0,-61.75567463423445,WALTER COPPAGE,JAMES B. FRANK,0.0,1.0,-1.0,True,0.0,1.0,0.0,0.0,,,,Texas official returns normalized by the Texas project,external://texas-state-house-and-state-senate-model/data/processed/elections/sos_official_candidate_totals_2020_2024.csv,Texas Secretary of State candidate-total exports,Texas official/canonical candidate and full-history incumbency exports,source_observed,9528.0,40299.0,-61.75567463423445,"coppage, walter","frank, james b",-1.0,both,0.0,0.0,0.0,texas_official_upstream
TX,2022,house,70,29660.0,28801.0,1.4693556388019364,MIHAELA ELIZABETH PLESA,JAMEE JOLLY,0.0,0.0,0.0,True,1.0,0.0,0.0,0.0,,,,Texas official returns normalized by the Texas project,external://texas-state-house-and-state-senate-model/data/processed/elections/sos_official_candidate_totals_2020_2024.csv,Texas Secretary of State candidate-total exports,Texas official/canonical candidate and full-history incumbency exports,source_observed,29660.0,28801.0,1.4693556388019364,"plesa, mihaela e","jolly, jamee",0.0,both,0.0,0.0,0.0,texas_official_upstream
TX,2022,house,71,10055.0,42857.0,-61.99349863925008,LINDA GOOLSBEE,STAN LAMBERT,0.0,1.0,-1.0,True,0.0,1.0,0.0,0.0,,,,Texas official returns normalized by the Texas project,external://texas-state-house-and-state-senate-model/data/processed/elections/sos_official_candidate_totals_2020_2024.csv,Texas Secretary of State candidate-total exports,Texas official/canonical candidate and full-history incumbency exports,source_observed,10055.0,42857.0,-61.99349863925008,"goolsbee, linda","lambert, stan",-1.0,both,0.0,0.0,0.0,texas_official_upstream
TX,2022,house,72,,,,,,,,,,,,,,,,,,,,,,,,,,"darby, drew",-1.0,right_only,,,,klarner_fallback
TX,2022,house,73,28441.0,67491.0,-40.705916690989454,JUSTIN CALHOUN,CARRIE ISAAC,0.0,0.0,0.0,True,0.0,1.0,0.0,0.0,,,,Texas official returns normalized by the Texas project,external://texas-state-house-and-state-senate-model/data/processed/elections/sos_official_candidate_totals_2020_2024.csv,Texas Secretary of State candidate-total exports,Texas official/canonical candidate and full-history incumbency exports,source_observed,28441.0,67491.0,-40.705916690989454,"calhoun, justin","isaac, carrie",0.0,both,0.0,0.0,0.0,texas_official_upstream
TX,2022,house,74,21112.0,16813.0,11.335530652603824,EDDIE MORALES,KATHERINE PARKER,1.0,0.0,1.0,True,1.0,0.0,0.0,0.0,,,,Texas official returns normalized by the Texas project,external://texas-state-house-and-state-senate-model/data/processed/elections/sos_official_candidate_totals_2020_2024.csv,Texas Secretary of State candidate-total exports,Texas official/canonical candidate and full-history incumbency exports,source_observed,21112.0,16813.0,11.335530652603824,"morales, eddie","parker, katherine",1.0,both,0.0,0.0,0.0,texas_official_upstream
TX,2022,house,75,,,,,,,,,,,,,,,,,,,,,,19371.0,0.0,100.0,"gonzalez, mary e",,1.0,right_only,,,,klarner_fallback
TX,2022,house,76,28312.0,21131.0,14.523795077159557,SULEMAN LALANI,DAN MATHEWS,0.0,0.0,0.0,True,1.0,0.0,0.0,0.0,,,,Texas official returns normalized by the Texas project,external://texas-state-house-and-state-senate-model/data/processed/elections/sos_official_candidate_totals_2020_2024.csv,Texas Secretary of State candidate-total exports,Texas official/canonical candidate and full-history incumbency exports,source_observed,28312.0,21131.0,14.523795077159557,"lalani, suleman","mathews, dan",0.0,both,0.0,0.0,0.0,texas_official_upstream
TX,2022,house,77,,,,,,,,,,,,,,,,,,,,,,,,,"ortega, evelina (lina)",,1.0,right_only,,,,klarner_fallback
TX,2022,house,78,,,,,,,,,,,,,,,,,,,,,,,,,"moody, joseph e 2",,1.0,right_only,,,,klarner_fallback
TX,2022,house,79,,,,,,,,,,,,,,,,,,,,,,,,,"ordazperez, claudia",,1.0,right_only,,,,klarner_fallback
TX,2022,house,80,,,,,,,,,,,,,,,,,,,,,,,,,"king, tracy o",,1.0,right_only,,,,klarner_fallback
TX,2022,house,81,,,,,,,,,,,,,,,,,,,,,,,,,,"landgraf, brooks",-1.0,right_only,,,,klarner_fallback
TX,2022,house,82,,,,,,,,,,,,,,,,,,,,,,,,,,"craddick, tom",-1.0,right_only,,,,klarner_fallback
TX,2022,house,83,,,,,,,,,,,,,,,,,,,,,,,,,,"burrows, dustin",-1.0,right_only,,,,klarner_fallback
TX,2022,house,84,,,,,,,,,,,,,,,,,,,,,,,,,,"tepper, carl",0.0,right_only,,,,klarner_fallback
TX,2022,house,85,16201.0,49359.0,-50.57657107992679,LARRY E. BAGGETT,STAN KITZMAN,0.0,0.0,0.0,True,0.0,1.0,0.0,0.0,,,,Texas official returns normalized by the Texas project,external://texas-state-house-and-state-senate-model/data/processed/elections/sos_official_candidate_totals_2020_2024.csv,Texas Secretary of State candidate-total exports,Texas official/canonical candidate and full-history incumbency exports,source_observed,16201.0,49359.0,-50.57657107992679,"baggett, larry e","kitzman, stan",0.0,both,0.0,0.0,0.0,texas_official_upstream
TX,2022,house,86,,,,,,,,,,,,,,,,,,,,,,,,,,"smithee, john",-1.0,right_only,,,,klarner_fallback
TX,2022,house,87,,,,,,,,,,,,,,,,,,,,,,0.0,32924.0,-100.0,,"price, four",-1.0,right_only,,,,klarner_fallback
TX,2022,house,88,,,,,,,,,,,,,,,,,,,,,,,,,,"king, ken",-1.0,right_only,,,,klarner_fallback
TX,2022,house,89,,,,,,,,,,,,,,,,,,,,,,,,,,"noble, candy",-1.0,right_only,,,,klarner_fallback
TX,2022,house,90,,,,,,,,,,,,,,,,,,,,,,,,,"romero, ramon, jr",,1.0,right_only,,,,klarner_fallback
TX,2022,house,91,,,,,,,,,,,,,,,,,,,,,,,,,,"klick, stephanie",-1.0,right_only,,,,klarner_fallback
TX,2022,house,92,20182.0,14610.0,16.015175902506325,SALMAN BHOJANI,JOE F LIVINGSTON,0.0,0.0,0.0,True,1.0,0.0,0.0,0.0,,,,Texas official returns normalized by the Texas project,external://texas-state-house-and-state-senate-model/data/processed/elections/sos_official_candidate_totals_2020_2024.csv,Texas Secretary of State candidate-total exports,Texas official/canonical candidate and full-history incumbency exports,source_observed,20182.0,14610.0,16.015175902506325,"bhojani, salman","livingston, joe f",0.0,both,0.0,0.0,0.0,texas_official_upstream
TX,2022,house,93,23399.0,34991.0,-19.852714505908548,KC CHOWDHURY,NATE SCHATZLINE,0.0,0.0,0.0,True,0.0,1.0,0.0,0.0,,,,Texas official returns normalized by the Texas project,external://texas-state-house-and-state-senate-model/data/processed/elections/sos_official_candidate_totals_2020_2024.csv,Texas Secretary of State candidate-total exports,Texas official/canonical candidate and full-history incumbency exports,source_observed,23399.0,34991.0,-19.852714505908548,"chowdhury, k c","schatzline, nate",0.0,both,0.0,0.0,0.0,texas_official_upstream
TX,2022,house,94,26879.0,35092.0,-13.252973164867438,DENNIS SHERRARD,TONY TINDERHOLT,0.0,1.0,-1.0,True,0.0,1.0,0.0,0.0,,,,Texas official returns normalized by the Texas project,external://texas-state-house-and-state-senate-model/data/processed/elections/sos_official_candidate_totals_2020_2024.csv,Texas Secretary of State candidate-total exports,Texas official/canonical candidate and full-history incumbency exports,source_observed,26879.0,35092.0,-13.252973164867438,"sherrard, dennis","tinderholt, tony",-1.0,both,0.0,0.0,0.0,texas_official_upstream
TX,2022,house,95,28400.0,9529.0,49.75348677792718,NICOLE COLLIER,TAYLOR MONDICK,1.0,0.0,1.0,True,1.0,0.0,0.0,0.0,,,,Texas official returns normalized by the Texas project,external://texas-state-house-and-state-senate-model/data/processed/elections/sos_official_candidate_totals_2020_2024.csv,Texas Secretary of State candidate-total exports,Texas official/canonical candidate and full-history incumbency exports,source_observed,28400.0,9529.0,49.75348677792718,"collier, nicole","mondick, taylor",1.0,both,0.0,0.0,0.0,texas_official_upstream
TX,2022,house,96,,,,,,,,,,,,,,,,,,,,,,,,,,"cook, david",-1.0,right_only,,,,klarner_fallback
TX,2022,house,97,26890.0,37439.0,-16.398513889536602,LAURIN MCLAURIN,CRAIG GOLDMAN,0.0,1.0,-1.0,True,0.0,1.0,0.0,0.0,,,,Texas official returns normalized by the Texas project,external://texas-state-house-and-state-senate-model/data/processed/elections/sos_official_candidate_totals_2020_2024.csv,Texas Secretary of State candidate-total exports,Texas official/canonical candidate and full-history incumbency exports,source_observed,26890.0,37439.0,-16.398513889536602,"mclaurin, laurin","goldman, craig",-1.0,both,0.0,0.0,0.0,texas_official_upstream
TX,2022,house,98,26665.0,52385.0,-32.536369386464266,SHANNON ELKINS,GIOVANNI CAPRIGLIONE,0.0,1.0,-1.0,True,0.0,1.0,0.0,0.0,,,,Texas official returns normalized by the Texas project,external://texas-state-house-and-state-senate-model/data/processed/elections/sos_official_candidate_totals_2020_2024.csv,Texas Secretary of State candidate-total exports,Texas official/canonical candidate and full-history incumbency exports,source_observed,26665.0,52385.0,-32.536369386464266,"elkins, shannon","capriglione, giovanni",-1.0,both,0.0,0.0,0.0,texas_official_upstream
TX,2022,house,99,20490.0,33211.0,-23.68857190741327,MIMI COFFEY,CHARLIE GEREN,0.0,1.0,-1.0,True,0.0,1.0,0.0,0.0,,,,Texas official returns normalized by the Texas project,external://texas-state-house-and-state-senate-model/data/processed/elections/sos_official_candidate_totals_2020_2024.csv,Texas Secretary of State candidate-total exports,Texas official/canonical candidate and full-history incumbency exports,source_observed,20490.0,33211.0,-23.68857190741327,"coffey, mimi","geren, charlie",-1.0,both,0.0,0.0,0.0,texas_official_upstream
TX,2022,house,100,,,,,,,,,,,,,,,,,,,,,,23567.0,0.0,100.0,"jones, venton c",,0.0,right_only,,,,klarner_fallback
TX,2022,house,101,,,,,,,,,,,,,,,,,,,,,,,,,"turner, chris",,1.0,right_only,,,,klarner_fallback
TX,2022,house,102,23068.0,14007.0,24.43964935940661,ANA-MARIA RAMOS,SUSAN FISCHER,1.0,0.0,1.0,True,1.0,0.0,0.0,0.0,,,,Texas official returns normalized by the Texas project,external://texas-state-house-and-state-senate-model/data/processed/elections/sos_official_candidate_totals_2020_2024.csv,Texas Secretary of State candidate-total exports,Texas official/canonical candidate and full-history incumbency exports,source_observed,23068.0,14007.0,24.43964935940661,"ramos, anamaria","fischer, susan",1.0,both,0.0,0.0,0.0,texas_official_upstream
TX,2022,house,103,,,,,,,,,,,,,,,,,,,,,,26783.0,0.0,100.0,"anchia, rafael m",,1.0,right_only,,,,klarner_fallback
TX,2022,house,104,,,,,,,,,,,,,,,,,,,,,,,,,"gonzalez, jessica",,1.0,right_only,,,,klarner_fallback
TX,2022,house,105,17064.0,13519.0,11.591406990811889,TERRY MEZA,ALLAN E. MEAGHER,1.0,0.0,1.0,True,1.0,0.0,0.0,0.0,,,,Texas official returns normalized by the Texas project,external://texas-state-house-and-state-senate-model/data/processed/elections/sos_official_candidate_totals_2020_2024.csv,Texas Secretary of State candidate-total exports,Texas official/canonical candidate and full-history incumbency exports,source_observed,17064.0,13519.0,11.591406990811889,"meza, thresa (terry)","meagher, allan e",1.0,both,0.0,0.0,0.0,texas_official_upstream
TX,2022,house,106,,,,,,,,,,,,,,,,,,,,,,,,,,"patterson, jared",-1.0,right_only,,,,klarner_fallback
TX,2022,house,107,,,,,,,,,,,,,,,,,,,,,,18702.0,0.0,100.0,"neave, victoria",,1.0,right_only,,,,klarner_fallback
TX,2022,house,108,38390.0,49755.0,-12.893527710023257,ELIZABETH GINSBERG,MORGAN MEYER,0.0,1.0,-1.0,True,0.0,1.0,0.0,0.0,,,,Texas official returns normalized by the Texas project,external://texas-state-house-and-state-senate-model/data/processed/elections/sos_official_candidate_totals_2020_2024.csv,Texas Secretary of State candidate-total exports,Texas official/canonical candidate and full-history incumbency exports,source_observed,38390.0,49755.0,-12.893527710023257,"ginsberg, elizabeth","meyer, morgan",-1.0,both,0.0,0.0,0.0,texas_official_upstream
TX,2022,house,109,,,,,,,,,,,,,,,,,,,,,,,,,"sherman, carl",,1.0,right_only,,,,klarner_fallback
TX,2022,house,110,,,,,,,,,,,,,,,,,,,,,,,,,"rose, toni",,1.0,right_only,,,,klarner_fallback
TX,2022,house,111,37610.0,9927.0,58.23463828175947,YVONNE DAVIS,BENNY FLORES YRIGOLLEN,1.0,0.0,1.0,True,1.0,0.0,0.0,0.0,,,,Texas official returns normalized by the Texas project,external://texas-state-house-and-state-senate-model/data/processed/elections/sos_official_candidate_totals_2020_2024.csv,Texas Secretary of State candidate-total exports,Texas official/canonical candidate and full-history incumbency exports,source_observed,37610.0,9927.0,58.23463828175947,"davis, yvonne","floresyrigollen, benny",1.0,both,0.0,0.0,0.0,texas_official_upstream
TX,2022,house,112,30946.0,37566.0,-9.662540868752918,ELVA CURL,ANGIE CHEN BUTTON,0.0,1.0,-1.0,True,0.0,1.0,0.0,0.0,,,,Texas official returns normalized by the Texas project,external://texas-state-house-and-state-senate-model/data/processed/elections/sos_official_candidate_totals_2020_2024.csv,Texas Secretary of State candidate-total exports,Texas official/canonical candidate and full-history incumbency exports,source_observed,30946.0,37566.0,-9.662540868752918,"curl, elva","chenbutton, angie c",-1.0,both,0.0,0.0,0.0,texas_official_upstream
TX,2022,house,113,,,,,,,,,,,,,,,,,,,,,,,,,"andrewsbowers, rhetta",,1.0,right_only,,,,klarner_fallback
TX,2022,house,114,36948.0,19028.0,32.01372016578534,JOHN BRYANT,SARAH LAMB,0.0,0.0,0.0,True,1.0,0.0,0.0,0.0,,,,Texas official returns normalized by the Texas project,external://texas-state-house-and-state-senate-model/data/processed/elections/sos_official_candidate_totals_2020_2024.csv,Texas Secretary of State candidate-total exports,Texas official/canonical candidate and full-history incumbency exports,source_observed,36948.0,19028.0,32.01372016578534,"bryant, john","lamb, sarah",0.0,both,0.0,0.0,0.0,texas_official_upstream
TX,2022,house,115,30085.0,22973.0,13.404199178257755,JULIE JOHNSON,MELISA DENIS,1.0,0.0,1.0,True,1.0,0.0,0.0,0.0,,,,Texas official returns normalized by the Texas project,external://texas-state-house-and-state-senate-model/data/processed/elections/sos_official_candidate_totals_2020_2024.csv,Texas Secretary of State candidate-total exports,Texas official/canonical candidate and full-history incumbency exports,source_observed,30085.0,22973.0,13.404199178257755,"johnson, julie","denis, melisa",1.0,both,0.0,0.0,0.0,texas_official_upstream
TX,2022,house,116,,,,,,,,,,,,,,,,,,,,,,,,,"martinezfischer, trey",,1.0,right_only,,,,klarner_fallback
TX,2022,house,117,27821.0,16620.0,25.204203325757746,PHILIP CORTEZ,AARON SCHWOPE,1.0,0.0,1.0,True,1.0,0.0,0.0,0.0,,,,Texas official returns normalized by the Texas project,external://texas-state-house-and-state-senate-model/data/processed/elections/sos_official_candidate_totals_2020_2024.csv,Texas Secretary of State candidate-total exports,Texas official/canonical candidate and full-history incumbency exports,source_observed,27821.0,16620.0,25.204203325757746,"cortez, philip","schwope, aaron",1.0,both,0.0,0.0,0.0,texas_official_upstream
TX,2022,house,118,24488.0,26357.0,-3.675877667420592,FRANK RAMIREZ,JOHN LUJAN,0.0,1.0,-1.0,True,0.0,1.0,0.0,0.0,,,,Texas official returns normalized by the Texas project,external://texas-state-house-and-state-senate-model/data/processed/elections/sos_official_candidate_totals_2020_2024.csv,Texas Secretary of State candidate-total exports,Texas official/canonical candidate and full-history incumbency exports,source_observed,24488.0,26357.0,-3.675877667420592,"ramirez, frank","lujan, john",0.0,both,0.0,0.0,0.0,texas_official_upstream
TX,2022,house,119,,,,,,,,,,,,,,,,,,,,,,29253.0,0.0,100.0,"campos, elizabeth (liz)",,1.0,right_only,,,,klarner_fallback
TX,2022,house,120,26413.0,12718.0,34.99782780915387,BARBARA GERVIN-HAWKINS,RONALD PAYNE,1.0,0.0,1.0,True,1.0,0.0,0.0,0.0,,,,Texas official returns normalized by the Texas project,external://texas-state-house-and-state-senate-model/data/processed/elections/sos_official_candidate_totals_2020_2024.csv,Texas Secretary of State candidate-total exports,Texas official/canonical candidate and full-history incumbency exports,source_observed,26413.0,12718.0,34.99782780915387,"gervinhawkins, barbara","payne, ronald",1.0,both,0.0,0.0,0.0,texas_official_upstream
TX,2022,house,121,34721.0,42469.0,-10.037569633372199,BECCA MOYER DEFELICE,STEVE ALLISON,0.0,1.0,-1.0,True,0.0,1.0,0.0,0.0,,,,Texas official returns normalized by the Texas project,external://texas-state-house-and-state-senate-model/data/processed/elections/sos_official_candidate_totals_2020_2024.csv,Texas Secretary of State candidate-total exports,Texas official/canonical candidate and full-history incumbency exports,source_observed,34721.0,42469.0,-10.037569633372199,"moyerdefelice, becca","allison, steve",-1.0,both,0.0,0.0,0.0,texas_official_upstream
TX,2022,house,122,35105.0,47804.0,-15.316793110518761,ANGI ARAMBURU,MARK DORAZIO,0.0,0.0,0.0,True,0.0,1.0,0.0,0.0,,,,Texas official returns normalized by the Texas project,external://texas-state-house-and-state-senate-model/data/processed/elections/sos_official_candidate_totals_2020_2024.csv,Texas Secretary of State candidate-total exports,Texas official/canonical candidate and full-history incumbency exports,source_observed,35105.0,47804.0,-15.316793110518761,"aramburu, angi","dorazio, mark",0.0,both,0.0,0.0,0.0,texas_official_upstream
TX,2022,house,123,34414.0,17138.0,33.51179391682185,DIEGO BERNAL,CHARLOTTE VALDEZ,1.0,0.0,1.0,True,1.0,0.0,0.0,0.0,,,,Texas official returns normalized by the Texas project,external://texas-state-house-and-state-senate-model/data/processed/elections/sos_official_candidate_totals_2020_2024.csv,Texas Secretary of State candidate-total exports,Texas official/canonical candidate and full-history incumbency exports,source_observed,34414.0,17138.0,33.51179391682185,"bernanl, diego","valdez, charlotte",1.0,both,0.0,0.0,0.0,texas_official_upstream
TX,2022,house,124,23633.0,11643.0,33.98911441206486,JOSEY GARCIA,JOHNNY ARREDONDO,0.0,0.0,0.0,True,1.0,0.0,0.0,0.0,,,,Texas official returns normalized by the Texas project,external://texas-state-house-and-state-senate-model/data/processed/elections/sos_official_candidate_totals_2020_2024.csv,Texas Secretary of State candidate-total exports,Texas official/canonical candidate and full-history incumbency exports,source_observed,23633.0,11643.0,33.98911441206486,"garcia, josey","arredondo, johnny s",0.0,both,0.0,0.0,0.0,texas_official_upstream
TX,2022,house,125,34762.0,20933.0,24.82987700870814,RAY LOPEZ,CARLOS ANTONIO RAYMOND,1.0,0.0,1.0,True,1.0,0.0,0.0,0.0,,,,Texas official returns normalized by the Texas project,external://texas-state-house-and-state-senate-model/data/processed/elections/sos_official_candidate_totals_2020_2024.csv,Texas Secretary of State candidate-total exports,Texas official/canonical candidate and full-history incumbency exports,source_observed,34762.0,20933.0,24.82987700870814,"lopez, ray","raymond, carlos a",1.0,both,0.0,0.0,0.0,texas_official_upstream
TX,2022,house,126,,,,,,,,,,,,,,,,,,,,,,,,,,"harless, e sam",-1.0,right_only,,,,klarner_fallback
TX,2022,house,127,,,,,,,,,,,,,,,,,,,,,,,,,,"cunningham, charles",0.0,right_only,,,,klarner_fallback
TX,2022,house,128,13594.0,32465.0,-40.97136281725613,"CHARLES ""CHUCK"" CREWS",BRISCOE CAIN,0.0,1.0,-1.0,True,0.0,1.0,0.0,0.0,,,,Texas official returns normalized by the Texas project,external://texas-state-house-and-state-senate-model/data/processed/elections/sos_official_candidate_totals_2020_2024.csv,Texas Secretary of State candidate-total exports,Texas official/canonical candidate and full-history incumbency exports,source_observed,13594.0,32465.0,-40.97136281725613,"crews, charles (chuck)","cain, briscoe",-1.0,both,0.0,0.0,0.0,texas_official_upstream
TX,2022,house,129,25194.0,39062.0,-21.5824203187251,KAT MARVEL,DENNIS PAUL,0.0,1.0,-1.0,True,0.0,1.0,0.0,0.0,,,,Texas official returns normalized by the Texas project,external://texas-state-house-and-state-senate-model/data/processed/elections/sos_official_candidate_totals_2020_2024.csv,Texas Secretary of State candidate-total exports,Texas official/canonical candidate and full-history incumbency exports,source_observed,25194.0,39062.0,-21.5824203187251,"marvel, kat","paul, dennis",-1.0,both,0.0,0.0,0.0,texas_official_upstream
TX,2022,house,130,,,,,,,,,,,,,,,,,,,,,,,,,,"oliverson, tom",-1.0,right_only,,,,klarner_fallback
TX,2022,house,131,25066.0,6063.0,61.04596999582383,ALMA A. ALLEN,GERRY MONROE,1.0,0.0,1.0,True,1.0,0.0,0.0,0.0,,,,Texas official returns normalized by the Texas project,external://texas-state-house-and-state-senate-model/data/processed/elections/sos_official_candidate_totals_2020_2024.csv,Texas Secretary of State candidate-total exports,Texas official/canonical candidate and full-history incumbency exports,source_observed,25066.0,6063.0,61.04596999582383,"allen, alma a","monroe, gerry",1.0,both,0.0,0.0,0.0,texas_official_upstream
TX,2022,house,132,24483.0,36322.0,-19.470438286325138,"CAMERON ""CAM"" CAMPBELL",MIKE SCHOFIELD,0.0,1.0,-1.0,True,0.0,1.0,0.0,0.0,,,,Texas official returns normalized by the Texas project,external://texas-state-house-and-state-senate-model/data/processed/elections/sos_official_candidate_totals_2020_2024.csv,Texas Secretary of State candidate-total exports,Texas official/canonical candidate and full-history incumbency exports,source_observed,24483.0,36322.0,-19.470438286325138,"campbell, cameron (cam)","schofield, mike",-1.0,both,0.0,0.0,0.0,texas_official_upstream
TX,2022,house,133,21826.0,36849.0,-25.603749467405198,MOHAMAD MAAROUF,MANO DEAYALA,0.0,0.0,0.0,True,0.0,1.0,0.0,0.0,,,,Texas official returns normalized by the Texas project,external://texas-state-house-and-state-senate-model/data/processed/elections/sos_official_candidate_totals_2020_2024.csv,Texas Secretary of State candidate-total exports,Texas official/canonical candidate and full-history incumbency exports,source_observed,21826.0,36849.0,-25.603749467405198,"maarouf, mohamad","deayala, mano",0.0,both,0.0,0.0,0.0,texas_official_upstream
TX,2022,house,134,49688.0,29968.0,24.756452746811288,ANN JOHNSON,RYAN MCCONNICO,1.0,0.0,1.0,True,1.0,0.0,0.0,0.0,,,,Texas official returns normalized by the Texas project,external://texas-state-house-and-state-senate-model/data/processed/elections/sos_official_candidate_totals_2020_2024.csv,Texas Secretary of State candidate-total exports,Texas official/canonical candidate and full-history incumbency exports,source_observed,49688.0,29968.0,24.756452746811288,"johnson, ann","mcconnico, ryan t",1.0,both,0.0,0.0,0.0,texas_official_upstream
TX,2022,house,135,23354.0,17178.0,15.237343333662292,JON ROSENTHAL,MIKE MAY,1.0,0.0,1.0,True,1.0,0.0,0.0,0.0,,,,Texas official returns normalized by the Texas project,external://texas-state-house-and-state-senate-model/data/processed/elections/sos_official_candidate_totals_2020_2024.csv,Texas Secretary of State candidate-total exports,Texas official/canonical candidate and full-history incumbency exports,source_observed,23354.0,17178.0,15.237343333662292,"rosenthal, jon e","may, mike",1.0,both,0.0,0.0,0.0,texas_official_upstream
TX,2022,house,136,36137.0,21240.0,25.96336511145581,JOHN H. BUCY III,MICHELLE EVANS,1.0,0.0,1.0,True,1.0,0.0,0.0,0.0,,,,Texas official returns normalized by the Texas project,external://texas-state-house-and-state-senate-model/data/processed/elections/sos_official_candidate_totals_2020_2024.csv,Texas Secretary of State candidate-total exports,Texas official/canonical candidate and full-history incumbency exports,source_observed,36137.0,21240.0,25.96336511145581,"bucy, john h, iii","evans, michelle",1.0,both,0.0,0.0,0.0,texas_official_upstream
TX,2022,house,137,,,,,,,,,,,,,,,,,,,,,,14451.0,0.0,100.0,"wu, gene",,1.0,right_only,,,,klarner_fallback
TX,2022,house,138,24353.0,32395.0,-14.17142454359625,STEPHANIE MORALES,LACEY HULL,0.0,1.0,-1.0,True,0.0,1.0,0.0,0.0,,,,Texas official returns normalized by the Texas project,external://texas-state-house-and-state-senate-model/data/processed/elections/sos_official_candidate_totals_2020_2024.csv,Texas Secretary of State candidate-total exports,Texas official/canonical candidate and full-history incumbency exports,source_observed,24353.0,32395.0,-14.17142454359625,"morales, stephanie","hull, lacey",-1.0,both,0.0,0.0,0.0,texas_official_upstream
TX,2022,house,139,,,,,,,,,,,,,,,,,,,,,,,,,"johnson, jarvis d",,1.0,right_only,,,,klarner_fallback
TX,2022,house,140,,,,,,,,,,,,,,,,,,,,,,,,,"luciowalle, armando l",,1.0,right_only,,,,klarner_fallback
TX,2022,house,141,,,,,,,,,,,,,,,,,,,,,,,,,"thompson, senfronia 1",,1.0,right_only,,,,klarner_fallback
TX,2022,house,142,,,,,,,,,,,,,,,,,,,,,,,,,"dutton, harold v, jr",,1.0,right_only,,,,klarner_fallback
TX,2022,house,143,,,,,,,,,,,,,,,,,,,,,,,,,"hernandez, ana l",,1.0,right_only,,,,klarner_fallback
TX,2022,house,144,,,,,,,,,,,,,,,,,,,,,,,,,"perez, mary a",,1.0,right_only,,,,klarner_fallback
TX,2022,house,145,32292.0,12979.0,42.660864571138255,CHRISTINA MORALES,MICHAEL MABRY,1.0,0.0,1.0,True,1.0,0.0,0.0,0.0,,,,Texas official returns normalized by the Texas project,external://texas-state-house-and-state-senate-model/data/processed/elections/sos_official_candidate_totals_2020_2024.csv,Texas Secretary of State candidate-total exports,Texas official/canonical candidate and full-history incumbency exports,source_observed,32292.0,12979.0,42.660864571138255,"morales, christina","mabry, michael",1.0,both,0.0,0.0,0.0,texas_official_upstream
TX,2022,house,146,,,,,,,,,,,,,,,,,,,,,,,,,"thierry, shawn n",,1.0,right_only,,,,klarner_fallback
TX,2022,house,147,,,,,,,,,,,,,,,,,,,,,,,,,"jones, jolanda",,0.0,right_only,,,,klarner_fallback
TX,2022,house,148,20456.0,15691.0,13.18228345367527,PENNY MORALES SHAW,KAY SMITH,1.0,0.0,1.0,True,1.0,0.0,0.0,0.0,,,,Texas official returns normalized by the Texas project,external://texas-state-house-and-state-senate-model/data/processed/elections/sos_official_candidate_totals_2020_2024.csv,Texas Secretary of State candidate-total exports,Texas official/canonical candidate and full-history incumbency exports,source_observed,20456.0,15691.0,13.18228345367527,"moralesshaw, penny","smith, kay",1.0,both,0.0,0.0,0.0,texas_official_upstream
TX,2022,house,149,19034.0,11975.0,22.764358734560933,HUBERT VO,LILY TRUONG,1.0,0.0,1.0,True,1.0,0.0,0.0,0.0,,,,Texas official returns normalized by the Texas project,external://texas-state-house-and-state-senate-model/data/processed/elections/sos_official_candidate_totals_2020_2024.csv,Texas Secretary of State candidate-total exports,Texas official/canonical candidate and full-history incumbency exports,source_observed,19034.0,11975.0,22.764358734560933,"vo, hubert","truong, lily",1.0,both,0.0,0.0,0.0,texas_official_upstream
TX,2022,house,150,22558.0,34842.0,-21.4006968641115,GINNY BROWN DANIEL,VALOREE SWANSON,0.0,1.0,-1.0,True,0.0,1.0,0.0,0.0,,,,Texas official returns normalized by the Texas project,external://texas-state-house-and-state-senate-model/data/processed/elections/sos_official_candidate_totals_2020_2024.csv,Texas Secretary of State candidate-total exports,Texas official/canonical candidate and full-history incumbency exports,source_observed,22558.0,34842.0,-21.4006968641115,"browndaniel, ginny","swanson, valoree",-1.0,both,0.0,0.0,0.0,texas_official_upstream
TX,2022,senate,1,,,,,,,,,,,,,,,,,,,,,,,,,,"hughes, bryan",-1.0,right_only,,,,klarner_fallback
TX,2022,senate,2,106309.0,172713.0,-23.798840234820194,PRINCE S. GIADOLOR,BOB HALL,0.0,1.0,-1.0,True,0.0,1.0,0.0,0.0,,,,Texas official returns normalized by the Texas project,external://texas-state-house-and-state-senate-model/data/processed/elections/sos_official_candidate_totals_2020_2024.csv,Texas Secretary of State candidate-total exports,Texas official/canonical candidate and full-history incumbency exports,source_observed,106309.0,172713.0,-23.798840234820194,"giadolor, prince s","hall, bob",-1.0,both,0.0,0.0,0.0,texas_official_upstream
TX,2022,senate,3,58285.0,213288.0,-57.07599798212635,STEVE RUSSELL,ROBERT NICHOLS,0.0,1.0,-1.0,True,0.0,1.0,0.0,0.0,,,,Texas official returns normalized by the Texas project,external://texas-state-house-and-state-senate-model/data/processed/elections/sos_official_candidate_totals_2020_2024.csv,Texas Secretary of State candidate-total exports,Texas official/canonical candidate and full-history incumbency exports,source_observed,58285.0,213288.0,-57.07599798212635,"russell, steve","nichols, robert",-1.0,both,0.0,0.0,0.0,texas_official_upstream
TX,2022,senate,4,86946.0,202341.0,-39.889452343174774,MISTY BISHOP,BRANDON CREIGHTON,0.0,1.0,-1.0,True,0.0,1.0,0.0,0.0,,,,Texas official returns normalized by the Texas project,external://texas-state-house-and-state-senate-model/data/processed/elections/sos_official_candidate_totals_2020_2024.csv,Texas Secretary of State candidate-total exports,Texas official/canonical candidate and full-history incumbency exports,source_observed,86946.0,202341.0,-39.889452343174774,"bishop, misty","creighton, c brandon",-1.0,both,0.0,0.0,0.0,texas_official_upstream
TX,2022,senate,5,,,,,,,,,,,,,,,,,,,,,,0.0,192146.0,-100.0,,"schwertner, charles",-1.0,right_only,,,,klarner_fallback
TX,2022,senate,6,,,,,,,,,,,,,,,,,,,,,,,,,"alvarado, carol",,1.0,right_only,,,,klarner_fallback
TX,2022,senate,7,,,,,,,,,,,,,,,,,,,,,,,,,,"bettencourt, paul",-1.0,right_only,,,,klarner_fallback
TX,2022,senate,8,128399.0,187754.0,-18.774137838325114,JONATHAN COCKS,ANGELA PAXTON,0.0,1.0,-1.0,True,0.0,1.0,0.0,0.0,,,,Texas official returns normalized by the Texas project,external://texas-state-house-and-state-senate-model/data/processed/elections/sos_official_candidate_totals_2020_2024.csv,Texas Secretary of State candidate-total exports,Texas official/canonical candidate and full-history incumbency exports,source_observed,128399.0,187754.0,-18.774137838325114,"cocks, jonathan","paxton, angela",-1.0,both,0.0,0.0,0.0,texas_official_upstream
TX,2022,senate,9,111019.0,166864.0,-20.096587412688073,GWENN BURUD,KELLY HANCOCK,0.0,1.0,-1.0,True,0.0,1.0,0.0,0.0,,,,Texas official returns normalized by the Texas project,external://texas-state-house-and-state-senate-model/data/processed/elections/sos_official_candidate_totals_2020_2024.csv,Texas Secretary of State candidate-total exports,Texas official/canonical candidate and full-history incumbency exports,source_observed,111019.0,166864.0,-20.096587412688073,"burud, gwenn","hancock, kelly",-1.0,both,0.0,0.0,0.0,texas_official_upstream
TX,2022,senate,10,,,,,,,,,,,,,,,,,,,,,,,,,,"king, phil",0.0,right_only,,,,klarner_fallback
TX,2022,senate,11,,,,,,,,,,,,,,,,,,,,,,,,,,"middleton, mayes",0.0,right_only,,,,klarner_fallback
TX,2022,senate,12,133679.0,213018.0,-22.88424762833252,FRANCINE LY,TAN PARKER,0.0,0.0,0.0,True,0.0,1.0,0.0,0.0,,,,Texas official returns normalized by the Texas project,external://texas-state-house-and-state-senate-model/data/processed/elections/sos_official_candidate_totals_2020_2024.csv,Texas Secretary of State candidate-total exports,Texas official/canonical candidate and full-history incumbency exports,source_observed,133679.0,213018.0,-22.88424762833252,"ly, francine","parker, tan",0.0,both,0.0,0.0,0.0,texas_official_upstream
TX,2022,senate,13,,,,,,,,,,,,,,,,,,,,,,,,,"miles, borris l",,1.0,right_only,,,,klarner_fallback
TX,2022,senate,14,,,,,,,,,,,,,,,,,,,,,,265094.0,0.0,100.0,"eckhardt, sarah",,0.0,right_only,,,,klarner_fallback
TX,2022,senate,15,159125.0,84437.0,30.66488204235472,JOHN WHITMIRE,GEORGE BRIAN VACHRIS,1.0,0.0,1.0,True,1.0,0.0,0.0,0.0,,,,Texas official returns normalized by the Texas project,external://texas-state-house-and-state-senate-model/data/processed/elections/sos_official_candidate_totals_2020_2024.csv,Texas Secretary of State candidate-total exports,Texas official/canonical candidate and full-history incumbency exports,source_observed,159125.0,84437.0,30.66488204235472,"whitmire, john","vachris, george b",1.0,both,0.0,0.0,0.0,texas_official_upstream
TX,2022,senate,16,118663.0,72885.0,23.898970493035687,NATHAN JOHNSON,BRANDON COPELAND,1.0,0.0,1.0,True,1.0,0.0,0.0,0.0,,,,Texas official returns normalized by the Texas project,external://texas-state-house-and-state-senate-model/data/processed/elections/sos_official_candidate_totals_2020_2024.csv,Texas Secretary of State candidate-total exports,Texas official/canonical candidate and full-history incumbency exports,source_observed,118663.0,72885.0,23.898970493035687,"johnson, nathan","copeland, brandon",1.0,both,0.0,0.0,0.0,texas_official_upstream
TX,2022,senate,17,95320.0,179653.0,-30.669556647379924,TITUS BENTON,JOAN HUFFMAN,0.0,1.0,-1.0,True,0.0,1.0,0.0,0.0,,,,Texas official returns normalized by the Texas project,external://texas-state-house-and-state-senate-model/data/processed/elections/sos_official_candidate_totals_2020_2024.csv,Texas Secretary of State candidate-total exports,Texas official/canonical candidate and full-history incumbency exports,source_observed,95320.0,179653.0,-30.669556647379924,"benton, titus","huffman, joan",-1.0,both,0.0,0.0,0.0,texas_official_upstream
TX,2022,senate,18,95287.0,186367.0,-32.337548907524834,JOSH TUTT,LOIS W. KOLKHORST,0.0,1.0,-1.0,True,0.0,1.0,0.0,0.0,,,,Texas official returns normalized by the Texas project,external://texas-state-house-and-state-senate-model/data/processed/elections/sos_official_candidate_totals_2020_2024.csv,Texas Secretary of State candidate-total exports,Texas official/canonical candidate and full-history incumbency exports,source_observed,95287.0,186367.0,-32.337548907524834,"tutt, josh","kolkhorst, lois w",-1.0,both,0.0,0.0,0.0,texas_official_upstream
TX,2022,senate,19,117491.0,94613.0,10.786218081695772,ROLAND GUTIERREZ,ROBERT GARZA,1.0,0.0,1.0,True,1.0,0.0,0.0,0.0,,,,Texas official returns normalized by the Texas project,external://texas-state-house-and-state-senate-model/data/processed/elections/sos_official_candidate_totals_2020_2024.csv,Texas Secretary of State candidate-total exports,Texas official/canonical candidate and full-history incumbency exports,source_observed,117491.0,94613.0,10.786218081695772,"gutierrez, rolando","garza, robert",1.0,both,0.0,0.0,0.0,texas_official_upstream
TX,2022,senate,20,102280.0,70536.0,18.368669567632626,"JUAN ""CHUY"" HINOJOSA",WESTLEY WRIGHT,1.0,0.0,1.0,True,1.0,0.0,0.0,0.0,,,,Texas official returns normalized by the Texas project,external://texas-state-house-and-state-senate-model/data/processed/elections/sos_official_candidate_totals_2020_2024.csv,Texas Secretary of State candidate-total exports,Texas official/canonical candidate and full-history incumbency exports,source_observed,102280.0,70536.0,18.368669567632626,"hinojosa, juan (chuy)","wright, westley",1.0,both,0.0,0.0,0.0,texas_official_upstream
TX,2022,senate,21,129832.0,75799.0,26.276680072557152,JUDITH ZAFFIRINI,JULIE DAHLBERG,1.0,0.0,1.0,True,1.0,0.0,0.0,0.0,,,,Texas official returns normalized by the Texas project,external://texas-state-house-and-state-senate-model/data/processed/elections/sos_official_candidate_totals_2020_2024.csv,Texas Secretary of State candidate-total exports,Texas official/canonical candidate and full-history incumbency exports,source_observed,129832.0,75799.0,26.276680072557152,"zaffirini, judith","dahlberg, julie",1.0,both,0.0,0.0,0.0,texas_official_upstream
TX,2022,senate,22,,,,,,,,,,,,,,,,,,,,,,0.0,190988.0,-100.0,,"birdwell, brian",-1.0,right_only,,,,klarner_fallback
TX,2022,senate,23,,,,,,,,,,,,,,,,,,,,,,,,,"west, royce",,1.0,right_only,,,,klarner_fallback
TX,2022,senate,24,104063.0,187598.0,-28.641127884770334,KATHY JONES-HOSPOD,PETE FLORES,0.0,0.0,0.0,True,0.0,1.0,0.0,0.0,,,,Texas official returns normalized by the Texas project,external://texas-state-house-and-state-senate-model/data/processed/elections/sos_official_candidate_totals_2020_2024.csv,Texas Secretary of State candidate-total exports,Texas official/canonical candidate and full-history incumbency exports,source_observed,104063.0,187598.0,-28.641127884770334,"joneshospod, kathy","flores, peter p",0.0,both,0.0,0.0,0.0,texas_official_upstream
TX,2022,senate,25,144350.0,243966.0,-25.65333388271408,ROBERT WALSH,DONNA CAMPBELL,0.0,1.0,-1.0,True,0.0,1.0,0.0,0.0,,,,Texas official returns normalized by the Texas project,external://texas-state-house-and-state-senate-model/data/processed/elections/sos_official_candidate_totals_2020_2024.csv,Texas Secretary of State candidate-total exports,Texas official/canonical candidate and full-history incumbency exports,source_observed,144350.0,243966.0,-25.65333388271408,"walsh, robert","campbell, donna",-1.0,both,0.0,0.0,0.0,texas_official_upstream
TX,2022,senate,26,140799.0,70773.0,33.097952470081104,JOSÉ MENÉNDEZ,ASHTON MURRAY,1.0,0.0,1.0,True,1.0,0.0,0.0,0.0,,,,Texas official returns normalized by the Texas project,external://texas-state-house-and-state-senate-model/data/processed/elections/sos_official_candidate_totals_2020_2024.csv,Texas Secretary of State candidate-total exports,Texas official/canonical candidate and full-history incumbency exports,source_observed,140799.0,70773.0,33.097952470081104,"menendez, jose","murray, ashton",1.0,both,0.0,0.0,0.0,texas_official_upstream
TX,2022,senate,27,88037.0,87378.0,0.3756805290311547,MORGAN LAMANTIA,ADAM HINOJOSA,0.0,0.0,0.0,True,1.0,0.0,0.0,0.0,,,,Texas official returns normalized by the Texas project,external://texas-state-house-and-state-senate-model/data/processed/elections/sos_official_candidate_totals_2020_2024.csv,Texas Secretary of State candidate-total exports,Texas official/canonical candidate and full-history incumbency exports,source_observed,88037.0,87378.0,0.3756805290311547,"lamantia, morgan","hinojosa, adam",0.0,both,0.0,0.0,0.0,texas_official_upstream
TX,2022,senate,28,,,,,,,,,,,,,,,,,,,,,,,,,,"perry, charles",-1.0,right_only,,,,klarner_fallback
TX,2022,senate,29,111638.0,62544.0,28.185461184278513,CÉSAR J. BLANCO,DEREK L. ZUBELDIA,1.0,0.0,1.0,True,1.0,0.0,0.0,0.0,,,,Texas official returns normalized by the Texas project,external://texas-state-house-and-state-senate-model/data/processed/elections/sos_official_candidate_totals_2020_2024.csv,Texas Secretary of State candidate-total exports,Texas official/canonical candidate and full-history incumbency exports,source_observed,111638.0,62544.0,28.185461184278513,"blanco, cesar j","zubeldia, derek l",1.0,both,0.0,0.0,0.0,texas_official_upstream
TX,2022,senate,30,,,,,,,,,,,,,,,,,,,,,,,,,,"springer, drew",0.0,right_only,,,,klarner_fallback
TX,2022,senate,31,,,,,,,,,,,,,,,,,,,,,,,,,,"sparks, kevin",0.0,right_only,,,,klarner_fallback
TX,2024,house,2,17182.0,71222.0,-61.12845572598525,KRISTEN WASHINGTON,BRENT A. MONEY,0.0,0.0,0.0,True,0.0,1.0,0.0,0.0,,,,Texas official returns normalized by the Texas project,external://texas-state-house-and-state-senate-model/data/processed/elections/sos_official_candidate_totals_2020_2024.csv,Texas Secretary of State candidate-total exports,Texas official/canonical candidate and full-history incumbency exports,source_observed,,,,,,,left_only,,,,texas_official_upstream
TX,2024,house,4,26240.0,60287.0,-39.34841147849804,ALEX BAR-SELA,KEITH BELL,0.0,1.0,-1.0,True,0.0,1.0,0.0,0.0,,,,Texas official returns normalized by the Texas project,external://texas-state-house-and-state-senate-model/data/processed/elections/sos_official_candidate_totals_2020_2024.csv,Texas Secretary of State candidate-total exports,Texas official/canonical candidate and full-history incumbency exports,source_observed,,,,,,,left_only,,,,texas_official_upstream
TX,2024,house,6,22158.0,56497.0,-43.65774585213909,CODY J GRACE,DANIEL ALDERS,0.0,0.0,0.0,True,0.0,1.0,0.0,0.0,,,,Texas official returns normalized by the Texas project,external://texas-state-house-and-state-senate-model/data/processed/elections/sos_official_candidate_totals_2020_2024.csv,Texas Secretary of State candidate-total exports,Texas official/canonical candidate and full-history incumbency exports,source_observed,,,,,,,left_only,,,,texas_official_upstream
TX,2024,house,7,20520.0,59056.0,-48.42666130491605,MARLENA R. COOPER,JAY DEAN,0.0,1.0,-1.0,True,0.0,1.0,0.0,0.0,,,,Texas official returns normalized by the Texas project,external://texas-state-house-and-state-senate-model/data/processed/elections/sos_official_candidate_totals_2020_2024.csv,Texas Secretary of State candidate-total exports,Texas official/canonical candidate and full-history incumbency exports,source_observed,,,,,,,left_only,,,,texas_official_upstream
TX,2024,house,8,13961.0,60938.0,-62.72046355759089,CAROLYN F. SALTER,CODY HARRIS,0.0,1.0,-1.0,True,0.0,1.0,0.0,0.0,,,,Texas official returns normalized by the Texas project,external://texas-state-house-and-state-senate-model/data/processed/elections/sos_official_candidate_totals_2020_2024.csv,Texas Secretary of State candidate-total exports,Texas official/canonical candidate and full-history incumbency exports,source_observed,,,,,,,left_only,,,,texas_official_upstream
TX,2024,house,12,19325.0,64105.0,-53.67373846338248,DEE HOWARD MULLINS,TREY WHARTON,0.0,0.0,0.0,True,0.0,1.0,0.0,0.0,,,,Texas official returns normalized by the Texas project,external://texas-state-house-and-state-senate-model/data/processed/elections/sos_official_candidate_totals_2020_2024.csv,Texas Secretary of State candidate-total exports,Texas official/canonical candidate and full-history incumbency exports,source_observed,,,,,,,left_only,,,,texas_official_upstream
TX,2024,house,13,17301.0,55317.0,-52.35065686193506,ALBERT HUNTER,ANGELIA ORR,0.0,1.0,-1.0,True,0.0,1.0,0.0,0.0,,,,Texas official returns normalized by the Texas project,external://texas-state-house-and-state-senate-model/data/processed/elections/sos_official_candidate_totals_2020_2024.csv,Texas Secretary of State candidate-total exports,Texas official/canonical candidate and full-history incumbency exports,source_observed,,,,,,,left_only,,,,texas_official_upstream
TX,2024,house,14,26332.0,40262.0,-20.917800402438658,FRED MEDINA,PAUL DYSON,0.0,0.0,0.0,True,0.0,1.0,0.0,0.0,,,,Texas official returns normalized by the Texas project,external://texas-state-house-and-state-senate-model/data/processed/elections/sos_official_candidate_totals_2020_2024.csv,Texas Secretary of State candidate-total exports,Texas official/canonical candidate and full-history incumbency exports,source_observed,,,,,,,left_only,,,,texas_official_upstream
TX,2024,house,16,17930.0,73385.0,-60.72934348135575,MIKE MIDLER,WILL METCALF,0.0,1.0,-1.0,True,0.0,1.0,0.0,0.0,,,,Texas official returns normalized by the Texas project,external://texas-state-house-and-state-senate-model/data/processed/elections/sos_official_candidate_totals_2020_2024.csv,Texas Secretary of State candidate-total exports,Texas official/canonical candidate and full-history incumbency exports,source_observed,,,,,,,left_only,,,,texas_official_upstream
TX,2024,house,17,27389.0,53531.0,-32.305981216015816,DESIREE VENABLE,STAN GERDES,0.0,1.0,-1.0,True,0.0,1.0,0.0,0.0,,,,Texas official returns normalized by the Texas project,external://texas-state-house-and-state-senate-model/data/processed/elections/sos_official_candidate_totals_2020_2024.csv,Texas Secretary of State candidate-total exports,Texas official/canonical candidate and full-history incumbency exports,source_observed,,,,,,,left_only,,,,texas_official_upstream
TX,2024,house,19,31486.0,87416.0,-47.03873778405746,DWAIN HANDLEY,ELLEN TROXCLAIR,0.0,1.0,-1.0,True,0.0,1.0,0.0,0.0,,,,Texas official returns normalized by the Texas project,external://texas-state-house-and-state-senate-model/data/processed/elections/sos_official_candidate_totals_2020_2024.csv,Texas Secretary of State candidate-total exports,Texas official/canonical candidate and full-history incumbency exports,source_observed,,,,,,,left_only,,,,texas_official_upstream
TX,2024,house,20,43148.0,64086.0,-19.525523621239532,STEPHEN M. WYMAN,TERRY M. WILSON,0.0,1.0,-1.0,True,0.0,1.0,0.0,0.0,,,,Texas official returns normalized by the Texas project,external://texas-state-house-and-state-senate-model/data/processed/elections/sos_official_candidate_totals_2020_2024.csv,Texas Secretary of State candidate-total exports,Texas official/canonical candidate and full-history incumbency exports,source_observed,,,,,,,left_only,,,,texas_official_upstream
TX,2024,house,23,26680.0,53841.0,-33.731573129990934,DEV MERUGUMALA,TERRI LEO WILSON,0.0,1.0,-1.0,True,0.0,1.0,0.0,0.0,,,,Texas official returns normalized by the Texas project,external://texas-state-house-and-state-senate-model/data/processed/elections/sos_official_candidate_totals_2020_2024.csv,Texas Secretary of State candidate-total exports,Texas official/canonical candidate and full-history incumbency exports,source_observed,,,,,,,left_only,,,,texas_official_upstream
TX,2024,house,25,29999.0,47002.0,-22.081531408683006,J. DAGGETT,CODY THANE VASUT,0.0,1.0,-1.0,True,0.0,1.0,0.0,0.0,,,,Texas official returns normalized by the Texas project,external://texas-state-house-and-state-senate-model/data/processed/elections/sos_official_candidate_totals_2020_2024.csv,Texas Secretary of State candidate-total exports,Texas official/canonical candidate and full-history incumbency exports,source_observed,,,,,,,left_only,,,,texas_official_upstream
TX,2024,house,26,33505.0,48561.0,-18.346209148733944,DANIEL LEE,MATT MORGAN,0.0,0.0,0.0,True,0.0,1.0,0.0,0.0,,,,Texas official returns normalized by the Texas project,external://texas-state-house-and-state-senate-model/data/processed/elections/sos_official_candidate_totals_2020_2024.csv,Texas Secretary of State candidate-total exports,Texas official/canonical candidate and full-history incumbency exports,source_observed,,,,,,,left_only,,,,texas_official_upstream
TX,2024,house,27,57594.0,24908.0,39.61843349252139,RONALD REYNOLDS,IBIFRISOLAM MAX-ALALIBO,1.0,0.0,1.0,True,1.0,0.0,0.0,0.0,,,,Texas official returns normalized by the Texas project,external://texas-state-house-and-state-senate-model/data/processed/elections/sos_official_candidate_totals_2020_2024.csv,Texas Secretary of State candidate-total exports,Texas official/canonical candidate and full-history incumbency exports,source_observed,,,,,,,left_only,,,,texas_official_upstream
TX,2024,house,28,37058.0,56890.0,-21.109549963809766,MARTY ROCHA,GARY GATES,0.0,1.0,-1.0,True,0.0,1.0,0.0,0.0,,,,Texas official returns normalized by the Texas project,external://texas-state-house-and-state-senate-model/data/processed/elections/sos_official_candidate_totals_2020_2024.csv,Texas Secretary of State candidate-total exports,Texas official/canonical candidate and full-history incumbency exports,source_observed,,,,,,,left_only,,,,texas_official_upstream
TX,2024,house,29,31060.0,49655.0,-23.03784922257325,ADRIENNE BELL,JEFFREY BARRY,0.0,0.0,0.0,True,0.0,1.0,0.0,0.0,,,,Texas official returns normalized by the Texas project,external://texas-state-house-and-state-senate-model/data/processed/elections/sos_official_candidate_totals_2020_2024.csv,Texas Secretary of State candidate-total exports,Texas official/canonical candidate and full-history incumbency exports,source_observed,,,,,,,left_only,,,,texas_official_upstream
TX,2024,house,30,17120.0,57180.0,-53.91655450874832,STEPHANIE R. BASSHAM,AJ LOUDERBACK,0.0,0.0,0.0,True,0.0,1.0,0.0,0.0,,,,Texas official returns normalized by the Texas project,external://texas-state-house-and-state-senate-model/data/processed/elections/sos_official_candidate_totals_2020_2024.csv,Texas Secretary of State candidate-total exports,Texas official/canonical candidate and full-history incumbency exports,source_observed,,,,,,,left_only,,,,texas_official_upstream
TX,2024,house,32,24656.0,54091.0,-37.37920174736816,CATHY MCAULIFFE,TODD HUNTER,0.0,1.0,-1.0,True,0.0,1.0,0.0,0.0,,,,Texas official returns normalized by the Texas project,external://texas-state-house-and-state-senate-model/data/processed/elections/sos_official_candidate_totals_2020_2024.csv,Texas Secretary of State candidate-total exports,Texas official/canonical candidate and full-history incumbency exports,source_observed,,,,,,,left_only,,,,texas_official_upstream
TX,2024,house,34,23013.0,28553.0,-10.743513167591049,SOLOMON P. ORTIZ JR,DENISE VILLALOBOS,0.0,0.0,0.0,True,0.0,1.0,0.0,0.0,,,,Texas official returns normalized by the Texas project,external://texas-state-house-and-state-senate-model/data/processed/elections/sos_official_candidate_totals_2020_2024.csv,Texas Secretary of State candidate-total exports,Texas official/canonical candidate and full-history incumbency exports,source_observed,,,,,,,left_only,,,,texas_official_upstream
TX,2024,house,37,25014.0,30590.0,-10.02805553557298,JONATHAN GRACIA,JANIE LOPEZ,0.0,1.0,-1.0,True,0.0,1.0,0.0,0.0,,,,Texas official returns normalized by the Texas project,external://texas-state-house-and-state-senate-model/data/processed/elections/sos_official_candidate_totals_2020_2024.csv,Texas Secretary of State candidate-total exports,Texas official/canonical candidate and full-history incumbency exports,source_observed,,,,,,,left_only,,,,texas_official_upstream
TX,2024,house,39,26962.0,17308.0,21.807092839394624,"ARMANDO ""MANDO"" MARTINEZ",JIMMIE GARCIA,1.0,0.0,1.0,True,1.0,0.0,0.0,0.0,,,,Texas official returns normalized by the Texas project,external://texas-state-house-and-state-senate-model/data/processed/elections/sos_official_candidate_totals_2020_2024.csv,Texas Secretary of State candidate-total exports,Texas official/canonical candidate and full-history incumbency exports,source_observed,,,,,,,left_only,,,,texas_official_upstream
TX,2024,house,41,30589.0,26618.0,6.941458213155733,BOBBY GUERRA,JOHN ROBERT GUERRA,1.0,0.0,1.0,True,1.0,0.0,0.0,0.0,,,,Texas official returns normalized by the Texas project,external://texas-state-house-and-state-senate-model/data/processed/elections/sos_official_candidate_totals_2020_2024.csv,Texas Secretary of State candidate-total exports,Texas official/canonical candidate and full-history incumbency exports,source_observed,,,,,,,left_only,,,,texas_official_upstream
TX,2024,house,43,21842.0,43812.0,-33.463307643098666,MARIANA CASAREZ,J.M. LOZANO,0.0,1.0,-1.0,True,0.0,1.0,0.0,0.0,,,,Texas official returns normalized by the Texas project,external://texas-state-house-and-state-senate-model/data/processed/elections/sos_official_candidate_totals_2020_2024.csv,Texas Secretary of State candidate-total exports,Texas official/canonical candidate and full-history incumbency exports,source_observed,,,,,,,left_only,,,,texas_official_upstream
TX,2024,house,44,30780.0,57466.0,-30.240464157015616,ERIC NORMAN,ALAN SCHOOLCRAFT,0.0,0.0,0.0,True,0.0,1.0,0.0,0.0,,,,Texas official returns normalized by the Texas project,external://texas-state-house-and-state-senate-model/data/processed/elections/sos_official_candidate_totals_2020_2024.csv,Texas Secretary of State candidate-total exports,Texas official/canonical candidate and full-history incumbency exports,source_observed,,,,,,,left_only,,,,texas_official_upstream
TX,2024,house,45,52912.0,40312.0,13.515832832746932,ERIN ZWIENER,TENNYSON G. MORENO,1.0,0.0,1.0,True,1.0,0.0,0.0,0.0,,,,Texas official returns normalized by the Texas project,external://texas-state-house-and-state-senate-model/data/processed/elections/sos_official_candidate_totals_2020_2024.csv,Texas Secretary of State candidate-total exports,Texas official/canonical candidate and full-history incumbency exports,source_observed,,,,,,,left_only,,,,texas_official_upstream
TX,2024,house,46,60832.0,22223.0,46.486063451929446,SHERYL COLE,NIKKI KOSICH,1.0,0.0,1.0,True,1.0,0.0,0.0,0.0,,,,Texas official returns normalized by the Texas project,external://texas-state-house-and-state-senate-model/data/processed/elections/sos_official_candidate_totals_2020_2024.csv,Texas Secretary of State candidate-total exports,Texas official/canonical candidate and full-history incumbency exports,source_observed,,,,,,,left_only,,,,texas_official_upstream
TX,2024,house,47,59016.0,39066.0,20.34012357007402,VIKKI GOODWIN,SCOTT FIRSING,1.0,0.0,1.0,True,1.0,0.0,0.0,0.0,,,,Texas official returns normalized by the Texas project,external://texas-state-house-and-state-senate-model/data/processed/elections/sos_official_candidate_totals_2020_2024.csv,Texas Secretary of State candidate-total exports,Texas official/canonical candidate and full-history incumbency exports,source_observed,,,,,,,left_only,,,,texas_official_upstream
TX,2024,house,52,48884.0,62830.0,-12.483663641083481,JENNIE BIRKHOLZ,CAROLINE HARRIS DAVILA,0.0,1.0,-1.0,True,0.0,1.0,0.0,0.0,,,,Texas official returns normalized by the Texas project,external://texas-state-house-and-state-senate-model/data/processed/elections/sos_official_candidate_totals_2020_2024.csv,Texas Secretary of State candidate-total exports,Texas official/canonical candidate and full-history incumbency exports,source_observed,,,,,,,left_only,,,,texas_official_upstream
TX,2024,house,53,21058.0,76176.0,-56.68593290412819,JOE P. HERRERA,WES VIRDELL,0.0,0.0,0.0,True,0.0,1.0,0.0,0.0,,,,Texas official returns normalized by the Texas project,external://texas-state-house-and-state-senate-model/data/processed/elections/sos_official_candidate_totals_2020_2024.csv,Texas Secretary of State candidate-total exports,Texas official/canonical candidate and full-history incumbency exports,source_observed,,,,,,,left_only,,,,texas_official_upstream
TX,2024,house,54,21993.0,34526.0,-22.174843857817724,DAWN RICHARDSON,BRAD BUCKLEY,0.0,1.0,-1.0,True,0.0,1.0,0.0,0.0,,,,Texas official returns normalized by the Texas project,external://texas-state-house-and-state-senate-model/data/processed/elections/sos_official_candidate_totals_2020_2024.csv,Texas Secretary of State candidate-total exports,Texas official/canonical candidate and full-history incumbency exports,source_observed,,,,,,,left_only,,,,texas_official_upstream
TX,2024,house,55,29269.0,39455.0,-14.821605261626216,JENNIFER ALICIA LEE,HILLARY HICKLAND,0.0,0.0,0.0,True,0.0,1.0,0.0,0.0,,,,Texas official returns normalized by the Texas project,external://texas-state-house-and-state-senate-model/data/processed/elections/sos_official_candidate_totals_2020_2024.csv,Texas Secretary of State candidate-total exports,Texas official/canonical candidate and full-history incumbency exports,source_observed,,,,,,,left_only,,,,texas_official_upstream
TX,2024,house,56,25733.0,56195.0,-37.18142759496143,ERIN SHANK,PAT CURRY,0.0,0.0,0.0,True,0.0,1.0,0.0,0.0,,,,Texas official returns normalized by the Texas project,external://texas-state-house-and-state-senate-model/data/processed/elections/sos_official_candidate_totals_2020_2024.csv,Texas Secretary of State candidate-total exports,Texas official/canonical candidate and full-history incumbency exports,source_observed,,,,,,,left_only,,,,texas_official_upstream
TX,2024,house,57,34279.0,51865.0,-20.414654531946507,COLLIN JOHNSON,RICHARD HAYES,0.0,1.0,-1.0,True,0.0,1.0,0.0,0.0,,,,Texas official returns normalized by the Texas project,external://texas-state-house-and-state-senate-model/data/processed/elections/sos_official_candidate_totals_2020_2024.csv,Texas Secretary of State candidate-total exports,Texas official/canonical candidate and full-history incumbency exports,source_observed,,,,,,,left_only,,,,texas_official_upstream
TX,2024,house,59,15367.0,64147.0,-61.34768719973841,HANNAH BOHM,SHELBY SLAWSON,0.0,1.0,-1.0,True,0.0,1.0,0.0,0.0,,,,Texas official returns normalized by the Texas project,external://texas-state-house-and-state-senate-model/data/processed/elections/sos_official_candidate_totals_2020_2024.csv,Texas Secretary of State candidate-total exports,Texas official/canonical candidate and full-history incumbency exports,source_observed,,,,,,,left_only,,,,texas_official_upstream
TX,2024,house,61,39632.0,58513.0,-19.237862346528097,TONY ADAMS,KERESA RICHARDSON,0.0,0.0,0.0,True,0.0,1.0,0.0,0.0,,,,Texas official returns normalized by the Texas project,external://texas-state-house-and-state-senate-model/data/processed/elections/sos_official_candidate_totals_2020_2024.csv,Texas Secretary of State candidate-total exports,Texas official/canonical candidate and full-history incumbency exports,source_observed,,,,,,,left_only,,,,texas_official_upstream
TX,2024,house,62,19240.0,67062.0,-55.412389052397394,TIFFANY DRAKE,SHELLEY LUTHER,0.0,0.0,0.0,True,0.0,1.0,0.0,0.0,,,,Texas official returns normalized by the Texas project,external://texas-state-house-and-state-senate-model/data/processed/elections/sos_official_candidate_totals_2020_2024.csv,Texas Secretary of State candidate-total exports,Texas official/canonical candidate and full-history incumbency exports,source_observed,,,,,,,left_only,,,,texas_official_upstream
TX,2024,house,63,37326.0,46861.0,-11.325976694739092,MICHELLE BECKLEY,BEN BUMGARNER,0.0,1.0,-1.0,True,0.0,1.0,0.0,0.0,,,,Texas official returns normalized by the Texas project,external://texas-state-house-and-state-senate-model/data/processed/elections/sos_official_candidate_totals_2020_2024.csv,Texas Secretary of State candidate-total exports,Texas official/canonical candidate and full-history incumbency exports,source_observed,,,,,,,left_only,,,,texas_official_upstream
TX,2024,house,64,34786.0,59542.0,-26.244593333898738,ANGELA BREWER,ANDY HOPPER,0.0,0.0,0.0,True,0.0,1.0,0.0,0.0,,,,Texas official returns normalized by the Texas project,external://texas-state-house-and-state-senate-model/data/processed/elections/sos_official_candidate_totals_2020_2024.csv,Texas Secretary of State candidate-total exports,Texas official/canonical candidate and full-history incumbency exports,source_observed,,,,,,,left_only,,,,texas_official_upstream
TX,2024,house,65,39686.0,60284.0,-20.604181254376314,DETRICK DEBURR,MITCH LITTLE,0.0,0.0,0.0,True,0.0,1.0,0.0,0.0,,,,Texas official returns normalized by the Texas project,external://texas-state-house-and-state-senate-model/data/processed/elections/sos_official_candidate_totals_2020_2024.csv,Texas Secretary of State candidate-total exports,Texas official/canonical candidate and full-history incumbency exports,source_observed,,,,,,,left_only,,,,texas_official_upstream
TX,2024,house,66,37098.0,58294.0,-22.21989265347199,DAVID W. CARSTENS,MATT SHAHEEN,0.0,1.0,-1.0,True,0.0,1.0,0.0,0.0,,,,Texas official returns normalized by the Texas project,external://texas-state-house-and-state-senate-model/data/processed/elections/sos_official_candidate_totals_2020_2024.csv,Texas Secretary of State candidate-total exports,Texas official/canonical candidate and full-history incumbency exports,source_observed,,,,,,,left_only,,,,texas_official_upstream
TX,2024,house,67,37051.0,56107.0,-20.455570106700446,MAKALA L. WASHINGTON,JEFF LEACH,0.0,1.0,-1.0,True,0.0,1.0,0.0,0.0,,,,Texas official returns normalized by the Texas project,external://texas-state-house-and-state-senate-model/data/processed/elections/sos_official_candidate_totals_2020_2024.csv,Texas Secretary of State candidate-total exports,Texas official/canonical candidate and full-history incumbency exports,source_observed,,,,,,,left_only,,,,texas_official_upstream
TX,2024,house,68,11705.0,79554.0,-74.34773556580721,STACEY SWANN,DAVID SPILLER,0.0,1.0,-1.0,True,0.0,1.0,0.0,0.0,,,,Texas official returns normalized by the Texas project,external://texas-state-house-and-state-senate-model/data/processed/elections/sos_official_candidate_totals_2020_2024.csv,Texas Secretary of State candidate-total exports,Texas official/canonical candidate and full-history incumbency exports,source_observed,,,,,,,left_only,,,,texas_official_upstream
TX,2024,house,69,14518.0,53583.0,-57.36332799812044,WALTER COPPAGE,JAMES B FRANK,0.0,1.0,-1.0,True,0.0,1.0,0.0,0.0,,,,Texas official returns normalized by the Texas project,external://texas-state-house-and-state-senate-model/data/processed/elections/sos_official_candidate_totals_2020_2024.csv,Texas Secretary of State candidate-total exports,Texas official/canonical candidate and full-history incumbency exports,source_observed,,,,,,,left_only,,,,texas_official_upstream
TX,2024,house,70,38183.0,34933.0,4.444991520323869,MIHAELA ELIZABETH PLESA,STEVE KINARD,1.0,0.0,1.0,True,1.0,0.0,0.0,0.0,,,,Texas official returns normalized by the Texas project,external://texas-state-house-and-state-senate-model/data/processed/elections/sos_official_candidate_totals_2020_2024.csv,Texas Secretary of State candidate-total exports,Texas official/canonical candidate and full-history incumbency exports,source_observed,,,,,,,left_only,,,,texas_official_upstream
TX,2024,house,71,13678.0,58413.0,-62.05351569544049,LINDA GOOLSBEE,STAN LAMBERT,0.0,1.0,-1.0,True,0.0,1.0,0.0,0.0,,,,Texas official returns normalized by the Texas project,external://texas-state-house-and-state-senate-model/data/processed/elections/sos_official_candidate_totals_2020_2024.csv,Texas Secretary of State candidate-total exports,Texas official/canonical candidate and full-history incumbency exports,source_observed,,,,,,,left_only,,,,texas_official_upstream
TX,2024,house,73,36686.0,91924.0,-42.95000388772257,SALLY DUVAL,CARRIE ISAAC,0.0,1.0,-1.0,True,0.0,1.0,0.0,0.0,,,,Texas official returns normalized by the Texas project,external://texas-state-house-and-state-senate-model/data/processed/elections/sos_official_candidate_totals_2020_2024.csv,Texas Secretary of State candidate-total exports,Texas official/canonical candidate and full-history incumbency exports,source_observed,,,,,,,left_only,,,,texas_official_upstream
TX,2024,house,74,28203.0,26378.0,3.3436543852256277,EDDIE MORALES JR,ROBERT GARZA,1.0,0.0,1.0,True,1.0,0.0,0.0,0.0,,,,Texas official returns normalized by the Texas project,external://texas-state-house-and-state-senate-model/data/processed/elections/sos_official_candidate_totals_2020_2024.csv,Texas Secretary of State candidate-total exports,Texas official/canonical candidate and full-history incumbency exports,source_observed,,,,,,,left_only,,,,texas_official_upstream
TX,2024,house,76,39770.0,30615.0,13.007032748454927,SULEMAN LALANI,LEA C.S. SIMMONS,1.0,0.0,1.0,True,1.0,0.0,0.0,0.0,,,,Texas official returns normalized by the Texas project,external://texas-state-house-and-state-senate-model/data/processed/elections/sos_official_candidate_totals_2020_2024.csv,Texas Secretary of State candidate-total exports,Texas official/canonical candidate and full-history incumbency exports,source_observed,,,,,,,left_only,,,,texas_official_upstream
TX,2024,house,80,21231.0,31182.0,-18.98574781065766,CECILIA CASTELLANO,DON MCLAUGHLIN JR,0.0,0.0,0.0,True,0.0,1.0,0.0,0.0,,,,Texas official returns normalized by the Texas project,external://texas-state-house-and-state-senate-model/data/processed/elections/sos_official_candidate_totals_2020_2024.csv,Texas Secretary of State candidate-total exports,Texas official/canonical candidate and full-history incumbency exports,source_observed,,,,,,,left_only,,,,texas_official_upstream
TX,2024,house,82,10555.0,50546.0,-65.45064728891508,STEVEN SCHAFERSMAN,TOM CRADDICK,0.0,1.0,-1.0,True,0.0,1.0,0.0,0.0,,,,Texas official returns normalized by the Texas project,external://texas-state-house-and-state-senate-model/data/processed/elections/sos_official_candidate_totals_2020_2024.csv,Texas Secretary of State candidate-total exports,Texas official/canonical candidate and full-history incumbency exports,source_observed,,,,,,,left_only,,,,texas_official_upstream
TX,2024,house,84,20733.0,37021.0,-28.202375593032517,NOAH LOPEZ,CARL H. TEPPER,0.0,1.0,-1.0,True,0.0,1.0,0.0,0.0,,,,Texas official returns normalized by the Texas project,external://texas-state-house-and-state-senate-model/data/processed/elections/sos_official_candidate_totals_2020_2024.csv,Texas Secretary of State candidate-total exports,Texas official/canonical candidate and full-history incumbency exports,source_observed,,,,,,,left_only,,,,texas_official_upstream
TX,2024,house,87,11048.0,42317.0,-58.59458446547362,TIMOTHY W. GASSAWAY,CAROLINE FAIRLY,0.0,0.0,0.0,True,0.0,1.0,0.0,0.0,,,,Texas official returns normalized by the Texas project,external://texas-state-house-and-state-senate-model/data/processed/elections/sos_official_candidate_totals_2020_2024.csv,Texas Secretary of State candidate-total exports,Texas official/canonical candidate and full-history incumbency exports,source_observed,,,,,,,left_only,,,,texas_official_upstream
TX,2024,house,89,36292.0,55900.0,-21.26865671641791,DARREL EVANS,CANDY NOBLE,0.0,1.0,-1.0,True,0.0,1.0,0.0,0.0,,,,Texas official returns normalized by the Texas project,external://texas-state-house-and-state-senate-model/data/processed/elections/sos_official_candidate_totals_2020_2024.csv,Texas Secretary of State candidate-total exports,Texas official/canonical candidate and full-history incumbency exports,source_observed,,,,,,,left_only,,,,texas_official_upstream
TX,2024,house,93,34871.0,53532.0,-21.10901213759714,PERLA BOJORQUEZ,NATE SCHATZLINE,0.0,1.0,-1.0,True,0.0,1.0,0.0,0.0,,,,Texas official returns normalized by the Texas project,external://texas-state-house-and-state-senate-model/data/processed/elections/sos_official_candidate_totals_2020_2024.csv,Texas Secretary of State candidate-total exports,Texas official/canonical candidate and full-history incumbency exports,source_observed,,,,,,,left_only,,,,texas_official_upstream
TX,2024,house,94,34937.0,43785.0,-11.239551840654455,DENISE WILKERSON,TONY TINDERHOLT,0.0,1.0,-1.0,True,0.0,1.0,0.0,0.0,,,,Texas official returns normalized by the Texas project,external://texas-state-house-and-state-senate-model/data/processed/elections/sos_official_candidate_totals_2020_2024.csv,Texas Secretary of State candidate-total exports,Texas official/canonical candidate and full-history incumbency exports,source_observed,,,,,,,left_only,,,,texas_official_upstream
TX,2024,house,96,36276.0,48814.0,-14.734986484898343,EBONY M. TURNER,DAVID COOK,0.0,1.0,-1.0,True,0.0,1.0,0.0,0.0,,,,Texas official returns normalized by the Texas project,external://texas-state-house-and-state-senate-model/data/processed/elections/sos_official_candidate_totals_2020_2024.csv,Texas Secretary of State candidate-total exports,Texas official/canonical candidate and full-history incumbency exports,source_observed,,,,,,,left_only,,,,texas_official_upstream
TX,2024,house,97,37132.0,51432.0,-16.146515514204417,CARLOS WALKER,JOHN MCQUEENEY,0.0,0.0,0.0,True,0.0,1.0,0.0,0.0,,,,Texas official returns normalized by the Texas project,external://texas-state-house-and-state-senate-model/data/processed/elections/sos_official_candidate_totals_2020_2024.csv,Texas Secretary of State candidate-total exports,Texas official/canonical candidate and full-history incumbency exports,source_observed,,,,,,,left_only,,,,texas_official_upstream
TX,2024,house,98,33845.0,64833.0,-31.403149638217233,SCOTT BRYAN WHITE,GIOVANNI CAPRIGLIONE,0.0,1.0,-1.0,True,0.0,1.0,0.0,0.0,,,,Texas official returns normalized by the Texas project,external://texas-state-house-and-state-senate-model/data/processed/elections/sos_official_candidate_totals_2020_2024.csv,Texas Secretary of State candidate-total exports,Texas official/canonical candidate and full-history incumbency exports,source_observed,,,,,,,left_only,,,,texas_official_upstream
TX,2024,house,99,28233.0,47708.0,-25.644908547424976,MIMI COFFEY,CHARLIE GEREN,0.0,1.0,-1.0,True,0.0,1.0,0.0,0.0,,,,Texas official returns normalized by the Texas project,external://texas-state-house-and-state-senate-model/data/processed/elections/sos_official_candidate_totals_2020_2024.csv,Texas Secretary of State candidate-total exports,Texas official/canonical candidate and full-history incumbency exports,source_observed,,,,,,,left_only,,,,texas_official_upstream
TX,2024,house,101,40337.0,21781.0,29.872178756560096,CHRIS TURNER,CLINT BURGESS,1.0,0.0,1.0,True,1.0,0.0,0.0,0.0,,,,Texas official returns normalized by the Texas project,external://texas-state-house-and-state-senate-model/data/processed/elections/sos_official_candidate_totals_2020_2024.csv,Texas Secretary of State candidate-total exports,Texas official/canonical candidate and full-history incumbency exports,source_observed,,,,,,,left_only,,,,texas_official_upstream
TX,2024,house,105,22850.0,18928.0,9.387716022787114,TERRY MEZA,ROSE CANNADAY,1.0,0.0,1.0,True,1.0,0.0,0.0,0.0,,,,Texas official returns normalized by the Texas project,external://texas-state-house-and-state-senate-model/data/processed/elections/sos_official_candidate_totals_2020_2024.csv,Texas Secretary of State candidate-total exports,Texas official/canonical candidate and full-history incumbency exports,source_observed,,,,,,,left_only,,,,texas_official_upstream
TX,2024,house,106,39941.0,61381.0,-21.16026134501885,HAVA JOHNSTON,JARED PATTERSON,0.0,1.0,-1.0,True,0.0,1.0,0.0,0.0,,,,Texas official returns normalized by the Texas project,external://texas-state-house-and-state-senate-model/data/processed/elections/sos_official_candidate_totals_2020_2024.csv,Texas Secretary of State candidate-total exports,Texas official/canonical candidate and full-history incumbency exports,source_observed,,,,,,,left_only,,,,texas_official_upstream
TX,2024,house,108,44307.0,60227.0,-15.229494709855167,ELIZABETH GINSBERG,MORGAN MEYER,0.0,1.0,-1.0,True,0.0,1.0,0.0,0.0,,,,Texas official returns normalized by the Texas project,external://texas-state-house-and-state-senate-model/data/processed/elections/sos_official_candidate_totals_2020_2024.csv,Texas Secretary of State candidate-total exports,Texas official/canonical candidate and full-history incumbency exports,source_observed,,,,,,,left_only,,,,texas_official_upstream
TX,2024,house,112,40645.0,47456.0,-7.730899762772273,AVERIE BISHOP,ANGIE CHEN BUTTON,0.0,1.0,-1.0,True,0.0,1.0,0.0,0.0,,,,Texas official returns normalized by the Texas project,external://texas-state-house-and-state-senate-model/data/processed/elections/sos_official_candidate_totals_2020_2024.csv,Texas Secretary of State candidate-total exports,Texas official/canonical candidate and full-history incumbency exports,source_observed,,,,,,,left_only,,,,texas_official_upstream
TX,2024,house,113,33547.0,25732.0,13.18342077295501,RHETTA ANDREWS BOWERS,STEPHEN STANLEY,1.0,0.0,1.0,True,1.0,0.0,0.0,0.0,,,,Texas official returns normalized by the Texas project,external://texas-state-house-and-state-senate-model/data/processed/elections/sos_official_candidate_totals_2020_2024.csv,Texas Secretary of State candidate-total exports,Texas official/canonical candidate and full-history incumbency exports,source_observed,,,,,,,left_only,,,,texas_official_upstream
TX,2024,house,114,43554.0,25839.0,25.528511521335005,JOHN BRYANT,AIMEE RAMSEY,1.0,0.0,1.0,True,1.0,0.0,0.0,0.0,,,,Texas official returns normalized by the Texas project,external://texas-state-house-and-state-senate-model/data/processed/elections/sos_official_candidate_totals_2020_2024.csv,Texas Secretary of State candidate-total exports,Texas official/canonical candidate and full-history incumbency exports,source_observed,,,,,,,left_only,,,,texas_official_upstream
TX,2024,house,115,37692.0,31709.0,8.620913243325024,CASSANDRA HERNANDEZ,JOHN JUN,0.0,0.0,0.0,True,1.0,0.0,0.0,0.0,,,,Texas official returns normalized by the Texas project,external://texas-state-house-and-state-senate-model/data/processed/elections/sos_official_candidate_totals_2020_2024.csv,Texas Secretary of State candidate-total exports,Texas official/canonical candidate and full-history incumbency exports,source_observed,,,,,,,left_only,,,,texas_official_upstream
TX,2024,house,116,38044.0,19596.0,32.00555170020819,TREY MARTINEZ FISCHER,DARRYL W CRAIN,1.0,0.0,1.0,True,1.0,0.0,0.0,0.0,,,,Texas official returns normalized by the Texas project,external://texas-state-house-and-state-senate-model/data/processed/elections/sos_official_candidate_totals_2020_2024.csv,Texas Secretary of State candidate-total exports,Texas official/canonical candidate and full-history incumbency exports,source_observed,,,,,,,left_only,,,,texas_official_upstream
TX,2024,house,117,40066.0,29021.0,15.98708874317889,PHILIP CORTEZ,BEN MOSTYN,1.0,0.0,1.0,True,1.0,0.0,0.0,0.0,,,,Texas official returns normalized by the Texas project,external://texas-state-house-and-state-senate-model/data/processed/elections/sos_official_candidate_totals_2020_2024.csv,Texas Secretary of State candidate-total exports,Texas official/canonical candidate and full-history incumbency exports,source_observed,,,,,,,left_only,,,,texas_official_upstream
TX,2024,house,118,36624.0,39246.0,-3.4559114274416767,KRISTIAN CARRANZA,JOHN LUJAN III,0.0,1.0,-1.0,True,0.0,1.0,0.0,0.0,,,,Texas official returns normalized by the Texas project,external://texas-state-house-and-state-senate-model/data/processed/elections/sos_official_candidate_totals_2020_2024.csv,Texas Secretary of State candidate-total exports,Texas official/canonical candidate and full-history incumbency exports,source_observed,,,,,,,left_only,,,,texas_official_upstream
TX,2024,house,119,38160.0,21763.0,27.36344976052601,"ELIZABETH  ""LIZ"" CAMPOS",BRANDON J. GRABLE,1.0,0.0,1.0,True,1.0,0.0,0.0,0.0,,,,Texas official returns normalized by the Texas project,external://texas-state-house-and-state-senate-model/data/processed/elections/sos_official_candidate_totals_2020_2024.csv,Texas Secretary of State candidate-total exports,Texas official/canonical candidate and full-history incumbency exports,source_observed,,,,,,,left_only,,,,texas_official_upstream
TX,2024,house,121,46104.0,51013.0,-5.0547278025474425,LAUREL JORDAN SWIFT,MARC LAHOOD,0.0,0.0,0.0,True,0.0,1.0,0.0,0.0,,,,Texas official returns normalized by the Texas project,external://texas-state-house-and-state-senate-model/data/processed/elections/sos_official_candidate_totals_2020_2024.csv,Texas Secretary of State candidate-total exports,Texas official/canonical candidate and full-history incumbency exports,source_observed,,,,,,,left_only,,,,texas_official_upstream
TX,2024,house,122,46180.0,64018.0,-16.18722662843246,KEVIN GEARY,MARK DORAZIO,0.0,1.0,-1.0,True,0.0,1.0,0.0,0.0,,,,Texas official returns normalized by the Texas project,external://texas-state-house-and-state-senate-model/data/processed/elections/sos_official_candidate_totals_2020_2024.csv,Texas Secretary of State candidate-total exports,Texas official/canonical candidate and full-history incumbency exports,source_observed,,,,,,,left_only,,,,texas_official_upstream
TX,2024,house,124,30345.0,18981.0,23.03855978591412,JOSEY GARCIA,SYLVIA SOTO,1.0,0.0,1.0,True,1.0,0.0,0.0,0.0,,,,Texas official returns normalized by the Texas project,external://texas-state-house-and-state-senate-model/data/processed/elections/sos_official_candidate_totals_2020_2024.csv,Texas Secretary of State candidate-total exports,Texas official/canonical candidate and full-history incumbency exports,source_observed,,,,,,,left_only,,,,texas_official_upstream
TX,2024,house,127,35932.0,55048.0,-21.01121125522093,JOHN LEHR,CHARLES CUNNINGHAM,0.0,1.0,-1.0,True,0.0,1.0,0.0,0.0,,,,Texas official returns normalized by the Texas project,external://texas-state-house-and-state-senate-model/data/processed/elections/sos_official_candidate_totals_2020_2024.csv,Texas Secretary of State candidate-total exports,Texas official/canonical candidate and full-history incumbency exports,source_observed,,,,,,,left_only,,,,texas_official_upstream
TX,2024,house,128,19181.0,45372.0,-40.57286260901895,CHUCK CREWS,BRISCOE CAIN,0.0,1.0,-1.0,True,0.0,1.0,0.0,0.0,,,,Texas official returns normalized by the Texas project,external://texas-state-house-and-state-senate-model/data/processed/elections/sos_official_candidate_totals_2020_2024.csv,Texas Secretary of State candidate-total exports,Texas official/canonical candidate and full-history incumbency exports,source_observed,,,,,,,left_only,,,,texas_official_upstream
TX,2024,house,129,33758.0,52419.0,-21.654269700732215,DOUG PETERSON,DENNIS PAUL,0.0,1.0,-1.0,True,0.0,1.0,0.0,0.0,,,,Texas official returns normalized by the Texas project,external://texas-state-house-and-state-senate-model/data/processed/elections/sos_official_candidate_totals_2020_2024.csv,Texas Secretary of State candidate-total exports,Texas official/canonical candidate and full-history incumbency exports,source_observed,,,,,,,left_only,,,,texas_official_upstream
TX,2024,house,130,28671.0,63270.0,-37.63174209547427,BRETT ROBINSON,TOM OLIVERSON,0.0,1.0,-1.0,True,0.0,1.0,0.0,0.0,,,,Texas official returns normalized by the Texas project,external://texas-state-house-and-state-senate-model/data/processed/elections/sos_official_candidate_totals_2020_2024.csv,Texas Secretary of State candidate-total exports,Texas official/canonical candidate and full-history incumbency exports,source_observed,,,,,,,left_only,,,,texas_official_upstream
TX,2024,house,132,37846.0,53928.0,-17.523481596094754,CHASE WEST,MIKE SCHOFIELD,0.0,1.0,-1.0,True,0.0,1.0,0.0,0.0,,,,Texas official returns normalized by the Texas project,external://texas-state-house-and-state-senate-model/data/processed/elections/sos_official_candidate_totals_2020_2024.csv,Texas Secretary of State candidate-total exports,Texas official/canonical candidate and full-history incumbency exports,source_observed,,,,,,,left_only,,,,texas_official_upstream
TX,2024,house,134,61037.0,38480.0,22.666479094024137,ANN JOHNSON,AUDREY DOUGLAS,1.0,0.0,1.0,True,1.0,0.0,0.0,0.0,,,,Texas official returns normalized by the Texas project,external://texas-state-house-and-state-senate-model/data/processed/elections/sos_official_candidate_totals_2020_2024.csv,Texas Secretary of State candidate-total exports,Texas official/canonical candidate and full-history incumbency exports,source_observed,,,,,,,left_only,,,,texas_official_upstream
TX,2024,house,136,45185.0,27665.0,24.049416609471518,JOHN H. BUCY III,AMIN SALAHUDDIN,1.0,0.0,1.0,True,1.0,0.0,0.0,0.0,,,,Texas official returns normalized by the Texas project,external://texas-state-house-and-state-senate-model/data/processed/elections/sos_official_candidate_totals_2020_2024.csv,Texas Secretary of State candidate-total exports,Texas official/canonical candidate and full-history incumbency exports,source_observed,,,,,,,left_only,,,,texas_official_upstream
TX,2024,house,138,31671.0,42022.0,-14.046110213995902,STEPHANIE MORALES,LACEY HULL,0.0,1.0,-1.0,True,0.0,1.0,0.0,0.0,,,,Texas official returns normalized by the Texas project,external://texas-state-house-and-state-senate-model/data/processed/elections/sos_official_candidate_totals_2020_2024.csv,Texas Secretary of State candidate-total exports,Texas official/canonical candidate and full-history incumbency exports,source_observed,,,,,,,left_only,,,,texas_official_upstream
TX,2024,house,146,42840.0,12282.0,55.4370305866986,LAUREN ASHLEY SIMMONS,LANCE YORK,0.0,0.0,0.0,True,1.0,0.0,0.0,0.0,,,,Texas official returns normalized by the Texas project,external://texas-state-house-and-state-senate-model/data/processed/elections/sos_official_candidate_totals_2020_2024.csv,Texas Secretary of State candidate-total exports,Texas official/canonical candidate and full-history incumbency exports,source_observed,,,,,,,left_only,,,,texas_official_upstream
TX,2024,house,147,47828.0,16332.0,49.089775561097255,JOLANDA  JONES,CLAUDIO GUTIERREZ,1.0,0.0,1.0,True,1.0,0.0,0.0,0.0,,,,Texas official returns normalized by the Texas project,external://texas-state-house-and-state-senate-model/data/processed/elections/sos_official_candidate_totals_2020_2024.csv,Texas Secretary of State candidate-total exports,Texas official/canonical candidate and full-history incumbency exports,source_observed,,,,,,,left_only,,,,texas_official_upstream
TX,2024,house,148,28341.0,23246.0,9.876519278112703,PENNY MORALES SHAW,KAY SMITH,1.0,0.0,1.0,True,1.0,0.0,0.0,0.0,,,,Texas official returns normalized by the Texas project,external://texas-state-house-and-state-senate-model/data/processed/elections/sos_official_candidate_totals_2020_2024.csv,Texas Secretary of State candidate-total exports,Texas official/canonical candidate and full-history incumbency exports,source_observed,,,,,,,left_only,,,,texas_official_upstream
TX,2024,house,149,26921.0,20291.0,14.04303990510887,HUBERT VO,LILY TRUONG,1.0,0.0,1.0,True,1.0,0.0,0.0,0.0,,,,Texas official returns normalized by the Texas project,external://texas-state-house-and-state-senate-model/data/processed/elections/sos_official_candidate_totals_2020_2024.csv,Texas Secretary of State candidate-total exports,Texas official/canonical candidate and full-history incumbency exports,source_observed,,,,,,,left_only,,,,texas_official_upstream
TX,2024,house,150,32181.0,48000.0,-19.72911288210424,"MARISELA ""MJ"" JIMENEZ",VALOREE SWANSON,0.0,1.0,-1.0,True,0.0,1.0,0.0,0.0,,,,Texas official returns normalized by the Texas project,external://texas-state-house-and-state-senate-model/data/processed/elections/sos_official_candidate_totals_2020_2024.csv,Texas Secretary of State candidate-total exports,Texas official/canonical candidate and full-history incumbency exports,source_observed,,,,,,,left_only,,,,texas_official_upstream
TX,2024,senate,6,119280.0,70013.0,26.026847268520232,CAROL ALVARADO,MARTHA FIERRO,1.0,0.0,1.0,True,1.0,0.0,0.0,0.0,,,,Texas official returns normalized by the Texas project,external://texas-state-house-and-state-senate-model/data/processed/elections/sos_official_candidate_totals_2020_2024.csv,Texas Secretary of State candidate-total exports,Texas official/canonical candidate and full-history incumbency exports,source_observed,,,,,,,left_only,,,,texas_official_upstream
TX,2024,senate,7,145100.0,251489.0,-26.826008789956354,MICHELLE GWINN,PAUL BETTENCOURT,0.0,1.0,-1.0,True,0.0,1.0,0.0,0.0,,,,Texas official returns normalized by the Texas project,external://texas-state-house-and-state-senate-model/data/processed/elections/sos_official_candidate_totals_2020_2024.csv,Texas Secretary of State candidate-total exports,Texas official/canonical candidate and full-history incumbency exports,source_observed,,,,,,,left_only,,,,texas_official_upstream
TX,2024,senate,8,184642.0,269743.0,-18.728831277440936,RACHEL MELLO,ANGELA PAXTON,0.0,1.0,-1.0,True,0.0,1.0,0.0,0.0,,,,Texas official returns normalized by the Texas project,external://texas-state-house-and-state-senate-model/data/processed/elections/sos_official_candidate_totals_2020_2024.csv,Texas Secretary of State candidate-total exports,Texas official/canonical candidate and full-history incumbency exports,source_observed,,,,,,,left_only,,,,texas_official_upstream
TX,2024,senate,10,141163.0,227475.0,-23.413755499975586,ANDY MORRIS,PHIL KING,0.0,1.0,-1.0,True,0.0,1.0,0.0,0.0,,,,Texas official returns normalized by the Texas project,external://texas-state-house-and-state-senate-model/data/processed/elections/sos_official_candidate_totals_2020_2024.csv,Texas Secretary of State candidate-total exports,Texas official/canonical candidate and full-history incumbency exports,source_observed,,,,,,,left_only,,,,texas_official_upstream
TX,2024,senate,12,174875.0,277734.0,-22.725796437985103,STEPHANIE DRAPER,TAN PARKER,0.0,1.0,-1.0,True,0.0,1.0,0.0,0.0,,,,Texas official returns normalized by the Texas project,external://texas-state-house-and-state-senate-model/data/processed/elections/sos_official_candidate_totals_2020_2024.csv,Texas Secretary of State candidate-total exports,Texas official/canonical candidate and full-history incumbency exports,source_observed,,,,,,,left_only,,,,texas_official_upstream
TX,2024,senate,15,200680.0,123515.0,23.802032727216645,MOLLY COOK,JOSEPH L. TRAHAN,0.0,0.0,0.0,True,1.0,0.0,0.0,0.0,,,,Texas official returns normalized by the Texas project,external://texas-state-house-and-state-senate-model/data/processed/elections/sos_official_candidate_totals_2020_2024.csv,Texas Secretary of State candidate-total exports,Texas official/canonical candidate and full-history incumbency exports,source_observed,,,,,,,left_only,,,,texas_official_upstream
TX,2024,senate,17,133127.0,238328.0,-28.321330982218573,KATHY CHENG,JOAN HUFFMAN,0.0,1.0,-1.0,True,0.0,1.0,0.0,0.0,,,,Texas official returns normalized by the Texas project,external://texas-state-house-and-state-senate-model/data/processed/elections/sos_official_candidate_totals_2020_2024.csv,Texas Secretary of State candidate-total exports,Texas official/canonical candidate and full-history incumbency exports,source_observed,,,,,,,left_only,,,,texas_official_upstream
TX,2024,senate,25,184312.0,321653.0,-27.14436769341753,MERRIE FOX,DONNA CAMPBELL,0.0,1.0,-1.0,True,0.0,1.0,0.0,0.0,,,,Texas official returns normalized by the Texas project,external://texas-state-house-and-state-senate-model/data/processed/elections/sos_official_candidate_totals_2020_2024.csv,Texas Secretary of State candidate-total exports,Texas official/canonical candidate and full-history incumbency exports,source_observed,,,,,,,left_only,,,,texas_official_upstream
TX,2024,senate,27,123305.0,126073.0,-1.109961584422042,MORGAN LAMANTIA,ADAM HINOJOSA,1.0,0.0,1.0,True,0.0,1.0,0.0,0.0,,,,Texas official returns normalized by the Texas project,external://texas-state-house-and-state-senate-model/data/processed/elections/sos_official_candidate_totals_2020_2024.csv,Texas Secretary of State candidate-total exports,Texas official/canonical candidate and full-history incumbency exports,source_observed,,,,,,,left_only,,,,texas_official_upstream
TX,2024,senate,30,155949.0,289981.0,-30.05673536205234,DALE FREY,BRENT HAGENBUCH,0.0,0.0,0.0,True,0.0,1.0,0.0,0.0,,,,Texas official returns normalized by the Texas project,external://texas-state-house-and-state-senate-model/data/processed/elections/sos_official_candidate_totals_2020_2024.csv,Texas Secretary of State candidate-total exports,Texas official/canonical candidate and full-history incumbency exports,source_observed,,,,,,,left_only,,,,texas_official_upstream
