cycle,county_key,precinct_key,precinct_name_norm,precinct_split_base,donor_vintage,donor_vtd_id,donor_name,suggested_donor_vtd_id,suggested_donor_name,name_match_method,name_match_score,name_match_margin,physical_precinct_count,donor_vtd_count,vtd_inventory_relation,iterative_match_round,frozen_one_to_one,intervening_doj_candidates,intervening_geometry_candidates,intervening_submission_numbers,house_district_count,senate_district_count,is_split_precinct,known_race_assignments
1994,BALDWIN,LOTTIE METHODIST CHURCH,LOTTIE METHODIST CHURCH,LOTTIE METHODIST CHURCH,2000,,,VTD2000-003-35,Barnwell Church,unmatched_name,85.5,31.33333333333333,51,49,overflow,0,False,4,3,1999-2443|98-2385|99-2443,1,1,False,house-66|senate-22
1994,BARBOUR,DAVIS CHEVROLET CO.,DAVIS CHEVROLET COUNTY,DAVIS CHEVROLET COUNTY,2000,,,VTD2000-005-8,Mt. Andrew,unmatched_name,49.87499999999999,4.874999999999993,23,10,overflow,0,False,1,0,,1,1,False,house-84|senate-28
1994,BARBOUR,DAVIS MOTORS,DAVIS MOTORS,DAVIS MOTORS,2000,,,VTD2000-005-1,Woodham's Store,unmatched_name,51.85185185185186,5.6980056980057086,23,10,overflow,0,False,1,0,,1,1,False,house-84|senate-28
1994,BARBOUR,FLOYD TEW'S STORE,FLOYD TEW S STORE,FLOYD TEW S STORE,2000,,,VTD2000-005-3,Coggin's Store,unmatched_name,63.33333333333332,0.8333333333333215,23,10,overflow,0,False,1,0,,1,1,False,house-84|senate-28
1994,BARBOUR,GREEN'S CROSSROAD,GREEN S CROSSROAD,GREEN S CROSSROAD,2000,,,VTD2000-005-3,Coggin's Store,unmatched_name,49.03225806451612,0.1751152073732669,23,10,overflow,0,False,1,0,,1,1,False,house-84|senate-28
1994,BARBOUR,HARTZOG'S STORE,HARTZOG S STORE,HARTZOG S STORE,2000,,,VTD2000-005-3,Coggin's Store,unmatched_name,68.96551724137932,2.2988505747126453,23,10,overflow,0,False,1,0,,1,1,False,house-84|senate-28
1994,BARBOUR,JOHNNY BOYD'S STORE,JOHNNY BOYD S STORE,JOHNNY BOYD S STORE,2000,,,VTD2000-005-1,Woodham's Store,unmatched_name,64.70588235294117,1.3725490196078525,23,10,overflow,0,False,1,0,,1,1,False,house-84|senate-28
1994,BARBOUR,MCCOO SCHOOL COMPLEX,MCCOO SCHOOL COMPLEX,MCCOO SCHOOL COMPLEX,2000,,,VTD2000-005-2,Clio,unmatched_name,57.0,15.82352941176471,23,10,overflow,0,False,1,0,,1,1,False,house-84|senate-28
1994,BARBOUR,OLD ARMORY,OLD ARMORY,OLD ARMORY,2000,,,VTD2000-005-1,Woodham's Store,unmatched_name,48.0,11.636363636363631,23,10,overflow,0,False,1,0,,1,1,False,house-84|senate-28
1994,BARBOUR,RICHARD'S CABINET STORE,RICHARD S CABINET STORE,RICHARD S CABINET STORE,2000,,,VTD2000-005-3,Coggin's Store,ambiguous_fuzzy_name,85.5,0.0001280121606939,23,10,overflow,0,False,1,0,,1,1,False,house-84|senate-28
1994,BULLOCK,ARMORY- MACHINE #1,ARMORY MACHINE,ARMORY MACHINE,2000,,,VTD2000-011-3,Union Springs Armory,unmatched_name,57.0,12.0,26,15,overflow,0,False,2,0,,1,1,False,house-82|senate-28
1994,BULLOCK,ARMORY- MACHINE #10,ARMORY MACHINE,ARMORY MACHINE,2000,,,VTD2000-011-3,Union Springs Armory,unmatched_name,57.0,12.0,26,15,overflow,0,False,2,0,,1,1,False,house-82|senate-28
1994,BULLOCK,ARMORY- MACHINE #2,ARMORY MACHINE,ARMORY MACHINE,2000,,,VTD2000-011-3,Union Springs Armory,unmatched_name,57.0,12.0,26,15,overflow,0,False,2,0,,1,1,False,house-82|senate-28
1994,BULLOCK,ARMORY- MACHINE #3,ARMORY MACHINE,ARMORY MACHINE,2000,,,VTD2000-011-3,Union Springs Armory,unmatched_name,57.0,12.0,26,15,overflow,0,False,2,0,,1,1,False,house-82|senate-28
1994,BULLOCK,ARMORY- MACHINE #4,ARMORY MACHINE,ARMORY MACHINE,2000,,,VTD2000-011-3,Union Springs Armory,unmatched_name,57.0,12.0,26,15,overflow,0,False,2,0,,1,1,False,house-82|senate-28
1994,BULLOCK,ARMORY- MACHINE #5,ARMORY MACHINE,ARMORY MACHINE,2000,,,VTD2000-011-3,Union Springs Armory,unmatched_name,57.0,12.0,26,15,overflow,0,False,2,0,,1,1,False,house-82|senate-28
1994,BULLOCK,ARMORY- MACHINE #6,ARMORY MACHINE,ARMORY MACHINE,2000,,,VTD2000-011-3,Union Springs Armory,unmatched_name,57.0,12.0,26,15,overflow,0,False,2,0,,1,1,False,house-82|senate-28
1994,BULLOCK,ARMORY- MACHINE #7,ARMORY MACHINE,ARMORY MACHINE,2000,,,VTD2000-011-3,Union Springs Armory,unmatched_name,57.0,12.0,26,15,overflow,0,False,2,0,,1,1,False,house-82|senate-28
1994,BULLOCK,ARMORY- MACHINE #8,ARMORY MACHINE,ARMORY MACHINE,2000,,,VTD2000-011-3,Union Springs Armory,unmatched_name,57.0,12.0,26,15,overflow,0,False,2,0,,1,1,False,house-82|senate-28
1994,BULLOCK,ARMORY- MACHINE #9,ARMORY MACHINE,ARMORY MACHINE,2000,,,VTD2000-011-3,Union Springs Armory,unmatched_name,57.0,12.0,26,15,overflow,0,False,2,0,,1,1,False,house-82|senate-28
1994,BUTLER,GEORGIANA BAND ROOM P-Z,GEORGIANA BAND ROOM P Z,GEORGIANA BAND ROOM P Z,2000,,,VTD2000-013-14-5,National Guard Armory at Georgiana,unmatched_name,53.4375,10.39402173913043,51,23,overflow,0,False,1,0,,1,1,False,house-90|senate-30
1994,BUTLER,N.G. ARMORY A-G,N G ARMORY A G,N G ARMORY A G,2000,,,VTD2000-013-12-3,Old Armory Near Courthouse at Greenville,ambiguous_fuzzy_name,85.5,2.775557561562892e-13,51,23,overflow,0,False,1,0,,1,1,False,house-90|senate-30
1994,BUTLER,N.G. ARMORY H-O,N G ARMORY H O,N G ARMORY H O,2000,,,VTD2000-013-12-3,Old Armory Near Courthouse at Greenville,ambiguous_fuzzy_name,85.5,2.775557561562892e-13,51,23,overflow,0,False,1,0,,1,1,False,house-90|senate-30
1994,BUTLER,N.G. ARMORY P-Z,N G ARMORY P Z,N G ARMORY P Z,2000,,,VTD2000-013-12-3,Old Armory Near Courthouse at Greenville,ambiguous_fuzzy_name,85.5,2.775557561562892e-13,51,23,overflow,0,False,1,0,,1,1,False,house-90|senate-30
1994,BUTLER,NEW N.G. ARMORY A-F,NEW N G ARMORY A F,NEW N G ARMORY A F,2000,,,VTD2000-013-12-3,Old Armory Near Courthouse at Greenville,ambiguous_fuzzy_name,85.5,2.775557561562892e-13,51,23,overflow,0,False,1,0,,1,1,False,house-90|senate-30
1994,BUTLER,NEW N.G. ARMORY G-L,NEW N G ARMORY G L,NEW N G ARMORY G L,2000,,,VTD2000-013-12-3,Old Armory Near Courthouse at Greenville,ambiguous_fuzzy_name,85.5,2.775557561562892e-13,51,23,overflow,0,False,1,0,,1,1,False,house-90|senate-30
1994,BUTLER,NEW N.G. ARMORY M-R,NEW N G ARMORY M R,NEW N G ARMORY M R,2000,,,VTD2000-013-12-3,Old Armory Near Courthouse at Greenville,ambiguous_fuzzy_name,85.5,2.775557561562892e-13,51,23,overflow,0,False,1,0,,1,1,False,house-90|senate-30
1994,BUTLER,NEW N.G. ARMORY S-Z,NEW N G ARMORY S Z,NEW N G ARMORY S Z,2000,,,VTD2000-013-12-3,Old Armory Near Courthouse at Greenville,ambiguous_fuzzy_name,85.5,2.775557561562892e-13,51,23,overflow,0,False,1,0,,1,1,False,house-90|senate-30
1994,BUTLER,OLD ARMORY A-CAP,OLD ARMORY A CAP,OLD ARMORY A CAP,2000,,,VTD2000-013-10,Old School House at Monterey,ambiguous_fuzzy_name,85.5,1.665334536937735e-13,51,23,overflow,0,False,1,0,,1,1,False,house-90|senate-30
1994,BUTLER,OLD ARMORY CAR-G,OLD ARMORY CAR G,OLD ARMORY CAR G,2000,,,VTD2000-013-10,Old School House at Monterey,ambiguous_fuzzy_name,85.5,1.665334536937735e-13,51,23,overflow,0,False,1,0,,1,1,False,house-90|senate-30
1994,BUTLER,OLD ARMORY H-LEV,OLD ARMORY H LEV,OLD ARMORY H LEV,2000,,,VTD2000-013-10,Old School House at Monterey,ambiguous_fuzzy_name,85.5,1.665334536937735e-13,51,23,overflow,0,False,1,0,,1,1,False,house-90|senate-30
1994,BUTLER,OLD ARMORY LEW-O,OLD ARMORY LEW O,OLD ARMORY LEW O,2000,,,VTD2000-013-10,Old School House at Monterey,ambiguous_fuzzy_name,85.5,1.665334536937735e-13,51,23,overflow,0,False,1,0,,1,1,False,house-90|senate-30
1994,BUTLER,OLD ARMORY P-SL,OLD ARMORY P SL,OLD ARMORY P SL,2000,,,VTD2000-013-10,Old School House at Monterey,ambiguous_fuzzy_name,85.5,1.665334536937735e-13,51,23,overflow,0,False,1,0,,1,1,False,house-90|senate-30
1994,BUTLER,OLD ARMORY SM-Z,OLD ARMORY SM Z,OLD ARMORY SM Z,2000,,,VTD2000-013-10,Old School House at Monterey,ambiguous_fuzzy_name,85.5,1.665334536937735e-13,51,23,overflow,0,False,1,0,,1,1,False,house-90|senate-30
1994,BUTLER,RIGSBY BOX,RIGSBY BOX,RIGSBY BOX,2000,,,VTD2000-013-7,Voting House at Harrisons,unmatched_name,45.0,7.10526315789474,51,23,overflow,0,False,1,0,,1,1,False,house-90|senate-30
1994,BUTLER,SARDIS,SARDIS,SARDIS,2000,,,VTD2000-013-7,Voting House at Harrisons,unmatched_name,60.00000000000001,6.000000000000007,51,23,overflow,0,False,1,0,,1,1,False,house-90|senate-30
1994,CALHOUN,ALINE CANTER RESIDENCE,ALINE CANTER RESIDENCE,ALINE CANTER RESIDENCE,2000,,,VTD2000-015-15,Anniston,unmatched_name,45.0,0.0,49,24,overflow,0,False,4,0,,1,1,False,house-34|senate-12
1994,CALHOUN,CEDAR SPRINGS SCHOOL,CEDAR SPRINGS SCHOOL,CEDAR SPRINGS SCHOOL,2000,,,VTD2000-015-14,Sulphur Springs,unmatched_name,60.454545454545446,1.3636363636363669,49,24,overflow,0,False,4,0,,1,1,False,house-34|senate-12
1994,CALHOUN,WOODMAN OF THE WORLD INS. B1,WOODMAN OF THE WORLD INS B1,WOODMAN OF THE WORLD INS B1,2000,,,VTD2000-015-4,Oxford,unmatched_name,54.0,9.0,49,24,overflow,0,False,4,0,,1,1,False,house-36|senate-12
1994,CHAMBERS,LAKE VIEW,LAKE VIEW,LAKE VIEW,2000,,,VTD2000-017-7,Lanett,unmatched_name,54.0,9.555555555555555,22,13,overflow,0,False,0,0,,1,1,False,house-37|senate-13
1994,CHEROKEE,JACK ADRIAN GROCERY,JACK ADRIAN GROCERY,JACK ADRIAN GROCERY,2000,,,VTD2000-019-11,Sand Rock,unmatched_name,60.00000000000001,0.0,31,23,overflow,0,False,0,0,,1,1,False,house-39|senate-13
1994,CHEROKEE,MENTONE,MENTONE,MENTONE,2000,,,VTD2000-019-16,Jamestown-Cloudland,unmatched_name,64.28571428571429,2.747252747252752,31,23,overflow,0,False,0,0,,1,1,False,house-39|senate-13
1994,CHOCTAW,COUNTY HWY 32 & 9,COUNTY HWY 32 AND 9,COUNTY HWY 32 AND,2000,,,VTD2000-023-9,Branch-Bladon Springs-Cullomburg,unmatched_name,35.99999999999999,2.842105263157883,49,14,overflow,0,False,0,0,,1,1,False,house-68|senate-23
1994,CLAY,ASHLAND NAT. G.A.,ASHLAND NAT G A,ASHLAND NAT G A,2000,,,VTD2000-027-1701,Ashland Nat'l Guard Armory,ambiguous_fuzzy_name,85.5,4.440892098500626e-14,17,23,underflow,0,False,0,0,,1,1,False,house-37|senate-13
1994,CLAY,ASHLAND NATL. G.A.,ASHLAND NATL G A,ASHLAND NATL G A,2000,,,VTD2000-027-1701,Ashland Nat'l Guard Armory,ambiguous_fuzzy_name,85.5,4.440892098500626e-14,17,23,underflow,0,False,0,0,,1,1,False,house-37|senate-13
1994,CLAY,BARFELD VOL. F.D.,BARFELD VOLUNTEER F D,BARFELD VOLUNTEER F D,2000,,,VTD2000-027-0301,Barfield Volunteer Fire Dept.,unmatched_name,85.5,38.98837209302325,17,23,underflow,0,False,0,0,,1,1,False,house-37|senate-13
1994,CLAY,LINEVILL NATL. G.A.,LINEVILL NATL G A,LINEVILL NATL G A,2000,,,VTD2000-027-1301,Lineville Nat'l Guard Armory,unmatched_name,79.41176470588235,0.0,17,23,underflow,0,False,0,0,,1,1,False,house-37|senate-13
1994,CLAY,LINEVILLE NAT. G.A.,LINEVILLE NAT G A,LINEVILLE NAT G A,2000,,,VTD2000-027-1701,Ashland Nat'l Guard Armory,ambiguous_fuzzy_name,85.5,1.4432899320127038e-13,17,23,underflow,0,False,0,0,,1,1,False,house-37|senate-13
1994,CLAY,LINEVILLE NATL. G.A.,LINEVILLE NATL G A,LINEVILLE NATL G A,2000,,,VTD2000-027-1301,Lineville Nat'l Guard Armory,ambiguous_fuzzy_name,85.5,5.5511151231257833e-14,17,23,underflow,0,False,0,0,,1,1,False,house-37|senate-13
1994,CLAY,MILLERVILLE F. D.,MILLERVILLE F D,MILLERVILLE F D,2000,,,VTD2000-027-0801,Millerville Fire Dept.,ambiguous_fuzzy_name,85.5,2.331468351712829e-13,17,23,underflow,0,False,0,0,,1,1,False,house-37|senate-13
1994,CLAY,TRI-COMMUNITY F.D.,TRI COMMUNITY F D,TRI COMMUNITY F D,2000,,,VTD2000-027-2401,Tri-Community Fire Dept.,ambiguous_fuzzy_name,85.5,6.058900359207087e-06,17,23,underflow,0,False,0,0,,1,1,False,house-37|senate-13
1994,COFFEE,"ARMY RESERVE CENTER, ELBA 1",ARMY RESERVE CENTER ELBA,ARMY RESERVE CENTER ELBA,2000,,,VTD2000-031-6-1,Elba National Guard Armory-Mulberry Heights,ambiguous_fuzzy_name,85.5,1.08194943448936e-05,56,27,overflow,0,False,0,0,,1,1,False,house-91|senate-31
1994,COFFEE,"ARMY RESERVE CENTER, ELBA 2",ARMY RESERVE CENTER ELBA,ARMY RESERVE CENTER ELBA,2000,,,VTD2000-031-6-1,Elba National Guard Armory-Mulberry Heights,ambiguous_fuzzy_name,85.5,1.08194943448936e-05,56,27,overflow,0,False,0,0,,1,1,False,house-91|senate-31
1994,COFFEE,"ARMY RESERVE CENTER, ELBA 3",ARMY RESERVE CENTER ELBA,ARMY RESERVE CENTER ELBA,2000,,,VTD2000-031-6-1,Elba National Guard Armory-Mulberry Heights,ambiguous_fuzzy_name,85.5,1.08194943448936e-05,56,27,overflow,0,False,0,0,,1,1,False,house-91|senate-31
1994,COFFEE,CIVIC CENTER 1,CIVIC CENTER,CIVIC CENTER,2000,,,VTD2000-031-9-2,New Brockton Farm Center,ambiguous_fuzzy_name,85.5,1.0703252661947715e-05,56,27,overflow,0,False,0,0,,1,1,False,house-91|senate-31
1994,COFFEE,CIVIC CENTER 2,CIVIC CENTER,CIVIC CENTER,2000,,,VTD2000-031-9-2,New Brockton Farm Center,ambiguous_fuzzy_name,85.5,1.0703252661947715e-05,56,27,overflow,0,False,0,0,,1,1,False,house-91|senate-31
1994,COFFEE,CIVIC CENTER 3,CIVIC CENTER,CIVIC CENTER,2000,,,VTD2000-031-9-2,New Brockton Farm Center,ambiguous_fuzzy_name,85.5,1.0703252661947715e-05,56,27,overflow,0,False,0,0,,1,1,False,house-91|senate-31
1994,COFFEE,COLEMAN'S MORTUARY,COLEMAN S MORTUARY,COLEMAN S MORTUARY,2000,,,VTD2000-031-12,Eanon,unmatched_name,54.0,2.5714285714285765,56,27,overflow,0,False,0,0,,1,1,False,house-91|senate-31
1994,COFFEE,"COMMUNITY ROOM, N.B.",COMMUNITY ROOM N B,COMMUNITY ROOM N B,2000,,,VTD2000-031-14-1,Ino Community,unmatched_name,77.72727272727272,0.0,56,27,overflow,0,False,0,0,,1,1,False,house-91|senate-31
1994,COFFEE,NEWBIA,NEWBIA,NEWBIA,2000,,,VTD2000-031-4,Newby,unmatched_name,72.72727272727273,7.272727272727266,56,27,overflow,0,False,0,0,,1,1,False,house-91|senate-31
1994,COLBERT,SHEFF. BD. OF EDUCATION BLDG.,SHEFF BD OF EDUCATION BUILDING,SHEFF BD OF EDUCATION BUILDING,2000,,,VTD2000-033-16,Sheffield,unmatched_name,64.28571428571429,4.285714285714285,35,17,overflow,0,False,4,0,,1,1,False,house-3|senate-1
1994,COLBERT,SHEFF. FIRE STATION 2ND ST.,SHEFF FIRE STATION 2ND SAINT,SHEFF FIRE STATION 2ND SAINT,2000,,,VTD2000-033-16,Sheffield,unmatched_name,64.28571428571429,2.103896103896105,35,17,overflow,0,False,4,0,,1,1,False,house-3|senate-1
1994,COLBERT,TROUSDALE STORE,TROUSDALE STORE,TROUSDALE STORE,2000,,,VTD2000-033-13,Locust Shores,unmatched_name,57.14285714285714,7.142857142857139,35,17,overflow,0,False,4,0,,1,1,False,house-3|senate-1
1994,CONECUH,101,,,2000,,,VTD2000-035-11-1,David Burt Building,unmatched_name,0.0,0.0,37,28,overflow,0,False,3,2,99-2097|99-2149,2,2,True,house-64|house-68|senate-22|senate-23
1994,CONECUH,102,,,2000,,,VTD2000-035-11-1,David Burt Building,unmatched_name,0.0,0.0,37,28,overflow,0,False,3,2,99-2097|99-2149,1,1,False,house-64|senate-22
1994,CONECUH,11,11,11,2000,,,VTD2000-035-11-1,David Burt Building,unmatched_name,0.0,0.0,37,28,overflow,0,False,3,2,99-2097|99-2149,1,1,False,house-68|senate-23
1994,CONECUH,111,,,2000,,,VTD2000-035-11-1,David Burt Building,unmatched_name,0.0,0.0,37,28,overflow,0,False,3,2,99-2097|99-2149,1,1,False,house-64|senate-22
1994,CONECUH,112,,,2000,,,VTD2000-035-11-1,David Burt Building,unmatched_name,0.0,0.0,37,28,overflow,0,False,3,2,99-2097|99-2149,1,1,False,house-64|senate-22
1994,CONECUH,1122,,,2000,,,VTD2000-035-11-1,David Burt Building,unmatched_name,0.0,0.0,37,28,overflow,0,False,3,2,99-2097|99-2149,2,2,True,house-64|house-68|senate-22|senate-23
1994,CONECUH,113,,,2000,,,VTD2000-035-11-1,David Burt Building,unmatched_name,0.0,0.0,37,28,overflow,0,False,3,2,99-2097|99-2149,2,2,True,house-64|house-68|senate-22|senate-23
1994,CONECUH,114,,,2000,,,VTD2000-035-11-1,David Burt Building,unmatched_name,0.0,0.0,37,28,overflow,0,False,3,2,99-2097|99-2149,2,2,True,house-64|house-68|senate-22|senate-23
1994,CONECUH,12,12,12,2000,,,VTD2000-035-11-1,David Burt Building,unmatched_name,0.0,0.0,37,28,overflow,0,False,3,2,99-2097|99-2149,1,1,False,house-68|senate-23
1994,CONECUH,121,,,2000,,,VTD2000-035-11-1,David Burt Building,unmatched_name,0.0,0.0,37,28,overflow,0,False,3,2,99-2097|99-2149,1,1,False,house-64|senate-22
1994,CONECUH,131,,,2000,,,VTD2000-035-11-1,David Burt Building,unmatched_name,0.0,0.0,37,28,overflow,0,False,3,2,99-2097|99-2149,1,1,False,house-64|senate-22
1994,CONECUH,132,,,2000,,,VTD2000-035-11-1,David Burt Building,unmatched_name,0.0,0.0,37,28,overflow,0,False,3,2,99-2097|99-2149,1,1,False,house-64|senate-22
1994,CONECUH,141,,,2000,,,VTD2000-035-11-1,David Burt Building,unmatched_name,0.0,0.0,37,28,overflow,0,False,3,2,99-2097|99-2149,2,2,True,house-64|house-68|senate-22|senate-23
1994,CONECUH,142,,,2000,,,VTD2000-035-11-1,David Burt Building,unmatched_name,0.0,0.0,37,28,overflow,0,False,3,2,99-2097|99-2149,1,1,False,house-68|senate-23
1994,CONECUH,151,,,2000,,,VTD2000-035-11-1,David Burt Building,unmatched_name,0.0,0.0,37,28,overflow,0,False,3,2,99-2097|99-2149,2,2,True,house-64|house-68|senate-22|senate-23
1994,CONECUH,152,,,2000,,,VTD2000-035-11-1,David Burt Building,unmatched_name,0.0,0.0,37,28,overflow,0,False,3,2,99-2097|99-2149,1,1,False,house-64|senate-22
1994,CONECUH,161,,,2000,,,VTD2000-035-11-1,David Burt Building,unmatched_name,0.0,0.0,37,28,overflow,0,False,3,2,99-2097|99-2149,2,2,True,house-64|house-68|senate-22|senate-23
1994,CONECUH,21,21,21,2000,,,VTD2000-035-11-1,David Burt Building,unmatched_name,0.0,0.0,37,28,overflow,0,False,3,2,99-2097|99-2149,1,1,False,house-68|senate-23
1994,CONECUH,22,22,22,2000,,,VTD2000-035-11-1,David Burt Building,unmatched_name,0.0,0.0,37,28,overflow,0,False,3,2,99-2097|99-2149,1,1,False,house-68|senate-23
1994,CONECUH,31,31,31,2000,,,VTD2000-035-11-1,David Burt Building,unmatched_name,0.0,0.0,37,28,overflow,0,False,3,2,99-2097|99-2149,1,1,False,house-68|senate-23
1994,CONECUH,32,32,32,2000,,,VTD2000-035-11-1,David Burt Building,unmatched_name,0.0,0.0,37,28,overflow,0,False,3,2,99-2097|99-2149,1,1,False,house-68|senate-23
1994,CONECUH,41,41,41,2000,,,VTD2000-035-11-1,David Burt Building,unmatched_name,0.0,0.0,37,28,overflow,0,False,3,2,99-2097|99-2149,2,2,True,house-64|house-68|senate-22|senate-23
1994,CONECUH,42,42,42,2000,,,VTD2000-035-11-1,David Burt Building,unmatched_name,0.0,0.0,37,28,overflow,0,False,3,2,99-2097|99-2149,2,2,True,house-64|house-68|senate-22|senate-23
1994,CONECUH,43,43,43,2000,,,VTD2000-035-11-1,David Burt Building,unmatched_name,0.0,0.0,37,28,overflow,0,False,3,2,99-2097|99-2149,1,1,False,house-64|senate-22
1994,CONECUH,51,51,51,2000,,,VTD2000-035-11-1,David Burt Building,unmatched_name,0.0,0.0,37,28,overflow,0,False,3,2,99-2097|99-2149,1,1,False,house-64|senate-22
1994,CONECUH,52,52,52,2000,,,VTD2000-035-11-1,David Burt Building,unmatched_name,0.0,0.0,37,28,overflow,0,False,3,2,99-2097|99-2149,1,1,False,house-64|senate-22
1994,CONECUH,53,53,53,2000,,,VTD2000-035-11-1,David Burt Building,unmatched_name,0.0,0.0,37,28,overflow,0,False,3,2,99-2097|99-2149,1,1,False,house-64|senate-22
1994,CONECUH,61,61,61,2000,,,VTD2000-035-11-1,David Burt Building,unmatched_name,0.0,0.0,37,28,overflow,0,False,3,2,99-2097|99-2149,1,1,False,house-64|senate-22
1994,CONECUH,62,62,62,2000,,,VTD2000-035-11-1,David Burt Building,unmatched_name,0.0,0.0,37,28,overflow,0,False,3,2,99-2097|99-2149,2,2,True,house-64|house-68|senate-22|senate-23
1994,CONECUH,63,63,63,2000,,,VTD2000-035-11-1,David Burt Building,unmatched_name,0.0,0.0,37,28,overflow,0,False,3,2,99-2097|99-2149,1,1,False,house-64|senate-22
1994,CONECUH,71,71,71,2000,,,VTD2000-035-11-1,David Burt Building,unmatched_name,0.0,0.0,37,28,overflow,0,False,3,2,99-2097|99-2149,1,1,False,house-64|senate-22
1994,CONECUH,72,72,72,2000,,,VTD2000-035-11-1,David Burt Building,unmatched_name,0.0,0.0,37,28,overflow,0,False,3,2,99-2097|99-2149,1,1,False,house-64|senate-22
1994,CONECUH,73,73,73,2000,,,VTD2000-035-11-1,David Burt Building,unmatched_name,0.0,0.0,37,28,overflow,0,False,3,2,99-2097|99-2149,1,1,False,house-64|senate-22
1994,CONECUH,81,81,81,2000,,,VTD2000-035-11-1,David Burt Building,unmatched_name,0.0,0.0,37,28,overflow,0,False,3,2,99-2097|99-2149,1,1,False,house-64|senate-22
1994,CONECUH,888,,,2000,,,VTD2000-035-11-1,David Burt Building,unmatched_name,0.0,0.0,37,28,overflow,0,False,3,2,99-2097|99-2149,2,2,True,house-64|house-68|senate-22|senate-23
1994,CONECUH,91,91,91,2000,,,VTD2000-035-11-1,David Burt Building,unmatched_name,0.0,0.0,37,28,overflow,0,False,3,2,99-2097|99-2149,2,2,True,house-64|house-68|senate-22|senate-23
1994,CONECUH,92,92,92,2000,,,VTD2000-035-11-1,David Burt Building,unmatched_name,0.0,0.0,37,28,overflow,0,False,3,2,99-2097|99-2149,1,1,False,house-64|senate-22
1994,COOSA,EQUALITY,EQUALITY,EQUALITY,2000,,,VTD2000-037-1-11,Equality Fire Dept.,ambiguous_fuzzy_name,90.0,6.418346965020305e-08,11,20,underflow,0,False,1,0,,1,1,False,house-31|senate-11
1994,COOSA,GOODWATER,GOODWATER,GOODWATER,2000,,,VTD2000-037-4-4,Goodwater Fire Dept.,ambiguous_fuzzy_name,90.0,0.0063149250039695,11,20,underflow,0,False,1,0,,1,1,False,house-31|senate-11
1994,COOSA,HANOVER,HANOVER,HANOVER,2000,,,VTD2000-037-6-14,Hanover Shop,ambiguous_fuzzy_name,90.0,4.2188474935755954e-13,11,20,underflow,0,False,1,0,,1,1,False,house-31|senate-11
1994,COOSA,KELLYTON,KELLYTON,KELLYTON,2000,,,VTD2000-037-3-6,Kellyton Community Center,ambiguous_fuzzy_name,90.0,3.864466524561294e-08,11,20,underflow,0,False,1,0,,1,1,False,house-31|senate-11
1994,COOSA,RICHVILLE,RICHVILLE,RICHVILLE,2000,,,VTD2000-037-15-19,Richville Fire Dept.,ambiguous_fuzzy_name,90.0,5.4892901335534816e-08,11,20,underflow,0,False,1,0,,1,1,False,house-31|senate-11
1994,COOSA,ROCKFORD,ROCKFORD,ROCKFORD,2000,,,VTD2000-037-7-12,Rockford Courthouse,ambiguous_fuzzy_name,90.0,8.881784197001252e-14,11,20,underflow,0,False,1,0,,1,1,False,house-31|senate-11
1994,COOSA,STEWARTVILLE,STEWARTVILLE,STEWARTVILLE,2000,,,VTD2000-037-12-16,Stewartville Voting House,ambiguous_fuzzy_name,90.0,2.1629698032654687e-09,11,20,underflow,0,False,1,0,,1,1,False,house-31|senate-11
1994,COVINGTN,BOBBIE,BOBBIE,BOBBIE,2000,,,VTD2000-039-8,Babbie-Cedar Grove,unmatched_name,75.00000000000001,21.00000000000001,56,24,overflow,0,False,4,0,,1,1,False,house-1|senate-31
1994,COVINGTN,CAROLINE,CAROLINE,CAROLINE,2000,,,VTD2000-039-21,Carolina City Hall,unmatched_name,84.0,28.615384615384613,56,24,overflow,0,False,4,0,,1,1,False,house-1|senate-31
1994,COVINGTN,CARTER SCHOOL,CARTER SCHOOL,CARTER SCHOOL,2000,,,VTD2000-039-19,Carter School-Stanley School,ambiguous_fuzzy_name,90.0,0.0,56,24,overflow,0,False,4,0,,1,1,False,house-1|senate-31
1994,COVINGTN,CATOES' STORE,CATOES STORE,CATOES STORE,2000,,,VTD2000-039-10,Beda Wing Fire Dept.-Catoe's Store,unmatched_name,85.5,29.499999999999996,56,24,overflow,0,False,4,0,,1,1,False,house-1|senate-31
1994,COVINGTN,FLARMONY,FLARMONY,FLARMONY,2000,,,VTD2000-039-20,Sanford-Harmony-Oakey Ridge,unmatched_name,68.4,20.40000000000001,56,24,overflow,0,False,4,0,,1,1,False,house-1|senate-31
1994,COVINGTN,FLORAL-3,FLORAL 3,FLORAL,2000,,,VTD2000-039-9,Florala,unmatched_name,80.0,35.0,56,24,overflow,0,False,4,0,,1,1,False,house-1|senate-31
1994,COVINGTN,GANTT 1 RAWLS-1,GANTT 1 RAWLS 1,GANTT 1 RAWLS,2000,,,VTD2000-039-15,Gantt City Hall,unmatched_name,61.07142857142856,18.32142857142856,56,24,overflow,0,False,4,0,,1,1,False,house-1|senate-31
1994,COVINGTN,GANTT 1 RAWLS-2,GANTT 1 RAWLS 2,GANTT 1 RAWLS,2000,,,VTD2000-039-15,Gantt City Hall,unmatched_name,60.0,17.25,56,24,overflow,0,False,4,0,,1,1,False,house-1|senate-31
1994,COVINGTN,MARVIN ODOM'S VOTING HOUSE,MARVIN ODOM S VOTING HOUSE,MARVIN ODOM S VOTING HOUSE,2000,,,VTD2000-039-10,Beda Wing Fire Dept.-Catoe's Store,ambiguous_fuzzy_name,85.5,0.0,56,24,overflow,0,False,4,0,,1,1,False,house-1|senate-31
1994,COVINGTN,MCADAM'S STORE,MCADAM S STORE,MCADAM S STORE,2000,,,VTD2000-039-7,Macadams-Goolsby's Place,ambiguous_fuzzy_name,85.5,0.0,56,24,overflow,0,False,4,0,,1,1,False,house-1|senate-31
1994,COVINGTN,RED LEVEL-1,RED LEVEL 1,RED LEVEL,2000,,,VTD2000-039-12,Red Level City Hall,unmatched_name,85.71428571428571,34.285714285714285,56,24,overflow,0,False,4,0,,1,1,False,house-1|senate-31
1994,COVINGTN,RED LEVEL-2,RED LEVEL 2,RED LEVEL,2000,,,VTD2000-039-12,Red Level City Hall,unmatched_name,85.71428571428571,34.285714285714285,56,24,overflow,0,False,4,0,,1,1,False,house-1|senate-31
1994,COVINGTN,RODGER'S VOTING HOUSE,RODGER S VOTING HOUSE,RODGER S VOTING HOUSE,2000,,,VTD2000-039-10,Beda Wing Fire Dept.-Catoe's Store,ambiguous_fuzzy_name,85.5,0.0,56,24,overflow,0,False,4,0,,1,1,False,house-1|senate-31
1994,COVINGTN,VALLEY GROVE,VALLEY GROVE,VALLEY GROVE,2000,,,VTD2000-039-8,Babbie-Cedar Grove,ambiguous_fuzzy_name,85.5,0.0,56,24,overflow,0,False,4,0,,1,1,False,house-1|senate-31
1994,COVINGTN,WING 1 BEDA,WING 1 BEDA,WING 1 BEDA,2000,,,VTD2000-039-10,Beda Wing Fire Dept.-Catoe's Store,unmatched_name,85.5,35.934782608695656,56,24,overflow,0,False,4,0,,1,1,False,house-1|senate-31
1994,CRENSHAW,AGRICULTURE CENTER-1,AGRICULTURE CENTER 1,AGRICULTURE CENTER,2000,,,VTD2000-041-16,Harbin Farm Center,unmatched_name,57.89473684210527,6.731946144430843,26,18,overflow,0,False,0,0,,1,1,False,house-90|senate-30
1994,CRENSHAW,AGRICULTURE CENTER-2,AGRICULTURE CENTER 2,AGRICULTURE CENTER,2000,,,VTD2000-041-16,Harbin Farm Center,unmatched_name,57.89473684210527,6.731946144430843,26,18,overflow,0,False,0,0,,1,1,False,house-90|senate-30
1994,CRENSHAW,LUVERNE COURT HOUSE-1,LUVERNE COURT HOUSE 1,LUVERNE COURT HOUSE,2000,,,VTD2000-041-14,Crenshaw County Courthouse,unmatched_name,56.59574468085106,12.15130023640662,26,18,overflow,0,False,0,0,,1,1,False,house-90|senate-30
1994,CRENSHAW,LUVERNE COURT HOUSE-2,LUVERNE COURT HOUSE 2,LUVERNE COURT HOUSE,2000,,,VTD2000-041-14,Crenshaw County Courthouse,unmatched_name,56.59574468085106,12.15130023640662,26,18,overflow,0,False,0,0,,1,1,False,house-90|senate-30
1994,CRENSHAW,LUVERNE COURT HOUSE-3,LUVERNE COURT HOUSE 3,LUVERNE COURT HOUSE,2000,,,VTD2000-041-14,Crenshaw County Courthouse,unmatched_name,56.59574468085106,12.15130023640662,26,18,overflow,0,False,0,0,,1,1,False,house-90|senate-30
1994,CRENSHAW,WEEDVILLE,WEEDVILLE,WEEDVILLE,2000,,,VTD2000-041-2,Danielsville School,unmatched_name,60.00000000000001,8.571428571428584,26,18,overflow,0,False,0,0,,1,1,False,house-90|senate-30
1994,DALE,GRIMES-COMM. CTR.,GRIMES COMMUNITY CENTER,GRIMES COMMUNITY CENTER,2000,,,VTD2000-045-13,Bertha,unmatched_name,45.0,0.0,21,17,overflow,0,False,1,1,2000-0156,1,1,False,house-93|senate-31
1994,DALE,ROCK HEAD-COMM. HOUSE,ROCK HEAD COMMUNITY HOUSE,ROCK HEAD COMMUNITY HOUSE,2000,,,VTD2000-045-7-1,Rocky Head-Ft. Rucker Elementary School,ambiguous_fuzzy_name,85.5,5.564264604629444e-08,21,17,overflow,0,False,1,1,2000-0156,2,2,True,house-85|house-89|senate-29|senate-30
1994,DALLAS,BROAD STREET FIRE STATION,BROAD STREET FIRE STATION,BROAD STREET FIRE STATION,2000,,,VTD2000-047-D37E,Broad St Fire Station,ambiguous_fuzzy_name,85.71428571428572,0.0,30,29,overflow,0,False,5,0,,1,1,False,house-67|senate-23
1994,DALLAS,SUMMERFIELD COMMUNITY BLDG.,SUMMERFIELD COMMUNITY BUILDING,SUMMERFIELD COMMUNITY BUILDING,2000,,,VTD2000-047-0201,Summerfield VFD,unmatched_name,59.70149253731343,2.34300197127569,30,29,overflow,0,False,5,0,,1,1,False,house-69|senate-23
1994,DEKALB,ANTIOCH,ANTIOCH,ANTIOCH,2000,,,VTD2000-049-26,Pleasant Hill,unmatched_name,51.42857142857142,4.369747899159663,65,30,overflow,0,False,1,0,,1,1,False,house-24|senate-8
1994,DEKALB,ARMORY LOBBY,ARMORY LOBBY,ARMORY LOBBY,2000,,,VTD2000-049-24,Harmony,unmatched_name,69.23076923076923,29.230769230769223,65,30,overflow,0,False,1,0,,1,1,False,house-24|senate-8
1994,DEKALB,COMM CTR PINERIDGE,COMMUNITY CENTER PINERIDGE,COMMUNITY CENTER PINERIDGE,2000,,,VTD2000-049-8,Pine Ridge,unmatched_name,85.26315789473685,9.980139026812324,65,30,overflow,0,False,1,0,,1,1,False,house-24|senate-8
1994,DEKALB,COMMUNITY CENTER\PEA RIDGE,COMMUNITY CENTER PEA RIDGE,COMMUNITY CENTER PEA RIDGE,2000,,,VTD2000-049-19,Ider-Pea Ridge,ambiguous_fuzzy_name,85.5,4.346684193853079,65,30,overflow,0,False,1,0,,1,1,False,house-24|senate-8
1994,DEKALB,COUNTRY CORNER\FIVE POINTS,COUNTRY CORNER FIVE POINTS,COUNTRY CORNER FIVE POINTS,2000,,,VTD2000-049-15,High Point,unmatched_name,63.52941176470588,6.529411764705877,65,30,overflow,0,False,1,0,,1,1,False,house-24|senate-8
1994,DEKALB,COURTHOUSE LOBBY,COURTHOUSE LOBBY,COURTHOUSE LOBBY,2000,,,VTD2000-049-14,Shiloh,unmatched_name,45.0,0.0,65,30,overflow,0,False,1,0,,1,1,False,house-24|senate-8
1994,DEKALB,FORREST AVENUE\SCHOOL LOBBY,FORREST AVENUE SCHOOL LOBBY,FORREST AVENUE SCHOOL LOBBY,2000,,,VTD2000-049-9,Fort Payne,unmatched_name,56.84210526315789,7.984962406015036,65,30,overflow,0,False,1,0,,1,1,False,house-24|senate-8
1994,DEKALB,GUEST (PEEKS CORNER),GUEST PEEKS CORNER,GUEST PEEKS CORNER,2000,,,VTD2000-049-4,Keener,unmatched_name,60.00000000000001,3.000000000000007,65,30,overflow,0,False,1,0,,1,2,True,house-24|senate-13|senate-8
1994,DEKALB,LATHENVILLE\METHODIST CHURCH,LATHENVILLE METHODIST CHURCH,LATHENVILLE METHODIST CHURCH,2000,,,VTD2000-049-26,Pleasant Hill,unmatched_name,54.78260869565218,0.0,65,30,overflow,0,False,1,0,,1,1,False,house-26|senate-9
1994,DEKALB,LOG CABIN GROCERY,LOG CABIN GROCERY,LOG CABIN GROCERY,2000,,,VTD2000-049-17,Chigger High,unmatched_name,45.86206896551724,0.8620689655172384,65,30,overflow,0,False,1,0,,1,1,False,house-24|senate-8
1994,DEKALB,MCKESTES OLD SCHOOL\BUILDING,MCKESTES OLD SCHOOL BUILDING,MCKESTES OLD SCHOOL BUILDING,2000,,,VTD2000-049-21,Mentone,unmatched_name,51.42857142857142,0.0,65,30,overflow,0,False,1,0,,1,0,False,house-24
1994,DEKALB,PORTERSVILLE BAP CHURCH,PORTERSVILLE BAP CHURCH,PORTERSVILLE BAP CHURCH,2000,,,VTD2000-049-23,Pertree,unmatched_name,60.00000000000001,3.000000000000007,65,30,overflow,0,False,1,0,,1,2,True,house-39|senate-13|senate-8
1994,DEKALB,REC CENTER LOBBY,RECREATION CENTER LOBBY,RECREATION CENTER LOBBY,2000,,,VTD2000-049-4,Keener,unmatched_name,60.00000000000001,3.000000000000007,65,30,overflow,0,False,1,0,,1,1,False,house-24|senate-8
1994,DEKALB,TENBROOK COMM CTR,TENBROOK COMMUNITY CENTER,TENBROOK COMMUNITY CENTER,2000,,,VTD2000-049-16,Rainsville Comm. Center,unmatched_name,74.14634146341463,8.691796008869161,65,30,overflow,0,False,1,0,,2,2,True,house-24|house-26|senate-8|senate-9
1994,DEKALB,V F W,V F W,V F W,2000,,,VTD2000-049-19,Ider-Pea Ridge,unmatched_name,36.0,0.0,65,30,overflow,0,False,1,0,,1,1,False,house-24|senate-8
1994,DEKALB,W SIBERTS GARAGE\MOORES CROSSROADS,W SIBERTS GARAGE MOORES CROSSROADS,W SIBERTS GARAGE MOORES CROSSROADS,2000,,,VTD2000-049-19,Ider-Pea Ridge,unmatched_name,51.42857142857142,6.428571428571424,65,30,overflow,0,False,1,0,,2,2,True,house-24|house-26|senate-8|senate-9
1994,DEKALB,WHITON OLD SCHOOL\BUILDING,WHITON OLD SCHOOL BUILDING,WHITON OLD SCHOOL BUILDING,2000,,,VTD2000-049-10,White Hall,unmatched_name,59.85,4.688709677419354,65,30,overflow,0,False,1,0,,1,1,False,house-26|senate-9
1994,ELMORE,BUYCK FIRE HOUSE,BUYCK FIRE HOUSE,BUYCK FIRE HOUSE,2000,,,VTD2000-051-0031,Friendship Fire Dept.,ambiguous_fuzzy_name,85.5,1.399557802983509e-07,28,45,underflow,0,False,1,0,,1,1,False,house-31|senate-11
1994,ELMORE,COOSADA,COOSADA,COOSADA,2000,,,VTD2000-051-0211,Coosada City Hall-B,ambiguous_fuzzy_name,90.0,2.540241905713003e-07,28,45,underflow,0,False,1,0,,1,1,False,house-75|senate-25
1994,ELMORE,DEATSVILLE LODGE,DEATSVILLE LODGE,DEATSVILLE LODGE,2000,,,VTD2000-051-0161,Deatsville Masonic Lodge,unmatched_name,85.5,40.5,28,45,underflow,0,False,1,0,,1,1,False,house-75|senate-11
1994,ELMORE,ECLECTIC CITY HALL,ECLECTIC CITY HALL,ECLECTIC CITY HALL,2000,,,VTD2000-051-0211,Coosada City Hall-B,unmatched_name,63.33333333333332,0.0,28,45,underflow,0,False,1,0,,1,1,False,house-31|senate-11
1994,ELMORE,FAIN PARK,FAIN PARK,FAIN PARK,2000,,,VTD2000-051-0261,Wetumpka Fain Park,ambiguous_fuzzy_name,90.0,6.661338147750939e-14,28,45,underflow,0,False,1,0,,2,2,True,house-31|house-75|senate-11|senate-25
1994,ELMORE,FITZPATRICK PARK,FITZPATRICK PARK,FITZPATRICK PARK,2000,,,VTD2000-051-026A,Fair Park,ambiguous_fuzzy_name,85.5,6.661338147750939e-14,28,45,underflow,0,False,1,0,,1,1,False,house-75|senate-25
1994,ELMORE,GRANDVIEW PINES,GRANDVIEW PINES,GRANDVIEW PINES,2000,,,VTD2000-051-033A,Redland Fire Station,unmatched_name,51.42857142857142,3.4285714285714235,28,45,underflow,0,False,1,0,,2,2,True,house-75|house-88|senate-25|senate-30
1994,ELMORE,MILLBROOK-23,MILLBROOK 23,MILLBROOK,2000,,,VTD2000-051-024A,Millbrook Memorial Prk,ambiguous_fuzzy_name,85.5,1.4432899320127038e-13,28,45,underflow,0,False,1,0,,2,2,True,house-75|house-88|senate-25|senate-30
1994,ELMORE,MILLBROOK-24,MILLBROOK 24,MILLBROOK,2000,,,VTD2000-051-024A,Millbrook Memorial Prk,ambiguous_fuzzy_name,85.5,1.4432899320127038e-13,28,45,underflow,0,False,1,0,,2,2,True,house-75|house-88|senate-25|senate-30
1994,ELMORE,RED LAND,RED LAND,RED LAND,2000,,,VTD2000-051-0331,Redland Fire Department,unmatched_name,84.0,0.0,28,45,underflow,0,False,1,0,,2,2,True,house-31|house-75|senate-11|senate-25
1994,ELMORE,SANTUCK COMMUNITY HOUSE,SANTUCK COMMUNITY HOUSE,SANTUCK COMMUNITY HOUSE,2000,,,VTD2000-051-0081,Santuck Community Center,unmatched_name,80.85106382978724,0.0,28,45,underflow,0,False,1,0,,1,1,False,house-31|senate-11
1994,ELMORE,SEMAN FIRE HOUSE,SEMAN FIRE HOUSE,SEMAN FIRE HOUSE,2000,,,VTD2000-051-0031,Friendship Fire Dept.,ambiguous_fuzzy_name,85.5,1.399557802983509e-07,28,45,underflow,0,False,1,0,,1,1,False,house-31|senate-11
1994,ELMORE,TALLASSEE SOUTHSIDE SCHOOL,TALLASSEE SOUTHSIDE SCHOOL,TALLASSEE SOUTHSIDE SCHOOL,2000,,,VTD2000-051-0021,South Side School,unmatched_name,87.27272727272728,34.442538593482,28,45,underflow,0,False,1,0,,1,1,False,house-31|senate-11
1994,ELMORE,TITUS COMMUNITY HOUSE,TITUS COMMUNITY HOUSE,TITUS COMMUNITY HOUSE,2000,,,VTD2000-051-0191,Fitzpatrick Comm House,unmatched_name,79.16666666666666,0.0,28,45,underflow,0,False,1,0,,1,1,False,house-31|senate-11
1994,ESCAMBIA,ATMORE COUNTY HIGHWAY DEPT.,ATMORE COUNTY HIGHWAY DEPARTMENT,ATMORE COUNTY HIGHWAY DEPARTMENT,2000,,,VTD2000-053-0310,Atmore City Hall,unmatched_name,85.5,21.863636363636367,32,33,underflow,0,False,3,2,1999-3862|99-1666,1,1,False,house-66|senate-22
1994,ESCAMBIA,ATMORE INDUST. DEVELOP. BLDG.,ATMORE INDUST DEVELOP BUILDING,ATMORE INDUST DEVELOP BUILDING,2000,,,VTD2000-053-0310,Atmore City Hall,unmatched_name,85.5,42.31818181818181,32,33,underflow,0,False,3,2,1999-3862|99-1666,1,1,False,house-66|senate-22
1994,ESCAMBIA,BARNETTS CROSSROAD ROBINSONS STORE,BARNETTS CROSSROAD ROBINSONS STORE,BARNETTS CROSSROAD ROBINSONS STORE,2000,,,VTD2000-053-0280,Little Rock Store,ambiguous_fuzzy_name,85.5,9.756061514210047e-08,32,33,underflow,0,False,3,2,1999-3862|99-1666,1,1,False,house-66|senate-22
1994,ESCAMBIA,BUTLER ST.-BLACKS MILL VOT. HOUSE,BUTLER SAINT BLACKS MILL VOT HOUSE,BUTLER SAINT BLACKS MILL VOT HOUSE,2000,,,VTD2000-053-0330,Nokomis Voting House,ambiguous_fuzzy_name,85.5,1.1054505089092005e-07,32,33,underflow,0,False,3,2,1999-3862|99-1666,1,1,False,house-66|senate-22
1994,ESCAMBIA,DISPUTED VOTES,DISPUTED VOTES,DISPUTED VOTES,2000,,,VTD2000-053-0110,Dixie Vol. Fire Dept.,unmatched_name,53.33333333333333,6.376811594202898,32,33,underflow,0,False,3,2,1999-3862|99-1666,1,1,False,house-66|senate-22
1994,ESCAMBIA,DIXIE-DIXIE V.F.D.,DIXIE DIXIE V F D,DIXIE DIXIE V F D,2000,,,VTD2000-053-0110,Dixie Vol. Fire Dept.,unmatched_name,85.5,45.26470588235294,32,33,underflow,0,False,3,2,1999-3862|99-1666,1,1,False,house-66|senate-22
1994,ESCAMBIA,EAST BREWTON-NEAL SCHOOL,EAST BREWTON NEAL SCHOOL,EAST BREWTON NEAL SCHOOL,2000,,,VTD2000-053-050E,WS Neal School,ambiguous_fuzzy_name,85.5,8.881784197001252e-14,32,33,underflow,0,False,3,2,1999-3862|99-1666,1,1,False,house-66|senate-22
1994,ESCAMBIA,POLLARD VOTING HOUSE,POLLARD VOTING HOUSE,POLLARD VOTING HOUSE,2000,,,VTD2000-053-0330,Nokomis Voting House,unmatched_name,71.25,0.0,32,33,underflow,0,False,3,2,1999-3862|99-1666,1,1,False,house-66|senate-22
1994,ETOWAH,AMERICAN LEGION HALL,AMERICAN LEGION HALL,AMERICAN LEGION HALL,2000,,,VTD2000-055-1-9,Gadsden Convention Hall,unmatched_name,60.46511627906976,4.909560723514204,59,52,overflow,0,False,3,0,,1,1,False,house-28|senate-10
1994,ETOWAH,EURA BROWN REC. CENTER,EURA BROWN RECREATION CENTER,EURA BROWN RECREATION CENTER,2000,,,VTD2000-055-25,Altoona Recreation Center,unmatched_name,79.24528301886792,0.8139104698483095,59,52,overflow,0,False,3,0,,1,1,False,house-28|senate-10
1994,FAYETTE,PLEASANT GROVE-VOTING CENTER,PLEASANT GROVE VOTING CENTER,PLEASANT GROVE VOTING CENTER,2000,,,VTD2000-057-12,Webster,unmatched_name,60.00000000000001,6.000000000000007,26,21,overflow,0,False,0,0,,1,1,False,house-16|senate-6
1994,GENEVA,1011,,,2000,,,VTD2000-061-11,Coffee Springs,unmatched_name,0.0,0.0,48,15,overflow,0,False,1,1,2000-1406,1,1,False,house-87|senate-29
1994,GENEVA,1012,,,2000,,,VTD2000-061-11,Coffee Springs,unmatched_name,0.0,0.0,48,15,overflow,0,False,1,1,2000-1406,1,1,False,house-87|senate-29
1994,GENEVA,1013,,,2000,,,VTD2000-061-11,Coffee Springs,unmatched_name,0.0,0.0,48,15,overflow,0,False,1,1,2000-1406,1,1,False,house-87|senate-29
1994,GENEVA,1020,,,2000,,,VTD2000-061-11,Coffee Springs,unmatched_name,0.0,0.0,48,15,overflow,0,False,1,1,2000-1406,1,1,False,house-87|senate-29
1994,GENEVA,1031,,,2000,,,VTD2000-061-11,Coffee Springs,unmatched_name,0.0,0.0,48,15,overflow,0,False,1,1,2000-1406,1,1,False,house-87|senate-29
1994,GENEVA,1032,,,2000,,,VTD2000-061-11,Coffee Springs,unmatched_name,0.0,0.0,48,15,overflow,0,False,1,1,2000-1406,1,1,False,house-87|senate-29
1994,GENEVA,1041,,,2000,,,VTD2000-061-11,Coffee Springs,unmatched_name,0.0,0.0,48,15,overflow,0,False,1,1,2000-1406,1,1,False,house-87|senate-29
1994,GENEVA,1042,,,2000,,,VTD2000-061-11,Coffee Springs,unmatched_name,0.0,0.0,48,15,overflow,0,False,1,1,2000-1406,1,1,False,house-87|senate-29
1994,GENEVA,1051,,,2000,,,VTD2000-061-11,Coffee Springs,unmatched_name,0.0,0.0,48,15,overflow,0,False,1,1,2000-1406,1,1,False,house-87|senate-29
1994,GENEVA,1052,,,2000,,,VTD2000-061-11,Coffee Springs,unmatched_name,0.0,0.0,48,15,overflow,0,False,1,1,2000-1406,1,1,False,house-87|senate-29
1994,GENEVA,1053,,,2000,,,VTD2000-061-11,Coffee Springs,unmatched_name,0.0,0.0,48,15,overflow,0,False,1,1,2000-1406,1,1,False,house-87|senate-29
1994,GENEVA,1110,,,2000,,,VTD2000-061-11,Coffee Springs,unmatched_name,0.0,0.0,48,15,overflow,0,False,1,1,2000-1406,1,1,False,house-87|senate-29
1994,GENEVA,1210,,,2000,,,VTD2000-061-11,Coffee Springs,unmatched_name,0.0,0.0,48,15,overflow,0,False,1,1,2000-1406,1,1,False,house-87|senate-29
1994,GENEVA,1310,,,2000,,,VTD2000-061-11,Coffee Springs,unmatched_name,0.0,0.0,48,15,overflow,0,False,1,1,2000-1406,1,1,False,house-87|senate-29
1994,GENEVA,1321,,,2000,,,VTD2000-061-11,Coffee Springs,unmatched_name,0.0,0.0,48,15,overflow,0,False,1,1,2000-1406,1,1,False,house-87|senate-29
1994,GENEVA,1322,,,2000,,,VTD2000-061-11,Coffee Springs,unmatched_name,0.0,0.0,48,15,overflow,0,False,1,1,2000-1406,1,1,False,house-87|senate-29
1994,GENEVA,1323,,,2000,,,VTD2000-061-11,Coffee Springs,unmatched_name,0.0,0.0,48,15,overflow,0,False,1,1,2000-1406,1,1,False,house-87|senate-29
1994,GENEVA,1331,,,2000,,,VTD2000-061-11,Coffee Springs,unmatched_name,0.0,0.0,48,15,overflow,0,False,1,1,2000-1406,1,1,False,house-87|senate-29
1994,GENEVA,1332,,,2000,,,VTD2000-061-11,Coffee Springs,unmatched_name,0.0,0.0,48,15,overflow,0,False,1,1,2000-1406,1,1,False,house-87|senate-29
1994,GENEVA,1410,,,2000,,,VTD2000-061-11,Coffee Springs,unmatched_name,0.0,0.0,48,15,overflow,0,False,1,1,2000-1406,1,1,False,house-87|senate-29
1994,GENEVA,1510,,,2000,,,VTD2000-061-11,Coffee Springs,unmatched_name,0.0,0.0,48,15,overflow,0,False,1,1,2000-1406,1,1,False,house-87|senate-29
1994,GENEVA,1520,,,2000,,,VTD2000-061-11,Coffee Springs,unmatched_name,0.0,0.0,48,15,overflow,0,False,1,1,2000-1406,1,1,False,house-87|senate-29
1994,GENEVA,1610,,,2000,,,VTD2000-061-11,Coffee Springs,unmatched_name,0.0,0.0,48,15,overflow,0,False,1,1,2000-1406,1,1,False,house-87|senate-29
1994,GENEVA,1620,,,2000,,,VTD2000-061-11,Coffee Springs,unmatched_name,0.0,0.0,48,15,overflow,0,False,1,1,2000-1406,1,1,False,house-87|senate-29
1994,GENEVA,1710,,,2000,,,VTD2000-061-11,Coffee Springs,unmatched_name,0.0,0.0,48,15,overflow,0,False,1,1,2000-1406,1,1,False,house-87|senate-29
1994,GENEVA,311,,,2000,,,VTD2000-061-11,Coffee Springs,unmatched_name,0.0,0.0,48,15,overflow,0,False,1,1,2000-1406,1,1,False,house-87|senate-29
1994,GENEVA,312,,,2000,,,VTD2000-061-11,Coffee Springs,unmatched_name,0.0,0.0,48,15,overflow,0,False,1,1,2000-1406,1,1,False,house-87|senate-29
1994,GENEVA,320,,,2000,,,VTD2000-061-11,Coffee Springs,unmatched_name,0.0,0.0,48,15,overflow,0,False,1,1,2000-1406,1,1,False,house-87|senate-29
1994,GENEVA,410,,,2000,,,VTD2000-061-11,Coffee Springs,unmatched_name,0.0,0.0,48,15,overflow,0,False,1,1,2000-1406,1,1,False,house-87|senate-29
1994,GENEVA,420,,,2000,,,VTD2000-061-11,Coffee Springs,unmatched_name,0.0,0.0,48,15,overflow,0,False,1,1,2000-1406,1,1,False,house-87|senate-29
1994,GENEVA,511,,,2000,,,VTD2000-061-11,Coffee Springs,unmatched_name,0.0,0.0,48,15,overflow,0,False,1,1,2000-1406,1,1,False,house-87|senate-29
1994,GENEVA,512,,,2000,,,VTD2000-061-11,Coffee Springs,unmatched_name,0.0,0.0,48,15,overflow,0,False,1,1,2000-1406,1,1,False,house-87|senate-29
1994,GENEVA,520,,,2000,,,VTD2000-061-11,Coffee Springs,unmatched_name,0.0,0.0,48,15,overflow,0,False,1,1,2000-1406,1,1,False,house-87|senate-29
1994,GENEVA,531,,,2000,,,VTD2000-061-11,Coffee Springs,unmatched_name,0.0,0.0,48,15,overflow,0,False,1,1,2000-1406,1,1,False,house-87|senate-29
1994,GENEVA,532,,,2000,,,VTD2000-061-11,Coffee Springs,unmatched_name,0.0,0.0,48,15,overflow,0,False,1,1,2000-1406,1,1,False,house-87|senate-29
1994,GENEVA,610,,,2000,,,VTD2000-061-11,Coffee Springs,unmatched_name,0.0,0.0,48,15,overflow,0,False,1,1,2000-1406,1,1,False,house-87|senate-29
1994,GENEVA,620,,,2000,,,VTD2000-061-11,Coffee Springs,unmatched_name,0.0,0.0,48,15,overflow,0,False,1,1,2000-1406,1,1,False,house-87|senate-29
1994,GENEVA,630,,,2000,,,VTD2000-061-11,Coffee Springs,unmatched_name,0.0,0.0,48,15,overflow,0,False,1,1,2000-1406,1,1,False,house-87|senate-29
1994,GENEVA,711,,,2000,,,VTD2000-061-11,Coffee Springs,unmatched_name,0.0,0.0,48,15,overflow,0,False,1,1,2000-1406,1,1,False,house-87|senate-29
1994,GENEVA,712,,,2000,,,VTD2000-061-11,Coffee Springs,unmatched_name,0.0,0.0,48,15,overflow,0,False,1,1,2000-1406,1,1,False,house-87|senate-29
1994,GENEVA,720,,,2000,,,VTD2000-061-11,Coffee Springs,unmatched_name,0.0,0.0,48,15,overflow,0,False,1,1,2000-1406,1,1,False,house-87|senate-29
1994,GENEVA,731,,,2000,,,VTD2000-061-11,Coffee Springs,unmatched_name,0.0,0.0,48,15,overflow,0,False,1,1,2000-1406,1,1,False,house-87|senate-29
1994,GENEVA,732,,,2000,,,VTD2000-061-11,Coffee Springs,unmatched_name,0.0,0.0,48,15,overflow,0,False,1,1,2000-1406,1,1,False,house-87|senate-29
1994,GENEVA,741,,,2000,,,VTD2000-061-11,Coffee Springs,unmatched_name,0.0,0.0,48,15,overflow,0,False,1,1,2000-1406,1,1,False,house-87|senate-29
1994,GENEVA,810,,,2000,,,VTD2000-061-11,Coffee Springs,unmatched_name,0.0,0.0,48,15,overflow,0,False,1,1,2000-1406,1,1,False,house-87|senate-29
1994,GENEVA,820,,,2000,,,VTD2000-061-11,Coffee Springs,unmatched_name,0.0,0.0,48,15,overflow,0,False,1,1,2000-1406,1,1,False,house-87|senate-29
1994,GENEVA,910,,,2000,,,VTD2000-061-11,Coffee Springs,unmatched_name,0.0,0.0,48,15,overflow,0,False,1,1,2000-1406,1,1,False,house-87|senate-29
1994,GENEVA,920,,,2000,,,VTD2000-061-11,Coffee Springs,unmatched_name,0.0,0.0,48,15,overflow,0,False,1,1,2000-1406,1,1,False,house-87|senate-29
1994,GREENE,DOLLARHIDE COMM. CENTER,DOLLARHIDE COMMUNITY CENTER,DOLLARHIDE COMMUNITY CENTER,2000,,,VTD2000-063-4-3-4B,Morrow Brown Rec Center-Sanders-Black,ambiguous_fuzzy_name,85.5,2.220446049250313e-14,38,21,overflow,0,False,2,0,,1,1,False,house-71|senate-24
1994,GREENE,MORROW BROWN CENTER-3,MORROW BROWN CENTER 3,MORROW BROWN CENTER,2000,,,VTD2000-063-4-3-4B,Morrow Brown Rec Center-Sanders-Black,ambiguous_fuzzy_name,85.5,2.220446049250313e-14,38,21,overflow,0,False,2,0,,1,1,False,house-71|senate-24
1994,GREENE,MORROW BROWN CENTER-4,MORROW BROWN CENTER 4,MORROW BROWN CENTER,2000,,,VTD2000-063-4-3-4B,Morrow Brown Rec Center-Sanders-Black,ambiguous_fuzzy_name,85.5,2.220446049250313e-14,38,21,overflow,0,False,2,0,,1,1,False,house-71|senate-24
1994,GREENE,OLD TAS ASSESSOR'S OFFICE,OLD TAS ASSESSOR S OFFICE,OLD TAS ASSESSOR S OFFICE,2000,,,VTD2000-063-3-8,Carver School,unmatched_name,41.53846153846154,2.16346153846154,38,21,overflow,0,False,2,0,,1,1,False,house-71|senate-24
1994,GREENE,SUMMERVILLE STORE,SUMMERVILLE STORE,SUMMERVILLE STORE,2000,,,VTD2000-063-2-8,South Fork,unmatched_name,48.0,0.8275862068965552,38,21,overflow,0,False,2,0,,1,1,False,house-71|senate-24
1994,GREENE,TISHABEE COMM. CENTER-5,TISHABEE COMMUNITY CENTER 5,TISHABEE COMMUNITY CENTER,2000,,,VTD2000-063-4-3-4B,Morrow Brown Rec Center-Sanders-Black,ambiguous_fuzzy_name,85.5,2.220446049250313e-14,38,21,overflow,0,False,2,0,,1,1,False,house-71|senate-24
1994,GREENE,TISHABEE COMM. CENTER-6,TISHABEE COMMUNITY CENTER 6,TISHABEE COMMUNITY CENTER,2000,,,VTD2000-063-4-3-4B,Morrow Brown Rec Center-Sanders-Black,ambiguous_fuzzy_name,85.5,2.220446049250313e-14,38,21,overflow,0,False,2,0,,1,1,False,house-71|senate-24
1994,HALE,EIGHT,EIGHT,EIGHT,2000,,,VTD2000-065-12B,Moundville City Hall B,unmatched_name,54.0,0.0,38,36,overflow,0,False,2,0,,1,1,False,house-72|senate-24
1994,HALE,ELEVEN,ELEVEN,ELEVEN,2000,,,VTD2000-065-9,Laneville,unmatched_name,53.333333333333336,3.333333333333336,38,36,overflow,0,False,2,0,,1,1,False,house-62|senate-21
1994,HALE,ELEVEN-A,ELEVEN A,ELEVEN A,2000,,,VTD2000-065-5A,Old Bank Building A,ambiguous_fuzzy_name,85.5,0.0,38,36,overflow,0,False,2,0,,1,1,False,house-62|senate-21
1994,HALE,ELEVEN-C,ELEVEN C,ELEVEN C,2000,,,VTD2000-065-7,Cederville,unmatched_name,52.77777777777778,2.7777777777777786,38,36,overflow,0,False,2,0,,1,1,False,house-72|senate-24
1994,HALE,FIVE,FIVE,FIVE,2000,,,VTD2000-065-12B,Moundville City Hall B,unmatched_name,45.0,0.0,38,36,overflow,0,False,2,0,,1,1,False,house-72|senate-24
1994,HALE,FIVE-A,FIVE A,FIVE A,2000,,,VTD2000-065-5A,Old Bank Building A,ambiguous_fuzzy_name,85.5,1.5543122344752194e-13,38,36,overflow,0,False,2,0,,1,1,False,house-72|senate-24
1994,HALE,FOUR A-FOUR,FOUR A FOUR,FOUR A FOUR,2000,,,VTD2000-065-5A,Old Bank Building A,ambiguous_fuzzy_name,85.5,4.440892098500626e-14,38,36,overflow,0,False,2,0,,1,1,False,house-72|senate-24
1994,HALE,FOUR-A ONE,FOUR A ONE,FOUR A ONE,2000,,,VTD2000-065-5A,Old Bank Building A,ambiguous_fuzzy_name,85.5,4.440892098500626e-14,38,36,overflow,0,False,2,0,,1,1,False,house-72|senate-24
1994,HALE,FOUR-A THREE,FOUR A THREE,FOUR A THREE,2000,,,VTD2000-065-5A,Old Bank Building A,ambiguous_fuzzy_name,85.5,4.440892098500626e-14,38,36,overflow,0,False,2,0,,1,1,False,house-72|senate-24
1994,HALE,FOUR-A TWO,FOUR A TWO,FOUR A TWO,2000,,,VTD2000-065-5A,Old Bank Building A,ambiguous_fuzzy_name,85.5,4.440892098500626e-14,38,36,overflow,0,False,2,0,,1,1,False,house-72|senate-24
1994,HALE,FOUR-B,FOUR B,FOUR B,2000,,,VTD2000-065-12B,Moundville City Hall B,ambiguous_fuzzy_name,85.5,1.1102230246251564e-14,38,36,overflow,0,False,2,0,,1,1,False,house-72|senate-24
1994,HALE,FOUR-FIVE,FOUR FIVE,FOUR FIVE,2000,,,VTD2000-065-10A,Mount Herman A,unmatched_name,42.35294117647059,2.352941176470587,38,36,overflow,0,False,2,0,,1,1,False,house-72|senate-24
1994,HALE,FOUR-FOUR,FOUR FOUR,FOUR FOUR,2000,,,VTD2000-065-13,Phipps Work Center,unmatched_name,48.85714285714285,1.357142857142854,38,36,overflow,0,False,2,0,,1,1,False,house-72|senate-24
1994,HALE,FOUR-ONE,FOUR ONE,FOUR ONE,2000,,,VTD2000-065-12B,Moundville City Hall B,unmatched_name,45.0,0.0,38,36,overflow,0,False,2,0,,1,1,False,house-72|senate-24
1994,HALE,FOUR-THREE,FOUR THREE,FOUR THREE,2000,,,VTD2000-065-10,Mount Herman,unmatched_name,45.45454545454546,0.4545454545454603,38,36,overflow,0,False,2,0,,1,1,False,house-72|senate-24
1994,HALE,FOUR-TWO,FOUR TWO,FOUR TWO,2000,,,VTD2000-065-13,Phipps Work Center,unmatched_name,45.0,2.25,38,36,overflow,0,False,2,0,,1,1,False,house-72|senate-24
1994,HALE,NINE,NINE,NINE,2000,,,VTD2000-065-8,Gallion,unmatched_name,51.42857142857142,0.0,38,36,overflow,0,False,2,0,,1,1,False,house-72|senate-24
1994,HALE,ONE-A,ONE A,ONE A,2000,,,VTD2000-065-5A,Old Bank Building A,ambiguous_fuzzy_name,85.5,0.0,38,36,overflow,0,False,2,0,,1,1,False,house-62|senate-21
1994,HALE,SEVEN,SEVEN,SEVEN,2000,,,VTD2000-065-6,Sawyerville,unmatched_name,50.0,5.0,38,36,overflow,0,False,2,0,,1,1,False,house-72|senate-24
1994,HALE,SIX A-THREE,SIX A THREE,SIX A THREE,2000,,,VTD2000-065-5A,Old Bank Building A,ambiguous_fuzzy_name,85.5,4.440892098500626e-14,38,36,overflow,0,False,2,0,,1,0,False,house-72
1994,HALE,SIX-ONE,SIX ONE,SIX ONE,2000,,,VTD2000-065-2A,Akron City Hall A,unmatched_name,48.85714285714285,0.0,38,36,overflow,0,False,2,0,,1,1,False,house-72|senate-24
1994,HALE,SIX-TWO,SIX TWO,SIX TWO,2000,,,VTD2000-065-13,Phipps Work Center,unmatched_name,52.61538461538461,9.758241758241752,38,36,overflow,0,False,2,0,,1,1,False,house-72|senate-24
1994,HALE,SIXTEEN,SIXTEEN,SIXTEEN,2000,,,VTD2000-065-16,Stewart,unmatched_name,42.85714285714286,4.285714285714285,38,36,overflow,0,False,2,0,,1,1,False,house-72|senate-24
1994,HALE,SIXTEEN-A,SIXTEEN A,SIXTEEN A,2000,,,VTD2000-065-5A,Old Bank Building A,ambiguous_fuzzy_name,85.5,4.440892098500626e-14,38,36,overflow,0,False,2,0,,1,1,False,house-72|senate-24
1994,HALE,TEN,TEN,TEN,2000,,,VTD2000-065-16,Stewart,unmatched_name,60.00000000000001,0.0,38,36,overflow,0,False,2,0,,1,1,False,house-72|senate-24
1994,HALE,TEN-A,TEN A,TEN A,2000,,,VTD2000-065-5A,Old Bank Building A,ambiguous_fuzzy_name,85.5,1.5543122344752194e-13,38,36,overflow,0,False,2,0,,1,1,False,house-72|senate-24
1994,HALE,THIRTEEN,THIRTEEN,THIRTEEN,2000,,,VTD2000-065-10A,Mount Herman A,unmatched_name,45.0,0.0,38,36,overflow,0,False,2,0,,1,1,False,house-62|senate-21
1994,HALE,THREE,THREE,THREE,2000,,,VTD2000-065-10A,Mount Herman A,unmatched_name,54.0,0.0,38,36,overflow,0,False,2,0,,1,1,False,house-72|senate-24
1994,HALE,THREE-A,THREE A,THREE A,2000,,,VTD2000-065-5A,Old Bank Building A,ambiguous_fuzzy_name,85.5,4.440892098500626e-14,38,36,overflow,0,False,2,0,,1,1,False,house-72|senate-24
1994,HALE,TWELVE-FOUR,TWELVE FOUR,TWELVE FOUR,2000,,,VTD2000-065-6B,Sawyerville Head Start School B,unmatched_name,40.909090909090914,0.0,38,36,overflow,0,False,2,0,,1,1,False,house-62|senate-21
1994,HALE,TWELVE-ONE,TWELVE ONE,TWELVE ONE,2000,,,VTD2000-065-6B,Sawyerville Head Start School B,unmatched_name,45.0,0.5555555555555571,38,36,overflow,0,False,2,0,,1,1,False,house-62|senate-21
1994,HALE,TWELVE-THREE,TWELVE THREE,TWELVE THREE,2000,,,VTD2000-065-6B,Sawyerville Head Start School B,unmatched_name,52.5,7.5,38,36,overflow,0,False,2,0,,1,1,False,house-62|senate-21
1994,HALE,TWELVE-TWO,TWELVE TWO,TWELVE TWO,2000,,,VTD2000-065-6B,Sawyerville Head Start School B,unmatched_name,45.0,6.904761904761905,38,36,overflow,0,False,2,0,,1,1,False,house-62|senate-21
1994,HALE,TWO-A,TWO A,TWO A,2000,,,VTD2000-065-5A,Old Bank Building A,ambiguous_fuzzy_name,85.5,1.5543122344752194e-13,38,36,overflow,0,False,2,0,,1,1,False,house-72|senate-24
1994,HALE,TWO-B,TWO B,TWO B,2000,,,VTD2000-065-12B,Moundville City Hall B,ambiguous_fuzzy_name,85.5,1.1102230246251564e-14,38,36,overflow,0,False,2,0,,1,1,False,house-72|senate-24
1994,HALE,TWO-ONE,TWO ONE,TWO ONE,2000,,,VTD2000-065-13,Phipps Work Center,unmatched_name,51.42857142857142,2.5714285714285694,38,36,overflow,0,False,2,0,,1,1,False,house-72|senate-24
1994,HOUSTON,GRANGERBURG,GRANGERBURG,GRANGERBURG,2000,,,VTD2000-069-12-2,Gordon,unmatched_name,54.0,9.0,27,28,underflow,0,False,1,1,98-1488,1,1,False,house-86|senate-29
1994,HOUSTON,NATIONAL GUARD ARMORY,NATIONAL GUARD ARMORY,NATIONAL GUARD ARMORY,2000,,,VTD2000-069-11-1,Harmon,unmatched_name,68.4,21.763636363636373,27,28,underflow,0,False,1,1,98-1488,1,1,False,house-86|senate-29
1994,HOUSTON,SNELLS' STORE,SNELLS STORE,SNELLS STORE,2000,,,VTD2000-069-4-1,Taylor,unmatched_name,54.0,9.0,27,28,underflow,0,False,1,1,98-1488,3,2,True,house-86|house-87|house-93|senate-29|senate-31
1994,HOUSTON,ST. JOHN'S,SAINT JOHN S,SAINT JOHN S,2000,,,VTD2000-069-3-1,Johnson Homes,unmatched_name,48.0,3.0,27,28,underflow,0,False,1,1,98-1488,1,1,False,house-86|senate-29
1994,HOUSTON,TAYLER,TAYLER,TAYLER,2000,,,VTD2000-069-4-1,Taylor,unmatched_name,83.33333333333334,23.333333333333336,27,28,underflow,0,False,1,1,98-1488,2,1,True,house-86|house-87|senate-29
1994,LADRDALE,FLORENCE- POINT PARK,FLORENCE POINT PARK,FLORENCE POINT PARK,2000,,,VTD2000-077-10-9,Florance Blvd Church of Christ 10-9-1,unmatched_name,51.42857142857142,1.6666666666666572,36,34,overflow,0,False,3,3,1999-3802|1999-3821|2000-0265,1,1,False,house-1|senate-1
1994,LADRDALE,FLORENCE-UNDERWOOD FIRE STAT. 1,FLORENCE UNDERWOOD FIRE STAT,FLORENCE UNDERWOOD FIRE STAT,2000,,,VTD2000-077-3,Lexington Fire Station,unmatched_name,56.00000000000001,1.833333333333336,36,34,overflow,0,False,3,3,1999-3802|1999-3821|2000-0265,2,1,True,house-1|house-2|senate-1
1994,LADRDALE,FLORENCE-UNDERWOOD FIRE STAT. 2,FLORENCE UNDERWOOD FIRE STAT,FLORENCE UNDERWOOD FIRE STAT,2000,,,VTD2000-077-3,Lexington Fire Station,unmatched_name,56.00000000000001,1.833333333333336,36,34,overflow,0,False,3,3,1999-3802|1999-3821|2000-0265,1,1,False,house-2|senate-1
1994,LADRDALE,NORTH VILLAGE BAPTIST CHURCH,NORTH VILLAGE BAPTIST CHURCH,NORTH VILLAGE BAPTIST CHURCH,2000,,,VTD2000-077-7,Killen First Baptist Church,unmatched_name,76.0,11.535714285714292,36,34,overflow,0,False,3,3,1999-3802|1999-3821|2000-0265,1,1,False,house-1|senate-1
1994,LADRDALE,ROGERSVILLE-SR. CITIZENS BLDG.,ROGERSVILLE SR CITIZENS BUILDING,ROGERSVILLE SR CITIZENS BUILDING,2000,,,VTD2000-077-17,Waterloo Sr Citizens Bldg,unmatched_name,78.68852459016394,2.4980483996877467,36,34,overflow,0,False,3,3,1999-3802|1999-3821|2000-0265,1,1,False,house-2|senate-1
1994,LAMAR,BELL,BELL,BELL,2000,,,VTD2000-075-7,Detroit-Millville-City Hall,unmatched_name,60.00000000000001,0.0,24,25,underflow,0,False,1,1,98-1537,1,1,False,house-16|senate-6
1994,LAWRENCE,FREEMAN TABERNACLE BAP,FREEMAN TABERNACLE BAP,FREEMAN TABERNACLE BAP,2000,,,VTD2000-079-3-1,Red Bank Fire Station,unmatched_name,48.6046511627907,5.854651162790702,31,38,underflow,0,False,3,1,1999-3134,1,1,False,house-7|senate-3
1994,LAWRENCE,HILLSBORO VOL. FIRE,HILLSBORO VOLUNTEER FIRE,HILLSBORO VOLUNTEER FIRE,2000,,,VTD2000-079-4-1,Hillsboro Volunteer Fire Station,ambiguous_fuzzy_name,95.0,0.00024182613515,31,38,underflow,0,False,3,1,1999-3134,1,1,False,house-7|senate-3
1994,LAWRENCE,LANDERSVILLE METHODIST,LANDERSVILLE METHODIST,LANDERSVILLE METHODIST,2000,,,VTD2000-079-9-2,Landersville Methodist Church,ambiguous_fuzzy_name,95.0,4.440892098500626e-14,31,38,underflow,0,False,3,1,1999-3134,1,1,False,house-7|senate-3
1994,LAWRENCE,N.COURTLAND SC CTR,N COURTLAND SC CENTER,N COURTLAND SC CENTER,2000,,,VTD2000-079-8-2,Flat Rock Comm Center,unmatched_name,60.63829787234042,0.1731815932706624,31,38,underflow,0,False,3,1,1999-3134,1,1,False,house-7|senate-3
1994,LAWRENCE,OAKVILLE STORE BLDG.,OAKVILLE STORE BUILDING,OAKVILLE STORE BUILDING,2000,,,VTD2000-079-21-1,Tab Scott Bldg-Oakville,unmatched_name,80.75,17.41666666666668,31,38,underflow,0,False,3,1,1999-3134,1,1,False,house-7|senate-3
1994,LAWRENCE,PLEASANT GROVE CHURCH,PLEASANT GROVE CHURCH,PLEASANT GROVE CHURCH,2000,,,VTD2000-079-20-1,Pleasant Grove Church,ambiguous_exact_name,100.0,8.411015217646424e-08,31,38,underflow,0,False,3,1,1999-3134,1,1,False,house-7|senate-3
1994,LAWRENCE,SPEAKE HIGH SCHOOL,SPEAKE HIGH SCHOOL,SPEAKE HIGH SCHOOL,2000,,,VTD2000-079-21-2,Speake Volunteer Fire Dept,unmatched_name,85.5,13.431034482758632,31,38,underflow,0,False,3,1,1999-3134,1,1,False,house-7|senate-3
1994,LAWRENCE,TOWN CREEK DEPOT SEN. C,TOWN CREEK DEPOT SEN C,TOWN CREEK DEPOT SEN C,2000,,,VTD2000-079-5-1,Depot-Sr Citizens Center,unmatched_name,53.69565217391304,7.251207729468597,31,38,underflow,0,False,3,1,1999-3134,1,1,False,house-7|senate-3
1994,LEE,BEAT 02/BOX 1,BEAT 2 BOX,BEAT 2 BOX,2000,,,VTD2000-081-0130,Beulah Shoppette,unmatched_name,45.0,0.0,23,15,overflow,0,False,3,0,,2,2,True,house-79|house-83|senate-27|senate-28
1994,LEE,BEAT 02/BOX 2,BEAT 2 BOX,BEAT 2 BOX,2000,,,VTD2000-081-0130,Beulah Shoppette,unmatched_name,45.0,0.0,23,15,overflow,0,False,3,0,,1,1,False,house-83|senate-28
1994,LEE,BEAT 02/BOX 3,BEAT 2 BOX,BEAT 2 BOX,2000,,,VTD2000-081-0130,Beulah Shoppette,unmatched_name,45.0,0.0,23,15,overflow,0,False,3,0,,2,2,True,house-79|house-83|senate-27|senate-28
1994,LIMSTONE,NATIONAL GUARD ARMORY 1,NATIONAL GUARD ARMORY,NATIONAL GUARD ARMORY,2000,,,VTD2000-083-3,Ardmore Th-Johnson Elem School-Oak Grove FD,unmatched_name,45.00000000000001,4.285714285714299,32,13,overflow,0,False,1,1,99-1261,1,1,False,house-5|senate-2
1994,LIMSTONE,NATIONAL GUARD ARMORY 2,NATIONAL GUARD ARMORY,NATIONAL GUARD ARMORY,2000,,,VTD2000-083-3,Ardmore Th-Johnson Elem School-Oak Grove FD,unmatched_name,45.00000000000001,4.285714285714299,32,13,overflow,0,False,1,1,99-1261,1,1,False,house-5|senate-2
1994,LOWNDES,FORT DEPOSIT NATIONAL GUARD,FORT DEPOSIT NATIONAL GUARD,FORT DEPOSIT NATIONAL GUARD,2000,,,VTD2000-085-13,National Guard Armory B,unmatched_name,71.89189189189189,0.0,22,15,overflow,0,False,0,0,,1,1,False,house-69|senate-23
1994,LOWNDES,FORT DEPOSIT NATIONAL GUARD 2,FORT DEPOSIT NATIONAL GUARD,FORT DEPOSIT NATIONAL GUARD,2000,,,VTD2000-085-13,National Guard Armory B,unmatched_name,71.89189189189189,0.0,22,15,overflow,0,False,0,0,,1,1,False,house-69|senate-23
1994,MACON,LEWIS ADAMS BOX 1,LEWIS ADAMS,LEWIS ADAMS,2000,,,VTD2000-087-1-01,National Guard Armory,unmatched_name,49.090909090909086,4.090909090909086,28,13,overflow,0,False,0,0,,1,1,False,house-82|senate-28
1994,MACON,LEWIS ADAMS BOX 2,LEWIS ADAMS,LEWIS ADAMS,2000,,,VTD2000-087-1-01,National Guard Armory,unmatched_name,49.090909090909086,4.090909090909086,28,13,overflow,0,False,0,0,,1,1,False,house-82|senate-28
1994,MACON,LEWIS ADAMS BOX 3,LEWIS ADAMS,LEWIS ADAMS,2000,,,VTD2000-087-1-01,National Guard Armory,unmatched_name,49.090909090909086,4.090909090909086,28,13,overflow,0,False,0,0,,1,1,False,house-82|senate-28
1994,MACON,LEWIS ADAMS BOX 4,LEWIS ADAMS,LEWIS ADAMS,2000,,,VTD2000-087-1-01,National Guard Armory,unmatched_name,49.090909090909086,4.090909090909086,28,13,overflow,0,False,0,0,,1,1,False,house-82|senate-28
1994,MACON,LEWIS ADAMS BOX 5,LEWIS ADAMS,LEWIS ADAMS,2000,,,VTD2000-087-1-01,National Guard Armory,unmatched_name,49.090909090909086,4.090909090909086,28,13,overflow,0,False,0,0,,1,1,False,house-82|senate-28
1994,MACON,LEWIS ADAMS BOX 6,LEWIS ADAMS,LEWIS ADAMS,2000,,,VTD2000-087-1-01,National Guard Armory,unmatched_name,49.090909090909086,4.090909090909086,28,13,overflow,0,False,0,0,,1,1,False,house-82|senate-28
1994,MACON,SHESHA BOX 1,SHESHA,SHESHA,2000,,,VTD2000-087-3-12,Seasha Office Building,unmatched_name,75.00000000000001,9.545454545454549,28,13,overflow,0,False,0,0,,1,1,False,house-82|senate-28
1994,MACON,SHESHA BOX 2,SHESHA,SHESHA,2000,,,VTD2000-087-3-12,Seasha Office Building,unmatched_name,75.00000000000001,9.545454545454549,28,13,overflow,0,False,0,0,,1,1,False,house-82|senate-28
1994,MACON,SHESHA BOX 3,SHESHA,SHESHA,2000,,,VTD2000-087-3-12,Seasha Office Building,unmatched_name,75.00000000000001,9.545454545454549,28,13,overflow,0,False,0,0,,1,1,False,house-82|senate-28
1994,MACON,SHESHA BOX 4,SHESHA,SHESHA,2000,,,VTD2000-087-3-12,Seasha Office Building,unmatched_name,75.00000000000001,9.545454545454549,28,13,overflow,0,False,0,0,,1,1,False,house-82|senate-28
1994,MADISON,CHURCH OF CHRIST BIG COVE,CHURCH OF CHRIST BIG COVE,CHURCH OF CHRIST BIG COVE,2000,,,VTD2000-089-17,Mayfair Church Of Christ,unmatched_name,76.0,0.0,82,98,underflow,0,False,0,0,,1,1,False,house-20|senate-7
1994,MADISON,COUNTY COMM. DIST. ONE OFFICE,COUNTY COMMUNITY DIST ONE OFFICE,COUNTY COMMUNITY DIST ONE OFFICE,2000,,,VTD2000-089-80,County Commission Dist Office,unmatched_name,80.98360655737704,13.126463700234185,82,98,underflow,0,False,0,0,,1,1,False,house-22|senate-8
1994,MADISON,DRAKE TOWERS,DRAKE TOWERS,DRAKE TOWERS,2000,,,VTD2000-089-37,Fraternal Order Of Police Lodge,unmatched_name,50.0,0.9090909090909136,82,98,underflow,0,False,0,0,,1,1,False,house-21|senate-7
1994,MADISON,ELON RUSSELL'S STORE,ELON RUSSELL S STORE,ELON RUSSELL S STORE,2000,,,VTD2000-089-74,Elon Water Gardens,unmatched_name,55.0,6.769230769230774,82,98,underflow,0,False,0,0,,1,1,False,house-22|senate-8
1994,MADISON,FARLEY SCHOOL,FARLEY SCHOOL,FARLEY SCHOOL,2000,,,VTD2000-089-30,Ed White Middle School,ambiguous_fuzzy_name,85.5,0.0,82,98,underflow,0,False,0,0,,1,1,False,house-10|senate-4
1994,MADISON,FIRE STATION #6- AIRPORT RD.,FIRE STATION 6 AIRPORT RD,FIRE STATION 6 AIRPORT RD,2000,,,VTD2000-089-25,Airport Road Fird Station #6,unmatched_name,83.6,7.599999999999994,82,98,underflow,0,False,0,0,,1,1,False,house-10|senate-4
1994,MADISON,GURLEY CITY HALL,GURLEY CITY HALL,GURLEY CITY HALL,2000,,,VTD2000-089-70-1,Gurley City Hall,ambiguous_exact_name,100.0,2.680133337484847e-07,82,98,underflow,0,False,0,0,,1,1,False,house-22|senate-8
1994,MADISON,HARVEST FIRE STATION,HARVEST FIRE STATION,HARVEST FIRE STATION,2000,,,VTD2000-089-62,Keel Mt Volunteer Fire Dept,ambiguous_fuzzy_name,85.5,0.0,82,98,underflow,0,False,0,0,,1,1,False,house-6|senate-2
1994,MADISON,HAZEL GREEN FIRE STATION,HAZEL GREEN FIRE STATION,HAZEL GREEN FIRE STATION,2000,,,VTD2000-089-62,Keel Mt Volunteer Fire Dept,unmatched_name,85.5,9.5,82,98,underflow,0,False,0,0,,1,1,False,house-22|senate-8
1994,MADISON,HUNTSVILLE PARKS & REC.,HUNTSVILLE PARKS AND RECREATION,HUNTSVILLE PARKS AND RECREATION,2000,,,VTD2000-089-1,A&M University,unmatched_name,85.5,26.125,82,98,underflow,0,False,0,0,,1,1,False,house-20|senate-7
1994,MADISON,J.E. WILLIAMS ELEM. SCHOOL,J E WILLIAMS ELEMENTARY SCHOOL,J E WILLIAMS ELEMENTARY SCHOOL,2000,,,VTD2000-089-53-1,J E Williams Elementary School,ambiguous_exact_name,100.0,1.5565906053005563e-05,82,98,underflow,0,False,0,0,,1,2,True,house-4|senate-2|senate-8
1994,MADISON,LEWIS CHAPEL CUMBERLAND PRES.,LEWIS CHAPEL CUMBERLAND PRES,LEWIS CHAPEL CUMBERLAND PRES,2000,,,VTD2000-089-40,Lewis Chapel CP Church,unmatched_name,68.39999999999999,2.630769230769232,82,98,underflow,0,False,0,0,,2,1,True,house-19|house-21|senate-7
1994,MADISON,MADISON CHURCH OF CHRIST 2ND TAPE,MADISON CHURCH OF CHRIST 2ND TAPE,MADISON CHURCH OF CHRIST 2ND TAPE,2000,,,VTD2000-089-69-1,Madison Church Of Christ,ambiguous_fuzzy_name,95.0,0.029799459519586,82,98,underflow,0,False,0,0,,1,1,False,house-6|senate-2
1994,MADISON,MOORE'S MILL,MOORE S MILL,MOORE S MILL,2000,,,VTD2000-089-46,Westlawn Middle School,unmatched_name,51.3,0.0,82,98,underflow,0,False,0,0,,1,1,False,house-21|senate-7
1994,MADISON,THE CHURCH OF JESUS CHRIST OF LATTER.,THE CHURCH OF JESUS CHRIST OF LATTER,THE CHURCH OF JESUS CHRIST OF LATTER,2000,,,VTD2000-089-54,Sherwood Baptist Church,ambiguous_fuzzy_name,85.5,3.1936098210394455e-08,82,98,underflow,0,False,0,0,,1,1,False,house-6|senate-2
1994,MADISON,THE MALL,THE MALL,THE MALL,2000,,,VTD2000-089-11-C,Episcopal Church In The Cove C,ambiguous_fuzzy_name,85.5,0.0,82,98,underflow,0,False,0,0,,1,1,False,house-21|senate-7
1994,MADISON,W.O.W. HALL,W O W HALL,W O W HALL,2000,,,VTD2000-089-82,New Hope City Hall,ambiguous_fuzzy_name,85.5,0.0,82,98,underflow,0,False,0,0,,1,1,False,house-20|senate-7
1994,MARENGO,LINDEN VFW BUILDING 3,LINDEN VFW BUILDING,LINDEN VFW BUILDING,2000,,,VTD2000-091-3-7,Rangeline,unmatched_name,57.0,7.434782608695656,66,33,overflow,0,False,1,0,,1,1,False,house-72|senate-24
1994,MARENGO,SWEET WATER TOWN HALL 2,SWEET WATER TOWN HALL,SWEET WATER TOWN HALL,2000,,,VTD2000-091-5-3-4,Wayne/Sweetwater,unmatched_name,54.054054054054056,5.196911196911202,66,33,overflow,0,False,1,0,,1,1,False,house-72|senate-24
1994,MARION,HACKLEBURG-3 TABLES,HACKLEBURG 3 TABLES,HACKLEBURG 3 TABLES,2000,,,VTD2000-093-7,Hackleburg City Hall,unmatched_name,71.7948717948718,33.900134952766535,20,21,underflow,0,False,1,0,,1,1,False,house-17|senate-6
1994,MARION,HAMILTON-4 TABLES,HAMILTON 4 TABLES,HAMILTON 4 TABLES,2000,,,VTD2000-093-1S,Hamilton Neighborhood Facilities Bldg,unmatched_name,85.5,44.32352941176471,20,21,underflow,0,False,1,0,,1,1,False,house-17|senate-6
1994,MARION,HAMILTON-6 TABLES,HAMILTON 6 TABLES,HAMILTON 6 TABLES,2000,,,VTD2000-093-1S,Hamilton Neighborhood Facilities Bldg,unmatched_name,85.5,44.32352941176471,20,21,underflow,0,False,1,0,,1,1,False,house-17|senate-6
1994,MARION,PEARCES MILL-1 TABLE,PEARCES MILL 1 TABLE,PEARCES MILL 1 TABLE,2000,,,VTD2000-093-8,Bear Creek City Hall,unmatched_name,50.0,2.3809523809523867,20,21,underflow,0,False,1,0,,1,1,False,house-17|senate-6
1994,MARION,PIKESVILLE-1 TABLE,PIKESVILLE 1 TABLE,PIKESVILLE 1 TABLE,2000,,,VTD2000-093-16,Pikeville Liberty Church,unmatched_name,57.14285714285714,17.14285714285714,20,21,underflow,0,False,1,0,,1,1,False,house-17|senate-6
1994,MARSHALL,ALBERTVILLE ARMORY,ALBERTVILLE ARMORY,ALBERTVILLE ARMORY,2000,,,VTD2000-095-4-5,Albertville Rec Center,ambiguous_fuzzy_name,85.5,1.0626266533364517e-07,42,63,underflow,0,False,0,0,,1,1,False,house-26|senate-9
1994,MARSHALL,ALBERTVILLE COLISEUM,ALBERTVILLE COLISEUM,ALBERTVILLE COLISEUM,2000,,,VTD2000-095-4-5,Albertville Rec Center,unmatched_name,67.41935483870968,0.0,42,63,underflow,0,False,0,0,,1,1,False,house-26|senate-9
1994,MARSHALL,ALBERTVILLE COURTHOUSE,ALBERTVILLE COURTHOUSE,ALBERTVILLE COURTHOUSE,2000,,,VTD2000-095-4-5,Albertville Rec Center,unmatched_name,66.66666666666667,0.0,42,63,underflow,0,False,0,0,,1,1,False,house-26|senate-9
1994,MARSHALL,ALBERTVILLE RECREATION CENTER,ALBERTVILLE RECREATION CENTER,ALBERTVILLE RECREATION CENTER,2000,,,VTD2000-095-4-5,Albertville Rec Center,ambiguous_exact_name,100.0,4.440892098500626e-14,42,63,underflow,0,False,0,0,,2,1,True,house-25|house-26|senate-9
1994,MARSHALL,ARAB RECREATION CENTER,ARAB RECREATION CENTER,ARAB RECREATION CENTER,2000,,,VTD2000-095-20-1,Boaz Rec Center,ambiguous_fuzzy_name,86.36363636363636,0.0,42,63,underflow,0,False,0,0,,1,1,False,house-25|senate-9
1994,MARSHALL,BIG SPRING VALLEY,BIG SPRING VALLEY,BIG SPRING VALLEY,2000,,,VTD2000-095-3,Valley Store Hwy 70,unmatched_name,52.77777777777778,5.277777777777779,42,63,underflow,0,False,0,0,,1,1,False,house-25|senate-9
1994,MARSHALL,BOAZ CITY HALL,BOAZ CITY HALL,BOAZ CITY HALL,2000,,,VTD2000-095-20-1,Boaz Rec Center,ambiguous_fuzzy_name,85.5,2.220446049250313e-14,42,63,underflow,0,False,0,0,,1,1,False,house-26|senate-9
1994,MARSHALL,BOAZ RECREATION BUILDING,BOAZ RECREATION BUILDING,BOAZ RECREATION BUILDING,2000,,,VTD2000-095-20-1,Boaz Rec Center,unmatched_name,77.02702702702702,0.0,42,63,underflow,0,False,0,0,,1,1,False,house-26|senate-9
1994,MARSHALL,CLAYSVILLE,CLAYSVILLE,CLAYSVILLE,2000,,,VTD2000-095-1-5,Guntersville Rec Center,unmatched_name,54.0,0.0,42,63,underflow,0,False,0,0,,1,1,False,house-25|senate-9
1994,MARSHALL,CROSSROADS,CROSSROADS,CROSSROADS,2000,,,VTD2000-095-16-2,Pine Grove School A-D,unmatched_name,47.36842105263159,7.368421052631589,42,63,underflow,0,False,0,0,,1,1,False,house-25|senate-9
1994,MARSHALL,DANNY THRASH MOTORS,DANNY THRASH MOTORS,DANNY THRASH MOTORS,2000,,,VTD2000-095-2-1,Tom Lawson's Store,unmatched_name,43.24324324324324,1.1379800853485094,42,63,underflow,0,False,0,0,,1,1,False,house-26|senate-9
1994,MARSHALL,FRIENDSHIP FIRE HALL,FRIENDSHIP FIRE HALL,FRIENDSHIP FIRE HALL,2000,,,VTD2000-095-29,Grant City Hall,unmatched_name,51.42857142857142,0.0,42,63,underflow,0,False,0,0,,1,1,False,house-26|senate-9
1994,MARSHALL,GRANT CITY HALL,GRANT CITY HALL,GRANT CITY HALL,2000,,,VTD2000-095-29,Grant City Hall,ambiguous_exact_name,100.0,4.440892098500626e-14,42,63,underflow,0,False,0,0,,1,1,False,house-25|senate-9
1994,MARSHALL,GUNTERSVILLE RECREATION CENTER,GUNTERSVILLE RECREATION CENTER,GUNTERSVILLE RECREATION CENTER,2000,,,VTD2000-095-1-5,Guntersville Rec Center,ambiguous_exact_name,100.0,0.0,42,63,underflow,0,False,0,0,,1,1,False,house-25|senate-9
1994,MARSHALL,HONEYCOMB,HONEYCOMB,HONEYCOMB,2000,,,VTD2000-095-27-2,Union Grove Comm Center,unmatched_name,50.0,0.0,42,63,underflow,0,False,0,0,,1,1,False,house-25|senate-9
1994,MARSHALL,JAYBIRD,JAYBIRD,JAYBIRD,2000,,,VTD2000-095-18-3,Asbury Fire Dept,unmatched_name,45.0,0.0,42,63,underflow,0,False,0,0,,1,1,False,house-26|senate-9
1994,MARSHALL,MT.HIGH LATTIWOOD COMMUNITY CENTER,MOUNT HIGH LATTIWOOD COMMUNITY CENTER,MOUNT HIGH LATTIWOOD COMMUNITY CENTER,2000,,,VTD2000-095-28-1,Lattiwood Comm Center,ambiguous_fuzzy_name,95.0,3.3306690738754696e-14,42,63,underflow,0,False,0,0,,2,1,True,house-25|house-26|senate-9
1994,MARSHALL,RED HILL,RED HILL,RED HILL,2000,,,VTD2000-095-22-3,Liberty Hill Church,unmatched_name,85.5,21.375,42,63,underflow,0,False,0,0,,1,1,False,house-25|senate-9
1994,MARSHALL,REEDBRAKE-DOUGLAS CITY HALL,REEDBRAKE DOUGLAS CITY HALL,REEDBRAKE DOUGLAS CITY HALL,2000,,,VTD2000-095-22-1,Douglas City Hall,ambiguous_fuzzy_name,90.0,6.661338147750939e-14,42,63,underflow,0,False,0,0,,2,1,True,house-25|house-26|senate-9
1994,MARSHALL,REEDBRAKE-NIXON CHAPEL FIRE HALL,REEDBRAKE NIXON CHAPEL FIRE HALL,REEDBRAKE NIXON CHAPEL FIRE HALL,2000,,,VTD2000-095-22-1,Douglas City Hall,ambiguous_fuzzy_name,85.5,4.440892098500626e-14,42,63,underflow,0,False,0,0,,1,1,False,house-25|senate-9
1994,MARSHALL,THOMPSON-ASBURY FIRE STATION,THOMPSON ASBURY FIRE STATION,THOMPSON ASBURY FIRE STATION,2000,,,VTD2000-095-18-3,Asbury Fire Dept,unmatched_name,63.33333333333332,9.761904761904752,42,63,underflow,0,False,0,0,,1,1,False,house-26|senate-9
1994,MARSHALL,UNION GROVE COMMUNITY CENTER,UNION GROVE COMMUNITY CENTER,UNION GROVE COMMUNITY CENTER,2000,,,VTD2000-095-27-2,Union Grove Comm Center,ambiguous_exact_name,100.0,2.9896030095954984e-08,42,63,underflow,0,False,0,0,,1,1,False,house-25|senate-9
1994,MARSHALL,WOODVILLE,WOODVILLE,WOODVILLE,2000,,,VTD2000-095-28-1,Lattiwood Comm Center,unmatched_name,52.61538461538461,0.0,42,63,underflow,0,False,0,0,,1,1,False,house-25|senate-9
1994,MARSHALL,WRIGHT'S SWEARENGIN SCHOOL,WRIGHT S SWEARENGIN SCHOOL,WRIGHT S SWEARENGIN SCHOOL,2000,,,VTD2000-095-25,Grassy School Gym,unmatched_name,85.5,28.141509433962263,42,63,underflow,0,False,0,0,,1,1,False,house-25|senate-9
1994,MOBILE,DISPUTED VOTES,DISPUTED VOTES,DISPUTED VOTES,2000,,,VTD2000-097-100-2,St John United Methodist Church,unmatched_name,45.0,2.25,98,96,overflow,0,False,5,1,98-1558,10,4,True,house-100|house-101|house-102|house-103|house-104|house-105|house-96|house-97|house-98|house-99|senate-32|senate-33|senate-34|senate-35
1994,MOBILE,FONDE SCHOOL,FONDE SCHOOL,FONDE SCHOOL,2000,,,VTD2000-097-104-2,Hollingers Island School,ambiguous_fuzzy_name,85.5,1.7873874935681044e-06,98,96,overflow,0,False,5,1,98-1558,1,1,False,house-101|senate-34
1994,MOBILE,LOTT RD. FEED/SUPPLY,LOTT RD FEED SUPPLY,LOTT RD FEED SUPPLY,2000,,,VTD2000-097-98-9,Lott Road Florist,unmatched_name,55.55555555555556,12.805555555555555,98,96,overflow,0,False,5,1,98-1558,1,1,False,house-98|senate-33
1994,MOBILE,OLD MOB CO-OP BLDG.,OLD MOB COUNTY OP BUILDING,OLD MOB COUNTY OP BUILDING,2000,,,VTD2000-097-96-4,Old Belsaw School,unmatched_name,85.5,33.040983606557376,98,96,overflow,0,False,5,1,98-1558,1,1,False,house-105|senate-35
1994,MOBILE,SHAW HIGH SCHOOL,SHAW HIGH SCHOOL,SHAW HIGH SCHOOL,2000,,,VTD2000-097-104-2,Hollingers Island School,ambiguous_fuzzy_name,85.5,0.0,98,96,overflow,0,False,5,1,98-1558,1,1,False,house-100|senate-34
1994,MOBILE,SPRINGHILL ARMORY,SPRINGHILL ARMORY,SPRINGHILL ARMORY,2000,,,VTD2000-097-102-1,Citronelle Natl Guard Armory,ambiguous_fuzzy_name,85.5,0.0,98,96,overflow,0,False,5,1,98-1558,1,1,False,house-100|senate-34
1994,MOBILE,SUNSET/BAYOU APTS.,SUNSET BAYOU APTS,SUNSET BAYOU APTS,2000,,,VTD2000-097-105-3,Bayou La Batre Civic Center,unmatched_name,85.5,35.8448275862069,98,96,overflow,0,False,5,1,98-1558,1,1,False,house-97|senate-33
1994,MONROE,ARMORY,ARMORY,ARMORY,2000,,,VTD2000-099-12C,Midway-McClammy,unmatched_name,54.0,0.0,31,34,underflow,0,False,2,0,,1,1,False,house-64|senate-22
1994,MONROE,BETHEL BAPTIST CHURCH,BETHEL BAPTIST CHURCH,BETHEL BAPTIST CHURCH,2000,,,VTD2000-099-13C,Uriah,unmatched_name,60.00000000000001,4.186046511627914,31,34,underflow,0,False,2,0,,1,1,False,house-64|senate-22
1994,MONROE,COLEMAN SCHOOLHOUSE,COLEMAN SCHOOLHOUSE,COLEMAN SCHOOLHOUSE,2000,,,VTD2000-099-13D,Grimes Schoolhouse,unmatched_name,72.06896551724137,5.568965517241367,31,34,underflow,0,False,2,0,,1,1,False,house-64|senate-22
1994,MONROE,GOODWAY FIRE STATION,GOODWAY FIRE STATION,GOODWAY FIRE STATION,2000,,,VTD2000-099-13B,Goodway B,ambiguous_fuzzy_name,85.5,6.661338147750939e-14,31,34,underflow,0,False,2,0,,1,1,False,house-64|senate-22
1994,MONROE,MEGANGEL,MEGANGEL,MEGANGEL,2000,,,VTD2000-099-14F,Megargel,unmatched_name,87.5,34.166666666666664,31,34,underflow,0,False,2,0,,1,1,False,house-64|senate-22
1994,MONROE,MEXIA FIRE STATION,MEXIA FIRE STATION,MEXIA FIRE STATION,2000,,,VTD2000-099-3L,Mexia L,ambiguous_fuzzy_name,85.5,0.0,31,34,underflow,0,False,2,0,,1,1,False,house-64|senate-22
1994,MONROE,MONROEVILLE FIRE STATION,MONROEVILLE FIRE STATION,MONROEVILLE FIRE STATION,2000,,,VTD2000-099-3B,Monroeville B,unmatched_name,86.4,21.182608695652178,31,34,underflow,0,False,2,0,,2,2,True,house-64|house-68|senate-22|senate-23
1994,MONROE,OAK GROVE,OAK GROVE,OAK GROVE,2000,,,VTD2000-099-14OC,Oak Grove OC,ambiguous_fuzzy_name,95.0,4.440892098500626e-14,31,34,underflow,0,False,2,0,,1,1,False,house-64|senate-22
1994,PERRY,ARMORY (A-D),ARMORY A D,ARMORY A D,2000,,,VTD2000-105-1,National Guard Armory,ambiguous_fuzzy_name,85.5,2.1094237467877974e-13,29,11,overflow,0,False,3,2,1999-2006|99-2006,1,1,False,house-72|senate-24
1994,PERRY,ARMORY (A-E),ARMORY A E,ARMORY A E,2000,,,VTD2000-105-1,National Guard Armory,ambiguous_fuzzy_name,85.5,2.1094237467877974e-13,29,11,overflow,0,False,3,2,1999-2006|99-2006,1,1,False,house-72|senate-24
1994,PERRY,ARMORY (E-I),ARMORY E I,ARMORY E I,2000,,,VTD2000-105-1,National Guard Armory,ambiguous_fuzzy_name,85.5,2.1094237467877974e-13,29,11,overflow,0,False,3,2,1999-2006|99-2006,1,1,False,house-72|senate-24
1994,PERRY,ARMORY (F-K),ARMORY F K,ARMORY F K,2000,,,VTD2000-105-1,National Guard Armory,ambiguous_fuzzy_name,85.5,2.1094237467877974e-13,29,11,overflow,0,False,3,2,1999-2006|99-2006,1,1,False,house-72|senate-24
1994,PERRY,ARMORY (J-M),ARMORY J M,ARMORY J M,2000,,,VTD2000-105-1,National Guard Armory,ambiguous_fuzzy_name,85.5,2.1094237467877974e-13,29,11,overflow,0,False,3,2,1999-2006|99-2006,1,1,False,house-72|senate-24
1994,PERRY,ARMORY (L-Q),ARMORY L Q,ARMORY L Q,2000,,,VTD2000-105-1,National Guard Armory,ambiguous_fuzzy_name,85.5,2.1094237467877974e-13,29,11,overflow,0,False,3,2,1999-2006|99-2006,1,1,False,house-72|senate-24
1994,PERRY,ARMORY (N-R),ARMORY N R,ARMORY N R,2000,,,VTD2000-105-1,National Guard Armory,ambiguous_fuzzy_name,85.5,2.1094237467877974e-13,29,11,overflow,0,False,3,2,1999-2006|99-2006,1,1,False,house-72|senate-24
1994,PERRY,ARMORY (R-Z),ARMORY R Z,ARMORY R Z,2000,,,VTD2000-105-1,National Guard Armory,ambiguous_fuzzy_name,85.5,2.1094237467877974e-13,29,11,overflow,0,False,3,2,1999-2006|99-2006,1,1,False,house-72|senate-24
1994,PERRY,ARMORY (S-Z),ARMORY S Z,ARMORY S Z,2000,,,VTD2000-105-1,National Guard Armory,ambiguous_fuzzy_name,85.5,2.1094237467877974e-13,29,11,overflow,0,False,3,2,1999-2006|99-2006,1,1,False,house-72|senate-24
1994,PERRY,CUB (A-E),CUB A E,CUB A E,2000,,,VTD2000-105-4,UCH-Airport-Armory,unmatched_name,45.0,6.428571428571424,29,11,overflow,0,False,3,2,1999-2006|99-2006,1,1,False,house-72|senate-24
1994,PERRY,CUB (F-K),CUB F K,CUB F K,2000,,,VTD2000-105-3,Community Life Bldg,unmatched_name,38.57142857142858,0.0,29,11,overflow,0,False,3,2,1999-2006|99-2006,1,1,False,house-72|senate-24
1994,PERRY,CUB (L-S),CUB L S,CUB L S,2000,,,VTD2000-105-11,Ocmulgee Fire Station,unmatched_name,48.85714285714285,0.0,29,11,overflow,0,False,3,2,1999-2006|99-2006,1,1,False,house-72|senate-24
1994,PERRY,CUB (T-Z),CUB T Z,CUB T Z,2000,,,VTD2000-105-3,Community Life Bldg,unmatched_name,38.57142857142858,0.0,29,11,overflow,0,False,3,2,1999-2006|99-2006,1,1,False,house-72|senate-24
1994,PERRY,LINCOLN,LINCOLN,LINCOLN,2000,,,VTD2000-105-11,Ocmulgee Fire Station,unmatched_name,54.0,0.0,29,11,overflow,0,False,3,2,1999-2006|99-2006,1,1,False,house-72|senate-24
1994,PERRY,NORTH END GROCERY,NORTH END GROCERY,NORTH END GROCERY,2000,,,VTD2000-105-7,Heiberger Grocery-Armory,unmatched_name,55.41666666666666,4.44105691056911,29,11,overflow,0,False,3,2,1999-2006|99-2006,1,1,False,house-72|senate-24
1994,PERRY,NORTH PERRY GROCERY,NORTH PERRY GROCERY,NORTH PERRY GROCERY,2000,,,VTD2000-105-6,North Perry Fire Station,unmatched_name,69.66666666666666,7.806201550387591,29,11,overflow,0,False,3,2,1999-2006|99-2006,1,1,False,house-72|senate-24
1994,PERRY,PENYVILLE,PENYVILLE,PENYVILLE,2000,,,VTD2000-105-13,Radforville,unmatched_name,50.0,10.0,29,11,overflow,0,False,3,2,1999-2006|99-2006,1,1,False,house-72|senate-24
1994,PERRY,WESTSIDE,WESTSIDE,WESTSIDE,2000,,,VTD2000-105-11,Ocmulgee Fire Station,unmatched_name,45.0,0.0,29,11,overflow,0,False,3,2,1999-2006|99-2006,1,1,False,house-72|senate-24
1994,PICKENS,CARROLLTON 1,CARROLLTON,CARROLLTON,2000,,,VTD2000-107-1700,Carrollton Service Center,ambiguous_fuzzy_name,90.0,4.440892098500626e-14,27,29,underflow,0,False,0,0,,1,1,False,house-61|senate-21
1994,PICKENS,CARROLLTON 4,CARROLLTON 4,CARROLLTON,2000,,,VTD2000-107-1700,Carrollton Service Center,ambiguous_fuzzy_name,86.08695652173914,4.440892098500626e-14,27,29,underflow,0,False,0,0,,1,1,False,house-61|senate-21
1994,PICKENS,PINE GROVE 1,PINE GROVE,PINE GROVE,2000,,,VTD2000-107-4300,Pine Grove Comm Center,ambiguous_fuzzy_name,90.0,2.17545881309178e-07,27,29,underflow,0,False,0,0,,1,1,False,house-16|senate-6
1994,PICKENS,PINE GROVE 4,PINE GROVE 4,PINE GROVE,2000,,,VTD2000-107-4300,Pine Grove Comm Center,ambiguous_fuzzy_name,86.08695652173914,2.17545881309178e-07,27,29,underflow,0,False,0,0,,1,1,False,house-16|senate-6
1994,RANDOLPH,CORINTH,CORINTH,CORINTH,2000,,,VTD2000-111-5,Potash,unmatched_name,46.15384615384615,0.0,45,14,overflow,0,False,1,0,,1,1,False,house-37|senate-13
1994,RANDOLPH,MOORES STORE,MOORES STORE,MOORES STORE,2000,,,VTD2000-111-3,Cavers Grove,unmatched_name,41.66666666666666,4.492753623188406,45,14,overflow,0,False,1,0,,1,1,False,house-37|senate-13
1994,RANDOLPH,SANDERS STORE,SANDERS STORE,SANDERS STORE,2000,,,VTD2000-111-3,Cavers Grove,unmatched_name,56.00000000000001,6.909090909090921,45,14,overflow,0,False,1,0,,1,1,False,house-37|senate-13
1994,RUSSELL,OLD CENTRAL JUNIOR HIGH SCHOOL 1,OLD CENTRAL JUNIOR HIGH SCHOOL,OLD CENTRAL JUNIOR HIGH SCHOOL,2000,,,VTD2000-113-4-2,Mother Mary School,unmatched_name,85.5,37.03846153846154,22,19,overflow,0,False,0,0,,1,1,False,house-80|senate-27
1994,RUSSELL,OLD CENTRAL JUNIOR HIGH SCHOOL 2,OLD CENTRAL JUNIOR HIGH SCHOOL,OLD CENTRAL JUNIOR HIGH SCHOOL,2000,,,VTD2000-113-4-2,Mother Mary School,unmatched_name,85.5,37.03846153846154,22,19,overflow,0,False,0,0,,1,1,False,house-80|senate-27
1994,RUSSELL,PHENIX CITY GOLF COURSE,PHENIX CITY GOLF COURSE,PHENIX CITY GOLF COURSE,2000,,,VTD2000-113-7-3,Old Russell County Courthouse,unmatched_name,54.80769230769231,4.807692307692307,22,19,overflow,0,False,0,0,,1,1,False,house-80|senate-27
1994,SHELBY,ALABASTER HALL ANNEX,ALABASTER HALL ANNEX,ALABASTER HALL ANNEX,2000,,,VTD2000-117-15,American Legion Hall,unmatched_name,52.25,4.75,39,22,overflow,0,False,4,0,,1,1,False,house-40|senate-14
1994,SHELBY,CHELSEA FIRE,CHELSEA FIRE,CHELSEA FIRE,2000,,,VTD2000-117-8,Chelsea Middle School,unmatched_name,85.5,28.65789473684211,39,22,overflow,0,False,4,0,,1,1,False,house-46|senate-16
1994,SHELBY,FOURMILE FIRE DEPT.,FOURMILE FIRE DEPARTMENT,FOURMILE FIRE DEPARTMENT,2000,,,VTD2000-117-10,Harpersville,unmatched_name,44.60869565217392,2.808695652173917,39,22,overflow,0,False,4,0,,1,1,False,house-41|senate-14
1994,SHELBY,GREYSTONE OFFICE,GREYSTONE OFFICE,GREYSTONE OFFICE,2000,,,VTD2000-117-23,G W Thomas Residence,unmatched_name,42.22222222222222,2.322222222222223,39,22,overflow,0,False,4,0,,1,1,False,house-46|senate-16
1994,SHELBY,RIVERCHASE CHURCH,RIVERCHASE CHURCH,RIVERCHASE CHURCH,2000,,,VTD2000-117-7,Camp Branch United Methodist Church,ambiguous_fuzzy_name,85.5,0.0,39,22,overflow,0,False,4,0,,1,1,False,house-47|senate-16
1994,SHELBY,UNION HALL,UNION HALL,UNION HALL,2000,,,VTD2000-117-15,American Legion Hall,ambiguous_fuzzy_name,85.5,0.0,39,22,overflow,0,False,4,0,,1,1,False,house-40|senate-14
1994,SHELBY,VALLEYDALE BAPTIST,VALLEYDALE BAPTIST,VALLEYDALE BAPTIST,2000,,,VTD2000-117-5,So Shades Crest Baptist Church,unmatched_name,85.5,32.300000000000004,39,22,overflow,0,False,4,0,,1,1,False,house-40|senate-14
1994,STCLAIR,GREASY COVE-PLEASANT VLY,GREASY COVE PLEASANT VLY,GREASY COVE PLEASANT VLY,2000,,,VTD2000-115-12,Easonville Cossa Vally Church,unmatched_name,49.0566037735849,3.194534808067665,31,22,overflow,0,False,0,0,,1,1,False,house-30|senate-10
1994,STCLAIR,POPULAR SPRINGS-CHURCH,POPULAR SPRINGS CHURCH,POPULAR SPRINGS CHURCH,2000,,,VTD2000-115-27,Pleasent Valley Church-Slate Union,ambiguous_fuzzy_name,85.5,0.0016190260688553,31,22,overflow,0,False,0,0,,1,1,False,house-30|senate-10
1994,STCLAIR,SEDDON-GRADY BISHOP BLDG.,SEDDON GRADY BISHOP BUILDING,SEDDON GRADY BISHOP BUILDING,2000,,,VTD2000-115-27,Pleasent Valley Church-Slate Union,unmatched_name,38.70967741935484,3.7890424987199225,31,22,overflow,0,False,0,0,,2,2,True,house-30|house-49|senate-10|senate-17
1994,TALADEGA,BAMA #2,BAMA,BAMA,2000,,,VTD2000-121-5,Talladega National Guard Armory,unmatched_name,48.85714285714285,3.857142857142854,35,15,overflow,0,False,2,1,98-1490,1,1,False,house-32|senate-11
1994,TALADEGA,BEMISTON REC. CENTER,BEMISTON RECREATION CENTER,BEMISTON RECREATION CENTER,2000,,,VTD2000-121-4,Ironaton Fire Dept,unmatched_name,52.0,2.000000000000007,35,15,overflow,0,False,2,1,98-1490,1,1,False,house-35|senate-11
1994,TALADEGA,CLUB HOUSE-IRONATION,CLUB HOUSE IRONATION,CLUB HOUSE IRONATION,2000,,,VTD2000-121-4,Ironaton Fire Dept,unmatched_name,47.5,2.5,35,15,overflow,0,False,2,1,98-1490,1,1,False,house-35|senate-11
1994,TALADEGA,GABLES CORNER,GABLES CORNER,GABLES CORNER,2000,,,VTD2000-121-13,Sycamore,unmatched_name,56.25,6.25,35,15,overflow,0,False,2,1,98-1490,1,1,False,house-32|senate-11
1994,TALADEGA,SPRING STREET COMM. CENTER 1,SPRING STREET COMMUNITY CENTER,SPRING STREET COMMUNITY CENTER,2000,,,VTD2000-121-8,Sullivan Curry Comm Center,unmatched_name,72.1311475409836,30.46448087431694,35,15,overflow,0,False,2,1,98-1490,1,1,False,house-35|senate-11
1994,TALADEGA,SPRING STREET COMM. CENTER 2,SPRING STREET COMMUNITY CENTER,SPRING STREET COMMUNITY CENTER,2000,,,VTD2000-121-8,Sullivan Curry Comm Center,unmatched_name,72.1311475409836,30.46448087431694,35,15,overflow,0,False,2,1,98-1490,1,1,False,house-35|senate-11
1994,TALADEGA,STEED LUMBER COMPANY,STEED LUMBER COMPANY,STEED LUMBER COMPANY,2000,,,VTD2000-121-9,Berney's Station Volunteer Fire Dept,unmatched_name,42.75,0.0,35,15,overflow,0,False,2,1,98-1490,1,1,False,house-33|senate-11
1994,TALPOOSA,ALEX CITY FIRE ST. LAKE HILL,ALEX CITY FIRE SAINT LAKE HILL,ALEX CITY FIRE SAINT LAKE HILL,2000,,,VTD2000-123-15,Camp Hill City Hall,ambiguous_fuzzy_name,85.5,4.561343525111283e-08,26,18,overflow,0,False,3,2,98-1678|99-0112,1,1,False,house-81|senate-27
1994,TALPOOSA,ALEX CITY NATL GUARD ARMORY 1,ALEX CITY NATL GUARD ARMORY,ALEX CITY NATL GUARD ARMORY,2000,,,VTD2000-123-7,Dadeville National Guard Armory,unmatched_name,72.41379310344827,9.080459770114947,26,18,overflow,0,False,3,2,98-1678|99-0112,1,1,False,house-81|senate-27
1994,TALPOOSA,ALEX CITY NATL GUARD ARMORY 2,ALEX CITY NATL GUARD ARMORY,ALEX CITY NATL GUARD ARMORY,2000,,,VTD2000-123-7,Dadeville National Guard Armory,unmatched_name,72.41379310344827,9.080459770114947,26,18,overflow,0,False,3,2,98-1678|99-0112,1,1,False,house-81|senate-27
1994,TALPOOSA,DAVISTON VOTING HOUSE,DAVISTON VOTING HOUSE,DAVISTON VOTING HOUSE,2000,,,VTD2000-123-4,Cowpens Voting House-Comm Center,ambiguous_fuzzy_name,85.5,3.0021762853493783e-09,26,18,overflow,0,False,3,2,98-1678|99-0112,1,1,False,house-81|senate-27
1994,TALPOOSA,HACKNEYVILLE COMMUNITY CENTER,HACKNEYVILLE COMMUNITY CENTER,HACKNEYVILLE COMMUNITY CENTER,2000,,,VTD2000-123-17,Daviston Comm Center,unmatched_name,74.14634146341463,3.362027737924436,26,18,overflow,0,False,3,2,98-1678|99-0112,1,1,False,house-81|senate-27
1994,TALPOOSA,LAUREL REC CENTER 1,LAUREL RECREATION CENTER,LAUREL RECREATION CENTER,2000,,,VTD2000-123-4,Cowpens Voting House-Comm Center,ambiguous_fuzzy_name,85.5,3.0021762853493783e-09,26,18,overflow,0,False,3,2,98-1678|99-0112,1,1,False,house-81|senate-27
1994,TALPOOSA,LAUREL REC CENTER 2,LAUREL RECREATION CENTER,LAUREL RECREATION CENTER,2000,,,VTD2000-123-4,Cowpens Voting House-Comm Center,ambiguous_fuzzy_name,85.5,3.0021762853493783e-09,26,18,overflow,0,False,3,2,98-1678|99-0112,1,1,False,house-81|senate-27
1994,TALPOOSA,OURTOWN FIRE STATION,OURTOWN FIRE STATION,OURTOWN FIRE STATION,2000,,,VTD2000-123-2,Alex City Airport-Fire Station,ambiguous_fuzzy_name,85.5,3.016316085791004e-08,26,18,overflow,0,False,3,2,98-1678|99-0112,1,1,False,house-81|senate-27
1994,TALPOOSA,WALL STREET SCHOOL,WALL STREET SCHOOL,WALL STREET SCHOOL,2000,,,VTD2000-123-12,Reeltown Fire Dept-Tallassee Club House,unmatched_name,50.0,5.0,26,18,overflow,0,False,3,2,98-1678|99-0112,1,1,False,house-81|senate-27
1994,TSCLOOSA,BUHL ELEM. SCHOOL,BUHL ELEMENTARY SCHOOL,BUHL ELEMENTARY SCHOOL,2000,,,VTD2000-125-8,Vestavia Hills Elementary School,unmatched_name,82.82051282051282,0.0,53,41,overflow,0,False,1,0,,1,1,False,house-61|senate-21
1994,TSCLOOSA,DAN TIERCE COUNTRY,DAN TIERCE COUNTRY,DAN TIERCE COUNTRY,2000,,,VTD2000-125-19,Vance Community Center,unmatched_name,55.00000000000001,7.105427357601002e-15,53,41,overflow,0,False,1,0,,1,1,False,house-14|senate-5
1994,TSCLOOSA,ELROD VOT. BLDG.,ELROD VOT BUILDING,ELROD VOT BUILDING,2000,,,VTD2000-125-32,Samantha Fire Dept-New Lexington Voting Blg,unmatched_name,52.25806451612903,4.758064516129025,53,41,overflow,0,False,1,0,,1,1,False,house-61|senate-21
1994,TSCLOOSA,FOSTERS FIRE STATION,FOSTERS FIRE STATION,FOSTERS FIRE STATION,2000,,,VTD2000-125-32,Samantha Fire Dept-New Lexington Voting Blg,ambiguous_fuzzy_name,85.5,0.0,53,41,overflow,0,False,1,0,,2,2,True,house-61|house-72|senate-21|senate-24
1994,TSCLOOSA,HAGLER COMM. CENTER,HAGLER COMMUNITY CENTER,HAGLER COMMUNITY CENTER,2000,,,VTD2000-125-19,Vance Community Center,unmatched_name,84.44444444444444,1.835748792270536,53,41,overflow,0,False,1,0,,1,1,False,house-62|senate-21
1994,TSCLOOSA,KELLERMAN VOT. BLDG.,KELLERMAN VOT BUILDING,KELLERMAN VOT BUILDING,2000,,,VTD2000-125-21,Brookwood City Hall-Kellerman,unmatched_name,55.16129032258064,7.514231499051228,53,41,overflow,0,False,1,0,,1,1,False,house-62|senate-21
1994,TSCLOOSA,LAKEVIEW FIRE STATION,LAKEVIEW FIRE STATION,LAKEVIEW FIRE STATION,2000,,,VTD2000-125-32,Samantha Fire Dept-New Lexington Voting Blg,unmatched_name,85.5,14.388888888888886,53,41,overflow,0,False,1,0,,1,1,False,house-62|senate-21
1994,TSCLOOSA,MCCONNELLS VOT. BLDG.,MCCONNELLS VOT BUILDING,MCCONNELLS VOT BUILDING,2000,,,VTD2000-125-32,Samantha Fire Dept-New Lexington Voting Blg,unmatched_name,50.0,6.36363636363636,53,41,overflow,0,False,1,0,,1,1,False,house-14|senate-5
1994,TSCLOOSA,TANNEHILL VALLEY BAPTIST,TANNEHILL VALLEY BAPTIST,TANNEHILL VALLEY BAPTIST,2000,,,VTD2000-125-36,Chapel Hill Baptist Church,unmatched_name,56.00000000000001,9.5483870967742,53,41,overflow,0,False,1,0,,1,1,False,house-62|senate-21
1994,TSCLOOSA,TUSCALOOSA CO. CTHSE.,TUSCALOOSA COUNTY CTHSE,TUSCALOOSA COUNTY CTHSE,2000,,,VTD2000-125-34,Echola Community Center,unmatched_name,60.86956521739131,0.8695652173913118,53,41,overflow,0,False,1,0,,2,2,True,house-63|house-70|senate-21|senate-24
1994,TSCLOOSA,UNIVERSTIY MALL,UNIVERSTIY MALL,UNIVERSTIY MALL,2000,,,VTD2000-125-10A,University Mall,ambiguous_fuzzy_name,93.33333333333331,7.644677890716878e-07,53,41,overflow,0,False,1,0,,1,1,False,house-63|senate-21
1994,TSCLOOSA,WHITSON UN. METH. CH.,WHITSON UN METH CHURCH,WHITSON UN METH CHURCH,2000,,,VTD2000-125-26,Frierson-Big Sandy Baptist Church,unmatched_name,85.5,17.414893617021278,53,41,overflow,0,False,1,0,,1,1,False,house-14|senate-5
1994,WALKER,PRECINCT 1,PRECINCT,PRECINCT,2000,,,VTD2000-127-15,Piney Woods Fire Dept-Sipsey School,unmatched_name,56.25,0.0,70,34,overflow,0,False,3,0,,1,1,False,house-13|senate-5
1994,WALKER,PRECINCT 10,PRECINCT 10,PRECINCT,2000,,,VTD2000-127-15,Piney Woods Fire Dept-Sipsey School,unmatched_name,49.090909090909086,0.0,70,34,overflow,0,False,3,0,,1,1,False,house-13|senate-5
1994,WALKER,PRECINCT 11,PRECINCT 11,PRECINCT,2000,,,VTD2000-127-15,Piney Woods Fire Dept-Sipsey School,unmatched_name,49.090909090909086,0.0,70,34,overflow,0,False,3,0,,1,1,False,house-13|senate-5
1994,WALKER,PRECINCT 12,PRECINCT 12,PRECINCT,2000,,,VTD2000-127-15,Piney Woods Fire Dept-Sipsey School,unmatched_name,49.090909090909086,0.0,70,34,overflow,0,False,3,0,,1,1,False,house-13|senate-5
1994,WALKER,PRECINCT 13,PRECINCT 13,PRECINCT,2000,,,VTD2000-127-15,Piney Woods Fire Dept-Sipsey School,unmatched_name,49.090909090909086,0.0,70,34,overflow,0,False,3,0,,1,1,False,house-13|senate-5
1994,WALKER,PRECINCT 14,PRECINCT 14,PRECINCT,2000,,,VTD2000-127-15,Piney Woods Fire Dept-Sipsey School,unmatched_name,49.090909090909086,0.0,70,34,overflow,0,False,3,0,,1,1,False,house-13|senate-5
1994,WALKER,PRECINCT 15,PRECINCT 15,PRECINCT,2000,,,VTD2000-127-15,Piney Woods Fire Dept-Sipsey School,unmatched_name,49.090909090909086,0.0,70,34,overflow,0,False,3,0,,1,1,False,house-13|senate-5
1994,WALKER,PRECINCT 16,PRECINCT 16,PRECINCT,2000,,,VTD2000-127-15,Piney Woods Fire Dept-Sipsey School,unmatched_name,49.090909090909086,0.0,70,34,overflow,0,False,3,0,,1,1,False,house-13|senate-5
1994,WALKER,PRECINCT 17,PRECINCT 17,PRECINCT,2000,,,VTD2000-127-15,Piney Woods Fire Dept-Sipsey School,unmatched_name,49.090909090909086,0.0,70,34,overflow,0,False,3,0,,1,1,False,house-14|senate-5
1994,WALKER,PRECINCT 18,PRECINCT 18,PRECINCT,2000,,,VTD2000-127-15,Piney Woods Fire Dept-Sipsey School,unmatched_name,49.090909090909086,0.0,70,34,overflow,0,False,3,0,,1,1,False,house-14|senate-5
1994,WALKER,PRECINCT 19,PRECINCT 19,PRECINCT,2000,,,VTD2000-127-15,Piney Woods Fire Dept-Sipsey School,unmatched_name,49.090909090909086,0.0,70,34,overflow,0,False,3,0,,1,1,False,house-14|senate-5
1994,WALKER,PRECINCT 2,PRECINCT,PRECINCT,2000,,,VTD2000-127-15,Piney Woods Fire Dept-Sipsey School,unmatched_name,56.25,0.0,70,34,overflow,0,False,3,0,,1,1,False,house-13|senate-5
1994,WALKER,PRECINCT 20,PRECINCT 20,PRECINCT,2000,,,VTD2000-127-15,Piney Woods Fire Dept-Sipsey School,unmatched_name,49.090909090909086,0.0,70,34,overflow,0,False,3,0,,1,1,False,house-14|senate-5
1994,WALKER,PRECINCT 21,PRECINCT 21,PRECINCT,2000,,,VTD2000-127-15,Piney Woods Fire Dept-Sipsey School,unmatched_name,49.090909090909086,0.0,70,34,overflow,0,False,3,0,,1,1,False,house-14|senate-5
1994,WALKER,PRECINCT 22,PRECINCT 22,PRECINCT,2000,,,VTD2000-127-15,Piney Woods Fire Dept-Sipsey School,unmatched_name,49.090909090909086,0.0,70,34,overflow,0,False,3,0,,1,1,False,house-14|senate-5
1994,WALKER,PRECINCT 23,PRECINCT 23,PRECINCT,2000,,,VTD2000-127-15,Piney Woods Fire Dept-Sipsey School,unmatched_name,49.090909090909086,0.0,70,34,overflow,0,False,3,0,,1,1,False,house-14|senate-5
1994,WALKER,PRECINCT 24,PRECINCT 24,PRECINCT,2000,,,VTD2000-127-15,Piney Woods Fire Dept-Sipsey School,unmatched_name,49.090909090909086,0.0,70,34,overflow,0,False,3,0,,1,1,False,house-13|senate-5
1994,WALKER,PRECINCT 25,PRECINCT 25,PRECINCT,2000,,,VTD2000-127-15,Piney Woods Fire Dept-Sipsey School,unmatched_name,49.090909090909086,0.0,70,34,overflow,0,False,3,0,,1,1,False,house-14|senate-5
1994,WALKER,PRECINCT 26,PRECINCT 26,PRECINCT,2000,,,VTD2000-127-15,Piney Woods Fire Dept-Sipsey School,unmatched_name,49.090909090909086,0.0,70,34,overflow,0,False,3,0,,1,1,False,house-14|senate-5
1994,WALKER,PRECINCT 27,PRECINCT 27,PRECINCT,2000,,,VTD2000-127-15,Piney Woods Fire Dept-Sipsey School,unmatched_name,49.090909090909086,0.0,70,34,overflow,0,False,3,0,,1,1,False,house-14|senate-5
1994,WALKER,PRECINCT 28,PRECINCT 28,PRECINCT,2000,,,VTD2000-127-15,Piney Woods Fire Dept-Sipsey School,unmatched_name,49.090909090909086,0.0,70,34,overflow,0,False,3,0,,1,1,False,house-14|senate-5
1994,WALKER,PRECINCT 29,PRECINCT 29,PRECINCT,2000,,,VTD2000-127-15,Piney Woods Fire Dept-Sipsey School,unmatched_name,49.090909090909086,0.0,70,34,overflow,0,False,3,0,,1,1,False,house-14|senate-5
1994,WALKER,PRECINCT 3,PRECINCT,PRECINCT,2000,,,VTD2000-127-15,Piney Woods Fire Dept-Sipsey School,unmatched_name,56.25,0.0,70,34,overflow,0,False,3,0,,1,1,False,house-13|senate-5
1994,WALKER,PRECINCT 30,PRECINCT 30,PRECINCT,2000,,,VTD2000-127-15,Piney Woods Fire Dept-Sipsey School,unmatched_name,49.090909090909086,0.0,70,34,overflow,0,False,3,0,,1,1,False,house-14|senate-5
1994,WALKER,PRECINCT 31,PRECINCT 31,PRECINCT,2000,,,VTD2000-127-15,Piney Woods Fire Dept-Sipsey School,unmatched_name,49.090909090909086,0.0,70,34,overflow,0,False,3,0,,1,1,False,house-14|senate-5
1994,WALKER,PRECINCT 32,PRECINCT 32,PRECINCT,2000,,,VTD2000-127-15,Piney Woods Fire Dept-Sipsey School,unmatched_name,49.090909090909086,0.0,70,34,overflow,0,False,3,0,,1,1,False,house-13|senate-5
1994,WALKER,PRECINCT 33,PRECINCT 33,PRECINCT,2000,,,VTD2000-127-15,Piney Woods Fire Dept-Sipsey School,unmatched_name,49.090909090909086,0.0,70,34,overflow,0,False,3,0,,1,1,False,house-13|senate-5
1994,WALKER,PRECINCT 34,PRECINCT 34,PRECINCT,2000,,,VTD2000-127-15,Piney Woods Fire Dept-Sipsey School,unmatched_name,49.090909090909086,0.0,70,34,overflow,0,False,3,0,,1,1,False,house-13|senate-5
1994,WALKER,PRECINCT 35,PRECINCT 35,PRECINCT,2000,,,VTD2000-127-15,Piney Woods Fire Dept-Sipsey School,unmatched_name,49.090909090909086,0.0,70,34,overflow,0,False,3,0,,1,1,False,house-13|senate-5
1994,WALKER,PRECINCT 36,PRECINCT 36,PRECINCT,2000,,,VTD2000-127-15,Piney Woods Fire Dept-Sipsey School,unmatched_name,49.090909090909086,0.0,70,34,overflow,0,False,3,0,,1,1,False,house-13|senate-5
1994,WALKER,PRECINCT 37,PRECINCT 37,PRECINCT,2000,,,VTD2000-127-15,Piney Woods Fire Dept-Sipsey School,unmatched_name,49.090909090909086,0.0,70,34,overflow,0,False,3,0,,1,1,False,house-13|senate-5
1994,WALKER,PRECINCT 38,PRECINCT 38,PRECINCT,2000,,,VTD2000-127-15,Piney Woods Fire Dept-Sipsey School,unmatched_name,49.090909090909086,0.0,70,34,overflow,0,False,3,0,,1,1,False,house-13|senate-5
1994,WALKER,PRECINCT 39,PRECINCT 39,PRECINCT,2000,,,VTD2000-127-15,Piney Woods Fire Dept-Sipsey School,unmatched_name,49.090909090909086,0.0,70,34,overflow,0,False,3,0,,1,1,False,house-13|senate-5
1994,WALKER,PRECINCT 4,PRECINCT 4,PRECINCT,2000,,,VTD2000-127-15,Piney Woods Fire Dept-Sipsey School,unmatched_name,54.0,4.0,70,34,overflow,0,False,3,0,,1,1,False,house-13|senate-5
1994,WALKER,PRECINCT 40,PRECINCT 40,PRECINCT,2000,,,VTD2000-127-15,Piney Woods Fire Dept-Sipsey School,unmatched_name,49.090909090909086,0.0,70,34,overflow,0,False,3,0,,1,1,False,house-13|senate-5
1994,WALKER,PRECINCT 41,PRECINCT 41,PRECINCT,2000,,,VTD2000-127-15,Piney Woods Fire Dept-Sipsey School,unmatched_name,49.090909090909086,0.0,70,34,overflow,0,False,3,0,,1,1,False,house-14|senate-5
1994,WALKER,PRECINCT 42,PRECINCT 42,PRECINCT,2000,,,VTD2000-127-15,Piney Woods Fire Dept-Sipsey School,unmatched_name,49.090909090909086,0.0,70,34,overflow,0,False,3,0,,1,1,False,house-14|senate-5
1994,WALKER,PRECINCT 43,PRECINCT 43,PRECINCT,2000,,,VTD2000-127-15,Piney Woods Fire Dept-Sipsey School,unmatched_name,49.090909090909086,0.0,70,34,overflow,0,False,3,0,,1,1,False,house-14|senate-5
1994,WALKER,PRECINCT 44,PRECINCT 44,PRECINCT,2000,,,VTD2000-127-15,Piney Woods Fire Dept-Sipsey School,unmatched_name,49.090909090909086,0.0,70,34,overflow,0,False,3,0,,1,1,False,house-14|senate-5
1994,WALKER,PRECINCT 45,PRECINCT 45,PRECINCT,2000,,,VTD2000-127-15,Piney Woods Fire Dept-Sipsey School,unmatched_name,49.090909090909086,0.0,70,34,overflow,0,False,3,0,,1,1,False,house-14|senate-5
1994,WALKER,PRECINCT 46,PRECINCT 46,PRECINCT,2000,,,VTD2000-127-15,Piney Woods Fire Dept-Sipsey School,unmatched_name,49.090909090909086,0.0,70,34,overflow,0,False,3,0,,1,1,False,house-14|senate-5
1994,WALKER,PRECINCT 47,PRECINCT 47,PRECINCT,2000,,,VTD2000-127-15,Piney Woods Fire Dept-Sipsey School,unmatched_name,49.090909090909086,0.0,70,34,overflow,0,False,3,0,,1,1,False,house-14|senate-5
1994,WALKER,PRECINCT 48,PRECINCT 48,PRECINCT,2000,,,VTD2000-127-15,Piney Woods Fire Dept-Sipsey School,unmatched_name,49.090909090909086,0.0,70,34,overflow,0,False,3,0,,1,1,False,house-14|senate-5
1994,WALKER,PRECINCT 49,PRECINCT 49,PRECINCT,2000,,,VTD2000-127-15,Piney Woods Fire Dept-Sipsey School,unmatched_name,49.090909090909086,0.0,70,34,overflow,0,False,3,0,,1,1,False,house-14|senate-5
1994,WALKER,PRECINCT 5,PRECINCT 5,PRECINCT,2000,,,VTD2000-127-15,Piney Woods Fire Dept-Sipsey School,unmatched_name,54.0,4.0,70,34,overflow,0,False,3,0,,1,1,False,house-13|senate-5
1994,WALKER,PRECINCT 50,PRECINCT 50,PRECINCT,2000,,,VTD2000-127-15,Piney Woods Fire Dept-Sipsey School,unmatched_name,49.090909090909086,0.0,70,34,overflow,0,False,3,0,,1,1,False,house-14|senate-5
1994,WALKER,PRECINCT 51,PRECINCT 51,PRECINCT,2000,,,VTD2000-127-15,Piney Woods Fire Dept-Sipsey School,unmatched_name,49.090909090909086,0.0,70,34,overflow,0,False,3,0,,1,1,False,house-14|senate-5
1994,WALKER,PRECINCT 52,PRECINCT 52,PRECINCT,2000,,,VTD2000-127-15,Piney Woods Fire Dept-Sipsey School,unmatched_name,49.090909090909086,0.0,70,34,overflow,0,False,3,0,,1,1,False,house-13|senate-5
1994,WALKER,PRECINCT 53,PRECINCT 53,PRECINCT,2000,,,VTD2000-127-15,Piney Woods Fire Dept-Sipsey School,unmatched_name,49.090909090909086,0.0,70,34,overflow,0,False,3,0,,1,1,False,house-13|senate-5
1994,WALKER,PRECINCT 54,PRECINCT 54,PRECINCT,2000,,,VTD2000-127-15,Piney Woods Fire Dept-Sipsey School,unmatched_name,49.090909090909086,0.0,70,34,overflow,0,False,3,0,,1,1,False,house-13|senate-5
1994,WALKER,PRECINCT 55,PRECINCT 55,PRECINCT,2000,,,VTD2000-127-15,Piney Woods Fire Dept-Sipsey School,unmatched_name,49.090909090909086,0.0,70,34,overflow,0,False,3,0,,1,1,False,house-14|senate-5
1994,WALKER,PRECINCT 56,PRECINCT 56,PRECINCT,2000,,,VTD2000-127-15,Piney Woods Fire Dept-Sipsey School,unmatched_name,49.090909090909086,0.0,70,34,overflow,0,False,3,0,,1,1,False,house-13|senate-5
1994,WALKER,PRECINCT 57,PRECINCT 57,PRECINCT,2000,,,VTD2000-127-15,Piney Woods Fire Dept-Sipsey School,unmatched_name,49.090909090909086,0.0,70,34,overflow,0,False,3,0,,1,1,False,house-14|senate-5
1994,WALKER,PRECINCT 58,PRECINCT 58,PRECINCT,2000,,,VTD2000-127-15,Piney Woods Fire Dept-Sipsey School,unmatched_name,49.090909090909086,0.0,70,34,overflow,0,False,3,0,,1,1,False,house-14|senate-5
1994,WALKER,PRECINCT 59,PRECINCT 59,PRECINCT,2000,,,VTD2000-127-15,Piney Woods Fire Dept-Sipsey School,unmatched_name,49.090909090909086,0.0,70,34,overflow,0,False,3,0,,1,1,False,house-14|senate-5
1994,WALKER,PRECINCT 6,PRECINCT 6,PRECINCT,2000,,,VTD2000-127-15,Piney Woods Fire Dept-Sipsey School,unmatched_name,54.0,4.0,70,34,overflow,0,False,3,0,,1,1,False,house-13|senate-5
1994,WALKER,PRECINCT 60,PRECINCT 60,PRECINCT,2000,,,VTD2000-127-15,Piney Woods Fire Dept-Sipsey School,unmatched_name,49.090909090909086,0.0,70,34,overflow,0,False,3,0,,1,1,False,house-14|senate-5
1994,WALKER,PRECINCT 61,PRECINCT 61,PRECINCT,2000,,,VTD2000-127-15,Piney Woods Fire Dept-Sipsey School,unmatched_name,49.090909090909086,0.0,70,34,overflow,0,False,3,0,,1,1,False,house-14|senate-5
1994,WALKER,PRECINCT 62,PRECINCT 62,PRECINCT,2000,,,VTD2000-127-15,Piney Woods Fire Dept-Sipsey School,unmatched_name,49.090909090909086,0.0,70,34,overflow,0,False,3,0,,1,1,False,house-13|senate-5
1994,WALKER,PRECINCT 63,PRECINCT 63,PRECINCT,2000,,,VTD2000-127-15,Piney Woods Fire Dept-Sipsey School,unmatched_name,49.090909090909086,0.0,70,34,overflow,0,False,3,0,,1,1,False,house-13|senate-5
1994,WALKER,PRECINCT 64,PRECINCT 64,PRECINCT,2000,,,VTD2000-127-15,Piney Woods Fire Dept-Sipsey School,unmatched_name,49.090909090909086,0.0,70,34,overflow,0,False,3,0,,1,1,False,house-13|senate-5
1994,WALKER,PRECINCT 65,PRECINCT 65,PRECINCT,2000,,,VTD2000-127-15,Piney Woods Fire Dept-Sipsey School,unmatched_name,49.090909090909086,0.0,70,34,overflow,0,False,3,0,,1,1,False,house-13|senate-5
1994,WALKER,PRECINCT 66,PRECINCT 66,PRECINCT,2000,,,VTD2000-127-15,Piney Woods Fire Dept-Sipsey School,unmatched_name,49.090909090909086,0.0,70,34,overflow,0,False,3,0,,1,1,False,house-13|senate-5
1994,WALKER,PRECINCT 67,PRECINCT 67,PRECINCT,2000,,,VTD2000-127-15,Piney Woods Fire Dept-Sipsey School,unmatched_name,49.090909090909086,0.0,70,34,overflow,0,False,3,0,,1,1,False,house-13|senate-5
1994,WALKER,PRECINCT 68,PRECINCT 68,PRECINCT,2000,,,VTD2000-127-15,Piney Woods Fire Dept-Sipsey School,unmatched_name,49.090909090909086,0.0,70,34,overflow,0,False,3,0,,1,1,False,house-14|senate-5
1994,WALKER,PRECINCT 69,PRECINCT 69,PRECINCT,2000,,,VTD2000-127-15,Piney Woods Fire Dept-Sipsey School,unmatched_name,49.090909090909086,0.0,70,34,overflow,0,False,3,0,,1,1,False,house-14|senate-5
1994,WALKER,PRECINCT 7,PRECINCT 7,PRECINCT,2000,,,VTD2000-127-15,Piney Woods Fire Dept-Sipsey School,unmatched_name,54.0,4.0,70,34,overflow,0,False,3,0,,1,1,False,house-13|senate-5
1994,WALKER,PRECINCT 70,PRECINCT 70,PRECINCT,2000,,,VTD2000-127-15,Piney Woods Fire Dept-Sipsey School,unmatched_name,49.090909090909086,0.0,70,34,overflow,0,False,3,0,,1,1,False,house-14|senate-5
1994,WALKER,PRECINCT 8,PRECINCT 8,PRECINCT,2000,,,VTD2000-127-15,Piney Woods Fire Dept-Sipsey School,unmatched_name,54.0,4.0,70,34,overflow,0,False,3,0,,1,1,False,house-13|senate-5
1994,WALKER,PRECINCT 9,PRECINCT 9,PRECINCT,2000,,,VTD2000-127-15,Piney Woods Fire Dept-Sipsey School,unmatched_name,54.0,4.0,70,34,overflow,0,False,3,0,,1,1,False,house-13|senate-5
1994,WASHNTON,ESCATAWPA,ESCATAWPA,ESCATAWPA,2000,,,VTD2000-129-17,Chatom,unmatched_name,49.090909090909086,6.340909090909086,31,17,overflow,0,False,0,0,,1,1,False,house-65|senate-22
1994,WASHNTON,JORDAN,JORDAN,JORDAN,2000,,,VTD2000-129-3,Frankville Fire House-Bigbee,unmatched_name,54.0,0.0,31,17,overflow,0,False,0,0,,1,1,False,house-65|senate-22
1994,WINSTON,HOUST./MART. STR.,HOUST MART STR,HOUST MART STR,2000,,,VTD2000-133-6,Houston Fire Dept,unmatched_name,54.054054054054056,5.196911196911202,22,11,overflow,0,False,2,0,,1,1,False,house-17|senate-6
1994,WINSTON,NESMITH,NESMITH,NESMITH,2000,,,VTD2000-133-7,Addison Community Center,unmatched_name,46.63636363636363,3.886363636363633,22,11,overflow,0,False,2,0,,1,1,False,house-17|senate-6
1994,LADRDALE,CO. BOARD OF ED. ADM. BLDG.,COUNTY BOARD OF ED ADM BUILDING,COUNTY BOARD OF ED ADM BUILDING,2000,,,VTD2000-077-11,Lauderdale Co Bd of Ed,unmatched_name,63.33333333333332,2.0430107526881613,36,34,overflow,0,False,3,3,1999-3802|1999-3821|2000-0265,0,1,False,senate-1
1998,BARBOUR,011 NEW ARMORY W-10,NEW ARMORY W 10,NEW ARMORY W,2000,,,VTD2000-005-1,Woodham's Store,unmatched_name,38.0,0.962962962962962,35,10,overflow,0,False,1,0,,1,1,False,house-84|senate-28
1998,BARBOUR,012 SANFORD W-3 B.,SANFORD W 3 B,SANFORD W 3 B,2000,,,VTD2000-005-1,Woodham's Store,unmatched_name,40.71428571428572,4.714285714285715,35,10,overflow,0,False,1,0,,1,1,False,house-84|senate-28
1998,BARBOUR,019 GRUBBS,GRUBBS,GRUBBS,2000,,,VTD2000-005-10,Blue Springs,unmatched_name,45.0,12.272727272727266,35,10,overflow,0,False,1,0,,1,1,False,house-84|senate-28
1998,BARBOUR,020 BEVILLE W-6,BEVILLE W 6,BEVILLE W,2000,,,VTD2000-005-4,Bakerhill,unmatched_name,50.0,2.3809523809523867,35,10,overflow,0,False,1,0,,1,1,False,house-84|senate-28
1998,BARBOUR,029 GREEN'S B. 1,GREEN S B,GREEN S B,2000,,,VTD2000-005-3,Coggin's Store,ambiguous_fuzzy_name,85.5,0.0001280121606939,35,10,overflow,0,False,1,0,,1,1,False,house-84|senate-28
1998,BARBOUR,034 JOHNNY BOYD'S B.,JOHNNY BOYD S B,JOHNNY BOYD S B,2000,,,VTD2000-005-1,Woodham's Store,unmatched_name,40.0,3.357142857142854,35,10,overflow,0,False,1,0,,1,1,False,house-84|senate-28
1998,BARBOUR,037 JUNIOR TURNER'S B.,JUNIOR TURNER S B,JUNIOR TURNER S B,2000,,,VTD2000-005-2,Clio,unmatched_name,45.0,2.0967741935483843,35,10,overflow,0,False,1,0,,1,1,False,house-84|senate-28
1998,BULLOCK,9-1 CONERSTONE,9 1 CONERSTONE,1 CONERSTONE,2000,,,VTD2000-011-2-1,Guerryton,unmatched_name,56.25,3.308823529411761,26,15,overflow,0,False,2,0,,1,1,False,house-82|senate-28
1998,BUTLER,0170 NEW ARMORY #1,NEW ARMORY,NEW ARMORY,2000,,,VTD2000-013-12-3,Old Armory Near Courthouse at Greenville,ambiguous_fuzzy_name,85.5,2.775557561562892e-13,26,23,overflow,0,False,1,0,,1,1,False,house-90|senate-30
1998,BUTLER,0171 NEW ARMORY #2,NEW ARMORY,NEW ARMORY,2000,,,VTD2000-013-12-3,Old Armory Near Courthouse at Greenville,ambiguous_fuzzy_name,85.5,2.775557561562892e-13,26,23,overflow,0,False,1,0,,1,1,False,house-90|senate-30
1998,BUTLER,0380 G ANA ARMORY #1,G ANA ARMORY,G ANA ARMORY,2000,,,VTD2000-013-12-3,Old Armory Near Courthouse at Greenville,ambiguous_fuzzy_name,85.5,2.775557561562892e-13,26,23,overflow,0,False,1,0,,1,1,False,house-90|senate-30
1998,BUTLER,0381 G ANA ARMORY #2,G ANA ARMORY,G ANA ARMORY,2000,,,VTD2000-013-12-3,Old Armory Near Courthouse at Greenville,ambiguous_fuzzy_name,85.5,2.775557561562892e-13,26,23,overflow,0,False,1,0,,1,1,False,house-90|senate-30
1998,BUTLER,0510 MCLAINS VOTING HOUSE,MCLAINS VOTING HOUSE,MCLAINS VOTING HOUSE,2000,,,VTD2000-013-18,Voting House at McLain's,ambiguous_fuzzy_name,86.36363636363636,1.1102230246251565e-13,26,23,overflow,0,False,1,0,,1,1,False,house-90|senate-30
1998,CALHOUN,260 COOSA VALLEY SADDLE CLUB,COOSA VALLEY SADDLE CLUB,COOSA VALLEY SADDLE CLUB,2000,,,VTD2000-015-1,Jacksonville,unmatched_name,46.95652173913043,0.2898550724637658,52,24,overflow,0,False,4,0,,1,1,False,house-34|senate-12
1998,CHAMBERS,013 LAKEVIEW,LAKEVIEW,LAKEVIEW,2000,,,VTD2000-017-8,LaFayette,unmatched_name,47.05882352941176,2.058823529411761,24,13,overflow,0,False,0,0,,1,1,False,house-37|senate-13
1998,CHEROKEE,14-1 UNITY CHURCH,14 1 UNITY CHURCH,1 UNITY CHURCH,2000,,,VTD2000-019-14,Unity-Watson's Chapel,unmatched_name,43.18181818181818,0.4318181818181799,31,23,overflow,0,False,0,0,,1,1,False,house-39|senate-13
1998,CHEROKEE,9-1 JACK ADRIAN STORE,9 1 JACK ADRIAN STORE,1 JACK ADRIAN STORE,2000,,,VTD2000-019-6,Centre,unmatched_name,54.0,5.282051282051285,31,23,overflow,0,False,0,0,,1,1,False,house-39|senate-13
1998,CLARKE,0070 VOTING HOUSE 84 & 35,VOTING HOUSE 84 AND 35,VOTING HOUSE 84 AND,2000,,,VTD2000-025-11,Voting House,ambiguous_fuzzy_name,90.0,3.715855290131742e-07,29,21,overflow,0,False,0,0,,1,1,False,house-68|senate-23
1998,CLEBURNE,1-1,1 1,1,2000,,,VTD2000-029-7,Bell's Mill,unmatched_name,34.2,4.199999999999999,16,12,overflow,0,False,0,0,,1,1,False,house-39|senate-13
1998,CLEBURNE,10-1,10 1,1,2000,,,VTD2000-029-11,Bud Blake's-Guy Cavender's,unmatched_name,30.000000000000004,1.5000000000000036,16,12,overflow,0,False,0,0,,1,1,False,house-39|senate-13
1998,CLEBURNE,11-1,11 1,1,2000,,,VTD2000-029-11,Bud Blake's-Guy Cavender's,unmatched_name,30.000000000000004,1.5000000000000036,16,12,overflow,0,False,0,0,,1,1,False,house-39|senate-13
1998,CLEBURNE,11-2,11 2,2,2000,,,VTD2000-029-11,Bud Blake's-Guy Cavender's,unmatched_name,30.000000000000004,1.5000000000000036,16,12,overflow,0,False,0,0,,1,1,False,house-39|senate-13
1998,CLEBURNE,12-1,12 1,1,2000,,,VTD2000-029-11,Bud Blake's-Guy Cavender's,unmatched_name,30.000000000000004,1.5000000000000036,16,12,overflow,0,False,0,0,,1,1,False,house-39|senate-13
1998,CLEBURNE,12-3,12 3,3,2000,,,VTD2000-029-11,Bud Blake's-Guy Cavender's,unmatched_name,30.000000000000004,1.5000000000000036,16,12,overflow,0,False,0,0,,1,1,False,house-39|senate-13
1998,CLEBURNE,15-1,15 1,1,2000,,,VTD2000-029-11,Bud Blake's-Guy Cavender's,unmatched_name,30.000000000000004,1.5000000000000036,16,12,overflow,0,False,0,0,,1,1,False,house-39|senate-13
1998,CLEBURNE,2-1,2 1,1,2000,,,VTD2000-029-7,Bell's Mill,unmatched_name,34.2,4.199999999999999,16,12,overflow,0,False,0,0,,1,1,False,house-39|senate-13
1998,CLEBURNE,3-1,3 1,1,2000,,,VTD2000-029-7,Bell's Mill,unmatched_name,34.2,4.199999999999999,16,12,overflow,0,False,0,0,,1,1,False,house-39|senate-13
1998,CLEBURNE,4-1,4 1,1,2000,,,VTD2000-029-7,Bell's Mill,unmatched_name,34.2,4.199999999999999,16,12,overflow,0,False,0,0,,1,1,False,house-39|senate-13
1998,CLEBURNE,6-1,6 1,1,2000,,,VTD2000-029-7,Bell's Mill,unmatched_name,34.2,4.199999999999999,16,12,overflow,0,False,0,0,,1,1,False,house-39|senate-13
1998,CLEBURNE,7-1,7 1,1,2000,,,VTD2000-029-7,Bell's Mill,unmatched_name,34.2,4.199999999999999,16,12,overflow,0,False,0,0,,1,1,False,house-39|senate-13
1998,CLEBURNE,8-1,8 1,1,2000,,,VTD2000-029-7,Bell's Mill,unmatched_name,34.2,4.199999999999999,16,12,overflow,0,False,0,0,,1,1,False,house-39|senate-13
1998,CLEBURNE,8-2,8 2,2,2000,,,VTD2000-029-7,Bell's Mill,unmatched_name,34.2,4.199999999999999,16,12,overflow,0,False,0,0,,1,1,False,house-39|senate-13
1998,CLEBURNE,9-1A,9 1A,1A,2000,,,VTD2000-029-9,Hightower-Ranburne,unmatched_name,45.0,0.0,16,12,overflow,0,False,0,0,,1,1,False,house-39|senate-13
1998,CLEBURNE,9-2,9 2,2,2000,,,VTD2000-029-7,Bell's Mill,unmatched_name,34.2,4.199999999999999,16,12,overflow,0,False,0,0,,1,1,False,house-39|senate-13
1998,COFFEE,0180 ELBA RESERVE ARMORY,ELBA RESERVE ARMORY,ELBA RESERVE ARMORY,2000,,,VTD2000-031-9-5,New Brockton Nat'l Guard Armory,ambiguous_fuzzy_name,85.5,5.995204332975845e-13,36,27,overflow,0,False,0,0,,1,1,False,house-91|senate-31
1998,CONECUH,10-1A BROWNVILLE FIRE HOUSE,10 1A BROWNVILLE FIRE HOUSE,1A BROWNVILLE FIRE HOUSE,2000,,,VTD2000-035-1-1,Annex Voting House,ambiguous_fuzzy_name,85.5,3.0491622116102235e-06,26,28,underflow,0,False,3,2,99-2097|99-2149,2,2,True,house-64|house-68|senate-22|senate-23
1998,CONECUH,11-3A NATIONAL GUARD,11 3A NATIONAL GUARD,3A NATIONAL GUARD,2000,,,VTD2000-035-11-3,National Guard Armory,unmatched_name,78.23529411764704,36.13003095975231,26,28,underflow,0,False,3,2,99-2097|99-2149,2,2,True,house-64|house-68|senate-22|senate-23
1998,CONECUH,14-1A WOATEN VOTING CENTER,14 1A WOATEN VOTING CENTER,1A WOATEN VOTING CENTER,2000,,,VTD2000-035-4-3,Wooten Voting Center,unmatched_name,82.6086956521739,0.0,26,28,underflow,0,False,3,2,99-2097|99-2149,2,2,True,house-64|house-68|senate-22|senate-23
1998,CONECUH,15-2A BERMUDA FIRE HOUSE,15 2A BERMUDA FIRE HOUSE,2A BERMUDA FIRE HOUSE,2000,,,VTD2000-035-6-2,Fire Dept.,unmatched_name,85.5,16.888888888888886,26,28,underflow,0,False,3,2,99-2097|99-2149,2,2,True,house-64|house-68|senate-22|senate-23
1998,CONECUH,4-1A BELLEVILLE,4 1A BELLEVILLE,1A BELLEVILLE,2000,,,VTD2000-035-4-1,Belleville Fire Dept.,unmatched_name,85.5,42.3,26,28,underflow,0,False,3,2,99-2097|99-2149,2,2,True,house-64|house-68|senate-22|senate-23
1998,CONECUH,4-2A OLD FIELD AME,4 2A OLD FIELD AME,2A OLD FIELD AME,2000,,,VTD2000-035-4-2,Old Field Church,unmatched_name,68.39999999999999,15.76842105263156,26,28,underflow,0,False,3,2,99-2097|99-2149,2,2,True,house-64|house-68|senate-22|senate-23
1998,COOSA,0010 EQUALITY,EQUALITY,EQUALITY,2000,,,VTD2000-037-1-11,Equality Fire Dept.,ambiguous_fuzzy_name,90.0,6.418346965020305e-08,12,20,underflow,0,False,1,0,,1,1,False,house-31|senate-11
1998,COOSA,0016 MT. OLIVE,MOUNT OLIVE,MOUNT OLIVE,2000,,,VTD2000-037-3-6,Kellyton Community Center,unmatched_name,49.090909090909086,0.0,12,20,underflow,0,False,1,0,,1,1,False,house-31|senate-11
1998,COOSA,0020 KELLEYTON COMM. CENTER,KELLEYTON COMMUNITY CENTER,KELLEYTON COMMUNITY CENTER,2000,,,VTD2000-037-3-6,Kellyton Community Center,ambiguous_fuzzy_name,98.0392156862745,3.864466524561294e-08,12,20,underflow,0,False,1,0,,1,1,False,house-31|senate-11
1998,COOSA,0030 GOODWATER,GOODWATER,GOODWATER,2000,,,VTD2000-037-4-4,Goodwater Fire Dept.,ambiguous_fuzzy_name,90.0,0.0063149250039695,12,20,underflow,0,False,1,0,,1,1,False,house-31|senate-11
1998,COOSA,0050 HANOVER,HANOVER,HANOVER,2000,,,VTD2000-037-6-14,Hanover Shop,ambiguous_fuzzy_name,90.0,4.2188474935755954e-13,12,20,underflow,0,False,1,0,,1,1,False,house-31|senate-11
1998,COOSA,0065 ROCKFORD,ROCKFORD,ROCKFORD,2000,,,VTD2000-037-7-12,Rockford Courthouse,ambiguous_fuzzy_name,90.0,8.881784197001252e-14,12,20,underflow,0,False,1,0,,1,1,False,house-31|senate-11
1998,COOSA,0067 WEDGUFKA,WEDGUFKA,WEDGUFKA,2000,,,VTD2000-037-11-17,Weogufka Voting House,unmatched_name,78.75,33.75,12,20,underflow,0,False,1,0,,1,1,False,house-31|senate-11
1998,COOSA,0070 STEWARTVILLE,STEWARTVILLE,STEWARTVILLE,2000,,,VTD2000-037-12-16,Stewartville Voting House,ambiguous_fuzzy_name,90.0,2.1629698032654687e-09,12,20,underflow,0,False,1,0,,1,1,False,house-31|senate-11
1998,COOSA,0100 RICHVILLE,RICHVILLE,RICHVILLE,2000,,,VTD2000-037-15-19,Richville Fire Dept.,ambiguous_fuzzy_name,90.0,5.4892901335534816e-08,12,20,underflow,0,False,1,0,,1,1,False,house-31|senate-11
1998,COVINGTON,10-2 CATOE'S STORE,10 2 CATOE S STORE,2 CATOE S STORE,2000,,,VTD2000-039-10,Beda Wing Fire Dept.-Catoe's Store,ambiguous_fuzzy_name,85.5,1.1878271843901445e-05,56,24,overflow,0,False,1,0,,1,1,False,house-92|senate-31
1998,COVINGTON,14-1 VALLEY GROVE,14 1 VALLEY GROVE,1 VALLEY GROVE,2000,,,VTD2000-039-14,Valley Grave-Friendship,unmatched_name,57.0,11.285714285714285,56,24,overflow,0,False,1,0,,1,1,False,house-92|senate-31
1998,COVINGTON,4-2 RODGER'S VOTING HOUSE,4 2 RODGER S VOTING HOUSE,2 RODGER S VOTING HOUSE,2000,,,VTD2000-039-10,Beda Wing Fire Dept.-Catoe's Store,ambiguous_fuzzy_name,85.5,1.1878271843901445e-05,56,24,overflow,0,False,1,0,,1,1,False,house-92|senate-31
1998,DALE,0135 CLATHATCHEE-COMM. HOUSE,CLATHATCHEE COMMUNITY HOUSE,CLATHATCHEE COMMUNITY HOUSE,2000,,,VTD2000-045-9,Echo,unmatched_name,67.5,10.227272727272728,21,17,overflow,0,False,1,1,2000-0156,0,1,False,senate-31
1998,DALE,0190 GRIMES COMM. CENTER,GRIMES COMMUNITY CENTER,GRIMES COMMUNITY CENTER,2000,,,VTD2000-045-13,Bertha,unmatched_name,45.0,0.0,21,17,overflow,0,False,1,1,2000-0156,0,1,False,senate-31
1998,DALLAS,0140 UNION DALLAS AIR/CON.,UNION DALLAS AIR CON,UNION DALLAS AIR CON,2000,,,VTD2000-047-1001,Dallas A-C and Heating,unmatched_name,58.80952380952381,2.673160173160177,30,29,overflow,0,False,2,0,,2,1,True,house-67|house-69|senate-23
1998,DALLAS,0290 BROAD STREET FIRE STATION,BROAD STREET FIRE STATION,BROAD STREET FIRE STATION,2000,,,VTD2000-047-D37E,Broad St Fire Station,ambiguous_fuzzy_name,85.71428571428572,0.0,30,29,overflow,0,False,2,0,,1,1,False,house-67|senate-23
1998,DEKALB,15-1 MOUNT OLIVE ADVENT,15 1 MOUNT OLIVE ADVENT,1 MOUNT OLIVE ADVENT,2000,,,VTD2000-049-21,Mentone,unmatched_name,54.0,0.3414634146341413,78,30,overflow,0,False,1,0,,1,1,False,house-24|senate-8
1998,DEKALB,15-3A RURITAN BLDG.,15 3A RURITAN BUILDING,3A RURITAN BUILDING,2000,,,VTD2000-049-27,Geraldine,unmatched_name,51.42857142857142,5.828571428571422,78,30,overflow,0,False,1,0,,1,1,False,house-24|senate-8
1998,DEKALB,15-3B RURITAN BLDG.,15 3B RURITAN BUILDING,3B RURITAN BUILDING,2000,,,VTD2000-049-27,Geraldine,unmatched_name,51.42857142857142,5.828571428571422,78,30,overflow,0,False,1,0,,1,1,False,house-24|senate-8
1998,DEKALB,16-2 R'VILLE BURNT CH.,16 2 R VILLE BURNT CHURCH,2 R VILLE BURNT CHURCH,2000,,,VTD2000-049-3,Collbran,unmatched_name,56.25,4.8214285714285765,78,30,overflow,0,False,1,0,,1,1,False,house-24|senate-8
1998,DEKALB,17-2 CLUBHOUSE\GROVE OAK,17 2 CLUBHOUSE GROVE OAK,2 CLUBHOUSE GROVE OAK,2000,,,VTD2000-049-28,Fisher,unmatched_name,45.0,2.647058823529413,78,30,overflow,0,False,1,0,,2,2,True,house-24|house-26|senate-8|senate-9
1998,DEKALB,17-3 OLD SCHOOL,17 3 OLD SCHOOL,3 OLD SCHOOL,2000,,,VTD2000-049-14,Shiloh,unmatched_name,45.0,0.0,78,30,overflow,0,False,1,0,,1,1,False,house-24|senate-8
1998,DEKALB,18-6 LATHEMVILLE METH. CHURCH,18 6 LATHEMVILLE METH CHURCH,6 LATHEMVILLE METH CHURCH,2000,,,VTD2000-049-11,Valley Head,unmatched_name,49.090909090909086,0.6293706293706265,78,30,overflow,0,False,1,0,,1,1,False,house-26|senate-9
1998,DEKALB,22-1 CLUBHOUSE P'VILLE,22 1 CLUBHOUSE P VILLE,1 CLUBHOUSE P VILLE,2000,,,VTD2000-049-6,Collinsville,unmatched_name,52.94117647058824,1.6411764705882348,78,30,overflow,0,False,1,0,,2,0,True,house-13|house-39
1998,DEKALB,24-1 WHILTON OLD SCHOOL,24 1 WHILTON OLD SCHOOL,1 WHILTON OLD SCHOOL,2000,,,VTD2000-049-14,Shiloh,unmatched_name,60.00000000000001,0.1500000000000056,78,30,overflow,0,False,1,0,,1,1,False,house-26|senate-9
1998,DEKALB,25-1 ANTIOCH BARRYS BBQ,25 1 ANTIOCH BARRYS BBQ,1 ANTIOCH BARRYS BBQ,2000,,,VTD2000-049-24,Harmony,unmatched_name,51.42857142857142,6.428571428571424,78,30,overflow,0,False,1,0,,1,1,False,house-24|senate-8
1998,DEKALB,27-1 A TO Z CTR. GR'DINE,27 1 A TO Z CENTER GR DINE,1 A TO Z CENTER GR DINE,2000,,,VTD2000-049-27,Geraldine,unmatched_name,67.5,7.499999999999993,78,30,overflow,0,False,1,0,,1,1,False,house-26|senate-9
1998,DEKALB,5-1 COPELAND BRIDGE CHURCH,5 1 COPELAND BRIDGE CHURCH,1 COPELAND BRIDGE CHURCH,2000,,,VTD2000-049-5,Copeland's Bridge,unmatched_name,85.5,22.5,78,30,overflow,0,False,1,0,,3,1,True,house-13|house-26|house-39|senate-9
1998,DEKALB,9-1A COURTHOUSE LOBBY,9 1A COURTHOUSE LOBBY,1A COURTHOUSE LOBBY,2000,,,VTD2000-049-14,Shiloh,unmatched_name,45.0,0.0,78,30,overflow,0,False,1,0,,1,1,False,house-24|senate-8
1998,DEKALB,9-1B COURTHOUSE LOBBY,9 1B COURTHOUSE LOBBY,1B COURTHOUSE LOBBY,2000,,,VTD2000-049-14,Shiloh,unmatched_name,45.0,0.0,78,30,overflow,0,False,1,0,,1,1,False,house-24|senate-8
1998,DEKALB,9-1C COURTHOUSE LOBBY,9 1C COURTHOUSE LOBBY,1C COURTHOUSE LOBBY,2000,,,VTD2000-049-14,Shiloh,unmatched_name,45.0,0.0,78,30,overflow,0,False,1,0,,1,1,False,house-24|senate-8
1998,DEKALB,9-2A SENIOR CITIZEN CENTER,9 2A SENIOR CITIZEN CENTER,2A SENIOR CITIZEN CENTER,2000,,,VTD2000-049-4,Keener,unmatched_name,65.45454545454547,5.45454545454546,78,30,overflow,0,False,1,0,,1,1,False,house-24|senate-8
1998,DEKALB,9-2B SENIOR CITIZEN CENTER,9 2B SENIOR CITIZEN CENTER,2B SENIOR CITIZEN CENTER,2000,,,VTD2000-049-4,Keener,unmatched_name,65.45454545454547,5.45454545454546,78,30,overflow,0,False,1,0,,1,1,False,house-24|senate-8
1998,DEKALB,9-3A FIRE HALL #2,9 3A FIRE HALL,3A FIRE HALL,2000,,,VTD2000-049-10,White Hall,unmatched_name,58.33333333333333,12.179487179487175,78,30,overflow,0,False,1,0,,1,1,False,house-24|senate-8
1998,DEKALB,9-3B FIRE HALL #2,9 3B FIRE HALL,3B FIRE HALL,2000,,,VTD2000-049-10,White Hall,unmatched_name,58.33333333333333,13.333333333333329,78,30,overflow,0,False,1,0,,1,1,False,house-24|senate-8
1998,DEKALB,9-5A LOG CABIN ANTIQUES,9 5A LOG CABIN ANTIQUES,5A LOG CABIN ANTIQUES,2000,,,VTD2000-049-3,Collbran,unmatched_name,45.0,0.0,78,30,overflow,0,False,1,0,,1,1,False,house-24|senate-8
1998,DEKALB,9-6A REC CENTER LOBBY,9 6A RECREATION CENTER LOBBY,6A RECREATION CENTER LOBBY,2000,,,VTD2000-049-4,Keener,unmatched_name,60.00000000000001,7.384615384615394,78,30,overflow,0,False,1,0,,1,1,False,house-24|senate-8
1998,DEKALB,9-6B REC CENTER LOBBY,9 6B RECREATION CENTER LOBBY,6B RECREATION CENTER LOBBY,2000,,,VTD2000-049-4,Keener,unmatched_name,60.00000000000001,7.384615384615394,78,30,overflow,0,False,1,0,,1,1,False,house-24|senate-8
1998,DEKALB,9-7A VFW HALL FT. PAYNE,9 7A VFW HALL FT PAYNE,7A VFW HALL FT PAYNE,2000,,,VTD2000-049-10,White Hall,ambiguous_fuzzy_name,85.5,8.652613070481152e-08,78,30,overflow,0,False,1,0,,1,1,False,house-24|senate-8
1998,DEKALB,9-7B VFW HALL FT. PAYNE,9 7B VFW HALL FT PAYNE,7B VFW HALL FT PAYNE,2000,,,VTD2000-049-10,White Hall,ambiguous_fuzzy_name,85.5,8.652613070481152e-08,78,30,overflow,0,False,1,0,,1,1,False,house-24|senate-8
1998,DEKALB,9-8A FORREST AVENUE\SCHOOL LIBRARY,9 8A FORREST AVENUE SCHOOL LIBRARY,8A FORREST AVENUE SCHOOL LIBRARY,2000,,,VTD2000-049-3,Collbran,unmatched_name,67.5,13.5,78,30,overflow,0,False,1,0,,1,1,False,house-24|senate-8
1998,ELMORE,0020 SOUTHSIDE SCHOOL TALLASSEE,SOUTHSIDE SCHOOL TALLASSEE,SOUTHSIDE SCHOOL TALLASSEE,2000,,,VTD2000-051-0021,South Side School,unmatched_name,87.27272727272728,37.08404802744427,31,45,underflow,0,False,1,0,,1,1,False,house-31|senate-11
1998,ELMORE,0140 SEMAN COMM. CENTER,SEMAN COMMUNITY CENTER,SEMAN COMMUNITY CENTER,2000,,,VTD2000-051-0081,Santuck Community Center,ambiguous_fuzzy_name,86.95652173913044,8.881784197001252e-14,31,45,underflow,0,False,1,0,,1,1,False,house-31|senate-11
1998,ELMORE,0160 SANTUCK COMM. CENTER,SANTUCK COMMUNITY CENTER,SANTUCK COMMUNITY CENTER,2000,,,VTD2000-051-0081,Santuck Community Center,ambiguous_exact_name,100.0,8.881784197001252e-14,31,45,underflow,0,False,1,0,,1,1,False,house-31|senate-11
1998,ELMORE,0370 FITZPATRICK COMM. HOUSE,FITZPATRICK COMMUNITY HOUSE,FITZPATRICK COMMUNITY HOUSE,2000,,,VTD2000-051-0191,Fitzpatrick Comm House,ambiguous_exact_name,100.0,6.661338147750939e-14,31,45,underflow,0,False,1,0,,1,1,False,house-75|senate-25
1998,ELMORE,0390 COOSADA CITY HALL,COOSADA CITY HALL,COOSADA CITY HALL,2000,,,VTD2000-051-0211,Coosada City Hall-B,ambiguous_fuzzy_name,95.0,2.540241905713003e-07,31,45,underflow,0,False,1,0,,1,1,False,house-75|senate-25
1998,ELMORE,0445 VICTORY BAPTIST SCHOOL #1,VICTORY BAPTIST SCHOOL,VICTORY BAPTIST SCHOOL,2000,,,VTD2000-051-0221,Victory Baptist School,ambiguous_exact_name,100.0,2.331468351712829e-13,31,45,underflow,0,False,1,0,,2,2,True,house-75|house-88|senate-25|senate-30
1998,ELMORE,0446 VICTORY BAPTIST SCHOOL #2,VICTORY BAPTIST SCHOOL,VICTORY BAPTIST SCHOOL,2000,,,VTD2000-051-0221,Victory Baptist School,ambiguous_exact_name,100.0,2.331468351712829e-13,31,45,underflow,0,False,1,0,,2,2,True,house-75|house-88|senate-25|senate-30
1998,ESCAMBIA,0620 ROCK HILL RIDGE RD. FIRE DEPT.,ROCK HILL RIDGE RD FIRE DEPARTMENT,ROCK HILL RIDGE RD FIRE DEPARTMENT,2000,,,VTD2000-053-0320,Pleasant Hill Church,ambiguous_fuzzy_name,85.5,1.4432899320127038e-13,34,33,overflow,0,False,3,2,1999-3862|99-1666,1,1,False,house-66|senate-22
1998,FAYETTE,10/02 LEE-OAK RIDGE,10 2 LEE OAK RIDGE,2 LEE OAK RIDGE,2000,,,VTD2000-057-10,Lee,ambiguous_fuzzy_name,90.0,2.031674384284088e-07,27,21,overflow,0,False,0,0,,1,1,False,house-16|senate-6
1998,FRANKLIN,0050 CHUCKIE MULLINS CENTER,CHUCKIE MULLINS CENTER,CHUCKIE MULLINS CENTER,2000,,,VTD2000-059-1,Union Community Center,unmatched_name,60.454545454545446,1.3636363636363669,24,20,overflow,0,False,1,0,,0,2,True,senate-18|senate-6
1998,GENEVA,0090 HURRICANE VOTING HOUSE,HURRICANE VOTING HOUSE,HURRICANE VOTING HOUSE,2000,,,VTD2000-061-17,Devco Voting House,unmatched_name,76.0,8.941176470588232,30,15,overflow,0,False,1,1,2000-1406,1,1,False,house-87|senate-29
1998,GENEVA,0100 SARDIS VOTING HOUSE,SARDIS VOTING HOUSE,SARDIS VOTING HOUSE,2000,,,VTD2000-061-17,Devco Voting House,unmatched_name,76.0,2.451612903225808,30,15,overflow,0,False,1,1,2000-1406,1,1,False,house-87|senate-29
1998,GREENE,2-1 TAX ASSESSOR'S OFFICE,2 1 TAX ASSESSOR S OFFICE,1 TAX ASSESSOR S OFFICE,2000,,,VTD2000-063-3-8,Carver School,unmatched_name,41.53846153846154,2.16346153846154,37,21,overflow,0,False,1,0,,1,1,False,house-71|senate-24
1998,GREENE,4-3 MORROW/BROWN CENTER,4 3 MORROW BROWN CENTER,3 MORROW BROWN CENTER,2000,,,VTD2000-063-4-3-4B,Morrow Brown Rec Center-Sanders-Black,ambiguous_fuzzy_name,85.5,2.220446049250313e-14,37,21,overflow,0,False,1,0,,1,1,False,house-71|senate-24
1998,GREENE,4-4 MORROW/BROWN CENTER,4 4 MORROW BROWN CENTER,4 MORROW BROWN CENTER,2000,,,VTD2000-063-4-3-4B,Morrow Brown Rec Center-Sanders-Black,ambiguous_fuzzy_name,85.5,2.220446049250313e-14,37,21,overflow,0,False,1,0,,1,1,False,house-71|senate-24
1998,HALE,0065 GREENSBORO ARMORY #1,GREENSBORO ARMORY,GREENSBORO ARMORY,2000,,,VTD2000-065-43,National Guard Armory 3,unmatched_name,55.0,0.0,15,36,underflow,0,False,2,0,,1,1,False,house-72|senate-24
1998,HALE,0066 GREENSBORO ARMORY #2,GREENSBORO ARMORY,GREENSBORO ARMORY,2000,,,VTD2000-065-43,National Guard Armory 3,unmatched_name,55.0,0.0,15,36,underflow,0,False,2,0,,1,1,False,house-72|senate-24
1998,HALE,0180 VALLEY,VALLEY,VALLEY,2000,,,VTD2000-065-11C,Valley C,ambiguous_fuzzy_name,95.0,1.7763568394002505e-13,15,36,underflow,0,False,2,0,,2,2,True,house-62|house-72|senate-21|senate-24
1998,JEFFERSON,0003 MORGAN ROAD F.S.,MORGAN ROAD F S,MORGAN ROAD F S,2000,,,VTD2000-073-4303,Overton Road United Methodist Church,ambiguous_fuzzy_name,85.5,0.0,357,186,overflow,0,False,7,0,,1,1,False,house-15|senate-5
1998,JEFFERSON,0004 MORGAN ROAD F.S.,MORGAN ROAD F S,MORGAN ROAD F S,2000,,,VTD2000-073-4303,Overton Road United Methodist Church,ambiguous_fuzzy_name,85.5,0.0,357,186,overflow,0,False,7,0,,1,1,False,house-15|senate-5
1998,JEFFERSON,0053 JEFFERSON STATE J.C.,JEFFERSON STATE J C,JEFFERSON STATE J C,2000,,,VTD2000-073-4505,East Jefferson Fire Dept.,ambiguous_fuzzy_name,85.5,0.0001355218331888,357,186,overflow,0,False,7,0,,1,1,False,house-45|senate-15
1998,JEFFERSON,0054 JEFFERSON STATE J.C.,JEFFERSON STATE J C,JEFFERSON STATE J C,2000,,,VTD2000-073-4505,East Jefferson Fire Dept.,ambiguous_fuzzy_name,85.5,0.0001355218331888,357,186,overflow,0,False,7,0,,1,1,False,house-45|senate-15
1998,JEFFERSON,0061 E. JEFFERSON F.S.,E JEFFERSON F S,E JEFFERSON F S,2000,,,VTD2000-073-4304,St. Luke's Episcopal Church,ambiguous_fuzzy_name,85.5,0.0001355218331888,357,186,overflow,0,False,7,0,,1,1,False,house-45|senate-15
1998,JEFFERSON,0062 E. JEFFERSON F.S.,E JEFFERSON F S,E JEFFERSON F S,2000,,,VTD2000-073-4304,St. Luke's Episcopal Church,ambiguous_fuzzy_name,85.5,0.0001355218331888,357,186,overflow,0,False,7,0,,1,1,False,house-45|senate-15
1998,JEFFERSON,0075 FIRE STATION #32,FIRE STATION,FIRE STATION,2000,,,VTD2000-073-5208,Fire Station #2,ambiguous_exact_name,100.0,0.0114157334005438,357,186,overflow,0,False,7,0,,1,1,False,house-46|senate-16
1998,JEFFERSON,0076 FIRE STATION #32,FIRE STATION,FIRE STATION,2000,,,VTD2000-073-5208,Fire Station #2,ambiguous_exact_name,100.0,0.0114157334005438,357,186,overflow,0,False,7,0,,1,1,False,house-46|senate-16
1998,JEFFERSON,0079 FIRE STATION #2,FIRE STATION,FIRE STATION,2000,,,VTD2000-073-5208,Fire Station #2,ambiguous_exact_name,100.0,0.0114157334005438,357,186,overflow,0,False,7,0,,1,1,False,house-46|senate-16
1998,JEFFERSON,0080 FIRE STATION #2,FIRE STATION,FIRE STATION,2000,,,VTD2000-073-5208,Fire Station #2,ambiguous_exact_name,100.0,0.0114157334005438,357,186,overflow,0,False,7,0,,1,1,False,house-46|senate-16
1998,JEFFERSON,0178 FOP LODGE,FOP LODGE,FOP LODGE,2000,,,VTD2000-073-1506,Oak Grove Masonic Lodge #617,ambiguous_fuzzy_name,85.5,0.0,357,186,overflow,0,False,7,0,,1,1,False,house-52|senate-18
1998,JEFFERSON,0179 FOP LODGE,FOP LODGE,FOP LODGE,2000,,,VTD2000-073-1506,Oak Grove Masonic Lodge #617,ambiguous_fuzzy_name,85.5,0.0,357,186,overflow,0,False,7,0,,1,1,False,house-52|senate-18
1998,JEFFERSON,0182 FIRE STA. CARR AVE.,FIRE STA CARR AVE,FIRE STA CARR AVE,2000,,,VTD2000-073-1511,Virginia Volunteer Fire Dept.,ambiguous_fuzzy_name,85.5,0.0,357,186,overflow,0,False,7,0,,1,1,False,house-52|senate-18
1998,JEFFERSON,0183 FIRE STA. CARR AVE.,FIRE STA CARR AVE,FIRE STA CARR AVE,2000,,,VTD2000-073-1511,Virginia Volunteer Fire Dept.,ambiguous_fuzzy_name,85.5,0.0,357,186,overflow,0,False,7,0,,1,1,False,house-52|senate-18
1998,JEFFERSON,0186 WENONAH SCHOOL,WENONAH SCHOOL,WENONAH SCHOOL,2000,,,VTD2000-073-5413,Woodrow Wilson Elem School,ambiguous_fuzzy_name,85.5,0.0,357,186,overflow,0,False,7,0,,1,1,False,house-52|senate-18
1998,JEFFERSON,0187 WENONAH SCHOOL,WENONAH SCHOOL,WENONAH SCHOOL,2000,,,VTD2000-073-5413,Woodrow Wilson Elem School,ambiguous_fuzzy_name,85.5,0.0,357,186,overflow,0,False,7,0,,1,1,False,house-52|senate-18
1998,JEFFERSON,0308 C.J. DONALD SCHOOL,C J DONALD SCHOOL,C J DONALD SCHOOL,2000,,,VTD2000-073-5413,Woodrow Wilson Elem School,ambiguous_fuzzy_name,85.5,0.0,357,186,overflow,0,False,7,0,,1,1,False,house-57|senate-19
1998,JEFFERSON,0309 C.J. DONALD SCHOOL,C J DONALD SCHOOL,C J DONALD SCHOOL,2000,,,VTD2000-073-5413,Woodrow Wilson Elem School,ambiguous_fuzzy_name,85.5,0.0,357,186,overflow,0,False,7,0,,1,1,False,house-57|senate-19
1998,JEFFERSON,0316 ROBINSON SCHOOL,ROBINSON SCHOOL,ROBINSON SCHOOL,2000,,,VTD2000-073-5413,Woodrow Wilson Elem School,ambiguous_fuzzy_name,85.5,0.0,357,186,overflow,0,False,7,0,,1,1,False,house-58|senate-20
1998,JEFFERSON,0317 ROBINSON SCHOOL,ROBINSON SCHOOL,ROBINSON SCHOOL,2000,,,VTD2000-073-5413,Woodrow Wilson Elem School,ambiguous_fuzzy_name,85.5,0.0,357,186,overflow,0,False,7,0,,1,1,False,house-58|senate-20
1998,JEFFERSON,0362 MCCAW SCHOOL,MCCAW SCHOOL,MCCAW SCHOOL,2000,,,VTD2000-073-5413,Woodrow Wilson Elem School,ambiguous_fuzzy_name,85.5,0.0,357,186,overflow,0,False,7,0,,1,1,False,house-60|senate-20
1998,JEFFERSON,0363 MCCAW SCHOOL,MCCAW SCHOOL,MCCAW SCHOOL,2000,,,VTD2000-073-5413,Woodrow Wilson Elem School,ambiguous_fuzzy_name,85.5,0.0,357,186,overflow,0,False,7,0,,1,1,False,house-60|senate-20
1998,JEFFERSON,0378 JC BHAM #1,JC BHAM,JC BHAM,2000,,,VTD2000-073-5611,Dunbar-Abrams Comm Center,unmatched_name,61.07142857142858,0.0,357,186,overflow,0,False,7,0,,12,5,True,house-43|house-44|house-45|house-46|house-47|house-48|house-50|house-51|house-52|house-53|house-54|house-55|senate-15|senate-16|senate-17|senate-18|senate-19
1998,JEFFERSON,0379 JC BHAM #2,JC BHAM,JC BHAM,2000,,,VTD2000-073-5611,Dunbar-Abrams Comm Center,unmatched_name,61.07142857142858,0.0,357,186,overflow,0,False,7,0,,9,4,True,house-45|house-52|house-53|house-54|house-55|house-57|house-58|house-59|house-60|senate-15|senate-18|senate-19|senate-20
1998,JEFFERSON,0380 JC BESS. AT #1,JC BESS AT,JC BESS AT,2000,,,VTD2000-073-4708,Shades Crest Baptist Church,unmatched_name,54.0,0.0,357,186,overflow,0,False,7,0,,5,4,True,house-15|house-47|house-48|house-51|house-52|senate-16|senate-17|senate-18|senate-5
1998,LAUDERDALE,0050 GREENHILL COMM. CENTER #1,GREENHILL COMMUNITY CENTER,GREENHILL COMMUNITY CENTER,2000,,,VTD2000-077-14,Central Community Center,unmatched_name,80.0,5.853658536585371,38,34,overflow,0,False,3,3,1999-3802|1999-3821|2000-0265,1,1,False,house-2|senate-1
1998,LAUDERDALE,0051 GREENHILL COMM. CENTER #2,GREENHILL COMMUNITY CENTER,GREENHILL COMMUNITY CENTER,2000,,,VTD2000-077-14,Central Community Center,unmatched_name,80.0,5.853658536585371,38,34,overflow,0,False,3,3,1999-3802|1999-3821|2000-0265,1,1,False,house-2|senate-1
1998,LAUDERDALE,0160 FLORENCE EAST CNTRL. BAPTIST,FLORENCE EAST CNTRL BAPTIST,FLORENCE EAST CNTRL BAPTIST,2000,,,VTD2000-077-7,Killen First Baptist Church,unmatched_name,59.81481481481481,5.529100529100525,38,34,overflow,0,False,3,3,1999-3802|1999-3821|2000-0265,1,1,False,house-1|senate-1
1998,LAUDERDALE,0280 CO. BOARD OF ED. ADM. BLDG.,COUNTY BOARD OF ED ADM BUILDING,COUNTY BOARD OF ED ADM BUILDING,2000,,,VTD2000-077-11,Lauderdale Co Bd of Ed,unmatched_name,63.33333333333332,2.0430107526881613,38,34,overflow,0,False,3,3,1999-3802|1999-3821|2000-0265,1,1,False,house-1|senate-1
1998,LAWRENCE,0020 HILLSBORO V.F.O.,HILLSBORO V F O,HILLSBORO V F O,2000,,,VTD2000-079-4-1,Hillsboro Volunteer Fire Station,ambiguous_fuzzy_name,85.5,0.00024182613515,32,38,underflow,0,False,2,1,1999-3134,1,1,False,house-7|senate-3
1998,LAWRENCE,0040 N. COURTLAND SENIOR,N COURTLAND SENIOR,N COURTLAND SENIOR,2000,,,VTD2000-079-6-1,Courtland Fire Station,unmatched_name,66.5,14.249999999999991,32,38,underflow,0,False,2,1,1999-3134,1,1,False,house-7|senate-3
1998,LAWRENCE,0090 TOWN CREEK SR. CENTER,TOWN CREEK SR CENTER,TOWN CREEK SR CENTER,2000,,,VTD2000-079-5-1,Depot-Sr Citizens Center,unmatched_name,60.454545454545446,3.311688311688308,32,38,underflow,0,False,2,1,1999-3134,1,1,False,house-7|senate-3
1998,LAWRENCE,0210 LANDERSVILLE METH.,LANDERSVILLE METH,LANDERSVILLE METH,2000,,,VTD2000-079-9-2,Landersville Methodist Church,ambiguous_fuzzy_name,90.0,4.440892098500626e-14,32,38,underflow,0,False,2,1,1999-3134,1,1,False,house-7|senate-3
1998,LAWRENCE,0250 CADDO SENIOR CITIZEN SITE,CADDO SENIOR CITIZEN SITE,CADDO SENIOR CITIZEN SITE,2000,,,VTD2000-079-2-1,Senior Citizens Center,unmatched_name,72.34042553191489,7.034303082935296,32,38,underflow,0,False,2,1,1999-3134,1,1,False,house-7|senate-3
1998,LAWRENCE,0281 KITCHENS MILL HALL SOUTH,KITCHENS MILL HALL SOUTH,KITCHENS MILL HALL SOUTH,2000,,,VTD2000-079-12-1,Masonic Hall-Kitchens Mill,unmatched_name,81.42857142857142,22.053571428571416,32,38,underflow,0,False,2,1,1999-3134,1,1,False,house-7|senate-3
1998,LAWRENCE,0320 FAITH BAPTIST CHURCH,FAITH BAPTIST CHURCH,FAITH BAPTIST CHURCH,2000,,,VTD2000-079-7-1,Donald Church,unmatched_name,85.5,24.38888888888889,32,38,underflow,0,False,2,1,1999-3134,1,1,False,house-7|senate-3
1998,LAWRENCE,0440 PLEASANT GROVE CH.,PLEASANT GROVE CHURCH,PLEASANT GROVE CHURCH,2000,,,VTD2000-079-20-1,Pleasant Grove Church,ambiguous_exact_name,100.0,8.411015217646424e-08,32,38,underflow,0,False,2,1,1999-3134,1,1,False,house-7|senate-3
1998,LAWRENCE,0450 OAKVILLE STORE BLDG.,OAKVILLE STORE BUILDING,OAKVILLE STORE BUILDING,2000,,,VTD2000-079-21-1,Tab Scott Bldg-Oakville,unmatched_name,80.75,17.41666666666668,32,38,underflow,0,False,2,1,1999-3134,1,1,False,house-7|senate-3
1998,LAWRENCE,0590 FREEMAN TAB. BAPT. CHURCH,FREEMAN TAB BAPTIST CHURCH,FREEMAN TAB BAPTIST CHURCH,2000,,,VTD2000-079-19-2,Fairfield Church,ambiguous_fuzzy_name,85.5,6.56346643701511e-08,32,38,underflow,0,False,2,1,1999-3134,1,1,False,house-7|senate-3
1998,LEE,02/BOX 1,2 BOX,BOX,2000,,,VTD2000-081-0150,H&H Paint & Body Center,unmatched_name,54.0,16.0,23,15,overflow,0,False,2,0,,2,2,True,house-79|house-83|senate-27|senate-28
1998,LEE,02/BOX 2,2 BOX,BOX,2000,,,VTD2000-081-0150,H&H Paint & Body Center,unmatched_name,54.0,16.0,23,15,overflow,0,False,2,0,,1,1,False,house-83|senate-28
1998,LEE,02/BOX 3,2 BOX,BOX,2000,,,VTD2000-081-0150,H&H Paint & Body Center,unmatched_name,54.0,16.0,23,15,overflow,0,False,2,0,,2,2,True,house-79|house-83|senate-27|senate-28
1998,LIMESTONE,0030 NATIONAL GUARD ARMORY #1,NATIONAL GUARD ARMORY,NATIONAL GUARD ARMORY,2000,,,VTD2000-083-3,Ardmore Th-Johnson Elem School-Oak Grove FD,unmatched_name,45.00000000000001,4.285714285714299,32,13,overflow,0,False,1,1,99-1261,2,1,True,house-4|house-5|senate-2
1998,LIMESTONE,0031 NATIONAL GUARD ARMORY #2,NATIONAL GUARD ARMORY,NATIONAL GUARD ARMORY,2000,,,VTD2000-083-3,Ardmore Th-Johnson Elem School-Oak Grove FD,unmatched_name,45.00000000000001,4.285714285714299,32,13,overflow,0,False,1,1,99-1261,2,1,True,house-4|house-5|senate-2
1998,LIMESTONE,0050 TRINITY 7TH DAY ADVENTIST #1,TRINITY 7TH DAY ADVENTIST,TRINITY 7TH DAY ADVENTIST,2000,,,VTD2000-083-1,Piney Fire Dept,unmatched_name,43.47826086956522,3.878260869565224,32,13,overflow,0,False,1,1,99-1261,2,1,True,house-4|house-5|senate-2
1998,LIMESTONE,0051 TRINITY 7TH DAY ADVENTIST #2,TRINITY 7TH DAY ADVENTIST,TRINITY 7TH DAY ADVENTIST,2000,,,VTD2000-083-1,Piney Fire Dept,unmatched_name,43.47826086956522,3.878260869565224,32,13,overflow,0,False,1,1,99-1261,2,1,True,house-4|house-5|senate-2
1998,LOWNDES,0040 BURKEVILLE GE BLDG.,BURKEVILLE GE BUILDING,BURKEVILLE GE BUILDING,2000,,,VTD2000-085-8,Old Store,unmatched_name,38.0,0.1621621621621614,13,15,underflow,0,False,0,0,,2,2,True,house-69|house-90|senate-23|senate-30
1998,LOWNDES,0080 HAYNEVILLE COURTHOUSE,HAYNEVILLE COURTHOUSE,HAYNEVILLE COURTHOUSE,2000,,,VTD2000-085-6,County Courthouse,unmatched_name,70.37037037037037,21.85973207249802,13,15,underflow,0,False,0,0,,1,1,False,house-69|senate-23
1998,LOWNDES,0100 GE ACTIVITIES BUILDING,GE ACTIVITIES BUILDING,GE ACTIVITIES BUILDING,2000,,,VTD2000-085-7,G.E. Community Center B,unmatched_name,40.90909090909091,0.6737967914438485,13,15,underflow,0,False,0,0,,1,1,False,house-69|senate-23
1998,LOWNDES,0120 LETOHATCHEE OLD POST OFFICE,LETOHATCHEE OLD POST OFFICE,LETOHATCHEE OLD POST OFFICE,2000,,,VTD2000-085-8,Old Store,ambiguous_fuzzy_name,85.5,3.7873648661701516e-08,13,15,underflow,0,False,0,0,,1,1,False,house-69|senate-23
1998,LOWNDES,0130 OLD MASONIC BUILDING HWY 7,OLD MASONIC BUILDING HWY 7,OLD MASONIC BUILDING HWY,2000,,,VTD2000-085-8,Old Store,ambiguous_fuzzy_name,85.5,3.7873648661701516e-08,13,15,underflow,0,False,0,0,,1,1,False,house-69|senate-23
1998,LOWNDES,0140 FORT DEPOSIT NATL GUARD ARMORY,FORT DEPOSIT NATL GUARD ARMORY,FORT DEPOSIT NATL GUARD ARMORY,2000,,,VTD2000-085-13,National Guard Armory B,unmatched_name,67.9245283018868,0.0,13,15,underflow,0,False,0,0,,2,2,True,house-69|house-90|senate-23|senate-30
1998,MACON,0180 OLD COUNTY SHOP,OLD COUNTY SHOP,OLD COUNTY SHOP,2000,,,VTD2000-087-2-05,Old District 2 Shop,unmatched_name,66.08695652173913,6.086956521739118,16,13,overflow,0,False,0,0,,1,1,False,house-82|senate-28
1998,MACON,0190 HARTAWAY TRAYLOR,HARTAWAY TRAYLOR,HARTAWAY TRAYLOR,2000,,,VTD2000-087-4-10,Notasulga Town Hall,unmatched_name,43.42857142857143,0.1853281853281885,16,13,overflow,0,False,0,0,,1,1,False,house-82|senate-28
1998,MADISON,0120 COVE COMM. CHURCH,COVE COMMUNITY CHURCH,COVE COMMUNITY CHURCH,2000,,,VTD2000-089-79,Hurricane Creek Community Center,unmatched_name,85.5,20.1875,90,98,underflow,0,False,0,0,,2,2,True,house-20|house-22|senate-7|senate-8
1998,MADISON,0190 WHITESBURG MIDDLE CHURCH,WHITESBURG MIDDLE CHURCH,WHITESBURG MIDDLE CHURCH,2000,,,VTD2000-089-18,Whitesburg Middle School,unmatched_name,83.33333333333334,4.552845528455308,90,98,underflow,0,False,0,0,,1,1,False,house-10|senate-4
1998,MADISON,0200 S.E. BRANCH YMCA #1,S E BRANCH YMCA,S E BRANCH YMCA,2000,,,VTD2000-089-53-1,J E Williams Elementary School,ambiguous_fuzzy_name,85.5,0.0,90,98,underflow,0,False,0,0,,1,1,False,house-10|senate-4
1998,MADISON,0201 S.E. BRANCH YMCA #2,S E BRANCH YMCA,S E BRANCH YMCA,2000,,,VTD2000-089-53-1,J E Williams Elementary School,ambiguous_fuzzy_name,85.5,0.0,90,98,underflow,0,False,0,0,,1,1,False,house-10|senate-4
1998,MADISON,0220 FARLEY SCHOOL,FARLEY SCHOOL,FARLEY SCHOOL,2000,,,VTD2000-089-30,Ed White Middle School,ambiguous_fuzzy_name,85.5,0.0,90,98,underflow,0,False,0,0,,1,1,False,house-10|senate-4
1998,MADISON,0284 OAKLAND COLLEGE,OAKLAND COLLEGE,OAKLAND COLLEGE,2000,,,VTD2000-089-27,Oakwood College,unmatched_name,80.0,28.38709677419355,90,98,underflow,0,False,0,0,,1,1,False,house-19|senate-7
1998,MADISON,0310 GREEN MTN. NATURE TRL.,GREEN MTN NATURE TRL,GREEN MTN NATURE TRL,2000,,,VTD2000-089-29,Green Mountain Nature Trail,unmatched_name,85.1063829787234,35.6063829787234,90,98,underflow,0,False,0,0,,1,1,False,house-10|senate-4
1998,MADISON,0390 F.O.P. LODGE,F O P LODGE,F O P LODGE,2000,,,VTD2000-089-37,Fraternal Order Of Police Lodge,unmatched_name,85.5,35.5,90,98,underflow,0,False,0,0,,1,1,False,house-19|senate-7
1998,MADISON,0560 J.E. WILLIAMS ELEM. SCHOOL,J E WILLIAMS ELEMENTARY SCHOOL,J E WILLIAMS ELEMENTARY SCHOOL,2000,,,VTD2000-089-53-1,J E Williams Elementary School,ambiguous_exact_name,100.0,1.5565906053005563e-05,90,98,underflow,0,False,0,0,,1,1,False,house-4|senate-2
1998,MADISON,0670 PLUMBERS AND STEAM 377,PLUMBERS AND STEAM 377,PLUMBERS AND STEAM,2000,,,VTD2000-089-63,Plumbers and Steamfitters Local 377,unmatched_name,85.5,38.0,90,98,underflow,0,False,0,0,,1,1,False,house-4|senate-2
1998,MADISON,0680 CO COMM. DIST. 4 OFFICE #1,COUNTY COMMUNITY DIST 4 OFFICE,COUNTY COMMUNITY DIST 4 OFFICE,2000,,,VTD2000-089-80,County Commission Dist Office,unmatched_name,81.35593220338984,10.985561833019474,90,98,underflow,0,False,0,0,,1,1,False,house-6|senate-2
1998,MADISON,0681 CO COMM. DIST. 4 OFFICE #2,COUNTY COMMUNITY DIST 4 OFFICE,COUNTY COMMUNITY DIST 4 OFFICE,2000,,,VTD2000-089-80,County Commission Dist Office,unmatched_name,81.35593220338984,10.985561833019474,90,98,underflow,0,False,0,0,,1,1,False,house-6|senate-2
1998,MADISON,0740 GURLEY CITY HALL,GURLEY CITY HALL,GURLEY CITY HALL,2000,,,VTD2000-089-70-1,Gurley City Hall,ambiguous_exact_name,100.0,2.680133337484847e-07,90,98,underflow,0,False,0,0,,1,1,False,house-22|senate-8
1998,MADISON,0850 HURRICANE CREEK C.C.,HURRICANE CREEK C C,HURRICANE CREEK C C,2000,,,VTD2000-089-11-C,Episcopal Church In The Cove C,ambiguous_fuzzy_name,85.5,4.440892098500626e-14,90,98,underflow,0,False,0,0,,1,1,False,house-22|senate-8
1998,MADISON,0860 CO COMM DIST 1 OFFICE,COUNTY COMMUNITY DIST 1 OFFICE,COUNTY COMMUNITY DIST 1 OFFICE,2000,,,VTD2000-089-81-1,Bobo WOW Hall-1,ambiguous_fuzzy_name,85.5,5.601830888046777e-07,90,98,underflow,0,False,0,0,,1,1,False,house-22|senate-8
1998,MARENGO,0090 DEMOPOLIS NATL GUARD ARMORY,DEMOPOLIS NATL GUARD ARMORY,DEMOPOLIS NATL GUARD ARMORY,2000,,,VTD2000-091-3-5,Old Linden Armory,unmatched_name,85.5,14.666666666666671,31,33,underflow,0,False,1,0,,1,1,False,house-71|senate-24
1998,MARENGO,0240 GALLION COMMUNITY CENTER,GALLION COMMUNITY CENTER,GALLION COMMUNITY CENTER,2000,,,VTD2000-091-4-5,Magnolia Community Center,unmatched_name,81.63265306122449,5.632653061224488,31,33,underflow,0,False,1,0,,2,1,True,house-71|house-72|senate-24
1998,MARENGO,0489 OLD COUTHOUSE BUILDING,OLD COUTHOUSE BUILDING,OLD COUTHOUSE BUILDING,2000,,,VTD2000-091-5-1,Linden Old Courthouse,unmatched_name,60.46511627906976,1.9285309132160933,31,33,underflow,0,False,1,0,,2,2,True,house-68|house-72|senate-23|senate-24
1998,MARENGO,0520 WAYNE VOTING BOOTH,WAYNE VOTING BOOTH,WAYNE VOTING BOOTH,2000,,,VTD2000-091-3-3,Dayton Voting Booth,ambiguous_fuzzy_name,86.48648648648648,0.0,31,33,underflow,0,False,1,0,,1,1,False,house-68|senate-23
1998,MARENGO,0529 SWEET WATER TOWN OFFICE,SWEET WATER TOWN OFFICE,SWEET WATER TOWN OFFICE,2000,,,VTD2000-091-3-2,Faunsdale Town Office,unmatched_name,68.18181818181819,16.89976689976691,31,33,underflow,0,False,1,0,,2,2,True,house-68|house-72|senate-23|senate-24
1998,MARENGO,0560 LASCA HARRISON STORE,LASCA HARRISON STORE,LASCA HARRISON STORE,2000,,,VTD2000-091-3-4,Quinney Store,unmatched_name,85.5,32.86842105263157,31,33,underflow,0,False,1,0,,1,1,False,house-72|senate-24
1998,MARENGO,0580 NANAFALIA MASONIC LODGE BLDG.,NANAFALIA MASONIC LODGE BUILDING,NANAFALIA MASONIC LODGE BUILDING,2000,,,VTD2000-091-5-8,Nanafalia Mason Lodge,unmatched_name,85.5,13.5,31,33,underflow,0,False,1,0,,2,2,True,house-68|house-72|senate-23|senate-24
1998,MARENGO,0600 HALF ACRE COMMUNITY CENTER,HALF ACRE COMMUNITY CENTER,HALF ACRE COMMUNITY CENTER,2000,,,VTD2000-091-5-10,Hills Half Acre,unmatched_name,85.5,7.068627450980387,31,33,underflow,0,False,1,0,,1,1,False,house-68|senate-23
1998,MARION,0170 PEARCES HALL,PEARCES HALL,PEARCES HALL,2000,,,VTD2000-093-7,Hackleburg City Hall,ambiguous_fuzzy_name,85.5,0.0061809280208047,20,21,underflow,0,False,1,0,,1,1,False,house-17|senate-6
1998,MARSHALL,0010 GUNTERSVILLE REC CENTER #1,GUNTERSVILLE RECREATION CENTER,GUNTERSVILLE RECREATION CENTER,2000,,,VTD2000-095-1-5,Guntersville Rec Center,ambiguous_exact_name,100.0,0.0,49,63,underflow,0,False,0,0,,2,1,True,house-25|house-26|senate-9
1998,MARSHALL,0011 GUNTERSVILLE REC CENTER #2,GUNTERSVILLE RECREATION CENTER,GUNTERSVILLE RECREATION CENTER,2000,,,VTD2000-095-11,Hebron Rec Center,ambiguous_exact_name,100.0,0.0,49,63,underflow,0,False,0,0,,1,1,False,house-25|senate-9
1998,MARSHALL,0012 GUNTERSVILLE REC CENTER #3,GUNTERSVILLE RECREATION CENTER,GUNTERSVILLE RECREATION CENTER,2000,,,VTD2000-095-12,Oleander Meth Church,ambiguous_exact_name,100.0,0.0,49,63,underflow,0,False,0,0,,1,1,False,house-25|senate-9
1998,MARSHALL,0060 CROSSROADS TOM LAWSONS STR.,CROSSROADS TOM LAWSONS STR,CROSSROADS TOM LAWSONS STR,2000,,,VTD2000-095-2-1,Tom Lawson's Store,unmatched_name,68.18181818181819,19.720279720279727,49,63,underflow,0,False,0,0,,1,1,False,house-25|senate-9
1998,MARSHALL,0070 BIG SPRING VALLEY OLD STR.,BIG SPRING VALLEY OLD STR,BIG SPRING VALLEY OLD STR,2000,,,VTD2000-095-3,Valley Store Hwy 70,unmatched_name,51.81818181818182,0.3896103896103966,49,63,underflow,0,False,0,0,,1,1,False,house-25|senate-9
1998,MARSHALL,0080 ALBERTVILLE NEIGHBORHOOD CTR. #1,ALBERTVILLE NEIGHBORHOOD CENTER,ALBERTVILLE NEIGHBORHOOD CENTER,2000,,,VTD2000-095-4-5,Albertville Rec Center,unmatched_name,73.33333333333334,0.0,49,63,underflow,0,False,0,0,,2,1,True,house-25|house-26|senate-9
1998,MARSHALL,0081 ALBERTVILLE NEIGHBORHOOD CTR. #2,ALBERTVILLE NEIGHBORHOOD CENTER,ALBERTVILLE NEIGHBORHOOD CENTER,2000,,,VTD2000-095-4-5,Albertville Rec Center,unmatched_name,73.33333333333334,0.0,49,63,underflow,0,False,0,0,,2,1,True,house-25|house-26|senate-9
1998,MARSHALL,0082 ALBERTVILLE NEIGHBORHOOD CTR. #3,ALBERTVILLE NEIGHBORHOOD CENTER,ALBERTVILLE NEIGHBORHOOD CENTER,2000,,,VTD2000-095-4-5,Albertville Rec Center,unmatched_name,73.33333333333334,0.0,49,63,underflow,0,False,0,0,,2,1,True,house-25|house-26|senate-9
1998,MARSHALL,0083 ALBERTVILLE NEIGHBORHOOD CTR. #4,ALBERTVILLE NEIGHBORHOOD CENTER,ALBERTVILLE NEIGHBORHOOD CENTER,2000,,,VTD2000-095-4-5,Albertville Rec Center,unmatched_name,73.33333333333334,0.0,49,63,underflow,0,False,0,0,,2,1,True,house-25|house-26|senate-9
1998,MARSHALL,0100 ALBERTVILLE FIRST BAPTIST #1,ALBERTVILLE FIRST BAPTIST,ALBERTVILLE FIRST BAPTIST,2000,,,VTD2000-095-4-7-A,1st Baptist Church,unmatched_name,74.84848484848484,0.0,49,63,underflow,0,False,0,0,,1,1,False,house-26|senate-9
1998,MARSHALL,0101 ALBERTVILLE FIRST BAPTIST #2,ALBERTVILLE FIRST BAPTIST,ALBERTVILLE FIRST BAPTIST,2000,,,VTD2000-095-4-7-A,1st Baptist Church,unmatched_name,74.84848484848484,0.0,49,63,underflow,0,False,0,0,,1,1,False,house-26|senate-9
1998,MARSHALL,0102 ALBERTVILLE FIRST BAPTIST #3,ALBERTVILLE FIRST BAPTIST,ALBERTVILLE FIRST BAPTIST,2000,,,VTD2000-095-4-7-A,1st Baptist Church,unmatched_name,74.84848484848484,0.0,49,63,underflow,0,False,0,0,,1,1,False,house-26|senate-9
1998,MARSHALL,0160 ALBERTVILLE MRSHL. GAS SHOP,ALBERTVILLE MRSHL GAS SHOP,ALBERTVILLE MRSHL GAS SHOP,2000,,,VTD2000-095-4-5,Albertville Rec Center,unmatched_name,56.48648648648648,0.0,49,63,underflow,0,False,0,0,,2,1,True,house-25|house-26|senate-9
1998,MARSHALL,0170 JAYBIRD SHOPE DIST. #4,JAYBIRD SHOPE DIST,JAYBIRD SHOPE DIST,2000,,,VTD2000-095-5,Dist. 4 County Shop,unmatched_name,58.05555555555556,17.029914529914535,49,63,underflow,0,False,0,0,,1,1,False,house-26|senate-9
1998,MARSHALL,0190 CLAYSVILLE HENRYVILLE METHODIST,CLAYSVILLE HENRYVILLE METHODIST,CLAYSVILLE HENRYVILLE METHODIST,2000,,,VTD2000-095-7,Henryvill Methodist Church,unmatched_name,70.0,23.333333333333336,49,63,underflow,0,False,0,0,,1,1,False,house-25|senate-9
1998,MARSHALL,0210 VOTING BOOTH KENNAMER,VOTING BOOTH KENNAMER,VOTING BOOTH KENNAMER,2000,,,VTD2000-095-9,Kennamer Cove Cir,unmatched_name,60.8,12.195348837209297,49,63,underflow,0,False,0,0,,1,1,False,house-25|senate-9
1998,MARSHALL,0220 HONEYCOMB WATER PLANT,HONEYCOMB WATER PLANT,HONEYCOMB WATER PLANT,2000,,,VTD2000-095-18-1,Martline Comm Center,unmatched_name,45.434782608695656,0.5368234250221775,49,63,underflow,0,False,0,0,,1,1,False,house-25|senate-9
1998,MARSHALL,0270 RED HILL WHITAKERS STORE,RED HILL WHITAKERS STORE,RED HILL WHITAKERS STORE,2000,,,VTD2000-095-18-2,Childress Store,unmatched_name,85.5,37.88095238095239,49,63,underflow,0,False,0,0,,1,1,False,house-25|senate-9
1998,MARSHALL,0280 FRIENDSHIP FIRE HALL,FRIENDSHIP FIRE HALL,FRIENDSHIP FIRE HALL,2000,,,VTD2000-095-29,Grant City Hall,unmatched_name,51.42857142857142,0.0,49,63,underflow,0,False,0,0,,1,1,False,house-26|senate-9
1998,MARSHALL,0330 THOMPSON ASBURY FIRE STATION,THOMPSON ASBURY FIRE STATION,THOMPSON ASBURY FIRE STATION,2000,,,VTD2000-095-18-3,Asbury Fire Dept,unmatched_name,63.33333333333332,9.761904761904752,49,63,underflow,0,False,0,0,,1,1,False,house-26|senate-9
1998,MARSHALL,0350 BOAZ REC. CENTER #1,BOAZ RECREATION CENTER,BOAZ RECREATION CENTER,2000,,,VTD2000-095-20-1,Boaz Rec Center,ambiguous_exact_name,100.0,2.220446049250313e-14,49,63,underflow,0,False,0,0,,1,1,False,house-26|senate-9
1998,MARSHALL,0351 BOAZ REC. CENTER #2,BOAZ RECREATION CENTER,BOAZ RECREATION CENTER,2000,,,VTD2000-095-20-1,Boaz Rec Center,ambiguous_exact_name,100.0,2.220446049250313e-14,49,63,underflow,0,False,0,0,,1,1,False,house-26|senate-9
1998,MARSHALL,0352 BOAZ REC. CENTER #3,BOAZ RECREATION CENTER,BOAZ RECREATION CENTER,2000,,,VTD2000-095-20-1,Boaz Rec Center,ambiguous_exact_name,100.0,2.220446049250313e-14,49,63,underflow,0,False,0,0,,1,1,False,house-26|senate-9
1998,MARSHALL,0400 REEDBRAKE DOUGLAS CITY HALL,REEDBRAKE DOUGLAS CITY HALL,REEDBRAKE DOUGLAS CITY HALL,2000,,,VTD2000-095-22-1,Douglas City Hall,ambiguous_fuzzy_name,90.0,6.661338147750939e-14,49,63,underflow,0,False,0,0,,2,1,True,house-25|house-26|senate-9
1998,MARSHALL,0410 REEDBRAKE NIXON CHAPEL F.D.,REEDBRAKE NIXON CHAPEL F D,REEDBRAKE NIXON CHAPEL F D,2000,,,VTD2000-095-22-2,Nixon Chapel Fire Dept,unmatched_name,63.33333333333332,10.27210884353741,49,63,underflow,0,False,0,0,,1,1,False,house-25|senate-9
1998,MARSHALL,0430 WRIGHTS SWEARENGIN SCHOOL,WRIGHTS SWEARENGIN SCHOOL,WRIGHTS SWEARENGIN SCHOOL,2000,,,VTD2000-095-23,Swearengin Comm Center,unmatched_name,54.80769230769231,5.2424749163879625,49,63,underflow,0,False,0,0,,1,1,False,house-25|senate-9
1998,MARSHALL,0440 HOOPER BRASHERS CHAPEL CHURCH,HOOPER BRASHERS CHAPEL CHURCH,HOOPER BRASHERS CHAPEL CHURCH,2000,,,VTD2000-095-30-2,Mt Shade Church,ambiguous_fuzzy_name,85.5,2.124882714227283e-07,49,63,underflow,0,False,0,0,,1,1,False,house-25|senate-9
1998,MARSHALL,0470 ARAB SENIOR CITIZEN CENTER #1,ARAB SENIOR CITIZEN CENTER,ARAB SENIOR CITIZEN CENTER,2000,,,VTD2000-095-26-1,Arab Comm Center,unmatched_name,65.3125,0.0,49,63,underflow,0,False,0,0,,1,1,False,house-25|senate-9
1998,MARSHALL,0471 ARAB SENIOR CITIZEN CENTER #2,ARAB SENIOR CITIZEN CENTER,ARAB SENIOR CITIZEN CENTER,2000,,,VTD2000-095-26-1,Arab Comm Center,unmatched_name,65.3125,0.0,49,63,underflow,0,False,0,0,,1,1,False,house-25|senate-9
1998,MARSHALL,0520 UNION GROVE COMM. CENTER,UNION GROVE COMMUNITY CENTER,UNION GROVE COMMUNITY CENTER,2000,,,VTD2000-095-27-2,Union Grove Comm Center,ambiguous_exact_name,100.0,2.9896030095954984e-08,49,63,underflow,0,False,0,0,,1,1,False,house-25|senate-9
1998,MARSHALL,0530 MT. HIGH LATTIWOOD COMM. CENTER,MOUNT HIGH LATTIWOOD COMMUNITY CENTER,MOUNT HIGH LATTIWOOD COMMUNITY CENTER,2000,,,VTD2000-095-28-1,Lattiwood Comm Center,ambiguous_fuzzy_name,95.0,3.3306690738754696e-14,49,63,underflow,0,False,0,0,,2,1,True,house-25|house-26|senate-9
1998,MARSHALL,0550 GRANT CITY HALL,GRANT CITY HALL,GRANT CITY HALL,2000,,,VTD2000-095-29,Grant City Hall,ambiguous_exact_name,100.0,4.440892098500626e-14,49,63,underflow,0,False,0,0,,1,1,False,house-25|senate-9
1998,MOBILE,34-101-05,34 101 5,101,2000,,,VTD2000-097-101-3,E R Dickson School,unmatched_name,30.000000000000004,2.30769230769231,97,96,overflow,0,False,3,0,,1,1,False,house-101|senate-34
1998,MONROE,13 A+B GOODWAY,13 A B GOODWAY,A B GOODWAY,2000,,,VTD2000-099-13B,Goodway B,ambiguous_fuzzy_name,85.5,6.661338147750939e-14,32,34,underflow,0,False,0,0,,1,1,False,house-64|senate-22
1998,MONROE,14B EXCEL CITY HALL,14B EXCEL CITY HALL,14B EXCEL CITY HALL,2000,,,VTD2000-099-14A,Frisco City,unmatched_name,85.5,32.72222222222222,32,34,underflow,0,False,0,0,,1,1,False,house-64|senate-22
1998,MONROE,14C OAK GROVE,14C OAK GROVE,14C OAK GROVE,2000,,,VTD2000-099-14OC,Oak Grove OC,unmatched_name,83.6,0.0,32,34,underflow,0,False,0,0,,1,1,False,house-64|senate-22
1998,MONROE,14E COLEMAN SCHOOLHOUSE,14E COLEMAN SCHOOLHOUSE,14E COLEMAN SCHOOLHOUSE,2000,,,VTD2000-099-14BE,Excel-Coleman,unmatched_name,85.5,13.431034482758632,32,34,underflow,0,False,0,0,,1,1,False,house-64|senate-22
1998,MONROE,3A MONROEVILLE DEPT OF REVENUE,3A MONROEVILLE DEPARTMENT OF REVENUE,3A MONROEVILLE DEPARTMENT OF REVENUE,2000,,,VTD2000-099-3K,Monroeville Coliseum K,ambiguous_fuzzy_name,85.5,5.5511151231257833e-14,32,34,underflow,0,False,0,0,,2,2,True,house-64|house-68|senate-22|senate-23
1998,MONROE,3B MONROEVILLE ARMORY #1,3B MONROEVILLE ARMORY,3B MONROEVILLE ARMORY,2000,,,VTD2000-099-3B,Monroeville B,unmatched_name,85.5,20.1875,32,34,underflow,0,False,0,0,,1,1,False,house-64|senate-22
1998,MONROE,3B MONROEVILLE ARMORY #2,3B MONROEVILLE ARMORY,3B MONROEVILLE ARMORY,2000,,,VTD2000-099-3B,Monroeville B,unmatched_name,85.5,20.1875,32,34,underflow,0,False,0,0,,1,1,False,house-64|senate-22
1998,MONROE,3C MEXIA FIRE STATION,3C MEXIA FIRE STATION,3C MEXIA FIRE STATION,2000,,,VTD2000-099-3L,Mexia L,ambiguous_fuzzy_name,85.5,0.0,32,34,underflow,0,False,0,0,,1,1,False,house-64|senate-22
1998,MONROE,3D BETHEL CHURCH,3D BETHEL CHURCH,3D BETHEL CHURCH,2000,,,VTD2000-099-13C,Uriah,unmatched_name,60.00000000000001,2.10526315789474,32,34,underflow,0,False,0,0,,1,1,False,house-64|senate-22
1998,MONROE,3F MONROEVILLE FIRE STATION,3F MONROEVILLE FIRE STATION,3F MONROEVILLE FIRE STATION,2000,,,VTD2000-099-3B,Monroeville B,unmatched_name,85.5,22.16666666666668,32,34,underflow,0,False,0,0,,2,2,True,house-64|house-68|senate-22|senate-23
1998,MONROE,9A UREDENBURGH,9A UREDENBURGH,9A UREDENBURGH,2000,,,VTD2000-099-9AB,Buena Vista-Vredenburgh,unmatched_name,80.0,19.999999999999996,32,34,underflow,0,False,0,0,,1,1,False,house-68|senate-23
1998,MONTGOMERY,2F FIRE STATION 14,2F FIRE STATION 14,2F FIRE STATION,2000,,,VTD2000-101-2-F,Fire Station No. 14,ambiguous_fuzzy_name,86.36363636363636,1.9345133273063203e-07,57,56,overflow,0,False,4,0,,1,1,False,house-78|senate-26
1998,MONTGOMERY,5N RAMER PUBLIC LIB.,5N RAMER PUBLIC LIB,5N RAMER PUBLIC LIB,2000,,,VTD2000-101-5-N,Ramer Library,unmatched_name,56.25,8.75,57,56,overflow,0,False,4,0,,1,1,False,house-76|senate-26
1998,MORGAN,3-012,3 12,12,2000,,,VTD2000-103-22-1,Dist No 3 Shop Building,unmatched_name,85.5,34.07142857142858,47,46,overflow,0,False,2,0,,1,1,False,house-8|senate-3
1998,MORGAN,30-001,30 1,1,2000,,,VTD2000-103-22-1,Dist No 3 Shop Building,unmatched_name,45.0,19.28571428571429,47,46,overflow,0,False,2,0,,4,3,True,house-11|house-4|house-8|house-9|senate-2|senate-3|senate-4
1998,PERRY,0190 OCMULGEE FIRE STATION HWY 219,OCMULGEE FIRE STATION HWY 219,OCMULGEE FIRE STATION HWY,2000,,,VTD2000-105-11,Ocmulgee Fire Station,ambiguous_fuzzy_name,95.0,2.372146923335094e-09,16,11,overflow,0,False,2,2,1999-2006|99-2006,1,1,False,house-72|senate-24
1998,RANDOLPH,11-2 SANDER'S STORE,11 2 SANDER S STORE,2 SANDER S STORE,2000,,,VTD2000-111-3,Cavers Grove,unmatched_name,49.090909090909086,4.090909090909086,45,14,overflow,0,False,1,0,,1,1,False,house-37|senate-13
1998,RUSSELL,0020 LADONIA FIRE STATION #1,LADONIA FIRE STATION,LADONIA FIRE STATION,2000,,,VTD2000-113-2,Ladonia Fire Dept,unmatched_name,74.4186046511628,24.418604651162795,17,19,underflow,0,False,0,0,,1,1,False,house-80|senate-27
1998,RUSSELL,0050 CENTRAL ACTIVITIES CENTER #1,CENTRAL ACTIVITIES CENTER,CENTRAL ACTIVITIES CENTER,2000,,,VTD2000-113-3-1B,Central Activities Center-B,ambiguous_fuzzy_name,96.15384615384616,1.2789203029939245e-08,17,19,underflow,0,False,0,0,,2,2,True,house-80|house-83|senate-27|senate-28
1998,RUSSELL,0051 CENTRAL ACTIVITIES CENTER #2,CENTRAL ACTIVITIES CENTER,CENTRAL ACTIVITIES CENTER,2000,,,VTD2000-113-3-1B,Central Activities Center-B,ambiguous_fuzzy_name,96.15384615384616,1.2789203029939245e-08,17,19,underflow,0,False,0,0,,2,2,True,house-80|house-83|senate-27|senate-28
1998,RUSSELL,0110 CHATTAHOOCHEE VALLEY,CHATTAHOOCHEE VALLEY,CHATTAHOOCHEE VALLEY,2000,,,VTD2000-113-7-4,Hatchechubbee Fire Dept,unmatched_name,44.89795918367348,0.995520159283238,17,19,underflow,0,False,0,0,,2,2,True,house-80|house-83|senate-27|senate-28
1998,RUSSELL,0130 CRAWFORD FIRE STATION,CRAWFORD FIRE STATION,CRAWFORD FIRE STATION,2000,,,VTD2000-113-6-2,Crawford Fire Dept,unmatched_name,75.55555555555556,25.55555555555556,17,19,underflow,0,False,0,0,,2,2,True,house-80|house-83|senate-27|senate-28
1998,RUSSELL,0150 COTTONTON FIRE STATION,COTTONTON FIRE STATION,COTTONTON FIRE STATION,2000,,,VTD2000-113-7-1,Cottonton Fire Dept,unmatched_name,76.59574468085107,25.929078014184405,17,19,underflow,0,False,0,0,,1,1,False,house-83|senate-28
1998,RUSSELL,0160 PITTSVIEW FIRE STATION,PITTSVIEW FIRE STATION,PITTSVIEW FIRE STATION,2000,,,VTD2000-113-7-2,Pittsview Fire Dept,unmatched_name,76.59574468085107,25.929078014184405,17,19,underflow,0,False,0,0,,1,1,False,house-83|senate-28
1998,RUSSELL,0170 SEALE OLD RUSSELL COURTHOUSE,SEALE OLD RUSSELL COURTHOUSE,SEALE OLD RUSSELL COURTHOUSE,2000,,,VTD2000-113-7-3,Old Russell County Courthouse,unmatched_name,83.6,4.065116279069756,17,19,underflow,0,False,0,0,,1,1,False,house-83|senate-28
1998,RUSSELL,0180 HATCHECHUBBEE FIRE STATION,HATCHECHUBBEE FIRE STATION,HATCHECHUBBEE FIRE STATION,2000,,,VTD2000-113-7-4,Hatchechubbee Fire Dept,unmatched_name,80.0,33.46938775510205,17,19,underflow,0,False,0,0,,1,1,False,house-83|senate-28
1998,RUSSELL,0190 VOLUNTEER FIRE DEPT. HURTSBORO,VOLUNTEER FIRE DEPARTMENT HURTSBORO,VOLUNTEER FIRE DEPARTMENT HURTSBORO,2000,,,VTD2000-113-7-5B,Hurtsboro City Hall-B,ambiguous_fuzzy_name,85.5,3.604228127063181e-06,17,19,underflow,0,False,0,0,,1,1,False,house-83|senate-28
1998,SHELBY,023 RIVERCHASE,RIVERCHASE,RIVERCHASE,2000,,,VTD2000-117-14,Vandiver Community Center,unmatched_name,48.85714285714285,1.488721804511265,40,22,overflow,0,False,4,0,,1,1,False,house-47|senate-16
1998,SHELBY,024 VALLEY DALE,VALLEY DALE,VALLEY DALE,2000,,,VTD2000-117-10,Harpersville,unmatched_name,49.56521739130434,0.4743083003952577,40,22,overflow,0,False,4,0,,1,1,False,house-40|senate-14
1998,SHELBY,026 FIRST CHRISTIAN,FIRST CHRISTIAN,FIRST CHRISTIAN,2000,,,VTD2000-117-1,First Baptist Church,unmatched_name,51.42857142857142,1.0285714285714178,40,22,overflow,0,False,4,0,,2,2,True,house-40|house-46|senate-14|senate-16
1998,SHELBY,033 ALABASTER,ALABASTER,ALABASTER,2000,,,VTD2000-117-2,Spring Creek Water Authority,unmatched_name,52.61538461538461,7.015384615384612,40,22,overflow,0,False,4,0,,1,1,False,house-40|senate-14
1998,SHELBY,035 GREYSTONE,GREYSTONE,GREYSTONE,2000,,,VTD2000-117-11,Westover Water Bldg,unmatched_name,57.0,6.705882352941174,40,22,overflow,0,False,4,0,,1,1,False,house-46|senate-16
1998,SHELBY,036 MAYLENE PNTCST,MAYLENE PNTCST,MAYLENE PNTCST,2000,,,VTD2000-117-19,Maylene Pentecostal Church,unmatched_name,85.5,42.75,40,22,overflow,0,False,4,0,,1,1,False,house-40|senate-14
1998,STCLAIR,0110 OLDHAM CHAPEL CHURCH,OLDHAM CHAPEL CHURCH,OLDHAM CHAPEL CHURCH,2000,,,VTD2000-115-27,Pleasent Valley Church-Slate Union,ambiguous_fuzzy_name,85.5,0.0016188471777756,35,22,overflow,0,False,0,0,,0,2,True,senate-10|senate-30
1998,STCLAIR,0130 POPULAR SPRINGS CHURCH,POPULAR SPRINGS CHURCH,POPULAR SPRINGS CHURCH,2000,,,VTD2000-115-27,Pleasent Valley Church-Slate Union,ambiguous_fuzzy_name,85.5,0.0016188471777756,35,22,overflow,0,False,0,0,,0,2,True,senate-10|senate-30
1998,STCLAIR,0190 SEDDON HANDS MINI STORAGE,SEDDON HANDS MINI STORAGE,SEDDON HANDS MINI STORAGE,2000,,,VTD2000-115-18,Pinedale Comm Center,unmatched_name,40.0,0.4000000000000057,35,22,overflow,0,False,0,0,,1,3,True,house-49|senate-10|senate-17|senate-30
1998,TALLADEGA,0070 SPRING ST. COMM. CENTER #1,SPRING SAINT COMMUNITY CENTER,SPRING SAINT COMMUNITY CENTER,2000,,,VTD2000-121-8,Sullivan Curry Comm Center,unmatched_name,70.0,24.929577464788736,31,15,overflow,0,False,1,0,,1,1,False,house-35|senate-11
1998,TALLADEGA,0080 BEMISTON RECREATION CNTR.#1,BEMISTON RECREATION CENTER,BEMISTON RECREATION CENTER,2000,,,VTD2000-121-4,Ironaton Fire Dept,unmatched_name,52.0,2.000000000000007,31,15,overflow,0,False,1,0,,1,1,False,house-35|senate-11
1998,TALLADEGA,0100 BAMA #2,BAMA,BAMA,2000,,,VTD2000-121-5,Talladega National Guard Armory,unmatched_name,48.85714285714285,3.857142857142854,31,15,overflow,0,False,1,0,,1,1,False,house-32|senate-11
1998,TALLADEGA,0140 GABLES CORNER,GABLES CORNER,GABLES CORNER,2000,,,VTD2000-121-13,Sycamore,unmatched_name,56.25,6.25,31,15,overflow,0,False,1,0,,1,1,False,house-32|senate-11
1998,TALLAPOOSA,0045 OURTOWN FIRE STATION,OURTOWN FIRE STATION,OURTOWN FIRE STATION,2000,,,VTD2000-123-2,Alex City Airport-Fire Station,ambiguous_fuzzy_name,85.5,3.016316085791004e-08,28,18,overflow,0,False,2,1,99-0112,1,1,False,house-81|senate-27
1998,TALLAPOOSA,0060 ALEX CITY NTL GUARD ARMORY #1,ALEX CITY NTL GUARD ARMORY,ALEX CITY NTL GUARD ARMORY,2000,,,VTD2000-123-7,Dadeville National Guard Armory,unmatched_name,70.17543859649122,9.104010025062657,28,18,overflow,0,False,2,1,99-0112,1,1,False,house-81|senate-27
1998,TALLAPOOSA,0061 ALEX CITY NTL GUARD ARMORY #2,ALEX CITY NTL GUARD ARMORY,ALEX CITY NTL GUARD ARMORY,2000,,,VTD2000-123-7,Dadeville National Guard Armory,unmatched_name,70.17543859649122,9.104010025062657,28,18,overflow,0,False,2,1,99-0112,1,1,False,house-81|senate-27
1998,TALLAPOOSA,0065 ALEX CITY FIRE STATION LK HILL,ALEX CITY FIRE STATION LK HILL,ALEX CITY FIRE STATION LK HILL,2000,,,VTD2000-123-15,Camp Hill City Hall,ambiguous_fuzzy_name,85.5,4.561343525111283e-08,28,18,overflow,0,False,2,1,99-0112,1,1,False,house-81|senate-27
1998,TALLAPOOSA,0260 WALL STREET SCHOOL,WALL STREET SCHOOL,WALL STREET SCHOOL,2000,,,VTD2000-123-12,Reeltown Fire Dept-Tallassee Club House,unmatched_name,50.0,5.0,28,18,overflow,0,False,2,1,99-0112,1,1,False,house-81|senate-27
1998,TALLAPOOSA,0300 MARY'S CROSS ROADS VOTING HSE,MARY S CROSS ROADS VOTING HSE,MARY S CROSS ROADS VOTING HSE,2000,,,VTD2000-123-8,Manoy Voting House,ambiguous_fuzzy_name,85.5,0.0066114791447025,28,18,overflow,0,False,2,1,99-0112,1,1,False,house-81|senate-27
1998,TUSCALOOSA,023 LAKEVIEW F.S.,LAKEVIEW F S,LAKEVIEW F S,2000,,,VTD2000-125-35,Mt Olive Fire Station,unmatched_name,52.5,2.625000000000007,52,41,overflow,0,False,0,0,,1,1,False,house-62|senate-21
1998,TUSCALOOSA,028 FOREST HILL MAS. LD.,FOREST HILL MAS LD,FOREST HILL MAS LD,2000,,,VTD2000-125-11,Forest Lake Methodist Church,unmatched_name,85.5,28.92857142857143,52,41,overflow,0,False,0,0,,1,1,False,house-61|senate-21
1998,TUSCALOOSA,043 BAILEY'S CNTRY STR.,BAILEY S CNTRY STR,BAILEY S CNTRY STR,2000,,,VTD2000-125-19,Vance Community Center,unmatched_name,50.0,0.0,52,41,overflow,0,False,0,0,,1,1,False,house-14|senate-5
1998,TUSCALOOSA,047 MAYFIELD F.S.,MAYFIELD F S,MAYFIELD F S,2000,,,VTD2000-125-28,Montgomery Fire Station,unmatched_name,52.5,7.5,52,41,overflow,0,False,0,0,,1,1,False,house-61|senate-21
1998,WALKER,038 CURRY COMM. CENTER,CURRY COMMUNITY CENTER,CURRY COMMUNITY CENTER,2000,,,VTD2000-127-2,Farmstead School-Manchester Comm Bldg,ambiguous_fuzzy_name,85.5,9.483661045361911e-06,70,34,overflow,0,False,2,0,,1,1,False,house-13|senate-5
1998,WALKER,039 CURRY COMM. CENTER,CURRY COMMUNITY CENTER,CURRY COMMUNITY CENTER,2000,,,VTD2000-127-2,Farmstead School-Manchester Comm Bldg,ambiguous_fuzzy_name,85.5,9.483661045361911e-06,70,34,overflow,0,False,2,0,,1,1,False,house-13|senate-5
1998,WALKER,040 CURRY COMM. CENTER,CURRY COMMUNITY CENTER,CURRY COMMUNITY CENTER,2000,,,VTD2000-127-2,Farmstead School-Manchester Comm Bldg,ambiguous_fuzzy_name,85.5,9.483661045361911e-06,70,34,overflow,0,False,2,0,,1,1,False,house-13|senate-5
1998,WALKER,041 PLD HERMAN,PLD HERMAN,PLD HERMAN,2000,,,VTD2000-127-19,Copeland Ferry Fire Dept,unmatched_name,54.0,2.699999999999996,70,34,overflow,0,False,2,0,,1,1,False,house-13|senate-5
1998,WALKER,053 BOLDO COMM. CENTER,BOLDO COMMUNITY CENTER,BOLDO COMMUNITY CENTER,2000,,,VTD2000-127-2,Farmstead School-Manchester Comm Bldg,ambiguous_fuzzy_name,85.5,9.483661045361911e-06,70,34,overflow,0,False,2,0,,1,1,False,house-13|senate-5
1998,WALKER,054 BOLDO COMM. CENTER,BOLDO COMMUNITY CENTER,BOLDO COMMUNITY CENTER,2000,,,VTD2000-127-2,Farmstead School-Manchester Comm Bldg,ambiguous_fuzzy_name,85.5,9.483661045361911e-06,70,34,overflow,0,False,2,0,,1,1,False,house-13|senate-5
1998,WASHINGTON,10-2 CHARITY CHAP.,10 2 CHARITY CHAP,2 CHARITY CHAP,2000,,,VTD2000-129-10,Deer Park-Charity Chapel,unmatched_name,68.29268292682926,8.29268292682925,31,17,overflow,0,False,0,0,,1,1,False,house-65|senate-22
1998,WILCOX,0090 CALEDONIA MCWILLIAMS,CALEDONIA MCWILLIAMS,CALEDONIA MCWILLIAMS,2000,,,VTD2000-131-2001,Allenton,unmatched_name,60.00000000000001,6.000000000000007,26,29,underflow,0,False,2,0,,1,1,False,house-69|senate-23
1998,WILCOX,0130 ALLENTOWN SALEM CHURCH,ALLENTOWN SALEM CHURCH,ALLENTOWN SALEM CHURCH,2000,,,VTD2000-131-2001,Allenton,unmatched_name,84.0,28.615384615384613,26,29,underflow,0,False,2,0,,1,1,False,house-69|senate-23
1998,WILCOX,0200 COY PUBLIC SCHOOL,COY PUBLIC SCHOOL,COY PUBLIC SCHOOL,2000,,,VTD2000-131-3002,Holy Cross Lutheran Church,unmatched_name,41.45454545454545,1.4545454545454533,26,29,underflow,0,False,2,0,,1,1,False,house-69|senate-23
1998,WILCOX,0360 YELLOW BLUFF CITY HALL,YELLOW BLUFF CITY HALL,YELLOW BLUFF CITY HALL,2000,,,VTD2000-131-5003B,Yellow Bluff,ambiguous_fuzzy_name,90.0,3.3306690738754696e-14,26,29,underflow,0,False,2,0,,1,1,False,house-69|senate-23
1998,WILCOX,0380 LOWER PEACHTREE #1,LOWER PEACHTREE,LOWER PEACHTREE,2000,,,VTD2000-131-5005,Lower Peachtree,ambiguous_exact_name,100.0,2.031420920367566e-07,26,29,underflow,0,False,2,0,,1,1,False,house-69|senate-23
1998,WILCOX,0381 LOWER PEACHTREE #2,LOWER PEACHTREE,LOWER PEACHTREE,2000,,,VTD2000-131-5005,Lower Peachtree,ambiguous_exact_name,100.0,2.031420920367566e-07,26,29,underflow,0,False,2,0,,1,1,False,house-69|senate-23
1998,WILCOX,0410 ARLINGTON DR. NETTES,ARLINGTON DR NETTES,ARLINGTON DR NETTES,2000,,,VTD2000-131-6001-6,Lamison/Arlington 6001 6006,unmatched_name,61.07142857142856,3.798701298701289,26,29,underflow,0,False,2,0,,1,1,False,house-69|senate-23
1998,WINSTON,019 NESMITH,NESMITH,NESMITH,2000,,,VTD2000-133-7,Addison Community Center,unmatched_name,46.63636363636363,3.886363636363633,22,11,overflow,0,False,2,0,,1,1,False,house-17|senate-6
2002,BARBOUR,BAKERS STORE,BAKERS STORE,BAKERS STORE,2000,,,VTD2000-005-1,Woodham's Store,unmatched_name,59.25925925925925,3.3769063180827885,23,10,overflow,0,False,1,0,,1,1,False,house-84|senate-28
2002,BARBOUR,BEVILL CENTER,BEVILL CENTER,BEVILL CENTER,2000,,,VTD2000-005-4,Bakerhill,unmatched_name,45.45454545454546,1.9762845849802415,23,10,overflow,0,False,1,0,,1,1,False,house-84|senate-28
2002,BARBOUR,COGGINS STORE VOTING HOUSE,COGGINS STORE VOTING HOUSE,COGGINS STORE VOTING HOUSE,2000,,,VTD2000-005-3,Coggin's Store,ambiguous_fuzzy_name,86.66666666666667,0.0001278710134666,23,10,overflow,0,False,1,0,,1,1,False,house-84|senate-28
2002,BARBOUR,ELAMVILLE VOLUNTEER FIRE,ELAMVILLE VOLUNTEER FIRE,ELAMVILLE VOLUNTEER FIRE,2000,,,VTD2000-005-9,Louisville,unmatched_name,56.84210526315789,2.8421052631578902,23,10,overflow,0,False,1,0,,1,1,False,house-84|senate-28
2002,BARBOUR,JUNIOR TURNER STORE,JUNIOR TURNER STORE,JUNIOR TURNER STORE,2000,,,VTD2000-005-3,Coggin's Store,unmatched_name,49.99999999999999,2.499999999999993,23,10,overflow,0,False,1,0,,1,1,False,house-84|senate-28
2002,BARBOUR,RICHARDS CABINET SHOP,RICHARDS CABINET SHOP,RICHARDS CABINET SHOP,2000,,,VTD2000-005-2,Clio,unmatched_name,45.0,2.25,23,10,overflow,0,False,1,0,,1,1,False,house-84|senate-28
2002,BARBOUR,SANFORD GYM,SANFORD GYM,SANFORD GYM,2000,,,VTD2000-005-3,Coggin's Store,unmatched_name,38.0,1.461538461538467,23,10,overflow,0,False,1,0,,1,1,False,house-84|senate-28
2002,BARBOUR,SUTTONS RESTAURANT,SUTTONS RESTAURANT,SUTTONS RESTAURANT,2000,,,VTD2000-005-5,Eufaula,unmatched_name,51.42857142857142,4.79220779220779,23,10,overflow,0,False,1,0,,1,1,False,house-84|senate-28
2002,BUTLER,MCLAINS - VOTING HOUSE,MCLAINS VOTING HOUSE,MCLAINS VOTING HOUSE,2000,,,VTD2000-013-18,Voting House at McLain's,ambiguous_fuzzy_name,86.36363636363636,1.1102230246251565e-13,26,23,overflow,0,False,0,0,,1,1,False,house-90|senate-30
2002,BUTLER,NEW ARMORY .1,NEW ARMORY 1,NEW ARMORY,2000,,,VTD2000-013-12-3,Old Armory Near Courthouse at Greenville,ambiguous_fuzzy_name,85.5,2.775557561562892e-13,26,23,overflow,0,False,0,0,,1,1,False,house-90|senate-30
2002,BUTLER,NEW ARMORY .2,NEW ARMORY 2,NEW ARMORY,2000,,,VTD2000-013-12-3,Old Armory Near Courthouse at Greenville,ambiguous_fuzzy_name,85.5,2.775557561562892e-13,26,23,overflow,0,False,0,0,,1,1,False,house-90|senate-30
2002,CALHOUN,CHURCH OF THE COVENANT,CHURCH OF THE COVENANT,CHURCH OF THE COVENANT,2000,,,VTD2000-015-10,Holley's Crossroad Baptist Church,ambiguous_fuzzy_name,85.5,0.0,52,24,overflow,0,False,0,0,,1,1,False,house-36|senate-12
2002,CALHOUN,COOSA VALLEY SADDLE CLUB,COOSA VALLEY SADDLE CLUB,COOSA VALLEY SADDLE CLUB,2000,,,VTD2000-015-1,Jacksonville,unmatched_name,46.95652173913043,0.2898550724637658,52,24,overflow,0,False,0,0,,1,1,False,house-36|senate-12
2002,CALHOUN,GODS COVENANT MINISTRY,GODS COVENANT MINISTRY,GODS COVENANT MINISTRY,2000,,,VTD2000-015-15,Anniston,unmatched_name,51.42857142857142,6.530612244897945,52,24,overflow,0,False,0,0,,1,1,False,house-36|senate-12
2002,CHAMBERS,LAKEVIEW,LAKEVIEW,LAKEVIEW,2000,,,VTD2000-017-8,LaFayette,unmatched_name,47.05882352941176,2.058823529411761,24,13,overflow,0,False,3,0,,1,1,False,house-37|senate-13
2002,CHEROKEE,ADRIANS STORE,ADRIANS STORE,ADRIANS STORE,2000,,,VTD2000-019-1,Alexis-May's Store,unmatched_name,64.51612903225806,10.516129032258064,31,23,overflow,0,False,0,0,,1,1,False,house-39|senate-10
2002,CHEROKEE,AMERICAN LEGION BUILDING .1,AMERICAN LEGION BUILDING 1,AMERICAN LEGION BUILDING,2000,,,VTD2000-019-18,Farill,unmatched_name,49.090909090909086,4.090909090909086,31,23,overflow,0,False,0,0,,1,1,False,house-39|senate-10
2002,CHEROKEE,AMERICAN LEGION BUILDING .2,AMERICAN LEGION BUILDING 2,AMERICAN LEGION BUILDING,2000,,,VTD2000-019-18,Farill,unmatched_name,49.090909090909086,4.090909090909086,31,23,overflow,0,False,0,0,,1,1,False,house-39|senate-10
2002,CHEROKEE,CURTIS VAUGHN STORE,CURTIS VAUGHN STORE,CURTIS VAUGHN STORE,2000,,,VTD2000-019-1,Alexis-May's Store,unmatched_name,54.054054054054056,0.0540540540540561,31,23,overflow,0,False,0,0,,1,1,False,house-39|senate-10
2002,CHEROKEE,LINDSEYS STORE,LINDSEYS STORE,LINDSEYS STORE,2000,,,VTD2000-019-1,Alexis-May's Store,unmatched_name,68.75,8.749999999999993,31,23,overflow,0,False,0,0,,1,1,False,house-39|senate-13
2002,CHEROKEE,MILL CREEK BAPTIST CHURCH,MILL CREEK BAPTIST CHURCH,MILL CREEK BAPTIST CHURCH,2000,,,VTD2000-019-18,Farill,unmatched_name,57.0,12.0,31,23,overflow,0,False,0,0,,1,1,False,house-39|senate-10
2002,CHEROKEE,MT CALVARY BAPT_ CHURCH  PAPER,MOUNT CALVARY BAPTIST CHURCH PAPER,MOUNT CALVARY BAPTIST CHURCH PAPER,2000,,,VTD2000-019-14,Unity-Watson's Chapel,unmatched_name,50.90909090909091,0.5090909090909008,31,23,overflow,0,False,0,0,,1,1,False,house-39|senate-10
2002,CHEROKEE,MT_ SPRINGS FELLOWSHIP HALL,MOUNT SPRINGS FELLOWSHIP HALL,MOUNT SPRINGS FELLOWSHIP HALL,2000,,,VTD2000-019-7,Mountain Springs-Goshen,unmatched_name,65.38461538461539,5.38461538461538,31,23,overflow,0,False,0,0,,1,1,False,house-39|senate-10
2002,CHEROKEE,MT_ WEISNER FIRE HALL,MOUNT WEISNER FIRE HALL,MOUNT WEISNER FIRE HALL,2000,,,VTD2000-019-18,Farill,unmatched_name,60.00000000000001,5.454545454545468,31,23,overflow,0,False,0,0,,1,1,False,house-39|senate-10
2002,CHEROKEE,SCHOONHOVEN STORE PAPER,SCHOONHOVEN STORE PAPER,SCHOONHOVEN STORE PAPER,2000,,,VTD2000-019-6,Centre,unmatched_name,51.3,4.958536585365863,31,23,overflow,0,False,0,0,,1,1,False,house-39|senate-13
2002,CHEROKEE,SLACKLAND CLUBHOUSE,SLACKLAND CLUBHOUSE,SLACKLAND CLUBHOUSE,2000,,,VTD2000-019-9,Pollards Bend-Slackland,unmatched_name,61.07142857142856,4.071428571428562,31,23,overflow,0,False,0,0,,1,1,False,house-39|senate-10
2002,CLARKE,SALTWORKS VOTING HOUSE-CARLTON,SALTWORKS VOTING HOUSE CARLTON,SALTWORKS VOTING HOUSE CARLTON,2000,,,VTD2000-025-11,Voting House,ambiguous_fuzzy_name,90.0,0.0,29,21,overflow,0,False,0,0,,1,1,False,house-65|senate-22
2002,CLARKE,SPRINGFIELD UNITED METHODIST,SPRINGFIELD UNITED METHODIST,SPRINGFIELD UNITED METHODIST,2000,,,VTD2000-025-20,Bashi Methodist Church,unmatched_name,55.16129032258064,7.161290322580641,29,21,overflow,0,False,0,0,,1,1,False,house-65|senate-22
2002,COFFEE,ELBA RESERVE ARMORY,ELBA RESERVE ARMORY,ELBA RESERVE ARMORY,2000,,,VTD2000-031-9-5,New Brockton Nat'l Guard Armory,ambiguous_fuzzy_name,85.5,5.995204332975845e-13,35,27,overflow,0,False,1,0,,1,1,False,house-91|senate-31
2002,COFFEE,NEWBIA,NEWBIA,NEWBIA,2000,,,VTD2000-031-4,Newby,unmatched_name,72.72727272727273,7.272727272727266,35,27,overflow,0,False,1,0,,1,1,False,house-91|senate-31
2002,CONECUH,BROOKLYN MASONIC LODGE,BROOKLYN MASONIC LODGE,BROOKLYN MASONIC LODGE,2000,,,VTD2000-035-7-1,Brooklyn Fire Dept.,unmatched_name,57.82608695652174,13.3816425120773,26,28,underflow,0,False,0,0,,1,1,False,house-90|senate-22
2002,CONECUH,PAUL FIRE HOUSE,PAUL FIRE HOUSE,PAUL FIRE HOUSE,2000,,,VTD2000-035-10-2,Flat Rock Fire Dept.,ambiguous_fuzzy_name,85.5,0.0,26,28,underflow,0,False,0,0,,1,1,False,house-90|senate-22
2002,CONECUH,SKINNERTON VOTING HOUSE,SKINNERTON VOTING HOUSE,SKINNERTON VOTING HOUSE,2000,,,VTD2000-035-1-1,Annex Voting House,unmatched_name,78.04878048780488,3.630175836642081,26,28,underflow,0,False,0,0,,1,1,False,house-90|senate-23
2002,CONECUH,WOOTEN VOTING HOUSE,WOOTEN VOTING HOUSE,WOOTEN VOTING HOUSE,2000,,,VTD2000-035-4-3,Wooten Voting Center,unmatched_name,77.1875,0.0,26,28,underflow,0,False,0,0,,2,1,True,house-68|house-90|senate-23
2002,COOSA,COURTHOUSE,COURTHOUSE,COURTHOUSE,2000,,,VTD2000-037-7-12,Rockford Courthouse,ambiguous_fuzzy_name,90.0,1.2185263909003652e-08,12,20,underflow,0,False,0,0,,1,1,False,house-31|senate-11
2002,COOSA,EQUALITY FIRE DEPARTMENT,EQUALITY FIRE DEPARTMENT,EQUALITY FIRE DEPARTMENT,2000,,,VTD2000-037-1-11,Equality Fire Dept.,ambiguous_exact_name,100.0,2.812534516394294e-06,12,20,underflow,0,False,0,0,,1,1,False,house-31|senate-11
2002,COOSA,HANOVER,HANOVER,HANOVER,2000,,,VTD2000-037-6-14,Hanover Shop,ambiguous_fuzzy_name,90.0,4.2188474935755954e-13,12,20,underflow,0,False,0,0,,2,1,True,house-31|house-33|senate-11
2002,COOSA,KELLEYTON FIRE DEPARTMENT,KELLEYTON FIRE DEPARTMENT,KELLEYTON FIRE DEPARTMENT,2000,,,VTD2000-037-13-18,Marble Valley Fire Dept.,unmatched_name,77.77777777777779,0.2267573696145177,12,20,underflow,0,False,0,0,,1,1,False,house-31|senate-11
2002,COOSA,MT_ OLIVE COMMUNITY CENTER,MOUNT OLIVE COMMUNITY CENTER,MOUNT OLIVE COMMUNITY CENTER,2000,,,VTD2000-037-17-7,Ray Community Center,unmatched_name,84.44444444444444,10.298102981029814,12,20,underflow,0,False,0,0,,1,1,False,house-31|senate-11
2002,COOSA,OLD RAILROAD DEPOT,OLD RAILROAD DEPOT,OLD RAILROAD DEPOT,2000,,,VTD2000-037-4-4,Goodwater Fire Dept.,unmatched_name,46.51162790697675,0.0,12,20,underflow,0,False,0,0,,1,1,False,house-31|senate-11
2002,COOSA,RICHVILLE FIRE DEPARTMENT,RICHVILLE FIRE DEPARTMENT,RICHVILLE FIRE DEPARTMENT,2000,,,VTD2000-037-15-19,Richville Fire Dept.,ambiguous_exact_name,100.0,7.178287964038077e-08,12,20,underflow,0,False,0,0,,1,1,False,house-31|senate-11
2002,COOSA,WEST COOSA SENIOR CENTER,WEST COOSA SENIOR CENTER,WEST COOSA SENIOR CENTER,2000,,,VTD2000-037-3-6,Kellyton Community Center,unmatched_name,57.14285714285714,0.0,12,20,underflow,0,False,0,0,,1,1,False,house-33|senate-11
2002,COVINGTON,BECK VOTING HOUSE - SHADY BEND,BECK VOTING HOUSE SHADY BEND,BECK VOTING HOUSE SHADY BEND,2000,,,VTD2000-039-2,Fairfield-Shady Bend,unmatched_name,63.33333333333332,9.89583333333332,41,24,overflow,0,False,0,0,,1,1,False,house-92|senate-31
2002,COVINGTON,BROOK VOTING HOUSE - CHURCH,BROOK VOTING HOUSE CHURCH,BROOK VOTING HOUSE CHURCH,2000,,,VTD2000-039-13,Blue Springs,unmatched_name,46.63636363636363,0.0,41,24,overflow,0,False,0,0,,1,1,False,house-92|senate-31
2002,COVINGTON,CATOES MASONIC LODGE 609,CATOES MASONIC LODGE 609,CATOES MASONIC LODGE,2000,,,VTD2000-039-22,Bole's Mill,unmatched_name,49.090909090909086,0.0,41,24,overflow,0,False,0,0,,1,1,False,house-92|senate-31
2002,COVINGTON,GOOLSBY VOTING HOUSE-DAMASCUS,GOOLSBY VOTING HOUSE DAMASCUS,GOOLSBY VOTING HOUSE DAMASCUS,2000,,,VTD2000-039-7,Macadams-Goolsby's Place,unmatched_name,53.77358490566037,7.137221269296738,41,24,overflow,0,False,0,0,,1,1,False,house-92|senate-31
2002,COVINGTON,MCADAMS STORE VOTING HOUSE,MCADAMS STORE VOTING HOUSE,MCADAMS STORE VOTING HOUSE,2000,,,VTD2000-039-10,Beda Wing Fire Dept.-Catoe's Store,ambiguous_fuzzy_name,85.5,8.39181482081841e-06,41,24,overflow,0,False,0,0,,1,1,False,house-92|senate-31
2002,COVINGTON,OAKY RIDGE VOTING HOUSE,OAKY RIDGE VOTING HOUSE,OAKY RIDGE VOTING HOUSE,2000,,,VTD2000-039-20,Sanford-Harmony-Oakey Ridge,unmatched_name,57.0,10.363636363636369,41,24,overflow,0,False,0,0,,1,1,False,house-92|senate-31
2002,DALE,DALEVILLE-CITY HALL .1,DALEVILLE CITY HALL 1,DALEVILLE CITY HALL,2000,,,VTD2000-045-3,Daleville,ambiguous_fuzzy_name,90.0,0.0,24,17,overflow,0,False,1,0,,1,1,False,house-93|senate-29
2002,DALE,DALEVILLE-CITY HALL .2,DALEVILLE CITY HALL 2,DALEVILLE CITY HALL,2000,,,VTD2000-045-3,Daleville,ambiguous_fuzzy_name,90.0,0.0,24,17,overflow,0,False,1,0,,1,1,False,house-93|senate-29
2002,DALE,GRIMES-COMMUNITY CENTER,GRIMES COMMUNITY CENTER,GRIMES COMMUNITY CENTER,2000,,,VTD2000-045-13,Bertha,unmatched_name,45.0,0.0,24,17,overflow,0,False,1,0,,1,1,False,house-93|senate-31
2002,DALLAS,BROAD STREET FIRE STATION,BROAD STREET FIRE STATION,BROAD STREET FIRE STATION,2000,,,VTD2000-047-D37E,Broad St Fire Station,ambiguous_fuzzy_name,85.71428571428572,0.0,30,29,overflow,0,False,0,0,,1,1,False,house-67|senate-23
2002,DALLAS,CARLOWVILLE MINTER-VFD,CARLOWVILLE MINTER VOLUNTEER FIRE DEPARTMENT,CARLOWVILLE MINTER VOLUNTEER FIRE DEPARTMENT,2000,,,VTD2000-047-D34W,Woodrow Ave Fire Station,ambiguous_fuzzy_name,85.5,2.220446049250313e-14,30,29,overflow,0,False,0,0,,1,1,False,house-67|senate-23
2002,DALLAS,UNION-NEW NATIONAL GUARD,UNION NEW NATIONAL GUARD,UNION NEW NATIONAL GUARD,2000,,,VTD2000-047-0901,Old NG Armory,unmatched_name,46.95652173913043,3.05408271474019,30,29,overflow,0,False,0,0,,1,1,False,house-67|senate-23
2002,DEKALB,ANTIOCH BARRYS BBQ,ANTIOCH BARRYS BBQ,ANTIOCH BARRYS BBQ,2000,,,VTD2000-049-24,Harmony,unmatched_name,51.42857142857142,6.428571428571424,76,30,overflow,0,False,1,1,2000-3517,1,1,False,house-24|senate-8
2002,DEKALB,FORREST AVE.\SCH.,FORREST AVE SCHOOL,FORREST AVE SCHOOL,2000,,,VTD2000-049-9,Fort Payne,unmatched_name,56.84210526315789,2.8421052631578902,76,30,overflow,0,False,1,1,2000-3517,1,1,False,house-24|senate-8
2002,DEKALB,FT. PAYNE VFW HALL 7A,FT PAYNE VFW HALL 7A,FT PAYNE VFW HALL 7A,2000,,,VTD2000-049-10,White Hall,ambiguous_fuzzy_name,85.5,8.652613070481152e-08,76,30,overflow,0,False,1,1,2000-3517,1,1,False,house-24|senate-8
2002,DEKALB,FT. PAYNE VFW HALL 7B,FT PAYNE VFW HALL 7B,FT PAYNE VFW HALL 7B,2000,,,VTD2000-049-10,White Hall,ambiguous_fuzzy_name,85.5,8.652613070481152e-08,76,30,overflow,0,False,1,1,2000-3517,1,1,False,house-24|senate-8
2002,DEKALB,LATHEMVILLE METH. CH.,LATHEMVILLE METH CHURCH,LATHEMVILLE METH CHURCH,2000,,,VTD2000-049-26,Pleasant Hill,unmatched_name,54.78260869565218,5.691699604743093,76,30,overflow,0,False,1,1,2000-3517,1,1,False,house-29|senate-8
2002,DEKALB,LOG CABIN ANTIQ.,LOG CABIN ANTIQ,LOG CABIN ANTIQ,2000,,,VTD2000-049-14,Shiloh,unmatched_name,45.0,0.0,76,30,overflow,0,False,1,1,2000-3517,1,1,False,house-24|senate-8
2002,DEKALB,PAINTER COMM. CTR.,PAINTER COMMUNITY CENTER,PAINTER COMMUNITY CENTER,2000,,,VTD2000-049-16,Rainsville Comm. Center,unmatched_name,82.35294117647058,16.898395721925112,76,30,overflow,0,False,1,1,2000-3517,1,1,False,house-26|senate-8
2002,DEKALB,PORTERSVILLE BAPTIST CHURCH,PORTERSVILLE BAPTIST CHURCH,PORTERSVILLE BAPTIST CHURCH,2000,,,VTD2000-049-23,Pertree,unmatched_name,60.00000000000001,3.000000000000007,76,30,overflow,0,False,1,1,2000-3517,1,1,False,house-39|senate-8
2002,DEKALB,RURITAN BLDG\HENAGAR-3A,RURITAN BUILDING HENAGAR 3A,RURITAN BUILDING HENAGAR 3A,2000,,,VTD2000-049-27,Geraldine,unmatched_name,50.0,4.399999999999999,76,30,overflow,0,False,1,1,2000-3517,1,1,False,house-24|senate-8
2002,DEKALB,RURITAN BLDG\HENAGAR-3B,RURITAN BUILDING HENAGAR 3B,RURITAN BUILDING HENAGAR 3B,2000,,,VTD2000-049-27,Geraldine,unmatched_name,50.0,4.399999999999999,76,30,overflow,0,False,1,1,2000-3517,1,1,False,house-24|senate-8
2002,DEKALB,SAND MOUNTAIN,SAND MOUNTAIN,SAND MOUNTAIN,2000,,,VTD2000-049-16,Rainsville Comm. Center,unmatched_name,52.61538461538461,5.97902097902098,76,30,overflow,0,False,1,1,2000-3517,1,1,False,house-24|senate-8
2002,DEKALB,SENIOR CIT. CTR. 2A,SENIOR CIT CENTER 2A,SENIOR CIT CENTER 2A,2000,,,VTD2000-049-4,Keener,unmatched_name,60.00000000000001,4.680851063829792,76,30,overflow,0,False,1,1,2000-3517,1,1,False,house-24|senate-8
2002,DEKALB,SENIOR CIT. CTR. 2B,SENIOR CIT CENTER 2B,SENIOR CIT CENTER 2B,2000,,,VTD2000-049-4,Keener,unmatched_name,60.00000000000001,4.680851063829792,76,30,overflow,0,False,1,1,2000-3517,1,1,False,house-24|senate-8
2002,DEKALB,WHITON OLD SCH.\BUILDING,WHITON OLD SCHOOL BUILDING,WHITON OLD SCHOOL BUILDING,2000,,,VTD2000-049-10,White Hall,unmatched_name,59.85,4.688709677419354,76,30,overflow,0,False,1,1,2000-3517,1,1,False,house-26|senate-8
2002,ELMORE,COOSADA CITY HALL,COOSADA CITY HALL,COOSADA CITY HALL,2000,,,VTD2000-051-0211,Coosada City Hall-B,ambiguous_fuzzy_name,95.0,2.8042541622141925e-07,30,45,underflow,0,False,3,0,,2,1,True,house-75|house-88|senate-30
2002,ELMORE,FITZPATRICK COMMUNITY HOUSE,FITZPATRICK COMMUNITY HOUSE,FITZPATRICK COMMUNITY HOUSE,2000,,,VTD2000-051-0191,Fitzpatrick Comm House,ambiguous_exact_name,100.0,1.6006231895460132e-07,30,45,underflow,0,False,3,0,,1,2,True,house-75|senate-25|senate-30
2002,ELMORE,MULDER MEM METHODIST CHURCH .1,MULDER MEM METHODIST CHURCH 1,MULDER MEM METHODIST CHURCH,2000,,,VTD2000-051-024A,Millbrook Memorial Prk,unmatched_name,43.13725490196079,0.8295625942684737,30,45,underflow,0,False,3,0,,2,1,True,house-31|house-75|senate-25
2002,ELMORE,MULDER MEM METHODIST CHURCH .2,MULDER MEM METHODIST CHURCH 2,MULDER MEM METHODIST CHURCH,2000,,,VTD2000-051-024A,Millbrook Memorial Prk,unmatched_name,43.13725490196079,0.8295625942684737,30,45,underflow,0,False,3,0,,2,1,True,house-31|house-75|senate-25
2002,ELMORE,SANTUCK COMMUNITY CENTER,SANTUCK COMMUNITY CENTER,SANTUCK COMMUNITY CENTER,2000,,,VTD2000-051-0081,Santuck Community Center,ambiguous_exact_name,100.0,1.0612608569715577e-07,30,45,underflow,0,False,3,0,,1,1,False,house-31|senate-25
2002,ELMORE,SEMAN COMMUNITY CENTER,SEMAN COMMUNITY CENTER,SEMAN COMMUNITY CENTER,2000,,,VTD2000-051-0081,Santuck Community Center,ambiguous_fuzzy_name,86.95652173913044,0.0,30,45,underflow,0,False,3,0,,1,1,False,house-31|senate-11
2002,ELMORE,SOUTHSIDE SCHOOL TALLASSEE,SOUTHSIDE SCHOOL TALLASSEE,SOUTHSIDE SCHOOL TALLASSEE,2000,,,VTD2000-051-0021,South Side School,unmatched_name,87.27272727272728,37.08404802744427,30,45,underflow,0,False,3,0,,1,1,False,house-31|senate-11
2002,ELMORE,VICTORY BAPTIST SCHOOL .1,VICTORY BAPTIST SCHOOL 1,VICTORY BAPTIST SCHOOL,2000,,,VTD2000-051-0221,Victory Baptist School,ambiguous_fuzzy_name,95.65217391304348,1.3322676295501878e-13,30,45,underflow,0,False,3,0,,2,2,True,house-75|house-88|senate-25|senate-30
2002,ELMORE,VICTORY BAPTIST SCHOOL .2,VICTORY BAPTIST SCHOOL 2,VICTORY BAPTIST SCHOOL,2000,,,VTD2000-051-0221,Victory Baptist School,ambiguous_fuzzy_name,95.65217391304348,1.3322676295501878e-13,30,45,underflow,0,False,3,0,,2,2,True,house-75|house-88|senate-25|senate-30
2002,FAYETTE,DS VOTING CENTER DS MT.,DS VOTING CENTER DS MOUNT,DS VOTING CENTER DS MOUNT,2000,,,VTD2000-057-19,Fords,unmatched_name,54.0,1.3846153846153868,27,21,overflow,0,False,0,0,,1,1,False,house-16|senate-6
2002,FAYETTE,GEORGES CREEK VT_ CNT_ PEA RDG,GEORGES CREEK VT CNT PEA RDG,GEORGES CREEK VT CNT PEA RDG,2000,,,VTD2000-057-20,George's Creek,ambiguous_fuzzy_name,86.66666666666667,2.0695648528246124e-07,27,21,overflow,0,False,0,0,,1,1,False,house-16|senate-6
2002,FAYETTE,PLEASANT GROVE VOTING CENTER,PLEASANT GROVE VOTING CENTER,PLEASANT GROVE VOTING CENTER,2000,,,VTD2000-057-12,Webster,unmatched_name,60.00000000000001,6.000000000000007,27,21,overflow,0,False,0,0,,1,1,False,house-16|senate-6
2002,FRANKLIN,CHUCKIE MULLINS CENTER,CHUCKIE MULLINS CENTER,CHUCKIE MULLINS CENTER,2000,,,VTD2000-059-1,Union Community Center,unmatched_name,60.454545454545446,1.3636363636363669,24,20,overflow,0,False,3,0,,1,1,False,house-18|senate-6
2002,GENEVA,HURRICANE VOTING HOUSE,HURRICANE VOTING HOUSE,HURRICANE VOTING HOUSE,2000,,,VTD2000-061-17,Devco Voting House,unmatched_name,76.0,8.941176470588232,30,15,overflow,0,False,0,0,,1,1,False,house-87|senate-29
2002,GENEVA,SARDIS VOTING HOUSE,SARDIS VOTING HOUSE,SARDIS VOTING HOUSE,2000,,,VTD2000-061-17,Devco Voting House,unmatched_name,76.0,2.451612903225808,30,15,overflow,0,False,0,0,,1,1,False,house-87|senate-29
2002,GREENE,MORROW BROWN RECREATION CENTER,MORROW BROWN RECREATION CENTER,MORROW BROWN RECREATION CENTER,2000,,,VTD2000-063-4-3-4B,Morrow Brown Rec Center-Sanders-Black,ambiguous_fuzzy_name,95.0,2.220446049250313e-14,20,21,underflow,0,False,0,0,,1,1,False,house-71|senate-24
2002,GREENE,WEST GREENE FIRE STATION,WEST GREENE FIRE STATION,WEST GREENE FIRE STATION,2000,,,VTD2000-063-5-7,West Greene Fire Dept.,unmatched_name,78.43137254901961,29.57422969187676,20,21,underflow,0,False,0,0,,1,1,False,house-71|senate-24
2002,HALE,GREENSBORO - ARMORY .1,GREENSBORO ARMORY 1,GREENSBORO ARMORY,2000,,,VTD2000-065-41A,National Guard Armory 1-A,unmatched_name,56.29629629629629,4.046296296296283,15,36,underflow,0,False,0,0,,1,1,False,house-72|senate-24
2002,HALE,GREENSBORO - ARMORY .2,GREENSBORO ARMORY 2,GREENSBORO ARMORY,2000,,,VTD2000-065-42A,National Guard Armory 2-A,unmatched_name,56.29629629629629,4.046296296296283,15,36,underflow,0,False,0,0,,1,1,False,house-72|senate-24
2002,HALE,SUNSHINE HIGH SCHOOL,SUNSHINE HIGH SCHOOL,SUNSHINE HIGH SCHOOL,2000,,,VTD2000-065-6B,Sawyerville Head Start School B,unmatched_name,85.5,40.50000000000001,15,36,underflow,0,False,0,0,,1,1,False,house-72|senate-24
2002,HALE,VALLEY,VALLEY,VALLEY,2000,,,VTD2000-065-11C,Valley C,ambiguous_fuzzy_name,95.0,2.220446049250313e-14,15,36,underflow,0,False,0,0,,1,2,True,house-72|senate-21|senate-24
2002,HENRY,HEBRON COMMUNITY VOTING HOUSE,HEBRON COMMUNITY VOTING HOUSE,HEBRON COMMUNITY VOTING HOUSE,2000,,,VTD2000-067-P-7,Newville Vt. House,ambiguous_fuzzy_name,85.5,4.4861325765310767e-08,19,14,overflow,0,False,0,0,,1,1,False,house-85|senate-28
2002,JACKSON,PLEASANT GROVES FIRE HALL,PLEASANT GROVES FIRE HALL,PLEASANT GROVES FIRE HALL,2000,,,VTD2000-071-35,Crow Fire Hall,ambiguous_fuzzy_name,85.5,0.0005459789516826,41,36,overflow,0,False,3,0,,1,1,False,house-22|senate-8
2002,JEFFERSON,1503 MASONIC LODGE W.J.01,MASONIC LODGE W J 1,MASONIC LODGE W J,2000,,,VTD2000-073-6003,George W Scott Elem School,ambiguous_fuzzy_name,85.5,0.0,372,186,overflow,0,False,7,2,2000-2266|2001-0204,1,1,False,house-15|senate-5
2002,JEFFERSON,1503 MASONIC LODGE W.J.02,MASONIC LODGE W J 2,MASONIC LODGE W J,2000,,,VTD2000-073-6003,George W Scott Elem School,ambiguous_fuzzy_name,85.5,0.0,372,186,overflow,0,False,7,2,2000-2266|2001-0204,1,1,False,house-15|senate-5
2002,JEFFERSON,1505 SYLVAN SPRINGS COMM 01,SYLVAN SPRINGS COMMUNITY 1,SYLVAN SPRINGS COMMUNITY,2000,,,VTD2000-073-5112,Sylvan Springs Comm Center,ambiguous_fuzzy_name,91.2,0.0,372,186,overflow,0,False,7,2,2000-2266|2001-0204,1,1,False,house-15|senate-5
2002,JEFFERSON,1505 SYLVAN SPRINGS COMM 02,SYLVAN SPRINGS COMMUNITY 2,SYLVAN SPRINGS COMMUNITY,2000,,,VTD2000-073-5112,Sylvan Springs Comm Center,ambiguous_fuzzy_name,91.2,0.0,372,186,overflow,0,False,7,2,2000-2266|2001-0204,1,1,False,house-15|senate-5
2002,JEFFERSON,4301 ST PETER CAT CHR 01,SAINT PETER CAT CHR 1,SAINT PETER CAT CHR,2000,,,VTD2000-073-1501,Hunter St. Baptist Church,unmatched_name,63.333333333333336,5.000000000000007,372,186,overflow,0,False,7,2,2000-2266|2001-0204,1,1,False,house-43|senate-16
2002,JEFFERSON,4301 ST PETER CAT CHR 02,SAINT PETER CAT CHR 2,SAINT PETER CAT CHR,2000,,,VTD2000-073-1501,Hunter St. Baptist Church,unmatched_name,63.333333333333336,5.000000000000007,372,186,overflow,0,False,7,2,2000-2266|2001-0204,1,1,False,house-43|senate-16
2002,JEFFERSON,4507 1ST UMC OF CENTER 01,FIRST UMC OF CENTER 1,FIRST UMC OF CENTER,2000,,,VTD2000-073-5206,Fraternal Order of Police Bldg,ambiguous_fuzzy_name,85.5,0.0,372,186,overflow,0,False,7,2,2000-2266|2001-0204,1,1,False,house-45|senate-20
2002,JEFFERSON,4507 1ST UMC OF CENTER 02,FIRST UMC OF CENTER 2,FIRST UMC OF CENTER,2000,,,VTD2000-073-5206,Fraternal Order of Police Bldg,ambiguous_fuzzy_name,85.5,0.0,372,186,overflow,0,False,7,2,2000-2266|2001-0204,1,1,False,house-45|senate-20
2002,JEFFERSON,4703 ST PETER CAT CHR 01,SAINT PETER CAT CHR 1,SAINT PETER CAT CHR,2000,,,VTD2000-073-1501,Hunter St. Baptist Church,unmatched_name,63.333333333333336,5.000000000000007,372,186,overflow,0,False,7,2,2000-2266|2001-0204,1,1,False,house-47|senate-16
2002,JEFFERSON,4703 ST PETER CAT CHR 02,SAINT PETER CAT CHR 2,SAINT PETER CAT CHR,2000,,,VTD2000-073-1501,Hunter St. Baptist Church,unmatched_name,63.333333333333336,5.000000000000007,372,186,overflow,0,False,7,2,2000-2266|2001-0204,1,1,False,house-47|senate-16
2002,JEFFERSON,4706 MT.TOP COM CHR 01,MOUNT TOP COM CHR 1,MOUNT TOP COM CHR,2000,,,VTD2000-073-5104,Mt Olive Elementary School,unmatched_name,85.5,25.925531914893615,372,186,overflow,0,False,7,2,2000-2266|2001-0204,1,1,False,house-47|senate-16
2002,JEFFERSON,4706 MT.TOP COM CHR 02,MOUNT TOP COM CHR 2,MOUNT TOP COM CHR,2000,,,VTD2000-073-5104,Mt Olive Elementary School,unmatched_name,85.5,25.925531914893615,372,186,overflow,0,False,7,2,2000-2266|2001-0204,1,1,False,house-47|senate-16
2002,JEFFERSON,4801 HOOVER PUB. LIB 01,HOOVER PUB LIB 1,HOOVER PUB LIB,2000,,,VTD2000-073-4805,Hoover City Council Chambers,ambiguous_fuzzy_name,85.5,0.0,372,186,overflow,0,False,7,2,2000-2266|2001-0204,1,1,False,house-48|senate-16
2002,JEFFERSON,4801 HOOVER PUB. LIB 02,HOOVER PUB LIB 2,HOOVER PUB LIB,2000,,,VTD2000-073-4805,Hoover City Council Chambers,ambiguous_fuzzy_name,85.5,0.0,372,186,overflow,0,False,7,2,2000-2266|2001-0204,1,1,False,house-48|senate-16
2002,JEFFERSON,5108 PINSON UMC 01,PINSON UMC 1,PINSON UMC,2000,,,VTD2000-073-5006,Pinson United Methodist Church,unmatched_name,85.5,28.5,372,186,overflow,0,False,7,2,2000-2266|2001-0204,1,2,True,house-51|senate-17|senate-20
2002,JEFFERSON,5108 PINSON UMC 02,PINSON UMC 2,PINSON UMC,2000,,,VTD2000-073-5006,Pinson United Methodist Church,unmatched_name,85.5,28.5,372,186,overflow,0,False,7,2,2000-2266|2001-0204,1,2,True,house-51|senate-17|senate-20
2002,JEFFERSON,5216 BHM BOTANIC GARDENS 01,BHM BOTANIC GARDENS 1,BHM BOTANIC GARDENS,2000,,,VTD2000-073-4701,Birmingham Botanical Gardens,unmatched_name,77.55102040816327,30.526020408163262,372,186,overflow,0,False,7,2,2000-2266|2001-0204,1,1,False,house-52|senate-18
2002,JEFFERSON,5216 BHM BOTANIC GARDENS 02,BHM BOTANIC GARDENS 2,BHM BOTANIC GARDENS,2000,,,VTD2000-073-4701,Birmingham Botanical Gardens,unmatched_name,77.55102040816327,30.526020408163262,372,186,overflow,0,False,7,2,2000-2266|2001-0204,1,1,False,house-52|senate-18
2002,JEFFERSON,5415 IRONDALE CTY HALL 01,IRONDALE COUNTY HALL 1,IRONDALE COUNTY HALL,2000,,,VTD2000-073-4307A,Irondale Sr. Citizens Bldg. Continued,ambiguous_fuzzy_name,85.5,0.0,372,186,overflow,0,False,7,2,2000-2266|2001-0204,1,1,False,house-54|senate-15
2002,JEFFERSON,5415 IRONDALE CTY HALL 02,IRONDALE COUNTY HALL 2,IRONDALE COUNTY HALL,2000,,,VTD2000-073-4307A,Irondale Sr. Citizens Bldg. Continued,ambiguous_fuzzy_name,85.5,0.0,372,186,overflow,0,False,7,2,2000-2266|2001-0204,1,1,False,house-54|senate-15
2002,JEFFERSON,5511 FIRE STATION #1 01,FIRE STATION 1 1,FIRE STATION 1,2000,,,VTD2000-073-5208,Fire Station #2,ambiguous_fuzzy_name,95.0,0.0,372,186,overflow,0,False,7,2,2000-2266|2001-0204,1,1,False,house-55|senate-19
2002,JEFFERSON,5511 FIRE STATION #1 02,FIRE STATION 1 2,FIRE STATION 1,2000,,,VTD2000-073-5208,Fire Station #2,ambiguous_fuzzy_name,95.0,0.0,372,186,overflow,0,False,7,2,2000-2266|2001-0204,1,1,False,house-55|senate-19
2002,JEFFERSON,5601 CANAAN BAPTIST 01,CANAAN BAPTIST 1,CANAAN BAPTIST,2000,,,VTD2000-073-5212,Shady Grove Baptist Church,ambiguous_fuzzy_name,85.5,0.0,372,186,overflow,0,False,7,2,2000-2266|2001-0204,1,1,False,house-56|senate-14
2002,JEFFERSON,5601 CANAAN BAPTIST 02,CANAAN BAPTIST 2,CANAAN BAPTIST,2000,,,VTD2000-073-5212,Shady Grove Baptist Church,ambiguous_fuzzy_name,85.5,0.0,372,186,overflow,0,False,7,2,2000-2266|2001-0204,1,1,False,house-56|senate-14
2002,JEFFERSON,5701 HUEYTOWN COUN CLUB 01,HUEYTOWN COUN CLUB 1,HUEYTOWN COUN CLUB,2000,,,VTD2000-073-5114,Hueytown Council of Clubs,unmatched_name,80.0,8.888888888888886,372,186,overflow,0,False,7,2,2000-2266|2001-0204,1,1,False,house-57|senate-19
2002,JEFFERSON,5701 HUEYTOWN COUN CLUB 02,HUEYTOWN COUN CLUB 2,HUEYTOWN COUN CLUB,2000,,,VTD2000-073-5114,Hueytown Council of Clubs,unmatched_name,80.0,8.888888888888886,372,186,overflow,0,False,7,2,2000-2266|2001-0204,1,1,False,house-57|senate-19
2002,JEFFERSON,5804 ROBINSON ELEMENTARY 01,ROBINSON ELEMENTARY 1,ROBINSON ELEMENTARY,2000,,,VTD2000-073-5804,Robinson Elementary School,ambiguous_fuzzy_name,90.25,0.0,372,186,overflow,0,False,7,2,2000-2266|2001-0204,1,1,False,house-58|senate-20
2002,JEFFERSON,5804 ROBINSON ELEMENTARY 02,ROBINSON ELEMENTARY 2,ROBINSON ELEMENTARY,2000,,,VTD2000-073-5804,Robinson Elementary School,ambiguous_fuzzy_name,90.25,0.0,372,186,overflow,0,False,7,2,2000-2266|2001-0204,1,1,False,house-58|senate-20
2002,JEFFERSON,6001 MAURICE LW COM CT 01,MAURICE LW COM CT 1,MAURICE LW COM CT,2000,,,VTD2000-073-5501,Maurice L West Comm Center,unmatched_name,85.5,35.5,372,186,overflow,0,False,7,2,2000-2266|2001-0204,1,2,True,house-60|senate-19|senate-5
2002,JEFFERSON,6001 MAURICE LW COM CT 02,MAURICE LW COM CT 2,MAURICE LW COM CT,2000,,,VTD2000-073-5501,Maurice L West Comm Center,unmatched_name,85.5,35.5,372,186,overflow,0,False,7,2,2000-2266|2001-0204,1,2,True,house-60|senate-19|senate-5
2002,JEFFERSON,6003 FULTONDALE 1ST BAP C 01,FULTONDALE FIRST BAP C 1,FULTONDALE FIRST BAP C,2000,,,VTD2000-073-5902,Fultondale Community Center,unmatched_name,58.82352941176471,0.0962566844919834,372,186,overflow,0,False,7,2,2000-2266|2001-0204,1,1,False,house-60|senate-17
2002,JEFFERSON,6003 FULTONDALE 1ST BAP C 02,FULTONDALE FIRST BAP C 2,FULTONDALE FIRST BAP C,2000,,,VTD2000-073-5902,Fultondale Community Center,unmatched_name,58.82352941176471,0.0962566844919834,372,186,overflow,0,False,7,2,2000-2266|2001-0204,1,1,False,house-60|senate-17
2002,LAUDERDALE,CO_ BOARD OF ED_ ADM_ BLDG_,COUNTY BOARD OF ED ADM BUILDING,COUNTY BOARD OF ED ADM BUILDING,2000,,,VTD2000-077-11,Lauderdale Co Bd of Ed,unmatched_name,63.33333333333332,2.0430107526881613,38,34,overflow,0,False,0,0,,1,1,False,house-1|senate-1
2002,LAUDERDALE,FLORENCE-EAST AT CNTRL BAPTIST,FLORENCE EAST AT CNTRL BAPTIST,FLORENCE EAST AT CNTRL BAPTIST,2000,,,VTD2000-077-7,Killen First Baptist Church,unmatched_name,56.66666666666667,1.920903954802263,38,34,overflow,0,False,0,0,,1,1,False,house-1|senate-1
2002,LAWRENCE,CADDO SENIOR CITIZEN SITE 34-1,CADDO SENIOR CITIZEN SITE 34 1,CADDO SENIOR CITIZEN SITE 34,2000,,,VTD2000-079-10-1,Caddo Fire Station,unmatched_name,85.5,20.115384615384613,30,38,underflow,0,False,0,0,,1,1,False,house-7|senate-4
2002,LAWRENCE,COURTLAND MCCARLEY CENTER  6-1,COURTLAND MCCARLEY CENTER 6 1,COURTLAND MCCARLEY CENTER 6,2000,,,VTD2000-079-6-1,Courtland Fire Station,unmatched_name,55.16129032258064,3.3431085043988205,30,38,underflow,0,False,0,0,,1,1,False,house-7|senate-4
2002,LAWRENCE,FAITH BAPTIST CHURCH  36-1,FAITH BAPTIST CHURCH 36 1,FAITH BAPTIST CHURCH 36,2000,,,VTD2000-079-19-2,Fairfield Church,ambiguous_fuzzy_name,85.5,6.56346643701511e-08,30,38,underflow,0,False,0,0,,1,1,False,house-7|senate-4
2002,LAWRENCE,FLAT ROCK NEW ZION BAPTIST  11-1,FLAT ROCK NEW ZION BAPTIST 11 1,FLAT ROCK NEW ZION BAPTIST 11,2000,,,VTD2000-079-8-2,Flat Rock Comm Center,unmatched_name,52.63157894736843,9.774436090225578,30,38,underflow,0,False,0,0,,1,1,False,house-7|senate-4
2002,LAWRENCE,FREEMAN BAPTIST CHURCH  26-1,FREEMAN BAPTIST CHURCH 26 1,FREEMAN BAPTIST CHURCH 26,2000,,,VTD2000-079-19-2,Fairfield Church,ambiguous_fuzzy_name,85.5,6.56346643701511e-08,30,38,underflow,0,False,0,0,,1,1,False,house-7|senate-4
2002,LAWRENCE,HILLSBORO V_F_D_  4-1,HILLSBORO V F D 4 1,HILLSBORO V F D 4,2000,,,VTD2000-079-4-1,Hillsboro Volunteer Fire Station,ambiguous_fuzzy_name,85.5,0.00024182613515,30,38,underflow,0,False,0,0,,1,1,False,house-7|senate-4
2002,LAWRENCE,KITCHENS MILL 29-1 & 35-1,KITCHENS MILL 29 1 AND 35 1,KITCHENS MILL 29 1 AND 35,2000,,,VTD2000-079-12-1,Masonic Hall-Kitchens Mill,unmatched_name,65.0,28.617021276595743,30,38,underflow,0,False,0,0,,1,1,False,house-7|senate-4
2002,LAWRENCE,LANDERSVILLE METHODIST  12-1,LANDERSVILLE METHODIST 12 1,LANDERSVILLE METHODIST 12,2000,,,VTD2000-079-9-2,Landersville Methodist Church,ambiguous_fuzzy_name,85.3061224489796,4.440892098500626e-14,30,38,underflow,0,False,0,0,,1,2,True,house-7|senate-4|senate-6
2002,LAWRENCE,LAWRENCE HEALTH DPT MOULTON  19-1,LAWRENCE HEALTH DPT MOULTON 19 1,LAWRENCE HEALTH DPT MOULTON 19,2000,,,VTD2000-079-24-1,Moulton City Hall,ambiguous_fuzzy_name,85.5,1.2104451885264214e-07,30,38,underflow,0,False,0,0,,1,1,False,house-7|senate-4
2002,LAWRENCE,MT_ MORIAH FELLOW_ 15-1 & 21-1,MOUNT MORIAH FELLOW 15 1 AND 21 1,MOUNT MORIAH FELLOW 15 1 AND 21,2000,,,VTD2000-079-24-2,Mt Moriah Fellowship Hall,unmatched_name,68.85245901639344,6.243763364219525,30,38,underflow,0,False,0,0,,1,1,False,house-7|senate-4
2002,LAWRENCE,N_ COURTLAND SENIOR C_C_  2-1,N COURTLAND SENIOR C C 2 1,N COURTLAND SENIOR C C 2,2000,,,VTD2000-079-6-1,Courtland Fire Station,unmatched_name,57.826086956521735,8.26086956521739,30,38,underflow,0,False,0,0,,1,1,False,house-7|senate-4
2002,LAWRENCE,PLEASANT GRV CH. 20-1 23-1 27-1,PLEASANT GRV CHURCH 20 1 23 1 27 1,PLEASANT GRV CHURCH 20 1 23 1 27,2000,,,VTD2000-079-20-1,Pleasant Grove Church,ambiguous_fuzzy_name,85.5,6.661338147750939e-14,30,38,underflow,0,False,0,0,,1,1,False,house-7|senate-4
2002,LAWRENCE,TOWN CREEK SR_ CITIZENS  5-1,TOWN CREEK SR CITIZENS 5 1,TOWN CREEK SR CITIZENS 5,2000,,,VTD2000-079-5-1,Depot-Sr Citizens Center,unmatched_name,64.6,4.599999999999994,30,38,underflow,0,False,0,0,,1,1,False,house-7|senate-4
2002,LEE,BEAT 10,BEAT 10,BEAT,2000,,,VTD2000-081-0010,Beulah School,unmatched_name,51.42857142857142,0.0,24,15,overflow,0,False,0,0,,1,1,False,house-83|senate-28
2002,LEE,BEAT 11,BEAT 11,BEAT,2000,,,VTD2000-081-0010,Beulah School,unmatched_name,51.42857142857142,0.0,24,15,overflow,0,False,0,0,,1,1,False,house-38|senate-13
2002,LEE,BEAT 12,BEAT 12,BEAT,2000,,,VTD2000-081-0010,Beulah School,unmatched_name,51.42857142857142,0.0,24,15,overflow,0,False,0,0,,3,1,True,house-38|house-80|house-83|senate-13
2002,LEE,BEAT 13,BEAT 13,BEAT,2000,,,VTD2000-081-0010,Beulah School,unmatched_name,51.42857142857142,0.0,24,15,overflow,0,False,0,0,,1,2,True,house-38|senate-13|senate-27
2002,LEE,BEAT 14,BEAT 14,BEAT,2000,,,VTD2000-081-0010,Beulah School,unmatched_name,51.42857142857142,0.0,24,15,overflow,0,False,0,0,,2,1,True,house-38|house-80|senate-13
2002,LEE,"BEAT 2, BOX 1",BEAT 2,BEAT,2000,,,VTD2000-081-0070,Beuaregard School,unmatched_name,54.0,4.909090909090914,24,15,overflow,0,False,0,0,,1,1,False,house-83|senate-28
2002,LEE,BEAT 3,BEAT,BEAT,2000,,,VTD2000-081-0070,Beuaregard School,unmatched_name,67.5,7.499999999999993,24,15,overflow,0,False,0,0,,1,1,False,house-81|senate-27
2002,LEE,BEAT 4,BEAT 4,BEAT,2000,,,VTD2000-081-0070,Beuaregard School,unmatched_name,54.0,4.909090909090914,24,15,overflow,0,False,0,0,,1,1,False,house-81|senate-27
2002,LEE,"BEAT 6, BOX 0",BEAT 6,BEAT,2000,,,VTD2000-081-0070,Beuaregard School,unmatched_name,54.0,4.909090909090914,24,15,overflow,0,False,0,0,,1,1,False,house-82|senate-27
2002,LEE,BEAT 7,BEAT 7,BEAT,2000,,,VTD2000-081-0070,Beuaregard School,unmatched_name,54.0,4.909090909090914,24,15,overflow,0,False,0,0,,2,2,True,house-79|house-83|senate-27|senate-28
2002,LEE,BEAT 8,BEAT 8,BEAT,2000,,,VTD2000-081-0070,Beuaregard School,unmatched_name,54.0,4.909090909090914,24,15,overflow,0,False,0,0,,1,1,False,house-38|senate-13
2002,LEE,BEAT 9,BEAT 9,BEAT,2000,,,VTD2000-081-0070,Beuaregard School,unmatched_name,54.0,4.909090909090914,24,15,overflow,0,False,0,0,,2,1,True,house-79|house-83|senate-27
2002,LEE,"BEAT6 2, BOX 2",BEAT6 2,BEAT6,2000,,,VTD2000-081-0010,Beulah School,unmatched_name,51.42857142857142,0.0,24,15,overflow,0,False,0,0,,1,2,True,house-83|senate-27|senate-28
2002,LEE,CHALLENGE BALLOTS,CHALLENGE BALLOTS,CHALLENGE BALLOTS,2000,,,VTD2000-081-0030,Farmville,unmatched_name,48.0,5.25,24,15,overflow,0,False,0,0,,6,3,True,house-38|house-79|house-80|house-81|house-82|house-83|senate-13|senate-27|senate-28
2002,LIMESTONE,NATIONAL GUARD ARMORY .1,NATIONAL GUARD ARMORY 1,NATIONAL GUARD ARMORY,2000,,,VTD2000-083-3,Ardmore Th-Johnson Elem School-Oak Grove FD,unmatched_name,42.75,3.886363636363633,32,13,overflow,0,False,0,0,,1,1,False,house-5|senate-2
2002,LIMESTONE,NATIONAL GUARD ARMORY .2,NATIONAL GUARD ARMORY 2,NATIONAL GUARD ARMORY,2000,,,VTD2000-083-3,Ardmore Th-Johnson Elem School-Oak Grove FD,unmatched_name,42.75,3.886363636363633,32,13,overflow,0,False,0,0,,1,1,False,house-5|senate-2
2002,LIMESTONE,TRINITY 7TH DAY ADVENTIST .1,TRINITY 7TH DAY ADVENTIST 1,TRINITY 7TH DAY ADVENTIST,2000,,,VTD2000-083-1,Piney Fire Dept,unmatched_name,41.66666666666666,1.6666666666666643,32,13,overflow,0,False,0,0,,1,1,False,house-5|senate-2
2002,LIMESTONE,TRINITY 7TH DAY ADVENTIST .2,TRINITY 7TH DAY ADVENTIST 2,TRINITY 7TH DAY ADVENTIST,2000,,,VTD2000-083-1,Piney Fire Dept,unmatched_name,41.66666666666666,1.6666666666666643,32,13,overflow,0,False,0,0,,1,1,False,house-5|senate-2
2002,LOWNDES,FORT DEPOSIT NATL GUARD ARMORY,FORT DEPOSIT NATL GUARD ARMORY,FORT DEPOSIT NATL GUARD ARMORY,2000,,,VTD2000-085-13,National Guard Armory B,unmatched_name,67.9245283018868,0.0,13,15,underflow,0,False,1,0,,1,1,False,house-69|senate-23
2002,LOWNDES,G_E_ COMMUNITY BUILDING,G E COMMUNITY BUILDING,G E COMMUNITY BUILDING,2000,,,VTD2000-085-3,G.E. Community Center A,unmatched_name,70.57142857142856,0.0,13,15,underflow,0,False,1,0,,1,1,False,house-69|senate-30
2002,LOWNDES,HAYNEVILLE COURTHOUSE,HAYNEVILLE COURTHOUSE,HAYNEVILLE COURTHOUSE,2000,,,VTD2000-085-6,County Courthouse,unmatched_name,70.37037037037037,21.85973207249802,13,15,underflow,0,False,1,0,,1,1,False,house-69|senate-23
2002,MADISON,1ST BAPT. CH. OF MERIDIANVILLE,FIRST BAPTIST CHURCH OF MERIDIANVILLE,FIRST BAPTIST CHURCH OF MERIDIANVILLE,2000,,,VTD2000-089-54,Sherwood Baptist Church,ambiguous_fuzzy_name,85.5,0.9571485021486305,91,98,underflow,0,False,0,0,,2,1,True,house-21|house-6|senate-7
2002,MADISON,ABUNDANT LIFE CHURCH #1,ABUNDANT LIFE CHURCH,ABUNDANT LIFE CHURCH,2000,,,VTD2000-089-11-C,Episcopal Church In The Cove C,ambiguous_fuzzy_name,85.5,0.0,91,98,underflow,0,False,0,0,,1,2,True,house-10|senate-3|senate-9
2002,MADISON,ALDERSGATE UNITED METHODIST 1,ALDERSGATE UNITED METHODIST,ALDERSGATE UNITED METHODIST,2000,,,VTD2000-089-47,West Huntsville Elementary School,unmatched_name,46.66666666666666,0.512820512820511,91,98,underflow,0,False,0,0,,2,1,True,house-10|house-20|senate-9
2002,MADISON,ALDERSGATE UNITED METHODIST 2,ALDERSGATE UNITED METHODIST,ALDERSGATE UNITED METHODIST,2000,,,VTD2000-089-47,West Huntsville Elementary School,unmatched_name,46.66666666666666,0.512820512820511,91,98,underflow,0,False,0,0,,2,1,True,house-10|house-20|senate-9
2002,MADISON,BETHEL PRIMITIVE BAPT. CHURCH,BETHEL PRIMITIVE BAPTIST CHURCH,BETHEL PRIMITIVE BAPTIST CHURCH,2000,,,VTD2000-089-7,Phillips CME Church,ambiguous_fuzzy_name,85.5,0.0,91,98,underflow,0,False,0,0,,1,1,False,house-22|senate-9
2002,MADISON,BOBO VOLUNTEER FIRE,BOBO VOLUNTEER FIRE,BOBO VOLUNTEER FIRE,2000,,,VTD2000-089-62,Keel Mt Volunteer Fire Dept,ambiguous_fuzzy_name,85.5,0.0,91,98,underflow,0,False,0,0,,1,1,False,house-6|senate-2
2002,MADISON,CALVARY FRIENDSHIP CENTER,CALVARY FRIENDSHIP CENTER,CALVARY FRIENDSHIP CENTER,2000,,,VTD2000-089-86,Madison Co Teacher Resource Center,ambiguous_fuzzy_name,85.5,0.0,91,98,underflow,0,False,0,0,,1,1,False,house-19|senate-7
2002,MADISON,CHASE VALLEY UNITED METHODIST,CHASE VALLEY UNITED METHODIST,CHASE VALLEY UNITED METHODIST,2000,,,VTD2000-089-70-1,Gurley City Hall,unmatched_name,48.09375,0.0,91,98,underflow,0,False,0,0,,1,1,False,house-21|senate-7
2002,MADISON,COVE UNITED METHODIST CHURCH,COVE UNITED METHODIST CHURCH,COVE UNITED METHODIST CHURCH,2000,,,VTD2000-089-11,Episcopal Church in the Cove,unmatched_name,64.46428571428571,2.2229064039408826,91,98,underflow,0,False,0,0,,2,3,True,house-20|house-22|senate-7|senate-8|senate-9
2002,MADISON,COVENANT PRESBYTERIAN CHURCH,COVENANT PRESBYTERIAN CHURCH,COVENANT PRESBYTERIAN CHURCH,2000,,,VTD2000-089-44,Pleasant Springs Baptist Church,unmatched_name,61.01694915254237,2.193419740777657,91,98,underflow,0,False,0,0,,1,1,False,house-20|senate-7
2002,MADISON,DR. RICHARD SHOWERS CENTER,DR RICHARD SHOWERS CENTER,DR RICHARD SHOWERS CENTER,2000,,,VTD2000-089-86,Madison Co Teacher Resource Center,ambiguous_fuzzy_name,85.5,0.0,91,98,underflow,0,False,0,0,,1,1,False,house-19|senate-7
2002,MADISON,E HUNTSVILLE CHURCH OF CHRIST,E HUNTSVILLE CHURCH OF CHRIST,E HUNTSVILLE CHURCH OF CHRIST,2000,,,VTD2000-089-7,Phillips CME Church,unmatched_name,85.5,8.211864406779654,91,98,underflow,0,False,0,0,,1,1,False,house-21|senate-7
2002,MADISON,EDENBROOK OF HUNTSVILLE,EDENBROOK OF HUNTSVILLE,EDENBROOK OF HUNTSVILLE,2000,,,VTD2000-089-3,Huntsville Fire Academy,unmatched_name,61.95652173913043,0.8850931677018679,91,98,underflow,0,False,0,0,,1,1,False,house-20|senate-7
2002,MADISON,F.O.P. LODGE,F O P LODGE,F O P LODGE,2000,,,VTD2000-089-37,Fraternal Order Of Police Lodge,unmatched_name,85.5,35.5,91,98,underflow,0,False,0,0,,1,1,False,house-19|senate-7
2002,MADISON,GURLEY CITY HALL - CITY,GURLEY CITY HALL CITY,GURLEY CITY HALL CITY,2000,,,VTD2000-089-70-1,Gurley City Hall,ambiguous_fuzzy_name,95.0,8.374956284029622e-06,91,98,underflow,0,False,0,0,,1,1,False,house-22|senate-8
2002,MADISON,HERITAGE PLANTATION CARR. HSE.,HERITAGE PLANTATION CARR HSE,HERITAGE PLANTATION CARR HSE,2000,,,VTD2000-089-10,Monte Sand Fire Station #4,unmatched_name,52.15686274509804,1.7486994797919166,91,98,underflow,0,False,0,0,,2,2,True,house-10|house-25|senate-2|senate-3
2002,MADISON,J.E. WILLIAMS ELEM SCHOOL,J E WILLIAMS ELEMENTARY SCHOOL,J E WILLIAMS ELEMENTARY SCHOOL,2000,,,VTD2000-089-53-1,J E Williams Elementary School,ambiguous_exact_name,100.0,3.968953731225966e-05,91,98,underflow,0,False,0,0,,1,1,False,house-10|senate-3
2002,MADISON,LITTLE INDIAN CREEK CHURCH,LITTLE INDIAN CREEK CHURCH,LITTLE INDIAN CREEK CHURCH,2000,,,VTD2000-089-83,Church Of Christ Meridianville,unmatched_name,61.07142857142856,3.293650793650791,91,98,underflow,0,False,0,0,,2,1,True,house-25|house-6|senate-2
2002,MADISON,MADISON COUNTY NATURE TRAIL,MADISON COUNTY NATURE TRAIL,MADISON COUNTY NATURE TRAIL,2000,,,VTD2000-089-71,Madison City Hall,unmatched_name,85.5,15.129629629629632,91,98,underflow,0,False,0,0,,2,1,True,house-10|house-20|senate-9
2002,MADISON,PINEVIEW BAPTIST CHURCH #1,PINEVIEW BAPTIST CHURCH,PINEVIEW BAPTIST CHURCH,2000,,,VTD2000-089-8,Mountainview Baptist Church,unmatched_name,84.0,10.08695652173914,91,98,underflow,0,False,0,0,,2,1,True,house-25|house-6|senate-2
2002,MADISON,PINEVIEW BAPTIST CHURCH #2,PINEVIEW BAPTIST CHURCH,PINEVIEW BAPTIST CHURCH,2000,,,VTD2000-089-8,Mountainview Baptist Church,unmatched_name,84.0,10.08695652173914,91,98,underflow,0,False,0,0,,2,1,True,house-25|house-6|senate-2
2002,MADISON,SOUTHWOOD PRESBYTERIAN CHURCH,SOUTHWOOD PRESBYTERIAN CHURCH,SOUTHWOOD PRESBYTERIAN CHURCH,2000,,,VTD2000-089-7,Phillips CME Church,unmatched_name,85.5,20.115384615384613,91,98,underflow,0,False,0,0,,1,2,True,house-20|senate-7|senate-9
2002,MADISON,VISITATION PARISH CENTER,VISITATION PARISH CENTER,VISITATION PARISH CENTER,2000,,,VTD2000-089-86,Madison Co Teacher Resource Center,ambiguous_fuzzy_name,85.5,2.2880731753716082e-07,91,98,underflow,0,False,0,0,,1,1,False,house-21|senate-7
2002,MADISON,WEATHERLY HGTS. BAPTIST #1,WEATHERLY HGTS BAPTIST,WEATHERLY HGTS BAPTIST,2000,,,VTD2000-089-22,Whitesburg Baptist Church,unmatched_name,56.59574468085106,1.7068557919621767,91,98,underflow,0,False,0,0,,1,1,False,house-20|senate-9
2002,MADISON,WEATHERLY HGTS. BAPTIST #2,WEATHERLY HGTS BAPTIST,WEATHERLY HGTS BAPTIST,2000,,,VTD2000-089-22,Whitesburg Baptist Church,unmatched_name,56.59574468085106,1.7068557919621767,91,98,underflow,0,False,0,0,,1,1,False,house-20|senate-9
2002,MARENGO,DEMOPOLIS NATL GUARD ARMORY,DEMOPOLIS NATL GUARD ARMORY,DEMOPOLIS NATL GUARD ARMORY,2000,,,VTD2000-091-3-5,Old Linden Armory,unmatched_name,85.5,14.666666666666671,31,33,underflow,0,False,0,0,,1,1,False,house-71|senate-24
2002,MARENGO,GALLION COMMUNITY CENTER,GALLION COMMUNITY CENTER,GALLION COMMUNITY CENTER,2000,,,VTD2000-091-4-5,Magnolia Community Center,unmatched_name,81.63265306122449,5.632653061224488,31,33,underflow,0,False,0,0,,1,1,False,house-71|senate-23
2002,MARENGO,JEFFERSON VOLUNTEER FIRE,JEFFERSON VOLUNTEER FIRE,JEFFERSON VOLUNTEER FIRE,2000,,,VTD2000-091-4-8,Dixon Mills Vol Fire Station,unmatched_name,70.0,9.130434782608688,31,33,underflow,0,False,0,0,,1,1,False,house-71|senate-24
2002,MARENGO,LASCA - HARRISON STORE,LASCA HARRISON STORE,LASCA HARRISON STORE,2000,,,VTD2000-091-3-4,Quinney Store,unmatched_name,85.5,32.86842105263157,31,33,underflow,0,False,0,0,,1,1,False,house-68|senate-24
2002,MARENGO,NANAFALIA SCHOOL,NANAFALIA SCHOOL,NANAFALIA SCHOOL,2000,,,VTD2000-091-1-2,Demopolis Jr High School,unmatched_name,85.5,15.22972972972974,31,33,underflow,0,False,0,0,,1,1,False,house-68|senate-24
2002,MARENGO,OLD COURTHOUSE BUILDING,OLD COURTHOUSE BUILDING,OLD COURTHOUSE BUILDING,2000,,,VTD2000-091-5-1,Linden Old Courthouse,unmatched_name,77.72727272727272,12.210031347962383,31,33,underflow,0,False,0,0,,3,2,True,house-68|house-71|house-72|senate-23|senate-24
2002,MARENGO,SPRINGHILL VOLUNTEER FIRE,SPRINGHILL VOLUNTEER FIRE,SPRINGHILL VOLUNTEER FIRE,2000,,,VTD2000-091-2-4,Springhill Booth,unmatched_name,85.5,17.294871794871796,31,33,underflow,0,False,0,0,,1,1,False,house-71|senate-24
2002,MARENGO,SWEET WATER TOWN OFFICE,SWEET WATER TOWN OFFICE,SWEET WATER TOWN OFFICE,2000,,,VTD2000-091-3-2,Faunsdale Town Office,unmatched_name,68.18181818181819,16.89976689976691,31,33,underflow,0,False,0,0,,2,1,True,house-68|house-72|senate-24
2002,MONROE,ARMORY-1,ARMORY 1,ARMORY,2000,,,VTD2000-099-14C1,Oak Grove C1,unmatched_name,50.0,1.142857142857146,32,34,underflow,0,False,4,0,,1,1,False,house-64|senate-23
2002,MONROE,ARMORY-2,ARMORY 2,ARMORY,2000,,,VTD2000-099-3B,Monroeville B,unmatched_name,48.85714285714285,3.857142857142854,32,34,underflow,0,False,4,0,,1,1,False,house-64|senate-23
2002,MONROE,BETHEL BAPT. CH.,BETHEL BAPTIST CHURCH,BETHEL BAPTIST CHURCH,2000,,,VTD2000-099-13C,Uriah,unmatched_name,60.00000000000001,4.186046511627914,32,34,underflow,0,False,4,0,,1,1,False,house-68|senate-23
2002,MONROE,COLEMAN SCHOOL HOUSE,COLEMAN SCHOOL HOUSE,COLEMAN SCHOOL HOUSE,2000,,,VTD2000-099-14BE,Excel-Coleman,unmatched_name,85.5,17.078947368421055,32,34,underflow,0,False,4,0,,1,1,False,house-64|senate-23
2002,MONROE,FRANKLIN FIRE STATION,FRANKLIN FIRE STATION,FRANKLIN FIRE STATION,2000,,,VTD2000-099-7AB,Franklin-Wainwright,unmatched_name,60.0,8.571428571428577,32,34,underflow,0,False,4,0,,1,1,False,house-68|senate-23
2002,MONROE,GOODWAY FIRE STATION,GOODWAY FIRE STATION,GOODWAY FIRE STATION,2000,,,VTD2000-099-13B,Goodway B,ambiguous_fuzzy_name,85.5,3.337816689708007e-07,32,34,underflow,0,False,4,0,,1,1,False,house-64|senate-22
2002,MONROE,MAGARGEL,MAGARGEL,MAGARGEL,2000,,,VTD2000-099-14F,Megargel,unmatched_name,87.5,42.5,32,34,underflow,0,False,4,0,,1,1,False,house-64|senate-22
2002,MONROE,MEXIA FIRE STATION,MEXIA FIRE STATION,MEXIA FIRE STATION,2000,,,VTD2000-099-3L,Mexia L,ambiguous_fuzzy_name,85.5,1.4432899320127038e-13,32,34,underflow,0,False,4,0,,2,1,True,house-64|house-68|senate-23
2002,MONROE,MONROEVILLE COLISEUM,MONROEVILLE COLISEUM,MONROEVILLE COLISEUM,2000,,,VTD2000-099-3K,Monroeville Coliseum K,ambiguous_fuzzy_name,95.23809523809524,1.2212453270876722e-13,32,34,underflow,0,False,4,0,,2,1,True,house-64|house-68|senate-23
2002,MONROE,MONROEVILLE DEPT. OF REVENUE,MONROEVILLE DEPARTMENT OF REVENUE,MONROEVILLE DEPARTMENT OF REVENUE,2000,,,VTD2000-099-3B,Monroeville B,ambiguous_fuzzy_name,86.4,5.5511151231257833e-14,32,34,underflow,0,False,4,0,,2,1,True,house-64|house-68|senate-23
2002,MONROE,MONROEVILLE FIRE STA.,MONROEVILLE FIRE STA,MONROEVILLE FIRE STA,2000,,,VTD2000-099-3B,Monroeville B,unmatched_name,86.4,14.971428571428577,32,34,underflow,0,False,4,0,,1,1,False,house-68|senate-23
2002,MONROE,OAK GROVE,OAK GROVE,OAK GROVE,2000,,,VTD2000-099-14OC,Oak Grove OC,ambiguous_fuzzy_name,95.0,9.139463630347677e-08,32,34,underflow,0,False,4,0,,1,1,False,house-64|senate-23
2002,MONROE,PERDUE HILL/MANISTEE,PERDUE HILL MANISTEE,PERDUE HILL MANISTEE,2000,,,VTD2000-099-2A,Perdue Hill,ambiguous_fuzzy_name,90.0,8.740419499275731e-09,32,34,underflow,0,False,4,0,,2,1,True,house-64|house-68|senate-23
2002,MONROE,TINELA/HYBART,TINELA HYBART,TINELA HYBART,2000,,,VTD2000-099-8AB,Tinela-Lower Peachtree,unmatched_name,85.5,36.409090909090914,32,34,underflow,0,False,4,0,,1,1,False,house-68|senate-23
2002,MONROE,TUNNELL SPRINGS,TUNNELL SPRINGS,TUNNELL SPRINGS,2000,,,VTD2000-099-5AB,Tunnel Springs-Peterman,unmatched_name,86.89655172413794,38.896551724137936,32,34,underflow,0,False,4,0,,1,1,False,house-68|senate-23
2002,MONTGOMERY,AL INDUSTRIAL DEVEL. TRAINING,AL INDUSTRIAL DEVEL TRAINING,AL INDUSTRIAL DEVEL TRAINING,2000,,,VTD2000-101-4-D,Hamner Hall Fire Station,unmatched_name,46.15384615384615,2.7055702917771853,57,56,overflow,0,False,0,0,,1,1,False,house-76|senate-26
2002,MONTGOMERY,BELL RD. YMCA,BELL RD YMCA,BELL RD YMCA,2000,,,VTD2000-101-2-G,Hayneville Road Community Center,unmatched_name,52.5,1.0714285714285765,57,56,overflow,0,False,0,0,,1,2,True,house-73|senate-25|senate-26
2002,MORGAN,DISTRICT 4 SHOP BLDG.,DISTRICT 4 SHOP BUILDING,DISTRICT 4 SHOP BUILDING,2000,,,VTD2000-103-22-1,Dist No 3 Shop Building,unmatched_name,80.85106382978724,7.77414075286417,58,46,overflow,0,False,1,0,,1,1,False,house-9|senate-3
2002,MORGAN,MACADONIA CUMBERLAND CHURCH,MACADONIA CUMBERLAND CHURCH,MACADONIA CUMBERLAND CHURCH,2000,,,VTD2000-103-28-1,Lebanon Baptist Church,unmatched_name,53.06122448979591,2.152133580705005,58,46,overflow,0,False,1,0,,1,1,False,house-4|senate-3
2002,PERRY,FIRE STATION HWY 219,FIRE STATION HWY 219,FIRE STATION HWY,2000,,,VTD2000-105-11,Ocmulgee Fire Station,unmatched_name,71.25,0.0,16,11,overflow,0,False,0,0,,1,1,False,house-72|senate-24
2002,PICKENS,BETHLEHEM - 6,BETHLEHEM 6,BETHLEHEM,2000,,,VTD2000-107-1200A,Bethlehem Voting Bldg,ambiguous_fuzzy_name,85.71428571428571,1.1534522226241961e-07,27,29,underflow,0,False,3,0,,1,1,False,house-61|senate-21
2002,PICKENS,CARROLLTON,CARROLLTON,CARROLLTON,2000,,,VTD2000-107-1700,Carrollton Service Center,ambiguous_fuzzy_name,90.0,1.665334536937735e-13,27,29,underflow,0,False,3,0,,1,1,False,house-61|senate-21
2002,PICKENS,CARROLLTON - 4,CARROLLTON 4,CARROLLTON,2000,,,VTD2000-107-1700,Carrollton Service Center,ambiguous_fuzzy_name,86.08695652173914,1.665334536937735e-13,27,29,underflow,0,False,3,0,,1,1,False,house-61|senate-21
2002,PICKENS,PINE GROVE,PINE GROVE,PINE GROVE,2000,,,VTD2000-107-4300,Pine Grove Comm Center,ambiguous_fuzzy_name,90.0,2.4809376775181136e-08,27,29,underflow,0,False,3,0,,1,1,False,house-61|senate-21
2002,PICKENS,PINE GROVE - 4,PINE GROVE 4,PINE GROVE,2000,,,VTD2000-107-4300,Pine Grove Comm Center,ambiguous_fuzzy_name,86.08695652173914,2.4809376775181136e-08,27,29,underflow,0,False,3,0,,1,1,False,house-61|senate-21
2002,PIKE,EBENEZER-COUNTY BLDG,EBENEZER COUNTY BUILDING,EBENEZER COUNTY BUILDING,2000,,,VTD2000-109-14,Haisten Bldg,unmatched_name,85.5,25.03488372093024,27,28,underflow,0,False,2,0,,1,1,False,house-89|senate-30
2002,PIKE,ENON-COUNTY BLDG,ENON COUNTY BUILDING,ENON COUNTY BUILDING,2000,,,VTD2000-109-14,Haisten Bldg,unmatched_name,63.333333333333336,6.190476190476197,27,28,underflow,0,False,2,0,,1,1,False,house-89|senate-30
2002,PIKE,GALLOWAY RD COMM CT-BDGE,GALLOWAY RD COMMUNITY CT BDGE,GALLOWAY RD COMMUNITY CT BDGE,2000,,,VTD2000-109-16,Community Clubhouse,ambiguous_fuzzy_name,85.5,1.4559053962415194e-07,27,28,underflow,0,False,2,0,,1,1,False,house-89|senate-30
2002,PIKE,GOSHEN-VFD,GOSHEN VOLUNTEER FIRE DEPARTMENT,GOSHEN VOLUNTEER FIRE DEPARTMENT,2000,,,VTD2000-109-7,Saco Volunteer Fire Dept,ambiguous_fuzzy_name,87.09677419354838,7.612673824652917e-08,27,28,underflow,0,False,2,0,,1,1,False,house-89|senate-30
2002,PIKE,HAMILTON CROSSROADS C OF C,HAMILTON CROSSROADS C OF C,HAMILTON CROSSROADS C OF C,2000,,,VTD2000-109-15-2,Church Of Christ,unmatched_name,85.5,35.62500000000001,27,28,underflow,0,False,2,0,,1,1,False,house-89|senate-30
2002,PIKE,JOSIE-COUNTY BLDG,JOSIE COUNTY BUILDING,JOSIE COUNTY BUILDING,2000,,,VTD2000-109-14,Haisten Bldg,unmatched_name,64.86486486486487,16.216216216216218,27,28,underflow,0,False,2,0,,1,1,False,house-89|senate-30
2002,PIKE,LITTLE OAK-COUNTY BLDG,LITTLE OAK COUNTY BUILDING,LITTLE OAK COUNTY BUILDING,2000,,,VTD2000-109-27,Oak Bowery Church,ambiguous_fuzzy_name,85.5,1.793486248402587e-07,27,28,underflow,0,False,2,0,,1,1,False,house-89|senate-30
2002,PIKE,M_P_ CHURCH,M P CHURCH,M P CHURCH,2000,,,VTD2000-109-15-2,Church Of Christ,ambiguous_fuzzy_name,85.5,1.6132778446475984e-07,27,28,underflow,0,False,2,0,,1,1,False,house-89|senate-30
2002,PIKE,NEEDMORE CHILDS GROCERY,NEEDMORE CHILDS GROCERY,NEEDMORE CHILDS GROCERY,2000,,,VTD2000-109-25,M & F Grocery,unmatched_name,85.5,7.77272727272728,27,28,underflow,0,False,2,0,,1,1,False,house-89|senate-30
2002,PIKE,OAK BOWERY-CH OF CHRIST,OAK BOWERY CHURCH OF CHRIST,OAK BOWERY CHURCH OF CHRIST,2000,,,VTD2000-109-15-2,Church Of Christ,ambiguous_fuzzy_name,90.0,9.450166205127176e-08,27,28,underflow,0,False,2,0,,1,1,False,house-89|senate-30
2002,PIKE,PARK MEMORIAL CHURCH,PARK MEMORIAL CHURCH,PARK MEMORIAL CHURCH,2000,,,VTD2000-109-27,Oak Bowery Church,unmatched_name,64.86486486486487,12.087087087087092,27,28,underflow,0,False,2,0,,1,1,False,house-89|senate-30
2002,PIKE,RURAL HOME-COUNTY BLDG,RURAL HOME COUNTY BUILDING,RURAL HOME COUNTY BUILDING,2000,,,VTD2000-109-14,Haisten Bldg,unmatched_name,85.5,34.2,27,28,underflow,0,False,2,0,,1,1,False,house-89|senate-30
2002,PIKE,SPRINGHILL HOUSING AUTHORITY,SPRINGHILL HOUSING AUTHORITY,SPRINGHILL HOUSING AUTHORITY,2000,,,VTD2000-109-20,S Central Al Reg Housing Auth,unmatched_name,59.64912280701755,3.399122807017548,27,28,underflow,0,False,2,0,,1,1,False,house-89|senate-30
2002,PIKE,TENNILLE-TRAYWICKS SIGN CO,TENNILLE TRAYWICKS SIGN COUNTY,TENNILLE TRAYWICKS SIGN COUNTY,2000,,,VTD2000-109-1,Troy Community Complex,unmatched_name,47.5,3.432203389830505,27,28,underflow,0,False,2,0,,1,1,False,house-89|senate-30
2002,RANDOLPH,44 WILSONS STORE,44 WILSONS STORE,WILSONS STORE,2000,,,VTD2000-111-11,Rock Mills,unmatched_name,42.75,4.75,46,14,overflow,0,False,0,0,,1,1,False,house-37|senate-13
2002,RUSSELL,CENTRAL ACTIVITIES CENTER #1,CENTRAL ACTIVITIES CENTER,CENTRAL ACTIVITIES CENTER,2000,,,VTD2000-113-3-1B,Central Activities Center-B,ambiguous_fuzzy_name,96.15384615384616,3.990951014110067e-07,18,19,underflow,0,False,1,0,,2,2,True,house-80|house-83|senate-27|senate-28
2002,RUSSELL,CENTRAL ACTIVITIES CENTER #2,CENTRAL ACTIVITIES CENTER,CENTRAL ACTIVITIES CENTER,2000,,,VTD2000-113-3-1B,Central Activities Center-B,ambiguous_fuzzy_name,96.15384615384616,3.990951014110067e-07,18,19,underflow,0,False,1,0,,2,2,True,house-80|house-83|senate-27|senate-28
2002,RUSSELL,CHATTAHOOCHEE VALLEY,CHATTAHOOCHEE VALLEY,CHATTAHOOCHEE VALLEY,2000,,,VTD2000-113-7-4,Hatchechubbee Fire Dept,unmatched_name,44.89795918367348,0.995520159283238,18,19,underflow,0,False,1,0,,2,1,True,house-80|house-83|senate-27
2002,RUSSELL,COTTONTON FIRE STATION,COTTONTON FIRE STATION,COTTONTON FIRE STATION,2000,,,VTD2000-113-7-1,Cottonton Fire Dept,unmatched_name,76.59574468085107,25.929078014184405,18,19,underflow,0,False,1,0,,2,1,True,house-83|house-84|senate-28
2002,RUSSELL,CRAWFORD FIRE STATION,CRAWFORD FIRE STATION,CRAWFORD FIRE STATION,2000,,,VTD2000-113-6-2,Crawford Fire Dept,unmatched_name,75.55555555555556,25.55555555555556,18,19,underflow,0,False,1,0,,2,2,True,house-80|house-83|senate-27|senate-28
2002,RUSSELL,DIXIE VOLUNTEER FIRE STA.,DIXIE VOLUNTEER FIRE STA,DIXIE VOLUNTEER FIRE STA,2000,,,VTD2000-113-2,Ladonia Fire Dept,unmatched_name,44.46808510638298,1.449217181854678,18,19,underflow,0,False,1,0,,1,2,True,house-83|senate-27|senate-28
2002,RUSSELL,HATCHECHUBBEE FIRE STATION,HATCHECHUBBEE FIRE STATION,HATCHECHUBBEE FIRE STATION,2000,,,VTD2000-113-7-4,Hatchechubbee Fire Dept,unmatched_name,80.0,33.46938775510205,18,19,underflow,0,False,1,0,,1,1,False,house-83|senate-28
2002,RUSSELL,HURTSBORO FIRE DEPT,HURTSBORO FIRE DEPARTMENT,HURTSBORO FIRE DEPARTMENT,2000,,,VTD2000-113-6-2,Crawford Fire Dept,unmatched_name,77.55102040816327,1.551020408163268,18,19,underflow,0,False,1,0,,1,1,False,house-83|senate-28
2002,RUSSELL,LADONIA FIRE STATION #1,LADONIA FIRE STATION,LADONIA FIRE STATION,2000,,,VTD2000-113-2,Ladonia Fire Dept,unmatched_name,74.4186046511628,24.418604651162795,18,19,underflow,0,False,1,0,,1,1,False,house-80|senate-27
2002,RUSSELL,LADONIA FIRE STATION #2,LADONIA FIRE STATION,LADONIA FIRE STATION,2000,,,VTD2000-113-2,Ladonia Fire Dept,unmatched_name,74.4186046511628,24.418604651162795,18,19,underflow,0,False,1,0,,1,1,False,house-80|senate-27
2002,RUSSELL,PITTSVIEW FIRE STATION,PITTSVIEW FIRE STATION,PITTSVIEW FIRE STATION,2000,,,VTD2000-113-7-2,Pittsview Fire Dept,unmatched_name,76.59574468085107,25.929078014184405,18,19,underflow,0,False,1,0,,1,1,False,house-83|senate-28
2002,RUSSELL,SEALE-OLD RUSSELL COURTHOUSE,SEALE OLD RUSSELL COURTHOUSE,SEALE OLD RUSSELL COURTHOUSE,2000,,,VTD2000-113-7-3,Old Russell County Courthouse,unmatched_name,83.6,4.065116279069756,18,19,underflow,0,False,1,0,,2,1,True,house-83|house-84|senate-28
2002,SHELBY,ALABASTER CITY HALL ANNEX .1,ALABASTER CITY HALL ANNEX 1,ALABASTER CITY HALL ANNEX,2000,,,VTD2000-117-16,Vincent City Hall,unmatched_name,85.5,36.98936170212766,59,22,overflow,0,False,4,1,2000-3501,1,2,True,house-49|senate-14|senate-15
2002,SHELBY,ALABASTER CITY HALL ANNEX .2,ALABASTER CITY HALL ANNEX 2,ALABASTER CITY HALL ANNEX,2000,,,VTD2000-117-16,Vincent City Hall,unmatched_name,85.5,36.98936170212766,59,22,overflow,0,False,4,1,2000-3501,1,2,True,house-49|senate-14|senate-15
2002,SHELBY,ALABASTER CITY HALL ANNEX .3,ALABASTER CITY HALL ANNEX 3,ALABASTER CITY HALL ANNEX,2000,,,VTD2000-117-16,Vincent City Hall,unmatched_name,85.5,36.98936170212766,59,22,overflow,0,False,4,1,2000-3501,1,2,True,house-49|senate-14|senate-15
2002,SHELBY,CALERA RECREATION CENTER .2,CALERA RECREATION CENTER 2,CALERA RECREATION CENTER,2000,,,VTD2000-117-20,Pea Ridge Community Center,unmatched_name,57.692307692307686,2.790346907993957,59,22,overflow,0,False,4,1,2000-3501,1,1,False,house-41|senate-14
2002,SHELBY,DOGWOOD COMMUNITY CENTER,DOGWOOD COMMUNITY CENTER,DOGWOOD COMMUNITY CENTER,2000,,,VTD2000-117-14,Vandiver Community Center,unmatched_name,76.0,0.0,59,22,overflow,0,False,4,1,2000-3501,1,1,False,house-41|senate-14
2002,SHELBY,ELLIOTSVILLE PRESBYT_ CHURCH 1,ELLIOTSVILLE PRESBYT CHURCH,ELLIOTSVILLE PRESBYT CHURCH,2000,,,VTD2000-117-12,New Hope Presbyterian Church,unmatched_name,65.45454545454545,8.18181818181818,59,22,overflow,0,False,4,1,2000-3501,2,1,True,house-41|house-49|senate-14
2002,SHELBY,ELLIOTSVILLE PRESBYT_ CHURCH 2,ELLIOTSVILLE PRESBYT CHURCH,ELLIOTSVILLE PRESBYT CHURCH,2000,,,VTD2000-117-12,New Hope Presbyterian Church,unmatched_name,65.45454545454545,8.18181818181818,59,22,overflow,0,False,4,1,2000-3501,2,1,True,house-41|house-49|senate-14
2002,SHELBY,ELLIOTSVILLE PRESBYT_ CHURCH 3,ELLIOTSVILLE PRESBYT CHURCH,ELLIOTSVILLE PRESBYT CHURCH,2000,,,VTD2000-117-12,New Hope Presbyterian Church,unmatched_name,65.45454545454545,8.18181818181818,59,22,overflow,0,False,4,1,2000-3501,2,1,True,house-41|house-49|senate-14
2002,SHELBY,FOURMILE FIRE DEPARTMENT,FOURMILE FIRE DEPARTMENT,FOURMILE FIRE DEPARTMENT,2000,,,VTD2000-117-10,Harpersville,unmatched_name,44.60869565217392,2.808695652173917,59,22,overflow,0,False,4,1,2000-3501,1,1,False,house-41|senate-15
2002,SHELBY,SILURIA DEPOT .2,SILURIA DEPOT 2,SILURIA DEPOT,2000,,,VTD2000-117-15,American Legion Hall,unmatched_name,40.0,0.1000000000000014,59,22,overflow,0,False,4,1,2000-3501,1,1,False,house-49|senate-14
2002,STCLAIR,BRANCHVILLE-CUMBERLAND PRESBY_,BRANCHVILLE CUMBERLAND PRESBY,BRANCHVILLE CUMBERLAND PRESBY,2000,,,VTD2000-115-21,Fairview Church,unmatched_name,43.44827586206897,2.0689655172413737,35,22,overflow,0,False,2,0,,1,1,False,house-50|senate-17
2002,STCLAIR,OLDHAM CHAPEL CHURCH ED_ BLDG_,OLDHAM CHAPEL CHURCH ED BUILDING,OLDHAM CHAPEL CHURCH ED BUILDING,2000,,,VTD2000-115-21,Fairview Church,unmatched_name,85.5,21.192307692307693,35,22,overflow,0,False,2,0,,1,1,False,house-30|senate-12
2002,STCLAIR,PELL CITY BRIDGE BUILDERS .1,PELL CITY BRIDGE BUILDERS 1,PELL CITY BRIDGE BUILDERS,2000,,,VTD2000-115-3,City Hall,ambiguous_fuzzy_name,85.5,0.0,35,22,overflow,0,False,2,0,,1,1,False,house-36|senate-12
2002,STCLAIR,PELL CITY BRIDGE BUILDERS .2,PELL CITY BRIDGE BUILDERS 2,PELL CITY BRIDGE BUILDERS,2000,,,VTD2000-115-3,City Hall,ambiguous_fuzzy_name,85.5,0.0,35,22,overflow,0,False,2,0,,1,1,False,house-36|senate-12
2002,STCLAIR,POPLAR SPRINGS CHURCH,POPLAR SPRINGS CHURCH,POPLAR SPRINGS CHURCH,2000,,,VTD2000-115-27,Pleasent Valley Church-Slate Union,ambiguous_fuzzy_name,85.5,0.0016189190256254,35,22,overflow,0,False,2,0,,1,1,False,house-30|senate-12
2002,TALLADEGA,BAMA .2,BAMA 2,BAMA,2000,,,VTD2000-121-5,Talladega National Guard Armory,unmatched_name,45.0,0.0,36,15,overflow,0,False,1,0,,1,1,False,house-32|senate-11
2002,TALLADEGA,BEMISTON RECREATION CENTER,BEMISTON RECREATION CENTER,BEMISTON RECREATION CENTER,2000,,,VTD2000-121-4,Ironaton Fire Dept,unmatched_name,52.0,2.000000000000007,36,15,overflow,0,False,1,0,,1,1,False,house-35|senate-11
2002,TALLADEGA,J_ CRAIG SMITH CMNTY CNTR .1,J CRAIG SMITH CMNTY CENTER 1,J CRAIG SMITH CMNTY CENTER,2000,,,VTD2000-121-8,Sullivan Curry Comm Center,unmatched_name,57.96610169491525,17.54791987673343,36,15,overflow,0,False,1,0,,1,1,False,house-33|senate-11
2002,TALLADEGA,J_ CRAIG SMITH CMNTY CNTR .2,J CRAIG SMITH CMNTY CENTER 2,J CRAIG SMITH CMNTY CENTER,2000,,,VTD2000-121-8,Sullivan Curry Comm Center,unmatched_name,57.96610169491525,17.54791987673343,36,15,overflow,0,False,1,0,,1,1,False,house-33|senate-11
2002,TALLADEGA,J_ CRAIG SMITH CMNTY CNTR .3,J CRAIG SMITH CMNTY CENTER 3,J CRAIG SMITH CMNTY CENTER,2000,,,VTD2000-121-8,Sullivan Curry Comm Center,unmatched_name,57.96610169491525,17.54791987673343,36,15,overflow,0,False,1,0,,1,1,False,house-33|senate-11
2002,TALLADEGA,J_ CRAIG SMITH CMNTY CNTR .4,J CRAIG SMITH CMNTY CENTER 4,J CRAIG SMITH CMNTY CENTER,2000,,,VTD2000-121-8,Sullivan Curry Comm Center,unmatched_name,57.96610169491525,17.54791987673343,36,15,overflow,0,False,1,0,,1,1,False,house-33|senate-11
2002,TALLADEGA,SPRING ST_ COMMUNITY CENTER .1,SPRING SAINT COMMUNITY CENTER 1,SPRING SAINT COMMUNITY CENTER,2000,,,VTD2000-121-8,Sullivan Curry Comm Center,unmatched_name,67.74193548387098,23.906319045514813,36,15,overflow,0,False,1,0,,1,1,False,house-35|senate-11
2002,TALLADEGA,SPRING ST_ COMMUNITY CENTER .2,SPRING SAINT COMMUNITY CENTER 2,SPRING SAINT COMMUNITY CENTER,2000,,,VTD2000-121-8,Sullivan Curry Comm Center,unmatched_name,67.74193548387098,23.906319045514813,36,15,overflow,0,False,1,0,,2,1,True,house-32|house-35|senate-11
2002,TALLADEGA,SPRING ST_ COMMUNITY CENTER .3,SPRING SAINT COMMUNITY CENTER 3,SPRING SAINT COMMUNITY CENTER,2000,,,VTD2000-121-8,Sullivan Curry Comm Center,unmatched_name,67.74193548387098,23.906319045514813,36,15,overflow,0,False,1,0,,1,1,False,house-35|senate-11
2002,TALLAPOOSA,A/C HOUSING AUTHORITY,A C HOUSING AUTHORITY,A C HOUSING AUTHORITY,2000,,,VTD2000-123-13,Churchhill Voting House,unmatched_name,47.5,0.3571428571428541,29,18,overflow,0,False,1,0,,1,1,False,house-81|senate-27
2002,TALLAPOOSA,ALEX CITY FIRE STATION LK HILL,ALEX CITY FIRE STATION LK HILL,ALEX CITY FIRE STATION LK HILL,2000,,,VTD2000-123-15,Camp Hill City Hall,ambiguous_fuzzy_name,85.5,4.561343525111283e-08,29,18,overflow,0,False,1,0,,1,1,False,house-81|senate-27
2002,TALLAPOOSA,ALEX CITY NTL GUARD ARMORY .1,ALEX CITY NTL GUARD ARMORY 1,ALEX CITY NTL GUARD ARMORY,2000,,,VTD2000-123-7,Dadeville National Guard Armory,unmatched_name,67.79661016949152,8.831092928112206,29,18,overflow,0,False,1,0,,1,1,False,house-81|senate-27
2002,TALLAPOOSA,ALEX CITY NTL GUARD ARMORY .2,ALEX CITY NTL GUARD ARMORY 2,ALEX CITY NTL GUARD ARMORY,2000,,,VTD2000-123-7,Dadeville National Guard Armory,unmatched_name,67.79661016949152,8.831092928112206,29,18,overflow,0,False,1,0,,1,1,False,house-81|senate-27
2002,TALLAPOOSA,LAUREL COOPER CENTER .1,LAUREL COOPER CENTER 1,LAUREL COOPER CENTER,2000,,,VTD2000-123-4,Cowpens Voting House-Comm Center,ambiguous_fuzzy_name,85.5,3.0021762853493783e-09,29,18,overflow,0,False,1,0,,1,1,False,house-81|senate-27
2002,TALLAPOOSA,LAUREL COOPER CENTER .2,LAUREL COOPER CENTER 2,LAUREL COOPER CENTER,2000,,,VTD2000-123-4,Cowpens Voting House-Comm Center,ambiguous_fuzzy_name,85.5,3.0021762853493783e-09,29,18,overflow,0,False,1,0,,1,1,False,house-81|senate-27
2002,TALLAPOOSA,MARYS CROSS ROADS VOTING HOUSE,MARYS CROSS ROADS VOTING HOUSE,MARYS CROSS ROADS VOTING HOUSE,2000,,,VTD2000-123-8,Manoy Voting House,ambiguous_fuzzy_name,85.5,6.358413795481965e-08,29,18,overflow,0,False,1,0,,1,1,False,house-81|senate-27
2002,TALLAPOOSA,OURTOWN FIRE STATION,OURTOWN FIRE STATION,OURTOWN FIRE STATION,2000,,,VTD2000-123-2,Alex City Airport-Fire Station,ambiguous_fuzzy_name,85.5,3.016316085791004e-08,29,18,overflow,0,False,1,0,,1,1,False,house-81|senate-27
2002,TUSCALOOSA,CARROLLS CREEK VFD .2,CARROLLS CREEK VOLUNTEER FIRE DEPARTMENT 2,CARROLLS CREEK VOLUNTEER FIRE DEPARTMENT,2000,,,VTD2000-125-28,Montgomery Fire Station,ambiguous_fuzzy_name,85.5,0.0,90,41,overflow,0,False,2,0,,1,1,False,house-14|senate-5
2002,TUSCALOOSA,LAKEVIEW,LAKEVIEW,LAKEVIEW,2000,,,VTD2000-125-11,Forest Lake Methodist Church,unmatched_name,56.25,8.25,90,41,overflow,0,False,2,0,,1,1,False,house-62|senate-21
2002,TUSCALOOSA,MCABEE CENTER .1,MCABEE CENTER 1,MCABEE CENTER,2000,,,VTD2000-125-6,Skyland Oaks Retirement Center,ambiguous_fuzzy_name,85.5,0.0,90,41,overflow,0,False,2,0,,1,1,False,house-63|senate-21
2002,TUSCALOOSA,MCABEE CENTER .2,MCABEE CENTER 2,MCABEE CENTER,2000,,,VTD2000-125-6,Skyland Oaks Retirement Center,ambiguous_fuzzy_name,85.5,0.0,90,41,overflow,0,False,2,0,,1,1,False,house-63|senate-21
2002,TUSCALOOSA,MCABEE CENTER .3,MCABEE CENTER 3,MCABEE CENTER,2000,,,VTD2000-125-6,Skyland Oaks Retirement Center,ambiguous_fuzzy_name,85.5,0.0,90,41,overflow,0,False,2,0,,1,1,False,house-63|senate-21
2002,TUSCALOOSA,ROMULUS VFD,ROMULUS VOLUNTEER FIRE DEPARTMENT,ROMULUS VOLUNTEER FIRE DEPARTMENT,2000,,,VTD2000-125-27,Duncanville Fire Dept,unmatched_name,67.85714285714286,0.1152073732718861,90,41,overflow,0,False,2,0,,1,1,False,house-61|senate-21
2002,TUSCALOOSA,SHERIFFS OFFICE FIRING RANGE,SHERIFFS OFFICE FIRING RANGE,SHERIFFS OFFICE FIRING RANGE,2000,,,VTD2000-125-30,Carrolls Creek Fire Station,unmatched_name,43.63636363636364,1.3286713286713263,90,41,overflow,0,False,2,0,,1,1,False,house-14|senate-5
2002,TUSCALOOSA,SIPSEY VALLEY VFD - ELROD,SIPSEY VALLEY VOLUNTEER FIRE DEPARTMENT ELROD,SIPSEY VALLEY VOLUNTEER FIRE DEPARTMENT ELROD,2000,,,VTD2000-125-28,Montgomery Fire Station,ambiguous_fuzzy_name,85.5,0.0,90,41,overflow,0,False,2,0,,1,1,False,house-61|senate-21
2002,TUSCALOOSA,TANNEHILL VALLEY BAPTIST,TANNEHILL VALLEY BAPTIST,TANNEHILL VALLEY BAPTIST,2000,,,VTD2000-125-36,Chapel Hill Baptist Church,unmatched_name,56.00000000000001,9.5483870967742,90,41,overflow,0,False,2,0,,1,1,False,house-62|senate-21
2002,TUSCALOOSA,U OF A RECREATION CENTER .2,U OF A RECREATION CENTER 2,U OF A RECREATION CENTER,2000,,,VTD2000-125-7,Reg Education Center,unmatched_name,65.21739130434783,8.07453416149069,90,41,overflow,0,False,2,0,,1,1,False,house-63|senate-21
2002,TUSCALOOSA,U OF A RECREATION CENTER .3,U OF A RECREATION CENTER 3,U OF A RECREATION CENTER,2000,,,VTD2000-125-7,Reg Education Center,unmatched_name,65.21739130434783,8.07453416149069,90,41,overflow,0,False,2,0,,1,1,False,house-63|senate-21
2002,TUSCALOOSA,WHITSON UNITED METH CHURCH,WHITSON UNITED METH CHURCH,WHITSON UNITED METH CHURCH,2000,,,VTD2000-125-15,Peterson Methodist Church,unmatched_name,67.05882352941177,11.503267973856213,90,41,overflow,0,False,2,0,,1,1,False,house-14|senate-5
2002,WALKER,10-SWANN GYMNASIUM,10 SWANN GYMNASIUM,SWANN GYMNASIUM,2000,,,VTD2000-127-11,Union Hall,unmatched_name,39.46153846153846,4.46153846153846,71,34,overflow,0,False,2,0,,1,1,False,house-13|senate-5
2002,WALKER,11-SWANN GYMNASIUM,11 SWANN GYMNASIUM,SWANN GYMNASIUM,2000,,,VTD2000-127-11,Union Hall,unmatched_name,39.46153846153846,4.46153846153846,71,34,overflow,0,False,2,0,,1,1,False,house-13|senate-5
2002,WALKER,39-CURRY COMM. CTR,39 CURRY COMMUNITY CENTER,CURRY COMMUNITY CENTER,2000,,,VTD2000-127-17,Curry Smith Lake,ambiguous_fuzzy_name,85.5,4.980982293290026e-09,71,34,overflow,0,False,2,0,,1,1,False,house-13|senate-5
2002,WALKER,40-CURRY COMM. CTR.,40 CURRY COMMUNITY CENTER,CURRY COMMUNITY CENTER,2000,,,VTD2000-127-17,Curry Smith Lake,ambiguous_fuzzy_name,85.5,4.980982293290026e-09,71,34,overflow,0,False,2,0,,1,1,False,house-13|senate-5
2002,WALKER,41-CURRY COMM CTR.,41 CURRY COMMUNITY CENTER,CURRY COMMUNITY CENTER,2000,,,VTD2000-127-17,Curry Smith Lake,ambiguous_fuzzy_name,85.5,4.980982293290026e-09,71,34,overflow,0,False,2,0,,1,1,False,house-13|senate-5
2002,WALKER,45-LIB. HILL CH.,45 LIB HILL CHURCH,LIB HILL CHURCH,2000,,,VTD2000-127-33,Thach School.Liberty Grove Bapt Church,ambiguous_fuzzy_name,85.5,1.1299616797799672e-08,71,34,overflow,0,False,2,0,,1,1,False,house-14|senate-5
2002,WALKER,46-PLEASANTFIELD CH.,46 PLEASANTFIELD CHURCH,PLEASANTFIELD CHURCH,2000,,,VTD2000-127-33,Thach School.Liberty Grove Bapt Church,ambiguous_fuzzy_name,85.5,1.1299616797799672e-08,71,34,overflow,0,False,2,0,,1,1,False,house-14|senate-5
2002,WALKER,54-BOLDO COMM. CTR.,54 BOLDO COMMUNITY CENTER,BOLDO COMMUNITY CENTER,2000,,,VTD2000-127-2,Farmstead School-Manchester Comm Bldg,ambiguous_fuzzy_name,85.5,0.3512388531945132,71,34,overflow,0,False,2,0,,1,1,False,house-13|senate-5
2002,WALKER,55-BOLDO COMM. CTR.,55 BOLDO COMMUNITY CENTER,BOLDO COMMUNITY CENTER,2000,,,VTD2000-127-2,Farmstead School-Manchester Comm Bldg,ambiguous_fuzzy_name,85.5,0.3512388531945132,71,34,overflow,0,False,2,0,,1,1,False,house-13|senate-5
2002,WALKER,8-SWANN GYMNASIUM,8 SWANN GYMNASIUM,SWANN GYMNASIUM,2000,,,VTD2000-127-11,Union Hall,unmatched_name,39.46153846153846,4.082228116710866,71,34,overflow,0,False,2,0,,1,1,False,house-13|senate-5
2002,WALKER,9-SWANN GYMNASIUM,9 SWANN GYMNASIUM,SWANN GYMNASIUM,2000,,,VTD2000-127-11,Union Hall,unmatched_name,39.46153846153846,4.082228116710866,71,34,overflow,0,False,2,0,,1,1,False,house-13|senate-5
2002,WASHINGTON,JORDAN,JORDAN,JORDAN,2000,,,VTD2000-129-3,Frankville Fire House-Bigbee,unmatched_name,54.0,0.0,31,17,overflow,0,False,0,0,,1,1,False,house-65|senate-22
2002,WASHINGTON,MILLRY .1 VFD,MILLRY 1 VOLUNTEER FIRE DEPARTMENT,MILLRY 1 VOLUNTEER FIRE DEPARTMENT,2000,,,VTD2000-129-5,Millry-Copeland,ambiguous_fuzzy_name,85.5,2.342759319873266e-09,31,17,overflow,0,False,0,0,,1,1,False,house-65|senate-22
2002,WILCOX,ARLINGTON COMMUNITY CENTER,ARLINGTON COMMUNITY CENTER,ARLINGTON COMMUNITY CENTER,2000,,,VTD2000-131-2001,Allenton,unmatched_name,56.25,4.8214285714285765,27,29,underflow,0,False,3,0,,1,1,False,house-69|senate-23
2002,WILCOX,CALEDONIA EM JONES,CALEDONIA EM JONES,CALEDONIA EM JONES,2000,,,VTD2000-131-2001,Allenton,unmatched_name,60.00000000000001,5.454545454545468,27,29,underflow,0,False,3,0,,1,1,False,house-69|senate-23
2002,WILCOX,CLIFTON,CLIFTON,CLIFTON,2000,,,VTD2000-131-6001-6,Lamison/Arlington 6001 6006,unmatched_name,64.28571428571429,8.901098901098905,27,29,underflow,0,False,3,0,,1,1,False,house-69|senate-23
2002,WILCOX,COY PUBLIC SCHOOL HOUSE,COY PUBLIC SCHOOL HOUSE,COY PUBLIC SCHOOL HOUSE,2000,,,VTD2000-131-3003,Coy 3003 3010,unmatched_name,85.5,34.07142857142858,27,29,underflow,0,False,3,0,,1,1,False,house-69|senate-23
2002,WILCOX,GRAMPIN HILLS NATIONAL GUARD,GRAMPIN HILLS NATIONAL GUARD,GRAMPIN HILLS NATIONAL GUARD,2000,,,VTD2000-131-5002,Pine Hill,unmatched_name,80.0,16.66666666666668,27,29,underflow,0,False,3,0,,1,1,False,house-69|senate-23
2002,WILCOX,LOWER PEACHTREE COMMUNITY CNTR,LOWER PEACHTREE COMMUNITY CENTER,LOWER PEACHTREE COMMUNITY CENTER,2000,,,VTD2000-131-5005,Lower Peachtree,ambiguous_fuzzy_name,90.0,2.031420920367566e-07,27,29,underflow,0,False,3,0,,1,1,False,house-69|senate-23
2002,WILCOX,MILLER'S FERRY RIVERVIEW BAPTIST,MILLER S FERRY RIVERVIEW BAPTIST,MILLER S FERRY RIVERVIEW BAPTIST,2000,,,VTD2000-131-4006,Millers Ferry,unmatched_name,85.5,37.03846153846154,27,29,underflow,0,False,3,0,,1,1,False,house-69|senate-23
2002,WILCOX,NATIONAL GUARD ARMORY CAMDEN,NATIONAL GUARD ARMORY CAMDEN,NATIONAL GUARD ARMORY CAMDEN,2000,,,VTD2000-131-1001,National Guard Armory 1001 1002 1003,unmatched_name,81.42857142857142,29.999999999999996,27,29,underflow,0,False,3,0,,1,1,False,house-69|senate-23
2002,WILCOX,SOUTHEAST CAMDEN CRTHS ANNEX,SOUTHEAST CAMDEN CRTHS ANNEX,SOUTHEAST CAMDEN CRTHS ANNEX,2000,,,VTD2000-131-1050,Courthouse Annex,unmatched_name,85.5,27.673913043478255,27,29,underflow,0,False,3,0,,1,1,False,house-69|senate-23
2002,WILCOX,WESTGATE PARK,WESTGATE PARK,WESTGATE PARK,2000,,,VTD2000-131-5005,Lower Peachtree,unmatched_name,42.85714285714286,0.0,27,29,underflow,0,False,3,0,,1,1,False,house-69|senate-23
2002,WILCOX,YELLOW BLUFF CITY HALL,YELLOW BLUFF CITY HALL,YELLOW BLUFF CITY HALL,2000,,,VTD2000-131-5003B,Yellow Bluff,ambiguous_fuzzy_name,90.0,3.3306690738754696e-14,27,29,underflow,0,False,3,0,,1,1,False,house-69|senate-23
2002,WINSTON,A R C BUILDING,A R C BUILDING,A R C BUILDING,2000,,,VTD2000-133-10,Delmar-Natural Bridges,unmatched_name,45.0,0.391304347826086,22,11,overflow,0,False,1,0,,1,1,False,house-17|senate-6
2002,WINSTON,ARLEY FIRE STATION & BETHEL BX,ARLEY FIRE STATION AND BETHEL BX,ARLEY FIRE STATION AND BETHEL BX,2000,,,VTD2000-133-5,Arley Fire Department,ambiguous_fuzzy_name,85.5,1.8055852946119444e-05,22,11,overflow,0,False,1,0,,2,2,True,house-14|house-7|senate-4|senate-5
2002,WINSTON,NEIGHBORHOOD FCLTY_ BUILDING,NEIGHBORHOOD FCLTY BUILDING,NEIGHBORHOOD FCLTY BUILDING,2000,,,VTD2000-133-8,Moreland Cemetery,unmatched_name,37.05882352941176,0.3241296518607441,22,11,overflow,0,False,1,0,,1,1,False,house-17|senate-6
2002,WINSTON,O MARYS MILL,O MARYS MILL,O MARYS MILL,2000,,,VTD2000-133-2,Haleyville-City Hall-VFW-National Guard Arm,unmatched_name,45.0,0.0,22,11,overflow,0,False,1,0,,1,1,False,house-14|senate-5
2002,WINSTON,S_HALEYVILLE SCOUT HEADQUARTER,S HALEYVILLE SCOUT HEADQUARTER,S HALEYVILLE SCOUT HEADQUARTER,2000,,,VTD2000-133-2,Haleyville-City Hall-VFW-National Guard Arm,unmatched_name,54.7945205479452,7.735697018533443,22,11,overflow,0,False,1,0,,1,1,False,house-17|senate-6
2006,BUTLER,NEW ARMORY .1,NEW ARMORY 1,NEW ARMORY,2010,,,VTD2010-013-1405,GEORGIANA NATIONAL GUARD ARMORY,ambiguous_fuzzy_name,85.5,1.082206635416583e-06,26,22,overflow,0,False,0,0,,1,1,False,house-90|senate-30
2006,BUTLER,NEW ARMORY .2,NEW ARMORY 2,NEW ARMORY,2010,,,VTD2010-013-1405,GEORGIANA NATIONAL GUARD ARMORY,ambiguous_fuzzy_name,85.5,1.082206635416583e-06,26,22,overflow,0,False,0,0,,1,1,False,house-90|senate-30
2006,CALHOUN,ANNISTON - FIRST PRESBYTERIAN,ANNISTON FIRST PRESBYTERIAN,ANNISTON FIRST PRESBYTERIAN,2010,,,VTD2010-015-15,Anniston,ambiguous_fuzzy_name,90.0,0.0,52,22,overflow,0,False,1,0,,1,1,False,house-32|senate-12
2006,CALHOUN,ANNISTON - MENTAL HEALTH CNTR,ANNISTON MENTAL HEALTH CENTER,ANNISTON MENTAL HEALTH CENTER,2010,,,VTD2010-015-15,Anniston,ambiguous_fuzzy_name,90.0,0.0,52,22,overflow,0,False,1,0,,1,1,False,house-32|senate-12
2006,CALHOUN,ANNISTON - THANKFUL BAPTIST,ANNISTON THANKFUL BAPTIST,ANNISTON THANKFUL BAPTIST,2010,,,VTD2010-015-15,Anniston,ambiguous_fuzzy_name,90.0,0.0,52,22,overflow,0,False,1,0,,1,1,False,house-32|senate-11
2006,CALHOUN,ANNISTON-F & WILMER FIRE ST_,ANNISTON F AND WILMER FIRE SAINT,ANNISTON F AND WILMER FIRE SAINT,2010,,,VTD2010-015-15,Anniston,ambiguous_fuzzy_name,90.0,0.0,52,22,overflow,0,False,1,0,,1,1,False,house-32|senate-11
2006,CALHOUN,CHURCH OF THE COVENANT,CHURCH OF THE COVENANT,CHURCH OF THE COVENANT,2010,,,VTD2010-015-21,Mt. View Baptist Church Voting District,unmatched_name,85.5,34.041666666666664,52,22,overflow,0,False,1,0,,1,1,False,house-36|senate-12
2006,CALHOUN,GLENWOOD MEADOWS MEETING ROOM,GLENWOOD MEADOWS MEETING ROOM,GLENWOOD MEADOWS MEETING ROOM,2010,,,VTD2010-015-19,Saks High/ Leatherwood Civil Defence Voting District,unmatched_name,47.297872340425535,6.889709075119406,52,22,overflow,0,False,1,0,,1,1,False,house-40|senate-12
2006,CALHOUN,GODS COVENANT MINISTRY,GODS COVENANT MINISTRY,GODS COVENANT MINISTRY,2010,,,VTD2010-015-15,Anniston,unmatched_name,51.42857142857142,0.519480519480517,52,22,overflow,0,False,1,0,,1,1,False,house-36|senate-12
2006,CALHOUN,HOBSON CITY - CITY HALL,HOBSON CITY CITY HALL,HOBSON CITY CITY HALL,2010,,,VTD2010-015-15,Anniston,unmatched_name,46.63636363636363,3.393120393120391,52,22,overflow,0,False,1,0,,1,1,False,house-32|senate-11
2006,CALHOUN,MOORE AVENUE CHURCH OF CHRIST,MOORE AVENUE CHURCH OF CHRIST,MOORE AVENUE CHURCH OF CHRIST,2010,,,VTD2010-015-3,Four Mile Methodist Church,unmatched_name,55.27272727272727,3.747303543913709,52,22,overflow,0,False,1,0,,1,1,False,house-32|senate-11
2006,CALHOUN,NATIONAL GUARD ARMORY,NATIONAL GUARD ARMORY,NATIONAL GUARD ARMORY,2010,,,VTD2010-015-15,Anniston,unmatched_name,51.42857142857142,8.678571428571423,52,22,overflow,0,False,1,0,,1,1,False,house-40|senate-12
2006,CALHOUN,WIGGINS COMMUNITY CENTER,WIGGINS COMMUNITY CENTER,WIGGINS COMMUNITY CENTER,2010,,,VTD2010-015-20,Friendship Community Center,unmatched_name,78.43137254901961,33.43137254901961,52,22,overflow,0,False,1,0,,1,1,False,house-32|senate-11
2006,CHEROKEE,DANIELS CHAPEL FELLOWSHIP HALL,DANIELS CHAPEL FELLOWSHIP HALL,DANIELS CHAPEL FELLOWSHIP HALL,2010,,,VTD2010-019-0101,Sand Rock Town Hall,ambiguous_fuzzy_name,85.5,0.0027313027238573,24,20,overflow,0,False,0,0,,1,1,False,house-39|senate-10
2006,CHEROKEE,MT_ WEISNER FIRE HALL,MOUNT WEISNER FIRE HALL,MOUNT WEISNER FIRE HALL,2010,,,VTD2010-019-0181,McCord's Crossroad Volunteer Fire Dept./ Rock Run Church,ambiguous_fuzzy_name,85.5,7.853138594970943e-06,24,20,overflow,0,False,0,0,,1,1,False,house-39|senate-10
2006,CHEROKEE,SPRING CREEK FIRE HALL,SPRING CREEK FIRE HALL,SPRING CREEK FIRE HALL,2010,,,VTD2010-019-0181,McCord's Crossroad Volunteer Fire Dept./ Rock Run Church,ambiguous_fuzzy_name,85.5,1.3322676295501878e-13,24,20,overflow,0,False,0,0,,1,1,False,house-39|senate-13
2006,CHEROKEE,THE ROC .1,THE ROC 1,THE ROC,2010,,,VTD2010-019-0181,McCord's Crossroad Volunteer Fire Dept./ Rock Run Church,unmatched_name,60.00000000000001,10.000000000000009,24,20,overflow,0,False,0,0,,1,1,False,house-39|senate-10
2006,CHEROKEE,THE ROC .2,THE ROC 2,THE ROC,2010,,,VTD2010-019-0181,McCord's Crossroad Volunteer Fire Dept./ Rock Run Church,unmatched_name,60.00000000000001,10.000000000000009,24,20,overflow,0,False,0,0,,1,1,False,house-39|senate-10
2006,CHEROKEE,TUCKERS CHAPEL FIRE DEPT_,TUCKERS CHAPEL FIRE DEPARTMENT,TUCKERS CHAPEL FIRE DEPARTMENT,2010,,,VTD2010-019-0181,McCord's Crossroad Volunteer Fire Dept./ Rock Run Church,ambiguous_fuzzy_name,85.5,8.89502373979667e-06,24,20,overflow,0,False,0,0,,1,1,False,house-39|senate-10
2006,CLARKE,SPRINGFIELD UNITED METHODIST,SPRINGFIELD UNITED METHODIST,SPRINGFIELD UNITED METHODIST,2010,,,VTD2010-025-2100,Thomasville Fire Dept#3/Thomasville City Hall/Springfield Methodist Church/Thomasville National Guar,unmatched_name,85.5,30.33870967741936,29,21,overflow,0,False,2,0,,1,1,False,house-65|senate-22
2006,CLARKE,TALLAHATTA SPR_-COMM_ HOUSE,TALLAHATTA SPR COMMUNITY HOUSE,TALLAHATTA SPR COMMUNITY HOUSE,2010,,,VTD2010-025-1600,Opine-Tallahatta Fire Dept,unmatched_name,55.16129032258064,3.635866593767084,29,21,overflow,0,False,2,0,,2,1,True,house-65|house-68|senate-22
2006,CLEBURNE,RANBURNE RESCUE SQUAD BUILDING,RANBURNE RESCUE SQUAD BUILDING,RANBURNE RESCUE SQUAD BUILDING,2010,,,VTD2010-029-0140,Ranburne Fire Dept. Voting District,unmatched_name,48.57142857142858,3.5714285714285765,16,14,overflow,0,False,0,0,,1,1,False,house-39|senate-13
2006,CLEBURNE,TURKEY HEAVEN V_F_D_,TURKEY HEAVEN V F D,TURKEY HEAVEN V F D,2010,,,VTD2010-029-0020,Oak Level,unmatched_name,50.0,4.999999999999993,16,14,overflow,0,False,0,0,,1,1,False,house-39|senate-13
2006,COFFEE,WISE MILL SCHOOL VOTING HOUSE,WISE MILL SCHOOL VOTING HOUSE,WISE MILL SCHOOL VOTING HOUSE,2010,,,VTD2010-031-21,Wise Mill,ambiguous_fuzzy_name,90.0,6.661338147750939e-14,35,32,overflow,0,False,0,0,,1,1,False,house-91|senate-31
2006,CONECUH,ANTIOCH VOTING HOUSE,ANTIOCH VOTING HOUSE,ANTIOCH VOTING HOUSE,2010,,,VTD2010-035-5-2,Lenox Community House,unmatched_name,53.65853658536586,2.229965156794435,26,29,underflow,0,False,1,0,,1,1,False,house-90|senate-22
2006,CONECUH,BROOKLYN MASONIC LODGE,BROOKLYN MASONIC LODGE,BROOKLYN MASONIC LODGE,2010,,,VTD2010-035-7-1,Brooklyn Fire Dept.,unmatched_name,57.82608695652174,12.826086956521742,26,29,underflow,0,False,1,0,,1,1,False,house-90|senate-22
2006,CONECUH,DAVID BURT BUILDING,DAVID BURT BUILDING,DAVID BURT BUILDING,2010,,,VTD2010-035-11-1,David Burt Building -1,ambiguous_fuzzy_name,95.0,0.3151725806768701,26,29,underflow,0,False,1,0,,1,1,False,house-90|senate-23
2006,CONECUH,MT_ UNION CHURCH,MOUNT UNION CHURCH,MOUNT UNION CHURCH,2010,,,VTD2010-035-14-2,Second Mount Zion Church,unmatched_name,76.9047619047619,10.238095238095228,26,29,underflow,0,False,1,0,,1,1,False,house-90|senate-22
2006,CONECUH,NATIONAL GUARD ARMORY,NATIONAL GUARD ARMORY,NATIONAL GUARD ARMORY,2010,,,VTD2010-035-11-3,Carver Rec Center,unmatched_name,46.44444444444444,3.8912529550827486,26,29,underflow,0,False,1,0,,1,1,False,house-68|senate-23
2006,CONECUH,ROBINSON MILL VOTING HOUSE,ROBINSON MILL VOTING HOUSE,ROBINSON MILL VOTING HOUSE,2010,,,VTD2010-035-3-2,Robinson's Mill,unmatched_name,85.5,34.43617021276595,26,29,underflow,0,False,1,0,,1,1,False,house-68|senate-23
2006,CONECUH,SKINNERTON VOTING HOUSE,SKINNERTON VOTING HOUSE,SKINNERTON VOTING HOUSE,2010,,,VTD2010-035-2-2,Skinnerton FD,unmatched_name,57.57575757575758,3.575757575757578,26,29,underflow,0,False,1,0,,1,1,False,house-68|senate-23
2006,CONECUH,WOOTEN VOTING HOUSE,WOOTEN VOTING HOUSE,WOOTEN VOTING HOUSE,2010,,,VTD2010-035-4-3,Wooten -2,unmatched_name,85.5,25.500000000000007,26,29,underflow,0,False,1,0,,2,1,True,house-68|house-90|senate-23
2006,COOSA,COURTHOUSE,COURTHOUSE,COURTHOUSE,2010,,,VTD2010-037-0712,Pct. 0712 Court House,unmatched_name,81.0,0.0,12,25,underflow,0,False,0,0,,1,1,False,house-31|senate-11
2006,COOSA,EQUALITY FIRE DEPARTMENT,EQUALITY FIRE DEPARTMENT,EQUALITY FIRE DEPARTMENT,2010,,,VTD2010-037-0108,Pct. 0108 Equality Fire Department,ambiguous_fuzzy_name,95.0,2.914462815528651e-06,12,25,underflow,0,False,0,0,,1,1,False,house-31|senate-11
2006,COOSA,HANOVER,HANOVER,HANOVER,2010,,,VTD2010-037-0614,Pct. 0614 Hanover,ambiguous_fuzzy_name,90.0,1.3322676295501878e-13,12,25,underflow,0,False,0,0,,2,1,True,house-31|house-33|senate-11
2006,COOSA,KELLYTON FIRE DEPARTMENT,KELLYTON FIRE DEPARTMENT,KELLYTON FIRE DEPARTMENT,2010,,,VTD2010-037-0302,Pct. 0302 Kellyton Fire Dept.,ambiguous_fuzzy_name,95.0,9.172835824244885e-08,12,25,underflow,0,False,0,0,,1,1,False,house-31|senate-11
2006,COOSA,MT. OLIVE COMMUNITY CENTER,MOUNT OLIVE COMMUNITY CENTER,MOUNT OLIVE COMMUNITY CENTER,2010,,,VTD2010-037-0420,Pct. 0420 Mt. Olive Community Center,ambiguous_fuzzy_name,95.0,6.661338147750939e-14,12,25,underflow,0,False,0,0,,1,1,False,house-31|senate-11
2006,COOSA,OLD RAILROAD DEPOT,OLD RAILROAD DEPOT,OLD RAILROAD DEPOT,2010,,,VTD2010-037-0404,Pct. 0404 Old Railroad Depot,ambiguous_fuzzy_name,95.0,0.0327572421861654,12,25,underflow,0,False,0,0,,1,1,False,house-31|senate-11
2006,COOSA,RICHVILLE FIRE DEPARTMENT,RICHVILLE FIRE DEPARTMENT,RICHVILLE FIRE DEPARTMENT,2010,,,VTD2010-037-1519,Pct. 1519 Richville Fire Dept.,ambiguous_fuzzy_name,95.0,5.757220811197783e-07,12,25,underflow,0,False,0,0,,1,1,False,house-31|senate-11
2006,COOSA,WEST COOSA SENIOR CENTER,WEST COOSA SENIOR CENTER,WEST COOSA SENIOR CENTER,2010,,,VTD2010-037-1216,Pct. 1216 West Coosa Senior Center,ambiguous_fuzzy_name,95.0,1.1102230246251565e-13,12,25,underflow,0,False,0,0,,1,1,False,house-33|senate-11
2006,COVINGTON,FLORALA-OLD NATIONAL GUARD,FLORALA OLD NATIONAL GUARD,FLORALA OLD NATIONAL GUARD,2010,,,VTD2010-039-9,Florala -Boles Mill,unmatched_name,59.09090909090908,9.09090909090908,28,23,overflow,0,False,0,0,,1,1,False,house-92|senate-31
2006,CULLMAN,CULLMAN CIVIC CENTER ROOM .1,CULLMAN CIVIC CENTER ROOM 1,CULLMAN CIVIC CENTER ROOM,2010,,,VTD2010-043-0010,"Cullman (1-1,1-2,1-3,1-4,1-5,1-6,1-7)",unmatched_name,57.0,6.152542372881356,52,46,overflow,0,False,1,0,,2,1,True,house-11|house-12|senate-4
2006,CULLMAN,CULLMAN CIVIC CENTER ROOM .2,CULLMAN CIVIC CENTER ROOM 2,CULLMAN CIVIC CENTER ROOM,2010,,,VTD2010-043-0010,"Cullman (1-1,1-2,1-3,1-4,1-5,1-6,1-7)",unmatched_name,57.0,6.152542372881356,52,46,overflow,0,False,1,0,,2,1,True,house-11|house-12|senate-4
2006,CULLMAN,CULLMAN CIVIC CENTER ROOM .3,CULLMAN CIVIC CENTER ROOM 3,CULLMAN CIVIC CENTER ROOM,2010,,,VTD2010-043-0010,"Cullman (1-1,1-2,1-3,1-4,1-5,1-6,1-7)",unmatched_name,57.0,6.152542372881356,52,46,overflow,0,False,1,0,,2,1,True,house-11|house-12|senate-4
2006,ELMORE,ECLECTIC CITY HALL,ECLECTIC CITY HALL,ECLECTIC CITY HALL,2010,,,VTD2010-051-0251,Coosada City Hall,unmatched_name,65.76923076923076,2.435897435897438,29,46,underflow,0,False,1,0,,1,1,False,house-31|senate-11
2006,ELMORE,FITZPATRICK COMMUNITY HOUSE,FITZPATRICK COMMUNITY HOUSE,FITZPATRICK COMMUNITY HOUSE,2010,,,VTD2010-051-0181,Fitzpatrick Community House,ambiguous_exact_name,100.0,5.899881749815705e-06,29,46,underflow,0,False,1,0,,1,2,True,house-75|senate-25|senate-30
2006,ELMORE,HOLTVILLE CAINS CHAPEL,HOLTVILLE CAINS CHAPEL,HOLTVILLE CAINS CHAPEL,2010,,,VTD2010-051-0151,Cains Chapel Life Center,unmatched_name,67.05882352941177,19.439775910364155,29,46,underflow,0,False,1,0,,1,1,False,house-75|senate-25
2006,ELMORE,MILLBROOK MEMORIAL PARK .1,MILLBROOK MEMORIAL PARK 1,MILLBROOK MEMORIAL PARK,2010,,,VTD2010-051-0171,Crenshaw Park,ambiguous_fuzzy_name,85.5,0.0,29,46,underflow,0,False,1,0,,1,1,False,house-88|senate-30
2006,ELMORE,MILLBROOK MEMORIAL PARK .2,MILLBROOK MEMORIAL PARK 2,MILLBROOK MEMORIAL PARK,2010,,,VTD2010-051-0171,Crenshaw Park,ambiguous_fuzzy_name,85.5,0.0,29,46,underflow,0,False,1,0,,1,1,False,house-88|senate-30
2006,ELMORE,MULDER MEM METHODIST CHURCH .1,MULDER MEM METHODIST CHURCH 1,MULDER MEM METHODIST CHURCH,2010,,,VTD2010-051-0331,Mulder Memorial Methodist Church,ambiguous_fuzzy_name,88.52459016393442,0.0,29,46,underflow,0,False,1,0,,2,1,True,house-31|house-75|senate-25
2006,ELMORE,MULDER MEM METHODIST CHURCH .2,MULDER MEM METHODIST CHURCH 2,MULDER MEM METHODIST CHURCH,2010,,,VTD2010-051-0331,Mulder Memorial Methodist Church,ambiguous_fuzzy_name,88.52459016393442,0.0,29,46,underflow,0,False,1,0,,2,1,True,house-31|house-75|senate-25
2006,ELMORE,NEW HOPE CHURCH,NEW HOPE CHURCH,NEW HOPE CHURCH,2010,,,VTD2010-051-0321,Blue Ridge Baptist Church,ambiguous_fuzzy_name,85.5,3.841599005571794e-06,29,46,underflow,0,False,1,0,,1,1,False,house-31|senate-25
2006,ELMORE,SANTUCK COMMUNITY CENTER,SANTUCK COMMUNITY CENTER,SANTUCK COMMUNITY CENTER,2010,,,VTD2010-051-0081,Santuck Community Center,ambiguous_exact_name,100.0,2.220446049250313e-14,29,46,underflow,0,False,1,0,,1,1,False,house-31|senate-25
2006,ELMORE,SEMAN COMMUNITY CENTER,SEMAN COMMUNITY CENTER,SEMAN COMMUNITY CENTER,2010,,,VTD2010-051-0081,Santuck Community Center,ambiguous_fuzzy_name,86.95652173913044,0.0,29,46,underflow,0,False,1,0,,1,1,False,house-31|senate-11
2006,ELMORE,TALLASSEE NATIONAL GUARD,TALLASSEE NATIONAL GUARD,TALLASSEE NATIONAL GUARD,2010,,,VTD2010-051-0011,Tallassee National Guard Armory,ambiguous_fuzzy_name,95.0,1.1936026167447269e-06,29,46,underflow,0,False,1,0,,1,1,False,house-31|senate-11
2006,ELMORE,VICTORY BAPTIST SCHOOL .1,VICTORY BAPTIST SCHOOL 1,VICTORY BAPTIST SCHOOL,2010,,,VTD2010-051-022A,Victory Baptist School,ambiguous_fuzzy_name,95.65217391304348,0.0,29,46,underflow,0,False,1,0,,2,2,True,house-75|house-88|senate-25|senate-30
2006,ELMORE,VICTORY BAPTIST SCHOOL .2,VICTORY BAPTIST SCHOOL 2,VICTORY BAPTIST SCHOOL,2010,,,VTD2010-051-022A,Victory Baptist School,ambiguous_fuzzy_name,95.65217391304348,0.0,29,46,underflow,0,False,1,0,,2,2,True,house-75|house-88|senate-25|senate-30
2006,ELMORE,WALLSBORO FIRE DEPARTMENT,WALLSBORO FIRE DEPARTMENT,WALLSBORO FIRE DEPARTMENT,2010,,,VTD2010-051-0121,Buyck Fire Department,unmatched_name,79.16666666666666,1.6156462585033893,29,46,underflow,0,False,1,0,,1,1,False,house-31|senate-25
2006,ELMORE,WEOKA VOTING HOUSE,WEOKA VOTING HOUSE,WEOKA VOTING HOUSE,2010,,,VTD2010-051-0181,Fitzpatrick Community House,ambiguous_fuzzy_name,85.5,0.0,29,46,underflow,0,False,1,0,,1,1,False,house-31|senate-25
2006,ELMORE,WETUMPKA ARMORY,WETUMPKA ARMORY,WETUMPKA ARMORY,2010,,,VTD2010-051-027A,Wetumpka Natl Guard Armory,ambiguous_fuzzy_name,85.5,2.3096418666490592e-06,29,46,underflow,0,False,1,0,,2,1,True,house-31|house-75|senate-25
2006,ETOWAH,CARNES REC CENTER .1,CARNES RECREATION CENTER 1,CARNES RECREATION CENTER,2010,,,VTD2010-055-1402,Attalla Recreation Center,unmatched_name,76.9047619047619,1.7884828349944542,56,41,overflow,0,False,3,0,,1,1,False,house-28|senate-10
2006,ETOWAH,CARNES REC CENTER .2,CARNES RECREATION CENTER 2,CARNES RECREATION CENTER,2010,,,VTD2010-055-1402,Attalla Recreation Center,unmatched_name,76.9047619047619,1.7884828349944542,56,41,overflow,0,False,3,0,,1,1,False,house-28|senate-10
2006,FAYETTE,BYLOR VOTING CENTER BANKSTON,BYLOR VOTING CENTER BANKSTON,BYLOR VOTING CENTER BANKSTON,2010,,,VTD2010-057-0101,Town,unmatched_name,77.14285714285715,5.142857142857153,27,21,overflow,0,False,0,0,,1,1,False,house-16|senate-6
2006,FAYETTE,GEORGES CREEK VT_ CNT_ PEA RDG,GEORGES CREEK VT CNT PEA RDG,GEORGES CREEK VT CNT PEA RDG,2010,,,VTD2010-057-2001,George's Creek,ambiguous_fuzzy_name,86.66666666666667,1.9984014443252818e-13,27,21,overflow,0,False,0,0,,1,1,False,house-16|senate-6
2006,FAYETTE,PLEASANT GROVE VOTING CENTER,PLEASANT GROVE VOTING CENTER,PLEASANT GROVE VOTING CENTER,2010,,,VTD2010-057-1201,Webster,unmatched_name,60.00000000000001,3.000000000000007,27,21,overflow,0,False,0,0,,1,1,False,house-16|senate-6
2006,GENEVA,FARM CENTER,FARM CENTER,FARM CENTER,2010,,,VTD2010-061-10,Geneva-Courthouse-Armory-Community Center,ambiguous_fuzzy_name,85.5,1.1102230246251564e-14,25,15,overflow,0,False,2,0,,1,1,False,house-87|senate-29
2006,GENEVA,GENEVA COMMUNITY CENTER,GENEVA COMMUNITY CENTER,GENEVA COMMUNITY CENTER,2010,,,VTD2010-061-10,Geneva-Courthouse-Armory-Community Center,ambiguous_fuzzy_name,85.5,1.1102230246251564e-14,25,15,overflow,0,False,2,0,,1,1,False,house-87|senate-29
2006,GREENE,FORKLAND TOWN HALL,FORKLAND TOWN HALL,FORKLAND TOWN HALL,2010,,,VTD2010-063-3-1-6,Forkland City Hall,unmatched_name,83.33333333333334,28.787878787878803,14,21,underflow,0,False,0,0,,1,1,False,house-71|senate-24
2006,GREENE,KNOXVILLE FIRE STATION,KNOXVILLE FIRE STATION,KNOXVILLE FIRE STATION,2010,,,VTD2010-063-3-7,Dollarhide Rec Center,unmatched_name,48.0,3.1020408163265216,14,21,underflow,0,False,0,0,,1,1,False,house-71|senate-24
2006,GREENE,MANTUA FIRE DBPARTMENT,MANTUA FIRE DBPARTMENT,MANTUA FIRE DBPARTMENT,2010,,,VTD2010-063-5-7,West Greene Fire Dept.,unmatched_name,65.91836734693877,21.918367346938773,14,21,underflow,0,False,0,0,,1,1,False,house-71|senate-24
2006,GREENE,MCKINLEY BRANCH,MCKINLEY BRANCH,MCKINLEY BRANCH,2010,,,VTD2010-063-4-3-4A,Morrow-Brown Rec Center-King Village,unmatched_name,46.03846153846154,2.590185676392572,14,21,underflow,0,False,0,0,,1,1,False,house-71|senate-24
2006,GREENE,MORROW BROWN COMMUNITY CENTER,MORROW BROWN COMMUNITY CENTER,MORROW BROWN COMMUNITY CENTER,2010,,,VTD2010-063-4-3-4B,Morrow Brown Rec Center-Sanders-Black,unmatched_name,85.5,10.291666666666671,14,21,underflow,0,False,0,0,,1,1,False,house-71|senate-24
2006,GREENE,TISHABEE COMMUNITY CENTER,TISHABEE COMMUNITY CENTER,TISHABEE COMMUNITY CENTER,2010,,,VTD2010-063-4-3-4B,Morrow Brown Rec Center-Sanders-Black,ambiguous_fuzzy_name,85.5,0.0,14,21,underflow,0,False,0,0,,1,1,False,house-71|senate-24
2006,GREENE,UNION TOWN HALL,UNION TOWN HALL,UNION TOWN HALL,2010,,,VTD2010-063-1-6-7,Union City Hall,unmatched_name,80.0,25.45454545454546,14,21,underflow,0,False,0,0,,1,1,False,house-71|senate-24
2006,HALE,GREENSBORO - ARMORY .1,GREENSBORO ARMORY 1,GREENSBORO ARMORY,2010,,,VTD2010-065-41A,National Guard Armory 1-A,unmatched_name,56.29629629629629,4.046296296296283,15,39,underflow,0,False,0,0,,1,1,False,house-72|senate-24
2006,HALE,GREENSBORO - ARMORY .2,GREENSBORO ARMORY 2,GREENSBORO ARMORY,2010,,,VTD2010-065-42A,National Guard Armory 2-A,unmatched_name,56.29629629629629,4.046296296296283,15,39,underflow,0,False,0,0,,1,1,False,house-72|senate-24
2006,HALE,SUNSHINE HIGH SCHOOL,SUNSHINE HIGH SCHOOL,SUNSHINE HIGH SCHOOL,2010,,,VTD2010-065-12,Moundville City Hall,unmatched_name,44.99999999999999,2.142857142857132,15,39,underflow,0,False,0,0,,1,1,False,house-72|senate-24
2006,JACKSON,ASPEL JACKSON CO. WATERWORKS,ASPEL JACKSON COUNTY WATERWORKS,ASPEL JACKSON COUNTY WATERWORKS,2010,,,VTD2010-071-39,Dean's Chapel Community Center,unmatched_name,52.459016393442624,0.4590163934426243,41,36,overflow,0,False,0,0,,1,1,False,house-22|senate-8
2006,JACKSON,LIMROCK FIRE HALL,LIMROCK FIRE HALL,LIMROCK FIRE HALL,2010,,,VTD2010-071-21,Scottsboro Armory-City Hall,ambiguous_fuzzy_name,85.5,0.0,41,36,overflow,0,False,0,0,,1,1,False,house-22|senate-8
2006,JACKSON,PLEASANT GROVES FIRE HALL,PLEASANT GROVES FIRE HALL,PLEASANT GROVES FIRE HALL,2010,,,VTD2010-071-35,Crow Fire Hall,ambiguous_fuzzy_name,85.5,0.0005957809295131,41,36,overflow,0,False,0,0,,1,1,False,house-22|senate-8
2006,JACKSON,ROSALIE COMM. CENTER,ROSALIE COMMUNITY CENTER,ROSALIE COMMUNITY CENTER,2010,,,VTD2010-071-38,Rosalie School,unmatched_name,85.5,7.068627450980387,41,36,overflow,0,False,0,0,,1,1,False,house-23|senate-8
2006,LAWRENCE,BOARD OF EDUCATION  25-1,BOARD OF EDUCATION 25 1,BOARD OF EDUCATION 25,2010,,,VTD2010-079-4-25-1,Moulton Board of Education,unmatched_name,83.41463414634147,34.63414634146342,29,36,underflow,0,False,2,0,,1,1,False,house-7|senate-4
2006,LAWRENCE,CADDO SENIOR CITIZEN SITE 34-1,CADDO SENIOR CITIZEN SITE 34 1,CADDO SENIOR CITIZEN SITE 34,2010,,,VTD2010-079-5-33-1,Caddo Fire Station,unmatched_name,85.5,13.80188679245282,29,36,underflow,0,False,2,0,,1,1,False,house-7|senate-4
2006,LAWRENCE,DONALD CHURCH  7-1 & 8-1,DONALD CHURCH 7 1 AND 8 1,DONALD CHURCH 7 1 AND 8,2010,,,VTD2010-079-1-7-1,Donald Church-Town Creek,unmatched_name,68.61111111111111,0.0,29,36,underflow,0,False,2,0,,1,1,False,house-7|senate-4
2006,LAWRENCE,FAIRFIELD - CHURCH 22-1 & 30-1,FAIRFIELD CHURCH 22 1 AND 30 1,FAIRFIELD CHURCH 22 1 AND 30,2010,,,VTD2010-079-3-22-1,Fairfield Church A,ambiguous_fuzzy_name,87.42857142857143,3.3306690738754696e-14,29,36,underflow,0,False,2,0,,1,1,False,house-7|senate-4
2006,LAWRENCE,FAITH BAPTIST CHURCH  36-1,FAITH BAPTIST CHURCH 36 1,FAITH BAPTIST CHURCH 36,2010,,,VTD2010-079-5-36-1,Faith Bapt. Center,unmatched_name,74.84848484848484,6.64335664335664,29,36,underflow,0,False,2,0,,1,1,False,house-7|senate-4
2006,LAWRENCE,FLAT ROCK NEW ZION BAPT_ 11-1,FLAT ROCK NEW ZION BAPTIST 11 1,FLAT ROCK NEW ZION BAPTIST 11,2010,,,VTD2010-079-5-36-1,Faith Bapt. Center,unmatched_name,85.5,32.86842105263157,29,36,underflow,0,False,2,0,,1,1,False,house-7|senate-4
2006,LAWRENCE,FREEMAN TABERNACLE BAPT_  26-1,FREEMAN TABERNACLE BAPTIST 26 1,FREEMAN TABERNACLE BAPTIST 26,2010,,,VTD2010-079-4-26-1,Freeman Tabernacle Bapt.Church,ambiguous_fuzzy_name,86.66666666666667,1.5543122344752194e-13,29,36,underflow,0,False,2,0,,1,1,False,house-7|senate-4
2006,LAWRENCE,HATTON MASONIC HALL  13-1,HATTON MASONIC HALL 13 1,HATTON MASONIC HALL 13,2010,,,VTD2010-079-2-13-1,Hattan Masonic Hall,unmatched_name,83.72093023255813,20.38759689922481,29,36,underflow,0,False,2,0,,1,1,False,house-7|senate-4
2006,LAWRENCE,HILLSBORO V_F_D_  4-1,HILLSBORO V F D 4 1,HILLSBORO V F D 4,2010,,,VTD2010-079-1-4-1,Hillsboro Volunteer Fire Station,unmatched_name,85.5,24.42857142857144,29,36,underflow,0,False,2,0,,1,1,False,house-7|senate-4
2006,LAWRENCE,KITCHENS MILL 29-1 & 35-1,KITCHENS MILL 29 1 AND 35 1,KITCHENS MILL 29 1 AND 35,2010,,,VTD2010-079-4-29-1,Kitchens Mill Masonic Hall A,unmatched_name,65.45454545454545,0.4545454545454532,29,36,underflow,0,False,2,0,,1,1,False,house-7|senate-4
2006,LAWRENCE,LANDERSVILLE METHODIST  12-1,LANDERSVILLE METHODIST 12 1,LANDERSVILLE METHODIST 12,2010,,,VTD2010-079-2-12-1,Landersville Methodist Church,unmatched_name,85.3061224489796,45.30612244897959,29,36,underflow,0,False,2,0,,1,2,True,house-7|senate-4|senate-6
2006,LAWRENCE,LAWRENCE HLTH DPT MOULTON 19-1,LAWRENCE HLTH DPT MOULTON 19 1,LAWRENCE HLTH DPT MOULTON 19,2010,,,VTD2010-079-19-1,Moulton Armory,ambiguous_fuzzy_name,85.5,1.7763568394002505e-13,29,36,underflow,0,False,2,0,,1,1,False,house-7|senate-4
2006,LAWRENCE,LINDSEY HALL CHURCH  31-1,LINDSEY HALL CHURCH 31 1,LINDSEY HALL CHURCH 31,2010,,,VTD2010-079-4-31-1,Lindsay Hall Church,unmatched_name,83.72093023255813,26.578073089700997,29,36,underflow,0,False,2,0,,1,1,False,house-7|senate-4
2006,LAWRENCE,MT_ MORIAH FELLOW_ 15-1 & 21-1,MOUNT MORIAH FELLOW 15 1 AND 21 1,MOUNT MORIAH FELLOW 15 1 AND 21,2010,,,VTD2010-079-3-21-1,Mt Moriah Fellowship Hall B,unmatched_name,69.84126984126983,0.0,29,36,underflow,0,False,2,0,,1,1,False,house-7|senate-4
2006,LAWRENCE,N_ COURTLAND SENIOR C_C_  2-1,N COURTLAND SENIOR C C 2 1,N COURTLAND SENIOR C C 2,2010,,,VTD2010-079-1-2-1,Sr. Citizens Center-N. Courtland,unmatched_name,61.07142857142856,6.785714285714278,29,36,underflow,0,False,2,0,,1,1,False,house-7|senate-4
2006,LAWRENCE,PLEASANT GRV CH_20-1 23-1 27-1,PLEASANT GRV CHURCH 20 1 23 1 27 1,PLEASANT GRV CHURCH 20 1 23 1 27,2010,,,VTD2010-079-3-22-1,Fairfield Church A,ambiguous_fuzzy_name,85.5,3.3306690738754696e-14,29,36,underflow,0,False,2,0,,1,1,False,house-7|senate-4
2006,LAWRENCE,SPEAKE VOL FIRE 28-1,SPEAKE VOLUNTEER FIRE 28 1,SPEAKE VOLUNTEER FIRE 28,2010,,,VTD2010-079-4-28-1,Speake Vol Fire Dept,unmatched_name,84.89361702127658,18.393617021276583,29,36,underflow,0,False,2,0,,1,1,False,house-7|senate-4
2006,LAWRENCE,TOWN CREEK SR_ CITIZENS  5-1,TOWN CREEK SR CITIZENS 5 1,TOWN CREEK SR CITIZENS 5,2010,,,VTD2010-079-1-5-1,Town Creek Depot,unmatched_name,85.5,24.42857142857144,29,36,underflow,0,False,2,0,,1,1,False,house-7|senate-4
2006,LEE,ALABAMA ARMY NATIONAL GUARD,ALABAMA ARMY NATIONAL GUARD,ALABAMA ARMY NATIONAL GUARD,2010,,,VTD2010-081-0100,Marvyn,unmatched_name,60.00000000000001,15.000000000000009,23,15,overflow,0,False,0,0,,2,1,True,house-79|house-83|senate-27
2006,LEE,BOYKIN COMMUNITY CENTER,BOYKIN COMMUNITY CENTER,BOYKIN COMMUNITY CENTER,2010,,,VTD2010-081-0120,Smiths Station Sr. Center Voting District,unmatched_name,85.5,35.26744186046511,23,15,overflow,0,False,0,0,,1,1,False,house-82|senate-27
2006,LEE,COVINGTON RECREATION CENTER,COVINGTON RECREATION CENTER,COVINGTON RECREATION CENTER,2010,,,VTD2010-081-0120,Smiths Station Sr. Center Voting District,unmatched_name,48.208955223880594,4.362801377726754,23,15,overflow,0,False,0,0,,1,1,False,house-83|senate-28
2006,LEE,EAMC HEALTH RESOURCE CENTER,EAMC HEALTH RESOURCE CENTER,EAMC HEALTH RESOURCE CENTER,2010,,,VTD2010-081-0130,Pine Grove United Meth Church Voting District,unmatched_name,43.333333333333336,0.5833333333333357,23,15,overflow,0,False,0,0,,2,2,True,house-79|house-83|senate-27|senate-28
2006,LEE,TOMS WAREHOUSE,TOMS WAREHOUSE,TOMS WAREHOUSE,2010,,,VTD2010-081-0100,Marvyn,unmatched_name,45.0,5.0,23,15,overflow,0,False,0,0,,2,1,True,house-79|house-83|senate-27
2006,MADISON,CLOUDS COVE HOLINESS CHURCH,CLOUDS COVE HOLINESS CHURCH,CLOUDS COVE HOLINESS CHURCH,2010,,,VTD2010-089-88,Asbury Meth Church,unmatched_name,85.5,18.83333333333333,98,90,overflow,0,False,0,0,,1,1,False,house-22|senate-9
2006,MADISON,F_O_P_ LODGE,F O P LODGE,F O P LODGE,2010,,,VTD2010-089-83,Church Of Christ Meridianville,unmatched_name,42.75,0.0,98,90,overflow,0,False,0,0,,1,1,False,house-19|senate-7
2006,MARSHALL,ALBERTVILLE-FIRST BAPTIST 1,ALBERTVILLE FIRST BAPTIST,ALBERTVILLE FIRST BAPTIST,2010,,,VTD2010-095-4-7-B,1st Baptist Church,unmatched_name,74.84848484848484,0.0,45,63,underflow,0,False,1,0,,1,1,False,house-26|senate-9
2006,MARSHALL,ALBERTVILLE-FIRST BAPTIST 2,ALBERTVILLE FIRST BAPTIST,ALBERTVILLE FIRST BAPTIST,2010,,,VTD2010-095-4-7-B,1st Baptist Church,unmatched_name,74.84848484848484,0.0,45,63,underflow,0,False,1,0,,1,1,False,house-26|senate-9
2006,MARSHALL,ALBERTVILLE-MRSHL CO GAS SHOP,ALBERTVILLE MRSHL COUNTY GAS SHOP,ALBERTVILLE MRSHL COUNTY GAS SHOP,2010,,,VTD2010-095-4-8-1,Marshall Co Gas,ambiguous_fuzzy_name,85.5,2.220446049250313e-14,45,63,underflow,0,False,1,0,,2,1,True,house-26|house-27|senate-9
2006,MARSHALL,ALBERTVILLE-REC CENTER 1,ALBERTVILLE RECREATION CENTER,ALBERTVILLE RECREATION CENTER,2010,,,VTD2010-095-4-5,Albertville Rec Center,ambiguous_exact_name,100.0,0.0,45,63,underflow,0,False,1,0,,1,1,False,house-26|senate-9
2006,MARSHALL,ALBERTVILLE-REC CENTER 2,ALBERTVILLE RECREATION CENTER,ALBERTVILLE RECREATION CENTER,2010,,,VTD2010-095-4-5,Albertville Rec Center,ambiguous_exact_name,100.0,0.0,45,63,underflow,0,False,1,0,,1,1,False,house-26|senate-9
2006,MARSHALL,ALBERTVILLE-REC CENTER 3,ALBERTVILLE RECREATION CENTER,ALBERTVILLE RECREATION CENTER,2010,,,VTD2010-095-4-5,Albertville Rec Center,ambiguous_exact_name,100.0,0.0,45,63,underflow,0,False,1,0,,1,1,False,house-26|senate-9
2006,MARSHALL,ARAB-COMMUNITY CENTER 1,ARAB COMMUNITY CENTER,ARAB COMMUNITY CENTER,2010,,,VTD2010-095-26-2,Arab Comm Center,ambiguous_exact_name,100.0,2.18025898113261e-05,45,63,underflow,0,False,1,0,,1,1,False,house-27|senate-9
2006,MARSHALL,ARAB-COMMUNITY CENTER 2,ARAB COMMUNITY CENTER,ARAB COMMUNITY CENTER,2010,,,VTD2010-095-26-2,Arab Comm Center,ambiguous_exact_name,100.0,2.18025898113261e-05,45,63,underflow,0,False,1,0,,1,1,False,house-27|senate-9
2006,MARSHALL,ARAB-NEW RECREATION CENTER 1,ARAB NEW RECREATION CENTER,ARAB NEW RECREATION CENTER,2010,,,VTD2010-095-20-1,Boaz Rec Center,unmatched_name,82.82051282051282,0.0,45,63,underflow,0,False,1,0,,1,1,False,house-27|senate-9
2006,MARSHALL,ARAB-NEW RECREATION CENTER 2,ARAB NEW RECREATION CENTER,ARAB NEW RECREATION CENTER,2010,,,VTD2010-095-20-1,Boaz Rec Center,unmatched_name,82.82051282051282,0.0,45,63,underflow,0,False,1,0,,1,1,False,house-27|senate-9
2006,MARSHALL,BIG SPRING M & S CONSTRUCTION,BIG SPRING M AND S CONSTRUCTION,BIG SPRING M AND S CONSTRUCTION,2010,,,VTD2010-095-2-1,Tom Lawson's Store,unmatched_name,85.5,36.642857142857146,45,63,underflow,0,False,1,0,,1,1,False,house-27|senate-9
2006,MARSHALL,BOAZ-RECREATION CENTER 1,BOAZ RECREATION CENTER,BOAZ RECREATION CENTER,2010,,,VTD2010-095-20-1,Boaz Rec Center,ambiguous_exact_name,100.0,0.0,45,63,underflow,0,False,1,0,,1,1,False,house-26|senate-9
2006,MARSHALL,BOAZ-RECREATION CENTER 2,BOAZ RECREATION CENTER,BOAZ RECREATION CENTER,2010,,,VTD2010-095-20-1,Boaz Rec Center,ambiguous_exact_name,100.0,0.0,45,63,underflow,0,False,1,0,,1,1,False,house-26|senate-9
2006,MARSHALL,GEORGIA MOUNTAIN REC CENTER,GEORGIA MOUNTAIN RECREATION CENTER,GEORGIA MOUNTAIN RECREATION CENTER,2010,,,VTD2010-095-26-2,Arab Comm Center,ambiguous_fuzzy_name,85.5,2.18025898113261e-05,45,63,underflow,0,False,1,0,,1,1,False,house-27|senate-9
2006,MARSHALL,GRANT-CITY HALL,GRANT CITY HALL,GRANT CITY HALL,2010,,,VTD2010-095-30-1,Grant City Hall,ambiguous_exact_name,100.0,1.9984014443252818e-13,45,63,underflow,0,False,1,0,,1,1,False,house-27|senate-9
2006,MARSHALL,GUNTERSVILLE REC CTR 1,GUNTERSVILLE RECREATION CENTER,GUNTERSVILLE RECREATION CENTER,2010,,,VTD2010-095-1-3,Guntersville Rec Center,ambiguous_exact_name,100.0,4.440892098500626e-14,45,63,underflow,0,False,1,0,,1,1,False,house-27|senate-9
2006,MARSHALL,GUNTERSVILLE REC CTR 2,GUNTERSVILLE RECREATION CENTER,GUNTERSVILLE RECREATION CENTER,2010,,,VTD2010-095-1-3,Guntersville Rec Center,ambiguous_exact_name,100.0,2.220446049250313e-14,45,63,underflow,0,False,1,0,,2,1,True,house-26|house-27|senate-9
2006,MARSHALL,HONEYCOMB - BAPTIST CHURCH,HONEYCOMB BAPTIST CHURCH,HONEYCOMB BAPTIST CHURCH,2010,,,VTD2010-095-4-7-B,1st Baptist Church,unmatched_name,78.23529411764704,0.0,45,63,underflow,0,False,1,0,,1,1,False,house-27|senate-9
2006,MARSHALL,HOOPER-BRASHERS CHAPEL CHURCH,HOOPER BRASHERS CHAPEL CHURCH,HOOPER BRASHERS CHAPEL CHURCH,2010,,,VTD2010-095-30-2,Mt Shade Church,ambiguous_fuzzy_name,85.5,0.1025090490153979,45,63,underflow,0,False,1,0,,1,1,False,house-26|senate-9
2006,MARSHALL,JAYBIRD-SHOP DIST .4,JAYBIRD SHOP DIST 4,JAYBIRD SHOP,2010,,,VTD2010-095-5,Dist. 4 County Shop,unmatched_name,72.06896551724137,27.624521072796924,45,63,underflow,0,False,1,0,,1,1,False,house-26|senate-9
2006,MARSHALL,MT_ HIGH LATTIWOOD COMM CNTR,MOUNT HIGH LATTIWOOD COMMUNITY CENTER,MOUNT HIGH LATTIWOOD COMMUNITY CENTER,2010,,,VTD2010-095-28-1,Lattiwood Comm Center,ambiguous_fuzzy_name,95.0,1.4432899320127038e-13,45,63,underflow,0,False,1,0,,2,1,True,house-26|house-27|senate-9
2006,MARSHALL,MT_ PISGAH BAPT_ CHURCH,MOUNT PISGAH BAPTIST CHURCH,MOUNT PISGAH BAPTIST CHURCH,2010,,,VTD2010-095-30-2,Mt Shade Church,unmatched_name,85.5,7.264705882352956,45,63,underflow,0,False,1,0,,1,1,False,house-27|senate-9
2006,MARSHALL,N_ MARSHALL UTILITY BLDG_,N MARSHALL UTILITY BUILDING,N MARSHALL UTILITY BUILDING,2010,,,VTD2010-095-4-8-1,Marshall Co Gas,unmatched_name,60.86956521739131,0.0,45,63,underflow,0,False,1,0,,1,1,False,house-27|senate-9
2006,MARSHALL,OLEANDER-MIDWAY COMM_ CENTER,OLEANDER MIDWAY COMMUNITY CENTER,OLEANDER MIDWAY COMMUNITY CENTER,2010,,,VTD2010-095-26-2,Arab Comm Center,ambiguous_fuzzy_name,85.5,2.18025898113261e-05,45,63,underflow,0,False,1,0,,1,1,False,house-27|senate-9
2006,MARSHALL,PAINT ROCK HEBRON COMM_ CTR,PAINT ROCK HEBRON COMMUNITY CENTER,PAINT ROCK HEBRON COMMUNITY CENTER,2010,,,VTD2010-095-26-2,Arab Comm Center,ambiguous_fuzzy_name,85.5,8.881784197001252e-14,45,63,underflow,0,False,1,0,,1,1,False,house-27|senate-9
2006,MARSHALL,PINE GROVE COM_ CTR,PINE GROVE COM CENTER,PINE GROVE COM CENTER,2010,,,VTD2010-095-27-2,Union Grove Comm Center,unmatched_name,77.55102040816327,0.0,45,63,underflow,0,False,1,0,,1,1,False,house-26|senate-9
2006,MARSHALL,RED HILL-METHODIST CHURCH,RED HILL METHODIST CHURCH,RED HILL METHODIST CHURCH,2010,,,VTD2010-095-7,Henryvill Methodist Church,unmatched_name,82.35294117647058,12.686274509803924,45,63,underflow,0,False,1,0,,1,1,False,house-27|senate-9
2006,MARSHALL,REEDBRAKE-DOUGLAS CITY HALL,REEDBRAKE DOUGLAS CITY HALL,REEDBRAKE DOUGLAS CITY HALL,2010,,,VTD2010-095-22-1,Douglas City Hall,ambiguous_fuzzy_name,90.0,0.0,45,63,underflow,0,False,1,0,,1,1,False,house-26|senate-9
2006,MARSHALL,REEDBRAKE-NIXON CHAPEL F_D_,REEDBRAKE NIXON CHAPEL F D,REEDBRAKE NIXON CHAPEL F D,2010,,,VTD2010-095-22-2,Nixon Chapel Fire Dept,unmatched_name,63.33333333333332,10.27210884353741,45,63,underflow,0,False,1,0,,1,1,False,house-26|senate-9
2006,MARSHALL,SIMS COMMUNITY CENTER,SIMS COMMUNITY CENTER,SIMS COMMUNITY CENTER,2010,,,VTD2010-095-28-1,Lattiwood Comm Center,unmatched_name,82.16216216216216,0.0,45,63,underflow,0,False,1,0,,1,1,False,house-27|senate-9
2006,MARSHALL,THOMPSON-ASBURY FIRE STATION,THOMPSON ASBURY FIRE STATION,THOMPSON ASBURY FIRE STATION,2010,,,VTD2010-095-18-3,Asbury Fire Dept,unmatched_name,63.33333333333332,9.761904761904752,45,63,underflow,0,False,1,0,,2,1,True,house-26|house-27|senate-9
2006,MARSHALL,THOMPSON-MARTLING COMM_ CENTER,THOMPSON MARTLING COMMUNITY CENTER,THOMPSON MARTLING COMMUNITY CENTER,2010,,,VTD2010-095-26-2,Arab Comm Center,ambiguous_fuzzy_name,85.5,2.18025898113261e-05,45,63,underflow,0,False,1,0,,1,1,False,house-27|senate-9
2006,MARSHALL,UNION GROVE-COMMUNITY CENTER,UNION GROVE COMMUNITY CENTER,UNION GROVE COMMUNITY CENTER,2010,,,VTD2010-095-27-2,Union Grove Comm Center,ambiguous_exact_name,100.0,4.440892098500626e-14,45,63,underflow,0,False,1,0,,1,1,False,house-27|senate-9
2006,MARSHALL,WAKEFIELD-FIRE DEPARTMENT,WAKEFIELD FIRE DEPARTMENT,WAKEFIELD FIRE DEPARTMENT,2010,,,VTD2010-095-21,Ruth Fire Dept,unmatched_name,81.42857142857142,4.401544401544399,45,63,underflow,0,False,1,0,,1,1,False,house-27|senate-9
2006,MARSHALL,WATERFRONT VOL_ FIRE,WATERFRONT VOLUNTEER FIRE,WATERFRONT VOLUNTEER FIRE,2010,,,VTD2010-095-14,Warrenton Comm Center,unmatched_name,54.90196078431373,2.348769294952028,45,63,underflow,0,False,1,0,,1,1,False,house-27|senate-9
2006,MOBILE,ABBA TEMPLE SHRINE .1,ABBA TEMPLE SHRINE 1,ABBA TEMPLE SHRINE,2010,,,VTD2010-097-85,Grand Bay Middle School,unmatched_name,46.51162790697675,1.6136687233032705,184,99,overflow,0,False,5,1,2007-5786,1,1,False,house-100|senate-34
2006,MOBILE,ABBA TEMPLE SHRINE .2,ABBA TEMPLE SHRINE 2,ABBA TEMPLE SHRINE,2010,,,VTD2010-097-85,Grand Bay Middle School,unmatched_name,46.51162790697675,1.6136687233032705,184,99,overflow,0,False,5,1,2007-5786,1,1,False,house-100|senate-34
2006,MOBILE,ABBA TEMPLE SHRINE .3,ABBA TEMPLE SHRINE 3,ABBA TEMPLE SHRINE,2010,,,VTD2010-097-85,Grand Bay Middle School,unmatched_name,46.51162790697675,1.6136687233032705,184,99,overflow,0,False,5,1,2007-5786,1,1,False,house-100|senate-34
2006,MOBILE,ABBA TEMPLE SHRINE .4,ABBA TEMPLE SHRINE 4,ABBA TEMPLE SHRINE,2010,,,VTD2010-097-85,Grand Bay Middle School,unmatched_name,46.51162790697675,1.6136687233032705,184,99,overflow,0,False,5,1,2007-5786,1,1,False,house-100|senate-34
2006,MOBILE,ARIEL W HOLLOWAY SCHOOL .1,ARIEL W HOLLOWAY SCHOOL 1,ARIEL W HOLLOWAY SCHOOL,2010,,,VTD2010-097-35,Whitley School,ambiguous_fuzzy_name,85.5,0.0,184,99,overflow,0,False,5,1,2007-5786,1,1,False,house-99|senate-33
2006,MOBILE,ARIEL W HOLLOWAY SCHOOL .2,ARIEL W HOLLOWAY SCHOOL 2,ARIEL W HOLLOWAY SCHOOL,2010,,,VTD2010-097-35,Whitley School,ambiguous_fuzzy_name,85.5,0.0,184,99,overflow,0,False,5,1,2007-5786,1,1,False,house-99|senate-33
2006,MOBILE,ARIEL W HOLLOWAY SCHOOL .3,ARIEL W HOLLOWAY SCHOOL 3,ARIEL W HOLLOWAY SCHOOL,2010,,,VTD2010-097-35,Whitley School,ambiguous_fuzzy_name,85.5,0.0,184,99,overflow,0,False,5,1,2007-5786,1,1,False,house-99|senate-33
2006,MOBILE,BAYOU SARA BAPTIST CHURCH .1,BAYOU SARA BAPTIST CHURCH 1,BAYOU SARA BAPTIST CHURCH,2010,,,VTD2010-097-56,Covenant Church,ambiguous_fuzzy_name,85.5,0.0,184,99,overflow,0,False,5,1,2007-5786,2,2,True,house-96|house-98|senate-33|senate-34
2006,MOBILE,BAYOU SARA BAPTIST CHURCH .2,BAYOU SARA BAPTIST CHURCH 2,BAYOU SARA BAPTIST CHURCH,2010,,,VTD2010-097-56,Covenant Church,ambiguous_fuzzy_name,85.5,0.0,184,99,overflow,0,False,5,1,2007-5786,2,2,True,house-96|house-98|senate-33|senate-34
2006,MOBILE,FIRST ASSEMBLY GOD .1,FIRST ASSEMBLY GOD 1,FIRST ASSEMBLY GOD,2010,,,VTD2010-097-93,First Baptist Church of Irvington,ambiguous_fuzzy_name,85.5,0.0,184,99,overflow,0,False,5,1,2007-5786,2,1,True,house-101|house-103|senate-35
2006,MOBILE,FIRST ASSEMBLY GOD .2,FIRST ASSEMBLY GOD 2,FIRST ASSEMBLY GOD,2010,,,VTD2010-097-93,First Baptist Church of Irvington,ambiguous_fuzzy_name,85.5,0.0,184,99,overflow,0,False,5,1,2007-5786,2,1,True,house-101|house-103|senate-35
2006,MOBILE,LEFLORE HIGH SCHOOL .1,LEFLORE HIGH SCHOOL 1,LEFLORE HIGH SCHOOL,2010,,,VTD2010-097-35,Whitley School,ambiguous_fuzzy_name,85.5,0.0,184,99,overflow,0,False,5,1,2007-5786,1,1,False,house-99|senate-33
2006,MOBILE,LEFLORE HIGH SCHOOL .2,LEFLORE HIGH SCHOOL 2,LEFLORE HIGH SCHOOL,2010,,,VTD2010-097-35,Whitley School,ambiguous_fuzzy_name,85.5,0.0,184,99,overflow,0,False,5,1,2007-5786,1,1,False,house-99|senate-33
2006,MOBILE,MOBILE CO_ LAW AGENCY .1,MOBILE COUNTY LAW AGENCY 1,MOBILE COUNTY LAW AGENCY,2010,,,VTD2010-097-45,Boys and Girls Club Of Mobile,unmatched_name,51.81818181818182,0.6643356643356668,184,99,overflow,0,False,5,1,2007-5786,1,1,False,house-104|senate-35
2006,MOBILE,MOBILE CO_ LAW AGENCY .2,MOBILE COUNTY LAW AGENCY 2,MOBILE COUNTY LAW AGENCY,2010,,,VTD2010-097-45,Boys and Girls Club Of Mobile,unmatched_name,51.81818181818182,0.6643356643356668,184,99,overflow,0,False,5,1,2007-5786,1,1,False,house-104|senate-35
2006,MOBILE,OLD BLOUNT HIGH .1,OLD BLOUNT HIGH 1,OLD BLOUNT HIGH,2010,,,VTD2010-097-43,Murphy High School Library,ambiguous_fuzzy_name,85.5,0.0,184,99,overflow,0,False,5,1,2007-5786,1,1,False,house-98|senate-33
2006,MOBILE,OLD BLOUNT HIGH .2,OLD BLOUNT HIGH 2,OLD BLOUNT HIGH,2010,,,VTD2010-097-43,Murphy High School Library,ambiguous_fuzzy_name,85.5,0.0,184,99,overflow,0,False,5,1,2007-5786,1,1,False,house-98|senate-33
2006,MOBILE,TRINITY LUTHERAN CHURCH .1,TRINITY LUTHERAN CHURCH 1,TRINITY LUTHERAN CHURCH,2010,,,VTD2010-097-56,Covenant Church,ambiguous_fuzzy_name,85.5,0.0,184,99,overflow,0,False,5,1,2007-5786,1,1,False,house-98|senate-33
2006,MOBILE,TRINITY LUTHERAN CHURCH .2,TRINITY LUTHERAN CHURCH 2,TRINITY LUTHERAN CHURCH,2010,,,VTD2010-097-56,Covenant Church,ambiguous_fuzzy_name,85.5,0.0,184,99,overflow,0,False,5,1,2007-5786,1,1,False,house-98|senate-33
2006,MONROE,BERMUDA - BEULAH CHURCH,BERMUDA BEULAH CHURCH,BERMUDA BEULAH CHURCH,2010,,,VTD2010-099-5,Philadelphia Bapt.Church/Tunnel Springs/Peterman Water Dept.Voting District,ambiguous_fuzzy_name,85.5,0.0,32,34,underflow,0,False,2,0,,1,1,False,house-68|senate-23
2006,MONROE,BEUNA VISTA (VREDENBURGH),BEUNA VISTA VREDENBURGH,BEUNA VISTA VREDENBURGH,2010,,,VTD2010-099-9,Buena Vista-Vredenburgh FDVoting District,unmatched_name,86.08695652173914,41.478260869565226,32,34,underflow,0,False,2,0,,1,1,False,house-68|senate-23
2006,MONROE,COLEMAN SCHOOLHOUSE,COLEMAN SCHOOLHOUSE,COLEMAN SCHOOLHOUSE,2010,,,VTD2010-099-14C,Excel/Coleman,unmatched_name,66.5,15.071428571428577,32,34,underflow,0,False,2,0,,1,1,False,house-64|senate-23
2006,MONROE,FOUNTAIN,FOUNTAIN,FOUNTAIN,2010,,,VTD2010-099-9,Buena Vista-Vredenburgh FDVoting District,unmatched_name,56.25,2.8125,32,34,underflow,0,False,2,0,,1,1,False,house-68|senate-23
2006,MONROE,FRANKLIN,FRANKLIN,FRANKLIN,2010,,,VTD2010-099-7,Franklin Fire/Wainwright/Finchburg FD Voting District,unmatched_name,60.0,10.909090909090914,32,34,underflow,0,False,2,0,,1,1,False,house-68|senate-23
2006,MONROE,FRISCO CITY - CITY HALL,FRISCO CITY CITY HALL,FRISCO CITY CITY HALL,2010,,,VTD2010-099-14B,Frisco City FD,unmatched_name,77.4074074074074,28.896769109535065,32,34,underflow,0,False,2,0,,1,1,False,house-64|senate-23
2006,MONROE,GOODWAY FIRESTATION,GOODWAY FIRESTATION,GOODWAY FIRESTATION,2010,,,VTD2010-099-13B,Goodway Fire Dept.,unmatched_name,71.42857142857143,0.0,32,34,underflow,0,False,2,0,,1,1,False,house-64|senate-22
2006,MONROE,GRIMES SCHOOLHOUSE,GRIMES SCHOOLHOUSE,GRIMES SCHOOLHOUSE,2010,,,VTD2010-099-13D,Shiloh/Grimes,unmatched_name,67.41935483870968,17.419354838709673,32,34,underflow,0,False,2,0,,1,1,False,house-64|senate-23
2006,MONROE,LOWER PEACHTREE,LOWER PEACHTREE,LOWER PEACHTREE,2010,,,VTD2010-099-5,Philadelphia Bapt.Church/Tunnel Springs/Peterman Water Dept.Voting District,unmatched_name,48.0,2.2857142857142847,32,34,underflow,0,False,2,0,,1,1,False,house-68|senate-23
2006,MONROE,MCCLAMMEY,MCCLAMMEY,MCCLAMMEY,2010,,,VTD2010-099-12A,McClammy/Midway/Lonesta,unmatched_name,84.70588235294117,34.705882352941174,32,34,underflow,0,False,2,0,,1,1,False,house-68|senate-23
2006,MONROE,MONROEVILLE BETHEL CHURCH,MONROEVILLE BETHEL CHURCH,MONROEVILLE BETHEL CHURCH,2010,,,VTD2010-099-5,Philadelphia Bapt.Church/Tunnel Springs/Peterman Water Dept.Voting District,ambiguous_fuzzy_name,85.5,0.0,32,34,underflow,0,False,2,0,,1,1,False,house-68|senate-23
2006,MONROE,MONROEVILLE COLISEUM,MONROEVILLE COLISEUM,MONROEVILLE COLISEUM,2010,,,VTD2010-099-3C,Monroeville Armory,unmatched_name,72.06896551724137,3.88714733542318,32,34,underflow,0,False,2,0,,2,1,True,house-64|house-68|senate-23
2006,MONROE,MONROEVILLE DEPT OF REVENUE,MONROEVILLE DEPARTMENT OF REVENUE,MONROEVILLE DEPARTMENT OF REVENUE,2010,,,VTD2010-099-5,Philadelphia Bapt.Church/Tunnel Springs/Peterman Water Dept.Voting District,ambiguous_fuzzy_name,85.5,0.0,32,34,underflow,0,False,2,0,,2,1,True,house-64|house-68|senate-23
2006,MONROE,OAK GROVE,OAK GROVE,OAK GROVE,2010,,,VTD2010-099-14D,Oak Grove Bapt,ambiguous_fuzzy_name,90.0,0.0,32,34,underflow,0,False,2,0,,1,1,False,house-64|senate-23
2006,MONROE,PERDUE HILL,PERDUE HILL,PERDUE HILL,2010,,,VTD2010-099-2B,Purdue Hill,ambiguous_fuzzy_name,90.9090909090909,0.0,32,34,underflow,0,False,2,0,,2,1,True,house-64|house-68|senate-23
2006,MONROE,PETERMAN,PETERMAN,PETERMAN,2010,,,VTD2010-099-14C,Excel/Coleman,unmatched_name,60.00000000000001,7.105427357601002e-15,32,34,underflow,0,False,2,0,,1,1,False,house-68|senate-23
2006,MONROE,URIAH FIRESTATION,URIAH FIRESTATION,URIAH FIRESTATION,2010,,,VTD2010-099-3D,Mexia Fire Station,unmatched_name,80.0,11.578947368421057,32,34,underflow,0,False,2,0,,1,1,False,house-64|senate-22
2006,MONTGOMERY,2D MONTG BOYS CLUB 1,2D MONTG BOYS CLUB,2D MONTG BOYS CLUB,2010,,,VTD2010-101-0401,4A Franklin Boys-Girls Club Voting District,ambiguous_fuzzy_name,85.5,1.530751478906467e-05,121,56,overflow,0,False,1,0,,1,1,False,house-78|senate-26
2006,MONTGOMERY,2D MONTG BOYS CLUB 2,2D MONTG BOYS CLUB,2D MONTG BOYS CLUB,2010,,,VTD2010-101-0401,4A Franklin Boys-Girls Club Voting District,ambiguous_fuzzy_name,85.5,1.530751478906467e-05,121,56,overflow,0,False,1,0,,1,1,False,house-78|senate-26
2006,MONTGOMERY,2G HAYNEVILLE COMM CTR 1,2G HAYNEVILLE COMMUNITY CENTER,2G HAYNEVILLE COMMUNITY CENTER,2010,,,VTD2010-101-0302,3B Highland Gardens Community Center Voting District,ambiguous_fuzzy_name,85.5,0.0,121,56,overflow,0,False,1,0,,1,1,False,house-78|senate-26
2006,MONTGOMERY,2G HAYNEVILLE COMM CTR 2,2G HAYNEVILLE COMMUNITY CENTER,2G HAYNEVILLE COMMUNITY CENTER,2010,,,VTD2010-101-0302,3B Highland Gardens Community Center Voting District,ambiguous_fuzzy_name,85.5,0.0,121,56,overflow,0,False,1,0,,1,1,False,house-78|senate-26
2006,MONTGOMERY,2H HARRISON ELEM SCH 1,2H HARRISON ELEMENTARY SCHOOL,2H HARRISON ELEMENTARY SCHOOL,2010,,,VTD2010-101-0208,2H Harrison Elementary School Voting District,ambiguous_fuzzy_name,90.0,0.0,121,56,overflow,0,False,1,0,,1,1,False,house-76|senate-26
2006,MONTGOMERY,2H HARRISON ELEM SCH 2,2H HARRISON ELEMENTARY SCHOOL,2H HARRISON ELEMENTARY SCHOOL,2010,,,VTD2010-101-0208,2H Harrison Elementary School Voting District,ambiguous_fuzzy_name,90.0,0.0,121,56,overflow,0,False,1,0,,1,1,False,house-76|senate-26
2006,MONTGOMERY,5H PINE LEVEL SO MO VFD 1,5H PINE LEVEL SO MO VOLUNTEER FIRE DEPARTMENT,5H PINE LEVEL SO MO VOLUNTEER FIRE DEPARTMENT,2010,,,VTD2010-101-0213,2M Pintala Volunteer Fire Dept Voting District,unmatched_name,67.85714285714286,0.0,121,56,overflow,0,False,1,0,,1,1,False,house-76|senate-26
2006,MONTGOMERY,5H PINE LEVEL SO MO VFD 2,5H PINE LEVEL SO MO VOLUNTEER FIRE DEPARTMENT,5H PINE LEVEL SO MO VOLUNTEER FIRE DEPARTMENT,2010,,,VTD2010-101-0213,2M Pintala Volunteer Fire Dept Voting District,unmatched_name,67.85714285714286,0.0,121,56,overflow,0,False,1,0,,1,1,False,house-76|senate-26
2006,PICKENS,PREC_1100 LIBERTY,PREC 1100 LIBERTY,PREC 1100 LIBERTY,2010,,,VTD2010-107-1100,Liberty School,unmatched_name,63.33333333333332,20.98039215686273,25,27,underflow,0,False,0,0,,1,1,False,house-61|senate-21
2006,PICKENS,PREC_1200 BETHLEHEM,PREC 1200 BETHLEHEM,PREC 1200 BETHLEHEM,2010,,,VTD2010-107-1200,Bethlehem Voting District,unmatched_name,61.07142857142856,19.795566502463046,25,27,underflow,0,False,0,0,,1,1,False,house-61|senate-21
2006,PICKENS,PREC_1300 FOREST,PREC 1300 FOREST,PREC 1300 FOREST,2010,,,VTD2010-107-1300,Forest Comm Center,unmatched_name,51.81818181818182,7.689149560117308,25,27,underflow,0,False,0,0,,1,1,False,house-61|senate-21
2006,PICKENS,PREC_1400 MCSHAN,PREC 1400 MCSHAN,PREC 1400 MCSHAN,2010,,,VTD2010-107-1400,McShan Comm Center,unmatched_name,51.81818181818182,9.81818181818182,25,27,underflow,0,False,0,0,,1,1,False,house-61|senate-21
2006,PICKENS,PREC_1500 REFORM 1,PREC 1500 REFORM,PREC 1500 REFORM,2010,,,VTD2010-107-1500,Reform Bill's Dollar Store,unmatched_name,85.5,33.68181818181818,25,27,underflow,0,False,0,0,,1,1,False,house-61|senate-21
2006,PICKENS,PREC_1600 PINE GROVE 1,PREC 1600 PINE GROVE,PREC 1600 PINE GROVE,2010,,,VTD2010-107-1600,Pine Grove 1 Community Center,unmatched_name,63.33333333333332,0.0,25,27,underflow,0,False,0,0,,1,1,False,house-61|senate-21
2006,PICKENS,PREC_1700 CARROLLTON 1,PREC 1700 CARROLLTON,PREC 1700 CARROLLTON,2010,,,VTD2010-107-1700,Carrollton 1 Service Center,unmatched_name,64.68085106382978,1.347517730496456,25,27,underflow,0,False,0,0,,1,1,False,house-61|senate-21
2006,PICKENS,PREC_1800 ETHELSVILLE,PREC 1800 ETHELSVILLE,PREC 1800 ETHELSVILLE,2010,,,VTD2010-107-1800,Ethelsville City Hall,unmatched_name,65.3125,14.012499999999996,25,27,underflow,0,False,0,0,,1,1,False,house-61|senate-21
2006,PICKENS,PREC_2200 ALICEVILLE 2,PREC 2200 ALICEVILLE,PREC 2200 ALICEVILLE,2010,,,VTD2010-107-2200,Aliceville 2 Nat'l Guard Armory,ambiguous_fuzzy_name,85.5,0.0,25,27,underflow,0,False,0,0,,1,1,False,house-61|senate-21
2006,PICKENS,PREC_3100 PALMETTO,PREC 3100 PALMETTO,PREC 3100 PALMETTO,2010,,,VTD2010-107-3100,Palmetto Community Center,unmatched_name,58.46153846153846,15.71153846153846,25,27,underflow,0,False,0,0,,1,1,False,house-61|senate-21
2006,PICKENS,PREC_3200 FAIRVIEW / ZION,PREC 3200 FAIRVIEW ZION,PREC 3200 FAIRVIEW ZION,2010,,,VTD2010-107-3200,Fairview-Zion Community Center,unmatched_name,68.61111111111111,23.01111111111112,25,27,underflow,0,False,0,0,,1,1,False,house-61|senate-21
2006,PICKENS,PREC_3300 REFORM 3,PREC 3300 REFORM,PREC 3300 REFORM,2010,,,VTD2010-107-1500,Reform Bill's Dollar Store,unmatched_name,85.5,33.68181818181818,25,27,underflow,0,False,0,0,,1,1,False,house-61|senate-21
2006,PICKENS,PREC_3400 GORDO 3,PREC 3400 GORDO,PREC 3400 GORDO,2010,,,VTD2010-107-3400B,Gordo 3 City Hall,unmatched_name,53.4375,5.9375,25,27,underflow,0,False,0,0,,1,1,False,house-61|senate-21
2006,PICKENS,PREC_4100 MACEDONIA,PREC 4100 MACEDONIA,PREC 4100 MACEDONIA,2010,,,VTD2010-107-4100,Macedonia Masonic Hall,unmatched_name,61.07142857142856,18.439849624060138,25,27,underflow,0,False,0,0,,1,1,False,house-61|senate-21
2006,PICKENS,PREC_4200 CARROLLTON 4,PREC 4200 CARROLLTON 4,PREC 4200 CARROLLTON,2010,,,VTD2010-107-4200,Carrollton 4 Service Center,unmatched_name,67.05882352941177,7.683823529411768,25,27,underflow,0,False,0,0,,1,1,False,house-61|senate-21
2006,PICKENS,PREC_4300 PINE GROVE 4,PREC 4300 PINE GROVE 4,PREC 4300 PINE GROVE,2010,,,VTD2010-107-4300,Pine Grove 4 Comm Center,unmatched_name,67.05882352941177,7.683823529411768,25,27,underflow,0,False,0,0,,1,1,False,house-61|senate-21
2006,PICKENS,PREC_4400 SPRING HILL,PREC 4400 SPRING HILL,PREC 4400 SPRING HILL,2010,,,VTD2010-107-4400,Spring Hill Comm Center,unmatched_name,65.3125,10.9034090909091,25,27,underflow,0,False,0,0,,1,1,False,house-61|senate-21
2006,PICKENS,PREC_4500 PICKENSVILLE,PREC 4500 PICKENSVILLE,PREC 4500 PICKENSVILLE,2010,,,VTD2010-107-4500,Pickensville City Hall,unmatched_name,67.05882352941177,15.758823529411764,25,27,underflow,0,False,0,0,,1,1,False,house-61|senate-21
2006,PICKENS,PREC_4600 SAPPS,PREC 4600 SAPPS,PREC 4600 SAPPS,2010,,,VTD2010-107-4600,Sapps Community Center,unmatched_name,47.5,8.928571428571423,25,27,underflow,0,False,0,0,,1,1,False,house-61|senate-21
2006,PICKENS,PREC_5100 GORDO 5,PREC 5100 GORDO 5,PREC 5100 GORDO,2010,,,VTD2010-107-5500B,Aliceville 5 National Guard,ambiguous_fuzzy_name,85.5,0.0,25,27,underflow,0,False,0,0,,1,1,False,house-61|senate-21
2006,PICKENS,PREC_5300 KIRK,PREC 5300 KIRK,PREC 5300 KIRK,2010,,,VTD2010-107-5300,Kirk Fire Dept,unmatched_name,44.70588235294118,1.5058823529411782,25,27,underflow,0,False,0,0,,1,1,False,house-61|senate-21
2006,PICKENS,PREC_5400 BENEVOLA,PREC 5400 BENEVOLA,PREC 5400 BENEVOLA,2010,,,VTD2010-107-5400,Benevola Community Center,unmatched_name,58.46153846153846,15.71153846153846,25,27,underflow,0,False,0,0,,1,1,False,house-61|senate-21
2006,PICKENS,PREC_5500 ALICEVILLE 5,PREC 5500 ALICEVILLE 5,PREC 5500 ALICEVILLE,2010,,,VTD2010-107-5500B,Aliceville 5 National Guard,unmatched_name,67.05882352941177,0.0,25,27,underflow,0,False,0,0,,1,1,False,house-61|senate-21
2006,PIKE,BRUNDIDGE - GALLOWAY RD_,BRUNDIDGE GALLOWAY RD,BRUNDIDGE GALLOWAY RD,2010,,,VTD2010-109-0190,Galloway Road Community Center,unmatched_name,59.607843137254896,2.607843137254896,27,28,underflow,0,False,1,0,,1,1,False,house-89|senate-30
2006,PIKE,EBENEZER - CO_ VOTING BLDG_,EBENEZER COUNTY VOTING BUILDING,EBENEZER COUNTY VOTING BUILDING,2010,,,VTD2010-109-0080,Ebernezer County Bldg,ambiguous_fuzzy_name,85.71428571428572,1.2212453270876722e-13,27,28,underflow,0,False,1,0,,1,1,False,house-89|senate-30
2006,PIKE,GOSHEN CITY HALL,GOSHEN CITY HALL,GOSHEN CITY HALL,2010,,,VTD2010-109-0240,Goshen Town Hall,unmatched_name,81.25,10.0,27,28,underflow,0,False,1,0,,1,1,False,house-89|senate-30
2006,PIKE,HAMILTON CROSSROADS CHURCH,HAMILTON CROSSROADS CHURCH,HAMILTON CROSSROADS CHURCH,2010,,,VTD2010-109-0110,M Pillar Church,unmatched_name,85.5,23.96153846153846,27,28,underflow,0,False,1,0,,1,1,False,house-89|senate-30
2006,PIKE,HENDERS0N - VOLUNTEER FIRE,HENDERS0N VOLUNTEER FIRE,HENDERS0N VOLUNTEER FIRE,2010,,,VTD2010-109-0020,Meeksville VFD,unmatched_name,85.5,15.5,27,28,underflow,0,False,1,0,,1,1,False,house-89|senate-30
2006,PIKE,M_P_ CHURCH,M P CHURCH,M P CHURCH,2010,,,VTD2010-109-0220,First Baptist Church- Troy,ambiguous_fuzzy_name,85.5,1.7763568394002505e-13,27,28,underflow,0,False,1,0,,1,1,False,house-89|senate-30
2006,PIKE,SPRINGHILL - VOLUNTEER FIRE,SPRINGHILL VOLUNTEER FIRE,SPRINGHILL VOLUNTEER FIRE,2010,,,VTD2010-109-0170,Springhill Fire Department,unmatched_name,71.25,3.044871794871796,27,28,underflow,0,False,1,0,,1,1,False,house-89|senate-30
2006,PIKE,TENNILLE,TENNILLE,TENNILLE,2010,,,VTD2010-109-0150,Tennville Holder's Grocery,unmatched_name,78.75,22.5,27,28,underflow,0,False,1,0,,1,1,False,house-89|senate-30
2006,PIKE,TROY - COMMUNITY COMPLEX,TROY COMMUNITY COMPLEX,TROY COMMUNITY COMPLEX,2010,,,VTD2010-109-0160,Tarentum Community Clubhouse,unmatched_name,64.0,5.53846153846154,27,28,underflow,0,False,1,0,,1,1,False,house-89|senate-30
2006,RANDOLPH,BEAT 1-1,BEAT 1 1,BEAT 1,2010,,,VTD2010-111-4,"Bethel, Moore's Store, Woodland",unmatched_name,57.0,14.25,45,14,overflow,0,False,0,0,,1,1,False,house-37|senate-13
2006,RANDOLPH,BEAT 10 BOX 1,BEAT 10,BEAT,2010,,,VTD2010-111-4,"Bethel, Moore's Store, Woodland",unmatched_name,54.0,12.46153846153846,45,14,overflow,0,False,0,0,,1,1,False,house-37|senate-13
2006,RANDOLPH,BEAT 10 BOX 10,BEAT 10,BEAT,2010,,,VTD2010-111-4,"Bethel, Moore's Store, Woodland",unmatched_name,54.0,12.46153846153846,45,14,overflow,0,False,0,0,,1,1,False,house-37|senate-13
2006,RANDOLPH,BEAT 10 BOX 11,BEAT 10,BEAT,2010,,,VTD2010-111-4,"Bethel, Moore's Store, Woodland",unmatched_name,54.0,12.46153846153846,45,14,overflow,0,False,0,0,,1,1,False,house-37|senate-13
2006,RANDOLPH,BEAT 10 BOX 12,BEAT 10,BEAT,2010,,,VTD2010-111-4,"Bethel, Moore's Store, Woodland",unmatched_name,54.0,12.46153846153846,45,14,overflow,0,False,0,0,,1,1,False,house-37|senate-13
2006,RANDOLPH,BEAT 10 BOX 13,BEAT 10,BEAT,2010,,,VTD2010-111-4,"Bethel, Moore's Store, Woodland",unmatched_name,54.0,12.46153846153846,45,14,overflow,0,False,0,0,,1,1,False,house-37|senate-13
2006,RANDOLPH,BEAT 10 BOX 14,BEAT 10,BEAT,2010,,,VTD2010-111-4,"Bethel, Moore's Store, Woodland",unmatched_name,54.0,12.46153846153846,45,14,overflow,0,False,0,0,,1,1,False,house-37|senate-13
2006,RANDOLPH,BEAT 10 BOX 2,BEAT 10,BEAT,2010,,,VTD2010-111-4,"Bethel, Moore's Store, Woodland",unmatched_name,54.0,12.46153846153846,45,14,overflow,0,False,0,0,,1,1,False,house-37|senate-13
2006,RANDOLPH,BEAT 10 BOX 3,BEAT 10,BEAT,2010,,,VTD2010-111-4,"Bethel, Moore's Store, Woodland",unmatched_name,54.0,12.46153846153846,45,14,overflow,0,False,0,0,,1,1,False,house-37|senate-13
2006,RANDOLPH,BEAT 10 BOX 4,BEAT 10,BEAT,2010,,,VTD2010-111-4,"Bethel, Moore's Store, Woodland",unmatched_name,54.0,12.46153846153846,45,14,overflow,0,False,0,0,,1,1,False,house-37|senate-13
2006,RANDOLPH,BEAT 10 BOX 5,BEAT 10,BEAT,2010,,,VTD2010-111-4,"Bethel, Moore's Store, Woodland",unmatched_name,54.0,12.46153846153846,45,14,overflow,0,False,0,0,,1,1,False,house-37|senate-13
2006,RANDOLPH,BEAT 10 BOX 6,BEAT 10,BEAT,2010,,,VTD2010-111-4,"Bethel, Moore's Store, Woodland",unmatched_name,54.0,12.46153846153846,45,14,overflow,0,False,0,0,,1,1,False,house-37|senate-13
2006,RANDOLPH,BEAT 10 BOX 7,BEAT 10,BEAT,2010,,,VTD2010-111-4,"Bethel, Moore's Store, Woodland",unmatched_name,54.0,12.46153846153846,45,14,overflow,0,False,0,0,,1,1,False,house-37|senate-13
2006,RANDOLPH,BEAT 10 BOX 8,BEAT 10,BEAT,2010,,,VTD2010-111-4,"Bethel, Moore's Store, Woodland",unmatched_name,54.0,12.46153846153846,45,14,overflow,0,False,0,0,,1,1,False,house-37|senate-13
2006,RANDOLPH,BEAT 10 BOX 9,BEAT 10,BEAT,2010,,,VTD2010-111-4,"Bethel, Moore's Store, Woodland",unmatched_name,54.0,12.46153846153846,45,14,overflow,0,False,0,0,,1,1,False,house-37|senate-13
2006,RANDOLPH,BEAT 11 BOX 1A A-H,BEAT 11 BOX 1A A H,BEAT 11 BOX 1A A H,2010,,,VTD2010-111-1,Graham,unmatched_name,40.0,1.81818181818182,45,14,overflow,0,False,0,0,,1,1,False,house-37|senate-13
2006,RANDOLPH,BEAT 11 BOX 1B I-Z,BEAT 11 BOX 1B I Z,BEAT 11 BOX 1B I Z,2010,,,VTD2010-111-4,"Bethel, Moore's Store, Woodland",unmatched_name,38.18181818181818,2.18181818181818,45,14,overflow,0,False,0,0,,1,1,False,house-37|senate-13
2006,RANDOLPH,BEAT 11 BOX 2,BEAT 11,BEAT,2010,,,VTD2010-111-4,"Bethel, Moore's Store, Woodland",unmatched_name,54.0,12.46153846153846,45,14,overflow,0,False,0,0,,1,1,False,house-37|senate-13
2006,RANDOLPH,BEAT 12 BOX 1,BEAT 12,BEAT,2010,,,VTD2010-111-4,"Bethel, Moore's Store, Woodland",unmatched_name,54.0,12.46153846153846,45,14,overflow,0,False,0,0,,1,1,False,house-37|senate-13
2006,RANDOLPH,BEAT 13 BOX 1,BEAT 13,BEAT,2010,,,VTD2010-111-4,"Bethel, Moore's Store, Woodland",unmatched_name,54.0,12.46153846153846,45,14,overflow,0,False,0,0,,1,1,False,house-37|senate-13
2006,RANDOLPH,BEAT 14 BOX 1,BEAT 14,BEAT,2010,,,VTD2010-111-4,"Bethel, Moore's Store, Woodland",unmatched_name,54.0,12.46153846153846,45,14,overflow,0,False,0,0,,1,1,False,house-37|senate-13
2006,RANDOLPH,BEAT 2 BOX 1A A-L,BEAT 2 BOX 1A A L,BEAT 2 BOX 1A A L,2010,,,VTD2010-111-12,Bacon Level,unmatched_name,42.75,2.75,45,14,overflow,0,False,0,0,,1,1,False,house-37|senate-13
2006,RANDOLPH,BEAT 2 BOX 1B M-Z,BEAT 2 BOX 1B M Z,BEAT 2 BOX 1B M Z,2010,,,VTD2010-111-4,"Bethel, Moore's Store, Woodland",unmatched_name,39.375,3.375,45,14,overflow,0,False,0,0,,1,1,False,house-37|senate-13
2006,RANDOLPH,BEAT 2 BOX 2 A-Z,BEAT 2 BOX 2 A Z,BEAT 2 BOX 2 A Z,2010,,,VTD2010-111-4,"Bethel, Moore's Store, Woodland",unmatched_name,40.64516129032258,4.645161290322584,45,14,overflow,0,False,0,0,,1,1,False,house-37|senate-13
2006,RANDOLPH,BEAT 4 BOX 1A A-L,BEAT 4 BOX 1A A L,BEAT 4 BOX 1A A L,2010,,,VTD2010-111-12,Bacon Level,unmatched_name,42.75,2.75,45,14,overflow,0,False,0,0,,1,1,False,house-37|senate-13
2006,RANDOLPH,BEAT 4 BOX 1B M-Z,BEAT 4 BOX 1B M Z,BEAT 4 BOX 1B M Z,2010,,,VTD2010-111-4,"Bethel, Moore's Store, Woodland",unmatched_name,39.375,3.375,45,14,overflow,0,False,0,0,,1,1,False,house-37|senate-13
2006,RANDOLPH,BEAT 5 BOX 1A,BEAT 5 BOX 1A,BEAT,2010,,,VTD2010-111-4,"Bethel, Moore's Store, Woodland",unmatched_name,41.53846153846154,5.53846153846154,45,14,overflow,0,False,0,0,,1,1,False,house-37|senate-13
2006,RANDOLPH,BEAT 5 BOX 1B-C,BEAT 5 BOX 1B C,BEAT 5 BOX 1B C,2010,,,VTD2010-111-4,"Bethel, Moore's Store, Woodland",unmatched_name,42.0,6.0,45,14,overflow,0,False,0,0,,1,1,False,house-37|senate-13
2006,RANDOLPH,BEAT 5 BOX 3A-B,BEAT 5 BOX 3A B,BEAT 5 BOX 3A B,2010,,,VTD2010-111-4,"Bethel, Moore's Store, Woodland",unmatched_name,42.0,6.0,45,14,overflow,0,False,0,0,,1,1,False,house-37|senate-13
2006,RANDOLPH,BEAT 6 BOX 1 A-F,BEAT 6 BOX 1 A F,BEAT 6 BOX 1 A F,2010,,,VTD2010-111-4,"Bethel, Moore's Store, Woodland",unmatched_name,40.64516129032258,4.645161290322584,45,14,overflow,0,False,0,0,,1,1,False,house-37|senate-13
2006,RANDOLPH,BEAT 6 BOX 2 G-L,BEAT 6 BOX 2 G L,BEAT 6 BOX 2 G L,2010,,,VTD2010-111-4,"Bethel, Moore's Store, Woodland",unmatched_name,40.64516129032258,3.6081242532855455,45,14,overflow,0,False,0,0,,1,1,False,house-37|senate-13
2006,RANDOLPH,BEAT 6 BOX 3A M-R,BEAT 6 BOX 3A M R,BEAT 6 BOX 3A M R,2010,,,VTD2010-111-10,National Guard Armory,unmatched_name,42.10526315789473,2.7302631578947327,45,14,overflow,0,False,0,0,,1,1,False,house-37|senate-13
2006,RANDOLPH,BEAT 6 BOX 5A,BEAT 6 BOX 5A,BEAT,2010,,,VTD2010-111-4,"Bethel, Moore's Store, Woodland",unmatched_name,41.53846153846154,5.53846153846154,45,14,overflow,0,False,0,0,,1,1,False,house-37|senate-13
2006,RANDOLPH,BEAT 6 BOX 5B,BEAT 6 BOX 5B,BEAT,2010,,,VTD2010-111-4,"Bethel, Moore's Store, Woodland",unmatched_name,41.53846153846154,5.53846153846154,45,14,overflow,0,False,0,0,,1,1,False,house-37|senate-13
2006,SHELBY,CALERA MUNICIPAL LIB_ ANNEX .1,CALERA MUNICIPAL LIB ANNEX 1,CALERA MUNICIPAL LIB ANNEX,2010,,,VTD2010-117-32,Wilton Municipal Annex,unmatched_name,77.02702702702702,22.125066242713288,74,47,overflow,0,False,2,0,,1,2,True,house-41|senate-14|senate-15
2006,SHELBY,CALERA MUNICIPAL LIB_ ANNEX .2,CALERA MUNICIPAL LIB ANNEX 2,CALERA MUNICIPAL LIB ANNEX,2010,,,VTD2010-117-32,Wilton Municipal Annex,unmatched_name,77.02702702702702,22.125066242713288,74,47,overflow,0,False,2,0,,1,2,True,house-41|senate-14|senate-15
2006,SHELBY,CHRIST UNITED METH_ .1,CHRIST UNITED METH 1,CHRIST UNITED METH,2010,,,VTD2010-117-39,Wilsonville United Methodist Church,ambiguous_fuzzy_name,85.5,0.0005695988747778,74,47,overflow,0,False,2,0,,1,1,False,house-43|senate-16
2006,SHELBY,CHRIST UNITED METH_ .2,CHRIST UNITED METH 2,CHRIST UNITED METH,2010,,,VTD2010-117-39,Wilsonville United Methodist Church,ambiguous_fuzzy_name,85.5,0.0005695988747778,74,47,overflow,0,False,2,0,,1,1,False,house-43|senate-16
2006,TALLADEGA,BEMISTON RECREATION CENTER,BEMISTON RECREATION CENTER,BEMISTON RECREATION CENTER,2010,,,VTD2010-121-12,Limbaugh Comm Center-Bon Air- Oak Grove,ambiguous_fuzzy_name,85.5,0.0,32,15,overflow,0,False,4,0,,1,1,False,house-35|senate-11
2006,TALLADEGA,SPRING ST_ COMMUNITY CENTER .2,SPRING SAINT COMMUNITY CENTER 2,SPRING SAINT COMMUNITY CENTER,2010,,,VTD2010-121-5,Talladega National Guard Armory-Spring St Comm Center-Bemiston,ambiguous_fuzzy_name,87.0967741935484,0.0,32,15,overflow,0,False,4,0,,1,1,False,house-35|senate-11
2006,TALLAPOOSA,BUTTSON VOL_ FIRE,BUTTSON VOLUNTEER FIRE,BUTTSON VOLUNTEER FIRE,2010,,,VTD2010-123-1601,Buttston Vol. Fire Department,ambiguous_fuzzy_name,85.9090909090909,0.0,29,28,overflow,0,False,1,0,,1,1,False,house-81|senate-27
2006,TUSCALOOSA,CARROLLS CREEK VFD .2,CARROLLS CREEK VOLUNTEER FIRE DEPARTMENT 2,CARROLLS CREEK VOLUNTEER FIRE DEPARTMENT,2010,,,VTD2010-125-28,Montgomery Fire Station,ambiguous_fuzzy_name,85.5,0.0,93,41,overflow,0,False,1,0,,1,1,False,house-14|senate-5
2006,TUSCALOOSA,ELROD VFD,ELROD VOLUNTEER FIRE DEPARTMENT,ELROD VOLUNTEER FIRE DEPARTMENT,2010,,,VTD2010-125-32,Samantha Fire Dept-New Lexington Voting Blg,unmatched_name,85.5,10.923728813559322,93,41,overflow,0,False,1,0,,1,1,False,house-61|senate-21
2006,TUSCALOOSA,MCABEE CENTER .1,MCABEE CENTER 1,MCABEE CENTER,2010,,,VTD2010-125-34,Echola Community Center,ambiguous_fuzzy_name,85.5,0.0,93,41,overflow,0,False,1,0,,1,1,False,house-63|senate-21
2006,TUSCALOOSA,MCABEE CENTER .2,MCABEE CENTER 2,MCABEE CENTER,2010,,,VTD2010-125-34,Echola Community Center,ambiguous_fuzzy_name,85.5,0.0,93,41,overflow,0,False,1,0,,1,1,False,house-63|senate-21
2006,TUSCALOOSA,MCABEE CENTER .3,MCABEE CENTER 3,MCABEE CENTER,2010,,,VTD2010-125-34,Echola Community Center,ambiguous_fuzzy_name,85.5,0.0,93,41,overflow,0,False,1,0,,1,1,False,house-63|senate-21
2006,TUSCALOOSA,ROMULUS VFD,ROMULUS VOLUNTEER FIRE DEPARTMENT,ROMULUS VOLUNTEER FIRE DEPARTMENT,2010,,,VTD2010-125-27,Duncanville Fire Dept,unmatched_name,67.85714285714286,0.1152073732718861,93,41,overflow,0,False,1,0,,1,1,False,house-61|senate-21
2006,TUSCALOOSA,SHERIFFS OFFICE FIRING RANGE,SHERIFFS OFFICE FIRING RANGE,SHERIFFS OFFICE FIRING RANGE,2010,,,VTD2010-125-30,Carrolls Creek Fire Station,unmatched_name,43.63636363636364,1.3286713286713263,93,41,overflow,0,False,1,0,,1,1,False,house-14|senate-5
2006,TUSCALOOSA,TANNEHILL VALLEY BAPTIST .2,TANNEHILL VALLEY BAPTIST 2,TANNEHILL VALLEY BAPTIST,2010,,,VTD2010-125-36,Chapel Hill Baptist Church,unmatched_name,57.692307692307686,10.234680573663624,93,41,overflow,0,False,1,0,,1,1,False,house-62|senate-21
2006,TUSCALOOSA,UN PRESIDENTAL PAVILION .3,UN PRESIDENTAL PAVILION 3,UN PRESIDENTAL PAVILION,2010,,,VTD2010-125-10A,University Mall,unmatched_name,49.6551724137931,0.0,93,41,overflow,0,False,1,0,,1,1,False,house-63|senate-21
2006,WILCOX,ARLINGTON COMMUNITY CENTER,ARLINGTON COMMUNITY CENTER,ARLINGTON COMMUNITY CENTER,2010,,,VTD2010-131-2001,Allenton,unmatched_name,56.25,4.8214285714285765,28,29,underflow,0,False,1,0,,1,1,False,house-69|senate-23
2006,WILCOX,CALEDONIA E_M_ JONES,CALEDONIA E M JONES,CALEDONIA E M JONES,2010,,,VTD2010-131-1004,E M Jones Store,unmatched_name,71.25,11.249999999999991,28,29,underflow,0,False,1,0,,1,1,False,house-69|senate-23
2006,WILCOX,CLIFTON VOC_ BLDG_,CLIFTON VOC BUILDING,CLIFTON VOC BUILDING,2010,,,VTD2010-131-2001,Allenton,unmatched_name,48.0,0.6315789473684106,28,29,underflow,0,False,1,0,,1,1,False,house-69|senate-23
2006,WILCOX,COY PUBLIC SCHOOL HOUSE,COY PUBLIC SCHOOL HOUSE,COY PUBLIC SCHOOL HOUSE,2010,,,VTD2010-131-3003,Coy 3003 3010,unmatched_name,85.5,34.07142857142858,28,29,underflow,0,False,1,0,,1,1,False,house-69|senate-23
2006,WILCOX,GRAMPIN HILLS NATIONAL GUARD,GRAMPIN HILLS NATIONAL GUARD,GRAMPIN HILLS NATIONAL GUARD,2010,,,VTD2010-131-5002,Pine Hill,unmatched_name,80.0,16.66666666666668,28,29,underflow,0,False,1,0,,1,1,False,house-69|senate-23
2006,WILCOX,LOWER PEACHTREE COMM CENTER,LOWER PEACHTREE COMMUNITY CENTER,LOWER PEACHTREE COMMUNITY CENTER,2010,,,VTD2010-131-5005,Lower Peachtree,ambiguous_fuzzy_name,90.0,1.887379141862766e-13,28,29,underflow,0,False,1,0,,1,1,False,house-69|senate-23
2006,WILCOX,NATIONAL GUARD ARMORY CAMDEN,NATIONAL GUARD ARMORY CAMDEN,NATIONAL GUARD ARMORY CAMDEN,2010,,,VTD2010-131-1001,National Guard Armory 1001 1002 1003,unmatched_name,81.42857142857142,29.999999999999996,28,29,underflow,0,False,1,0,,1,1,False,house-69|senate-23
2006,WILCOX,WESTGATE CONCESSION BLDG,WESTGATE CONCESSION BUILDING,WESTGATE CONCESSION BUILDING,2010,,,VTD2010-131-2003,Snow Hill,unmatched_name,50.0,0.0,28,29,underflow,0,False,1,0,,1,1,False,house-69|senate-23
2006,WILCOX,YELLOW BLUFF CITY HALL,YELLOW BLUFF CITY HALL,YELLOW BLUFF CITY HALL,2010,,,VTD2010-131-5003B,Yellow Bluff,ambiguous_fuzzy_name,90.0,3.3306690738754696e-14,28,29,underflow,0,False,1,0,,1,1,False,house-69|senate-23
2006,WINSTON,O MARYS MILL NAUVOO,O MARYS MILL NAUVOO,O MARYS MILL NAUVOO,2010,,,VTD2010-133-3,Lynn Town Hall,unmatched_name,40.3030303030303,1.2173160173160085,22,11,overflow,0,False,0,0,,1,1,False,house-14|senate-5
2006,WINSTON,S_HALEYVILLE SCOUT HEADQUARTER,S HALEYVILLE SCOUT HEADQUARTER,S HALEYVILLE SCOUT HEADQUARTER,2010,,,VTD2010-133-2,Haleyville-City Hall-VFW-National Guard Arm,unmatched_name,54.7945205479452,7.735697018533443,22,11,overflow,0,False,0,0,,1,1,False,house-17|senate-6
