year,election,county_key,primary_order,primary_precinct_name,primary_donor_vtd_id,primary_donor_name,primary_donor_score,primary_donor_margin
1998,primary,AUTAUGA,1,East Memorial Bap Ch,VTD2000-001-2,East Memorial Baptist Church,92.3076923076923,22.09030100334448
1998,primary,AUTAUGA,2,Newton Park #1,VTD2000-001-10,Newton Park Voting Center,90.0,40.0
1998,primary,AUTAUGA,3,Newton Park #2,VTD2000-001-10,Newton Park Voting Center,90.0,40.0
1998,primary,AUTAUGA,4,Camellia Bap Ch,,,87.8048780487805,19.719771665801773
1998,primary,AUTAUGA,5,Autauga County Vot Site,VTD2000-001-12,Autuaga County Voting Site,89.79591836734694,8.163265306122454
1998,primary,AUTAUGA,6,Prattmont Bap Ch,VTD2000-001-15,Prattmont Baptist Church,90.9090909090909,28.409090909090907
1998,primary,AUTAUGA,7,National Guard Arm #1,VTD2000-001-16,National Guard Armory,92.3076923076923,41.68269230769231
1998,primary,AUTAUGA,8,National Guard Arm #2,VTD2000-001-16,National Guard Armory,92.3076923076923,41.68269230769231
1998,primary,AUTAUGA,9,Booth Post Office,VTD2000-001-9,Booth Post Office,100.0,57.64705882352941
1998,primary,AUTAUGA,10,White City Fire Station,VTD2000-001-5,White City Fire Station,100.0,30.434782608695656
1998,primary,AUTAUGA,11,Haynes Comm Ctr,VTD2000-001-4,Haynes Community Center,100.0,11.111111111111114
1998,primary,AUTAUGA,12,Jones Comm Ctr,VTD2000-001-1,Jones Community Center,100.0,11.111111111111114
1998,primary,AUTAUGA,13,Pine Level Comm Ctr,,,80.0,2.051282051282058
1998,primary,AUTAUGA,14,Vocational Ctr,,,90.0,4.5
1998,primary,AUTAUGA,15,Marbury Comm Ctr,VTD2000-001-6,Marbury Community Center,100.0,19.148936170212764
1998,primary,AUTAUGA,16,Billingsley Govt Ctr,,,85.18518518518519,31.851851851851855
1998,primary,AUTAUGA,17,Courthouse,,,81.0,20.999999999999993
1998,primary,AUTAUGA,18,Old Kingstone Fire Sta,,,77.27272727272727,23.93939393939393
1998,primary,AUTAUGA,19,Autaugaville Town Hall,VTD2000-001-14,Autaugaville Town Hall,100.0,50.0
1998,primary,AUTAUGA,20,Independence Vot Hse,VTD2000-001-8,Independence Voting House,88.88888888888889,41.26984126984127
1998,primary,AUTAUGA,21,Mulberry-Statesville,VTD2000-001-11,Mulberry-Statesville,100.0,57.14285714285714
1998,primary,AUTAUGA,22,Calculated,,,47.36842105263159,0.0
1998,primary,BALDWIN,1,Ferguson Store-Little River,VTD2000-003-1,Little River Ferguson Store,95.0,29.85714285714286
1998,primary,BALDWIN,2,Tensaw Community Center,VTD2000-003-2,Tensaw Community Center,100.0,14.893617021276597
1998,primary,BALDWIN,3,Vaughn Community Center,VTD2000-003-3,Vaughn Community Center,100.0,19.148936170212764
1998,primary,BALDWIN,4,Crossroads School,,,85.5,0.0
1998,primary,BALDWIN,5,Bay Minette Intermediate Sch,VTD2000-003-5,Bay Minette Intermediate School,100.0,14.5
1998,primary,BALDWIN,6,Ellisville Comm Ctr,VTD2000-003-8,Loxley Ellisville Comm Center,95.0,9.5
1998,primary,BALDWIN,7,Daphne Intermediate School#1,VTD2000-003-7,Daphne Intermediate School,100.0,14.5
1998,primary,BALDWIN,8,Daphne Intermediate School#2,VTD2000-003-7,Daphne Intermediate School,100.0,14.5
1998,primary,BALDWIN,9,Fairhope Area Instructional,,,59.64912280701755,0.2741228070175481
1998,primary,BALDWIN,10,Little River Restaurant,VTD2000-003-10,Little River Restaurant,100.0,32.0
1998,primary,BALDWIN,11,Lottie Firehouse,,,72.22222222222221,3.650793650793645
1998,primary,BALDWIN,12,Stockton Fire House,VTD2000-003-12,Stockton Fire House,100.0,14.5
1998,primary,BALDWIN,13,Rabun Fire House,VTD2000-003-13,Rabun Fire House,100.0,14.5
1998,primary,BALDWIN,14,Perdido School,,,85.5,0.0
1998,primary,BALDWIN,15,Bay Minette City Hall Civic #1,VTD2000-003-15,Bay Minette City Hall-Civic Center,95.0,9.5
1998,primary,BALDWIN,16,Bay Minette City Hall Civic #2,VTD2000-003-15,Bay Minette City Hall-Civic Center,95.0,9.5
1998,primary,BALDWIN,17,Bay Minette City Hall Civic #3,VTD2000-003-15,Bay Minette City Hall-Civic Center,95.0,9.5
1998,primary,BALDWIN,18,Pine Grove School,VTD2000-003-16,Pine Grove School,100.0,14.5
1998,primary,BALDWIN,19,Whitehouse Delta School,,,61.224489795918366,0.9805873568939774
1998,primary,BALDWIN,20,Stapelton Community Hall,VTD2000-003-18,Stapleton Community Hall,95.83333333333334,10.333333333333343
1998,primary,BALDWIN,21,Gateswood School,,,85.5,0.0
1998,primary,BALDWIN,22,Loxley Town Hall,VTD2000-003-9,Loxley Town Hall,100.0,14.5
1998,primary,BALDWIN,23,Rosinton School,,,85.5,0.0
1998,primary,BALDWIN,24,Silverhill City Hall,,,85.5,0.5
1998,primary,BALDWIN,25,Robertsdale City Hall #1,VTD2000-003-25,Robertsdale City Hall,100.0,14.5
1998,primary,BALDWIN,26,Robertsdale City Hall #2,VTD2000-003-25,Robertsdale City Hall,100.0,14.5
1998,primary,BALDWIN,27,Elsanor Community Center,VTD2000-003-26,Elsanor Community Center,100.0,14.893617021276597
1998,primary,BALDWIN,28,Seminole Fire House,VTD2000-003-27,Seminole Fire House,100.0,14.5
1998,primary,BALDWIN,29,Baptist Church Lillian,,,85.5,28.904255319148938
1998,primary,BALDWIN,30,Summerdale Community Hall,VTD2000-003-31,Summerdale Community Hall,100.0,14.5
1998,primary,BALDWIN,31,Elberta Fire House #1,,,85.5,0.0
1998,primary,BALDWIN,32,Elberta Fire House #2,,,85.5,0.0
1998,primary,BALDWIN,33,Magnolia Springs Wesleyan #1,VTD2000-003-36,Magnolia Springs Wesleyan Church,95.0,43.14814814814814
1998,primary,BALDWIN,34,Magnolia Springs Wesleyan #2,VTD2000-003-36,Magnolia Springs Wesleyan Church,95.0,43.14814814814814
1998,primary,BALDWIN,35,Perdido Beach Fire House,VTD2000-003-29,Perdido Beach Fire House,100.0,14.5
1998,primary,BALDWIN,36,Lillian Community Hall #1,VTD2000-003-28,Lillian Community Hall,100.0,14.5
1998,primary,BALDWIN,37,Lillian Community Hall #2,VTD2000-003-28,Lillian Community Hall,100.0,14.5
1998,primary,BALDWIN,38,Bon Secour Swift School,VTD2000-003-37,Ben Secour Swift School,95.65217391304348,38.509316770186345
1998,primary,BALDWIN,39,Foley Civic Center #1,VTD2000-003-38,Foley Civic Center,100.0,14.5
1998,primary,BALDWIN,40,Foley Civic Center #2,VTD2000-003-38,Foley Civic Center,100.0,14.5
1998,primary,BALDWIN,41,Foley Civic Center #3,VTD2000-003-38,Foley Civic Center,100.0,14.5
1998,primary,BALDWIN,42,Miflin Community Center,VTD2000-003-33,Miflin Community Center,100.0,19.148936170212764
1998,primary,BALDWIN,43,Orange Beach MNCPL Complex #1,,,65.3061224489796,21.3061224489796
1998,primary,BALDWIN,44,Orange Beach MNCPL Complex #2,,,65.3061224489796,21.3061224489796
1998,primary,BALDWIN,45,Gulf Shores Activity Center #1,VTD2000-003-39,Gulf Shores Adult Activity Center,95.0,9.5
1998,primary,BALDWIN,46,Gulf Shores Activity Center #2,VTD2000-003-39,Gulf Shores Adult Activity Center,95.0,9.5
1998,primary,BALDWIN,47,Gulf Shores Activity Center #3,VTD2000-003-39,Gulf Shores Adult Activity Center,95.0,9.5
1998,primary,BALDWIN,48,Belforest Community Center,VTD2000-003-23,Belforest Community Center,100.0,16.0
1998,primary,BALDWIN,49,Fairhope City Hall #1,,,85.5,0.0
1998,primary,BALDWIN,50,Fairhope City Hall #2,,,85.5,0.0
1998,primary,BALDWIN,51,Fairhope City Hall #3,,,85.5,0.0
1998,primary,BALDWIN,52,Fairhope City Hall #4,,,85.5,0.0
1998,primary,BALDWIN,53,Barnwell Community Hall #1,,,85.5,2.08536585365853
1998,primary,BALDWIN,54,Barnwell Community Hall #2,,,85.5,2.08536585365853
1998,primary,BALDWIN,55,Spanish Fort Old School #1,VTD2000-003-45,Spanish Fort School,95.0,9.5
1998,primary,BALDWIN,56,Spanish Fort Old School #2,VTD2000-003-45,Spanish Fort School,95.0,9.5
1998,primary,BALDWIN,57,Spanish Fort Fire House,,,85.5,0.0
1998,primary,BALDWIN,58,St. Paul Episcopal Daphne,VTD2000-003-47,Daphne St. Paul Episcopal Church,95.0,9.5
1998,primary,BALDWIN,59,St. Paul Episcopal Daphne #2,VTD2000-003-47,Daphne St. Paul Episcopal Church,95.0,9.5
1998,primary,BALDWIN,60,Daphne High School #1,VTD2000-003-48,Daphne High School,100.0,14.5
1998,primary,BALDWIN,61,Daphne High School #2,VTD2000-003-48,Daphne High School,100.0,14.5
1998,primary,BALDWIN,62,Daphne Nicholson Center #1,VTD2000-003-49,Daphne Nicholson Center,100.0,37.95918367346939
1998,primary,BALDWIN,63,Daphne Nicholson Center #2,VTD2000-003-49,Daphne Nicholson Center,100.0,37.95918367346939
1998,primary,BALDWIN,64,Calculated Totals,,,48.484848484848484,3.4848484848484844
1998,primary,BIBB,1,Greenpond,,,80.0,24.615384615384613
1998,primary,BIBB,2,Cedar Grove,VTD2000-007-2,Cedar Grove Fire Dept.,90.0,47.142857142857146
1998,primary,BIBB,3,Pondville,VTD2000-007-3,Pondville School,90.0,29.999999999999993
1998,primary,BIBB,4,Harrisburg,VTD2000-007-4,Harrisburg School,90.0,44.99999999999999
1998,primary,BIBB,5,Centreville,,,81.81818181818181,28.380681818181813
1998,primary,BIBB,6,Furnace,VTD2000-007-6,Furnace-Brierfield Park-Mulberry Church,90.0,24.23076923076924
1998,primary,BIBB,7,Randolph,VTD2000-007-7,Randolph Fire Dept.,90.0,53.357142857142854
1998,primary,BIBB,8,Tabernacle,VTD2000-007-8,Tabernacle Community Center,90.0,37.05882352941176
1998,primary,BIBB,9,Brent-North,,,85.5,23.96153846153846
1998,primary,BIBB,10,West Blocton-East,,,85.5,0.0
1998,primary,BIBB,11,West Blocton-West,,,85.5,0.0
1998,primary,BIBB,12,Eoline,VTD2000-007-12,Eoline Fire Dept.,90.0,40.909090909090914
1998,primary,BIBB,13,Brent-South,,,85.5,16.269230769230774
1998,primary,BIBB,14,Centreville-Central,,,75.0,23.571428571428577
1998,primary,BIBB,15,Calculated,,,48.857142857142854,3.857142857142854
1998,primary,BLOUNT,1,Mt. High,VTD2000-009-1,Mt. High,100.0,41.66666666666667
1998,primary,BLOUNT,2,Smoke Rise,VTD2000-009-2,Smokerise,94.73684210526316,40.191387559808625
1998,primary,BLOUNT,3,Blount Springs,VTD2000-009-3,Blount Springs,100.0,30.0
1998,primary,BLOUNT,4,Hayden,VTD2000-009-4,Hayden,100.0,57.25
1998,primary,BLOUNT,5,Sugar Creek - Bangor,VTD2000-009-5,Bangor,90.0,36.0
1998,primary,BLOUNT,6,Nectar,VTD2000-009-6,Nectar,100.0,38.46153846153846
1998,primary,BLOUNT,7,Blountsville,VTD2000-009-7,Blountsville,100.0,30.434782608695656
1998,primary,BLOUNT,8,Summit,VTD2000-009-8,Summit,100.0,50.909090909090914
1998,primary,BLOUNT,9,Royal,VTD2000-009-9,Royal,100.0,33.33333333333333
1998,primary,BLOUNT,10,Brooksville,VTD2000-009-10,Brooksville,100.0,30.434782608695656
1998,primary,BLOUNT,11,Snead,VTD2000-009-11,Snead,100.0,45.45454545454546
1998,primary,BLOUNT,12,Susan Moore,VTD2000-009-12,Susan Moore,100.0,50.0
1998,primary,BLOUNT,13,Murphree Valley,VTD2000-009-13,Murphree Valley,100.0,50.909090909090914
1998,primary,BLOUNT,14,St. Mountain,VTD2000-009-14,St. Mountain,100.0,18.518518518518505
1998,primary,BLOUNT,15,Holly Springs,VTD2000-009-15,Holly Springs,100.0,28.0
1998,primary,BLOUNT,16,Cleveland,VTD2000-009-16,Cleveland,100.0,46.0
1998,primary,BLOUNT,17,Locust Fork,VTD2000-009-17,Locust Fork,100.0,52.0
1998,primary,BLOUNT,18,Dallas - Selfville,VTD2000-009-18,Dallas,90.0,40.0
1998,primary,BLOUNT,19,Remlap,VTD2000-009-19,Remlap,100.0,50.909090909090914
1998,primary,BLOUNT,20,Pine Mountain,VTD2000-009-20,Pine Mountain,100.0,18.518518518518505
1998,primary,BLOUNT,21,Allgood,VTD2000-009-21,Allgood,100.0,53.84615384615385
1998,primary,BLOUNT,22,Oneonta #1,VTD2000-009-22,Oneonta,100.0,38.46153846153846
1998,primary,BLOUNT,23,Oneonta #2,VTD2000-009-22,Oneonta,100.0,38.46153846153846
1998,primary,BLOUNT,24,Rosa,VTD2000-009-23,Rosa,100.0,33.33333333333333
1998,primary,BLOUNT,25,Rock Springs,VTD2000-009-24,Rock Springs,100.0,28.0
1998,primary,BULLOCK,1,Midway 1,VTD2000-011-1-1,Midway,100.0,50.909090909090914
1998,primary,BULLOCK,2,Midway 2,VTD2000-011-1-1,Midway,100.0,50.909090909090914
1998,primary,BULLOCK,3,Midway 3,VTD2000-011-1-1,Midway,100.0,50.909090909090914
1998,primary,BULLOCK,4,Three Notch,VTD2000-011-1-2,Three Notch,100.0,50.909090909090914
1998,primary,BULLOCK,5,Surreyton,,,77.77777777777779,28.6868686868687
1998,primary,BULLOCK,6,Peachburg,VTD2000-011-2-2,Peachburg,100.0,55.0
1998,primary,BULLOCK,7,Armory 1,VTD2000-011-3,Union Springs Armory,90.0,45.0
1998,primary,BULLOCK,8,Armory 2,VTD2000-011-3,Union Springs Armory,90.0,45.0
1998,primary,BULLOCK,9,Armory 3,VTD2000-011-3,Union Springs Armory,90.0,45.0
1998,primary,BULLOCK,10,Armory 4,,,85.5,48.0
1998,primary,BULLOCK,11,Armory 5,,,85.5,48.0
1998,primary,BULLOCK,12,Armory 6,,,85.5,48.0
1998,primary,BULLOCK,13,Armory 7,,,85.5,48.0
1998,primary,BULLOCK,14,Armory 8,,,85.5,48.0
1998,primary,BULLOCK,15,Armory 9,,,85.5,48.0
1998,primary,BULLOCK,16,Armory 10,,,85.5,40.5
1998,primary,BULLOCK,17,Aberfoil,VTD2000-011-4-1,Aberfoil,100.0,57.14285714285714
1998,primary,BULLOCK,18,Sardis,VTD2000-011-4-2,Sardis,100.0,55.0
1998,primary,BULLOCK,19,Indian Creek,VTD2000-011-5,Indian Creek,100.0,50.909090909090914
1998,primary,BULLOCK,20,Perote,VTD2000-011-6-1,Perote,100.0,55.0
1998,primary,BULLOCK,21,Corinth,VTD2000-011-6-2,Corinth,100.0,50.909090909090914
1998,primary,BULLOCK,22,Inverness,VTD2000-011-7,Inverness,100.0,55.0
1998,primary,BULLOCK,23,Fitzpatrick,VTD2000-011-8-1,Fitzpatrick,100.0,55.0
1998,primary,BULLOCK,24,Thompson,VTD2000-011-8-2,Thompson,100.0,62.5
1998,primary,BULLOCK,25,Cornerstone,,,65.45454545454547,5.45454545454546
1998,primary,BULLOCK,26,Post Oak,VTD2000-011-10,Post Oak,100.0,55.0
1998,primary,BULLOCK,27,Calculated Totals,,,45.0,0.0
1998,primary,BUTLER,1,Providence,VTD2000-013-1,Voting House at Providence,90.0,45.0
1998,primary,BUTLER,2,Industry,VTD2000-013-2,Old School House at Industry,90.0,38.57142857142858
1998,primary,BUTLER,3,Steiner Store,VTD2000-013-5,Steiner's Store,95.0,46.53846153846154
1998,primary,BUTLER,4,Midway,VTD2000-013-6,Voting House at Midway,90.0,45.0
1998,primary,BUTLER,5,Harrison,VTD2000-013-7,Voting House at Harrisons,90.0,38.57142857142858
1998,primary,BUTLER,6,Searcy Volunteer Fire Dept.,VTD2000-013-8,Searcy Volunteer Fire Department,100.0,13.84615384615384
1998,primary,BUTLER,7,Manningham,VTD2000-013-9,Voting House at Manningham,90.0,47.64705882352941
1998,primary,BUTLER,8,Monterey,VTD2000-013-10,Old School House at Monterey,90.0,33.75
1998,primary,BUTLER,9,Forest Home,VTD2000-013-11,Voting House at Forest Home,90.0,38.57142857142858
1998,primary,BUTLER,10,New Armory #1,,,85.5,0.0
1998,primary,BUTLER,11,New Armory #2,,,85.5,0.0
1998,primary,BUTLER,12,Old Armory #1,,,90.0,4.5
1998,primary,BUTLER,13,Old Armory #2,,,90.0,4.5
1998,primary,BUTLER,14,Central Volunteer Fire Dept.,VTD2000-013-12-4-A,Central Volunteer Fire Department,100.0,13.84615384615384
1998,primary,BUTLER,15,Dunbar Center #1,,,85.5,0.0
1998,primary,BUTLER,16,Dunbar Center #2,,,85.5,0.0
1998,primary,BUTLER,17,Garland,VTD2000-013-13,Voting House at Garland,90.0,37.38461538461539
1998,primary,BUTLER,18,Georgiana #1,VTD2000-013-14-5,National Guard Armory at Georgiana,90.0,45.0
1998,primary,BUTLER,19,Georgiana #2,VTD2000-013-14-5,National Guard Armory at Georgiana,90.0,45.0
1998,primary,BUTLER,20,Chapman Post Office,VTD2000-013-14-1,Chapman Post Office,100.0,52.63157894736841
1998,primary,BUTLER,21,Friendship,VTD2000-013-15,Old School House at Friendship,90.0,45.0
1998,primary,BUTLER,22,Rocky Creek,VTD2000-013-16,Voting House at Rocky Creek,90.0,40.909090909090914
1998,primary,BUTLER,23,Center Hill,,,90.0,4.5
1998,primary,BUTLER,24,Bolling,VTD2000-013-20,Voting House at Bolling,90.0,33.0
1998,primary,BUTLER,25,McLains,,,77.14285714285715,25.71428571428573
1998,primary,BUTLER,26,McKenzie City Hall,VTD2000-013-19,McKenzie City Hall,100.0,50.3448275862069
1998,primary,BUTLER,27,Calculated Totals,,,46.63636363636363,1.3716577540106911
1998,primary,CHEROKEE,1,Alexis-Lindsey's Store,,,83.125,23.124999999999993
1998,primary,CHEROKEE,2,Jack May Store,,,74.34782608695652,20.347826086956516
1998,primary,CHEROKEE,3,McCord's Crossroads,,,75.55555555555556,28.055555555555557
1998,primary,CHEROKEE,4,Rock Run,,,90.0,0.0
1998,primary,CHEROKEE,5,Rock Run Station,VTD2000-019-3,Rock Run Station,100.0,14.5
1998,primary,CHEROKEE,6,Spring Garden,VTD2000-019-4,Spring Garden,100.0,35.875
1998,primary,CHEROKEE,7,Key #1,VTD2000-019-5,Key,100.0,28.0
1998,primary,CHEROKEE,8,Key #2,VTD2000-019-5,Key,100.0,28.0
1998,primary,CHEROKEE,9,Centre 1,VTD2000-019-6,Centre,100.0,46.0
1998,primary,CHEROKEE,10,Centre 2,VTD2000-019-6,Centre,100.0,46.0
1998,primary,CHEROKEE,11,Centre 3,VTD2000-019-6,Centre,100.0,46.0
1998,primary,CHEROKEE,12,Centre 4,VTD2000-019-6,Centre,95.0,46.142857142857146
1998,primary,CHEROKEE,13,Centre 5,VTD2000-019-6,Centre,95.0,46.142857142857146
1998,primary,CHEROKEE,14,Centre 6,VTD2000-019-6,Centre,95.0,46.142857142857146
1998,primary,CHEROKEE,15,Centre 7,VTD2000-019-6,Centre,95.0,46.142857142857146
1998,primary,CHEROKEE,16,Mt. Springs,,,85.5,27.03846153846154
1998,primary,CHEROKEE,17,Goshen,VTD2000-019-7,Mountain Springs-Goshen,90.0,29.999999999999993
1998,primary,CHEROKEE,18,Ballplay,VTD2000-019-8,Ballplay-Woodsbend,90.0,34.61538461538461
1998,primary,CHEROKEE,19,Woodsbend,VTD2000-019-8,Ballplay-Woodsbend,90.0,29.999999999999993
1998,primary,CHEROKEE,20,Jack Adrian Store,,,54.54545454545454,0.25974025974025494
1998,primary,CHEROKEE,21,Slackland,VTD2000-019-9,Pollards Bend-Slackland,90.0,34.61538461538461
1998,primary,CHEROKEE,22,Little River,VTD2000-019-10,Little River,100.0,54.54545454545454
1998,primary,CHEROKEE,23,Sand Rock 1,VTD2000-019-11,Sand Rock,100.0,14.5
1998,primary,CHEROKEE,24,Sand Rock 2,VTD2000-019-11,Sand Rock,100.0,14.5
1998,primary,CHEROKEE,25,Cedar Bluff 1,VTD2000-019-12,Cedar Bluff,100.0,50.909090909090914
1998,primary,CHEROKEE,26,Cedar Bluff 2,VTD2000-019-12,Cedar Bluff,100.0,50.909090909090914
1998,primary,CHEROKEE,27,Gaylesville,VTD2000-019-13,Gaylesville,100.0,33.33333333333333
1998,primary,CHEROKEE,28,Unity Church,,,85.5,42.75
1998,primary,CHEROKEE,29,Watson Chapel,,,85.5,21.214285714285722
1998,primary,CHEROKEE,30,Broomtown,VTD2000-019-15,Broomtown,100.0,46.5625
1998,primary,CHEROKEE,31,Jamestown,VTD2000-019-16,Jamestown-Cloudland,90.0,34.44444444444444
1998,primary,CHEROKEE,32,Mentone,,,64.28571428571429,2.7472527472527517
1998,primary,CHEROKEE,33,Oak Bowery,VTD2000-019-17,Oak Bowery,100.0,39.99999999999999
1998,primary,CHEROKEE,34,Farrill,VTD2000-019-18,Farill,92.3076923076923,43.21678321678322
1998,primary,CHEROKEE,35,Pleasant Valley,VTD2000-019-19,Pleasant Valley,100.0,28.0
1998,primary,CHEROKEE,36,Ellisville,VTD2000-019-20,Ellisville,100.0,33.33333333333333
1998,primary,CHEROKEE,37,Blanche,VTD2000-019-21,Blanche,100.0,50.909090909090914
1998,primary,CHEROKEE,38,Leesburg 1,VTD2000-019-22,Leesburg,100.0,55.0
1998,primary,CHEROKEE,39,Leesburg 2,VTD2000-019-22,Leesburg,100.0,55.0
1998,primary,CHEROKEE,40,Tucker's Chapel,VTD2000-019-23,Tucker's Chapel,100.0,33.913043478260875
1998,primary,CHEROKEE,41,Calculated Totals,,,47.5,2.5
1998,primary,CHILTON,1,Maplesville New Fire Sta,VTD2000-021-20,Maplesville,90.0,24.782608695652172
1998,primary,CHILTON,2,South Chilton Fire Sta,,,84.44444444444444,20.80808080808081
1998,primary,CHILTON,3,Fairview,VTD2000-021-50,Fairview Fire Station,90.0,33.0
1998,primary,CHILTON,4,Enterprise,VTD2000-021-70,Enterprise Fire Station,90.0,45.0
1998,primary,CHILTON,5,Verbena,VTD2000-021-90,Verbena Fire Station,90.0,38.57142857142858
1998,primary,CHILTON,6,Providence East Chilton,VTD2000-021-110,Providence,90.0,16.08695652173914
1998,primary,CHILTON,7,Cane Creek,VTD2000-021-120,Cane Creek Fire Station,90.0,40.0
1998,primary,CHILTON,8,Union Grove,VTD2000-021-140,Union Grove Fire Station,90.0,38.57142857142858
1998,primary,CHILTON,9,Jemison Fire Station,,,75.0,0.581395348837205
1998,primary,CHILTON,10,Providence N/W,VTD2000-021-110,Providence,95.0,9.5
1998,primary,CHILTON,11,Mars Hill,VTD2000-021-180,Mars Hill Fire Station,90.0,30.0
1998,primary,CHILTON,12,Thorsby Town Hall,VTD2000-021-200,Thorsby Town Hall,100.0,34.23076923076924
1998,primary,CHILTON,13,Collins Chapel,VTD2000-021-210,Collins Chapel Fire Station,90.0,45.0
1998,primary,CHILTON,14,Isabella,VTD2000-021-220,Isabella Fire Station,90.0,40.909090909090914
1998,primary,CHILTON,15,Veterans club,,,85.5,40.5
1998,primary,CHILTON,16,Library,VTD2000-021-250,Clanton Library,90.0,43.36363636363637
1998,primary,CHILTON,17,Clanton Facility Bldg,VTD2000-021-260,Clanton Facility Bldg.,100.0,14.5
1998,primary,CHILTON,18,Courthouse,VTD2000-021-270,Clanton Courthouse,90.0,42.0
1998,primary,CHILTON,19,Calculated,,,48.0,0.0
1998,primary,CHOCTAW,1,Pennington,VTD2000-023-1,Pennington-Pelham,90.0,45.0
1998,primary,CHOCTAW,2,Pelham,VTD2000-023-1,Pennington-Pelham,90.0,29.999999999999993
1998,primary,CHOCTAW,3,Crossroads,VTD2000-023-2,Crossroads-Halsell,90.0,50.53846153846154
1998,primary,CHOCTAW,4,Intersection,,,47.36842105263159,4.511278195488728
1998,primary,CHOCTAW,5,Halsell,VTD2000-023-2,Crossroads-Halsell,90.0,25.714285714285708
1998,primary,CHOCTAW,6,Yantley,VTD2000-023-3,Yantley-Cromwell,90.0,29.999999999999993
1998,primary,CHOCTAW,7,Cromwell,VTD2000-023-3,Yantley-Cromwell,90.0,40.909090909090914
1998,primary,CHOCTAW,8,Lisman,VTD2000-023-4,Lisman-Pushmataha,90.0,29.999999999999993
1998,primary,CHOCTAW,9,Lavaca,VTD2000-023-12,Lavaca,100.0,50.909090909090914
1998,primary,CHOCTAW,10,Bogueloosa,VTD2000-023-6,Bogueloosa,100.0,59.76470588235294
1998,primary,CHOCTAW,11,Toxey,VTD2000-023-7,Toxey-Gilbertown,90.0,33.0
1998,primary,CHOCTAW,12,Gilbertown,VTD2000-023-7,Toxey-Gilbertown,90.0,33.15789473684211
1998,primary,CHOCTAW,13,Melvin,,,60.00000000000001,10.90909090909092
1998,primary,CHOCTAW,14,Hurricane,,,51.42857142857142,3.9285714285714235
1998,primary,CHOCTAW,15,Barrytown,VTD2000-023-8,Barrytown-Womack Hill-Chappell Hill,90.0,22.5
1998,primary,CHOCTAW,16,Womack Hill,VTD2000-023-8,Barrytown-Womack Hill-Chappell Hill,90.0,40.909090909090914
1998,primary,CHOCTAW,17,Chappell Hill,VTD2000-023-8,Barrytown-Womack Hill-Chappell Hill,90.0,50.0
1998,primary,CHOCTAW,18,Cullomburg,VTD2000-023-9,Branch-Bladon Springs-Cullomburg,90.0,51.29032258064516
1998,primary,CHOCTAW,19,Bladon Springs,,,90.0,4.5
1998,primary,CHOCTAW,20,Silas,VTD2000-023-10,Silas-Souwilpa-Isney,90.0,36.0
1998,primary,CHOCTAW,21,Souwilpa,VTD2000-023-10,Silas-Souwilpa-Isney,90.0,45.55555555555556
1998,primary,CHOCTAW,22,Isney,VTD2000-023-10,Silas-Souwilpa-Isney,90.0,36.0
1998,primary,CHOCTAW,23,Toomey,,,65.45454545454547,14.154545454545463
1998,primary,CHOCTAW,24,Lusk,,,77.14285714285715,25.71428571428573
1998,primary,CHOCTAW,25,Pleasant Valley,VTD2000-023-11,Lush-Pleasant Valley,95.0,50.0
1998,primary,CHOCTAW,26,Ararat,,,60.00000000000001,10.000000000000007
1998,primary,CHOCTAW,27,Branch,VTD2000-023-9,Branch-Bladon Springs-Cullomburg,90.0,29.999999999999993
1998,primary,CHOCTAW,28,Pushmataha,VTD2000-023-4,Lisman-Pushmataha,90.0,40.909090909090914
1998,primary,CHOCTAW,29,Butler,VTD2000-023-5,Butler-Mt. Sterling,90.0,36.0
1998,primary,CHOCTAW,30,Mt. Sterling,VTD2000-023-5,Butler-Mt. Sterling,90.0,38.57142857142858
1998,primary,CHOCTAW,31,Riderwood,VTD2000-023-14,Riderwood-Rock Springs,90.0,49.76470588235294
1998,primary,CHOCTAW,32,Rocksprings,,,81.81818181818181,15.318181818181799
1998,primary,CHOCTAW,33,Calculated Totals,,,45.0,1.756756756756758
1998,primary,CLAY,1,Highland/Coppermine 01,VTD2000-027-0101,Highland-Coppermine,95.0,7.195121951219505
1998,primary,CLAY,2,Delta Community Center,VTD2000-027-0201,Delta Community Center,100.0,20.0
1998,primary,CLAY,3,Barfield Volunteer,VTD2000-027-0301,Barfield Volunteer Fire Dept.,90.0,40.0
1998,primary,CLAY,4,Lineville National Guard 04,,,77.77777777777779,0.0
1998,primary,CLAY,5,Highland/Coppermine 25,VTD2000-027-0101,Highland-Coppermine,95.0,9.285714285714292
1998,primary,CLAY,6,Idaho F.D.,,,85.5,35.5
1998,primary,CLAY,7,Hipine F.D.,,,85.5,22.5
1998,primary,CLAY,8,Millerville F.D. 08,,,85.5,0.0
1998,primary,CLAY,9,Coleta Valley F.D.,,,85.5,0.0
1998,primary,CLAY,10,Tri-Community F.D. 10,,,74.84848484848484,0.0
1998,primary,CLAY,11,Hollins Community Center,VTD2000-027-1001,Hollins Community Center,100.0,20.0
1998,primary,CLAY,12,Mellow Valley High 01,,,89.99999999999999,0.0
1998,primary,CLAY,13,Mellow Valley High 02,,,89.99999999999999,0.0
1998,primary,CLAY,14,Cragford F.D.,,,85.5,40.5
1998,primary,CLAY,15,Lineville National Guard 15,,,76.36363636363637,0.0
1998,primary,CLAY,16,Bluff Springs F.D.,,,85.5,43.14705882352941
1998,primary,CLAY,17,Ashland National Guard 17,VTD2000-027-2201,Ashland National Guard Armory,88.93617021276596,14.426366291197326
1998,primary,CLAY,18,Ashland National Guard 18A,,,87.27272727272728,10.34965034965036
1998,primary,CLAY,19,Ashland National Guard 18B,,,87.08333333333333,14.006410256410248
1998,primary,CLAY,20,Lineville National Guard 20,,,76.36363636363637,0.0
1998,primary,CLAY,21,Ashland National Guard 21,VTD2000-027-2201,Ashland National Guard Armory,88.93617021276596,14.426366291197326
1998,primary,CLAY,22,Millerville F.D. 22,,,85.5,0.0
1998,primary,CLAY,23,Tri-Community F.D. 23,,,74.84848484848484,0.0
1998,primary,CLAY,24,Calculated Totals,,,49.090909090909086,7.090909090909086
1998,primary,CLEBURNE,1,Borden Springs,VTD2000-029-1,Borden Springs,100.0,60.0
1998,primary,CLEBURNE,2,Oak Level,VTD2000-029-2,Oak Level,100.0,52.5
1998,primary,CLEBURNE,3,Muscadine,VTD2000-029-3,Muscadine,100.0,50.0
1998,primary,CLEBURNE,4,Edwardsville,VTD2000-029-4,Edwardsville,100.0,47.82608695652174
1998,primary,CLEBURNE,5,Heflin-1,VTD2000-029-6,Heflin,95.0,50.0
1998,primary,CLEBURNE,6,Heflin-2,VTD2000-029-6,Heflin,95.0,50.0
1998,primary,CLEBURNE,7,Heflin-3,VTD2000-029-6,Heflin,95.0,50.0
1998,primary,CLEBURNE,8,Heflin-4,VTD2000-029-6,Heflin,95.0,50.0
1998,primary,CLEBURNE,9,Heflin-5,VTD2000-029-6,Heflin,95.0,50.0
1998,primary,CLEBURNE,10,Heflin-6,VTD2000-029-6,Heflin,95.0,50.0
1998,primary,CLEBURNE,11,Bell's Mill,VTD2000-029-7,Bell's Mill,100.0,14.5
1998,primary,CLEBURNE,12,Plainview,VTD2000-029-8,Plainview-Hopewell,90.0,39.705882352941174
1998,primary,CLEBURNE,13,Hopewell,VTD2000-029-8,Plainview-Hopewell,90.0,42.94117647058824
1998,primary,CLEBURNE,14,Hightower 1A,,,85.5,40.5
1998,primary,CLEBURNE,15,Hightower 1B,,,85.5,40.5
1998,primary,CLEBURNE,16,Ranburne 2,VTD2000-029-9,Hightower-Ranburne,90.0,43.36363636363637
1998,primary,CLEBURNE,17,Ranburne 3,VTD2000-029-9,Hightower-Ranburne,90.0,43.36363636363637
1998,primary,CLEBURNE,18,Ranburne 4,,,85.5,40.5
1998,primary,CLEBURNE,19,Beason's Mill,VTD2000-029-10,Beason Mill,95.0,9.5
1998,primary,CLEBURNE,20,Bud Blake's,VTD2000-029-11,Bud Blake's-Guy Cavender's,90.0,46.81818181818181
1998,primary,CLEBURNE,21,Guy Cavender,VTD2000-029-11,Bud Blake's-Guy Cavender's,90.0,42.38095238095239
1998,primary,CLEBURNE,22,Chulafinnee 1,VTD2000-029-12,Chulafinnee-Abel,95.0,45.0
1998,primary,CLEBURNE,23,Chulafinnee 2,VTD2000-029-12,Chulafinnee-Abel,95.0,45.0
1998,primary,CLEBURNE,24,Abel,VTD2000-029-12,Chulafinnee-Abel,90.0,12.857142857142847
1998,primary,CLEBURNE,25,Fruithurst,VTD2000-029-15,Fruithurst,100.0,64.0
1998,primary,CLEBURNE,26,Absentees,,,50.0,5.0
1998,primary,CLEBURNE,27,Calculated,,,51.300000000000004,13.405263157894744
1998,primary,COFFEE,1,Delaneys Cross Roads,VTD2000-031-2,Danley's Cross Roads,90.0,36.0
1998,primary,COFFEE,2,Lee Community,VTD2000-031-3,Lee Community,100.0,22.27272727272728
1998,primary,COFFEE,3,Newby,VTD2000-031-4,Newby,100.0,28.0
1998,primary,COFFEE,4,Bluff Springs,VTD2000-031-5,Bluff Springs,100.0,28.0
1998,primary,COFFEE,5,Natl Gd Armory-Elba,,,85.5,0.0
1998,primary,COFFEE,6,Zion Chapel,VTD2000-031-15,Zion Chapel,100.0,48.699999999999996
1998,primary,COFFEE,7,Pine Level,VTD2000-031-19,Pine Level,100.0,47.36842105263157
1998,primary,COFFEE,8,Basin,VTD2000-031-20,Basin,100.0,46.0
1998,primary,COFFEE,9,Wise Mill,VTD2000-031-21,Wise Mill,100.0,47.36842105263157
1998,primary,COFFEE,10,Matthews Store,VTD2000-031-22,Matthews Store,100.0,35.71428571428572
1998,primary,COFFEE,11,New Brocton Farm Ctr,VTD2000-031-9-2,New Brockton Farm Center,97.87234042553192,12.372340425531917
1998,primary,COFFEE,12,Victoria,VTD2000-031-10-1,Victoria,100.0,55.0
1998,primary,COFFEE,13,Chestnut Grove,VTD2000-031-10-2,Chestnut Grove,100.0,50.0
1998,primary,COFFEE,14,Frisco,VTD2000-031-11,Frisco,100.0,50.909090909090914
1998,primary,COFFEE,15,Eanon,VTD2000-031-12,Eanon,100.0,46.0
1998,primary,COFFEE,16,Heritage Ch-Enterprise,,,85.5,31.5
1998,primary,COFFEE,17,Perrys Store,VTD2000-031-1,Perry's Store,96.0,26.769230769230774
1998,primary,COFFEE,18,Elba Reserve Armory,,,85.5,0.0
1998,primary,COFFEE,19,Pleasant Ridge,VTD2000-031-7-2,Pleasant Ridge,100.0,30.90909090909092
1998,primary,COFFEE,20,Info Community,VTD2000-031-14-1,Ino Community,96.2962962962963,18.569023569023585
1998,primary,COFFEE,21,Holleys Store,VTD2000-031-14-2,Holley's Store,96.2962962962963,27.06552706552708
1998,primary,COFFEE,22,Damascus,VTD2000-031-16,Damascus,100.0,57.25
1998,primary,COFFEE,23,Kingston,VTD2000-031-18,Kinston,93.33333333333333,33.33333333333332
1998,primary,COFFEE,24,Goodman,VTD2000-031-7-1,Goodman,100.0,46.0
1998,primary,COFFEE,25,Mount Pleasant,VTD2000-031-8-1,Mount Pleasant,100.0,30.90909090909092
1998,primary,COFFEE,26,Cool Springs,VTD2000-031-8-2,Cool Springs,100.0,28.0
1998,primary,COFFEE,27,Enterprise Civic Ctr,,,85.5,25.499999999999993
1998,primary,COFFEE,28,Fairview,VTD2000-031-23,Fairview,100.0,46.5625
1998,primary,COFFEE,29,Elba Mulberry Heights,,,85.5,40.5
1998,primary,COFFEE,30,New Brocton Natl Gd,,,85.5,13.5
1998,primary,COFFEE,31,Enterprise Army Res #1,,,85.5,34.07142857142858
1998,primary,COFFEE,32,Enterprise Army Res #2,,,85.5,34.07142857142858
1998,primary,COFFEE,33,Enterprise YMCA 1,,,85.5,32.55882352941176
1998,primary,COFFEE,34,Enterprise YMCA 2,,,85.5,32.55882352941176
1998,primary,COFFEE,35,Enterprise Rec Ctr 1,VTD2000-031-17,Enterprise Rec Center-YMCA-Army Res Center,90.0,32.307692307692314
1998,primary,COFFEE,36,Enterprise Rec Ctr 2,VTD2000-031-17,Enterprise Rec Center-YMCA-Army Res Center,90.0,32.307692307692314
1998,primary,COFFEE,37,Calculated,,,45.0,0.0
1998,primary,CONECUH,1,Annex,VTD2000-035-1-1,Annex Voting House,90.0,33.0
1998,primary,CONECUH,2,Lyeffion,VTD2000-035-2-1,Lyeffion Fire Dept.,90.0,33.0
1998,primary,CONECUH,3,Skinnerton,,,48.0,2.3999999999999986
1998,primary,CONECUH,4,Robinson Mill,,,85.5,25.499999999999993
1998,primary,CONECUH,5,Belleville 1A,,,85.5,33.0
1998,primary,CONECUH,6,Belleville 1B,,,85.5,33.0
1998,primary,CONECUH,7,Old Field AME Zion 2A,,,68.39999999999999,17.117948717948714
1998,primary,CONECUH,8,Old Field AME Zion 2B,,,68.39999999999999,17.117948717948714
1998,primary,CONECUH,9,Range Fire Hse,,,85.5,0.0
1998,primary,CONECUH,10,Lenox Comm Ct,,,86.36363636363636,23.03030303030304
1998,primary,CONECUH,11,Santcutt Fire Hse,,,85.5,0.0
1998,primary,CONECUH,12,Castleberry Fire Hse,,,84.44444444444444,36.94444444444444
1998,primary,CONECUH,13,Castleberry Fire Hse 2A,,,85.5,7.551282051282058
1998,primary,CONECUH,14,Castleberry Fire Hse 2B,,,85.5,7.551282051282058
1998,primary,CONECUH,15,Brooklyn Fire Hse,,,85.5,0.0
1998,primary,CONECUH,16,Paul Fire Hse,,,85.5,0.0
1998,primary,CONECUH,17,Johnsonville Fire Hse,,,85.0,25.425531914893618
1998,primary,CONECUH,18,Antioch Vot Hse,,,85.71428571428572,25.108225108225113
1998,primary,CONECUH,19,Mt Union Ch,VTD2000-035-9-2,Mount Union Church,100.0,23.095238095238102
1998,primary,CONECUH,20,A Brownville Fire Hse,,,79.16666666666666,22.02380952380952
1998,primary,CONECUH,21,B Brownville Fire Hse,,,79.16666666666666,22.02380952380952
1998,primary,CONECUH,22,Flatrock,,,78.75,27.321428571428577
1998,primary,CONECUH,23,David Burt,,,90.0,4.5
1998,primary,CONECUH,24,David Burt Bldg. A,VTD2000-035-11-1,David Burt Building,95.0,45.0
1998,primary,CONECUH,25,David Burt Bldg. B,VTD2000-035-11-1,David Burt Building,95.0,47.5
1998,primary,CONECUH,26,Natl Grd A,,,72.0,27.0
1998,primary,CONECUH,27,Natl Grd B,,,72.0,27.0
1998,primary,CONECUH,28,Health Dept A,VTD2000-035-11-4,Health Dept.,95.0,19.0
1998,primary,CONECUH,29,Health Dept B,VTD2000-035-11-4,Health Dept.,95.0,19.0
1998,primary,CONECUH,30,Nazarene Bapt Ch,VTD2000-035-12-1,Nazarene Baptist Church,100.0,44.390243902439025
1998,primary,CONECUH,31,Repton City Hall,VTD2000-035-13-1,Repton City Hall,100.0,51.35135135135135
1998,primary,CONECUH,32,Wooten Vot Ct 1A,,,72.22222222222221,0.0
1998,primary,CONECUH,33,Wooten Vot Ct 1 B,,,70.27027027027026,0.0
1998,primary,CONECUH,34,Wooten Vot Ct 3A,,,72.22222222222221,0.0
1998,primary,CONECUH,35,Wooten Vot Ct 3B,,,72.22222222222221,0.0
1998,primary,CONECUH,36,Mt Zion Ch,,,95.0,3.5714285714285694
1998,primary,CONECUH,37,Bermuda Fire Hse 2A,,,61.904761904761905,11.610644257703086
1998,primary,CONECUH,38,Bermuda Fire Hse 2B,,,61.904761904761905,11.610644257703086
1998,primary,CONECUH,39,Little Zion Ch 1A,VTD2000-035-16-1,Little Zion Church,95.0,29.6875
1998,primary,CONECUH,40,Little Zion Ch 1B,VTD2000-035-16-1,Little Zion Church,95.0,29.6875
1998,primary,CONECUH,41,Calculated,,,45.0,0.0
1998,primary,COOSA,1,Equality,,,90.0,0.0
1998,primary,COOSA,2,Mt. Olive,,,49.090909090909086,0.0
1998,primary,COOSA,3,Kelleyton-Comm Ctr,,,98.0392156862745,0.0
1998,primary,COOSA,4,Goodwater,,,90.0,0.0
1998,primary,COOSA,5,Hanover,,,90.0,0.0
1998,primary,COOSA,6,Rockford,,,90.0,0.0
1998,primary,COOSA,7,Wedgufka,,,78.75,33.75
1998,primary,COOSA,8,Stewartville,,,90.0,0.0
1998,primary,COOSA,9,Marble Valley,VTD2000-037-13-18,Marble Valley Fire Dept.,90.0,38.57142857142858
1998,primary,COOSA,10,Richville,,,90.0,0.0
1998,primary,COOSA,11,Ray,VTD2000-037-17-7,Ray Community Center,90.0,45.0
1998,primary,COOSA,12,Cottage Grove,VTD2000-037-19-9,Cottage Grove School,90.0,45.0
1998,primary,COOSA,13,Calculated,,,45.6,5.364705882352943
1998,primary,COVINGTON,1,Andalusia 1,VTD2000-039-1,Andalusia,100.0,52.0
1998,primary,COVINGTON,2,Andalusia 2,VTD2000-039-1,Andalusia,100.0,52.0
1998,primary,COVINGTON,3,Andalusia 3,VTD2000-039-1,Andalusia,100.0,52.0
1998,primary,COVINGTON,4,Andalusia 4,VTD2000-039-1,Andalusia,95.0,50.0
1998,primary,COVINGTON,5,Andalusia 5,VTD2000-039-1,Andalusia,95.0,50.0
1998,primary,COVINGTON,6,Andalusia 6,VTD2000-039-1,Andalusia,95.0,50.0
1998,primary,COVINGTON,7,Andalusia 7,VTD2000-039-1,Andalusia,95.0,50.0
1998,primary,COVINGTON,8,Andalusia 8,VTD2000-039-1,Andalusia,95.0,50.0
1998,primary,COVINGTON,9,Andalusia 9,VTD2000-039-1,Andalusia,95.0,50.0
1998,primary,COVINGTON,10,Andalusia 10,VTD2000-039-1,Andalusia,95.0,50.0
1998,primary,COVINGTON,11,Libertyville,,,46.95652173913043,1.9565217391304301
1998,primary,COVINGTON,12,Fairfield,VTD2000-039-2,Fairfield-Shady Bend,90.0,33.0
1998,primary,COVINGTON,13,Shady Bend,VTD2000-039-2,Fairfield-Shady Bend,90.0,39.705882352941174
1998,primary,COVINGTON,14,Opp 1,VTD2000-039-3,Opp,100.0,55.0
1998,primary,COVINGTON,15,Opp 2,VTD2000-039-3,Opp,100.0,55.0
1998,primary,COVINGTON,16,Opp 3,VTD2000-039-3,Opp,100.0,55.0
1998,primary,COVINGTON,17,Opp 4,VTD2000-039-3,Opp,90.0,54.0
1998,primary,COVINGTON,18,Opp 5,VTD2000-039-3,Opp,90.0,54.0
1998,primary,COVINGTON,19,Opp 6,VTD2000-039-3,Opp,90.0,54.0
1998,primary,COVINGTON,20,Rose Hill,VTD2000-039-4,Rose Hill-Rodgers,90.0,30.0
1998,primary,COVINGTON,21,Rodger's Voting House,,,85.5,0.0
1998,primary,COVINGTON,22,Marvin Odom's Voting House,,,85.5,0.0
1998,primary,COVINGTON,23,Loango,VTD2000-039-6,Loango,100.0,50.909090909090914
1998,primary,COVINGTON,24,McAdam's Store,,,85.5,0.0
1998,primary,COVINGTON,25,Goolsby's Place,,,90.0,4.5
1998,primary,COVINGTON,26,Babbie,VTD2000-039-8,Babbie-Cedar Grove,90.0,43.36363636363637
1998,primary,COVINGTON,27,Cedar Grove,VTD2000-039-8,Babbie-Cedar Grove,90.0,36.00000000000001
1998,primary,COVINGTON,28,Florala 1,VTD2000-039-9,Florala,100.0,48.57142857142858
1998,primary,COVINGTON,29,Florala 2,VTD2000-039-9,Florala,100.0,48.57142857142858
1998,primary,COVINGTON,30,Florala 3,VTD2000-039-9,Florala,100.0,48.57142857142858
1998,primary,COVINGTON,31,Florala 4,VTD2000-039-9,Florala,95.0,45.909090909090914
1998,primary,COVINGTON,32,Wing,,,77.14285714285715,9.642857142857153
1998,primary,COVINGTON,33,Catse's Store,,,85.5,0.0
1998,primary,COVINGTON,34,Pigeon Creek,,,55.882352941176464,7.882352941176464
1998,primary,COVINGTON,35,Brooks,VTD2000-039-11,Buck Creek-Brooks,90.0,29.999999999999993
1998,primary,COVINGTON,36,Red Level 1,VTD2000-039-12,Red Level City Hall,90.0,39.705882352941174
1998,primary,COVINGTON,37,Red Level 2,VTD2000-039-12,Red Level City Hall,90.0,39.705882352941174
1998,primary,COVINGTON,38,Blue Springs,VTD2000-039-13,Blue Springs,100.0,47.82608695652174
1998,primary,COVINGTON,39,Valley Grove,,,85.5,0.0
1998,primary,COVINGTON,40,Friendship,VTD2000-039-14,Valley Grave-Friendship,90.0,36.0
1998,primary,COVINGTON,41,Gantt 1,VTD2000-039-15,Gantt City Hall,90.0,38.57142857142858
1998,primary,COVINGTON,42,Gantt 2,VTD2000-039-15,Gantt City Hall,90.0,38.57142857142858
1998,primary,COVINGTON,43,Straughn,VTD2000-039-16,Straughn School-Heath,90.0,40.909090909090914
1998,primary,COVINGTON,44,Heath,VTD2000-039-16,Straughn School-Heath,90.0,29.999999999999993
1998,primary,COVINGTON,45,Wiggins Store,VTD2000-039-17,Wiggins Store,100.0,14.5
1998,primary,COVINGTON,46,River Falls,VTD2000-039-18,River Falls City Hall,90.0,35.5909090909091
1998,primary,COVINGTON,47,Carter School,,,90.0,4.5
1998,primary,COVINGTON,48,Stanley School,,,90.0,4.5
1998,primary,COVINGTON,49,Sanford,VTD2000-039-20,Sanford-Harmony-Oakey Ridge,90.0,43.36363636363637
1998,primary,COVINGTON,50,Harmony,VTD2000-039-20,Sanford-Harmony-Oakey Ridge,90.0,38.57142857142858
1998,primary,COVINGTON,51,Oakey Ridge,VTD2000-039-20,Sanford-Harmony-Oakey Ridge,90.0,40.0
1998,primary,COVINGTON,52,Carolina,VTD2000-039-21,Carolina City Hall,90.0,33.75
1998,primary,COVINGTON,53,Bole's Mill,VTD2000-039-22,Bole's Mill,100.0,14.5
1998,primary,COVINGTON,54,Beulah,VTD2000-039-23,Beulah BC,90.0,36.0
1998,primary,COVINGTON,55,Lockhart 1,VTD2000-039-24,Lockhart,100.0,39.99999999999999
1998,primary,COVINGTON,56,Lockhart 2,VTD2000-039-24,Lockhart,100.0,39.99999999999999
1998,primary,COVINGTON,57,Calculated Totals,,,45.714285714285715,0.7142857142857153
1998,primary,CRENSHAW,1,Panola Community Ctr,VTD2000-041-1,Panola Community Center,100.0,16.666666666666657
1998,primary,CRENSHAW,2,Danielville Sch Hse,,,87.8048780487805,29.268292682926827
1998,primary,CRENSHAW,3,Petrey Comm Ctr,VTD2000-041-3,Petery Community Center,95.65217391304348,10.545790934320081
1998,primary,CRENSHAW,4,Honoraville Sch,,,85.5,15.22972972972974
1998,primary,CRENSHAW,5,Patsburg Depot Bldg,VTD2000-041-5,Patsburg Depot Building,100.0,65.0
1998,primary,CRENSHAW,6,Rutledge Comm Ctr,VTD2000-041-6,Rutledge Community Center,100.0,16.0
1998,primary,CRENSHAW,7,Vidette Comm Ctr,VTD2000-041-7,Vidette Community Center,100.0,14.893617021276597
1998,primary,CRENSHAW,8,Bushs Gro-Brantley,,,68.75,10.28846153846154
1998,primary,CRENSHAW,9,Brantley Comm Ctr,VTD2000-041-9,Brantley Community Center,100.0,16.0
1998,primary,CRENSHAW,10,Glenwood City Hall,,,83.33333333333334,36.27450980392158
1998,primary,CRENSHAW,11,Weeds Store Brantley,VTD2000-041-11,Weeds Store,90.0,31.53846153846154
1998,primary,CRENSHAW,12,Pleasant Home Sch,VTD2000-041-12,Pleasant Home School,100.0,14.5
1998,primary,CRENSHAW,13,To-New Fire Dept,,,85.5,0.0
1998,primary,CRENSHAW,14,County Courthouse,VTD2000-041-14,Crenshaw County Courthouse,90.0,35.45454545454545
1998,primary,CRENSHAW,15,Dozier City Hall,,,81.25,31.375000000000007
1998,primary,CRENSHAW,16,Harbin Farm Ctr-Luverne,VTD2000-041-16,Harbin Farm Center,95.0,45.6
1998,primary,CRENSHAW,17,Lillers Store-Brantley,,,85.5,22.085365853658537
1998,primary,CRENSHAW,18,Chapel Hill Comm Ctr,VTD2000-041-18,Chapel Hill Community Center,100.0,14.5
1998,primary,CRENSHAW,19,Calculated,,,45.0,3.46153846153846
1998,primary,DALE,1,Ozark Ctr #1,VTD2000-045-1,Ozark,90.0,45.0
1998,primary,DALE,2,Ozark Ctr #2,VTD2000-045-1,Ozark,90.0,45.0
1998,primary,DALE,3,Ozark Ctr2 Mem.Lib H-L,VTD2000-045-1,Ozark,90.0,45.0
1998,primary,DALE,4,Ozark Ctr3 West M-Z#1,VTD2000-045-1,Ozark,90.0,45.0
1998,primary,DALE,5,Ozark Ctr3 West M-Z#2,VTD2000-045-1,Ozark,90.0,45.0
1998,primary,DALE,6,Clayhatchee-Comm.Hse.,,,67.5,2.0454545454545325
1998,primary,DALE,7,Daleville-City Hall 1,,,90.0,4.5
1998,primary,DALE,8,Daleville-City Hall 2,,,90.0,4.5
1998,primary,DALE,9,Newton-City Hall,VTD2000-045-4,Newton,90.0,33.0
1998,primary,DALE,10,Arguta-Voting House,VTD2000-045-5,Arguta,90.0,38.57142857142858
1998,primary,DALE,11,Pinckard-City Hall,,,85.5,8.357142857142847
1998,primary,DALE,12,Rocky Head-Comm. Hse.,,,85.5,0.0
1998,primary,DALE,13,Rocky Head-Ft. Rucker,,,90.0,0.0
1998,primary,DALE,14,Midland City,VTD2000-045-8,Midland City,100.0,58.69565217391305
1998,primary,DALE,15,Grimes,,,45.0,0.0
1998,primary,DALE,16,Sylvan Grove,,,47.5,2.5
1998,primary,DALE,17,Echo,VTD2000-045-9,Echo,100.0,48.57142857142858
1998,primary,DALE,18,Clopton,VTD2000-045-10,Clopton,100.0,48.57142857142858
1998,primary,DALE,19,Skipperville,VTD2000-045-11,Skipperville,100.0,42.85714285714286
1998,primary,DALE,20,Ariton,VTD2000-045-12,Ariton,100.0,46.0
1998,primary,DALE,21,Bertha,VTD2000-045-13,Bertha,100.0,50.0
1998,primary,DALE,22,Ewell,VTD2000-045-14,Ewell,100.0,46.0
1998,primary,DALE,23,Marley Mill,VTD2000-045-15,Marley Mill,100.0,40.0
1998,primary,DALE,24,Level Plains,VTD2000-045-16,Level Plains,100.0,46.0
1998,primary,DALE,25,Calculated Totals,,,45.0,0.0
1998,primary,DALLAS,1,Plantersville,VTD2000-047-0101,Plantersville VFD,90.0,38.57142857142858
1998,primary,DALLAS,2,Summerfield,VTD2000-047-0201,Summerfield VFD,90.0,40.909090909090914
1998,primary,DALLAS,3,Woodlawn Valley Gr.,,,85.5,31.5
1998,primary,DALLAS,4,Orrville,VTD2000-047-0401,Orrville High School,90.0,22.5
1998,primary,DALLAS,5,Beloit,VTD2000-047-0402,Beloit Community Center,90.0,29.999999999999993
1998,primary,DALLAS,6,Tipton,,,72.0,0.0
1998,primary,DALLAS,7,Selmont,,,90.0,0.0
1998,primary,DALLAS,8,Tyler,VTD2000-047-0601,Tyler Community Center,90.0,22.5
1998,primary,DALLAS,9,Pleasant Hill,,,57.6,7.600000000000001
1998,primary,DALLAS,10,Burnsville Mt.,,,67.5,15.68181818181818
1998,primary,DALLAS,11,Union Armory,,,72.0,19.58620689655173
1998,primary,DALLAS,12,Union Dallas A/C,,,85.5,12.423076923076934
1998,primary,DALLAS,13,Safford,VTD2000-047-1101,Safford Community Center,90.0,24.545454545454533
1998,primary,DALLAS,14,Marion Jct.,VTD2000-047-1201,Marion Jct Exp,95.0,41.00000000000001
1998,primary,DALLAS,15,Sardis,VTD2000-047-1301,Sardis VFD,90.0,36.0
1998,primary,DALLAS,16,Browns,,,60.00000000000001,3.000000000000007
1998,primary,DALLAS,17,Minter,,,72.0,0.0
1998,primary,DALLAS,18,Courthouse,VTD2000-047-D13S,Dallas County Courthouse,90.0,38.699999999999996
1998,primary,DALLAS,19,Eastend,,,77.14285714285715,21.758241758241766
1998,primary,DALLAS,20,Carver,VTD2000-047-D18W,Carver Neighbor Center,90.0,33.0
1998,primary,DALLAS,21,Selma,VTD2000-047-D34E,Selma Mall,90.0,10.0
1998,primary,DALLAS,22,Woodrow AV,VTD2000-047-D34W,Woodrow Ave Fire Station,90.0,42.0
1998,primary,DALLAS,23,Rangedale,VTD2000-047-D35E,Rangedale Center,90.0,33.0
1998,primary,DALLAS,24,Northern Hts.,,,57.0,7.0
1998,primary,DALLAS,25,Broad ST,VTD2000-047-D37E,Broad St Fire Station,90.0,33.0
1998,primary,DALLAS,26,Memorial Stadium,,,81.25,29.949999999999996
1998,primary,DALLAS,27,Armory,VTD2000-047-0901,Old NG Armory,90.0,40.909090909090914
1998,primary,DALLAS,28,Cahaba,VTD2000-047-D52S,Cahaba Rd Fire Station,90.0,45.0
1998,primary,DALLAS,29,Byrd,VTD2000-047-D53N,Byrd School,90.0,29.999999999999993
1998,primary,DALLAS,30,Queen of Peace School,VTD2000-047-D54Q,Queen of Peace School,100.0,14.5
1998,primary,DALLAS,31,Calculated,,,48.0,0.0
1998,primary,DEKALB,1,Mt. Vernon,VTD2000-049-1,Mt. Vernon-Drake,90.0,29.999999999999993
1998,primary,DEKALB,2,Dog Town,VTD2000-049-2,Dog Town,100.0,55.55555555555556
1998,primary,DEKALB,3,Gravel Hill,,,54.0,0.0
1998,primary,DEKALB,4,Prov Hill,,,58.46153846153846,1.46153846153846
1998,primary,DEKALB,5,Copeland Bridge,VTD2000-049-5,Copeland's Bridge,95.0,28.68421052631578
1998,primary,DEKALB,6,Town Hall,,,63.33333333333332,0.17543859649121885
1998,primary,DEKALB,7,Methodist Church,,,60.00000000000001,15.000000000000007
1998,primary,DEKALB,8,Baptist Church,,,45.86206896551724,0.8620689655172384
1998,primary,DEKALB,9,Comm Ctr Pineridge,,,85.26315789473685,9.980139026812324
1998,primary,DEKALB,10,Courthouse 1A,,,45.0,1.5217391304347814
1998,primary,DEKALB,11,Courthouse 1B,,,45.0,2.25
1998,primary,DEKALB,12,Courthouse 1C,,,45.0,2.25
1998,primary,DEKALB,13,Senior Citizen 2A,,,49.090909090909086,1.722488038277497
1998,primary,DEKALB,14,Senior Citizen 2B,,,49.090909090909086,2.4545454545454533
1998,primary,DEKALB,15,Fire Hall 3A,,,63.63636363636363,3.636363636363626
1998,primary,DEKALB,16,Fire Hall 3B,,,63.63636363636363,3.636363636363626
1998,primary,DEKALB,17,Saddle Club,,,43.47826086956522,2.173913043478265
1998,primary,DEKALB,18,Nieghborhood Church,,,49.87499999999999,4.874999999999993
1998,primary,DEKALB,19,Rec Center 6A,,,60.00000000000001,7.384615384615394
1998,primary,DEKALB,20,Rec Center 6B,,,60.00000000000001,7.384615384615394
1998,primary,DEKALB,21,VFW Hall 7A,,,57.14285714285714,2.597402597402599
1998,primary,DEKALB,22,VFW Hall 7B,,,57.14285714285714,11.688311688311678
1998,primary,DEKALB,23,Forrest AV,,,60.0,16.52173913043478
1998,primary,DEKALB,24,Garrett Carpet,,,54.0,7.846153846153847
1998,primary,DEKALB,25,Fort Payne,VTD2000-049-9,Fort Payne,100.0,55.0
1998,primary,DEKALB,26,Town Hall/Valley Head,,,90.0,4.5
1998,primary,DEKALB,27,Armory/Hammondville,,,69.23076923076923,6.230769230769226
1998,primary,DEKALB,28,Lee's Chapel,VTD2000-049-12,Lea's Chapel,91.66666666666666,31.66666666666665
1998,primary,DEKALB,29,Sulpher Springs,VTD2000-049-13,Sulphur Springs,93.33333333333333,36.33333333333333
1998,primary,DEKALB,30,Cartersville,,,58.33333333333333,1.0606060606060552
1998,primary,DEKALB,31,Paynes Chapel/Shiloh,,,90.0,4.5
1998,primary,DEKALB,32,Mount Olive Advent,,,61.111111111111114,7.111111111111114
1998,primary,DEKALB,33,Town Hall 2A,,,85.5,30.95454545454546
1998,primary,DEKALB,34,Town Hall 2B,,,85.5,30.95454545454546
1998,primary,DEKALB,35,Ruritan Bldg 3A,,,47.5,1.8999999999999986
1998,primary,DEKALB,36,Ruritan Bldg 3B,,,45.6,0.6000000000000014
1998,primary,DEKALB,37,Blake Community,,,85.5,39.439393939393945
1998,primary,DEKALB,38,R'Ville Burnt CH,,,56.25,0.9308510638297847
1998,primary,DEKALB,39,Civic Center 3A,,,85.5,25.499999999999993
1998,primary,DEKALB,40,Civic Center 3B,,,85.5,25.499999999999993
1998,primary,DEKALB,41,Civic Center 3C,,,85.5,25.499999999999993
1998,primary,DEKALB,42,Civic Center 3D,,,85.5,25.499999999999993
1998,primary,DEKALB,43,Town Hall/Powell,,,90.0,4.5
1998,primary,DEKALB,44,Tenbroeck,,,50.0,0.9090909090909136
1998,primary,DEKALB,45,Club House,,,45.0,6.4285714285714235
1998,primary,DEKALB,46,Old School,,,54.54545454545454,9.545454545454533
1998,primary,DEKALB,47,School Lobby,,,54.0,4.0
1998,primary,DEKALB,48,Town Hall/Crossville,,,85.5,0.0
1998,primary,DEKALB,49,Kilpatrick,VTD2000-049-18,Kilpatrick,100.0,55.0
1998,primary,DEKALB,50,Aroney Chevron,,,69.23076923076923,20.13986013986014
1998,primary,DEKALB,51,Community House,,,85.5,40.04545454545454
1998,primary,DEKALB,52,Crossville School,,,60.00000000000001,4.827586206896562
1998,primary,DEKALB,53,Lathemville,,,58.33333333333333,4.895833333333329
1998,primary,DEKALB,54,Pea Ridge Church,,,85.5,11.152173913043484
1998,primary,DEKALB,55,Town Hall Ider 2A,,,85.5,0.0
1998,primary,DEKALB,56,Town Hall Ider 2B,,,85.5,0.0
1998,primary,DEKALB,57,Mt. Home Church,,,51.42857142857142,0.0
1998,primary,DEKALB,58,Adamsburg,,,50.0,12.0
1998,primary,DEKALB,59,F H #3,,,60.00000000000001,0.0
1998,primary,DEKALB,60,Town Hall/Mentone,,,90.0,4.5
1998,primary,DEKALB,61,Club House P'ville,,,53.333333333333336,2.0333333333333314
1998,primary,DEKALB,62,Fairview,,,48.0,0.0
1998,primary,DEKALB,63,McKestes,,,53.333333333333336,0.7179487179487225
1998,primary,DEKALB,64,Whiton,,,72.0,22.0
1998,primary,DEKALB,65,Painter,,,65.45454545454547,6.631016042780757
1998,primary,DEKALB,66,Harmony,VTD2000-049-24,Harmony,100.0,50.909090909090914
1998,primary,DEKALB,67,Antioch,,,51.42857142857142,4.3697478991596626
1998,primary,DEKALB,68,Fyffe,VTD2000-049-25,Fyffe,100.0,55.0
1998,primary,DEKALB,69,Shiloh,VTD2000-049-14,Shiloh,100.0,43.0
1998,primary,DEKALB,70,Moore's Crossroads,,,85.5,40.5
1998,primary,DEKALB,71,Pleasant Hill,VTD2000-049-26,Pleasant Hill,100.0,38.46153846153846
1998,primary,DEKALB,72,Guest McKestes,,,51.42857142857142,2.9670329670329636
1998,primary,DEKALB,73,A to Z Ctr,,,85.5,20.045454545454533
1998,primary,DEKALB,74,Geraldine,VTD2000-049-27,Geraldine,100.0,44.61538461538461
1998,primary,DEKALB,75,Oak Hill,,,85.5,31.214285714285715
1998,primary,DEKALB,76,Fischer Crossroads,,,75.00000000000001,30.000000000000014
1998,primary,DEKALB,77,Loveless McNutt,VTD2000-049-29,Loveless,90.0,40.909090909090914
1998,primary,DEKALB,78,Skirum,VTD2000-049-30,Skirum,100.0,55.0
1998,primary,DEKALB,79,Calculated,,,47.61904761904761,0.1190476190476133
1998,primary,ELMORE,1,Tallassee Recreation Ctr,VTD2000-051-0011,Tallassee Recreation Center,100.0,41.17647058823529
1998,primary,ELMORE,2,Southside School,VTD2000-051-0021,South Side School,96.96969696969697,44.33811802232854
1998,primary,ELMORE,3,Friendship Fire Dept.,VTD2000-051-0031,Friendship Fire Dept.,100.0,18.367346938775512
1998,primary,ELMORE,4,Asbury-Kent,VTD2000-051-0041,Asbury-Kent Community Center,90.0,38.699999999999996
1998,primary,ELMORE,5,Kowaliga Fire Dept.,VTD2000-051-0051,Kowaliga Fire Dept.,100.0,20.833333333333343
1998,primary,ELMORE,6,Redhill,VTD2000-051-0052,Redhill Voting House,90.0,24.545454545454533
1998,primary,ELMORE,7,Eclectic Fire Station,VTD2000-051-0061,Eclectic Fire Station,100.0,24.0
1998,primary,ELMORE,8,Seman Community Ctr,,,86.95652173913044,0.0
1998,primary,ELMORE,9,Santuck Community Ctr,,,100.0,0.0
1998,primary,ELMORE,10,Wallsboro Fire Dept.,VTD2000-051-0101,Wallsboro Fire Dept.,100.0,20.833333333333343
1998,primary,ELMORE,11,Weoka,VTD2000-051-0111,Weoka Voting House,90.0,38.57142857142858
1998,primary,ELMORE,12,Buyck Fire Dept,VTD2000-051-0121,Buyck Fire Department,100.0,20.833333333333343
1998,primary,ELMORE,13,Titus Community Ctr,VTD2000-051-0131,Titus Community Center,100.0,17.391304347826093
1998,primary,ELMORE,14,Lightwood Fire Station,VTD2000-051-0141,Lightwood Fire Station,100.0,24.0
1998,primary,ELMORE,15,Holtville Fire Station,VTD2000-051-0151,Holtville Fire station,100.0,24.0
1998,primary,ELMORE,16,Deatsville Masonic,VTD2000-051-0161,Deatsville Masonic Lodge,95.0,42.74999999999999
1998,primary,ELMORE,17,Crenshaw Park,VTD2000-051-0171,Crenshaw Park,100.0,14.5
1998,primary,ELMORE,18,Fitzpatrick,,,90.0,0.0
1998,primary,ELMORE,19,Coosada City Hall,,,95.0,0.0
1998,primary,ELMORE,20,Grandview Pines #1,,,51.42857142857142,3.4285714285714235
1998,primary,ELMORE,21,Grandview Pines #2,,,51.42857142857142,3.4285714285714235
1998,primary,ELMORE,22,Millbrook Memorial #1,,,95.0,0.0
1998,primary,ELMORE,23,Millbrook Memorial #2,,,95.0,0.0
1998,primary,ELMORE,24,Fain Park,,,90.0,0.0
1998,primary,ELMORE,25,Wetumpka Armory,VTD2000-051-0322,Wetumpka Armory,100.0,14.5
1998,primary,ELMORE,26,Pleasant Hill,VTD2000-051-0311,Pleasant Hill Community Center,90.0,40.909090909090914
1998,primary,ELMORE,27,Blue Ridge,,,90.0,0.0
1998,primary,ELMORE,28,Redland Fire Station,VTD2000-051-033A,Redland Fire Station,100.0,15.789473684210535
1998,primary,ELMORE,29,Rock Springs,VTD2000-051-0341,Rock Springs,100.0,48.699999999999996
1998,primary,ELMORE,30,Calculated,,,50.0,2.0
1998,primary,ESCAMBIA,1,Dixie,VTD2000-053-0110,Dixie Vol. Fire Dept.,90.0,38.57142857142858
1998,primary,ESCAMBIA,2,Bethel-Roberts,VTD2000-053-090H,Bethel-Roberts Voting House,90.0,40.0
1998,primary,ESCAMBIA,3,East Brewton-Neal Sch.,,,85.5,0.0
1998,primary,ESCAMBIA,4,Brewton,,,90.0,0.0
1998,primary,ESCAMBIA,5,East Brewton-City Hall,VTD2000-053-050D,East Brewton City Hall,100.0,26.315789473684205
1998,primary,ESCAMBIA,6,Riverview,VTD2000-053-070F,Riverview Town Hall,90.0,26.470588235294123
1998,primary,ESCAMBIA,7,Pollard,VTD2000-053-0230,Pollard Town Hall,90.0,24.545454545454533
1998,primary,ESCAMBIA,8,Alco,VTD2000-053-0010,Alco-JD Museum,90.0,33.0
1998,primary,ESCAMBIA,9,Brewton-Elem. Sch. #1,,,85.5,0.0
1998,primary,ESCAMBIA,10,Brewton-Elem. Sch. #2,,,85.5,0.0
1998,primary,ESCAMBIA,11,McCall,VTD2000-053-0220,McCall School,90.0,14.999999999999986
1998,primary,ESCAMBIA,12,Flomaton-City Hall,VTD2000-053-0150,Flomaton City Hall,100.0,23.529411764705884
1998,primary,ESCAMBIA,13,Flomation-Com. House,,,83.72093023255813,18.85606536769326
1998,primary,ESCAMBIA,14,Little Escambia,VTD2000-053-0160,Little Escambia Voting House,90.0,35.714285714285715
1998,primary,ESCAMBIA,15,Pineview,VTD2000-053-0170,Pineview Voting House,90.0,22.5
1998,primary,ESCAMBIA,16,Barnetts Crossroads,VTD2000-053-0180,Barnett Crossroads,97.2972972972973,43.24324324324325
1998,primary,ESCAMBIA,17,Huxford,VTD2000-053-0190,Huxford Masonic Lodge,90.0,43.36363636363637
1998,primary,ESCAMBIA,18,Butler St.-Blacks Mill,VTD2000-053-0200,Butler St-Black's Mill,97.95918367346938,46.14100185528756
1998,primary,ESCAMBIA,19,McCullough,VTD2000-053-0300,McCullough Vol. Fire Dept.,90.0,37.82608695652174
1998,primary,ESCAMBIA,20,Canoe,VTD2000-053-0270,Canoe Civic Center,90.0,36.0
1998,primary,ESCAMBIA,21,Atmore,VTD2000-053-0310,Atmore City Hall,90.0,18.0
1998,primary,ESCAMBIA,22,Atmore-City Hall #1,VTD2000-053-0310,Atmore City Hall,100.0,23.529411764705884
1998,primary,ESCAMBIA,23,Atmore-City Hall #2,VTD2000-053-0310,Atmore City Hall,100.0,23.529411764705884
1998,primary,ESCAMBIA,24,Little Rock Allens,,,85.5,10.857142857142861
1998,primary,ESCAMBIA,25,Atmore-Cty. Hwy. Dept.,,,85.5,20.983870967741936
1998,primary,ESCAMBIA,26,Atmore-Staff Chev. #1,,,62.5,1.893939393939391
1998,primary,ESCAMBIA,27,Atmore-Staff Chev. #2,,,62.5,1.893939393939391
1998,primary,ESCAMBIA,28,Nokomis,VTD2000-053-0330,Nokomis Voting House,90.0,38.57142857142858
1998,primary,ESCAMBIA,29,Bradley-Rock Creek,,,85.5,28.35714285714286
1998,primary,ESCAMBIA,30,Damascus,VTD2000-053-0120,Damascus-Boykin School,90.0,44.4
1998,primary,ESCAMBIA,31,Kirkland,VTD2000-053-0130,Kirkland-N Brewton School,90.0,45.0
1998,primary,ESCAMBIA,32,Appleton,VTD2000-053-040C,Appleton Vol Fire Dept.,90.0,40.909090909090914
1998,primary,ESCAMBIA,33,Rock Hill,,,85.5,0.0
1998,primary,ESCAMBIA,34,Wallace,VTD2000-053-0210,Wallace Methodist Church,90.0,36.0
1998,primary,ESCAMBIA,35,Calculated,,,53.4375,5.4375
1998,primary,ETOWAH,1,Noccalula #1,VTD2000-055-1-1,Noccalula Kiwanis Pavilion,90.0,38.57142857142858
1998,primary,ETOWAH,2,Noccalula #2,VTD2000-055-1-1,Noccalula Kiwanis Pavilion,90.0,38.57142857142858
1998,primary,ETOWAH,3,Elliott Community Ctr. #1,VTD2000-055-1-2,Elliott Community Center,100.0,16.666666666666657
1998,primary,ETOWAH,4,Elliott Community Ctr. #2,VTD2000-055-1-2,Elliott Community Center,100.0,16.666666666666657
1998,primary,ETOWAH,5,Carver Ctr. #1,,,85.5,0.0
1998,primary,ETOWAH,6,Carver Ctr. #2,,,85.5,0.0
1998,primary,ETOWAH,7,North Gadsden Church,VTD2000-055-1-4,North Gadsden Baptist Church,95.0,9.5
1998,primary,ETOWAH,8,North Gadsden Rec. Ctr.,VTD2000-055-1-5,North Gadsden Recreation Center,100.0,11.47540983606558
1998,primary,ETOWAH,9,12th St. Baptist Church,VTD2000-055-1-7,12th St. Baptist Church,100.0,24.0
1998,primary,ETOWAH,10,Walnut Park Rec. Ctr.,VTD2000-055-1-8,Walnut Park Recreation Center,100.0,18.518518518518505
1998,primary,ETOWAH,11,Gadsden Con. Hall #1,,,85.5,0.0
1998,primary,ETOWAH,12,Gadsden Con. Hall #2,,,85.5,0.0
1998,primary,ETOWAH,13,Gadsden Con. Hall #3,,,85.5,0.0
1998,primary,ETOWAH,14,Jessie Dean Ctr.,,,85.5,0.0
1998,primary,ETOWAH,15,AL Tech College,,,85.5,0.0
1998,primary,ETOWAH,16,Meadow Brook Ch.,,,85.5,5.5
1998,primary,ETOWAH,17,College Hts. Ch.,,,85.5,0.0
1998,primary,ETOWAH,18,Corey School,VTD2000-055-1-15,Cory School,95.65217391304348,10.152173913043484
1998,primary,ETOWAH,19,East Gadsden Rec. Ctr.,VTD2000-055-1-16,East Gadsden Recreation Center,100.0,11.47540983606558
1998,primary,ETOWAH,20,Southside Town Hall #1,,,66.66666666666667,5.595238095238109
1998,primary,ETOWAH,21,Southside Town Hall #2,,,66.66666666666667,5.595238095238109
1998,primary,ETOWAH,22,Southside Town Hall #3,,,66.66666666666667,5.595238095238109
1998,primary,ETOWAH,23,Tillison Bend,,,90.0,4.5
1998,primary,ETOWAH,24,Geo. Wallace Sr. Ctr. #1,,,85.5,9.5
1998,primary,ETOWAH,25,Geo. Wallace Sr. Ctr. #2,,,85.5,9.5
1998,primary,ETOWAH,26,Hokes Bluff Com. Ctr. #1,VTD2000-055-5-1,Hokes Bluff Community Center,88.0,29.66666666666667
1998,primary,ETOWAH,27,Hokes Bluff Com. Ctr. #2,VTD2000-055-5-1,Hokes Bluff Community Center,88.0,29.66666666666667
1998,primary,ETOWAH,28,Liberty Methodist Ch.,VTD2000-055-5-2,Liberty Methodist Church,100.0,23.07692307692308
1998,primary,ETOWAH,29,Youngs Chapel Ch.,VTD2000-055-6,Young's Chapel Church,97.5609756097561,12.060975609756099
1998,primary,ETOWAH,30,Union #3 Baptist Ch.,VTD2000-055-7,Union #3 Baptist Church,100.0,20.930232558139537
1998,primary,ETOWAH,31,Union Hill Meth. Ch.,VTD2000-055-8,Union Hill Methodist Church,89.79591836734694,21.614100185528756
1998,primary,ETOWAH,32,Coates Bend Fire Dept.,VTD2000-055-9,Coates Bend Fire Dept.,100.0,25.0
1998,primary,ETOWAH,33,Gaston High School,VTD2000-055-10,Gaston High School,100.0,14.5
1998,primary,ETOWAH,34,Black Creek,,,90.0,4.5
1998,primary,ETOWAH,35,Highland School,VTD2000-055-12,Highland School,100.0,14.5
1998,primary,ETOWAH,36,Reece City Town Hall,VTD2000-055-13,Reece City Town Hall,100.0,31.60000000000001
1998,primary,ETOWAH,37,Duck Springs,,,90.0,4.5
1998,primary,ETOWAH,38,Keener Com. Ctr.,,,85.5,0.0
1998,primary,ETOWAH,39,Cave Springs,,,90.0,4.5
1998,primary,ETOWAH,40,Attalla Fire Dept.,,,100.0,0.0
1998,primary,ETOWAH,41,Attalla City Hall,,,85.5,17.10000000000001
1998,primary,ETOWAH,42,Etowah Middle School,VTD2000-055-17-3,Etowah Middle School,100.0,14.5
1998,primary,ETOWAH,43,Attalla Fire Dept. #3,,,100.0,0.0
1998,primary,ETOWAH,44,Carnes Rec. Ctr.,VTD2000-055-17-5,Carnes Recreaton Center,97.87234042553192,16.23968736430743
1998,primary,ETOWAH,45,Mountainboro City Hall,VTD2000-055-18,Mountainboro City Hall,100.0,31.60000000000001
1998,primary,ETOWAH,46,Sardis City Hall,VTD2000-055-19-1,Sardis City Hall,100.0,14.5
1998,primary,ETOWAH,47,District No. 3 Maint. Shp.,,,70.21739130434783,25.511508951406647
1998,primary,ETOWAH,48,New Union Com. Ctr.,,,86.95652173913044,1.4565217391304373
1998,primary,ETOWAH,49,Aurora Baptist Ch.,VTD2000-055-21,Aurora Baptist Church,100.0,20.930232558139537
1998,primary,ETOWAH,50,Egypt Vol. Fire,,,90.0,4.5
1998,primary,ETOWAH,51,Morton Chapel Ch.,VTD2000-055-23,Morton Chapel Church,100.0,14.5
1998,primary,ETOWAH,52,Walnut Grove Fire Dept.,VTD2000-055-24,Walnut Grove Vol. Fire Dept.,95.0,20.0
1998,primary,ETOWAH,53,Altoona Rec. Ctr.,VTD2000-055-25,Altoona Recreation Center,100.0,18.518518518518505
1998,primary,ETOWAH,54,West Etowah Vol. Fire,VTD2000-055-26,West Etowah Vol. Fire Dept.,95.0,28.33333333333333
1998,primary,ETOWAH,55,Gallant Com. Ctr.,,,85.71428571428572,0.2142857142857224
1998,primary,ETOWAH,56,Clear Creek Meth. Ch.,,,90.19607843137256,4.696078431372555
1998,primary,ETOWAH,57,Rainbow City #1,,,90.0,4.5
1998,primary,ETOWAH,58,Rainbow City #2,,,90.0,4.5
1998,primary,ETOWAH,59,Rainbow City #3,,,90.0,4.5
1998,primary,ETOWAH,60,Whorton Bend Fire Sta.,,,91.30434782608697,5.804347826086968
1998,primary,ETOWAH,61,Riddles Bend,,,90.0,4.5
1998,primary,ETOWAH,62,Ivalee,VTD2000-055-34-1,Ivalee Vol. Fire Dept.,90.0,36.0
1998,primary,ETOWAH,63,Ridgeville Town Hall,VTD2000-055-34-2,Ridgeville Town Hall,100.0,35.0
1998,primary,ETOWAH,64,Calculated,,,56.84210526315789,2.8421052631578902
1998,primary,FAYETTE,1,Fayette Civic Center,,,60.00000000000001,8.571428571428584
1998,primary,FAYETTE,2,Fayette Youth Center,,,60.00000000000001,8.571428571428584
1998,primary,FAYETTE,3,Town Covin,VTD2000-057-1,Town,90.0,25.875
1998,primary,FAYETTE,4,Ridge Concord Ch,VTD2000-057-2,Ridge,90.0,25.875
1998,primary,FAYETTE,5,North River-Studdards Crs,VTD2000-057-3,North River,90.0,25.875
1998,primary,FAYETTE,6,North River-Pleasant Gr,VTD2000-057-3,North River,90.0,29.999999999999993
1998,primary,FAYETTE,7,Stough Voting Ctr,VTD2000-057-4,Stough,90.0,29.999999999999993
1998,primary,FAYETTE,8,Russell-Bobo School,VTD2000-057-5,Russell,90.0,36.0
1998,primary,FAYETTE,9,Cole-Killingsworth Ch,,,80.0,15.714285714285708
1998,primary,FAYETTE,10,Cole-New River Ch,,,85.5,5.5
1998,primary,FAYETTE,11,Hico-Newtonville,VTD2000-057-7,Hico,90.0,18.0
1998,primary,FAYETTE,12,Collins-Mt. Vernon,VTD2000-057-8,Collins,90.0,22.5
1998,primary,FAYETTE,13,Berry-National Gd Arm,VTD2000-057-9,Berry,90.0,22.5
1998,primary,FAYETTE,14,Lee-Belk Comm Ctr,,,60.00000000000001,7.105427357601002e-15
1998,primary,FAYETTE,15,Lee-Oak Ridge,,,90.0,0.0
1998,primary,FAYETTE,16,Browns-Glen Allen,VTD2000-057-11,Brown,90.0,22.5
1998,primary,FAYETTE,17,Browns-Whites Chapel,VTD2000-057-11,Brown,90.0,22.5
1998,primary,FAYETTE,18,Webster-Wayside,VTD2000-057-12,Webster,90.0,22.5
1998,primary,FAYETTE,19,Boleyn Springs Ch,VTD2000-057-13,Boley,90.0,29.999999999999993
1998,primary,FAYETTE,20,Gilpen-Lawrence Mill,,,75.00000000000001,15.000000000000007
1998,primary,FAYETTE,21,Clear Creek-Philadelphi,,,90.0,4.5
1998,primary,FAYETTE,22,Thompson-Kirkland Sch,VTD2000-057-16,Thompson,90.0,33.0
1998,primary,FAYETTE,23,Stonewall-Cannan Sch,VTD2000-057-17,Stonewall,90.0,22.5
1998,primary,FAYETTE,24,Bylor-Bankston,VTD2000-057-18,Bylor,90.0,12.857142857142847
1998,primary,FAYETTE,25,Fords-Bruce Turner Store,VTD2000-057-19,Fords,90.0,38.57142857142858
1998,primary,FAYETTE,26,Georges Creek-Pea Ridge,,,90.0,3.3333333333333286
1998,primary,FAYETTE,27,Sugar-Creek Ex Sta,,,90.0,4.5
1998,primary,FAYETTE,28,Calculated,,,45.0,6.904761904761905
1998,primary,FRANKLIN,1,Union,VTD2000-059-1,Union Community Center,90.0,22.5
1998,primary,FRANKLIN,2,Russellville H.S.,VTD2000-059-2,Russellville,95.0,57.96296296296296
1998,primary,FRANKLIN,3,College AV Elem. Sch.,,,85.5,25.499999999999993
1998,primary,FRANKLIN,4,Courthouse,,,60.00000000000001,11.142857142857153
1998,primary,FRANKLIN,5,Chuckie Mullins Center,,,60.454545454545446,1.3636363636363669
1998,primary,FRANKLIN,6,Russellville Elec. Whs.,VTD2000-059-2,Russellville,90.0,49.28571428571429
1998,primary,FRANKLIN,7,Frankfort,VTD2000-059-3,Frankfort Fire Station,90.0,50.0
1998,primary,FRANKLIN,8,Pleasant Site,VTD2000-059-4,Pleasant Site Voting Center,90.0,46.52173913043478
1998,primary,FRANKLIN,9,Red Bay,VTD2000-059-5,Red Bay,100.0,48.57142857142858
1998,primary,FRANKLIN,10,Vina,VTD2000-059-6,Vina City Hall,90.0,38.57142857142858
1998,primary,FRANKLIN,11,Belgreen,VTD2000-059-7,Belgreen Fire Station,90.0,48.46153846153846
1998,primary,FRANKLIN,12,Hodges,,,81.81818181818181,9.818181818181813
1998,primary,FRANKLIN,13,Phil Campbell,VTD2000-059-9,Phil Campbell City Hall,90.0,45.55555555555556
1998,primary,FRANKLIN,14,Rockwood,VTD2000-059-10,Rockwood,100.0,55.0
1998,primary,FRANKLIN,15,Mt. Star Hills,VTD2000-059-11,Mount Star,90.0,43.333333333333336
1998,primary,FRANKLIN,16,St. Cross Road,VTD2000-059-12,St Cross Road,100.0,51.142857142857146
1998,primary,FRANKLIN,17,Tharptown,VTD2000-059-13,Tharptown School,90.0,7.64705882352942
1998,primary,FRANKLIN,18,Halltown,VTD2000-059-14,Halltown Community Center,90.0,22.5
1998,primary,FRANKLIN,19,Lawlers,VTD2000-059-15,Lawlers Fire Station,90.0,36.0
1998,primary,FRANKLIN,20,Waco,VTD2000-059-16,Waco,100.0,51.142857142857146
1998,primary,FRANKLIN,21,Jonesboro,VTD2000-059-17,Jonesboro Community Center,90.0,40.0
1998,primary,FRANKLIN,22,Spruce Pine,VTD2000-059-18,Spruce Pine,100.0,56.52173913043478
1998,primary,FRANKLIN,23,Trapptown,VTD2000-059-19,Traptown,94.11764705882352,24.117647058823508
1998,primary,FRANKLIN,24,Newburg,VTD2000-059-20,Newburg Masonic Lodge,90.0,38.57142857142858
1998,primary,FRANKLIN,25,Calculated,,,48.0,3.0
1998,primary,GENEVA,1,Malvern,,,83.07692307692308,38.07692307692308
1998,primary,GENEVA,2,Hughes Voting House,VTD2000-061-3,Malvery-Hughes Voting House,95.0,19.0
1998,primary,GENEVA,3,Fayette Voting House,,,77.14285714285715,1.142857142857153
1998,primary,GENEVA,4,Slocomb Community Rm,,,87.29729729729729,1.7972972972972912
1998,primary,GENEVA,5,Tate School,,,85.5,34.199999999999996
1998,primary,GENEVA,6,Dundee Voting House,,,81.08108108108108,7.5326939843068885
1998,primary,GENEVA,7,Hurricane Voting House,,,76.0,8.941176470588232
1998,primary,GENEVA,8,Sardis Voting House,,,76.0,2.451612903225808
1998,primary,GENEVA,9,Hartford Natl Gd Armory,,,85.5,10.5
1998,primary,GENEVA,10,St Paul Voting House,,,76.0,10.857142857142861
1998,primary,GENEVA,11,Black,VTD2000-061-8,Black-Kelley Cross Roads,90.0,36.0
1998,primary,GENEVA,12,Kelly Cross Roads,,,82.92682926829268,37.21254355400696
1998,primary,GENEVA,13,Bellwood Voting House,,,76.92307692307692,7.8321678321678405
1998,primary,GENEVA,14,Chancellor Voting House,,,76.0,10.482758620689665
1998,primary,GENEVA,15,Geneva County Courthouse,,,85.5,28.35714285714286
1998,primary,GENEVA,16,Farm Center,,,85.5,29.944444444444443
1998,primary,GENEVA,17,Geneva Armory,,,85.5,0.0
1998,primary,GENEVA,18,Geneva Community Center,,,85.5,32.0625
1998,primary,GENEVA,19,Geneva City Hall,,,85.5,34.07142857142858
1998,primary,GENEVA,20,Coffee Springs,VTD2000-061-11,Coffee Springs,100.0,56.25
1998,primary,GENEVA,21,Lytle,VTD2000-061-12,Lytle,100.0,46.0
1998,primary,GENEVA,22,Piney Grove,VTD2000-061-13,Piney Grove-Samson,90.0,40.909090909090914
1998,primary,GENEVA,23,Samson Amer Legion Hall,,,51.42857142857142,0.45296167247386165
1998,primary,GENEVA,24,Samson Community Ctr,,,85.5,25.5
1998,primary,GENEVA,25,Gilmore,VTD2000-061-14,Gilmore,100.0,46.0
1998,primary,GENEVA,26,Lowrey,,,75.00000000000001,13.461538461538474
1998,primary,GENEVA,27,Revels Grocery,,,63.333333333333336,17.294871794871796
1998,primary,GENEVA,28,Hacoda,VTD2000-061-16,Hacoda-Flat Creek,90.0,45.0
1998,primary,GENEVA,29,Flat Creek,,,90.0,4.5
1998,primary,GENEVA,30,Devco Voting House,VTD2000-061-17,Devco Voting House,100.0,14.5
1998,primary,GENEVA,31,Calculated,,,54.0,8.999999999999993
1998,primary,GREENE,1,Greene County Courthouse,VTD2000-063-1-1,Greene County Courthouse,100.0,42.142857142857146
1998,primary,GREENE,2,Eatman School,VTD2000-063-1-2,Eatman School,100.0,14.5
1998,primary,GREENE,3,Mantua Fire Dept.,,,77.02702702702702,29.027027027027017
1998,primary,GREENE,4,Jena Clubhouse,VTD2000-063-1-5,Jena Clubhouse,100.0,42.142857142857146
1998,primary,GREENE,5,Union Town Hall,,,80.0,25.45454545454546
1998,primary,GREENE,6,Montgomery Rec. Ctr.,VTD2000-063-1-8,Montgomery Rec. Center,100.0,14.5
1998,primary,GREENE,7,Old Tax Assessor's Office,,,41.53846153846154,2.16346153846154
1998,primary,GREENE,8,Old Sheriff's Office,,,41.666666666666664,1.6666666666666643
1998,primary,GREENE,9,"Eutaw Pre-School, 3",VTD2000-063-2-3-4,Eutaw Pre-School,100.0,26.923076923076934
1998,primary,GREENE,10,"Eutaw Pre-School, 4",VTD2000-063-2-3-4,Eutaw Pre-School,95.0,27.14285714285714
1998,primary,GREENE,11,"National Guard Armory,5",VTD2000-063-2-5-7,National Guard Armory,95.45454545454545,48.49802371541502
1998,primary,GREENE,12,"National Guard Armory,6",VTD2000-063-2-5-7,National Guard Armory,95.45454545454545,48.49802371541502
1998,primary,GREENE,13,"National Guard Armory,7",VTD2000-063-2-5-7,National Guard Armory,95.45454545454545,48.49802371541502
1998,primary,GREENE,14,South Fork Restaurant,VTD2000-063-2-8,South Fork,90.0,43.96153846153846
1998,primary,GREENE,15,"Forkland Town Hall,1",,,79.6774193548387,28.24884792626728
1998,primary,GREENE,16,"Forkland Town Hall,2",,,79.6774193548387,28.24884792626728
1998,primary,GREENE,17,"Forkland Town Hall,3",,,79.6774193548387,28.24884792626728
1998,primary,GREENE,18,"Forkland Town Hall,4",,,79.6774193548387,28.24884792626728
1998,primary,GREENE,19,"Forkland Town Hall,5",,,79.6774193548387,28.24884792626728
1998,primary,GREENE,20,"Forkland Town Hall,6",,,79.6774193548387,28.24884792626728
1998,primary,GREENE,21,Dollarhide Community Ctr.,,,85.5,0.0
1998,primary,GREENE,22,Carver School,VTD2000-063-3-8,Carver School,100.0,14.5
1998,primary,GREENE,23,"Eutaw Activity Ctr.,1",VTD2000-063-4-1-2,Eutaw Activity center,95.45454545454545,9.954545454545453
1998,primary,GREENE,24,"Eutaw Activity Ctr.,2",VTD2000-063-4-1-2,Eutaw Activity center,95.45454545454545,9.954545454545453
1998,primary,GREENE,25,"Morrow Brown Com. Ctr.,3",,,85.5,0.0
1998,primary,GREENE,26,"Morrow Brown Com. Ctr.,4",,,85.5,0.0
1998,primary,GREENE,27,"Tishabee Rec. Ctr.,5",VTD2000-063-4-5-6,Tishabee Rec Center,96.2962962962963,10.796296296296305
1998,primary,GREENE,28,"Tishabee Rec. Ctr.,6",VTD2000-063-4-5-6,Tishabee Rec Center,96.2962962962963,10.796296296296305
1998,primary,GREENE,29,"Boligee Town Hall,1",,,78.62068965517241,28.326572008113587
1998,primary,GREENE,30,"Boligee Town Hall,2",,,78.62068965517241,28.326572008113587
1998,primary,GREENE,31,"Boligee Town Hall,3",,,78.62068965517241,28.326572008113587
1998,primary,GREENE,32,"Mt. Hebron Pre-School,4",VTD2000-063-5-4-5,Mt. Hebron Pre-School,95.83333333333334,10.333333333333343
1998,primary,GREENE,33,"Mt. Hebron Pre-School,5",VTD2000-063-5-4-5,Mt. Hebron Pre-School,95.83333333333334,10.333333333333343
1998,primary,GREENE,34,Clinton Community Ctr.,,,89.79591836734694,4.2959183673469425
1998,primary,GREENE,35,West Green Fire Dept.,VTD2000-063-5-7,West Greene Fire Dept.,98.11320754716981,51.959361393323654
1998,primary,GREENE,36,Calculated,,,48.0,3.0
1998,primary,HALE,1,Havana,VTD2000-065-1,Havanna,92.3076923076923,10.489510489510494
1998,primary,HALE,2,Akron-City Hall,,,100.0,5.0
1998,primary,HALE,3,Bucksnort,,,100.0,5.0
1998,primary,HALE,4,Greensboro-Armory #1,,,55.0,0.0
1998,primary,HALE,5,Greensboro-Armory #2,,,55.0,0.0
1998,primary,HALE,6,Newbern,,,49.090909090909086,4.090909090909086
1998,primary,HALE,7,Sawyerville,VTD2000-065-6,Sawyerville,100.0,10.0
1998,primary,HALE,8,Cedarville,VTD2000-065-7,Cederville,90.0,23.33333333333333
1998,primary,HALE,9,Gallion,VTD2000-065-8,Gallion,100.0,44.61538461538461
1998,primary,HALE,10,Laneville,VTD2000-065-9,Laneville,100.0,30.0
1998,primary,HALE,11,Mt. Herman,,,100.0,5.0
1998,primary,HALE,12,Valley,,,95.0,0.0
1998,primary,HALE,13,Moundville-City Hall,,,100.0,4.761904761904773
1998,primary,HALE,14,Phipps Work Ctr.,VTD2000-065-13,Phipps Work Center,100.0,46.0
1998,primary,HALE,15,Stewart,,,100.0,5.0
1998,primary,HALE,16,Calculated,,,55.55555555555556,2.7777777777777786
1998,primary,HENRY,1,Headland Armory #1,VTD2000-067-P-1,Headland Armory,100.0,40.0
1998,primary,HENRY,2,Headland Armory #2,VTD2000-067-P-1,Headland Armory,100.0,40.0
1998,primary,HENRY,3,Tumbleton,VTD2000-067-P-2,Tumbleton-Hebron-Browns,90.0,45.0
1998,primary,HENRY,4,Hebron Community,,,54.0,2.18181818181818
1998,primary,HENRY,5,Browns Crossroads,,,49.565217391304344,4.565217391304344
1998,primary,HENRY,6,Williams Community,VTD2000-067-P-3,Williams,90.0,36.5625
1998,primary,HENRY,7,Haleburg,VTD2000-067-P-4,Haleburg Hall,90.0,45.0
1998,primary,HENRY,8,Union Vt. House,VTD2000-067-P-5,Union Vt. House,100.0,14.5
1998,primary,HENRY,9,Capps Post Office,VTD2000-067-P-6,Capps Post Office-Espy Farms,90.0,48.82352941176471
1998,primary,HENRY,10,Espy Farms,VTD2000-067-P-6,Capps Post Office-Espy Farms,90.0,40.0
1998,primary,HENRY,11,Newville,VTD2000-067-P-7,Newville Vt. House,90.0,11.25
1998,primary,HENRY,12,Blankenship Str.,VTD2000-067-P-8,Blankenship Store,93.75,48.58870967741935
1998,primary,HENRY,13,Edwin Clubhouse,,,100.0,0.0
1998,primary,HENRY,14,Abbeville Armory #1,VTD2000-067-P-10,Abbevile Armory,96.7741935483871,38.709677419354854
1998,primary,HENRY,15,Abbeville Armory #2,VTD2000-067-P-10,Abbevile Armory,96.7741935483871,38.709677419354854
1998,primary,HENRY,16,Shorterville,VTD2000-067-P-11,Shorterville House-Wills Rd.,90.0,35.714285714285715
1998,primary,HENRY,17,Wills Cross Roads,,,85.5,16.269230769230774
1998,primary,HENRY,18,Judson Community,VTD2000-067-P-12,Judson Com.,90.0,50.0
1998,primary,HENRY,19,Lawrenceville,VTD2000-067-P-13,Lawrenceville HS,95.0,44.333333333333336
1998,primary,HENRY,20,Calculated,,,42.75,2.514705882352942
1998,primary,HOUSTON,1,Wicksburg Vol Fire,VTD2000-069-1,Wicksburg,90.0,45.0
1998,primary,HOUSTON,2,Bay Sprgs Vol Fire,,,54.90196078431373,0.9019607843137294
1998,primary,HOUSTON,3,Johnson Homes #1,VTD2000-069-3-1,Johnson Homes,100.0,53.36363636363637
1998,primary,HOUSTON,4,Johnson Homes #2,VTD2000-069-3-1,Johnson Homes,100.0,53.36363636363637
1998,primary,HOUSTON,5,Lincoln Rec Ctr,,,85.5,8.595238095238102
1998,primary,HOUSTON,6,Farm Center #1,VTD2000-069-3-2,Farm Center,100.0,14.5
1998,primary,HOUSTON,7,Farm Center #2,VTD2000-069-3-2,Farm Center,100.0,14.5
1998,primary,HOUSTON,8,Wiregrass Park #1,VTD2000-069-3-2A,Wiregrass Park,100.0,48.57142857142858
1998,primary,HOUSTON,9,Wiregrass Park #2,VTD2000-069-3-2A,Wiregrass Park,100.0,48.57142857142858
1998,primary,HOUSTON,10,Doug Tew Comm Ctr #1,VTD2000-069-3-3,Doug Tew Community Center,100.0,14.5
1998,primary,HOUSTON,11,Doug Tew Comm Ctr #2,VTD2000-069-3-3,Doug Tew Community Center,100.0,14.5
1998,primary,HOUSTON,12,Doug Tew Comm Ctr #3,VTD2000-069-3-3,Doug Tew Community Center,100.0,14.5
1998,primary,HOUSTON,13,Water & Elec Comp #1,,,81.08108108108108,27.08108108108108
1998,primary,HOUSTON,14,Water & Elec Comp #2,,,81.08108108108108,27.08108108108108
1998,primary,HOUSTON,15,Library #1,VTD2000-069-3-4,Library,100.0,46.0
1998,primary,HOUSTON,16,Library #2,VTD2000-069-3-4,Library,100.0,46.0
1998,primary,HOUSTON,17,Westgate Park #1,,,85.5,18.83333333333333
1998,primary,HOUSTON,18,Westgate Park #2,,,85.5,18.83333333333333
1998,primary,HOUSTON,19,Vaughn-Blumberg Ctr,VTD2000-069-3-4B,Vaughn Blumberg Center,100.0,14.5
1998,primary,HOUSTON,20,Taylor City Hall,VTD2000-069-4-1,Taylor,90.0,45.0
1998,primary,HOUSTON,21,Rehobeth Fire Sta,,,90.0,4.5
1998,primary,HOUSTON,22,Madrid Cit Ctr,,,90.0,4.5
1998,primary,HOUSTON,23,Cottonwood City Hall,VTD2000-069-6,Cottonwood,90.0,36.0
1998,primary,HOUSTON,24,Hodgesville Vol Fire,VTD2000-069-7-1,Hodgesville,90.0,36.0
1998,primary,HOUSTON,25,Enterprise Ch Vot WRHS,VTD2000-069-7-1A,Enterprise Church,90.0,33.75
1998,primary,HOUSTON,26,Lovetown Vol Fire,VTD2000-069-7-1B,Lovetown,90.0,36.5625
1998,primary,HOUSTON,27,Cowarts City Hall,VTD2000-069-8-1,Cowarts,90.0,45.0
1998,primary,HOUSTON,28,Webb City Hall,VTD2000-069-8-2,Webb,90.0,45.0
1998,primary,HOUSTON,29,Kinsey City Hall,VTD2000-069-9,Kinsey,90.0,21.599999999999994
1998,primary,HOUSTON,30,Ashford City Hall,VTD2000-069-10,Ashford,90.0,45.0
1998,primary,HOUSTON,31,Harmon Sch,VTD2000-069-11-1,Harmon,90.0,43.84615384615385
1998,primary,HOUSTON,32,Lucy Vol Fire,VTD2000-069-11-2,Lucy,90.0,43.48837209302325
1998,primary,HOUSTON,33,Pansey Vol Fire,VTD2000-069-12-1,Pansey,90.0,29.999999999999993
1998,primary,HOUSTON,34,Gordon City Hall,VTD2000-069-12-2,Gordon,90.0,33.0
1998,primary,HOUSTON,35,Columbia Nutri Ctr,,,90.0,4.5
1998,primary,HOUSTON,36,Dupree Comm Ctr,,,90.0,4.5
1998,primary,HOUSTON,37,Calculated,,,45.0,0.5555555555555571
1998,primary,JACKSON,1,Bridgeport #1,VTD2000-071-1,Bridgeport Community Center,90.0,36.0
1998,primary,JACKSON,2,Bridgeport #2,VTD2000-071-1,Bridgeport Community Center,90.0,36.0
1998,primary,JACKSON,3,Bridgeport #3,VTD2000-071-1,Bridgeport Community Center,90.0,36.0
1998,primary,JACKSON,4,Bridgeport #4,VTD2000-071-1,Bridgeport Community Center,90.0,36.0
1998,primary,JACKSON,5,Long Island,VTD2000-071-2,Long Island Community Center,90.0,42.63157894736841
1998,primary,JACKSON,6,Stevenson #1,VTD2000-071-3,Stevenson City Park,90.0,33.75
1998,primary,JACKSON,7,Stevenson #2,VTD2000-071-3,Stevenson City Park,90.0,33.75
1998,primary,JACKSON,8,Stevenson #3,VTD2000-071-3,Stevenson City Park,90.0,33.75
1998,primary,JACKSON,9,Stevenson #4,VTD2000-071-3,Stevenson City Park,90.0,33.75
1998,primary,JACKSON,10,Bryant #1,VTD2000-071-4,Bryant School,90.0,38.699999999999996
1998,primary,JACKSON,11,Bryant #2,VTD2000-071-4,Bryant School,90.0,38.699999999999996
1998,primary,JACKSON,12,Fackler,,,77.14285714285715,28.051948051948067
1998,primary,JACKSON,13,Flat Rock,,,90.0,4.5
1998,primary,JACKSON,14,Hollywood #1,VTD2000-071-10,Hollywood City Hall,90.0,23.499999999999986
1998,primary,JACKSON,15,Hollywood #2,VTD2000-071-10,Hollywood City Hall,90.0,23.499999999999986
1998,primary,JACKSON,16,Pisgah #1,VTD2000-071-11,Pisgah Fire Hall,90.0,36.0
1998,primary,JACKSON,17,Pisgah #2,VTD2000-071-11,Pisgah Fire Hall,90.0,36.0
1998,primary,JACKSON,18,Langston,VTD2000-071-12,Langston City Hall,90.0,33.0
1998,primary,JACKSON,19,Tupelo,VTD2000-071-13,Tupelo-Pikeville Store,90.0,29.999999999999993
1998,primary,JACKSON,20,Larkinsville,VTD2000-071-14,Larkinsville Old School,90.0,37.5
1998,primary,JACKSON,21,Mink Creek,VTD2000-071-15,Mink Creek-Lakeview Store,90.0,36.0
1998,primary,JACKSON,22,Woodville #1,VTD2000-071-16,Woodville City Hall,90.0,37.38461538461539
1998,primary,JACKSON,23,Woodville #2,VTD2000-071-16,Woodville City Hall,90.0,37.38461538461539
1998,primary,JACKSON,24,Trenton,VTD2000-071-17,Trenton Fire Hall,90.0,27.818181818181813
1998,primary,JACKSON,25,Collins,,,51.42857142857142,0.0
1998,primary,JACKSON,26,Bishop,VTD2000-071-19,Bishop-Hall's Store,90.0,40.909090909090914
1998,primary,JACKSON,27,Gross Springs,,,59.85,12.79117647058824
1998,primary,JACKSON,28,Scottsboro #1,VTD2000-071-21,Scottsboro Armory-City Hall,90.0,42.0
1998,primary,JACKSON,29,Scottsboro #2,VTD2000-071-21,Scottsboro Armory-City Hall,90.0,42.0
1998,primary,JACKSON,30,Scottsboro #3,VTD2000-071-21,Scottsboro Armory-City Hall,90.0,42.0
1998,primary,JACKSON,31,Scottsboro #4,VTD2000-071-21,Scottsboro Armory-City Hall,90.0,42.0
1998,primary,JACKSON,32,Scottsboro #5,VTD2000-071-21,Scottsboro Armory-City Hall,90.0,42.0
1998,primary,JACKSON,33,Scottsboro #6,VTD2000-071-21,Scottsboro Armory-City Hall,90.0,42.0
1998,primary,JACKSON,34,Scottsboro #7,VTD2000-071-21,Scottsboro Armory-City Hall,90.0,42.0
1998,primary,JACKSON,35,Scottsboro #8,VTD2000-071-21,Scottsboro Armory-City Hall,90.0,42.0
1998,primary,JACKSON,36,Scottsboro #9,VTD2000-071-21,Scottsboro Armory-City Hall,90.0,42.0
1998,primary,JACKSON,37,Scottsboro #10,VTD2000-071-21,Scottsboro Armory-City Hall,90.0,42.0
1998,primary,JACKSON,38,Slyline,,,77.14285714285715,25.71428571428573
1998,primary,JACKSON,39,Paint Rock,,,90.0,4.5
1998,primary,JACKSON,40,Section #1,VTD2000-071-24,Section City Hall,90.0,27.818181818181813
1998,primary,JACKSON,41,Section #2,VTD2000-071-24,Section City Hall,90.0,27.818181818181813
1998,primary,JACKSON,42,Hytop,VTD2000-071-25,Hytop Fire Hall,90.0,36.0
1998,primary,JACKSON,43,Garth,VTD2000-071-26,Garth-Johnson's Store,90.0,25.875
1998,primary,JACKSON,44,Hollytree,VTD2000-071-27,Hollytree-Morris's Store,90.0,25.714285714285708
1998,primary,JACKSON,45,Dutton #1,VTD2000-071-28,Dutton City Hall,90.0,33.0
1998,primary,JACKSON,46,Dutton #2,VTD2000-071-28,Dutton City Hall,90.0,33.0
1998,primary,JACKSON,47,Higdon,VTD2000-071-29,Higdon Rescue Squad Bldg.,90.0,33.0
1998,primary,JACKSON,48,Macedonia #1,VTD2000-071-30,Macedonia School,90.0,40.0
1998,primary,JACKSON,49,Macedonia #2,VTD2000-071-30,Macedonia School,90.0,40.0
1998,primary,JACKSON,50,Holly Springs,,,86.4,32.400000000000006
1998,primary,JACKSON,51,Limrock,VTD2000-071-32,Limrock Fire Dept.,90.0,37.38461538461539
1998,primary,JACKSON,52,Hambrick,VTD2000-071-33,Hambrick Community Center,90.0,37.38461538461539
1998,primary,JACKSON,53,Princeton,VTD2000-071-34,Princeton Fire Hall,90.0,33.0
1998,primary,JACKSON,54,Crow Mtn.,,,85.5,40.5
1998,primary,JACKSON,55,Aspel,VTD2000-071-36,Aspel Water Board Bldg.,90.0,18.0
1998,primary,JACKSON,56,Wininger,,,51.42857142857142,0.0
1998,primary,JACKSON,57,Rosalie #1,VTD2000-071-38,Rosalie School,90.0,38.57142857142858
1998,primary,JACKSON,58,Rosalie #2,VTD2000-071-38,Rosalie School,90.0,38.57142857142858
1998,primary,JACKSON,59,Deans Chapel,,,85.5,32.166666666666664
1998,primary,JACKSON,60,Bryant/Challenge,,,68.96551724137932,16.024340770791078
1998,primary,JACKSON,61,Scottsboro/Challenge,,,68.08510638297872,14.031052328924666
1998,primary,JACKSON,62,Skyline/Challenge,,,76.47058823529412,23.529411764705877
1998,primary,JACKSON,63,Crow Mtn./Challenge,,,62.5,11.071428571428577
1998,primary,JACKSON,64,Calculated,,,48.0,3.0
1998,primary,LAMAR,1,Vernon-East,,,90.0,4.5
1998,primary,LAMAR,2,Vernon-West,,,90.0,4.5
1998,primary,LAMAR,3,Crossville-Lawrence,VTD2000-075-2,Crossville-Lawrence,100.0,46.0
1998,primary,LAMAR,4,Fairview-Sizemore,VTD2000-075-3,Fairview-Sizemore,100.0,50.3448275862069
1998,primary,LAMAR,5,Beaverton-Brown N,,,75.00000000000001,9.230769230769255
1998,primary,LAMAR,6,Beaverton-Brown S,,,75.00000000000001,9.230769230769255
1998,primary,LAMAR,7,Crews-Goode,VTD2000-075-5,Crews-Goode-Methodist Church,90.0,47.14285714285714
1998,primary,LAMAR,8,Henson Springs,,,90.0,4.5
1998,primary,LAMAR,9,Detroit-Millville,VTD2000-075-7,Detroit-Millville-City Hall,90.0,35.945945945945944
1998,primary,LAMAR,10,Pine Springs,,,90.0,4.5
1998,primary,LAMAR,11,Sulligent-Moscow N,,,89.41176470588236,3.911764705882362
1998,primary,LAMAR,12,Sulligent-Moscow,VTD2000-075-9N,Sulligent-Moscow-City Hall,90.0,22.14285714285714
1998,primary,LAMAR,13,Bedford-Military,VTD2000-075-10,Bedford-Military,100.0,32.5
1998,primary,LAMAR,14,Malloy-Betts,VTD2000-075-11,Molloy-Betts,91.66666666666666,41.791666666666664
1998,primary,LAMAR,15,Trull,VTD2000-075-12,Trull,100.0,39.99999999999999
1998,primary,LAMAR,16,Vails,VTD2000-075-13,Vails,100.0,46.0
1998,primary,LAMAR,17,Millport,VTD2000-075-14,Millport-Library,90.0,34.61538461538461
1998,primary,LAMAR,18,Kennedy-Steens,VTD2000-075-15,Kennedy-Steens,100.0,46.0
1998,primary,LAMAR,19,Strickland-Kingville,VTD2000-075-16,Strickland-Kingville,100.0,22.857142857142847
1998,primary,LAMAR,20,Fernbank-Wilson,VTD2000-075-17,Fernbank-Wilson,100.0,39.99999999999999
1998,primary,LAMAR,21,Hightogy-Ridge,VTD2000-075-18,Hightogy-Ridge,100.0,51.142857142857146
1998,primary,LAMAR,22,Mt. Pleasant-Curry,VTD2000-075-20,Mt. Pleasant-Curry,100.0,44.44444444444444
1998,primary,LAMAR,23,Mt. Olive-Guin,VTD2000-075-21,Mt. Olive-Guin,100.0,44.44444444444444
1998,primary,LAMAR,24,Blooming Grove,VTD2000-075-22,Blooming Grove,100.0,55.0
1998,primary,LAMAR,25,Star,VTD2000-075-23,Star,100.0,22.857142857142847
1998,primary,LAMAR,26,Calculated,,,45.0,0.0
1998,primary,LAUDERDALE,1,Mitchell Anderson Town Hall,VTD2000-077-1,Anderson Town Hall,90.0,30.0
1998,primary,LAUDERDALE,2,Rogersville #1,VTD2000-077-2,Rogersville Sen Citizens Center,90.0,32.72727272727273
1998,primary,LAUDERDALE,3,Rogersville #2,VTD2000-077-2,Rogersville Sen Citizens Center,90.0,32.72727272727273
1998,primary,LAUDERDALE,4,Lexington Fire Station,VTD2000-077-3,Lexington Fire Station,100.0,28.57142857142857
1998,primary,LAUDERDALE,5,Crossroads,,,48.857142857142854,0.8571428571428541
1998,primary,LAUDERDALE,6,Greenhill Community Ctr.#1,,,80.0,5.853658536585371
1998,primary,LAUDERDALE,7,Greenhill Community Ctr.#2,,,80.0,5.853658536585371
1998,primary,LAUDERDALE,8,Center Star-Col. Bank Comm.,,,79.45454545454545,3.4545454545454533
1998,primary,LAUDERDALE,9,Killen Baptist Church #1,VTD2000-077-7,Killen First Baptist Church,95.0,9.5
1998,primary,LAUDERDALE,10,Killen Baptist Church #2,VTD2000-077-7,Killen First Baptist Church,95.0,9.5
1998,primary,LAUDERDALE,11,Blackburn,,,50.0,2.0
1998,primary,LAUDERDALE,12,St. Florian Town Hall,VTD2000-077-9,St Florian Town Hall,100.0,31.707317073170742
1998,primary,LAUDERDALE,13,Florence Richards Center,,,77.02702702702702,25.598455598455594
1998,primary,LAUDERDALE,14,Florence-1st Presbyterian,,,76.0,24.148148148148138
1998,primary,LAUDERDALE,15,Florency Handy Rec. Ctr.,,,91.04166666666666,0.0
1998,primary,LAUDERDALE,16,Florence Sherrod Av.,,,85.5,30.338709677419352
1998,primary,LAUDERDALE,17,Florence Coffee High School,,,79.53488372093024,24.534883720930246
1998,primary,LAUDERDALE,18,Florence Coliseum,,,85.5,27.642857142857146
1998,primary,LAUDERDALE,19,Florence E.,,,75.78947368421052,21.78947368421052
1998,primary,LAUDERDALE,20,Florence Hibbett School,,,76.0,19.999999999999993
1998,primary,LAUDERDALE,21,Florence Harlan School,,,74.84848484848484,17.705627705627705
1998,primary,LAUDERDALE,22,Florence Blvd. Ch. Of Christ,,,86.56716417910448,19.011608623548923
1998,primary,LAUDERDALE,23,Broadway Rec. Ctr.,VTD2000-077-10-A,Broadway Rec Center 10-9-2,95.0,12.64705882352942
1998,primary,LAUDERDALE,24,Highland Baptist Church #1,VTD2000-077-10-B,Highland Baptist Church 10-10-O,95.0,9.5
1998,primary,LAUDERDALE,25,Highland Baptist Church #2,VTD2000-077-10-B,Highland Baptist Church 10-10-O,95.0,9.5
1998,primary,LAUDERDALE,26,Florence Forest Hills Sch. #1,,,78.4782608695652,24.632107023411358
1998,primary,LAUDERDALE,27,Florence Forest Hills Sch. #2,,,78.4782608695652,24.632107023411358
1998,primary,LAUDERDALE,28,Darby Dr. Church of Christ,VTD2000-077-10-D,Darby Dr Church of Christ 10-12-1,95.0,20.85365853658537
1998,primary,LAUDERDALE,29,Florence Bradshaw Hi. Sch.,,,67.85714285714286,12.301587301587304
1998,primary,LAUDERDALE,30,Florence Mars Hill Sch.,,,76.0,10.615384615384613
1998,primary,LAUDERDALE,31,Florence Underwood Ctr. #1,,,74.14634146341463,20.300187617260782
1998,primary,LAUDERDALE,32,Florence Underwood Ctr. #2,,,74.14634146341463,20.300187617260782
1998,primary,LAUDERDALE,33,Co. Board of Ed. Adm. Bldg.,,,63.33333333333332,2.0430107526881613
1998,primary,LAUDERDALE,34,Cloverdale Comm. Ctr.,VTD2000-077-13,Cloverdale Comm Center,100.0,13.725490196078425
1998,primary,LAUDERDALE,35,Central Comm. Ctr.,VTD2000-077-14,Central Community Center,100.0,13.725490196078425
1998,primary,LAUDERDALE,36,Oakland Fire Station,VTD2000-077-15,Oakland Fire Station,100.0,28.57142857142857
1998,primary,LAUDERDALE,37,Chapel St. Ville Ch. Of Christ,,,85.5,7.375
1998,primary,LAUDERDALE,38,Waterloo Sr. Cit. Bldg.,VTD2000-077-17,Waterloo Sr Citizens Bldg,90.56603773584906,41.58644589911437
1998,primary,LAUDERDALE,39,Calculated,,,45.0,0.0
1998,primary,LEE,1,Beat 01/Box 0,,,45.0,5.0
1998,primary,LEE,2,Beat 02/Box 1,,,45.0,0.0
1998,primary,LEE,3,Beat 02/Box 2,,,45.0,0.0
1998,primary,LEE,4,Beat 02/Box 3,,,45.0,0.0
1998,primary,LEE,5,Beat 02/Box 4,,,45.0,5.0
1998,primary,LEE,6,Beat 02/Box 5,,,45.0,5.0
1998,primary,LEE,7,Beat 03/Box 0,,,45.0,5.0
1998,primary,LEE,8,Beat 04/Box 0,,,45.0,5.0
1998,primary,LEE,9,Beat 05/Box 0,,,45.0,5.0
1998,primary,LEE,10,Beat 06/Box 0,,,45.0,5.0
1998,primary,LEE,11,Beat 06/Box 1,,,45.0,0.0
1998,primary,LEE,12,Beat 06/Box 2,,,45.0,0.0
1998,primary,LEE,13,Beat 06/Box 3,,,45.0,0.0
1998,primary,LEE,14,Beat 06/Box 4,,,45.0,5.0
1998,primary,LEE,15,Beat 07/Box 0,,,45.0,5.0
1998,primary,LEE,16,Beat 08/Box 0,,,45.0,5.0
1998,primary,LEE,17,Beat 09/Box 0,,,45.0,5.0
1998,primary,LEE,18,Beat 10/Box 0,,,41.53846153846154,3.07692307692308
1998,primary,LEE,19,Beat 11/Box 0,,,41.53846153846154,3.07692307692308
1998,primary,LEE,20,Beat 12/Box 0,,,41.53846153846154,3.07692307692308
1998,primary,LEE,21,Beat 13/Box 0,,,41.53846153846154,3.07692307692308
1998,primary,LEE,22,Beat 14/Box 0,,,41.53846153846154,3.07692307692308
1998,primary,LEE,23,Beat 15/Box 0,,,41.53846153846154,3.07692307692308
1998,primary,LEE,24,Beat 90/Box 0,,,41.53846153846154,3.07692307692308
1998,primary,LEE,25,Calculated,,,42.10526315789473,3.643724696356273
1998,primary,LIMESTONE,1,Athens Rec Ctr #1,,,85.5,34.34615384615385
1998,primary,LIMESTONE,2,Athens Rec Ctr #2,,,85.5,34.34615384615385
1998,primary,LIMESTONE,3,National Guard Arm #1,,,45.0,0.0
1998,primary,LIMESTONE,4,National Guard Arm #2,,,45.0,0.0
1998,primary,LIMESTONE,5,Trinity 7th Day Avent Ch,,,52.31884057971015,8.318840579710155
1998,primary,LIMESTONE,6,W Hobbs St Ch of Christ #1,,,85.5,38.0
1998,primary,LIMESTONE,7,W Hobbs St Ch of Christ #2,,,85.5,38.0
1998,primary,LIMESTONE,8,Senior Citizen Ctr #1,,,85.5,38.96938775510205
1998,primary,LIMESTONE,9,Senior Citizen Ctr #2,,,85.5,38.96938775510205
1998,primary,LIMESTONE,10,Piney Chapel,,,85.5,40.5
1998,primary,LIMESTONE,11,Bethel Ch of Christ,,,85.5,26.388888888888893
1998,primary,LIMESTONE,12,E Limestone Fire Dept #1,,,90.0,1.6981132075471663
1998,primary,LIMESTONE,13,E Limestone Fire Dept #2,,,90.0,1.6981132075471663
1998,primary,LIMESTONE,14,Ardmore Town Hall,,,85.5,24.428571428571423
1998,primary,LIMESTONE,15,Johnson Elementary Sch,,,90.0,2.5
1998,primary,LIMESTONE,16,Oak Grove Fire Dept,,,90.0,3.260869565217405
1998,primary,LIMESTONE,17,Elkmont Fire Dept,VTD2000-083-4,Elkmont Volunteer Fire Dept,95.0,9.5
1998,primary,LIMESTONE,18,Leggtown,VTD2000-083-5,Leggtown,100.0,43.75
1998,primary,LIMESTONE,19,Goodsprings Comm Ctr,VTD2000-083-6,Goodsprings Comm Center-W Limestone FD,90.0,49.285714285714285
1998,primary,LIMESTONE,20,West Limestone Fire Dept,,,86.36363636363636,0.8636363636363598
1998,primary,LIMESTONE,21,Lester Post Office,,,50.0,2.352941176470587
1998,primary,LIMESTONE,22,Pleasant Grove Fire Dept,VTD2000-083-7,Pleasant Grove FD,100.0,14.5
1998,primary,LIMESTONE,23,Owens Elementary Sch #1,VTD2000-083-8,Owens Elementary School,100.0,14.5
1998,primary,LIMESTONE,24,Owens Elementary Sch #2,VTD2000-083-8,Owens Elementary School,100.0,14.5
1998,primary,LIMESTONE,25,Clements High Sch,,,85.5,0.0
1998,primary,LIMESTONE,26,Ripley-WOW Hall,,,85.5,39.9
1998,primary,LIMESTONE,27,Reid Comm Ctr,,,85.5,0.0
1998,primary,LIMESTONE,28,Blackburn Comm Bldg,,,85.5,0.0
1998,primary,LIMESTONE,29,Belmore Baptist Ch,VTD2000-083-11,Belmore Baptist Church,100.0,14.5
1998,primary,LIMESTONE,30,Sears Rd Fire Dept,,,90.19607843137256,4.696078431372555
1998,primary,LIMESTONE,31,Tanner Fire Dept,VTD2000-083-14,Tanner Fire Dept,100.0,14.5
1998,primary,LIMESTONE,32,Calculated,,,42.75,1.21153846153846
1998,primary,MADISON,1,A&M University Gym,VTD2000-089-1,A&M University,95.0,9.5
1998,primary,MADISON,2,Charles Stone Ag. Ctr.,,,88.3720930232558,2.8720930232558004
1998,primary,MADISON,3,Huntsville Fire Acad.,VTD2000-089-3,Huntsville Fire Academy,93.02325581395348,7.523255813953483
1998,primary,MADISON,4,Lee High School,VTD2000-089-4,Lee High School,100.0,14.5
1998,primary,MADISON,5,Chapman Mid. Sch. #1,,,92.3076923076923,6.807692307692307
1998,primary,MADISON,6,Chapman Mid. Sch. #2,,,92.3076923076923,6.807692307692307
1998,primary,MADISON,7,Huntsville Mid Sch.,,,93.33333333333333,4.961240310077514
1998,primary,MADISON,8,Phillips Cme Church,VTD2000-089-7,Phillips CME Church,100.0,14.5
1998,primary,MADISON,9,Mountain View Bapt.,,,83.33333333333334,23.333333333333343
1998,primary,MADISON,10,Blossomwood Sch.,VTD2000-089-9,Blossomwood School,100.0,14.5
1998,primary,MADISON,11,Monte Sano Fire St. #4,,,86.36363636363636,0.8636363636363598
1998,primary,MADISON,12,Cove Comm. Church,,,85.5,20.1875
1998,primary,MADISON,13,Eastside Comm. Ctr.,VTD2000-089-12,Eastside Community Center,100.0,14.5
1998,primary,MADISON,14,Randolph Sch.,VTD2000-089-13,Randolph School,100.0,14.5
1998,primary,MADISON,15,Calvary Bible Ch.,VTD2000-089-14,Calvary Bible Church,100.0,14.5
1998,primary,MADISON,16,Woodmen of World #1,,,85.5,0.0
1998,primary,MADISON,17,Woodmen of World #2,,,85.5,0.0
1998,primary,MADISON,18,Westside Neighborhood,VTD2000-089-16,Westside Neighborhood Center,95.0,43.837209302325576
1998,primary,MADISON,19,Mayfair Ch. Of Christ,VTD2000-089-17,Mayfair Church Of Christ,100.0,16.666666666666657
1998,primary,MADISON,20,Whitesburg Mid. Sch.,VTD2000-089-18,Whitesburg Middle School,93.33333333333333,7.833333333333329
1998,primary,MADISON,21,S.E. Branch YMCA #1,,,85.5,0.0
1998,primary,MADISON,22,S.E. Branch YMCA #2,,,85.5,0.0
1998,primary,MADISON,23,Mountain Gap Sch. #1,VTD2000-089-20,Mountain Gap School,100.0,14.5
1998,primary,MADISON,24,Mountain Gap Sch. #2,VTD2000-089-20,Mountain Gap School,100.0,14.5
1998,primary,MADISON,25,Farley School #1,,,85.5,0.0
1998,primary,MADISON,26,Farley School #2,,,85.5,0.0
1998,primary,MADISON,27,Whitesburg Bapt. Ch.,VTD2000-089-22,Whitesburg Baptist Church,100.0,25.0
1998,primary,MADISON,28,Hillwood Bapt. Ch. #1,VTD2000-089-23,Hillwood Baptist Church,100.0,13.043478260869563
1998,primary,MADISON,29,Hillwood Bapt. Ch. #2,VTD2000-089-23,Hillwood Baptist Church,100.0,13.043478260869563
1998,primary,MADISON,30,Huntsville High Sch.,VTD2000-089-24,Huntsville High School,100.0,14.5
1998,primary,MADISON,31,Airport Rd. Fire St. #6,,,85.5,2.891304347826093
1998,primary,MADISON,32,Chaffee School,VTD2000-089-26,Chaffee School,100.0,14.5
1998,primary,MADISON,33,Oakwood College,VTD2000-089-27,Oakwood College,100.0,37.69230769230769
1998,primary,MADISON,34,Green Mtn. Nature Sch.,,,85.5,0.0
1998,primary,MADISON,35,Ed White Mid. Sch.,VTD2000-089-30,Ed White Middle School,92.6829268292683,7.182926829268297
1998,primary,MADISON,36,Old Naval Reserve Ctr.,VTD2000-089-31,Old Naval Reserve,95.0,9.5
1998,primary,MADISON,37,University Pl. Sch.,VTD2000-089-32,University Place School,93.02325581395348,7.523255813953483
1998,primary,MADISON,38,Highlands Sch.,VTD2000-089-33,Highlands School,100.0,14.5
1998,primary,MADISON,39,West Mastin Lk. Sch.,VTD2000-089-34,West Mastin Lake School,95.45454545454545,9.954545454545453
1998,primary,MADISON,40,First Miss Bapt. Ch.,VTD2000-089-35,First Missionary Baptist Church,89.28571428571429,17.285714285714292
1998,primary,MADISON,41,Blue Springs Rec. Ctr.,VTD2000-089-36,Blue Springs Rec Center,100.0,14.5
1998,primary,MADISON,42,F.O.P. Lodge,,,85.5,35.5
1998,primary,MADISON,43,Johnson High Sch.,VTD2000-089-38,Johnson High School,100.0,14.5
1998,primary,MADISON,44,Ctr. Develop. Learning,,,85.5,0.0
1998,primary,MADISON,45,Lewis Chapel,,,90.0,0.0
1998,primary,MADISON,46,Terry Heights Sch.,VTD2000-089-41,Terry Heights School,100.0,14.5
1998,primary,MADISON,47,Pleasant Sprg. Bapt.,,,82.16216216216216,27.99549549549549
1998,primary,MADISON,48,Lakewood Comm. Ctr.,VTD2000-089-45,Lakewood Community Center,100.0,14.5
1998,primary,MADISON,49,Westlawn Middle Sch.,VTD2000-089-46,Westlawn Middle School,100.0,14.5
1998,primary,MADISON,50,W. Huntsville Elem. Sch.,VTD2000-089-47,West Huntsville Elementary School,95.23809523809523,9.738095238095227
1998,primary,MADISON,51,Senior Center,VTD2000-089-48,Senior Center,100.0,14.5
1998,primary,MADISON,52,Ridgecrest Sch.,VTD2000-089-49,Ridgecrest School,100.0,14.5
1998,primary,MADISON,53,Central Assembly of God,VTD2000-089-50,Central Assembly Of God,100.0,14.5
1998,primary,MADISON,54,Messiah Lutheran Ch.,,,100.0,0.0
1998,primary,MADISON,55,McDonnell Sch.,VTD2000-089-52,McDonnell School,100.0,14.5
1998,primary,MADISON,56,J.E. Williams Elem. Sch.,,,100.0,0.0
1998,primary,MADISON,57,Sherwood Bapt. Ch.,VTD2000-089-54,Sherwood Baptist Church,100.0,13.043478260869563
1998,primary,MADISON,58,New Market Fire Sta.,,,90.47619047619048,4.976190476190482
1998,primary,MADISON,59,Maysville Central Fire,VTD2000-089-56,Maysville Central Fire Station,95.0,9.5
1998,primary,MADISON,60,Big Cove Fire Sta.,,,89.47368421052632,0.0
1998,primary,MADISON,61,Monrovia School,VTD2000-089-58,Monrovia School,100.0,14.5
1998,primary,MADISON,62,Whitesburg Boat Harbor,VTD2000-089-59,Whitesburg Boat Harbor,100.0,27.65957446808511
1998,primary,MADISON,63,Triana City Hall,,,100.0,5.0
1998,primary,MADISON,64,Keel NMt. Vol. Fire,,,85.5,35.934782608695656
1998,primary,MADISON,65,Plumbers & Steam. 377,,,85.5,38.0
1998,primary,MADISON,66,Co. Comm. Distr. 4 #1,,,85.5,6.333333333333343
1998,primary,MADISON,67,Co. Comm. Distr. 4 #2,,,85.5,6.333333333333343
1998,primary,MADISON,68,Toney Fire Station,VTD2000-089-65,Toney Fire Station,100.0,14.5
1998,primary,MADISON,69,Meridianville Lions Cl.,VTD2000-089-66,Meridianville Lions Club,95.65217391304348,25.08074534161493
1998,primary,MADISON,70,Plainview Ch. Of Christ #1,VTD2000-089-67,Plainview Church Of Christ,100.0,20.0
1998,primary,MADISON,71,Poplar Ridge Comm. Ctr.,VTD2000-089-68,Poplar Ridge Community Center,100.0,14.5
1998,primary,MADISON,72,Madison Ch. Of Christ #1,,,100.0,0.0
1998,primary,MADISON,73,Madison Ch. Of Christ #2,,,100.0,0.0
1998,primary,MADISON,74,Gurley City Hall,,,100.0,0.0
1998,primary,MADISON,75,Madison City Hall #1,,,100.0,5.0
1998,primary,MADISON,76,Madison City Hall #2,,,100.0,5.0
1998,primary,MADISON,77,Locust Grove Bapt. Ch.,VTD2000-089-72,Locust Grove Baptist Church,100.0,25.925925925925924
1998,primary,MADISON,78,Plevna Fire Station,VTD2000-089-73,Plevna Fire Station,100.0,14.5
1998,primary,MADISON,79,Elon Water Gardens,VTD2000-089-74,Elon Water Gardens,100.0,48.57142857142858
1998,primary,MADISON,80,Owens Cross Rds.,,,85.5,0.0
1998,primary,MADISON,81,Meridianville Fire Dept.,VTD2000-089-76,Meridianville Fire Dept,100.0,14.5
1998,primary,MADISON,82,Central School,VTD2000-089-77,Central School,100.0,14.5
1998,primary,MADISON,83,Monrovia Fire Sta. #1,,,89.47368421052632,3.973684210526315
1998,primary,MADISON,84,Monrovia Fire Sta. #2,,,89.47368421052632,3.973684210526315
1998,primary,MADISON,85,Hurrican Creek,,,85.5,35.099999999999994
1998,primary,MADISON,86,Co. Comm Distr. 1,,,85.5,11.58695652173914
1998,primary,MADISON,87,Bobo W.O.W. Hall,,,92.85714285714286,6.19047619047619
1998,primary,MADISON,88,New Hope City Hall,,,100.0,5.0
1998,primary,MADISON,89,Ch. Of Christ Merdnvl,VTD2000-089-83,Church Of Christ Meridianville,88.88888888888889,9.722222222222214
1998,primary,MADISON,90,Blackburn Chapel C.P.,,,85.5,1.0555555555555571
1998,primary,MADISON,91,Madison Co. Tchr. Ctr. #1,,,85.5,0.0
1998,primary,MADISON,92,Madison Co. Tchr. Ctr. #2,,,85.5,0.0
1998,primary,MADISON,93,Calculated,,,48.857142857142854,0.8571428571428541
1998,primary,MARENGO,1,Demopolis Civic Center,VTD2000-091-1-1,Demopolis Civic Center,100.0,40.42553191489362
1998,primary,MARENGO,2,Demopolis Natl Guard Arm.,,,63.333333333333336,6.811594202898547
1998,primary,MARENGO,3,Demopolis Westside Elem.,,,90.0,6.04651162790698
1998,primary,MARENGO,4,Demopolis High School,VTD2000-091-1-2,Demopolis Jr High School,95.0,34.53488372093024
1998,primary,MARENGO,5,Jefferson,VTD2000-091-2-3,Jefferson Voting Booth,90.0,38.57142857142858
1998,primary,MARENGO,6,Springhill,VTD2000-091-2-4,Springhill Booth,90.0,38.57142857142858
1998,primary,MARENGO,7,Gallion Comm. Ctr.,,,81.63265306122449,5.632653061224488
1998,primary,MARENGO,8,Faunsdale Town Office,VTD2000-091-3-2,Faunsdale Town Office,100.0,52.38095238095239
1998,primary,MARENGO,9,Dayton Town Office,,,72.06896551724137,12.609506057781914
1998,primary,MARENGO,10,Quinney Store Building,VTD2000-091-3-4,Quinney Store,90.0,42.5
1998,primary,MARENGO,11,Old Linden Armory,VTD2000-091-3-5,Old Linden Armory,100.0,29.629629629629633
1998,primary,MARENGO,12,Range Line,VTD2000-091-3-7,Rangeline,94.73684210526316,41.795665634674926
1998,primary,MARENGO,13,Thomaston Lunch Room,VTD2000-091-4-1,Thomaston Lunchroom,97.43589743589743,43.43589743589743
1998,primary,MARENGO,14,McKinley,VTD2000-091-4-2,McKinley Voting Booth,90.0,36.0
1998,primary,MARENGO,15,Flatwood,VTD2000-091-4-3,Flatwood Voting Booth,90.0,28.928571428571423
1998,primary,MARENGO,16,Sardis,VTD2000-091-4-4,Sardis Voting Booth,90.0,36.0
1998,primary,MARENGO,17,Magnolia,VTD2000-091-4-5,Magnolia Community Center,90.0,29.999999999999993
1998,primary,MARENGO,18,Vineland,VTD2000-091-4-6,Vineland Voting Booth,90.0,38.57142857142858
1998,primary,MARENGO,19,Surginer,VTD2000-091-4-7,Surginer Voting Booth,90.0,31.17647058823529
1998,primary,MARENGO,20,Dixons Mills Vol Fire Sta.,VTD2000-091-4-8,Dixon Mills Vol Fire Station,92.3076923076923,38.97435897435898
1998,primary,MARENGO,21,Old Courthouse Building,,,77.72727272727272,12.210031347962385
1998,primary,MARENGO,22,Octagon,VTD2000-091-5-2,Octagon Voting Booth,90.0,34.61538461538461
1998,primary,MARENGO,23,Wayne,VTD2000-091-5-3-4,Wayne/Sweetwater,90.0,36.0
1998,primary,MARENGO,24,Sweet Water,,,74.07407407407408,26.705653021442487
1998,primary,MARENGO,25,Hobken,,,75.00000000000001,25.909090909090928
1998,primary,MARENGO,26,Lasca,VTD2000-091-5-6,Lasca Voting Booth,90.0,36.0
1998,primary,MARENGO,27,Putman,VTD2000-091-5-7,Putman Voting Booth,90.0,35.45454545454546
1998,primary,MARENGO,28,Nanafalia Masonic Lodge,VTD2000-091-5-8,Nanafalia Mason Lodge,95.45454545454545,23.454545454545453
1998,primary,MARENGO,29,Aimwell,VTD2000-091-5-9,Aimwell Voting Booth,90.0,38.699999999999996
1998,primary,MARENGO,30,Half Acre,VTD2000-091-5-10,Hills Half Acre,90.0,40.0
1998,primary,MARENGO,31,Myrtlewood Comm. Ctr.,VTD2000-091-5-11,Myrtlewood Community Center,100.0,25.85365853658537
1998,primary,MARENGO,32,Calculated,,,45.0,4.764705882352942
1998,primary,MARION,1,Hamilton #1,VTD2000-093-1S,Hamilton Neighborhood Facilities Bldg,90.0,34.61538461538461
1998,primary,MARION,2,Hamilton #2,VTD2000-093-1S,Hamilton Neighborhood Facilities Bldg,90.0,34.61538461538461
1998,primary,MARION,3,Rye,,,60.00000000000001,0.0
1998,primary,MARION,4,Kemp,VTD2000-093-3,Kemp Pleasent Site Church,90.0,45.0
1998,primary,MARION,5,Bexar,VTD2000-093-4,Old Bexar Post Office,90.0,10.0
1998,primary,MARION,6,Shottsville,,,53.4375,2.0089285714285765
1998,primary,MARION,7,Shiloh,VTD2000-093-6,Shiloh Community Center,90.0,40.909090909090914
1998,primary,MARION,8,Hackleburg,VTD2000-093-7,Hackleburg City Hall,90.0,45.0
1998,primary,MARION,9,Bear Creek,VTD2000-093-8,Bear Creek City Hall,90.0,36.0
1998,primary,MARION,10,Kimbrough #1,VTD2000-093-9S,Kimbrough Craft Comm Building,90.0,42.5
1998,primary,MARION,11,Kimbrough #2,VTD2000-093-9S,Kimbrough Craft Comm Building,90.0,42.5
1998,primary,MARION,12,Howell,,,54.0,0.0
1998,primary,MARION,13,Pearces Mill,,,56.25,3.75
1998,primary,MARION,14,Clark,,,54.0,2.5714285714285765
1998,primary,MARION,15,Bacccus,,,83.07692307692308,38.07692307692308
1998,primary,MARION,16,Winfield,,,53.4375,7.837499999999999
1998,primary,MARION,17,Guin,VTD2000-093-15,City Hall-Guin,90.0,22.5
1998,primary,MARION,18,Pikeville,VTD2000-093-16,Pikeville Liberty Church,90.0,40.0
1998,primary,MARION,19,Barnsville,VTD2000-093-17,Barnsville Church,90.0,29.999999999999993
1998,primary,MARION,20,Brilliant,VTD2000-093-18,Brilliant Community Center,90.0,36.5625
1998,primary,MARION,21,Wiginton,VTD2000-093-19,Wiginton Community Bldg,90.0,40.909090909090914
1998,primary,MARION,22,Calculated,,,45.0,0.0
1998,primary,MOBILE,1,TWUA Union Hall,VTD2000-097-96-1,TWUA Union Hall,100.0,14.5
1998,primary,MOBILE,2,Creola City Hall,VTD2000-097-96-2,Creola City Hall,100.0,14.5
1998,primary,MOBILE,3,Mt Vernon Civic Ctr,VTD2000-097-96-3,Mt Vernon Civic Center,100.0,26.451612903225808
1998,primary,MOBILE,4,Old Belsaw Sch,VTD2000-097-96-4,Old Belsaw School,100.0,14.5
1998,primary,MOBILE,5,Turnerville Assn,,,85.5,3.448717948717956
1998,primary,MOBILE,6,Turnerville Comm Ctr,VTD2000-097-96-6,Turnerville Community Center,100.0,22.222222222222214
1998,primary,MOBILE,7,Havenwood Baptist,VTD2000-097-96-7,Havenwood Baptist Church,95.0,9.5
1998,primary,MOBILE,8,Chunchula Baptist,VTD2000-097-96-8,Chunchula Baptist Church,95.0,9.5
1998,primary,MOBILE,9,Kali-Oka Civic Club,VTD2000-097-96-9,Kali-Oka Civic Club,100.0,44.99999999999999
1998,primary,MOBILE,10,Saraland Womans Clb,VTD2000-097-96-10,Saraland Woman's Club,95.0,38.70370370370371
1998,primary,MOBILE,11,Saraland Civic Ctr,VTD2000-097-96-11,Saraland Civic Center,100.0,14.5
1998,primary,MOBILE,12,Chickasaw Auditor,VTD2000-097-96-12,Chickasaw Auditorium,91.89189189189189,37.34643734643734
1998,primary,MOBILE,13,Mary Abbie Berg Ctr,VTD2000-097-97-1,Mary Abbie Berg,95.0,36.46341463414633
1998,primary,MOBILE,14,Bishop St,,,90.0,4.5
1998,primary,MOBILE,15,Murphy High Sch,VTD2000-097-97-3,Murphy High School Library,95.0,9.5
1998,primary,MOBILE,16,Springhill AV Rec,VTD2000-097-97-4,Springhill Ave Recreation Center,88.66666666666666,30.888888888888886
1998,primary,MOBILE,17,St Joan of Arc Ch,VTD2000-097-97-5,St Joan Of Arc Church,100.0,26.451612903225808
1998,primary,MOBILE,18,Mobile Civic Ctr,VTD2000-097-97-6,Mobile Civic Center,100.0,14.5
1998,primary,MOBILE,19,Rock of Faith Baptist,VTD2000-097-97-7,Rock Of Faith Baptist Church,95.0,9.5
1998,primary,MOBILE,20,Elks Lodge #108,VTD2000-097-97-8,Elks Lodge #108,100.0,14.5
1998,primary,MOBILE,21,VFW Post #49,VTD2000-097-97-9,VFW Post #49,100.0,46.5625
1998,primary,MOBILE,22,MJ's Express,VTD2000-097-97-10,MJ's Express,100.0,14.5
1998,primary,MOBILE,23,Masonic Lodge #145,VTD2000-097-98-1,Masonic Lodge #145,100.0,14.5
1998,primary,MOBILE,24,Vigor High Sch,VTD2000-097-98-2,Vigor High School,100.0,14.5
1998,primary,MOBILE,25,Blount High Sch,VTD2000-097-98-3,Blount High School,100.0,14.5
1998,primary,MOBILE,26,Prichard Fire Sta,VTD2000-097-98-4,Prichard Fire Station,89.47368421052632,20.902255639097746
1998,primary,MOBILE,27,Eight Mile Sch,VTD2000-097-98-5,Eight Mile School,100.0,14.5
1998,primary,MOBILE,28,Crawford United Meth,,,85.5,28.65789473684211
1998,primary,MOBILE,29,Indian Springs Baptist,VTD2000-097-98-7,Indian Springs Baptist Ed Bldg,90.0,34.680851063829785
1998,primary,MOBILE,30,College Park Baptist,VTD2000-097-98-8,College Park Baptist Church,95.0,9.5
1998,primary,MOBILE,31,Lott Rd Feed/Supply,,,55.55555555555556,12.805555555555557
1998,primary,MOBILE,32,Trinity Lutheran,VTD2000-097-98-10,Trinity Lutheran Church,95.0,41.66666666666667
1998,primary,MOBILE,33,Prichard City Hall,VTD2000-097-99-1,Prichard City Hall,100.0,14.5
1998,primary,MOBILE,34,Crichton Sch,VTD2000-097-99-2,Crichton School,100.0,14.5
1998,primary,MOBILE,35,Leflore High Sch,VTD2000-097-99-3,Leflore High School,100.0,14.5
1998,primary,MOBILE,36,AW Holloway Sch,,,87.17948717948718,1.6794871794871824
1998,primary,MOBILE,37,Boys Club Mobile,VTD2000-097-99-5,Boys Club Of Mobile,95.0,9.5
1998,primary,MOBILE,38,Phillips Prep Sch,VTD2000-097-99-6,Phillips Prep School,100.0,14.5
1998,primary,MOBILE,39,ES Chestang Sch,,,85.5,0.0
1998,primary,MOBILE,40,Scarborough Sch,,,85.5,0.0
1998,primary,MOBILE,41,Orchard Sch,VTD2000-097-99-9,Orchard School,100.0,14.5
1998,primary,MOBILE,42,Hillsdale Comm Ctr,VTD2000-097-99-10,Hillsdale Community Center,100.0,20.0
1998,primary,MOBILE,43,Friendship Baptist,VTD2000-097-99-11,Friendship Baptist Church,95.0,9.5
1998,primary,MOBILE,44,Springhill Armory,,,85.5,0.0
1998,primary,MOBILE,45,St John Methodist,,,85.5,0.0
1998,primary,MOBILE,46,University Ch Christ,VTD2000-097-100-3,University Church Of Christ,95.0,25.769230769230774
1998,primary,MOBILE,47,Hillcrest Baptist,VTD2000-097-100-4,Hillcrest Baptist Church,95.0,9.5
1998,primary,MOBILE,48,Our Savior Catholic,VTD2000-097-100-5,Our Savior Catholic Church,95.0,40.45454545454546
1998,primary,MOBILE,49,Creekwood Ch Christ,VTD2000-097-100-6,Creekwood Church Of Christ,95.0,26.388888888888886
1998,primary,MOBILE,50,Augusta Evans Sch,VTD2000-097-101-1,Augusta Evans School,100.0,14.5
1998,primary,MOBILE,51,St Ignatius Ch,VTD2000-097-101-2,St Ignatious Church,97.67441860465115,12.174418604651152
1998,primary,MOBILE,52,ER Dickson Sch,VTD2000-097-101-3,E R Dickson School,97.14285714285714,11.642857142857139
1998,primary,MOBILE,53,Azalea Rd Middle Sch,VTD2000-097-101-4,Azalea Road Middle School,95.83333333333334,10.333333333333343
1998,primary,MOBILE,54,Fonde Sch,,,85.5,0.0
1998,primary,MOBILE,55,Kate Shepard Sch,VTD2000-097-101-6,Kate Shepard School,100.0,14.5
1998,primary,MOBILE,56,Independent Meth,VTD2000-097-101-7,First Independent Methodist Church,90.0,42.827586206896555
1998,primary,MOBILE,57,Westlawn Sch,,,85.5,0.0
1998,primary,MOBILE,58,Pleasant Val Meth,,,85.5,35.205882352941174
1998,primary,MOBILE,59,Citronelle Natl Grd,,,83.8235294117647,32.66073871409027
1998,primary,MOBILE,60,Davis Gen Store,,,88.23529411764706,2.735294117647058
1998,primary,MOBILE,61,Fellowship Baptist,VTD2000-097-102-3,Fellowship Baptist Church,95.0,9.5
1998,primary,MOBILE,62,Georgetown Baptist,VTD2000-097-102-4,Georgetown Baptist Church,95.0,9.5
1998,primary,MOBILE,63,1st Baptist Wilmer,,,85.5,0.0
1998,primary,MOBILE,64,Mary Montgomery Sch,VTD2000-097-102-6,Mary Montgomery School,100.0,14.5
1998,primary,MOBILE,65,Jon Archer Ag Center,,,85.5,0.0
1998,primary,MOBILE,66,Tanner Williams Sch,VTD2000-097-102-8,Tanner Williams School,100.0,14.5
1998,primary,MOBILE,67,Abba Temple Shrine,VTD2000-097-102-9,ABBA Temple Shrine Auditorium,90.0,42.38095238095239
1998,primary,MOBILE,68,Whitley Sch,VTD2000-097-103-1,Whitley School,100.0,14.5
1998,primary,MOBILE,69,Plateau Comm Ctr,VTD2000-097-103-2,Plateau Community Center,100.0,20.0
1998,primary,MOBILE,70,St Francis Xavier,VTD2000-097-103-3,St Francis Xavier Church,95.0,9.5
1998,primary,MOBILE,71,Mobile Fed Women Cl,,,86.85714285714286,1.3571428571428612
1998,primary,MOBILE,72,Old Shell Rd Sch,VTD2000-097-103-5,Old Shell Road School,95.0,9.5
1998,primary,MOBILE,73,Providence Bap,VTD2000-097-103-6,Providence Baptist Church,90.0,38.57142857142858
1998,primary,MOBILE,74,Rickarby,VTD2000-097-103-7,Rickarby Park,90.0,29.999999999999993
1998,primary,MOBILE,75,All Storage Office,,,63.0,16.783783783783782
1998,primary,MOBILE,76,Morningside Sch,VTD2000-097-103-9,Morningside School,100.0,14.5
1998,primary,MOBILE,77,Mae Eanes Sch,VTD2000-097-103-10,Mae Eanes School,100.0,14.5
1998,primary,MOBILE,78,1st Bap Tillmns Cor,,,85.5,22.754901960784316
1998,primary,MOBILE,79,Hollingers Isl Sch,VTD2000-097-104-2,Hollingers Island School,93.33333333333333,7.833333333333329
1998,primary,MOBILE,80,St Phillip Neri Ch,,,86.36363636363636,18.278529980657638
1998,primary,MOBILE,81,Trimmier Park,VTD2000-097-104-4,Trimmier Park,100.0,14.5
1998,primary,MOBILE,82,St Andrews Episcopl,,,85.5,0.8846153846153868
1998,primary,MOBILE,83,Navco Baptist Ch,VTD2000-097-104-6,Navco Baptist Church,100.0,14.5
1998,primary,MOBILE,84,Law Enforce Lodge,,,85.5,0.0
1998,primary,MOBILE,85,Dodge Sch,VTD2000-097-104-8,Dodge School,100.0,14.5
1998,primary,MOBILE,86,Environmental Ctr,,,85.5,0.0
1998,primary,MOBILE,87,Travis Rd Baptist,,,85.5,0.0
1998,primary,MOBILE,88,Knights of Columbus,VTD2000-097-105-1,Knights Of Columbus Hall,95.0,9.5
1998,primary,MOBILE,89,Al Port Fire Sta,,,85.5,26.040540540540547
1998,primary,MOBILE,90,Bayou/Batre Civic,,,85.5,22.5
1998,primary,MOBILE,91,St Elmo Elem,VTD2000-097-105-4,St Elmo Elementary School,95.0,9.5
1998,primary,MOBILE,92,Meadowlake Elem Sch,VTD2000-097-105-5,Meadowlake Elementary School,100.0,14.5
1998,primary,MOBILE,93,Old Mob Co-op Bldg,,,85.5,33.040983606557376
1998,primary,MOBILE,94,Grand Bay Sch,,,85.5,0.0
1998,primary,MOBILE,95,Odd Fellows Lodge,VTD2000-097-105-8,Odd Fellows Lodge,100.0,14.5
1998,primary,MOBILE,96,Coden Community Hse,VTD2000-097-105-9,Coden Community House,95.0,9.5
1998,primary,MOBILE,97,Dau Islnd City Hall,VTD2000-097-105-10,Dauphin Island City Hall,88.37209302325581,19.972093023255823
1998,primary,MOBILE,98,Calculated,,,48.0,0.0
1998,primary,MONTGOMERY,1,Cloverdale Comm. Ctr.,VTD2000-101-1-A,Cloverdale Community Center,100.0,20.0
1998,primary,MONTGOMERY,2,Highland Av Sch.,,,85.5,0.0
1998,primary,MONTGOMERY,3,Vaughn Pk Ch of Christ,VTD2000-101-1-C,Vaughn Park Church Of Christ,96.2962962962963,23.219373219373225
1998,primary,MONTGOMERY,4,Southeast YMCA,VTD2000-101-1-D,Southeast YMCA,100.0,39.99999999999999
1998,primary,MONTGOMERY,5,Aldersgate Meth Chr,,,85.5,32.86842105263157
1998,primary,MONTGOMERY,6,John Patterson Sch,VTD2000-101-1-F,John Patterson Technical School,95.0,9.5
1998,primary,MONTGOMERY,7,Montg Museum Fn Art,,,85.5,30.04054054054054
1998,primary,MONTGOMERY,8,Bryant Miss Baptist,,,85.5,33.24999999999999
1998,primary,MONTGOMERY,9,Beulah Baptist Ch,VTD2000-101-2-B,Beulah Baptist Church,100.0,14.5
1998,primary,MONTGOMERY,10,Carver High Sch,VTD2000-101-2-C,Carver High School,100.0,14.5
1998,primary,MONTGOMERY,11,Montgy Boys Club,,,88.88888888888889,3.3888888888888857
1998,primary,MONTGOMERY,12,Peterson Elem Sch,VTD2000-101-2-E,Peterson Elementary School,100.0,14.5
1998,primary,MONTGOMERY,13,Fire Station No. 14,VTD2000-101-2-F,Fire Station No. 14,100.0,14.5
1998,primary,MONTGOMERY,14,Hayneville Rd comm,VTD2000-101-2-G,Hayneville Road Community Center,88.3720930232558,26.33127669672519
1998,primary,MONTGOMERY,15,Harrison Sch,,,85.5,0.0
1998,primary,MONTGOMERY,16,Southlawn Elem Sch,VTD2000-101-2-I,Southlawn Elementary School,100.0,14.5
1998,primary,MONTGOMERY,17,Hunter Station,,,90.0,4.5
1998,primary,MONTGOMERY,18,Catoma Sch,VTD2000-101-2-K,Catoma School,100.0,14.5
1998,primary,MONTGOMERY,19,Captiol Heights Comm,,,84.21052631578947,20.877192982456144
1998,primary,MONTGOMERY,20,Highland Gardens,,,90.0,4.5
1998,primary,MONTGOMERY,21,Library Col Blvd,,,82.16216216216216,15.662162162162161
1998,primary,MONTGOMERY,22,Lagoon Park,,,90.0,4.5
1998,primary,MONTGOMERY,23,Flowers Elem Sch,VTD2000-101-3-E,Flowers Elementary School,100.0,14.5
1998,primary,MONTGOMERY,24,Goodwyn Comm Ctr,VTD2000-101-3-F,Goodwyn Community Center,100.0,16.666666666666657
1998,primary,MONTGOMERY,25,Alcazar Shrine Temple,VTD2000-101-3-G,Alcazar Shrine Temple,100.0,53.04347826086957
1998,primary,MONTGOMERY,26,Wares Ferry Ele Sch,,,85.5,0.0
1998,primary,MONTGOMERY,27,Franklin Boys/Girls,VTD2000-101-4-A,Franklin Boys-Girls Club,95.0,51.15384615384615
1998,primary,MONTGOMERY,28,Houston Hill,,,90.0,4.5
1998,primary,MONTGOMERY,29,Alabama State Univ,,,85.71428571428572,29.464285714285722
1998,primary,MONTGOMERY,30,Hamner Hall,VTD2000-101-4-D,Hamner Hall Fire Station,90.0,36.0
1998,primary,MONTGOMERY,31,Goode St,,,85.5,31.5
1998,primary,MONTGOMERY,32,Newtown Comm Ctr,VTD2000-101-4-F,Newtown Community Center,100.0,16.666666666666657
1998,primary,MONTGOMERY,33,King Hill Comm Ctr,VTD2000-101-4-G,King Hill Community Center,100.0,17.85714285714286
1998,primary,MONTGOMERY,34,No Montgy Comm Ctr,,,88.13559322033898,5.782652043868396
1998,primary,MONTGOMERY,35,Union Academy,,,90.0,4.5
1998,primary,MONTGOMERY,36,Union Chapel Ame 21,,,86.85714285714286,35.79331306990881
1998,primary,MONTGOMERY,37,Chisholm Comm Ctr,VTD2000-101-4-K,Chisholm Community Center,100.0,18.367346938775512
1998,primary,MONTGOMERY,38,Bellingrath Com Ctr,,,88.0,2.5
1998,primary,MONTGOMERY,39,McIntyre Comm Ctr,VTD2000-101-4-M,McIntyre Community Center,100.0,16.666666666666657
1998,primary,MONTGOMERY,40,Hope Hull,VTD2000-101-5-A,Hope Hull Church Of Christ,90.0,33.0
1998,primary,MONTGOMERY,41,Snowdoun Womens Clb,VTD2000-101-5-B,Snowdoun Womens Club,97.43589743589743,46.15384615384615
1998,primary,MONTGOMERY,42,Seth Johnson,VTD2000-101-5-C,Seth Johnson Elementary School,90.0,37.5
1998,primary,MONTGOMERY,43,Peter Crump Elem,,,85.5,0.0
1998,primary,MONTGOMERY,44,Fitzpatrick Elem Sch,VTD2000-101-5-E,Fitzpatrick Elementary School,100.0,14.5
1998,primary,MONTGOMERY,45,Technacenter,VTD2000-101-5-F,Technacenter,100.0,39.99999999999999
1998,primary,MONTGOMERY,46,Eastdale Baptist Ch,VTD2000-101-5-G,Eastdale Baptist Church,100.0,22.727272727272734
1998,primary,MONTGOMERY,47,Ga Washington Sch,,,88.88888888888889,3.3888888888888857
1998,primary,MONTGOMERY,48,Pike Rd Library Bld,,,83.33333333333334,16.833333333333343
1998,primary,MONTGOMERY,49,Chesser Comm Ctr,VTD2000-101-5-J,Chesser Community Center,100.0,18.367346938775512
1998,primary,MONTGOMERY,50,Pintlala Fire Dept,,,85.5,4.798245614035082
1998,primary,MONTGOMERY,51,Lapine Comm Ctr,VTD2000-101-5-M,Lapine Community Center,100.0,16.666666666666657
1998,primary,MONTGOMERY,52,Ramer Public Lib,,,62.06896551724138,10.25078369905956
1998,primary,MONTGOMERY,53,So Montgy Vol Fire,,,85.5,15.5
1998,primary,MONTGOMERY,54,Sikes & Kohns,,,86.89655172413794,36.49655172413793
1998,primary,MONTGOMERY,55,AUM,,,68.4,8.399999999999999
1998,primary,MONTGOMERY,56,First Christian Ch.,VTD2000-101-5-R,1st Christian Church,100.0,14.5
1998,primary,MONTGOMERY,57,Chalenged,,,57.14285714285714,5.714285714285715
1998,primary,MONTGOMERY,58,Calculated,,,51.42857142857142,2.5714285714285694
1998,primary,MORGAN,1,McCurry Tackle Shop,VTD2000-103-1-1,McCurry Tackle Shop,100.0,14.5
1998,primary,MORGAN,2,Flint Elementary,VTD2000-103-2-1,Flint Elementary School,95.0,9.5
1998,primary,MORGAN,3,Morgan Cty. Ct. Hs.,,,85.5,0.0
1998,primary,MORGAN,4,West Decatur Elm. Sch.,,,86.79245283018868,1.2924528301886795
1998,primary,MORGAN,5,Decatur Utilities,,,90.0,4.5
1998,primary,MORGAN,6,Decatur High School,VTD2000-103-3-4,Decatur High School,100.0,14.5
1998,primary,MORGAN,7,Somerville Rd. Elem Sch.#1,VTD2000-103-3-5,Somerville Rd Elem School,100.0,14.5
1998,primary,MORGAN,8,Somerville Rd. Elem Sch.#2,VTD2000-103-3-5,Somerville Rd Elem School,100.0,14.5
1998,primary,MORGAN,9,Woodmeade Elem. Sch.#1,VTD2000-103-3-6,Woodmeade Elem School,100.0,14.5
1998,primary,MORGAN,10,Woodmeade Elem. Sch.#2,VTD2000-103-3-6,Woodmeade Elem School,100.0,14.5
1998,primary,MORGAN,11,Aquadome,VTD2000-103-3-7,Aquadome Recreation Center,90.0,40.909090909090914
1998,primary,MORGAN,12,Austinville Elm. Sch.#1,,,86.27450980392157,0.7745098039215748
1998,primary,MORGAN,13,Austinville Elm. Sch.#2,,,86.27450980392157,0.7745098039215748
1998,primary,MORGAN,14,American Legion,VTD2000-103-3-9,American Legion Building,90.0,41.142857142857146
1998,primary,MORGAN,15,Julian Harris Elem. Sch.#1,VTD2000-103-3-10,Julian Harris Elem School,100.0,14.5
1998,primary,MORGAN,16,Julian Harris Elem. Sch.#2,VTD2000-103-3-10,Julian Harris Elem School,100.0,14.5
1998,primary,MORGAN,17,Julian Harris Elem. Sch.#3,VTD2000-103-3-10,Julian Harris Elem School,100.0,14.5
1998,primary,MORGAN,18,Benjamin Davis Elem. Sch.#1,VTD2000-103-3-11,Benjamin Davis Elem School,100.0,14.5
1998,primary,MORGAN,19,Benjamin Davis Elem. Sch.#2,VTD2000-103-3-11,Benjamin Davis Elem School,100.0,14.5
1998,primary,MORGAN,20,Cashin Homes Rec. Ctr.,,,78.57142857142857,0.6053268765133168
1998,primary,MORGAN,21,Morgan County DHR,,,85.5,0.0
1998,primary,MORGAN,22,Chestnut Grove Elem. Sch.#1,VTD2000-103-3-14,Chestnut Grove Elem School,100.0,14.5
1998,primary,MORGAN,23,Chestnut Grove Elem. Sch.#2,VTD2000-103-3-14,Chestnut Grove Elem School,100.0,14.5
1998,primary,MORGAN,24,Frances Nungester Elem.,VTD2000-103-3-15,Frances Nungester Elem School,95.0,34.833333333333336
1998,primary,MORGAN,25,Cedar Ridge Middle Sch.,VTD2000-103-3-16,Cedar Ridge Middle School,100.0,40.90909090909092
1998,primary,MORGAN,26,Pt Mallard  Pkwy Bap. Ch.,,,59.25925925925925,5.092592592592581
1998,primary,MORGAN,27,Walter Jackson Elem. Sch.,VTD2000-103-4-2,Walter Jackson Elem School,100.0,14.5
1998,primary,MORGAN,28,Eastwoood Elem. Sch.#1,VTD2000-103-4-3,Eastwood Elem School,98.11320754716981,12.613207547169807
1998,primary,MORGAN,29,Eastwoood Elem. Sch.#2,VTD2000-103-4-3,Eastwood Elem School,98.11320754716981,12.613207547169807
1998,primary,MORGAN,30,Priceville Fire Station#1,VTD2000-103-5-1,Priceville Fire Station,100.0,14.5
1998,primary,MORGAN,31,Priceville Fire Station#2,VTD2000-103-5-1,Priceville Fire Station,100.0,14.5
1998,primary,MORGAN,32,Center Springs Meth. Ch.,VTD2000-103-6-1,Center Springs Methodist Church,91.22807017543859,31.228070175438596
1998,primary,MORGAN,33,Outreach Ministries,VTD2000-103-7-1,Outreach Ministries Of Ala,95.0,49.99999999999999
1998,primary,MORGAN,34,Lacey's Spg. Elem. Sch.,,,85.5,0.0
1998,primary,MORGAN,35,Union Hill School Jr. Hi. #1,,,91.04166666666667,5.541666666666671
1998,primary,MORGAN,36,Union Hill School Jr. Hi. #2,,,91.04166666666667,5.541666666666671
1998,primary,MORGAN,37,Tri-County Vol. Fire,VTD2000-103-10-1,Tri-County Volunteer Fire Dept,95.0,9.5
1998,primary,MORGAN,38,District 4 Shop Building,,,80.85106382978724,7.77414075286417
1998,primary,MORGAN,39,Union Ch. Of Christ,VTD2000-103-12-1,Union Church Of Christ,100.0,14.5
1998,primary,MORGAN,40,Somerville Town Hall,VTD2000-103-13-1,Somerville Town Hall,100.0,14.5
1998,primary,MORGAN,41,Sparkman Elem. Sch.,VTD2000-103-14-1,Sparkman Elem School,100.0,19.25
1998,primary,MORGAN,42,Sparkman Civic Ctr.#1,VTD2000-103-15-1,John J Sparkman Civic Center,95.0,34.361702127659576
1998,primary,MORGAN,43,Sparkman Civic Ctr.#2,VTD2000-103-15-1,John J Sparkman Civic Center,95.0,34.361702127659576
1998,primary,MORGAN,44,Sparkman Civic Ctr.#3,VTD2000-103-15-1,John J Sparkman Civic Center,95.0,34.361702127659576
1998,primary,MORGAN,45,American Legion Post #1,,,81.42857142857142,33.602484472049674
1998,primary,MORGAN,46,American Legion Post #2,,,81.42857142857142,33.602484472049674
1998,primary,MORGAN,47,Trinity Municipal Bldg.,VTD2000-103-16-1,Trinity Municipal Building,100.0,22.27272727272728
1998,primary,MORGAN,48,Pleasant Hill Bap. Ch.,VTD2000-103-17-1,Pleasant Hill Baptist Church,92.3076923076923,26.22073578595318
1998,primary,MORGAN,49,Neel Nutrition Ctr.,,,59.57446808510638,7.574468085106382
1998,primary,MORGAN,50,Danville Vol. Fire Dept.,,,85.71428571428572,0.2142857142857224
1998,primary,MORGAN,51,Massey Club House,VTD2000-103-20-1,Massey Club House,100.0,46.34146341463414
1998,primary,MORGAN,52,Falkville Muni. Bldg.,VTD2000-103-21-1,Falkville Municipal Building,90.19607843137256,28.97158863545419
1998,primary,MORGAN,53,Morgan Cty. Distr. 3 Shop,,,85.5,5.5
1998,primary,MORGAN,54,Oden Ridge Vol. Fire Sta.,,,87.96296296296296,11.296296296296305
1998,primary,MORGAN,55,Brewer High Sch.,VTD2000-103-24-1,Brewer High School,100.0,14.5
1998,primary,MORGAN,56,New Eva Town Hall,VTD2000-103-25-1,New Era Town Hall,94.11764705882352,27.360890302066764
1998,primary,MORGAN,57,Ebenezer Vol. Fire Sta.,,,87.39999999999999,14.986206896551721
1998,primary,MORGAN,58,Gum Pond Vol. Fire Sta.,,,75.20833333333333,6.242816091954012
1998,primary,MORGAN,59,Lebanon Bap. Church,,,90.0,4.5
1998,primary,MORGAN,60,Calculated,,,48.0,0.0
1998,primary,PERRY,1,National Guard Arm.#1,VTD2000-105-1,National Guard Armory,92.3076923076923,47.863247863247864
1998,primary,PERRY,2,National Guard Arm.#2,VTD2000-105-1,National Guard Armory,92.3076923076923,47.863247863247864
1998,primary,PERRY,3,National Guard Arm.#3,VTD2000-105-1,National Guard Armory,92.3076923076923,47.863247863247864
1998,primary,PERRY,4,Natiional Guard Arm.#4,VTD2000-105-1,National Guard Armory,90.0,46.52173913043478
1998,primary,PERRY,5,Westside School,,,37.5,3.299999999999997
1998,primary,PERRY,6,No. Perry Fire Station,VTD2000-105-6,North Perry Fire Station,93.33333333333333,21.904761904761898
1998,primary,PERRY,7,Heiberger Grocery,VTD2000-105-7,Heiberger Grocery-Armory,95.0,43.57142857142858
1998,primary,PERRY,8,Seveere,VTD2000-105-8,Severe,92.3076923076923,40.87912087912088
1998,primary,PERRY,9,Pinetuckey,VTD2000-105-9,Pinetucky,94.73684210526316,58.736842105263165
1998,primary,PERRY,10,Ocmulgee Fire St.,,,90.0,0.0
1998,primary,PERRY,11,Uniontown City Hall #1,VTD2000-105-2,Uniontown City Hall-Airport,95.0,55.0
1998,primary,PERRY,12,Uniontown City Hall #2,VTD2000-105-2,Uniontown City Hall-Airport,95.0,55.0
1998,primary,PERRY,13,Airport,,,90.0,0.0
1998,primary,PERRY,14,Hinton Hall,,,85.5,28.65789473684211
1998,primary,PERRY,15,Community Life Bldg.#1,VTD2000-105-3,Community Life Bldg,100.0,59.09090909090909
1998,primary,PERRY,16,Community Life Bldg.#2,VTD2000-105-3,Community Life Bldg,100.0,59.09090909090909
1998,primary,PERRY,17,Calculated,,,45.0,2.647058823529413
1998,primary,PICKENS,1,Liberty,VTD2000-107-1100,Liberty School,90.0,36.0
1998,primary,PICKENS,2,Bethlehem A,,,85.71428571428571,0.0
1998,primary,PICKENS,3,Bethlehem B,,,85.71428571428571,0.0
1998,primary,PICKENS,4,Forest,VTD2000-107-1300,Forest Comm Center,90.0,33.0
1998,primary,PICKENS,5,Mcshan,VTD2000-107-1400,McShan Comm Center,90.0,29.999999999999993
1998,primary,PICKENS,6,Reform,VTD2000-107-3300,Reform National Guard Armory,90.0,29.999999999999993
1998,primary,PICKENS,7,Pine Grove,,,90.0,0.0
1998,primary,PICKENS,8,Carrollton,,,90.0,0.0
1998,primary,PICKENS,9,Ethelsville,VTD2000-107-1800,Ethelsville City Hall,90.0,27.0
1998,primary,PICKENS,10,Cochrane/Dancy,VTD2000-107-2100,Cochrane-Dancy,100.0,50.909090909090914
1998,primary,PICKENS,11,Aliceville,VTD2000-107-5500A,Aliceville,100.0,10.0
1998,primary,PICKENS,12,Palmetto,VTD2000-107-3100,Palmetto Community Center,90.0,33.75
1998,primary,PICKENS,13,Fairview/Zion,VTD2000-107-3200,Fairview-Zion Community Center,90.0,39.599999999999994
1998,primary,PICKENS,14,Gordo,,,90.0,0.0
1998,primary,PICKENS,15,Macedonia,VTD2000-107-4100,Macedonia Masonic Hall,90.0,40.0
1998,primary,PICKENS,16,Carrollton-1,,,86.08695652173914,0.0
1998,primary,PICKENS,17,Carrollton-2,,,86.08695652173914,0.0
1998,primary,PICKENS,18,Spring Hill,VTD2000-107-4400,Spring Hill Comm Center,90.0,35.45454545454546
1998,primary,PICKENS,19,Pickensville,VTD2000-107-4500,Pickensville City Hall,90.0,17.272727272727266
1998,primary,PICKENS,20,Sapps,VTD2000-107-4600,Sapps Community Center,90.0,38.57142857142858
1998,primary,PICKENS,21,Speeds Mill,VTD2000-107-5200,Speeds Mill,100.0,48.57142857142858
1998,primary,PICKENS,22,Kirk,VTD2000-107-5300,Kirk Fire Dept,90.0,45.0
1998,primary,PICKENS,23,Benevola,VTD2000-107-5400,Benevola Community Center,90.0,45.0
1998,primary,PICKENS,24,Calculated,,,51.300000000000004,1.3000000000000043
1998,primary,SHELBY,1,1st Bapt Columb 001,,,76.19047619047619,22.344322344322343
1998,primary,SHELBY,2,Old Shelby Elem,,,45.23809523809524,2.488095238095241
1998,primary,SHELBY,3,1st Bapt Columb 003,,,76.19047619047619,22.344322344322343
1998,primary,SHELBY,4,Spring Creek Water,VTD2000-117-2,Spring Creek Water Authority,90.0,44.54545454545454
1998,primary,SHELBY,5,Calera Natl Guard,,,65.0,0.0
1998,primary,SHELBY,6,Montevallo 006,VTD2000-117-4,Montevallo,95.0,47.63157894736841
1998,primary,SHELBY,7,Wilton,,,75.00000000000001,18.000000000000014
1998,primary,SHELBY,8,Montevallo 008,VTD2000-117-4,Montevallo,95.0,47.63157894736841
1998,primary,SHELBY,9,Orr Park,,,53.4375,0.0
1998,primary,SHELBY,10,South Shades Crest,,,85.5,40.5
1998,primary,SHELBY,11,Helena Municipal,VTD2000-117-6,Helena Municipal Building,90.0,35.945945945945944
1998,primary,SHELBY,12,Camp Branch,VTD2000-117-7,Camp Branch United Methodist Church,90.0,40.909090909090914
1998,primary,SHELBY,13,Elliotsville,,,60.86956521739131,2.536231884057983
1998,primary,SHELBY,14,Siluria Depot,,,41.53846153846154,2.07692307692308
1998,primary,SHELBY,15,Liberty Bapt,,,85.5,22.642857142857146
1998,primary,SHELBY,16,Chelsea Mid Sch,VTD2000-117-8,Chelsea Middle School,92.3076923076923,45.79606440071556
1998,primary,SHELBY,17,Wilsonville,VTD2000-117-9,Wilsonville,100.0,47.82608695652174
1998,primary,SHELBY,18,Fourmile,,,48.0,3.0
1998,primary,SHELBY,19,Harpersville,VTD2000-117-10,Harpersville,100.0,47.5
1998,primary,SHELBY,20,Westover Water,,,90.0,4.5
1998,primary,SHELBY,21,New Hope,VTD2000-117-12,New Hope Presbyterian Church,90.0,33.75
1998,primary,SHELBY,22,Riverchase,,,48.857142857142854,1.4887218045112647
1998,primary,SHELBY,23,Valleydale,,,48.0,5.25
1998,primary,SHELBY,24,Meadow Brook,,,52.5,10.147058823529413
1998,primary,SHELBY,25,1st Christian,,,51.42857142857142,1.0285714285714178
1998,primary,SHELBY,26,Brookhills Ch,VTD2000-117-13,Church At Brookhills,95.0,9.5
1998,primary,SHELBY,27,Vandiver,VTD2000-117-14,Vandiver Community Center,90.0,43.36363636363637
1998,primary,SHELBY,28,Shoal Creek,,,85.5,28.227272727272727
1998,primary,SHELBY,29,Sterrett,,,53.4375,4.346590909090914
1998,primary,SHELBY,30,Vincent City Hall,VTD2000-117-16,Vincent City Hall,100.0,45.945945945945944
1998,primary,SHELBY,31,Pelham Natl Guard,,,52.63157894736843,0.0
1998,primary,SHELBY,32,Alabaster,,,52.61538461538461,7.015384615384612
1998,primary,SHELBY,33,Dunnavant,VTD2000-117-18,Dunnavant Community Center,90.0,42.5
1998,primary,SHELBY,34,Greystone,,,57.0,6.705882352941174
1998,primary,SHELBY,35,Maylene Pntcst,,,85.5,42.75
1998,primary,SHELBY,36,Dogwood,,,38.57142857142858,0.0
1998,primary,SHELBY,37,Pea Ridge,VTD2000-117-20,Pea Ridge Community Center,90.0,29.999999999999993
1998,primary,SHELBY,38,St. Thomas Church,,,85.5,0.0
1998,primary,SHELBY,39,GW Turner,,,53.4375,0.8221153846153868
1998,primary,SHELBY,40,Cumlative Totals,,,48.0,3.0
1998,primary,SAINTCLAIR,1,Ashville Civic Center,,,85.5,9.5
1998,primary,SAINTCLAIR,2,Friendship Comm Ctr,,,95.0,5.0
1998,primary,SAINTCLAIR,3,Shoal Creek,,,90.0,4.5
1998,primary,SAINTCLAIR,4,Branchville-Cumberland,,,46.42857142857143,3.1853281853281885
1998,primary,SAINTCLAIR,5,Odenville Aging Ctr,,,85.5,25.03488372093024
1998,primary,SAINTCLAIR,6,Springville Armory #1,,,90.0,4.5
1998,primary,SAINTCLAIR,7,Springville Armory #2,,,90.0,4.5
1998,primary,SAINTCLAIR,8,Steele Community Ctr,VTD2000-115-6,Community Center,95.0,9.5
1998,primary,SAINTCLAIR,9,Oldham Chapel Ch,,,85.5,0.0
1998,primary,SAINTCLAIR,10,Popular Springs Ch,,,85.5,0.0
1998,primary,SAINTCLAIR,11,Gum Springs Ch,,,90.0,4.5
1998,primary,SAINTCLAIR,12,Ragland Townhall,,,85.5,30.115384615384613
1998,primary,SAINTCLAIR,13,Coal City Fire Dept,VTD2000-115-10,Coal City Fire Dept,100.0,14.5
1998,primary,SAINTCLAIR,14,Seddon Hands Mini St,,,43.04347826086957,1.3768115942029056
1998,primary,SAINTCLAIR,15,Easonville Coosa Valley Sch,,,81.35593220338984,30.88718220338984
1998,primary,SAINTCLAIR,16,New London Fire Hall,,,85.5,0.0
1998,primary,SAINTCLAIR,17,Wolf Creek Fire Dept,VTD2000-115-14,Wolf Creek Road Fire Dept,95.0,16.568627450980387
1998,primary,SAINTCLAIR,18,Eden Old City Hall,,,90.0,0.0
1998,primary,SAINTCLAIR,19,Pell City Armory #1,,,90.0,0.0
1998,primary,SAINTCLAIR,20,Pell City Armory #2,,,90.0,0.0
1998,primary,SAINTCLAIR,21,Cook Sprg Fire Dept,VTD2000-115-16,Cook Springs Fire Dept,94.33962264150944,18.339622641509436
1998,primary,SAINTCLAIR,22,Moody Civic Center #1,VTD2000-115-17,Moody Civic Center,100.0,14.5
1998,primary,SAINTCLAIR,23,Moody Civic Center #2,VTD2000-115-17,Moody Civic Center,100.0,14.5
1998,primary,SAINTCLAIR,24,Moody Civic Center #3,VTD2000-115-17,Moody Civic Center,100.0,14.5
1998,primary,SAINTCLAIR,25,Pinedale Civic Ctr,,,85.5,6.333333333333343
1998,primary,SAINTCLAIR,26,Cropwell Civic Ctr #1,VTD2000-115-19,Cropwell Civic Center,100.0,14.5
1998,primary,SAINTCLAIR,27,Cropwell Civic Ctr #2,VTD2000-115-19,Cropwell Civic Center,100.0,14.5
1998,primary,SAINTCLAIR,28,Riverside City Hall,VTD2000-115-20,Riverside City Hall,100.0,10.0
1998,primary,SAINTCLAIR,29,Fairview Ch,VTD2000-115-21,Fairview Church,100.0,14.5
1998,primary,SAINTCLAIR,30,Prescott Comm Ctr,VTD2000-115-23,Prescott Comm Center,100.0,10.0
1998,primary,SAINTCLAIR,31,Margaret City Hall,VTD2000-115-25,Margaret City Hall,100.0,10.0
1998,primary,SAINTCLAIR,32,Whites Chapel City Hall,VTD2000-115-26,Whites Chapel City Hall,100.0,10.0
1998,primary,SAINTCLAIR,33,Chandler Mtn Comm Hse,,,85.5,0.0
1998,primary,SAINTCLAIR,34,Greasy Cove Pleas Val Ch,,,85.5,18.83333333333333
1998,primary,SAINTCLAIR,35,Slate Union Ch,,,85.5,0.0
1998,primary,SAINTCLAIR,36,Calculated,,,50.0,4.399999999999999
1998,primary,TALLADEGA,1,Steed Lumber Co,,,49.5,5.3709677419354875
1998,primary,TALLADEGA,2,Eastaboga Sch,VTD2000-121-2,Eastaboga School,100.0,48.18181818181818
1998,primary,TALLADEGA,3,City Hall-Lincoln,,,71.25,20.955882352941174
1998,primary,TALLADEGA,4,Old Silver Run Sch,VTD2000-121-3,Old Silver Run School,100.0,48.18181818181818
1998,primary,TALLADEGA,5,Club Hse-Fire Hall,,,85.5,19.73076923076924
1998,primary,TALLADEGA,6,National Guard Arm #1,VTD2000-121-5,Talladega National Guard Armory,90.0,37.61904761904761
1998,primary,TALLADEGA,7,National Guard Arm #2,VTD2000-121-5,Talladega National Guard Armory,90.0,37.61904761904761
1998,primary,TALLADEGA,8,Spring St. Comm Ctr #1,,,70.0,24.929577464788736
1998,primary,TALLADEGA,9,Spring St. Comm Ctr #2,,,70.0,24.929577464788736
1998,primary,TALLADEGA,10,Bemiston Rec Ctr,,,52.0,2.000000000000007
1998,primary,TALLADEGA,11,B.N. Mabra Ctr #1,,,85.5,42.75
1998,primary,TALLADEGA,12,B.N. Mabra Ctr #2,,,85.5,42.75
1998,primary,TALLADEGA,13,Bama #2,,,48.857142857142854,3.857142857142854
1998,primary,TALLADEGA,14,Talladega County Cent H.S.,,,85.5,0.0
1998,primary,TALLADEGA,15,Sullivan-Curry Comm Ctr,VTD2000-121-8,Sullivan Curry Comm Center,100.0,60.0
1998,primary,TALLADEGA,16,Winterboro Sch Gym,,,54.054054054054056,1.6731016731016695
1998,primary,TALLADEGA,17,Gables Corner,,,56.25,6.25
1998,primary,TALLADEGA,18,Vol Fire Dept-Lay Lake,,,85.5,0.0
1998,primary,TALLADEGA,19,Mountain View Sch,,,60.24390243902439,8.425720620842569
1998,primary,TALLADEGA,20,J. Craig Smith Cmnty Ctr #1,,,59.99999999999999,17.249999999999993
1998,primary,TALLADEGA,21,J. Craig Smith Cmnty Ctr #2,,,59.99999999999999,17.249999999999993
1998,primary,TALLADEGA,22,J. Craig Smith Cmnty Ctr #3,,,59.99999999999999,17.249999999999993
1998,primary,TALLADEGA,23,J. Craig Smith Cmnty Ctr #4,,,59.99999999999999,17.249999999999993
1998,primary,TALLADEGA,24,Bent Brook Worship Ctr,,,47.5,7.091836734693871
1998,primary,TALLADEGA,25,R.S. Limbaugh Comm Ctr #1,,,73.33333333333334,23.333333333333343
1998,primary,TALLADEGA,26,R.S. Limbaugh Comm Ctr #2,,,73.33333333333334,23.333333333333343
1998,primary,TALLADEGA,27,City Hall-Bon Air,,,71.25,20.955882352941174
1998,primary,TALLADEGA,28,City Hall-Oak Grove,,,71.25,18.47222222222222
1998,primary,TALLADEGA,29,Nutrition Store-Sycamore,VTD2000-121-13,Sycamore,90.0,44.166666666666664
1998,primary,TALLADEGA,30,Waldo City Hall,VTD2000-121-14,Waldo City Hall,100.0,34.48275862068965
1998,primary,TALLADEGA,31,Fire Dept Fayetteville,,,85.5,0.0
1998,primary,TALLADEGA,32,County Line Vol Fire Dept,,,85.5,0.0
1998,primary,TALLADEGA,33,\New Fire Station-Stemley,,,85.5,36.71951219512195
1998,primary,TALLADEGA,34,Renfroe Fire Hall,VTD2000-121-17,Renfroe Fire Hall,100.0,14.5
1998,primary,TALLADEGA,35,Munford Fire Hall,VTD2000-121-18,Mumford Fire Hall,94.11764705882352,8.617647058823522
1998,primary,TALLADEGA,36,Calculated,,,56.25,8.75
1998,primary,TALLAPOOSA,1,Springhill Boys/Girls Clb,,,45.45454545454546,5.854545454545466
1998,primary,TALLAPOOSA,2,Laurel Rec Ctr #1,,,85.5,0.0
1998,primary,TALLAPOOSA,3,Laurel Rec Ctr #2,,,85.5,0.0
1998,primary,TALLAPOOSA,4,Hillabee Rd Vot Hse #1,,,88.37209302325581,2.8720930232558146
1998,primary,TALLAPOOSA,5,Hillabee Rd Vot Hse #2,,,88.37209302325581,2.8720930232558146
1998,primary,TALLAPOOSA,6,Ourtown Fire Sta,,,85.5,0.0
1998,primary,TALLAPOOSA,7,Alex City Ntl Gd Army #1,,,57.692307692307686,0.2504472271914082
1998,primary,TALLAPOOSA,8,Alex City Ntl Gd Army #2,,,57.692307692307686,0.2504472271914082
1998,primary,TALLAPOOSA,9,Alex Ctiy Fire Sta Lk Hl,,,85.5,0.0
1998,primary,TALLAPOOSA,10,Hackneyville VFD,,,85.5,0.0
1998,primary,TALLAPOOSA,11,Cowpens Vot Hse,,,85.5,29.637931034482754
1998,primary,TALLAPOOSA,12,New Site Fire Dept,,,88.08510638297872,2.585106382978722
1998,primary,TALLAPOOSA,13,Eagle Creek Vot Hse,,,85.5,29.686046511627907
1998,primary,TALLAPOOSA,14,Dadeville Natnl Gd #1,,,85.5,28.35714285714286
1998,primary,TALLAPOOSA,15,Dadeville Natnl Gd #2,,,85.5,28.35714285714286
1998,primary,TALLAPOOSA,16,Mandy Vot Hse,,,77.41935483870968,18.227047146401993
1998,primary,TALLAPOOSA,17,Paces Pt Fire Sta,,,87.17948717948718,1.6794871794871824
1998,primary,TALLAPOOSA,18,Union Comm Bld,,,88.37209302325581,2.8720930232558146
1998,primary,TALLAPOOSA,19,Walnut Hill Water Auth,VTD2000-123-11,Walnut Hill Water Au,95.23809523809523,46.45760743321718
1998,primary,TALLAPOOSA,20,Reeltown Fire Dept,,,90.0,4.5
1998,primary,TALLAPOOSA,21,Tallassee Comm Library,,,85.5,0.0
1998,primary,TALLAPOOSA,22,Wall St Sch,,,50.0,6.756756756756758
1998,primary,TALLAPOOSA,23,Churchill Vot Hse,,,85.0,26.463414634146332
1998,primary,TALLAPOOSA,24,Marys Cross Rds Vot Hse,,,82.92682926829268,29.26829268292682
1998,primary,TALLAPOOSA,25,Camp Hill City Hall,VTD2000-123-15,Camp Hill City Hall,100.0,14.5
1998,primary,TALLAPOOSA,26,Camp Hill City Hall #2,VTD2000-123-15,Camp Hill City Hall,100.0,14.5
1998,primary,TALLAPOOSA,27,Dudleyville Vot Hse,VTD2000-123-16,Dudleyville Voting House,88.37209302325581,31.229235880398676
1998,primary,TALLAPOOSA,28,Daviston Comm Ctr,VTD2000-123-17,Daviston Comm Center,100.0,14.5
1998,primary,TALLAPOOSA,29,Jacksons Gap VFD,,,85.5,28.0
1998,primary,TALLAPOOSA,30,Calculated,,,51.300000000000004,3.8000000000000043
1998,primary,WALKER,1,Jasper Mall,VTD2000-127-1,Jasper Mall-City Park Bldg,90.0,39.705882352941174
1998,primary,WALKER,2,City Prk Bldg,,,85.5,0.0
1998,primary,WALKER,3,Farmstead Sch,,,90.0,4.5
1998,primary,WALKER,4,Manchester CB,,,85.5,37.03846153846154
1998,primary,WALKER,5,Redmill CC,,,85.5,31.5
1998,primary,WALKER,6,Saragossa CC,,,85.5,40.5
1998,primary,WALKER,7,Meadow/Smith Lib,VTD2000-127-4,Meadow-Smith Library,88.88888888888889,38.888888888888886
1998,primary,WALKER,8,Carbon Hill Meth,,,86.48648648648648,0.9864864864864842
1998,primary,WALKER,9,Pocahontas Meth,,,86.89655172413794,36.896551724137936
1998,primary,WALKER,10,Townley Lodge,,,85.5,38.54347826086957
1998,primary,WALKER,11,Oakman Senior Cit,,,77.77777777777779,25.959595959595966
1998,primary,WALKER,12,Tutwiler FD,VTD2000-127-10,Tutwiler Fire Dept,100.0,14.5
1998,primary,WALKER,13,Union Hall,VTD2000-127-11,Union Hall,100.0,14.5
1998,primary,WALKER,14,Cordova VFW,VTD2000-127-12,Cordova VFW,100.0,39.99999999999999
1998,primary,WALKER,15,Dora Civic Ctr,VTD2000-127-13,Dora Civic Center,100.0,14.5
1998,primary,WALKER,16,Valley Sch,VTD2000-127-14,Valley School,100.0,14.5
1998,primary,WALKER,17,Pineywood FD,,,85.5,0.0
1998,primary,WALKER,18,Sipsey Sch,,,90.0,4.5
1998,primary,WALKER,19,Empire Union Bldg,VTD2000-127-16,Empire Union Bldg,100.0,14.5
1998,primary,WALKER,20,Curry-Smith Lake,VTD2000-127-17,Curry Smith Lake,100.0,41.94444444444444
1998,primary,WALKER,21,Old Herman Ch,,,85.5,0.0
1998,primary,WALKER,22,Frost Str-Corona,,,56.486486486486484,4.228421970357459
1998,primary,WALKER,23,Copeland Ferry,VTD2000-127-19,Copeland Ferry Fire Dept,90.0,44.54545454545454
1998,primary,WALKER,24,Liberty Hill Ch,,,85.5,0.0
1998,primary,WALKER,25,Pleasantfield Ch,,,85.5,0.0
1998,primary,WALKER,26,Twilley Town  Ch,VTD2000-127-21,Twilly Town Church,97.2972972972973,11.797297297297305
1998,primary,WALKER,27,Parrish HS Gym,VTD2000-127-22,Parrish HS Old Gym,95.0,55.0
1998,primary,WALKER,28,Eldridge CH,,,85.5,0.0
1998,primary,WALKER,29,Kansas CH,,,85.5,0.0
1998,primary,WALKER,30,Rice Chapel,,,85.5,30.327586206896555
1998,primary,WALKER,31,Boldo Comm Ctr,,,85.5,0.0
1998,primary,WALKER,32,Macedonia Ch,,,90.0,4.5
1998,primary,WALKER,33,Abundant Life Ch,VTD2000-127-30,Abundant Life Church,100.0,14.5
1998,primary,WALKER,34,Lupton Sch,VTD2000-127-32,Lupton School,100.0,14.5
1998,primary,WALKER,35,Thach Sch,,,90.0,4.5
1998,primary,WALKER,36,Liberty Grove Ch,,,85.5,0.0
1998,primary,WALKER,37,Nauvoo CH,,,85.5,0.0
1998,primary,WALKER,38,Dog-Town New Beth,,,54.285714285714285,9.021008403361343
1998,primary,WALKER,39,Nat Guard-McCollum,,,85.5,40.5
1998,primary,WALKER,40,Bevill,VTD2000-127-37,Bevill St Tech-Dillworth Center-Argo Fire,90.0,36.0
1998,primary,WALKER,41,Dillworth CB,,,85.5,34.07142857142858
1998,primary,WALKER,42,Argo FD,,,85.5,0.0
1998,primary,WALKER,43,Mount Zion Ch,VTD2000-127-39,Mt Zion Church,100.0,14.5
1998,primary,WALKER,44,Woods,VTD2000-127-40,Woods Mobile Home Service,90.0,30.0
1998,primary,WALKER,45,Calculated,,,48.0,3.0
1998,primary,WASHINGTON,1,St Stephens,VTD2000-129-1,St Stephens-Hobson,90.0,42.0
1998,primary,WASHINGTON,2,Hobson,VTD2000-129-1,St Stephens-Hobson,90.0,40.909090909090914
1998,primary,WASHINGTON,3,Laton Hill,VTD2000-129-2,Laton Hill Fire House,90.0,36.0
1998,primary,WASHINGTON,4,Jordan,,,54.0,0.0
1998,primary,WASHINGTON,5,Frankville,VTD2000-129-3,Frankville Fire House-Bigbee,90.0,22.5
1998,primary,WASHINGTON,6,Bigbee,VTD2000-129-3,Frankville Fire House-Bigbee,90.0,29.999999999999993
1998,primary,WASHINGTON,7,Koenton,VTD2000-129-4,Koenton-Loper,90.0,38.699999999999996
1998,primary,WASHINGTON,8,Loper,VTD2000-129-4,Koenton-Loper,90.0,18.0
1998,primary,WASHINGTON,9,Millry #1,VTD2000-129-5,Millry-Copeland,90.0,36.0
1998,primary,WASHINGTON,10,Millry #2,VTD2000-129-5,Millry-Copeland,90.0,36.0
1998,primary,WASHINGTON,11,Copeland,VTD2000-129-5,Millry-Copeland,90.0,38.57142857142858
1998,primary,WASHINGTON,12,Red Creek,VTD2000-129-6,Red Creek Firehouse,90.0,42.5
1998,primary,WASHINGTON,13,Yellow Pine,VTD2000-129-7,Yellow Pine-Fruitdale Fire House,90.0,43.36363636363637
1998,primary,WASHINGTON,14,Fruitdale,VTD2000-129-7,Yellow Pine-Fruitdale Fire House,90.0,42.0
1998,primary,WASHINGTON,15,Tibbie,VTD2000-129-8,Tibbie-Seaboard,90.0,40.909090909090914
1998,primary,WASHINGTON,16,Seaboard,VTD2000-129-8,Tibbie-Seaboard,90.0,40.0
1998,primary,WASHINGTON,17,Epworth,VTD2000-129-9,Epworth,100.0,46.0
1998,primary,WASHINGTON,18,Deer Park,VTD2000-129-10,Deer Park-Charity Chapel,90.0,40.0
1998,primary,WASHINGTON,19,Chairty Chap,,,82.5,22.499999999999993
1998,primary,WASHINGTON,20,Sims chapel,VTD2000-129-11,Sims Chapel,100.0,14.5
1998,primary,WASHINGTON,21,Fairford,VTD2000-129-12,Fairford,100.0,43.0
1998,primary,WASHINGTON,22,Malcolm,VTD2000-129-13,Malcolm-Calvert,90.0,40.909090909090914
1998,primary,WASHINGTON,23,Calvert,VTD2000-129-13,Malcolm-Calvert,90.0,38.57142857142858
1998,primary,WASHINGTON,24,McIntosh #1,VTD2000-129-14,McIntosh,100.0,52.0
1998,primary,WASHINGTON,25,McIntosh #2,VTD2000-129-14,McIntosh,100.0,52.0
1998,primary,WASHINGTON,26,McIntosh #3,VTD2000-129-14,McIntosh,100.0,52.0
1998,primary,WASHINGTON,27,Sunflower,VTD2000-129-15,Sunflower-Wagarville,90.0,44.54545454545454
1998,primary,WASHINGTON,28,Wagarville,VTD2000-129-15,Sunflower-Wagarville,90.0,36.0
1998,primary,WASHINGTON,29,Leroy,,,64.125,10.125
1998,primary,WASHINGTON,30,Chatom #1,VTD2000-129-17,Chatom,100.0,39.99999999999999
1998,primary,WASHINGTON,31,Chatom #2,VTD2000-129-17,Chatom,100.0,39.99999999999999
1998,primary,WASHINGTON,32,Calculated,,,48.0,3.0
1998,primary,WILCOX,1,Natl Guard Armory #1,,,85.5,40.5
1998,primary,WILCOX,2,Natl Guard Armory #2,,,85.5,40.5
1998,primary,WILCOX,3,Caledonia McWilliams,,,60.00000000000001,6.000000000000007
1998,primary,WILCOX,4,Pine Apple Vcnt Store,,,90.0,4.5
1998,primary,WILCOX,5,Courthouse Annex,VTD2000-131-1050,Courthouse Annex,100.0,14.5
1998,primary,WILCOX,6,Allenton-Salem Ch,VTD2000-131-2001,Allenton,90.0,34.61538461538461
1998,primary,WILCOX,7,Furman-Barlow Store,VTD2000-131-2002,Furman,90.0,37.05882352941176
1998,primary,WILCOX,8,Snow Hill-St Paul Ch,,,90.0,4.5
1998,primary,WILCOX,9,Shady Acres Bonhams,VTD2000-131-2004,Shady Acres,90.0,45.0
1998,primary,WILCOX,10,Magnolia-Holy Cross,VTD2000-131-3001,Magnolia,90.0,24.482758620689665
1998,primary,WILCOX,11,Coy Public Sch,,,41.45454545454545,1.4545454545454533
1998,primary,WILCOX,12,Sedan Vacant Store,VTD2000-131-3004,Sedan,90.0,35.45454545454546
1998,primary,WILCOX,13,Boykin Sch Building,VTD2000-131-4001,Boykin,90.0,40.0
1998,primary,WILCOX,14,Alberta Voting Booth,VTD2000-131-4002-4,Alberta,90.0,38.57142857142858
1998,primary,WILCOX,15,Prairie Bluff-Catherine,,,90.0,4.5
1998,primary,WILCOX,16,Millers Ferry,VTD2000-131-4006,Millers Ferry,100.0,53.36363636363637
1998,primary,WILCOX,17,Annemanie Gym Bldg.,VTD2000-131-5001,Annemanie,90.0,36.0
1998,primary,WILCOX,18,Pine Hill Middle Sch,,,90.0,4.5
1998,primary,WILCOX,19,Yellow Bluff City Hall,,,90.0,0.0
1998,primary,WILCOX,20,Lower Peachtree Comm,,,90.0,0.0
1998,primary,WILCOX,21,Arlington-Dr. Nettes,,,61.07142857142856,3.798701298701289
1998,primary,WILCOX,22,Pine Hill City Hall,,,90.0,4.5
1998,primary,WILCOX,23,Sunny South Co Rd 1,VTD2000-131-6005,Sunny South,90.0,45.0
1998,primary,WILCOX,24,Calculated,,,51.42857142857142,3.80952380952381
1998,primary,WINSTON,1,001 Double Springs,VTD2000-133-1,Double Springs Community Center,90.0,41.53846153846154
1998,primary,WINSTON,2,002 Double Springs,VTD2000-133-1,Double Springs Community Center,90.0,41.53846153846154
1998,primary,WINSTON,3,003 S Haleyville,,,85.5,36.409090909090914
1998,primary,WINSTON,4,004 Haleyville C.H.,,,85.5,35.099999999999994
1998,primary,WINSTON,5,005 Neighborhood Factory,,,43.24324324324324,3.007949125596184
1998,primary,WINSTON,6,006 Haleyville Armory,,,85.5,32.86842105263157
1998,primary,WINSTON,7,007 Needmore,,,60.00000000000001,15.000000000000007
1998,primary,WINSTON,8,008 Pebble F.D.,,,54.0,9.0
1998,primary,WINSTON,9,009 Arc,,,72.0,11.999999999999993
1998,primary,WINSTON,10,010 Lynn City Hall,,,85.5,6.928571428571431
1998,primary,WINSTON,11,011 Omary's Mill,,,45.0,2.142857142857146
1998,primary,WINSTON,12,012 Black Pond,VTD2000-133-4,Black Pond Sportsman Club,90.0,41.142857142857146
1998,primary,WINSTON,13,013 Arley City Hall,,,85.5,23.43103448275862
1998,primary,WINSTON,14,014 Houston Martins,,,85.5,39.785714285714285
1998,primary,WINSTON,15,015 Addison,VTD2000-133-7,Addison Community Center,90.0,29.999999999999993
1998,primary,WINSTON,16,016 Upshaw,,,45.0,2.25
1998,primary,WINSTON,17,017 Moreland,VTD2000-133-8,Moreland Cemetery,90.0,43.36363636363637
1998,primary,WINSTON,18,018 Helican,,,77.14285714285715,20.142857142857153
1998,primary,WINSTON,19,019 Nesmith,,,46.63636363636363,3.886363636363633
1998,primary,WINSTON,20,020 Delmar,VTD2000-133-10,Delmar-Natural Bridges,90.0,27.818181818181813
1998,primary,WINSTON,21,021 Natural Bridge,VTD2000-133-10,Delmar-Natural Bridges,90.0,38.57142857142858
1998,primary,WINSTON,22,022 Ashridge,VTD2000-133-11,Ashridge Fire Dept,90.0,25.714285714285708
1998,primary,WINSTON,23,Calculated Totals,,,43.44827586206897,4.738598442714128
2002,primary,CLEBURNE,1,Unnamed: 4,,,41.53846153846154,0.0
2002,primary,CLEBURNE,2,Unnamed: 5,,,41.53846153846154,0.0
2002,primary,CLEBURNE,3,Unnamed: 6,,,41.53846153846154,0.0
2002,primary,CLEBURNE,4,Unnamed: 7,,,41.53846153846154,0.0
2002,primary,CLEBURNE,5,Unnamed: 8,,,41.53846153846154,0.0
2002,primary,CLEBURNE,6,Unnamed: 9,,,41.53846153846154,0.0
2002,primary,CLEBURNE,7,Unnamed: 10,,,45.0,6.4285714285714235
2002,primary,CLEBURNE,8,Unnamed: 11,,,45.0,6.4285714285714235
2002,primary,CLEBURNE,9,Unnamed: 12,,,45.0,6.4285714285714235
2002,primary,CLEBURNE,10,Unnamed: 13,,,45.0,6.4285714285714235
2002,primary,CLEBURNE,11,Unnamed: 14,,,45.0,6.4285714285714235
2002,primary,CLEBURNE,12,Unnamed: 15,,,45.0,6.4285714285714235
2002,primary,CLEBURNE,13,Unnamed: 16,,,45.0,6.4285714285714235
2002,primary,CLEBURNE,14,Unnamed: 17,,,45.0,6.4285714285714235
2002,primary,CLEBURNE,15,Unnamed: 18,,,45.0,6.4285714285714235
2002,primary,CLEBURNE,16,Unnamed: 19,,,45.0,6.4285714285714235
2002,primary,CLEBURNE,17,Unnamed: 20,,,45.0,6.4285714285714235
2002,primary,CLEBURNE,18,Unnamed: 21,,,45.0,6.4285714285714235
2002,primary,CLEBURNE,19,Unnamed: 22,,,45.0,6.4285714285714235
2002,primary,CLEBURNE,20,Unnamed: 23,,,45.0,6.4285714285714235
2002,primary,CLEBURNE,21,Unnamed: 24,,,45.0,6.4285714285714235
2002,primary,CLEBURNE,22,Unnamed: 25,,,45.0,6.4285714285714235
2002,primary,CLEBURNE,23,Unnamed: 26,,,45.0,6.4285714285714235
2002,primary,CLEBURNE,24,Unnamed: 27,,,45.0,6.4285714285714235
2002,primary,CLEBURNE,25,Unnamed: 28,,,45.0,6.4285714285714235
2002,primary,BALDWIN,1,BARNWELL CHURCH,VTD2000-003-35,Barnwell Church,100.0,14.5
2002,primary,BALDWIN,2,BARNWELL COMMUNITY CENTER,VTD2000-003-44,Barnwell Community Center,100.0,14.5
2002,primary,BALDWIN,3,BAY MINETTE CITY HALL CIVIC .1,,,91.60714285714286,6.107142857142861
2002,primary,BALDWIN,4,BAY MINETTE CITY HALL CIVIC .2,,,91.60714285714286,6.107142857142861
2002,primary,BALDWIN,5,BAY MINETTE INTERMEDIATE SCH,VTD2000-003-5,Bay Minette Intermediate School,100.0,14.5
2002,primary,BALDWIN,6,BELFOREST COMMUNITY CENTER,VTD2000-003-23,Belforest Community Center,100.0,16.0
2002,primary,BALDWIN,7,BON SECOUR SWIFT SCHOOL,VTD2000-003-37,Ben Secour Swift School,95.65217391304348,38.509316770186345
2002,primary,BALDWIN,8,BROMLEY CROSSROADS VOL FIRE,VTD2000-003-6,Bromley Crossroads Vol. Fire SS,95.65217391304348,10.152173913043484
2002,primary,BALDWIN,9,CLEARSPRINGS FELLOWSHIP HALL,VTD2000-003-21,Clear Springs Fellowship Hall,98.24561403508771,12.745614035087712
2002,primary,BALDWIN,10,CROSSROADS ALTERNATIVE SCHOOL,VTD2000-003-4,Crossroads Alternative School,100.0,14.5
2002,primary,BALDWIN,11,DAPHNE CIVIC CENTER,,,85.5,0.0
2002,primary,BALDWIN,12,DAPHNE HIGH SCHOOL .1,VTD2000-003-48,Daphne High School,95.0,9.5
2002,primary,BALDWIN,13,DAPHNE HIGH SCHOOL .2,VTD2000-003-48,Daphne High School,95.0,9.5
2002,primary,BALDWIN,14,DAPHNE INTERMEDIATE SCHOOL .1,VTD2000-003-7,Daphne Intermediate School,96.2962962962963,10.796296296296305
2002,primary,BALDWIN,15,DAPHNE INTERMEDIATE SCHOOL .2,VTD2000-003-7,Daphne Intermediate School,96.2962962962963,10.796296296296305
2002,primary,BALDWIN,16,DAPHNE ST_PAUL EPISCOPAL CHRCH,VTD2000-003-47,Daphne St. Paul Episcopal Church,98.50746268656717,13.007462686567166
2002,primary,BALDWIN,17,ELBERTA CIVIC CENTER,VTD2000-003-32,Elberta Civic Center,100.0,14.5
2002,primary,BALDWIN,18,ELSANOR COMMUNITY CENTER,VTD2000-003-26,Elsanor Community Center,100.0,14.893617021276597
2002,primary,BALDWIN,19,FAIRHOPE CIVIC CENTER .1,VTD2000-003-42,Fairhope Civic Center,95.45454545454545,17.405764966740577
2002,primary,BALDWIN,20,FAIRHOPE CIVIC CENTER .2,VTD2000-003-42,Fairhope Civic Center,95.45454545454545,17.405764966740577
2002,primary,BALDWIN,21,FAIRHOPE CIVIC CENTER .3,VTD2000-003-42,Fairhope Civic Center,95.45454545454545,17.405764966740577
2002,primary,BALDWIN,22,FERGUSON STORE - LITTLE RIVER,VTD2000-003-1,Little River Ferguson Store,95.0,29.85714285714286
2002,primary,BALDWIN,23,FOLEY CIVIC CENTER .1,VTD2000-003-38,Foley Civic Center,95.0,9.5
2002,primary,BALDWIN,24,FOLEY CIVIC CENTER .2,VTD2000-003-38,Foley Civic Center,95.0,9.5
2002,primary,BALDWIN,25,FORT MORGAN VFD STATION .2,VTD2000-003-40,Fort Morgan Vol Fire Dept #2,95.0,9.5
2002,primary,BALDWIN,26,GATESWOOD FIRE STATION,VTD2000-003-19,Gateswood Fire Station,100.0,14.5
2002,primary,BALDWIN,27,GATESWOOD HAMILTON CHURCH,VTD2000-003-20,Gateswood Hamilton Church,100.0,14.5
2002,primary,BALDWIN,28,GULF SHORES ACTIVITY CENTER .1,,,91.60714285714286,6.107142857142861
2002,primary,BALDWIN,29,GULF SHORES ACTIVITY CENTER .2,,,91.60714285714286,6.107142857142861
2002,primary,BALDWIN,30,JOSEPHINE FIRE HOUSE,VTD2000-003-34,Josephine Fire House,100.0,14.5
2002,primary,BALDWIN,31,LILLIAN COMMINUTY HALL .1,,,86.95652173913044,1.4565217391304373
2002,primary,BALDWIN,32,LILLIAN COMMUNITY HALL .2,VTD2000-003-28,Lillian Community Hall,95.65217391304348,10.152173913043484
2002,primary,BALDWIN,33,LITTLE RIVER RESTAURANT,VTD2000-003-10,Little River Restaurant,100.0,32.0
2002,primary,BALDWIN,34,LOTTIE FIRE DEPARTMENT,,,90.9090909090909,5.4090909090909065
2002,primary,BALDWIN,35,LOXLEY ELLISVILLE COMM CENTER,VTD2000-003-8,Loxley Ellisville Comm Center,100.0,14.5
2002,primary,BALDWIN,36,LOXLEY TOWN HALL,VTD2000-003-9,Loxley Town Hall,100.0,14.5
2002,primary,BALDWIN,37,MAGNOLIA SPRINGS WESLEYAN,VTD2000-003-36,Magnolia Springs Wesleyan Church,95.0,43.14814814814814
2002,primary,BALDWIN,38,MARLOW VOLUNTEER FIRE,,,90.0,4.5
2002,primary,BALDWIN,39,MIFLIN COMMUNITY CENTER,VTD2000-003-33,Miflin Community Center,100.0,19.148936170212764
2002,primary,BALDWIN,40,ORANGE BEACH COMM CENTER .1,,,85.5,0.0
2002,primary,BALDWIN,41,ORANGE BEACH COMM CENTER .2,,,85.5,0.0
2002,primary,BALDWIN,42,PERDIDO BEACH FIRE HOUSE,VTD2000-003-29,Perdido Beach Fire House,100.0,14.5
2002,primary,BALDWIN,43,PERDIDO ELEMENTARY SCHOOL,VTD2000-003-14,Perdido Elementary School,100.0,17.64705882352942
2002,primary,BALDWIN,44,PINE GROVE SCHOOL,VTD2000-003-16,Pine Grove School,100.0,14.5
2002,primary,BALDWIN,45,RABUN FIRE HOUSE,VTD2000-003-13,Rabun Fire House,100.0,14.5
2002,primary,BALDWIN,46,ROBERTSDALE CITY HALL,VTD2000-003-25,Robertsdale City Hall,100.0,14.5
2002,primary,BALDWIN,47,ROSINTON ELEMENTARY SCHOOL,VTD2000-003-22,Rosinton Elementary School,100.0,14.5
2002,primary,BALDWIN,48,S_ RIVERPORT CHURCH OF GOD .1,,,85.5,38.0
2002,primary,BALDWIN,49,S_ RIVERPORT CHURCH OF GOD .2,,,85.5,38.0
2002,primary,BALDWIN,50,SEMINOLE FIRE HOUSE,VTD2000-003-27,Seminole Fire House,100.0,14.5
2002,primary,BALDWIN,51,SILVERHILL TOWN HALL,VTD2000-003-24,Silverhill Town Hall,100.0,14.5
2002,primary,BALDWIN,52,SPANISH FORT FIRE DEPARTMENT,VTD2000-003-46,Spanish Fort Fire Dept,100.0,14.5
2002,primary,BALDWIN,53,SPANISH FORT SCHOOL .1,VTD2000-003-45,Spanish Fort School,95.0,9.5
2002,primary,BALDWIN,54,SPANISH FORT SCHOOL .2,VTD2000-003-45,Spanish Fort School,95.0,9.5
2002,primary,BALDWIN,55,STAPELTON COMMUNITY HALL,VTD2000-003-18,Stapleton Community Hall,95.83333333333334,10.333333333333343
2002,primary,BALDWIN,56,STOCKTON FIRE HOUSE,VTD2000-003-12,Stockton Fire House,100.0,14.5
2002,primary,BALDWIN,57,SUMMERDALE COMMUNITY HALL,VTD2000-003-31,Summerdale Community Hall,100.0,14.5
2002,primary,BALDWIN,58,TENSAW COMMUNITY CENTER,VTD2000-003-2,Tensaw Community Center,100.0,14.893617021276597
2002,primary,BALDWIN,59,VAUGHN COMMUNITY CENTER,VTD2000-003-3,Vaughn Community Center,100.0,19.148936170212764
2002,primary,BALDWIN,60,WHITE HOUSE VOLUNTEER FIRE,,,85.5,0.0
2002,primary,BARBOUR,1,BAKERHILL VOLUNTEER FIRE,VTD2000-005-4,Bakerhill,90.0,40.12500000000001
2002,primary,BARBOUR,2,BAKERS STORE,,,59.25925925925925,3.3769063180827885
2002,primary,BARBOUR,3,BEVILL CENTER,,,45.45454545454546,1.9762845849802417
2002,primary,BARBOUR,4,BLUE SPRINGS CITY HALL,VTD2000-005-10,Blue Springs,90.0,27.0
2002,primary,BARBOUR,5,CLAYTON COURTHOUSE,VTD2000-005-7,Clayton,90.0,29.999999999999993
2002,primary,BARBOUR,6,CLIO CITY HALL,VTD2000-005-2,Clio,90.0,40.909090909090914
2002,primary,BARBOUR,7,COGGINS STORE VOTING HOUSE,,,86.66666666666667,1.1666666666666714
2002,primary,BARBOUR,8,COWIKEE VOLUNTEER FIRE,,,60.00000000000001,10.125000000000014
2002,primary,BARBOUR,9,ELAMVILLE VOLUNTEER FIRE,,,56.84210526315789,2.8421052631578902
2002,primary,BARBOUR,10,EUFAULA WATER BOARD,VTD2000-005-5,Eufaula,90.0,50.53846153846154
2002,primary,BARBOUR,11,FELLOWSHIP BAPTIST CHURCH,,,45.0,3.46153846153846
2002,primary,BARBOUR,12,GREENS CROSSROADS,,,48.857142857142854,5.953917050691238
2002,primary,BARBOUR,13,JOHNNY BOYDS STORE,,,62.5,1.893939393939391
2002,primary,BARBOUR,14,JUNIOR TURNER STORE,,,49.99999999999999,2.499999999999993
2002,primary,BARBOUR,15,LOUISVILLE CITY HALL,VTD2000-005-9,Louisville,90.0,29.999999999999993
2002,primary,BARBOUR,16,MCCOO SCHOOL,,,45.0,6.53846153846154
2002,primary,BARBOUR,17,MT_ ANDREW RECREATION CENTER,VTD2000-005-8,Mt. Andrew,90.0,33.0
2002,primary,BARBOUR,18,NEW ARMORY,,,43.18181818181819,3.181818181818187
2002,primary,BARBOUR,19,RICHARDS CABINET SHOP,,,45.0,2.25
2002,primary,BARBOUR,20,SANFORD GYM,,,38.0,1.461538461538467
2002,primary,BARBOUR,21,SPRINGHILL VOLUNTEER FIRE,VTD2000-005-6,Springhill,90.0,29.999999999999993
2002,primary,BARBOUR,22,SUTTONS RESTAURANT,,,51.42857142857142,4.79220779220779
2002,primary,BARBOUR,23,WHITE OAK METHODIST CHURCH,,,40.23529411764706,2.235294117647058
2002,primary,BIBB,1,Unnamed: 4,,,52.94117647058824,2.941176470588239
2002,primary,BIBB,2,Unnamed: 5,,,52.94117647058824,2.941176470588239
2002,primary,BIBB,3,Unnamed: 6,,,52.94117647058824,2.941176470588239
2002,primary,BIBB,4,Unnamed: 7,,,52.94117647058824,2.941176470588239
2002,primary,BIBB,5,Unnamed: 8,,,52.94117647058824,2.941176470588239
2002,primary,BIBB,6,Unnamed: 9,,,52.94117647058824,2.941176470588239
2002,primary,BIBB,7,Unnamed: 10,,,50.0,5.0
2002,primary,BIBB,8,Unnamed: 11,,,50.0,5.0
2002,primary,BIBB,9,Unnamed: 12,,,50.0,5.0
2002,primary,BIBB,10,Unnamed: 13,,,50.0,5.0
2002,primary,BIBB,11,Unnamed: 14,,,50.0,5.0
2002,primary,BIBB,12,Unnamed: 15,,,50.0,5.0
2002,primary,BIBB,13,Unnamed: 16,,,50.0,5.0
2002,primary,BIBB,14,Unnamed: 17,,,50.0,5.0
2002,primary,BIBB,15,Unnamed: 18,,,50.0,5.0
2002,primary,BIBB,16,Unnamed: 19,,,50.0,5.0
2002,primary,BIBB,17,Unnamed: 20,,,50.0,5.0
2002,primary,BIBB,18,Unnamed: 21,,,50.0,5.0
2002,primary,BIBB,19,Unnamed: 22,,,50.0,5.0
2002,primary,BIBB,20,Unnamed: 23,,,50.0,5.0
2002,primary,BIBB,21,Unnamed: 24,,,50.0,5.0
2002,primary,BIBB,22,Unnamed: 25,,,50.0,5.0
2002,primary,BIBB,23,Unnamed: 26,,,50.0,5.0
2002,primary,BLOUNT,1,ALLGOOD,VTD2000-009-21,Allgood,100.0,53.84615384615385
2002,primary,BLOUNT,2,BLOUNT SPRINGS,VTD2000-009-3,Blount Springs,100.0,30.0
2002,primary,BLOUNT,3,BLOUNTSVILLE,VTD2000-009-7,Blountsville,100.0,30.434782608695656
2002,primary,BLOUNT,4,BROOKSVILLE,VTD2000-009-10,Brooksville,100.0,30.434782608695656
2002,primary,BLOUNT,5,CLEVELAND,VTD2000-009-16,Cleveland,100.0,46.0
2002,primary,BLOUNT,6,DALLAS - SELFVILLE,VTD2000-009-18,Dallas,90.0,40.0
2002,primary,BLOUNT,7,HAYDEN,VTD2000-009-4,Hayden,100.0,57.25
2002,primary,BLOUNT,8,HOLLY SPRINGS,VTD2000-009-15,Holly Springs,100.0,28.0
2002,primary,BLOUNT,9,LOCUST FORK,VTD2000-009-17,Locust Fork,100.0,52.0
2002,primary,BLOUNT,10,MT_ HIGH,VTD2000-009-1,Mt. High,100.0,41.66666666666667
2002,primary,BLOUNT,11,MURPHREE VALLEY,VTD2000-009-13,Murphree Valley,100.0,50.909090909090914
2002,primary,BLOUNT,12,NECTAR,VTD2000-009-6,Nectar,100.0,38.46153846153846
2002,primary,BLOUNT,13,ONEONTA . 1,VTD2000-009-22,Oneonta,100.0,38.46153846153846
2002,primary,BLOUNT,14,ONEONTA . 2,VTD2000-009-22,Oneonta,100.0,38.46153846153846
2002,primary,BLOUNT,15,PINE MOUNTAIN,VTD2000-009-20,Pine Mountain,100.0,18.518518518518505
2002,primary,BLOUNT,16,REMLAP,VTD2000-009-19,Remlap,100.0,50.909090909090914
2002,primary,BLOUNT,17,ROCK SPRINGS,VTD2000-009-24,Rock Springs,100.0,28.0
2002,primary,BLOUNT,18,ROSA,VTD2000-009-23,Rosa,100.0,33.33333333333333
2002,primary,BLOUNT,19,ROYAL,VTD2000-009-9,Royal,100.0,33.33333333333333
2002,primary,BLOUNT,20,SMOKE RISE,VTD2000-009-2,Smokerise,94.73684210526316,40.191387559808625
2002,primary,BLOUNT,21,SNEAD,VTD2000-009-11,Snead,100.0,45.45454545454546
2002,primary,BLOUNT,22,ST_ MOUNTAIN,VTD2000-009-14,St. Mountain,100.0,18.518518518518505
2002,primary,BLOUNT,23,SUGAR CREEK - BANGOR,VTD2000-009-5,Bangor,90.0,36.0
2002,primary,BLOUNT,24,SUMMIT,VTD2000-009-8,Summit,100.0,50.909090909090914
2002,primary,BLOUNT,25,SUSAN MOORE,VTD2000-009-12,Susan Moore,100.0,50.0
2002,primary,BULLOCK,1,Unnamed: 4,,,48.0,10.0
2002,primary,BULLOCK,2,Unnamed: 5,,,48.0,10.0
2002,primary,BULLOCK,3,Unnamed: 6,,,48.0,10.0
2002,primary,BULLOCK,4,Unnamed: 7,,,48.0,10.0
2002,primary,BULLOCK,5,Unnamed: 8,,,48.0,10.0
2002,primary,BULLOCK,6,Unnamed: 9,,,48.0,10.0
2002,primary,BULLOCK,7,Unnamed: 10,,,45.0,7.0
2002,primary,BULLOCK,8,Unnamed: 11,,,45.0,7.0
2002,primary,BULLOCK,9,Unnamed: 12,,,45.0,7.0
2002,primary,BULLOCK,10,Unnamed: 13,,,45.0,7.0
2002,primary,BULLOCK,11,.1,,,0.0,0.0
2002,primary,BULLOCK,12,.2,,,0.0,0.0
2002,primary,BULLOCK,13,Unnamed: 16,,,45.0,7.0
2002,primary,BULLOCK,14,Unnamed: 17,,,45.0,7.0
2002,primary,BULLOCK,15,Unnamed: 18,,,45.0,7.0
2002,primary,BULLOCK,16,Unnamed: 19,,,45.0,7.0
2002,primary,BULLOCK,17,Unnamed: 20,,,45.0,7.0
2002,primary,BULLOCK,18,Unnamed: 21,,,45.0,7.0
2002,primary,BULLOCK,19,Unnamed: 22,,,45.0,7.0
2002,primary,BULLOCK,20,Unnamed: 23,,,45.0,7.0
2002,primary,BULLOCK,21,Unnamed: 24,,,45.0,7.0
2002,primary,BUTLER,1,BOLLING VOTING HOUSE,VTD2000-013-20,Voting House at Bolling,95.0,9.5
2002,primary,BUTLER,2,CENTER HILL - VOTING HOUSE,VTD2000-013-17,Voting House at Center Hill,95.0,9.5
2002,primary,BUTLER,3,CENTRAL VOL_ FIRE DEPT_,VTD2000-013-12-4-A,Central Volunteer Fire Department,100.0,13.84615384615384
2002,primary,BUTLER,4,CHAPMAN POST OFFICE,VTD2000-013-14-1,Chapman Post Office,100.0,52.63157894736841
2002,primary,BUTLER,5,DUNBAR COMMUNITY CENTER .1,VTD2000-013-12-4-B,Dunbar Community Center in Greenville,91.04166666666666,41.04166666666666
2002,primary,BUTLER,6,DUNBAR COMMUNITY CENTER .2,VTD2000-013-12-4-B,Dunbar Community Center in Greenville,91.04166666666666,41.04166666666666
2002,primary,BUTLER,7,FOREST HOME - VOTING HOUSE,VTD2000-013-11,Voting House at Forest Home,95.0,27.941176470588232
2002,primary,BUTLER,8,FRIENDSHIP,VTD2000-013-15,Old School House at Friendship,90.0,45.0
2002,primary,BUTLER,9,GARLAND - VOTING HOUSE,VTD2000-013-13,Voting House at Garland,95.0,9.5
2002,primary,BUTLER,10,GEORGIANA ARMORY .1,,,85.5,0.0
2002,primary,BUTLER,11,GEORGIANA ARMORY .2,,,85.5,0.0
2002,primary,BUTLER,12,HARRISON - VOTING HOUSE,,,86.73913043478261,17.648221343873516
2002,primary,BUTLER,13,HEALTH DEPARTMENT .1,,,85.5,0.0
2002,primary,BUTLER,14,HEALTH DEPARTMENT .2,,,85.5,0.0
2002,primary,BUTLER,15,INDUSTRY,VTD2000-013-2,Old School House at Industry,90.0,38.57142857142858
2002,primary,BUTLER,16,MANNINGHAM - VOTING HOUSE,VTD2000-013-9,Voting House at Manningham,95.0,24.782608695652172
2002,primary,BUTLER,17,MCKENZIE TOWN HALL,,,83.33333333333334,33.67816091954024
2002,primary,BUTLER,18,MCLAINS - VOTING HOUSE,,,86.36363636363636,0.8636363636363598
2002,primary,BUTLER,19,MIDWAY - VOTING HOUSE,VTD2000-013-6,Voting House at Midway,95.0,9.5
2002,primary,BUTLER,20,MONTEREY-OLD SCHOOL HOUSE,VTD2000-013-10,Old School House at Monterey,95.0,9.5
2002,primary,BUTLER,21,NEW ARMORY .1,,,85.5,0.0
2002,primary,BUTLER,22,NEW ARMORY .2,,,85.5,0.0
2002,primary,BUTLER,23,PROVIDENCE - VOTING HOUSE,VTD2000-013-1,Voting House at Providence,95.0,27.941176470588232
2002,primary,BUTLER,24,ROCKY CREEK - VOTING HOUSE,VTD2000-013-16,Voting House at Rocky Creek,95.0,27.941176470588232
2002,primary,BUTLER,25,SEARCY - VOLUNTEER FIRE DEPT_,VTD2000-013-8,Searcy Volunteer Fire Department,100.0,13.84615384615384
2002,primary,BUTLER,26,STEINERS STORE,VTD2000-013-5,Steiner's Store,96.55172413793103,51.55172413793103
2002,primary,CALHOUN,1,1ST UNITED METHODIST-WEAVER .1,VTD2000-015-5,Weaver First United Methodist Church,91.83333333333333,25.746376811594203
2002,primary,CALHOUN,2,1ST UNITED METHODIST-WEAVER .2,VTD2000-015-5,Weaver First United Methodist Church,91.83333333333333,25.746376811594203
2002,primary,CALHOUN,3,ALEXANDRIA-CIVITAN CLUB CNTR,VTD2000-015-2,Alexandria Civitan Club,95.0,42.36842105263157
2002,primary,CALHOUN,4,ANNISTON - CARVER CENTER,VTD2000-015-15,Anniston,90.0,35.19230769230769
2002,primary,CALHOUN,5,ANNISTON - FIRST PRESBYTERIAN,VTD2000-015-15,Anniston,90.0,39.99999999999999
2002,primary,CALHOUN,6,ANNISTON - MEETING CENTER,VTD2000-015-15,Anniston,90.0,33.39622641509434
2002,primary,CALHOUN,7,ANNISTON - MENTAL HEALTH CNTR,VTD2000-015-15,Anniston,90.0,32.3728813559322
2002,primary,CALHOUN,8,ANNISTON - THANKFUL BAPTIST,VTD2000-015-15,Anniston,90.0,37.4468085106383
2002,primary,CALHOUN,9,ANNISTON-F & WILMER FIRE ST_,VTD2000-015-15,Anniston,90.0,37.903225806451616
2002,primary,CALHOUN,10,ANNISTON-GOLDEN SPRINGS COMM 1,,,90.0,4.5
2002,primary,CALHOUN,11,ANNISTON-GOLDEN SPRINGS COMM 2,,,90.0,4.5
2002,primary,CALHOUN,12,ASBERRY BAPTIST CHURCH,VTD2000-015-8,Asberry Baptist Church,100.0,14.5
2002,primary,CALHOUN,13,BETHEL UNITED METHODIST CHURCH,VTD2000-015-16,Bethel United Methodist Church,100.0,17.547169811320757
2002,primary,CALHOUN,14,BYNUM SCHOOL,,,85.5,0.0
2002,primary,CALHOUN,15,CALHOUN COUNTY HEALTH DEPT_,,,49.090909090909086,0.2337662337662323
2002,primary,CALHOUN,16,CHOCCOLOCCO COMMUNITY CENTER,VTD2000-015-17,Choccolocco,90.0,19.30232558139535
2002,primary,CALHOUN,17,CHURCH OF THE COVENANT,,,85.5,0.0
2002,primary,CALHOUN,18,COOSA VALLEY SADDLE CLUB,,,46.95652173913043,0.28985507246376585
2002,primary,CALHOUN,19,DEARMANVILLE SCHOOL,VTD2000-015-12,DeArmanville School,100.0,43.75
2002,primary,CALHOUN,20,EULATON-UNITED METHODIST,,,85.5,9.5
2002,primary,CALHOUN,21,FOUR MILE - METHODIST CHURCH,VTD2000-015-3,Four Mile Methodist Church,100.0,27.61904761904762
2002,primary,CALHOUN,22,FRIENDSHIP BAPTIST CHURCH,VTD2000-015-6,Friendship Baptist Church,100.0,26.111111111111114
2002,primary,CALHOUN,23,FRIENDSHIP COMMUNITY CENTER,VTD2000-015-21,Friendship Community Center,100.0,38.46153846153846
2002,primary,CALHOUN,24,GLENWOOD MEADOWS MEETING ROOM,,,48.97959183673469,1.3325330132052784
2002,primary,CALHOUN,25,GODS COVENANT MINISTRY,,,51.42857142857142,6.530612244897945
2002,primary,CALHOUN,26,HOBSON CITY - CITY HALL,,,46.63636363636363,3.393120393120391
2002,primary,CALHOUN,27,HOLLEYS CROSSROADS BAPTIST,,,84.7457627118644,32.58889996676636
2002,primary,CALHOUN,28,JACKSONVILLE-FIRST BAPTIST,VTD2000-015-1,Jacksonville,90.0,38.47457627118644
2002,primary,CALHOUN,29,JACKSONVILLE-WESTSIDE BAPTIST,VTD2000-015-1,Jacksonville,90.0,37.38461538461539
2002,primary,CALHOUN,30,LEATHERWOOD RD CIVIL DEFENSE,,,60.00000000000001,8.571428571428584
2002,primary,CALHOUN,31,MOORE AVENUE CHURCH OF CHRIST,,,55.272727272727266,1.2727272727272663
2002,primary,CALHOUN,32,NATIONAL GUARD ARMORY,VTD2000-015-24,Anniston National Guard Armory,95.0,43.57142857142858
2002,primary,CALHOUN,33,OHATCHEE FIRE STATION,VTD2000-015-18,Ohatchee,90.0,34.61538461538461
2002,primary,CALHOUN,34,OXFORD - CHEAHA CLUBHOUSE C_C_,,,90.0,4.5
2002,primary,CALHOUN,35,OXFORD - OXFORD LAKE PARK C_C_,,,90.0,0.0
2002,primary,CALHOUN,36,OXFORD CITY HALL,VTD2000-015-4,Oxford,90.0,33.75
2002,primary,CALHOUN,37,OXFORD ELEMENTARY SCHOOL .1,,,90.0,4.5
2002,primary,CALHOUN,38,OXFORD ELEMENTARY SCHOOL .2,,,90.0,4.5
2002,primary,CALHOUN,39,PIEDMONT COMMUNITY BUILDING,VTD2000-015-9,Piedmont,90.0,34.44444444444444
2002,primary,CALHOUN,40,PIEDMONT FIRE STATION,VTD2000-015-9,Piedmont,90.0,34.61538461538461
2002,primary,CALHOUN,41,PIEDMONT NATIONAL GUARD ARMORY,,,90.0,6.666666666666657
2002,primary,CALHOUN,42,PIEDMONT RECREATION BUILDING,VTD2000-015-9,Piedmont,90.0,37.38461538461539
2002,primary,CALHOUN,43,READS MILL - READS STORE,VTD2000-015-19,Read's Mill Store,92.12121212121211,43.34072431633406
2002,primary,CALHOUN,44,S_M_ MCCURRY RESIDENCE,,,85.5,43.833333333333336
2002,primary,CALHOUN,45,SAKS - HIGH SCHOOL .1,,,72.06896551724137,18.631465517241367
2002,primary,CALHOUN,46,SAKS - HIGH SCHOOL .2,,,72.06896551724137,18.631465517241367
2002,primary,CALHOUN,47,THE DONOHO SCHOOL,,,58.53658536585367,2.286585365853668
2002,primary,CALHOUN,48,WEBSTERS CHAPEL METHODIST,,,87.0967741935484,31.031200423056603
2002,primary,CALHOUN,49,WELLBORN HIGH SCHOOL,,,72.72727272727273,16.317016317016325
2002,primary,CALHOUN,50,WELLINGTON - MT_VIEW BAPTIST,VTD2000-015-22,Wellington-Mt. View Baptist Church,95.0,41.5625
2002,primary,CALHOUN,51,WHITE PLAINS HIGH SCHOOL,VTD2000-015-11,White Plains High School,100.0,43.75
2002,primary,CALHOUN,52,WIGGINS COMMUNITY CENTER,,,78.43137254901961,33.43137254901961
2002,primary,CHEROKEE,1,ADRIANS STORE,,,64.51612903225806,10.516129032258064
2002,primary,CHEROKEE,2,AMERICAN LEGION BUILDING .1,,,49.090909090909086,4.090909090909086
2002,primary,CHEROKEE,3,AMERICAN LEGION BUILDING .2,,,49.090909090909086,4.090909090909086
2002,primary,CHEROKEE,4,BARRETTS CHAPEL FELLOWSHIP,,,85.5,38.13157894736841
2002,primary,CHEROKEE,5,BLANCHE CLUBHOUSE,VTD2000-019-21,Blanche,90.0,45.0
2002,primary,CHEROKEE,6,BROOMTOWN FIRE DEPARTMENT,VTD2000-019-15,Broomtown,90.0,29.999999999999993
2002,primary,CHEROKEE,7,CEDAR BLUFF COMMUNITY CENTER,VTD2000-019-12,Cedar Bluff,90.0,14.999999999999986
2002,primary,CHEROKEE,8,CURTIS VAUGHN STORE,,,54.054054054054056,0.054054054054056166
2002,primary,CHEROKEE,9,DANIELS CHAPEL FELLOWSHIP HALL,,,85.5,25.499999999999993
2002,primary,CHEROKEE,10,ELLISVILLE CLUBHOUSE,VTD2000-019-20,Ellisville,90.0,27.0
2002,primary,CHEROKEE,11,FRIENDSHIP BAPTIST FELLOWSHIP,,,60.00000000000001,12.631578947368418
2002,primary,CHEROKEE,12,GAYLESVILLE CITY HALL,VTD2000-019-13,Gaylesville,90.0,27.0
2002,primary,CHEROKEE,13,GOSHEN METHODIST CHURCH,,,45.434782608695656,0.4347826086956559
2002,primary,CHEROKEE,14,LEESBURG CLUBHOUSE,VTD2000-019-22,Leesburg,90.0,45.0
2002,primary,CHEROKEE,15,LINDSEYS STORE,,,68.75,8.749999999999993
2002,primary,CHEROKEE,16,MAYS STORE,,,85.5,31.5
2002,primary,CHEROKEE,17,MCCORDS CROSSROADS FIRE HALL,,,74.07407407407408,14.074074074074069
2002,primary,CHEROKEE,18,MILL CREEK BAPTIST CHURCH,,,57.0,12.0
2002,primary,CHEROKEE,19,MT CALVARY BAPT_ CHURCH  PAPER,,,50.90909090909091,0.5090909090909008
2002,primary,CHEROKEE,20,MT_ SPRINGS FELLOWSHIP HALL,,,65.38461538461539,5.38461538461538
2002,primary,CHEROKEE,21,MT_ WEISNER FIRE HALL,,,60.00000000000001,5.4545454545454675
2002,primary,CHEROKEE,22,NEW HOPE METHODIST CHURCH,,,45.0,5.0
2002,primary,CHEROKEE,23,PLEASANT VALLEY BAPTIST .2,VTD2000-019-19,Pleasant Valley,90.0,40.909090909090914
2002,primary,CHEROKEE,24,ROCK RUN CHURCH,,,85.5,0.0
2002,primary,CHEROKEE,25,SAND ROCK TOWN HALL,VTD2000-019-11,Sand Rock,90.0,29.999999999999993
2002,primary,CHEROKEE,26,SCHOONHOVEN STORE PAPER,,,51.300000000000004,4.958536585365863
2002,primary,CHEROKEE,27,SLACKLAND CLUBHOUSE,,,61.07142857142856,4.071428571428562
2002,primary,CHEROKEE,28,SPRING CREEK FIRE HALL,,,85.5,25.499999999999993
2002,primary,CHEROKEE,29,SPRING GARDEN FIRE STATION,,,90.0,4.5
2002,primary,CHEROKEE,30,TUCKERS CHAPEL FIRE DEPARTMENT,,,86.89655172413794,26.89655172413793
2002,primary,CHEROKEE,31,WATSONS CHAPEL,,,85.5,23.43103448275862
2002,primary,CHILTON,1,CANE CREEK-GAP OF MT_ FIRE,,,75.0,26.53846153846154
2002,primary,CHILTON,2,CLANTON FACILITY BLDG_,VTD2000-021-260,Clanton Facility Bldg.,100.0,14.5
2002,primary,CHILTON,3,COLLINS CHAPEL-FIRE STATION,VTD2000-021-210,Collins Chapel Fire Station,100.0,25.0
2002,primary,CHILTON,4,COURTHOUSE-CLANTON,VTD2000-021-270,Clanton Courthouse,95.0,34.545454545454554
2002,primary,CHILTON,5,ENTERPRISE-FIRE STATION,VTD2000-021-70,Enterprise Fire Station,100.0,25.581395348837205
2002,primary,CHILTON,6,FAIRVIEW-FIRE STATION,VTD2000-021-50,Fairview Fire Station,100.0,22.727272727272734
2002,primary,CHILTON,7,ISABELLA-FIRE STATION,VTD2000-021-220,Isabella Fire Station,100.0,21.951219512195124
2002,primary,CHILTON,8,JEMISON FIRE DEPARTMENT,,,55.416666666666664,1.7210144927536177
2002,primary,CHILTON,9,LIBRARY-CLANTON,VTD2000-021-250,Clanton Library,95.0,9.5
2002,primary,CHILTON,10,MAPLESVILLE-NEW FIRE STATION,VTD2000-021-20,Maplesville,90.0,14.0
2002,primary,CHILTON,11,MARS HILL-W CHILTON FIRE,,,74.34782608695652,9.204968944099377
2002,primary,CHILTON,12,PROVIDENCE-E CHILTON FIRE,VTD2000-021-110,Providence,90.0,14.791666666666671
2002,primary,CHILTON,13,PROVIDENCE-N CHILTON FIRE,VTD2000-021-110,Providence,90.0,14.791666666666671
2002,primary,CHILTON,14,SOUTH CHILTON FIRE STATION,VTD2000-021-30,So. Chilton Fire Station,93.87755102040816,18.877551020408163
2002,primary,CHILTON,15,THORSBY TOWN HALL,VTD2000-021-200,Thorsby Town Hall,100.0,34.23076923076924
2002,primary,CHILTON,16,UNION GROVE-FIRE STATION,VTD2000-021-140,Union Grove Fire Station,100.0,24.444444444444443
2002,primary,CHILTON,17,VERBENA-FIRE STATION,VTD2000-021-90,Verbena Fire Station,100.0,21.951219512195124
2002,primary,CHILTON,18,VETERANS CLUB-CLANTON,VTD2000-021-240,Clanton Veteran's Club,88.3720930232558,25.038759689922465
2002,primary,CHOCTAW,1,Unnamed: 4,,,33.75,1.0227272727272663
2002,primary,CHOCTAW,2,Unnamed: 5,,,33.75,1.0227272727272663
2002,primary,CHOCTAW,3,Unnamed: 6,,,33.75,1.0227272727272663
2002,primary,CHOCTAW,4,Unnamed: 7,,,33.75,1.0227272727272663
2002,primary,CHOCTAW,5,Unnamed: 8,,,33.75,1.0227272727272663
2002,primary,CHOCTAW,6,Unnamed: 9,,,33.75,1.0227272727272663
2002,primary,CHOCTAW,7,Unnamed: 10,,,34.2,4.023529411764713
2002,primary,CHOCTAW,8,Unnamed: 11,,,34.2,4.023529411764713
2002,primary,CHOCTAW,9,Unnamed: 12,,,34.2,4.023529411764713
2002,primary,CHOCTAW,10,Unnamed: 13,,,34.2,4.023529411764713
2002,primary,CHOCTAW,11,Unnamed: 14,,,34.2,4.023529411764713
2002,primary,CHOCTAW,12,Unnamed: 15,,,34.2,4.023529411764713
2002,primary,CHOCTAW,13,Unnamed: 16,,,34.2,4.023529411764713
2002,primary,CHOCTAW,14,Unnamed: 17,,,34.2,4.023529411764713
2002,primary,CHOCTAW,15,Unnamed: 18,,,34.2,4.023529411764713
2002,primary,CHOCTAW,16,Unnamed: 19,,,34.2,4.023529411764713
2002,primary,CHOCTAW,17,Unnamed: 20,,,34.2,4.023529411764713
2002,primary,CHOCTAW,18,Unnamed: 21,,,34.2,4.023529411764713
2002,primary,CHOCTAW,19,Unnamed: 22,,,34.2,4.023529411764713
2002,primary,CHOCTAW,20,Unnamed: 23,,,34.2,4.023529411764713
2002,primary,CHOCTAW,21,Unnamed: 24,,,34.2,4.023529411764713
2002,primary,CHOCTAW,22,Unnamed: 25,,,34.2,4.023529411764713
2002,primary,CHOCTAW,23,Unnamed: 26,,,34.2,4.023529411764713
2002,primary,CHOCTAW,24,Unnamed: 27,,,34.2,4.023529411764713
2002,primary,CHOCTAW,25,Unnamed: 28,,,34.2,4.023529411764713
2002,primary,CHOCTAW,26,Unnamed: 29,,,34.2,4.023529411764713
2002,primary,CHOCTAW,27,Unnamed: 30,,,34.2,4.023529411764713
2002,primary,CHOCTAW,28,Unnamed: 31,,,34.2,4.023529411764713
2002,primary,CLARKE,1,ANTIOCH FIRE STATION,,,90.0,4.5
2002,primary,CLARKE,2,BASHI - METHODIST CHURCH,VTD2000-025-20,Bashi Methodist Church,100.0,45.714285714285715
2002,primary,CLARKE,3,CHOCTAW BLUFF FIRE STATION,,,90.0,4.5
2002,primary,CLARKE,4,COFFEEVILLE HIGH SCHOOL GYM,,,90.0,4.5
2002,primary,CLARKE,5,GOOD HOPE AME CHRCH GAINSTOWN,,,78.68852459016394,12.688524590163922
2002,primary,CLARKE,6,GOSPORT FIRE STATION,VTD2000-025-6,Gosport Fire Station,100.0,10.0
2002,primary,CLARKE,7,GROVE HILL - COURTHOUSE,,,69.51219512195122,9.512195121951216
2002,primary,CLARKE,8,GROVE HILL-CITY HALL,VTD2000-025-3,City Hall,90.0,25.0
2002,primary,CLARKE,9,GROVE HILL-NATIONAL GUARD,,,85.5,9.5
2002,primary,CLARKE,10,HELLWESTERN FIRE STATION,,,90.0,4.5
2002,primary,CLARKE,11,HOPEWELL CHURCH - CHILTON,VTD2000-025-15,Hopewell Church,90.0,28.181818181818187
2002,primary,CLARKE,12,JACKSON CITY HALL,VTD2000-025-3,City Hall,90.0,24.23076923076924
2002,primary,CLARKE,13,JACKSON-FIRE STATION NO_2,,,90.0,4.5
2002,primary,CLARKE,14,JACKSON-NATIONAL GUARD ARMORY,VTD2000-025-14,National Guard Armory,95.0,15.200000000000003
2002,primary,CLARKE,15,JACKSON-SKIPPERS FIRE STATION,VTD2000-025-9,Fire Station,90.0,18.75
2002,primary,CLARKE,16,MORNING STAR BAPTIST CHURCH,,,85.5,23.45918367346939
2002,primary,CLARKE,17,MORVIN CAMP MORVIN,,,67.05882352941177,24.308823529411768
2002,primary,CLARKE,18,NETTLESBORO FIRE STATION,,,90.0,4.5
2002,primary,CLARKE,19,OLD FULTON SCHOOL,,,100.0,0.0
2002,primary,CLARKE,20,OVERSTREET GROCERY,VTD2000-025-4,Overstreet Grocery,100.0,39.39393939393939
2002,primary,CLARKE,21,SALITPA-ALABAMA SANDBLASTING,VTD2000-025-8,Alabama Sandblasting,95.0,44.705882352941174
2002,primary,CLARKE,22,SALTWORKS VOTING HOUSE-CARLTON,,,90.0,0.0
2002,primary,CLARKE,23,SPRINGFIELD UNITED METHODIST,,,55.16129032258064,7.161290322580641
2002,primary,CLARKE,24,TALLAHATTA SPR_-COMM_ HOUSE,,,90.0,4.5
2002,primary,CLARKE,25,THOMASVILLE FIRE STATION,,,90.0,4.5
2002,primary,CLARKE,26,THOMASVILLE FIRE STATION .2,,,90.0,4.5
2002,primary,CLARKE,27,THOMASVILLE-NATIONAL GUARD,,,85.5,9.5
2002,primary,CLARKE,28,WHATLEY - GARRICKS STORE,,,85.5,38.98837209302325
2002,primary,CLARKE,29,WINN & ZIMCO-FIRE STATION,,,90.0,4.5
2002,primary,CLAY,1,Unnamed: 4,,,40.0,0.0
2002,primary,CLAY,2,Unnamed: 5,,,40.0,0.0
2002,primary,CLAY,3,Unnamed: 6,,,40.0,0.0
2002,primary,CLAY,4,Unnamed: 7,,,40.0,0.0
2002,primary,CLAY,5,Unnamed: 8,,,40.0,0.0
2002,primary,CLAY,6,Unnamed: 9,,,40.0,0.0
2002,primary,CLAY,7,Unnamed: 10,,,37.89473684210526,1.2518796992481143
2002,primary,CLAY,8,Unnamed: 11,,,37.89473684210526,1.2518796992481143
2002,primary,CLAY,9,Unnamed: 12,,,37.89473684210526,1.2518796992481143
2002,primary,CLAY,10,Unnamed: 13,,,37.89473684210526,1.2518796992481143
2002,primary,CLAY,11,Unnamed: 14,,,37.89473684210526,1.2518796992481143
2002,primary,CLAY,12,Unnamed: 15,,,37.89473684210526,1.2518796992481143
2002,primary,CLAY,13,Unnamed: 16,,,37.89473684210526,1.2518796992481143
2002,primary,CLAY,14,Unnamed: 17,,,37.89473684210526,1.2518796992481143
2002,primary,CLAY,15,Unnamed: 18,,,37.89473684210526,1.2518796992481143
2002,primary,CLAY,16,Unnamed: 19,,,37.89473684210526,1.2518796992481143
2002,primary,CLAY,17,Unnamed: 20,,,37.89473684210526,1.2518796992481143
2002,primary,CLAY,18,Unnamed: 21,,,37.89473684210526,1.2518796992481143
2002,primary,CLAY,19,Unnamed: 22,,,37.89473684210526,1.2518796992481143
2002,primary,CLAY,20,Unnamed: 23,,,37.89473684210526,1.2518796992481143
2002,primary,CLAY,21,Unnamed: 24,,,37.89473684210526,1.2518796992481143
2002,primary,CLAY,22,Unnamed: 25,,,37.89473684210526,1.2518796992481143
2002,primary,CLAY,23,Unnamed: 26,,,37.89473684210526,1.2518796992481143
2002,primary,CLAY,24,Unnamed: 27,,,37.89473684210526,1.2518796992481143
2002,primary,CLAY,25,Unnamed: 28,,,37.89473684210526,1.2518796992481143
2002,primary,CLAY,26,Unnamed: 29,,,37.89473684210526,1.2518796992481143
2002,primary,AUTAUGA,1,AUTAUGA COUNTY COURTHOUSE,VTD2000-001-13,Autauga County Court House,98.0392156862745,27.450980392156865
2002,primary,AUTAUGA,2,AUTAUGA COUNTY VOTING SITE,VTD2000-001-12,Autuaga County Voting Site,96.15384615384616,16.843501326259954
2002,primary,AUTAUGA,3,AUTAUGAVILLE VOL_ FIRE DEPT_,,,85.5,0.0
2002,primary,AUTAUGA,4,BILLINGSLEY GOVERNMENT BLDG_,,,77.41935483870968,36.67861409796893
2002,primary,AUTAUGA,5,BOOTH POST OFFICE,VTD2000-001-9,Booth Post Office,100.0,57.64705882352941
2002,primary,AUTAUGA,6,CAMELLIA BAPTIST CHURCH,VTD2000-001-17,Camelia Baptist Church,97.77777777777777,19.346405228758158
2002,primary,AUTAUGA,7,EAST MEMORIAL BAPTIST CHURCH,VTD2000-001-2,East Memorial Baptist Church,100.0,20.0
2002,primary,AUTAUGA,8,HAYNES COMMUNITY CENTER,VTD2000-001-4,Haynes Community Center,100.0,11.111111111111114
2002,primary,AUTAUGA,9,INDEPENDENCE VOTING SITE,VTD2000-001-8,Independence Voting House,89.79591836734694,30.081632653061234
2002,primary,AUTAUGA,10,JONES COMMUNITY CENTER,VTD2000-001-1,Jones Community Center,100.0,11.111111111111114
2002,primary,AUTAUGA,11,MARBURY COMMUNITY CENTER,VTD2000-001-6,Marbury Community Center,100.0,19.148936170212764
2002,primary,AUTAUGA,12,MULBERRY STATESVILLE COMM_,VTD2000-001-11,Mulberry-Statesville,90.0,32.64150943396226
2002,primary,AUTAUGA,13,NATIONAL GUARD ARMORY .1,VTD2000-001-16,National Guard Armory,95.45454545454545,50.54545454545454
2002,primary,AUTAUGA,14,NATIONAL GUARD ARMORY .2,VTD2000-001-16,National Guard Armory,95.45454545454545,50.54545454545454
2002,primary,AUTAUGA,15,OLD KINGSTON VOTING SITE,VTD2000-001-18,Old Kingston Vote Site,91.30434782608697,31.304347826086968
2002,primary,AUTAUGA,16,PINE LEVEL COMMUNITY CENTER,,,80.0,2.051282051282058
2002,primary,AUTAUGA,17,PRATTMONT BAPTIST CHURCH,VTD2000-001-15,Prattmont Baptist Church,100.0,26.08695652173914
2002,primary,AUTAUGA,18,TRINITY UNITED METHODIST .1,,,42.653061224489804,0.34536891679749004
2002,primary,AUTAUGA,19,TRINITY UNITED METHODIST .2,,,42.653061224489804,0.34536891679749004
2002,primary,AUTAUGA,20,UPPER KINGSTON COMMUNITY CNTR,,,80.0,2.051282051282058
2002,primary,AUTAUGA,21,WHITE CITY FIRE,,,90.0,4.5
2002,primary,COFFEE,1,BASIN,VTD2000-031-20,Basin,100.0,46.0
2002,primary,COFFEE,2,BLUFF SPRINGS,VTD2000-031-5,Bluff Springs,100.0,28.0
2002,primary,COFFEE,3,CHESTNUT GROVE,VTD2000-031-10-2,Chestnut Grove,100.0,50.0
2002,primary,COFFEE,4,COOL SPRINGS,VTD2000-031-8-2,Cool Springs,100.0,28.0
2002,primary,COFFEE,5,DAMASCUS,VTD2000-031-16,Damascus,100.0,57.25
2002,primary,COFFEE,6,DANLEYS CROSS ROADS,VTD2000-031-2,Danley's Cross Roads,97.43589743589743,43.43589743589743
2002,primary,COFFEE,7,EANON,VTD2000-031-12,Eanon,100.0,46.0
2002,primary,COFFEE,8,ELBA MULBERRY HEIGHTS,,,85.5,40.5
2002,primary,COFFEE,9,ELBA RESERVE ARMORY,,,85.5,0.0
2002,primary,COFFEE,10,ENTERPRISE CIVIC CENTER,,,85.5,25.499999999999993
2002,primary,COFFEE,11,ENTERPRISE RECREATION CENTER 1,VTD2000-031-17,Enterprise Rec Center-YMCA-Army Res Center,90.0,32.307692307692314
2002,primary,COFFEE,12,ENTERPRISE RECREATION CENTER 2,VTD2000-031-17,Enterprise Rec Center-YMCA-Army Res Center,90.0,32.307692307692314
2002,primary,COFFEE,13,ENTERPRISE YMCA 1,,,85.5,32.55882352941176
2002,primary,COFFEE,14,ENTERPRISE YMCA 2,,,85.5,32.55882352941176
2002,primary,COFFEE,15,FAIRVIEW,VTD2000-031-23,Fairview,100.0,46.5625
2002,primary,COFFEE,16,FRESCO,,,83.33333333333334,38.33333333333334
2002,primary,COFFEE,17,GOODMAN,VTD2000-031-7-1,Goodman,100.0,46.0
2002,primary,COFFEE,18,HERITAGE CHURCH - ENTERPRISE,,,85.5,31.5
2002,primary,COFFEE,19,HOLLEYS STORE,VTD2000-031-14-2,Holley's Store,96.2962962962963,27.06552706552708
2002,primary,COFFEE,20,INO COMMUNITY,VTD2000-031-14-1,Ino Community,100.0,22.27272727272728
2002,primary,COFFEE,21,JOHNS CHAPEL AME CHURCH 1,,,85.5,40.5
2002,primary,COFFEE,22,JOHNS CHAPEL AME CHURCH 2,,,85.5,40.5
2002,primary,COFFEE,23,KINSTON,VTD2000-031-18,Kinston,100.0,46.0
2002,primary,COFFEE,24,LEE COMMUNITY,VTD2000-031-3,Lee Community,100.0,22.27272727272728
2002,primary,COFFEE,25,MOUNT PLEASANT,VTD2000-031-8-1,Mount Pleasant,100.0,30.90909090909092
2002,primary,COFFEE,26,NATIONAL GUARD ARMORY - ELBA,,,85.5,18.83333333333333
2002,primary,COFFEE,27,NEW BROCKTON FARM CENTER,VTD2000-031-9-2,New Brockton Farm Center,100.0,14.5
2002,primary,COFFEE,28,NEW BROCKTON NATIONAL GUARD,,,85.5,6.189655172413794
2002,primary,COFFEE,29,NEWBIA,,,72.72727272727273,7.272727272727266
2002,primary,COFFEE,30,PERRYS STORE,VTD2000-031-1,Perry's Store,96.0,26.769230769230774
2002,primary,COFFEE,31,PINE LEVEL,VTD2000-031-19,Pine Level,100.0,47.36842105263157
2002,primary,COFFEE,32,PLEASANT RIDGE,VTD2000-031-7-2,Pleasant Ridge,100.0,30.90909090909092
2002,primary,COFFEE,33,VICTORIA,VTD2000-031-10-1,Victoria,100.0,55.0
2002,primary,COFFEE,34,WISE MILL CHURCH,VTD2000-031-21,Wise Mill,90.0,39.705882352941174
2002,primary,COFFEE,35,WISE MILL SCHOOL VOTING HOUSE,VTD2000-031-21,Wise Mill,90.0,29.999999999999993
2002,primary,COFFEE,36,ZION CHAPEL,VTD2000-031-15,Zion Chapel,100.0,48.699999999999996
2002,primary,CONECUH,1,2ND MT_ ZION CHURCH,,,88.88888888888889,6.068376068376068
2002,primary,CONECUH,2,ANNEX VOTING HOUSE,VTD2000-035-1-1,Annex Voting House,100.0,14.5
2002,primary,CONECUH,3,ANTIOCH VOTING HOUSE,VTD2000-035-8-1,Antioch Voting House,100.0,21.05263157894737
2002,primary,CONECUH,4,BELLEVILLE FIRE DEPARTMENT,VTD2000-035-4-1,Belleville Fire Dept.,100.0,10.0
2002,primary,CONECUH,5,BERMUDA COMMUNITY HOUSE,VTD2000-035-15-2,Bermuda Community House,100.0,20.833333333333343
2002,primary,CONECUH,6,BROOKLYN MASONIC LODGE,,,57.82608695652174,13.381642512077299
2002,primary,CONECUH,7,BROWNVILLE FIRE DEPT,VTD2000-035-10-1,Brownville Fire Dept.,100.0,10.0
2002,primary,CONECUH,8,CASTLEBERRY FIRE DEPT,VTD2000-035-6-1,Castleberry Fire Dept.,100.0,10.0
2002,primary,CONECUH,9,DAVID BURT BUILDING,VTD2000-035-11-1,David Burt Building,100.0,52.5
2002,primary,CONECUH,10,FLAT ROCK FIRE DEPT,VTD2000-035-10-2,Flat Rock Fire Dept.,100.0,10.0
2002,primary,CONECUH,11,HEALTH DEPARTMENT,VTD2000-035-11-4,Health Dept.,100.0,14.5
2002,primary,CONECUH,12,JOHNSONVILLE FIRE DEPT,VTD2000-035-7-3,Johnsonville Fire Dept.,100.0,10.0
2002,primary,CONECUH,13,LENOX COMMUNITY HOUSE,VTD2000-035-5-2,Lenox Community House,100.0,20.833333333333343
2002,primary,CONECUH,14,LITTLE ZION CHURCH,VTD2000-035-16-1,Little Zion Church,100.0,27.931034482758633
2002,primary,CONECUH,15,LYEFFION FIRE DEPT,VTD2000-035-2-1,Lyeffion Fire Dept.,100.0,10.0
2002,primary,CONECUH,16,MT_ UNION CHURCH,VTD2000-035-9-2,Mount Union Church,100.0,23.095238095238102
2002,primary,CONECUH,17,NATIONAL GUARD ARMORY,VTD2000-035-11-3,National Guard Armory,100.0,56.15384615384615
2002,primary,CONECUH,18,NAZARENE BAPTIST CHURCH,VTD2000-035-12-1,Nazarene Baptist Church,100.0,44.390243902439025
2002,primary,CONECUH,19,OLD FIELD CHURCH,VTD2000-035-4-2,Old Field Church,100.0,14.5
2002,primary,CONECUH,20,PAUL FIRE HOUSE,,,85.5,0.0
2002,primary,CONECUH,21,RANGE FIRE DEPARTMENT,,,100.0,5.0
2002,primary,CONECUH,22,REPTON CITY HALL,VTD2000-035-13-1,Repton City Hall,100.0,51.35135135135135
2002,primary,CONECUH,23,ROBINSON MILL VOTING HOUSE,VTD2000-035-3-2,Robinson's Mill Voting House,96.2962962962963,20.296296296296305
2002,primary,CONECUH,24,SANDCUTT FIRE DEPARTMENT,,,93.61702127659575,3.61702127659575
2002,primary,CONECUH,25,SKINNERTON VOTING HOUSE,,,78.04878048780488,3.6301758366420813
2002,primary,CONECUH,26,WOOTEN VOTING HOUSE,,,77.1875,0.0
2002,primary,COOSA,1,COTTAGE GROVE DAY CARE CENTER,,,74.84848484848484,24.440321583178722
2002,primary,COOSA,2,COURTHOUSE,,,90.0,0.0
2002,primary,COOSA,3,EQUALITY FIRE DEPARTMENT,,,100.0,0.0
2002,primary,COOSA,4,HANOVER,,,90.0,0.0
2002,primary,COOSA,5,KELLEYTON FIRE DEPARTMENT,,,77.77777777777779,0.22675736961451776
2002,primary,COOSA,6,MARBLE VALLEY FIRE DEPARTMENT,VTD2000-037-13-18,Marble Valley Fire Dept.,100.0,22.222222222222214
2002,primary,COOSA,7,MT_ OLIVE COMMUNITY CENTER,,,84.44444444444444,10.298102981029814
2002,primary,COOSA,8,OLD RAILROAD DEPOT,,,46.51162790697675,0.0
2002,primary,COOSA,9,RAY FIRE DEPARTMENT,,,85.5,1.6764705882353041
2002,primary,COOSA,10,RICHVILLE FIRE DEPARTMENT,,,100.0,0.0
2002,primary,COOSA,11,WEOGUFKA VOTING HOUSE,VTD2000-037-11-17,Weogufka Voting House,100.0,30.90909090909092
2002,primary,COOSA,12,WEST COOSA SENIOR CENTER,,,57.14285714285714,0.0
2002,primary,COVINGTON,1,ANDALUSIA KIWANIS FAIR BLDG_.1,VTD2000-039-1,Andalusia,90.0,42.63157894736841
2002,primary,COVINGTON,2,ANDALUSIA KIWANIS FAIR BLDG_.2,VTD2000-039-1,Andalusia,90.0,42.63157894736841
2002,primary,COVINGTON,3,ANDALUSIA KIWANIS FAIR BLDG_.3,VTD2000-039-1,Andalusia,90.0,42.63157894736841
2002,primary,COVINGTON,4,ANDALUSIA KIWANIS FAIR BLDG_.4,VTD2000-039-1,Andalusia,90.0,42.63157894736841
2002,primary,COVINGTON,5,BABBIE CITY HALL,,,71.25,0.6617647058823621
2002,primary,COVINGTON,6,BECK VOTING HOUSE - SHADY BEND,,,63.33333333333332,9.895833333333321
2002,primary,COVINGTON,7,BEULAH VOTING HOUSE,,,85.5,35.8448275862069
2002,primary,COVINGTON,8,BLUE SPRINGS VOTING HOUSE,VTD2000-039-13,Blue Springs,90.0,36.0
2002,primary,COVINGTON,9,BOLES MILL MCRAY VOTING HOUSE,,,85.71428571428571,37.888198757763966
2002,primary,COVINGTON,10,BROOK VOTING HOUSE - CHURCH,,,46.63636363636363,0.0
2002,primary,COVINGTON,11,CAROLINA CITY HALL,VTD2000-039-21,Carolina City Hall,100.0,27.272727272727266
2002,primary,COVINGTON,12,CARTER SCHOOL VOTING HOUSE,,,72.6470588235294,12.647058823529399
2002,primary,COVINGTON,13,CATOES MASONIC LODGE 609,,,49.090909090909086,0.0
2002,primary,COVINGTON,14,CEDAR GROVE VOTING HOUSE,,,72.06896551724137,25.432601880877733
2002,primary,COVINGTON,15,FAIRFIELD VOTING HOUSE,,,58.96551724137931,10.734748010610083
2002,primary,COVINGTON,16,FLORALA-OLD NATIONAL GUARD,VTD2000-039-9,Florala,90.0,40.0
2002,primary,COVINGTON,17,FRIENDSHIP VOTING HOUSE,,,57.82608695652174,10.457665903890152
2002,primary,COVINGTON,18,GANTT CITY HALL,VTD2000-039-15,Gantt City Hall,100.0,27.272727272727266
2002,primary,COVINGTON,19,GOOLSBY VOTING HOUSE-DAMASCUS,,,53.77358490566037,7.137221269296738
2002,primary,COVINGTON,20,HARMONY MASONIC LODGE,,,59.375,10.284090909090914
2002,primary,COVINGTON,21,HEADSTART BUILDING,,,49.090909090909086,2.424242424242408
2002,primary,COVINGTON,22,HEATH CITY HALL,,,80.0,8.75
2002,primary,COVINGTON,23,LIBERTYVILLE CITY HALL,,,71.25,1.4825581395348877
2002,primary,COVINGTON,24,LOANGO FIRE DEPARTMENT,,,90.0,4.5
2002,primary,COVINGTON,25,LOCKHART CITY HALL,VTD2000-039-24,Lockhart,90.0,17.272727272727266
2002,primary,COVINGTON,26,MARVIN ODEMS VOTING HOUSE,,,85.5,38.86363636363637
2002,primary,COVINGTON,27,MCADAMS STORE VOTING HOUSE,,,85.5,0.0
2002,primary,COVINGTON,28,OAKY RIDGE VOTING HOUSE,,,57.0,10.363636363636367
2002,primary,COVINGTON,29,OPP CHAMBER OF COMMERCE .1,,,60.0,12.0
2002,primary,COVINGTON,30,OPP CHAMBER OF COMMERCE .2,,,60.0,12.0
2002,primary,COVINGTON,31,OPP CHAMBER OF COMMERCE .3,,,60.0,12.0
2002,primary,COVINGTON,32,PIDGEON CREEK-BUCK CREEK FIRE,,,85.5,40.5
2002,primary,COVINGTON,33,RED LEVEL CITY HALL,VTD2000-039-12,Red Level City Hall,100.0,25.0
2002,primary,COVINGTON,34,RIVER FALLS CITY HALL,VTD2000-039-18,River Falls City Hall,100.0,25.0
2002,primary,COVINGTON,35,RODGERS VOTING HOUSE,,,61.62162162162162,14.985257985257988
2002,primary,COVINGTON,36,ROSE HILL COMMUNITY,,,65.76923076923076,10.76923076923076
2002,primary,COVINGTON,37,SANFORD CITY HALL,,,85.5,10.5
2002,primary,COVINGTON,38,STANLEY VOTING HOUSE,,,50.975609756097555,2.8818597560975547
2002,primary,COVINGTON,39,STRAUGHN - AG BUILDING,,,55.60975609756098,6.518847006651896
2002,primary,COVINGTON,40,VALLEY GROVE VOTING HOUSE,,,62.5,15.863636363636367
2002,primary,COVINGTON,41,WIGGINS 5 POINTS VOTING HOUSE,,,85.5,35.62500000000001
2002,primary,COVINGTON,42,WING FIRE DEPARTMENT - BEDA,,,85.5,34.199999999999996
2002,primary,CRENSHAW,1,BRANTLEY COMMUNITY CENTER,VTD2000-041-9,Brantley Community Center,100.0,16.0
2002,primary,CRENSHAW,2,BUSHS GROCERY - BRANTLEY,,,86.66666666666667,34.11347517730497
2002,primary,CRENSHAW,3,CHAPEL HILL COMMUNITY CENTER,VTD2000-041-18,Chapel Hill Community Center,100.0,14.5
2002,primary,CRENSHAW,4,COUNTY COURTHOUSE,VTD2000-041-14,Crenshaw County Courthouse,90.0,35.45454545454545
2002,primary,CRENSHAW,5,DANIELVILLE SCHOOL HOUSE,,,83.72093023255813,27.90697674418604
2002,primary,CRENSHAW,6,DOZIER CITY HALL,,,81.25,31.375000000000007
2002,primary,CRENSHAW,7,GLENWOOD CITY HALL,,,83.33333333333334,36.27450980392158
2002,primary,CRENSHAW,8,HARBIN FARM CENTER - LUVERNE,VTD2000-041-16,Harbin Farm Center,95.0,45.6
2002,primary,CRENSHAW,9,HIGHLAND HOME - NEW FIRE DEPT_,,,88.88888888888889,3.3888888888888857
2002,primary,CRENSHAW,10,HONORAVILLE FIRE STATION,VTD2000-041-4,Honoraville Volunteer Fire Station,95.0,9.5
2002,primary,CRENSHAW,11,LILLERS STORE - BRANTLEY,,,85.5,22.085365853658537
2002,primary,CRENSHAW,12,PANOLA COMMUNITY CENTER,VTD2000-041-1,Panola Community Center,100.0,16.666666666666657
2002,primary,CRENSHAW,13,PATSBURG DEPOT BUILDING,VTD2000-041-5,Patsburg Depot Building,100.0,65.0
2002,primary,CRENSHAW,14,PETREY COMMUNITY CENTER,VTD2000-041-3,Petery Community Center,95.65217391304348,10.545790934320081
2002,primary,CRENSHAW,15,PLEASANT HOME SCHOOL-RUTLEDGE,VTD2000-041-12,Pleasant Home School,95.0,9.5
2002,primary,CRENSHAW,16,RUTLEDGE COMMUNITY CENTER,VTD2000-041-6,Rutledge Community Center,100.0,16.0
2002,primary,CRENSHAW,17,VIDETTE COMMUNITY CENTER,VTD2000-041-7,Vidette Community Center,100.0,14.893617021276597
2002,primary,CRENSHAW,18,WEEDS STORE BRANTLEY,VTD2000-041-11,Weeds Store,90.0,31.53846153846154
2002,primary,DALE,1,ARGUTA-VOTING HOUSE,VTD2000-045-5,Arguta,90.0,38.57142857142858
2002,primary,DALE,2,ARITON-CITY HALL,VTD2000-045-12,Ariton,90.0,36.0
2002,primary,DALE,3,BERTHA-VOTING HALL,VTD2000-045-13,Bertha,90.0,38.57142857142858
2002,primary,DALE,4,CLAYHATCHEE-COMMUNITY HOUSE,,,67.5,2.0454545454545325
2002,primary,DALE,5,CLOPTON-VOTING HALL,VTD2000-045-10,Clopton,90.0,38.57142857142858
2002,primary,DALE,6,DALEVILLE-CITY HALL .1,,,90.0,4.5
2002,primary,DALE,7,DALEVILLE-CITY HALL .2,,,90.0,4.5
2002,primary,DALE,8,ECHO-VOTING HALL,VTD2000-045-9,Echo,90.0,38.57142857142858
2002,primary,DALE,9,EWELL-VOTING HALL,VTD2000-045-14,Ewell,90.0,38.57142857142858
2002,primary,DALE,10,FORT RUCKER ELEMENTARY SCHOOL,,,86.03773584905659,0.0
2002,primary,DALE,11,GRIMES-COMMUNITY CENTER,,,45.0,0.0
2002,primary,DALE,12,LEVEL PLAINS-COMMUNITY CENTER,VTD2000-045-16,Level Plains,90.0,34.61538461538461
2002,primary,DALE,13,MARLEY MILL-FORESTRY COMM_,VTD2000-045-15,Marley Mill,90.0,33.0
2002,primary,DALE,14,MIDLAND CITY-VOTING HALL,VTD2000-045-8,Midland City,90.0,38.57142857142858
2002,primary,DALE,15,NEWTON-CITY HALL,VTD2000-045-4,Newton,90.0,33.0
2002,primary,DALE,16,OZARK CENTER 1 <EAST A-G> .1,VTD2000-045-1,Ozark,90.0,45.0
2002,primary,DALE,17,OZARK CENTER 1 <EAST A-G> .2,VTD2000-045-1,Ozark,90.0,45.0
2002,primary,DALE,18,OZARK CENTER 2 MEM_ LIB H-L,VTD2000-045-1,Ozark,90.0,47.25
2002,primary,DALE,19,OZARK CENTER 3 <WEST M-Z> .1,VTD2000-045-1,Ozark,90.0,54.0
2002,primary,DALE,20,OZARK CENTER 3 <WEST M-Z> .2,VTD2000-045-1,Ozark,90.0,54.0
2002,primary,DALE,21,PINCKARD-CITY HALL,,,85.5,8.357142857142847
2002,primary,DALE,22,ROCKY HEAD-COMMUNITY HOUSE,,,59.375,0.0
2002,primary,DALE,23,SKIPPERVILLE-VOTING HALL,VTD2000-045-11,Skipperville,90.0,29.999999999999993
2002,primary,DALE,24,SYLVAN GROVE-VOTING HALL,,,51.42857142857142,6.4285714285714235
2002,primary,DALLAS,1,BELOIT COMMUNITY CENTER,VTD2000-047-0402,Beloit Community Center,100.0,20.0
2002,primary,DALLAS,2,BROAD STREET FIRE STATION,,,85.71428571428572,0.2142857142857224
2002,primary,DALLAS,3,BROWNS-NEW FRIENDSHIP CHURCH,VTD2000-047-1401,New Friendship Church,95.0,9.5
2002,primary,DALLAS,4,BYRD SCHOOL,VTD2000-047-D53N,Byrd School,100.0,14.5
2002,primary,DALLAS,5,CAHABA ROAD FIRE STATION,VTD2000-047-D52S,Cahaba Rd Fire Station,95.65217391304348,10.152173913043484
2002,primary,DALLAS,6,CARLOWVILLE MINTER-VFD,,,85.5,0.0
2002,primary,DALLAS,7,CARVER NEIGHBORHOOD CENTER,,,91.66666666666666,6.166666666666657
2002,primary,DALLAS,8,COURTHOUSE,VTD2000-047-D13S,Dallas County Courthouse,90.0,38.699999999999996
2002,primary,DALLAS,9,EASTEND FIRE STATION,VTD2000-047-D18E,East End Fire Station,97.5609756097561,12.060975609756099
2002,primary,DALLAS,10,GOOD HOPE CHURCH,VTD2000-047-0701,Good Hope Church,100.0,14.5
2002,primary,DALLAS,11,MARION JCT_-BLACKBELT EXPER_ST,,,85.5,31.214285714285715
2002,primary,DALLAS,12,MEMORIAL STADIUM,,,81.25,29.949999999999996
2002,primary,DALLAS,13,MT_ ZION CHURCH,VTD2000-047-0801,Mt. Zion Church,100.0,14.5
2002,primary,DALLAS,14,NORTHERN HTS_ PRES_ CHURCH,,,85.5,1.779069767441868
2002,primary,DALLAS,15,OLD NATIONAL GUARD ARMORY,,,85.5,30.115384615384613
2002,primary,DALLAS,16,ORRVILLE COMMUNITY CENTER,,,85.5,4.648936170212764
2002,primary,DALLAS,17,PLANTERSVILLE VOL_ FIRE DEPT,VTD2000-047-0101,Plantersville VFD,100.0,14.5
2002,primary,DALLAS,18,QUEEN OF PEACE SCHOOL,VTD2000-047-D54Q,Queen of Peace School,100.0,14.5
2002,primary,DALLAS,19,RANGEDALE CENTER,VTD2000-047-D35E,Rangedale Center,100.0,14.5
2002,primary,DALLAS,20,SAFFORD COMMUNITY CENTER,VTD2000-047-1101,Safford Community Center,100.0,14.5
2002,primary,DALLAS,21,SELMA MALL,VTD2000-047-D34E,Selma Mall,100.0,46.0
2002,primary,DALLAS,22,SELMONT WATER WORKS,VTD2000-047-0502,Selmont Water Works,100.0,14.5
2002,primary,DALLAS,23,SHILOH SCHOOL BUILDING,,,85.5,31.214285714285715
2002,primary,DALLAS,24,SUMMERFIELD VOLUNTEER FIRE,VTD2000-047-0201,Summerfield VFD,95.0,9.5
2002,primary,DALLAS,25,TIPTON SCHOOL,,,85.5,0.0
2002,primary,DALLAS,26,TYLER COMMUNITY CENTER,VTD2000-047-0601,Tyler Community Center,100.0,20.0
2002,primary,DALLAS,27,UNION-NEW NATIONAL GUARD,,,46.95652173913043,3.05408271474019
2002,primary,DALLAS,28,UNION-OLD NATIONAL GUARD,,,85.5,38.0
2002,primary,DALLAS,29,VALLEY GRANDE COMMUNITY CENTER,,,85.5,5.5
2002,primary,DALLAS,30,WOODROW AVE_ FIRE STATION,VTD2000-047-D34W,Woodrow Ave Fire Station,100.0,14.5
2002,primary,DEKALB,1,Unnamed: 4,,,40.0,2.5
2002,primary,DEKALB,2,Unnamed: 5,,,40.0,2.5
2002,primary,DEKALB,3,Unnamed: 6,,,40.0,2.5
2002,primary,DEKALB,4,Unnamed: 7,,,40.0,2.5
2002,primary,DEKALB,5,Unnamed: 8,,,40.0,2.5
2002,primary,DEKALB,6,Unnamed: 9,,,40.0,2.5
2002,primary,DEKALB,7,Unnamed: 10,,,37.89473684210526,2.6006191950464412
2002,primary,DEKALB,8,Unnamed: 11,,,37.89473684210526,2.6006191950464412
2002,primary,DEKALB,9,Unnamed: 12,,,37.89473684210526,2.6006191950464412
2002,primary,DEKALB,10,Unnamed: 13,,,37.89473684210526,2.6006191950464412
2002,primary,DEKALB,11,Unnamed: 14,,,37.89473684210526,2.6006191950464412
2002,primary,DEKALB,12,Unnamed: 15,,,37.89473684210526,2.6006191950464412
2002,primary,DEKALB,13,Unnamed: 16,,,37.89473684210526,2.6006191950464412
2002,primary,DEKALB,14,Unnamed: 17,,,37.89473684210526,2.6006191950464412
2002,primary,DEKALB,15,Unnamed: 18,,,37.89473684210526,2.6006191950464412
2002,primary,DEKALB,16,Unnamed: 19,,,37.89473684210526,2.6006191950464412
2002,primary,DEKALB,17,Unnamed: 20,,,37.89473684210526,2.6006191950464412
2002,primary,DEKALB,18,Unnamed: 21,,,37.89473684210526,2.6006191950464412
2002,primary,DEKALB,19,Unnamed: 22,,,37.89473684210526,2.6006191950464412
2002,primary,DEKALB,20,Unnamed: 23,,,37.89473684210526,2.6006191950464412
2002,primary,DEKALB,21,Unnamed: 24,,,37.89473684210526,2.6006191950464412
2002,primary,DEKALB,22,Unnamed: 25,,,37.89473684210526,2.6006191950464412
2002,primary,DEKALB,23,Unnamed: 26,,,37.89473684210526,2.6006191950464412
2002,primary,DEKALB,24,Unnamed: 27,,,37.89473684210526,2.6006191950464412
2002,primary,DEKALB,25,Unnamed: 28,,,37.89473684210526,2.6006191950464412
2002,primary,DEKALB,26,Unnamed: 29,,,37.89473684210526,2.6006191950464412
2002,primary,DEKALB,27,Unnamed: 30,,,37.89473684210526,2.6006191950464412
2002,primary,DEKALB,28,Unnamed: 31,,,37.89473684210526,2.6006191950464412
2002,primary,DEKALB,29,Unnamed: 32,,,37.89473684210526,2.6006191950464412
2002,primary,DEKALB,30,Unnamed: 33,,,37.89473684210526,2.6006191950464412
2002,primary,DEKALB,31,Unnamed: 34,,,37.89473684210526,2.6006191950464412
2002,primary,ELMORE,1,ASBURY KENT COMMUNITY CENTER,VTD2000-051-0041,Asbury-Kent Community Center,100.0,20.0
2002,primary,ELMORE,2,BLUE RIDGE VOTING HOUSE,VTD2000-051-0321,Blue Ridge Voting House,100.0,19.148936170212764
2002,primary,ELMORE,3,BUYCK FIRE DEPARTMENT,VTD2000-051-0121,Buyck Fire Department,100.0,20.833333333333343
2002,primary,ELMORE,4,COOSADA CITY HALL,,,95.0,0.0
2002,primary,ELMORE,5,CRENSHAW PARK,VTD2000-051-0171,Crenshaw Park,100.0,14.5
2002,primary,ELMORE,6,DEATSVILLE MASONIC LODGE,VTD2000-051-0161,Deatsville Masonic Lodge,100.0,54.54545454545454
2002,primary,ELMORE,7,ECLECTIC FIRE STATION,VTD2000-051-0061,Eclectic Fire Station,100.0,24.0
2002,primary,ELMORE,8,FAIN PARK - WETUMPKA,VTD2000-051-0261,Wetumpka Fain Park,95.0,9.5
2002,primary,ELMORE,9,FITZPATRICK COMMUNITY HOUSE,,,100.0,0.0
2002,primary,ELMORE,10,FRIENDSHIP FIRE DEPARTMENT,VTD2000-051-0031,Friendship Fire Dept.,100.0,18.367346938775512
2002,primary,ELMORE,11,HOLTVILLE FIRE STATION,VTD2000-051-0151,Holtville Fire station,100.0,24.0
2002,primary,ELMORE,12,KOWALIGA FIRE DEPARTMENT,VTD2000-051-0051,Kowaliga Fire Dept.,100.0,20.833333333333343
2002,primary,ELMORE,13,LIGHTWOOD FIRE STATION,VTD2000-051-0141,Lightwood Fire Station,100.0,24.0
2002,primary,ELMORE,14,MILLBROOK MEMORIAL PARK .1,,,95.83333333333334,2.2163120567375927
2002,primary,ELMORE,15,MILLBROOK MEMORIAL PARK .2,,,95.83333333333334,2.2163120567375927
2002,primary,ELMORE,16,MULDER MEM METHODIST CHURCH .1,,,43.13725490196079,0.8295625942684737
2002,primary,ELMORE,17,MULDER MEM METHODIST CHURCH .2,,,43.13725490196079,0.8295625942684737
2002,primary,ELMORE,18,PLEASANT HILL COMMUNITY CENTER,VTD2000-051-0311,Pleasant Hill Community Center,100.0,20.0
2002,primary,ELMORE,19,REDHILL VOTING HOUSE,VTD2000-051-0052,Redhill Voting House,100.0,24.0
2002,primary,ELMORE,20,ROCK SPRINGS VOTING HOUSE,VTD2000-051-0341,Rock Springs,90.0,14.0
2002,primary,ELMORE,21,SANTUCK COMMUNITY CENTER,,,100.0,0.0
2002,primary,ELMORE,22,SEMAN COMMUNITY CENTER,,,86.95652173913044,0.0
2002,primary,ELMORE,23,SOUTHSIDE SCHOOL TALLASSEE,,,87.27272727272728,37.08404802744427
2002,primary,ELMORE,24,TALLASSEE RECREATION CENTER,VTD2000-051-0011,Tallassee Recreation Center,100.0,41.17647058823529
2002,primary,ELMORE,25,TITUS COMMUNITY CENTER,VTD2000-051-0131,Titus Community Center,100.0,17.391304347826093
2002,primary,ELMORE,26,VICTORY BAPTIST SCHOOL .1,,,95.65217391304348,0.0
2002,primary,ELMORE,27,VICTORY BAPTIST SCHOOL .2,,,95.65217391304348,0.0
2002,primary,ELMORE,28,WALLSBORO FIRE DEPARTMENT,VTD2000-051-0101,Wallsboro Fire Dept.,100.0,20.833333333333343
2002,primary,ELMORE,29,WEOKA VOTING HOUSE,VTD2000-051-0111,Weoka Voting House,100.0,14.5
2002,primary,ELMORE,30,WETUMPKA ARMORY .1,VTD2000-051-0322,Wetumpka Armory,95.0,9.5
2002,primary,ELMORE,31,WETUMPKA ARMORY .2,VTD2000-051-0322,Wetumpka Armory,95.0,9.5
2002,primary,ESCAMBIA,1,ALCO J_D_ JC MUSEUM,,,87.5,49.404761904761905
2002,primary,ESCAMBIA,2,APPLETON VOL_FIRE DEPARTMENT,VTD2000-053-040C,Appleton Vol Fire Dept.,100.0,13.43283582089552
2002,primary,ESCAMBIA,3,ATMORE CITY HALL .1,VTD2000-053-0310,Atmore City Hall,95.0,22.777777777777786
2002,primary,ESCAMBIA,4,ATMORE CITY HALL .2,VTD2000-053-0310,Atmore City Hall,95.0,22.777777777777786
2002,primary,ESCAMBIA,5,BARNETTS C_R_ ROBINSONS STORE,,,85.5,20.045454545454533
2002,primary,ESCAMBIA,6,BETHEL ROBERTS CO VOTING HOUSE,VTD2000-053-090H,Bethel-Roberts Voting House,95.0,9.5
2002,primary,ESCAMBIA,7,BRADLEY - ROCK CREEK,,,85.5,28.35714285714286
2002,primary,ESCAMBIA,8,BREWTON CIVIC CENTER .1,VTD2000-053-030B,Brewton Civic Center,95.23809523809523,19.238095238095227
2002,primary,ESCAMBIA,9,BREWTON CIVIC CENTER .2,VTD2000-053-030B,Brewton Civic Center,95.23809523809523,19.238095238095227
2002,primary,ESCAMBIA,10,BREWTON CIVIC CENTER .3,VTD2000-053-030B,Brewton Civic Center,95.23809523809523,19.238095238095227
2002,primary,ESCAMBIA,11,CANOE CIVIC CLUB BUILDING,,,72.06896551724137,21.402298850574702
2002,primary,ESCAMBIA,12,COUNTY HWY DEPARTMENT,,,85.5,0.0
2002,primary,ESCAMBIA,13,DAMASCUS BOYKIN SCHOOL,VTD2000-053-0120,Damascus-Boykin School,100.0,14.5
2002,primary,ESCAMBIA,14,DIXIE VOLUNTEER FIRE DEPT_,VTD2000-053-0110,Dixie Vol. Fire Dept.,100.0,12.5
2002,primary,ESCAMBIA,15,EAST BREWTON CITY HALL,VTD2000-053-050D,East Brewton City Hall,100.0,26.315789473684205
2002,primary,ESCAMBIA,16,EAST BREWTON NEAL SCHOOL,,,85.5,0.0
2002,primary,ESCAMBIA,17,FLOMATON CITY HALL,VTD2000-053-0150,Flomaton City Hall,100.0,23.529411764705884
2002,primary,ESCAMBIA,18,FLOMATON COMMUNITY HOUSE,VTD2000-053-0140,Flomaton Community House,100.0,28.57142857142857
2002,primary,ESCAMBIA,19,HUXFORD MASONIC LODGE,VTD2000-053-0190,Huxford Masonic Lodge,100.0,53.84615384615385
2002,primary,ESCAMBIA,20,KIRKLAND NORTH BREWTON SCHOOL,VTD2000-053-0130,Kirkland-N Brewton School,92.5925925925926,7.092592592592595
2002,primary,ESCAMBIA,21,LITTLE ESCAMBIA VOTING HOUSE,VTD2000-053-0160,Little Escambia Voting House,100.0,14.5
2002,primary,ESCAMBIA,22,LITTLE ROCK STORE,VTD2000-053-0280,Little Rock Store,100.0,14.5
2002,primary,ESCAMBIA,23,MCCALL SCHOOL,VTD2000-053-0220,McCall School,100.0,14.5
2002,primary,ESCAMBIA,24,MCCULLOGH VFD,VTD2000-053-0300,McCullough Vol. Fire Dept.,98.59154929577466,13.770120724346086
2002,primary,ESCAMBIA,25,NEW ORDER BAPTIST CHURCH,,,58.33333333333333,8.333333333333329
2002,primary,ESCAMBIA,26,NOKOMIS VOTING HOUSE,VTD2000-053-0330,Nokomis Voting House,100.0,26.829268292682926
2002,primary,ESCAMBIA,27,PINEVIEW VOTING HOUSE,VTD2000-053-0170,Pineview Voting House,100.0,26.829268292682926
2002,primary,ESCAMBIA,28,POARCH SAIL CENTER,VTD2000-053-0290,Poarch Sail Center,100.0,44.44444444444444
2002,primary,ESCAMBIA,29,POLLARD TOWN HALL,VTD2000-053-0230,Pollard Town Hall,100.0,34.23076923076924
2002,primary,ESCAMBIA,30,RACHEL PATTERSON SCHOOL,VTD2000-053-0250,Rachel Patterson Elementary School,95.0,9.5
2002,primary,ESCAMBIA,31,RIVERVIEW TOWN HALL,VTD2000-053-070F,Riverview Town Hall,100.0,34.23076923076924
2002,primary,ESCAMBIA,32,ROCK HILL RIDGE ROAD FIRE DEPT,,,85.5,0.0
2002,primary,ESCAMBIA,33,STAFF CHEVROLET .1,VTD2000-053-0260,Staff Chevrolet,95.0,49.83870967741935
2002,primary,ESCAMBIA,34,STAFF CHEVROLET .2,VTD2000-053-0260,Staff Chevrolet,95.0,49.83870967741935
2002,primary,ESCAMBIA,35,WALLACE METHODIST CHURCH,VTD2000-053-0210,Wallace Methodist Church,100.0,45.45454545454546
2002,primary,ETOWAH,1,12TH STREET BAPTIST CHURCH,,,86.27450980392157,10.274509803921575
2002,primary,ETOWAH,2,ALABAMA TECH COLLEGE,,,88.88888888888889,3.3888888888888857
2002,primary,ETOWAH,3,ALTOONA CITY HALL,,,85.5,17.10000000000001
2002,primary,ETOWAH,4,ATTALLA CITY HALL,,,85.5,17.10000000000001
2002,primary,ETOWAH,5,ATTALLA FIRE DEPARTMENT,,,100.0,0.0
2002,primary,ETOWAH,6,ATTALLA FIRE DEPARTMENT NO_3,,,95.0,0.0
2002,primary,ETOWAH,7,AURORA BAPTIST CHURCH,VTD2000-055-21,Aurora Baptist Church,100.0,20.930232558139537
2002,primary,ETOWAH,8,BLACK CREEK VOLUNTEER FIRE,VTD2000-055-11,Black Creek Vol. FIre Dept.,95.0,28.5
2002,primary,ETOWAH,9,CARNES REC CENTER,VTD2000-055-17-5,Carnes Recreaton Center,97.87234042553192,16.23968736430743
2002,primary,ETOWAH,10,CARVER COMMUNITY CENTER .1,VTD2000-055-1-3,Carver Community Center,95.83333333333334,16.666666666666686
2002,primary,ETOWAH,11,CARVER COMMUNITY CENTER .2,VTD2000-055-1-3,Carver Community Center,95.83333333333334,16.666666666666686
2002,primary,ETOWAH,12,CAVE SPRINGS COMMUNITY HOUSE,VTD2000-055-16,Cave Springs Comm. Club House,95.0,28.33333333333333
2002,primary,ETOWAH,13,CLEAR CREEK METHODIST CHURCH,VTD2000-055-28,Clear Creek Methodist Church,100.0,23.07692307692308
2002,primary,ETOWAH,14,COATES BEND FIRE DEPARTMENT,VTD2000-055-9,Coates Bend Fire Dept.,100.0,25.0
2002,primary,ETOWAH,15,COLLEGE HEIGHTS BAPTIST CHURCH,VTD2000-055-1-14,College Heights Baptist Church,100.0,14.5
2002,primary,ETOWAH,16,COREY SCHOOL - NEW GYM,,,85.5,22.16666666666668
2002,primary,ETOWAH,17,DISTRICT NO_3 MAINTENANCE SHOP,,,86.79245283018868,36.49833518312985
2002,primary,ETOWAH,18,DUCK SPRINGS SCHOOL,VTD2000-055-14,Duck Springs School,100.0,14.5
2002,primary,ETOWAH,19,EAST GADSDEN REC CENTER,VTD2000-055-1-16,East Gadsden Recreation Center,100.0,11.47540983606558
2002,primary,ETOWAH,20,EGYPT VOLUNTEER FIRE,,,90.0,4.5
2002,primary,ETOWAH,21,ELLIOTT COMMUNITY CENTER .1,VTD2000-055-1-2,Elliott Community Center,96.0,16.0
2002,primary,ETOWAH,22,ELLIOTT COMMUNITY CENTER .2,VTD2000-055-1-2,Elliott Community Center,96.0,16.0
2002,primary,ETOWAH,23,ETOWAH MIDDLE SCHOOL,VTD2000-055-17-3,Etowah Middle School,100.0,14.5
2002,primary,ETOWAH,24,GADSDEN CONVENTION HALL .1,VTD2000-055-1-9,Gadsden Convention Hall,95.83333333333334,10.333333333333343
2002,primary,ETOWAH,25,GADSDEN CONVENTION HALL .2,VTD2000-055-1-9,Gadsden Convention Hall,95.83333333333334,10.333333333333343
2002,primary,ETOWAH,26,GADSDEN CONVENTION HALL .3,VTD2000-055-1-9,Gadsden Convention Hall,95.83333333333334,10.333333333333343
2002,primary,ETOWAH,27,GALLANT COMMUNITY CENTER,VTD2000-055-27,Gallant Community Center,100.0,16.666666666666657
2002,primary,ETOWAH,28,GASTON HIGH SCHOOL,VTD2000-055-10,Gaston High School,100.0,14.5
2002,primary,ETOWAH,29,GEORGE WALLACE SENIOR CNTR .1,,,78.23529411764704,22.679738562091487
2002,primary,ETOWAH,30,GEORGE WALLACE SENIOR CNTR .2,,,78.23529411764704,22.679738562091487
2002,primary,ETOWAH,31,HIGHLAND SCHOOL,VTD2000-055-12,Highland School,100.0,14.5
2002,primary,ETOWAH,32,HOKES BLUFF COMMUNITY CNTR .1,VTD2000-055-5-1,Hokes Bluff Community Center,96.55172413793103,18.60300618921309
2002,primary,ETOWAH,33,HOKES BLUFF COMMUNITY CNTR .2,VTD2000-055-5-1,Hokes Bluff Community Center,96.55172413793103,18.60300618921309
2002,primary,ETOWAH,34,IVALEE VOLUNTEER FIRE,,,90.0,4.5
2002,primary,ETOWAH,35,JESSIE DEAN SMITH REC CENTER,VTD2000-055-1-10,Jessie D. Smith Recreation Center,95.52238805970148,10.022388059701484
2002,primary,ETOWAH,36,KEENER COMMUNITY CENTER,VTD2000-055-15,Keener Community Center,100.0,17.391304347826093
2002,primary,ETOWAH,37,LIBERTY METHODIST CHURCH,VTD2000-055-5-2,Liberty Methodist Church,100.0,23.07692307692308
2002,primary,ETOWAH,38,MEADOW BROOK BAPTIST CHURCH,VTD2000-055-1-13,Meadowbrook Baptist Church,98.11320754716981,22.113207547169807
2002,primary,ETOWAH,39,MORTON CHAPEL CHURCH,VTD2000-055-23,Morton Chapel Church,100.0,14.5
2002,primary,ETOWAH,40,MOUNTAINBORO CITY HALL,VTD2000-055-18,Mountainboro City Hall,100.0,31.60000000000001
2002,primary,ETOWAH,41,NEW UNION COMMUNITY CENTER,VTD2000-055-19-3,New Union Community Center,100.0,20.0
2002,primary,ETOWAH,42,NOCCALULA KIWANIS PVLN .1,VTD2000-055-1-1,Noccalula Kiwanis Pavilion,88.0,49.22448979591837
2002,primary,ETOWAH,43,NOCCALULA KIWANIS PVLN .2,VTD2000-055-1-1,Noccalula Kiwanis Pavilion,88.0,49.22448979591837
2002,primary,ETOWAH,44,NORTH GADSDEN REC CENTER,VTD2000-055-1-5,North Gadsden Recreation Center,100.0,11.47540983606558
2002,primary,ETOWAH,45,RAINBOW CITY COMMUNITY CNTR .1,VTD2000-055-30,Rainbow City Community Center,96.66666666666667,11.166666666666671
2002,primary,ETOWAH,46,RAINBOW CITY COMMUNITY CNTR .2,VTD2000-055-30,Rainbow City Community Center,96.66666666666667,11.166666666666671
2002,primary,ETOWAH,47,RAINBOW CITY COMMUNITY CNTR .3,VTD2000-055-30,Rainbow City Community Center,96.66666666666667,11.166666666666671
2002,primary,ETOWAH,48,RAINBOW CITY FIRE DEPT NO_2,,,85.5,0.0
2002,primary,ETOWAH,49,REECE CITY TOWN HALL,VTD2000-055-13,Reece City Town Hall,100.0,31.60000000000001
2002,primary,ETOWAH,50,RIDGEVILLE TOWN HALL,VTD2000-055-34-2,Ridgeville Town Hall,100.0,35.0
2002,primary,ETOWAH,51,SARDIS CITY HALL,VTD2000-055-19-1,Sardis City Hall,100.0,14.5
2002,primary,ETOWAH,52,SOUTHSIDE BAPTIST CHURCH .1,,,77.77777777777779,1.7777777777777857
2002,primary,ETOWAH,53,SOUTHSIDE BAPTIST CHURCH .2,,,77.77777777777779,1.7777777777777857
2002,primary,ETOWAH,54,SOUTHSIDE BAPTIST CHURCH .3,,,80.0,2.2222222222222143
2002,primary,ETOWAH,55,TIDMORE BEND VOLUNTEER FIRE,,,64.8780487804878,0.0
2002,primary,ETOWAH,56,TILLISON BEND WATER AUTHORITY,VTD2000-055-3,Tillison Bend Water Authority,100.0,48.14814814814814
2002,primary,ETOWAH,57,UNION .3 BAPTIST CHURCH,VTD2000-055-7,Union #3 Baptist Church,100.0,20.930232558139537
2002,primary,ETOWAH,58,WALNUT GROVE FIRE DEPARTMENT,VTD2000-055-24,Walnut Grove Vol. Fire Dept.,95.0,20.0
2002,primary,ETOWAH,59,WALNUT PARK REC CENTER,VTD2000-055-1-8,Walnut Park Recreation Center,100.0,18.518518518518505
2002,primary,ETOWAH,60,WEST ETOWAH VOLUNTEER FIRE,VTD2000-055-26,West Etowah Vol. Fire Dept.,95.0,28.33333333333333
2002,primary,ETOWAH,61,WHORTON BEND FIRE STATION,VTD2000-055-31,Whorton Bend Fire Station,100.0,14.5
2002,primary,ETOWAH,62,YOUNGS CHAPEL CHURCH,VTD2000-055-6,Young's Chapel Church,97.5609756097561,12.060975609756099
2002,primary,FAYETTE,1,BERRY ARMORY,VTD2000-057-9,Berry,90.0,36.0
2002,primary,FAYETTE,2,BOLEY BOLEY SPRINGS CHURCH,VTD2000-057-13,Boley,90.0,29.999999999999993
2002,primary,FAYETTE,3,BROWNS GLEN ALLEN COMM_ CNT_,VTD2000-057-11,Brown,90.0,22.5
2002,primary,FAYETTE,4,BROWNS WHITES CHAPEL VT_ CNT_,VTD2000-057-11,Brown,90.0,22.5
2002,primary,FAYETTE,5,BYLOR VOTING CENTER BANKSTON,VTD2000-057-18,Bylor,90.0,12.857142857142847
2002,primary,FAYETTE,6,CLEAR CREEK VT_ CNT_ PHILA_ CH,,,90.0,4.5
2002,primary,FAYETTE,7,COLES NEW RIVER CH_ OF CHRIST,,,90.0,4.5
2002,primary,FAYETTE,8,COLES VOTING CNT KILLINGSWORTH,VTD2000-057-6,Coles,90.0,25.714285714285708
2002,primary,FAYETTE,9,COLLIN VT_ CNT_ MT_ VERNON,,,83.07692307692308,15.57692307692308
2002,primary,FAYETTE,10,FAYETTE CIVIC CENTER,,,60.00000000000001,8.571428571428584
2002,primary,FAYETTE,11,FAYETTE COVIN VOTING CENTER,,,60.00000000000001,8.571428571428584
2002,primary,FAYETTE,12,FAYETTE YOUTH CENTER,,,60.00000000000001,8.571428571428584
2002,primary,FAYETTE,13,FORDS VOTING CENTER FORDS MT_,VTD2000-057-19,Fords,90.0,37.38461538461539
2002,primary,FAYETTE,14,GEORGES CREEK VT_ CNT_ PEA RDG,,,86.66666666666667,1.1666666666666714
2002,primary,FAYETTE,15,GILPIN LAWRENCE MILL COMM_ CNT,VTD2000-057-14,Gilpin,90.0,47.25
2002,primary,FAYETTE,16,HICO VT_ CNT_ N OF NEWTONVILLE,VTD2000-057-7,Hico,90.0,22.5
2002,primary,FAYETTE,17,LEE BELK COMM CTR,,,60.00000000000001,7.105427357601002e-15
2002,primary,FAYETTE,18,LEE OAKRIDGE VOTING CENTER,VTD2000-057-2,Ridge,90.0,29.999999999999993
2002,primary,FAYETTE,19,PLEASANT GROVE VOTING CENTER,,,60.00000000000001,6.000000000000007
2002,primary,FAYETTE,20,RIDGE CONCORD CH_ VT_ CNT_,VTD2000-057-2,Ridge,90.0,35.5909090909091
2002,primary,FAYETTE,21,RUSSELL VOTING CENTER BOBO SCH,VTD2000-057-5,Russell,90.0,36.0
2002,primary,FAYETTE,22,STONEWALL CANNAN COMM_ CNT_,VTD2000-057-17,Stonewall,90.0,22.5
2002,primary,FAYETTE,23,STOUGH VOTING CENTER,VTD2000-057-4,Stough,90.0,29.999999999999993
2002,primary,FAYETTE,24,STUDDARDS CROSSROADS,,,64.125,4.124999999999993
2002,primary,FAYETTE,25,SUGAR CREEK EXP STA NEAR WNFLD,,,90.0,4.5
2002,primary,FAYETTE,26,THOMPSON KIRKLAND SCHOOL BLDG_,VTD2000-057-16,Thompson,90.0,29.999999999999993
2002,primary,FAYETTE,27,WEBSTER VT_ CNT_ WAYSIDE SCH_,VTD2000-057-12,Webster,90.0,36.0
2002,primary,FRANKLIN,1,BELGREEN,VTD2000-059-7,Belgreen Fire Station,90.0,48.46153846153846
2002,primary,FRANKLIN,2,CHUCKIE MULLINS CENTER,,,60.454545454545446,1.3636363636363669
2002,primary,FRANKLIN,3,COLLEGE AVENUE ELEMENTARY,,,60.00000000000001,7.058823529411768
2002,primary,FRANKLIN,4,COURTHOUSE,,,60.00000000000001,11.142857142857153
2002,primary,FRANKLIN,5,FRANKFORT,VTD2000-059-3,Frankfort Fire Station,90.0,50.0
2002,primary,FRANKLIN,6,HALLTOWN,VTD2000-059-14,Halltown Community Center,90.0,22.5
2002,primary,FRANKLIN,7,HODGES,,,81.81818181818181,9.818181818181813
2002,primary,FRANKLIN,8,JONESBORO,VTD2000-059-17,Jonesboro Community Center,90.0,40.0
2002,primary,FRANKLIN,9,LAWLERS,VTD2000-059-15,Lawlers Fire Station,90.0,36.0
2002,primary,FRANKLIN,10,MT_ STAR HILLS,VTD2000-059-11,Mount Star,90.0,43.333333333333336
2002,primary,FRANKLIN,11,NEWBURG,VTD2000-059-20,Newburg Masonic Lodge,90.0,38.57142857142858
2002,primary,FRANKLIN,12,PHIL CAMPBELL,VTD2000-059-9,Phil Campbell City Hall,90.0,45.55555555555556
2002,primary,FRANKLIN,13,PLEASANT SITE,VTD2000-059-4,Pleasant Site Voting Center,90.0,46.52173913043478
2002,primary,FRANKLIN,14,RED BAY .1,VTD2000-059-5,Red Bay,95.0,55.0
2002,primary,FRANKLIN,15,RED BAY .2,VTD2000-059-5,Red Bay,95.0,55.0
2002,primary,FRANKLIN,16,ROCKWOOD,VTD2000-059-10,Rockwood,100.0,55.0
2002,primary,FRANKLIN,17,RUSSELLVILLE ELECTRIC WRHS,VTD2000-059-2,Russellville,90.0,51.13636363636363
2002,primary,FRANKLIN,18,RUSSELLVILLE HIGH SCHOOL,,,90.0,4.5
2002,primary,FRANKLIN,19,SPRUCE PINE,VTD2000-059-18,Spruce Pine,100.0,56.52173913043478
2002,primary,FRANKLIN,20,ST_ CROSS ROAD,VTD2000-059-12,St Cross Road,100.0,51.142857142857146
2002,primary,FRANKLIN,21,THARPTOWN,VTD2000-059-13,Tharptown School,90.0,7.64705882352942
2002,primary,FRANKLIN,22,TRAPPTOWN-E_ FRANKLIN JR_ HIGH,,,78.75,23.365384615384613
2002,primary,FRANKLIN,23,UNION,VTD2000-059-1,Union Community Center,90.0,22.5
2002,primary,FRANKLIN,24,VINA COMMUNITY CENTER,,,88.37209302325581,2.8720930232558146
2002,primary,FRANKLIN,25,WACO CHURCH OF CHRIST,VTD2000-059-16,Waco,90.0,48.91891891891892
2002,primary,GENEVA,1,BELLWOOD VOTING HOUSE,,,76.92307692307692,7.8321678321678405
2002,primary,GENEVA,2,BLACK,VTD2000-061-8,Black-Kelley Cross Roads,90.0,36.0
2002,primary,GENEVA,3,CHANCELLOR VOTING HOUSE,,,76.0,10.482758620689665
2002,primary,GENEVA,4,COFFEE SPRINGS,VTD2000-061-11,Coffee Springs,100.0,56.25
2002,primary,GENEVA,5,DEVCO VOTING HOUSE,VTD2000-061-17,Devco Voting House,100.0,14.5
2002,primary,GENEVA,6,DUNDEE VOTING HOUSE,,,81.08108108108108,7.5326939843068885
2002,primary,GENEVA,7,FADETTE VOTING HOUSE,VTD2000-061-4,Fadette,90.0,11.05263157894737
2002,primary,GENEVA,8,FARM CENTER,,,85.5,29.944444444444443
2002,primary,GENEVA,9,FLAT CREEK,,,90.0,4.5
2002,primary,GENEVA,10,GENEVA ARMORY,,,85.5,0.0
2002,primary,GENEVA,11,GENEVA CITY HALL,,,85.5,34.07142857142858
2002,primary,GENEVA,12,GENEVA COMMUNITY CENTER,,,85.5,32.0625
2002,primary,GENEVA,13,GENEVA COUNTY COURTHOUSE,,,85.5,28.35714285714286
2002,primary,GENEVA,14,GILMORE,VTD2000-061-14,Gilmore,100.0,46.0
2002,primary,GENEVA,15,HACODA,VTD2000-061-16,Hacoda-Flat Creek,90.0,45.0
2002,primary,GENEVA,16,HARTFORD NATIONAL GUARD ARMORY,,,70.84745762711864,21.756548536209557
2002,primary,GENEVA,17,HUGHES VOTING HOUSE,VTD2000-061-3,Malvery-Hughes Voting House,95.0,19.0
2002,primary,GENEVA,18,HURRICANE VOTING HOUSE,,,76.0,8.941176470588232
2002,primary,GENEVA,19,KELLY CROSS ROADS,,,82.92682926829268,37.21254355400696
2002,primary,GENEVA,20,LOWERY,VTD2000-061-15,Lowery-Revels Store,90.0,29.999999999999993
2002,primary,GENEVA,21,LYTLE,VTD2000-061-12,Lytle,100.0,46.0
2002,primary,GENEVA,22,MALVERN,,,83.07692307692308,38.07692307692308
2002,primary,GENEVA,23,PINEY GROVE,VTD2000-061-13,Piney Grove-Samson,90.0,40.909090909090914
2002,primary,GENEVA,24,REVELS GROCERY,,,63.333333333333336,17.294871794871796
2002,primary,GENEVA,25,SAMSON AMERICAN LEGION HALL,,,85.5,34.07142857142858
2002,primary,GENEVA,26,SAMSON COMMUNITY CENTER,,,85.5,25.5
2002,primary,GENEVA,27,SARDIS VOTING HOUSE,,,76.0,2.451612903225808
2002,primary,GENEVA,28,SLOCOMB NATIONAL GUARD ARMORY,,,52.41379310344827,1.5209359605911317
2002,primary,GENEVA,29,ST_ PAUL VOTING HOUSE,,,76.0,10.857142857142861
2002,primary,GENEVA,30,TATE SCHOOL,,,85.5,34.199999999999996
2002,primary,GREENE,1,BOLIGEE CITY HALL,VTD2000-063-5-1-3,Boligee City Hall,100.0,28.75
2002,primary,GREENE,2,CARVER SCHOOL,VTD2000-063-3-8,Carver School,100.0,14.5
2002,primary,GREENE,3,CLINTON RECREATION CENTER,VTD2000-063-5-6,Clinton Rec Center,100.0,14.5
2002,primary,GREENE,4,DOLLARHIDE RECREATION CENTER,VTD2000-063-3-7,Dollarhide Rec Center,100.0,14.5
2002,primary,GREENE,5,EATMAN SCHOOL,VTD2000-063-1-2,Eatman School,100.0,14.5
2002,primary,GREENE,6,EUTAW ACTIVITY CENTER,VTD2000-063-4-1-2,Eutaw Activity center,100.0,14.5
2002,primary,GREENE,7,EUTAW PRE-SCHOOL,VTD2000-063-2-3-4,Eutaw Pre-School,100.0,26.923076923076934
2002,primary,GREENE,8,FORKLAND CITY HALL,VTD2000-063-3-1-6,Forkland City Hall,100.0,27.272727272727266
2002,primary,GREENE,9,GREENE COUNTY COURTHOUSE,VTD2000-063-1-1,Greene County Courthouse,100.0,42.142857142857146
2002,primary,GREENE,10,JENA CLUBHOUSE,VTD2000-063-1-5,Jena Clubhouse,100.0,42.142857142857146
2002,primary,GREENE,11,LAW LIBRARY,VTD2000-063-2-1-2,Law Library,100.0,54.99999999999999
2002,primary,GREENE,12,LEWISTON COMMUNITY CENTER,VTD2000-063-1-3-4,Lewiston Comm. Center,100.0,14.5
2002,primary,GREENE,13,MONTGOMERY RECREATION CENTER,VTD2000-063-1-8,Montgomery Rec. Center,100.0,14.5
2002,primary,GREENE,14,MORROW BROWN RECREATION CENTER,,,95.0,0.0
2002,primary,GREENE,15,MT_ HEBRON PRE-SCHOOL,VTD2000-063-5-4-5,Mt. Hebron Pre-School,100.0,14.5
2002,primary,GREENE,16,NATIONAL GUARD ARMORY,VTD2000-063-2-5-7,National Guard Armory,100.0,53.46938775510205
2002,primary,GREENE,17,SOUTH FORK REST_,VTD2000-063-2-8,South Fork,90.0,42.0
2002,primary,GREENE,18,TISHABEE RECREATION CENTER,VTD2000-063-4-5-6,Tishabee Rec Center,100.0,14.5
2002,primary,GREENE,19,UNION CITY HALL,VTD2000-063-1-6-7,Union City Hall,100.0,27.272727272727266
2002,primary,GREENE,20,WEST GREENE FIRE STATION,,,78.43137254901961,29.57422969187676
2002,primary,HALE,1,AKRON - CITY HALL,,,100.0,5.0
2002,primary,HALE,2,BUCKSNORT,,,100.0,5.0
2002,primary,HALE,3,CEDARVILLE,VTD2000-065-7,Cederville,90.0,23.33333333333333
2002,primary,HALE,4,GALLION VOLUNTEER FIRE,VTD2000-065-8,Gallion,90.0,36.5625
2002,primary,HALE,5,GREENSBORO - ARMORY .1,,,56.29629629629629,4.046296296296283
2002,primary,HALE,6,GREENSBORO - ARMORY .2,,,56.29629629629629,4.046296296296283
2002,primary,HALE,7,HAVANA,VTD2000-065-1,Havanna,92.3076923076923,10.489510489510494
2002,primary,HALE,8,LANEVILLE,VTD2000-065-9,Laneville,100.0,30.0
2002,primary,HALE,9,MOUNDVILLE - CITY HALL,,,100.0,4.761904761904773
2002,primary,HALE,10,MT_ HERMAN,,,100.0,5.0
2002,primary,HALE,11,NEWBERN - OLD BANK BLDG,,,95.0,5.277777777777786
2002,primary,HALE,12,PHIPPS WORK CENTER,VTD2000-065-13,Phipps Work Center,100.0,46.0
2002,primary,HALE,13,SAWYERVILLE-HEAD START SCHOOL,,,96.66666666666667,6.666666666666671
2002,primary,HALE,14,STEWART,,,100.0,5.0
2002,primary,HALE,15,VALLEY,,,95.0,0.0
2002,primary,HENRY,1,ABBEVILLE ARMORY .1,VTD2000-067-P-10,Abbevile Armory,90.9090909090909,34.65909090909091
2002,primary,HENRY,2,ABBEVILLE ARMORY .2,VTD2000-067-P-10,Abbevile Armory,90.9090909090909,34.65909090909091
2002,primary,HENRY,3,BLANKENSHIP STORE,VTD2000-067-P-8,Blankenship Store,100.0,57.57575757575758
2002,primary,HENRY,4,BROWNS CROSSROADS,,,49.565217391304344,4.565217391304344
2002,primary,HENRY,5,CAPPS POST OFFICE,VTD2000-067-P-6,Capps Post Office-Espy Farms,90.0,48.82352941176471
2002,primary,HENRY,6,EDWIN CLUBHOUSE,,,100.0,0.0
2002,primary,HENRY,7,ESPY FARMS,VTD2000-067-P-6,Capps Post Office-Espy Farms,90.0,40.0
2002,primary,HENRY,8,HALEBURG CITY HALL,VTD2000-067-P-4,Haleburg Hall,95.0,57.75862068965517
2002,primary,HENRY,9,HEADLAND ARMORY .1,VTD2000-067-P-1,Headland Armory,95.0,38.75
2002,primary,HENRY,10,HEADLAND ARMORY .2,VTD2000-067-P-1,Headland Armory,95.0,38.75
2002,primary,HENRY,11,HEBRON COMMUNITY VOTING HOUSE,,,85.5,0.0
2002,primary,HENRY,12,JUDSON COMMUNITY,VTD2000-067-P-12,Judson Com.,90.0,50.0
2002,primary,HENRY,13,LAWRENCEVILLE HIGH SCHOOL,,,87.0967741935484,34.71582181259601
2002,primary,HENRY,14,NEWVILLE VOTING HOUSE,,,89.47368421052632,3.973684210526315
2002,primary,HENRY,15,SHORTERVILLE HOUSE,VTD2000-067-P-11,Shorterville House-Wills Rd.,90.0,21.42857142857143
2002,primary,HENRY,16,TUMBLETON VOTING HOUSE,,,85.5,18.83333333333333
2002,primary,HENRY,17,UNION VT_ HOUSE,VTD2000-067-P-5,Union Vt. House,100.0,14.5
2002,primary,HENRY,18,WILLIAMS COMM_ VOTING HOUSE,,,90.0,4.5
2002,primary,HENRY,19,WILLS CROSS ROADS,,,85.5,16.269230769230774
2002,primary,HOUSTON,1,ASHFORD,VTD2000-069-10,Ashford,100.0,46.0
2002,primary,HOUSTON,2,BAY SPRINGS,VTD2000-069-2,Bay Springs Fire Dept.,90.0,36.0
2002,primary,HOUSTON,3,COLUMBIA,VTD2000-069-13,Columbia,100.0,47.38461538461539
2002,primary,HOUSTON,4,COTTONWOOD,VTD2000-069-6,Cottonwood,100.0,55.0
2002,primary,HOUSTON,5,COWARTS,VTD2000-069-8-1,Cowarts,100.0,46.0
2002,primary,HOUSTON,6,DOUG TEW COMMUNITY CENTER .1,VTD2000-069-3-3,Doug Tew Community Center,96.15384615384616,10.65384615384616
2002,primary,HOUSTON,7,DOUG TEW COMMUNITY CENTER .2,VTD2000-069-3-3,Doug Tew Community Center,96.15384615384616,10.65384615384616
2002,primary,HOUSTON,8,DOUG TEW COMMUNITY CENTER .3,VTD2000-069-3-3,Doug Tew Community Center,96.15384615384616,10.65384615384616
2002,primary,HOUSTON,9,DUPREE,VTD2000-069-14,Dupree,100.0,53.36363636363637
2002,primary,HOUSTON,10,ENTERPRISE,VTD2000-069-7-1A,Enterprise Church,90.0,27.0
2002,primary,HOUSTON,11,FARM CENTER .1,VTD2000-069-3-2,Farm Center,95.0,9.5
2002,primary,HOUSTON,12,FARM CENTER .2,VTD2000-069-3-2,Farm Center,95.0,9.5
2002,primary,HOUSTON,13,GORDON,VTD2000-069-12-2,Gordon,100.0,50.0
2002,primary,HOUSTON,14,HARMON,VTD2000-069-11-1,Harmon,100.0,39.99999999999999
2002,primary,HOUSTON,15,HODGESVILLE,VTD2000-069-7-1,Hodgesville,100.0,46.0
2002,primary,HOUSTON,16,JOHNSON HOMES .1,VTD2000-069-3-1,Johnson Homes,95.0,48.36363636363637
2002,primary,HOUSTON,17,JOHNSON HOMES .2,VTD2000-069-3-1,Johnson Homes,95.0,48.36363636363637
2002,primary,HOUSTON,18,KINSEY,VTD2000-069-9,Kinsey,100.0,33.33333333333333
2002,primary,HOUSTON,19,LIBRARY .1,VTD2000-069-3-4,Library,95.0,39.61538461538461
2002,primary,HOUSTON,20,LIBRARY .2,VTD2000-069-3-4,Library,95.0,39.61538461538461
2002,primary,HOUSTON,21,LINCOLN,VTD2000-069-3-1A,Lincoln Community Center,90.0,38.57142857142858
2002,primary,HOUSTON,22,LOVETOWN,VTD2000-069-7-1B,Lovetown,100.0,55.0
2002,primary,HOUSTON,23,LUCY,VTD2000-069-11-2,Lucy,100.0,51.142857142857146
2002,primary,HOUSTON,24,MADRID,VTD2000-069-5,Madrid,100.0,53.84615384615385
2002,primary,HOUSTON,25,PANSEY,VTD2000-069-12-1,Pansey,100.0,33.33333333333333
2002,primary,HOUSTON,26,REHOBETH,VTD2000-069-4-2,Rehobeth,100.0,55.0
2002,primary,HOUSTON,27,TAYLOR,VTD2000-069-4-1,Taylor,100.0,53.84615384615385
2002,primary,HOUSTON,28,VAUGHN BLUMBERG,VTD2000-069-3-4B,Vaughn Blumberg Center,95.0,42.38461538461539
2002,primary,HOUSTON,29,WATER AND ELECTRIC .1,VTD2000-069-3-3A,Water and Electric,95.0,41.0
2002,primary,HOUSTON,30,WATER AND ELECTRIC .2,VTD2000-069-3-3A,Water and Electric,95.0,41.0
2002,primary,HOUSTON,31,WEBB,VTD2000-069-8-2,Webb,100.0,39.99999999999999
2002,primary,HOUSTON,32,WESTGATE .1,,,85.5,25.499999999999993
2002,primary,HOUSTON,33,WESTGATE .2,,,85.5,25.499999999999993
2002,primary,HOUSTON,34,WICKSBURG,VTD2000-069-1,Wicksburg,100.0,48.57142857142858
2002,primary,HOUSTON,35,WIREGRASS PARK .1,VTD2000-069-3-2A,Wiregrass Park,95.0,43.57142857142858
2002,primary,HOUSTON,36,WIREGRASS PARK .2,VTD2000-069-3-2A,Wiregrass Park,95.0,43.57142857142858
2002,primary,JACKSON,1,ASPEL,VTD2000-071-36,Aspel Water Board Bldg.,90.0,18.0
2002,primary,JACKSON,2,BISHOP SWAFFORDS STORE,,,73.54838709677419,21.374474053295934
2002,primary,JACKSON,3,BRIDGEPORT .1,,,86.08695652173914,38.58695652173914
2002,primary,JACKSON,4,BRIDGEPORT .2,,,86.08695652173914,38.58695652173914
2002,primary,JACKSON,5,BRYANT,VTD2000-071-4,Bryant School,90.0,38.699999999999996
2002,primary,JACKSON,6,COLLINS,,,51.42857142857142,0.0
2002,primary,JACKSON,7,CROW,VTD2000-071-35,Crow Fire Hall,90.0,29.999999999999993
2002,primary,JACKSON,8,DEANS CHAPEL,,,85.5,32.166666666666664
2002,primary,JACKSON,9,DUTTON,VTD2000-071-28,Dutton City Hall,90.0,33.0
2002,primary,JACKSON,10,FACKLER,,,77.14285714285715,28.051948051948067
2002,primary,JACKSON,11,FLAT ROCK,,,90.0,4.5
2002,primary,JACKSON,12,GARTH,VTD2000-071-26,Garth-Johnson's Store,90.0,25.875
2002,primary,JACKSON,13,GROSS SPRINGS <CHRISTIAN HOME>,,,85.5,33.68181818181818
2002,primary,JACKSON,14,HAMBRICK,VTD2000-071-33,Hambrick Community Center,90.0,37.38461538461539
2002,primary,JACKSON,15,HIGDON - SAND MTN HIGH SCHOOL,,,85.5,0.0
2002,primary,JACKSON,16,HOLLY SPRINGS BAPTIST CHURCH,VTD2000-071-31,Holly Spring Baptist Church,98.18181818181819,48.18181818181819
2002,primary,JACKSON,17,HOLLYTREE,VTD2000-071-27,Hollytree-Morris's Store,90.0,25.714285714285708
2002,primary,JACKSON,18,HOLLYWOOD,VTD2000-071-10,Hollywood City Hall,90.0,23.499999999999986
2002,primary,JACKSON,19,HYTOP,VTD2000-071-25,Hytop Fire Hall,90.0,36.0
2002,primary,JACKSON,20,LANGSTON,VTD2000-071-12,Langston City Hall,90.0,33.0
2002,primary,JACKSON,21,LARKINSVILLE,VTD2000-071-14,Larkinsville Old School,90.0,37.5
2002,primary,JACKSON,22,LIMROCK,VTD2000-071-32,Limrock Fire Dept.,90.0,37.38461538461539
2002,primary,JACKSON,23,LONG ISLAND,VTD2000-071-2,Long Island Community Center,90.0,42.63157894736841
2002,primary,JACKSON,24,MACEDONIA,VTD2000-071-30,Macedonia School,90.0,40.0
2002,primary,JACKSON,25,MINK CREEK,VTD2000-071-15,Mink Creek-Lakeview Store,90.0,36.0
2002,primary,JACKSON,26,PAINT ROCK,,,90.0,4.5
2002,primary,JACKSON,27,PISGAH,VTD2000-071-11,Pisgah Fire Hall,90.0,36.0
2002,primary,JACKSON,28,PLEASANT GROVES FIRE HALL,,,85.5,0.0
2002,primary,JACKSON,29,PRINCETON,VTD2000-071-34,Princeton Fire Hall,90.0,33.0
2002,primary,JACKSON,30,ROSALIE,VTD2000-071-38,Rosalie School,90.0,38.57142857142858
2002,primary,JACKSON,31,SCOTTSBORO NATIONAL GUARD .1,,,59.81481481481481,10.957671957671955
2002,primary,JACKSON,32,SCOTTSBORO NATIONAL GUARD .2,,,59.81481481481481,10.957671957671955
2002,primary,JACKSON,33,SCOTTSBORO NATIONAL GUARD .3,,,59.81481481481481,10.957671957671955
2002,primary,JACKSON,34,SECTION,VTD2000-071-24,Section City Hall,90.0,27.818181818181813
2002,primary,JACKSON,35,SKYLINE,VTD2000-071-22,Skyline City Hall,90.0,38.57142857142858
2002,primary,JACKSON,36,STEVENSON .1,,,85.71428571428571,28.872180451127818
2002,primary,JACKSON,37,STEVENSON .2,,,85.71428571428571,28.872180451127818
2002,primary,JACKSON,38,TRENTON FIRE HALL,VTD2000-071-17,Trenton Fire Hall,100.0,14.5
2002,primary,JACKSON,39,TUPELO,VTD2000-071-13,Tupelo-Pikeville Store,90.0,29.999999999999993
2002,primary,JACKSON,40,WININGER,,,51.42857142857142,0.0
2002,primary,JACKSON,41,WOODVILLE CITY HALL,VTD2000-071-16,Woodville City Hall,100.0,26.315789473684205
2002,primary,JEFFERSON,1,1501 MT_ OLIVE ELEM SCH_,VTD2000-073-5104,Mt Olive Elementary School,100.0,14.5
2002,primary,JEFFERSON,2,1501 MT_ OLIVE ELEM_ SCH_,VTD2000-073-5104,Mt Olive Elementary School,100.0,14.5
2002,primary,JEFFERSON,3,1502 BAGLEY JR_ HIGH SCH_,,,91.30434782608697,5.804347826086968
2002,primary,JEFFERSON,4,1503 MASONIC LODGE W_JEFF,,,85.5,2.166666666666657
2002,primary,JEFFERSON,5,1504 ALLIANCE COMM_CNT,,,85.5,0.0
2002,primary,JEFFERSON,6,1505 SYLVAN SPRINGS COMM,VTD2000-073-5112,Sylvan Springs Comm Center,95.0,9.5
2002,primary,JEFFERSON,7,1506 PLEASANT GROVE C_ HO,,,85.5,0.0
2002,primary,JEFFERSON,8,1507 CONCORD COMM CNT,,,85.5,0.0
2002,primary,JEFFERSON,9,1508 HUEYTOWN COMM SCH,VTD2000-073-1509,Hueytown Community School,100.0,14.5
2002,primary,JEFFERSON,10,1509 VIRGINIA VOL F_D_,,,85.71428571428571,39.560439560439555
2002,primary,JEFFERSON,11,1510 OAK GROVE F_B_C_,,,85.5,0.0
2002,primary,JEFFERSON,12,1511 PLEAS HILL U_M_C_,,,85.5,30.33870967741936
2002,primary,JEFFERSON,13,1511 PLEAS HILL U_M_C_ 01,,,85.5,33.68181818181818
2002,primary,JEFFERSON,14,3401 CORNER SCHOOL,VTD2000-073-5102,Corner School,100.0,14.5
2002,primary,JEFFERSON,15,4301 FIRE STATION .6,,,95.0,0.0
2002,primary,JEFFERSON,16,4401 TRUSSVILLE CITY HALL,VTD2000-073-4401,Trussville City Hall,100.0,28.205128205128204
2002,primary,JEFFERSON,17,4402 TRUSS 1ST BAPT CHR,,,73.07692307692307,1.076923076923066
2002,primary,JEFFERSON,18,4403 MT VIEW BAPT CHURCH,,,94.33962264150944,4.143544210136881
2002,primary,JEFFERSON,19,4404 CLVIEW BAPTIST CHURC,,,90.9090909090909,5.4090909090909065
2002,primary,JEFFERSON,20,4404 CVIEW BAPTIST CHURCH,,,90.9090909090909,5.4090909090909065
2002,primary,JEFFERSON,21,4405 CENTER POINT CTHS,,,85.5,0.0
2002,primary,JEFFERSON,22,4405 CENTER POINT CTHS 01,,,85.5,0.0
2002,primary,JEFFERSON,23,4406 HILLDLE BAPTIST CHR,,,90.47619047619048,4.976190476190482
2002,primary,JEFFERSON,24,4407 JEFF STATE COLLEGE,,,85.5,30.95454545454546
2002,primary,JEFFERSON,25,4501 EASTWOOD MALL,VTD2000-073-4306,Eastwood Mall,100.0,30.769230769230774
2002,primary,JEFFERSON,26,4502 CHEROKEE BEND SCH,,,85.5,0.0
2002,primary,JEFFERSON,27,4503 IRONDALE SR BLD 01,,,85.5,0.0
2002,primary,JEFFERSON,28,4503 IRONDALE SR CT 01,,,85.5,0.0
2002,primary,JEFFERSON,29,4504 FIRE STATION .31,,,95.0,0.0
2002,primary,JEFFERSON,30,4505 HUFFMAN MIDDLE SCH,VTD2000-073-4506,Huffman Middle School,100.0,14.5
2002,primary,JEFFERSON,31,4506 BREWSTER RD BAPT 01,,,82.16216216216216,22.78716216216216
2002,primary,JEFFERSON,32,4507 1ST UMC OF CENTER,,,85.5,0.0
2002,primary,JEFFERSON,33,4508 LEEDS NATIONAL GUARD,VTD2000-073-4301,Leeds National Guard Armory,95.0,16.764705882352956
2002,primary,JEFFERSON,34,4509 LEEDS HIGH SCHOOL,VTD2000-073-4302,Leeds High School,100.0,14.5
2002,primary,JEFFERSON,35,4510 FIRESTATION .2,,,88.0,0.0
2002,primary,JEFFERSON,36,4601 HUNTER STR BAPTIST,,,85.5,0.0
2002,primary,JEFFERSON,37,4602 PRNCE O PEACE CHR,,,85.5,31.84146341463414
2002,primary,JEFFERSON,38,4602 PRNCE O PEACE CHR 01,,,74.34782608695652,23.185035389282092
2002,primary,JEFFERSON,39,4603 SHADES CREST BAP 01,,,85.5,0.0
2002,primary,JEFFERSON,40,4603 SHADES CREST BAPTIST,VTD2000-073-4708,Shades Crest Baptist Church,95.0,9.5
2002,primary,JEFFERSON,41,4604 SHADES MOUNTAIN CHUR,VTD2000-073-4706,Shades Mountain Church of Christ,95.0,9.5
2002,primary,JEFFERSON,42,4604 SHADES MTN CHURCH 01,,,85.5,0.0
2002,primary,JEFFERSON,43,4605 EDGEWOOD ELEMENTARY,VTD2000-073-4705,Edgewood Elementary School,95.0,9.5
2002,primary,JEFFERSON,44,4606 HOMEWOOD PUB LIBRARY,VTD2000-073-4704,Homewood Library,95.0,9.5
2002,primary,JEFFERSON,45,4607 MT BROOK GRAM SCHOOL,,,88.46153846153845,2.961538461538453
2002,primary,JEFFERSON,46,4608 ST_ LUKES EPIS CH_,,,88.46153846153845,2.961538461538453
2002,primary,JEFFERSON,47,4609 MT BROOK CITY HALL,VTD2000-073-4305,Mountain Brook City Hall,93.33333333333333,18.33333333333333
2002,primary,JEFFERSON,48,4701 HOOVER PRK & REC 01,,,86.66666666666667,1.1666666666666714
2002,primary,JEFFERSON,49,4702 OAKMONT PRES CHR,,,85.5,32.0625
2002,primary,JEFFERSON,50,4702 OAKMONT PRES CHR 01,,,85.5,35.5
2002,primary,JEFFERSON,51,4703 ST PETER CAT CHR,,,85.5,0.0
2002,primary,JEFFERSON,52,4703 ST PETER CAT CHR 01,,,63.333333333333336,5.000000000000007
2002,primary,JEFFERSON,53,4704 ST MARK UMC 01,,,85.5,0.0
2002,primary,JEFFERSON,54,4705 VEST_ HILLS C_ C_ 01,,,85.5,26.125
2002,primary,JEFFERSON,55,4706 MT_TOP COM CHR 01,,,85.5,25.925531914893618
2002,primary,JEFFERSON,56,4706 MT_TOP COMM CHR 01,,,85.5,0.0
2002,primary,JEFFERSON,57,4707 VESTAVIA HILLS SCH,VTD2000-073-4803,Vestavia Hills High School,95.0,9.5
2002,primary,JEFFERSON,58,4708 VESTAVIA HILLS UMC,,,83.125,16.45833333333333
2002,primary,JEFFERSON,59,4801 HOOVER PUB_ LIBRARY,,,85.5,0.0
2002,primary,JEFFERSON,60,4802 MOUNTAIN CHAPEL UMC,,,85.5,0.0
2002,primary,JEFFERSON,61,4803 FIRE STATION .32,,,95.0,0.0
2002,primary,JEFFERSON,62,4804 FIRE STATION .2 MT BROOKE,,,90.0,0.0
2002,primary,JEFFERSON,63,4805 CAHABA HTS COMM CNTR,,,85.5,3.3378378378378386
2002,primary,JEFFERSON,64,4806 BROOKWOOD BAP CHURCH,,,90.9090909090909,5.4090909090909065
2002,primary,JEFFERSON,65,4807 LIBERTY PARK BAPTIST,,,85.5,0.0
2002,primary,JEFFERSON,66,4808 OVERTON ROAD UMC,,,85.5,0.0
2002,primary,JEFFERSON,67,4808 OVERTON ROAD UMC 01,,,85.5,0.0
2002,primary,JEFFERSON,68,5101 GARDENDALE CIVIC CNT,VTD2000-073-5008,Gardendale Civic Center,93.02325581395348,38.02325581395348
2002,primary,JEFFERSON,69,5102 MORRIS TOWN HALL,VTD2000-073-5009,Morris Town Hall,100.0,14.5
2002,primary,JEFFERSON,70,5103 KIMBERLY TOWN HALL,,,83.33333333333334,12.745098039215705
2002,primary,JEFFERSON,71,5104 WARRIOR CITY HALL,VTD2000-073-5101,Warrior City Hall,100.0,14.5
2002,primary,JEFFERSON,72,5105 TRAFFORD TOWN HALL,,,83.33333333333334,12.745098039215705
2002,primary,JEFFERSON,73,5106 KERMITJOHNSON SCHOOL,,,85.5,0.0
2002,primary,JEFFERSON,74,5107 FIRST BAPTIST CHURCH,,,95.0,5.0
2002,primary,JEFFERSON,75,5108 PINSON UMC 01,,,85.5,28.5
2002,primary,JEFFERSON,76,5109 CLAY COMM CENTER,VTD2000-073-5004,Clay Community Center,100.0,14.5
2002,primary,JEFFERSON,77,5201 CENTRAL PARK REC CNT,VTD2000-073-5701,Central Park Rec Center,94.73684210526316,18.874773139745926
2002,primary,JEFFERSON,78,5202 LEE ELEM SCHOOL,VTD2000-073-5202,Lee Elementary School,100.0,9.090909090909093
2002,primary,JEFFERSON,79,5203 WIGGINS LIBRARY,,,85.5,0.0
2002,primary,JEFFERSON,80,5204 HARRISON PARK  REC,,,85.5,0.0
2002,primary,JEFFERSON,81,5204 HARRISON PARK RECREA,,,85.5,0.0
2002,primary,JEFFERSON,82,5205 HEMPHILL SCHOOL REC,VTD2000-073-5204,Hemphill School Rec Bldg,95.0,9.5
2002,primary,JEFFERSON,83,5206 JACKSON ELEM SCH,VTD2000-073-5205,Jackson Elementary School,100.0,14.5
2002,primary,JEFFERSON,84,5207 HENRY CRUMPTON REC,,,85.68627450980391,0.18627450980390847
2002,primary,JEFFERSON,85,5208 SHADY GROVE BAPTIST,VTD2000-073-5212,Shady Grove Baptist Church,95.0,9.5
2002,primary,JEFFERSON,86,5209 MACEDNIA XTIAN CHURC,,,56.52173913043479,0.2717391304347885
2002,primary,JEFFERSON,87,5210 PINE HAVEN BAPT,VTD2000-073-5211,Pine Haven Baptist Church,95.0,9.5
2002,primary,JEFFERSON,88,5210 PINE HAVEN BAPT 01,,,89.99999999999999,4.499999999999986
2002,primary,JEFFERSON,89,5211 E_ S_ & S_,,,85.5,0.0
2002,primary,JEFFERSON,90,5211 E_ S_ & S_ 01,,,85.5,0.0
2002,primary,JEFFERSON,91,5212 HOMEWOOD COURTHOUSE,,,85.5,0.0
2002,primary,JEFFERSON,92,5213 HOMEWOOD PARK & REC,VTD2000-073-4703,Homewood Park & Rec Center,95.0,9.5
2002,primary,JEFFERSON,93,5214 SHADES CAHABA SCHOOL,,,85.5,0.0
2002,primary,JEFFERSON,94,5215 AFTON LEE COMM CNTR,VTD2000-073-5207,Afton Lee Comm Center,100.0,13.20754716981132
2002,primary,JEFFERSON,95,5216 BHM BOTANIC GARDENS,,,80.85106382978724,34.63484761357102
2002,primary,JEFFERSON,96,5301 LEGION FIELD LOBBY,VTD2000-073-5308,Legion Field Lobby Gate 7,95.0,45.12500000000001
2002,primary,JEFFERSON,97,5302 ELYTON ELEM SCHOOL,VTD2000-073-5307,Elyton Elementary School,100.0,14.285714285714278
2002,primary,JEFFERSON,98,5303 HILL ELEM SCHOOL,VTD2000-073-5414,Hill Elementary School,100.0,11.111111111111114
2002,primary,JEFFERSON,99,5304 WASHINGTON ELEM SCH,VTD2000-073-5306,Washington Elementary School,100.0,14.5
2002,primary,JEFFERSON,100,5305 CENTER STR  SCHOOL,,,85.5,0.0
2002,primary,JEFFERSON,101,5305 CENTER STR SCHOOL,,,85.5,0.0
2002,primary,JEFFERSON,102,5306 GLEN IRIS ELEM SCH,VTD2000-073-5304,Glen Iris Elementary School,100.0,11.111111111111114
2002,primary,JEFFERSON,103,5307 GREEN SPR BAP CHR,,,58.23529411764706,0.4575163398692865
2002,primary,JEFFERSON,104,5308 RAMSAY ALT HS,,,70.43478260869566,21.34387351778657
2002,primary,JEFFERSON,105,5309 SOUTHSIDE LIBRARY,VTD2000-073-5302,Southside Branch Library,95.0,9.5
2002,primary,JEFFERSON,106,5310 FIRE STATION .22,,,95.0,0.0
2002,primary,JEFFERSON,107,5401 WILKERSON MIDDLE SCH,VTD2000-073-5412,Wilkerson Middle School,100.0,14.5
2002,primary,JEFFERSON,108,5402  TUGGLE ELEM SCHOOL,,,95.0,6.111111111111114
2002,primary,JEFFERSON,109,5402 TUGGLE ELEM SCHOOL,,,95.0,6.111111111111114
2002,primary,JEFFERSON,110,5403 LEWIS ELEM SCHOOL,VTD2000-073-5905,Lewis Elementary School,100.0,9.090909090909093
2002,primary,JEFFERSON,111,5404 FOUNTAIN HT PARK,,,85.5,0.0
2002,primary,JEFFERSON,112,5404 FOUNTAIN HTS PARK,,,85.5,0.0
2002,primary,JEFFERSON,113,5405 NORTHSIDE ADULT CNT,,,54.90196078431373,0.9019607843137365
2002,primary,JEFFERSON,114,5406  COURTHOUSE LOBBY,VTD2000-073-5408,Courthouse Lobby,100.0,14.5
2002,primary,JEFFERSON,115,5406 COURTHOUSE-LOBBY,VTD2000-073-5408,Courthouse Lobby,100.0,14.5
2002,primary,JEFFERSON,116,5407 SOUTHTOWN HOUSING,VTD2000-073-5407,Southtown Housing Comm Center,90.0,37.5
2002,primary,JEFFERSON,117,5408 MORTON SIMPSON CNT,,,85.5,26.871428571428574
2002,primary,JEFFERSON,118,5409 AVONDALE LIBRARY,VTD2000-073-5405,Avondale Library,100.0,14.5
2002,primary,JEFFERSON,119,5410 AVONDALE ELE SCH,,,85.5,0.0
2002,primary,JEFFERSON,120,5410 AVONDALE ELEM SCH,VTD2000-073-5403,Avondale Elementary School,100.0,14.5
2002,primary,JEFFERSON,121,5411 WILLOW WOOD REC CEN,VTD2000-073-5809,Willow Wood Rec Center,94.54545454545455,9.045454545454547
2002,primary,JEFFERSON,122,5412 DUPUY ALTERN SCHOOL,,,85.5,0.0
2002,primary,JEFFERSON,123,5413 FIRE STATION .12,,,95.0,0.0
2002,primary,JEFFERSON,124,5414 CRESTWOOD COM CEN,,,85.5,21.970588235294123
2002,primary,JEFFERSON,125,5415 IRONDALE CTY HALL,,,89.47368421052632,3.973684210526315
2002,primary,JEFFERSON,126,5415 IRONDALE CTY HALL 01,,,85.5,0.5
2002,primary,JEFFERSON,127,5501 MAYTOWN TOWN HALL,,,82.35294117647058,9.625668449197846
2002,primary,JEFFERSON,128,5502 SYLVAN SPG TOWN HALL,,,85.5,17.10000000000001
2002,primary,JEFFERSON,129,5503 BOOKER HT DEVEL CORP,,,83.72093023255813,34.74133839582344
2002,primary,JEFFERSON,130,5503 BOOKER HTS DEV CORP,VTD2000-073-5110,Booker Heights Dev Corp,90.47619047619048,39.04761904761906
2002,primary,JEFFERSON,131,5504 MULGA TOWN HALL,,,85.5,5.5
2002,primary,JEFFERSON,132,5505 ADAMSVILLE BAP CHR,,,85.5,1.779069767441868
2002,primary,JEFFERSON,133,5505 ADAMSVILLE BAPT CHR,VTD2000-073-5109,Adamsville Baptist Church,93.61702127659575,22.505910165484636
2002,primary,JEFFERSON,134,5506 ADAMSVILLE SEN CIT,,,85.5,17.64285714285714
2002,primary,JEFFERSON,135,5507 FIRE STATION  MINOR,,,95.0,5.0
2002,primary,JEFFERSON,136,5508 FIRE STATION .17,,,95.0,0.0
2002,primary,JEFFERSON,137,5509 ENSLEY PARK REC CEN,,,85.5,1.5
2002,primary,JEFFERSON,138,5510 C_ J_ DONALD SCHOOL,,,85.5,0.0
2002,primary,JEFFERSON,139,5511 FIRE STATION .1,,,95.0,0.0
2002,primary,JEFFERSON,140,5512 CHARLES BROWN SCHOOL,VTD2000-073-5509,Charles A Brown Middle School,95.0,9.5
2002,primary,JEFFERSON,141,5513 CENTRAL PARK SCHOOL,,,85.5,0.0
2002,primary,JEFFERSON,142,5514 FIVE POINTS WEST LIB,,,90.9090909090909,5.4090909090909065
2002,primary,JEFFERSON,143,5601 CANAAN BAPTIST CHR,,,85.5,0.0
2002,primary,JEFFERSON,144,5602 SHADY GROVE BAPTIST,VTD2000-073-5212,Shady Grove Baptist Church,95.0,9.5
2002,primary,JEFFERSON,145,5603 MUSCODA COM CEN 01,,,73.17073170731707,18.625277161862535
2002,primary,JEFFERSON,146,5604 JONESBORO ELEM SCH,VTD2000-073-5607,Jonesboro Elementary School,100.0,14.5
2002,primary,JEFFERSON,147,5605 FIRE DEP ADMIN BLD,,,85.5,0.0
2002,primary,JEFFERSON,148,5606 THOMPSON MANOR,VTD2000-073-5609,Thompson Manor Comm Center,90.0,28.928571428571423
2002,primary,JEFFERSON,149,5607 BESSEMER CITY HALL,VTD2000-073-5605,Bessemer City Hall,100.0,14.5
2002,primary,JEFFERSON,150,5608 SOUTHSIDE HOMES COMM,VTD2000-073-5610,Southside Homes Comm Center,95.0,9.5
2002,primary,JEFFERSON,151,5609 DUNBAR-ABRAMS COMM,VTD2000-073-5611,Dunbar-Abrams Comm Center,95.0,9.5
2002,primary,JEFFERSON,152,5610 FIRE STATION .5 01,,,95.0,0.0
2002,primary,JEFFERSON,153,5611 BESSEMER STATE COLL,,,85.5,14.388888888888886
2002,primary,JEFFERSON,154,5612 JOHNS COMM CENT,VTD2000-073-5601,Johns Community Center,95.23809523809523,9.738095238095227
2002,primary,JEFFERSON,155,5612 JOHNS COMM CENT 01,,,90.9090909090909,5.4090909090909065
2002,primary,JEFFERSON,156,5613 LIPSCOMB CITY HALL,VTD2000-073-5706,Lipscomb City Hall,100.0,14.5
2002,primary,JEFFERSON,157,5614 FIRE STAT_  LIPSCOMB,,,92.3076923076923,6.807692307692307
2002,primary,JEFFERSON,158,5614 FIRE STAT_ LIPSCOMB,,,92.3076923076923,6.807692307692307
2002,primary,JEFFERSON,159,5615 NEW BETHEL BAP CHR,,,85.5,1.779069767441868
2002,primary,JEFFERSON,160,5701 HUEYTOWN COUN CLUB,,,83.72093023255813,9.302325581395337
2002,primary,JEFFERSON,161,5702 HUEYTOWN CITY HALL,VTD2000-073-1510,Hueytown City Hall,100.0,14.285714285714278
2002,primary,JEFFERSON,162,5703 BROOKLANE COMM CEN,VTD2000-073-5709,Brooklane Community Center,93.87755102040816,8.377551020408163
2002,primary,JEFFERSON,163,5704 NEW BETHLEHEM BAPT,VTD2000-073-5710,New Bethlehem Baptist Church,95.0,20.652173913043484
2002,primary,JEFFERSON,164,5705 FAIRFIELD CITY HALL,VTD2000-073-5507,Fairfield City Hall,100.0,14.5
2002,primary,JEFFERSON,165,5706 MOUNT PILGRIM BAPT,,,72.6470588235294,0.0
2002,primary,JEFFERSON,166,5707 GLEN OAKS ELEMENTARY,VTD2000-073-5711,Glen Oaks Elementary School,95.0,9.5
2002,primary,JEFFERSON,167,5708 SAINT MARYS CATH,,,85.5,0.0
2002,primary,JEFFERSON,168,5709 MIDFIELD COMM CEN,VTD2000-073-5704,Midfield Community Center,93.61702127659575,8.11702127659575
2002,primary,JEFFERSON,169,5710 BRIGHTON MIDDLE SCH,,,85.5,0.0
2002,primary,JEFFERSON,170,5711 BRIGHTON SENIOR CIT,,,85.5,22.166666666666664
2002,primary,JEFFERSON,171,5712 MAMIE FOSTER CENTER,VTD2000-073-5705,Mamie Foster Center,100.0,14.5
2002,primary,JEFFERSON,172,5713 BRYANT CHAPEL CHURCH,VTD2000-073-5703,Bryant Chapel AME Church,95.0,9.5
2002,primary,JEFFERSON,173,5714 MOUNT OLIVE BAPTIST,VTD2000-073-5614,Mt Olive Baptist Church,95.0,9.5
2002,primary,JEFFERSON,174,5715 WENONAH ELEM SCHOOL,VTD2000-073-5210,Wenonah Elementary School,100.0,14.285714285714278
2002,primary,JEFFERSON,175,5716 RILEY ELEM SCHOOL,VTD2000-073-5702,Riley Elementary School,100.0,9.090909090909093
2002,primary,JEFFERSON,176,5801 GATE CITY ELEM SCH,VTD2000-073-5808,Gate City Elementary School,100.0,14.5
2002,primary,JEFFERSON,177,5802 BARRETT ELEM SCH,VTD2000-073-5806,Barrett Elementary School,100.0,14.5
2002,primary,JEFFERSON,178,5802 BARRETT ELEM SCHOOL,VTD2000-073-5806,Barrett Elementary School,100.0,14.5
2002,primary,JEFFERSON,179,5803 OPORTO ARMORY,VTD2000-073-5807,Oporto Armory,100.0,14.5
2002,primary,JEFFERSON,180,5804 ROBINSON ELEMENTARY,VTD2000-073-5804,Robinson Elementary School,95.0,9.5
2002,primary,JEFFERSON,181,5805 DON HAWKINS PK & REC,,,89.81818181818181,4.318181818181813
2002,primary,JEFFERSON,182,5806 N ROEBUCK ELEM SCH,VTD2000-073-4507,North Roebuck Elem. School,93.10344827586206,7.603448275862064
2002,primary,JEFFERSON,183,5807 FIRE STATION 29 BHM,,,90.0,0.0
2002,primary,JEFFERSON,184,5808 SUN VALLEY ELEM SCH,,,85.5,0.0
2002,primary,JEFFERSON,185,5809 L_M_ SMITH MID SCH,VTD2000-073-4502,L.M. Smith Middle School,93.02325581395348,7.523255813953483
2002,primary,JEFFERSON,186,5810 LADY OF LOURDES CRCH,,,85.5,0.0
2002,primary,JEFFERSON,187,5901 KETONA NURSING 01,,,87.0967741935484,30.8467741935484
2002,primary,JEFFERSON,188,5902 FULTONDALE COMM CNTR,VTD2000-073-5902,Fultondale Community Center,100.0,13.20754716981132
2002,primary,JEFFERSON,189,5903 HOOPER CITY REC CNTR,VTD2000-073-5903,Hooper City Rec Center,100.0,14.5
2002,primary,JEFFERSON,190,5904 WRIGHTS CHAPEL UMC,,,85.5,0.0
2002,primary,JEFFERSON,191,5905 N BIRMINGHAM REC CNT,VTD2000-073-5908,North Birmingham Rec Center,88.52459016393442,20.600061862047625
2002,primary,JEFFERSON,192,5906 NORWOOD COMM CNTR,VTD2000-073-5906,Norwood Community Center,100.0,14.5
2002,primary,JEFFERSON,193,5907 HUDSON MIDDLE SCHOOL,VTD2000-073-5907,Hudson Middle School,100.0,14.5
2002,primary,JEFFERSON,194,5908 HARRIMAN PARK REC CT,VTD2000-073-5909,Harriman Park Rec Center,93.10344827586206,14.414923685698128
2002,primary,JEFFERSON,195,5909 INGLENOOK ELEM SCH,VTD2000-073-5910,Inglenook Elementary School,100.0,11.111111111111114
2002,primary,JEFFERSON,196,5910 TARRANT CITY HALL,VTD2000-073-5802,Tarrant City Hall,100.0,14.5
2002,primary,JEFFERSON,197,5910 TARRANT CITY HALL 01,VTD2000-073-5802,Tarrant City Hall,95.0,9.5
2002,primary,JEFFERSON,198,5911 1ST BAP CHURCH MP,,,85.5,0.0
2002,primary,JEFFERSON,199,5912 CURRY ELEMENTARY SCH,VTD2000-073-5805,Curry Elementary School,100.0,13.043478260869563
2002,primary,JEFFERSON,200,5913 SHEPHERD CENTER EAST,VTD2000-073-4509,Shepherd Center East,100.0,14.5
2002,primary,JEFFERSON,201,6001 MAURICE L_ W COM CNT,,,85.5,0.0
2002,primary,JEFFERSON,202,6002 BROOKSIDE COMM CNTR,,,88.46153846153845,2.961538461538453
2002,primary,JEFFERSON,203,6003 FULTONDALE 1ST BAP C,,,61.224489795918366,0.2810935695032697
2002,primary,JEFFERSON,204,6004 FIRE STN 1 HILLVIEW,,,85.5,0.0
2002,primary,JEFFERSON,205,6005 FORESTDALE SQUARE 01,VTD2000-073-6001,Forestdale Square,95.0,41.0
2002,primary,JEFFERSON,206,6006 SANDUSKY COMM PARK,,,85.5,0.0
2002,primary,JEFFERSON,207,6007 FIRE STATION .18 BI,,,90.0,0.0
2002,primary,JEFFERSON,208,6007 FIRE STATION 18 BHM,,,90.0,0.0
2002,primary,JEFFERSON,209,6008 SCOTT COMMUNITY CNTR,,,86.95652173913044,1.4565217391304373
2002,primary,JEFFERSON,210,6009 MOUNT HEBRON BAPTIST,VTD2000-073-6004,Mt Hebron Baptist Church,95.0,9.5
2002,primary,JEFFERSON,211,6010 LIVELY HOPE BAPTIST,,,85.5,0.0
2002,primary,JEFFERSON,212,6011 MORNINGSTAR BAPTIST,VTD2000-073-6009,Morningstar Baptist Church,95.0,9.5
2002,primary,JEFFERSON,213,6012 E ENSLEY PUBLIC LIB,,,80.22222222222221,16.58585858585858
2002,primary,JEFFERSON,214,6013 WOODROW WILSON ELEM,VTD2000-073-5413,Woodrow Wilson Elem School,95.0,27.708333333333343
2002,primary,JEFFERSON,215,6014 MINOR ELEM SCH,,,85.71428571428572,0.2142857142857224
2002,primary,LAUDERDALE,1,BLACKBURN-ZIP CITY COMM_ CTR_,VTD2000-077-8,Zip City Community Center,95.0,9.5
2002,primary,LAUDERDALE,2,BROADWAY RECREATION CENTER,VTD2000-077-10-A,Broadway Rec Center 10-9-2,95.0,12.64705882352942
2002,primary,LAUDERDALE,3,CENTER STAR-COL_ BANK COMM_ RM,,,85.5,9.5
2002,primary,LAUDERDALE,4,CENTRAL COMMUNITY CENTER,VTD2000-077-14,Central Community Center,100.0,13.725490196078425
2002,primary,LAUDERDALE,5,CHAPEL-STEWARTVILLE CHURCH,,,80.22222222222221,19.278825995807125
2002,primary,LAUDERDALE,6,CLOVERDALE COMMUNITY CENTER,VTD2000-077-13,Cloverdale Comm Center,100.0,13.725490196078425
2002,primary,LAUDERDALE,7,CO_ BOARD OF ED_ ADM_ BLDG_,,,63.33333333333332,2.0430107526881613
2002,primary,LAUDERDALE,8,CROSSROADS-SR_ CIT_ BLDG_,,,69.0909090909091,20.659536541889494
2002,primary,LAUDERDALE,9,DARBY DRIVE-CHURCH OF CHRIST,,,83.6,9.9157894736842
2002,primary,LAUDERDALE,10,FLORENCE RICHARDS CENTER,,,77.02702702702702,25.598455598455594
2002,primary,LAUDERDALE,11,FLORENCE SHERROD AVE CH CHRIST,,,80.50847457627118,13.60706612556696
2002,primary,LAUDERDALE,12,FLORENCE-1ST PRESBYTERIAN CH_,,,83.33333333333333,17.75956284153004
2002,primary,LAUDERDALE,13,FLORENCE-BLVD CHURCH OF CHRIST,,,86.56716417910448,19.011608623548923
2002,primary,LAUDERDALE,14,FLORENCE-BRADSHAW HIGH SCHOOL,,,79.16666666666666,21.1111111111111
2002,primary,LAUDERDALE,15,FLORENCE-COFFEE HIGH SCHOOL,,,79.53488372093024,24.534883720930246
2002,primary,LAUDERDALE,16,FLORENCE-EAST AT CNTRL BAPTIST,,,56.66666666666667,1.920903954802263
2002,primary,LAUDERDALE,17,FLORENCE-FOREST HILLS SCHOOL 1,,,78.4782608695652,24.632107023411358
2002,primary,LAUDERDALE,18,FLORENCE-FOREST HILLS SCHOOL 2,,,78.4782608695652,24.632107023411358
2002,primary,LAUDERDALE,19,FLORENCE-HANDY RECREATION CTR_,,,91.04166666666666,0.0
2002,primary,LAUDERDALE,20,FLORENCE-HARLAN SCHOOL,,,74.84848484848484,17.705627705627705
2002,primary,LAUDERDALE,21,FLORENCE-HIBBETT SCHOOL,,,76.0,19.999999999999993
2002,primary,LAUDERDALE,22,FLORENCE-MARS HILL SCHOOL .1,,,76.0,5.629629629629633
2002,primary,LAUDERDALE,23,FLORENCE-MARS HILL SCHOOL .2,,,76.0,9.333333333333329
2002,primary,LAUDERDALE,24,FLORENCE-UNDERWOOD COMM CTR .1,VTD2000-077-12,Underwood Comm Center,95.0,9.5
2002,primary,LAUDERDALE,25,FLORENCE-UNDERWOOD COMM CTR .2,VTD2000-077-12,Underwood Comm Center,95.0,9.5
2002,primary,LAUDERDALE,26,GREENHILL COMMUNITY CENTER .1,,,76.92307692307692,2.776735459662291
2002,primary,LAUDERDALE,27,GREENHILL COMMUNITY CENTER .2,,,76.92307692307692,2.776735459662291
2002,primary,LAUDERDALE,28,HIGHLAND BAPTIST CHURCH .1,VTD2000-077-10-B,Highland Baptist Church 10-10-O,91.04166666666666,21.618589743589737
2002,primary,LAUDERDALE,29,HIGHLAND BAPTIST CHURCH .2,VTD2000-077-10-B,Highland Baptist Church 10-10-O,91.04166666666666,21.618589743589737
2002,primary,LAUDERDALE,30,KILLEN-BAPTIST CHURCH .1,,,90.68181818181817,5.181818181818173
2002,primary,LAUDERDALE,31,KILLEN-BAPTIST CHURCH .2,,,90.68181818181817,5.181818181818173
2002,primary,LAUDERDALE,32,LEXINGTON-FIRE STATION,VTD2000-077-3,Lexington Fire Station,100.0,28.57142857142857
2002,primary,LAUDERDALE,33,MITCHELL ANDERSON-TOWN HALL,VTD2000-077-1,Anderson Town Hall,90.0,30.0
2002,primary,LAUDERDALE,34,OAKLAND-FIRE STATION,VTD2000-077-15,Oakland Fire Station,100.0,28.57142857142857
2002,primary,LAUDERDALE,35,ROGERSVILLE-SR_ CIT_ BLDG_  .1,,,66.66666666666667,1.1494252873563227
2002,primary,LAUDERDALE,36,ROGERSVILLE-SR_ CIT_ BLDG_  .2,,,66.66666666666667,1.1494252873563227
2002,primary,LAUDERDALE,37,ST_ FLORIAN-TOWN HALL,VTD2000-077-9,St Florian Town Hall,100.0,31.707317073170742
2002,primary,LAUDERDALE,38,WATERLOO-SR_ CITIZENS' BLDG_,VTD2000-077-17,Waterloo Sr Citizens Bldg,100.0,43.85964912280702
2002,primary,LAWRENCE,1,AYCOCK BUILDING  18-1,,,81.42857142857142,18.095238095238095
2002,primary,LAWRENCE,2,BOARD OF EDUCATION  25-1,VTD2000-079-25-1,Board of Education,95.0,46.11111111111111
2002,primary,LAWRENCE,3,CADDO - FIRE STATION  33-1,VTD2000-079-10-1,Caddo Fire Station,95.0,23.888888888888886
2002,primary,LAWRENCE,4,CADDO SENIOR CITIZEN SITE 34-1,,,85.5,20.115384615384613
2002,primary,LAWRENCE,5,CHALYBEATE-FIRE STATION  17-1,,,86.27450980392157,0.7745098039215748
2002,primary,LAWRENCE,6,COURTLAND MCCARLEY CENTER  6-1,,,55.16129032258064,3.3431085043988205
2002,primary,LAWRENCE,7,DONALD CHURCH  7-1 & 8-1,,,90.0,4.5
2002,primary,LAWRENCE,8,FAIRFIELD - CHURCH 22-1 & 30-1,,,90.0,4.5
2002,primary,LAWRENCE,9,FAITH BAPTIST CHURCH  36-1,,,85.5,0.0
2002,primary,LAWRENCE,10,FLAT ROCK COMM_ CENTER  11-1,VTD2000-079-8-2,Flat Rock Comm Center,95.0,19.0
2002,primary,LAWRENCE,11,FREEMAN BAPTIST CHURCH  26-1,,,85.5,0.0
2002,primary,LAWRENCE,12,HATTON MASONIC HALL  13-1,VTD2000-079-13-1,Hatton Masonic Hall,95.0,31.66666666666668
2002,primary,LAWRENCE,13,HILLSBORO V_F_D_  4-1,,,85.5,0.0
2002,primary,LAWRENCE,14,HILLSBORO-CITY HALL  1-1,VTD2000-079-1-1,Hillsboro City Hall,95.0,29.23076923076924
2002,primary,LAWRENCE,15,KITCHENS MILL 29-1 & 35-1,,,65.0,28.617021276595743
2002,primary,LAWRENCE,16,LANDERSVILLE METHODIST  12-1,,,85.3061224489796,0.0
2002,primary,LAWRENCE,17,LINDSEY HALL CHURCH  31-1,VTD2000-079-22-1,Lindsey Hall Church,95.0,9.5
2002,primary,LAWRENCE,18,LOOSIER-CHURCH OF CHRIST  16-1,VTD2000-079-17-1,Loosier Church of Christ,95.0,9.5
2002,primary,LAWRENCE,19,MOULTON - ARMORY  19-1,VTD2000-079-19-1,Moulton Armory,95.0,39.44444444444444
2002,primary,LAWRENCE,20,MOULTON - CITY HALL  24-1,VTD2000-079-24-1,Moulton City Hall,95.0,9.5
2002,primary,LAWRENCE,21,MT_ HOPE - FIRE STATION  9-1,VTD2000-079-9-1,Mt Hope Fire Station,95.0,9.5
2002,primary,LAWRENCE,22,MT_ MORIAH FELLOW_ 15-1 & 21-1,,,68.85245901639344,6.243763364219525
2002,primary,LAWRENCE,23,N_ COURTLAND SENIOR C_C_  2-1,,,57.826086956521735,8.26086956521739
2002,primary,LAWRENCE,24,PINEY GROVE CHURCH  32-1,VTD2000-079-22-2,Piney Grove Church,95.0,9.5
2002,primary,LAWRENCE,25,PINHOOK - COMM_ CENTER  27-1,VTD2000-079-23-2,Pinhook Comm Center,95.0,22.61904761904762
2002,primary,LAWRENCE,26,PLEASANT GROVE CH_ 20-1 & 23-1,,,90.0,0.0
2002,primary,LAWRENCE,27,RED BANK - FIRE STATION  3-1,VTD2000-079-3-1,Red Bank Fire Station,95.0,19.0
2002,primary,LAWRENCE,28,SPEAKE VOL FIRE 28-1,,,84.89361702127658,18.393617021276583
2002,primary,LAWRENCE,29,TOWN CREEK SR_ CITIZENS  5-1,,,64.6,4.599999999999994
2002,primary,LAWRENCE,30,WOLF SPRINGS COMM CENTER 10-1,VTD2000-079-8-1,Wolf Springs Comm Center,95.0,9.5
2002,primary,LAWRENCE,31,WOODARD BUILDING  14-1,VTD2000-079-9-3,Woodard Bldg,95.0,42.58620689655173
2002,primary,LEE,1,ACHIEVEMENT CENTER E_ THOMASON,,,58.78125,7.627403846153847
2002,primary,LEE,2,ALABAMA ARMY NATIONAL GUARD,,,60.00000000000001,15.000000000000007
2002,primary,LEE,3,BEAUREGARD SCHOOL GYM LOBBY,,,85.5,0.0
2002,primary,LEE,4,BEST INN,,,36.642857142857146,0.6428571428571459
2002,primary,LEE,5,BEULAH SCHOOL,VTD2000-081-0010,Beulah School,100.0,26.666666666666657
2002,primary,LEE,6,BOYKIN COMMUNITY CENTER,,,53.69565217391304,13.69565217391304
2002,primary,LEE,7,BROWN RECREATION CENTER,,,53.69565217391304,4.604743083003953
2002,primary,LEE,8,CENTRAL PARK COMM_ CTR_ CARVER,,,60.00000000000001,8.571428571428584
2002,primary,LEE,9,CITY HALL BUILDING  LOACHAPOKA,VTD2000-081-0050,Loachapoka,90.0,36.0
2002,primary,LEE,10,COMMUNITY CENTER - FARMVILLE,VTD2000-081-0030,Farmville,90.0,42.38095238095239
2002,primary,LEE,11,DEAN ROAD REC_ CENTER - AUBURN,VTD2000-081-0060,Auburn,90.0,40.00000000000001
2002,primary,LEE,12,DOWNTOWN MARVYN,VTD2000-081-0100,Marvyn,90.0,40.909090909090914
2002,primary,LEE,13,HAL SMITHS STORE,,,65.3125,3.841911764705891
2002,primary,LEE,14,JETER ELEMENTARY SCHOOL,,,85.5,25.5
2002,primary,LEE,15,LEE CHAMBERS FD No_2,,,45.0,0.0
2002,primary,LEE,16,LEE CHAMBERS FD No_3,,,45.0,0.0
2002,primary,LEE,17,NATIONAL GUARD ARMORY,,,54.0,9.0
2002,primary,LEE,18,OLD SALEM SCHOOL - SALEM,VTD2000-081-0080,Old Salem School,95.0,9.5
2002,primary,LEE,19,OPELIKA RECREATION,VTD2000-081-0020,Opelika,90.0,47.64705882352941
2002,primary,LEE,20,SMITH SCHOOL,,,85.5,21.214285714285722
2002,primary,LEE,21,THOMAS STORE,VTD2000-081-0120,Thomas' Old Store,95.0,42.82608695652174
2002,primary,LEE,22,TOMS WAREHOUSE,,,56.00000000000001,2.6666666666666714
2002,primary,LEE,23,WAVERLY,VTD2000-081-0040,Waverly,100.0,53.84615384615385
2002,primary,LIMESTONE,1,ARDMORE TOWN HALL,,,85.5,24.428571428571423
2002,primary,LIMESTONE,2,ATHENS RECREATION CENTER .1,,,85.5,36.24074074074073
2002,primary,LIMESTONE,3,ATHENS RECREATION CENTER .2,,,85.5,36.24074074074073
2002,primary,LIMESTONE,4,BELMORE BAPTIST CHURCH,VTD2000-083-11,Belmore Baptist Church,100.0,14.5
2002,primary,LIMESTONE,5,BETHEL CHURCH OF CHRIST,,,85.5,26.388888888888893
2002,primary,LIMESTONE,6,BLACKBURN COMMUNITY BUILDING,,,85.5,0.0
2002,primary,LIMESTONE,7,CLEMENTS FIRE DEPARTMENT,,,85.5,0.0
2002,primary,LIMESTONE,8,EAST LIMESTONE FIRE DEPT .1,,,85.5,0.0
2002,primary,LIMESTONE,9,EAST LIMESTONE FIRE DEPT .2,,,85.5,0.0
2002,primary,LIMESTONE,10,ELKMONT FIRE DEPARTMENT,VTD2000-083-4,Elkmont Volunteer Fire Dept,95.0,9.5
2002,primary,LIMESTONE,11,GOODSPRINGS COMMUNITY CENTER,VTD2000-083-6,Goodsprings Comm Center-W Limestone FD,90.0,49.285714285714285
2002,primary,LIMESTONE,12,JOHNSON ELEMENTARY SCHOOL,,,90.0,2.5
2002,primary,LIMESTONE,13,LEGGTOWN,VTD2000-083-5,Leggtown,100.0,43.75
2002,primary,LIMESTONE,14,LESTER POST OFFICE,,,50.0,2.352941176470587
2002,primary,LIMESTONE,15,NATIONAL GUARD ARMORY .1,,,42.75,3.886363636363633
2002,primary,LIMESTONE,16,NATIONAL GUARD ARMORY .2,,,42.75,3.886363636363633
2002,primary,LIMESTONE,17,OAK GROVE FIRE DEPARTMENT,,,90.0,3.260869565217405
2002,primary,LIMESTONE,18,OWENS ELEMENTARY SCHOOL .1,VTD2000-083-8,Owens Elementary School,95.83333333333334,10.333333333333343
2002,primary,LIMESTONE,19,OWENS ELEMENTARY SCHOOL .2,VTD2000-083-8,Owens Elementary School,95.83333333333334,10.333333333333343
2002,primary,LIMESTONE,20,PINEY CHAPEL,,,85.5,40.5
2002,primary,LIMESTONE,21,PLEASANT GROVE FIRE DEPARTMENT,VTD2000-083-7,Pleasant Grove FD,100.0,14.5
2002,primary,LIMESTONE,22,REID ELEMENTARY SCHOOL,,,90.0,4.5
2002,primary,LIMESTONE,23,RIPLEY - WOW HALL,,,85.5,39.9
2002,primary,LIMESTONE,24,SEGARS ROAD FIRE DEPARTMENT,VTD2000-083-13,Segers Road Fire Dept,96.2962962962963,10.796296296296305
2002,primary,LIMESTONE,25,SENIOR CITIZEN CENTER .1,,,85.5,40.79411764705882
2002,primary,LIMESTONE,26,SENIOR CITIZEN CENTER .2,,,85.5,40.79411764705882
2002,primary,LIMESTONE,27,TANNER FIRE DEPARTMENT,VTD2000-083-14,Tanner Fire Dept,100.0,14.5
2002,primary,LIMESTONE,28,TRINITY 7TH DAY ADVENTIST .1,,,41.666666666666664,1.6666666666666643
2002,primary,LIMESTONE,29,TRINITY 7TH DAY ADVENTIST .2,,,41.666666666666664,1.6666666666666643
2002,primary,LIMESTONE,30,W HOBBS ST CHURCH OF CHRIST .1,,,85.5,39.75925925925927
2002,primary,LIMESTONE,31,W HOBBS ST CHURCH OF CHRIST .2,,,85.5,39.75925925925927
2002,primary,LIMESTONE,32,WEST LIMESTONE FIRE DEPARTMENT,,,86.36363636363636,0.8636363636363598
2002,primary,LOWNDES,1,BENEVOLENT HALL CALHOUN CUTOFF,,,95.0,5.0
2002,primary,LOWNDES,2,BETHEL CHURCH,VTD2000-085-4,Bethel Church,100.0,14.5
2002,primary,LOWNDES,3,BRAGGS,,,40.0,4.0
2002,primary,LOWNDES,4,FORT DEPOSIT NATL GUARD ARMORY,,,67.9245283018868,0.0
2002,primary,LOWNDES,5,G_E_ COMMUNITY BUILDING,,,70.57142857142856,0.0
2002,primary,LOWNDES,6,HAYNEVILLE COURTHOUSE,,,70.37037037037037,21.85973207249802
2002,primary,LOWNDES,7,LETOHATCHEE OLD STORE,VTD2000-085-8,Old Store,90.0,43.78378378378379
2002,primary,LOWNDES,8,LOWNDESBORO TOWN HALL,VTD2000-085-2,Lowndesboro Town Hall,100.0,28.75
2002,primary,LOWNDES,9,MOSSESS TOWN HALL,VTD2000-085-5,Mosses Town Hall,96.96969696969697,25.71969696969697
2002,primary,LOWNDES,10,NEW PLEASANT VALLEY CHURCH,VTD2000-085-12-A,New Pleasant Valley Church,100.0,14.5
2002,primary,LOWNDES,11,SANDY RIDGE COMMUNITY HALL,,,85.5,0.0
2002,primary,LOWNDES,12,WHITEHALL TOWN HALL,VTD2000-085-1,White Hall Town Hall,97.43589743589743,29.03589743589744
2002,primary,MACON,1,BROWNVILLE VOLUNTEER FIRE,VTD2000-087-1-03,Brownville Volunteer Fire Station,95.0,45.0
2002,primary,MACON,2,CHEWHAW AME ZION CHURCH,VTD2000-087-4-13,Chehaw AME Zion Church,97.77777777777777,56.868686868686865
2002,primary,MACON,3,FRANKLIN TOWN HALL,VTD2000-087-4-08,Franklin Town Hall,100.0,34.23076923076924
2002,primary,MACON,4,HARDAWAY TRAYLOR,,,38.0,0.1621621621621614
2002,primary,MACON,5,LITTLE TEXAS VOTING CENTER,VTD2000-087-1-02,Little Texas Voting Center,100.0,44.680851063829785
2002,primary,MACON,6,NATIONAL GUARD ARMORY .1,VTD2000-087-1-01,National Guard Armory,95.45454545454545,52.272727272727266
2002,primary,MACON,7,NATIONAL GUARD ARMORY .2,VTD2000-087-1-01,National Guard Armory,95.45454545454545,47.95454545454545
2002,primary,MACON,8,NOTASULGA CITY HALL .1,,,80.6060606060606,33.23763955342901
2002,primary,MACON,9,NOTASULGA CITY HALL .2,,,80.6060606060606,33.23763955342901
2002,primary,MACON,10,OLD COUNTY DISTRICT 2 SHOP,VTD2000-087-2-05,Old District 2 Shop,95.0,44.01960784313726
2002,primary,MACON,11,SEASHA .1,,,85.5,37.5
2002,primary,MACON,12,SEASHA .2,,,85.5,0.0
2002,primary,MACON,13,SHORTER TOWN HALL,VTD2000-087-3-07,Shorter Town Hall,100.0,33.33333333333333
2002,primary,MACON,14,TUSKEGEE MUNICIPAL COMPLEX .1,VTD2000-087-2-11,Tuskegee Municipal Complex,96.2962962962963,62.25374310480694
2002,primary,MACON,15,TUSKEGEE MUNICIPAL COMPLEX .2,VTD2000-087-2-11,Tuskegee Municipal Complex,96.2962962962963,61.39833711262283
2002,primary,MACON,16,TUSKEGEE UNIVERSITY,,,57.77777777777777,17.77777777777777
2002,primary,MACON,17,WARRIOR D-2 RECREATION CENTER,VTD2000-087-2-04,D-2 Recreation Center,95.0,9.5
2002,primary,MACON,18,WOODLAND COMMUNITY CENTER,VTD2000-087-4-09,Woodland Community Center,100.0,47.82608695652174
2002,primary,MADISON,1,A & M UNIVERSITY NEW GYM .1,,,90.0,4.5
2002,primary,MADISON,2,A & M UNIVERSITY NEW GYM .2,,,90.0,4.5
2002,primary,MADISON,3,A & M UNIVERSITY NEW GYM .3,,,90.0,4.5
2002,primary,MADISON,4,A & M UNIVERSITY NEW GYM .4,,,90.0,4.5
2002,primary,MADISON,5,AIRPORT ROAD FIRE STATION .6,,,92.3076923076923,6.807692307692307
2002,primary,MADISON,6,AL_ NATIONAL GUARD CENTER .1,,,87.27272727272728,1.7727272727272805
2002,primary,MADISON,7,AL_ NATIONAL GUARD CENTER .2,,,87.27272727272728,1.7727272727272805
2002,primary,MADISON,8,ALDERSGATE UNITED METHODIST 1,,,46.666666666666664,0.512820512820511
2002,primary,MADISON,9,ALDERSGATE UNITED METHODIST 2,,,46.666666666666664,0.512820512820511
2002,primary,MADISON,10,BIG COVE FIRE STATION,,,100.0,0.0
2002,primary,MADISON,11,BLACKBURN CHAPEL C_P_ CHURCH,VTD2000-089-84,Blackburn Chapel CP Church,98.11320754716981,24.643819792067774
2002,primary,MADISON,12,BLOSSOMWOOD SCHOOL,VTD2000-089-9,Blossomwood School,100.0,14.5
2002,primary,MADISON,13,BOBO VOLUNTEER FIRE,,,85.5,0.0
2002,primary,MADISON,14,CALVARY FRIENDSHIP CENTER,,,85.5,0.0
2002,primary,MADISON,15,CENTRAL ASSEMBLY OF GOD,VTD2000-089-50,Central Assembly Of God,100.0,14.5
2002,primary,MADISON,16,CENTRAL SCHOOL,VTD2000-089-77,Central School,100.0,14.5
2002,primary,MADISON,17,CHAFFEE SCHOOL,VTD2000-089-26,Chaffee School,100.0,14.5
2002,primary,MADISON,18,CHAPMAN MIDDLE SCHOOL .1,VTD2000-089-5,Chapman Middle School,95.45454545454545,9.954545454545453
2002,primary,MADISON,19,CHAPMAN MIDDLE SCHOOL .2,VTD2000-089-5,Chapman Middle School,95.45454545454545,9.954545454545453
2002,primary,MADISON,20,CHARLES STONE AG_ CENTER,,,88.3720930232558,2.8720930232558004
2002,primary,MADISON,21,CHASE VALLEY UNITED METHODIST,,,48.09375,0.0
2002,primary,MADISON,22,CHURCH OF CHRIST MERIDIANVILLE,VTD2000-089-83,Church Of Christ Meridianville,100.0,14.5
2002,primary,MADISON,23,CO COMMISSION DIST 1 OFFICE,,,96.66666666666667,5.79710144927536
2002,primary,MADISON,24,COVE UNITED METHODIST CHURCH,,,64.46428571428571,2.2229064039408826
2002,primary,MADISON,25,COVENANT PRESBYTERIAN CHURCH,,,61.01694915254237,2.1934197407776566
2002,primary,MADISON,26,DR_ RICHARD SHOWERS CENTER,,,85.5,0.0
2002,primary,MADISON,27,E HUNTSVILLE CHURCH OF CHRIST,,,85.5,8.211864406779654
2002,primary,MADISON,28,ED WHITE MIDDLE SCHOOL,VTD2000-089-30,Ed White Middle School,100.0,14.5
2002,primary,MADISON,29,EDENBROOK OF HUNTSVILLE,,,61.95652173913043,0.8850931677018679
2002,primary,MADISON,30,ELON WATER GARDENS,VTD2000-089-74,Elon Water Gardens,100.0,48.57142857142858
2002,primary,MADISON,31,F_O_P_ LODGE,,,85.5,35.5
2002,primary,MADISON,32,FIRST MISSIONARY BAPT CHURCH,VTD2000-089-35,First Missionary Baptist Church,100.0,14.5
2002,primary,MADISON,33,GURLEY CITY HALL - CITY,,,95.0,0.0
2002,primary,MADISON,34,HIGHLANDS SCHOOL,VTD2000-089-33,Highlands School,100.0,14.5
2002,primary,MADISON,35,HILLWOOD BAPTIST CHURCH .1,VTD2000-089-23,Hillwood Baptist Church,95.83333333333334,10.333333333333343
2002,primary,MADISON,36,HILLWOOD BAPTIST CHURCH .2,VTD2000-089-23,Hillwood Baptist Church,95.83333333333334,12.5
2002,primary,MADISON,37,HUNTSVILLE HIGH SCHOOL,VTD2000-089-24,Huntsville High School,100.0,14.5
2002,primary,MADISON,38,HUNTSVILLE MIDDLE SCHOOL,VTD2000-089-6,Huntsville Middle School,100.0,14.5
2002,primary,MADISON,39,HURRICANE CREEK COMM CENTER,VTD2000-089-79,Hurricane Creek Community Center,100.0,14.5
2002,primary,MADISON,40,J_E_ WILLIAMS ELEM SCHOOL,,,100.0,0.0
2002,primary,MADISON,41,JOHNSON HIGH SCHOOL,VTD2000-089-38,Johnson High School,100.0,14.5
2002,primary,MADISON,42,KEEL MT_ VOL_ FIRE DEPT OUT,VTD2000-089-62,Keel Mt Volunteer Fire Dept,95.0,9.5
2002,primary,MADISON,43,LAKEWOOD COMMUNITY CENTER,VTD2000-089-45,Lakewood Community Center,100.0,14.5
2002,primary,MADISON,44,LEE HIGH SCHOOL,VTD2000-089-4,Lee High School,100.0,14.5
2002,primary,MADISON,45,LEWIS CHAPEL C_P_ CHURCH,,,97.77777777777777,4.160756501182021
2002,primary,MADISON,46,LITTLE INDIAN CREEK CHURCH,,,61.07142857142856,3.293650793650791
2002,primary,MADISON,47,LOCUST GROVE BAPTIST CHURCH,VTD2000-089-72,Locust Grove Baptist Church,100.0,25.925925925925924
2002,primary,MADISON,48,MADISON CHURCH OF CHRIST .1,,,96.0,0.0
2002,primary,MADISON,49,MADISON CHURCH OF CHRIST .2,,,96.0,0.0
2002,primary,MADISON,50,MADISON CITY HALL .1,,,100.0,5.0
2002,primary,MADISON,51,MADISON CITY HALL .2,,,100.0,5.0
2002,primary,MADISON,52,MADISON CO_ TEACHER CENTER .1,,,91.83333333333333,6.333333333333329
2002,primary,MADISON,53,MADISON CO_ TEACHER CENTER .2,,,91.83333333333333,6.333333333333329
2002,primary,MADISON,54,MADISON COUNTY NATURE TRAIL,,,85.5,15.129629629629633
2002,primary,MADISON,55,MAYSVILLE CENTRAL FIRE STATION,VTD2000-089-56,Maysville Central Fire Station,100.0,14.5
2002,primary,MADISON,56,MCDONNELL SCHOOL,VTD2000-089-52,McDonnell School,100.0,14.5
2002,primary,MADISON,57,MERIDIANVILLE FIRE DEPARTMENT,VTD2000-089-76,Meridianville Fire Dept,100.0,14.5
2002,primary,MADISON,58,MERIDIANVILLE LIONS CLUB,VTD2000-089-66,Meridianville Lions Club,100.0,33.24324324324324
2002,primary,MADISON,59,MESSIAH LUTHERAN CHURCH,,,100.0,0.0
2002,primary,MADISON,60,MONROVIA CHURCH OF CHRIST .1,,,85.5,0.0
2002,primary,MADISON,61,MONROVIA CHURCH OF CHRIST .2,,,85.5,7.068627450980387
2002,primary,MADISON,62,MONTE SANO FIRE STATION .4,VTD2000-089-10,Monte Sand Fire Station #4,91.66666666666666,15.666666666666657
2002,primary,MADISON,63,MOUNTAIN VIEW BAPTIST CHURCH,VTD2000-089-8,Mountainview Baptist Church,98.18181818181819,21.818181818181813
2002,primary,MADISON,64,NEW HOPE CITY HALL,,,100.0,5.0
2002,primary,MADISON,65,NEW MARKET FIRE STATION,VTD2000-089-55,New Market Fire Station,100.0,14.5
2002,primary,MADISON,66,OAKWOOD COLLEGE - BLAKE CENTER,,,90.0,4.5
2002,primary,MADISON,67,OLD NAVAL RESERVE CENTER,VTD2000-089-31,Old Naval Reserve,95.0,9.5
2002,primary,MADISON,68,OWENS CROSS ROADS CITY HALL,VTD2000-089-75,Owens Cross Roads City Hall,100.0,12.916666666666671
2002,primary,MADISON,69,PHILLIPS CME CHURCH,VTD2000-089-7,Phillips CME Church,100.0,14.5
2002,primary,MADISON,70,PINEVIEW BAPTIST CHURCH .1,,,85.5,4.730769230769226
2002,primary,MADISON,71,PINEVIEW BAPTIST CHURCH .2,,,80.76923076923077,8.877338877338886
2002,primary,MADISON,72,PLAINVIEW CHURCH OF CHRIST .1,VTD2000-089-67,Plainview Church Of Christ,96.2962962962963,10.796296296296305
2002,primary,MADISON,73,PLAINVIEW CHURCH OF CHRIST .2,VTD2000-089-67,Plainview Church Of Christ,96.2962962962963,19.373219373219385
2002,primary,MADISON,74,PLEASANT SPRINGS BAPTIST,VTD2000-089-44,Pleasant Springs Baptist Church,95.0,39.44444444444444
2002,primary,MADISON,75,PLEVNA FIRE STATION,VTD2000-089-73,Plevna Fire Station,100.0,14.5
2002,primary,MADISON,76,PLUMBERS AND STEAM LOCAL 377,,,88.88888888888889,3.3888888888888857
2002,primary,MADISON,77,POPLAR RIDGE COMMUNITY CENTER,VTD2000-089-68,Poplar Ridge Community Center,100.0,14.5
2002,primary,MADISON,78,RIDGECREST SCHOOL,VTD2000-089-49,Ridgecrest School,100.0,14.5
2002,primary,MADISON,79,S_E_ BRANCH Y_M_C_A_ .1,,,85.5,0.0
2002,primary,MADISON,80,S_E_ BRANCH Y_M_C_A_ .2,,,85.5,0.0
2002,primary,MADISON,81,SENIOR CENTER,VTD2000-089-48,Senior Center,100.0,14.5
2002,primary,MADISON,82,SHERWOOD BAPTIST CHURCH,VTD2000-089-54,Sherwood Baptist Church,100.0,13.043478260869563
2002,primary,MADISON,83,SOUTHWOOD PRESBYTERIAN CHURCH,,,85.5,20.115384615384613
2002,primary,MADISON,84,TERRY HEIGHTS SCHOOL,VTD2000-089-41,Terry Heights School,100.0,14.5
2002,primary,MADISON,85,TONEY FIRE STATION,VTD2000-089-65,Toney Fire Station,100.0,14.5
2002,primary,MADISON,86,TRIANA CITY HALL - CITY,,,95.0,0.0
2002,primary,MADISON,87,UNIVERSITY PLACE SCHOOL,VTD2000-089-32,University Place School,100.0,14.5
2002,primary,MADISON,88,VISITATION PARISH CENTER,,,85.5,0.0
2002,primary,MADISON,89,WEST HUNTSVILLE ELEM SCHOOL,VTD2000-089-47,West Huntsville Elementary School,100.0,14.5
2002,primary,MADISON,90,WEST MASTIN LAKE SCHOOL,VTD2000-089-34,West Mastin Lake School,100.0,14.5
2002,primary,MADISON,91,WESTLAWN MIDDLE SCHOOL,VTD2000-089-46,Westlawn Middle School,100.0,14.5
2002,primary,MADISON,92,WESTSIDE NEIGHBORHOOD CENTER,VTD2000-089-16,Westside Neighborhood Center,100.0,14.5
2002,primary,MADISON,93,WHITESBURG BAPTIST CHURCH,VTD2000-089-22,Whitesburg Baptist Church,100.0,25.0
2002,primary,MADISON,94,WHITESBURG BOAT HARBOR,VTD2000-089-59,Whitesburg Boat Harbor,100.0,27.65957446808511
2002,primary,MADISON,95,WHITESBURG MIDDLE SCHOOL,VTD2000-089-18,Whitesburg Middle School,100.0,14.5
2002,primary,MADISON,96,WOODMEN OF THE WORLD .1,VTD2000-089-15,Woodmen Of The World Union Hall,90.47619047619048,41.82754182754183
2002,primary,MADISON,97,WOODMEN OF THE WORLD .2,VTD2000-089-15,Woodmen Of The World Union Hall,90.47619047619048,42.01465201465202
2002,primary,MARENGO,1,AIMWELL VOTING BOOTH,VTD2000-091-5-9,Aimwell Voting Booth,100.0,21.951219512195124
2002,primary,MARENGO,2,DAYTON TOWN OFFICE,,,72.06896551724137,12.609506057781914
2002,primary,MARENGO,3,DEMOPOLIS CIVIC CENTER,VTD2000-091-1-1,Demopolis Civic Center,100.0,40.42553191489362
2002,primary,MARENGO,4,DEMOPOLIS HIGH SCHOOL,VTD2000-091-1-2,Demopolis Jr High School,95.0,34.53488372093024
2002,primary,MARENGO,5,DEMOPOLIS NATL GUARD ARMORY,,,85.5,14.666666666666671
2002,primary,MARENGO,6,DEMOPOLIS WESTSIDE ELEMENTARY,,,90.0,6.04651162790698
2002,primary,MARENGO,7,DIXONS MILLS VOLUNTEER FIRE,,,85.24590163934427,40.24590163934427
2002,primary,MARENGO,8,FAUNSDALE TOWN OFFICE,VTD2000-091-3-2,Faunsdale Town Office,100.0,52.38095238095239
2002,primary,MARENGO,9,FLATWOOD VOTING BOOTH,VTD2000-091-4-3,Flatwood Voting Booth,100.0,20.0
2002,primary,MARENGO,10,GALLION COMMUNITY CENTER,,,81.63265306122449,5.632653061224488
2002,primary,MARENGO,11,HILLS HALF ACRE,VTD2000-091-5-10,Hills Half Acre,100.0,51.142857142857146
2002,primary,MARENGO,12,HOBOKEN VOTING BOOTH,VTD2000-091-5-5,Hoboken Voting Booth,100.0,20.0
2002,primary,MARENGO,13,JEFFERSON VOLUNTEER FIRE,,,70.0,9.130434782608688
2002,primary,MARENGO,14,LASCA - HARRISON STORE,,,85.5,32.86842105263157
2002,primary,MARENGO,15,MAGNOLIA COMMUNITY CENTER,VTD2000-091-4-5,Magnolia Community Center,100.0,25.85365853658537
2002,primary,MARENGO,16,MICKINLEY VOTING BOOTH,VTD2000-091-4-2,McKinley Voting Booth,97.67441860465115,21.67441860465115
2002,primary,MARENGO,17,MYRTLEWOOD COMMUNITY CENTER,VTD2000-091-5-11,Myrtlewood Community Center,100.0,25.85365853658537
2002,primary,MARENGO,18,NANAFALIA SCHOOL,,,85.5,15.22972972972974
2002,primary,MARENGO,19,OCTAGON VOTING BOOTH,VTD2000-091-5-2,Octagon Voting Booth,100.0,17.948717948717956
2002,primary,MARENGO,20,OLD COURTHOUSE BUILDING,,,77.72727272727272,12.210031347962385
2002,primary,MARENGO,21,OLD LINDEN ARMORY,VTD2000-091-3-5,Old Linden Armory,100.0,29.629629629629633
2002,primary,MARENGO,22,PUTMAN VOTING BOOTH,VTD2000-091-5-7,Putman Voting Booth,100.0,17.948717948717956
2002,primary,MARENGO,23,QUINNEY STORE BUILDING,VTD2000-091-3-4,Quinney Store,90.0,42.5
2002,primary,MARENGO,24,RANGE LINE VOTING BOOTH,,,81.81818181818181,1.818181818181813
2002,primary,MARENGO,25,SARDIS VOTING BOOTH,VTD2000-091-4-4,Sardis Voting Booth,100.0,18.91891891891892
2002,primary,MARENGO,26,SPRINGHILL VOLUNTEER FIRE,,,85.5,17.294871794871796
2002,primary,MARENGO,27,SURGINER VOTING BOOTH,VTD2000-091-4-7,Surginer Voting Booth,100.0,20.0
2002,primary,MARENGO,28,SWEET WATER TOWN OFFICE,,,68.18181818181819,16.89976689976691
2002,primary,MARENGO,29,THOMASTON LUNCH ROOM,VTD2000-091-4-1,Thomaston Lunchroom,97.43589743589743,43.43589743589743
2002,primary,MARENGO,30,VINELAND VOTING BOOTH,VTD2000-091-4-6,Vineland Voting Booth,100.0,21.951219512195124
2002,primary,MARENGO,31,WAYNE VOTING BOOTH,,,86.48648648648648,5.4054054054054035
2002,primary,MARION,1,BACCUS,VTD2000-093-13,Union Hall-Baccus,90.0,40.909090909090914
2002,primary,MARION,2,BARNSVILLE,VTD2000-093-17,Barnsville Church,90.0,29.999999999999993
2002,primary,MARION,3,BEAR CREEK,VTD2000-093-8,Bear Creek City Hall,90.0,36.0
2002,primary,MARION,4,BEXAR,VTD2000-093-4,Old Bexar Post Office,90.0,10.0
2002,primary,MARION,5,BRILLIANT,VTD2000-093-18,Brilliant Community Center,90.0,36.5625
2002,primary,MARION,6,CLARK,,,54.0,2.5714285714285765
2002,primary,MARION,7,E_T_ SIMS JR_ BUILDING .1,,,85.5,0.0
2002,primary,MARION,8,E_T_ SIMS JR_ BUILDING .2,,,85.5,0.0
2002,primary,MARION,9,GUIN,VTD2000-093-15,City Hall-Guin,90.0,22.5
2002,primary,MARION,10,HACKLEBURG,VTD2000-093-7,Hackleburg City Hall,90.0,45.0
2002,primary,MARION,11,HOWELL,,,54.0,0.0
2002,primary,MARION,12,KEMP,VTD2000-093-3,Kemp Pleasent Site Church,90.0,45.0
2002,primary,MARION,13,KIMBROUGH .1,,,85.71428571428571,44.805194805194795
2002,primary,MARION,14,KIMBROUGH .2,,,85.71428571428571,44.805194805194795
2002,primary,MARION,15,PEARCES MILL,,,56.25,3.75
2002,primary,MARION,16,PIKEVILLE,VTD2000-093-16,Pikeville Liberty Church,90.0,40.0
2002,primary,MARION,17,RYE,,,60.00000000000001,0.0
2002,primary,MARION,18,SHILOH,VTD2000-093-6,Shiloh Community Center,90.0,40.909090909090914
2002,primary,MARION,19,SHOTTSVILLE,,,53.4375,2.0089285714285765
2002,primary,MARION,20,WIGINTON,VTD2000-093-19,Wiginton Community Bldg,90.0,40.909090909090914
2002,primary,MARION,21,WINFIELD,,,53.4375,7.837499999999999
2002,primary,MARSHALL,1,ALBERTVILLE FIRST BAPTIST 3,,,74.84848484848484,0.0
2002,primary,MARSHALL,2,ALBERTVILLE-FIRST BAPTIST 1,,,74.84848484848484,0.0
2002,primary,MARSHALL,3,ALBERTVILLE-FIRST BAPTIST 2,,,74.84848484848484,0.0
2002,primary,MARSHALL,4,ALBERTVILLE-MRSHL CO GAS SHOP,,,85.5,0.0
2002,primary,MARSHALL,5,ALBERTVILLE-REC CENTER 1,,,100.0,0.0
2002,primary,MARSHALL,6,ALBERTVILLE-REC CENTER 2,,,100.0,0.0
2002,primary,MARSHALL,7,ALBERTVILLE-REC CENTER 3,,,100.0,0.0
2002,primary,MARSHALL,8,ALBERTVILLE-REC CENTER 4,,,96.66666666666667,0.0
2002,primary,MARSHALL,9,ARAB-NEW RECREATION CENTER 1,,,82.82051282051282,0.0
2002,primary,MARSHALL,10,ARAB-NEW RECREATION CENTER 2,,,82.82051282051282,0.0
2002,primary,MARSHALL,11,ARAB-SENIOR CITIZEN CENTER 1,,,65.3125,0.0
2002,primary,MARSHALL,12,ARAB-SENIOR CITIZEN CENTER 2,,,65.3125,0.0
2002,primary,MARSHALL,13,BIG SPRING M & S CONSTRUCTION,,,85.5,36.642857142857146
2002,primary,MARSHALL,14,BOAZ-RECREATION CENTER 1,,,100.0,0.0
2002,primary,MARSHALL,15,BOAZ-RECREATION CENTER 2,,,100.0,0.0
2002,primary,MARSHALL,16,BOAZ-RECREATION CENTER 3,,,100.0,0.0
2002,primary,MARSHALL,17,BOSHART-PROSPECT CEMETERY,VTD2000-095-8,Prospect Cemetery,95.0,35.42553191489362
2002,primary,MARSHALL,18,BUCKSNORT-COMMUNITY CENTER,VTD2000-095-19,Bucksnort Comm Ctr,100.0,17.83783783783784
2002,primary,MARSHALL,19,CLAYSVILLE HENRYVILLE METHODST,,,67.85714285714286,20.3995157384988
2002,primary,MARSHALL,20,CRANFORD-RUTH VOL FIRE DEPT_,,,85.5,0.0
2002,primary,MARSHALL,21,CROSSROADS-TOM LAWSONS STORE,,,87.42857142857143,1.9285714285714306
2002,primary,MARSHALL,22,GEORGIA MOUNTAIN REC CENTER,,,85.5,0.0
2002,primary,MARSHALL,23,GRANT-CITY HALL,,,100.0,0.0
2002,primary,MARSHALL,24,GRANT-MT_ SHADE CHURCH,VTD2000-095-30-2,Mt Shade Church,95.0,9.5
2002,primary,MARSHALL,25,GRASSY-SCHOOL GYM,VTD2000-095-25,Grassy School Gym,100.0,47.36842105263157
2002,primary,MARSHALL,26,GUNTERSVILLE REC CTR 1,,,100.0,0.0
2002,primary,MARSHALL,27,GUNTERSVILLE REC CTR 2,,,100.0,0.0
2002,primary,MARSHALL,28,GUNTERSVILLE REC CTR 3,,,100.0,0.0
2002,primary,MARSHALL,29,HONEYCOMB - BAPTIST CHURCH,,,78.23529411764704,0.0
2002,primary,MARSHALL,30,HOOPER-BRASHERS CHAPEL CHURCH,,,85.5,0.0
2002,primary,MARSHALL,31,JAYBIRD-SHOP DIST .4,,,72.06896551724137,27.624521072796924
2002,primary,MARSHALL,32,MT_ HIGH LATTIWOOD COMM CNTR,,,95.0,0.0
2002,primary,MARSHALL,33,MT_HEBRON FIRE DEPARTMENT,VTD2000-095-16-1,Mt Hebron Fire Dept,100.0,14.5
2002,primary,MARSHALL,34,OLEANDER-MIDWAY COMM_ CENTER,,,85.5,0.0
2002,primary,MARSHALL,35,PAINT ROCK HEBRON REC CTR,VTD2000-095-11,Hebron Rec Center,95.0,9.5
2002,primary,MARSHALL,36,PINE GROVE COMMUNITY CENTER,,,90.9090909090909,0.0
2002,primary,MARSHALL,37,RED HILL-METHODIST CHURCH,,,82.35294117647058,12.686274509803923
2002,primary,MARSHALL,38,REEDBRAKE-DOUGLAS CITY HALL,,,90.0,0.0
2002,primary,MARSHALL,39,REEDBRAKE-LIBERTY HILL CHURCH,,,90.0,4.5
2002,primary,MARSHALL,40,REEDBRAKE-NIXON CHAPEL F_D_,,,63.33333333333332,10.27210884353741
2002,primary,MARSHALL,41,ROCK SPRINGS-CHURCH,VTD2000-095-13,Rock Springs Church,100.0,38.46153846153846
2002,primary,MARSHALL,42,THOMPSON CHILDRESS STORE,VTD2000-095-18-2,Childress Store,90.0,23.33333333333333
2002,primary,MARSHALL,43,THOMPSON-ASBURY FIRE STATION,,,63.33333333333332,9.761904761904752
2002,primary,MARSHALL,44,THOMPSON-MARTLING COMM_ CENTER,,,85.5,0.0
2002,primary,MARSHALL,45,UNION GROVE-MASONIC HALL,,,85.5,0.0
2002,primary,MARSHALL,46,VOTING BOOTH-KENNAMER,,,60.8,12.195348837209295
2002,primary,MARSHALL,47,WAKEFIELD-FIRE DEPARTMENT,,,81.42857142857142,4.401544401544399
2002,primary,MARSHALL,48,WARRENTON - COMMUNITY CENTER,VTD2000-095-14,Warrenton Comm Center,100.0,13.20754716981132
2002,primary,MARSHALL,49,WRIGHTS-SWEARENGIN SCHOOL,,,54.80769230769231,5.2424749163879625
2002,primary,MOBILE,1,Unnamed: 4,,,53.4375,7.837499999999999
2002,primary,MOBILE,2,Unnamed: 5,,,53.4375,7.837499999999999
2002,primary,MOBILE,3,Unnamed: 6,,,53.4375,7.837499999999999
2002,primary,MOBILE,4,Unnamed: 7,,,53.4375,7.837499999999999
2002,primary,MOBILE,5,Unnamed: 8,,,53.4375,7.837499999999999
2002,primary,MOBILE,6,Unnamed: 9,,,53.4375,7.837499999999999
2002,primary,MOBILE,7,Unnamed: 10,,,50.294117647058826,7.544117647058826
2002,primary,MOBILE,8,Unnamed: 11,,,50.294117647058826,7.544117647058826
2002,primary,MOBILE,9,Unnamed: 12,,,50.294117647058826,7.544117647058826
2002,primary,MOBILE,10,Unnamed: 13,,,50.294117647058826,7.544117647058826
2002,primary,MOBILE,11,Unnamed: 14,,,50.294117647058826,7.544117647058826
2002,primary,MOBILE,12,Unnamed: 15,,,50.294117647058826,7.544117647058826
2002,primary,MOBILE,13,Unnamed: 16,,,50.294117647058826,7.544117647058826
2002,primary,MOBILE,14,Unnamed: 17,,,50.294117647058826,7.544117647058826
2002,primary,MOBILE,15,Unnamed: 18,,,50.294117647058826,7.544117647058826
2002,primary,MOBILE,16,Unnamed: 19,,,50.294117647058826,7.544117647058826
2002,primary,MOBILE,17,Unnamed: 20,,,50.294117647058826,7.544117647058826
2002,primary,MOBILE,18,Unnamed: 21,,,50.294117647058826,7.544117647058826
2002,primary,MOBILE,19,Unnamed: 22,,,50.294117647058826,7.544117647058826
2002,primary,MOBILE,20,Unnamed: 23,,,50.294117647058826,7.544117647058826
2002,primary,MOBILE,21,Unnamed: 24,,,50.294117647058826,7.544117647058826
2002,primary,MOBILE,22,Unnamed: 25,,,50.294117647058826,7.544117647058826
2002,primary,MOBILE,23,Unnamed: 26,,,50.294117647058826,7.544117647058826
2002,primary,MOBILE,24,Unnamed: 27,,,50.294117647058826,7.544117647058826
2002,primary,MOBILE,25,Unnamed: 28,,,50.294117647058826,7.544117647058826
2002,primary,MOBILE,26,Unnamed: 29,,,50.294117647058826,7.544117647058826
2002,primary,MOBILE,27,Unnamed: 30,,,50.294117647058826,7.544117647058826
2002,primary,MOBILE,28,Unnamed: 31,,,50.294117647058826,7.544117647058826
2002,primary,MOBILE,29,Unnamed: 32,,,50.294117647058826,7.544117647058826
2002,primary,MOBILE,30,Unnamed: 33,,,50.294117647058826,7.544117647058826
2002,primary,MOBILE,31,Unnamed: 34,,,50.294117647058826,7.544117647058826
2002,primary,MOBILE,32,Unnamed: 35,,,50.294117647058826,7.544117647058826
2002,primary,MONTGOMERY,1,Unnamed: 4,,,53.4375,5.4375
2002,primary,MONTGOMERY,2,Unnamed: 5,,,53.4375,5.4375
2002,primary,MONTGOMERY,3,Unnamed: 6,,,53.4375,5.4375
2002,primary,MONTGOMERY,4,Unnamed: 7,,,53.4375,5.4375
2002,primary,MONTGOMERY,5,Unnamed: 8,,,53.4375,5.4375
2002,primary,MONTGOMERY,6,Unnamed: 9,,,53.4375,5.4375
2002,primary,MONTGOMERY,7,Unnamed: 10,,,50.294117647058826,5.294117647058826
2002,primary,MONTGOMERY,8,Unnamed: 11,,,50.294117647058826,5.294117647058826
2002,primary,MONTGOMERY,9,Unnamed: 12,,,50.294117647058826,5.294117647058826
2002,primary,MONTGOMERY,10,Unnamed: 13,,,50.294117647058826,5.294117647058826
2002,primary,MONTGOMERY,11,Unnamed: 14,,,85.5,35.205882352941174
2002,primary,MONTGOMERY,12,Unnamed: 15,,,50.294117647058826,5.294117647058826
2002,primary,MONTGOMERY,13,Unnamed: 16,,,50.294117647058826,5.294117647058826
2002,primary,MONTGOMERY,14,Unnamed: 17,,,50.294117647058826,5.294117647058826
2002,primary,MONTGOMERY,15,Unnamed: 18,,,50.294117647058826,5.294117647058826
2002,primary,MONTGOMERY,16,Unnamed: 19,,,50.294117647058826,5.294117647058826
2002,primary,MONTGOMERY,17,Unnamed: 20,,,50.294117647058826,5.294117647058826
2002,primary,MONTGOMERY,18,Unnamed: 21,,,50.294117647058826,5.294117647058826
2002,primary,MONTGOMERY,19,Unnamed: 22,,,50.294117647058826,5.294117647058826
2002,primary,MONTGOMERY,20,Unnamed: 23,,,50.294117647058826,5.294117647058826
2002,primary,MONTGOMERY,21,Unnamed: 24,,,50.294117647058826,5.294117647058826
2002,primary,MONTGOMERY,22,Unnamed: 25,,,50.294117647058826,5.294117647058826
2002,primary,MONTGOMERY,23,Unnamed: 26,,,50.294117647058826,5.294117647058826
2002,primary,MONTGOMERY,24,Unnamed: 27,,,50.294117647058826,5.294117647058826
2002,primary,MONTGOMERY,25,Unnamed: 28,,,50.294117647058826,5.294117647058826
2002,primary,MONTGOMERY,26,Unnamed: 29,,,50.294117647058826,5.294117647058826
2002,primary,MONTGOMERY,27,Unnamed: 30,,,50.294117647058826,5.294117647058826
2002,primary,MONTGOMERY,28,Unnamed: 31,,,50.294117647058826,5.294117647058826
2002,primary,MONTGOMERY,29,Unnamed: 32,,,50.294117647058826,5.294117647058826
2002,primary,MONTGOMERY,30,Unnamed: 33,,,50.294117647058826,5.294117647058826
2002,primary,MONTGOMERY,31,Unnamed: 34,,,50.294117647058826,5.294117647058826
2002,primary,MONTGOMERY,32,Unnamed: 35,,,50.294117647058826,5.294117647058826
2002,primary,MONTGOMERY,33,Unnamed: 36,,,50.294117647058826,5.294117647058826
2002,primary,MORGAN,1,AMERICAN LEGION .1,VTD2000-103-3-9,American Legion Building,89.0625,36.12132352941176
2002,primary,MORGAN,2,AMERICAN LEGION .2,VTD2000-103-3-9,American Legion Building,89.0625,36.12132352941176
2002,primary,MORGAN,3,AMERICAN LEGION BLDG,VTD2000-103-3-9,American Legion Building,100.0,39.2
2002,primary,MORGAN,4,AQUADOME REC CTR,VTD2000-103-3-7,Aquadome Recreation Center,100.0,44.310344827586206
2002,primary,MORGAN,5,AUSTINVILLE ELEM .1,VTD2000-103-3-8,Austinville Elem School,90.86956521739131,25.41501976284586
2002,primary,MORGAN,6,AUSTINVILLE ELEM .2,VTD2000-103-3-8,Austinville Elem School,90.86956521739131,25.41501976284586
2002,primary,MORGAN,7,BENJAMIN DAVIS ELEM 1,VTD2000-103-3-11,Benjamin Davis Elem School,95.0,30.714285714285722
2002,primary,MORGAN,8,BENJAMIN DAVIS ELEM 2,VTD2000-103-3-11,Benjamin Davis Elem School,95.0,30.714285714285722
2002,primary,MORGAN,9,BREWER HIGH SCHOOL,VTD2000-103-24-1,Brewer High School,100.0,14.5
2002,primary,MORGAN,10,CASHIN HOMES COMMUNITY CENTER,VTD2000-103-3-12,Cashin Homes Comm Center,100.0,30.0
2002,primary,MORGAN,11,CEDAR RIDGE MIDDLE SCH,VTD2000-103-3-16,Cedar Ridge Middle School,100.0,40.90909090909092
2002,primary,MORGAN,12,CENTER SPRINGS METH_,,,90.0,4.5
2002,primary,MORGAN,13,CHESTNUT GROVE ELEM .1,VTD2000-103-3-14,Chestnut Grove Elem School,91.34615384615385,30.055831265508694
2002,primary,MORGAN,14,CHESTNUT GROVE ELEM .2,VTD2000-103-3-14,Chestnut Grove Elem School,91.34615384615385,30.055831265508694
2002,primary,MORGAN,15,DANVILLE VOL FIRE,VTD2000-103-19-1,Danville Volunteer Fire Station,95.0,9.5
2002,primary,MORGAN,16,DECATUR FIRE & RESCUE,,,85.5,0.0
2002,primary,MORGAN,17,DECATUR FIRE & RESCUE .8,,,84.21052631578947,27.606752730883805
2002,primary,MORGAN,18,DECATUR HIGH SCHOOL,VTD2000-103-3-4,Decatur High School,100.0,14.5
2002,primary,MORGAN,19,DECATUR UTILITIES AUD,,,85.71428571428572,24.135338345864668
2002,primary,MORGAN,20,DIST NO_ 3 SHOP BLDG,VTD2000-103-22-1,Dist No 3 Shop Building,100.0,16.58536585365853
2002,primary,MORGAN,21,DISTRICT 4 SHOP BLDG_,,,80.85106382978724,7.77414075286417
2002,primary,MORGAN,22,EASTWOOD ELEMENTARY .1,,,90.25,4.75
2002,primary,MORGAN,23,EASTWOOD ELEMENTARY .2,,,90.25,4.75
2002,primary,MORGAN,24,EBENEZER VOL FIRE,VTD2000-103-26-1,Ebenezer Volunteer Fire Dept,95.0,9.5
2002,primary,MORGAN,25,FALKVILLE MUNICIPAL,VTD2000-103-21-1,Falkville Municipal Building,95.0,33.92857142857144
2002,primary,MORGAN,26,GEORGIA LYON DUNN COMM CTR,,,67.55555555555556,2.8747044917257796
2002,primary,MORGAN,27,GUM POND FIRE STATION,VTD2000-103-27-1,Gum Pond Fire Station,100.0,14.5
2002,primary,MORGAN,28,JULIAN HARRIS ELEM .1,VTD2000-103-3-10,Julian Harris Elem School,91.19999999999999,25.68275862068964
2002,primary,MORGAN,29,JULIAN HARRIS ELEM .2,VTD2000-103-3-10,Julian Harris Elem School,91.19999999999999,25.68275862068964
2002,primary,MORGAN,30,JULIAN HARRIS ELEM .3,VTD2000-103-3-10,Julian Harris Elem School,91.19999999999999,25.68275862068964
2002,primary,MORGAN,31,LEBANON BAPTIST CHURCH,VTD2000-103-28-1,Lebanon Baptist Church,100.0,24.0
2002,primary,MORGAN,32,MACADONIA CUMBERLAND CHURCH,,,53.06122448979591,2.152133580705005
2002,primary,MORGAN,33,MASSEY CLUB HOUSE,VTD2000-103-20-1,Massey Club House,100.0,46.34146341463414
2002,primary,MORGAN,34,MORGAN CO COURTHOUSE,VTD2000-103-3-1,Morgan Co Courthouse,100.0,14.5
2002,primary,MORGAN,35,MORGAN COUNTY D_H_R_,,,85.5,0.0
2002,primary,MORGAN,36,NEEL VOL FIRE,,,85.5,0.0
2002,primary,MORGAN,37,NEW EVA TOWN HALL,VTD2000-103-25-1,New Era Town Hall,94.11764705882352,27.360890302066764
2002,primary,MORGAN,38,NUNGESTER ELEMENTARY,,,90.0,4.5
2002,primary,MORGAN,39,ODEN RIDGE VOL FIRE,VTD2000-103-23-1,Oden Ridge Volunteer Fire Dept,95.0,26.47540983606558
2002,primary,MORGAN,40,OLD COURTHOUSE SOMERVILLE,,,63.33333333333332,5.170068027210874
2002,primary,MORGAN,41,OUTREACH MINISTRIES,VTD2000-103-7-1,Outreach Ministries Of Ala,95.0,49.99999999999999
2002,primary,MORGAN,42,PLEASANT HILL BAPTIST,VTD2000-103-17-1,Pleasant Hill Baptist Church,95.0,33.139534883720934
2002,primary,MORGAN,43,PRICEVILLE MUNICIPAL BLDG_ .1,,,81.35593220338984,3.6286594761171216
2002,primary,MORGAN,44,PRICEVILLE MUNICIPAL BLDG_ .2,,,81.35593220338984,3.6286594761171216
2002,primary,MORGAN,45,SOMERVILLE RD ELEM .1,VTD2000-103-3-5,Somerville Rd Elem School,91.19999999999999,25.745454545454535
2002,primary,MORGAN,46,SOMERVILLE RD ELEM .2,VTD2000-103-3-5,Somerville Rd Elem School,91.19999999999999,25.745454545454535
2002,primary,MORGAN,47,SPARKMAN CIVIC CTR .1,VTD2000-103-15-1,John J Sparkman Civic Center,90.68181818181817,32.518552875695725
2002,primary,MORGAN,48,SPARKMAN CIVIC CTR .2,VTD2000-103-15-1,John J Sparkman Civic Center,90.68181818181817,32.518552875695725
2002,primary,MORGAN,49,SPARKMAN CIVIC CTR .3,VTD2000-103-15-1,John J Sparkman Civic Center,90.68181818181817,32.518552875695725
2002,primary,MORGAN,50,SPARKMAN ELEMENTARY,VTD2000-103-14-1,Sparkman Elem School,95.0,9.5
2002,primary,MORGAN,51,TRI-COUNTY VOL FIRE,VTD2000-103-10-1,Tri-County Volunteer Fire Dept,95.0,9.5
2002,primary,MORGAN,52,TRINITY MUNICIPAL BLDG,VTD2000-103-16-1,Trinity Municipal Building,100.0,22.27272727272728
2002,primary,MORGAN,53,UNION CHURCH OF CHRIST,VTD2000-103-12-1,Union Church Of Christ,100.0,14.5
2002,primary,MORGAN,54,UNION HILL JR HIGH .1,VTD2000-103-9-1,Union Hill Jr High School,89.99999999999999,37.6190476190476
2002,primary,MORGAN,55,UNION HILL JR HIGH .2,VTD2000-103-9-1,Union Hill Jr High School,89.99999999999999,37.6190476190476
2002,primary,MORGAN,56,W DECATUR ELEM SCHOOL,VTD2000-103-3-2,West Decatur Elem School,94.73684210526316,9.236842105263165
2002,primary,MORGAN,57,WALTER JACKSON ELEM,VTD2000-103-4-2,Walter Jackson Elem School,95.0,32.88461538461539
2002,primary,MORGAN,58,WOODMEADE ELEM .1,,,90.47619047619048,4.976190476190482
2002,primary,MORGAN,59,WOODMEADE ELEM .2,,,90.47619047619048,4.976190476190482
2002,primary,PIKE,1,BANKS CITY HALL,VTD2000-109-12,Banks City Hall,100.0,28.75
2002,primary,PIKE,2,BRUNDIDGE-HAISTEN BLDG,VTD2000-109-14,Haisten Bldg,90.0,50.0
2002,primary,PIKE,3,CHINA GROVE-COUNTY BLDG,,,85.5,35.5
2002,primary,PIKE,4,EBENEZER-COUNTY BLDG,,,85.5,25.03488372093024
2002,primary,PIKE,5,ENON-COUNTY BLDG,,,63.333333333333336,6.190476190476197
2002,primary,PIKE,6,FIRST BAPTIST CHURCH,VTD2000-109-22,First Baptist Church,100.0,36.666666666666664
2002,primary,PIKE,7,GALLOWAY RD COMM CT-BDGE,,,85.5,0.7542372881355988
2002,primary,PIKE,8,GOSHEN-VFD,,,87.09677419354838,1.5967741935483843
2002,primary,PIKE,9,HAMILTON CROSSROADS C OF C,,,85.5,35.62500000000001
2002,primary,PIKE,10,HENDERS0N-VFD,,,86.36363636363636,4.673495518565929
2002,primary,PIKE,11,JOSIE-COUNTY BLDG,,,64.86486486486487,16.216216216216218
2002,primary,PIKE,12,LITTLE OAK-COUNTY BLDG,,,85.5,0.0
2002,primary,PIKE,13,M_P_ CHURCH,,,85.5,0.0
2002,primary,PIKE,14,MEEKSVILLE-VFD,VTD2000-109-2,Meeksville Volunteer Fire Dept,100.0,13.63636363636364
2002,primary,PIKE,15,NEEDMORE CHILDS GROCERY,,,85.5,7.7727272727272805
2002,primary,PIKE,16,OAK BOWERY-CH OF CHRIST,,,90.0,0.0
2002,primary,PIKE,17,PARK MEMORIAL CHURCH,,,64.86486486486487,12.087087087087092
2002,primary,PIKE,18,PIKE COUNTY COURTHOUSE,,,76.0,7.707317073170742
2002,primary,PIKE,19,RURAL HOME-COUNTY BLDG,,,85.5,34.199999999999996
2002,primary,PIKE,20,SACO-VFD,VTD2000-109-7,Saco Volunteer Fire Dept,100.0,13.63636363636364
2002,primary,PIKE,21,SHELLHORN SCHOOL,VTD2000-109-26,Shell Horn School,96.96969696969697,46.96969696969697
2002,primary,PIKE,22,SPRINGHILL HOUSING AUTHORITY,,,59.64912280701755,3.399122807017548
2002,primary,PIKE,23,SPRINGHILL-VFD,VTD2000-109-17,Springhill Volunteer Fire Dept,100.0,13.63636363636364
2002,primary,PIKE,24,TARENTUM-COMM CLUBHOUSE,VTD2000-109-16,Community Clubhouse,95.0,17.807017543859658
2002,primary,PIKE,25,TENNILLE-TRAYWICKS SIGN CO,,,47.5,3.432203389830505
2002,primary,PIKE,26,TROY ADAMS ARMORY,VTD2000-109-6,Adams Armory,95.0,45.0
2002,primary,PIKE,27,TROY COMM COMPLEX,VTD2000-109-1,Troy Community Complex,100.0,36.58536585365854
2002,primary,SHELBY,1,ALABASTER CITY HALL ANNEX .1,,,85.5,36.98936170212766
2002,primary,SHELBY,2,ALABASTER CITY HALL ANNEX .2,,,85.5,36.98936170212766
2002,primary,SHELBY,3,ALABASTER CITY HALL ANNEX .3,,,85.5,36.98936170212766
2002,primary,SHELBY,4,AMERICAN LEGION HALL,VTD2000-117-15,American Legion Hall,100.0,45.945945945945944
2002,primary,SHELBY,5,CALERA RECREATION CENTER .1,,,57.692307692307686,2.790346907993957
2002,primary,SHELBY,6,CALERA RECREATION CENTER .2,,,57.692307692307686,2.790346907993957
2002,primary,SHELBY,7,CAMP BRANCH UNITED METH_CHURCH,,,92.3076923076923,6.807692307692307
2002,primary,SHELBY,8,CHELSEA FIRE HALL,,,68.42105263157895,15.479876160990706
2002,primary,SHELBY,9,CHELSEA MIDDLE SCHOOL .1,VTD2000-117-8,Chelsea Middle School,95.45454545454545,49.62121212121212
2002,primary,SHELBY,10,CHELSEA MIDDLE SCHOOL .2,VTD2000-117-8,Chelsea Middle School,95.45454545454545,49.62121212121212
2002,primary,SHELBY,11,DOGWOOD COMMUNITY CENTER,,,76.0,0.0
2002,primary,SHELBY,12,DUNNAVANT COMMUNITY CENTER,VTD2000-117-18,Dunnavant Community Center,100.0,21.568627450980387
2002,primary,SHELBY,13,ELLIOTSVILLE PRESBYT_ CHURCH 1,,,65.45454545454545,8.18181818181818
2002,primary,SHELBY,14,ELLIOTSVILLE PRESBYT_ CHURCH 2,,,65.45454545454545,8.18181818181818
2002,primary,SHELBY,15,ELLIOTSVILLE PRESBYT_ CHURCH 3,,,65.45454545454545,8.18181818181818
2002,primary,SHELBY,16,FIRST BAPTIST CHURCH BOX 1 .1,VTD2000-117-1,First Baptist Church,95.0,28.5
2002,primary,SHELBY,17,FIRST BAPTIST CHURCH BOX 1 .2,VTD2000-117-1,First Baptist Church,95.0,31.66666666666668
2002,primary,SHELBY,18,FIRST CHRISTIAN CHURCH .1,,,85.5,12.772727272727266
2002,primary,SHELBY,19,FIRST CHRISTIAN CHURCH .2,,,85.5,12.772727272727266
2002,primary,SHELBY,20,FOURMILE FIRE DEPARTMENT,,,44.608695652173914,2.808695652173917
2002,primary,SHELBY,21,HARPERSVILLE CITY HALL,VTD2000-117-10,Harpersville,90.0,23.33333333333333
2002,primary,SHELBY,22,HELENA UNITED METH CHURCH .1,,,64.51612903225806,7.912355447352404
2002,primary,SHELBY,23,HELENA UNITED METH CHURCH .2,,,64.51612903225806,7.912355447352404
2002,primary,SHELBY,24,HELENA UNITED METH CHURCH .3,,,64.51612903225806,7.912355447352404
2002,primary,SHELBY,25,HELENA UNITED METH CHURCH .4,,,64.51612903225806,7.912355447352404
2002,primary,SHELBY,26,HOOVER FIRE STATION .8 - .1,,,43.13725490196079,1.2767897856817214
2002,primary,SHELBY,27,HOOVER FIRE STATION .8 - .2,,,43.13725490196079,1.2767897856817214
2002,primary,SHELBY,28,LIBERTY BAPTIST CHURCH,,,85.71428571428572,0.2142857142857224
2002,primary,SHELBY,29,MAYLENE PENTECOSTAL LIGHTHOUSE,,,80.22222222222221,32.5751633986928
2002,primary,SHELBY,30,MEADOWBROOK BAPTIST CHURCH .1,,,78.23529411764704,14.901960784313722
2002,primary,SHELBY,31,MEADOWBROOK BAPTIST CHURCH .2,,,78.23529411764704,14.901960784313722
2002,primary,SHELBY,32,MEADOWBROOK BAPTIST CHURCH .3,,,78.23529411764704,14.901960784313722
2002,primary,SHELBY,33,MEADOWBROOK BAPTIST CHURCH .4,,,78.23529411764704,14.901960784313722
2002,primary,SHELBY,34,MONTEVALLO CITY HALL,VTD2000-117-4,Montevallo,90.0,24.23076923076924
2002,primary,SHELBY,35,NEW HOPE PRESBYTERIAN CHURCH 1,VTD2000-117-12,New Hope Presbyterian Church,100.0,40.74074074074075
2002,primary,SHELBY,36,NEW HOPE PRESBYTERIAN CHURCH 2,VTD2000-117-12,New Hope Presbyterian Church,100.0,40.74074074074075
2002,primary,SHELBY,37,NEW LIFE ASSEMBLY OF GOD,,,40.0,1.53846153846154
2002,primary,SHELBY,38,NORTH SHELBY BAPTIST CHURCH,,,78.23529411764704,8.059855521155825
2002,primary,SHELBY,39,ORR PARK MONTEVALLO,VTD2000-117-4,Montevallo,90.0,45.0
2002,primary,SHELBY,40,PEARIDGE COMMUNITY CENTER,VTD2000-117-20,Pea Ridge Community Center,98.0392156862745,18.039215686274503
2002,primary,SHELBY,41,PELHAM CIVIC COMPLEX .1,,,41.860465116279066,0.19379844961240167
2002,primary,SHELBY,42,PELHAM CIVIC COMPLEX .2,,,41.860465116279066,0.19379844961240167
2002,primary,SHELBY,43,PELHAM CIVIC COMPLEX .3,,,41.860465116279066,0.19379844961240167
2002,primary,SHELBY,44,PELHAM CIVIC COMPLEX .4,,,41.860465116279066,0.19379844961240167
2002,primary,SHELBY,45,RIVERCHASE CHURCH OF CHRIST .1,,,58.16326530612245,6.63784157730889
2002,primary,SHELBY,46,RIVERCHASE CHURCH OF CHRIST .2,,,58.16326530612245,6.63784157730889
2002,primary,SHELBY,47,RIVERCHASE CHURCH OF CHRIST .3,,,58.16326530612245,6.63784157730889
2002,primary,SHELBY,48,S_ SHADES CREST BAPTIST CHURCH,VTD2000-117-5,So Shades Crest Baptist Church,98.30508474576271,20.06979062811567
2002,primary,SHELBY,49,SHELBY SCHOOL,,,85.5,37.03846153846154
2002,primary,SHELBY,50,SHOAL CREEK TOWN HALL,,,50.0,1.2195121951219505
2002,primary,SHELBY,51,SILURIA DEPOT .1,,,40.0,0.10000000000000142
2002,primary,SHELBY,52,SILURIA DEPOT .2,,,40.0,0.10000000000000142
2002,primary,SHELBY,53,SPRING CREEK WATER AUTHORITY,VTD2000-117-2,Spring Creek Water Authority,100.0,55.29411764705882
2002,primary,SHELBY,54,ST_ THOMAS CATHOLIC CHURCH,VTD2000-117-21,St Thomas Apostle Catholic Church,95.0,36.37931034482758
2002,primary,SHELBY,55,THE CHURCH AT BROOKHILLS .1,VTD2000-117-13,Church At Brookhills,95.0,41.30434782608695
2002,primary,SHELBY,56,THE CHURCH AT BROOKHILLS .2,VTD2000-117-13,Church At Brookhills,95.0,41.30434782608695
2002,primary,SHELBY,57,UNIVERSITY BAPTIST-MONTEVALLO,VTD2000-117-4,Montevallo,90.0,36.93877551020409
2002,primary,SHELBY,58,VALLEYDALE BAPTIST CHURCH .1,,,78.23529411764704,13.357245337159242
2002,primary,SHELBY,59,VALLEYDALE BAPTIST CHURCH .2,,,78.23529411764704,13.357245337159242
2002,primary,SHELBY,60,VALLEYDALE BAPTIST CHURCH .3,,,78.23529411764704,13.357245337159242
2002,primary,SHELBY,61,VANDIVER VOLUNTEER FIRE DEPT,,,57.96610169491525,15.216101694915253
2002,primary,SHELBY,62,VINCENT CITY HALL,VTD2000-117-16,Vincent City Hall,100.0,45.945945945945944
2002,primary,SHELBY,63,WILSONVILLE METHODIST CHURCH,VTD2000-117-9,Wilsonville,90.0,20.90909090909092
2002,primary,SHELBY,64,WILTON MUNICIPAL ANNEX BLDG_,,,79.53488372093024,23.97932816537468
2002,primary,SAINTCLAIR,1,ASHVILLE NEW TOWN HALL,,,85.5,0.0
2002,primary,SAINTCLAIR,2,BRANCHVILLE-CUMBERLAND PRESBY_,,,43.44827586206897,2.0689655172413737
2002,primary,SAINTCLAIR,3,CHANDLER MTN COMMUNITY HOUSE,,,85.5,24.556603773584904
2002,primary,SAINTCLAIR,4,COOK SPRINGS FIRE DEPARTMENT,VTD2000-115-16,Cook Springs Fire Dept,100.0,24.52830188679245
2002,primary,SAINTCLAIR,5,CROPWELL CIVIC CENTER .1,VTD2000-115-19,Cropwell Civic Center,95.45454545454545,9.954545454545453
2002,primary,SAINTCLAIR,6,CROPWELL CIVIC CENTER .2,VTD2000-115-19,Cropwell Civic Center,95.45454545454545,9.954545454545453
2002,primary,SAINTCLAIR,7,EASONVILLE COOSA VALLEY SCH .1,,,78.68852459016394,29.74913065077
2002,primary,SAINTCLAIR,8,EASONVILLE COOSA VALLEY SCH .2,,,78.68852459016394,29.74913065077
2002,primary,SAINTCLAIR,9,EDEN OLD CITY HALL,,,90.0,0.0
2002,primary,SAINTCLAIR,10,FAIRVIEW CHURCH,VTD2000-115-21,Fairview Church,100.0,14.5
2002,primary,SAINTCLAIR,11,FRIENDSHIP VOLUNTEER FIRE,,,85.5,40.79411764705882
2002,primary,SAINTCLAIR,12,GREASY COVE PLEASANT VALLEY CH,,,85.5,15.658730158730165
2002,primary,SAINTCLAIR,13,GUM SPRINGS CHURCH,,,90.0,4.5
2002,primary,SAINTCLAIR,14,MARGARET CITY HALL,VTD2000-115-25,Margaret City Hall,100.0,10.0
2002,primary,SAINTCLAIR,15,MOODY CIVIC CENTER .1,VTD2000-115-17,Moody Civic Center,95.0,9.5
2002,primary,SAINTCLAIR,16,MOODY CIVIC CENTER .2,VTD2000-115-17,Moody Civic Center,95.0,9.5
2002,primary,SAINTCLAIR,17,MOODY CIVIC CENTER .3,VTD2000-115-17,Moody Civic Center,95.0,9.5
2002,primary,SAINTCLAIR,18,NEW LONDON FIRE HALL,,,85.5,0.0
2002,primary,SAINTCLAIR,19,ODENVILLE AGING CENTER,,,85.5,25.03488372093024
2002,primary,SAINTCLAIR,20,OLDHAM CHAPEL CHURCH ED_ BLDG_,,,85.5,21.192307692307693
2002,primary,SAINTCLAIR,21,PELL CITY BRIDGE BUILDERS .1,,,85.5,0.0
2002,primary,SAINTCLAIR,22,PELL CITY BRIDGE BUILDERS .2,,,85.5,0.0
2002,primary,SAINTCLAIR,23,PINEDALE CIVIC CENTER,,,85.5,6.333333333333343
2002,primary,SAINTCLAIR,24,POPLAR SPRINGS CHURCH,,,85.5,0.0
2002,primary,SAINTCLAIR,25,PRESCOTT COMMUNITY CENTER,VTD2000-115-23,Prescott Comm Center,100.0,10.0
2002,primary,SAINTCLAIR,26,RAGLAND TOWN HALL,,,85.5,0.0
2002,primary,SAINTCLAIR,27,RIVERSIDE CITY HALL,VTD2000-115-20,Riverside City Hall,100.0,10.0
2002,primary,SAINTCLAIR,28,SHOAL CREEK,,,90.0,4.5
2002,primary,SAINTCLAIR,29,SLATE UNION CHURCH,,,85.5,0.0
2002,primary,SAINTCLAIR,30,SPRINGVILLE ARMORY .1,,,90.0,4.5
2002,primary,SAINTCLAIR,31,SPRINGVILLE ARMORY .2,,,90.0,4.5
2002,primary,SAINTCLAIR,32,STEELE COMMUNITY CENTER,VTD2000-115-6,Community Center,95.0,9.5
2002,primary,SAINTCLAIR,33,WATTSVILLE FIRE DEPARTMENT,,,71.25,1.7378048780487774
2002,primary,SAINTCLAIR,34,WHITES CHAPEL CITY HALL,VTD2000-115-26,Whites Chapel City Hall,100.0,10.0
2002,primary,SAINTCLAIR,35,WOLF CREEK FIRE DEPARTMENT,VTD2000-115-14,Wolf Creek Road Fire Dept,95.0,16.568627450980387
2002,primary,TALLADEGA,1,B_N_ MABRA CENTER .1,,,85.5,45.26470588235294
2002,primary,TALLADEGA,2,B_N_ MABRA CENTER .2,,,85.5,45.26470588235294
2002,primary,TALLADEGA,3,B_N_ MABRA CENTER .3,,,85.5,45.26470588235294
2002,primary,TALLADEGA,4,BAMA .2,,,45.0,0.0
2002,primary,TALLADEGA,5,BEMISTON RECREATION CENTER,,,52.0,2.000000000000007
2002,primary,TALLADEGA,6,CITY HALL - BON AIR,,,71.25,20.955882352941174
2002,primary,TALLADEGA,7,CITY HALL - LINCOLN,,,71.25,20.955882352941174
2002,primary,TALLADEGA,8,CITY HALL - OAK GROVE,,,71.25,18.47222222222222
2002,primary,TALLADEGA,9,COUNTY LINE VOL FIRE DEPT_,,,85.5,0.0
2002,primary,TALLADEGA,10,EASTABOGA CLUB HOUSE,,,72.22222222222221,31.722222222222214
2002,primary,TALLADEGA,11,FIRE DEPTARTMENT FAYETTEVILLE,,,85.5,0.0
2002,primary,TALLADEGA,12,FIRE STATION - STEMLEY,,,85.5,38.0
2002,primary,TALLADEGA,13,GABLES CORNER - TALLADEGA,,,85.5,29.20370370370371
2002,primary,TALLADEGA,14,IRONATON - FIRE HALL,,,85.5,5.822580645161295
2002,primary,TALLADEGA,15,J_ CRAIG SMITH CMNTY CNTR .1,,,57.96610169491525,17.54791987673343
2002,primary,TALLADEGA,16,J_ CRAIG SMITH CMNTY CNTR .2,,,57.96610169491525,17.54791987673343
2002,primary,TALLADEGA,17,J_ CRAIG SMITH CMNTY CNTR .3,,,57.96610169491525,17.54791987673343
2002,primary,TALLADEGA,18,J_ CRAIG SMITH CMNTY CNTR .4,,,57.96610169491525,17.54791987673343
2002,primary,TALLADEGA,19,MUNFORD FIRE HALL,VTD2000-121-18,Mumford Fire Hall,94.11764705882352,8.617647058823522
2002,primary,TALLADEGA,20,NATIONAL GUARD ARMORY .1,VTD2000-121-5,Talladega National Guard Armory,90.68181818181817,43.8733075435203
2002,primary,TALLADEGA,21,NATIONAL GUARD ARMORY .2,VTD2000-121-5,Talladega National Guard Armory,90.68181818181817,43.8733075435203
2002,primary,TALLADEGA,22,NATIONAL GUARD ARMORY .3,VTD2000-121-5,Talladega National Guard Armory,90.68181818181817,43.8733075435203
2002,primary,TALLADEGA,23,NUTRITION STORE - SYCAMORE,VTD2000-121-13,Sycamore,90.0,44.166666666666664
2002,primary,TALLADEGA,24,OLD SILVER RUN SCHOOL,VTD2000-121-3,Old Silver Run School,100.0,48.18181818181818
2002,primary,TALLADEGA,25,R_S_ LIMBAUGH COMM CENTER .1,,,70.96774193548387,20.967741935483872
2002,primary,TALLADEGA,26,R_S_ LIMBAUGH COMM CENTER .2,,,70.96774193548387,20.967741935483872
2002,primary,TALLADEGA,27,RENFROE FIRE HALL,VTD2000-121-17,Renfroe Fire Hall,100.0,14.5
2002,primary,TALLADEGA,28,SPRING ST_ COMMUNITY CENTER .1,,,67.74193548387098,23.906319045514813
2002,primary,TALLADEGA,29,SPRING ST_ COMMUNITY CENTER .2,,,67.74193548387098,23.906319045514813
2002,primary,TALLADEGA,30,SPRING ST_ COMMUNITY CENTER .3,,,67.74193548387098,23.906319045514813
2002,primary,TALLADEGA,31,ST_ ANDREWS METHODIST CHURCH,,,40.909090909090914,0.9090909090909136
2002,primary,TALLADEGA,32,SULLIVAN-CURRY COMMUNITY CNTR,VTD2000-121-8,Sullivan Curry Comm Center,100.0,60.0
2002,primary,TALLADEGA,33,TALLADEGA COUNTY CENTRAL H_S_,,,85.5,0.0
2002,primary,TALLADEGA,34,VOL FIRE DEPARTMENT - LAY LAKE,,,85.5,0.0
2002,primary,TALLADEGA,35,WALDO FIRE HALL,,,85.5,0.0
2002,primary,TALLADEGA,36,WINTERBORO VOLUNTEER FIRE DEPT,,,85.5,0.0
2002,primary,TALLAPOOSA,1,A/C HOUSING AUTHORITY,,,47.5,0.3571428571428541
2002,primary,TALLAPOOSA,2,ALEX CITY FIRE STATION LK HILL,,,85.5,0.0
2002,primary,TALLAPOOSA,3,ALEX CITY NTL GUARD ARMORY .1,,,67.79661016949152,8.831092928112206
2002,primary,TALLAPOOSA,4,ALEX CITY NTL GUARD ARMORY .2,,,67.79661016949152,8.831092928112206
2002,primary,TALLAPOOSA,5,CAMP HILL CITY HALL .1,VTD2000-123-15,Camp Hill City Hall,95.0,39.18604651162791
2002,primary,TALLAPOOSA,6,CAMP HILL CITY HALL .2,VTD2000-123-15,Camp Hill City Hall,95.0,39.18604651162791
2002,primary,TALLAPOOSA,7,CHURCHHILL VOTING HOUSE,VTD2000-123-13,Churchhill Voting House,100.0,14.5
2002,primary,TALLAPOOSA,8,COWPENS VOTING HOUSE,,,90.0,4.5
2002,primary,TALLAPOOSA,9,DADEVILLE NATIONAL GUARD .1,VTD2000-123-7,Dadeville National Guard Armory,91.19999999999999,35.19999999999998
2002,primary,TALLAPOOSA,10,DADEVILLE NATIONAL GUARD .2,VTD2000-123-7,Dadeville National Guard Armory,91.19999999999999,35.19999999999998
2002,primary,TALLAPOOSA,11,DAVISTON COMMUNITY CENTER,VTD2000-123-17,Daviston Comm Center,100.0,14.5
2002,primary,TALLAPOOSA,12,DUDLEYVILLE VOTING HOUSE,VTD2000-123-16,Dudleyville Voting House,100.0,14.5
2002,primary,TALLAPOOSA,13,EAGLE CREEK VOTING HOUSE,,,90.0,4.5
2002,primary,TALLAPOOSA,14,HACKNEYVILLE VFD,,,85.5,0.0
2002,primary,TALLAPOOSA,15,HILLABEE ROAD VOTING HOUSE,VTD2000-123-3,Hillabee Rd Voting House,96.0,10.5
2002,primary,TALLAPOOSA,16,JACKSONS GAP VFD,,,85.5,28.0
2002,primary,TALLAPOOSA,17,LAUREL COOPER CENTER .1,,,85.5,0.0
2002,primary,TALLAPOOSA,18,LAUREL COOPER CENTER .2,,,85.5,0.0
2002,primary,TALLAPOOSA,19,MANOY VOTING HOUSE,VTD2000-123-8,Manoy Voting House,100.0,14.5
2002,primary,TALLAPOOSA,20,MARYS CROSS ROADS VOTING HOUSE,,,85.5,0.0
2002,primary,TALLAPOOSA,21,NEW SITE TOWN HALL,,,60.67741935483871,12.028770706190059
2002,primary,TALLAPOOSA,22,OURTOWN FIRE STATION,,,85.5,0.0
2002,primary,TALLAPOOSA,23,PACES PT FIRE STATION,VTD2000-123-9,Pace's Pt Fire Station,97.67441860465115,12.174418604651152
2002,primary,TALLAPOOSA,24,REELTOWN FIRE DEPARTMENT,,,90.0,4.5
2002,primary,TALLAPOOSA,25,TALLASSEE COMMUNITY LIBRARY,,,85.5,0.0
2002,primary,TALLAPOOSA,26,TAPLEYS APPLIANCE CENTER,,,85.5,0.0
2002,primary,TALLAPOOSA,27,UNION COMMUNITY BUILDING,VTD2000-123-10,Union Comm Bldg,100.0,14.5
2002,primary,TALLAPOOSA,28,WALL STREET COMMUNITY CENTER,,,75.47169811320755,5.906480721903208
2002,primary,TALLAPOOSA,29,WALNUT HILL WATER AUTHORITY,,,87.29729729729729,37.73207990599295
2002,primary,TUSCALOOSA,1,ABERNANT MASONIC LODGE,VTD2000-125-20,Abernant Masonic Lodge-Bucksville,90.0,19.428571428571445
2002,primary,TUSCALOOSA,2,BIG SANDY BAPTIST,,,90.0,4.5
2002,primary,TUSCALOOSA,3,BROOKWOOD TOWN HALL,,,85.5,27.605263157894733
2002,primary,TUSCALOOSA,4,CARROLLS CREEK VFD .1 - .1,,,85.5,0.0
2002,primary,TUSCALOOSA,5,CARROLLS CREEK VFD .1 - .2,,,85.5,0.0
2002,primary,TUSCALOOSA,6,CARROLLS CREEK VFD .2,,,85.5,0.0
2002,primary,TUSCALOOSA,7,CHAPEL HILL BAPTIST .1,,,90.25,4.75
2002,primary,TUSCALOOSA,8,CHAPEL HILL BAPTIST .2,,,90.25,4.75
2002,primary,TUSCALOOSA,9,COALING COMMUNITY,VTD2000-125-18,Coaling Community Center,95.0,9.5
2002,primary,TUSCALOOSA,10,COKER VFD,,,85.5,15.5
2002,primary,TUSCALOOSA,11,COTTONDALE COMM CHURCH .1,,,64.15094339622642,0.8176100628931025
2002,primary,TUSCALOOSA,12,COTTONDALE COMM CHURCH .2,,,64.15094339622642,0.8176100628931025
2002,primary,TUSCALOOSA,13,COTTONDALE METHODIST CHURCH .1,VTD2000-125-17,Cottondale Methodist,95.0,20.85365853658537
2002,primary,TUSCALOOSA,14,COTTONDALE METHODIST CHURCH .2,VTD2000-125-17,Cottondale Methodist,95.0,20.85365853658537
2002,primary,TUSCALOOSA,15,COURTHOUSE ANNEX .1,,,70.37037037037037,22.870370370370367
2002,primary,TUSCALOOSA,16,COURTHOUSE ANNEX .2,,,70.37037037037037,22.870370370370367
2002,primary,TUSCALOOSA,17,COURTHOUSE ANNEX .3,,,70.37037037037037,22.870370370370367
2002,primary,TUSCALOOSA,18,DUNCANVILLE VFD .1,VTD2000-125-27,Duncanville Fire Dept,95.0,9.5
2002,primary,TUSCALOOSA,19,DUNCANVILLE VFD .2,VTD2000-125-27,Duncanville Fire Dept,95.0,9.5
2002,primary,TUSCALOOSA,20,ECHOLA VFD,,,85.5,14.313559322033896
2002,primary,TUSCALOOSA,21,FLATWOODS ELEMENTARY SCHOOL .1,VTD2000-125-39,Flatwoods Elementary School,96.42857142857143,10.92857142857143
2002,primary,TUSCALOOSA,22,FLATWOODS ELEMENTARY SCHOOL .2,VTD2000-125-39,Flatwoods Elementary School,96.42857142857143,10.92857142857143
2002,primary,TUSCALOOSA,23,FOREST LAKE METHODIST .1,VTD2000-125-11,Forest Lake Methodist Church,90.68181818181817,25.56553911205073
2002,primary,TUSCALOOSA,24,FOREST LAKE METHODIST .2,VTD2000-125-11,Forest Lake Methodist Church,90.68181818181817,25.56553911205073
2002,primary,TUSCALOOSA,25,FOSTERS-RALPH VFD - FOSTER,,,85.5,0.0
2002,primary,TUSCALOOSA,26,FOSTERS-RALPH VFD - RALPH,,,85.5,0.0
2002,primary,TUSCALOOSA,27,HAGLER VFD,,,85.5,17.64285714285714
2002,primary,TUSCALOOSA,28,HILLCREST HIGH SCHOOL .1,VTD2000-125-24,Hillcrest High School,95.45454545454545,43.07359307359307
2002,primary,TUSCALOOSA,29,HILLCREST HIGH SCHOOL .2,VTD2000-125-24,Hillcrest High School,95.45454545454545,43.07359307359307
2002,primary,TUSCALOOSA,30,HILLCREST HIGH SCHOOL .3,VTD2000-125-24,Hillcrest High School,95.45454545454545,43.07359307359307
2002,primary,TUSCALOOSA,31,HOLT ARMORY .1,VTD2000-125-14,Holt Armory,95.0,49.99999999999999
2002,primary,TUSCALOOSA,32,HOLT ARMORY .2,VTD2000-125-14,Holt Armory,95.0,49.99999999999999
2002,primary,TUSCALOOSA,33,JAYCEE PARK .1,,,83.33333333333334,33.45833333333335
2002,primary,TUSCALOOSA,34,JAYCEE PARK .2,,,83.33333333333334,33.45833333333335
2002,primary,TUSCALOOSA,35,JAYCEE PARK .3,,,83.33333333333334,33.45833333333335
2002,primary,TUSCALOOSA,36,KELLERMAN VOTING BLDG,,,85.5,35.20588235294118
2002,primary,TUSCALOOSA,37,LAKEVIEW,,,56.25,8.25
2002,primary,TUSCALOOSA,38,MAYFIELD FIRE,,,85.5,0.0
2002,primary,TUSCALOOSA,39,McABEE CENTER .1,,,85.5,0.0
2002,primary,TUSCALOOSA,40,McABEE CENTER .2,,,85.5,0.0
2002,primary,TUSCALOOSA,41,McABEE CENTER .3,,,85.5,0.0
2002,primary,TUSCALOOSA,42,McDONALD HUGHES COMM .1,,,77.55102040816327,14.805922368947584
2002,primary,TUSCALOOSA,43,McDONALD HUGHES COMM .2,,,77.55102040816327,14.805922368947584
2002,primary,TUSCALOOSA,44,McDONALD HUGHES COMM .3,,,77.55102040816327,14.805922368947584
2002,primary,TUSCALOOSA,45,McFARLAND MALL .1,,,89.65517241379311,4.15517241379311
2002,primary,TUSCALOOSA,46,McFARLAND MALL .2,,,89.65517241379311,4.15517241379311
2002,primary,TUSCALOOSA,47,McFARLAND MALL .3,,,89.65517241379311,4.15517241379311
2002,primary,TUSCALOOSA,48,McFARLAND MALL .4,,,89.65517241379311,4.15517241379311
2002,primary,TUSCALOOSA,49,MONTGOMERY VFD,,,85.5,0.0
2002,primary,TUSCALOOSA,50,MOUNT OLIVE VFD,,,85.5,0.0
2002,primary,TUSCALOOSA,51,NORTHPORT CIVIC CENTER .1,VTD2000-125-38,Northport Civic Center,95.65217391304348,19.652173913043484
2002,primary,TUSCALOOSA,52,NORTHPORT CIVIC CENTER .2,VTD2000-125-38,Northport Civic Center,95.65217391304348,19.652173913043484
2002,primary,TUSCALOOSA,53,NORTHPORT CIVIC CENTER .3,VTD2000-125-38,Northport Civic Center,95.65217391304348,19.652173913043484
2002,primary,TUSCALOOSA,54,NORTHPORT COMMUNITY CENTER .1,VTD2000-125-37,Northport Community Center,96.2962962962963,16.296296296296305
2002,primary,TUSCALOOSA,55,NORTHPORT COMMUNITY CENTER .2,VTD2000-125-37,Northport Community Center,96.2962962962963,16.296296296296305
2002,primary,TUSCALOOSA,56,OLD SAMANTHA SCHOOL,VTD2000-125-29,Old Samantha School,100.0,14.5
2002,primary,TUSCALOOSA,57,PETERSON METHODIST,VTD2000-125-15,Peterson Methodist Church,95.0,9.5
2002,primary,TUSCALOOSA,58,PHELPS CENTER .1,,,85.5,0.0
2002,primary,TUSCALOOSA,59,PHELPS CENTER .2,,,85.5,0.0
2002,primary,TUSCALOOSA,60,ROMULUS VFD,,,67.85714285714286,0.11520737327188613
2002,primary,TUSCALOOSA,61,SAMANTHA VFD,,,85.5,6.879310344827587
2002,primary,TUSCALOOSA,62,SHERIFFS OFFICE FIRING RANGE,,,43.63636363636364,1.3286713286713265
2002,primary,TUSCALOOSA,63,SIPSEY VALLEY VFD - BUHL,,,85.5,0.0
2002,primary,TUSCALOOSA,64,SIPSEY VALLEY VFD - ELROD,,,85.5,0.0
2002,primary,TUSCALOOSA,65,SKYLAND ELEMENTARY .1,,,85.5,0.0
2002,primary,TUSCALOOSA,66,SKYLAND ELEMENTARY .2,,,85.5,0.0
2002,primary,TUSCALOOSA,67,SKYLAND ELEMENTARY .3,,,85.5,0.0
2002,primary,TUSCALOOSA,68,SKYLAND OAKS RETIREMENT .1,VTD2000-125-6,Skyland Oaks Retirement Center,91.04166666666666,41.98506289308175
2002,primary,TUSCALOOSA,69,SKYLAND OAKS RETIREMENT .2,VTD2000-125-6,Skyland Oaks Retirement Center,91.04166666666666,41.98506289308175
2002,primary,TUSCALOOSA,70,SOUTHSIDE COMMUNITY .1,VTD2000-125-4,Southside Community Center,90.25,25.25
2002,primary,TUSCALOOSA,71,SOUTHSIDE COMMUNITY .2,VTD2000-125-4,Southside Community Center,90.25,25.25
2002,primary,TUSCALOOSA,72,SPRAYBERRY REGIONAL ED CTR .1,,,85.5,36.443396226415096
2002,primary,TUSCALOOSA,73,SPRAYBERRY REGIONAL ED CTR .2,,,85.5,36.443396226415096
2002,primary,TUSCALOOSA,74,STILLMAN COLLEGE .1,VTD2000-125-2,Stillman College,95.0,45.0
2002,primary,TUSCALOOSA,75,STILLMAN COLLEGE .2,VTD2000-125-2,Stillman College,95.0,45.0
2002,primary,TUSCALOOSA,76,STILLMAN COLLEGE .3,VTD2000-125-2,Stillman College,95.0,45.0
2002,primary,TUSCALOOSA,77,STILLMAN COLLEGE .4,VTD2000-125-2,Stillman College,95.0,45.0
2002,primary,TUSCALOOSA,78,TANNEHILL VALLEY BAPTIST,,,56.00000000000001,9.5483870967742
2002,primary,TUSCALOOSA,79,TUSCALOOSA ACADEMY .1,,,87.6923076923077,44.49230769230769
2002,primary,TUSCALOOSA,80,TUSCALOOSA ACADEMY .2,,,87.6923076923077,44.49230769230769
2002,primary,TUSCALOOSA,81,TUSCALOOSA ACADEMY .3,,,87.6923076923077,44.49230769230769
2002,primary,TUSCALOOSA,82,TUSCALOOSA ACADEMY .4,,,87.6923076923077,44.49230769230769
2002,primary,TUSCALOOSA,83,U OF A RECREATION CENTER .1,,,65.21739130434783,8.07453416149069
2002,primary,TUSCALOOSA,84,U OF A RECREATION CENTER .2,,,65.21739130434783,8.07453416149069
2002,primary,TUSCALOOSA,85,U OF A RECREATION CENTER .3,,,65.21739130434783,8.07453416149069
2002,primary,TUSCALOOSA,86,UNITY BAPTIST,,,85.5,0.0
2002,primary,TUSCALOOSA,87,UNIVERSITY MALL .1,,,95.0,0.0
2002,primary,TUSCALOOSA,88,UNIVERSITY MALL .2,,,95.0,0.0
2002,primary,TUSCALOOSA,89,UNIVERSITY MALL .3,,,95.0,0.0
2002,primary,TUSCALOOSA,90,VANCE COMMUNITY,VTD2000-125-19,Vance Community Center,95.0,9.5
2002,primary,TUSCALOOSA,91,VESTAVIA HILLS ELEMENTARY .1,VTD2000-125-8,Vestavia Hills Elementary School,91.34615384615385,38.568376068376075
2002,primary,TUSCALOOSA,92,VESTAVIA HILLS ELEMENTARY .2,VTD2000-125-8,Vestavia Hills Elementary School,91.34615384615385,38.568376068376075
2002,primary,TUSCALOOSA,93,WHITSON UNITED METH CHURCH,,,67.05882352941177,11.503267973856211
2002,primary,TUSCALOOSA,94,WINDHAM SPRINGS CHURCH,VTD2000-125-33,Windham Springs Baptist Church,95.0,9.5
2002,primary,TUSCALOOSA,95,YELLOW CREEK VFD,VTD2000-125-31,Yellow Creek Fire Dept,95.0,9.5
2002,primary,WASHINGTON,1,BIGBEE,VTD2000-129-3,Frankville Fire House-Bigbee,90.0,29.999999999999993
2002,primary,WASHINGTON,2,CALVERT,VTD2000-129-13,Malcolm-Calvert,90.0,38.57142857142858
2002,primary,WASHINGTON,3,CHARITY CHAPEL,VTD2000-129-10,Deer Park-Charity Chapel,90.0,22.941176470588232
2002,primary,WASHINGTON,4,CHATOM .1 COURTHOUSE,VTD2000-129-17,Chatom,90.0,34.99999999999999
2002,primary,WASHINGTON,5,CHATOM .2 COURTHOUSE,VTD2000-129-17,Chatom,90.0,34.99999999999999
2002,primary,WASHINGTON,6,COPELAND VFD,,,85.5,0.0
2002,primary,WASHINGTON,7,DEER PARK VFD,,,85.5,33.68181818181818
2002,primary,WASHINGTON,8,EPWORTH VFD,,,90.0,4.5
2002,primary,WASHINGTON,9,FAIRFORD VFD,,,90.0,4.5
2002,primary,WASHINGTON,10,FRANKVILLE VFD,,,85.5,19.220930232558146
2002,primary,WASHINGTON,11,FRUITDALE VFD,,,85.5,27.673913043478265
2002,primary,WASHINGTON,12,HOBSON VFD,,,85.5,0.0
2002,primary,WASHINGTON,13,JORDAN,,,54.0,0.0
2002,primary,WASHINGTON,14,KOENTON,VTD2000-129-4,Koenton-Loper,90.0,38.699999999999996
2002,primary,WASHINGTON,15,LATON HILL,VTD2000-129-2,Laton Hill Fire House,90.0,36.0
2002,primary,WASHINGTON,16,LEROY - CARSON,,,51.85185185185186,5.215488215488229
2002,primary,WASHINGTON,17,LOPER,VTD2000-129-4,Koenton-Loper,90.0,18.0
2002,primary,WASHINGTON,18,MALCOLM,VTD2000-129-13,Malcolm-Calvert,90.0,40.909090909090914
2002,primary,WASHINGTON,19,MCINTOSH .1,VTD2000-129-14,McIntosh,95.0,50.0
2002,primary,WASHINGTON,20,MCINTOSH .2,VTD2000-129-14,McIntosh,95.0,50.0
2002,primary,WASHINGTON,21,MCINTOSH .3,VTD2000-129-14,McIntosh,95.0,50.0
2002,primary,WASHINGTON,22,MILLRY .1 VFD,,,85.5,0.0
2002,primary,WASHINGTON,23,MILLRY .2 CITY HALL,,,54.54545454545454,2.164502164502153
2002,primary,WASHINGTON,24,RED CREEK VFD,,,85.5,0.0
2002,primary,WASHINGTON,25,SEABOARD,VTD2000-129-8,Tibbie-Seaboard,90.0,40.0
2002,primary,WASHINGTON,26,SIMS CHAPEL,VTD2000-129-11,Sims Chapel,100.0,14.5
2002,primary,WASHINGTON,27,ST_ STEPHENS,VTD2000-129-1,St Stephens-Hobson,90.0,42.0
2002,primary,WASHINGTON,28,SUNFLOWER,VTD2000-129-15,Sunflower-Wagarville,90.0,44.54545454545454
2002,primary,WASHINGTON,29,TIBBIE VFD,,,85.5,0.0
2002,primary,WASHINGTON,30,WAGARVILLE VFD,,,85.5,0.0
2002,primary,WASHINGTON,31,YELLOW PINE,VTD2000-129-7,Yellow Pine-Fruitdale Fire House,90.0,43.36363636363637
2002,primary,WILCOX,1,ALBERTA OLD ELEMENTARY SCHOOL,VTD2000-131-4002-4,Alberta,90.0,38.57142857142858
2002,primary,WILCOX,2,ALLENTON GW WATTS ELEMENTARY,VTD2000-131-2001,Allenton,90.0,34.61538461538461
2002,primary,WILCOX,3,ARLINGTON COMMUNITY CENTER,,,56.25,4.8214285714285765
2002,primary,WILCOX,4,BOYKIN NUTRITION CENTER,VTD2000-131-4001,Boykin,90.0,40.909090909090914
2002,primary,WILCOX,5,BRIDGEPORT NATIONAL GUARD,VTD2000-131-2007,Bridgeport,90.0,21.794871794871796
2002,primary,WILCOX,6,CALEDONIA EM JONES,,,60.00000000000001,5.4545454545454675
2002,primary,WILCOX,7,CLIFTON,,,64.28571428571429,8.901098901098905
2002,primary,WILCOX,8,COY PUBLIC SCHOOL HOUSE,,,85.5,34.07142857142858
2002,primary,WILCOX,9,FURMAN BARLOW STORE,VTD2000-131-2002,Furman,90.0,37.05882352941176
2002,primary,WILCOX,10,GRAMPIN HILLS NATIONAL GUARD,,,80.0,16.66666666666668
2002,primary,WILCOX,11,LOWER PEACHTREE COMMUNITY CNTR,,,90.0,0.0
2002,primary,WILCOX,12,MAGNOLIA PEBBLE HOLY CROSS,,,90.0,4.5
2002,primary,WILCOX,13,NATIONAL GUARD ARMORY CAMDEN,,,81.42857142857142,29.999999999999993
2002,primary,WILCOX,14,OLD CANTON BEND SCHOOL,VTD2000-131-5004,Canton Bend,90.0,33.75
2002,primary,WILCOX,15,OLD CANTON PORTABLE BUILDING,,,85.5,29.25
2002,primary,WILCOX,16,PINE APPLE FIRE STATION,,,90.0,4.5
2002,primary,WILCOX,17,PINE HILL CITY HALL,,,90.0,4.5
2002,primary,WILCOX,18,PINE HILL MIDDLE SCHOOL,,,90.0,4.5
2002,primary,WILCOX,19,PRAIRIE BLUFF-CATHERINE-STORE,,,90.0,4.5
2002,primary,WILCOX,20,SEDAN PORTABLE BUILDING,VTD2000-131-3004,Sedan,90.0,38.699999999999996
2002,primary,WILCOX,21,SHADY ACRES,VTD2000-131-2004,Shady Acres,100.0,46.0
2002,primary,WILCOX,22,SNOW HILL ST_ PAUL AME CHURCH,,,90.0,4.5
2002,primary,WILCOX,23,SOUTHEAST CAMDEN CRTHS ANNEX,,,85.5,27.673913043478258
2002,primary,WILCOX,24,SUNNY SOUTH COUNTY ROAD 1,VTD2000-131-6005,Sunny South,90.0,45.0
2002,primary,WILCOX,25,VOL_ BLDG_ - ANNEMANIE,VTD2000-131-5001,Annemanie,90.0,34.61538461538461
2002,primary,WILCOX,26,WESTGATE PARK,,,42.85714285714286,0.0
2002,primary,WILCOX,27,YELLOW BLUFF CITY HALL,,,90.0,0.0
2002,primary,WINSTON,1,A R C BUILDING,,,45.0,0.39130434782608603
2002,primary,WINSTON,2,ADDISON COMMUNITY CENTER,VTD2000-133-7,Addison Community Center,100.0,24.0
2002,primary,WINSTON,3,ARLEY FIRE STATION & BETHEL BX,,,85.5,0.0
2002,primary,WINSTON,4,ASHRIDGE FIRE STATION,,,75.55555555555556,2.384823848238483
2002,primary,WINSTON,5,DELMAR,VTD2000-133-10,Delmar-Natural Bridges,90.0,27.818181818181813
2002,primary,WINSTON,6,DOUBLE SPRINGS COMM CENTER .1,VTD2000-133-1,Double Springs Community Center,96.875,20.875
2002,primary,WINSTON,7,DOUBLE SPRINGS COMM CENTER .2,VTD2000-133-1,Double Springs Community Center,96.875,20.875
2002,primary,WINSTON,8,HALEYVILLE CITY HALL,VTD2000-133-2,Haleyville-City Hall-VFW-National Guard Arm,90.0,37.05882352941176
2002,primary,WINSTON,9,HALEYVILLE HOUSING AUTHORITY,,,85.5,40.79411764705882
2002,primary,WINSTON,10,HELICAN FIRE STATION,VTD2000-133-9,Helicon Fire Station,95.0,37.55813953488372
2002,primary,WINSTON,11,HOUSTON FIRE STATION,,,80.0,5.581395348837205
2002,primary,WINSTON,12,LYNN CITY HALL,,,85.5,6.928571428571431
2002,primary,WINSTON,13,MORELAND FIRE STATION,,,78.04878048780488,17.24878048780488
2002,primary,WINSTON,14,NATURAL BRIDGE,VTD2000-133-10,Delmar-Natural Bridges,90.0,38.57142857142858
2002,primary,WINSTON,15,NEEDMORE / HOME ZONE,,,45.714285714285715,7.10138248847926
2002,primary,WINSTON,16,NEIGHBORHOOD FCLTY_ BUILDING,,,37.05882352941176,0.32412965186074416
2002,primary,WINSTON,17,NESMITH COMMUNITY CENTER,,,76.0,0.0
2002,primary,WINSTON,18,O MARYS MILL,,,45.0,0.0
2002,primary,WINSTON,19,PEBBLE FIRE HOUSE,,,48.64864864864865,1.2802275960170704
2002,primary,WINSTON,20,POPLAR SPRINGS/SPORTSMANS CLUB,,,72.72727272727273,20.26825633383011
2002,primary,WINSTON,21,S_HALEYVILLE SCOUT HEADQUARTER,,,54.794520547945204,7.735697018533443
2002,primary,WINSTON,22,UPSHAW FRIENDSHIP CHURCH,,,38.297872340425535,0.7978723404255348
2002,primary,COLBERT,1,Unnamed: 4,,,41.53846153846154,3.53846153846154
2002,primary,COLBERT,2,Unnamed: 5,,,41.53846153846154,3.53846153846154
2002,primary,COLBERT,3,Unnamed: 6,,,41.53846153846154,3.53846153846154
2002,primary,COLBERT,4,Unnamed: 7,,,41.53846153846154,3.53846153846154
2002,primary,COLBERT,5,Unnamed: 8,,,41.53846153846154,3.53846153846154
2002,primary,COLBERT,6,Unnamed: 9,,,41.53846153846154,3.53846153846154
2002,primary,COLBERT,7,Unnamed: 10,,,38.57142857142858,2.5714285714285765
2002,primary,COLBERT,8,Unnamed: 11,,,38.57142857142858,2.5714285714285765
2002,primary,COLBERT,9,Unnamed: 12,,,38.57142857142858,2.5714285714285765
2002,primary,COLBERT,10,Unnamed: 13,,,38.57142857142858,2.5714285714285765
2002,primary,COLBERT,11,Unnamed: 14,,,38.57142857142858,2.5714285714285765
2002,primary,COLBERT,12,Unnamed: 15,,,38.57142857142858,2.5714285714285765
2002,primary,COLBERT,13,Unnamed: 16,,,38.57142857142858,2.5714285714285765
2002,primary,COLBERT,14,Unnamed: 17,,,42.75,4.1785714285714235
2002,primary,COLBERT,15,Unnamed: 18,,,38.57142857142858,2.5714285714285765
2002,primary,COLBERT,16,Unnamed: 19,,,38.57142857142858,2.5714285714285765
2002,primary,COLBERT,17,Unnamed: 20,,,38.57142857142858,2.5714285714285765
2002,primary,COLBERT,18,Unnamed: 21,,,38.57142857142858,2.5714285714285765
2002,primary,COLBERT,19,Unnamed: 22,,,38.57142857142858,2.5714285714285765
2002,primary,COLBERT,20,Unnamed: 23,,,38.57142857142858,2.5714285714285765
2002,primary,COLBERT,21,Unnamed: 24,,,45.6,7.028571428571425
2002,primary,COLBERT,22,Unnamed: 25,,,38.57142857142858,2.5714285714285765
2002,primary,COLBERT,23,Unnamed: 26,,,38.57142857142858,2.5714285714285765
2002,primary,COLBERT,24,Unnamed: 27,,,45.6,7.028571428571425
2002,primary,COLBERT,25,Unnamed: 28,,,38.57142857142858,2.5714285714285765
2002,primary,COLBERT,26,Unnamed: 29,,,38.57142857142858,2.5714285714285765
2002,primary,CULLMAN,1,Unnamed: 4,,,45.6,4.061538461538461
2002,primary,CULLMAN,2,Unnamed: 5,,,45.6,4.061538461538461
2002,primary,CULLMAN,3,Unnamed: 6,,,45.6,4.061538461538461
2002,primary,CULLMAN,4,Unnamed: 7,,,45.6,4.061538461538461
2002,primary,CULLMAN,5,Unnamed: 8,,,45.6,4.061538461538461
2002,primary,CULLMAN,6,Unnamed: 9,,,45.6,4.061538461538461
2002,primary,CULLMAN,7,Unnamed: 10,,,42.75,4.1785714285714235
2002,primary,CULLMAN,8,Unnamed: 11,,,42.75,4.1785714285714235
2002,primary,CULLMAN,9,Unnamed: 12,,,42.75,4.1785714285714235
2002,primary,CULLMAN,10,Unnamed: 13,,,42.75,4.1785714285714235
2002,primary,CULLMAN,11,Unnamed: 14,,,42.75,4.1785714285714235
2002,primary,CULLMAN,12,Unnamed: 15,,,42.75,4.1785714285714235
2002,primary,CULLMAN,13,Unnamed: 16,,,42.75,4.1785714285714235
2002,primary,CULLMAN,14,Unnamed: 17,,,42.75,4.1785714285714235
2002,primary,CULLMAN,15,Unnamed: 18,,,42.75,4.1785714285714235
2002,primary,CULLMAN,16,Unnamed: 19,,,42.75,4.1785714285714235
2002,primary,CULLMAN,17,Unnamed: 20,,,42.75,4.1785714285714235
2002,primary,CULLMAN,18,Unnamed: 21,,,42.75,4.1785714285714235
2002,primary,CULLMAN,19,Unnamed: 22,,,42.75,4.1785714285714235
2002,primary,CULLMAN,20,Unnamed: 23,,,42.75,4.1785714285714235
2002,primary,CULLMAN,21,Unnamed: 24,,,42.75,4.1785714285714235
2002,primary,LAMAR,1,Unnamed: 4,,,52.94117647058824,12.941176470588239
2002,primary,LAMAR,2,Unnamed: 5,,,52.94117647058824,12.941176470588239
2002,primary,LAMAR,3,Unnamed: 6,,,52.94117647058824,12.941176470588239
2002,primary,LAMAR,4,Unnamed: 7,,,52.94117647058824,12.941176470588239
2002,primary,LAMAR,5,Unnamed: 8,,,52.94117647058824,12.941176470588239
2002,primary,LAMAR,6,Unnamed: 9,,,52.94117647058824,12.941176470588239
2002,primary,LAMAR,7,Unnamed: 10,,,41.666666666666664,1.6666666666666643
2002,primary,LAMAR,8,Unnamed: 11,,,41.666666666666664,1.6666666666666643
2002,primary,LAMAR,9,Unnamed: 12,,,41.666666666666664,1.6666666666666643
2002,primary,LAMAR,10,Unnamed: 13,,,41.666666666666664,1.6666666666666643
2002,primary,LAMAR,11,Unnamed: 14,,,41.666666666666664,1.6666666666666643
2002,primary,LAMAR,12,Unnamed: 15,,,41.666666666666664,1.6666666666666643
2002,primary,LAMAR,13,Unnamed: 16,,,41.666666666666664,1.6666666666666643
2002,primary,LAMAR,14,Unnamed: 17,,,41.666666666666664,1.6666666666666643
2002,primary,LAMAR,15,Unnamed: 18,,,41.666666666666664,1.6666666666666643
2002,primary,LAMAR,16,Unnamed: 19,,,41.666666666666664,1.6666666666666643
2002,primary,LAMAR,17,Unnamed: 20,,,41.666666666666664,1.6666666666666643
2002,primary,LAMAR,18,Unnamed: 21,,,41.666666666666664,1.6666666666666643
2002,primary,LAMAR,19,Unnamed: 22,,,41.666666666666664,1.6666666666666643
2002,primary,LAMAR,20,Unnamed: 23,,,41.666666666666664,1.6666666666666643
2002,primary,LAMAR,21,Unnamed: 24,,,41.666666666666664,1.6666666666666643
2002,primary,LAMAR,22,Unnamed: 25,,,41.666666666666664,1.6666666666666643
2002,primary,LAMAR,23,Unnamed: 26,,,41.666666666666664,1.6666666666666643
2002,primary,PERRY,1,Unnamed: 4,,,40.0,1.4285714285714235
2002,primary,PERRY,2,Unnamed: 5,,,40.0,1.4285714285714235
2002,primary,PERRY,3,Unnamed: 6,,,40.0,1.4285714285714235
2002,primary,PERRY,4,Unnamed: 7,,,40.0,1.4285714285714235
2002,primary,PERRY,5,Unnamed: 8,,,40.0,1.4285714285714235
2002,primary,PERRY,6,Unnamed: 9,,,40.0,1.4285714285714235
2002,primary,PERRY,7,Unnamed: 10,,,37.89473684210526,1.8947368421052602
2002,primary,PERRY,8,Unnamed: 11,,,37.89473684210526,1.8947368421052602
2002,primary,PERRY,9,Unnamed: 12,,,37.89473684210526,1.8947368421052602
2002,primary,PERRY,10,Unnamed: 13,,,37.89473684210526,1.8947368421052602
2002,primary,PERRY,11,Unnamed: 14,,,37.89473684210526,1.8947368421052602
2002,primary,PERRY,12,Unnamed: 15,,,37.89473684210526,1.8947368421052602
2002,primary,PERRY,13,Unnamed: 16,,,37.89473684210526,1.8947368421052602
2002,primary,PERRY,14,Unnamed: 17,,,37.89473684210526,1.8947368421052602
2002,primary,PERRY,15,Unnamed: 18,,,37.89473684210526,1.8947368421052602
2002,primary,PERRY,16,Unnamed: 19,,,37.89473684210526,1.8947368421052602
2002,primary,PERRY,17,Unnamed: 20,,,37.89473684210526,1.8947368421052602
2002,primary,PERRY,18,Unnamed: 21,,,37.89473684210526,1.8947368421052602
2002,primary,PERRY,19,Unnamed: 22,,,37.89473684210526,1.8947368421052602
2002,primary,PERRY,20,Unnamed: 23,,,37.89473684210526,1.8947368421052602
2002,primary,PERRY,21,Unnamed: 24,,,37.89473684210526,1.8947368421052602
2002,primary,PERRY,22,Unnamed: 25,,,37.89473684210526,1.8947368421052602
2002,primary,PERRY,23,Unnamed: 26,,,37.89473684210526,1.8947368421052602
2002,primary,PERRY,24,Unnamed: 27,,,37.89473684210526,1.8947368421052602
2002,primary,PERRY,25,Unnamed: 28,,,37.89473684210526,1.8947368421052602
2002,primary,PERRY,26,Unnamed: 29,,,37.89473684210526,1.8947368421052602
2002,primary,PERRY,27,Unnamed: 30,,,37.89473684210526,1.8947368421052602
2002,primary,PERRY,28,Unnamed: 31,,,37.89473684210526,1.8947368421052602
2002,primary,PERRY,29,Unnamed: 32,,,37.89473684210526,1.8947368421052602
2002,primary,MONROE,1,Unnamed: 4,,,56.25,8.25
2002,primary,MONROE,2,Unnamed: 5,,,56.25,8.25
2002,primary,MONROE,3,Unnamed: 6,,,56.25,8.25
2002,primary,MONROE,4,Unnamed: 7,,,56.25,8.25
2002,primary,MONROE,5,Unnamed: 8,,,56.25,8.25
2002,primary,MONROE,6,Unnamed: 9,,,56.25,8.25
2002,primary,MONROE,7,Unnamed: 10,,,52.94117647058824,7.941176470588239
2002,primary,MONROE,8,Unnamed: 11,,,52.94117647058824,7.941176470588239
2002,primary,MONROE,9,Unnamed: 12,,,52.94117647058824,7.941176470588239
2002,primary,MONROE,10,Unnamed: 13,,,52.94117647058824,7.941176470588239
2002,primary,MONROE,11,Unnamed: 14,,,52.94117647058824,7.941176470588239
2002,primary,MONROE,12,Unnamed: 15,,,52.94117647058824,7.941176470588239
2002,primary,MONROE,13,Unnamed: 16,,,52.94117647058824,7.941176470588239
2002,primary,MONROE,14,Unnamed: 17,,,52.94117647058824,7.941176470588239
2002,primary,MONROE,15,Unnamed: 18,,,52.94117647058824,7.941176470588239
2002,primary,MONROE,16,Unnamed: 19,,,52.94117647058824,7.941176470588239
2002,primary,MONROE,17,Unnamed: 20,,,52.94117647058824,7.941176470588239
2002,primary,MONROE,18,Unnamed: 21,,,52.94117647058824,7.941176470588239
2002,primary,MONROE,19,Unnamed: 22,,,52.94117647058824,7.941176470588239
2002,primary,MONROE,20,Unnamed: 23,,,52.94117647058824,7.941176470588239
2002,primary,MONROE,21,Unnamed: 24,,,52.94117647058824,7.941176470588239
2002,primary,MONROE,22,Unnamed: 25,,,52.94117647058824,7.941176470588239
2002,primary,MONROE,23,Unnamed: 26,,,52.94117647058824,7.941176470588239
2002,primary,MONROE,24,Unnamed: 27,,,52.94117647058824,7.941176470588239
2002,primary,MONROE,25,Unnamed: 28,,,52.94117647058824,7.941176470588239
2002,primary,MONROE,26,Unnamed: 29,,,52.94117647058824,7.941176470588239
2002,primary,MONROE,27,Unnamed: 30,,,52.94117647058824,7.941176470588239
2002,primary,MONROE,28,Unnamed: 31,,,52.94117647058824,7.941176470588239
2002,primary,MONROE,29,Unnamed: 32,,,52.94117647058824,7.941176470588239
2002,primary,PICKENS,1,Unnamed: 4,,,41.53846153846154,1.53846153846154
2002,primary,PICKENS,2,Unnamed: 5,,,41.53846153846154,1.53846153846154
2002,primary,PICKENS,3,Unnamed: 6,,,41.53846153846154,1.53846153846154
2002,primary,PICKENS,4,Unnamed: 7,,,41.53846153846154,1.53846153846154
2002,primary,PICKENS,5,Unnamed: 8,,,41.53846153846154,1.53846153846154
2002,primary,PICKENS,6,Unnamed: 9,,,41.53846153846154,1.53846153846154
2002,primary,PICKENS,7,Unnamed: 10,,,38.57142857142858,0.6766917293233163
2002,primary,PICKENS,8,Unnamed: 11,,,38.57142857142858,0.6766917293233163
2002,primary,PICKENS,9,Unnamed: 12,,,38.57142857142858,0.6766917293233163
2002,primary,PICKENS,10,Unnamed: 13,,,38.57142857142858,0.6766917293233163
2002,primary,PICKENS,11,Unnamed: 14,,,38.57142857142858,0.6766917293233163
2002,primary,PICKENS,12,Unnamed: 15,,,38.57142857142858,0.6766917293233163
2002,primary,PICKENS,13,Unnamed: 16,,,38.57142857142858,0.6766917293233163
2002,primary,PICKENS,14,Unnamed: 17,,,38.57142857142858,0.6766917293233163
2002,primary,PICKENS,15,Unnamed: 18,,,38.57142857142858,0.6766917293233163
2002,primary,PICKENS,16,Unnamed: 19,,,38.57142857142858,0.6766917293233163
2002,primary,PICKENS,17,Unnamed: 20,,,38.57142857142858,0.6766917293233163
2002,primary,PICKENS,18,Unnamed: 21,,,38.57142857142858,0.6766917293233163
2002,primary,PICKENS,19,Unnamed: 22,,,38.57142857142858,0.6766917293233163
2002,primary,PICKENS,20,Unnamed: 23,,,38.57142857142858,0.6766917293233163
2002,primary,PICKENS,21,Unnamed: 24,,,38.57142857142858,0.6766917293233163
2002,primary,PICKENS,22,Unnamed: 25,,,38.57142857142858,0.6766917293233163
2002,primary,RANDOLPH,1,Unnamed: 4,,,42.75,2.75
2002,primary,RANDOLPH,2,Unnamed: 5,,,42.75,2.75
2002,primary,RANDOLPH,3,Unnamed: 6,,,42.75,2.75
2002,primary,RANDOLPH,4,Unnamed: 7,,,42.75,2.75
2002,primary,RANDOLPH,5,Unnamed: 8,,,42.75,2.75
2002,primary,RANDOLPH,6,Unnamed: 9,,,42.75,2.75
2002,primary,RANDOLPH,7,Unnamed: 10,,,42.75,4.85526315789474
2002,primary,RANDOLPH,8,Unnamed: 11,,,42.75,4.85526315789474
2002,primary,RANDOLPH,9,Unnamed: 12,,,42.75,4.85526315789474
2002,primary,RANDOLPH,10,Unnamed: 13,,,42.75,4.85526315789474
2002,primary,RANDOLPH,11,Unnamed: 14,,,42.75,4.85526315789474
2002,primary,RANDOLPH,12,Unnamed: 15,,,42.75,4.85526315789474
2002,primary,RANDOLPH,13,Unnamed: 16,,,42.75,4.85526315789474
2002,primary,RANDOLPH,14,Unnamed: 17,,,42.75,4.85526315789474
2002,primary,RANDOLPH,15,Unnamed: 18,,,42.75,4.85526315789474
2002,primary,RANDOLPH,16,Unnamed: 19,,,42.75,4.85526315789474
2002,primary,RANDOLPH,17,Unnamed: 20,,,42.75,4.85526315789474
2002,primary,RANDOLPH,18,Unnamed: 21,,,42.75,4.85526315789474
2002,primary,RANDOLPH,19,Unnamed: 22,,,42.75,4.85526315789474
2002,primary,RANDOLPH,20,Unnamed: 23,,,42.75,4.85526315789474
2002,primary,RANDOLPH,21,Unnamed: 24,,,42.75,4.85526315789474
2002,primary,RANDOLPH,22,Unnamed: 25,,,42.75,4.85526315789474
2002,primary,RANDOLPH,23,Unnamed: 26,,,42.75,4.85526315789474
2002,primary,SUMTER,1,Unnamed: 4,,,36.0,2.25
2002,primary,SUMTER,2,Unnamed: 5,,,36.0,2.25
2002,primary,SUMTER,3,Unnamed: 6,,,36.0,2.25
2002,primary,SUMTER,4,Unnamed: 7,,,36.0,2.25
2002,primary,SUMTER,5,Unnamed: 8,,,36.0,2.25
2002,primary,SUMTER,6,Unnamed: 9,,,36.0,2.25
2002,primary,SUMTER,7,Unnamed: 10,,,36.0,4.2352941176470615
2002,primary,SUMTER,8,Unnamed: 11,,,36.0,4.2352941176470615
2002,primary,SUMTER,9,Unnamed: 12,,,36.0,4.2352941176470615
2002,primary,SUMTER,10,Unnamed: 13,,,36.0,4.2352941176470615
2002,primary,SUMTER,11,Unnamed: 14,,,36.0,4.2352941176470615
2002,primary,SUMTER,12,Unnamed: 15,,,36.0,4.2352941176470615
2002,primary,SUMTER,13,Unnamed: 16,,,36.0,4.2352941176470615
2002,primary,SUMTER,14,Unnamed: 17,,,36.0,4.2352941176470615
2002,primary,SUMTER,15,Unnamed: 18,,,36.0,4.2352941176470615
2002,primary,SUMTER,16,Unnamed: 19,,,36.0,4.2352941176470615
2002,primary,SUMTER,17,Unnamed: 20,,,36.0,4.2352941176470615
2002,primary,SUMTER,18,Unnamed: 21,,,36.0,4.2352941176470615
2002,primary,SUMTER,19,Unnamed: 22,,,36.0,4.2352941176470615
2002,primary,SUMTER,20,Unnamed: 23,,,36.0,4.2352941176470615
2002,primary,SUMTER,21,Unnamed: 24,,,36.0,4.2352941176470615
2002,primary,SUMTER,22,Unnamed: 25,,,36.0,4.2352941176470615
2002,primary,SUMTER,23,Unnamed: 26,,,36.0,4.2352941176470615
2002,primary,SUMTER,24,Unnamed: 27,,,36.0,4.2352941176470615
2002,primary,SUMTER,25,Unnamed: 28,,,36.0,4.2352941176470615
2002,primary,SUMTER,26,Unnamed: 29,,,36.0,4.2352941176470615
2002,primary,SUMTER,27,Unnamed: 30,,,36.0,4.2352941176470615
2002,primary,SUMTER,28,Unnamed: 31,,,36.0,4.2352941176470615
2002,primary,RUSSELL,1,Unnamed: 4,,,40.0,0.0
2002,primary,RUSSELL,2,Unnamed: 5,,,40.0,0.0
2002,primary,RUSSELL,3,Unnamed: 6,,,40.0,0.0
2002,primary,RUSSELL,4,Unnamed: 7,,,40.0,0.0
2002,primary,RUSSELL,5,Unnamed: 8,,,40.0,0.0
2002,primary,RUSSELL,6,Unnamed: 9,,,40.0,0.0
2002,primary,RUSSELL,7,Unnamed: 10,,,36.0,0.0
2002,primary,RUSSELL,8,Unnamed: 11,,,36.0,0.0
2002,primary,RUSSELL,9,Unnamed: 12,,,36.0,0.0
2002,primary,RUSSELL,10,Unnamed: 13,,,36.0,0.0
2002,primary,RUSSELL,11,Unnamed: 14,,,36.0,0.0
2002,primary,RUSSELL,12,Unnamed: 15,,,36.0,0.0
2002,primary,RUSSELL,13,Unnamed: 16,,,36.0,0.0
2002,primary,RUSSELL,14,Unnamed: 17,,,36.0,0.0
2002,primary,RUSSELL,15,Unnamed: 18,,,36.0,0.0
2002,primary,RUSSELL,16,Unnamed: 19,,,36.0,0.0
2002,primary,RUSSELL,17,Unnamed: 20,,,36.0,0.0
2002,primary,RUSSELL,18,Unnamed: 21,,,36.0,0.0
2002,primary,RUSSELL,19,Unnamed: 22,,,36.0,0.0
2002,primary,RUSSELL,20,Unnamed: 23,,,36.0,0.0
2002,primary,RUSSELL,21,Unnamed: 24,,,36.0,0.0
2002,primary,RUSSELL,22,Unnamed: 25,,,36.0,0.0
2002,primary,RUSSELL,23,Unnamed: 26,,,36.0,0.0
2002,primary,RUSSELL,24,Unnamed: 27,,,36.0,0.0
2002,primary,RUSSELL,25,Unnamed: 28,,,36.0,0.0
2002,primary,RUSSELL,26,Unnamed: 29,,,36.0,0.0
2002,primary,RUSSELL,27,Unnamed: 30,,,36.0,0.0
2002,primary,RUSSELL,28,Unnamed: 31,,,36.0,0.0
2002,primary,RUSSELL,29,Unnamed: 32,,,36.0,0.0
2002,primary,RUSSELL,30,Unnamed: 33,,,36.0,0.0
2002,primary,WALKER,1,Unnamed: 4,,,50.0,4.399999999999999
2002,primary,WALKER,2,Unnamed: 5,,,50.0,4.399999999999999
2002,primary,WALKER,3,Unnamed: 6,,,50.0,4.399999999999999
2002,primary,WALKER,4,Unnamed: 7,,,50.0,4.399999999999999
2002,primary,WALKER,5,Unnamed: 8,,,50.0,4.399999999999999
2002,primary,WALKER,6,Unnamed: 9,,,50.0,4.399999999999999
2002,primary,WALKER,7,Unnamed: 10,,,45.0,2.25
2002,primary,WALKER,8,Unnamed: 11,,,45.0,2.25
2002,primary,WALKER,9,Unnamed: 12,,,45.0,2.25
2002,primary,WALKER,10,Unnamed: 13,,,45.0,2.25
2002,primary,WALKER,11,Unnamed: 14,,,45.0,2.25
2002,primary,WALKER,12,Unnamed: 15,,,45.0,2.25
2002,primary,WALKER,13,Unnamed: 16,,,45.0,2.25
2002,primary,WALKER,14,Unnamed: 17,,,45.0,2.25
2002,primary,WALKER,15,Unnamed: 18,,,45.0,2.25
2002,primary,WALKER,16,Unnamed: 19,,,45.0,2.25
2002,primary,WALKER,17,Unnamed: 20,,,45.0,2.25
2002,primary,WALKER,18,Unnamed: 21,,,45.0,2.25
2002,primary,WALKER,19,Unnamed: 22,,,45.0,2.25
2002,primary,WALKER,20,Unnamed: 23,,,45.0,2.25
2002,primary,WALKER,21,Unnamed: 24,,,45.0,2.25
2002,primary,WALKER,22,Unnamed: 25,,,45.0,2.25
2002,primary,WALKER,23,Unnamed: 26,,,45.0,2.25
2002,primary,WALKER,24,Unnamed: 27,,,45.0,2.25
2002,primary,CHAMBERS,1,Unnamed: 4,,,42.10526315789473,4.105263157894733
2002,primary,CHAMBERS,2,Unnamed: 5,,,42.10526315789473,4.105263157894733
2002,primary,CHAMBERS,3,Unnamed: 6,,,42.10526315789473,4.105263157894733
2002,primary,CHAMBERS,4,Unnamed: 7,,,42.10526315789473,4.105263157894733
2002,primary,CHAMBERS,5,Unnamed: 8,,,42.10526315789473,4.105263157894733
2002,primary,CHAMBERS,6,Unnamed: 9,,,42.10526315789473,4.105263157894733
2002,primary,CHAMBERS,7,Unnamed: 10,,,40.0,4.0
2002,primary,CHAMBERS,8,Unnamed: 11,,,40.0,4.0
2002,primary,CHAMBERS,9,Unnamed: 12,,,40.0,4.0
2002,primary,CHAMBERS,10,Unnamed: 13,,,40.0,4.0
2002,primary,CHAMBERS,11,Unnamed: 14,,,40.0,4.0
2002,primary,CHAMBERS,12,Unnamed: 15,,,40.0,4.0
2002,primary,CHAMBERS,13,Unnamed: 16,,,40.0,4.0
2002,primary,CHAMBERS,14,Unnamed: 17,,,40.0,4.0
2002,primary,CHAMBERS,15,Unnamed: 18,,,40.0,4.0
2002,primary,CHAMBERS,16,Unnamed: 19,,,40.0,4.0
2002,primary,CHAMBERS,17,Unnamed: 20,,,40.0,4.0
2002,primary,CHAMBERS,18,Unnamed: 21,,,40.0,4.0
2002,primary,CHAMBERS,19,Unnamed: 22,,,40.0,4.0
2002,primary,CHAMBERS,20,Unnamed: 23,,,40.0,4.0
2002,primary,CHAMBERS,21,Unnamed: 24,,,40.0,4.0
2002,primary,CHAMBERS,22,Unnamed: 25,,,40.0,4.0
2002,primary,CHAMBERS,23,Unnamed: 26,,,40.0,4.0
2002,primary,CHAMBERS,24,Unnamed: 27,,,40.0,4.0
2002,primary_runoff,BIBB,1,Unnamed: 4,,,52.94117647058824,2.941176470588239
2002,primary_runoff,BIBB,2,Unnamed: 5,,,52.94117647058824,2.941176470588239
2002,primary_runoff,BIBB,3,Unnamed: 6,,,52.94117647058824,2.941176470588239
2002,primary_runoff,BIBB,4,Unnamed: 7,,,52.94117647058824,2.941176470588239
2002,primary_runoff,BIBB,5,Unnamed: 8,,,52.94117647058824,2.941176470588239
2002,primary_runoff,BIBB,6,Unnamed: 9,,,52.94117647058824,2.941176470588239
2002,primary_runoff,BIBB,7,Unnamed: 10,,,50.0,5.0
2002,primary_runoff,BLOUNT,1,Unnamed: 4,,,54.0,14.0
2002,primary_runoff,BLOUNT,2,State Treasurer,,,51.42857142857142,6.4285714285714235
2002,primary_runoff,BLOUNT,3,Unnamed: 6,,,54.0,14.0
2002,primary_runoff,BLOUNT,4,State Auditor,,,54.0,2.5714285714285765
2002,primary_runoff,BLOUNT,5,Unnamed: 8,,,54.0,14.0
2002,primary_runoff,BLOUNT,6,Unnamed: 9,,,54.0,14.0
2002,primary_runoff,BULLOCK,1,Unnamed: 4,,,48.0,10.0
2002,primary_runoff,BULLOCK,2,Unnamed: 5,,,48.0,10.0
2002,primary_runoff,BULLOCK,3,Unnamed: 6,,,48.0,10.0
2002,primary_runoff,BULLOCK,4,Unnamed: 7,,,48.0,10.0
2002,primary_runoff,BULLOCK,5,Unnamed: 8,,,48.0,10.0
2002,primary_runoff,BULLOCK,6,Unnamed: 9,,,48.0,10.0
2002,primary_runoff,BULLOCK,7,Unnamed: 10,,,45.0,7.0
2002,primary_runoff,BUTLER,1,Unnamed: 4,,,45.0,0.0
2002,primary_runoff,BUTLER,2,State Treasurer,,,49.6551724137931,2.988505747126439
2002,primary_runoff,BUTLER,3,Unnamed: 6,,,45.0,0.0
2002,primary_runoff,BUTLER,4,State Auditor,,,50.0,1.53846153846154
2002,primary_runoff,BUTLER,5,Unnamed: 8,,,45.0,0.0
2002,primary_runoff,CHAMBERS,1,Unnamed: 4,,,42.10526315789473,4.105263157894733
2002,primary_runoff,CHAMBERS,2,Unnamed: 5,,,42.10526315789473,4.105263157894733
2002,primary_runoff,CHAMBERS,3,Unnamed: 6,,,42.10526315789473,4.105263157894733
2002,primary_runoff,CHAMBERS,4,Unnamed: 7,,,42.10526315789473,4.105263157894733
2002,primary_runoff,CHAMBERS,5,Unnamed: 8,,,42.10526315789473,4.105263157894733
2002,primary_runoff,CHEROKEE,1,ADRIANS STORE,,,64.51612903225806,10.516129032258064
2002,primary_runoff,CHEROKEE,2,AMERICAN LEGION BUILDING .1,,,49.090909090909086,4.090909090909086
2002,primary_runoff,CHEROKEE,3,AMERICAN LEGION BUILDING .2,,,49.090909090909086,4.090909090909086
2002,primary_runoff,CHEROKEE,4,BARRETTS CHAPEL FELLOWSHIP,,,85.5,38.13157894736841
2002,primary_runoff,CHEROKEE,5,BLANCHE CLUBHOUSE,VTD2000-019-21,Blanche,90.0,45.0
2002,primary_runoff,CHEROKEE,6,BROOMTOWN FIRE DEPARTMENT,VTD2000-019-15,Broomtown,90.0,29.999999999999993
2002,primary_runoff,CHEROKEE,7,CEDAR BLUFF COMMUNITY CENTER,VTD2000-019-12,Cedar Bluff,90.0,14.999999999999986
2002,primary_runoff,CHEROKEE,8,CURTIS VAUGHN STORE,,,54.054054054054056,0.054054054054056166
2002,primary_runoff,CHEROKEE,9,DANIELS CHAPEL FELLOWSHIP HALL,,,85.5,25.499999999999993
2002,primary_runoff,CHEROKEE,10,ELLISVILLE CLUBHOUSE,VTD2000-019-20,Ellisville,90.0,27.0
2002,primary_runoff,CHEROKEE,11,FRIENDSHIP BAPTIST FELLOWSHIP,,,60.00000000000001,12.631578947368418
2002,primary_runoff,CHEROKEE,12,GAYLESVILLE CITY HALL,VTD2000-019-13,Gaylesville,90.0,27.0
2002,primary_runoff,CHEROKEE,13,GOSHEN METHODIST CHURCH,,,45.434782608695656,0.4347826086956559
2002,primary_runoff,CHEROKEE,14,LEESBURG CLUBHOUSE,VTD2000-019-22,Leesburg,90.0,45.0
2002,primary_runoff,CHEROKEE,15,LINDSEYS STORE,,,68.75,8.749999999999993
2002,primary_runoff,CHEROKEE,16,MAYS STORE,,,85.5,31.5
2002,primary_runoff,CHEROKEE,17,MCCORDS CROSSROADS FIRE HALL,,,74.07407407407408,14.074074074074069
2002,primary_runoff,CHEROKEE,18,MILL CREEK BAPTIST CHURCH,,,57.0,12.0
2002,primary_runoff,CHEROKEE,19,MT CALVARY BAPT_ CHURCH  PAPER,,,50.90909090909091,0.5090909090909008
2002,primary_runoff,CHEROKEE,20,MT_ SPRINGS FELLOWSHIP HALL,,,65.38461538461539,5.38461538461538
2002,primary_runoff,CHEROKEE,21,MT_ WEISNER FIRE HALL,,,60.00000000000001,5.4545454545454675
2002,primary_runoff,CHEROKEE,22,NEW HOPE METHODIST CHURCH,,,45.0,5.0
2002,primary_runoff,CHEROKEE,23,PLEASANT VALLEY BAPTIST .2,VTD2000-019-19,Pleasant Valley,90.0,40.909090909090914
2002,primary_runoff,CHEROKEE,24,ROCK RUN CHURCH,,,85.5,0.0
2002,primary_runoff,CHEROKEE,25,SAND ROCK TOWN HALL,VTD2000-019-11,Sand Rock,90.0,29.999999999999993
2002,primary_runoff,CHEROKEE,26,SCHOONHOVEN STORE PAPER,,,51.300000000000004,4.958536585365863
2002,primary_runoff,CHEROKEE,27,SLACKLAND CLUBHOUSE,,,61.07142857142856,4.071428571428562
2002,primary_runoff,CHEROKEE,28,SPRING CREEK FIRE HALL,,,85.5,25.499999999999993
2002,primary_runoff,CHEROKEE,29,SPRING GARDEN FIRE STATION,,,90.0,4.5
2002,primary_runoff,CHEROKEE,30,TUCKERS CHAPEL FIRE DEPARTMENT,,,86.89655172413794,26.89655172413793
2002,primary_runoff,CHEROKEE,31,WATSONS CHAPEL,,,85.5,23.43103448275862
2002,primary_runoff,CHILTON,1,CANE CREEK-GAP OF MT_ FIRE,,,75.0,26.53846153846154
2002,primary_runoff,CHILTON,2,CLANTON FACILITY BLDG_,VTD2000-021-260,Clanton Facility Bldg.,100.0,14.5
2002,primary_runoff,CHILTON,3,COLLINS CHAPEL-FIRE STATION,VTD2000-021-210,Collins Chapel Fire Station,100.0,25.0
2002,primary_runoff,CHILTON,4,COURTHOUSE-CLANTON,VTD2000-021-270,Clanton Courthouse,95.0,34.545454545454554
2002,primary_runoff,CHILTON,5,ENTERPRISE-FIRE STATION,VTD2000-021-70,Enterprise Fire Station,100.0,25.581395348837205
2002,primary_runoff,CHILTON,6,FAIRVIEW-FIRE STATION,VTD2000-021-50,Fairview Fire Station,100.0,22.727272727272734
2002,primary_runoff,CHILTON,7,ISABELLA-FIRE STATION,VTD2000-021-220,Isabella Fire Station,100.0,21.951219512195124
2002,primary_runoff,CHILTON,8,JEMISON FIRE DEPARTMENT,,,55.416666666666664,1.7210144927536177
2002,primary_runoff,CHILTON,9,LIBRARY-CLANTON,VTD2000-021-250,Clanton Library,95.0,9.5
2002,primary_runoff,CHILTON,10,MAPLESVILLE-NEW FIRE STATION,VTD2000-021-20,Maplesville,90.0,14.0
2002,primary_runoff,CHILTON,11,MARS HILL-W CHILTON FIRE,,,74.34782608695652,9.204968944099377
2002,primary_runoff,CHILTON,12,PROVIDENCE-E CHILTON FIRE,VTD2000-021-110,Providence,90.0,14.791666666666671
2002,primary_runoff,CHILTON,13,PROVIDENCE-N CHILTON FIRE,VTD2000-021-110,Providence,90.0,14.791666666666671
2002,primary_runoff,CHILTON,14,SOUTH CHILTON FIRE STATION,VTD2000-021-30,So. Chilton Fire Station,93.87755102040816,18.877551020408163
2002,primary_runoff,CHILTON,15,THORSBY TOWN HALL,VTD2000-021-200,Thorsby Town Hall,100.0,34.23076923076924
2002,primary_runoff,CHILTON,16,UNION GROVE-FIRE STATION,VTD2000-021-140,Union Grove Fire Station,100.0,24.444444444444443
2002,primary_runoff,CHILTON,17,VERBENA-FIRE STATION,VTD2000-021-90,Verbena Fire Station,100.0,21.951219512195124
2002,primary_runoff,CHILTON,18,VETERANS CLUB-CLANTON,VTD2000-021-240,Clanton Veteran's Club,88.3720930232558,25.038759689922465
2002,primary_runoff,CHOCTAW,1,Unnamed: 4,,,33.75,1.0227272727272663
2002,primary_runoff,CHOCTAW,2,Unnamed: 5,,,33.75,1.0227272727272663
2002,primary_runoff,CHOCTAW,3,Unnamed: 6,,,33.75,1.0227272727272663
2002,primary_runoff,CHOCTAW,4,Unnamed: 7,,,33.75,1.0227272727272663
2002,primary_runoff,CHOCTAW,5,Unnamed: 8,,,33.75,1.0227272727272663
2002,primary_runoff,CHOCTAW,6,Unnamed: 9,,,33.75,1.0227272727272663
2002,primary_runoff,CHOCTAW,7,Unnamed: 10,,,34.2,4.023529411764713
2002,primary_runoff,CHOCTAW,8,Unnamed: 11,,,34.2,4.023529411764713
2002,primary_runoff,CHOCTAW,9,Unnamed: 12,,,34.2,4.023529411764713
2002,primary_runoff,CHOCTAW,10,Unnamed: 13,,,34.2,4.023529411764713
2002,primary_runoff,CHOCTAW,11,Unnamed: 14,,,34.2,4.023529411764713
2002,primary_runoff,CHOCTAW,12,Unnamed: 15,,,34.2,4.023529411764713
2002,primary_runoff,CHOCTAW,13,Unnamed: 16,,,34.2,4.023529411764713
2002,primary_runoff,CHOCTAW,14,Unnamed: 17,,,34.2,4.023529411764713
2002,primary_runoff,CHOCTAW,15,Unnamed: 18,,,34.2,4.023529411764713
2002,primary_runoff,CHOCTAW,16,Unnamed: 19,,,34.2,4.023529411764713
2002,primary_runoff,CHOCTAW,17,Unnamed: 20,,,34.2,4.023529411764713
2002,primary_runoff,CHOCTAW,18,Unnamed: 21,,,34.2,4.023529411764713
2002,primary_runoff,CHOCTAW,19,Unnamed: 22,,,34.2,4.023529411764713
2002,primary_runoff,CHOCTAW,20,Unnamed: 23,,,34.2,4.023529411764713
2002,primary_runoff,CHOCTAW,21,Unnamed: 24,,,34.2,4.023529411764713
2002,primary_runoff,CHOCTAW,22,Unnamed: 25,,,34.2,4.023529411764713
2002,primary_runoff,CHOCTAW,23,Unnamed: 26,,,34.2,4.023529411764713
2002,primary_runoff,CHOCTAW,24,Unnamed: 27,,,34.2,4.023529411764713
2002,primary_runoff,CHOCTAW,25,Unnamed: 28,,,34.2,4.023529411764713
2002,primary_runoff,CHOCTAW,26,Unnamed: 29,,,34.2,4.023529411764713
2002,primary_runoff,CHOCTAW,27,Unnamed: 30,,,34.2,4.023529411764713
2002,primary_runoff,CHOCTAW,28,Unnamed: 31,,,34.2,4.023529411764713
2002,primary_runoff,CHOCTAW,29,Unnamed: 32,,,34.2,4.023529411764713
2002,primary_runoff,CLARKE,1,ANTIOCH FIRE STATION,,,90.0,4.5
2002,primary_runoff,CLARKE,2,BASHI - METHODIST CHURCH,VTD2000-025-20,Bashi Methodist Church,100.0,45.714285714285715
2002,primary_runoff,CLARKE,3,CHOCTAW BLUFF FIRE STATION,,,90.0,4.5
2002,primary_runoff,CLARKE,4,COFFEEVILLE HIGH SCHOOL GYM,,,90.0,4.5
2002,primary_runoff,CLARKE,5,GOOD HOPE AME CHRCH GAINSTOWN,,,78.68852459016394,12.688524590163922
2002,primary_runoff,CLARKE,6,GOSPORT FIRE STATION,VTD2000-025-6,Gosport Fire Station,100.0,10.0
2002,primary_runoff,CLARKE,7,GROVE HILL - COURTHOUSE,,,69.51219512195122,9.512195121951216
2002,primary_runoff,CLARKE,8,GROVE HILL-CITY HALL,VTD2000-025-3,City Hall,90.0,25.0
2002,primary_runoff,CLARKE,9,GROVE HILL-NATIONAL GUARD,,,85.5,9.5
2002,primary_runoff,CLARKE,10,HELLWESTERN FIRE STATION,,,90.0,4.5
2002,primary_runoff,CLARKE,11,HOPEWELL CHURCH - CHILTON,VTD2000-025-15,Hopewell Church,90.0,28.181818181818187
2002,primary_runoff,CLARKE,12,JACKSON CITY HALL,VTD2000-025-3,City Hall,90.0,24.23076923076924
2002,primary_runoff,CLARKE,13,JACKSON-FIRE STATION NO_2,,,90.0,4.5
2002,primary_runoff,CLARKE,14,JACKSON-NATIONAL GUARD ARMORY,VTD2000-025-14,National Guard Armory,95.0,15.200000000000003
2002,primary_runoff,CLARKE,15,JACKSON-SKIPPERS FIRE STATION,VTD2000-025-9,Fire Station,90.0,18.75
2002,primary_runoff,CLARKE,16,MORNING STAR BAPTIST CHURCH,,,85.5,23.45918367346939
2002,primary_runoff,CLARKE,17,MORVIN CAMP MORVIN,,,67.05882352941177,24.308823529411768
2002,primary_runoff,CLARKE,18,NETTLESBORO FIRE STATION,,,90.0,4.5
2002,primary_runoff,CLARKE,19,OLD FULTON SCHOOL,,,100.0,0.0
2002,primary_runoff,CLARKE,20,OVERSTREET GROCERY,VTD2000-025-4,Overstreet Grocery,100.0,39.39393939393939
2002,primary_runoff,CLARKE,21,SALITPA-ALABAMA SANDBLASTING,VTD2000-025-8,Alabama Sandblasting,95.0,44.705882352941174
2002,primary_runoff,CLARKE,22,SALTWORKS VOTING HOUSE-CARLTON,,,90.0,0.0
2002,primary_runoff,CLARKE,23,SPRINGFIELD UNITED METHODIST,,,55.16129032258064,7.161290322580641
2002,primary_runoff,CLARKE,24,TALLAHATTA SPR_-COMM_ HOUSE,,,90.0,4.5
2002,primary_runoff,CLARKE,25,THOMASVILLE FIRE STATION,,,90.0,4.5
2002,primary_runoff,CLARKE,26,THOMASVILLE FIRE STATION .2,,,90.0,4.5
2002,primary_runoff,CLARKE,27,THOMASVILLE-NATIONAL GUARD,,,85.5,9.5
2002,primary_runoff,CLARKE,28,WHATLEY - GARRICKS STORE,,,85.5,38.98837209302325
2002,primary_runoff,CLARKE,29,WINN & ZIMCO-FIRE STATION,,,90.0,4.5
2002,primary_runoff,CLAY,1,Unnamed: 4,,,40.0,0.0
2002,primary_runoff,CLAY,2,State Treasurer,,,42.0,0.0
2002,primary_runoff,CLAY,3,Unnamed: 6,,,40.0,0.0
2002,primary_runoff,CLAY,4,State Auditor,,,42.75,1.21153846153846
2002,primary_runoff,CLAY,5,Unnamed: 8,,,40.0,0.0
2002,primary_runoff,CLAY,6,Unnamed: 9,,,40.0,0.0
2002,primary_runoff,CLAY,7,Unnamed: 10,,,37.89473684210526,1.2518796992481143
2002,primary_runoff,CLEBURNE,1,ABEL,VTD2000-029-12,Chulafinnee-Abel,90.0,12.857142857142847
2002,primary_runoff,CLEBURNE,2,BEASON MILL,VTD2000-029-10,Beason Mill,100.0,27.272727272727266
2002,primary_runoff,CLEBURNE,3,BELLS MILL,VTD2000-029-7,Bell's Mill,95.23809523809523,19.047619047619037
2002,primary_runoff,CLEBURNE,4,BORDEN SPRINGS VOL_ FIRE,VTD2000-029-1,Borden Springs,90.0,45.0
2002,primary_runoff,CLEBURNE,5,BUD BLAKE,VTD2000-029-11,Bud Blake's-Guy Cavender's,90.0,49.76470588235294
2002,primary_runoff,CLEBURNE,6,CAVENDER,VTD2000-029-11,Bud Blake's-Guy Cavender's,90.0,42.94117647058824
2002,primary_runoff,CLEBURNE,7,CHULAFINNIE,,,74.07407407407408,17.231968810916186
2002,primary_runoff,CLEBURNE,8,EDWARDSVILLE,VTD2000-029-4,Edwardsville,100.0,47.82608695652174
2002,primary_runoff,CLEBURNE,9,FRUITHURST,VTD2000-029-15,Fruithurst,100.0,64.0
2002,primary_runoff,CLEBURNE,10,HEFLIN NATIONAL GUARD ARMORY 1,VTD2000-029-6,Heflin,90.0,46.8
2002,primary_runoff,CLEBURNE,11,HEFLIN NATIONAL GUARD ARMORY 2,VTD2000-029-6,Heflin,90.0,46.8
2002,primary_runoff,CLEBURNE,12,HIGHTOWER,VTD2000-029-9,Hightower-Ranburne,90.0,44.4
2002,primary_runoff,CLEBURNE,13,HOPEWELL,VTD2000-029-8,Plainview-Hopewell,90.0,42.94117647058824
2002,primary_runoff,CLEBURNE,14,MUSCADINE,VTD2000-029-3,Muscadine,100.0,50.0
2002,primary_runoff,CLEBURNE,15,OAK LEVEL VOL FIRE DEPARTMENT,VTD2000-029-2,Oak Level,90.0,45.0
2002,primary_runoff,CLEBURNE,16,PLAINVIEW COMMUNITY CENTER,,,63.33333333333332,14.242424242424235
2002,primary_runoff,CLEBURNE,17,RANBURNE RESCUE SQUAD BUILDING,,,85.5,36.409090909090914
2002,primary_runoff,COFFEE,1,BASIN,VTD2000-031-20,Basin,100.0,46.0
2002,primary_runoff,COFFEE,2,BLUFF SPRINGS,VTD2000-031-5,Bluff Springs,100.0,28.0
2002,primary_runoff,COFFEE,3,CHESTNUT GROVE,VTD2000-031-10-2,Chestnut Grove,100.0,50.0
2002,primary_runoff,COFFEE,4,COOL SPRINGS,VTD2000-031-8-2,Cool Springs,100.0,28.0
2002,primary_runoff,COFFEE,5,DAMASCUS,VTD2000-031-16,Damascus,100.0,57.25
2002,primary_runoff,COFFEE,6,DANLEYS CROSS ROADS,VTD2000-031-2,Danley's Cross Roads,97.43589743589743,43.43589743589743
2002,primary_runoff,COFFEE,7,EANON,VTD2000-031-12,Eanon,100.0,46.0
2002,primary_runoff,COFFEE,8,ELBA MULBERRY HEIGHTS,,,85.5,40.5
2002,primary_runoff,COFFEE,9,ELBA RESERVE ARMORY,,,85.5,0.0
2002,primary_runoff,COFFEE,10,ENTERPRISE CIVIC CENTER,,,85.5,25.499999999999993
2002,primary_runoff,COFFEE,11,ENTERPRISE RECREATION CENTER 1,VTD2000-031-17,Enterprise Rec Center-YMCA-Army Res Center,90.0,32.307692307692314
2002,primary_runoff,COFFEE,12,ENTERPRISE RECREATION CENTER 2,VTD2000-031-17,Enterprise Rec Center-YMCA-Army Res Center,90.0,32.307692307692314
2002,primary_runoff,COFFEE,13,ENTERPRISE YMCA 1,,,85.5,32.55882352941176
2002,primary_runoff,COFFEE,14,ENTERPRISE YMCA 2,,,85.5,32.55882352941176
2002,primary_runoff,COFFEE,15,FAIRVIEW,VTD2000-031-23,Fairview,100.0,46.5625
2002,primary_runoff,COFFEE,16,FRESCO,,,83.33333333333334,38.33333333333334
2002,primary_runoff,COFFEE,17,GOODMAN,VTD2000-031-7-1,Goodman,100.0,46.0
2002,primary_runoff,COFFEE,18,HERITAGE CHURCH - ENTERPRISE,,,85.5,31.5
2002,primary_runoff,COFFEE,19,HOLLEYS STORE,VTD2000-031-14-2,Holley's Store,96.2962962962963,27.06552706552708
2002,primary_runoff,COFFEE,20,INO COMMUNITY,VTD2000-031-14-1,Ino Community,100.0,22.27272727272728
2002,primary_runoff,COFFEE,21,JOHNS CHAPEL AME CHURCH 1,,,85.5,40.5
2002,primary_runoff,COFFEE,22,JOHNS CHAPEL AME CHURCH 2,,,85.5,40.5
2002,primary_runoff,COFFEE,23,KINSTON,VTD2000-031-18,Kinston,100.0,46.0
2002,primary_runoff,COFFEE,24,LEE COMMUNITY,VTD2000-031-3,Lee Community,100.0,22.27272727272728
2002,primary_runoff,COFFEE,25,MOUNT PLEASANT,VTD2000-031-8-1,Mount Pleasant,100.0,30.90909090909092
2002,primary_runoff,COFFEE,26,NATIONAL GUARD ARMORY - ELBA,,,85.5,18.83333333333333
2002,primary_runoff,COFFEE,27,NEW BROCKTON FARM CENTER,VTD2000-031-9-2,New Brockton Farm Center,100.0,14.5
2002,primary_runoff,COFFEE,28,NEW BROCKTON NATIONAL GUARD,,,85.5,6.189655172413794
2002,primary_runoff,COFFEE,29,NEWBIA,,,72.72727272727273,7.272727272727266
2002,primary_runoff,COFFEE,30,PERRYS STORE,VTD2000-031-1,Perry's Store,96.0,26.769230769230774
2002,primary_runoff,COFFEE,31,PINE LEVEL,VTD2000-031-19,Pine Level,100.0,47.36842105263157
2002,primary_runoff,COFFEE,32,PLEASANT RIDGE,VTD2000-031-7-2,Pleasant Ridge,100.0,30.90909090909092
2002,primary_runoff,COFFEE,33,VICTORIA,VTD2000-031-10-1,Victoria,100.0,55.0
2002,primary_runoff,COFFEE,34,WISE MILL CHURCH,VTD2000-031-21,Wise Mill,90.0,39.705882352941174
2002,primary_runoff,COFFEE,35,WISE MILL SCHOOL VOTING HOUSE,VTD2000-031-21,Wise Mill,90.0,29.999999999999993
2002,primary_runoff,COFFEE,36,ZION CHAPEL,VTD2000-031-15,Zion Chapel,100.0,48.699999999999996
2002,primary_runoff,COLBERT,1,Unnamed: 4,,,41.53846153846154,3.53846153846154
2002,primary_runoff,COLBERT,2,Unnamed: 5,,,41.53846153846154,3.53846153846154
2002,primary_runoff,COLBERT,3,Unnamed: 6,,,41.53846153846154,3.53846153846154
2002,primary_runoff,COLBERT,4,Unnamed: 7,,,41.53846153846154,3.53846153846154
2002,primary_runoff,COLBERT,5,Unnamed: 8,,,41.53846153846154,3.53846153846154
2002,primary_runoff,CONECUH,1,2ND MT_ ZION CHURCH,,,88.88888888888889,6.068376068376068
2002,primary_runoff,CONECUH,2,ANNEX VOTING HOUSE,VTD2000-035-1-1,Annex Voting House,100.0,14.5
2002,primary_runoff,CONECUH,3,ANTIOCH VOTING HOUSE,VTD2000-035-8-1,Antioch Voting House,100.0,21.05263157894737
2002,primary_runoff,CONECUH,4,BELLEVILLE FIRE DEPARTMENT,VTD2000-035-4-1,Belleville Fire Dept.,100.0,10.0
2002,primary_runoff,CONECUH,5,BERMUDA COMMUNITY HOUSE,VTD2000-035-15-2,Bermuda Community House,100.0,20.833333333333343
2002,primary_runoff,CONECUH,6,BROOKLYN MASONIC LODGE,,,57.82608695652174,13.381642512077299
2002,primary_runoff,CONECUH,7,BROWNVILLE FIRE DEPT,VTD2000-035-10-1,Brownville Fire Dept.,100.0,10.0
2002,primary_runoff,CONECUH,8,CASTLEBERRY FIRE DEPT,VTD2000-035-6-1,Castleberry Fire Dept.,100.0,10.0
2002,primary_runoff,CONECUH,9,DAVID BURT BUILDING,VTD2000-035-11-1,David Burt Building,100.0,52.5
2002,primary_runoff,CONECUH,10,FLAT ROCK FIRE DEPT,VTD2000-035-10-2,Flat Rock Fire Dept.,100.0,10.0
2002,primary_runoff,CONECUH,11,HEALTH DEPARTMENT,VTD2000-035-11-4,Health Dept.,100.0,14.5
2002,primary_runoff,CONECUH,12,JOHNSONVILLE FIRE DEPT,VTD2000-035-7-3,Johnsonville Fire Dept.,100.0,10.0
2002,primary_runoff,CONECUH,13,LENOX COMMUNITY HOUSE,VTD2000-035-5-2,Lenox Community House,100.0,20.833333333333343
2002,primary_runoff,CONECUH,14,LITTLE ZION CHURCH,VTD2000-035-16-1,Little Zion Church,100.0,27.931034482758633
2002,primary_runoff,CONECUH,15,LYEFFION FIRE DEPT,VTD2000-035-2-1,Lyeffion Fire Dept.,100.0,10.0
2002,primary_runoff,CONECUH,16,MT_ UNION CHURCH,VTD2000-035-9-2,Mount Union Church,100.0,23.095238095238102
2002,primary_runoff,CONECUH,17,NATIONAL GUARD ARMORY,VTD2000-035-11-3,National Guard Armory,100.0,56.15384615384615
2002,primary_runoff,CONECUH,18,NAZARENE BAPTIST CHURCH,VTD2000-035-12-1,Nazarene Baptist Church,100.0,44.390243902439025
2002,primary_runoff,CONECUH,19,OLD FIELD CHURCH,VTD2000-035-4-2,Old Field Church,100.0,14.5
2002,primary_runoff,CONECUH,20,PAUL FIRE HOUSE,,,85.5,0.0
2002,primary_runoff,CONECUH,21,RANGE FIRE DEPARTMENT,,,100.0,5.0
2002,primary_runoff,CONECUH,22,REPTON CITY HALL,VTD2000-035-13-1,Repton City Hall,100.0,51.35135135135135
2002,primary_runoff,CONECUH,23,ROBINSON MILL VOTING HOUSE,VTD2000-035-3-2,Robinson's Mill Voting House,96.2962962962963,20.296296296296305
2002,primary_runoff,CONECUH,24,SANDCUTT FIRE DEPARTMENT,,,93.61702127659575,3.61702127659575
2002,primary_runoff,CONECUH,25,SKINNERTON VOTING HOUSE,,,78.04878048780488,3.6301758366420813
2002,primary_runoff,CONECUH,26,WOOTEN VOTING HOUSE,,,77.1875,0.0
2002,primary_runoff,COOSA,1,Unnamed: 4,,,33.75,0.0
2002,primary_runoff,COOSA,2,Unnamed: 5,,,33.75,0.0
2002,primary_runoff,COOSA,3,Unnamed: 6,,,33.75,0.0
2002,primary_runoff,COOSA,4,Unnamed: 7,,,33.75,0.0
2002,primary_runoff,COOSA,5,Unnamed: 8,,,33.75,0.0
2002,primary_runoff,COVINGTON,1,ANDALUSIA KIWANIS FAIR BLDG_.1,VTD2000-039-1,Andalusia,90.0,42.63157894736841
2002,primary_runoff,COVINGTON,2,ANDALUSIA KIWANIS FAIR BLDG_.2,VTD2000-039-1,Andalusia,90.0,42.63157894736841
2002,primary_runoff,COVINGTON,3,ANDALUSIA KIWANIS FAIR BLDG_.3,VTD2000-039-1,Andalusia,90.0,42.63157894736841
2002,primary_runoff,COVINGTON,4,ANDALUSIA KIWANIS FAIR BLDG_.4,VTD2000-039-1,Andalusia,90.0,42.63157894736841
2002,primary_runoff,COVINGTON,5,BABBIE CITY HALL,,,71.25,0.6617647058823621
2002,primary_runoff,COVINGTON,6,BECK VOTING HOUSE - SHADY BEND,,,63.33333333333332,9.895833333333321
2002,primary_runoff,COVINGTON,7,BEULAH VOTING HOUSE,,,85.5,35.8448275862069
2002,primary_runoff,COVINGTON,8,BLUE SPRINGS VOTING HOUSE,VTD2000-039-13,Blue Springs,90.0,36.0
2002,primary_runoff,COVINGTON,9,BOLES MILL MCRAY VOTING HOUSE,,,85.71428571428571,37.888198757763966
2002,primary_runoff,COVINGTON,10,BROOK VOTING HOUSE - CHURCH,,,46.63636363636363,0.0
2002,primary_runoff,COVINGTON,11,CAROLINA CITY HALL,VTD2000-039-21,Carolina City Hall,100.0,27.272727272727266
2002,primary_runoff,COVINGTON,12,CARTER SCHOOL VOTING HOUSE,,,72.6470588235294,12.647058823529399
2002,primary_runoff,COVINGTON,13,CATOES MASONIC LODGE 609,,,49.090909090909086,0.0
2002,primary_runoff,COVINGTON,14,CEDAR GROVE VOTING HOUSE,,,72.06896551724137,25.432601880877733
2002,primary_runoff,COVINGTON,15,FAIRFIELD VOTING HOUSE,,,58.96551724137931,10.734748010610083
2002,primary_runoff,COVINGTON,16,FLORALA-OLD NATIONAL GUARD,VTD2000-039-9,Florala,90.0,40.0
2002,primary_runoff,COVINGTON,17,FRIENDSHIP VOTING HOUSE,,,57.82608695652174,10.457665903890152
2002,primary_runoff,COVINGTON,18,GANTT CITY HALL,VTD2000-039-15,Gantt City Hall,100.0,27.272727272727266
2002,primary_runoff,COVINGTON,19,GOOLSBY VOTING HOUSE-DAMASCUS,,,53.77358490566037,7.137221269296738
2002,primary_runoff,COVINGTON,20,HARMONY MASONIC LODGE,,,59.375,10.284090909090914
2002,primary_runoff,COVINGTON,21,HEADSTART BUILDING,,,49.090909090909086,2.424242424242408
2002,primary_runoff,COVINGTON,22,HEATH CITY HALL,,,80.0,8.75
2002,primary_runoff,COVINGTON,23,LIBERTYVILLE CITY HALL,,,71.25,1.4825581395348877
2002,primary_runoff,COVINGTON,24,LOANGO FIRE DEPARTMENT,,,90.0,4.5
2002,primary_runoff,COVINGTON,25,LOCKHART CITY HALL,VTD2000-039-24,Lockhart,90.0,17.272727272727266
2002,primary_runoff,COVINGTON,26,MARVIN ODEMS VOTING HOUSE,,,85.5,38.86363636363637
2002,primary_runoff,COVINGTON,27,MCADAMS STORE VOTING HOUSE,,,85.5,0.0
2002,primary_runoff,COVINGTON,28,OAKY RIDGE VOTING HOUSE,,,57.0,10.363636363636367
2002,primary_runoff,COVINGTON,29,OPP CHAMBER OF COMMERCE .1,,,60.0,12.0
2002,primary_runoff,COVINGTON,30,OPP CHAMBER OF COMMERCE .2,,,60.0,12.0
2002,primary_runoff,COVINGTON,31,OPP CHAMBER OF COMMERCE .3,,,60.0,12.0
2002,primary_runoff,COVINGTON,32,PIDGEON CREEK-BUCK CREEK FIRE,,,85.5,40.5
2002,primary_runoff,COVINGTON,33,RED LEVEL CITY HALL,VTD2000-039-12,Red Level City Hall,100.0,25.0
2002,primary_runoff,COVINGTON,34,RIVER FALLS CITY HALL,VTD2000-039-18,River Falls City Hall,100.0,25.0
2002,primary_runoff,COVINGTON,35,RODGERS VOTING HOUSE,,,61.62162162162162,14.985257985257988
2002,primary_runoff,COVINGTON,36,ROSE HILL COMMUNITY,,,65.76923076923076,10.76923076923076
2002,primary_runoff,COVINGTON,37,SANFORD CITY HALL,,,85.5,10.5
2002,primary_runoff,COVINGTON,38,STANLEY VOTING HOUSE,,,50.975609756097555,2.8818597560975547
2002,primary_runoff,COVINGTON,39,STRAUGHN - AG BUILDING,,,55.60975609756098,6.518847006651896
2002,primary_runoff,COVINGTON,40,VALLEY GROVE VOTING HOUSE,,,62.5,15.863636363636367
2002,primary_runoff,COVINGTON,41,WIGGINS 5 POINTS VOTING HOUSE,,,85.5,35.62500000000001
2002,primary_runoff,COVINGTON,42,WING FIRE DEPARTMENT - BEDA,,,85.5,34.199999999999996
2002,primary_runoff,CRENSHAW,1,BRANTLEY COMMUNITY CENTER,VTD2000-041-9,Brantley Community Center,100.0,16.0
2002,primary_runoff,CRENSHAW,2,BUSHS GROCERY - BRANTLEY,,,86.66666666666667,34.11347517730497
2002,primary_runoff,CRENSHAW,3,CHAPEL HILL COMMUNITY CENTER,VTD2000-041-18,Chapel Hill Community Center,100.0,14.5
2002,primary_runoff,CRENSHAW,4,COUNTY COURTHOUSE,VTD2000-041-14,Crenshaw County Courthouse,90.0,35.45454545454545
2002,primary_runoff,CRENSHAW,5,DANIELVILLE SCHOOL HOUSE,,,83.72093023255813,27.90697674418604
2002,primary_runoff,CRENSHAW,6,DOZIER CITY HALL,,,81.25,31.375000000000007
2002,primary_runoff,CRENSHAW,7,GLENWOOD CITY HALL,,,83.33333333333334,36.27450980392158
2002,primary_runoff,CRENSHAW,8,HARBIN FARM CENTER - LUVERNE,VTD2000-041-16,Harbin Farm Center,95.0,45.6
2002,primary_runoff,CRENSHAW,9,HIGHLAND HOME - NEW FIRE DEPT_,,,88.88888888888889,3.3888888888888857
2002,primary_runoff,CRENSHAW,10,HONORAVILLE FIRE STATION,VTD2000-041-4,Honoraville Volunteer Fire Station,95.0,9.5
2002,primary_runoff,CRENSHAW,11,LILLERS STORE - BRANTLEY,,,85.5,22.085365853658537
2002,primary_runoff,CRENSHAW,12,PANOLA COMMUNITY CENTER,VTD2000-041-1,Panola Community Center,100.0,16.666666666666657
2002,primary_runoff,CRENSHAW,13,PATSBURG DEPOT BUILDING,VTD2000-041-5,Patsburg Depot Building,100.0,65.0
2002,primary_runoff,CRENSHAW,14,PETREY COMMUNITY CENTER,VTD2000-041-3,Petery Community Center,95.65217391304348,10.545790934320081
2002,primary_runoff,CRENSHAW,15,PLEASANT HOME SCHOOL-RUTLEDGE,VTD2000-041-12,Pleasant Home School,95.0,9.5
2002,primary_runoff,CRENSHAW,16,RUTLEDGE COMMUNITY CENTER,VTD2000-041-6,Rutledge Community Center,100.0,16.0
2002,primary_runoff,CRENSHAW,17,VIDETTE COMMUNITY CENTER,VTD2000-041-7,Vidette Community Center,100.0,14.893617021276597
2002,primary_runoff,CRENSHAW,18,WEEDS STORE BRANTLEY,VTD2000-041-11,Weeds Store,90.0,31.53846153846154
2002,primary_runoff,CULLMAN,1,Unnamed: 4,,,45.6,4.061538461538461
2002,primary_runoff,CULLMAN,2,Unnamed: 5,,,45.6,4.061538461538461
2002,primary_runoff,CULLMAN,3,Unnamed: 6,,,45.6,4.061538461538461
2002,primary_runoff,CULLMAN,4,Unnamed: 7,,,45.6,4.061538461538461
2002,primary_runoff,CULLMAN,5,Unnamed: 8,,,45.6,4.061538461538461
2002,primary_runoff,DALE,1,ARGUTA-VOTING HOUSE,VTD2000-045-5,Arguta,90.0,38.57142857142858
2002,primary_runoff,DALE,2,ARITON-CITY HALL,VTD2000-045-12,Ariton,90.0,36.0
2002,primary_runoff,DALE,3,BERTHA-VOTING HALL,VTD2000-045-13,Bertha,90.0,38.57142857142858
2002,primary_runoff,DALE,4,CLAYHATCHEE-COMMUNITY HOUSE,,,67.5,2.0454545454545325
2002,primary_runoff,DALE,5,CLOPTON-VOTING HALL,VTD2000-045-10,Clopton,90.0,38.57142857142858
2002,primary_runoff,DALE,6,DALEVILLE-CITY HALL .1,,,90.0,4.5
2002,primary_runoff,DALE,7,DALEVILLE-CITY HALL .2,,,90.0,4.5
2002,primary_runoff,DALE,8,ECHO-VOTING HALL,VTD2000-045-9,Echo,90.0,38.57142857142858
2002,primary_runoff,DALE,9,EWELL-VOTING HALL,VTD2000-045-14,Ewell,90.0,38.57142857142858
2002,primary_runoff,DALE,10,FORT RUCKER ELEMENTARY SCHOOL,,,86.03773584905659,0.0
2002,primary_runoff,DALE,11,GRIMES-COMMUNITY CENTER,,,45.0,0.0
2002,primary_runoff,DALE,12,LEVEL PLAINS-COMMUNITY CENTER,VTD2000-045-16,Level Plains,90.0,34.61538461538461
2002,primary_runoff,DALE,13,MARLEY MILL-FORESTRY COMM_,VTD2000-045-15,Marley Mill,90.0,33.0
2002,primary_runoff,DALE,14,MIDLAND CITY-VOTING HALL,VTD2000-045-8,Midland City,90.0,38.57142857142858
2002,primary_runoff,DALE,15,NEWTON-CITY HALL,VTD2000-045-4,Newton,90.0,33.0
2002,primary_runoff,DALE,16,OZARK CENTER 1 <EAST A-G> .1,VTD2000-045-1,Ozark,90.0,45.0
2002,primary_runoff,DALE,17,OZARK CENTER 1 <EAST A-G> .2,VTD2000-045-1,Ozark,90.0,45.0
2002,primary_runoff,DALE,18,OZARK CENTER 2 MEM_ LIB H-L,VTD2000-045-1,Ozark,90.0,47.25
2002,primary_runoff,DALE,19,OZARK CENTER 3 <WEST M-Z> .1,VTD2000-045-1,Ozark,90.0,54.0
2002,primary_runoff,DALE,20,OZARK CENTER 3 <WEST M-Z> .2,VTD2000-045-1,Ozark,90.0,54.0
2002,primary_runoff,DALE,21,PINCKARD-CITY HALL,,,85.5,8.357142857142847
2002,primary_runoff,DALE,22,ROCKY HEAD-COMMUNITY HOUSE,,,59.375,0.0
2002,primary_runoff,DALE,23,SKIPPERVILLE-VOTING HALL,VTD2000-045-11,Skipperville,90.0,29.999999999999993
2002,primary_runoff,DALE,24,SYLVAN GROVE-VOTING HALL,,,51.42857142857142,6.4285714285714235
2002,primary_runoff,DALLAS,1,BELOIT COMMUNITY CENTER,VTD2000-047-0402,Beloit Community Center,100.0,20.0
2002,primary_runoff,DALLAS,2,BROAD STREET FIRE STATION,,,85.71428571428572,0.2142857142857224
2002,primary_runoff,DALLAS,3,BROWNS-NEW FRIENDSHIP CHURCH,VTD2000-047-1401,New Friendship Church,95.0,9.5
2002,primary_runoff,DALLAS,4,BYRD SCHOOL,VTD2000-047-D53N,Byrd School,100.0,14.5
2002,primary_runoff,DALLAS,5,CAHABA ROAD FIRE STATION,VTD2000-047-D52S,Cahaba Rd Fire Station,95.65217391304348,10.152173913043484
2002,primary_runoff,DALLAS,6,CARLOWVILLE MINTER-VFD,,,85.5,0.0
2002,primary_runoff,DALLAS,7,CARVER NEIGHBORHOOD CENTER,,,91.66666666666666,6.166666666666657
2002,primary_runoff,DALLAS,8,COURTHOUSE,VTD2000-047-D13S,Dallas County Courthouse,90.0,38.699999999999996
2002,primary_runoff,DALLAS,9,EASTEND FIRE STATION,VTD2000-047-D18E,East End Fire Station,97.5609756097561,12.060975609756099
2002,primary_runoff,DALLAS,10,GOOD HOPE CHURCH,VTD2000-047-0701,Good Hope Church,100.0,14.5
2002,primary_runoff,DALLAS,11,MARION JCT_-BLACKBELT EXPER_ST,,,85.5,31.214285714285715
2002,primary_runoff,DALLAS,12,MEMORIAL STADIUM,,,81.25,29.949999999999996
2002,primary_runoff,DALLAS,13,MT_ ZION CHURCH,VTD2000-047-0801,Mt. Zion Church,100.0,14.5
2002,primary_runoff,DALLAS,14,NORTHERN HTS_ PRES_ CHURCH,,,85.5,1.779069767441868
2002,primary_runoff,DALLAS,15,OLD NATIONAL GUARD ARMORY,,,85.5,30.115384615384613
2002,primary_runoff,DALLAS,16,ORRVILLE COMMUNITY CENTER,,,85.5,4.648936170212764
2002,primary_runoff,DALLAS,17,PLANTERSVILLE VOL_ FIRE DEPT,VTD2000-047-0101,Plantersville VFD,100.0,14.5
2002,primary_runoff,DALLAS,18,QUEEN OF PEACE SCHOOL,VTD2000-047-D54Q,Queen of Peace School,100.0,14.5
2002,primary_runoff,DALLAS,19,RANGEDALE CENTER,VTD2000-047-D35E,Rangedale Center,100.0,14.5
2002,primary_runoff,DALLAS,20,SAFFORD COMMUNITY CENTER,VTD2000-047-1101,Safford Community Center,100.0,14.5
2002,primary_runoff,DALLAS,21,SELMA MALL,VTD2000-047-D34E,Selma Mall,100.0,46.0
2002,primary_runoff,DALLAS,22,SELMONT WATER WORKS,VTD2000-047-0502,Selmont Water Works,100.0,14.5
2002,primary_runoff,DALLAS,23,SHILOH SCHOOL BUILDING,,,85.5,31.214285714285715
2002,primary_runoff,DALLAS,24,SUMMERFIELD VOLUNTEER FIRE,VTD2000-047-0201,Summerfield VFD,95.0,9.5
2002,primary_runoff,DALLAS,25,TIPTON SCHOOL,,,85.5,0.0
2002,primary_runoff,DALLAS,26,TYLER COMMUNITY CENTER,VTD2000-047-0601,Tyler Community Center,100.0,20.0
2002,primary_runoff,DALLAS,27,UNION-NEW NATIONAL GUARD,,,46.95652173913043,3.05408271474019
2002,primary_runoff,DALLAS,28,UNION-OLD NATIONAL GUARD,,,85.5,38.0
2002,primary_runoff,DALLAS,29,VALLEY GRANDE COMMUNITY CENTER,,,85.5,5.5
2002,primary_runoff,DALLAS,30,WOODROW AVE_ FIRE STATION,VTD2000-047-D34W,Woodrow Ave Fire Station,100.0,14.5
2002,primary_runoff,DEKALB,1,Unnamed: 4,,,40.0,2.5
2002,primary_runoff,DEKALB,2,Unnamed: 5,,,40.0,2.5
2002,primary_runoff,DEKALB,3,Unnamed: 6,,,40.0,2.5
2002,primary_runoff,DEKALB,4,Unnamed: 7,,,40.0,2.5
2002,primary_runoff,DEKALB,5,Unnamed: 8,,,40.0,2.5
2002,primary_runoff,DEKALB,6,Unnamed: 9,,,40.0,2.5
2002,primary_runoff,DEKALB,7,Unnamed: 10,,,37.89473684210526,2.6006191950464412
2002,primary_runoff,ELMORE,1,ASBURY KENT COMMUNITY CENTER,VTD2000-051-0041,Asbury-Kent Community Center,100.0,20.0
2002,primary_runoff,ELMORE,2,BLUE RIDGE VOTING HOUSE,VTD2000-051-0321,Blue Ridge Voting House,100.0,19.148936170212764
2002,primary_runoff,ELMORE,3,BUYCK FIRE DEPARTMENT,VTD2000-051-0121,Buyck Fire Department,100.0,20.833333333333343
2002,primary_runoff,ELMORE,4,COOSADA CITY HALL,,,95.0,0.0
2002,primary_runoff,ELMORE,5,CRENSHAW PARK,VTD2000-051-0171,Crenshaw Park,100.0,14.5
2002,primary_runoff,ELMORE,6,DEATSVILLE MASONIC LODGE,VTD2000-051-0161,Deatsville Masonic Lodge,100.0,54.54545454545454
2002,primary_runoff,ELMORE,7,ECLECTIC CITY HALL,,,63.33333333333332,0.0
2002,primary_runoff,ELMORE,8,FAIN PARK - WETUMPKA,VTD2000-051-0261,Wetumpka Fain Park,95.0,9.5
2002,primary_runoff,ELMORE,9,FITZPATRICK COMMUNITY HOUSE,,,100.0,0.0
2002,primary_runoff,ELMORE,10,FRIENDSHIP FIRE DEPARTMENT,VTD2000-051-0031,Friendship Fire Dept.,100.0,18.367346938775512
2002,primary_runoff,ELMORE,11,HOLTVILLE FIRE STATION,VTD2000-051-0151,Holtville Fire station,100.0,24.0
2002,primary_runoff,ELMORE,12,KOWALIGA FIRE DEPARTMENT .2,VTD2000-051-0051,Kowaliga Fire Dept.,96.0,16.833333333333343
2002,primary_runoff,ELMORE,13,LIGHTWOOD FIRE STATION,VTD2000-051-0141,Lightwood Fire Station,100.0,24.0
2002,primary_runoff,ELMORE,14,MILLBROOK MEMORIAL CENTER .1,,,87.6923076923077,2.1923076923076934
2002,primary_runoff,ELMORE,15,MILLBROOK MEMORIAL CENTER .2,,,87.6923076923077,2.1923076923076934
2002,primary_runoff,ELMORE,16,MULDER MEM METHODIST CHURCH .1,,,43.13725490196079,0.8295625942684737
2002,primary_runoff,ELMORE,17,MULDER MEM METHODIST CHURCH .2,,,43.13725490196079,0.8295625942684737
2002,primary_runoff,ELMORE,18,PLEASANT HILL COMMUNITY CENTER,VTD2000-051-0311,Pleasant Hill Community Center,100.0,20.0
2002,primary_runoff,ELMORE,19,REDHILL VOTING HOUSE,VTD2000-051-0052,Redhill Voting House,100.0,24.0
2002,primary_runoff,ELMORE,20,ROCK SPRINGS VOTING HOUSE,VTD2000-051-0341,Rock Springs,90.0,14.0
2002,primary_runoff,ELMORE,21,SANTUCK COMMUNITY CENTER,,,100.0,0.0
2002,primary_runoff,ELMORE,22,SEMAN COMMUNITY HOUSE,,,79.16666666666666,0.0
2002,primary_runoff,ELMORE,23,SOUTHSIDE SCHOOL TALLASSEE,,,87.27272727272728,37.08404802744427
2002,primary_runoff,ELMORE,24,TALLASSEE RECREATION CENTER,VTD2000-051-0011,Tallassee Recreation Center,100.0,41.17647058823529
2002,primary_runoff,ELMORE,25,TITUS COMMUNITY CENTER,VTD2000-051-0131,Titus Community Center,100.0,17.391304347826093
2002,primary_runoff,ELMORE,26,VICTORY BAPTIST SCHOOL .1,,,95.65217391304348,0.0
2002,primary_runoff,ELMORE,27,VICTORY BAPTIST SCHOOL .2,,,95.65217391304348,0.0
2002,primary_runoff,ELMORE,28,WALLSBORO FIRE DEPARTMENT,VTD2000-051-0101,Wallsboro Fire Dept.,100.0,20.833333333333343
2002,primary_runoff,ELMORE,29,WEOKA VOTING HOUSE,VTD2000-051-0111,Weoka Voting House,100.0,14.5
2002,primary_runoff,ELMORE,30,WETUMPKA ARMORY,VTD2000-051-0322,Wetumpka Armory,100.0,14.5
2002,primary_runoff,ESCAMBIA,1,ALCO J_D_ JC MUSEUM,,,87.5,49.404761904761905
2002,primary_runoff,ESCAMBIA,2,APPLETON VOL_FIRE DEPARTMENT,VTD2000-053-040C,Appleton Vol Fire Dept.,100.0,13.43283582089552
2002,primary_runoff,ESCAMBIA,3,ATMORE CITY HALL .1,VTD2000-053-0310,Atmore City Hall,95.0,22.777777777777786
2002,primary_runoff,ESCAMBIA,4,ATMORE CITY HALL .2,VTD2000-053-0310,Atmore City Hall,95.0,22.777777777777786
2002,primary_runoff,ESCAMBIA,5,BARNETTS C_R_ ROBINSONS STORE,,,85.5,20.045454545454533
2002,primary_runoff,ESCAMBIA,6,BETHEL ROBERTS CO VOTING HOUSE,VTD2000-053-090H,Bethel-Roberts Voting House,95.0,9.5
2002,primary_runoff,ESCAMBIA,7,BRADLEY - ROCK CREEK,,,85.5,28.35714285714286
2002,primary_runoff,ESCAMBIA,8,BREWTON CIVIC CENTER .1,VTD2000-053-030B,Brewton Civic Center,95.23809523809523,19.238095238095227
2002,primary_runoff,ESCAMBIA,9,BREWTON CIVIC CENTER .2,VTD2000-053-030B,Brewton Civic Center,95.23809523809523,19.238095238095227
2002,primary_runoff,ESCAMBIA,10,BREWTON CIVIC CENTER .3,VTD2000-053-030B,Brewton Civic Center,95.23809523809523,19.238095238095227
2002,primary_runoff,ESCAMBIA,11,CANOE CIVIC CLUB BUILDING,,,72.06896551724137,21.402298850574702
2002,primary_runoff,ESCAMBIA,12,COUNTY HWY DEPARTMENT,,,85.5,0.0
2002,primary_runoff,ESCAMBIA,13,DAMASCUS BOYKIN SCHOOL,VTD2000-053-0120,Damascus-Boykin School,100.0,14.5
2002,primary_runoff,ESCAMBIA,14,DIXIE VOLUNTEER FIRE DEPT_,VTD2000-053-0110,Dixie Vol. Fire Dept.,100.0,12.5
2002,primary_runoff,ESCAMBIA,15,EAST BREWTON CITY HALL,VTD2000-053-050D,East Brewton City Hall,100.0,26.315789473684205
2002,primary_runoff,ESCAMBIA,16,EAST BREWTON NEAL SCHOOL,,,85.5,0.0
2002,primary_runoff,ESCAMBIA,17,FLOMATON CITY HALL,VTD2000-053-0150,Flomaton City Hall,100.0,23.529411764705884
2002,primary_runoff,ESCAMBIA,18,FLOMATON COMMUNITY HOUSE,VTD2000-053-0140,Flomaton Community House,100.0,28.57142857142857
2002,primary_runoff,ESCAMBIA,19,HUXFORD MASONIC LODGE,VTD2000-053-0190,Huxford Masonic Lodge,100.0,53.84615384615385
2002,primary_runoff,ESCAMBIA,20,KIRKLAND NORTH BREWTON SCHOOL,VTD2000-053-0130,Kirkland-N Brewton School,92.5925925925926,7.092592592592595
2002,primary_runoff,ESCAMBIA,21,LITTLE ESCAMBIA VOTING HOUSE,VTD2000-053-0160,Little Escambia Voting House,100.0,14.5
2002,primary_runoff,ESCAMBIA,22,LITTLE ROCK STORE,VTD2000-053-0280,Little Rock Store,100.0,14.5
2002,primary_runoff,ESCAMBIA,23,MCCALL SCHOOL,VTD2000-053-0220,McCall School,100.0,14.5
2002,primary_runoff,ESCAMBIA,24,MCCULLOGH VFD,VTD2000-053-0300,McCullough Vol. Fire Dept.,98.59154929577466,13.770120724346086
2002,primary_runoff,ESCAMBIA,25,NEW ORDER BAPTIST CHURCH,,,58.33333333333333,8.333333333333329
2002,primary_runoff,ESCAMBIA,26,NOKOMIS VOTING HOUSE,VTD2000-053-0330,Nokomis Voting House,100.0,26.829268292682926
2002,primary_runoff,ESCAMBIA,27,PINEVIEW VOTING HOUSE,VTD2000-053-0170,Pineview Voting House,100.0,26.829268292682926
2002,primary_runoff,ESCAMBIA,28,POARCH SAIL CENTER,VTD2000-053-0290,Poarch Sail Center,100.0,44.44444444444444
2002,primary_runoff,ESCAMBIA,29,POLLARD TOWN HALL,VTD2000-053-0230,Pollard Town Hall,100.0,34.23076923076924
2002,primary_runoff,ESCAMBIA,30,RACHEL PATTERSON SCHOOL,VTD2000-053-0250,Rachel Patterson Elementary School,95.0,9.5
2002,primary_runoff,ESCAMBIA,31,RIVERVIEW TOWN HALL,VTD2000-053-070F,Riverview Town Hall,100.0,34.23076923076924
2002,primary_runoff,ESCAMBIA,32,ROCK HILL RIDGE ROAD FIRE DEPT,,,85.5,0.0
2002,primary_runoff,ESCAMBIA,33,STAFF CHEVROLET .1,VTD2000-053-0260,Staff Chevrolet,95.0,49.83870967741935
2002,primary_runoff,ESCAMBIA,34,STAFF CHEVROLET .2,VTD2000-053-0260,Staff Chevrolet,95.0,49.83870967741935
2002,primary_runoff,ESCAMBIA,35,WALLACE METHODIST CHURCH,VTD2000-053-0210,Wallace Methodist Church,100.0,45.45454545454546
2002,primary_runoff,ETOWAH,1,12TH STREET BAPTIST CHURCH,,,86.27450980392157,10.274509803921575
2002,primary_runoff,ETOWAH,2,ALABAMA TECH COLLEGE,,,88.88888888888889,3.3888888888888857
2002,primary_runoff,ETOWAH,3,ALTOONA CITY HALL,,,85.5,17.10000000000001
2002,primary_runoff,ETOWAH,4,ATTALLA CITY HALL,,,85.5,17.10000000000001
2002,primary_runoff,ETOWAH,5,ATTALLA FIRE DEPARTMENT,,,100.0,0.0
2002,primary_runoff,ETOWAH,6,ATTALLA FIRE DEPARTMENT NO_3,,,95.0,0.0
2002,primary_runoff,ETOWAH,7,AURORA BAPTIST CHURCH,VTD2000-055-21,Aurora Baptist Church,100.0,20.930232558139537
2002,primary_runoff,ETOWAH,8,BLACK CREEK VOLUNTEER FIRE,VTD2000-055-11,Black Creek Vol. FIre Dept.,95.0,28.5
2002,primary_runoff,ETOWAH,9,CARNES REC CENTER,VTD2000-055-17-5,Carnes Recreaton Center,97.87234042553192,16.23968736430743
2002,primary_runoff,ETOWAH,10,CARVER COMMUNITY CENTER .1,VTD2000-055-1-3,Carver Community Center,95.83333333333334,16.666666666666686
2002,primary_runoff,ETOWAH,11,CARVER COMMUNITY CENTER .2,VTD2000-055-1-3,Carver Community Center,95.83333333333334,16.666666666666686
2002,primary_runoff,ETOWAH,12,CAVE SPRINGS COMMUNITY HOUSE,VTD2000-055-16,Cave Springs Comm. Club House,95.0,28.33333333333333
2002,primary_runoff,ETOWAH,13,CLEAR CREEK METHODIST CHURCH,VTD2000-055-28,Clear Creek Methodist Church,100.0,23.07692307692308
2002,primary_runoff,ETOWAH,14,COATES BEND FIRE DEPARTMENT,VTD2000-055-9,Coates Bend Fire Dept.,100.0,25.0
2002,primary_runoff,ETOWAH,15,COLLEGE HEIGHTS BAPTIST CHURCH,VTD2000-055-1-14,College Heights Baptist Church,100.0,14.5
2002,primary_runoff,ETOWAH,16,COREY SCHOOL - NEW GYM,,,85.5,22.16666666666668
2002,primary_runoff,ETOWAH,17,DISTRICT NO_3 MAINTENANCE SHOP,,,86.79245283018868,36.49833518312985
2002,primary_runoff,ETOWAH,18,DUCK SPRINGS SCHOOL,VTD2000-055-14,Duck Springs School,100.0,14.5
2002,primary_runoff,ETOWAH,19,EAST GADSDEN REC CENTER,VTD2000-055-1-16,East Gadsden Recreation Center,100.0,11.47540983606558
2002,primary_runoff,ETOWAH,20,EGYPT VOLUNTEER FIRE,,,90.0,4.5
2002,primary_runoff,ETOWAH,21,ELLIOTT COMMUNITY CENTER .1,VTD2000-055-1-2,Elliott Community Center,96.0,16.0
2002,primary_runoff,ETOWAH,22,ELLIOTT COMMUNITY CENTER .2,VTD2000-055-1-2,Elliott Community Center,96.0,16.0
2002,primary_runoff,ETOWAH,23,ETOWAH MIDDLE SCHOOL,VTD2000-055-17-3,Etowah Middle School,100.0,14.5
2002,primary_runoff,ETOWAH,24,GADSDEN CONVENTION HALL .1,VTD2000-055-1-9,Gadsden Convention Hall,95.83333333333334,10.333333333333343
2002,primary_runoff,ETOWAH,25,GADSDEN CONVENTION HALL .2,VTD2000-055-1-9,Gadsden Convention Hall,95.83333333333334,10.333333333333343
2002,primary_runoff,ETOWAH,26,GADSDEN CONVENTION HALL .3,VTD2000-055-1-9,Gadsden Convention Hall,95.83333333333334,10.333333333333343
2002,primary_runoff,ETOWAH,27,GALLANT COMMUNITY CENTER,VTD2000-055-27,Gallant Community Center,100.0,16.666666666666657
2002,primary_runoff,ETOWAH,28,GASTON HIGH SCHOOL,VTD2000-055-10,Gaston High School,100.0,14.5
2002,primary_runoff,ETOWAH,29,GEORGE WALLACE SENIOR CNTR .1,,,78.23529411764704,22.679738562091487
2002,primary_runoff,ETOWAH,30,GEORGE WALLACE SENIOR CNTR .2,,,78.23529411764704,22.679738562091487
2002,primary_runoff,ETOWAH,31,HIGHLAND SCHOOL,VTD2000-055-12,Highland School,100.0,14.5
2002,primary_runoff,ETOWAH,32,HOKES BLUFF COMMUNITY CNTR .1,VTD2000-055-5-1,Hokes Bluff Community Center,96.55172413793103,18.60300618921309
2002,primary_runoff,ETOWAH,33,HOKES BLUFF COMMUNITY CNTR .2,VTD2000-055-5-1,Hokes Bluff Community Center,96.55172413793103,18.60300618921309
2002,primary_runoff,ETOWAH,34,IVALEE VOLUNTEER FIRE,,,90.0,4.5
2002,primary_runoff,ETOWAH,35,JESSIE DEAN SMITH REC CENTER,VTD2000-055-1-10,Jessie D. Smith Recreation Center,95.52238805970148,10.022388059701484
2002,primary_runoff,ETOWAH,36,KEENER COMMUNITY CENTER,VTD2000-055-15,Keener Community Center,100.0,17.391304347826093
2002,primary_runoff,ETOWAH,37,LIBERTY METHODIST CHURCH,VTD2000-055-5-2,Liberty Methodist Church,100.0,23.07692307692308
2002,primary_runoff,ETOWAH,38,MEADOW BROOK BAPTIST CHURCH,VTD2000-055-1-13,Meadowbrook Baptist Church,98.11320754716981,22.113207547169807
2002,primary_runoff,ETOWAH,39,MORTON CHAPEL CHURCH,VTD2000-055-23,Morton Chapel Church,100.0,14.5
2002,primary_runoff,ETOWAH,40,MOUNTAINBORO CITY HALL,VTD2000-055-18,Mountainboro City Hall,100.0,31.60000000000001
2002,primary_runoff,ETOWAH,41,NEW UNION COMMUNITY CENTER,VTD2000-055-19-3,New Union Community Center,100.0,20.0
2002,primary_runoff,ETOWAH,42,NOCCALULA KIWANIS PVLN .1,VTD2000-055-1-1,Noccalula Kiwanis Pavilion,88.0,49.22448979591837
2002,primary_runoff,ETOWAH,43,NOCCALULA KIWANIS PVLN .2,VTD2000-055-1-1,Noccalula Kiwanis Pavilion,88.0,49.22448979591837
2002,primary_runoff,ETOWAH,44,NORTH GADSDEN REC CENTER,VTD2000-055-1-5,North Gadsden Recreation Center,100.0,11.47540983606558
2002,primary_runoff,ETOWAH,45,RAINBOW CITY COMMUNITY CNTR .1,VTD2000-055-30,Rainbow City Community Center,96.66666666666667,11.166666666666671
2002,primary_runoff,ETOWAH,46,RAINBOW CITY COMMUNITY CNTR .2,VTD2000-055-30,Rainbow City Community Center,96.66666666666667,11.166666666666671
2002,primary_runoff,ETOWAH,47,RAINBOW CITY COMMUNITY CNTR .3,VTD2000-055-30,Rainbow City Community Center,96.66666666666667,11.166666666666671
2002,primary_runoff,ETOWAH,48,RAINBOW CITY FIRE DEPT NO_2,,,85.5,0.0
2002,primary_runoff,ETOWAH,49,REECE CITY TOWN HALL,VTD2000-055-13,Reece City Town Hall,100.0,31.60000000000001
2002,primary_runoff,ETOWAH,50,RIDGEVILLE TOWN HALL,VTD2000-055-34-2,Ridgeville Town Hall,100.0,35.0
2002,primary_runoff,ETOWAH,51,SARDIS CITY HALL,VTD2000-055-19-1,Sardis City Hall,100.0,14.5
2002,primary_runoff,ETOWAH,52,SOUTHSIDE BAPTIST CHURCH .1,,,77.77777777777779,1.7777777777777857
2002,primary_runoff,ETOWAH,53,SOUTHSIDE BAPTIST CHURCH .2,,,77.77777777777779,1.7777777777777857
2002,primary_runoff,ETOWAH,54,SOUTHSIDE BAPTIST CHURCH .3,,,80.0,2.2222222222222143
2002,primary_runoff,ETOWAH,55,TIDMORE BEND VOLUNTEER FIRE,,,64.8780487804878,0.0
2002,primary_runoff,ETOWAH,56,TILLISON BEND WATER AUTHORITY,VTD2000-055-3,Tillison Bend Water Authority,100.0,48.14814814814814
2002,primary_runoff,ETOWAH,57,UNION .3 BAPTIST CHURCH,VTD2000-055-7,Union #3 Baptist Church,100.0,20.930232558139537
2002,primary_runoff,ETOWAH,58,WALNUT GROVE FIRE DEPARTMENT,VTD2000-055-24,Walnut Grove Vol. Fire Dept.,95.0,20.0
2002,primary_runoff,ETOWAH,59,WALNUT PARK REC CENTER,VTD2000-055-1-8,Walnut Park Recreation Center,100.0,18.518518518518505
2002,primary_runoff,ETOWAH,60,WEST ETOWAH VOLUNTEER FIRE,VTD2000-055-26,West Etowah Vol. Fire Dept.,95.0,28.33333333333333
2002,primary_runoff,ETOWAH,61,WHORTON BEND FIRE STATION,VTD2000-055-31,Whorton Bend Fire Station,100.0,14.5
2002,primary_runoff,ETOWAH,62,YOUNGS CHAPEL CHURCH,VTD2000-055-6,Young's Chapel Church,97.5609756097561,12.060975609756099
2002,primary_runoff,FAYETTE,1,BERRY ARMORY,VTD2000-057-9,Berry,90.0,36.0
2002,primary_runoff,FAYETTE,2,BOLEY BOLEY SPRINGS CHURCH,VTD2000-057-13,Boley,90.0,29.999999999999993
2002,primary_runoff,FAYETTE,3,BROWNS GLEN ALLEN COMM_ CNT_,VTD2000-057-11,Brown,90.0,22.5
2002,primary_runoff,FAYETTE,4,BROWNS WHITES CHAPEL VT_ CNT_,VTD2000-057-11,Brown,90.0,22.5
2002,primary_runoff,FAYETTE,5,BYLOR VOTING CENTER BANKSTON,VTD2000-057-18,Bylor,90.0,12.857142857142847
2002,primary_runoff,FAYETTE,6,CLEAR CREEK VT_ CNT_ PHILA_ CH,,,90.0,4.5
2002,primary_runoff,FAYETTE,7,COLES NEW RIVER CH_ OF CHRIST,,,90.0,4.5
2002,primary_runoff,FAYETTE,8,COLES VOTING CNT KILLINGSWORTH,VTD2000-057-6,Coles,90.0,25.714285714285708
2002,primary_runoff,FAYETTE,9,COLLIN VT_ CNT_ MT_ VERNON,,,83.07692307692308,15.57692307692308
2002,primary_runoff,FAYETTE,10,FAYETTE CIVIC CENTER,,,60.00000000000001,8.571428571428584
2002,primary_runoff,FAYETTE,11,FAYETTE COVIN VOTING CENTER,,,60.00000000000001,8.571428571428584
2002,primary_runoff,FAYETTE,12,FAYETTE YOUTH CENTER,,,60.00000000000001,8.571428571428584
2002,primary_runoff,FAYETTE,13,FORDS VOTING CENTER FORDS MT_,VTD2000-057-19,Fords,90.0,37.38461538461539
2002,primary_runoff,FAYETTE,14,GEORGES CREEK VT_ CNT_ PEA RDG,,,86.66666666666667,1.1666666666666714
2002,primary_runoff,FAYETTE,15,GILPIN LAWRENCE MILL COMM_ CNT,VTD2000-057-14,Gilpin,90.0,47.25
2002,primary_runoff,FAYETTE,16,HICO VT_ CNT_ N OF NEWTONVILLE,VTD2000-057-7,Hico,90.0,22.5
2002,primary_runoff,FAYETTE,17,LEE BELK COMM CTR,,,60.00000000000001,7.105427357601002e-15
2002,primary_runoff,FAYETTE,18,LEE OAKRIDGE VOTING CENTER,VTD2000-057-2,Ridge,90.0,29.999999999999993
2002,primary_runoff,FAYETTE,19,PLEASANT GROVE VOTING CENTER,,,60.00000000000001,6.000000000000007
2002,primary_runoff,FAYETTE,20,RIDGE CONCORD CH_ VT_ CNT_,VTD2000-057-2,Ridge,90.0,35.5909090909091
2002,primary_runoff,FAYETTE,21,RUSSELL VOTING CENTER BOBO SCH,VTD2000-057-5,Russell,90.0,36.0
2002,primary_runoff,FAYETTE,22,STONEWALL CANNAN COMM_ CNT_,VTD2000-057-17,Stonewall,90.0,22.5
2002,primary_runoff,FAYETTE,23,STOUGH VOTING CENTER,VTD2000-057-4,Stough,90.0,29.999999999999993
2002,primary_runoff,FAYETTE,24,STUDDARDS CROSSROADS,,,64.125,4.124999999999993
2002,primary_runoff,FAYETTE,25,SUGAR CREEK EXP STA NEAR WNFLD,,,90.0,4.5
2002,primary_runoff,FAYETTE,26,THOMPSON KIRKLAND SCHOOL BLDG_,VTD2000-057-16,Thompson,90.0,29.999999999999993
2002,primary_runoff,FAYETTE,27,WEBSTER VT_ CNT_ WAYSIDE SCH_,VTD2000-057-12,Webster,90.0,36.0
2002,primary_runoff,FRANKLIN,1,BELGREEN,VTD2000-059-7,Belgreen Fire Station,90.0,48.46153846153846
2002,primary_runoff,FRANKLIN,2,CHUCKIE MULLINS CENTER,,,60.454545454545446,1.3636363636363669
2002,primary_runoff,FRANKLIN,3,COLLEGE AVENUE ELEMENTARY,,,60.00000000000001,7.058823529411768
2002,primary_runoff,FRANKLIN,4,COURTHOUSE,,,60.00000000000001,11.142857142857153
2002,primary_runoff,FRANKLIN,5,FRANKFORT,VTD2000-059-3,Frankfort Fire Station,90.0,50.0
2002,primary_runoff,FRANKLIN,6,HALLTOWN,VTD2000-059-14,Halltown Community Center,90.0,22.5
2002,primary_runoff,FRANKLIN,7,HODGES,,,81.81818181818181,9.818181818181813
2002,primary_runoff,FRANKLIN,8,JONESBORO,VTD2000-059-17,Jonesboro Community Center,90.0,40.0
2002,primary_runoff,FRANKLIN,9,LAWLERS,VTD2000-059-15,Lawlers Fire Station,90.0,36.0
2002,primary_runoff,FRANKLIN,10,MT_ STAR HILLS,VTD2000-059-11,Mount Star,90.0,43.333333333333336
2002,primary_runoff,FRANKLIN,11,NEWBURG,VTD2000-059-20,Newburg Masonic Lodge,90.0,38.57142857142858
2002,primary_runoff,FRANKLIN,12,PHIL CAMPBELL,VTD2000-059-9,Phil Campbell City Hall,90.0,45.55555555555556
2002,primary_runoff,FRANKLIN,13,PLEASANT SITE,VTD2000-059-4,Pleasant Site Voting Center,90.0,46.52173913043478
2002,primary_runoff,FRANKLIN,14,RED BAY .1,VTD2000-059-5,Red Bay,95.0,55.0
2002,primary_runoff,FRANKLIN,15,RED BAY .2,VTD2000-059-5,Red Bay,95.0,55.0
2002,primary_runoff,FRANKLIN,16,ROCKWOOD,VTD2000-059-10,Rockwood,100.0,55.0
2002,primary_runoff,FRANKLIN,17,RUSSELLVILLE ELECTRIC WRHS,VTD2000-059-2,Russellville,90.0,51.13636363636363
2002,primary_runoff,FRANKLIN,18,RUSSELLVILLE HIGH SCHOOL,,,90.0,4.5
2002,primary_runoff,FRANKLIN,19,SPRUCE PINE,VTD2000-059-18,Spruce Pine,100.0,56.52173913043478
2002,primary_runoff,FRANKLIN,20,ST_ CROSS ROAD,VTD2000-059-12,St Cross Road,100.0,51.142857142857146
2002,primary_runoff,FRANKLIN,21,THARPTOWN,VTD2000-059-13,Tharptown School,90.0,7.64705882352942
2002,primary_runoff,FRANKLIN,22,TRAPPTOWN-E_ FRANKLIN JR_ HIGH,,,78.75,23.365384615384613
2002,primary_runoff,FRANKLIN,23,UNION,VTD2000-059-1,Union Community Center,90.0,22.5
2002,primary_runoff,FRANKLIN,24,VINA COMMUNITY CENTER,,,88.37209302325581,2.8720930232558146
2002,primary_runoff,FRANKLIN,25,WACO CHURCH OF CHRIST,VTD2000-059-16,Waco,90.0,48.91891891891892
2002,primary_runoff,GENEVA,1,BELLWOOD VOTING HOUSE,,,76.92307692307692,7.8321678321678405
2002,primary_runoff,GENEVA,2,BLACK,VTD2000-061-8,Black-Kelley Cross Roads,90.0,36.0
2002,primary_runoff,GENEVA,3,CHANCELLOR VOTING HOUSE,,,76.0,10.482758620689665
2002,primary_runoff,GENEVA,4,COFFEE SPRINGS,VTD2000-061-11,Coffee Springs,100.0,56.25
2002,primary_runoff,GENEVA,5,DEVCO VOTING HOUSE,VTD2000-061-17,Devco Voting House,100.0,14.5
2002,primary_runoff,GENEVA,6,DUNDEE VOTING HOUSE,,,81.08108108108108,7.5326939843068885
2002,primary_runoff,GENEVA,7,FADETTE VOTING HOUSE,VTD2000-061-4,Fadette,90.0,11.05263157894737
2002,primary_runoff,GENEVA,8,FARM CENTER,,,85.5,29.944444444444443
2002,primary_runoff,GENEVA,9,FLAT CREEK,,,90.0,4.5
2002,primary_runoff,GENEVA,10,GENEVA ARMORY,,,85.5,0.0
2002,primary_runoff,GENEVA,11,GENEVA CITY HALL,,,85.5,34.07142857142858
2002,primary_runoff,GENEVA,12,GENEVA COMMUNITY CENTER,,,85.5,32.0625
2002,primary_runoff,GENEVA,13,GENEVA COUNTY COURTHOUSE,,,85.5,28.35714285714286
2002,primary_runoff,GENEVA,14,GILMORE,VTD2000-061-14,Gilmore,100.0,46.0
2002,primary_runoff,GENEVA,15,HACODA,VTD2000-061-16,Hacoda-Flat Creek,90.0,45.0
2002,primary_runoff,GENEVA,16,HARTFORD NATIONAL GUARD ARMORY,,,70.84745762711864,21.756548536209557
2002,primary_runoff,GENEVA,17,HUGHES VOTING HOUSE,VTD2000-061-3,Malvery-Hughes Voting House,95.0,19.0
2002,primary_runoff,GENEVA,18,HURRICANE VOTING HOUSE,,,76.0,8.941176470588232
2002,primary_runoff,GENEVA,19,KELLY CROSS ROADS,,,82.92682926829268,37.21254355400696
2002,primary_runoff,GENEVA,20,LOWERY,VTD2000-061-15,Lowery-Revels Store,90.0,29.999999999999993
2002,primary_runoff,GENEVA,21,LYTLE,VTD2000-061-12,Lytle,100.0,46.0
2002,primary_runoff,GENEVA,22,MALVERN,,,83.07692307692308,38.07692307692308
2002,primary_runoff,GENEVA,23,PINEY GROVE,VTD2000-061-13,Piney Grove-Samson,90.0,40.909090909090914
2002,primary_runoff,GENEVA,24,REVELS GROCERY,,,63.333333333333336,17.294871794871796
2002,primary_runoff,GENEVA,25,SAMSON AMERICAN LEGION HALL,,,85.5,34.07142857142858
2002,primary_runoff,GENEVA,26,SAMSON COMMUNITY CENTER,,,85.5,25.5
2002,primary_runoff,GENEVA,27,SARDIS VOTING HOUSE,,,76.0,2.451612903225808
2002,primary_runoff,GENEVA,28,SLOCOMB NATIONAL GUARD ARMORY,,,52.41379310344827,1.5209359605911317
2002,primary_runoff,GENEVA,29,ST_ PAUL VOTING HOUSE,,,76.0,10.857142857142861
2002,primary_runoff,GENEVA,30,TATE SCHOOL,,,85.5,34.199999999999996
2002,primary_runoff,GREENE,1,BOLIGEE CITY HALL,VTD2000-063-5-1-3,Boligee City Hall,100.0,28.75
2002,primary_runoff,GREENE,2,CARVER SCHOOL,VTD2000-063-3-8,Carver School,100.0,14.5
2002,primary_runoff,GREENE,3,CLINTON RECREATION CENTER,VTD2000-063-5-6,Clinton Rec Center,100.0,14.5
2002,primary_runoff,GREENE,4,DOLLARHIDE RECREATION CENTER,VTD2000-063-3-7,Dollarhide Rec Center,100.0,14.5
2002,primary_runoff,GREENE,5,EATMAN SCHOOL,VTD2000-063-1-2,Eatman School,100.0,14.5
2002,primary_runoff,GREENE,6,EUTAW ACTIVITY CENTER,VTD2000-063-4-1-2,Eutaw Activity center,100.0,14.5
2002,primary_runoff,GREENE,7,EUTAW PRE-SCHOOL,VTD2000-063-2-3-4,Eutaw Pre-School,100.0,26.923076923076934
2002,primary_runoff,GREENE,8,FORKLAND CITY HALL,VTD2000-063-3-1-6,Forkland City Hall,100.0,27.272727272727266
2002,primary_runoff,GREENE,9,GREENE COUNTY COURTHOUSE,VTD2000-063-1-1,Greene County Courthouse,100.0,42.142857142857146
2002,primary_runoff,GREENE,10,JENA CLUBHOUSE,VTD2000-063-1-5,Jena Clubhouse,100.0,42.142857142857146
2002,primary_runoff,GREENE,11,LAW LIBRARY,VTD2000-063-2-1-2,Law Library,100.0,54.99999999999999
2002,primary_runoff,GREENE,12,LEWISTON COMMUNITY CENTER,VTD2000-063-1-3-4,Lewiston Comm. Center,100.0,14.5
2002,primary_runoff,GREENE,13,MONTGOMERY RECREATION CENTER,VTD2000-063-1-8,Montgomery Rec. Center,100.0,14.5
2002,primary_runoff,GREENE,14,MORROW BROWN RECREATION CENTER,,,95.0,0.0
2002,primary_runoff,GREENE,15,MT_ HEBRON PRE-SCHOOL,VTD2000-063-5-4-5,Mt. Hebron Pre-School,100.0,14.5
2002,primary_runoff,GREENE,16,NATIONAL GUARD ARMORY,VTD2000-063-2-5-7,National Guard Armory,100.0,53.46938775510205
2002,primary_runoff,GREENE,17,SOUTH FORK REST_,VTD2000-063-2-8,South Fork,90.0,42.0
2002,primary_runoff,GREENE,18,TISHABEE RECREATION CENTER,VTD2000-063-4-5-6,Tishabee Rec Center,100.0,14.5
2002,primary_runoff,GREENE,19,UNION CITY HALL,VTD2000-063-1-6-7,Union City Hall,100.0,27.272727272727266
2002,primary_runoff,GREENE,20,WEST GREENE FIRE STATION,,,78.43137254901961,29.57422969187676
2002,primary_runoff,HALE,1,Unnamed: 4,,,85.5,41.05555555555556
2002,primary_runoff,HALE,2,Unnamed: 5,,,85.5,41.05555555555556
2002,primary_runoff,HALE,3,Unnamed: 6,,,44.44444444444444,0.0
2002,primary_runoff,HALE,4,Unnamed: 7,,,44.44444444444444,0.0
2002,primary_runoff,HALE,5,Unnamed: 8,,,44.44444444444444,0.0
2002,primary_runoff,HALE,6,Unnamed: 9,,,44.44444444444444,0.0
2002,primary_runoff,HALE,7,Unnamed: 10,,,42.10526315789473,0.0
2002,primary_runoff,HALE,8,Unnamed: 11,,,42.10526315789473,0.0
2002,primary_runoff,HALE,9,Unnamed: 12,,,42.10526315789473,0.0
2002,primary_runoff,HENRY,1,ABBEVILLE ARMORY .1,VTD2000-067-P-10,Abbevile Armory,90.9090909090909,34.65909090909091
2002,primary_runoff,HENRY,2,ABBEVILLE ARMORY .2,VTD2000-067-P-10,Abbevile Armory,90.9090909090909,34.65909090909091
2002,primary_runoff,HENRY,3,BLANKENSHIP STORE,VTD2000-067-P-8,Blankenship Store,100.0,57.57575757575758
2002,primary_runoff,HENRY,4,BROWNS CROSSROADS,,,49.565217391304344,4.565217391304344
2002,primary_runoff,HENRY,5,CAPPS POST OFFICE,VTD2000-067-P-6,Capps Post Office-Espy Farms,90.0,48.82352941176471
2002,primary_runoff,HENRY,6,EDWIN CLUBHOUSE,,,100.0,0.0
2002,primary_runoff,HENRY,7,ESPY FARMS,VTD2000-067-P-6,Capps Post Office-Espy Farms,90.0,40.0
2002,primary_runoff,HENRY,8,HALEBURG CITY HALL,VTD2000-067-P-4,Haleburg Hall,95.0,57.75862068965517
2002,primary_runoff,HENRY,9,HEADLAND ARMORY .1,VTD2000-067-P-1,Headland Armory,95.0,38.75
2002,primary_runoff,HENRY,10,HEADLAND ARMORY .2,VTD2000-067-P-1,Headland Armory,95.0,38.75
2002,primary_runoff,HENRY,11,HEBRON COMMUNITY VOTING HOUSE,,,85.5,0.0
2002,primary_runoff,HENRY,12,JUDSON COMMUNITY,VTD2000-067-P-12,Judson Com.,90.0,50.0
2002,primary_runoff,HENRY,13,LAWRENCEVILLE HIGH SCHOOL,,,87.0967741935484,34.71582181259601
2002,primary_runoff,HENRY,14,NEWVILLE VOTING HOUSE,,,89.47368421052632,3.973684210526315
2002,primary_runoff,HENRY,15,SHORTERVILLE HOUSE,VTD2000-067-P-11,Shorterville House-Wills Rd.,90.0,21.42857142857143
2002,primary_runoff,HENRY,16,TUMBLETON VOTING HOUSE,,,85.5,18.83333333333333
2002,primary_runoff,HENRY,17,UNION VT_ HOUSE,VTD2000-067-P-5,Union Vt. House,100.0,14.5
2002,primary_runoff,HENRY,18,WILLIAMS COMM_ VOTING HOUSE,,,90.0,4.5
2002,primary_runoff,HENRY,19,WILLS CROSS ROADS,,,85.5,16.269230769230774
2002,primary_runoff,HOUSTON,1,ASHFORD,VTD2000-069-10,Ashford,100.0,46.0
2002,primary_runoff,HOUSTON,2,BAY SPRINGS,VTD2000-069-2,Bay Springs Fire Dept.,90.0,36.0
2002,primary_runoff,HOUSTON,3,COLUMBIA,VTD2000-069-13,Columbia,100.0,47.38461538461539
2002,primary_runoff,HOUSTON,4,COTTONWOOD,VTD2000-069-6,Cottonwood,100.0,55.0
2002,primary_runoff,HOUSTON,5,COWARTS,VTD2000-069-8-1,Cowarts,100.0,46.0
2002,primary_runoff,HOUSTON,6,DOUG TEW COMMUNITY CENTER .1,VTD2000-069-3-3,Doug Tew Community Center,96.15384615384616,10.65384615384616
2002,primary_runoff,HOUSTON,7,DOUG TEW COMMUNITY CENTER .2,VTD2000-069-3-3,Doug Tew Community Center,96.15384615384616,10.65384615384616
2002,primary_runoff,HOUSTON,8,DOUG TEW COMMUNITY CENTER .3,VTD2000-069-3-3,Doug Tew Community Center,96.15384615384616,10.65384615384616
2002,primary_runoff,HOUSTON,9,DUPREE,VTD2000-069-14,Dupree,100.0,53.36363636363637
2002,primary_runoff,HOUSTON,10,ENTERPRISE,VTD2000-069-7-1A,Enterprise Church,90.0,27.0
2002,primary_runoff,HOUSTON,11,FARM CENTER .1,VTD2000-069-3-2,Farm Center,95.0,9.5
2002,primary_runoff,HOUSTON,12,FARM CENTER .2,VTD2000-069-3-2,Farm Center,95.0,9.5
2002,primary_runoff,HOUSTON,13,GORDON,VTD2000-069-12-2,Gordon,100.0,50.0
2002,primary_runoff,HOUSTON,14,HARMON,VTD2000-069-11-1,Harmon,100.0,39.99999999999999
2002,primary_runoff,HOUSTON,15,HODGESVILLE,VTD2000-069-7-1,Hodgesville,100.0,46.0
2002,primary_runoff,HOUSTON,16,JOHNSON HOMES .1,VTD2000-069-3-1,Johnson Homes,95.0,48.36363636363637
2002,primary_runoff,HOUSTON,17,JOHNSON HOMES .2,VTD2000-069-3-1,Johnson Homes,95.0,48.36363636363637
2002,primary_runoff,HOUSTON,18,KINSEY,VTD2000-069-9,Kinsey,100.0,33.33333333333333
2002,primary_runoff,HOUSTON,19,LIBRARY .1,VTD2000-069-3-4,Library,95.0,39.61538461538461
2002,primary_runoff,HOUSTON,20,LIBRARY .2,VTD2000-069-3-4,Library,95.0,39.61538461538461
2002,primary_runoff,HOUSTON,21,LINCOLN,VTD2000-069-3-1A,Lincoln Community Center,90.0,38.57142857142858
2002,primary_runoff,HOUSTON,22,LOVETOWN,VTD2000-069-7-1B,Lovetown,100.0,55.0
2002,primary_runoff,HOUSTON,23,LUCY,VTD2000-069-11-2,Lucy,100.0,51.142857142857146
2002,primary_runoff,HOUSTON,24,MADRID,VTD2000-069-5,Madrid,100.0,53.84615384615385
2002,primary_runoff,HOUSTON,25,PANSEY,VTD2000-069-12-1,Pansey,100.0,33.33333333333333
2002,primary_runoff,HOUSTON,26,REHOBETH,VTD2000-069-4-2,Rehobeth,100.0,55.0
2002,primary_runoff,HOUSTON,27,TAYLOR,VTD2000-069-4-1,Taylor,100.0,53.84615384615385
2002,primary_runoff,HOUSTON,28,VAUGHN BLUMBERG,VTD2000-069-3-4B,Vaughn Blumberg Center,95.0,42.38461538461539
2002,primary_runoff,HOUSTON,29,WATER AND ELECTRIC .1,VTD2000-069-3-3A,Water and Electric,95.0,41.0
2002,primary_runoff,HOUSTON,30,WATER AND ELECTRIC .2,VTD2000-069-3-3A,Water and Electric,95.0,41.0
2002,primary_runoff,HOUSTON,31,WEBB,VTD2000-069-8-2,Webb,100.0,39.99999999999999
2002,primary_runoff,HOUSTON,32,WESTGATE .1,,,85.5,25.499999999999993
2002,primary_runoff,HOUSTON,33,WESTGATE .2,,,85.5,25.499999999999993
2002,primary_runoff,HOUSTON,34,WICKSBURG,VTD2000-069-1,Wicksburg,100.0,48.57142857142858
2002,primary_runoff,HOUSTON,35,WIREGRASS PARK .1,VTD2000-069-3-2A,Wiregrass Park,95.0,43.57142857142858
2002,primary_runoff,HOUSTON,36,WIREGRASS PARK .2,VTD2000-069-3-2A,Wiregrass Park,95.0,43.57142857142858
2002,primary_runoff,JACKSON,1,ASPEL,VTD2000-071-36,Aspel Water Board Bldg.,90.0,18.0
2002,primary_runoff,JACKSON,2,BISHOP SWAFFORDS STORE,,,73.54838709677419,21.374474053295934
2002,primary_runoff,JACKSON,3,BRIDGEPORT .1,,,86.08695652173914,38.58695652173914
2002,primary_runoff,JACKSON,4,BRIDGEPORT .2,,,86.08695652173914,38.58695652173914
2002,primary_runoff,JACKSON,5,BRYANT,VTD2000-071-4,Bryant School,90.0,38.699999999999996
2002,primary_runoff,JACKSON,6,COLLINS,,,51.42857142857142,0.0
2002,primary_runoff,JACKSON,7,CROW,VTD2000-071-35,Crow Fire Hall,90.0,29.999999999999993
2002,primary_runoff,JACKSON,8,DEANS CHAPEL,,,85.5,32.166666666666664
2002,primary_runoff,JACKSON,9,DUTTON,VTD2000-071-28,Dutton City Hall,90.0,33.0
2002,primary_runoff,JACKSON,10,FACKLER,,,77.14285714285715,28.051948051948067
2002,primary_runoff,JACKSON,11,FLAT ROCK,,,90.0,4.5
2002,primary_runoff,JACKSON,12,GARTH,VTD2000-071-26,Garth-Johnson's Store,90.0,25.875
2002,primary_runoff,JACKSON,13,GROSS SPRINGS <CHRISTIAN HOME>,,,85.5,33.68181818181818
2002,primary_runoff,JACKSON,14,HAMBRICK,VTD2000-071-33,Hambrick Community Center,90.0,37.38461538461539
2002,primary_runoff,JACKSON,15,HIGDON - SAND MTN HIGH SCHOOL,,,85.5,0.0
2002,primary_runoff,JACKSON,16,HOLLY SPRINGS BAPTIST CHURCH,VTD2000-071-31,Holly Spring Baptist Church,98.18181818181819,48.18181818181819
2002,primary_runoff,JACKSON,17,HOLLYTREE,VTD2000-071-27,Hollytree-Morris's Store,90.0,25.714285714285708
2002,primary_runoff,JACKSON,18,HOLLYWOOD,VTD2000-071-10,Hollywood City Hall,90.0,23.499999999999986
2002,primary_runoff,JACKSON,19,HYTOP,VTD2000-071-25,Hytop Fire Hall,90.0,36.0
2002,primary_runoff,JACKSON,20,LANGSTON,VTD2000-071-12,Langston City Hall,90.0,33.0
2002,primary_runoff,JACKSON,21,LARKINSVILLE,VTD2000-071-14,Larkinsville Old School,90.0,37.5
2002,primary_runoff,JACKSON,22,LIMROCK,VTD2000-071-32,Limrock Fire Dept.,90.0,37.38461538461539
2002,primary_runoff,JACKSON,23,LONG ISLAND,VTD2000-071-2,Long Island Community Center,90.0,42.63157894736841
2002,primary_runoff,JACKSON,24,MACEDONIA,VTD2000-071-30,Macedonia School,90.0,40.0
2002,primary_runoff,JACKSON,25,MINK CREEK,VTD2000-071-15,Mink Creek-Lakeview Store,90.0,36.0
2002,primary_runoff,JACKSON,26,PAINT ROCK,,,90.0,4.5
2002,primary_runoff,JACKSON,27,PISGAH,VTD2000-071-11,Pisgah Fire Hall,90.0,36.0
2002,primary_runoff,JACKSON,28,PLEASANT GROVES FIRE HALL,,,85.5,0.0
2002,primary_runoff,JACKSON,29,PRINCETON,VTD2000-071-34,Princeton Fire Hall,90.0,33.0
2002,primary_runoff,JACKSON,30,ROSALIE,VTD2000-071-38,Rosalie School,90.0,38.57142857142858
2002,primary_runoff,JACKSON,31,SCOTTSBORO NATIONAL GUARD .1,,,59.81481481481481,10.957671957671955
2002,primary_runoff,JACKSON,32,SCOTTSBORO NATIONAL GUARD .2,,,59.81481481481481,10.957671957671955
2002,primary_runoff,JACKSON,33,SCOTTSBORO NATIONAL GUARD .3,,,59.81481481481481,10.957671957671955
2002,primary_runoff,JACKSON,34,SECTION,VTD2000-071-24,Section City Hall,90.0,27.818181818181813
2002,primary_runoff,JACKSON,35,SKYLINE,VTD2000-071-22,Skyline City Hall,90.0,38.57142857142858
2002,primary_runoff,JACKSON,36,STEVENSON .1,,,85.71428571428571,28.872180451127818
2002,primary_runoff,JACKSON,37,STEVENSON .2,,,85.71428571428571,28.872180451127818
2002,primary_runoff,JACKSON,38,TRENTON FIRE HALL,VTD2000-071-17,Trenton Fire Hall,100.0,14.5
2002,primary_runoff,JACKSON,39,TUPELO,VTD2000-071-13,Tupelo-Pikeville Store,90.0,29.999999999999993
2002,primary_runoff,JACKSON,40,WININGER,,,51.42857142857142,0.0
2002,primary_runoff,JACKSON,41,WOODVILLE CITY HALL,VTD2000-071-16,Woodville City Hall,100.0,26.315789473684205
2002,primary_runoff,JEFFERSON,1,1501 MT_ OLIVE ELEM 01,VTD2000-073-5104,Mt Olive Elementary School,90.86956521739131,25.100334448160552
2002,primary_runoff,JEFFERSON,2,1501 MT_ OLIVE ELEM_ 01,VTD2000-073-5104,Mt Olive Elementary School,90.86956521739131,25.100334448160552
2002,primary_runoff,JEFFERSON,3,1502 BAGLEY JR_ HIGH 01,,,85.5,0.0
2002,primary_runoff,JEFFERSON,4,1503 MASONIC LODGE W_J_01,,,85.5,0.0
2002,primary_runoff,JEFFERSON,5,1504 ALLIANCE COMM_CNT 01,,,85.5,0.0
2002,primary_runoff,JEFFERSON,6,1505 SYLVAN SPRINGS COMM,VTD2000-073-5112,Sylvan Springs Comm Center,95.0,9.5
2002,primary_runoff,JEFFERSON,7,1506 PLEASANT GROVE C_ HO,,,85.5,0.0
2002,primary_runoff,JEFFERSON,8,1507 CONCORD COMM CNT,,,85.5,0.0
2002,primary_runoff,JEFFERSON,9,1508 HUEYTOWN COMM SCH 01,VTD2000-073-1509,Hueytown Community School,96.15384615384616,10.65384615384616
2002,primary_runoff,JEFFERSON,10,1509 VIRGINIA VOL F_D_,,,85.71428571428571,39.560439560439555
2002,primary_runoff,JEFFERSON,11,1510 OAK GROVE F_B_C_,,,85.5,0.0
2002,primary_runoff,JEFFERSON,12,1511 PLEAS HILL U_M_C_ 01,,,85.5,33.68181818181818
2002,primary_runoff,JEFFERSON,13,3401 CORNER SCHOOL,VTD2000-073-5102,Corner School,100.0,14.5
2002,primary_runoff,JEFFERSON,14,4301 FIRE STATION .6 01,,,95.0,0.0
2002,primary_runoff,JEFFERSON,15,4401 TRUSS CITY HALL 01,,,85.5,0.0
2002,primary_runoff,JEFFERSON,16,4402 TRUSS 1ST BAPT  01,,,72.6470588235294,0.0
2002,primary_runoff,JEFFERSON,17,4402 TRUSS 1ST BAPT 01,,,72.6470588235294,0.0
2002,primary_runoff,JEFFERSON,18,4403 MT VIEW BAPT CH 01,,,90.9090909090909,4.116638078902227
2002,primary_runoff,JEFFERSON,19,4404 CLVIEW BAPTIST CH 01,,,89.36170212765957,3.8617021276595693
2002,primary_runoff,JEFFERSON,20,4404 CVIEW BAPTIST CH 01,,,86.95652173913044,1.4565217391304373
2002,primary_runoff,JEFFERSON,21,4405 CENTER POINT CTHS 01,,,85.5,0.0
2002,primary_runoff,JEFFERSON,22,4406 HILLDLE BAPTIST 01,,,85.5,0.0
2002,primary_runoff,JEFFERSON,23,4407 JEFF STATE COLL 01,,,85.5,37.224137931034484
2002,primary_runoff,JEFFERSON,24,4501 EASTWOOD MALL 01,VTD2000-073-4306,Eastwood Mall,95.0,28.999999999999986
2002,primary_runoff,JEFFERSON,25,4502 CHEROKEE BEND SCH 01,,,85.5,0.0
2002,primary_runoff,JEFFERSON,26,4503 IRONDALE SR BLD 01,,,85.5,0.0
2002,primary_runoff,JEFFERSON,27,4503 IRONDALE SR CT 01,,,85.5,0.0
2002,primary_runoff,JEFFERSON,28,4504 FIRE STATION .31 01,,,95.0,0.0
2002,primary_runoff,JEFFERSON,29,4505 HUFFMAN MIDDLE 01,,,88.66666666666666,3.166666666666657
2002,primary_runoff,JEFFERSON,30,4506 BREWSTER RD BAPT 01,,,82.16216216216216,22.78716216216216
2002,primary_runoff,JEFFERSON,31,4507 1ST UMC OF CENTER 01,,,85.5,0.0
2002,primary_runoff,JEFFERSON,32,4508 LEEDS NATIONAL GUARD,VTD2000-073-4301,Leeds National Guard Armory,95.0,16.764705882352956
2002,primary_runoff,JEFFERSON,33,4509 LEEDS HIGH SCHOOL 01,VTD2000-073-4302,Leeds High School,95.0,9.5
2002,primary_runoff,JEFFERSON,34,4510 FIRESTATION .2,,,88.0,0.0
2002,primary_runoff,JEFFERSON,35,4601 HUNTER STREET BAP 01,,,60.86956521739131,4.347826086956523
2002,primary_runoff,JEFFERSON,36,4602 PRNCE O PEACE CHR 01,,,74.34782608695652,23.185035389282092
2002,primary_runoff,JEFFERSON,37,4603 SHADES CREST BAP 01,,,85.5,0.0
2002,primary_runoff,JEFFERSON,38,4604 SHADES MNT CHURCH 01,,,85.5,0.0
2002,primary_runoff,JEFFERSON,39,4604 SHADES MTN CHURCH 01,,,85.5,0.0
2002,primary_runoff,JEFFERSON,40,4605 EDGEWOOD ELEMENTARY,VTD2000-073-4705,Edgewood Elementary School,95.0,9.5
2002,primary_runoff,JEFFERSON,41,4606 HOMEWOOD PUB LIB 01,,,85.5,14.911764705882362
2002,primary_runoff,JEFFERSON,42,4607 MT BROOK GRAM SCH 01,,,85.5,0.31481481481480955
2002,primary_runoff,JEFFERSON,43,4608 ST_ LUKES EPIS CH_,,,88.46153846153845,2.961538461538453
2002,primary_runoff,JEFFERSON,44,4609 MT BRK CITY HALL 01,,,84.44444444444444,13.194444444444443
2002,primary_runoff,JEFFERSON,45,4701 HOOVER PRK & REC 01,,,86.66666666666667,1.1666666666666714
2002,primary_runoff,JEFFERSON,46,4702 OAKMONT PRES CHR 01,,,85.5,35.5
2002,primary_runoff,JEFFERSON,47,4703 ST PETER CAT CHR 01,,,63.333333333333336,5.000000000000007
2002,primary_runoff,JEFFERSON,48,4704 ST MARK UMC 01,,,85.5,0.0
2002,primary_runoff,JEFFERSON,49,4705 VEST_ HILLS C_ C_ 01,,,85.5,26.125
2002,primary_runoff,JEFFERSON,50,4706 MT_TOP COM CHR 01,,,85.5,25.925531914893618
2002,primary_runoff,JEFFERSON,51,4707 VESTAVIA HILLS 01,,,87.0967741935484,14.449715370018993
2002,primary_runoff,JEFFERSON,52,4708 VEST HILLS UMC 01,,,85.5,27.435483870967744
2002,primary_runoff,JEFFERSON,53,4801 HOOVER PUB_ LIB 01,,,85.5,0.0
2002,primary_runoff,JEFFERSON,54,4802 MTN CHAPEL UMC 01,,,85.5,0.0
2002,primary_runoff,JEFFERSON,55,4803 FIRE STATION .32 01,,,95.0,0.0
2002,primary_runoff,JEFFERSON,56,4804 FIRE STATION .2 01,,,95.0,0.0
2002,primary_runoff,JEFFERSON,57,4805 CAHABA HTS COMM 01,,,85.5,0.0
2002,primary_runoff,JEFFERSON,58,4806 BROOKWOOD BAP CHR 01,,,79.06976744186046,23.750618505690248
2002,primary_runoff,JEFFERSON,59,4807 LIBERTY PARK BAP 01,,,85.5,0.0
2002,primary_runoff,JEFFERSON,60,4808 OVERTON ROAD UMC 01,,,85.5,0.0
2002,primary_runoff,JEFFERSON,61,5101 GARDENDALE CIVIC 01,VTD2000-073-5008,Gardendale Civic Center,89.41176470588236,33.856209150326805
2002,primary_runoff,JEFFERSON,62,5102 MORRIS TOWN HALL,VTD2000-073-5009,Morris Town Hall,100.0,14.5
2002,primary_runoff,JEFFERSON,63,5103 KIMBERLY TOWN HALL,,,83.33333333333334,12.745098039215705
2002,primary_runoff,JEFFERSON,64,5104 WARRIOR CITY HALL,VTD2000-073-5101,Warrior City Hall,100.0,14.5
2002,primary_runoff,JEFFERSON,65,5105 TRAFFORD TOWN HALL,,,83.33333333333334,12.745098039215705
2002,primary_runoff,JEFFERSON,66,5106 KERMITJOHNSON SCHOOL,,,85.5,0.0
2002,primary_runoff,JEFFERSON,67,5107 FIRST BAPTIST CHURCH,,,95.0,5.0
2002,primary_runoff,JEFFERSON,68,5108 PINSON UMC 01,,,85.5,28.5
2002,primary_runoff,JEFFERSON,69,5109 CLAY COMM CENTER,VTD2000-073-5004,Clay Community Center,100.0,14.5
2002,primary_runoff,JEFFERSON,70,5201 CENTRAL PARK REC CNT,VTD2000-073-5701,Central Park Rec Center,94.73684210526316,18.874773139745926
2002,primary_runoff,JEFFERSON,71,5202 LEE ELEM SCHOOL,VTD2000-073-5202,Lee Elementary School,100.0,9.090909090909093
2002,primary_runoff,JEFFERSON,72,5203 WIGGINS LIBRARY,,,85.5,0.0
2002,primary_runoff,JEFFERSON,73,5204 HARRISON PARK  REC,,,85.5,0.0
2002,primary_runoff,JEFFERSON,74,5204 HARRISON PARK RECREA,,,85.5,0.0
2002,primary_runoff,JEFFERSON,75,5205 HEMPHILL SCHOOL REC,VTD2000-073-5204,Hemphill School Rec Bldg,95.0,9.5
2002,primary_runoff,JEFFERSON,76,5206 JACKSON ELEM SCH,VTD2000-073-5205,Jackson Elementary School,100.0,14.5
2002,primary_runoff,JEFFERSON,77,5207 HENRY CRUMPTON REC,,,85.68627450980391,0.18627450980390847
2002,primary_runoff,JEFFERSON,78,5208 SHADY GROVE BAPTIST,VTD2000-073-5212,Shady Grove Baptist Church,95.0,9.5
2002,primary_runoff,JEFFERSON,79,5209 MACEDNIA  CHURCH 01,,,85.5,0.0
2002,primary_runoff,JEFFERSON,80,5209 MACEDNIA CHURCH 01,,,85.5,0.0
2002,primary_runoff,JEFFERSON,81,5210 PINE HAVEN BAPT 01,,,89.99999999999999,4.499999999999986
2002,primary_runoff,JEFFERSON,82,5211 E_ S_ & S_ 01,,,85.5,0.0
2002,primary_runoff,JEFFERSON,83,5212 HOMEWOOD COURTHOUSE,,,85.5,0.0
2002,primary_runoff,JEFFERSON,84,5213 HOMEWOOD PARK 01,,,86.89655172413794,1.396551724137936
2002,primary_runoff,JEFFERSON,85,5214 SHADES CAHABA SCH 01,,,90.47619047619048,4.976190476190482
2002,primary_runoff,JEFFERSON,86,5215 AFTON LEE COMM CNTR,VTD2000-073-5207,Afton Lee Comm Center,100.0,13.20754716981132
2002,primary_runoff,JEFFERSON,87,5216 BHM BOTANIC GARDENS,,,80.85106382978724,34.63484761357102
2002,primary_runoff,JEFFERSON,88,5301 LEGION FIELD LOBBY,VTD2000-073-5308,Legion Field Lobby Gate 7,95.0,45.12500000000001
2002,primary_runoff,JEFFERSON,89,5302 ELYTON ELEM SCHOOL,VTD2000-073-5307,Elyton Elementary School,100.0,14.285714285714278
2002,primary_runoff,JEFFERSON,90,5303 HILL ELEM SCHOOL,VTD2000-073-5414,Hill Elementary School,100.0,11.111111111111114
2002,primary_runoff,JEFFERSON,91,5304 WASHINGTON ELEM SCH,VTD2000-073-5306,Washington Elementary School,100.0,14.5
2002,primary_runoff,JEFFERSON,92,5305 CENTER STR  SCHOOL,,,85.5,0.0
2002,primary_runoff,JEFFERSON,93,5305 CENTER STR SCHOOL,,,85.5,0.0
2002,primary_runoff,JEFFERSON,94,5306 GLEN IRIS ELEM SCH,VTD2000-073-5304,Glen Iris Elementary School,100.0,11.111111111111114
2002,primary_runoff,JEFFERSON,95,5307 GREEN SPR BAP CHR,,,58.23529411764706,0.4575163398692865
2002,primary_runoff,JEFFERSON,96,5308 RAMSAY ALT HS 01,,,64.8,19.799999999999997
2002,primary_runoff,JEFFERSON,97,5309 SOUTHSIDE LIBRARY 01,,,89.72222222222221,4.222222222222214
2002,primary_runoff,JEFFERSON,98,5310 FIRE STATION .22,,,95.0,0.0
2002,primary_runoff,JEFFERSON,99,5401 WILKERSON MIDDLE SCH,VTD2000-073-5412,Wilkerson Middle School,100.0,14.5
2002,primary_runoff,JEFFERSON,100,5402  TUGGLE ELEM SCHOOL,,,95.0,6.111111111111114
2002,primary_runoff,JEFFERSON,101,5402 TUGGLE ELEM SCHOOL,,,95.0,6.111111111111114
2002,primary_runoff,JEFFERSON,102,5403 LEWIS ELEM SCHOOL,VTD2000-073-5905,Lewis Elementary School,100.0,9.090909090909093
2002,primary_runoff,JEFFERSON,103,5404 FOUNTAIN HT PARK,,,85.5,0.0
2002,primary_runoff,JEFFERSON,104,5404 FOUNTAIN HTS PARK,,,85.5,0.0
2002,primary_runoff,JEFFERSON,105,5405 NORTHSIDE ADULT CNT,,,54.90196078431373,0.9019607843137365
2002,primary_runoff,JEFFERSON,106,5406  COURTHOUSE LOBBY,VTD2000-073-5408,Courthouse Lobby,100.0,14.5
2002,primary_runoff,JEFFERSON,107,5406 COURTHOUSE-LOBBY,VTD2000-073-5408,Courthouse Lobby,100.0,14.5
2002,primary_runoff,JEFFERSON,108,5407 SOUTHTOWN HOUSE 01,,,85.5,0.0
2002,primary_runoff,JEFFERSON,109,5408 MORTON SIMPSON CNT,,,85.5,26.871428571428574
2002,primary_runoff,JEFFERSON,110,5409 AVONDALE LIBRARY 01,VTD2000-073-5405,Avondale Library,95.0,31.363636363636367
2002,primary_runoff,JEFFERSON,111,5410 AVONDALE ELE SCH,,,85.5,0.0
2002,primary_runoff,JEFFERSON,112,5410 AVONDALE ELEM SCH,VTD2000-073-5403,Avondale Elementary School,100.0,14.5
2002,primary_runoff,JEFFERSON,113,5411 WILLOW WOOD REC CEN,VTD2000-073-5809,Willow Wood Rec Center,94.54545454545455,9.045454545454547
2002,primary_runoff,JEFFERSON,114,5412 DUPUY ALTERN SCHOOL,,,85.5,0.0
2002,primary_runoff,JEFFERSON,115,5413 FIRE STATION .12 01,,,95.0,0.0
2002,primary_runoff,JEFFERSON,116,5414 CRESTWOOD COM CEN,,,85.5,21.970588235294123
2002,primary_runoff,JEFFERSON,117,5415 IRONDALE CTY HALL 01,,,85.5,0.5
2002,primary_runoff,JEFFERSON,118,5501 MAYTOWN TOWN HALL,,,82.35294117647058,9.625668449197846
2002,primary_runoff,JEFFERSON,119,5502 SYLVAN SPG TOWN 01,,,85.5,34.199999999999996
2002,primary_runoff,JEFFERSON,120,5503 BOOKER HT DEVEL CORP,,,83.72093023255813,34.74133839582344
2002,primary_runoff,JEFFERSON,121,5503 BOOKER HTS DEV CORP,VTD2000-073-5110,Booker Heights Dev Corp,90.47619047619048,39.04761904761906
2002,primary_runoff,JEFFERSON,122,5504 MULGA TOWN HALL 01,,,76.0,7.6000000000000085
2002,primary_runoff,JEFFERSON,123,5505 ADAMSVILLE BAPT 01,,,89.99999999999999,4.499999999999986
2002,primary_runoff,JEFFERSON,124,5506 ADAMSVILLE SEN 01,,,85.5,0.0
2002,primary_runoff,JEFFERSON,125,5507 FIRE STA MINOR 01,,,85.5,0.0
2002,primary_runoff,JEFFERSON,126,5508 FIRE STATION .17 01,,,95.0,0.0
2002,primary_runoff,JEFFERSON,127,5509 ENSLEY PARK REC CEN,,,85.5,1.5
2002,primary_runoff,JEFFERSON,128,5510 C_ J_ DONALD SCHOOL,,,85.5,0.0
2002,primary_runoff,JEFFERSON,129,5511 FIRE STATION .1,,,95.0,0.0
2002,primary_runoff,JEFFERSON,130,5512 CHARLES BROWN 01,,,85.5,33.0
2002,primary_runoff,JEFFERSON,131,5513 CENTRAL PARK SCHOOL,,,85.5,0.0
2002,primary_runoff,JEFFERSON,132,5514 FIVE POINTS WEST LIB,,,90.9090909090909,5.4090909090909065
2002,primary_runoff,JEFFERSON,133,5601 CANAAN BAPTIST 01,,,85.5,0.0
2002,primary_runoff,JEFFERSON,134,5602 SHADY GROVE BAPTIST,VTD2000-073-5212,Shady Grove Baptist Church,95.0,9.5
2002,primary_runoff,JEFFERSON,135,5603 MUSCODA COM CEN 01,,,73.17073170731707,18.625277161862535
2002,primary_runoff,JEFFERSON,136,5604 JONESBORO ELEM 01,,,90.47619047619048,4.976190476190482
2002,primary_runoff,JEFFERSON,137,5605 FIRE DEP ADMIN BLD,,,85.5,0.0
2002,primary_runoff,JEFFERSON,138,5606 THOMPSON MANOR,VTD2000-073-5609,Thompson Manor Comm Center,90.0,28.928571428571423
2002,primary_runoff,JEFFERSON,139,5607 BESSEMER CITY HALL,VTD2000-073-5605,Bessemer City Hall,100.0,14.5
2002,primary_runoff,JEFFERSON,140,5608 SOUTHSIDE HOMES 01,,,87.27272727272728,21.50349650349652
2002,primary_runoff,JEFFERSON,141,5609 DUNBAR-ABRAMS COM 01,,,85.5,39.666666666666664
2002,primary_runoff,JEFFERSON,142,5610 FIRE STATION .5 01,,,95.0,0.0
2002,primary_runoff,JEFFERSON,143,5611 BESSEMER STATE 01,,,85.5,0.0
2002,primary_runoff,JEFFERSON,144,5612 JOHNS COMM CENT 01,,,90.9090909090909,5.4090909090909065
2002,primary_runoff,JEFFERSON,145,5613 LIPSCOMB CTY HL 01,,,78.94736842105263,21.16959064327486
2002,primary_runoff,JEFFERSON,146,5614 FIRE ST_ LIPSCOMB 01,,,85.71428571428572,0.2142857142857224
2002,primary_runoff,JEFFERSON,147,5614 FIRE ST_LIPSCOMB 01,,,85.71428571428572,0.2142857142857224
2002,primary_runoff,JEFFERSON,148,5615 NEW BETHEL BAP CHR,,,85.5,1.779069767441868
2002,primary_runoff,JEFFERSON,149,5701 HUEYTOWN COUN CLUB,,,83.72093023255813,9.302325581395337
2002,primary_runoff,JEFFERSON,150,5702 HUEYTOWN CTY HLL 01,,,82.05128205128204,3.7904124860646533
2002,primary_runoff,JEFFERSON,151,5703 BROOKLANE COMM  01,,,90.25,4.75
2002,primary_runoff,JEFFERSON,152,5703 BROOKLANE COMM 01,,,90.25,4.75
2002,primary_runoff,JEFFERSON,153,5704 NEW BETHEM BAPT 01,,,85.5,5.5
2002,primary_runoff,JEFFERSON,154,5705 FAIRFIELD CITY HALL,VTD2000-073-5507,Fairfield City Hall,100.0,14.5
2002,primary_runoff,JEFFERSON,155,5706 MOUNT PILGRIM BAPT,,,72.6470588235294,0.0
2002,primary_runoff,JEFFERSON,156,5707 GLEN OAKS ELEMENTARY,VTD2000-073-5711,Glen Oaks Elementary School,95.0,9.5
2002,primary_runoff,JEFFERSON,157,5708 SAINT MARYS CATH,,,85.5,0.0
2002,primary_runoff,JEFFERSON,158,5709 MIDFIELD COMM CEN,VTD2000-073-5704,Midfield Community Center,93.61702127659575,8.11702127659575
2002,primary_runoff,JEFFERSON,159,5710 BRIGHTON MID SCH 01,,,85.5,0.0
2002,primary_runoff,JEFFERSON,160,5711 BRIGHTON SENIOR CIT,,,85.5,22.166666666666664
2002,primary_runoff,JEFFERSON,161,5712 MAMIE FOSTER CENT 01,VTD2000-073-5705,Mamie Foster Center,89.47368421052632,32.473684210526315
2002,primary_runoff,JEFFERSON,162,5713 BRYANT CHAPEL CHURCH,VTD2000-073-5703,Bryant Chapel AME Church,95.0,9.5
2002,primary_runoff,JEFFERSON,163,5714 MOUNT OLIVE BAPTIST,VTD2000-073-5614,Mt Olive Baptist Church,95.0,9.5
2002,primary_runoff,JEFFERSON,164,5715 WENONAH ELEM SCH 01,VTD2000-073-5210,Wenonah Elementary School,96.15384615384616,10.65384615384616
2002,primary_runoff,JEFFERSON,165,5716 RILEY ELEM SCHOOL,VTD2000-073-5702,Riley Elementary School,100.0,9.090909090909093
2002,primary_runoff,JEFFERSON,166,5801 GATE CITY ELEM SCH,VTD2000-073-5808,Gate City Elementary School,100.0,14.5
2002,primary_runoff,JEFFERSON,167,5802 BARRETT ELEM SCH,VTD2000-073-5806,Barrett Elementary School,100.0,14.5
2002,primary_runoff,JEFFERSON,168,5802 BARRETT ELEM SCHOOL,VTD2000-073-5806,Barrett Elementary School,100.0,14.5
2002,primary_runoff,JEFFERSON,169,5803 OPORTO ARMORY,VTD2000-073-5807,Oporto Armory,100.0,14.5
2002,primary_runoff,JEFFERSON,170,5804 ROBINSON ELEMENTARY,VTD2000-073-5804,Robinson Elementary School,95.0,9.5
2002,primary_runoff,JEFFERSON,171,5805 DON HAWKINS PK & REC,,,89.81818181818181,4.318181818181813
2002,primary_runoff,JEFFERSON,172,5806 ROEBUCK ELEM SCH 01,,,91.34615384615385,5.846153846153854
2002,primary_runoff,JEFFERSON,173,5807 FIRE STATION 29 BHM,,,90.0,0.0
2002,primary_runoff,JEFFERSON,174,5808 SUN VAL ELEM SCH 01,,,85.5,0.0
2002,primary_runoff,JEFFERSON,175,5809 LM_ SMITH MID SCH 01,,,86.36363636363636,0.8636363636363598
2002,primary_runoff,JEFFERSON,176,5810 LADY OF LDS CHRCH 01,,,85.5,0.0
2002,primary_runoff,JEFFERSON,177,5901 KETONA NURSING 01,,,87.0967741935484,30.8467741935484
2002,primary_runoff,JEFFERSON,178,5902 FULTONDALE CM CNT 01,,,73.91304347826086,16.13526570048309
2002,primary_runoff,JEFFERSON,179,5903 HOOPER CITY REC 01,,,90.86956521739131,5.369565217391312
2002,primary_runoff,JEFFERSON,180,5904 WRIGHTS CHAPEL UMC,,,85.5,0.0
2002,primary_runoff,JEFFERSON,181,5905 N BIRMINGHAM REC CNT,VTD2000-073-5908,North Birmingham Rec Center,88.52459016393442,20.600061862047625
2002,primary_runoff,JEFFERSON,182,5906 NORWOOD COMM CNTR,VTD2000-073-5906,Norwood Community Center,100.0,14.5
2002,primary_runoff,JEFFERSON,183,5907 HUDSON MIDDLE SCHOOL,VTD2000-073-5907,Hudson Middle School,100.0,14.5
2002,primary_runoff,JEFFERSON,184,5908 HARRIMAN PARK REC CT,VTD2000-073-5909,Harriman Park Rec Center,93.10344827586206,14.414923685698128
2002,primary_runoff,JEFFERSON,185,5909 INGLENOOK ELEM SCH,VTD2000-073-5910,Inglenook Elementary School,100.0,11.111111111111114
2002,primary_runoff,JEFFERSON,186,5910 TARRANT CITY HALL 01,VTD2000-073-5802,Tarrant City Hall,95.0,9.5
2002,primary_runoff,JEFFERSON,187,5911 1ST BAP CHURCH MP,,,85.5,0.0
2002,primary_runoff,JEFFERSON,188,5912 CURRY ELEMENTARY SCH,VTD2000-073-5805,Curry Elementary School,100.0,13.043478260869563
2002,primary_runoff,JEFFERSON,189,5913 SHEPHERD CENTER EAST,VTD2000-073-4509,Shepherd Center East,100.0,14.5
2002,primary_runoff,JEFFERSON,190,6001 MAURICE LW COM CT 01,,,85.5,35.5
2002,primary_runoff,JEFFERSON,191,6002 BROOKSIDE COM CNT 01,,,68.42105263157895,6.198830409356724
2002,primary_runoff,JEFFERSON,192,6003 FULTONDALE 1ST BAP C,,,61.224489795918366,0.2810935695032697
2002,primary_runoff,JEFFERSON,193,6004 FIRE ST 1 HLVIEW 01,,,85.5,0.0
2002,primary_runoff,JEFFERSON,194,6005 FORESTDALE SQU 01,,,84.84848484848484,33.41991341991342
2002,primary_runoff,JEFFERSON,195,6006 SANDUSKY COMM PK 01,,,90.68181818181817,5.181818181818173
2002,primary_runoff,JEFFERSON,196,6007 FIRE ST 18 BHM 01,,,85.5,0.0
2002,primary_runoff,JEFFERSON,197,6007 FIRE ST_ 18 BHM 01,,,85.5,0.0
2002,primary_runoff,JEFFERSON,198,6008 SCOTT COMM CNTR 01,,,85.5,0.0
2002,primary_runoff,JEFFERSON,199,6009 MOUNT HEBRON BAPTIST,VTD2000-073-6004,Mt Hebron Baptist Church,95.0,9.5
2002,primary_runoff,JEFFERSON,200,6010 LIVELY HOPE BAPTIST,,,85.5,0.0
2002,primary_runoff,JEFFERSON,201,6011 MORNINGSTAR BAPTIST,VTD2000-073-6009,Morningstar Baptist Church,95.0,9.5
2002,primary_runoff,JEFFERSON,202,6012 E ENSLEY PUBLIC LIB,,,80.22222222222221,16.58585858585858
2002,primary_runoff,JEFFERSON,203,6013 WOODROW WILSON ELEM,VTD2000-073-5413,Woodrow Wilson Elem School,95.0,27.708333333333343
2002,primary_runoff,JEFFERSON,204,6014 MINOR ELEM SCH,,,85.71428571428572,0.2142857142857224
2002,primary_runoff,LAMAR,1,Unnamed: 4,,,52.94117647058824,12.941176470588239
2002,primary_runoff,LAMAR,2,Unnamed: 5,,,52.94117647058824,12.941176470588239
2002,primary_runoff,LAMAR,3,Unnamed: 6,,,52.94117647058824,12.941176470588239
2002,primary_runoff,LAMAR,4,Unnamed: 7,,,52.94117647058824,12.941176470588239
2002,primary_runoff,LAMAR,5,Unnamed: 8,,,52.94117647058824,12.941176470588239
2002,primary_runoff,LAMAR,6,Unnamed: 9,,,52.94117647058824,12.941176470588239
2002,primary_runoff,LAUDERDALE,1,BLACKBURN-ZIP CITY COMM_ CTR_,VTD2000-077-8,Zip City Community Center,95.0,9.5
2002,primary_runoff,LAUDERDALE,2,BROADWAY RECREATION CENTER,VTD2000-077-10-A,Broadway Rec Center 10-9-2,95.0,12.64705882352942
2002,primary_runoff,LAUDERDALE,3,CENTER STAR-COL_ BANK COMM_ RM,,,85.5,9.5
2002,primary_runoff,LAUDERDALE,4,CENTRAL COMMUNITY CENTER,VTD2000-077-14,Central Community Center,100.0,13.725490196078425
2002,primary_runoff,LAUDERDALE,5,CHAPEL-STEWARTVILLE CHURCH,,,80.22222222222221,19.278825995807125
2002,primary_runoff,LAUDERDALE,6,CLOVERDALE COMMUNITY CENTER,VTD2000-077-13,Cloverdale Comm Center,100.0,13.725490196078425
2002,primary_runoff,LAUDERDALE,7,CO_ BOARD OF ED_ ADM_ BLDG_,,,63.33333333333332,2.0430107526881613
2002,primary_runoff,LAUDERDALE,8,CROSSROADS-SR_ CIT_ BLDG_,,,69.0909090909091,20.659536541889494
2002,primary_runoff,LAUDERDALE,9,DARBY DRIVE-CHURCH OF CHRIST,,,83.6,9.9157894736842
2002,primary_runoff,LAUDERDALE,10,FLORENCE RICHARDS CENTER,,,77.02702702702702,25.598455598455594
2002,primary_runoff,LAUDERDALE,11,FLORENCE SHERROD AVE CH CHRIST,,,80.50847457627118,13.60706612556696
2002,primary_runoff,LAUDERDALE,12,FLORENCE-1ST PRESBYTERIAN CH_,,,83.33333333333333,17.75956284153004
2002,primary_runoff,LAUDERDALE,13,FLORENCE-BLVD CHURCH OF CHRIST,,,86.56716417910448,19.011608623548923
2002,primary_runoff,LAUDERDALE,14,FLORENCE-BRADSHAW HIGH SCHOOL,,,79.16666666666666,21.1111111111111
2002,primary_runoff,LAUDERDALE,15,FLORENCE-COFFEE HIGH SCHOOL,,,79.53488372093024,24.534883720930246
2002,primary_runoff,LAUDERDALE,16,FLORENCE-EAST AT CNTRL BAPTIST,,,56.66666666666667,1.920903954802263
2002,primary_runoff,LAUDERDALE,17,FLORENCE-FOREST HILLS SCHOOL 1,,,78.4782608695652,24.632107023411358
2002,primary_runoff,LAUDERDALE,18,FLORENCE-FOREST HILLS SCHOOL 2,,,78.4782608695652,24.632107023411358
2002,primary_runoff,LAUDERDALE,19,FLORENCE-HANDY RECREATION CTR_,,,91.04166666666666,0.0
2002,primary_runoff,LAUDERDALE,20,FLORENCE-HARLAN SCHOOL,,,74.84848484848484,17.705627705627705
2002,primary_runoff,LAUDERDALE,21,FLORENCE-HIBBETT SCHOOL,,,76.0,19.999999999999993
2002,primary_runoff,LAUDERDALE,22,FLORENCE-MARS HILL SCHOOL .1,,,76.0,5.629629629629633
2002,primary_runoff,LAUDERDALE,23,FLORENCE-MARS HILL SCHOOL .2,,,76.0,9.333333333333329
2002,primary_runoff,LAUDERDALE,24,FLORENCE-UNDERWOOD COMM CTR .1,VTD2000-077-12,Underwood Comm Center,95.0,9.5
2002,primary_runoff,LAUDERDALE,25,FLORENCE-UNDERWOOD COMM CTR .2,VTD2000-077-12,Underwood Comm Center,95.0,9.5
2002,primary_runoff,LAUDERDALE,26,GREENHILL COMMUNITY CENTER .1,,,76.92307692307692,2.776735459662291
2002,primary_runoff,LAUDERDALE,27,GREENHILL COMMUNITY CENTER .2,,,76.92307692307692,2.776735459662291
2002,primary_runoff,LAUDERDALE,28,HIGHLAND BAPTIST CHURCH .1,VTD2000-077-10-B,Highland Baptist Church 10-10-O,91.04166666666666,21.618589743589737
2002,primary_runoff,LAUDERDALE,29,HIGHLAND BAPTIST CHURCH .2,VTD2000-077-10-B,Highland Baptist Church 10-10-O,91.04166666666666,21.618589743589737
2002,primary_runoff,LAUDERDALE,30,KILLEN-BAPTIST CHURCH .1,,,90.68181818181817,5.181818181818173
2002,primary_runoff,LAUDERDALE,31,KILLEN-BAPTIST CHURCH .2,,,90.68181818181817,5.181818181818173
2002,primary_runoff,LAUDERDALE,32,LEXINGTON-FIRE STATION,VTD2000-077-3,Lexington Fire Station,100.0,28.57142857142857
2002,primary_runoff,LAUDERDALE,33,MITCHELL ANDERSON-TOWN HALL,VTD2000-077-1,Anderson Town Hall,90.0,30.0
2002,primary_runoff,LAUDERDALE,34,OAKLAND-FIRE STATION,VTD2000-077-15,Oakland Fire Station,100.0,28.57142857142857
2002,primary_runoff,LAUDERDALE,35,ROGERSVILLE-SR_ CIT_ BLDG_  .1,,,66.66666666666667,1.1494252873563227
2002,primary_runoff,LAUDERDALE,36,ROGERSVILLE-SR_ CIT_ BLDG_  .2,,,66.66666666666667,1.1494252873563227
2002,primary_runoff,LAUDERDALE,37,ST_ FLORIAN-TOWN HALL,VTD2000-077-9,St Florian Town Hall,100.0,31.707317073170742
2002,primary_runoff,LAUDERDALE,38,WATERLOO-SR_ CITIZENS' BLDG_,VTD2000-077-17,Waterloo Sr Citizens Bldg,100.0,43.85964912280702
2002,primary_runoff,LAWRENCE,1,AYCOCK BUILDING  18-1,,,81.42857142857142,18.095238095238095
2002,primary_runoff,LAWRENCE,2,BOARD OF EDUCATION  25-1,VTD2000-079-25-1,Board of Education,95.0,46.11111111111111
2002,primary_runoff,LAWRENCE,3,CADDO - FIRE STATION  33-1,VTD2000-079-10-1,Caddo Fire Station,95.0,23.888888888888886
2002,primary_runoff,LAWRENCE,4,CADDO SENIOR CITIZEN SITE 34-1,,,85.5,20.115384615384613
2002,primary_runoff,LAWRENCE,5,CHALYBEATE-FIRE STATION  17-1,,,86.27450980392157,0.7745098039215748
2002,primary_runoff,LAWRENCE,6,COURTLAND MCCARLEY CENTER  6-1,,,55.16129032258064,3.3431085043988205
2002,primary_runoff,LAWRENCE,7,DONALD CHURCH  7-1 & 8-1,,,90.0,4.5
2002,primary_runoff,LAWRENCE,8,FAIRFIELD - CHURCH 22-1 & 30-1,,,90.0,4.5
2002,primary_runoff,LAWRENCE,9,FAITH BAPTIST CHURCH  36-1,,,85.5,0.0
2002,primary_runoff,LAWRENCE,10,FLAT ROCK COMM_ CENTER  11-1,VTD2000-079-8-2,Flat Rock Comm Center,95.0,19.0
2002,primary_runoff,LAWRENCE,11,FREEMAN BAPTIST CHURCH  26-1,,,85.5,0.0
2002,primary_runoff,LAWRENCE,12,HATTON MASONIC HALL  13-1,VTD2000-079-13-1,Hatton Masonic Hall,95.0,31.66666666666668
2002,primary_runoff,LAWRENCE,13,HILLSBORO V_F_D_  4-1,,,85.5,0.0
2002,primary_runoff,LAWRENCE,14,HILLSBORO-CITY HALL  1-1,VTD2000-079-1-1,Hillsboro City Hall,95.0,29.23076923076924
2002,primary_runoff,LAWRENCE,15,KITCHENS MILL 29-1 & 35-1,,,65.0,28.617021276595743
2002,primary_runoff,LAWRENCE,16,LANDERSVILLE METHODIST  12-1,,,85.3061224489796,0.0
2002,primary_runoff,LAWRENCE,17,LINDSEY HALL CHURCH  31-1,VTD2000-079-22-1,Lindsey Hall Church,95.0,9.5
2002,primary_runoff,LAWRENCE,18,LOOSIER-CHURCH OF CHRIST  16-1,VTD2000-079-17-1,Loosier Church of Christ,95.0,9.5
2002,primary_runoff,LAWRENCE,19,MOULTON - ARMORY  19-1,VTD2000-079-19-1,Moulton Armory,95.0,39.44444444444444
2002,primary_runoff,LAWRENCE,20,MOULTON - CITY HALL  24-1,VTD2000-079-24-1,Moulton City Hall,95.0,9.5
2002,primary_runoff,LAWRENCE,21,MT_ HOPE - FIRE STATION  9-1,VTD2000-079-9-1,Mt Hope Fire Station,95.0,9.5
2002,primary_runoff,LAWRENCE,22,MT_ MORIAH FELLOW_ 15-1 & 21-1,,,68.85245901639344,6.243763364219525
2002,primary_runoff,LAWRENCE,23,N_ COURTLAND SENIOR C_C_  2-1,,,57.826086956521735,8.26086956521739
2002,primary_runoff,LAWRENCE,24,PINEY GROVE CHURCH  32-1,VTD2000-079-22-2,Piney Grove Church,95.0,9.5
2002,primary_runoff,LAWRENCE,25,PINHOOK - COMM_ CENTER  27-1,VTD2000-079-23-2,Pinhook Comm Center,95.0,22.61904761904762
2002,primary_runoff,LAWRENCE,26,PLEASANT GROVE CH_ 20-1 & 23-1,,,90.0,0.0
2002,primary_runoff,LAWRENCE,27,RED BANK - FIRE STATION  3-1,VTD2000-079-3-1,Red Bank Fire Station,95.0,19.0
2002,primary_runoff,LAWRENCE,28,SPEAKE VOL FIRE 28-1,,,84.89361702127658,18.393617021276583
2002,primary_runoff,LAWRENCE,29,TOWN CREEK SR_ CITIZENS  5-1,,,64.6,4.599999999999994
2002,primary_runoff,LAWRENCE,30,WOLF SPRINGS COMM CENTER 10-1,VTD2000-079-8-1,Wolf Springs Comm Center,95.0,9.5
2002,primary_runoff,LAWRENCE,31,WOODARD BUILDING  14-1,VTD2000-079-9-3,Woodard Bldg,95.0,42.58620689655173
2002,primary_runoff,LEE,1,ACHIEVEMENT CENTER E_ THOMASON,,,58.78125,7.627403846153847
2002,primary_runoff,LEE,2,ALABAMA ARMY NATIONAL GUARD,,,60.00000000000001,15.000000000000007
2002,primary_runoff,LEE,3,BEAUREGARD SCHOOL GYM LOBBY,,,85.5,0.0
2002,primary_runoff,LEE,4,BEST INN,,,36.642857142857146,0.6428571428571459
2002,primary_runoff,LEE,5,BEULAH SCHOOL,VTD2000-081-0010,Beulah School,100.0,26.666666666666657
2002,primary_runoff,LEE,6,BOYKIN COMMUNITY CENTER,,,53.69565217391304,13.69565217391304
2002,primary_runoff,LEE,7,BROWN RECREATION CENTER,,,53.69565217391304,4.604743083003953
2002,primary_runoff,LEE,8,CENTRAL PARK COMM_ CTR_ CARVER,,,60.00000000000001,8.571428571428584
2002,primary_runoff,LEE,9,CITY HALL BUILDING  LOACHAPOKA,VTD2000-081-0050,Loachapoka,90.0,36.0
2002,primary_runoff,LEE,10,COMMUNITY CENTER - FARMVILLE,VTD2000-081-0030,Farmville,90.0,42.38095238095239
2002,primary_runoff,LEE,11,DEAN ROAD REC_ CENTER - AUBURN,VTD2000-081-0060,Auburn,90.0,40.00000000000001
2002,primary_runoff,LEE,12,DOWNTOWN MARVYN,VTD2000-081-0100,Marvyn,90.0,40.909090909090914
2002,primary_runoff,LEE,13,HAL SMITHS STORE,,,65.3125,3.841911764705891
2002,primary_runoff,LEE,14,JETER ELEMENTARY SCHOOL,,,85.5,25.5
2002,primary_runoff,LEE,15,LEE CHAMBERS FD No_2,,,45.0,0.0
2002,primary_runoff,LEE,16,LEE CHAMBERS FD No_3,,,45.0,0.0
2002,primary_runoff,LEE,17,NATIONAL GUARD ARMORY,,,54.0,9.0
2002,primary_runoff,LEE,18,OLD SALEM SCHOOL - SALEM,VTD2000-081-0080,Old Salem School,95.0,9.5
2002,primary_runoff,LEE,19,OPELIKA RECREATION,VTD2000-081-0020,Opelika,90.0,47.64705882352941
2002,primary_runoff,LEE,20,SMITH SCHOOL,,,85.5,21.214285714285722
2002,primary_runoff,LEE,21,THOMAS STORE,VTD2000-081-0120,Thomas' Old Store,95.0,42.82608695652174
2002,primary_runoff,LEE,22,TOMS WAREHOUSE,,,56.00000000000001,2.6666666666666714
2002,primary_runoff,LEE,23,WAVERLY,VTD2000-081-0040,Waverly,100.0,53.84615384615385
2002,primary_runoff,LIMESTONE,1,ARDMORE TOWN HALL,,,85.5,24.428571428571423
2002,primary_runoff,LIMESTONE,2,ATHENS RECREATION CENTER .1,,,85.5,36.24074074074073
2002,primary_runoff,LIMESTONE,3,ATHENS RECREATION CENTER .2,,,85.5,36.24074074074073
2002,primary_runoff,LIMESTONE,4,BELMORE BAPTIST CHURCH,VTD2000-083-11,Belmore Baptist Church,100.0,14.5
2002,primary_runoff,LIMESTONE,5,BETHEL CHURCH OF CHRIST,,,85.5,26.388888888888893
2002,primary_runoff,LIMESTONE,6,BLACKBURN COMMUNITY BUILDING,,,85.5,0.0
2002,primary_runoff,LIMESTONE,7,CLEMENTS FIRE DEPARTMENT,,,85.5,0.0
2002,primary_runoff,LIMESTONE,8,EAST LIMESTONE FIRE DEPT .1,,,85.5,0.0
2002,primary_runoff,LIMESTONE,9,EAST LIMESTONE FIRE DEPT .2,,,85.5,0.0
2002,primary_runoff,LIMESTONE,10,ELKMONT FIRE DEPARTMENT,VTD2000-083-4,Elkmont Volunteer Fire Dept,95.0,9.5
2002,primary_runoff,LIMESTONE,11,GOODSPRINGS COMMUNITY CENTER,VTD2000-083-6,Goodsprings Comm Center-W Limestone FD,90.0,49.285714285714285
2002,primary_runoff,LIMESTONE,12,JOHNSON ELEMENTARY SCHOOL,,,90.0,2.5
2002,primary_runoff,LIMESTONE,13,LEGGTOWN,VTD2000-083-5,Leggtown,100.0,43.75
2002,primary_runoff,LIMESTONE,14,LESTER POST OFFICE,,,50.0,2.352941176470587
2002,primary_runoff,LIMESTONE,15,NATIONAL GUARD ARMORY .1,,,42.75,3.886363636363633
2002,primary_runoff,LIMESTONE,16,NATIONAL GUARD ARMORY .2,,,42.75,3.886363636363633
2002,primary_runoff,LIMESTONE,17,OAK GROVE FIRE DEPARTMENT,,,90.0,3.260869565217405
2002,primary_runoff,LIMESTONE,18,OWENS ELEMENTARY SCHOOL .1,VTD2000-083-8,Owens Elementary School,95.83333333333334,10.333333333333343
2002,primary_runoff,LIMESTONE,19,OWENS ELEMENTARY SCHOOL .2,VTD2000-083-8,Owens Elementary School,95.83333333333334,10.333333333333343
2002,primary_runoff,LIMESTONE,20,PINEY CHAPEL,,,85.5,40.5
2002,primary_runoff,LIMESTONE,21,PLEASANT GROVE FIRE DEPARTMENT,VTD2000-083-7,Pleasant Grove FD,100.0,14.5
2002,primary_runoff,LIMESTONE,22,REID ELEMENTARY SCHOOL,,,90.0,4.5
2002,primary_runoff,LIMESTONE,23,RIPLEY - WOW HALL,,,85.5,39.9
2002,primary_runoff,LIMESTONE,24,SEGARS ROAD FIRE DEPARTMENT,VTD2000-083-13,Segers Road Fire Dept,96.2962962962963,10.796296296296305
2002,primary_runoff,LIMESTONE,25,SENIOR CITIZEN CENTER .1,,,85.5,40.79411764705882
2002,primary_runoff,LIMESTONE,26,SENIOR CITIZEN CENTER .2,,,85.5,40.79411764705882
2002,primary_runoff,LIMESTONE,27,TANNER FIRE DEPARTMENT,VTD2000-083-14,Tanner Fire Dept,100.0,14.5
2002,primary_runoff,LIMESTONE,28,TRINITY 7TH DAY ADVENTIST .1,,,41.666666666666664,1.6666666666666643
2002,primary_runoff,LIMESTONE,29,TRINITY 7TH DAY ADVENTIST .2,,,41.666666666666664,1.6666666666666643
2002,primary_runoff,LIMESTONE,30,W HOBBS ST CHURCH OF CHRIST .1,,,85.5,39.75925925925927
2002,primary_runoff,LIMESTONE,31,W HOBBS ST CHURCH OF CHRIST .2,,,85.5,39.75925925925927
2002,primary_runoff,LIMESTONE,32,WEST LIMESTONE FIRE DEPARTMENT,,,86.36363636363636,0.8636363636363598
2002,primary_runoff,LOWNDES,1,Unnamed: 4,,,41.53846153846154,1.53846153846154
2002,primary_runoff,LOWNDES,2,Unnamed: 5,,,41.53846153846154,1.53846153846154
2002,primary_runoff,LOWNDES,3,Unnamed: 6,,,41.53846153846154,1.53846153846154
2002,primary_runoff,LOWNDES,4,Unnamed: 7,,,41.53846153846154,1.53846153846154
2002,primary_runoff,LOWNDES,5,Unnamed: 8,,,41.53846153846154,1.53846153846154
2002,primary_runoff,LOWNDES,6,Unnamed: 9,,,41.53846153846154,1.53846153846154
2002,primary_runoff,LOWNDES,7,Unnamed: 10,,,38.57142857142858,0.6766917293233163
2002,primary_runoff,MACON,1,BROWNVILLE VOLUNTEER FIRE,VTD2000-087-1-03,Brownville Volunteer Fire Station,95.0,45.0
2002,primary_runoff,MACON,2,CHEWHAW AME ZION CHURCH,VTD2000-087-4-13,Chehaw AME Zion Church,97.77777777777777,56.868686868686865
2002,primary_runoff,MACON,3,FRANKLIN TOWN HALL,VTD2000-087-4-08,Franklin Town Hall,100.0,34.23076923076924
2002,primary_runoff,MACON,4,HARDAWAY TRAYLOR,,,38.0,0.1621621621621614
2002,primary_runoff,MACON,5,LITTLE TEXAS VOTING CENTER,VTD2000-087-1-02,Little Texas Voting Center,100.0,44.680851063829785
2002,primary_runoff,MACON,6,NATIONAL GUARD ARMORY .1,VTD2000-087-1-01,National Guard Armory,95.45454545454545,52.272727272727266
2002,primary_runoff,MACON,7,NATIONAL GUARD ARMORY .2,VTD2000-087-1-01,National Guard Armory,95.45454545454545,47.95454545454545
2002,primary_runoff,MACON,8,NOTASULGA CITY HALL .1,,,80.6060606060606,33.23763955342901
2002,primary_runoff,MACON,9,NOTASULGA CITY HALL .2,,,80.6060606060606,33.23763955342901
2002,primary_runoff,MACON,10,OLD COUNTY DISTRICT 2 SHOP,VTD2000-087-2-05,Old District 2 Shop,95.0,44.01960784313726
2002,primary_runoff,MACON,11,SEASHA .1,,,85.5,37.5
2002,primary_runoff,MACON,12,SEASHA .2,,,85.5,0.0
2002,primary_runoff,MACON,13,SHORTER TOWN HALL,VTD2000-087-3-07,Shorter Town Hall,100.0,33.33333333333333
2002,primary_runoff,MACON,14,TUSKEGEE MUNICIPAL COMPLEX .1,VTD2000-087-2-11,Tuskegee Municipal Complex,96.2962962962963,62.25374310480694
2002,primary_runoff,MACON,15,TUSKEGEE MUNICIPAL COMPLEX .2,VTD2000-087-2-11,Tuskegee Municipal Complex,96.2962962962963,61.39833711262283
2002,primary_runoff,MACON,16,TUSKEGEE UNIVERSITY,,,57.77777777777777,17.77777777777777
2002,primary_runoff,MACON,17,WARRIOR D-2 RECREATION CENTER,VTD2000-087-2-04,D-2 Recreation Center,95.0,9.5
2002,primary_runoff,MACON,18,WOODLAND COMMUNITY CENTER,VTD2000-087-4-09,Woodland Community Center,100.0,47.82608695652174
2002,primary_runoff,MADISON,1,A & M UNIVERSITY NEW GYM .1,,,90.0,4.5
2002,primary_runoff,MADISON,2,A & M UNIVERSITY NEW GYM .2,,,90.0,4.5
2002,primary_runoff,MADISON,3,A & M UNIVERSITY NEW GYM .3,,,90.0,4.5
2002,primary_runoff,MADISON,4,A & M UNIVERSITY NEW GYM .4,,,90.0,4.5
2002,primary_runoff,MADISON,5,AIRPORT ROAD FIRE STATION .6,,,92.3076923076923,6.807692307692307
2002,primary_runoff,MADISON,6,AL_ NATIONAL GUARD CENTER .1,,,87.27272727272728,1.7727272727272805
2002,primary_runoff,MADISON,7,AL_ NATIONAL GUARD CENTER .2,,,87.27272727272728,1.7727272727272805
2002,primary_runoff,MADISON,8,ALDERSGATE UNITED METHODIST 1,,,46.666666666666664,0.512820512820511
2002,primary_runoff,MADISON,9,ALDERSGATE UNITED METHODIST 2,,,46.666666666666664,0.512820512820511
2002,primary_runoff,MADISON,10,BIG COVE FIRE STATION,,,100.0,0.0
2002,primary_runoff,MADISON,11,BLACKBURN CHAPEL C_P_ CHURCH,VTD2000-089-84,Blackburn Chapel CP Church,98.11320754716981,24.643819792067774
2002,primary_runoff,MADISON,12,BLOSSOMWOOD SCHOOL,VTD2000-089-9,Blossomwood School,100.0,14.5
2002,primary_runoff,MADISON,13,BOBO VOLUNTEER FIRE,,,85.5,0.0
2002,primary_runoff,MADISON,14,CALVARY FRIENDSHIP CENTER,,,85.5,0.0
2002,primary_runoff,MADISON,15,CENTRAL ASSEMBLY OF GOD,VTD2000-089-50,Central Assembly Of God,100.0,14.5
2002,primary_runoff,MADISON,16,CENTRAL SCHOOL,VTD2000-089-77,Central School,100.0,14.5
2002,primary_runoff,MADISON,17,CHAFFEE SCHOOL,VTD2000-089-26,Chaffee School,100.0,14.5
2002,primary_runoff,MADISON,18,CHAPMAN MIDDLE SCHOOL .1,VTD2000-089-5,Chapman Middle School,95.45454545454545,9.954545454545453
2002,primary_runoff,MADISON,19,CHAPMAN MIDDLE SCHOOL .2,VTD2000-089-5,Chapman Middle School,95.45454545454545,9.954545454545453
2002,primary_runoff,MADISON,20,CHARLES STONE AG_ CENTER,,,88.3720930232558,2.8720930232558004
2002,primary_runoff,MADISON,21,CHASE VALLEY UNITED METHODIST,,,48.09375,0.0
2002,primary_runoff,MADISON,22,CHURCH OF CHRIST MERIDIANVILLE,VTD2000-089-83,Church Of Christ Meridianville,100.0,14.5
2002,primary_runoff,MADISON,23,CO COMMISSION DIST 1 OFFICE,,,96.66666666666667,5.79710144927536
2002,primary_runoff,MADISON,24,COVE UNITED METHODIST CHURCH,,,64.46428571428571,2.2229064039408826
2002,primary_runoff,MADISON,25,COVENANT PRESBYTERIAN CHURCH,,,61.01694915254237,2.1934197407776566
2002,primary_runoff,MADISON,26,DR_ RICHARD SHOWERS CENTER,,,85.5,0.0
2002,primary_runoff,MADISON,27,E HUNTSVILLE CHURCH OF CHRIST,,,85.5,8.211864406779654
2002,primary_runoff,MADISON,28,ED WHITE MIDDLE SCHOOL,VTD2000-089-30,Ed White Middle School,100.0,14.5
2002,primary_runoff,MADISON,29,EDENBROOK OF HUNTSVILLE,,,61.95652173913043,0.8850931677018679
2002,primary_runoff,MADISON,30,ELON WATER GARDENS,VTD2000-089-74,Elon Water Gardens,100.0,48.57142857142858
2002,primary_runoff,MADISON,31,F_O_P_ LODGE,,,85.5,35.5
2002,primary_runoff,MADISON,32,FIRST MISSIONARY BAPT CHURCH,VTD2000-089-35,First Missionary Baptist Church,100.0,14.5
2002,primary_runoff,MADISON,33,GURLEY CITY HALL - CITY,,,95.0,0.0
2002,primary_runoff,MADISON,34,HIGHLANDS SCHOOL,VTD2000-089-33,Highlands School,100.0,14.5
2002,primary_runoff,MADISON,35,HILLWOOD BAPTIST CHURCH .1,VTD2000-089-23,Hillwood Baptist Church,95.83333333333334,10.333333333333343
2002,primary_runoff,MADISON,36,HILLWOOD BAPTIST CHURCH .2,VTD2000-089-23,Hillwood Baptist Church,95.83333333333334,12.5
2002,primary_runoff,MADISON,37,HUNTSVILLE HIGH SCHOOL,VTD2000-089-24,Huntsville High School,100.0,14.5
2002,primary_runoff,MADISON,38,HUNTSVILLE MIDDLE SCHOOL,VTD2000-089-6,Huntsville Middle School,100.0,14.5
2002,primary_runoff,MADISON,39,HURRICANE CREEK COMM CENTER,VTD2000-089-79,Hurricane Creek Community Center,100.0,14.5
2002,primary_runoff,MADISON,40,J_E_ WILLIAMS ELEM SCHOOL,,,100.0,0.0
2002,primary_runoff,MADISON,41,JOHNSON HIGH SCHOOL,VTD2000-089-38,Johnson High School,100.0,14.5
2002,primary_runoff,MADISON,42,KEEL MT_ VOL_ FIRE DEPT OUT,VTD2000-089-62,Keel Mt Volunteer Fire Dept,95.0,9.5
2002,primary_runoff,MADISON,43,LAKEWOOD COMMUNITY CENTER,VTD2000-089-45,Lakewood Community Center,100.0,14.5
2002,primary_runoff,MADISON,44,LEE HIGH SCHOOL,VTD2000-089-4,Lee High School,100.0,14.5
2002,primary_runoff,MADISON,45,LEWIS CHAPEL C_P_ CHURCH,,,97.77777777777777,4.160756501182021
2002,primary_runoff,MADISON,46,LITTLE INDIAN CREEK CHURCH,,,61.07142857142856,3.293650793650791
2002,primary_runoff,MADISON,47,LOCUST GROVE BAPTIST CHURCH,VTD2000-089-72,Locust Grove Baptist Church,100.0,25.925925925925924
2002,primary_runoff,MADISON,48,MADISON CHURCH OF CHRIST .1,,,96.0,0.0
2002,primary_runoff,MADISON,49,MADISON CHURCH OF CHRIST .2,,,96.0,0.0
2002,primary_runoff,MADISON,50,MADISON CITY HALL .1,,,100.0,5.0
2002,primary_runoff,MADISON,51,MADISON CITY HALL .2,,,100.0,5.0
2002,primary_runoff,MADISON,52,MADISON CO_ TEACHER CENTER .1,,,91.83333333333333,6.333333333333329
2002,primary_runoff,MADISON,53,MADISON CO_ TEACHER CENTER .2,,,91.83333333333333,6.333333333333329
2002,primary_runoff,MADISON,54,MADISON COUNTY NATURE TRAIL,,,85.5,15.129629629629633
2002,primary_runoff,MADISON,55,MAYSVILLE CENTRAL FIRE STATION,VTD2000-089-56,Maysville Central Fire Station,100.0,14.5
2002,primary_runoff,MADISON,56,MCDONNELL SCHOOL,VTD2000-089-52,McDonnell School,100.0,14.5
2002,primary_runoff,MADISON,57,MERIDIANVILLE FIRE DEPARTMENT,VTD2000-089-76,Meridianville Fire Dept,100.0,14.5
2002,primary_runoff,MADISON,58,MERIDIANVILLE LIONS CLUB,VTD2000-089-66,Meridianville Lions Club,100.0,33.24324324324324
2002,primary_runoff,MADISON,59,MESSIAH LUTHERAN CHURCH,,,100.0,0.0
2002,primary_runoff,MADISON,60,MONROVIA CHURCH OF CHRIST .1,,,85.5,0.0
2002,primary_runoff,MADISON,61,MONROVIA CHURCH OF CHRIST .2,,,85.5,7.068627450980387
2002,primary_runoff,MADISON,62,MONTE SANO FIRE STATION .4,VTD2000-089-10,Monte Sand Fire Station #4,91.66666666666666,15.666666666666657
2002,primary_runoff,MADISON,63,MOUNTAIN VIEW BAPTIST CHURCH,VTD2000-089-8,Mountainview Baptist Church,98.18181818181819,21.818181818181813
2002,primary_runoff,MADISON,64,NEW HOPE CITY HALL,,,100.0,5.0
2002,primary_runoff,MADISON,65,NEW MARKET FIRE STATION,VTD2000-089-55,New Market Fire Station,100.0,14.5
2002,primary_runoff,MADISON,66,OAKWOOD COLLEGE - BLAKE CENTER,,,90.0,4.5
2002,primary_runoff,MADISON,67,OLD NAVAL RESERVE CENTER,VTD2000-089-31,Old Naval Reserve,95.0,9.5
2002,primary_runoff,MADISON,68,OWENS CROSS ROADS CITY HALL,VTD2000-089-75,Owens Cross Roads City Hall,100.0,12.916666666666671
2002,primary_runoff,MADISON,69,PHILLIPS CME CHURCH,VTD2000-089-7,Phillips CME Church,100.0,14.5
2002,primary_runoff,MADISON,70,PINEVIEW BAPTIST CHURCH .1,,,85.5,4.730769230769226
2002,primary_runoff,MADISON,71,PINEVIEW BAPTIST CHURCH .2,,,80.76923076923077,8.877338877338886
2002,primary_runoff,MADISON,72,PLAINVIEW CHURCH OF CHRIST .1,VTD2000-089-67,Plainview Church Of Christ,96.2962962962963,10.796296296296305
2002,primary_runoff,MADISON,73,PLAINVIEW CHURCH OF CHRIST .2,VTD2000-089-67,Plainview Church Of Christ,96.2962962962963,19.373219373219385
2002,primary_runoff,MADISON,74,PLEASANT SPRINGS BAPTIST,VTD2000-089-44,Pleasant Springs Baptist Church,95.0,39.44444444444444
2002,primary_runoff,MADISON,75,PLEVNA FIRE STATION,VTD2000-089-73,Plevna Fire Station,100.0,14.5
2002,primary_runoff,MADISON,76,PLUMBERS AND STEAM LOCAL 377,,,88.88888888888889,3.3888888888888857
2002,primary_runoff,MADISON,77,POPLAR RIDGE COMMUNITY CENTER,VTD2000-089-68,Poplar Ridge Community Center,100.0,14.5
2002,primary_runoff,MADISON,78,RIDGECREST SCHOOL,VTD2000-089-49,Ridgecrest School,100.0,14.5
2002,primary_runoff,MADISON,79,S_E_ BRANCH Y_M_C_A_ .1,,,85.5,0.0
2002,primary_runoff,MADISON,80,S_E_ BRANCH Y_M_C_A_ .2,,,85.5,0.0
2002,primary_runoff,MADISON,81,SENIOR CENTER,VTD2000-089-48,Senior Center,100.0,14.5
2002,primary_runoff,MADISON,82,SHERWOOD BAPTIST CHURCH,VTD2000-089-54,Sherwood Baptist Church,100.0,13.043478260869563
2002,primary_runoff,MADISON,83,SOUTHWOOD PRESBYTERIAN CHURCH,,,85.5,20.115384615384613
2002,primary_runoff,MADISON,84,TERRY HEIGHTS SCHOOL,VTD2000-089-41,Terry Heights School,100.0,14.5
2002,primary_runoff,MADISON,85,TONEY FIRE STATION,VTD2000-089-65,Toney Fire Station,100.0,14.5
2002,primary_runoff,MADISON,86,TRIANA CITY HALL - CITY,,,95.0,0.0
2002,primary_runoff,MADISON,87,UNIVERSITY PLACE SCHOOL,VTD2000-089-32,University Place School,100.0,14.5
2002,primary_runoff,MADISON,88,VISITATION PARISH CENTER,,,85.5,0.0
2002,primary_runoff,MADISON,89,WEST HUNTSVILLE ELEM SCHOOL,VTD2000-089-47,West Huntsville Elementary School,100.0,14.5
2002,primary_runoff,MADISON,90,WEST MASTIN LAKE SCHOOL,VTD2000-089-34,West Mastin Lake School,100.0,14.5
2002,primary_runoff,MADISON,91,WESTLAWN MIDDLE SCHOOL,VTD2000-089-46,Westlawn Middle School,100.0,14.5
2002,primary_runoff,MADISON,92,WESTSIDE NEIGHBORHOOD CENTER,VTD2000-089-16,Westside Neighborhood Center,100.0,14.5
2002,primary_runoff,MADISON,93,WHITESBURG BAPTIST CHURCH,VTD2000-089-22,Whitesburg Baptist Church,100.0,25.0
2002,primary_runoff,MADISON,94,WHITESBURG BOAT HARBOR,VTD2000-089-59,Whitesburg Boat Harbor,100.0,27.65957446808511
2002,primary_runoff,MADISON,95,WHITESBURG MIDDLE SCHOOL,VTD2000-089-18,Whitesburg Middle School,100.0,14.5
2002,primary_runoff,MADISON,96,WOODMEN OF THE WORLD .1,VTD2000-089-15,Woodmen Of The World Union Hall,90.47619047619048,41.82754182754183
2002,primary_runoff,MADISON,97,WOODMEN OF THE WORLD .2,VTD2000-089-15,Woodmen Of The World Union Hall,90.47619047619048,42.01465201465202
2002,primary_runoff,MARENGO,1,AIMWELL VOTING BOOTH,VTD2000-091-5-9,Aimwell Voting Booth,100.0,21.951219512195124
2002,primary_runoff,MARENGO,2,DAYTON TOWN OFFICE,,,72.06896551724137,12.609506057781914
2002,primary_runoff,MARENGO,3,DEMOPOLIS CIVIC CENTER,VTD2000-091-1-1,Demopolis Civic Center,100.0,40.42553191489362
2002,primary_runoff,MARENGO,4,DEMOPOLIS HIGH SCHOOL,VTD2000-091-1-2,Demopolis Jr High School,95.0,34.53488372093024
2002,primary_runoff,MARENGO,5,DEMOPOLIS NATL GUARD ARMORY,,,85.5,14.666666666666671
2002,primary_runoff,MARENGO,6,DEMOPOLIS WESTSIDE ELEMENTARY,,,90.0,6.04651162790698
2002,primary_runoff,MARENGO,7,DIXONS MILLS VOLUNTEER FIRE,,,85.24590163934427,40.24590163934427
2002,primary_runoff,MARENGO,8,FAUNSDALE TOWN OFFICE,VTD2000-091-3-2,Faunsdale Town Office,100.0,52.38095238095239
2002,primary_runoff,MARENGO,9,FLATWOOD VOTING BOOTH,VTD2000-091-4-3,Flatwood Voting Booth,100.0,20.0
2002,primary_runoff,MARENGO,10,GALLION COMMUNITY CENTER,,,81.63265306122449,5.632653061224488
2002,primary_runoff,MARENGO,11,HILLS HALF ACRE,VTD2000-091-5-10,Hills Half Acre,100.0,51.142857142857146
2002,primary_runoff,MARENGO,12,HOBOKEN VOTING BOOTH,VTD2000-091-5-5,Hoboken Voting Booth,100.0,20.0
2002,primary_runoff,MARENGO,13,JEFFERSON VOLUNTEER FIRE,,,70.0,9.130434782608688
2002,primary_runoff,MARENGO,14,LASCA - HARRISON STORE,,,85.5,32.86842105263157
2002,primary_runoff,MARENGO,15,MAGNOLIA COMMUNITY CENTER,VTD2000-091-4-5,Magnolia Community Center,100.0,25.85365853658537
2002,primary_runoff,MARENGO,16,MICKINLEY VOTING BOOTH,VTD2000-091-4-2,McKinley Voting Booth,97.67441860465115,21.67441860465115
2002,primary_runoff,MARENGO,17,MYRTLEWOOD COMMUNITY CENTER,VTD2000-091-5-11,Myrtlewood Community Center,100.0,25.85365853658537
2002,primary_runoff,MARENGO,18,NANAFALIA SCHOOL,,,85.5,15.22972972972974
2002,primary_runoff,MARENGO,19,OCTAGON VOTING BOOTH,VTD2000-091-5-2,Octagon Voting Booth,100.0,17.948717948717956
2002,primary_runoff,MARENGO,20,OLD COURTHOUSE BUILDING,,,77.72727272727272,12.210031347962385
2002,primary_runoff,MARENGO,21,OLD LINDEN ARMORY,VTD2000-091-3-5,Old Linden Armory,100.0,29.629629629629633
2002,primary_runoff,MARENGO,22,PUTMAN VOTING BOOTH,VTD2000-091-5-7,Putman Voting Booth,100.0,17.948717948717956
2002,primary_runoff,MARENGO,23,QUINNEY STORE BUILDING,VTD2000-091-3-4,Quinney Store,90.0,42.5
2002,primary_runoff,MARENGO,24,RANGE LINE VOTING BOOTH,,,81.81818181818181,1.818181818181813
2002,primary_runoff,MARENGO,25,SARDIS VOTING BOOTH,VTD2000-091-4-4,Sardis Voting Booth,100.0,18.91891891891892
2002,primary_runoff,MARENGO,26,SPRINGHILL VOLUNTEER FIRE,,,85.5,17.294871794871796
2002,primary_runoff,MARENGO,27,SURGINER VOTING BOOTH,VTD2000-091-4-7,Surginer Voting Booth,100.0,20.0
2002,primary_runoff,MARENGO,28,SWEET WATER TOWN OFFICE,,,68.18181818181819,16.89976689976691
2002,primary_runoff,MARENGO,29,THOMASTON LUNCH ROOM,VTD2000-091-4-1,Thomaston Lunchroom,97.43589743589743,43.43589743589743
2002,primary_runoff,MARENGO,30,VINELAND VOTING BOOTH,VTD2000-091-4-6,Vineland Voting Booth,100.0,21.951219512195124
2002,primary_runoff,MARENGO,31,WAYNE VOTING BOOTH,,,86.48648648648648,5.4054054054054035
2002,primary_runoff,MARION,1,Unnamed: 4,,,48.0,10.0
2002,primary_runoff,MARION,2,Unnamed: 5,,,48.0,10.0
2002,primary_runoff,MARION,3,Unnamed: 6,,,48.0,10.0
2002,primary_runoff,MARION,4,Unnamed: 7,,,48.0,10.0
2002,primary_runoff,MARION,5,Unnamed: 8,,,48.0,10.0
2002,primary_runoff,MARION,6,Unnamed: 9,,,48.0,10.0
2002,primary_runoff,MARION,7,Unnamed: 10,,,45.0,10.799999999999997
2002,primary_runoff,MARSHALL,1,ALBERTVILLE FIRST BAPTIST 3,,,74.84848484848484,0.0
2002,primary_runoff,MARSHALL,2,ALBERTVILLE-FIRST BAPTIST 1,,,74.84848484848484,0.0
2002,primary_runoff,MARSHALL,3,ALBERTVILLE-FIRST BAPTIST 2,,,74.84848484848484,0.0
2002,primary_runoff,MARSHALL,4,ALBERTVILLE-MRSHL CO GAS SHOP,,,85.5,0.0
2002,primary_runoff,MARSHALL,5,ALBERTVILLE-REC CENTER 1,,,100.0,0.0
2002,primary_runoff,MARSHALL,6,ALBERTVILLE-REC CENTER 2,,,100.0,0.0
2002,primary_runoff,MARSHALL,7,ALBERTVILLE-REC CENTER 3,,,100.0,0.0
2002,primary_runoff,MARSHALL,8,ALBERTVILLE-REC CENTER 4,,,96.66666666666667,0.0
2002,primary_runoff,MARSHALL,9,ARAB-NEW RECREATION CENTER 1,,,82.82051282051282,0.0
2002,primary_runoff,MARSHALL,10,ARAB-NEW RECREATION CENTER 2,,,82.82051282051282,0.0
2002,primary_runoff,MARSHALL,11,ARAB-SENIOR CITIZEN CENTER 1,,,65.3125,0.0
2002,primary_runoff,MARSHALL,12,ARAB-SENIOR CITIZEN CENTER 2,,,65.3125,0.0
2002,primary_runoff,MARSHALL,13,BIG SPRING M & S CONSTRUCTION,,,85.5,36.642857142857146
2002,primary_runoff,MARSHALL,14,BOAZ-RECREATION CENTER 1,,,100.0,0.0
2002,primary_runoff,MARSHALL,15,BOAZ-RECREATION CENTER 2,,,100.0,0.0
2002,primary_runoff,MARSHALL,16,BOAZ-RECREATION CENTER 3,,,100.0,0.0
2002,primary_runoff,MARSHALL,17,BOSHART-PROSPECT CEMETERY,VTD2000-095-8,Prospect Cemetery,95.0,35.42553191489362
2002,primary_runoff,MARSHALL,18,BUCKSNORT-COMMUNITY CENTER,VTD2000-095-19,Bucksnort Comm Ctr,100.0,17.83783783783784
2002,primary_runoff,MARSHALL,19,CLAYSVILLE HENRYVILLE METHODST,,,67.85714285714286,20.3995157384988
2002,primary_runoff,MARSHALL,20,CRANFORD-RUTH VOL FIRE DEPT_,,,85.5,0.0
2002,primary_runoff,MARSHALL,21,CROSSROADS-TOM LAWSONS STORE,,,87.42857142857143,1.9285714285714306
2002,primary_runoff,MARSHALL,22,GEORGIA MOUNTAIN REC CENTER,,,85.5,0.0
2002,primary_runoff,MARSHALL,23,GRANT-CITY HALL,,,100.0,0.0
2002,primary_runoff,MARSHALL,24,GRANT-MT_ SHADE CHURCH,VTD2000-095-30-2,Mt Shade Church,95.0,9.5
2002,primary_runoff,MARSHALL,25,GRASSY-SCHOOL GYM,VTD2000-095-25,Grassy School Gym,100.0,47.36842105263157
2002,primary_runoff,MARSHALL,26,GUNTERSVILLE REC CTR 1,,,100.0,0.0
2002,primary_runoff,MARSHALL,27,GUNTERSVILLE REC CTR 2,,,100.0,0.0
2002,primary_runoff,MARSHALL,28,GUNTERSVILLE REC CTR 3,,,100.0,0.0
2002,primary_runoff,MARSHALL,29,HONEYCOMB - BAPTIST CHURCH,,,78.23529411764704,0.0
2002,primary_runoff,MARSHALL,30,HOOPER-BRASHERS CHAPEL CHURCH,,,85.5,0.0
2002,primary_runoff,MARSHALL,31,JAYBIRD-SHOP DIST .4,,,72.06896551724137,27.624521072796924
2002,primary_runoff,MARSHALL,32,MT_ HIGH LATTIWOOD COMM CNTR,,,95.0,0.0
2002,primary_runoff,MARSHALL,33,MT_HEBRON FIRE DEPARTMENT,VTD2000-095-16-1,Mt Hebron Fire Dept,100.0,14.5
2002,primary_runoff,MARSHALL,34,OLEANDER-MIDWAY COMM_ CENTER,,,85.5,0.0
2002,primary_runoff,MARSHALL,35,PAINT ROCK HEBRON REC CTR,VTD2000-095-11,Hebron Rec Center,95.0,9.5
2002,primary_runoff,MARSHALL,36,PINE GROVE COMMUNITY CENTER,,,90.9090909090909,0.0
2002,primary_runoff,MARSHALL,37,RED HILL-METHODIST CHURCH,,,82.35294117647058,12.686274509803923
2002,primary_runoff,MARSHALL,38,REEDBRAKE-DOUGLAS CITY HALL,,,90.0,0.0
2002,primary_runoff,MARSHALL,39,REEDBRAKE-LIBERTY HILL CHURCH,,,90.0,4.5
2002,primary_runoff,MARSHALL,40,REEDBRAKE-NIXON CHAPEL F_D_,,,63.33333333333332,10.27210884353741
2002,primary_runoff,MARSHALL,41,ROCK SPRINGS-CHURCH,VTD2000-095-13,Rock Springs Church,100.0,38.46153846153846
2002,primary_runoff,MARSHALL,42,THOMPSON CHILDRESS STORE,VTD2000-095-18-2,Childress Store,90.0,23.33333333333333
2002,primary_runoff,MARSHALL,43,THOMPSON-ASBURY FIRE STATION,,,63.33333333333332,9.761904761904752
2002,primary_runoff,MARSHALL,44,THOMPSON-MARTLING COMM_ CENTER,,,85.5,0.0
2002,primary_runoff,MARSHALL,45,UNION GROVE-MASONIC HALL,,,85.5,0.0
2002,primary_runoff,MARSHALL,46,VOTING BOOTH-KENNAMER,,,60.8,12.195348837209295
2002,primary_runoff,MARSHALL,47,WAKEFIELD-FIRE DEPARTMENT,,,81.42857142857142,4.401544401544399
2002,primary_runoff,MARSHALL,48,WARRENTON - COMMUNITY CENTER,VTD2000-095-14,Warrenton Comm Center,100.0,13.20754716981132
2002,primary_runoff,MARSHALL,49,WRIGHTS-SWEARENGIN SCHOOL,,,54.80769230769231,5.2424749163879625
2002,primary_runoff,MOBILE,1,Unnamed: 4,,,53.4375,7.837499999999999
2002,primary_runoff,MOBILE,2,Unnamed: 5,,,53.4375,7.837499999999999
2002,primary_runoff,MOBILE,3,Unnamed: 6,,,53.4375,7.837499999999999
2002,primary_runoff,MOBILE,4,Unnamed: 7,,,53.4375,7.837499999999999
2002,primary_runoff,MOBILE,5,Unnamed: 8,,,53.4375,7.837499999999999
2002,primary_runoff,MOBILE,6,Unnamed: 9,,,53.4375,7.837499999999999
2002,primary_runoff,MOBILE,7,Unnamed: 10,,,50.294117647058826,7.544117647058826
2002,primary_runoff,MOBILE,8,Unnamed: 11,,,50.294117647058826,7.544117647058826
2002,primary_runoff,MOBILE,9,Unnamed: 12,,,50.294117647058826,7.544117647058826
2002,primary_runoff,MONROE,1,Unnamed: 4,,,56.25,8.25
2002,primary_runoff,MONROE,2,Unnamed: 5,,,56.25,8.25
2002,primary_runoff,MONROE,3,Unnamed: 6,,,56.25,8.25
2002,primary_runoff,MONROE,4,Unnamed: 7,,,56.25,8.25
2002,primary_runoff,MONROE,5,Unnamed: 8,,,56.25,8.25
2002,primary_runoff,MONROE,6,Unnamed: 9,,,56.25,8.25
2002,primary_runoff,MONROE,7,Unnamed: 10,,,52.94117647058824,7.941176470588239
2002,primary_runoff,MONTGOMERY,1,Unnamed: 4,,,53.4375,5.4375
2002,primary_runoff,MONTGOMERY,2,Unnamed: 5,,,53.4375,5.4375
2002,primary_runoff,MONTGOMERY,3,Unnamed: 6,,,53.4375,5.4375
2002,primary_runoff,MONTGOMERY,4,Unnamed: 7,,,53.4375,5.4375
2002,primary_runoff,MONTGOMERY,5,Unnamed: 8,,,53.4375,5.4375
2002,primary_runoff,MONTGOMERY,6,Unnamed: 9,,,53.4375,5.4375
2002,primary_runoff,MONTGOMERY,7,Unnamed: 10,,,50.294117647058826,5.294117647058826
2002,primary_runoff,MONTGOMERY,8,Unnamed: 11,,,50.294117647058826,5.294117647058826
2002,primary_runoff,MONTGOMERY,9,Unnamed: 12,,,50.294117647058826,5.294117647058826
2002,primary_runoff,MONTGOMERY,10,Unnamed: 13,,,50.294117647058826,5.294117647058826
2002,primary_runoff,MONTGOMERY,11,Unnamed: 14,,,85.5,35.205882352941174
2002,primary_runoff,MORGAN,1,A & M UNIVERSITY NEW GYM .1,,,85.5,39.885964912280706
2002,primary_runoff,MORGAN,2,A & M UNIVERSITY NEW GYM .2,,,85.5,39.885964912280706
2002,primary_runoff,MORGAN,3,A & M UNIVERSITY NEW GYM .3,,,85.5,39.885964912280706
2002,primary_runoff,MORGAN,4,A & M UNIVERSITY NEW GYM .4,,,85.5,39.885964912280706
2002,primary_runoff,MORGAN,5,AIRPORT ROAD FIRE STATION .6,,,69.09090909090908,3.9480519480519405
2002,primary_runoff,MORGAN,6,AL_ NATIONAL GUARD CENTER .1,,,62.11538461538461,16.253315649867375
2002,primary_runoff,MORGAN,7,AL_ NATIONAL GUARD CENTER .2,,,62.11538461538461,16.253315649867375
2002,primary_runoff,MORGAN,8,ALDERSGATE UNITED METHODIST 1,,,52.41379310344827,5.14106583072099
2002,primary_runoff,MORGAN,9,ALDERSGATE UNITED METHODIST 2,,,52.41379310344827,5.14106583072099
2002,primary_runoff,MORGAN,10,BIG COVE FIRE STATION,,,85.5,0.0
2002,primary_runoff,MORGAN,11,BLACKBURN CHAPEL C_P_ CHURCH,,,54.54545454545454,1.484230055658628
2002,primary_runoff,MORGAN,12,BLOSSOMWOOD SCHOOL,,,85.5,0.0
2002,primary_runoff,MORGAN,13,BOBO VOLUNTEER FIRE,,,85.5,0.0
2002,primary_runoff,MORGAN,14,CALVARY FRIENDSHIP CENTER,,,53.57142857142857,2.591036414565828
2002,primary_runoff,MORGAN,15,CENTRAL ASSEMBLY OF GOD,,,85.5,41.65384615384615
2002,primary_runoff,MORGAN,16,CENTRAL SCHOOL,,,85.5,0.0
2002,primary_runoff,MORGAN,17,CHAFFEE SCHOOL,,,85.5,0.0
2002,primary_runoff,MORGAN,18,CHAPMAN MIDDLE SCHOOL .1,,,85.5,16.888888888888886
2002,primary_runoff,MORGAN,19,CHAPMAN MIDDLE SCHOOL .2,,,85.5,16.888888888888886
2002,primary_runoff,MORGAN,20,CHARLES STONE AG_ CENTER,,,58.16326530612245,4.317111459968601
2002,primary_runoff,MORGAN,21,CHASE VALLEY UNITED METHODIST,,,50.666666666666664,2.7866666666666617
2002,primary_runoff,MORGAN,22,CHURCH OF CHRIST MERIDIANVILLE,,,80.0,25.192307692307693
2002,primary_runoff,MORGAN,23,CO COMMISSION DIST 1 OFFICE,,,55.53846153846153,9.7977207977208
2002,primary_runoff,MORGAN,24,COVE UNITED METHODIST CHURCH,,,74.57627118644068,13.776271186440681
2002,primary_runoff,MORGAN,25,COVENANT PRESBYTERIAN CHURCH,,,57.96610169491525,1.9661016949152454
2002,primary_runoff,MORGAN,26,DR_ RICHARD SHOWERS CENTER,,,51.85185185185186,0.8714596949891202
2002,primary_runoff,MORGAN,27,E HUNTSVILLE CHURCH OF CHRIST,,,80.0,26.66666666666667
2002,primary_runoff,MORGAN,28,ED WHITE MIDDLE SCHOOL,,,85.5,4.648936170212764
2002,primary_runoff,MORGAN,29,EDENBROOK OF HUNTSVILLE,,,85.5,39.75925925925926
2002,primary_runoff,MORGAN,30,ELON WATER GARDENS,,,50.625,0.33088235294117396
2002,primary_runoff,MORGAN,31,F_O_P_ LODGE,,,49.090909090909086,0.0
2002,primary_runoff,MORGAN,32,FIRST MISSIONARY BAPT CHURCH,,,73.88888888888889,9.48210922787193
2002,primary_runoff,MORGAN,33,GURLEY CITY HALL - CITY,,,48.78048780487805,3.180487804878048
2002,primary_runoff,MORGAN,34,HIGHLANDS SCHOOL,,,85.5,0.0
2002,primary_runoff,MORGAN,35,HILLWOOD BAPTIST CHURCH .1,,,73.88888888888889,2.190775681341705
2002,primary_runoff,MORGAN,36,HILLWOOD BAPTIST CHURCH .2,,,73.88888888888889,2.190775681341705
2002,primary_runoff,MORGAN,37,HUNTSVILLE HIGH SCHOOL,,,85.5,13.159574468085111
2002,primary_runoff,MORGAN,38,HUNTSVILLE MIDDLE SCHOOL,,,66.75675675675676,2.605813360530334
2002,primary_runoff,MORGAN,39,HURRICANE CREEK COMM CENTER,,,72.1311475409836,2.7660681759042376
2002,primary_runoff,MORGAN,40,J_E_ WILLIAMS ELEM SCHOOL,,,85.5,0.0
2002,primary_runoff,MORGAN,41,JOHNSON HIGH SCHOOL,,,85.5,0.0
2002,primary_runoff,MORGAN,42,KEEL MT_ VOL_ FIRE DEPT OUT,,,85.5,0.0
2002,primary_runoff,MORGAN,43,LAKEWOOD COMMUNITY CENTER,,,74.14634146341463,0.0
2002,primary_runoff,MORGAN,44,LEE HIGH SCHOOL,,,85.5,0.0
2002,primary_runoff,MORGAN,45,LEWIS CHAPEL C_P_ CHURCH,,,58.82352941176471,5.490196078431374
2002,primary_runoff,MORGAN,46,LITTLE INDIAN CREEK CHURCH,,,51.45833333333333,1.4583333333333286
2002,primary_runoff,MORGAN,47,LOCUST GROVE BAPTIST CHURCH,,,73.88888888888889,4.797979797979792
2002,primary_runoff,MORGAN,48,MADISON CHURCH OF CHRIST .1,,,85.5,2.166666666666657
2002,primary_runoff,MORGAN,49,MADISON CHURCH OF CHRIST .2,,,85.5,2.166666666666657
2002,primary_runoff,MORGAN,50,MADISON CITY HALL .1,,,47.5,1.3461538461538467
2002,primary_runoff,MORGAN,51,MADISON CITY HALL .2,,,47.5,1.3461538461538467
2002,primary_runoff,MORGAN,52,MADISON CO_ TEACHER CENTER .1,,,56.666666666666664,1.5053763440860237
2002,primary_runoff,MORGAN,53,MADISON CO_ TEACHER CENTER .2,,,56.666666666666664,1.5053763440860237
2002,primary_runoff,MORGAN,54,MADISON COUNTY NATURE TRAIL,,,85.5,30.59803921568627
2002,primary_runoff,MORGAN,55,MAYSVILLE CENTRAL FIRE STATION,,,85.5,10.09016393442623
2002,primary_runoff,MORGAN,56,MCDONNELL SCHOOL,,,85.5,0.0
2002,primary_runoff,MORGAN,57,MERIDIANVILLE FIRE DEPARTMENT,,,81.42857142857142,10.659340659340657
2002,primary_runoff,MORGAN,58,MERIDIANVILLE LIONS CLUB,,,59.09090909090908,4.924242424242408
2002,primary_runoff,MORGAN,59,MESSIAH LUTHERAN CHURCH,,,56.29629629629629,5.315904139433549
2002,primary_runoff,MORGAN,60,MONROVIA CHURCH OF CHRIST .1,,,85.5,5.5
2002,primary_runoff,MORGAN,61,MONROVIA CHURCH OF CHRIST .2,,,85.5,5.5
2002,primary_runoff,MORGAN,62,MONTE SANO FIRE STATION .4,,,69.56521739130434,4.422360248447205
2002,primary_runoff,MORGAN,63,MOUNTAIN VIEW BAPTIST CHURCH,,,73.88888888888889,6.0317460317460245
2002,primary_runoff,MORGAN,64,NEW HOPE CITY HALL,,,68.57142857142857,13.571428571428562
2002,primary_runoff,MORGAN,65,NEW MARKET FIRE STATION,,,85.5,0.0
2002,primary_runoff,MORGAN,66,OAKWOOD COLLEGE - BLAKE CENTER,,,51.81818181818182,2.5589225589225535
2002,primary_runoff,MORGAN,67,OLD NAVAL RESERVE CENTER,,,57.0,7.0
2002,primary_runoff,MORGAN,68,OWENS CROSS ROADS CITY HALL,,,85.5,40.590909090909086
2002,primary_runoff,MORGAN,69,PHILLIPS CME CHURCH,,,85.5,25.925531914893618
2002,primary_runoff,MORGAN,70,PINEVIEW BAPTIST CHURCH .1,,,73.88888888888889,5.683760683760681
2002,primary_runoff,MORGAN,71,PINEVIEW BAPTIST CHURCH .2,,,73.88888888888889,5.683760683760681
2002,primary_runoff,MORGAN,72,PLAINVIEW CHURCH OF CHRIST .1,,,85.5,5.5
2002,primary_runoff,MORGAN,73,PLAINVIEW CHURCH OF CHRIST .2,,,85.5,5.5
2002,primary_runoff,MORGAN,74,PLEASANT SPRINGS BAPTIST,,,76.0,17.81818181818182
2002,primary_runoff,MORGAN,75,PLEVNA FIRE STATION,,,85.5,0.0
2002,primary_runoff,MORGAN,76,PLUMBERS AND STEAM LOCAL 377,,,44.33333333333333,1.9803921568627416
2002,primary_runoff,MORGAN,77,POPLAR RIDGE COMMUNITY CENTER,,,76.66666666666666,7.7011494252873405
2002,primary_runoff,MORGAN,78,RIDGECREST SCHOOL,,,85.5,0.0
2002,primary_runoff,MORGAN,79,S_E_ BRANCH Y_M_C_A_ .1,,,85.5,42.75
2002,primary_runoff,MORGAN,80,S_E_ BRANCH Y_M_C_A_ .2,,,85.5,42.75
2002,primary_runoff,MORGAN,81,SENIOR CENTER,,,85.5,0.0
2002,primary_runoff,MORGAN,82,SHERWOOD BAPTIST CHURCH,,,75.55555555555556,3.6636636636636695
2002,primary_runoff,MORGAN,83,SOUTHWOOD PRESBYTERIAN CHURCH,,,52.15686274509803,0.0
2002,primary_runoff,MORGAN,84,TERRY HEIGHTS SCHOOL,,,85.5,0.0
2002,primary_runoff,MORGAN,85,TONEY FIRE STATION,,,85.5,0.0
2002,primary_runoff,MORGAN,86,TRIANA CITY HALL - CITY,,,51.06382978723405,3.5638297872340488
2002,primary_runoff,MORGAN,87,UNIVERSITY PLACE SCHOOL,,,85.5,30.083333333333336
2002,primary_runoff,MORGAN,88,VISITATION PARISH CENTER,,,56.59574468085106,2.7495908346972158
2002,primary_runoff,MORGAN,89,WEST HUNTSVILLE ELEM SCHOOL,,,85.5,0.0
2002,primary_runoff,MORGAN,90,WEST MASTIN LAKE SCHOOL,,,85.5,21.349056603773576
2002,primary_runoff,MORGAN,91,WESTLAWN MIDDLE SCHOOL,,,85.5,14.928571428571445
2002,primary_runoff,MORGAN,92,WESTSIDE NEIGHBORHOOD CENTER,,,51.52542372881356,3.3772755806654047
2002,primary_runoff,MORGAN,93,WHITESBURG BAPTIST CHURCH,,,73.88888888888889,5.683760683760681
2002,primary_runoff,MORGAN,94,WHITESBURG BOAT HARBOR,,,41.8,0.290566037735843
2002,primary_runoff,MORGAN,95,WHITESBURG MIDDLE SCHOOL,,,69.38775510204081,11.945894636924535
2002,primary_runoff,MORGAN,96,WOODMEN OF THE WORLD .1,,,85.5,39.666666666666664
2002,primary_runoff,MORGAN,97,WOODMEN OF THE WORLD .2,,,85.5,39.666666666666664
2002,primary_runoff,PERRY,1,Unnamed: 4,,,40.0,1.4285714285714235
2002,primary_runoff,PERRY,2,Unnamed: 5,,,40.0,1.4285714285714235
2002,primary_runoff,PERRY,3,Unnamed: 6,,,40.0,1.4285714285714235
2002,primary_runoff,PERRY,4,Unnamed: 7,,,40.0,1.4285714285714235
2002,primary_runoff,PERRY,5,Unnamed: 8,,,40.0,1.4285714285714235
2002,primary_runoff,PERRY,6,Unnamed: 9,,,40.0,1.4285714285714235
2002,primary_runoff,PERRY,7,Unnamed: 10,,,37.89473684210526,1.8947368421052602
2002,primary_runoff,PERRY,8,Unnamed: 11,,,37.89473684210526,1.8947368421052602
2002,primary_runoff,PERRY,9,Unnamed: 12,,,37.89473684210526,1.8947368421052602
2002,primary_runoff,PICKENS,1,Unnamed: 4,,,41.53846153846154,1.53846153846154
2002,primary_runoff,PICKENS,2,Unnamed: 5,,,41.53846153846154,1.53846153846154
2002,primary_runoff,PICKENS,3,Unnamed: 6,,,41.53846153846154,1.53846153846154
2002,primary_runoff,PICKENS,4,Unnamed: 7,,,41.53846153846154,1.53846153846154
2002,primary_runoff,PICKENS,5,Unnamed: 8,,,41.53846153846154,1.53846153846154
2002,primary_runoff,PICKENS,6,Unnamed: 9,,,41.53846153846154,1.53846153846154
2002,primary_runoff,PICKENS,7,Unnamed: 10,,,38.57142857142858,0.6766917293233163
2002,primary_runoff,PIKE,1,BANKS CITY HALL,VTD2000-109-12,Banks City Hall,100.0,28.75
2002,primary_runoff,PIKE,2,BRUNDIDGE-HAISTEN BLDG,VTD2000-109-14,Haisten Bldg,90.0,50.0
2002,primary_runoff,PIKE,3,CHINA GROVE-COUNTY BLDG,,,85.5,35.5
2002,primary_runoff,PIKE,4,EBENEZER-COUNTY BLDG,,,85.5,25.03488372093024
2002,primary_runoff,PIKE,5,ENON-COUNTY BLDG,,,63.333333333333336,6.190476190476197
2002,primary_runoff,PIKE,6,FIRST BAPTIST CHURCH,VTD2000-109-22,First Baptist Church,100.0,36.666666666666664
2002,primary_runoff,PIKE,7,GALLOWAY RD COMM CT-BDGE,,,85.5,0.7542372881355988
2002,primary_runoff,PIKE,8,GOSHEN-VFD,,,87.09677419354838,1.5967741935483843
2002,primary_runoff,PIKE,9,HAMILTON CROSSROADS C OF C,,,85.5,35.62500000000001
2002,primary_runoff,PIKE,10,HENDERS0N-VFD,,,86.36363636363636,4.673495518565929
2002,primary_runoff,PIKE,11,JOSIE-COUNTY BLDG,,,64.86486486486487,16.216216216216218
2002,primary_runoff,PIKE,12,LITTLE OAK-COUNTY BLDG,,,85.5,0.0
2002,primary_runoff,PIKE,13,M_P_ CHURCH,,,85.5,0.0
2002,primary_runoff,PIKE,14,MEEKSVILLE-VFD,VTD2000-109-2,Meeksville Volunteer Fire Dept,100.0,13.63636363636364
2002,primary_runoff,PIKE,15,NEEDMORE CHILDS GROCERY,,,85.5,7.7727272727272805
2002,primary_runoff,PIKE,16,OAK BOWERY-CH OF CHRIST,,,90.0,0.0
2002,primary_runoff,PIKE,17,PARK MEMORIAL CHURCH,,,64.86486486486487,12.087087087087092
2002,primary_runoff,PIKE,18,PIKE COUNTY COURTHOUSE,,,76.0,7.707317073170742
2002,primary_runoff,PIKE,19,RURAL HOME-COUNTY BLDG,,,85.5,34.199999999999996
2002,primary_runoff,PIKE,20,SACO-VFD,VTD2000-109-7,Saco Volunteer Fire Dept,100.0,13.63636363636364
2002,primary_runoff,PIKE,21,SHELLHORN SCHOOL,VTD2000-109-26,Shell Horn School,96.96969696969697,46.96969696969697
2002,primary_runoff,PIKE,22,SPRINGHILL HOUSING AUTHORITY,,,59.64912280701755,3.399122807017548
2002,primary_runoff,PIKE,23,SPRINGHILL-VFD,VTD2000-109-17,Springhill Volunteer Fire Dept,100.0,13.63636363636364
2002,primary_runoff,PIKE,24,TARENTUM-COMM CLUBHOUSE,VTD2000-109-16,Community Clubhouse,95.0,17.807017543859658
2002,primary_runoff,PIKE,25,TENNILLE-TRAYWICKS SIGN CO,,,47.5,3.432203389830505
2002,primary_runoff,PIKE,26,TROY ADAMS ARMORY,VTD2000-109-6,Adams Armory,95.0,45.0
2002,primary_runoff,PIKE,27,TROY COMM COMPLEX,VTD2000-109-1,Troy Community Complex,100.0,36.58536585365854
2002,primary_runoff,RANDOLPH,1,Unnamed: 4,,,42.75,2.75
2002,primary_runoff,RANDOLPH,2,Unnamed: 5,,,42.75,2.75
2002,primary_runoff,RANDOLPH,3,Unnamed: 6,,,42.75,2.75
2002,primary_runoff,RANDOLPH,4,Unnamed: 7,,,42.75,2.75
2002,primary_runoff,RANDOLPH,5,Unnamed: 8,,,42.75,2.75
2002,primary_runoff,RUSSELL,1,CENTRAL ACTIVITIES CENTER .1,,,96.2962962962963,0.0
2002,primary_runoff,RUSSELL,2,CENTRAL ACTIVITIES CENTER .2,,,96.2962962962963,0.0
2002,primary_runoff,RUSSELL,3,CHATTAHOOCHEE VALLEY,,,44.89795918367348,0.9955201592832381
2002,primary_runoff,RUSSELL,4,COTTONTON FIRE STATION,,,76.59574468085107,25.929078014184405
2002,primary_runoff,RUSSELL,5,CRAWFORD FIRE STATION,,,75.55555555555556,25.555555555555557
2002,primary_runoff,RUSSELL,6,DIXIE VOLUNTEER FIRE DEPT,,,75.0,1.923076923076934
2002,primary_runoff,RUSSELL,7,FT_ MITCHELL R_O_T_C_ BLDG,VTD2000-113-5-2,Fort Mitchell ROTC Building,90.9090909090909,45.90909090909091
2002,primary_runoff,RUSSELL,8,HATCHECHUBBEE FIRE STATION,,,80.0,33.46938775510205
2002,primary_runoff,RUSSELL,9,HURTSBORO FIRE DEPT,,,77.55102040816327,1.551020408163268
2002,primary_runoff,RUSSELL,10,LADONIA FIRE STATION .1,,,71.11111111111111,23.285024154589372
2002,primary_runoff,RUSSELL,11,LADONIA FIRE STATION .2,,,71.11111111111111,23.285024154589372
2002,primary_runoff,RUSSELL,12,MOTHER MARY SCHOOL,VTD2000-113-4-2,Mother Mary School,100.0,57.25
2002,primary_runoff,RUSSELL,13,PITTSVIEW FIRE STATION,,,76.59574468085107,25.929078014184405
2002,primary_runoff,RUSSELL,14,ROY MARTIN CENTER .1,VTD2000-113-1,Roy Martin Center,95.0,34.13043478260869
2002,primary_runoff,RUSSELL,15,ROY MARTIN CENTER .2,VTD2000-113-1,Roy Martin Center,95.0,34.13043478260869
2002,primary_runoff,RUSSELL,16,RUSSELL COUNTY COURTHOUSE,,,100.0,5.0
2002,primary_runoff,RUSSELL,17,SEALE-OLD RUSSELL COURTHOUSE,,,83.6,4.0651162790697555
2002,primary_runoff,RUSSELL,18,SPENCER RECREATION CENTER,,,96.15384615384616,0.0
2002,primary_runoff,SHELBY,1,ALABASTER CITY HALL ANNEX .1,,,85.5,36.98936170212766
2002,primary_runoff,SHELBY,2,ALABASTER CITY HALL ANNEX .2,,,85.5,36.98936170212766
2002,primary_runoff,SHELBY,3,ALABASTER CITY HALL ANNEX .3,,,85.5,36.98936170212766
2002,primary_runoff,SHELBY,4,AMERICAN LEGION HALL,VTD2000-117-15,American Legion Hall,100.0,45.945945945945944
2002,primary_runoff,SHELBY,5,CALERA RECREATION CENTER .1,,,57.692307692307686,2.790346907993957
2002,primary_runoff,SHELBY,6,CALERA RECREATION CENTER .2,,,57.692307692307686,2.790346907993957
2002,primary_runoff,SHELBY,7,CAMP BRANCH UNITED METH_CHURCH,,,92.3076923076923,6.807692307692307
2002,primary_runoff,SHELBY,8,CHELSEA FIRE HALL,,,68.42105263157895,15.479876160990706
2002,primary_runoff,SHELBY,9,CHELSEA MIDDLE SCHOOL .1,VTD2000-117-8,Chelsea Middle School,95.45454545454545,49.62121212121212
2002,primary_runoff,SHELBY,10,CHELSEA MIDDLE SCHOOL .2,VTD2000-117-8,Chelsea Middle School,95.45454545454545,49.62121212121212
2002,primary_runoff,SHELBY,11,DOGWOOD COMMUNITY CENTER,,,76.0,0.0
2002,primary_runoff,SHELBY,12,DUNNAVANT COMMUNITY CENTER,VTD2000-117-18,Dunnavant Community Center,100.0,21.568627450980387
2002,primary_runoff,SHELBY,13,ELLIOTSVILLE PRESBYT_ CHURCH 1,,,65.45454545454545,8.18181818181818
2002,primary_runoff,SHELBY,14,ELLIOTSVILLE PRESBYT_ CHURCH 2,,,65.45454545454545,8.18181818181818
2002,primary_runoff,SHELBY,15,ELLIOTSVILLE PRESBYT_ CHURCH 3,,,65.45454545454545,8.18181818181818
2002,primary_runoff,SHELBY,16,FIRST BAPTIST CHURCH BOX 1 .1,VTD2000-117-1,First Baptist Church,95.0,28.5
2002,primary_runoff,SHELBY,17,FIRST BAPTIST CHURCH BOX 1 .2,VTD2000-117-1,First Baptist Church,95.0,31.66666666666668
2002,primary_runoff,SHELBY,18,FIRST CHRISTIAN CHURCH .1,,,85.5,12.772727272727266
2002,primary_runoff,SHELBY,19,FIRST CHRISTIAN CHURCH .2,,,85.5,12.772727272727266
2002,primary_runoff,SHELBY,20,FOURMILE FIRE DEPARTMENT,,,44.608695652173914,2.808695652173917
2002,primary_runoff,SHELBY,21,HARPERSVILLE CITY HALL,VTD2000-117-10,Harpersville,90.0,23.33333333333333
2002,primary_runoff,SHELBY,22,HELENA UNITED METH CHURCH .1,,,64.51612903225806,7.912355447352404
2002,primary_runoff,SHELBY,23,HELENA UNITED METH CHURCH .2,,,64.51612903225806,7.912355447352404
2002,primary_runoff,SHELBY,24,HELENA UNITED METH CHURCH .3,,,64.51612903225806,7.912355447352404
2002,primary_runoff,SHELBY,25,HELENA UNITED METH CHURCH .4,,,64.51612903225806,7.912355447352404
2002,primary_runoff,SHELBY,26,HOOVER FIRE STATION .8 - .1,,,43.13725490196079,1.2767897856817214
2002,primary_runoff,SHELBY,27,HOOVER FIRE STATION .8 - .2,,,43.13725490196079,1.2767897856817214
2002,primary_runoff,SHELBY,28,LIBERTY BAPTIST CHURCH,,,85.71428571428572,0.2142857142857224
2002,primary_runoff,SHELBY,29,MAYLENE PENTECOSTAL LIGHTHOUSE,,,80.22222222222221,32.5751633986928
2002,primary_runoff,SHELBY,30,MEADOWBROOK BAPTIST CHURCH .1,,,78.23529411764704,14.901960784313722
2002,primary_runoff,SHELBY,31,MEADOWBROOK BAPTIST CHURCH .2,,,78.23529411764704,14.901960784313722
2002,primary_runoff,SHELBY,32,MEADOWBROOK BAPTIST CHURCH .3,,,78.23529411764704,14.901960784313722
2002,primary_runoff,SHELBY,33,MEADOWBROOK BAPTIST CHURCH .4,,,78.23529411764704,14.901960784313722
2002,primary_runoff,SHELBY,34,MONTEVALLO CITY HALL,VTD2000-117-4,Montevallo,90.0,24.23076923076924
2002,primary_runoff,SHELBY,35,NEW HOPE PRESBYTERIAN CHURCH 1,VTD2000-117-12,New Hope Presbyterian Church,100.0,40.74074074074075
2002,primary_runoff,SHELBY,36,NEW HOPE PRESBYTERIAN CHURCH 2,VTD2000-117-12,New Hope Presbyterian Church,100.0,40.74074074074075
2002,primary_runoff,SHELBY,37,NEW LIFE ASSEMBLY OF GOD,,,40.0,1.53846153846154
2002,primary_runoff,SHELBY,38,NORTH SHELBY BAPTIST CHURCH,,,78.23529411764704,8.059855521155825
2002,primary_runoff,SHELBY,39,ORR PARK MONTEVALLO,VTD2000-117-4,Montevallo,90.0,45.0
2002,primary_runoff,SHELBY,40,PEARIDGE COMMUNITY CENTER,VTD2000-117-20,Pea Ridge Community Center,98.0392156862745,18.039215686274503
2002,primary_runoff,SHELBY,41,PELHAM CIVIC COMPLEX .1,,,41.860465116279066,0.19379844961240167
2002,primary_runoff,SHELBY,42,PELHAM CIVIC COMPLEX .2,,,41.860465116279066,0.19379844961240167
2002,primary_runoff,SHELBY,43,PELHAM CIVIC COMPLEX .3,,,41.860465116279066,0.19379844961240167
2002,primary_runoff,SHELBY,44,PELHAM CIVIC COMPLEX .4,,,41.860465116279066,0.19379844961240167
2002,primary_runoff,SHELBY,45,RIVERCHASE CHURCH OF CHRIST .1,,,58.16326530612245,6.63784157730889
2002,primary_runoff,SHELBY,46,RIVERCHASE CHURCH OF CHRIST .2,,,58.16326530612245,6.63784157730889
2002,primary_runoff,SHELBY,47,RIVERCHASE CHURCH OF CHRIST .3,,,58.16326530612245,6.63784157730889
2002,primary_runoff,SHELBY,48,S_ SHADES CREST BAPTIST CHURCH,VTD2000-117-5,So Shades Crest Baptist Church,98.30508474576271,20.06979062811567
2002,primary_runoff,SHELBY,49,SHELBY SCHOOL,,,85.5,37.03846153846154
2002,primary_runoff,SHELBY,50,SHOAL CREEK TOWN HALL,,,50.0,1.2195121951219505
2002,primary_runoff,SHELBY,51,SILURIA DEPOT .1,,,40.0,0.10000000000000142
2002,primary_runoff,SHELBY,52,SILURIA DEPOT .2,,,40.0,0.10000000000000142
2002,primary_runoff,SHELBY,53,SPRING CREEK WATER AUTHORITY,VTD2000-117-2,Spring Creek Water Authority,100.0,55.29411764705882
2002,primary_runoff,SHELBY,54,ST_ THOMAS CATHOLIC CHURCH,VTD2000-117-21,St Thomas Apostle Catholic Church,95.0,36.37931034482758
2002,primary_runoff,SHELBY,55,THE CHURCH AT BROOKHILLS .1,VTD2000-117-13,Church At Brookhills,95.0,41.30434782608695
2002,primary_runoff,SHELBY,56,THE CHURCH AT BROOKHILLS .2,VTD2000-117-13,Church At Brookhills,95.0,41.30434782608695
2002,primary_runoff,SHELBY,57,UNIVERSITY BAPTIST-MONTEVALLO,VTD2000-117-4,Montevallo,90.0,36.93877551020409
2002,primary_runoff,SHELBY,58,VALLEYDALE BAPTIST CHURCH .1,,,78.23529411764704,13.357245337159242
2002,primary_runoff,SHELBY,59,VALLEYDALE BAPTIST CHURCH .2,,,78.23529411764704,13.357245337159242
2002,primary_runoff,SHELBY,60,VALLEYDALE BAPTIST CHURCH .3,,,78.23529411764704,13.357245337159242
2002,primary_runoff,SHELBY,61,VANDIVER VOLUNTEER FIRE DEPT,,,57.96610169491525,15.216101694915253
2002,primary_runoff,SHELBY,62,VINCENT CITY HALL,VTD2000-117-16,Vincent City Hall,100.0,45.945945945945944
2002,primary_runoff,SHELBY,63,WILSONVILLE METHODIST CHURCH,VTD2000-117-9,Wilsonville,90.0,20.90909090909092
2002,primary_runoff,SHELBY,64,WILTON MUNICIPAL ANNEX BLDG_,,,79.53488372093024,23.97932816537468
2002,primary_runoff,SAINTCLAIR,1,ASHVILLE NEW TOWN HALL,,,85.5,0.0
2002,primary_runoff,SAINTCLAIR,2,BRANCHVILLE-CUMBERLAND PRESBY_,,,43.44827586206897,2.0689655172413737
2002,primary_runoff,SAINTCLAIR,3,CHANDLER MTN COMMUNITY HOUSE,,,85.5,24.556603773584904
2002,primary_runoff,SAINTCLAIR,4,COOK SPRINGS FIRE DEPARTMENT,VTD2000-115-16,Cook Springs Fire Dept,100.0,24.52830188679245
2002,primary_runoff,SAINTCLAIR,5,CROPWELL CIVIC CENTER .1,VTD2000-115-19,Cropwell Civic Center,95.45454545454545,9.954545454545453
2002,primary_runoff,SAINTCLAIR,6,CROPWELL CIVIC CENTER .2,VTD2000-115-19,Cropwell Civic Center,95.45454545454545,9.954545454545453
2002,primary_runoff,SAINTCLAIR,7,EASONVILLE COOSA VALLEY SCH .1,,,78.68852459016394,29.74913065077
2002,primary_runoff,SAINTCLAIR,8,EASONVILLE COOSA VALLEY SCH .2,,,78.68852459016394,29.74913065077
2002,primary_runoff,SAINTCLAIR,9,EDEN OLD CITY HALL,,,90.0,0.0
2002,primary_runoff,SAINTCLAIR,10,FAIRVIEW CHURCH,VTD2000-115-21,Fairview Church,100.0,14.5
2002,primary_runoff,SAINTCLAIR,11,FRIENDSHIP VOLUNTEER FIRE,,,85.5,40.79411764705882
2002,primary_runoff,SAINTCLAIR,12,GREASY COVE PLEASANT VALLEY CH,,,85.5,15.658730158730165
2002,primary_runoff,SAINTCLAIR,13,GUM SPRINGS CHURCH,,,90.0,4.5
2002,primary_runoff,SAINTCLAIR,14,MARGARET CITY HALL,VTD2000-115-25,Margaret City Hall,100.0,10.0
2002,primary_runoff,SAINTCLAIR,15,MOODY CIVIC CENTER .1,VTD2000-115-17,Moody Civic Center,95.0,9.5
2002,primary_runoff,SAINTCLAIR,16,MOODY CIVIC CENTER .2,VTD2000-115-17,Moody Civic Center,95.0,9.5
2002,primary_runoff,SAINTCLAIR,17,MOODY CIVIC CENTER .3,VTD2000-115-17,Moody Civic Center,95.0,9.5
2002,primary_runoff,SAINTCLAIR,18,NEW LONDON FIRE HALL,,,85.5,0.0
2002,primary_runoff,SAINTCLAIR,19,ODENVILLE AGING CENTER,,,85.5,25.03488372093024
2002,primary_runoff,SAINTCLAIR,20,OLDHAM CHAPEL CHURCH ED_ BLDG_,,,85.5,21.192307692307693
2002,primary_runoff,SAINTCLAIR,21,PELL CITY BRIDGE BUILDERS .1,,,85.5,0.0
2002,primary_runoff,SAINTCLAIR,22,PELL CITY BRIDGE BUILDERS .2,,,85.5,0.0
2002,primary_runoff,SAINTCLAIR,23,PINEDALE CIVIC CENTER,,,85.5,6.333333333333343
2002,primary_runoff,SAINTCLAIR,24,POPLAR SPRINGS CHURCH,,,85.5,0.0
2002,primary_runoff,SAINTCLAIR,25,PRESCOTT COMMUNITY CENTER,VTD2000-115-23,Prescott Comm Center,100.0,10.0
2002,primary_runoff,SAINTCLAIR,26,RAGLAND TOWN HALL,,,85.5,0.0
2002,primary_runoff,SAINTCLAIR,27,RIVERSIDE CITY HALL,VTD2000-115-20,Riverside City Hall,100.0,10.0
2002,primary_runoff,SAINTCLAIR,28,SHOAL CREEK,,,90.0,4.5
2002,primary_runoff,SAINTCLAIR,29,SLATE UNION CHURCH,,,85.5,0.0
2002,primary_runoff,SAINTCLAIR,30,SPRINGVILLE ARMORY .1,,,90.0,4.5
2002,primary_runoff,SAINTCLAIR,31,SPRINGVILLE ARMORY .2,,,90.0,4.5
2002,primary_runoff,SAINTCLAIR,32,STEELE COMMUNITY CENTER,VTD2000-115-6,Community Center,95.0,9.5
2002,primary_runoff,SAINTCLAIR,33,WATTSVILLE FIRE DEPARTMENT,,,71.25,1.7378048780487774
2002,primary_runoff,SAINTCLAIR,34,WHITES CHAPEL CITY HALL,VTD2000-115-26,Whites Chapel City Hall,100.0,10.0
2002,primary_runoff,SAINTCLAIR,35,WOLF CREEK FIRE DEPARTMENT,VTD2000-115-14,Wolf Creek Road Fire Dept,95.0,16.568627450980387
2002,primary_runoff,SUMTER,1,Unnamed: 4,,,36.0,2.25
2002,primary_runoff,SUMTER,2,Unnamed: 5,,,36.0,2.25
2002,primary_runoff,SUMTER,3,Unnamed: 6,,,36.0,2.25
2002,primary_runoff,SUMTER,4,Unnamed: 7,,,36.0,2.25
2002,primary_runoff,SUMTER,5,Unnamed: 8,,,36.0,2.25
2002,primary_runoff,SUMTER,6,Unnamed: 9,,,36.0,2.25
2002,primary_runoff,SUMTER,7,Unnamed: 10,,,36.0,4.2352941176470615
2002,primary_runoff,TALLADEGA,1,B_N_ MABRA CENTER .1,,,85.5,45.26470588235294
2002,primary_runoff,TALLADEGA,2,B_N_ MABRA CENTER .2,,,85.5,45.26470588235294
2002,primary_runoff,TALLADEGA,3,B_N_ MABRA CENTER .3,,,85.5,45.26470588235294
2002,primary_runoff,TALLADEGA,4,BAMA .2,,,45.0,0.0
2002,primary_runoff,TALLADEGA,5,BEMISTON RECREATION CENTER,,,52.0,2.000000000000007
2002,primary_runoff,TALLADEGA,6,CITY HALL - BON AIR,,,71.25,20.955882352941174
2002,primary_runoff,TALLADEGA,7,CITY HALL - LINCOLN,,,71.25,20.955882352941174
2002,primary_runoff,TALLADEGA,8,CITY HALL - OAK GROVE,,,71.25,18.47222222222222
2002,primary_runoff,TALLADEGA,9,COUNTY LINE VOL FIRE DEPT_,,,85.5,0.0
2002,primary_runoff,TALLADEGA,10,EASTABOGA CLUB HOUSE,,,72.22222222222221,31.722222222222214
2002,primary_runoff,TALLADEGA,11,FIRE DEPTARTMENT FAYETTEVILLE,,,85.5,0.0
2002,primary_runoff,TALLADEGA,12,FIRE STATION - STEMLEY,,,85.5,38.0
2002,primary_runoff,TALLADEGA,13,GABLES CORNER - TALLADEGA,,,85.5,29.20370370370371
2002,primary_runoff,TALLADEGA,14,IRONATON - FIRE HALL,,,85.5,5.822580645161295
2002,primary_runoff,TALLADEGA,15,J_ CRAIG SMITH CMNTY CNTR .1,,,57.96610169491525,17.54791987673343
2002,primary_runoff,TALLADEGA,16,J_ CRAIG SMITH CMNTY CNTR .2,,,57.96610169491525,17.54791987673343
2002,primary_runoff,TALLADEGA,17,J_ CRAIG SMITH CMNTY CNTR .3,,,57.96610169491525,17.54791987673343
2002,primary_runoff,TALLADEGA,18,J_ CRAIG SMITH CMNTY CNTR .4,,,57.96610169491525,17.54791987673343
2002,primary_runoff,TALLADEGA,19,MUNFORD FIRE HALL,VTD2000-121-18,Mumford Fire Hall,94.11764705882352,8.617647058823522
2002,primary_runoff,TALLADEGA,20,NATIONAL GUARD ARMORY .1,VTD2000-121-5,Talladega National Guard Armory,90.68181818181817,43.8733075435203
2002,primary_runoff,TALLADEGA,21,NATIONAL GUARD ARMORY .2,VTD2000-121-5,Talladega National Guard Armory,90.68181818181817,43.8733075435203
2002,primary_runoff,TALLADEGA,22,NATIONAL GUARD ARMORY .3,VTD2000-121-5,Talladega National Guard Armory,90.68181818181817,43.8733075435203
2002,primary_runoff,TALLADEGA,23,NUTRITION STORE - SYCAMORE,VTD2000-121-13,Sycamore,90.0,44.166666666666664
2002,primary_runoff,TALLADEGA,24,OLD SILVER RUN SCHOOL,VTD2000-121-3,Old Silver Run School,100.0,48.18181818181818
2002,primary_runoff,TALLADEGA,25,R_S_ LIMBAUGH COMM CENTER .1,,,70.96774193548387,20.967741935483872
2002,primary_runoff,TALLADEGA,26,R_S_ LIMBAUGH COMM CENTER .2,,,70.96774193548387,20.967741935483872
2002,primary_runoff,TALLADEGA,27,RENFROE FIRE HALL,VTD2000-121-17,Renfroe Fire Hall,100.0,14.5
2002,primary_runoff,TALLADEGA,28,SPRING ST_ COMMUNITY CENTER .1,,,67.74193548387098,23.906319045514813
2002,primary_runoff,TALLADEGA,29,SPRING ST_ COMMUNITY CENTER .2,,,67.74193548387098,23.906319045514813
2002,primary_runoff,TALLADEGA,30,SPRING ST_ COMMUNITY CENTER .3,,,67.74193548387098,23.906319045514813
2002,primary_runoff,TALLADEGA,31,ST_ ANDREWS METHODIST CHURCH,,,40.909090909090914,0.9090909090909136
2002,primary_runoff,TALLADEGA,32,SULLIVAN-CURRY COMMUNITY CNTR,VTD2000-121-8,Sullivan Curry Comm Center,100.0,60.0
2002,primary_runoff,TALLADEGA,33,TALLADEGA COUNTY CENTRAL H_S_,,,85.5,0.0
2002,primary_runoff,TALLADEGA,34,VOL FIRE DEPARTMENT - LAY LAKE,,,85.5,0.0
2002,primary_runoff,TALLADEGA,35,WALDO FIRE HALL,,,85.5,0.0
2002,primary_runoff,TALLADEGA,36,WINTERBORO VOLUNTEER FIRE DEPT,,,85.5,0.0
2002,primary_runoff,TALLAPOOSA,1,A/C HOUSING AUTHORITY,,,47.5,0.3571428571428541
2002,primary_runoff,TALLAPOOSA,2,ALEX CITY FIRE STATION LK HILL,,,85.5,0.0
2002,primary_runoff,TALLAPOOSA,3,ALEX CITY NTL GUARD ARMORY .1,,,67.79661016949152,8.831092928112206
2002,primary_runoff,TALLAPOOSA,4,ALEX CITY NTL GUARD ARMORY .2,,,67.79661016949152,8.831092928112206
2002,primary_runoff,TALLAPOOSA,5,CAMP HILL CITY HALL .1,VTD2000-123-15,Camp Hill City Hall,95.0,39.18604651162791
2002,primary_runoff,TALLAPOOSA,6,CAMP HILL CITY HALL .2,VTD2000-123-15,Camp Hill City Hall,95.0,39.18604651162791
2002,primary_runoff,TALLAPOOSA,7,CHURCHHILL VOTING HOUSE,VTD2000-123-13,Churchhill Voting House,100.0,14.5
2002,primary_runoff,TALLAPOOSA,8,COWPENS VOTING HOUSE,,,90.0,4.5
2002,primary_runoff,TALLAPOOSA,9,DADEVILLE NATIONAL GUARD .1,VTD2000-123-7,Dadeville National Guard Armory,91.19999999999999,35.19999999999998
2002,primary_runoff,TALLAPOOSA,10,DADEVILLE NATIONAL GUARD .2,VTD2000-123-7,Dadeville National Guard Armory,91.19999999999999,35.19999999999998
2002,primary_runoff,TALLAPOOSA,11,DAVISTON COMMUNITY CENTER,VTD2000-123-17,Daviston Comm Center,100.0,14.5
2002,primary_runoff,TALLAPOOSA,12,DUDLEYVILLE VOTING HOUSE,VTD2000-123-16,Dudleyville Voting House,100.0,14.5
2002,primary_runoff,TALLAPOOSA,13,EAGLE CREEK VOTING HOUSE,,,90.0,4.5
2002,primary_runoff,TALLAPOOSA,14,HACKNEYVILLE VFD,,,85.5,0.0
2002,primary_runoff,TALLAPOOSA,15,HILLABEE ROAD VOTING HOUSE,VTD2000-123-3,Hillabee Rd Voting House,96.0,10.5
2002,primary_runoff,TALLAPOOSA,16,JACKSONS GAP VFD,,,85.5,28.0
2002,primary_runoff,TALLAPOOSA,17,LAUREL COOPER CENTER .1,,,85.5,0.0
2002,primary_runoff,TALLAPOOSA,18,LAUREL COOPER CENTER .2,,,85.5,0.0
2002,primary_runoff,TALLAPOOSA,19,MANOY VOTING HOUSE,VTD2000-123-8,Manoy Voting House,100.0,14.5
2002,primary_runoff,TALLAPOOSA,20,MARYS CROSS ROADS VOTING HOUSE,,,85.5,0.0
2002,primary_runoff,TALLAPOOSA,21,NEW SITE TOWN HALL,,,60.67741935483871,12.028770706190059
2002,primary_runoff,TALLAPOOSA,22,OURTOWN FIRE STATION,,,85.5,0.0
2002,primary_runoff,TALLAPOOSA,23,PACES PT FIRE STATION,VTD2000-123-9,Pace's Pt Fire Station,97.67441860465115,12.174418604651152
2002,primary_runoff,TALLAPOOSA,24,REELTOWN FIRE DEPARTMENT,,,90.0,4.5
2002,primary_runoff,TALLAPOOSA,25,TALLASSEE COMMUNITY LIBRARY,,,85.5,0.0
2002,primary_runoff,TALLAPOOSA,26,TAPLEYS APPLIANCE CENTER,,,85.5,0.0
2002,primary_runoff,TALLAPOOSA,27,UNION COMMUNITY BUILDING,VTD2000-123-10,Union Comm Bldg,100.0,14.5
2002,primary_runoff,TALLAPOOSA,28,WALL STREET COMMUNITY CENTER,,,75.47169811320755,5.906480721903208
2002,primary_runoff,TALLAPOOSA,29,WALNUT HILL WATER AUTHORITY,,,87.29729729729729,37.73207990599295
2002,primary_runoff,TUSCALOOSA,1,Unnamed: 4,,,45.6,3.2470588235294144
2002,primary_runoff,TUSCALOOSA,2,Unnamed: 5,,,45.6,3.2470588235294144
2002,primary_runoff,TUSCALOOSA,3,Unnamed: 6,,,45.6,3.2470588235294144
2002,primary_runoff,TUSCALOOSA,4,Unnamed: 7,,,45.6,3.2470588235294144
2002,primary_runoff,TUSCALOOSA,5,Unnamed: 8,,,45.6,3.2470588235294144
2002,primary_runoff,TUSCALOOSA,6,Unnamed: 9,,,45.6,3.2470588235294144
2002,primary_runoff,TUSCALOOSA,7,Unnamed: 10,,,42.75,2.75
2002,primary_runoff,WALKER,1,Unnamed: 4,,,50.0,4.399999999999999
2002,primary_runoff,WALKER,2,Unnamed: 5,,,50.0,4.399999999999999
2002,primary_runoff,WALKER,3,Unnamed: 6,,,50.0,4.399999999999999
2002,primary_runoff,WALKER,4,Unnamed: 7,,,50.0,4.399999999999999
2002,primary_runoff,WALKER,5,Unnamed: 8,,,50.0,4.399999999999999
2002,primary_runoff,WALKER,6,Unnamed: 9,,,50.0,4.399999999999999
2002,primary_runoff,WALKER,7,Unnamed: 10,,,45.0,2.25
2002,primary_runoff,WALKER,8,Unnamed: 11,,,45.0,2.25
2002,primary_runoff,WALKER,9,Unnamed: 12,,,45.0,2.25
2002,primary_runoff,WASHINGTON,1,BIGBEE,VTD2000-129-3,Frankville Fire House-Bigbee,90.0,29.999999999999993
2002,primary_runoff,WASHINGTON,2,CALVERT,VTD2000-129-13,Malcolm-Calvert,90.0,38.57142857142858
2002,primary_runoff,WASHINGTON,3,CHARITY CHAPEL,VTD2000-129-10,Deer Park-Charity Chapel,90.0,22.941176470588232
2002,primary_runoff,WASHINGTON,4,CHATOM .1 COURTHOUSE,VTD2000-129-17,Chatom,90.0,34.99999999999999
2002,primary_runoff,WASHINGTON,5,CHATOM .2 COURTHOUSE,VTD2000-129-17,Chatom,90.0,34.99999999999999
2002,primary_runoff,WASHINGTON,6,COPELAND VFD,,,85.5,0.0
2002,primary_runoff,WASHINGTON,7,DEER PARK VFD,,,85.5,33.68181818181818
2002,primary_runoff,WASHINGTON,8,EPWORTH VFD,,,90.0,4.5
2002,primary_runoff,WASHINGTON,9,FAIRFORD VFD,,,90.0,4.5
2002,primary_runoff,WASHINGTON,10,FRANKVILLE VFD,,,85.5,19.220930232558146
2002,primary_runoff,WASHINGTON,11,FRUITDALE VFD,,,85.5,27.673913043478265
2002,primary_runoff,WASHINGTON,12,HOBSON VFD,,,85.5,0.0
2002,primary_runoff,WASHINGTON,13,JORDAN,,,54.0,0.0
2002,primary_runoff,WASHINGTON,14,KOENTON,VTD2000-129-4,Koenton-Loper,90.0,38.699999999999996
2002,primary_runoff,WASHINGTON,15,LATON HILL,VTD2000-129-2,Laton Hill Fire House,90.0,36.0
2002,primary_runoff,WASHINGTON,16,LEROY - CARSON,,,51.85185185185186,5.215488215488229
2002,primary_runoff,WASHINGTON,17,LOPER,VTD2000-129-4,Koenton-Loper,90.0,18.0
2002,primary_runoff,WASHINGTON,18,MALCOLM,VTD2000-129-13,Malcolm-Calvert,90.0,40.909090909090914
2002,primary_runoff,WASHINGTON,19,MCINTOSH .1,VTD2000-129-14,McIntosh,95.0,50.0
2002,primary_runoff,WASHINGTON,20,MCINTOSH .2,VTD2000-129-14,McIntosh,95.0,50.0
2002,primary_runoff,WASHINGTON,21,MCINTOSH .3,VTD2000-129-14,McIntosh,95.0,50.0
2002,primary_runoff,WASHINGTON,22,MILLRY .1 VFD,,,85.5,0.0
2002,primary_runoff,WASHINGTON,23,MILLRY .2 CITY HALL,,,54.54545454545454,2.164502164502153
2002,primary_runoff,WASHINGTON,24,RED CREEK VFD,,,85.5,0.0
2002,primary_runoff,WASHINGTON,25,SEABOARD,VTD2000-129-8,Tibbie-Seaboard,90.0,40.0
2002,primary_runoff,WASHINGTON,26,SIMS CHAPEL,VTD2000-129-11,Sims Chapel,100.0,14.5
2002,primary_runoff,WASHINGTON,27,ST_ STEPHENS,VTD2000-129-1,St Stephens-Hobson,90.0,42.0
2002,primary_runoff,WASHINGTON,28,SUNFLOWER,VTD2000-129-15,Sunflower-Wagarville,90.0,44.54545454545454
2002,primary_runoff,WASHINGTON,29,TIBBIE VFD,,,85.5,0.0
2002,primary_runoff,WASHINGTON,30,WAGARVILLE VFD,,,85.5,0.0
2002,primary_runoff,WASHINGTON,31,YELLOW PINE,VTD2000-129-7,Yellow Pine-Fruitdale Fire House,90.0,43.36363636363637
2002,primary_runoff,WILCOX,1,Unnamed: 4,,,48.857142857142854,1.357142857142854
2002,primary_runoff,WILCOX,2,Unnamed: 5,,,48.857142857142854,1.357142857142854
2002,primary_runoff,WILCOX,3,Unnamed: 6,,,48.857142857142854,1.357142857142854
2002,primary_runoff,WILCOX,4,Unnamed: 7,,,48.857142857142854,1.357142857142854
2002,primary_runoff,WILCOX,5,Unnamed: 8,,,48.857142857142854,1.357142857142854
2002,primary_runoff,WILCOX,6,Unnamed: 9,,,85.5,36.642857142857146
2002,primary_runoff,WILCOX,7,Unnamed: 10,,,48.857142857142854,3.857142857142854
2002,primary_runoff,WILCOX,8,Unnamed: 11,,,85.5,36.642857142857146
2002,primary_runoff,WILCOX,9,Unnamed: 12,,,48.857142857142854,3.857142857142854
2002,primary_runoff,WINSTON,1,A R C BUILDING,,,45.0,0.39130434782608603
2002,primary_runoff,WINSTON,2,ADDISON COMMUNITY CENTER,VTD2000-133-7,Addison Community Center,100.0,24.0
2002,primary_runoff,WINSTON,3,ARLEY FIRE STATION & BETHEL BX,,,85.5,0.0
2002,primary_runoff,WINSTON,4,ASHRIDGE FIRE STATION,,,75.55555555555556,2.384823848238483
2002,primary_runoff,WINSTON,5,DELMAR,VTD2000-133-10,Delmar-Natural Bridges,90.0,27.818181818181813
2002,primary_runoff,WINSTON,6,DOUBLE SPRINGS COMM CENTER .1,VTD2000-133-1,Double Springs Community Center,96.875,20.875
2002,primary_runoff,WINSTON,7,DOUBLE SPRINGS COMM CENTER .2,VTD2000-133-1,Double Springs Community Center,96.875,20.875
2002,primary_runoff,WINSTON,8,HALEYVILLE CITY HALL,VTD2000-133-2,Haleyville-City Hall-VFW-National Guard Arm,90.0,37.05882352941176
2002,primary_runoff,WINSTON,9,HALEYVILLE HOUSING AUTHORITY,,,85.5,40.79411764705882
2002,primary_runoff,WINSTON,10,HELICAN FIRE STATION,VTD2000-133-9,Helicon Fire Station,95.0,37.55813953488372
2002,primary_runoff,WINSTON,11,HOUSTON FIRE STATION,,,80.0,5.581395348837205
2002,primary_runoff,WINSTON,12,LYNN CITY HALL,,,85.5,6.928571428571431
2002,primary_runoff,WINSTON,13,MORELAND FIRE STATION,,,78.04878048780488,17.24878048780488
2002,primary_runoff,WINSTON,14,NATURAL BRIDGE,VTD2000-133-10,Delmar-Natural Bridges,90.0,38.57142857142858
2002,primary_runoff,WINSTON,15,NEEDMORE / HOME ZONE,,,45.714285714285715,7.10138248847926
2002,primary_runoff,WINSTON,16,NEIGHBORHOOD FCLTY_ BUILDING,,,37.05882352941176,0.32412965186074416
2002,primary_runoff,WINSTON,17,NESMITH COMMUNITY CENTER,,,76.0,0.0
2002,primary_runoff,WINSTON,18,O MARYS MILL,,,45.0,0.0
2002,primary_runoff,WINSTON,19,PEBBLE FIRE HOUSE,,,48.64864864864865,1.2802275960170704
2002,primary_runoff,WINSTON,20,POPLAR SPRINGS/SPORTSMANS CLUB,,,72.72727272727273,20.26825633383011
2002,primary_runoff,WINSTON,21,S_HALEYVILLE SCOUT HEADQUARTER,,,54.794520547945204,7.735697018533443
2002,primary_runoff,WINSTON,22,UPSHAW FRIENDSHIP CHURCH,,,38.297872340425535,0.7978723404255348
2002,primary_runoff,AUTAUGA,1,AUTAUGA COUNTY COURTHOUSE,VTD2000-001-13,Autauga County Court House,98.0392156862745,27.450980392156865
2002,primary_runoff,AUTAUGA,2,AUTAUGA COUNTY VOTING SITE,VTD2000-001-12,Autuaga County Voting Site,96.15384615384616,16.843501326259954
2002,primary_runoff,AUTAUGA,3,AUTAUGAVILLE VOL_ FIRE DEPT_,,,85.5,0.0
2002,primary_runoff,AUTAUGA,4,BILLINGSLEY GOVERNMENT BLDG_,,,77.41935483870968,36.67861409796893
2002,primary_runoff,AUTAUGA,5,BOOTH POST OFFICE,VTD2000-001-9,Booth Post Office,100.0,57.64705882352941
2002,primary_runoff,AUTAUGA,6,CAMELLIA BAPTIST CHURCH,VTD2000-001-17,Camelia Baptist Church,97.77777777777777,19.346405228758158
2002,primary_runoff,AUTAUGA,7,EAST MEMORIAL BAPTIST CHURCH,VTD2000-001-2,East Memorial Baptist Church,100.0,20.0
2002,primary_runoff,AUTAUGA,8,HAYNES COMMUNITY CENTER,VTD2000-001-4,Haynes Community Center,100.0,11.111111111111114
2002,primary_runoff,AUTAUGA,9,INDEPENDENCE VOTING SITE,VTD2000-001-8,Independence Voting House,89.79591836734694,30.081632653061234
2002,primary_runoff,AUTAUGA,10,JONES COMMUNITY CENTER,VTD2000-001-1,Jones Community Center,100.0,11.111111111111114
2002,primary_runoff,AUTAUGA,11,MARBURY COMMUNITY CENTER,VTD2000-001-6,Marbury Community Center,100.0,19.148936170212764
2002,primary_runoff,AUTAUGA,12,MULBERRY STATESVILLE COMM_,VTD2000-001-11,Mulberry-Statesville,90.0,32.64150943396226
2002,primary_runoff,AUTAUGA,13,NATIONAL GUARD ARMORY .1,VTD2000-001-16,National Guard Armory,95.45454545454545,50.54545454545454
2002,primary_runoff,AUTAUGA,14,NATIONAL GUARD ARMORY .2,VTD2000-001-16,National Guard Armory,95.45454545454545,50.54545454545454
2002,primary_runoff,AUTAUGA,15,OLD KINGSTON VOTING SITE,VTD2000-001-18,Old Kingston Vote Site,91.30434782608697,31.304347826086968
2002,primary_runoff,AUTAUGA,16,PINE LEVEL COMMUNITY CENTER,,,80.0,2.051282051282058
2002,primary_runoff,AUTAUGA,17,PRATTMONT BAPTIST CHURCH,VTD2000-001-15,Prattmont Baptist Church,100.0,26.08695652173914
2002,primary_runoff,AUTAUGA,18,TRINITY UNITED METHODIST .1,,,42.653061224489804,0.34536891679749004
2002,primary_runoff,AUTAUGA,19,TRINITY UNITED METHODIST .2,,,42.653061224489804,0.34536891679749004
2002,primary_runoff,AUTAUGA,20,UPPER KINGSTON COMMUNITY CNTR,,,80.0,2.051282051282058
2002,primary_runoff,AUTAUGA,21,WHITE CITY FIRE,,,90.0,4.5
2002,primary_runoff,BALDWIN,1,Unnamed: 4,,,47.5,0.0
2002,primary_runoff,BALDWIN,2,Secretary of State,,,46.285714285714285,1.2857142857142847
2002,primary_runoff,BALDWIN,3,Unnamed: 6,,,47.5,0.0
2002,primary_runoff,BALDWIN,4,State Treasurer,,,54.0,0.9310344827586192
2002,primary_runoff,BALDWIN,5,Unnamed: 8,,,47.5,0.0
2002,primary_runoff,BALDWIN,6,State Auditor,,,54.0,2.5714285714285765
2002,primary_runoff,BALDWIN,7,Unnamed: 10,,,45.0,2.25
2002,primary_runoff,BALDWIN,8,Unnamed: 11,,,45.0,2.25
2002,primary_runoff,BARBOUR,1,BAKERHILL VOLUNTEER FIRE,VTD2000-005-4,Bakerhill,90.0,40.12500000000001
2002,primary_runoff,BARBOUR,2,BAKERS STORE,,,59.25925925925925,3.3769063180827885
2002,primary_runoff,BARBOUR,3,BEVILL CENTER,,,45.45454545454546,1.9762845849802417
2002,primary_runoff,BARBOUR,4,BLUE SPRINGS CITY HALL,VTD2000-005-10,Blue Springs,90.0,27.0
2002,primary_runoff,BARBOUR,5,CLAYTON COURTHOUSE,VTD2000-005-7,Clayton,90.0,29.999999999999993
2002,primary_runoff,BARBOUR,6,CLIO CITY HALL,VTD2000-005-2,Clio,90.0,40.909090909090914
2002,primary_runoff,BARBOUR,7,COGGINS STORE VOTING HOUSE,,,86.66666666666667,1.1666666666666714
2002,primary_runoff,BARBOUR,8,COWIKEE VOLUNTEER FIRE,,,60.00000000000001,10.125000000000014
2002,primary_runoff,BARBOUR,9,ELAMVILLE VOLUNTEER FIRE,,,56.84210526315789,2.8421052631578902
2002,primary_runoff,BARBOUR,10,EUFAULA WATER BOARD,VTD2000-005-5,Eufaula,90.0,50.53846153846154
2002,primary_runoff,BARBOUR,11,FELLOWSHIP BAPTIST CHURCH,,,45.0,3.46153846153846
2002,primary_runoff,BARBOUR,12,GREENS CROSSROADS,,,48.857142857142854,5.953917050691238
2002,primary_runoff,BARBOUR,13,JOHNNY BOYDS STORE,,,62.5,1.893939393939391
2002,primary_runoff,BARBOUR,14,JUNIOR TURNER STORE,,,49.99999999999999,2.499999999999993
2002,primary_runoff,BARBOUR,15,LOUISVILLE CITY HALL,VTD2000-005-9,Louisville,90.0,29.999999999999993
2002,primary_runoff,BARBOUR,16,MCCOO SCHOOL,,,45.0,6.53846153846154
2002,primary_runoff,BARBOUR,17,MT_ ANDREW RECREATION CENTER,VTD2000-005-8,Mt. Andrew,90.0,33.0
2002,primary_runoff,BARBOUR,18,NEW ARMORY,,,43.18181818181819,3.181818181818187
2002,primary_runoff,BARBOUR,19,RICHARDS CABINET SHOP,,,45.0,2.25
2002,primary_runoff,BARBOUR,20,SANFORD GYM,,,38.0,1.461538461538467
2002,primary_runoff,BARBOUR,21,SPRINGHILL VOLUNTEER FIRE,VTD2000-005-6,Springhill,90.0,29.999999999999993
2002,primary_runoff,BARBOUR,22,SUTTONS RESTAURANT,,,51.42857142857142,4.79220779220779
2002,primary_runoff,BARBOUR,23,WHITE OAK METHODIST CHURCH,,,40.23529411764706,2.235294117647058
