{
"type": "FeatureCollection",
"name": "alabama_counties",
"crs": { "type": "name", "properties": { "name": "urn:ogc:def:crs:EPSG::5070" } },
"features": [
{ "type": "Feature", "properties": { "county_fips": "001" }, "geometry": { "type": "Polygon", "coordinates": [ [ [ 891400.328491195454262, 1081823.144295444246382 ], [ 891033.271351888542995, 1081506.80336778331548 ], [ 891202.73351248470135, 1078684.563086954876781 ], [ 890063.80811511084903, 1077049.292674938915297 ], [ 889138.987324655638076, 1077222.13179374486208 ], [ 888587.250357980490662, 1076811.981504707830027 ], [ 888854.712596779107116, 1074848.765787072712556 ], [ 885116.800934571423568, 1073663.820944425649941 ], [ 884419.433522361214273, 1074313.993744557956234 ], [ 883910.374140542233363, 1076315.411976200761274 ], [ 883347.508014663588256, 1076900.672245680354536 ], [ 882320.820651982212439, 1076774.86220835079439 ], [ 880357.638448672718368, 1077344.302212106063962 ], [ 879451.094022036530077, 1075715.343941678060219 ], [ 879015.873987946892157, 1075584.733261361718178 ], [ 877056.631676280754618, 1076838.027984007960185 ], [ 876918.559529039193876, 1079548.89833493414335 ], [ 876239.725196424638852, 1080365.658121680375189 ], [ 873366.915816331864335, 1079279.795246151043102 ], [ 873239.6467745390255, 1076671.407397378236055 ], [ 870885.293546589673497, 1073890.64998708316125 ], [ 867932.520401370013133, 1074664.052369061857462 ], [ 867277.608046393492259, 1075972.159467922057956 ], [ 867227.00211092736572, 1078896.698994335718453 ], [ 866839.931679972913116, 1079253.680783218471333 ], [ 866263.48051608109381, 1079161.946409004507586 ], [ 864441.011925121536478, 1077286.900837496155873 ], [ 861603.845380690065213, 1077598.505174699937925 ], [ 861296.722309388918802, 1077106.195321667008102 ], [ 861507.491611991310492, 1074865.62251328327693 ], [ 862670.590021927957423, 1071667.723520984407514 ], [ 860676.640578219550662, 1067878.809576151194051 ], [ 858998.894561948836781, 1067865.86678554257378 ], [ 858556.292743911966681, 1068387.119114897912368 ], [ 858299.852846599300392, 1070404.420068546431139 ], [ 859254.933101625647396, 1071870.326792930020019 ], [ 859334.897435021121055, 1072869.926219509216025 ], [ 858410.291242558625527, 1074624.512031642487273 ], [ 857220.774853738723323, 1075404.804071701830253 ], [ 855602.018073068349622, 1077428.76692334190011 ], [ 855128.08963903458789, 1078664.643794531933963 ], [ 855269.867405977100134, 1079500.77243373519741 ], [ 856692.176820273394696, 1080050.806489527225494 ], [ 856992.842366215307266, 1080525.315494050038978 ], [ 854472.389325385680422, 1081805.032068367581815 ], [ 852917.274203895474784, 1081595.940085818758234 ], [ 853404.85659151582513, 1083080.186071258038282 ], [ 852906.600618946948089, 1083897.167131066089496 ], [ 852413.905584114836529, 1083867.819187617395073 ], [ 852360.035766000044532, 1084963.817940609995276 ], [ 850720.991095985285938, 1086361.454176501370966 ], [ 851234.948601526673883, 1086941.920124575728551 ], [ 850704.948179901693948, 1087349.996516394661739 ], [ 850853.247508706175722, 1087888.219285319792107 ], [ 849994.969092790270224, 1088615.84547718660906 ], [ 849878.306069766986184, 1089759.874659884721041 ], [ 848470.534995322697796, 1091550.09569847327657 ], [ 848587.512724933330901, 1092164.398929874878377 ], [ 848129.327304689446464, 1092246.000416213879362 ], [ 848429.456974552595057, 1092683.621771747712046 ], [ 848064.613669157610275, 1092973.047912956681103 ], [ 848134.055946245207451, 1094161.571710353717208 ], [ 848579.943605751846917, 1094531.311997989658266 ], [ 848444.887924922630191, 1096810.324613814242184 ], [ 847700.396318568498828, 1097998.966456919675693 ], [ 847439.549728560494259, 1100153.74697477533482 ], [ 846833.910427356255241, 1100505.273416359210387 ], [ 846726.866742947371677, 1102574.944725011475384 ], [ 845865.130313661298715, 1103999.498547767521814 ], [ 846347.671686741057783, 1104516.381124367471784 ], [ 845513.168222657288425, 1105384.00858950894326 ], [ 845721.646958587574773, 1106221.757677726447582 ], [ 855188.139076505322009, 1106724.603203944629058 ], [ 864748.932943573221564, 1107837.621264101238921 ], [ 864193.589138885727152, 1112710.510528414044529 ], [ 892103.51086606294848, 1115680.651682975003496 ], [ 895625.241713716648519, 1082694.864857244072482 ], [ 894415.449171698885038, 1081731.980632561957464 ], [ 892971.254328126786277, 1081314.796286900527775 ], [ 891400.328491195454262, 1081823.144295444246382 ] ] ] } },
{ "type": "Feature", "properties": { "county_fips": "003" }, "geometry": { "type": "Polygon", "coordinates": [ [ [ 764545.650064808665775, 827859.368750822613947 ], [ 765113.154470241279341, 860563.600114517263137 ], [ 765947.004450239590369, 862156.711501927813515 ], [ 765361.479521352448501, 872412.105437137070112 ], [ 764658.008213527617045, 876056.740746380877681 ], [ 762931.472759668016806, 877211.266747847432271 ], [ 763491.863065697369166, 878780.47775979526341 ], [ 763414.025489085470326, 879772.477970035164617 ], [ 762263.549785471288487, 881043.813475514412858 ], [ 761907.439347900100984, 883361.498210620717146 ], [ 760611.954400951275602, 884972.790701529709622 ], [ 761089.775569487712346, 886265.650996921118349 ], [ 760807.208484570495784, 887346.089238128741272 ], [ 761490.077409287681803, 888384.780072110588662 ], [ 763486.36215950618498, 889442.580654150457121 ], [ 763600.542185375001281, 891514.162892246618867 ], [ 765964.607882524724118, 892922.466128979343921 ], [ 767088.73253607773222, 893094.919209477608092 ], [ 767700.220193126355298, 893792.3872978099389 ], [ 767598.270376403001137, 894858.147179786465131 ], [ 766966.203037679661065, 895732.518477623118088 ], [ 765910.006331139011309, 896629.20666138548404 ], [ 763910.816706391517073, 897356.502273415331729 ], [ 763219.737597109982744, 898783.577795572113246 ], [ 764052.03289713000413, 900785.280846100184135 ], [ 765829.740701703121886, 902744.916558788041584 ], [ 766034.728419181075878, 904558.444384998176247 ], [ 768627.83521740429569, 906062.721969102043658 ], [ 768117.493259604438208, 907130.31970916246064 ], [ 766904.660275702946819, 907656.550081290653907 ], [ 766281.27946481318213, 908969.770119951688685 ], [ 764416.374534708098508, 909217.864223647979088 ], [ 765022.811584523995407, 911723.861888756742701 ], [ 764728.003295369911939, 913188.351163583109155 ], [ 764073.666372440638952, 913697.942845167592168 ], [ 765063.607122156885453, 914261.039380394970067 ], [ 765311.506792913773097, 914947.842774048098363 ], [ 764507.042187173152342, 916484.792636012192816 ], [ 765805.84012911200989, 917979.226817574701272 ], [ 765816.63667760847602, 919562.251510744565167 ], [ 765246.00729657150805, 920387.321317032328807 ], [ 763503.999253977439366, 920425.028333980008028 ], [ 762185.295122890733182, 922369.224717942299321 ], [ 764817.671113206888549, 926611.339986042352393 ], [ 765158.429913371684961, 929151.610130264074542 ], [ 764740.236805748194456, 929549.233708775718696 ], [ 763578.865349453873932, 929068.36346542602405 ], [ 762617.408629294950515, 929210.119993244647048 ], [ 761735.539588243234903, 930459.482288825209253 ], [ 761999.927002889453433, 930805.962710752035491 ], [ 763163.440508886473253, 930612.846838664845563 ], [ 764842.344064792618155, 931050.025597644620575 ], [ 764219.186059727333486, 932266.376501765451394 ], [ 764062.01683787687216, 934319.759828549576923 ], [ 766105.237826938857324, 933733.54039222933352 ], [ 767183.983578300219961, 933893.811901252483949 ], [ 767034.492965574841946, 934325.33119803480804 ], [ 767413.281741349375807, 934396.608521083020605 ], [ 767822.076336674042977, 935335.794006918789819 ], [ 768504.133608470787294, 935191.951144268969074 ], [ 769427.785482860053889, 936104.454976905020885 ], [ 770627.325710876262747, 935489.194842823548242 ], [ 770893.082364161033183, 936104.43940710881725 ], [ 770573.939483523368835, 937228.987872136873193 ], [ 771114.914313618442975, 937471.446018933434971 ], [ 772150.728214389644563, 936317.299676284426823 ], [ 773120.996189386816695, 936565.033045380143449 ], [ 773044.711610840284266, 937169.612913924036548 ], [ 772046.648284185444936, 937850.216453917557374 ], [ 771538.31367721920833, 939220.164073969237506 ], [ 772350.837142072850838, 939974.802999232430011 ], [ 773712.923380776774138, 938771.776983744814061 ], [ 774214.07115838828031, 939297.892489407444373 ], [ 773282.787711570039392, 940133.766592846484855 ], [ 773852.602345737162977, 941346.659400475677103 ], [ 773225.486702683381736, 942144.201770766987465 ], [ 772403.262373166391626, 941819.436916413949803 ], [ 772338.119122068397701, 942345.742757568368688 ], [ 773473.434995601186529, 942153.366118471021764 ], [ 774037.470340539002791, 942482.236761358333752 ], [ 774829.568262753775343, 944881.590782038867474 ], [ 777237.341124451137148, 944004.344062124378979 ], [ 778644.189103635842912, 945044.651175079401582 ], [ 775996.977334851049818, 948040.104341078898869 ], [ 776135.433654829394072, 949355.057300817919895 ], [ 776815.636906245956197, 949243.543693442945369 ], [ 777535.534329308313318, 947486.167693468974903 ], [ 779654.971621726290323, 946913.974481334676966 ], [ 780680.628077149856836, 947656.127812837483361 ], [ 781664.181950646801852, 947448.144168456783518 ], [ 782147.51512075017672, 948021.441635204479098 ], [ 784062.28138386295177, 948038.28333278070204 ], [ 784631.370532870292664, 948418.27551008190494 ], [ 785907.495906323427334, 947544.79244792019017 ], [ 786340.501727847848088, 946548.489981192862615 ], [ 787412.125618834514171, 946384.01213653862942 ], [ 788957.484512129682116, 944182.487277173902839 ], [ 790364.174556776648387, 943299.980813044239767 ], [ 791917.000685525476001, 943010.698519950965419 ], [ 792463.078967901412398, 942523.714955560863018 ], [ 794851.827325441641733, 942743.509669169317931 ], [ 797317.087775783846155, 915368.550192544003949 ], [ 798890.79464058065787, 915518.389161551487632 ], [ 800184.110410558758304, 911879.981460139038973 ], [ 798327.371956313960254, 905050.908657715772279 ], [ 797687.842128846445121, 904278.764283262309618 ], [ 797934.835025037988089, 903148.821066810982302 ], [ 797164.175638216431253, 902301.766761923092417 ], [ 796773.169120153761469, 900613.72292232781183 ], [ 797683.24463717918843, 899782.012306953314692 ], [ 797685.113818680983968, 898709.406659915810451 ], [ 798699.640061145299114, 897962.256647457834333 ], [ 798933.190258797490969, 897300.114643620909192 ], [ 799999.4061486243736, 897083.004672087496147 ], [ 800506.782109300373122, 895910.247120206942782 ], [ 802553.23396833287552, 895018.653872935450636 ], [ 803401.412556484923698, 893900.679537339136004 ], [ 806109.212618154590018, 891819.438186895684339 ], [ 806123.144798159366474, 891002.331006183405407 ], [ 807187.475889164605178, 889884.933118275483139 ], [ 807959.167037377250381, 887695.209322013775818 ], [ 809879.266209178371355, 886969.236241342150606 ], [ 810821.445704867248423, 885755.529735147603787 ], [ 812830.468839848530479, 885459.164969011675566 ], [ 813091.218235461506993, 884656.609541388694197 ], [ 813490.691642116638832, 884632.272777908714488 ], [ 813468.30488291895017, 884204.87901461776346 ], [ 814041.51627355068922, 884231.120101981447078 ], [ 814253.270341966650449, 883713.100429612444714 ], [ 815249.924255809281021, 883377.718438534880988 ], [ 816028.34887850866653, 883733.803733722888865 ], [ 819138.415252462145872, 881734.883001948008314 ], [ 820368.733006638241932, 881468.963310558465309 ], [ 820867.030331065645441, 879542.733301840955392 ], [ 821491.920767873874865, 879306.078274965286255 ], [ 821821.107449609320611, 878305.142541730776429 ], [ 822081.128943038522266, 874831.15381826122757 ], [ 821802.744520858163014, 873816.209074845653959 ], [ 821008.083324679988436, 873238.588186965789646 ], [ 821139.206290965434164, 871335.485713411588222 ], [ 820841.597690483205952, 870194.518217170145363 ], [ 820274.098460694076493, 869743.490101610426791 ], [ 820410.634381369221956, 868876.737628178438172 ], [ 819720.595387365203351, 868597.516376260085963 ], [ 819577.684580530738458, 867844.946507092914544 ], [ 818921.357246017549187, 867311.81993208755739 ], [ 818945.259331822628155, 866581.389172744937241 ], [ 818403.565873684827238, 865928.275661604246125 ], [ 818724.132034464739263, 865158.508670204202645 ], [ 818240.805908822570927, 865247.609876881353557 ], [ 817900.438605459523387, 864673.189440103829838 ], [ 818325.114894800703041, 864414.906602488947101 ], [ 818013.18916871084366, 864166.441532594966702 ], [ 818353.51522947952617, 863335.44480778358411 ], [ 817904.380647492711432, 863412.372056329972111 ], [ 817793.608700782060623, 863308.790485455305316 ], [ 819805.303005604422651, 861687.098200223757885 ], [ 820151.425126061425544, 860625.372906793723814 ], [ 819634.599565170588903, 860489.411071170703508 ], [ 819544.363013779162429, 859678.155560991261154 ], [ 820695.545870674890466, 858120.306817488395609 ], [ 823247.482336166664027, 856723.19558096723631 ], [ 826067.91400793066714, 856518.690333636594005 ], [ 826569.63282723154407, 855424.793588153552264 ], [ 823358.940927995368838, 852205.198164915316738 ], [ 821480.356649996945634, 852001.528385082143359 ], [ 820857.228627649485134, 851543.668475535465404 ], [ 819946.822899218183011, 849788.574585606227629 ], [ 820244.811636970611289, 848622.248817495419644 ], [ 819167.012002320727333, 847008.478092389996164 ], [ 819411.186050176038407, 844621.898571470170282 ], [ 818557.902123789768666, 843396.586265815189108 ], [ 814669.12919117254205, 842166.790998434997164 ], [ 814510.137337372638285, 840490.705583010218106 ], [ 815127.296085128095001, 839843.742517382255755 ], [ 816700.245181158534251, 839828.853593643172644 ], [ 819850.994509969139472, 840814.83896228892263 ], [ 819739.754354595323093, 839589.597426726366393 ], [ 813588.193979813717306, 837219.669512986554764 ], [ 814129.772939088637941, 831204.275846720789559 ], [ 802029.039107064600103, 826753.010828447993845 ], [ 786976.250823266222142, 823006.300956228282303 ], [ 769698.214428045321256, 821586.60818804462906 ], [ 768186.573947601136751, 820960.64740502636414 ], [ 767300.785586131503806, 819397.822745119454339 ], [ 765207.089698996045627, 817718.031851449864917 ], [ 764545.650064808665775, 827859.368750822613947 ] ] ] } },
{ "type": "Feature", "properties": { "county_fips": "005" }, "geometry": { "type": "Polygon", "coordinates": [ [ [ 997061.438131424481981, 1013475.160997082246467 ], [ 997958.541323644458316, 1005025.019919270882383 ], [ 966790.751517094206065, 1001466.727776502375491 ], [ 967909.839351331000216, 1002278.88109816366341 ], [ 968561.337386972969398, 1004719.202601617784239 ], [ 969305.329724627081305, 1005855.044898577383719 ], [ 968999.016873121494427, 1009509.714327324531041 ], [ 968502.999103848240338, 1010023.286269754287787 ], [ 969694.96610501408577, 1011741.388017589226365 ], [ 969374.745673639699817, 1012205.826358714490198 ], [ 969754.878436141880229, 1013644.140150775550865 ], [ 969464.538972202921286, 1013810.6138493710896 ], [ 969521.664768376154825, 1015056.113942975876853 ], [ 970706.860257988446392, 1016932.364190406049602 ], [ 972318.673657698556781, 1018042.293928701430559 ], [ 972490.434197779512033, 1020178.585378232761286 ], [ 972850.259825558401644, 1020607.535071028862149 ], [ 971491.487562992377207, 1023111.522367304889485 ], [ 971601.155346825253218, 1024253.089752298081294 ], [ 971292.304896875983104, 1024542.863163006259128 ], [ 971702.047505172085948, 1026245.835365980863571 ], [ 970525.740489177638665, 1028497.411834873724729 ], [ 972281.14379748236388, 1031575.874097318272106 ], [ 972023.87931072851643, 1032348.869198350002989 ], [ 972707.398345665307716, 1033989.523287759860978 ], [ 972602.077165591064841, 1034956.099704895634204 ], [ 973286.455907187773846, 1035608.444257025257684 ], [ 973301.955096264835447, 1036282.769801364280283 ], [ 976065.575733896228485, 1040715.010981818661094 ], [ 976101.785384209593758, 1042026.191664855927229 ], [ 976877.288463439326733, 1043367.426794455153868 ], [ 976856.748079888755456, 1044685.108666864223778 ], [ 977305.807095417520031, 1045081.525049676303752 ], [ 981896.800388173083775, 1045666.020459253806621 ], [ 982241.685521929641254, 1045368.195127557613887 ], [ 982674.466280611930415, 1045918.365757233463228 ], [ 984286.424764629104175, 1046114.434707528562285 ], [ 984083.752606314024888, 1047701.866949936025776 ], [ 988007.574603104032576, 1048148.845808183192275 ], [ 987861.075629991479218, 1049040.520215515512973 ], [ 988616.714994402602315, 1049135.714303895365447 ], [ 988762.169920769403689, 1048255.811132078524679 ], [ 991938.028016692725942, 1048676.128794050309807 ], [ 990495.641933059319854, 1062463.422713252482936 ], [ 992117.770910291350447, 1062656.111225975910202 ], [ 992009.975209586205892, 1063451.469552352791652 ], [ 1006214.484442223561928, 1065231.877965587656945 ], [ 1006147.105026094941422, 1064135.025403472594917 ], [ 1008525.529210368636996, 1062759.983159539056942 ], [ 1007676.18921369232703, 1062613.276689921505749 ], [ 1007723.532720033894293, 1062138.503044600365683 ], [ 1008769.688841667724773, 1062303.448411920107901 ], [ 1009537.386869427515194, 1060380.585136720910668 ], [ 1010580.396690518595278, 1059646.747535921633244 ], [ 1011532.73490233765915, 1059616.68174108164385 ], [ 1011739.19335185259115, 1058967.055366615764797 ], [ 1012824.238686861936003, 1058600.415655298857018 ], [ 1013247.918253252282739, 1057875.470483711920679 ], [ 1012908.753304284880869, 1057749.255350076360628 ], [ 1013080.061522380216047, 1057162.498430682811886 ], [ 1014088.184939043130726, 1056422.144598635379225 ], [ 1020772.591704134014435, 1057265.526457122527063 ], [ 1020698.568560213316232, 1058062.588217507116497 ], [ 1021480.953646924812347, 1058172.611743914196268 ], [ 1021554.521739652263932, 1057371.906426813220605 ], [ 1026126.520798375713639, 1057957.444268999854103 ], [ 1026065.731947157531977, 1056110.908346723765135 ], [ 1026697.460287765599787, 1054983.320095743052661 ], [ 1026354.871394519344904, 1054479.652467317413539 ], [ 1027319.564058887539431, 1053456.812731828307733 ], [ 1026880.469935114611872, 1053289.459330856101587 ], [ 1026876.530186658725142, 1052173.191473855171353 ], [ 1025925.668542356230319, 1050363.231720417970791 ], [ 1025767.031554330140352, 1048786.033026590244845 ], [ 1026352.00898120412603, 1047821.79596829006914 ], [ 1026239.667803976801224, 1047236.830697553697973 ], [ 1024577.861116333282553, 1046125.346592152025551 ], [ 1025549.635078603168949, 1044106.786084676277824 ], [ 1023813.658669033320621, 1042235.664923267671838 ], [ 1023643.173573554493487, 1041330.126075123785995 ], [ 1022712.435501054744236, 1040606.226471658563241 ], [ 1023274.868318231892772, 1039919.76152630650904 ], [ 1022912.486658829147927, 1039608.930511149927042 ], [ 1023033.168005324318074, 1038725.751799952471629 ], [ 1020988.854604896274395, 1038120.716318899416365 ], [ 1021717.572663987404667, 1036645.846813285257667 ], [ 1020821.92319164017681, 1034289.418143861345015 ], [ 1021250.074434880982153, 1033037.970560416695662 ], [ 1020950.092774561489932, 1032263.559552556369454 ], [ 1022031.943521115113981, 1031020.055379 ], [ 1022409.286402690922841, 1027486.99954158521723 ], [ 1021668.309909852803685, 1025922.223343734862283 ], [ 1023361.540141104836948, 1024569.625275242724456 ], [ 1023375.725308589753695, 1024033.154681650921702 ], [ 1020609.22970661346335, 1024893.053577729850076 ], [ 1020122.524813259369694, 1024578.437752205412835 ], [ 1019749.776160274283029, 1023240.997125053778291 ], [ 1019376.566843873122707, 1023309.022818664670922 ], [ 1018881.222152424859814, 1022453.877662910963409 ], [ 1018240.980727945221588, 1022332.009927914827131 ], [ 1017742.264712897827849, 1021465.027150328969583 ], [ 1016250.405680269817822, 1020886.356826323084533 ], [ 1015921.043295768671669, 1018933.11799986648839 ], [ 1016260.599195325863548, 1017431.364550387952477 ], [ 1015725.053567073424347, 1016325.159905201988295 ], [ 996916.882249181508087, 1014678.571707705734298 ], [ 997061.438131424481981, 1013475.160997082246467 ] ] ] } },
{ "type": "Feature", "properties": { "county_fips": "007" }, "geometry": { "type": "Polygon", "coordinates": [ [ [ 816541.302909358288161, 1122675.820448448881507 ], [ 814726.622511873254552, 1122179.44074928550981 ], [ 806773.392445279285312, 1121366.964101747609675 ], [ 806302.849423340056092, 1126209.201679134275764 ], [ 796885.824977738899179, 1125282.695374371251091 ], [ 795521.327993818209507, 1139598.901061537442729 ], [ 805055.22965262120124, 1140780.822789480676875 ], [ 804804.839914836804383, 1150593.190670575946569 ], [ 807141.857781374594197, 1155193.599367231596261 ], [ 814794.815339544788003, 1155631.613105114782229 ], [ 814129.698701807647012, 1162957.549331016140059 ], [ 818099.587171552120708, 1167355.745420075487345 ], [ 818885.353677057661116, 1167427.244572085794061 ], [ 818851.11038167309016, 1167841.383515763562173 ], [ 820848.851033283048309, 1167989.533913240069523 ], [ 821031.68963082449045, 1166395.4803478482645 ], [ 822637.14326270215679, 1166544.150130407419056 ], [ 824903.324700336321257, 1169602.513429103419185 ], [ 829496.889379470143467, 1169994.606837912928313 ], [ 829987.487202777876519, 1165921.39340307819657 ], [ 830386.872143199085258, 1165965.84635893534869 ], [ 830461.221521751955152, 1161040.590810448629782 ], [ 832468.797320717480034, 1161231.084657055558637 ], [ 832505.813803635421209, 1160809.844668360194191 ], [ 835230.650768031133339, 1161035.233990253647789 ], [ 835257.450763866538182, 1160648.344615773530677 ], [ 835711.891018857946619, 1160680.544655876467004 ], [ 836369.689755165367387, 1154044.846780803287402 ], [ 838068.028259730432183, 1154227.967799109872431 ], [ 838206.301653805770911, 1152016.166425203438848 ], [ 839837.351666082278825, 1152178.365576199255884 ], [ 839995.888504642876796, 1150541.052608812460676 ], [ 841286.573144351015799, 1150694.029255739180371 ], [ 841709.575796877034009, 1149930.087835831101984 ], [ 843338.554602635558695, 1150076.780040040612221 ], [ 843422.768587256316096, 1149271.964245416224003 ], [ 845421.93400628096424, 1149477.139334513340145 ], [ 847776.616159992176108, 1125750.674770701909438 ], [ 816541.302909358288161, 1122675.820448448881507 ] ] ] } },
{ "type": "Feature", "properties": { "county_fips": "009" }, "geometry": { "type": "Polygon", "coordinates": [ [ [ 873098.329409767291509, 1238125.91216979175806 ], [ 871316.877552977297455, 1237157.272376175504178 ], [ 870609.071588152903132, 1237327.882034114096314 ], [ 869859.3576370771043, 1236254.238834246760234 ], [ 864758.277258903020993, 1235753.828908318420872 ], [ 865138.927879959228449, 1231675.461200417019427 ], [ 860084.505242051673122, 1231219.07556783570908 ], [ 859475.936709468369372, 1231570.719280073419213 ], [ 859532.429320435039699, 1231176.737810159334913 ], [ 858729.169242780655622, 1231105.366261934861541 ], [ 858877.557450500433333, 1231918.917983185034245 ], [ 847724.195135592482984, 1238414.027445082785562 ], [ 836282.540003704838455, 1237599.64314258703962 ], [ 831769.896480523399077, 1234031.984564007725567 ], [ 830203.014581409515813, 1233880.77724317763932 ], [ 829830.407580132945441, 1237163.630522595718503 ], [ 829038.782652064575814, 1237088.424756261287257 ], [ 828860.687648188672028, 1238570.567938634660095 ], [ 829225.609658100758679, 1238652.187133284285665 ], [ 828843.229486136930063, 1239634.899394287262112 ], [ 830249.693769712466747, 1239096.696636056294665 ], [ 829778.215981201617979, 1240151.350576735334471 ], [ 830714.073197320918553, 1239683.011004763422534 ], [ 832651.488235225901008, 1240553.520737441023812 ], [ 832227.683883181074634, 1241001.771933136275038 ], [ 832559.904526930651627, 1241816.230026716599241 ], [ 832336.259022259502672, 1242998.724584325682372 ], [ 831728.08480123244226, 1243276.669452676316723 ], [ 831800.199324552202597, 1244434.307521405396983 ], [ 832586.653275997727178, 1245401.223054637666792 ], [ 833297.599576852517202, 1245106.484490225790069 ], [ 835256.940251409308985, 1245778.23680788394995 ], [ 835483.230344063253142, 1246606.279976329766214 ], [ 835163.62803850742057, 1247674.145984522765502 ], [ 835918.227141015348025, 1248014.303247912088409 ], [ 837579.067357305320911, 1247360.22808254044503 ], [ 837486.453970598056912, 1248032.531428762944415 ], [ 838926.237840625573881, 1249712.020183318061754 ], [ 839582.908108372939751, 1249963.013826286653057 ], [ 841032.309951807139441, 1249079.858527942327783 ], [ 840579.308964511263184, 1250306.46430534333922 ], [ 840813.831177816609852, 1250864.734613784821704 ], [ 843425.445230054087006, 1250519.613448467105627 ], [ 843847.363319253898226, 1251159.523976575117558 ], [ 843414.109784009051509, 1251792.31459583947435 ], [ 844172.388179870089516, 1252501.900047909468412 ], [ 845221.636210046359338, 1252266.753566775005311 ], [ 844728.925928910379298, 1252798.596282401587814 ], [ 845937.42755796876736, 1253387.713733486598358 ], [ 845847.97111456503626, 1254436.495067787356675 ], [ 846265.650632241042331, 1255088.411500443471596 ], [ 845849.702234640833922, 1255620.617317884927616 ], [ 847612.686010552803054, 1256179.120827337959781 ], [ 847288.521772848675027, 1257159.298064779257402 ], [ 849043.785031624138355, 1258426.073985111899674 ], [ 848847.987310729222372, 1259133.230546794598922 ], [ 849187.033271237858571, 1260085.584476024610922 ], [ 850186.193931034533307, 1259812.146866398165002 ], [ 850848.863124970812351, 1260608.681930259335786 ], [ 850006.456527819274925, 1261863.643602104159072 ], [ 850400.016017689020373, 1263156.44438638491556 ], [ 851086.450106456293724, 1263552.099661023821682 ], [ 851753.052396651008166, 1262658.738154312828556 ], [ 852212.309913603938185, 1262802.042369462782517 ], [ 850115.601170036010444, 1265695.488412586506456 ], [ 851154.538868396659382, 1267057.380352204432711 ], [ 851506.530026973923668, 1266988.201386370230466 ], [ 851716.808774841483682, 1265647.799919629236683 ], [ 852897.692302079638466, 1266739.955621012486517 ], [ 853339.290907766669989, 1266274.452704220311716 ], [ 854337.159761858172715, 1267271.311588528100401 ], [ 854486.423766750376672, 1269071.505576171446592 ], [ 855745.559378980658948, 1269053.533001923933625 ], [ 855632.379630342125893, 1269784.546409763628617 ], [ 856980.667612138553523, 1270950.221064840909094 ], [ 858062.459337423089892, 1270083.307850136654451 ], [ 859227.478834598092362, 1270909.507835521362722 ], [ 858744.441036857781, 1271453.306651334511116 ], [ 859120.379144943552092, 1272380.783084826311097 ], [ 860125.414458318147808, 1272960.562590602086857 ], [ 859775.877910299925134, 1273933.757567726541311 ], [ 860315.396721485536546, 1273925.363710824633017 ], [ 861081.631303462083451, 1276272.914995498489588 ], [ 863422.745755512733012, 1278690.40232262481004 ], [ 862470.599128583911806, 1278968.268463509390131 ], [ 862333.244643582613207, 1279485.712804607581347 ], [ 862958.210808564443141, 1280219.952473876299337 ], [ 862408.226184945902787, 1280808.693491105455905 ], [ 863405.256626140791923, 1281604.703583297785372 ], [ 862931.549269226146862, 1282086.891959487227723 ], [ 863350.946766557637602, 1282144.035725465975702 ], [ 863474.421300490386784, 1283223.642072220565751 ], [ 864974.78628943185322, 1283460.801490004174411 ], [ 864668.644318104255944, 1284763.189265997847542 ], [ 865050.336278461734764, 1286301.820456018438563 ], [ 865800.502501626033336, 1286731.074354076758027 ], [ 867086.626563094207086, 1286181.735735048539937 ], [ 867930.471950797829777, 1287569.988354234490544 ], [ 871831.083312452072278, 1287808.940451075555757 ], [ 871853.099704897496849, 1286735.755780515726656 ], [ 875633.50810101616662, 1282113.152516760164872 ], [ 886438.268864608369768, 1271311.461280177114531 ], [ 884998.361946846009232, 1268154.791638056514785 ], [ 884404.913292998448014, 1265194.703928189352155 ], [ 885019.783559224801138, 1258024.394803172443062 ], [ 884767.781209560576826, 1257424.867272516712546 ], [ 884344.577396956272423, 1257422.362695302348584 ], [ 884621.963989575277083, 1256791.813759578857571 ], [ 883645.390449421713129, 1255441.211342340102419 ], [ 883819.884732492384501, 1255013.822903601452708 ], [ 883055.681183290551417, 1254531.716002267086878 ], [ 882168.444489225745201, 1252979.507294259034097 ], [ 886229.386297028162517, 1253435.731621545506641 ], [ 886479.788354294025339, 1252269.598212762968615 ], [ 886132.4083962776931, 1252233.889383463189006 ], [ 885589.645681445952505, 1251107.878020671196282 ], [ 884744.085966768907383, 1250715.653068502433598 ], [ 884456.237672675168142, 1249860.725719243986532 ], [ 884623.326771333231591, 1248918.399140311870724 ], [ 885489.356205282965675, 1248278.623057254590094 ], [ 885295.070640977472067, 1247338.327262674458325 ], [ 883275.467980835353956, 1245548.60267005302012 ], [ 881232.604926687316038, 1243173.081770081305876 ], [ 880878.034713681787252, 1242052.992326537845656 ], [ 878223.176215410116129, 1239180.326396231772378 ], [ 877303.661073854193091, 1239038.931810098467395 ], [ 876585.699819112895057, 1239633.651301495730877 ], [ 873098.329409767291509, 1238125.91216979175806 ] ] ] } },
{ "type": "Feature", "properties": { "county_fips": "011" }, "geometry": { "type": "Polygon", "coordinates": [ [ [ 963512.698947521625087, 1030470.006433897884563 ], [ 959658.613012692891061, 1030047.934141277451999 ], [ 958714.117867250926793, 1039682.802702088258229 ], [ 949892.800237035145983, 1038735.730948363896459 ], [ 949729.347799739683978, 1040354.045776943443343 ], [ 949283.28316235949751, 1040297.656120690982789 ], [ 949201.466010870411992, 1041092.9812531293137 ], [ 948858.418439402943477, 1041067.89231629576534 ], [ 948075.317601392278448, 1047516.870411438052543 ], [ 946411.176697102026083, 1047339.832335344632156 ], [ 946296.087341474369168, 1048156.469742586836219 ], [ 943072.006481449236162, 1047793.235989236272871 ], [ 942984.019637054181658, 1048604.031736456090584 ], [ 942214.277412718860433, 1048506.640338841243647 ], [ 942700.776720296009444, 1047751.470489619416185 ], [ 940304.285398399224505, 1047483.413442636374384 ], [ 940340.015479150810279, 1047129.864455095259473 ], [ 939581.976629316923209, 1047028.912366948323324 ], [ 939625.087439731345512, 1046630.318243800662458 ], [ 938829.250052600284107, 1046545.941620122059248 ], [ 938789.016784267150797, 1046933.747126925853081 ], [ 938386.717441206914373, 1046902.327844734070823 ], [ 935830.843670637812465, 1068948.262727156281471 ], [ 937010.611597615177743, 1069124.290919568156824 ], [ 936755.115422673639841, 1071530.307705280603841 ], [ 944913.019898081198335, 1072693.397799122380093 ], [ 944769.982178147765808, 1076066.798770754598081 ], [ 945088.7315103050787, 1075347.330208874773234 ], [ 946653.731164118507877, 1074739.282935675699264 ], [ 946970.306061837705784, 1073365.942358296131715 ], [ 947480.036824381444603, 1072828.311188751831651 ], [ 947122.997206327156164, 1072780.703233492793515 ], [ 947296.575494478573091, 1072318.442815379938111 ], [ 946878.368271365645342, 1071832.363340576644987 ], [ 947319.152354328194633, 1069779.23799259820953 ], [ 947917.413382853730582, 1069810.945641250116751 ], [ 948185.729615247691981, 1069112.565830633975565 ], [ 949381.62612395233009, 1068349.421568786259741 ], [ 988747.894109064945951, 1072955.671331367921084 ], [ 990406.637541557545774, 1063260.995697013568133 ], [ 992009.975209586205892, 1063451.469552352791652 ], [ 992117.770910291350447, 1062656.111225975910202 ], [ 990495.641933059319854, 1062463.422713252482936 ], [ 991938.028016692725942, 1048676.128794050309807 ], [ 988762.169920769403689, 1048255.811132078524679 ], [ 988616.714994402602315, 1049135.714303895365447 ], [ 987861.075629991479218, 1049040.520215515512973 ], [ 988007.574603104032576, 1048148.845808183192275 ], [ 984083.752606314024888, 1047701.866949936025776 ], [ 984286.424764629104175, 1046114.434707528562285 ], [ 982674.466280611930415, 1045918.365757233463228 ], [ 982241.685521929641254, 1045368.195127557613887 ], [ 981896.800388173083775, 1045666.020459253806621 ], [ 977285.021149856620468, 1045073.521847939584404 ], [ 976780.281637903302908, 1044501.955574119696394 ], [ 976962.157537204097025, 1043797.866977186873555 ], [ 976101.785384209593758, 1042026.191664855927229 ], [ 976065.575733896228485, 1040715.010981818661094 ], [ 973301.955096264835447, 1036282.769801364280283 ], [ 973286.455907187773846, 1035608.444257025257684 ], [ 972602.077165591064841, 1034956.099704895634204 ], [ 972148.237641253042966, 1031394.497842400101945 ], [ 963512.698947521625087, 1030470.006433897884563 ] ] ] } },
{ "type": "Feature", "properties": { "county_fips": "013" }, "geometry": { "type": "Polygon", "coordinates": [ [ [ 882393.344748723437078, 982146.231559512671083 ], [ 865242.368170984555036, 980637.700355718145147 ], [ 864742.139496275573038, 981758.087130933534354 ], [ 863886.519007036229596, 981744.327325371676125 ], [ 862465.175865291152149, 982762.18709434766788 ], [ 861902.650865962845273, 985056.023344844812527 ], [ 861477.073537886026315, 984942.993037280626595 ], [ 861366.415023754700087, 986167.792753617279232 ], [ 859940.677725141635165, 987620.383711459580809 ], [ 859152.461850151768886, 990223.442166341934353 ], [ 858700.314251945586875, 990326.299161028466187 ], [ 857754.303144882549532, 991936.320477180881426 ], [ 854050.19651696854271, 1028392.62771244358737 ], [ 897158.66139010200277, 1032965.499713433906436 ], [ 898627.919375368044712, 1019879.469824012485333 ], [ 899442.043857871787623, 1019559.824602203676477 ], [ 899525.790628551505506, 1018750.91536225634627 ], [ 898812.505440751672722, 1018244.791578473057598 ], [ 899466.749430446187034, 1011875.236636341316625 ], [ 899874.086414470337331, 1011919.916278151562437 ], [ 900046.200745318667032, 1010275.466575398342684 ], [ 899635.266635463689454, 1010239.378711722558364 ], [ 900571.114394754520617, 998717.25427938811481 ], [ 895792.239021015702747, 998195.212806414463557 ], [ 896783.445878286263905, 988585.107371752383187 ], [ 896338.633463519392535, 988565.339871461037546 ], [ 896520.092698162188753, 986944.049051522044465 ], [ 896934.782398727489635, 986973.104106132755987 ], [ 897265.939246021676809, 983806.238130728830583 ], [ 882393.344748723437078, 982146.231559512671083 ] ] ] } },
{ "type": "Feature", "properties": { "county_fips": "015" }, "geometry": { "type": "Polygon", "coordinates": [ [ [ 938227.672575795324519, 1219063.041359669528902 ], [ 920564.390858247643337, 1217277.307272542500868 ], [ 920216.434392268303782, 1218863.453132966533303 ], [ 917938.123522286070511, 1218650.906450397567824 ], [ 917035.3295665102778, 1223622.926375465234742 ], [ 915017.818741346593015, 1225282.945637858007103 ], [ 914426.525928975082934, 1226527.811581299640238 ], [ 905684.374430868076161, 1226119.960071205161512 ], [ 905374.205208365456201, 1228913.674101566663012 ], [ 906012.631818586611189, 1230225.990118516609073 ], [ 907552.023059203755111, 1229919.986639168579131 ], [ 907819.31694060144946, 1231363.605793565046042 ], [ 909267.2554042537231, 1232934.232191018527374 ], [ 910798.463475632015616, 1233828.560133708408102 ], [ 912530.27129009726923, 1236035.104774444131181 ], [ 913993.216392330359668, 1236458.415592120029032 ], [ 913393.792674244148657, 1238114.213379819411784 ], [ 911736.228075064369477, 1240083.177924284478649 ], [ 911559.85056689416524, 1241387.961140731815249 ], [ 912550.242164057446644, 1243464.185581117635593 ], [ 911041.507207162328996, 1244876.978579761227593 ], [ 912622.589024660061114, 1245099.619545819470659 ], [ 912520.36652049026452, 1246335.978638920001686 ], [ 915046.979424879769795, 1246467.064353953115642 ], [ 914857.72659961564932, 1248087.526923361700028 ], [ 917274.361239926307462, 1248207.605931461323053 ], [ 917119.917022944544442, 1249843.1189829709474 ], [ 917910.026114402455278, 1249881.700548438588157 ], [ 917730.484666185104288, 1251492.006106710527092 ], [ 919319.543936535366811, 1251570.318241398315877 ], [ 919064.07367169635836, 1253981.676925112260506 ], [ 920664.274339859024622, 1254038.985201023053378 ], [ 920578.18269493454136, 1254850.178011287935078 ], [ 922156.031093765748665, 1255029.017370755318552 ], [ 922346.766822907025926, 1253408.611649440601468 ], [ 925514.528548256144859, 1253746.092418953310698 ], [ 925071.528561463579535, 1257811.996613009367138 ], [ 926694.45218420913443, 1257996.529081614222378 ], [ 926618.071438837447204, 1258797.552367022726685 ], [ 929849.237668905640021, 1259112.13373718992807 ], [ 929782.38756738381926, 1259918.68561945296824 ], [ 933074.319550801883452, 1259134.483737122267485 ], [ 939643.199245112598874, 1258513.662831350462511 ], [ 939425.707865500822663, 1262217.354282133281231 ], [ 958686.402600632398389, 1262923.583977702539414 ], [ 959229.164126313407905, 1255470.237958556972444 ], [ 952889.820562167675234, 1254838.716418197378516 ], [ 953067.702783225802705, 1253184.982186865294352 ], [ 949848.80480330332648, 1252953.265263378154486 ], [ 950196.665315776015632, 1249681.333130280487239 ], [ 954945.815771131892689, 1250137.719787235604599 ], [ 955409.738002573605627, 1245262.524161467328668 ], [ 953816.208332487847656, 1245115.334139828337356 ], [ 953987.046533600776456, 1243494.288302006199956 ], [ 952392.557926557492465, 1243340.544887313386425 ], [ 952535.908522200887091, 1241733.714050547452644 ], [ 951001.856046609114856, 1241546.650708056520671 ], [ 952472.033845702419057, 1227667.989299165550619 ], [ 951692.978145811357535, 1227623.088176093297079 ], [ 951767.210805064882152, 1226817.295431996695697 ], [ 951043.063706025364809, 1226355.840783378807828 ], [ 951152.17235496500507, 1225136.085896120639518 ], [ 947950.570562965120189, 1224856.813081845175475 ], [ 948197.400225209887139, 1223211.737325124442577 ], [ 944983.581821352010593, 1222933.084666260052472 ], [ 945193.594834978925064, 1221370.646405533188954 ], [ 943556.518827546038665, 1221257.815199702279642 ], [ 943919.193284722045064, 1216361.485421451507136 ], [ 939155.861792935291305, 1215863.033276883885264 ], [ 938941.622132988180965, 1219136.607288161059842 ], [ 938227.672575795324519, 1219063.041359669528902 ] ] ] } },
{ "type": "Feature", "properties": { "county_fips": "017" }, "geometry": { "type": "Polygon", "coordinates": [ [ [ 975045.157261190819554, 1127015.73584948386997 ], [ 970170.998622829443775, 1126360.664835211122409 ], [ 970078.880991802550852, 1127189.664120686938986 ], [ 969277.369992414489388, 1127085.987445221748203 ], [ 969365.393217621836811, 1126252.609362561954185 ], [ 967854.080139183322899, 1126050.399828175315633 ], [ 963231.982197667122819, 1168067.528670508647338 ], [ 996476.803367848624475, 1171869.36088421405293 ], [ 1004025.058314811671153, 1145013.438729912275448 ], [ 1004791.655251406133175, 1144267.006441346602514 ], [ 1005588.08410781098064, 1144211.804652782389894 ], [ 1006128.238555018906482, 1144710.749843545956537 ], [ 1006760.428212085855193, 1144114.393210360547528 ], [ 1007095.087904029409401, 1143054.39800979825668 ], [ 1005925.516508317901753, 1141547.180143111618236 ], [ 1006359.645190054085106, 1140616.837196903303266 ], [ 1006164.297854886390269, 1139701.91742213210091 ], [ 1007870.630490872194059, 1137913.995758680859581 ], [ 1008807.041923712124117, 1137791.977964353980497 ], [ 1009128.846979069407098, 1137044.39776921342127 ], [ 1010870.121321094455197, 1136035.313211882254109 ], [ 1010139.672380911768414, 1135409.988109927391633 ], [ 1009581.762585519696586, 1135526.712368365842849 ], [ 1009128.626752441516146, 1134457.654827198479325 ], [ 1010048.418137139058672, 1132813.164617278380319 ], [ 996199.013147553079762, 1131076.831702425843105 ], [ 996361.236853225156665, 1129478.521198673872277 ], [ 985297.638381019001827, 1128210.384654855588451 ], [ 985184.117294302559458, 1129005.783221931196749 ], [ 984387.875293915276416, 1128883.001851056935266 ], [ 984297.35600778774824, 1129692.209914434701204 ], [ 982710.209853972657584, 1129548.601815162692219 ], [ 982892.12652760068886, 1127918.843086067354307 ], [ 978120.106689213193022, 1127409.665103614330292 ], [ 978048.681590614840388, 1128221.098604744067416 ], [ 977225.615745853632689, 1128118.443699869560078 ], [ 977321.188365032197908, 1127332.029280331917107 ], [ 975045.157261190819554, 1127015.73584948386997 ] ] ] } },
{ "type": "Feature", "properties": { "county_fips": "019" }, "geometry": { "type": "Polygon", "coordinates": [ [ [ 953006.373895950382575, 1262709.262335827108473 ], [ 939425.707865500822663, 1262217.354282133281231 ], [ 939343.47235993295908, 1264540.158650973346084 ], [ 932576.636875027557835, 1276207.447547153802589 ], [ 932803.399410838610493, 1279109.776613160269335 ], [ 932205.89648078288883, 1279451.660002599935979 ], [ 931090.266273110639304, 1278997.48975705052726 ], [ 929143.327187501476146, 1277012.505085765151307 ], [ 928391.472649146104231, 1277016.219247087370604 ], [ 926573.137463954975829, 1291874.766984305344522 ], [ 929851.374512963346206, 1291640.381535545689985 ], [ 929560.449378810939379, 1293806.562542679719627 ], [ 932727.658339361078106, 1294167.548887149430811 ], [ 940689.683025326114148, 1304512.090578898787498 ], [ 940535.840083638089709, 1304942.598785365233198 ], [ 941474.63588714809157, 1306683.065579321235418 ], [ 942933.035109191085212, 1307073.794787218561396 ], [ 943076.979150002356619, 1307707.589895315933973 ], [ 943913.447243734262884, 1307476.661793801235035 ], [ 944520.162148319301195, 1308191.880489208968356 ], [ 944349.524318448500708, 1309125.992087948601693 ], [ 945157.634661521879025, 1309923.192456383258104 ], [ 944390.318407068611123, 1310961.75525579159148 ], [ 945498.778357423143461, 1310715.702246527653188 ], [ 945748.100735599291511, 1312134.261174086714163 ], [ 946713.955113717820495, 1313309.851147569715977 ], [ 946512.766005643759854, 1313869.983163267606869 ], [ 947492.185862890910357, 1314346.274819618789479 ], [ 947332.212979186908342, 1314877.408730942523107 ], [ 948189.078070379327983, 1316167.257103129755706 ], [ 947579.659905301523395, 1318153.425309093901888 ], [ 948051.944688340299763, 1318607.360040274914354 ], [ 947696.551780439913273, 1319415.897172236582264 ], [ 948689.546203569625504, 1319471.260169216897339 ], [ 948508.742118085501716, 1320466.415327714057639 ], [ 947901.626833475893363, 1321167.349083671811968 ], [ 948668.42155409255065, 1321893.305412848480046 ], [ 949350.906001015217043, 1321981.381523125106469 ], [ 949277.060267068911344, 1323338.913727624574676 ], [ 950642.94204416545108, 1323230.141609595622867 ], [ 951403.831284265150316, 1324839.835203072056174 ], [ 952378.858916733064689, 1325306.726467842003331 ], [ 952050.30449542007409, 1325870.832798536634073 ], [ 952602.788922779494897, 1326391.265442091505975 ], [ 953125.401440791902132, 1326214.788357099751011 ], [ 953374.915623757173307, 1325512.791244204156101 ], [ 959463.804802442784421, 1304875.443666226696223 ], [ 970492.986781501909718, 1265154.207789905136451 ], [ 969689.79084779205732, 1265072.707516853231937 ], [ 969717.548317085835151, 1264664.694762784056365 ], [ 968110.53306732675992, 1264495.893707082839683 ], [ 968138.223294717958197, 1264096.874459107406437 ], [ 961788.353113589342684, 1263371.869864345062524 ], [ 961918.871256508398801, 1261754.217305480968207 ], [ 958804.894486351055093, 1261300.010838337475434 ], [ 958686.402600632398389, 1262923.583977702539414 ], [ 953006.373895950382575, 1262709.262335827108473 ] ] ] } },
{ "type": "Feature", "properties": { "county_fips": "021" }, "geometry": { "type": "Polygon", "coordinates": [ [ [ 865690.089161592186429, 1112875.040083648404106 ], [ 864193.589138885727152, 1112710.510528414044529 ], [ 864748.932943573221564, 1107837.621264101238921 ], [ 836485.650328940013424, 1105284.828394000418484 ], [ 834517.458659994648769, 1124570.146489718928933 ], [ 847776.616159992176108, 1125750.674770701909438 ], [ 845421.93400628096424, 1149477.139334513340145 ], [ 845023.464388422318734, 1149436.086622932460159 ], [ 844746.525873308070004, 1151871.766165251145139 ], [ 850429.072910942952149, 1152037.255055332323536 ], [ 869851.131931724958122, 1154115.802859606454149 ], [ 869974.644668681663461, 1153728.642962008714676 ], [ 869150.638322997256182, 1152957.549387784674764 ], [ 869434.86364807584323, 1152263.85356996813789 ], [ 870786.373786505078897, 1152445.62179704150185 ], [ 871196.296170637127943, 1151584.544285369338468 ], [ 874247.716717450879514, 1149776.191388124832883 ], [ 874652.524087564670481, 1148973.640822306508198 ], [ 875913.419980036094785, 1148977.873042670078576 ], [ 877110.191691948100924, 1149727.022367723518983 ], [ 878955.970435265917331, 1149477.88819019170478 ], [ 878707.09629458677955, 1147519.871064242441207 ], [ 880003.626438562409021, 1145433.314381262985989 ], [ 879430.734360680449754, 1143905.682970045367256 ], [ 880059.935483330744319, 1139457.720385686960071 ], [ 881221.147072680993006, 1137671.699523978633806 ], [ 882716.301747886114754, 1136962.98549791239202 ], [ 884175.826080592931248, 1133413.32396274805069 ], [ 886118.960471309022978, 1133123.289429871598259 ], [ 887133.510765852639452, 1132135.624293068423867 ], [ 887293.637760562822223, 1131312.831040574936196 ], [ 886483.145820472505875, 1130302.040535261854529 ], [ 886281.843743142206222, 1129229.900148002197966 ], [ 886841.059270070283674, 1127092.286731415428221 ], [ 888201.761412735562772, 1127072.2769867957104 ], [ 888167.327790038078092, 1126170.036449254956096 ], [ 889708.034987007267773, 1124961.383488659281284 ], [ 891169.28421980899293, 1124645.606582196662202 ], [ 892997.206767184310593, 1122000.971262651495636 ], [ 895510.351723492960446, 1120874.767311706673354 ], [ 891597.825236709904857, 1120473.824388412991539 ], [ 892103.51086606294848, 1115680.651682975003496 ], [ 865690.089161592186429, 1112875.040083648404106 ] ] ] } },
{ "type": "Feature", "properties": { "county_fips": "023" }, "geometry": { "type": "Polygon", "coordinates": [ [ [ 725978.564824271597899, 987617.079113265499473 ], [ 710586.125234343111515, 986324.455618875450455 ], [ 708026.61676116019953, 1008241.815598418237641 ], [ 709209.485440531745553, 1054476.838210887275636 ], [ 755013.416881348355673, 1058468.20753819681704 ], [ 755453.427382253343239, 1055962.537264351733029 ], [ 755010.061065182322636, 1055312.053848955780268 ], [ 753868.356459965929389, 1055485.275389342801645 ], [ 754468.789452759665437, 1056536.59462296962738 ], [ 754404.707265963428654, 1057569.934750125510618 ], [ 753658.22270644933451, 1057740.648507710546255 ], [ 751874.662070523481816, 1056699.890938607044518 ], [ 750683.068162309355102, 1057837.335693977074698 ], [ 749611.969390242942609, 1056232.552605488570407 ], [ 748106.583143914933316, 1056169.82411571778357 ], [ 748394.623532886616886, 1054828.182889232644811 ], [ 746990.819819004507735, 1054954.895172782707959 ], [ 747025.626904550008476, 1053450.873517299070954 ], [ 748199.261204777518287, 1052132.963296885136515 ], [ 748308.230477170436643, 1051024.303505750373006 ], [ 747798.336702390341088, 1049740.363367460668087 ], [ 748693.304952003643848, 1047724.259453163133003 ], [ 748354.849785556551069, 1045876.537025828263722 ], [ 749053.392888250993565, 1043950.944104099180549 ], [ 748164.468481641844846, 1039482.561309699201956 ], [ 746742.813600074499846, 1039248.837057099677622 ], [ 746436.769691185676493, 1038806.53648718027398 ], [ 746318.534634319599718, 1036540.322904232307337 ], [ 745612.07219943322707, 1034318.247797176591121 ], [ 746560.823402005946264, 1032335.831167432130314 ], [ 745348.671153267612681, 1031285.592518676654436 ], [ 744484.511105297133327, 1029822.303141498123296 ], [ 742212.234932513558306, 1030600.511140850256197 ], [ 739880.008855496300384, 1028435.77371407917235 ], [ 740443.988613316090778, 1027111.071566087193787 ], [ 740290.962993679568172, 1024375.13787799840793 ], [ 740749.325634411768988, 1023230.356112083769403 ], [ 742606.035839864984155, 1021913.411883031600155 ], [ 742966.209111579228193, 1022366.738626383477822 ], [ 742590.952390902559273, 1023286.122029508114792 ], [ 743107.42244559910614, 1023420.436742928810418 ], [ 745398.438738447264768, 1020972.708748368313536 ], [ 744586.550685754627921, 1020328.242151224054396 ], [ 745301.182041103485972, 1018523.155560394283384 ], [ 744549.581232570228167, 1017653.586618356755935 ], [ 743610.699993606423959, 1018577.117794978432357 ], [ 742715.384708821307868, 1018785.515966784558259 ], [ 740446.168806254980154, 1016657.595579294138588 ], [ 741093.306852971552871, 1015716.999620279995725 ], [ 742235.179578328621574, 1016124.137988530448638 ], [ 743814.662074808147736, 1014044.794459914439358 ], [ 745691.534709848929197, 1015891.011423147283494 ], [ 747023.290130643639714, 1014671.94514314038679 ], [ 746613.972638915642165, 1014112.785734562436119 ], [ 745078.435599816381, 1014249.821870715008117 ], [ 743970.75849765772, 1012826.130756221828051 ], [ 740197.63419460284058, 1011859.39924437191803 ], [ 739341.565875630010851, 1007060.98877885681577 ], [ 738110.609241937287152, 1006176.001622916897759 ], [ 737089.294080979423597, 1002975.09429090435151 ], [ 736182.83944523986429, 1002048.108038808219135 ], [ 737898.281395345809869, 998707.672078774427064 ], [ 738451.447559464140795, 996629.733954452211037 ], [ 740137.731545487768017, 994990.767770148813725 ], [ 740777.433282612939365, 994722.168574207695201 ], [ 742573.163040217827074, 996074.492271787719801 ], [ 743830.226253506843932, 996051.230139527120627 ], [ 745129.881990105612203, 993558.570610145688988 ], [ 745962.872906395234168, 989356.922137451707385 ], [ 725978.564824271597899, 987617.079113265499473 ] ] ] } },
{ "type": "Feature", "properties": { "county_fips": "025" }, "geometry": { "type": "Polygon", "coordinates": [ [ [ 759928.576254520914517, 941687.940069700358436 ], [ 760928.269561329041608, 942792.693649520748295 ], [ 762362.77314080495853, 942479.003217266290449 ], [ 762735.888915501534939, 942826.23485544801224 ], [ 762205.138242156011984, 944084.589747366844676 ], [ 763003.764724422013387, 944995.379340038751252 ], [ 763045.486476477817632, 945627.416043679579161 ], [ 761672.741355840815231, 946567.456825576839037 ], [ 761295.980567150516436, 947601.450672936742194 ], [ 761999.474653103505261, 947937.285984666785225 ], [ 763518.48377712990623, 947864.04730112105608 ], [ 764251.287372509948909, 947320.967955584172159 ], [ 764872.779164985753596, 947538.263527873321436 ], [ 765028.017806309973821, 950768.265191774466075 ], [ 766024.34813501406461, 950583.160883213859051 ], [ 765637.493360711610876, 949244.017126542981714 ], [ 766476.577576577896252, 949054.483723885728978 ], [ 766616.691728078061715, 950309.605453500058502 ], [ 767342.558287436142564, 951320.397221344639547 ], [ 767308.458798792213202, 952226.969648966332898 ], [ 767897.433396275155246, 953376.941755832289346 ], [ 767450.458362579694949, 954644.303746291087009 ], [ 767811.257628359016962, 956479.638998831622303 ], [ 767508.03363697452005, 957262.626203527557664 ], [ 767161.553986143320799, 957107.441360097611323 ], [ 767604.565917893429287, 956180.919619270251133 ], [ 767100.797173259896226, 955621.124612069106661 ], [ 765449.649502581567504, 956541.017596284742467 ], [ 764630.139925837982446, 956076.07251130300574 ], [ 765057.167307831346989, 954815.359967445256189 ], [ 764240.707631302764639, 955210.436472799512558 ], [ 762931.801480375230312, 954540.155511391116306 ], [ 762386.428915760945529, 954752.596522273030132 ], [ 763359.985158942989074, 955641.890857776626945 ], [ 763699.912850796827115, 956924.371601213701069 ], [ 765422.549080410739407, 956948.971475862083025 ], [ 766050.621454742387868, 957421.671598827233538 ], [ 765911.010302844690159, 958130.218262077658437 ], [ 765463.55098053382244, 958367.480326837161556 ], [ 763867.254935615696013, 958069.335070412489586 ], [ 765227.406027028569952, 960269.289930942934006 ], [ 764301.338738115620799, 961421.311677869292907 ], [ 763241.645349358092062, 961475.156696776626632 ], [ 762782.680404825136065, 961935.427572924876586 ], [ 764580.68598316272255, 963047.464458577334881 ], [ 764073.20700445631519, 964945.181423820089549 ], [ 765036.750693127629347, 967899.491590824211016 ], [ 763119.836799120879732, 968964.951351550407708 ], [ 762410.73493090912234, 970323.99709188088309 ], [ 761301.906035468913615, 971365.243820944800973 ], [ 758344.555770196719095, 971642.38244644808583 ], [ 757699.3584742405219, 972336.537160387379117 ], [ 753887.950164604582824, 973603.459844366530888 ], [ 752620.100070919725113, 974404.883412033319473 ], [ 751676.991866831085645, 975827.767612089402974 ], [ 753713.959101315354928, 975778.472989931702614 ], [ 753798.385005465243012, 976210.249827010557055 ], [ 753146.983955758507363, 976965.777071415795945 ], [ 750505.357320105307736, 976798.11057541903574 ], [ 747753.218719562632032, 978546.31895441969391 ], [ 748051.508247042889707, 980266.034948140499182 ], [ 747007.774352230713703, 981736.13019571325276 ], [ 746081.004715659073554, 984646.424896043725312 ], [ 747140.786684185964987, 985234.913324038963765 ], [ 747125.715481375227682, 986255.840296159731224 ], [ 746210.641558107919991, 987911.301871968084015 ], [ 745129.881990105612203, 993558.570610145688988 ], [ 743592.400057521881536, 996160.060493458528072 ], [ 742222.41984090115875, 995914.813707522116601 ], [ 740777.433282612939365, 994722.168574207695201 ], [ 739181.727111900341697, 995789.305096019641496 ], [ 738240.046173049136996, 997020.043423249735497 ], [ 737898.281395345809869, 998707.672078774427064 ], [ 736182.83944523986429, 1002048.108038808219135 ], [ 737089.294080979423597, 1002975.09429090435151 ], [ 738110.609241937287152, 1006176.001622916897759 ], [ 739341.565875630010851, 1007060.98877885681577 ], [ 740197.63419460284058, 1011859.39924437191803 ], [ 743970.75849765772, 1012826.130756221828051 ], [ 745245.078636018093675, 1014323.112560479086824 ], [ 746613.972638915642165, 1014112.785734562436119 ], [ 746985.885458078584634, 1014498.325389301171526 ], [ 746881.885235758614726, 1015036.059757476090454 ], [ 745691.534709848929197, 1015891.011423147283494 ], [ 743814.662074808147736, 1014044.794459914439358 ], [ 742235.179578328621574, 1016124.137988530448638 ], [ 741093.306852971552871, 1015716.999620279995725 ], [ 740446.168806254980154, 1016657.595579294138588 ], [ 742715.384708821307868, 1018785.515966784558259 ], [ 743610.699993606423959, 1018577.117794978432357 ], [ 744452.172709580161609, 1017614.704346738406457 ], [ 745204.004362109350041, 1018280.696693813893944 ], [ 744563.406813760870136, 1020107.064072836074047 ], [ 745389.973941714968532, 1021034.387185721891001 ], [ 744655.585646672756411, 1021760.738579291850328 ], [ 782664.250031968811527, 1025151.216591658769175 ], [ 783879.563969111884944, 1012329.070514419581741 ], [ 787048.356505386880599, 1012640.867189698386937 ], [ 788237.185999449691735, 1012114.732100618537515 ], [ 788740.376653481391259, 1007320.43359691335354 ], [ 799907.264361025881954, 1008552.693453704123385 ], [ 800056.642406513099559, 1006862.589434863068163 ], [ 798418.459367117960937, 1006756.994579214369878 ], [ 799785.358278231462464, 993846.016901465482078 ], [ 795024.450316471513361, 993341.879444372025318 ], [ 796575.353544164798222, 977434.423668486182578 ], [ 793644.342207022244111, 974253.537518732948229 ], [ 791675.574882558430545, 972896.115415222127922 ], [ 791798.746634514420293, 972390.256072487682104 ], [ 793364.972530193510465, 971180.216050523216836 ], [ 797036.088683502748609, 969608.752793838037178 ], [ 797571.722162420512177, 969042.005719242850319 ], [ 797146.67237405560445, 964799.475670445826836 ], [ 795084.728686165413819, 961703.578546172939241 ], [ 794126.515335055766627, 961000.004111141432077 ], [ 792726.521480932715349, 961051.113070944324136 ], [ 790170.830575324827805, 962669.227017986355349 ], [ 788412.026311336550862, 962139.549284940469079 ], [ 786569.729500124580227, 960144.562384159537032 ], [ 784890.297970366664231, 959446.535733608528972 ], [ 784160.534807984018698, 957407.756371802650392 ], [ 783203.925056371372193, 956161.478008384932764 ], [ 783704.92035100935027, 954627.520168201532215 ], [ 783723.743510079802945, 952608.255765828536823 ], [ 782627.338928716606461, 951663.982019137009047 ], [ 781888.758430604008026, 951476.751854331814684 ], [ 781106.771188436308876, 951820.969508713344112 ], [ 780833.147629674640484, 954253.762200803612359 ], [ 780419.181187387788668, 954793.826656629680656 ], [ 779702.990343748242594, 954753.691182056558318 ], [ 779688.68704802764114, 952844.868483385071158 ], [ 778319.573131226119585, 951222.458835574332625 ], [ 778108.48430321586784, 950237.088623711722903 ], [ 778700.182097716140561, 948398.28765756089706 ], [ 780068.301744007156231, 947576.787529864930548 ], [ 780195.535778339835815, 947133.699375668424182 ], [ 778021.378105886862613, 947184.458986441139132 ], [ 777099.572080192388967, 947987.564088374492712 ], [ 776815.636906245956197, 949243.543693442945369 ], [ 775993.828199098003097, 949186.003249492379837 ], [ 775996.977334851049818, 948040.104341078898869 ], [ 778644.189103635842912, 945044.651175079401582 ], [ 777237.341124451137148, 944004.344062124378979 ], [ 774829.568262753775343, 944881.590782038867474 ], [ 774037.470340539002791, 942482.236761358333752 ], [ 773473.434995601186529, 942153.366118471021764 ], [ 772387.482523278333247, 942420.898915176396258 ], [ 772403.262373166391626, 941819.436916413949803 ], [ 773225.486702683381736, 942144.201770766987465 ], [ 773852.602345737162977, 941346.659400475677103 ], [ 773282.787711570039392, 940133.766592846484855 ], [ 774214.07115838828031, 939297.892489407444373 ], [ 773712.923380776774138, 938771.776983744814061 ], [ 772350.837142072850838, 939974.802999232430011 ], [ 771538.31367721920833, 939220.164073969237506 ], [ 772046.648284185444936, 937850.216453917557374 ], [ 773124.589595067547634, 937065.374114638892934 ], [ 772772.096759581821971, 936238.019666113890707 ], [ 772150.728214389644563, 936317.299676284426823 ], [ 771114.914313618442975, 937471.446018933434971 ], [ 770573.939483523368835, 937228.987872136873193 ], [ 770893.082364161033183, 936104.43940710881725 ], [ 770627.325710876262747, 935489.194842823548242 ], [ 769739.613383518764749, 935748.818813951569609 ], [ 769684.658097650622949, 936192.650960105704144 ], [ 768504.133608470787294, 935191.951144268969074 ], [ 767822.076336674042977, 935335.794006918789819 ], [ 767413.281741349375807, 934396.608521083020605 ], [ 767034.492965574841946, 934325.33119803480804 ], [ 767183.983578300219961, 933893.811901252483949 ], [ 764667.247473493218422, 934017.258024504873902 ], [ 764062.01683787687216, 934319.759828549576923 ], [ 763605.225592344533652, 935538.726453570881858 ], [ 764448.954997044056654, 936413.538282592780888 ], [ 764486.384950218372978, 937310.64304412167985 ], [ 765218.919449033914134, 938233.735260648303665 ], [ 763619.162309532985091, 940177.954684997908771 ], [ 761934.965373065322638, 940530.589621862280183 ], [ 761053.601195888710208, 941510.56869775231462 ], [ 759763.728567879763432, 940962.048642746754922 ], [ 759928.576254520914517, 941687.940069700358436 ] ] ] } },
{ "type": "Feature", "properties": { "county_fips": "027" }, "geometry": { "type": "Polygon", "coordinates": [ [ [ 929475.409186291857623, 1164193.688630198827013 ], [ 928075.435244894237258, 1164042.98142864368856 ], [ 928263.432473663822748, 1162404.054690343793482 ], [ 925073.593411910464056, 1162039.155914987437427 ], [ 924891.949879539664835, 1163634.198790012625977 ], [ 909669.533686331822537, 1162013.501597079215571 ], [ 908759.739946348359808, 1172163.929372556274757 ], [ 913588.896532960468903, 1172535.113598347408697 ], [ 912627.412042153533548, 1183862.757856291718781 ], [ 925341.665224640630186, 1184959.804613932268694 ], [ 924657.667738802381791, 1194732.267813001060858 ], [ 927899.943694745539688, 1195062.536525971489027 ], [ 927766.74508132704068, 1196654.759289297275245 ], [ 929337.389945465605706, 1196838.845563358161598 ], [ 928734.325418479158543, 1203329.765887476503849 ], [ 930337.582130205933936, 1203515.611429778626189 ], [ 929856.611917520873249, 1208399.925507839769125 ], [ 934720.616939667379484, 1208929.710524522466585 ], [ 934756.37959974934347, 1208136.277506241807714 ], [ 933207.547045182320289, 1207962.539525829954073 ], [ 933315.235530010424554, 1206309.835923837730661 ], [ 931697.652842070674524, 1206138.142835148843005 ], [ 931774.903889440000057, 1205321.891865407349542 ], [ 941418.103766894550063, 1206348.517969535896555 ], [ 941251.08734161790926, 1207935.554952637059614 ], [ 942818.382412377977744, 1208086.768970170291141 ], [ 942655.644942294224165, 1209767.201529253507033 ], [ 953876.051354298484512, 1210683.335261623607948 ], [ 955369.656543905381113, 1191561.624542186735198 ], [ 956180.552529101958498, 1191618.990367362741381 ], [ 956222.503518030745909, 1191238.204286236315966 ], [ 955818.906430620700121, 1191199.661559103056788 ], [ 955857.615883456892334, 1190801.562335337279364 ], [ 956258.36331440624781, 1190852.709953808458522 ], [ 956370.997910036472604, 1189621.088588983519003 ], [ 955538.13044630875811, 1189551.887485830113292 ], [ 956295.284591818694025, 1180699.712540878215805 ], [ 956707.237449229578488, 1180732.73743234644644 ], [ 956832.516036637127399, 1179122.854672663612291 ], [ 956438.56076645408757, 1179088.991627594921738 ], [ 957665.128922537318431, 1167377.986188606126234 ], [ 929475.409186291857623, 1164193.688630198827013 ] ] ] } },
{ "type": "Feature", "properties": { "county_fips": "029" }, "geometry": { "type": "Polygon", "coordinates": [ [ [ 966080.287839672993869, 1211864.443733625812456 ], [ 942655.644942294224165, 1209767.201529253507033 ], [ 942818.382412377977744, 1208086.768970170291141 ], [ 941251.08734161790926, 1207935.554952637059614 ], [ 941418.103766894550063, 1206348.517969535896555 ], [ 931774.903889440000057, 1205321.891865407349542 ], [ 931697.652842070674524, 1206138.142835148843005 ], [ 933315.235530010424554, 1206309.835923837730661 ], [ 933207.547045182320289, 1207962.539525829954073 ], [ 934756.37959974934347, 1208136.277506241807714 ], [ 934720.616939667379484, 1208929.710524522466585 ], [ 939254.698306238627993, 1214259.274093628162518 ], [ 939155.861792935291305, 1215863.033276883885264 ], [ 943919.193284722045064, 1216361.485421451507136 ], [ 943556.518827546038665, 1221257.815199702279642 ], [ 945193.594834978925064, 1221370.646405533188954 ], [ 944983.581821352010593, 1222933.084666260052472 ], [ 948197.400225209887139, 1223211.737325124442577 ], [ 947950.570562965120189, 1224856.813081845175475 ], [ 951152.17235496500507, 1225136.085896120639518 ], [ 951043.063706025364809, 1226355.840783378807828 ], [ 951767.210805064882152, 1226817.295431996695697 ], [ 951692.978145811357535, 1227623.088176093297079 ], [ 952472.033845702419057, 1227667.989299165550619 ], [ 951001.856046609114856, 1241546.650708056520671 ], [ 952535.908522200887091, 1241733.714050547452644 ], [ 952392.557926557492465, 1243340.544887313386425 ], [ 953987.046533600776456, 1243494.288302006199956 ], [ 953816.208332487847656, 1245115.334139828337356 ], [ 955409.738002573605627, 1245262.524161467328668 ], [ 954945.815771131892689, 1250137.719787235604599 ], [ 950196.665315776015632, 1249681.333130280487239 ], [ 949848.80480330332648, 1252953.265263378154486 ], [ 953067.702783225802705, 1253184.982186865294352 ], [ 952889.820562167675234, 1254838.716418197378516 ], [ 959229.164126313407905, 1255470.237958556972444 ], [ 958804.894486351055093, 1261300.010838337475434 ], [ 961918.871256508398801, 1261754.217305480968207 ], [ 961788.353113589342684, 1263371.869864345062524 ], [ 968138.223294717958197, 1264096.874459107406437 ], [ 968110.53306732675992, 1264495.893707082839683 ], [ 969717.548317085835151, 1264664.694762784056365 ], [ 969689.79084779205732, 1265072.707516853231937 ], [ 970492.986781501909718, 1265154.207789905136451 ], [ 985136.459968876675703, 1212699.092868055449799 ], [ 984744.963652547448874, 1212523.69290192076005 ], [ 984006.090195534634404, 1213176.409245861228555 ], [ 982592.989750659326091, 1213325.720794775988907 ], [ 980933.485624543158337, 1214303.581304368097335 ], [ 980344.33190016169101, 1213993.515491500031203 ], [ 980602.291751864016987, 1213261.559976354707032 ], [ 966080.287839672993869, 1211864.443733625812456 ] ] ] } },
{ "type": "Feature", "properties": { "county_fips": "031" }, "geometry": { "type": "Polygon", "coordinates": [ [ [ 940921.5582946134964, 951168.160727391252294 ], [ 937099.082828277372755, 950707.517075422452763 ], [ 937224.961113677360117, 949499.662648251396604 ], [ 936406.330809264909476, 949409.558427858864889 ], [ 936275.626136903418228, 950592.413496705004945 ], [ 929857.794149230234325, 949864.96236252959352 ], [ 925863.137546976679005, 987237.779180490062572 ], [ 929456.551300530671142, 987639.015261575230397 ], [ 929352.776926000253297, 988447.953371206996962 ], [ 930556.948602115153335, 988589.772477087564766 ], [ 929451.328043263289146, 997436.799960386706516 ], [ 962970.735844556358643, 1001013.554913572734222 ], [ 967789.395463319844566, 954336.911227630684152 ], [ 940921.5582946134964, 951168.160727391252294 ] ] ] } },
{ "type": "Feature", "properties": { "county_fips": "033" }, "geometry": { "type": "Polygon", "coordinates": [ [ [ 738839.67875932645984, 1331087.225338800810277 ], [ 740572.418349228915758, 1329683.377265345770866 ], [ 743273.135457942844369, 1328885.960357744246721 ], [ 747398.094993376289494, 1329607.462582408683375 ], [ 750393.053023341693915, 1331397.104225903050974 ], [ 751500.38202853500843, 1333484.282319613732398 ], [ 752274.986769673530944, 1334184.887468884233385 ], [ 755656.078182494267821, 1335442.483596544479951 ], [ 758729.377438849187456, 1337185.486380509333685 ], [ 759514.69434471311979, 1337293.615937752649188 ], [ 759170.79662047221791, 1336941.377402286976576 ], [ 759418.460436633555219, 1336267.022015837021172 ], [ 759438.435240956256166, 1336881.255670813377947 ], [ 759752.703528484562412, 1336727.678375722374767 ], [ 759531.593114759307355, 1337151.929971116827801 ], [ 759799.958911987720057, 1337390.597199253737926 ], [ 759965.728414779063314, 1337015.246517637744546 ], [ 760146.653051005443558, 1337076.395386355929077 ], [ 760002.737670174334198, 1337485.794001303147525 ], [ 760305.174866898916662, 1336625.61899617058225 ], [ 760518.004125784733333, 1336697.009825456887484 ], [ 760826.607473777025007, 1336947.356073237489909 ], [ 760317.204917720053345, 1337568.756554004969075 ], [ 760855.012149317073636, 1337562.913595604710281 ], [ 761035.759104124037549, 1338090.786953044123948 ], [ 761205.247445043059997, 1337633.916600063443184 ], [ 761093.991618665284477, 1338119.416611599037424 ], [ 760874.366638550302014, 1338488.297444952419028 ], [ 762491.559757336857729, 1339792.793568244669586 ], [ 761793.592653412604704, 1340236.675954194739461 ], [ 765882.425888082943857, 1341917.264131734147668 ], [ 767844.22855520050507, 1342311.810923151904717 ], [ 768676.450910590821877, 1342205.446893671294674 ], [ 769325.047441712580621, 1341404.1092284405604 ], [ 771632.160374139435589, 1340553.88375115650706 ], [ 774807.054416308179498, 1340229.952399558154866 ], [ 777011.377214858192019, 1339501.55821161554195 ], [ 777180.640617102733813, 1337988.104469457408413 ], [ 776555.725326588843018, 1337309.248595369281247 ], [ 776564.955906081246212, 1336495.120320486836135 ], [ 777296.61436652415432, 1336484.453159169526771 ], [ 778324.153901195968501, 1335694.098461265210062 ], [ 778221.035907421144657, 1335008.619136262219399 ], [ 777364.345065428409725, 1334104.904881252441555 ], [ 777968.204643651726656, 1332933.531292997533455 ], [ 777124.940708553884178, 1332470.566879562567919 ], [ 776878.876633406500332, 1331572.53070482192561 ], [ 777212.769294151570648, 1330297.224569463869557 ], [ 777945.130227215471677, 1329400.291596489259973 ], [ 775720.65792513336055, 1327366.649196072015911 ], [ 775916.331915402552113, 1325598.685651464387774 ], [ 776340.266710165305994, 1325891.968344216467813 ], [ 776769.780621096724644, 1325498.485666505293921 ], [ 776371.175853535765782, 1324399.350309116300195 ], [ 776884.000789299141616, 1323909.849213575012982 ], [ 776514.55167828022968, 1323580.255011414177716 ], [ 776769.265688284300268, 1322739.547045849030837 ], [ 775891.368813001783565, 1322296.847825421718881 ], [ 775486.22316768404562, 1322483.804980661021546 ], [ 775624.963758834637702, 1321887.431976562831551 ], [ 773955.208070825901814, 1322541.384379638824612 ], [ 773372.662489372189157, 1322128.887292676605284 ], [ 774086.294787343940698, 1321007.544583382550627 ], [ 773341.219170474796556, 1320886.449255006154999 ], [ 773526.928353263880126, 1320069.585062657715753 ], [ 772387.746022157371044, 1319540.148621229222044 ], [ 772616.500712997862138, 1319262.430377800483257 ], [ 772215.343855947838165, 1319354.675962476059794 ], [ 771593.716854363912717, 1318440.382414557505399 ], [ 772029.736566165811382, 1317634.607944616349414 ], [ 771043.491526780999266, 1316190.280687452526763 ], [ 771577.549681012285873, 1315895.637463831808418 ], [ 771368.469974725972861, 1315350.40719888289459 ], [ 771860.240467580850236, 1314767.688179954187945 ], [ 771602.203863657894544, 1314166.872304748743773 ], [ 770912.327672213315964, 1313968.574495278764516 ], [ 771103.611546884872951, 1312718.482950787991285 ], [ 770507.130620806710795, 1313125.921074193203822 ], [ 770484.854100506519899, 1312738.357734877616167 ], [ 763549.692793454159983, 1312267.749050910584629 ], [ 714520.761023200000636, 1309574.791989150457084 ], [ 715459.090336564695463, 1344780.976321435999125 ], [ 717132.871208751108497, 1344892.129503721836954 ], [ 718908.456126856734045, 1346155.338225571671501 ], [ 720469.919118759105913, 1346540.33514741063118 ], [ 726806.185351797146723, 1344372.957670025294647 ], [ 728811.942192286252975, 1342903.702208802802488 ], [ 730184.054403835325502, 1341047.643531876849011 ], [ 732329.280482082045637, 1336075.817113822558895 ], [ 738839.67875932645984, 1331087.225338800810277 ] ] ] } },
{ "type": "Feature", "properties": { "county_fips": "035" }, "geometry": { "type": "Polygon", "coordinates": [ [ [ 864692.872916968073696, 951150.185196784324944 ], [ 812508.73124244925566, 946102.229072670103051 ], [ 812976.317491600639187, 947947.05190828407649 ], [ 815127.400850728037767, 950684.749026867211796 ], [ 818327.486422040848993, 953039.524366492289118 ], [ 819289.441135982400738, 956786.102682555676438 ], [ 820552.633666984620504, 957433.579514514654875 ], [ 821620.82679968024604, 960095.757289172499441 ], [ 823431.491438823170029, 962841.259250014321879 ], [ 825447.014101622044109, 964112.51903040567413 ], [ 825889.966760392300785, 965235.805837287101895 ], [ 829192.080235885921866, 969200.290201606811024 ], [ 831402.9612730613444, 970031.842564093298279 ], [ 832086.790753990528174, 971586.80697730416432 ], [ 832010.451018943684176, 972391.202053740038536 ], [ 834583.804878911818378, 977320.027528608217835 ], [ 834221.055007042828947, 978765.389553097891621 ], [ 834825.740596457151696, 980397.486171503551304 ], [ 834861.267745869001374, 982855.417915502912365 ], [ 835892.198979606153443, 985004.553533415193669 ], [ 836273.709655622253194, 987718.158953682985157 ], [ 835940.333709307597019, 988987.5292479271302 ], [ 836130.968761609285139, 990928.163860355503857 ], [ 837391.782979444251396, 991250.072756301378831 ], [ 838743.03833486372605, 992242.27921150799375 ], [ 840320.238684058072977, 992507.317813906236552 ], [ 841294.967744448687881, 994164.032509737880901 ], [ 842959.342217510915361, 995155.278884998639114 ], [ 843255.576538211549632, 995557.813698602258228 ], [ 842583.836499677505344, 997103.93736997875385 ], [ 842494.773727921419777, 998514.376162748550996 ], [ 843310.269904999877326, 1000172.204024884500541 ], [ 845847.691741228220053, 999736.368407538393512 ], [ 849094.239899347070605, 1000681.006576552754268 ], [ 850112.233041730243713, 1001812.529171532718465 ], [ 851978.996382471290417, 1002449.608486792771146 ], [ 853999.355567938182503, 1004271.785091007011943 ], [ 856074.769353823154233, 1005213.502370079630055 ], [ 856556.226893048151396, 1005284.092837731703185 ], [ 857754.303144882549532, 991936.320477180881426 ], [ 858700.314251945586875, 990326.299161028466187 ], [ 859152.461850151768886, 990223.442166341934353 ], [ 859940.677725141635165, 987620.383711459580809 ], [ 861366.415023754700087, 986167.792753617279232 ], [ 861477.073537886026315, 984942.993037280626595 ], [ 861902.650865962845273, 985056.023344844812527 ], [ 862465.175865291152149, 982762.18709434766788 ], [ 863886.519007036229596, 981744.327325371676125 ], [ 864742.139496275573038, 981758.087130933534354 ], [ 865242.368170984555036, 980637.700355718145147 ], [ 878233.356282737571746, 981762.648642206680961 ], [ 879214.178823991212994, 972094.11919610935729 ], [ 882068.12279256049078, 972080.806611222797073 ], [ 881811.010353051242419, 971540.243754454539157 ], [ 882788.370533738983795, 970447.3261903161183 ], [ 882449.802242265781388, 970011.578809545841068 ], [ 883272.364677380071953, 968708.438605822157115 ], [ 883036.504767852718942, 967485.776243126136251 ], [ 882160.774772188160568, 967107.201254679472186 ], [ 883134.030649869819172, 964916.702223695348948 ], [ 882535.796571451122873, 964119.8464576669503 ], [ 881917.265231117489748, 964046.229113691137172 ], [ 882208.009151219041087, 963572.410302838776261 ], [ 881788.486397154279985, 962975.157269019284286 ], [ 880059.857849009567872, 962005.700396975618787 ], [ 880417.88830659375526, 961495.062909121857956 ], [ 881959.936025450704619, 945034.23942297976464 ], [ 881328.950827154796571, 945266.75772740074899 ], [ 881281.570713938563131, 944755.391667692689225 ], [ 880033.748661497957073, 944727.756681602797471 ], [ 880513.381987511296757, 944129.543787401285954 ], [ 880114.070607550442219, 943865.852255878620781 ], [ 878654.08575425518211, 943983.407706610043533 ], [ 878835.832317122956738, 944661.469478063751012 ], [ 878039.013219113578089, 945000.055039278347977 ], [ 876570.531603410257958, 944589.280044201295823 ], [ 876101.991212793742307, 943222.15485768171493 ], [ 875754.911813757498749, 943371.185577041120268 ], [ 876115.485243978444487, 943876.689378992305137 ], [ 876110.325389153440483, 944423.894673501490615 ], [ 875761.434431125759147, 944444.092026771162637 ], [ 875989.565478701726533, 944975.258549887570553 ], [ 875511.278452993137762, 944921.14643817639444 ], [ 875022.670398775371723, 945476.587698946008459 ], [ 875657.488477306440473, 946107.62904203182552 ], [ 874925.021708047599532, 946407.591701491153799 ], [ 875658.099189305910841, 947719.145352450897917 ], [ 874552.877675769035704, 950012.82886717596557 ], [ 874524.690131917479448, 950839.778788011637516 ], [ 875194.151119929971173, 952094.25231551064644 ], [ 864692.872916968073696, 951150.185196784324944 ] ] ] } },
{ "type": "Feature", "properties": { "county_fips": "037" }, "geometry": { "type": "Polygon", "coordinates": [ [ [ 901672.900664511136711, 1121828.924692132510245 ], [ 900261.400188365369104, 1121703.481140452437103 ], [ 900130.374120369087905, 1123275.661933938506991 ], [ 898502.639498861390166, 1123142.281354767968878 ], [ 898658.251584270852618, 1121549.289046234684065 ], [ 895119.653009521076456, 1121166.184611167991534 ], [ 893866.166060552000999, 1121483.266693957149982 ], [ 892034.638928022235632, 1123028.898854414233938 ], [ 891169.28421980899293, 1124645.606582196662202 ], [ 889708.034987007267773, 1124961.383488659281284 ], [ 888167.327790038078092, 1126170.036449254956096 ], [ 888201.761412735562772, 1127072.2769867957104 ], [ 886841.059270070283674, 1127092.286731415428221 ], [ 886281.843743142206222, 1129229.900148002197966 ], [ 886483.145820472505875, 1130302.040535261854529 ], [ 887293.637760562822223, 1131312.831040574936196 ], [ 887133.510765852639452, 1132135.624293068423867 ], [ 886118.960471309022978, 1133123.289429871598259 ], [ 884175.826080592931248, 1133413.32396274805069 ], [ 882716.301747886114754, 1136962.98549791239202 ], [ 881221.147072680993006, 1137671.699523978633806 ], [ 880059.935483330744319, 1139457.720385686960071 ], [ 879430.734360680449754, 1143905.682970045367256 ], [ 880003.626438562409021, 1145433.314381262985989 ], [ 878679.379943649284542, 1147636.435969348996878 ], [ 878997.257472395314835, 1149775.666503531625494 ], [ 878267.649950336199254, 1153226.677227983018383 ], [ 879453.745960189029574, 1154631.058807393535972 ], [ 878773.887039568740875, 1157072.04340040916577 ], [ 880468.543339998926967, 1158870.038002889137715 ], [ 924891.949879539664835, 1163634.198790012625977 ], [ 928295.967934892280027, 1132924.322208136785775 ], [ 927725.890566645539366, 1132710.812012352515012 ], [ 928335.876462593208998, 1132628.645498448517174 ], [ 927835.515264224959537, 1131980.23483265331015 ], [ 928470.772593503003009, 1131275.953761583892629 ], [ 928639.275787882856093, 1130096.237944446504116 ], [ 929327.067028139485046, 1130088.528482393827289 ], [ 928709.173918409855105, 1129451.696332229068503 ], [ 929183.287485120352358, 1124852.093074360163882 ], [ 901672.900664511136711, 1121828.924692132510245 ] ] ] } },
{ "type": "Feature", "properties": { "county_fips": "039" }, "geometry": { "type": "Polygon", "coordinates": [ [ [ 899047.356344362255186, 924601.963331320672296 ], [ 885242.338121568667702, 923259.862170196371153 ], [ 885204.70049814414233, 923889.969305208185688 ], [ 884050.137397797196172, 923803.255810553091578 ], [ 880417.88830659375526, 961495.062909121857956 ], [ 880058.09614155779127, 961972.205707564717159 ], [ 881788.486397154279985, 962975.157269019284286 ], [ 882208.009151219041087, 963572.410302838776261 ], [ 881917.265231117489748, 964046.229113691137172 ], [ 882535.796571451122873, 964119.8464576669503 ], [ 883134.030649869819172, 964916.702223695348948 ], [ 882160.774772188160568, 967107.201254679472186 ], [ 883036.504767852718942, 967485.776243126136251 ], [ 883272.364677380071953, 968708.438605822157115 ], [ 882449.802242265781388, 970011.578809545841068 ], [ 882788.370533738983795, 970447.3261903161183 ], [ 881811.010353051242419, 971540.243754454539157 ], [ 882068.12279256049078, 972080.806611222797073 ], [ 879214.178823991212994, 972094.11919610935729 ], [ 878233.356282737571746, 981762.648642206680961 ], [ 906589.481950364890508, 984947.440314477775246 ], [ 907804.936813793261535, 976520.453284757211804 ], [ 908802.16541003936436, 977465.309282528585754 ], [ 909150.906694986624643, 978584.291073859785683 ], [ 909583.598909717984498, 978623.330420459853485 ], [ 909335.382643285905942, 979093.078920227475464 ], [ 909980.730745026608929, 979312.513150752289221 ], [ 910419.933968545403332, 980856.462774108164012 ], [ 912040.896949335699901, 980816.552976989769377 ], [ 912091.813090629759245, 981382.87347871507518 ], [ 912815.029402728308924, 981153.175752819981426 ], [ 913403.237359910039231, 982802.539939287817106 ], [ 914065.984838185249828, 982827.151473729754798 ], [ 913997.288715973496437, 983186.705184205318801 ], [ 914433.334145579952747, 983334.324660666403361 ], [ 914285.185459793079644, 984008.585454865824431 ], [ 915928.503682123729959, 985233.395217219484039 ], [ 916083.976662766304798, 986068.119835341814905 ], [ 917846.540540141635574, 986250.30255585082341 ], [ 918969.392581734457053, 978207.196967645431869 ], [ 920554.348648680490442, 978382.82177482591942 ], [ 920561.098640419892035, 976755.705595862353221 ], [ 926972.001594791072421, 977294.623479524743743 ], [ 930643.950306782615371, 942448.883882410125807 ], [ 932320.564686930272728, 928968.235193070955575 ], [ 932644.315213717636652, 929004.014970431104302 ], [ 932718.61758891644422, 927998.780540581210516 ], [ 899047.356344362255186, 924601.963331320672296 ] ] ] } },
{ "type": "Feature", "properties": { "county_fips": "041" }, "geometry": { "type": "Polygon", "coordinates": [ [ [ 916994.137053204700351, 986172.479764444637112 ], [ 916083.976662766304798, 986068.119835341814905 ], [ 915928.503682123729959, 985233.395217219484039 ], [ 914285.185459793079644, 984008.585454865824431 ], [ 914423.129914921359159, 983300.159931730595417 ], [ 913997.288715973496437, 983186.705184205318801 ], [ 914065.984838185249828, 982827.151473729754798 ], [ 913403.237359910039231, 982802.539939287817106 ], [ 912815.029402728308924, 981153.175752819981426 ], [ 912091.813090629759245, 981382.87347871507518 ], [ 912040.896949335699901, 980816.552976989769377 ], [ 910419.933968545403332, 980856.462774108164012 ], [ 909980.730745026608929, 979312.513150752289221 ], [ 909335.382643285905942, 979093.078920227475464 ], [ 909583.598909717984498, 978623.330420459853485 ], [ 909150.906694986624643, 978584.291073859785683 ], [ 908802.16541003936436, 977465.309282528585754 ], [ 907804.936813793261535, 976520.453284757211804 ], [ 906589.481950364890508, 984947.440314477775246 ], [ 897265.939246021676809, 983806.238130728830583 ], [ 896934.782398727489635, 986973.104106132755987 ], [ 896520.092698162188753, 986944.049051522044465 ], [ 896338.633463519392535, 988565.339871461037546 ], [ 896783.445878286263905, 988585.107371752383187 ], [ 895792.239021015702747, 998195.212806414463557 ], [ 900571.114394754520617, 998717.25427938811481 ], [ 899635.266635463689454, 1010239.378711722558364 ], [ 900046.200745318667032, 1010275.466575398342684 ], [ 899874.086414470337331, 1011919.916278151562437 ], [ 899466.749430446187034, 1011875.236636341316625 ], [ 898812.505440751672722, 1018244.791578473057598 ], [ 899525.790628551505506, 1018750.91536225634627 ], [ 899442.043857871787623, 1019559.824602203676477 ], [ 898627.919375368044712, 1019879.469824012485333 ], [ 897158.66139010200277, 1032965.499713433906436 ], [ 901211.416046726168133, 1033279.520449150470085 ], [ 900293.668387386831455, 1041366.639116255915724 ], [ 901198.013173835002817, 1041476.885454888571985 ], [ 901105.643222870887257, 1042249.934107408043928 ], [ 900204.463168843183666, 1042140.009546664659865 ], [ 900116.02614628279116, 1042906.747523545287549 ], [ 909704.080252099782228, 1043987.70801002997905 ], [ 910817.797961361240596, 1034402.447488769423217 ], [ 921175.012286664918065, 1035624.607161942520179 ], [ 921756.708694565808401, 1035190.251808505039662 ], [ 923062.530006142449565, 1031879.936706609791145 ], [ 922919.547671496402472, 1031174.72500417183619 ], [ 923738.10898470506072, 1027594.850419128546491 ], [ 923125.807919315993786, 1025040.295389426406473 ], [ 923399.992178659536876, 1024562.422498379135504 ], [ 923124.192345463205129, 1021521.414992262027226 ], [ 923503.895535500254482, 1020851.589255716302432 ], [ 922659.612957743462175, 1019256.303298554266803 ], [ 922808.101164663094096, 1018509.677094774669968 ], [ 922242.328314644400962, 1017974.198639087495394 ], [ 922444.773940265993588, 1016045.58961525070481 ], [ 927225.668044719845057, 1016597.787736597005278 ], [ 928815.222889018827118, 1002437.205409326939844 ], [ 927631.401359380339272, 1002004.454068218357861 ], [ 927701.121057390235364, 999913.248790245736018 ], [ 927018.676448012818582, 999598.445076527423225 ], [ 927093.877941278740764, 998935.377161843236536 ], [ 926167.133992793736979, 998193.875285487039946 ], [ 926158.693368526990525, 997499.423982075648382 ], [ 926292.048014592728578, 996960.054615580942482 ], [ 929451.328043263289146, 997436.799960386706516 ], [ 930556.948602115153335, 988589.772477087564766 ], [ 929352.776926000253297, 988447.953371206996962 ], [ 929456.551300530671142, 987639.015261575230397 ], [ 925863.137546976679005, 987237.779180490062572 ], [ 926972.001594791072421, 977294.623479524743743 ], [ 920561.098640419892035, 976755.705595862353221 ], [ 920554.348648680490442, 978382.82177482591942 ], [ 918969.392581734457053, 978207.196967645431869 ], [ 917846.540540141635574, 986250.30255585082341 ], [ 916994.137053204700351, 986172.479764444637112 ] ] ] } },
{ "type": "Feature", "properties": { "county_fips": "043" }, "geometry": { "type": "Polygon", "coordinates": [ [ [ 832708.560813975753263, 1245389.674975232686847 ], [ 831850.152418202138506, 1244537.653411928331479 ], [ 831718.128093345672823, 1243714.85756515734829 ], [ 831750.02695462515112, 1243226.684458214789629 ], [ 832336.259022259502672, 1242998.724584325682372 ], [ 832559.904526930651627, 1241816.230026716599241 ], [ 832227.683883181074634, 1241001.771933136275038 ], [ 832653.373294646036811, 1240556.956696379929781 ], [ 830714.073197320918553, 1239683.011004763422534 ], [ 829774.718164490652271, 1240149.3328144736588 ], [ 830152.535172594478354, 1239045.434025838272646 ], [ 828817.643129427568056, 1239623.591376064345241 ], [ 829193.456463615060784, 1238572.343359448481351 ], [ 826212.327019762480631, 1238477.204609943088144 ], [ 825328.734593310276978, 1239554.497154308483005 ], [ 824798.33012155641336, 1239077.280745727242902 ], [ 824538.493455809075385, 1241605.917856210842729 ], [ 816777.842205366003327, 1241003.696528378641233 ], [ 816893.759574364521541, 1241290.24541927035898 ], [ 815871.077468576841056, 1241846.11660678149201 ], [ 817506.653581809252501, 1242902.61156048765406 ], [ 817045.12282496097032, 1244291.693178319605067 ], [ 815074.579740642337129, 1245993.942660535918549 ], [ 814232.703529024380259, 1248503.348740598885342 ], [ 811863.242676447378471, 1249130.068883261876181 ], [ 811628.908250661334023, 1250346.180885006440803 ], [ 810294.028484945185483, 1251971.639173433417454 ], [ 813867.622574540437199, 1252211.811680521350354 ], [ 810683.421107789152302, 1287998.328940041828901 ], [ 868306.698511550202966, 1292357.816827997565269 ], [ 868503.836722006089985, 1290871.86615663790144 ], [ 870101.920448374468833, 1291009.208845192100853 ], [ 870247.282783992937766, 1289384.702606763923541 ], [ 871023.620995227480307, 1289460.577438351232558 ], [ 870679.049258322571404, 1288171.103755012154579 ], [ 870991.593410111032426, 1288190.355337086133659 ], [ 871020.74231200828217, 1287749.917760320007801 ], [ 867930.471950797829777, 1287569.988354234490544 ], [ 867060.205786009784788, 1286172.231523345224559 ], [ 865800.502501626033336, 1286731.074354076758027 ], [ 865068.170873421942815, 1286330.120547462021932 ], [ 864668.644318104255944, 1284763.189265997847542 ], [ 864974.78628943185322, 1283460.801490004174411 ], [ 863474.421300490386784, 1283223.642072220565751 ], [ 863350.946766557637602, 1282144.035725465975702 ], [ 862931.549269226146862, 1282086.891959487227723 ], [ 863405.256626140791923, 1281604.703583297785372 ], [ 862408.226184945902787, 1280808.693491105455905 ], [ 862958.210808564443141, 1280219.952473876299337 ], [ 862333.244643582613207, 1279485.712804607581347 ], [ 862470.599128583911806, 1278968.268463509390131 ], [ 863422.745755512733012, 1278690.40232262481004 ], [ 861081.631303462083451, 1276272.914995498489588 ], [ 860315.396721485536546, 1273925.363710824633017 ], [ 859775.877910299925134, 1273933.757567726541311 ], [ 860125.414458318147808, 1272960.562590602086857 ], [ 859120.379144943552092, 1272380.783084826311097 ], [ 858744.441036857781, 1271453.306651334511116 ], [ 859227.478834598092362, 1270909.507835521362722 ], [ 858062.459337423089892, 1270083.307850136654451 ], [ 856980.667612138553523, 1270950.221064840909094 ], [ 855632.379630342125893, 1269784.546409763628617 ], [ 855745.559378980658948, 1269053.533001923933625 ], [ 854486.423766750376672, 1269071.505576171446592 ], [ 854337.159761858172715, 1267271.311588528100401 ], [ 853339.290907766669989, 1266274.452704220311716 ], [ 852897.692302079638466, 1266739.955621012486517 ], [ 851716.808774841483682, 1265647.799919629236683 ], [ 851506.530026973923668, 1266988.201386370230466 ], [ 851154.538868396659382, 1267057.380352204432711 ], [ 850115.601170036010444, 1265695.488412586506456 ], [ 852212.309913603938185, 1262802.042369462782517 ], [ 851753.052396651008166, 1262658.738154312828556 ], [ 851086.450106456293724, 1263552.099661023821682 ], [ 850400.016017689020373, 1263156.44438638491556 ], [ 850006.456527819274925, 1261863.643602104159072 ], [ 850848.863124970812351, 1260608.681930259335786 ], [ 850186.193931034533307, 1259812.146866398165002 ], [ 849187.033271237858571, 1260085.584476024610922 ], [ 848847.987310729222372, 1259133.230546794598922 ], [ 849043.785031624138355, 1258426.073985111899674 ], [ 847288.521772848675027, 1257159.298064779257402 ], [ 847612.686010552803054, 1256179.120827337959781 ], [ 845849.702234640833922, 1255620.617317884927616 ], [ 846265.650632241042331, 1255088.411500443471596 ], [ 845847.97111456503626, 1254436.495067787356675 ], [ 845937.42755796876736, 1253387.713733486598358 ], [ 844728.925928910379298, 1252798.596282401587814 ], [ 845221.636210046359338, 1252266.753566775005311 ], [ 844172.388179870089516, 1252501.900047909468412 ], [ 843414.109784009051509, 1251792.31459583947435 ], [ 843847.363319253898226, 1251159.523976575117558 ], [ 843425.445230054087006, 1250519.613448467105627 ], [ 840820.404784227488562, 1250869.188895713770762 ], [ 840579.308964511263184, 1250306.46430534333922 ], [ 841067.68447875615675, 1249098.218548940727487 ], [ 839582.908108372939751, 1249963.013826286653057 ], [ 839036.929072763537988, 1249775.151197754777968 ], [ 837486.453970598056912, 1248032.531428762944415 ], [ 837589.691820202046074, 1247365.743791596032679 ], [ 835839.996336155920289, 1248004.300619403365999 ], [ 835113.886388632236049, 1247594.143562133656815 ], [ 835479.93422066338826, 1246669.279461756581441 ], [ 835250.993757443269715, 1245772.949791276128963 ], [ 833297.599576852517202, 1245106.484490225790069 ], [ 832708.560813975753263, 1245389.674975232686847 ] ] ] } },
{ "type": "Feature", "properties": { "county_fips": "045" }, "geometry": { "type": "Polygon", "coordinates": [ [ [ 978155.449668976245448, 961896.6987068495946 ], [ 978497.219046380370855, 961468.384455391555093 ], [ 977910.043558547040448, 960196.369537271326408 ], [ 976971.855695933918469, 959779.409598086844198 ], [ 977118.113307440653443, 958256.043430510209873 ], [ 976678.77292046265211, 957869.772305532940663 ], [ 976975.549233902711421, 956922.401954861823469 ], [ 976303.987741378950886, 955838.977805042639375 ], [ 975796.553219390567392, 955868.272391829057597 ], [ 975775.565795262227766, 955288.994217301835306 ], [ 967789.395463319844566, 954336.911227630684152 ], [ 962970.735844556358643, 1001013.554913572734222 ], [ 997958.541323644458316, 1005025.019919270882383 ], [ 1002022.050487503758632, 968152.311879388289526 ], [ 995563.305943643325008, 967533.975522510241717 ], [ 995999.475710306316614, 962964.794401146005839 ], [ 994260.776093739434145, 962844.022654828149825 ], [ 993076.593711200752296, 963370.899711053352803 ], [ 990397.979960743919946, 963203.673449116642587 ], [ 988329.140880525344983, 964065.55141741677653 ], [ 986403.190178475459106, 963955.85760318976827 ], [ 984610.56840450852178, 964691.896827390650287 ], [ 982034.218328127753921, 964434.028836020152085 ], [ 981569.929677766747773, 964698.718849174794741 ], [ 979298.461214779526927, 963928.023746555089019 ], [ 978155.449668976245448, 961896.6987068495946 ] ] ] } },
{ "type": "Feature", "properties": { "county_fips": "047" }, "geometry": { "type": "Polygon", "coordinates": [ [ [ 819733.647134514991194, 1043844.87108235352207 ], [ 820060.979839006788097, 1045447.979252122575417 ], [ 819498.341107237269171, 1045065.897369177779183 ], [ 819612.102933482616208, 1045638.451035191770643 ], [ 819224.001975519349799, 1045496.216430122032762 ], [ 819001.766988529008813, 1045838.119528411771171 ], [ 818421.993191213929094, 1045449.600379484472796 ], [ 818074.384501832537353, 1046008.847839737893082 ], [ 817970.367950134910643, 1045531.226043298374861 ], [ 817182.374881115043536, 1045392.896868859999813 ], [ 817148.862812430947088, 1045890.420809379778802 ], [ 816783.281574314110912, 1045890.709681733162142 ], [ 816916.476568489102647, 1046693.213568385341205 ], [ 816487.106960448087193, 1046766.436272665741853 ], [ 816090.688982617692091, 1047847.408047240227461 ], [ 815159.33666940103285, 1047343.969143409049138 ], [ 815476.788912891177461, 1047785.981270431424491 ], [ 814894.301580818020739, 1047742.700555924559012 ], [ 814561.815775597584434, 1048656.128926448291168 ], [ 814054.540183676406741, 1048789.132295369869098 ], [ 814149.432022152002901, 1049664.660160647938028 ], [ 813863.125291939009912, 1049769.249446287518367 ], [ 813663.323625230696052, 1049068.668161993380636 ], [ 813507.956723395152949, 1049572.513531702337787 ], [ 812984.456264922046103, 1049383.435622902587056 ], [ 813135.169818615657277, 1050453.772998445667326 ], [ 812640.30181078996975, 1051116.485298324376345 ], [ 812387.975198345026001, 1050629.138282399391755 ], [ 811126.571759566082619, 1051151.980498963268474 ], [ 810907.617388809216209, 1050798.677462446503341 ], [ 810524.18111852358561, 1051214.927886191755533 ], [ 810720.520400446373969, 1050817.405036261072382 ], [ 810309.626178192789666, 1050702.780226124916226 ], [ 809922.267328135319985, 1051162.344863770063967 ], [ 809095.759879140532576, 1050430.017395536415279 ], [ 809146.288312791148201, 1051181.010002457303926 ], [ 808737.682261998648755, 1051097.219482457032427 ], [ 808012.965809218818322, 1051856.74528822209686 ], [ 807800.192695680889301, 1053209.417946178931743 ], [ 806481.79384250799194, 1053184.994490430923179 ], [ 806566.672291341121309, 1054267.380337635055184 ], [ 806000.477151112514548, 1055026.597676381701604 ], [ 804498.626355596585199, 1054542.01564598409459 ], [ 803891.949870773241855, 1055159.125540360808372 ], [ 803036.341091556358151, 1055274.160015134839341 ], [ 802562.255661655217409, 1056139.064360158983618 ], [ 801554.951569560333155, 1056725.023796352557838 ], [ 801614.224677004152909, 1057474.219705046154559 ], [ 800806.362910224939696, 1057819.29256299789995 ], [ 799913.229859566548839, 1057648.728031230857596 ], [ 799554.231132101733238, 1057098.168235424906015 ], [ 798267.502214572392404, 1057040.944688254501671 ], [ 797745.014399471576326, 1061877.730642145965248 ], [ 802529.902129154652357, 1062364.026979399146512 ], [ 800641.267527704010718, 1081769.094796352554113 ], [ 829510.992608957225457, 1085065.94046559673734 ], [ 830426.28552679461427, 1086953.639497252181172 ], [ 830239.88859157380648, 1087180.418565604602918 ], [ 830519.894228137098253, 1087167.177537669893354 ], [ 830510.608763891737908, 1088553.845948146888986 ], [ 831115.095784745062701, 1089254.261009651236236 ], [ 831103.615583842853084, 1090320.420719277346507 ], [ 832021.784083814243786, 1091029.487555667757988 ], [ 832145.84993667632807, 1092698.886225562077016 ], [ 831578.330950618721545, 1093370.6566363631282 ], [ 831559.674599462072365, 1094506.561118845129386 ], [ 833658.420054687885568, 1096186.206225102767348 ], [ 835047.678296066238545, 1098003.904187164036557 ], [ 834142.601444476051256, 1100222.379253314109519 ], [ 834133.454211174394004, 1101687.023803810821846 ], [ 835138.995210755267181, 1105239.171175520168617 ], [ 835147.274559235433117, 1106466.936523903626949 ], [ 834548.28421277354937, 1107682.63109302893281 ], [ 834695.335989276296459, 1108765.131918722530827 ], [ 835778.590764464694075, 1112642.518894847948104 ], [ 836485.650328940013424, 1105284.828394000418484 ], [ 845766.450485092238523, 1106270.42619011295028 ], [ 845513.168222657288425, 1105384.00858950894326 ], [ 846347.671686741057783, 1104516.381124367471784 ], [ 845865.130313661298715, 1103999.498547767521814 ], [ 846726.866742947371677, 1102574.944725011475384 ], [ 846833.910427356255241, 1100505.273416359210387 ], [ 847439.549728560494259, 1100153.74697477533482 ], [ 847700.396318568498828, 1097998.966456919675693 ], [ 848444.887924922630191, 1096810.324613814242184 ], [ 848579.943605751846917, 1094531.311997989658266 ], [ 848134.055946245207451, 1094161.571710353717208 ], [ 848064.613669157610275, 1092973.047912956681103 ], [ 848429.456974552595057, 1092683.621771747712046 ], [ 848129.327304689446464, 1092246.000416213879362 ], [ 848587.512724933330901, 1092164.398929874878377 ], [ 848470.534995322697796, 1091550.09569847327657 ], [ 849878.306069766986184, 1089759.874659884721041 ], [ 849994.969092790270224, 1088615.84547718660906 ], [ 850853.247508706175722, 1087888.219285319792107 ], [ 850704.948179901693948, 1087349.996516394661739 ], [ 851234.948601526673883, 1086941.920124575728551 ], [ 850720.991095985285938, 1086361.454176501370966 ], [ 852360.035766000044532, 1084963.817940609995276 ], [ 852413.905584114836529, 1083867.819187617395073 ], [ 852906.600618946948089, 1083897.167131066089496 ], [ 853404.85659151582513, 1083080.186071258038282 ], [ 852917.274203895474784, 1081595.940085818758234 ], [ 854472.389325385680422, 1081805.032068367581815 ], [ 856992.842366215307266, 1080525.315494050038978 ], [ 855206.717881954973564, 1079431.603560572722927 ], [ 855272.710399118834175, 1078169.954755465965718 ], [ 857025.513198145665228, 1075612.165567408548668 ], [ 858410.291242558625527, 1074624.512031642487273 ], [ 859410.244496046565473, 1072588.812174577033147 ], [ 858778.616337963496335, 1071297.921001250389963 ], [ 855596.810711474041454, 1069662.120109886163846 ], [ 855792.529735908145085, 1067542.969276392133906 ], [ 858113.972190318978392, 1067330.673559678485617 ], [ 856123.337081594625488, 1065595.29346042778343 ], [ 856312.44623358361423, 1065122.807001748587936 ], [ 855332.559961434453726, 1064615.285118994303048 ], [ 854903.018257085001096, 1063176.783732522279024 ], [ 855931.100749565288424, 1062088.681945371441543 ], [ 856003.956351284519769, 1061505.658122280379757 ], [ 858079.103023273171857, 1059572.544233298161998 ], [ 859488.295193061698228, 1059356.795479822671041 ], [ 860305.534162505529821, 1059886.326492093969136 ], [ 860456.334471457288601, 1058462.826363047817722 ], [ 851306.515956263756379, 1057611.500576031627133 ], [ 853317.318127524806187, 1037981.609484447399154 ], [ 827954.071494889096357, 1035532.818928649765439 ], [ 828285.922488761832938, 1036032.847381017752923 ], [ 827898.863866931409575, 1036453.288714479887858 ], [ 827997.257922947756015, 1037388.298217242350802 ], [ 826775.419913577730767, 1037692.70585103367921 ], [ 826157.228893238585442, 1038496.856520472792909 ], [ 826440.031091930461116, 1039715.702627714723349 ], [ 825891.427068031975068, 1039469.759728360455483 ], [ 824955.542369649163447, 1040413.704316391609609 ], [ 824734.189802529523149, 1040062.34251468302682 ], [ 823371.402112562675029, 1040545.821940704714507 ], [ 823259.58616130053997, 1040245.719879396492615 ], [ 822179.780498944805004, 1041029.553245981340297 ], [ 821895.083018406061456, 1042341.386959315743297 ], [ 820819.868956910679117, 1042979.420157378423028 ], [ 820933.763702100724913, 1043216.46062593057286 ], [ 819798.676115991198458, 1043206.457692568190396 ], [ 819687.582608922733925, 1042919.330771410721354 ], [ 819398.362307768664323, 1043272.160002053016797 ], [ 819733.647134514991194, 1043844.87108235352207 ] ] ] } },
{ "type": "Feature", "properties": { "county_fips": "049" }, "geometry": { "type": "Polygon", "coordinates": [ [ [ 947632.476951386895962, 1318272.633074638200924 ], [ 948189.078070379327983, 1316167.257103129755706 ], [ 947332.212979186908342, 1314877.408730942523107 ], [ 947492.185862890910357, 1314346.274819618789479 ], [ 946512.766005643759854, 1313869.983163267606869 ], [ 946713.955113717820495, 1313309.851147569715977 ], [ 945748.100735599291511, 1312134.261174086714163 ], [ 945498.778357423143461, 1310715.702246527653188 ], [ 944390.318407068611123, 1310961.75525579159148 ], [ 945157.634661521879025, 1309923.192456383258104 ], [ 944349.524318448500708, 1309125.992087948601693 ], [ 944520.162148319301195, 1308191.880489208968356 ], [ 943913.447243734262884, 1307476.661793801235035 ], [ 943076.979150002356619, 1307707.589895315933973 ], [ 942933.035109191085212, 1307073.794787218561396 ], [ 941474.63588714809157, 1306683.065579321235418 ], [ 940535.840083638089709, 1304942.598785365233198 ], [ 940689.683025326114148, 1304512.090578898787498 ], [ 932727.658339361078106, 1294167.548887149430811 ], [ 929560.449378810939379, 1293806.562542679719627 ], [ 929851.374512963346206, 1291640.381535545689985 ], [ 926573.137463954975829, 1291874.766984305344522 ], [ 927121.556544041028246, 1286920.438253609230742 ], [ 903241.243139573256485, 1284476.201474624220282 ], [ 900650.900021641282365, 1305809.064598343102261 ], [ 899851.688059714389965, 1305729.899492860771716 ], [ 899719.647978002205491, 1306937.222396407276392 ], [ 900524.401967077516019, 1307023.711015866836533 ], [ 900215.517275770194829, 1309681.730634873965755 ], [ 904427.790172329754569, 1315541.679874607827514 ], [ 906062.756039789528586, 1315797.954307720763609 ], [ 906530.148786368547007, 1315473.609051432227716 ], [ 907305.530535847181454, 1315789.352043097605929 ], [ 907677.792123893043026, 1316516.044902251334861 ], [ 909262.971599509939551, 1316504.695186543511227 ], [ 910962.256283586844802, 1317413.825728665105999 ], [ 910915.051879810518585, 1317905.965028884354979 ], [ 911607.342688285978511, 1318046.47162005933933 ], [ 912791.040973992086947, 1319095.88305090344511 ], [ 914644.646947397384793, 1322171.375715462258086 ], [ 927316.151846469845623, 1334689.133153344038874 ], [ 934226.116029796306975, 1348900.974270241800696 ], [ 935992.844094989122823, 1349168.351662763860077 ], [ 937060.794425815576687, 1350415.543143640039489 ], [ 938858.352113583590835, 1355463.955243148608133 ], [ 938704.643902640324086, 1357121.821482444182038 ], [ 939127.538820691988803, 1359324.194798551499844 ], [ 939915.168002872029319, 1359618.965120067819953 ], [ 941283.59629688190762, 1361231.179666148032993 ], [ 941121.969742930028588, 1361708.267610202077776 ], [ 942726.068600162980147, 1362898.656742383958772 ], [ 953138.545907489955425, 1326177.202720979461446 ], [ 952579.780581491300836, 1326390.517843162408099 ], [ 952151.402084871777333, 1326109.069125833222643 ], [ 952378.858916733064689, 1325306.726467842003331 ], [ 951403.831284265150316, 1324839.835203072056174 ], [ 950642.94204416545108, 1323230.141609595622867 ], [ 949277.060267068911344, 1323338.913727624574676 ], [ 949350.906001015217043, 1321981.381523125106469 ], [ 948668.42155409255065, 1321893.305412848480046 ], [ 947901.626833475893363, 1321167.349083671811968 ], [ 948515.402057223138399, 1320451.736723170615733 ], [ 948679.396669627982192, 1319310.394283997593448 ], [ 947754.073086413089186, 1319561.3880505124107 ], [ 948051.944688340299763, 1318607.360040274914354 ], [ 947632.476951386895962, 1318272.633074638200924 ] ] ] } },
{ "type": "Feature", "properties": { "county_fips": "051" }, "geometry": { "type": "Polygon", "coordinates": [ [ [ 904582.185210742987692, 1090003.033672461751848 ], [ 904036.381183411576785, 1087999.897831239271909 ], [ 903249.651610195287503, 1087114.050372984958813 ], [ 904643.589547426905483, 1085885.103861035779119 ], [ 905250.616676675272174, 1084692.799477995373309 ], [ 904955.719744924921542, 1083844.324420253979042 ], [ 904553.12001509941183, 1083795.409618828678504 ], [ 904135.673480092198588, 1084584.466794192790985 ], [ 902204.548823163029738, 1085593.676115097012371 ], [ 901022.689321738551371, 1085867.696834840811789 ], [ 896623.084743065177463, 1084701.582531996071339 ], [ 896915.35000011511147, 1083244.376491128234193 ], [ 895625.241713716648519, 1082694.864857244072482 ], [ 891597.825236709904857, 1120473.824388412991539 ], [ 898658.251584270852618, 1121549.289046234684065 ], [ 898603.06249308725819, 1123153.650044485926628 ], [ 900130.374120369087905, 1123275.661933938506991 ], [ 900261.400188365369104, 1121703.481140452437103 ], [ 932428.929833331261761, 1125189.185263113351539 ], [ 932205.020049672923051, 1126769.151841478655115 ], [ 933799.454098466201685, 1126927.051858956227079 ], [ 934032.810727440519258, 1125347.312721631489694 ], [ 940983.710665283026174, 1126054.346491736592725 ], [ 941111.23409717855975, 1124435.335112239932641 ], [ 940047.434456611634232, 1122940.29875190439634 ], [ 940395.096660192823038, 1121555.551230289973319 ], [ 939079.207844223361462, 1119655.330621593631804 ], [ 938939.464247305411845, 1117232.840985404793173 ], [ 940142.280340144759975, 1115379.25697125098668 ], [ 941519.835687989834696, 1114117.041591910645366 ], [ 941277.209788217092864, 1110403.050626803655177 ], [ 942961.313012839527801, 1102810.382564548403025 ], [ 942740.854444652679376, 1100130.804284545127302 ], [ 943020.875135524198413, 1097736.369223975110799 ], [ 944750.511552890413441, 1096069.781060682609677 ], [ 945669.502099967910908, 1095723.3466695190873 ], [ 946505.997622672002763, 1095894.023746042279527 ], [ 946796.538125939201564, 1095547.221554915886372 ], [ 944820.818118698778562, 1094877.119263904634863 ], [ 944315.338518256903626, 1092811.692880530143157 ], [ 944652.702153621474281, 1092264.176208802498877 ], [ 943394.800690147327259, 1091854.833839781582355 ], [ 939884.537257471354678, 1092260.018535660114139 ], [ 938655.107978349900804, 1091009.036113365553319 ], [ 937512.364817388588563, 1090492.041421583388001 ], [ 936773.797583033912815, 1091400.569927335483953 ], [ 935534.026877861237153, 1091768.995994485449046 ], [ 935216.988314584130421, 1091344.787183845881373 ], [ 935853.473705343087204, 1090870.141157916048542 ], [ 935065.683025865233503, 1090079.024130238918588 ], [ 934123.324631339637563, 1091449.224107921356335 ], [ 933801.483819909393787, 1090660.387083515059203 ], [ 934478.764412823366001, 1089557.359900770476088 ], [ 934239.664091940037906, 1088831.323635659180582 ], [ 932891.977613695897162, 1088611.302568814484403 ], [ 931855.148693271679804, 1087514.759419976733625 ], [ 930241.800539311720058, 1087553.28739448194392 ], [ 929445.677228020154871, 1085746.961515886941925 ], [ 926704.720325536094606, 1086118.38662488409318 ], [ 925640.048275964916684, 1087116.515712206251919 ], [ 923093.420949976542033, 1086198.059259847272187 ], [ 922696.147982666268945, 1087071.030624791514128 ], [ 922142.578736246796325, 1086524.283377636689693 ], [ 921606.913257936481386, 1086866.402944441651925 ], [ 921938.970428647357039, 1088101.550925151212141 ], [ 919667.463432178250514, 1086809.752397801261395 ], [ 919204.846172880148515, 1087915.0604220230598 ], [ 917558.397923872224055, 1088355.319859089097008 ], [ 915944.394781853421591, 1087301.925332620972767 ], [ 915398.563254827400669, 1088154.286778048379347 ], [ 916581.26627769402694, 1089175.989534385036677 ], [ 915703.086323142400943, 1089991.541469359770417 ], [ 914723.292410160298459, 1089280.82479001628235 ], [ 913358.0049720229581, 1091709.10684050922282 ], [ 912649.441562400199473, 1090973.945220214547589 ], [ 912112.815436953911558, 1090970.673658016836271 ], [ 911938.132530512171797, 1091881.961802664911374 ], [ 912488.814248841721565, 1092254.599323875503615 ], [ 912152.849120219587348, 1092718.882953631924465 ], [ 911460.674359450349584, 1093325.456360514741391 ], [ 910859.071642372524366, 1092845.611657698405907 ], [ 910896.593695151386783, 1093754.934333007549867 ], [ 909974.439290020847693, 1093740.96008442225866 ], [ 909447.526902375277132, 1094198.342179445549846 ], [ 908385.356623481609859, 1094231.099623784655705 ], [ 908166.691196400439367, 1093374.253999725682661 ], [ 908734.367461120011285, 1092691.864524854114279 ], [ 907953.964940855279565, 1092234.992245844798163 ], [ 907077.95309629663825, 1092347.250014868797734 ], [ 906322.373300978098996, 1090809.017880481900647 ], [ 905387.828748581698164, 1091181.779708420624956 ], [ 904576.282203857554123, 1092442.225197160383686 ], [ 903952.359716310049407, 1092529.031356177991256 ], [ 903797.113377128611319, 1092070.943990489467978 ], [ 904582.185210742987692, 1090003.033672461751848 ] ] ] } },
{ "type": "Feature", "properties": { "county_fips": "053" }, "geometry": { "type": "Polygon", "coordinates": [ [ [ 831280.069824100239202, 918493.176358302473091 ], [ 797317.087775783846155, 915368.550192544003949 ], [ 794851.827325441641733, 942743.509669169317931 ], [ 797680.667120222584344, 942379.276518153143115 ], [ 798616.491296875174157, 941717.58997292642016 ], [ 800401.335920463548973, 941315.97977220849134 ], [ 802474.019395281327888, 942619.161971270223148 ], [ 803330.938753624097444, 943786.076426240499131 ], [ 805076.131585702649318, 944143.800252801040187 ], [ 806674.747667011804879, 945541.816824516747147 ], [ 875194.151119929971173, 952094.25231551064644 ], [ 874524.690131917479448, 950839.778788011637516 ], [ 874552.877675769035704, 950012.82886717596557 ], [ 875658.099189305910841, 947719.145352450897917 ], [ 874925.021708047599532, 946407.591701491153799 ], [ 875657.488477306440473, 946107.62904203182552 ], [ 875022.670398775371723, 945476.587698946008459 ], [ 875511.278452993137762, 944921.14643817639444 ], [ 875989.565478701726533, 944975.258549887570553 ], [ 875761.434431125759147, 944444.092026771162637 ], [ 876110.325389153440483, 944423.894673501490615 ], [ 876115.485243978444487, 943876.689378992305137 ], [ 875754.911813757498749, 943371.185577041120268 ], [ 876101.991212793742307, 943222.15485768171493 ], [ 876570.531603410257958, 944589.280044201295823 ], [ 878039.013219113578089, 945000.055039278347977 ], [ 878835.832317122956738, 944661.469478063751012 ], [ 878654.08575425518211, 943983.407706610043533 ], [ 880114.070607550442219, 943865.852255878620781 ], [ 880513.381987511296757, 944129.543787401285954 ], [ 880033.748661497957073, 944727.756681602797471 ], [ 881281.570713938563131, 944755.391667692689225 ], [ 881328.950827154796571, 945266.75772740074899 ], [ 881959.936025450704619, 945034.23942297976464 ], [ 884050.137397797196172, 923803.255810553091578 ], [ 885204.70049814414233, 923889.969305208185688 ], [ 885242.338121568667702, 923259.862170196371153 ], [ 851835.173327035037801, 920601.518999606603757 ], [ 831280.069824100239202, 918493.176358302473091 ] ] ] } },
{ "type": "Feature", "properties": { "county_fips": "055" }, "geometry": { "type": "Polygon", "coordinates": [ [ [ 900659.348399083013646, 1255270.886331526329741 ], [ 900331.443742161965929, 1257692.414568149484694 ], [ 898033.537912551197223, 1258349.686002788133919 ], [ 898131.94619265187066, 1259525.43043553410098 ], [ 897247.567782281315885, 1260039.103085696231574 ], [ 894450.281034163781442, 1259069.871371678076684 ], [ 892696.581146411364898, 1256958.697492428822443 ], [ 891102.572952592279762, 1257885.041762306122109 ], [ 890146.618976173456758, 1259370.10555297951214 ], [ 889698.321401327499188, 1258687.214833821635693 ], [ 888972.985869440133683, 1258611.242349153384566 ], [ 887237.128217626363039, 1255500.871672597946599 ], [ 886676.548011384205893, 1255232.582126352703199 ], [ 886229.386297028162517, 1253435.731621545506641 ], [ 882168.444489225745201, 1252979.507294259034097 ], [ 883055.681183290551417, 1254531.716002267086878 ], [ 883819.884732492384501, 1255013.822903601452708 ], [ 883645.390449421713129, 1255441.211342340102419 ], [ 884621.963989575277083, 1256791.813759578857571 ], [ 884344.577396956272423, 1257422.362695302348584 ], [ 884767.781209560576826, 1257424.867272516712546 ], [ 885019.783559224801138, 1258024.394803172443062 ], [ 884404.913292998448014, 1265194.703928189352155 ], [ 884998.361946846009232, 1268154.791638056514785 ], [ 886495.003395688836463, 1271387.605640185065567 ], [ 895973.34394783352036, 1281800.821073760278523 ], [ 897211.762942871428095, 1281819.767679139506072 ], [ 897838.959860645933077, 1282419.820157001726329 ], [ 903453.182928541442379, 1282865.940765048610047 ], [ 903241.243139573256485, 1284476.201474624220282 ], [ 927121.556544041028246, 1286920.438253609230742 ], [ 928391.472649146104231, 1277016.219247087370604 ], [ 929143.327187501476146, 1277012.505085765151307 ], [ 931090.266273110639304, 1278997.48975705052726 ], [ 932205.89648078288883, 1279451.660002599935979 ], [ 932803.399410838610493, 1279109.776613160269335 ], [ 932576.636875027557835, 1276207.447547153802589 ], [ 939343.47235993295908, 1264540.158650973346084 ], [ 939643.199245112598874, 1258513.662831350462511 ], [ 933074.319550801883452, 1259134.483737122267485 ], [ 929782.38756738381926, 1259918.68561945296824 ], [ 929849.237668905640021, 1259112.13373718992807 ], [ 926618.071438837447204, 1258797.552367022726685 ], [ 926694.45218420913443, 1257996.529081614222378 ], [ 925071.528561463579535, 1257811.996613009367138 ], [ 925514.528548256144859, 1253746.092418953310698 ], [ 922346.766822907025926, 1253408.611649440601468 ], [ 922156.031093765748665, 1255029.017370755318552 ], [ 920578.18269493454136, 1254850.178011287935078 ], [ 920664.274339859024622, 1254038.985201023053378 ], [ 919064.07367169635836, 1253981.676925112260506 ], [ 919319.543936535366811, 1251570.318241398315877 ], [ 917730.484666185104288, 1251492.006106710527092 ], [ 917910.026114402455278, 1249881.700548438588157 ], [ 917119.917022944544442, 1249843.1189829709474 ], [ 917274.361239926307462, 1248207.605931461323053 ], [ 914857.72659961564932, 1248087.526923361700028 ], [ 915046.979424879769795, 1246467.064353953115642 ], [ 912520.36652049026452, 1246335.978638920001686 ], [ 912441.650926809874363, 1245080.718223199946806 ], [ 911135.274602363933809, 1245010.849167146719992 ], [ 912059.821952035068534, 1245757.964460154529661 ], [ 911711.235906455316581, 1246821.950446797534823 ], [ 910862.45523042359855, 1247496.627321542007849 ], [ 907686.884435255778953, 1247003.599058294435963 ], [ 907559.102269255672581, 1248211.690617305459455 ], [ 906372.95288490713574, 1249478.187401794129983 ], [ 906308.507067930302583, 1251376.140940895769745 ], [ 905438.93229858041741, 1250908.652197319315746 ], [ 904570.503632461070083, 1251118.397146006813273 ], [ 904159.667235934175551, 1250386.434919550083578 ], [ 903396.530472688609734, 1250627.602166718337685 ], [ 902726.492118553374894, 1252769.903915482806042 ], [ 900842.494736491818912, 1253633.304768250323832 ], [ 900659.348399083013646, 1255270.886331526329741 ] ] ] } },
{ "type": "Feature", "properties": { "county_fips": "057" }, "geometry": { "type": "Polygon", "coordinates": [ [ [ 757940.421918664942496, 1194369.041272201575339 ], [ 750144.893274188158102, 1194096.169732418144122 ], [ 742071.868156185257249, 1193265.274021515622735 ], [ 737846.929919093614444, 1237290.699549051467329 ], [ 766776.375864868867211, 1239270.175977966515347 ], [ 767191.317731849267147, 1234454.905078510055318 ], [ 776789.33366060606204, 1234815.681870414176956 ], [ 778834.248712511267513, 1215304.592706757597625 ], [ 788444.533509228029288, 1215839.471758961910382 ], [ 789333.566469140583649, 1206159.986726196017116 ], [ 770162.509622062323615, 1205313.996960440650582 ], [ 770458.906801307224669, 1202069.921274442691356 ], [ 767251.136201445711777, 1201690.661218711640686 ], [ 767817.263691420550458, 1195221.638526593102142 ], [ 757940.421918664942496, 1194369.041272201575339 ] ] ] } },
{ "type": "Feature", "properties": { "county_fips": "059" }, "geometry": { "type": "Polygon", "coordinates": [ [ [ 749185.781689513707533, 1282125.778720452683046 ], [ 713866.801591092720628, 1280275.5830482179299 ], [ 714520.761023200000636, 1309574.791989150457084 ], [ 732843.839425766491331, 1310336.754535459680483 ], [ 770006.360459831892513, 1312712.537107915617526 ], [ 772613.878348927479237, 1283478.473182594403625 ], [ 749185.781689513707533, 1282125.778720452683046 ] ] ] } },
{ "type": "Feature", "properties": { "county_fips": "061" }, "geometry": { "type": "Polygon", "coordinates": [ [ [ 966332.025115365511738, 931555.484825493884273 ], [ 932718.61758891644422, 927998.780540581210516 ], [ 932107.847316948114894, 930546.801477944478393 ], [ 929857.794149230234325, 949864.96236252959352 ], [ 936275.626136903418228, 950592.413496705004945 ], [ 936406.330809264909476, 949409.558427858864889 ], [ 937224.961113677360117, 949499.662648251396604 ], [ 937099.082828277372755, 950707.517075422452763 ], [ 953917.002666025771759, 952851.246086869039573 ], [ 987227.702867052285001, 956289.397379008354619 ], [ 996604.64574250660371, 957886.977445227326825 ], [ 998855.333515807753429, 935438.431808648398146 ], [ 966332.025115365511738, 931555.484825493884273 ] ] ] } },
{ "type": "Feature", "properties": { "county_fips": "063" }, "geometry": { "type": "Polygon", "coordinates": [ [ [ 738070.709927763673477, 1093492.877787959063426 ], [ 738487.74146868637763, 1094130.791510591283441 ], [ 739638.806749350624159, 1094097.692366055445746 ], [ 740191.039651776081882, 1094538.160103659611195 ], [ 740363.440622529829852, 1096420.4214277502615 ], [ 739741.580963983898982, 1097892.19477375689894 ], [ 741214.697813120903447, 1099691.440057672094554 ], [ 739930.33396639500279, 1100480.236489603295922 ], [ 738481.523473640438169, 1099148.096888184780255 ], [ 736513.399601129698567, 1098659.88684596400708 ], [ 734287.57709319551941, 1099739.584238979034126 ], [ 734214.450863844831474, 1100487.270101175643504 ], [ 735272.90897371491883, 1100592.486485656583682 ], [ 736874.317798540345393, 1101533.308676628163084 ], [ 737128.82586394995451, 1102842.547609945293516 ], [ 735103.992863776977174, 1104767.090143726440147 ], [ 734040.51139487430919, 1108033.7721916961018 ], [ 734837.397974211839028, 1109323.506718518678099 ], [ 737085.664911564905196, 1108805.705848896875978 ], [ 738042.759771485230885, 1110937.75502154766582 ], [ 736915.475811386364512, 1112341.339603087631986 ], [ 734497.911888433387503, 1111020.738379491493106 ], [ 731107.995256355847232, 1115015.186153832124546 ], [ 730367.051116068148986, 1114739.585652692709118 ], [ 729864.119363698526286, 1113817.630058065755293 ], [ 729222.076545144431293, 1113851.034038813086227 ], [ 728715.17433463560883, 1114386.120703768450767 ], [ 727143.016643507755361, 1114101.123801434412599 ], [ 726777.197508467594162, 1114916.862269522389397 ], [ 728104.076398526900448, 1115197.55087030492723 ], [ 728821.040030402713455, 1116171.822182986186817 ], [ 728961.848535593715496, 1117660.303169450955465 ], [ 728023.534488221281208, 1117773.726838278817013 ], [ 726505.741280333139002, 1118995.639135842444375 ], [ 725331.682577556697652, 1123154.320987872080877 ], [ 724020.93165283545386, 1123727.976750905625522 ], [ 723605.394167915801518, 1124354.185187914641574 ], [ 724310.497841075761244, 1125852.281744885724038 ], [ 726077.112871507415548, 1125522.28092488553375 ], [ 726642.157147695426829, 1126003.122491696383804 ], [ 726653.780860012630001, 1126864.356924206484109 ], [ 725696.084307895042002, 1127098.530264178523794 ], [ 725189.915913973585702, 1127768.726879653753713 ], [ 724950.512332703336142, 1128465.515315254218876 ], [ 725277.153348062187433, 1128876.722370474366471 ], [ 727051.962425142875873, 1128144.509046407416463 ], [ 727806.410173015436158, 1128977.149569129105657 ], [ 727838.93205722339917, 1129391.018111877376214 ], [ 726738.032690861960873, 1130144.780269548529759 ], [ 726108.718865410075523, 1134225.222523532574996 ], [ 726857.933085019816644, 1135039.200648000929505 ], [ 726793.651582985883579, 1135449.46624464681372 ], [ 728614.076221261406317, 1136261.295902193058282 ], [ 727833.061289465404116, 1137407.772853296715766 ], [ 728164.077371395542286, 1137725.126966985408217 ], [ 728489.327103602234274, 1137436.258594206068665 ], [ 728591.593167327926494, 1138039.854820092441514 ], [ 729587.292269765981473, 1137578.152527861995623 ], [ 730937.61309134203475, 1138336.859489600174129 ], [ 731980.160127651179209, 1137443.879768994636834 ], [ 732183.518765230663121, 1137920.215234140399843 ], [ 732910.941605280968361, 1137765.575617010705173 ], [ 733336.317152577568777, 1138193.707302960800007 ], [ 733875.38304801331833, 1137897.663704656995833 ], [ 734326.933948190417141, 1138222.643423704896122 ], [ 733812.211139694438316, 1138500.421111092204228 ], [ 733874.471024377387948, 1138967.385411470895633 ], [ 734233.541445460054092, 1138612.5457928837277 ], [ 734836.397047698032111, 1138886.247029212070629 ], [ 734743.704764747875743, 1139448.014713373268023 ], [ 734203.14974713511765, 1139338.781124653760344 ], [ 734655.70950632437598, 1139833.331041513942182 ], [ 735582.310240748338401, 1139751.678545620758086 ], [ 736425.255443217, 1138518.913262083660811 ], [ 736835.002500005299225, 1138255.665877001360059 ], [ 737140.366771186236292, 1138512.099364856723696 ], [ 737751.813152214162983, 1137837.071692005963996 ], [ 737417.121473724488169, 1138263.262385344132781 ], [ 737880.462734764325432, 1138417.503574129892513 ], [ 737860.772561254096217, 1138834.063599086366594 ], [ 738773.883184014586732, 1139033.73885761317797 ], [ 737883.753894573426805, 1140799.073160832980648 ], [ 738592.118955606943928, 1140175.796299147186801 ], [ 739023.877807946642861, 1140555.835178881883621 ], [ 738599.05604337353725, 1141151.496937347110361 ], [ 740225.643922806018963, 1141936.776573786744848 ], [ 740352.687195217004046, 1142386.220145839266479 ], [ 742315.409160064300522, 1142728.686189656145871 ], [ 743099.08217676950153, 1143703.809522856492549 ], [ 744227.491424019215629, 1143425.086073442129418 ], [ 744339.943685771431774, 1144158.345832892460749 ], [ 745427.886023008148186, 1145041.219023182988167 ], [ 745966.544117321143858, 1146988.724267067154869 ], [ 746351.749709375901148, 1146988.070607217028737 ], [ 746699.605314725777134, 1147782.426031138049439 ], [ 747171.634097718633711, 1147655.772818022407591 ], [ 747710.054928944213316, 1148623.014129816321656 ], [ 748053.051715006004088, 1148164.578246392775327 ], [ 748947.582309302873909, 1148966.99451544531621 ], [ 749609.621672421577387, 1148779.494158618850634 ], [ 749885.283748402958736, 1149562.817249899031594 ], [ 751452.806459338753484, 1150106.772813374642283 ], [ 751526.454945633071475, 1150551.91008191392757 ], [ 753214.660301509313285, 1151561.518604564247653 ], [ 754023.101270687533543, 1151266.922682023607194 ], [ 754362.208586802938953, 1152004.69775482872501 ], [ 755638.910510956426151, 1152913.368792438879609 ], [ 756075.045774992671795, 1146265.06657332344912 ], [ 756771.569404553272761, 1146313.40484101139009 ], [ 757433.919221051386558, 1137789.47101220395416 ], [ 768644.048969851457514, 1138814.39284219709225 ], [ 768273.883072909899056, 1137682.460801932029426 ], [ 769306.282448564423248, 1136175.439880264224485 ], [ 768813.920307678170502, 1135276.608205439057201 ], [ 767446.076411950052716, 1135187.261694410117343 ], [ 766811.67586147133261, 1133820.700281669152901 ], [ 766237.00524389767088, 1134230.237327773589641 ], [ 765386.856750683975406, 1134088.101442177081481 ], [ 765809.28034169471357, 1132725.526643281104043 ], [ 766663.318996344460174, 1132125.793420144356787 ], [ 765773.108798267086968, 1131415.024599163793027 ], [ 765837.403141541290097, 1130965.724900961620733 ], [ 767074.045689065242186, 1131379.48928041360341 ], [ 767555.670215387362987, 1131049.821879155701026 ], [ 766622.792161511490121, 1129468.155283476691693 ], [ 765104.473764493595809, 1129362.331963975680992 ], [ 765805.160963821574114, 1128613.546667780727148 ], [ 765413.386110114399344, 1128500.831365082180128 ], [ 765050.730650474666618, 1129258.304622974712402 ], [ 764566.055925913737155, 1128859.984771871939301 ], [ 764447.302267912891693, 1127908.112746567465365 ], [ 763619.310204085544683, 1128261.642104636877775 ], [ 763664.753644685726613, 1127435.715838801581413 ], [ 765169.072106356616132, 1126000.272283325670287 ], [ 764431.034434423199855, 1125092.976630577584729 ], [ 763965.440184158738703, 1125517.04395679035224 ], [ 763506.628230104222894, 1125394.244964904850349 ], [ 763016.683221211307682, 1124550.38633757433854 ], [ 762234.72747047082521, 1124896.948892628774047 ], [ 761626.918472861638293, 1124444.951425573555753 ], [ 761102.960685097612441, 1124683.003510367590934 ], [ 761032.143219224992208, 1123520.70992847904563 ], [ 759895.522115682018921, 1123874.683268341934308 ], [ 760676.653042214224115, 1123230.26947967405431 ], [ 760777.005136950756423, 1122620.825088933343068 ], [ 759725.580205803737044, 1122756.623620486818254 ], [ 760013.466454856912605, 1120951.131396894110367 ], [ 758879.225013122195378, 1120784.795646781567484 ], [ 759089.13843080564402, 1119699.992264656815678 ], [ 760169.711700469604693, 1119265.916948984144256 ], [ 759238.485179437324405, 1119009.453081620624289 ], [ 759026.774001545971259, 1118389.270839915145189 ], [ 760611.156673150486313, 1117516.662303178571165 ], [ 760351.970903011504561, 1116716.316564202541485 ], [ 760882.731866614194587, 1116299.174736343789846 ], [ 760704.854296002653427, 1115503.614157640840858 ], [ 761228.633645178750157, 1114761.471871196990833 ], [ 760673.935894330497831, 1114388.383540328126401 ], [ 760651.612007881631143, 1113224.082042660797015 ], [ 759654.941764881834388, 1112607.806741961278021 ], [ 759050.060854945448227, 1111330.114110755268484 ], [ 757901.584817813243717, 1110414.358108360087499 ], [ 756686.044207446393557, 1110424.633752388646826 ], [ 756328.890423493110575, 1109087.961852623382583 ], [ 757324.834008014993742, 1108601.476871637161821 ], [ 759548.464631977956742, 1109139.687320694560185 ], [ 759535.631851980811916, 1110172.327796541620046 ], [ 759994.492420898401178, 1110270.647392912069336 ], [ 762299.644439716357738, 1108423.575616806047037 ], [ 762657.425077686784789, 1107729.020673837512732 ], [ 762453.198464313871227, 1106477.987481998745352 ], [ 760752.543371596839279, 1106020.799455976346508 ], [ 760485.337638130411506, 1103961.752041443018243 ], [ 761156.767898171325214, 1103336.871215550228953 ], [ 762040.346553488750942, 1103398.675685975002125 ], [ 762680.208248483599164, 1104256.082278134534135 ], [ 763683.406569935148582, 1104548.753587473882362 ], [ 764030.052160474122502, 1103691.404437825549394 ], [ 763945.851639155880548, 1102177.934776346664876 ], [ 764943.931024635559879, 1100781.725805819733068 ], [ 764356.497668761992827, 1099064.286942805862054 ], [ 765053.517603031825274, 1097784.932922178413719 ], [ 766958.720601152279414, 1097463.607443755492568 ], [ 768501.460642057936639, 1098672.343649350572377 ], [ 769212.378094047075137, 1097875.366585667012259 ], [ 768407.561558776767924, 1095744.998691850109026 ], [ 766357.838769473368302, 1096513.532556767808273 ], [ 764760.654227926861495, 1095878.570157825946808 ], [ 763181.556988392956555, 1095863.465402314672247 ], [ 762940.649861835641786, 1095060.772002529120073 ], [ 764472.499458985519595, 1092840.525885852985084 ], [ 765714.404861515038647, 1092368.712285381974652 ], [ 768941.225051223533228, 1093619.345938714686781 ], [ 770402.298403259017505, 1090925.132888120599091 ], [ 768714.093948091263883, 1090002.097515717847273 ], [ 768280.606859912630171, 1088739.137990549206734 ], [ 767742.124576829257421, 1088335.920272683724761 ], [ 767255.424198291031644, 1089814.907785517396405 ], [ 766311.081510781194083, 1090193.426109438063577 ], [ 765774.538412376656197, 1089869.85663761314936 ], [ 765974.947321358602494, 1087742.694288031896576 ], [ 765683.444405859801918, 1087264.301877606427297 ], [ 765294.660093832528219, 1087720.947413832414895 ], [ 764893.048346851021051, 1087617.796697612153366 ], [ 765168.775873359641992, 1085074.427302380325273 ], [ 763597.925174060394056, 1082385.787103042704985 ], [ 763015.502801632857881, 1082639.538923681015149 ], [ 762906.631752079236321, 1083877.858626731904224 ], [ 763495.266996798221953, 1084539.700277582043782 ], [ 762790.522267485968769, 1085287.062130889156833 ], [ 760790.39255529968068, 1085425.389312479645014 ], [ 760108.261007137945853, 1083692.456157711101696 ], [ 759062.78426257125102, 1083851.271738057257608 ], [ 758020.879501887247898, 1085036.687354556052014 ], [ 757719.940403163200244, 1087935.484343811869621 ], [ 755353.841760650277138, 1090027.346837872406468 ], [ 755498.442569071776234, 1091165.578107096953318 ], [ 756650.997472050366923, 1092086.274583795573562 ], [ 757358.959848152007908, 1092147.369851024821401 ], [ 758549.118471019552089, 1091952.24346816749312 ], [ 758535.265651305089705, 1090678.384522752603516 ], [ 759369.438917615101673, 1090122.472906798822805 ], [ 759667.437312081689015, 1091081.116260610288009 ], [ 760569.981423994177021, 1091979.406693988246843 ], [ 758824.245973406010307, 1093511.859240813180804 ], [ 756875.581179578904994, 1093485.205923681845888 ], [ 754539.405593283125199, 1092448.968759278999642 ], [ 753300.155650997534394, 1093907.043996630934998 ], [ 751962.050893670646474, 1094184.847260692622513 ], [ 747581.490030706394464, 1091311.032369426451623 ], [ 744760.593197951093316, 1090027.344798200996593 ], [ 742409.149896619142964, 1089612.843148933025077 ], [ 740714.518599702976644, 1088860.477670236257836 ], [ 738128.3321936102584, 1091907.45321961119771 ], [ 738070.709927763673477, 1093492.877787959063426 ] ] ] } },
{ "type": "Feature", "properties": { "county_fips": "065" }, "geometry": { "type": "Polygon", "coordinates": [ [ [ 764768.561921988148242, 1084165.362833087099716 ], [ 765192.440040364628658, 1085270.12713402044028 ], [ 764810.690690483781509, 1087388.804070185404271 ], [ 765185.516791538218968, 1087763.66573656979017 ], [ 765759.3150953957811, 1087274.6785875831265 ], [ 765974.947321358602494, 1087742.694288031896576 ], [ 765774.538412376656197, 1089869.85663761314936 ], [ 766311.081510781194083, 1090193.426109438063577 ], [ 767255.424198291031644, 1089814.907785517396405 ], [ 767485.171790441614576, 1088524.291128548560664 ], [ 767933.77437873755116, 1088380.440294654341415 ], [ 768714.093948091263883, 1090002.097515717847273 ], [ 770410.382498905411921, 1090976.440210195723921 ], [ 768941.225051223533228, 1093619.345938714686781 ], [ 765714.404861515038647, 1092368.712285381974652 ], [ 763857.278942019795068, 1093463.164024313678965 ], [ 762856.2357084461255, 1095323.624117296887562 ], [ 763181.556988392956555, 1095863.465402314672247 ], [ 764760.654227926861495, 1095878.570157825946808 ], [ 766357.838769473368302, 1096513.532556767808273 ], [ 768407.561558776767924, 1095744.998691850109026 ], [ 769204.174112110165879, 1097952.354679135838524 ], [ 768356.776851379661821, 1098668.486146685201675 ], [ 766958.720601152279414, 1097463.607443755492568 ], [ 765053.517603031825274, 1097784.932922178413719 ], [ 764356.497668761992827, 1099064.286942805862054 ], [ 764943.931024635559879, 1100781.725805819733068 ], [ 763945.851639155880548, 1102177.934776346664876 ], [ 764030.052160474122502, 1103691.404437825549394 ], [ 763683.406569935148582, 1104548.753587473882362 ], [ 762680.208248483599164, 1104256.082278134534135 ], [ 762040.346553488750942, 1103398.675685975002125 ], [ 761156.767898171325214, 1103336.871215550228953 ], [ 760485.337638130411506, 1103961.752041443018243 ], [ 760752.543371596839279, 1106020.799455976346508 ], [ 762387.964176515466534, 1106397.32917045801878 ], [ 762650.610141999321058, 1107515.793376993853599 ], [ 762299.644439716357738, 1108423.575616806047037 ], [ 760682.060290564782917, 1109917.521338843507692 ], [ 759660.948218877078034, 1110252.098590333247557 ], [ 759647.651371785090305, 1109178.910431932425126 ], [ 757324.834008014993742, 1108601.476871637161821 ], [ 756326.583704828633927, 1109156.289834320778027 ], [ 756686.044207446393557, 1110424.633752388646826 ], [ 757901.584817813243717, 1110414.358108360087499 ], [ 759050.060854945448227, 1111330.114110755268484 ], [ 759654.941764881834388, 1112607.806741961278021 ], [ 760651.612007881631143, 1113224.082042660797015 ], [ 760673.935894330497831, 1114388.383540328126401 ], [ 761228.633645178750157, 1114761.471871196990833 ], [ 760704.854296002653427, 1115503.614157640840858 ], [ 760882.731866614194587, 1116299.174736343789846 ], [ 760351.970903011504561, 1116716.316564202541485 ], [ 760611.156673150486313, 1117516.662303178571165 ], [ 759026.774001545971259, 1118389.270839915145189 ], [ 759238.485179437324405, 1119009.453081620624289 ], [ 760169.711700469604693, 1119265.916948984144256 ], [ 759089.13843080564402, 1119699.992264656815678 ], [ 758879.225013122195378, 1120784.795646781567484 ], [ 760013.466454856912605, 1120951.131396894110367 ], [ 759725.580205803737044, 1122756.623620486818254 ], [ 760777.005136950756423, 1122620.825088933343068 ], [ 760676.653042214224115, 1123230.26947967405431 ], [ 759895.522115682018921, 1123874.683268341934308 ], [ 761032.143219224992208, 1123520.70992847904563 ], [ 761102.960685097612441, 1124683.003510367590934 ], [ 761626.918472861638293, 1124444.951425573555753 ], [ 762234.72747047082521, 1124896.948892628774047 ], [ 763016.683221211307682, 1124550.38633757433854 ], [ 763864.353036868735217, 1125541.873545216862112 ], [ 764431.034434423199855, 1125092.976630577584729 ], [ 765183.873929541208781, 1126120.958167265402153 ], [ 763664.753644685726613, 1127435.715838801581413 ], [ 763619.310204085544683, 1128261.642104636877775 ], [ 764447.302267912891693, 1127908.112746567465365 ], [ 764566.055925913737155, 1128859.984771871939301 ], [ 765050.730650474666618, 1129258.304622974712402 ], [ 765413.386110114399344, 1128500.831365082180128 ], [ 765805.160963821574114, 1128613.546667780727148 ], [ 765104.473764493595809, 1129362.331963975680992 ], [ 766622.792161511490121, 1129468.155283476691693 ], [ 767527.7065515400609, 1130928.756118812831119 ], [ 767233.874691150616854, 1131378.976246546022594 ], [ 765837.403141541290097, 1130965.724900961620733 ], [ 765773.108798267086968, 1131415.024599163793027 ], [ 766663.318996344460174, 1132125.793420144356787 ], [ 765809.28034169471357, 1132725.526643281104043 ], [ 765386.856750683975406, 1134088.101442177081481 ], [ 766237.00524389767088, 1134230.237327773589641 ], [ 766811.67586147133261, 1133820.700281669152901 ], [ 767446.076411950052716, 1135187.261694410117343 ], [ 769114.802127669681795, 1135542.094285431317985 ], [ 769283.953088928828947, 1136471.143428499810398 ], [ 768313.906045217765495, 1137564.74346122937277 ], [ 795521.327993818209507, 1139598.901061537442729 ], [ 797307.838876235531643, 1120427.411787875695154 ], [ 792602.430835380568169, 1119979.352884127292782 ], [ 794187.736700010020286, 1100548.244521814864129 ], [ 789425.065920309862122, 1100103.851295395987108 ], [ 791216.562168968026526, 1080816.346689013531432 ], [ 772207.857091320911422, 1079012.881746838800609 ], [ 771805.843496838584542, 1083859.856598866637796 ], [ 763983.559205887140706, 1083183.916935310699046 ], [ 764768.561921988148242, 1084165.362833087099716 ] ] ] } },
{ "type": "Feature", "properties": { "county_fips": "067" }, "geometry": { "type": "Polygon", "coordinates": [ [ [ 1019025.613357336143963, 972677.858383697224781 ], [ 1001631.317259105853736, 971331.596804200089537 ], [ 996916.882249181508087, 1014678.571707705734298 ], [ 1015725.053567073424347, 1016325.159905201988295 ], [ 1016260.599195325863548, 1017431.364550387952477 ], [ 1015921.043295768671669, 1018933.11799986648839 ], [ 1016169.49238149006851, 1020792.387372788740322 ], [ 1018881.222152424859814, 1022453.877662910963409 ], [ 1019376.566843873122707, 1023309.022818664670922 ], [ 1019790.074411798850633, 1023292.020126606919803 ], [ 1020155.555800070753321, 1024628.183414580649696 ], [ 1020892.988031485932879, 1024981.410528431413695 ], [ 1023282.91679292707704, 1023932.806493008858524 ], [ 1023185.8147116410546, 1023372.34514907526318 ], [ 1024450.352957303053699, 1020715.302173688658513 ], [ 1023940.094947739155032, 1018874.310994545696303 ], [ 1024380.643037487170659, 1016363.753519493271597 ], [ 1025501.989887623349205, 1015702.47060397779569 ], [ 1027861.590118547901511, 1012959.156410962808877 ], [ 1029175.772829128429294, 1012527.898013951024041 ], [ 1028716.304242020356469, 1010659.206196742597967 ], [ 1031626.432908759219572, 1008855.095450376742519 ], [ 1031513.935669632977806, 1007581.388371315319091 ], [ 1031982.519120080512948, 1007293.845028653973714 ], [ 1032235.430212994571775, 1003474.937409321777523 ], [ 1034080.568867303081788, 1000757.145234598428942 ], [ 1033720.004856909043156, 998622.873229444376193 ], [ 1034153.138472023885697, 997995.139935852144845 ], [ 1032261.070333904935978, 991996.537889236118644 ], [ 1033272.249624963034876, 987871.864376763696782 ], [ 1033074.949804001837038, 987488.515651561901905 ], [ 1032568.789991112076677, 987614.692723419633694 ], [ 1032414.106034118449315, 987145.196572544635274 ], [ 1032214.214464369812049, 985502.501131509314291 ], [ 1032583.510221653268673, 984246.41829345386941 ], [ 1031643.579052769346163, 980105.051875101635233 ], [ 1031806.929046302451752, 979264.216287225019187 ], [ 1032386.294823278440163, 979100.150465536280535 ], [ 1032274.430586141301319, 977169.67516140488442 ], [ 1032869.334217441966757, 976374.071909230202436 ], [ 1033033.610842155758291, 975261.319528672960587 ], [ 1032790.062389362021349, 974165.391657756990753 ], [ 1019025.613357336143963, 972677.858383697224781 ] ] ] } },
{ "type": "Feature", "properties": { "county_fips": "069" }, "geometry": { "type": "Polygon", "coordinates": [ [ [ 1010525.348048216081224, 936936.153459858382121 ], [ 998855.333515807753429, 935438.431808648398146 ], [ 996604.64574250660371, 957886.977445227326825 ], [ 987227.702867052285001, 956289.397379008354619 ], [ 975266.391566525329836, 955100.250091027468443 ], [ 975775.565795262227766, 955288.994217301835306 ], [ 975796.553219390567392, 955868.272391829057597 ], [ 976303.987741378950886, 955838.977805042639375 ], [ 976975.549233902711421, 956922.401954861823469 ], [ 976678.77292046265211, 957869.772305532940663 ], [ 977118.113307440653443, 958256.043430510209873 ], [ 976975.83375158207491, 959794.616070405114442 ], [ 977910.043558547040448, 960196.369537271326408 ], [ 978497.219046380370855, 961468.384455391555093 ], [ 978056.256222908268683, 962076.932653158670291 ], [ 978762.761295486823656, 963469.603551359847188 ], [ 981504.187868015491404, 964694.094934544526041 ], [ 982034.218328127753921, 964434.028836020152085 ], [ 984610.56840450852178, 964691.896827390650287 ], [ 986403.190178475459106, 963955.85760318976827 ], [ 988352.622368309879676, 964060.416311251115985 ], [ 990247.841338000027463, 963225.485164471087046 ], [ 993076.593711200752296, 963370.899711053352803 ], [ 994260.776093739434145, 962844.022654828149825 ], [ 995999.475710306316614, 962964.794401146005839 ], [ 995563.305943643325008, 967533.975522510241717 ], [ 1002022.050487503758632, 968152.311879388289526 ], [ 1001631.317259105853736, 971331.596804200089537 ], [ 1024182.292114627314731, 973064.589704002253711 ], [ 1032790.062389362021349, 974165.391657756990753 ], [ 1032512.930566043010913, 972006.466242061229423 ], [ 1030649.201504164957441, 970408.010087178437971 ], [ 1031087.019732614280656, 968470.03356742404867 ], [ 1032989.014694175915793, 964889.128661213908345 ], [ 1032988.856178871239536, 963280.344341315678321 ], [ 1032319.019035342033021, 962240.87750517425593 ], [ 1032473.495038563502021, 960439.792621314758435 ], [ 1033403.886181942652911, 959841.673165137181059 ], [ 1033430.122292689047754, 958202.706546290195547 ], [ 1035765.099724729428999, 957513.098861258127727 ], [ 1037138.906688026036136, 956055.694578436552547 ], [ 1038298.910678563057445, 953762.482217452954501 ], [ 1040260.828790254076011, 952575.834858378511854 ], [ 1041470.314150971244089, 950027.338793589035049 ], [ 1041356.596289842622355, 948939.565356471808627 ], [ 1043595.42255848669447, 945951.351416851044632 ], [ 1043709.300599045585841, 944486.987135519855656 ], [ 1044890.761879733181559, 942549.317005148972385 ], [ 1044769.337335149408318, 941061.940316651249304 ], [ 1010525.348048216081224, 936936.153459858382121 ] ] ] } },
{ "type": "Feature", "properties": { "county_fips": "071" }, "geometry": { "type": "MultiPolygon", "coordinates": [ [ [ [ 901639.637640575761907, 1315899.46566199301742 ], [ 900846.593162474688143, 1316512.111025877064094 ], [ 900279.609130674041808, 1318280.10917525133118 ], [ 899815.560288039385341, 1318529.21955772745423 ], [ 900551.297342432430014, 1319350.132971883518621 ], [ 900143.99958797194995, 1319479.905666226055473 ], [ 900572.425983081222512, 1320001.783655748935416 ], [ 900342.774336997652426, 1320220.404399621766061 ], [ 899328.594736511819065, 1319912.460525386501104 ], [ 899098.606200588168576, 1320896.547284031054005 ], [ 898258.670232636504807, 1320346.296456012874842 ], [ 897411.410051451879553, 1321312.912156050326303 ], [ 895745.750175092951395, 1319683.637468178290874 ], [ 896319.530955567141064, 1321136.631763450102881 ], [ 895413.482168135233223, 1321080.224221902200952 ], [ 895920.622174069867469, 1321203.377111598849297 ], [ 895918.659102453035302, 1321980.432447872590274 ], [ 894744.165970760630444, 1322873.536988092819229 ], [ 895260.813042174093425, 1322876.108680764678866 ], [ 894777.784269474563189, 1328371.549181513721123 ], [ 878628.103044737828895, 1326744.255262149265036 ], [ 878128.814603778650053, 1327368.690023186383769 ], [ 878606.790257634478621, 1327889.443186431424692 ], [ 875338.979841338237748, 1330141.99961542733945 ], [ 874261.283496056916192, 1341547.463332504034042 ], [ 875590.054601297830231, 1342725.795569218229502 ], [ 875774.689551296178252, 1344850.466060575097799 ], [ 875220.246257709455676, 1346797.808430130826309 ], [ 875833.82870973891113, 1347705.741152603412047 ], [ 874561.907430093502626, 1349363.27745993854478 ], [ 874584.764851125422865, 1350297.761554517317563 ], [ 876036.978909780038521, 1352435.797624877886847 ], [ 874905.563153973896988, 1352949.333907862426713 ], [ 875078.167636364581995, 1354319.92264458630234 ], [ 873878.002713706344366, 1355299.854678998468444 ], [ 873925.238759963656776, 1356420.056367109762505 ], [ 873305.887875047163107, 1357037.710134784691036 ], [ 874210.883863027556799, 1358405.503938239300624 ], [ 873941.277785664540716, 1359476.562757889274508 ], [ 874963.265065144514665, 1360326.205634127371013 ], [ 875911.700067956349812, 1360505.087264930596575 ], [ 876469.581092169159092, 1361666.818030620925128 ], [ 874845.029052064521238, 1364328.891431190539151 ], [ 875780.662967937998474, 1364510.997998615493998 ], [ 876242.598968106438406, 1364201.516741597326472 ], [ 877726.689215089310892, 1365517.041889146668836 ], [ 878211.815139870159328, 1364956.990504806628451 ], [ 878979.858499204856344, 1364994.173398757586256 ], [ 879860.501165713532828, 1363380.287264171056449 ], [ 880674.015576458885334, 1363315.210266744252294 ], [ 881285.782142777228728, 1364103.660681127337739 ], [ 880793.255428153905086, 1365869.026213204720989 ], [ 878141.469812639057636, 1366987.107482336927205 ], [ 877807.934602704248391, 1368177.343834132654592 ], [ 877301.537237318581901, 1367960.668316508177668 ], [ 875624.741489552077837, 1368725.618728244910017 ], [ 875889.235945553402416, 1369503.959994503762573 ], [ 875578.953293802216649, 1370476.553168806247413 ], [ 939223.081733439001255, 1376504.396372314542532 ], [ 942726.068600162980147, 1362898.656742383958772 ], [ 941121.969742930028588, 1361708.267610202077776 ], [ 941283.59629688190762, 1361231.179666148032993 ], [ 939915.168002872029319, 1359618.965120067819953 ], [ 939127.538820691988803, 1359324.194798551499844 ], [ 938704.643902640324086, 1357121.821482444182038 ], [ 938858.352113583590835, 1355463.955243148608133 ], [ 937060.794425815576687, 1350415.543143640039489 ], [ 935992.844094989122823, 1349168.351662763860077 ], [ 934226.116029796306975, 1348900.974270241800696 ], [ 927316.151846469845623, 1334689.133153344038874 ], [ 914644.646947397384793, 1322171.375715462258086 ], [ 912886.868574465392157, 1319199.603349693818018 ], [ 911687.935361386393197, 1318098.746948781656101 ], [ 910915.051879810518585, 1317905.965028884354979 ], [ 910962.256283586844802, 1317413.825728665105999 ], [ 909262.971599509939551, 1316504.695186543511227 ], [ 907677.792123893043026, 1316516.044902251334861 ], [ 907305.530535847181454, 1315789.352043097605929 ], [ 906530.148786368547007, 1315473.609051432227716 ], [ 906062.756039789528586, 1315797.954307720763609 ], [ 904375.862575820181519, 1315523.072359315818176 ], [ 902291.442379055777565, 1314022.279806941282004 ], [ 901622.355030416278169, 1314384.642070904374123 ], [ 901639.637640575761907, 1315899.46566199301742 ] ] ], [ [ [ 895251.668256008299068, 1321067.328576109372079 ], [ 895455.287034394801594, 1320693.306028693681583 ], [ 895050.071100777131505, 1320640.145536101423204 ], [ 895011.350146253360435, 1321054.817984887864441 ], [ 895251.668256008299068, 1321067.328576109372079 ] ] ] ] } },
{ "type": "Feature", "properties": { "county_fips": "073" }, "geometry": { "type": "Polygon", "coordinates": [ [ [ 846397.632010920671746, 1184307.504858558531851 ], [ 846662.585041815182194, 1181234.147845430066809 ], [ 841875.999580134171993, 1180847.571303171338513 ], [ 841946.86909652990289, 1180064.809768452774733 ], [ 841142.553003068780527, 1180003.596406244440004 ], [ 841213.320032979710959, 1179190.210949058411643 ], [ 840444.014398205676116, 1178732.779020476620644 ], [ 840524.171169283450581, 1177942.742231561103836 ], [ 839727.585942320409231, 1177863.014799671247602 ], [ 839762.537115079932846, 1177421.295171455480158 ], [ 838984.704880813253112, 1177328.745898444438353 ], [ 839019.413552619982511, 1176929.852902939775959 ], [ 838245.725987229612656, 1176443.295573943294585 ], [ 838438.302271898603067, 1174401.459270912455395 ], [ 836471.30375765543431, 1173818.396194068482146 ], [ 836529.41357082198374, 1173003.866593740414828 ], [ 834552.633873516926542, 1172831.719468230847269 ], [ 834624.193129955674522, 1172018.484759989427403 ], [ 833492.433340579038486, 1171106.803800523281097 ], [ 833553.158625243813731, 1170329.00412218272686 ], [ 825907.558719052933156, 1169705.666962626157328 ], [ 825601.833499824628234, 1172932.287671936443076 ], [ 823554.990314236260019, 1173157.706536760786548 ], [ 823444.400443454505876, 1174381.878751192241907 ], [ 819825.992012319038622, 1174061.24081973801367 ], [ 819632.533136548707262, 1175744.177755309036002 ], [ 816415.226948341354728, 1175507.878588007297367 ], [ 816250.186098525184207, 1177110.086051519960165 ], [ 814640.929494460346177, 1176971.359731525648385 ], [ 814380.759803740889765, 1179399.301711954874918 ], [ 812776.845186828053556, 1179262.946330569917336 ], [ 812605.854601612198167, 1180933.7715508218389 ], [ 811008.416208206908777, 1180806.053534428356215 ], [ 810939.670973589876667, 1181638.716884036548436 ], [ 809358.439893513801508, 1181498.100384312914684 ], [ 809052.916963699273765, 1184754.015360232209787 ], [ 807459.647124627837911, 1184656.760381379630417 ], [ 807363.571749236434698, 1186313.107228816254064 ], [ 806898.978135805693455, 1186256.309525321237743 ], [ 806819.563465137849562, 1187090.626349949743599 ], [ 805604.328520195675083, 1186993.467838859651238 ], [ 805548.709332421189174, 1187745.990336663555354 ], [ 803934.361006186343729, 1187710.185674179112539 ], [ 803774.18582873174455, 1189363.04250131896697 ], [ 801000.67216375481803, 1189236.362207480706275 ], [ 800883.703309712582268, 1190796.886947291903198 ], [ 798904.899378845468163, 1190674.174249346600845 ], [ 798766.531163584790193, 1192251.497093920130283 ], [ 798197.284332333132625, 1192207.545800424646586 ], [ 799122.986500413157046, 1194777.236631846986711 ], [ 800516.399778549792245, 1194297.768689840566367 ], [ 801512.568782410700805, 1194691.707087003393099 ], [ 802141.841707349871285, 1193657.571433149045333 ], [ 802835.11526848631911, 1193599.91341903898865 ], [ 803295.244417098350823, 1194080.840849244734272 ], [ 802876.675181303988211, 1196077.828307026531547 ], [ 805092.978609102778137, 1195960.54268048866652 ], [ 805217.8518933407031, 1196890.740517087513581 ], [ 803767.641135715297423, 1198362.449852044461295 ], [ 804156.428144989768043, 1199463.327681557275355 ], [ 804843.456836478202604, 1199233.901310805464163 ], [ 805523.633908206829801, 1197920.416825126158074 ], [ 806135.23602195433341, 1197837.33653298439458 ], [ 806889.842467131675221, 1199152.60891939047724 ], [ 807096.604791799560189, 1200632.671765544451773 ], [ 809263.334397350554354, 1200615.018121637403965 ], [ 810497.821923448354937, 1202218.633536091772839 ], [ 811557.516663660644554, 1202551.111995305633172 ], [ 811591.812244656961411, 1203110.460972738452256 ], [ 810557.445823732181452, 1203653.594562952639535 ], [ 809670.058317176881246, 1205220.617047033505514 ], [ 810174.881103842286393, 1207761.766471647424623 ], [ 811769.479310215217993, 1207902.867967479629442 ], [ 811630.640298601589166, 1209518.729574701283127 ], [ 814847.472656867932528, 1209775.231983613688499 ], [ 814688.223274820484221, 1211419.849966186564416 ], [ 819437.916893794783391, 1211825.989703317871317 ], [ 819137.518460725201294, 1215054.076134020695463 ], [ 822346.845710769179277, 1215299.13699865876697 ], [ 822087.594970725011081, 1218540.996473546838388 ], [ 823689.039768516318873, 1218679.160809106659144 ], [ 823152.935152511228807, 1223522.445379031822085 ], [ 823982.391324699274264, 1223602.037844111677259 ], [ 823817.674041146528907, 1225232.925936076091602 ], [ 824582.196237661177292, 1225296.906316199339926 ], [ 824281.336122653097846, 1228539.824740175390616 ], [ 825875.673873804043978, 1228673.625485585536808 ], [ 825713.881469047279097, 1230304.098510931711644 ], [ 828929.066270438721403, 1230522.917128665372729 ], [ 828744.185013621579856, 1232160.645521257305518 ], [ 830351.485970056266524, 1232265.810454022604972 ], [ 830203.014581409515813, 1233880.77724317763932 ], [ 831769.896480523399077, 1234031.984564007725567 ], [ 836282.540003704838455, 1237599.64314258703962 ], [ 847724.195135592482984, 1238414.027445082785562 ], [ 858877.557450500433333, 1231918.917983185034245 ], [ 858729.169242780655622, 1231105.366261934861541 ], [ 859532.429320435039699, 1231176.737810159334913 ], [ 859475.936709468369372, 1231570.719280073419213 ], [ 860084.505242051673122, 1231219.07556783570908 ], [ 868347.343362190527841, 1231979.152208162937313 ], [ 868685.8142748324899, 1228696.609678037697449 ], [ 869496.330907803028822, 1228757.814188736258075 ], [ 869646.221771199139766, 1227172.873699768912047 ], [ 870454.360850995406508, 1227256.595422248356044 ], [ 871146.99353446427267, 1220007.775540326489136 ], [ 870354.232130036572926, 1219937.493847276782617 ], [ 870587.406372188590467, 1217516.280745933065191 ], [ 869793.662849634769373, 1217438.789610962383449 ], [ 869958.775179971475154, 1215824.044113689567894 ], [ 869171.623599184677005, 1215759.743639452150092 ], [ 869750.405428168363869, 1209305.509521261323243 ], [ 870583.638471949612722, 1209305.822150392457843 ], [ 870666.081111404462717, 1208499.582366410642862 ], [ 873085.072128850733861, 1208675.771669030189514 ], [ 873368.59790057700593, 1205421.687319030053914 ], [ 870984.853594564134255, 1205212.098049295833334 ], [ 871044.582456921227276, 1204420.692893806146458 ], [ 869455.698013623827137, 1204287.348487911978737 ], [ 869523.081245452980511, 1203521.858723997138441 ], [ 868718.414126408053562, 1203438.004009726690128 ], [ 868786.846782965003513, 1202631.436256034299731 ], [ 868375.067884519114159, 1202579.674918689299375 ], [ 868078.259139036526904, 1201744.971587612293661 ], [ 867264.438120535574853, 1201663.050480953650549 ], [ 867426.881797149195336, 1200051.716838026652113 ], [ 866622.88981201837305, 1199961.757402673363686 ], [ 866706.082128991605714, 1199166.792001200839877 ], [ 865897.388822849141434, 1199070.156174648785964 ], [ 865982.829819211969152, 1198278.900683079613373 ], [ 859565.999847054597922, 1197585.104493552586064 ], [ 859724.804171950439923, 1195941.832417418714613 ], [ 858107.946848550345749, 1195807.946997383842245 ], [ 858180.783965650713071, 1194991.121173623017967 ], [ 857433.781307205557823, 1194524.565184815088287 ], [ 857577.747225649887696, 1193330.304486687527969 ], [ 855974.224511784967035, 1193221.620532271452248 ], [ 856096.422576355747879, 1191610.752310759853572 ], [ 852936.117171758320183, 1191412.981588718481362 ], [ 853115.657331169350073, 1189391.16046880139038 ], [ 852362.962234645499848, 1188921.43760837498121 ], [ 852445.059842607006431, 1188117.703119494952261 ], [ 850855.34723558917176, 1188027.436622417764738 ], [ 851067.53824883478228, 1185572.795751343714073 ], [ 848687.827264256309718, 1185411.489703657804057 ], [ 848719.109806717606261, 1184951.417464403435588 ], [ 847909.513277091202326, 1184901.592854258604348 ], [ 847935.604910953436047, 1184555.898801794275641 ], [ 846397.632010920671746, 1184307.504858558531851 ] ] ] } },
{ "type": "Feature", "properties": { "county_fips": "075" }, "geometry": { "type": "Polygon", "coordinates": [ [ [ 711826.709422618732788, 1192294.70913420477882 ], [ 713214.708490625256673, 1250754.28999016340822 ], [ 733388.552472804905847, 1251736.987805606797338 ], [ 733617.719881139579229, 1248481.339064016006887 ], [ 736867.002816254040226, 1248677.934073107084259 ], [ 742072.605529093998484, 1193256.593665945343673 ], [ 711890.334083127789199, 1191862.525376770878211 ], [ 711826.709422618732788, 1192294.70913420477882 ] ] ] } },
{ "type": "Feature", "properties": { "county_fips": "077" }, "geometry": { "type": "Polygon", "coordinates": [ [ [ 755175.44401542795822, 1335352.734113416867331 ], [ 752085.947343263891526, 1334069.643611796898767 ], [ 750393.053023341693915, 1331397.104225903050974 ], [ 747398.094993376289494, 1329607.462582408683375 ], [ 743379.217620159382932, 1328882.218126474646851 ], [ 740572.418349228915758, 1329683.377265345770866 ], [ 732617.691731104976498, 1335765.280148367397487 ], [ 731549.546940726460889, 1337377.951445707120001 ], [ 730184.054403835325502, 1341047.643531876849011 ], [ 728811.942192286252975, 1342903.702208802802488 ], [ 726806.185351797146723, 1344372.957670025294647 ], [ 720469.919118759105913, 1346540.33514741063118 ], [ 718908.456126856734045, 1346155.338225571671501 ], [ 717132.871208751108497, 1344892.129503721836954 ], [ 715459.090336564695463, 1344780.976321435999125 ], [ 715454.518613212974742, 1344502.97320015123114 ], [ 711594.351180389407091, 1346055.713528226595372 ], [ 709529.140362017904408, 1348138.768997418461367 ], [ 708115.501263545127586, 1351157.290806352393702 ], [ 705506.886859616264701, 1354690.159495303174481 ], [ 704900.9243034850806, 1356632.203398813027889 ], [ 794453.597387808258645, 1363455.725138124544173 ], [ 795969.12199781218078, 1343033.847960381070152 ], [ 792580.561017698724754, 1339613.446181488456205 ], [ 790645.11366575374268, 1338378.12834259821102 ], [ 790864.775837972410955, 1337536.758188872830942 ], [ 792424.077156683779322, 1336259.539386971388012 ], [ 789137.78236206388101, 1335079.379726025275886 ], [ 784484.289443749468774, 1339784.440097816754133 ], [ 782045.89223405579105, 1340516.732240600511432 ], [ 777119.013713853084482, 1339481.19425281859003 ], [ 774807.054416308179498, 1340229.952399558154866 ], [ 771632.160374139435589, 1340553.88375115650706 ], [ 769325.047441712580621, 1341404.1092284405604 ], [ 768676.450910590821877, 1342205.446893671294674 ], [ 767844.22855520050507, 1342311.810923151904717 ], [ 765882.425888082943857, 1341917.264131734147668 ], [ 761793.592653412604704, 1340236.675954194739461 ], [ 762491.559757336857729, 1339792.793568244669586 ], [ 760874.366638550302014, 1338488.297444952419028 ], [ 761093.991618665284477, 1338119.416611599037424 ], [ 761204.488398947287351, 1337630.143441667314619 ], [ 761035.759104124037549, 1338090.786953044123948 ], [ 760855.012149317073636, 1337562.913595604710281 ], [ 760317.204917720053345, 1337568.756554004969075 ], [ 760826.607473777025007, 1336947.356073237489909 ], [ 760416.179882731288671, 1336633.645414175000042 ], [ 760290.552653266815469, 1337301.596947497921064 ], [ 760002.737670174334198, 1337485.794001303147525 ], [ 760146.653051005443558, 1337076.395386355929077 ], [ 759799.958911987720057, 1337390.597199253737926 ], [ 759531.593114759307355, 1337151.929971116827801 ], [ 759752.703528484562412, 1336727.678375722374767 ], [ 759438.435240956256166, 1336881.255670813377947 ], [ 759412.759645429439843, 1336269.662490367423743 ], [ 759170.79662047221791, 1336941.377402286976576 ], [ 759514.69434471311979, 1337293.615937752649188 ], [ 759206.200020812568255, 1337302.734580827178434 ], [ 755175.44401542795822, 1335352.734113416867331 ] ] ] } },
{ "type": "Feature", "properties": { "county_fips": "079" }, "geometry": { "type": "Polygon", "coordinates": [ [ [ 793121.215357866953127, 1284759.60826404648833 ], [ 772613.878348927479237, 1283478.473182594403625 ], [ 770006.360459831892513, 1312712.537107915617526 ], [ 770484.854100506519899, 1312738.357734877616167 ], [ 770499.292915043071844, 1313124.658752478659153 ], [ 771074.042767797945999, 1312713.927986386464909 ], [ 771260.739204787299968, 1312924.434983844170347 ], [ 770909.883432780043222, 1313961.169711522292346 ], [ 771602.203863657894544, 1314166.872304748743773 ], [ 771862.500583203625865, 1314998.410422985907644 ], [ 771048.53665094380267, 1316260.461395821534097 ], [ 772029.736566165811382, 1317634.607944616349414 ], [ 771598.958878141478635, 1318450.172094033332542 ], [ 772215.343855947838165, 1319354.675962476059794 ], [ 772616.500712997862138, 1319262.430377800483257 ], [ 772387.746022157371044, 1319540.148621229222044 ], [ 773526.928353263880126, 1320069.585062657715753 ], [ 773341.219170474796556, 1320886.449255006154999 ], [ 774083.40334312140476, 1321000.09774115937762 ], [ 773379.34869554406032, 1322138.808553132461384 ], [ 773955.208070825901814, 1322541.384379638824612 ], [ 775624.963758834637702, 1321887.431976562831551 ], [ 775486.22316768404562, 1322483.804980661021546 ], [ 775891.368813001783565, 1322296.847825421718881 ], [ 776772.446159002720378, 1322750.839416466886178 ], [ 776514.55167828022968, 1323580.255011414177716 ], [ 776884.000789299141616, 1323909.849213575012982 ], [ 776371.175853535765782, 1324399.350309116300195 ], [ 776769.780621096724644, 1325498.485666505293921 ], [ 776340.266710165305994, 1325891.968344216467813 ], [ 775916.331915402552113, 1325598.685651464387774 ], [ 775720.65792513336055, 1327366.649196072015911 ], [ 777945.130227215471677, 1329400.291596489259973 ], [ 777212.769294151570648, 1330297.224569463869557 ], [ 776878.876633406500332, 1331572.53070482192561 ], [ 777134.939229275099933, 1332483.038798759458587 ], [ 777858.303907359135337, 1332625.2843573668506 ], [ 777364.345065428409725, 1334104.904881252441555 ], [ 778329.627745228353888, 1335594.408284828299657 ], [ 777960.153104617842473, 1336168.131770968902856 ], [ 776564.955906081246212, 1336495.120320486836135 ], [ 776555.725326588843018, 1337309.248595369281247 ], [ 777180.640617102733813, 1337988.104469457408413 ], [ 777011.377214858192019, 1339501.55821161554195 ], [ 782045.89223405579105, 1340516.732240600511432 ], [ 784484.289443749468774, 1339784.440097816754133 ], [ 789137.78236206388101, 1335079.379726025275886 ], [ 790865.991006908472627, 1335457.06669890624471 ], [ 793349.81404806743376, 1336759.247922360431403 ], [ 795167.196590432780795, 1337120.128925596596673 ], [ 796414.48540103295818, 1336911.7870114503894 ], [ 798212.163096549222246, 1335836.140914444811642 ], [ 800642.447543382877484, 1335250.239303307840601 ], [ 803797.482416586368345, 1333437.331585368141532 ], [ 805284.507515171542764, 1331047.707832000916824 ], [ 807251.106918942416087, 1329484.768015255685896 ], [ 810853.034947518026456, 1286386.017962355632335 ], [ 793121.215357866953127, 1284759.60826404648833 ] ] ] } },
{ "type": "Feature", "properties": { "county_fips": "081" }, "geometry": { "type": "Polygon", "coordinates": [ [ [ 995390.215023728669621, 1098300.05601097876206 ], [ 996182.2783123832196, 1093555.232136767590418 ], [ 986534.152839395334013, 1092360.333750316873193 ], [ 985033.956246621906757, 1101982.107327336445451 ], [ 980319.757869594031945, 1101440.13982040877454 ], [ 963509.048847917933017, 1107554.168143448187038 ], [ 963316.123149163555354, 1109148.527950352057815 ], [ 960127.011966859223321, 1108767.133622884517536 ], [ 958632.115183653775603, 1121551.477507755625993 ], [ 960210.91071669512894, 1121779.680699395714328 ], [ 960015.8607595047215, 1123396.706486070528626 ], [ 966447.63066317467019, 1124257.300046761753038 ], [ 966300.976671718759462, 1125814.576232155086473 ], [ 969365.393217621836811, 1126252.609362561954185 ], [ 969277.369992414489388, 1127085.987445221748203 ], [ 970078.880991802550852, 1127189.664120686938986 ], [ 970170.998622829443775, 1126360.664835211122409 ], [ 977321.188365032197908, 1127332.029280331917107 ], [ 977225.615745853632689, 1128118.443699869560078 ], [ 978048.681590614840388, 1128221.098604744067416 ], [ 978120.106689213193022, 1127409.665103614330292 ], [ 982892.12652760068886, 1127918.843086067354307 ], [ 982710.209853972657584, 1129548.601815162692219 ], [ 984297.35600778774824, 1129692.209914434701204 ], [ 984387.875293915276416, 1128883.001851056935266 ], [ 985184.117294302559458, 1129005.783221931196749 ], [ 985297.638381019001827, 1128210.384654855588451 ], [ 996361.236853225156665, 1129478.521198673872277 ], [ 996199.013147553079762, 1131076.831702425843105 ], [ 1010048.418137139058672, 1132813.164617278380319 ], [ 1011824.572771976236254, 1132277.176350130466744 ], [ 1012247.65346566226799, 1131525.655710308114067 ], [ 1011575.437665860867128, 1129564.013546599308029 ], [ 1012085.482649239012972, 1128881.566191674908623 ], [ 1012409.211518735392019, 1126965.147965404670686 ], [ 1012926.387380458065309, 1126059.121662363177165 ], [ 1014870.678880361956544, 1124744.768649214645848 ], [ 1015491.846101883216761, 1123471.695903794607148 ], [ 1014167.350140901864506, 1122047.60809775791131 ], [ 1014218.476228785584681, 1121444.618435723241419 ], [ 1014712.386397923226468, 1120779.009735541883856 ], [ 1016265.064605100080371, 1121135.980060335481539 ], [ 1015685.976225579390302, 1119831.223411906976253 ], [ 1016600.832938985782675, 1118940.756132310722023 ], [ 1017109.350999116431922, 1117192.400241332594305 ], [ 1018434.106990155647509, 1115030.023079079808667 ], [ 1019390.251699692453258, 1114590.877651466988027 ], [ 1020943.55892596358899, 1112735.52144863596186 ], [ 1021712.641762130195275, 1112537.206262980122119 ], [ 1022240.752837906125933, 1111499.08003785321489 ], [ 1023241.588589178398252, 1111457.204684701282531 ], [ 1023396.600927004474215, 1110575.244802527828142 ], [ 1024042.279791423701681, 1109732.294277029810473 ], [ 1024755.643170042545535, 1109511.581800783751532 ], [ 1025496.456714233150706, 1108058.385646289447322 ], [ 1019948.987252732040361, 1107307.336443178588524 ], [ 1020564.462546077091247, 1103305.110249563120306 ], [ 995116.494372550165281, 1099920.410406996263191 ], [ 995390.215023728669621, 1098300.05601097876206 ] ] ] } },
{ "type": "Feature", "properties": { "county_fips": "083" }, "geometry": { "type": "Polygon", "coordinates": [ [ [ 812855.388073368463665, 1325961.203266345197335 ], [ 808740.074052144424058, 1328138.506712307222188 ], [ 805284.507515171542764, 1331047.707832000916824 ], [ 804105.538473827647977, 1333164.844593415502459 ], [ 802262.447386496467516, 1334396.878421827917919 ], [ 795803.658064349554479, 1337088.625603664899245 ], [ 793349.81404806743376, 1336759.247922360431403 ], [ 792424.077156683779322, 1336259.539386971388012 ], [ 790677.236644180258736, 1337776.512020767666399 ], [ 790766.486368766985834, 1338592.622589641017839 ], [ 792580.561017698724754, 1339613.446181488456205 ], [ 795969.12199781218078, 1343033.847960381070152 ], [ 794453.597387808258645, 1363455.725138124544173 ], [ 833020.0440390574513, 1366324.957502423552796 ], [ 837215.788461791933514, 1317152.791237470461056 ], [ 832912.922548485221341, 1317341.825563558377326 ], [ 830522.586130577255972, 1318414.029411164810881 ], [ 826289.409762816270813, 1319355.85383890173398 ], [ 819963.276929489220493, 1322514.468485500430688 ], [ 814268.199543653288856, 1326185.696832438465208 ], [ 812855.388073368463665, 1325961.203266345197335 ] ] ] } },
{ "type": "Feature", "properties": { "county_fips": "085" }, "geometry": { "type": "Polygon", "coordinates": [ [ [ 888505.739870811230503, 1031991.296048977761529 ], [ 858854.64473760209512, 1028910.238964109914377 ], [ 858026.475799389649183, 1038477.596887253574096 ], [ 853317.318127524806187, 1037981.609484447399154 ], [ 851306.515956263756379, 1057611.500576031627133 ], [ 860456.334471457288601, 1058462.826363047817722 ], [ 860305.534162505529821, 1059886.326492093969136 ], [ 859488.295193061698228, 1059356.795479822671041 ], [ 858079.103023273171857, 1059572.544233298161998 ], [ 856003.956351284519769, 1061505.658122280379757 ], [ 854853.915301191620529, 1063492.670973443659022 ], [ 855476.34473173180595, 1064225.769603288266808 ], [ 855332.559961434453726, 1064615.285118994303048 ], [ 856324.357146474998444, 1065135.940938070649281 ], [ 856123.337081594625488, 1065595.29346042778343 ], [ 858113.972190318978392, 1067330.673559678485617 ], [ 855792.529735908145085, 1067542.969276392133906 ], [ 855596.810711474041454, 1069662.120109886163846 ], [ 858778.616337963496335, 1071297.921001250389963 ], [ 858299.852846599300392, 1070404.420068546431139 ], [ 858556.292743911966681, 1068387.119114897912368 ], [ 858998.894561948836781, 1067865.86678554257378 ], [ 860676.640578219550662, 1067878.809576151194051 ], [ 861283.025077992351726, 1068607.399680423317477 ], [ 862670.590021927957423, 1071667.723520984407514 ], [ 861507.491611991310492, 1074865.62251328327693 ], [ 861296.722309388918802, 1077106.195321667008102 ], [ 861603.845380690065213, 1077598.505174699937925 ], [ 864441.011925121536478, 1077286.900837496155873 ], [ 866263.48051608109381, 1079161.946409004507586 ], [ 866839.931679972913116, 1079253.680783218471333 ], [ 867227.00211092736572, 1078896.698994335718453 ], [ 867277.608046393492259, 1075972.159467922057956 ], [ 867932.520401370013133, 1074664.052369061857462 ], [ 870885.293546589673497, 1073890.64998708316125 ], [ 873239.6467745390255, 1076671.407397378236055 ], [ 873366.915816331864335, 1079279.795246151043102 ], [ 876239.725196424638852, 1080365.658121680375189 ], [ 876918.559529039193876, 1079548.89833493414335 ], [ 877056.631676280754618, 1076838.027984007960185 ], [ 879015.873987946892157, 1075584.733261361718178 ], [ 879451.094022036530077, 1075715.343941678060219 ], [ 880119.157180244219489, 1077226.360901914304122 ], [ 880861.3965197741054, 1077390.161661946214736 ], [ 883738.736973391962238, 1076616.365156002342701 ], [ 884419.433522361214273, 1074313.993744557956234 ], [ 885116.800934571423568, 1073663.820944425649941 ], [ 888385.588900876580738, 1074625.549423541873693 ], [ 888279.427279432187788, 1074055.240156605141237 ], [ 888601.542680455953814, 1074283.523736890871078 ], [ 888798.967590001993813, 1073850.569358586799353 ], [ 889203.380720333894715, 1074499.235553623875603 ], [ 889206.936894556623884, 1074068.332920198095962 ], [ 890127.345256055705249, 1074285.179276164155453 ], [ 889521.751565668382682, 1073065.788995346054435 ], [ 890552.221543535357341, 1073450.025409177877009 ], [ 890264.516294178552926, 1073005.862602450419217 ], [ 890788.543688913807273, 1072591.223160746740177 ], [ 890021.808581329300068, 1072505.17358947894536 ], [ 890381.909805648960173, 1072164.906690209172666 ], [ 890259.134979895548895, 1071527.262195574119687 ], [ 889503.483797467546538, 1071908.356215299107134 ], [ 890049.350737071130425, 1071284.899695024127141 ], [ 889395.220687675871886, 1069929.860438820207492 ], [ 890084.25984015443828, 1069712.695309984730557 ], [ 889697.086413146229461, 1069679.630541407968849 ], [ 889611.488864615792409, 1069071.977606871630996 ], [ 890104.574126622523181, 1068704.392366712912917 ], [ 889715.586870376137085, 1068360.700817920966074 ], [ 890613.971279834047891, 1067695.169102842686698 ], [ 890252.48835805314593, 1067144.836682994384319 ], [ 890885.380692378384992, 1067133.377213978208601 ], [ 890777.702480203239247, 1066649.998329271795228 ], [ 891448.66975757596083, 1067000.237743645906448 ], [ 891550.185667492100038, 1066570.718581319320947 ], [ 891687.352078765514307, 1066904.822534120641649 ], [ 893037.774872957495973, 1067129.088545131497085 ], [ 893728.00769325834699, 1066675.576264329254627 ], [ 893776.36411981342826, 1066097.981963982572779 ], [ 896347.582000633236021, 1065263.277304213261232 ], [ 896301.639046738971956, 1064684.226142355008051 ], [ 896777.553438591305166, 1064287.805762592237443 ], [ 897368.062191365170293, 1064762.207792808767408 ], [ 897287.801234695012681, 1064342.127817519241944 ], [ 897709.101421909406781, 1064347.026521284598857 ], [ 900204.463168843183666, 1042140.009546664659865 ], [ 901105.643222870887257, 1042249.934107408043928 ], [ 901198.013173835002817, 1041476.885454888571985 ], [ 900293.668387386831455, 1041366.639116255915724 ], [ 901211.416046726168133, 1033279.520449150470085 ], [ 888505.739870811230503, 1031991.296048977761529 ] ] ] } },
{ "type": "Feature", "properties": { "county_fips": "087" }, "geometry": { "type": "Polygon", "coordinates": [ [ [ 970916.067069335724227, 1070859.284432089887559 ], [ 949381.62612395233009, 1068349.421568786259741 ], [ 948727.716695996699855, 1068606.491644446738064 ], [ 947920.098038662457839, 1069808.766646510688588 ], [ 947361.207854430540465, 1069743.939076447859406 ], [ 947167.301042275037616, 1070149.19204295380041 ], [ 946878.368271365645342, 1071832.363340576644987 ], [ 947296.575494478573091, 1072318.442815379938111 ], [ 947122.997206327156164, 1072780.703233492793515 ], [ 947482.813573221093975, 1072813.810090067097917 ], [ 946970.306061837705784, 1073365.942358296131715 ], [ 946653.731164118507877, 1074739.282935675699264 ], [ 945088.7315103050787, 1075347.330208874773234 ], [ 944910.382042923243716, 1076010.144731442211196 ], [ 944557.123079296317883, 1076050.251282402547076 ], [ 944913.019898081198335, 1072693.397799122380093 ], [ 943000.029686896596104, 1072421.679684471338987 ], [ 942808.71013544080779, 1073119.211291306419298 ], [ 940874.513629353954457, 1073646.083727176068351 ], [ 939428.663265965529718, 1075122.639652019832283 ], [ 938772.157185626099817, 1077476.911669062217698 ], [ 938009.310909670777619, 1077578.433513022493571 ], [ 937883.304490849841386, 1078333.790144435595721 ], [ 935554.435779572464526, 1078554.00164608261548 ], [ 935415.214547694195062, 1079765.043266136199236 ], [ 935058.424436503672041, 1079746.617689062375575 ], [ 935026.826804406708106, 1081194.953414035029709 ], [ 934420.649024428799748, 1081408.044289851561189 ], [ 934204.630716996616684, 1081894.540297617437318 ], [ 934480.130625419667922, 1081924.196630154969171 ], [ 933868.279903120943345, 1082074.83856680477038 ], [ 934026.317969412310049, 1082369.104594817152247 ], [ 932834.418637658236548, 1083665.784389114705846 ], [ 932924.408040067879483, 1086011.702290881425142 ], [ 932004.846272105467506, 1086463.086916506988928 ], [ 931632.538098726188764, 1087540.182439428055659 ], [ 932215.627006973489188, 1087694.027235142188147 ], [ 932891.977613695897162, 1088611.302568814484403 ], [ 933695.277186486055143, 1088541.607337643392384 ], [ 934346.456832787953317, 1088964.486538116587326 ], [ 934478.764412823366001, 1089557.359900770476088 ], [ 933801.483819909393787, 1090660.387083515059203 ], [ 934123.324631339637563, 1091449.224107921356335 ], [ 935065.683025865233503, 1090079.024130238918588 ], [ 935853.473705343087204, 1090870.141157916048542 ], [ 935216.988314584130421, 1091344.787183845881373 ], [ 935534.026877861237153, 1091768.995994485449046 ], [ 936773.797583033912815, 1091400.569927335483953 ], [ 937512.364817388588563, 1090492.041421583388001 ], [ 938655.107978349900804, 1091009.036113365553319 ], [ 939884.537257471354678, 1092260.018535660114139 ], [ 943394.800690147327259, 1091854.833839781582355 ], [ 944652.702153621474281, 1092264.176208802498877 ], [ 944315.338518256903626, 1092811.692880530143157 ], [ 944820.818118698778562, 1094877.119263904634863 ], [ 946796.538125939201564, 1095547.221554915886372 ], [ 946505.997622672002763, 1095894.023746042279527 ], [ 945108.877455720677972, 1095866.77872573165223 ], [ 943499.147093113162555, 1096993.225172376260161 ], [ 951755.099175564595498, 1098011.778518450912088 ], [ 950584.566400759038515, 1107627.600612126756459 ], [ 958551.611705846851692, 1108573.34742541750893 ], [ 958374.694009390776046, 1110113.175646494375542 ], [ 959940.700716425082646, 1110306.162514249561355 ], [ 960127.011966859223321, 1108767.133622884517536 ], [ 963316.123149163555354, 1109148.527950352057815 ], [ 963509.048847917933017, 1107554.168143448187038 ], [ 980319.757869594031945, 1101440.13982040877454 ], [ 985033.956246621906757, 1101982.107327336445451 ], [ 986534.152839395334013, 1092360.333750316873193 ], [ 988747.894109064945951, 1072955.671331367921084 ], [ 970916.067069335724227, 1070859.284432089887559 ] ] ] } },
{ "type": "Feature", "properties": { "county_fips": "089" }, "geometry": { "type": "Polygon", "coordinates": [ [ [ 842756.849196230294183, 1320943.194277324248105 ], [ 840276.555370509042405, 1317828.778196766972542 ], [ 837215.788461791933514, 1317152.791237470461056 ], [ 833020.0440390574513, 1366324.957502423552796 ], [ 875578.953293802216649, 1370476.553168806247413 ], [ 875889.235945553402416, 1369503.959994503762573 ], [ 875624.741489552077837, 1368725.618728244910017 ], [ 877301.537237318581901, 1367960.668316508177668 ], [ 877807.934602704248391, 1368177.343834132654592 ], [ 878141.469812639057636, 1366987.107482336927205 ], [ 880793.255428153905086, 1365869.026213204720989 ], [ 881285.782142777228728, 1364103.660681127337739 ], [ 880674.015576458885334, 1363315.210266744252294 ], [ 879860.501165713532828, 1363380.287264171056449 ], [ 878979.858499204856344, 1364994.173398757586256 ], [ 878211.815139870159328, 1364956.990504806628451 ], [ 877726.689215089310892, 1365517.041889146668836 ], [ 876242.598968106438406, 1364201.516741597326472 ], [ 875780.662967937998474, 1364510.997998615493998 ], [ 874845.029052064521238, 1364328.891431190539151 ], [ 876469.581092169159092, 1361666.818030620925128 ], [ 875911.700067956349812, 1360505.087264930596575 ], [ 874963.265065144514665, 1360326.205634127371013 ], [ 873941.277785664540716, 1359476.562757889274508 ], [ 874210.883863027556799, 1358405.503938239300624 ], [ 873305.887875047163107, 1357037.710134784691036 ], [ 873925.238759963656776, 1356420.056367109762505 ], [ 873878.002713706344366, 1355299.854678998468444 ], [ 875078.167636364581995, 1354319.92264458630234 ], [ 874905.563153973896988, 1352949.333907862426713 ], [ 876036.978909780038521, 1352435.797624877886847 ], [ 874584.764851125422865, 1350297.761554517317563 ], [ 874561.907430093502626, 1349363.27745993854478 ], [ 875833.82870973891113, 1347705.741152603412047 ], [ 875220.246257709455676, 1346797.808430130826309 ], [ 875774.689551296178252, 1344850.466060575097799 ], [ 875590.054601297830231, 1342725.795569218229502 ], [ 874261.283496056916192, 1341547.463332504034042 ], [ 875338.979841338237748, 1330141.99961542733945 ], [ 878606.790257634478621, 1327889.443186431424692 ], [ 878128.814603778650053, 1327368.690023186383769 ], [ 878628.103044737828895, 1326744.255262149265036 ], [ 879606.308919648872688, 1326869.407785159535706 ], [ 880819.501734285848215, 1326285.962656772928312 ], [ 880592.553343551349826, 1325046.446450546151027 ], [ 881307.185091571300291, 1324856.665052648866549 ], [ 878499.970760513911955, 1323763.561032079393044 ], [ 878747.272549351560883, 1322959.857100154273212 ], [ 880606.16146870108787, 1322972.474014230305329 ], [ 880895.185043383389711, 1322665.362074557226151 ], [ 880436.339159866794944, 1321413.082946114474908 ], [ 880743.164990740711801, 1320224.656865837518126 ], [ 879639.768302496988326, 1318949.388255345867947 ], [ 879429.143121396424249, 1317789.267924308311194 ], [ 878997.409245808958076, 1317660.543277851305902 ], [ 879318.494393909000792, 1317075.974035096121952 ], [ 878676.964318349724635, 1316667.089467523852363 ], [ 876916.399299842771143, 1318038.624698645900935 ], [ 875763.079661551048048, 1316823.281964926747605 ], [ 874617.36897160555236, 1317466.471204687608406 ], [ 874079.541529073030688, 1317008.002062742132694 ], [ 873734.130641945870593, 1317328.141376381041482 ], [ 873750.513303314801306, 1315960.979788556462154 ], [ 874244.601230792119168, 1315981.668170967604965 ], [ 874123.129211431485601, 1315075.418972146930173 ], [ 873370.087498805834912, 1314478.741972633870319 ], [ 872814.026178357889876, 1314666.736591143300757 ], [ 872082.581276603857987, 1314264.571049521444365 ], [ 871181.959550568601117, 1312510.688365911832079 ], [ 868514.643046474084258, 1312761.336240995442495 ], [ 867154.286283722147346, 1311668.799093366833404 ], [ 866511.323350167134777, 1312068.391260451637208 ], [ 864261.885884292656556, 1312126.591828136937693 ], [ 861000.223868818953633, 1314104.231193625135347 ], [ 859020.335582347470336, 1318076.444639079738408 ], [ 858525.137891292688437, 1320472.590228387853131 ], [ 857602.418553777970374, 1321535.062916517956182 ], [ 856014.153574384748936, 1322436.098107633646578 ], [ 854715.588128397706896, 1322470.674043768784031 ], [ 852861.47022899298463, 1321659.193078591953963 ], [ 850918.821455530938692, 1318715.219431329052895 ], [ 850117.176097149727866, 1318193.947235875297338 ], [ 847857.913067477289587, 1318853.098942157346755 ], [ 847313.004987115738913, 1320970.753514146897942 ], [ 846320.196600886527449, 1321903.339552299585193 ], [ 844248.941597449709661, 1322089.749631609767675 ], [ 842756.849196230294183, 1320943.194277324248105 ] ] ] } },
{ "type": "Feature", "properties": { "county_fips": "091" }, "geometry": { "type": "Polygon", "coordinates": [ [ [ 768703.453425721614622, 1023842.349236155627295 ], [ 744655.585646672756411, 1021760.738579291850328 ], [ 742900.990018959273584, 1023500.373590902192518 ], [ 742590.952390902559273, 1023286.122029508114792 ], [ 742834.00639595289249, 1021953.55232388607692 ], [ 741731.739225501893088, 1022261.276573041221127 ], [ 740749.325634411768988, 1023230.356112083769403 ], [ 740290.962993679568172, 1024375.13787799840793 ], [ 740489.562656864873134, 1026692.441349415574223 ], [ 739939.494415195076726, 1028624.316260267281905 ], [ 742212.234932513558306, 1030600.511140850256197 ], [ 744484.511105297133327, 1029822.303141498123296 ], [ 745348.671153267612681, 1031285.592518676654436 ], [ 746494.729952380992472, 1032210.072156286216341 ], [ 746410.45501038164366, 1033193.115500470041297 ], [ 745608.949230871279724, 1034511.786002711742185 ], [ 746318.534634319599718, 1036540.322904232307337 ], [ 746436.769691185676493, 1038806.53648718027398 ], [ 746742.813600074499846, 1039248.837057099677622 ], [ 748006.994279478443787, 1039267.213549718842842 ], [ 748500.334591952734627, 1040582.95366706000641 ], [ 749053.392888250993565, 1043950.944104099180549 ], [ 748354.849785556551069, 1045876.537025828263722 ], [ 748693.304952003643848, 1047724.259453163133003 ], [ 747798.336702390341088, 1049740.363367460668087 ], [ 748308.230477170436643, 1051024.303505750373006 ], [ 748199.261204777518287, 1052132.963296885136515 ], [ 747025.626904550008476, 1053450.873517299070954 ], [ 746990.819819004507735, 1054954.895172782707959 ], [ 748394.623532886616886, 1054828.182889232644811 ], [ 748106.583143914933316, 1056169.82411571778357 ], [ 749611.969390242942609, 1056232.552605488570407 ], [ 750683.068162309355102, 1057837.335693977074698 ], [ 752072.3109464176232, 1056693.260873251827434 ], [ 754035.180647503468208, 1057773.576313360594213 ], [ 754544.154448486980982, 1057114.364275810308754 ], [ 753968.812276463024318, 1055289.191386679885909 ], [ 755010.061065182322636, 1055312.053848955780268 ], [ 755432.940533417044207, 1055700.567187604494393 ], [ 755106.659943145350553, 1058419.868131413124502 ], [ 753918.975158884073608, 1058831.034888771129772 ], [ 752858.731530896620825, 1060337.080410784808919 ], [ 751701.230638182605617, 1060670.647669962607324 ], [ 750935.677712663309649, 1061900.606711780885234 ], [ 749616.740741342073306, 1061673.096849961206317 ], [ 748287.929677069769241, 1062400.644355059834197 ], [ 746163.028310289722867, 1064419.376957532716915 ], [ 743681.19083261617925, 1064734.31431243615225 ], [ 743885.495863276068121, 1070335.076009205309674 ], [ 744440.30314188671764, 1071340.162544160149992 ], [ 747691.209026102209464, 1074034.60704833525233 ], [ 749487.284499617293477, 1074445.729815718717873 ], [ 750578.680184001568705, 1075449.432591455290094 ], [ 751289.892001072177663, 1076323.332473920192569 ], [ 751963.531607151497155, 1078426.16546685108915 ], [ 755034.142540870467201, 1082003.215977973304689 ], [ 757604.561368895345367, 1082297.840586778242141 ], [ 760064.647892801673152, 1081787.03911269758828 ], [ 761040.309353465447202, 1082194.38621185766533 ], [ 761279.338571837521158, 1083064.162644701777026 ], [ 760094.693177232053131, 1083845.978258639574051 ], [ 760908.759900966659188, 1085460.646294567966834 ], [ 762790.522267485968769, 1085287.062130889156833 ], [ 763479.317960687447339, 1084599.552001890959218 ], [ 762885.116665326757357, 1083696.79785625054501 ], [ 763015.502801632857881, 1082639.538923681015149 ], [ 763483.635314047103748, 1082396.294320521876216 ], [ 763983.559205887140706, 1083183.916935310699046 ], [ 771805.843496838584542, 1083859.856598866637796 ], [ 772207.857091320911422, 1079012.881746838800609 ], [ 791216.562168968026526, 1080816.346689013531432 ], [ 792969.944274660898373, 1061413.499635057756677 ], [ 797745.014399471576326, 1061877.730642145965248 ], [ 798253.071078173816204, 1057144.850817181635648 ], [ 797778.94235225697048, 1057448.370594870764762 ], [ 795222.469443875947036, 1057315.544525426579639 ], [ 794334.491683279164135, 1056913.340303646633402 ], [ 793573.467816571472213, 1055595.944613184081391 ], [ 794921.291133835562505, 1042063.022336585447192 ], [ 785381.57479399733711, 1041162.170996943837963 ], [ 786742.919719294994138, 1027090.817931272904389 ], [ 782542.365765445400029, 1026348.788039899314754 ], [ 782664.250031968811527, 1025151.216591658769175 ], [ 768703.453425721614622, 1023842.349236155627295 ] ] ] } },
{ "type": "Feature", "properties": { "county_fips": "093" }, "geometry": { "type": "Polygon", "coordinates": [ [ [ 748238.767742274212651, 1238010.447317997226492 ], [ 737846.929919093614444, 1237290.699549051467329 ], [ 736867.002816254040226, 1248677.934073107084259 ], [ 733617.719881139579229, 1248481.339064016006887 ], [ 733388.552472804905847, 1251736.987805606797338 ], [ 713214.708490625256673, 1250754.28999016340822 ], [ 713866.801591092720628, 1280275.5830482179299 ], [ 763037.388667941908352, 1282897.25331804389134 ], [ 766776.375864868867211, 1239270.175977966515347 ], [ 748238.767742274212651, 1238010.447317997226492 ] ] ] } },
{ "type": "Feature", "properties": { "county_fips": "095" }, "geometry": { "type": "Polygon", "coordinates": [ [ [ 894995.258230568724684, 1280949.730433787219226 ], [ 886438.268864608369768, 1271311.461280177114531 ], [ 875633.50810101616662, 1282113.152516760164872 ], [ 871853.099704897496849, 1286735.755780515726656 ], [ 871831.083312452072278, 1287808.940451075555757 ], [ 871020.74231200828217, 1287749.917760320007801 ], [ 870991.593410111032426, 1288190.355337086133659 ], [ 870679.049258322571404, 1288171.103755012154579 ], [ 871023.620995227480307, 1289460.577438351232558 ], [ 870247.282783992937766, 1289384.702606763923541 ], [ 870101.920448374468833, 1291009.208845192100853 ], [ 868503.836722006089985, 1290871.86615663790144 ], [ 868306.698511550202966, 1292357.816827997565269 ], [ 858795.931265558698215, 1291624.42183894990012 ], [ 858117.351788862957619, 1299017.376816793577746 ], [ 858926.88183549058158, 1318693.112052785465494 ], [ 861000.223868818953633, 1314104.231193625135347 ], [ 864115.085459196125157, 1312196.831542426953092 ], [ 866511.323350167134777, 1312068.391260451637208 ], [ 867154.286283722147346, 1311668.799093366833404 ], [ 868514.643046474084258, 1312761.336240995442495 ], [ 870107.085951927467249, 1312852.882678098976612 ], [ 871129.909850462689064, 1312481.935802520485595 ], [ 872082.581276603857987, 1314264.571049521444365 ], [ 872814.026178357889876, 1314666.736591143300757 ], [ 873370.087498805834912, 1314478.741972633870319 ], [ 874123.129211431485601, 1315075.418972146930173 ], [ 874244.601230792119168, 1315981.668170967604965 ], [ 873750.513303314801306, 1315960.979788556462154 ], [ 873706.103048297809437, 1317312.933503889245912 ], [ 874079.541529073030688, 1317008.002062742132694 ], [ 874617.36897160555236, 1317466.471204687608406 ], [ 875763.079661551048048, 1316823.281964926747605 ], [ 876916.399299842771143, 1318038.624698645900935 ], [ 878676.964318349724635, 1316667.089467523852363 ], [ 879335.125871916301548, 1317107.685320471879095 ], [ 878997.409245808958076, 1317660.543277851305902 ], [ 879429.143121396424249, 1317789.267924308311194 ], [ 879639.768302496988326, 1318949.388255345867947 ], [ 880743.164990740711801, 1320224.656865837518126 ], [ 880436.339159866794944, 1321413.082946114474908 ], [ 880895.185043383389711, 1322665.362074557226151 ], [ 880606.16146870108787, 1322972.474014230305329 ], [ 878747.272549351560883, 1322959.857100154273212 ], [ 878499.970760513911955, 1323763.561032079393044 ], [ 881307.185091571300291, 1324856.665052648866549 ], [ 880592.553343551349826, 1325046.446450546151027 ], [ 880813.150114175281487, 1326290.820999071933329 ], [ 879606.308919648872688, 1326869.407785159535706 ], [ 878614.723590377136134, 1326781.223892196081579 ], [ 894777.784269474563189, 1328371.549181513721123 ], [ 895260.813042174093425, 1322876.108680764678866 ], [ 894744.165970760630444, 1322873.536988092819229 ], [ 895918.659102453035302, 1321980.432447872590274 ], [ 895920.622174069867469, 1321203.377111598849297 ], [ 895413.482168135233223, 1321080.224221902200952 ], [ 896319.530955567141064, 1321136.631763450102881 ], [ 895745.750175092951395, 1319683.637468178290874 ], [ 897163.350345707964152, 1320735.108809348428622 ], [ 897360.791797536890954, 1321302.238038616254926 ], [ 898258.670232636504807, 1320346.296456012874842 ], [ 898982.715715062222444, 1320968.996399437775835 ], [ 899192.608303033397533, 1319972.01428220490925 ], [ 900569.551338754594326, 1320021.384504795307294 ], [ 900141.869400591473095, 1319517.799100312869996 ], [ 900274.96566300408449, 1319563.985264376271516 ], [ 900541.664676089887507, 1319331.023005707422271 ], [ 899815.560288039385341, 1318529.21955772745423 ], [ 900279.609130674041808, 1318280.10917525133118 ], [ 900846.593162474688143, 1316512.111025877064094 ], [ 901639.637640575761907, 1315899.46566199301742 ], [ 901685.226274217828177, 1314302.28861475829035 ], [ 902291.442379055777565, 1314022.279806941282004 ], [ 903027.427172210533172, 1314349.560903977137059 ], [ 904427.790172329754569, 1315541.679874607827514 ], [ 900215.517275770194829, 1309681.730634873965755 ], [ 900524.401967077516019, 1307023.711015866836533 ], [ 899719.647978002205491, 1306937.222396407276392 ], [ 899851.688059714389965, 1305729.899492860771716 ], [ 900650.900021641282365, 1305809.064598343102261 ], [ 903453.182928541442379, 1282865.940765048610047 ], [ 897838.959860645933077, 1282419.820157001726329 ], [ 897211.762942871428095, 1281819.767679139506072 ], [ 895957.621122284675948, 1281793.685238200239837 ], [ 894995.258230568724684, 1280949.730433787219226 ] ], [ [ 895405.862098870216869, 1321079.543997483327985 ], [ 895011.350146253360435, 1321054.817984887864441 ], [ 895050.071100777131505, 1320640.145536101423204 ], [ 895455.287034394801594, 1320693.306028693681583 ], [ 895405.862098870216869, 1321079.543997483327985 ] ] ] } },
{ "type": "Feature", "properties": { "county_fips": "097" }, "geometry": { "type": "Polygon", "coordinates": [ [ [ 764582.601916772895493, 830485.062426427728496 ], [ 764521.027678433456458, 826113.145890032406896 ], [ 765207.089698996045627, 817718.031851449864917 ], [ 762985.316865968052298, 817293.76697702833917 ], [ 761600.563251839834265, 817481.356180038885213 ], [ 760060.763876657234505, 818173.421742917969823 ], [ 758686.287027985672466, 819380.121661993209273 ], [ 755917.262195925577544, 819956.873487187549472 ], [ 752760.10697722423356, 822644.302052855142392 ], [ 739447.030132145271637, 819088.56662120227702 ], [ 737326.210005074972287, 819170.611382266040891 ], [ 735054.124906553886831, 820083.62608510022983 ], [ 734039.038167380029336, 818269.645490430295467 ], [ 731815.587134915986098, 816309.635623484500684 ], [ 718804.592585088685155, 921814.931868172017857 ], [ 728478.655467135598883, 922598.773937284946442 ], [ 728228.156824674806558, 925866.683743843692355 ], [ 757316.711587867815979, 928316.659456513472833 ], [ 760248.622637919033878, 931805.722536124754697 ], [ 761786.814173766644672, 930929.591524248477072 ], [ 761788.897820590646006, 930093.910364740760997 ], [ 762617.408629294950515, 929210.119993244647048 ], [ 763578.865349453873932, 929068.36346542602405 ], [ 764740.236805748194456, 929549.233708775718696 ], [ 765104.687885704101063, 929306.911715890862979 ], [ 764817.671113206888549, 926611.339986042352393 ], [ 762204.33123764838092, 922151.047080908552743 ], [ 763503.999253977439366, 920425.028333980008028 ], [ 765246.00729657150805, 920387.321317032328807 ], [ 765816.63667760847602, 919562.251510744565167 ], [ 765805.84012911200989, 917979.226817574701272 ], [ 764507.042187173152342, 916484.792636012192816 ], [ 765311.506792913773097, 914947.842774048098363 ], [ 765063.607122156885453, 914261.039380394970067 ], [ 764073.666372440638952, 913697.942845167592168 ], [ 764728.003295369911939, 913188.351163583109155 ], [ 765022.811584523995407, 911723.861888756742701 ], [ 764452.030618034303188, 909112.969849710701965 ], [ 766281.27946481318213, 908969.770119951688685 ], [ 766904.660275702946819, 907656.550081290653907 ], [ 768117.493259604438208, 907130.31970916246064 ], [ 768627.83521740429569, 906062.721969102043658 ], [ 766034.728419181075878, 904558.444384998176247 ], [ 765829.740701703121886, 902744.916558788041584 ], [ 764052.03289713000413, 900785.280846100184135 ], [ 763219.737597109982744, 898783.577795572113246 ], [ 763910.816706391517073, 897356.502273415331729 ], [ 765910.006331139011309, 896629.20666138548404 ], [ 766966.203037679661065, 895732.518477623118088 ], [ 767598.270376403001137, 894858.147179786465131 ], [ 767700.220193126355298, 893792.3872978099389 ], [ 767088.73253607773222, 893094.919209477608092 ], [ 765964.607882524724118, 892922.466128979343921 ], [ 763600.542185375001281, 891514.162892246618867 ], [ 763486.36215950618498, 889442.580654150457121 ], [ 761490.077409287681803, 888384.780072110588662 ], [ 760807.208484570495784, 887346.089238128741272 ], [ 761089.775569487712346, 886265.650996921118349 ], [ 760611.954400951275602, 884972.790701529709622 ], [ 761907.439347900100984, 883361.498210620717146 ], [ 762263.549785471288487, 881043.813475514412858 ], [ 763414.025489085470326, 879772.477970035164617 ], [ 763491.863065697369166, 878780.47775979526341 ], [ 762931.472759668016806, 877211.266747847432271 ], [ 764658.008213527617045, 876056.740746380877681 ], [ 765361.479521352448501, 872412.105437137070112 ], [ 765947.004450239590369, 862156.711501927813515 ], [ 765113.154470241279341, 860563.600114517263137 ], [ 764582.601916772895493, 830485.062426427728496 ] ] ] } },
{ "type": "Feature", "properties": { "county_fips": "099" }, "geometry": { "type": "Polygon", "coordinates": [ [ [ 816664.115178213687614, 951935.369389838539064 ], [ 815199.139414957957342, 950769.586007966659963 ], [ 813194.805601925007068, 948280.441936670336872 ], [ 812508.73124244925566, 946102.229072670103051 ], [ 806674.747667011804879, 945541.816824516747147 ], [ 805076.131585702649318, 944143.800252801040187 ], [ 803330.938753624097444, 943786.076426240499131 ], [ 802474.019395281327888, 942619.161971270223148 ], [ 800401.335920463548973, 941315.97977220849134 ], [ 798616.491296875174157, 941717.58997292642016 ], [ 797680.667120222584344, 942379.276518153143115 ], [ 794698.73498919501435, 942779.562535230186768 ], [ 792463.078967901412398, 942523.714955560863018 ], [ 791917.000685525476001, 943010.698519950965419 ], [ 790551.206064746133052, 943196.140352694899775 ], [ 788957.484512129682116, 944182.487277173902839 ], [ 787412.125618834514171, 946384.01213653862942 ], [ 786293.582911587902345, 946590.513148399884813 ], [ 785907.495906323427334, 947544.79244792019017 ], [ 784988.482316018547863, 948316.562478220206685 ], [ 782722.813271563034505, 948184.487439786433242 ], [ 781783.059476851369254, 947482.728475520736538 ], [ 780765.690369494259357, 947671.117232082528062 ], [ 780227.581655126181431, 947368.802128499606624 ], [ 778876.489127826760523, 948188.851091312826611 ], [ 778345.63617652549874, 949053.906339925597422 ], [ 778107.219104970688932, 950710.795441150898114 ], [ 779688.68704802764114, 952844.868483385071158 ], [ 779702.990343748242594, 954753.691182056558318 ], [ 780419.181187387788668, 954793.826656629680656 ], [ 780833.147629674640484, 954253.762200803612359 ], [ 781232.59177079598885, 951708.375821718596853 ], [ 782369.817551957094111, 951548.822187355370261 ], [ 783662.114834357751533, 952479.105263710487634 ], [ 783704.92035100935027, 954627.520168201532215 ], [ 783203.925056371372193, 956161.478008384932764 ], [ 784160.534807984018698, 957407.756371802650392 ], [ 784985.803265222930349, 959526.730147541849874 ], [ 786569.729500124580227, 960144.562384159537032 ], [ 788412.026311336550862, 962139.549284940469079 ], [ 790170.830575324827805, 962669.227017986355349 ], [ 792726.521480932715349, 961051.113070944324136 ], [ 793997.449790111742914, 960944.218394988682121 ], [ 795084.728686165413819, 961703.578546172939241 ], [ 797045.756614101701416, 964471.701248740777373 ], [ 797571.722162420512177, 969042.005719242850319 ], [ 797036.088683502748609, 969608.752793838037178 ], [ 793364.972530193510465, 971180.216050523216836 ], [ 791798.746634514420293, 972390.256072487682104 ], [ 791675.574882558430545, 972896.115415222127922 ], [ 793644.342207022244111, 974253.537518732948229 ], [ 796575.353544164798222, 977434.423668486182578 ], [ 795024.450316471513361, 993341.879444372025318 ], [ 799785.358278231462464, 993846.016901465482078 ], [ 798418.459367117960937, 1006756.994579214369878 ], [ 800056.642406513099559, 1006862.589434863068163 ], [ 799907.264361025881954, 1008552.693453704123385 ], [ 855635.922094752080739, 1013879.64333699666895 ], [ 856555.46131088968832, 1005286.145082007045858 ], [ 853999.355567938182503, 1004271.785091007011943 ], [ 852812.862806332996115, 1003398.706233492353931 ], [ 852726.244299665908329, 1002888.682389957713895 ], [ 850112.233041730243713, 1001812.529171532718465 ], [ 849094.239899347070605, 1000681.006576552754268 ], [ 845847.691741228220053, 999736.368407538393512 ], [ 843310.269904999877326, 1000172.204024884500541 ], [ 842494.773727921419777, 998514.376162748550996 ], [ 842583.836499677505344, 997103.93736997875385 ], [ 843255.576538211549632, 995557.813698602258228 ], [ 842959.342217510915361, 995155.278884998639114 ], [ 841294.967744448687881, 994164.032509737880901 ], [ 840320.238684058072977, 992507.317813906236552 ], [ 838743.03833486372605, 992242.27921150799375 ], [ 837391.782979444251396, 991250.072756301378831 ], [ 836130.968761609285139, 990928.163860355503857 ], [ 835940.333709307597019, 988987.5292479271302 ], [ 836273.709655622253194, 987718.158953682985157 ], [ 835892.198979606153443, 985004.553533415193669 ], [ 834861.267745869001374, 982855.417915502912365 ], [ 834825.740596457151696, 980397.486171503551304 ], [ 834221.055007042828947, 978765.389553097891621 ], [ 834583.804878911818378, 977320.027528608217835 ], [ 832010.451018943684176, 972391.202053740038536 ], [ 832086.790753990528174, 971586.80697730416432 ], [ 831402.9612730613444, 970031.842564093298279 ], [ 829192.080235885921866, 969200.290201606811024 ], [ 825889.966760392300785, 965235.805837287101895 ], [ 825447.014101622044109, 964112.51903040567413 ], [ 823437.043822479434311, 962848.139704184257425 ], [ 821620.82679968024604, 960095.757289172499441 ], [ 820552.633666984620504, 957433.579514514654875 ], [ 819289.441135982400738, 956786.102682555676438 ], [ 818327.486422040848993, 953039.524366492289118 ], [ 816664.115178213687614, 951935.369389838539064 ] ] ] } },
{ "type": "Feature", "properties": { "county_fips": "101" }, "geometry": { "type": "Polygon", "coordinates": [ [ [ 916462.16744980099611, 1035111.725388457183726 ], [ 910817.797961361240596, 1034402.447488769423217 ], [ 909704.080252099782228, 1043987.70801002997905 ], [ 900116.02614628279116, 1042906.747523545287549 ], [ 897709.101421909406781, 1064347.026521284598857 ], [ 897287.801234695012681, 1064342.127817519241944 ], [ 897368.062191365170293, 1064762.207792808767408 ], [ 896777.553438591305166, 1064287.805762592237443 ], [ 896301.639046738971956, 1064684.226142355008051 ], [ 896347.582000633236021, 1065263.277304213261232 ], [ 893776.36411981342826, 1066097.981963982572779 ], [ 893728.00769325834699, 1066675.576264329254627 ], [ 893008.238790804985911, 1067139.892527003074065 ], [ 891687.352078765514307, 1066904.822534120641649 ], [ 891598.910456904093735, 1066577.973105855286121 ], [ 891421.890928461682051, 1067007.066891863010824 ], [ 890715.197045718436129, 1066666.458492991747335 ], [ 890885.380692378384992, 1067133.377213978208601 ], [ 890248.508712424780242, 1067171.324755084933713 ], [ 890613.971279834047891, 1067695.169102842686698 ], [ 889697.171006944729015, 1068416.549375046277419 ], [ 890104.574126622523181, 1068704.392366712912917 ], [ 889618.288457752438262, 1069025.829493543831632 ], [ 889688.249986575101502, 1069655.103387891547754 ], [ 890084.25984015443828, 1069712.695309984730557 ], [ 889395.220687675871886, 1069929.860438820207492 ], [ 890049.350737071130425, 1071284.899695024127141 ], [ 889479.987941161845811, 1071862.973003163468093 ], [ 890323.616180488606915, 1071579.79224751284346 ], [ 890381.909805648960173, 1072164.906690209172666 ], [ 890004.564082711469382, 1072468.819582691183314 ], [ 890757.544496739748865, 1072526.929681646404788 ], [ 890264.516294178552926, 1073005.862602450419217 ], [ 890616.268442481639795, 1073378.483488552039489 ], [ 889521.751565668382682, 1073065.788995346054435 ], [ 890127.345256055705249, 1074285.179276164155453 ], [ 889206.936894556623884, 1074068.332920198095962 ], [ 889203.380720333894715, 1074499.235553623875603 ], [ 888853.713386085350066, 1073859.313711816212162 ], [ 888601.542680455953814, 1074283.523736890871078 ], [ 888274.076638829545118, 1074088.876591203268617 ], [ 888948.86322086583823, 1075107.967666589654982 ], [ 888618.02733164827805, 1076877.482073968974873 ], [ 889138.987324655638076, 1077222.13179374486208 ], [ 890063.80811511084903, 1077049.292674938915297 ], [ 891202.73351248470135, 1078684.563086954876781 ], [ 891171.87466145970393, 1081741.297510710079223 ], [ 892615.241358500323258, 1081259.261237431550398 ], [ 894415.449171698885038, 1081731.980632561957464 ], [ 896915.35000011511147, 1083244.376491128234193 ], [ 896623.084743065177463, 1084701.582531996071339 ], [ 901022.689321738551371, 1085867.696834840811789 ], [ 902204.548823163029738, 1085593.676115097012371 ], [ 904135.673480092198588, 1084584.466794192790985 ], [ 904553.12001509941183, 1083795.409618828678504 ], [ 904955.719744924921542, 1083844.324420253979042 ], [ 905250.616676675272174, 1084692.799477995373309 ], [ 904643.589547426905483, 1085885.103861035779119 ], [ 903249.651610195287503, 1087114.050372984958813 ], [ 904036.381183411576785, 1087999.897831239271909 ], [ 904583.919288519769907, 1090018.231185493757948 ], [ 903843.358822396374308, 1092389.534412118373439 ], [ 904576.282203857554123, 1092442.225197160383686 ], [ 905387.828748581698164, 1091181.779708420624956 ], [ 906322.373300978098996, 1090809.017880481900647 ], [ 907077.95309629663825, 1092347.250014868797734 ], [ 907953.964940855279565, 1092234.992245844798163 ], [ 908734.367461120011285, 1092691.864524854114279 ], [ 908166.691196400439367, 1093374.253999725682661 ], [ 908462.844380733673461, 1094288.840477309655398 ], [ 910857.878840611199848, 1093783.228809567168355 ], [ 910993.944842765689828, 1092786.985900314990431 ], [ 911570.793105282122269, 1093279.980109876720235 ], [ 912485.178723570192233, 1092294.356715539237484 ], [ 911976.492214963771403, 1091982.888303731335327 ], [ 912009.995896759442985, 1091070.81769060739316 ], [ 912613.939929149346426, 1090955.481949097244069 ], [ 913358.0049720229581, 1091709.10684050922282 ], [ 914757.245565153425559, 1089259.788417401490733 ], [ 915781.823559119366109, 1089955.642655990319327 ], [ 916653.342836627154611, 1089059.366600386565551 ], [ 915411.152202539495192, 1088187.986814967589453 ], [ 915944.394781853421591, 1087301.925332620972767 ], [ 917558.397923872224055, 1088355.319859089097008 ], [ 919204.846172880148515, 1087915.0604220230598 ], [ 919667.463432178250514, 1086809.752397801261395 ], [ 921938.970428647357039, 1088101.550925151212141 ], [ 921606.913257936481386, 1086866.402944441651925 ], [ 922142.578736246796325, 1086524.283377636689693 ], [ 922696.147982666268945, 1087071.030624791514128 ], [ 923093.420949976542033, 1086198.059259847272187 ], [ 925640.048275964916684, 1087116.515712206251919 ], [ 926704.720325536094606, 1086118.38662488409318 ], [ 929445.677228020154871, 1085746.961515886941925 ], [ 930241.800539311720058, 1087553.28739448194392 ], [ 931632.538098726188764, 1087540.182439428055659 ], [ 932004.846272105467506, 1086463.086916506988928 ], [ 932924.408040067879483, 1086011.702290881425142 ], [ 932834.418637658236548, 1083665.784389114705846 ], [ 934026.317969412310049, 1082369.104594817152247 ], [ 933868.279903120943345, 1082074.83856680477038 ], [ 934480.130625419667922, 1081924.196630154969171 ], [ 934204.630716996616684, 1081894.540297617437318 ], [ 934420.649024428799748, 1081408.044289851561189 ], [ 935026.826804406708106, 1081194.953414035029709 ], [ 935058.424436503672041, 1079746.617689062375575 ], [ 935415.214547694195062, 1079765.043266136199236 ], [ 935553.025869243429042, 1078555.758378689875826 ], [ 937883.304490849841386, 1078333.790144435595721 ], [ 938009.310909670777619, 1077578.433513022493571 ], [ 938772.157185626099817, 1077476.911669062217698 ], [ 939408.196511360933073, 1075159.255471262382343 ], [ 940010.411457499256358, 1074470.628706777235493 ], [ 940874.513629353954457, 1073646.083727176068351 ], [ 942500.737569245276973, 1073324.534655404044315 ], [ 943040.14052800857462, 1072678.740023043006659 ], [ 936755.115422673639841, 1071530.307705280603841 ], [ 937010.611597615177743, 1069124.290919568156824 ], [ 935830.843670637812465, 1068948.262727156281471 ], [ 939484.833135909633711, 1037663.552012072177604 ], [ 916462.16744980099611, 1035111.725388457183726 ] ] ] } },
{ "type": "Feature", "properties": { "county_fips": "103" }, "geometry": { "type": "Polygon", "coordinates": [ [ [ 818704.241335041821003, 1288532.905150552047417 ], [ 810683.421107789152302, 1287998.328940041828901 ], [ 807251.106918942416087, 1329484.768015255685896 ], [ 809111.065563772339374, 1327852.891243068967015 ], [ 812629.352268113172613, 1325932.996312354225665 ], [ 814268.199543653288856, 1326185.696832438465208 ], [ 819963.276929489220493, 1322514.468485500430688 ], [ 824757.219540017656982, 1319984.143693241290748 ], [ 830522.586130577255972, 1318414.029411164810881 ], [ 832912.922548485221341, 1317341.825563558377326 ], [ 837894.23167271388229, 1317140.909245901275426 ], [ 839902.483865028130822, 1317623.73981862468645 ], [ 843163.544870402663946, 1321416.211684141075239 ], [ 844584.049013393232599, 1322167.239477575290948 ], [ 846793.063793421955779, 1321627.217574475798756 ], [ 847373.051144249038771, 1320821.585946837672964 ], [ 847727.707616617321037, 1319002.995163814630359 ], [ 849663.107072824379429, 1318193.967794673284516 ], [ 850715.953698705998249, 1318495.255103703588247 ], [ 852542.461605500546284, 1321348.881457307143137 ], [ 854092.054471409064718, 1322295.488847407745197 ], [ 856014.153574384748936, 1322436.098107633646578 ], [ 858037.23378356359899, 1321166.604926571715623 ], [ 859023.063290563295595, 1318900.282976414775476 ], [ 858117.351788862957619, 1299017.376816793577746 ], [ 858795.931265558698215, 1291624.42183894990012 ], [ 818704.241335041821003, 1288532.905150552047417 ] ] ] } },
{ "type": "Feature", "properties": { "county_fips": "105" }, "geometry": { "type": "Polygon", "coordinates": [ [ [ 801115.90309138468001, 1077037.982439942192286 ], [ 802529.902129154652357, 1062364.026979399146512 ], [ 792969.944274660898373, 1061413.499635057756677 ], [ 789425.065920309862122, 1100103.851295395987108 ], [ 794187.736700010020286, 1100548.244521814864129 ], [ 792602.430835380568169, 1119979.352884127292782 ], [ 797307.838876235531643, 1120427.411787875695154 ], [ 796885.824977738899179, 1125282.695374371251091 ], [ 806302.849423340056092, 1126209.201679134275764 ], [ 806773.392445279285312, 1121366.964101747609675 ], [ 834517.458659994648769, 1124570.146489718928933 ], [ 835778.590764464694075, 1112642.518894847948104 ], [ 834695.335989276296459, 1108765.131918722530827 ], [ 834548.28421277354937, 1107682.63109302893281 ], [ 835147.274559235433117, 1106466.936523903626949 ], [ 835138.995210755267181, 1105239.171175520168617 ], [ 834133.454211174394004, 1101687.023803810821846 ], [ 834142.601444476051256, 1100222.379253314109519 ], [ 835047.678296066238545, 1098003.904187164036557 ], [ 833658.420054687885568, 1096186.206225102767348 ], [ 831559.674599462072365, 1094506.561118845129386 ], [ 831578.330950618721545, 1093370.6566363631282 ], [ 832145.84993667632807, 1092698.886225562077016 ], [ 832030.154803013196215, 1091068.136325230356306 ], [ 831103.615583842853084, 1090320.420719277346507 ], [ 831115.095784745062701, 1089254.261009651236236 ], [ 830510.608763891737908, 1088553.845948146888986 ], [ 830519.894228137098253, 1087167.177537669893354 ], [ 830239.88859157380648, 1087180.418565604602918 ], [ 829603.10194808896631, 1085167.877246926072985 ], [ 818183.120240432210267, 1083529.887639141874388 ], [ 800641.267527704010718, 1081769.094796352554113 ], [ 801115.90309138468001, 1077037.982439942192286 ] ] ] } },
{ "type": "Feature", "properties": { "county_fips": "107" }, "geometry": { "type": "Polygon", "coordinates": [ [ [ 710693.233131646411493, 1134906.734234520466998 ], [ 711817.61804985802155, 1191862.203783781733364 ], [ 742072.605529093998484, 1193256.593665945343673 ], [ 751792.683124774950556, 1194183.244942949153483 ], [ 755411.343893381534144, 1156555.360716416733339 ], [ 755476.325661888578907, 1152514.176345664542168 ], [ 754397.573422932764515, 1152035.971025722566992 ], [ 754023.101270687533543, 1151266.922682023607194 ], [ 753214.660301509313285, 1151561.518604564247653 ], [ 751526.454945633071475, 1150551.91008191392757 ], [ 751452.806459338753484, 1150106.772813374642283 ], [ 749885.283748402958736, 1149562.817249899031594 ], [ 749609.621672421577387, 1148779.494158618850634 ], [ 748947.582309302873909, 1148966.99451544531621 ], [ 748053.051715006004088, 1148164.578246392775327 ], [ 747710.054928944213316, 1148623.014129816321656 ], [ 747171.634097718633711, 1147655.772818022407591 ], [ 746699.605314725777134, 1147782.426031138049439 ], [ 746351.749709375901148, 1146988.070607217028737 ], [ 745966.544117321143858, 1146988.724267067154869 ], [ 745427.886023008148186, 1145041.219023182988167 ], [ 744339.943685771431774, 1144158.345832892460749 ], [ 744227.491424019215629, 1143425.086073442129418 ], [ 743099.08217676950153, 1143703.809522856492549 ], [ 742315.409160064300522, 1142728.686189656145871 ], [ 740352.687195217004046, 1142386.220145839266479 ], [ 740225.643922806018963, 1141936.776573786744848 ], [ 738599.05604337353725, 1141151.496937347110361 ], [ 739023.877807946642861, 1140555.835178881883621 ], [ 738592.118955606943928, 1140175.796299147186801 ], [ 737883.753894573426805, 1140799.073160832980648 ], [ 738773.883184014586732, 1139033.73885761317797 ], [ 737860.772561254096217, 1138834.063599086366594 ], [ 737880.462734764325432, 1138417.503574129892513 ], [ 737417.121473724488169, 1138263.262385344132781 ], [ 737751.813152214162983, 1137837.071692005963996 ], [ 737140.366771186236292, 1138512.099364856723696 ], [ 736835.002500005299225, 1138255.665877001360059 ], [ 736425.255443217, 1138518.913262083660811 ], [ 735582.310240748338401, 1139751.678545620758086 ], [ 734655.70950632437598, 1139833.331041513942182 ], [ 734203.14974713511765, 1139338.781124653760344 ], [ 734743.704764747875743, 1139448.014713373268023 ], [ 734836.397047698032111, 1138886.247029212070629 ], [ 734233.541445460054092, 1138612.5457928837277 ], [ 733874.471024377387948, 1138967.385411470895633 ], [ 733812.211139694438316, 1138500.421111092204228 ], [ 734326.933948190417141, 1138222.643423704896122 ], [ 733875.38304801331833, 1137897.663704656995833 ], [ 733336.317152577568777, 1138193.707302960800007 ], [ 732910.941605280968361, 1137765.575617010705173 ], [ 732183.518765230663121, 1137920.215234140399843 ], [ 731980.160127651179209, 1137443.879768994636834 ], [ 730937.61309134203475, 1138336.859489600174129 ], [ 729587.292269765981473, 1137578.152527861995623 ], [ 728511.898666807101108, 1137992.261151794809848 ], [ 728489.327103602234274, 1137436.258594206068665 ], [ 728164.077371395542286, 1137725.126966985408217 ], [ 727835.830654183635488, 1137343.9438568118494 ], [ 728639.897499303217046, 1136317.302345290547237 ], [ 726763.929868091247045, 1135411.174277897691354 ], [ 726857.933085019816644, 1135039.200648000929505 ], [ 726100.003196226083674, 1134184.076978281605989 ], [ 726208.822392290341668, 1132758.793625246966258 ], [ 710645.97123771882616, 1130965.924040394835174 ], [ 710693.233131646411493, 1134906.734234520466998 ] ] ] } },
{ "type": "Feature", "properties": { "county_fips": "109" }, "geometry": { "type": "Polygon", "coordinates": [ [ [ 950019.402094889548607, 999738.312023778678849 ], [ 926292.048014592728578, 996960.054615580942482 ], [ 926167.133992793736979, 998193.875285487039946 ], [ 927093.877941278740764, 998935.377161843236536 ], [ 926897.250917100929655, 999356.467915580258705 ], [ 927691.940402176231146, 999891.920944334124215 ], [ 927887.78911048034206, 1000610.03052781324368 ], [ 927631.401359380339272, 1002004.454068218357861 ], [ 928815.222889018827118, 1002437.205409326939844 ], [ 927225.668044719845057, 1016597.787736597005278 ], [ 922444.773940265993588, 1016045.58961525070481 ], [ 922242.328314644400962, 1017974.198639087495394 ], [ 922808.101164663094096, 1018509.677094774669968 ], [ 922659.612957743462175, 1019256.303298554266803 ], [ 923503.895535500254482, 1020851.589255716302432 ], [ 923124.192345463205129, 1021521.414992262027226 ], [ 923399.992178659536876, 1024562.422498379135504 ], [ 923125.807919315993786, 1025040.295389426406473 ], [ 923738.10898470506072, 1027594.850419128546491 ], [ 922919.547671496402472, 1031174.72500417183619 ], [ 923062.530006142449565, 1031879.936706609791145 ], [ 921756.708694565808401, 1035190.251808505039662 ], [ 921175.012286664918065, 1035624.607161942520179 ], [ 939484.833135909633711, 1037663.552012072177604 ], [ 938386.717441206914373, 1046902.327844734070823 ], [ 938789.016784267150797, 1046933.747126925853081 ], [ 938829.250052600284107, 1046545.941620122059248 ], [ 939625.087439731345512, 1046630.318243800662458 ], [ 939581.976629316923209, 1047028.912366948323324 ], [ 940340.015479150810279, 1047129.864455095259473 ], [ 940304.285398399224505, 1047483.413442636374384 ], [ 942700.776720296009444, 1047751.470489619416185 ], [ 942214.277412718860433, 1048506.640338841243647 ], [ 942984.019637054181658, 1048604.031736456090584 ], [ 943072.006481449236162, 1047793.235989236272871 ], [ 946296.087341474369168, 1048156.469742586836219 ], [ 946411.176697102026083, 1047339.832335344632156 ], [ 948075.317601392278448, 1047516.870411438052543 ], [ 948858.418439402943477, 1041067.89231629576534 ], [ 949201.466010870411992, 1041092.9812531293137 ], [ 949283.28316235949751, 1040297.656120690982789 ], [ 949729.347799739683978, 1040354.045776943443343 ], [ 949892.800237035145983, 1038735.730948363896459 ], [ 958714.117867250926793, 1039682.802702088258229 ], [ 959658.613012692891061, 1030047.934141277451999 ], [ 972148.237641253042966, 1031394.497842400101945 ], [ 970525.740489177638665, 1028497.411834873724729 ], [ 971702.047505172085948, 1026245.835365980863571 ], [ 971292.304896875983104, 1024542.863163006259128 ], [ 971601.155346825253218, 1024253.089752298081294 ], [ 971491.487562992377207, 1023111.522367304889485 ], [ 972850.259825558401644, 1020607.535071028862149 ], [ 972490.434197779512033, 1020178.585378232761286 ], [ 972318.673657698556781, 1018042.293928701430559 ], [ 970706.860257988446392, 1016932.364190406049602 ], [ 969521.664768376154825, 1015056.113942975876853 ], [ 969464.538972202921286, 1013810.6138493710896 ], [ 969754.878436141880229, 1013644.140150775550865 ], [ 969374.745673639699817, 1012205.826358714490198 ], [ 969694.96610501408577, 1011741.388017589226365 ], [ 968502.999103848240338, 1010023.286269754287787 ], [ 968999.016873121494427, 1009509.714327324531041 ], [ 969305.329724627081305, 1005855.044898577383719 ], [ 968561.337386972969398, 1004719.202601617784239 ], [ 967909.839351331000216, 1002278.88109816366341 ], [ 966654.003196436562575, 1001406.003223646664992 ], [ 950019.402094889548607, 999738.312023778678849 ] ] ] } },
{ "type": "Feature", "properties": { "county_fips": "111" }, "geometry": { "type": "Polygon", "coordinates": [ [ [ 970479.743016028311104, 1169017.021122265607119 ], [ 957665.128922537318431, 1167377.986188606126234 ], [ 956438.56076645408757, 1179088.991627594921738 ], [ 956832.516036637127399, 1179122.854672663612291 ], [ 956707.237449229578488, 1180732.73743234644644 ], [ 956295.284591818694025, 1180699.712540878215805 ], [ 955538.13044630875811, 1189551.887485830113292 ], [ 956370.997910036472604, 1189621.088588983519003 ], [ 956258.36331440624781, 1190852.709953808458522 ], [ 955857.615883456892334, 1190801.562335337279364 ], [ 955818.906430620700121, 1191199.661559103056788 ], [ 956222.503518030745909, 1191238.204286236315966 ], [ 956180.552529101958498, 1191618.990367362741381 ], [ 955369.656543905381113, 1191561.624542186735198 ], [ 953876.051354298484512, 1210683.335261623607948 ], [ 980602.291751864016987, 1213261.559976354707032 ], [ 980344.33190016169101, 1213993.515491500031203 ], [ 981031.636376286623999, 1214288.780334550654516 ], [ 982311.633103335392661, 1213433.143575505586341 ], [ 984006.090195534634404, 1213176.409245861228555 ], [ 984744.963652547448874, 1212523.69290192076005 ], [ 985136.459968876675703, 1212699.092868055449799 ], [ 996476.803367848624475, 1171869.36088421405293 ], [ 970479.743016028311104, 1169017.021122265607119 ] ] ] } },
{ "type": "Feature", "properties": { "county_fips": "113" }, "geometry": { "type": "Polygon", "coordinates": [ [ [ 1033039.944291591062211, 1076139.256039817584679 ], [ 1032059.512302471324801, 1076125.897676734020934 ], [ 1031286.343144174199551, 1074980.989036395214498 ], [ 1031921.572020182735287, 1074392.834152048453689 ], [ 1032834.663562563480809, 1074499.294899968663231 ], [ 1033017.934308419353329, 1073656.859000054420903 ], [ 1028785.577468410250731, 1071440.810188561445102 ], [ 1026057.06279233971145, 1067002.848941808799282 ], [ 1024696.70730209897738, 1065684.755080476170406 ], [ 1026877.104944902937859, 1060599.806189128896222 ], [ 1026153.611149014439434, 1059929.146479696501046 ], [ 1026117.279532920918427, 1057956.37531553930603 ], [ 1021554.521739652263932, 1057371.906426813220605 ], [ 1021480.953646924812347, 1058172.611743914196268 ], [ 1020698.568560213316232, 1058062.588217507116497 ], [ 1020772.591704134014435, 1057265.526457122527063 ], [ 1014088.184939043130726, 1056422.144598635379225 ], [ 1013080.061522380216047, 1057162.498430682811886 ], [ 1012908.753304284880869, 1057749.255350076360628 ], [ 1013247.918253252282739, 1057875.470483711920679 ], [ 1012824.238686861936003, 1058600.415655298857018 ], [ 1011739.19335185259115, 1058967.055366615764797 ], [ 1011532.73490233765915, 1059616.68174108164385 ], [ 1010580.396690518595278, 1059646.747535921633244 ], [ 1009537.386869427515194, 1060380.585136720910668 ], [ 1008769.688841667724773, 1062303.448411920107901 ], [ 1007723.532720033894293, 1062138.503044600365683 ], [ 1007676.18921369232703, 1062613.276689921505749 ], [ 1008525.529210368636996, 1062759.983159539056942 ], [ 1006147.105026094941422, 1064135.025403472594917 ], [ 1006214.484442223561928, 1065231.877965587656945 ], [ 990406.637541557545774, 1063260.995697013568133 ], [ 988502.816389712388627, 1074666.643495733151212 ], [ 986534.152839395334013, 1092360.333750316873193 ], [ 996182.2783123832196, 1093555.232136767590418 ], [ 995116.494372550165281, 1099920.410406996263191 ], [ 1020564.462546077091247, 1103305.110249563120306 ], [ 1019948.987252732040361, 1107307.336443178588524 ], [ 1025496.456714233150706, 1108058.385646289447322 ], [ 1026380.972457050113007, 1105460.495039778994396 ], [ 1026260.918949900893494, 1103497.905476424144581 ], [ 1026757.865027220919728, 1101815.815320114372298 ], [ 1029074.798153975047171, 1100918.131447977619246 ], [ 1030132.66167577309534, 1098953.629831210011616 ], [ 1028763.564041267381981, 1097446.984689030097798 ], [ 1028701.746671426924877, 1096746.075826154556125 ], [ 1028876.864181063370779, 1096096.681059007300064 ], [ 1030026.432664346299134, 1095260.824851775774732 ], [ 1028693.391008622362278, 1095161.165606179973111 ], [ 1028277.529974437900819, 1094356.549788979813457 ], [ 1028538.269389632972889, 1093839.147151306038722 ], [ 1029605.816522583714686, 1093954.623641230398789 ], [ 1029895.890878392267041, 1093613.194810345070437 ], [ 1028728.370031733065844, 1092983.309104555519298 ], [ 1028994.343131239642389, 1091877.489245047792792 ], [ 1027289.19530936377123, 1089749.754377750912681 ], [ 1027357.18333096220158, 1087688.18605518527329 ], [ 1027989.607260339544155, 1087162.49151450349018 ], [ 1034392.964583181077614, 1085383.741575551917776 ], [ 1035664.89409991435241, 1084008.098941560601816 ], [ 1039221.259294759947807, 1081544.889823381323367 ], [ 1038032.930577101651579, 1081259.934795506997034 ], [ 1037592.024245525128208, 1080161.661558350548148 ], [ 1035976.215344900498167, 1080095.794903530972078 ], [ 1036159.233254434075207, 1079500.083197860280052 ], [ 1036867.41372937662527, 1079740.038557807682082 ], [ 1037153.848275529569946, 1079470.699869183823466 ], [ 1036014.945336510427296, 1076700.138821525033563 ], [ 1033039.944291591062211, 1076139.256039817584679 ] ] ] } },
{ "type": "Feature", "properties": { "county_fips": "115" }, "geometry": { "type": "Polygon", "coordinates": [ [ [ 893112.079579079290852, 1199368.003818655153736 ], [ 891993.522550861001946, 1198223.344330883352086 ], [ 890370.862187788472511, 1194444.685881842859089 ], [ 888725.865661088610068, 1193729.284195267595351 ], [ 887587.218762439792044, 1191910.11970290937461 ], [ 886370.211609066696838, 1204294.286297452403232 ], [ 876846.330494543537498, 1203346.898395856609568 ], [ 876396.014177456265315, 1208187.774798398604617 ], [ 873164.66524050431326, 1207843.775360682513565 ], [ 873085.072128850733861, 1208675.771669030189514 ], [ 870666.081111404462717, 1208499.582366410642862 ], [ 870583.638471949612722, 1209305.822150392457843 ], [ 869767.853365662507713, 1209187.257345232181251 ], [ 869171.623599184677005, 1215759.743639452150092 ], [ 869958.775179971475154, 1215824.044113689567894 ], [ 869793.662849634769373, 1217438.789610962383449 ], [ 870587.406372188590467, 1217516.280745933065191 ], [ 870354.232130036572926, 1219937.493847276782617 ], [ 871146.99353446427267, 1220007.775540326489136 ], [ 870454.360850995406508, 1227256.595422248356044 ], [ 869646.221771199139766, 1227172.873699768912047 ], [ 869496.330907803028822, 1228757.814188736258075 ], [ 868685.8142748324899, 1228696.609678037697449 ], [ 868347.343362190527841, 1231979.152208162937313 ], [ 865138.927879959228449, 1231675.461200417019427 ], [ 864758.277258903020993, 1235753.828908318420872 ], [ 869859.3576370771043, 1236254.238834246760234 ], [ 870665.135122412699275, 1237359.324622678337619 ], [ 871316.877552977297455, 1237157.272376175504178 ], [ 876585.699819112895057, 1239633.651301495730877 ], [ 877303.661073854193091, 1239038.931810098467395 ], [ 878223.176215410116129, 1239180.326396231772378 ], [ 880878.034713681787252, 1242052.992326537845656 ], [ 881232.604926687316038, 1243173.081770081305876 ], [ 883275.467980835353956, 1245548.60267005302012 ], [ 885279.371847308357246, 1247309.432316024322063 ], [ 885519.529458249686286, 1248143.880751540884376 ], [ 884623.326771333231591, 1248918.399140311870724 ], [ 884626.281628119992092, 1250511.792102977167815 ], [ 886479.788354294025339, 1252269.598212762968615 ], [ 886606.881367796217091, 1252725.839533997699618 ], [ 886079.495809669140726, 1253096.12216747039929 ], [ 886676.548011384205893, 1255232.582126352703199 ], [ 887237.128217626363039, 1255500.871672597946599 ], [ 888972.985869440133683, 1258611.242349153384566 ], [ 889698.321401327499188, 1258687.214833821635693 ], [ 890016.405942760175094, 1259335.503910801606253 ], [ 890349.768481565290131, 1259304.011707694502547 ], [ 891102.572952592279762, 1257885.041762306122109 ], [ 892696.581146411364898, 1256958.697492428822443 ], [ 894450.281034163781442, 1259069.871371678076684 ], [ 897231.814706581411883, 1260044.32619712757878 ], [ 898131.94619265187066, 1259525.43043553410098 ], [ 898033.537912551197223, 1258349.686002788133919 ], [ 900331.443742161965929, 1257692.414568149484694 ], [ 900842.494736491818912, 1253633.304768250323832 ], [ 902726.492118553374894, 1252769.903915482806042 ], [ 903396.530472688609734, 1250627.602166718337685 ], [ 904159.667235934175551, 1250386.434919550083578 ], [ 904570.503632461070083, 1251118.397146006813273 ], [ 905438.93229858041741, 1250908.652197319315746 ], [ 906308.507067930302583, 1251376.140940895769745 ], [ 906372.95288490713574, 1249478.187401794129983 ], [ 907559.102269255672581, 1248211.690617305459455 ], [ 907686.884435255778953, 1247003.599058294435963 ], [ 909447.588442377280444, 1247065.285613089799881 ], [ 910435.232047664700076, 1247633.82303754822351 ], [ 911711.235906455316581, 1246821.950446797534823 ], [ 912059.719884724821895, 1245517.07357765128836 ], [ 911014.904669420095161, 1244661.175382970599458 ], [ 912084.850950572639704, 1244109.61269759060815 ], [ 912610.20133693900425, 1243136.24990008585155 ], [ 911559.85056689416524, 1241387.961140731815249 ], [ 911736.228075064369477, 1240083.177924284478649 ], [ 913393.792674244148657, 1238114.213379819411784 ], [ 913998.0609783353284, 1236480.943582916632295 ], [ 912530.27129009726923, 1236035.104774444131181 ], [ 910798.463475632015616, 1233828.560133708408102 ], [ 909267.2554042537231, 1232934.232191018527374 ], [ 907819.31694060144946, 1231363.605793565046042 ], [ 907552.023059203755111, 1229919.986639168579131 ], [ 905996.349360805237666, 1230205.536640645936131 ], [ 905356.819440751918592, 1228677.906312155304477 ], [ 905698.112127625499852, 1226153.399375497363508 ], [ 905126.963692572433501, 1225315.87308561662212 ], [ 903555.253657739143819, 1225585.975164882140234 ], [ 902992.736857393872924, 1227333.230785323772579 ], [ 902245.991597241256386, 1227998.719229237176478 ], [ 901057.132533171563409, 1227745.802484817104414 ], [ 900253.965952579863369, 1226986.449998945696279 ], [ 900464.280672067310661, 1225517.202742812689394 ], [ 903445.395309238112532, 1223723.37106060795486 ], [ 904456.755695362226106, 1220960.732968478929251 ], [ 903978.308110481128097, 1218891.055437306175008 ], [ 901464.399674182524905, 1218098.110156115842983 ], [ 901585.619662284036167, 1217492.572200992144644 ], [ 903088.830860255053267, 1216669.825039525516331 ], [ 903050.83233750378713, 1216157.631024575326592 ], [ 900476.692570670042187, 1216097.945915005169809 ], [ 899820.381139411474578, 1215272.395414502359927 ], [ 900839.335571198374964, 1213747.768864289158955 ], [ 900960.783591336454265, 1212613.174105624202639 ], [ 902838.68295881873928, 1211660.218129869084805 ], [ 903127.492910272441804, 1210652.360381918027997 ], [ 900205.477318278863095, 1207977.63559517939575 ], [ 899798.211103540612385, 1206344.277431694790721 ], [ 899973.886043193633668, 1205379.63960177754052 ], [ 899578.024786971160211, 1204761.601392401149496 ], [ 897477.349218255956657, 1203992.872448401292786 ], [ 896777.817573421867564, 1204677.65107605070807 ], [ 896954.409375523100607, 1206128.856334534939378 ], [ 896679.911406329134479, 1206601.93795998278074 ], [ 895232.742432487779297, 1206167.104324188549072 ], [ 894753.181877398514189, 1205247.68890056037344 ], [ 894923.911128178122453, 1203546.92457602894865 ], [ 894074.880605392390862, 1202652.356180235045031 ], [ 893677.278609746485017, 1200080.437518104910851 ], [ 893112.079579079290852, 1199368.003818655153736 ] ] ] } },
{ "type": "Feature", "properties": { "county_fips": "117" }, "geometry": { "type": "Polygon", "coordinates": [ [ [ 845750.588438158622012, 1151969.917593373917043 ], [ 844746.525873308070004, 1151871.766165251145139 ], [ 845023.464388422318734, 1149436.086622932460159 ], [ 843422.768587256316096, 1149271.964245416224003 ], [ 843338.554602635558695, 1150076.780040040612221 ], [ 841709.575796877034009, 1149930.087835831101984 ], [ 841286.573144351015799, 1150694.029255739180371 ], [ 839995.888504642876796, 1150541.052608812460676 ], [ 839837.351666082278825, 1152178.365576199255884 ], [ 838206.301653805770911, 1152016.166425203438848 ], [ 838068.028259730432183, 1154227.967799109872431 ], [ 836369.689755165367387, 1154044.846780803287402 ], [ 835711.891018857946619, 1160680.544655876467004 ], [ 835257.450763866538182, 1160648.344615773530677 ], [ 835230.650768031133339, 1161035.233990253647789 ], [ 832505.813803635421209, 1160809.844668360194191 ], [ 832468.797320717480034, 1161231.084657055558637 ], [ 830461.221521751955152, 1161040.590810448629782 ], [ 830386.872143199085258, 1165965.84635893534869 ], [ 829987.487202777876519, 1165921.39340307819657 ], [ 829496.889379470143467, 1169994.606837912928313 ], [ 833553.158625243813731, 1170329.00412218272686 ], [ 833492.433340579038486, 1171106.803800523281097 ], [ 834624.193129955674522, 1172018.484759989427403 ], [ 834552.633873516926542, 1172831.719468230847269 ], [ 836529.41357082198374, 1173003.866593740414828 ], [ 836471.30375765543431, 1173818.396194068482146 ], [ 838438.302271898603067, 1174401.459270912455395 ], [ 838245.725987229612656, 1176443.295573943294585 ], [ 839019.413552619982511, 1176929.852902939775959 ], [ 838984.704880813253112, 1177328.745898444438353 ], [ 839762.537115079932846, 1177421.295171455480158 ], [ 839727.585942320409231, 1177863.014799671247602 ], [ 840524.171169283450581, 1177942.742231561103836 ], [ 840444.014398205676116, 1178732.779020476620644 ], [ 841213.320032979710959, 1179190.210949058411643 ], [ 841142.553003068780527, 1180003.596406244440004 ], [ 841946.86909652990289, 1180064.809768452774733 ], [ 841875.999580134171993, 1180847.571303171338513 ], [ 846662.585041815182194, 1181234.147845430066809 ], [ 846387.175326523371041, 1184432.811242118710652 ], [ 847935.604910953436047, 1184555.898801794275641 ], [ 847909.513277091202326, 1184901.592854258604348 ], [ 848719.109806717606261, 1184951.417464403435588 ], [ 848687.827264256309718, 1185411.489703657804057 ], [ 851067.53824883478228, 1185572.795751343714073 ], [ 850855.34723558917176, 1188027.436622417764738 ], [ 852445.059842607006431, 1188117.703119494952261 ], [ 852362.962234645499848, 1188921.43760837498121 ], [ 853115.657331169350073, 1189391.16046880139038 ], [ 852936.117171758320183, 1191412.981588718481362 ], [ 856096.422576355747879, 1191610.752310759853572 ], [ 855974.224511784967035, 1193221.620532271452248 ], [ 857577.747225649887696, 1193330.304486687527969 ], [ 857433.781307205557823, 1194524.565184815088287 ], [ 858180.783965650713071, 1194991.121173623017967 ], [ 858107.946848550345749, 1195807.946997383842245 ], [ 859724.804171950439923, 1195941.832417418714613 ], [ 859565.999847054597922, 1197585.104493552586064 ], [ 865982.829819211969152, 1198278.900683079613373 ], [ 865897.388822849141434, 1199070.156174648785964 ], [ 866706.082128991605714, 1199166.792001200839877 ], [ 866622.88981201837305, 1199961.757402673363686 ], [ 867426.881797149195336, 1200051.716838026652113 ], [ 867264.438120535574853, 1201663.050480953650549 ], [ 868078.259139036526904, 1201744.971587612293661 ], [ 868375.067884519114159, 1202579.674918689299375 ], [ 868786.846782965003513, 1202631.436256034299731 ], [ 868718.414126408053562, 1203438.004009726690128 ], [ 869523.081245452980511, 1203521.858723997138441 ], [ 869455.698013623827137, 1204287.348487911978737 ], [ 871044.582456921227276, 1204420.692893806146458 ], [ 870984.853594564134255, 1205212.098049295833334 ], [ 873368.59790057700593, 1205421.687319030053914 ], [ 873164.66524050431326, 1207843.775360682513565 ], [ 876396.014177456265315, 1208187.774798398604617 ], [ 876846.330494543537498, 1203346.898395856609568 ], [ 886370.211609066696838, 1204294.286297452403232 ], [ 887605.829854120034724, 1191589.766533800167963 ], [ 890168.620704817818478, 1190102.313564559211954 ], [ 891474.024755271500908, 1187913.113708518445492 ], [ 890940.549362846300937, 1187382.719527580309659 ], [ 889597.552217729389668, 1187169.400220827432349 ], [ 889114.92388351354748, 1186530.616701637161896 ], [ 889621.987851465702988, 1185140.666114610619843 ], [ 889430.07793651567772, 1183949.21850268705748 ], [ 890552.092872897046618, 1181378.30093390122056 ], [ 886543.160548266256228, 1178534.892450974788517 ], [ 883759.155020018457435, 1179361.190713981399313 ], [ 883786.549146290984936, 1178565.985887488350272 ], [ 884654.740952098509297, 1177481.395012940280139 ], [ 884820.654707414330915, 1176641.745580242713913 ], [ 884030.771688019391149, 1174829.49235154595226 ], [ 882411.257364861550741, 1174876.600356632377952 ], [ 881964.488984745228663, 1174558.239570963894948 ], [ 881361.93810125568416, 1172789.117712607374415 ], [ 882059.802225427585654, 1169921.142649215180427 ], [ 881359.585201729205437, 1169389.070626659784466 ], [ 880306.216128807049245, 1169920.542812808882445 ], [ 879536.077853069524281, 1169747.471758901840076 ], [ 878612.355097054503858, 1167580.745174004463479 ], [ 878597.828431618399918, 1166657.632938285125419 ], [ 880063.173744793864898, 1166011.039342154981568 ], [ 880841.573129788972437, 1163686.236357384594157 ], [ 882634.132394623127766, 1162551.468860032968223 ], [ 883090.774958217516541, 1161621.190973243443295 ], [ 882591.122150328010321, 1160882.051003586035222 ], [ 880989.279000817216001, 1160071.190070205833763 ], [ 880283.715381336631253, 1158426.883075021207333 ], [ 878773.887039568740875, 1157072.04340040916577 ], [ 879476.352150465012528, 1154822.335625330451876 ], [ 878274.868224388104863, 1153385.670101050985977 ], [ 878798.158485000021756, 1151890.917144461767748 ], [ 878955.970435265917331, 1149477.88819019170478 ], [ 877110.191691948100924, 1149727.022367723518983 ], [ 875913.419980036094785, 1148977.873042670078576 ], [ 874652.524087564670481, 1148973.640822306508198 ], [ 874247.716717450879514, 1149776.191388124832883 ], [ 871196.296170637127943, 1151584.544285369338468 ], [ 870786.373786505078897, 1152445.62179704150185 ], [ 869434.86364807584323, 1152263.85356996813789 ], [ 869150.638322997256182, 1152957.549387784674764 ], [ 869974.644668681663461, 1153728.642962008714676 ], [ 869851.131931724958122, 1154115.802859606454149 ], [ 850429.072910942952149, 1152037.255055332323536 ], [ 845750.588438158622012, 1151969.917593373917043 ] ] ] } },
{ "type": "Feature", "properties": { "county_fips": "119" }, "geometry": { "type": "Polygon", "coordinates": [ [ [ 709220.53055984468665, 1055078.268509750952944 ], [ 710645.97123771882616, 1130965.924040394835174 ], [ 726208.822392290341668, 1132758.793625246966258 ], [ 726738.032690861960873, 1130144.780269548529759 ], [ 727838.93205722339917, 1129391.018111877376214 ], [ 727806.410173015436158, 1128977.149569129105657 ], [ 727051.962425142875873, 1128144.509046407416463 ], [ 725277.153348062187433, 1128876.722370474366471 ], [ 724950.512332703336142, 1128465.515315254218876 ], [ 725189.915913973585702, 1127768.726879653753713 ], [ 725696.084307895042002, 1127098.530264178523794 ], [ 726653.780860012630001, 1126864.356924206484109 ], [ 726642.157147695426829, 1126003.122491696383804 ], [ 726077.112871507415548, 1125522.28092488553375 ], [ 724310.497841075761244, 1125852.281744885724038 ], [ 723565.742737554712221, 1124501.855528076644987 ], [ 724020.93165283545386, 1123727.976750905625522 ], [ 725331.682577556697652, 1123154.320987872080877 ], [ 726505.741280333139002, 1118995.639135842444375 ], [ 728023.534488221281208, 1117773.726838278817013 ], [ 728833.434102199389599, 1117804.29565940471366 ], [ 729074.961289942730218, 1117315.424104398814961 ], [ 728104.076398526900448, 1115197.55087030492723 ], [ 727081.855287488899194, 1115170.820598052116111 ], [ 726771.994318493409082, 1114691.185257678152993 ], [ 727292.325521241407841, 1114052.651990772457793 ], [ 728715.17433463560883, 1114386.120703768450767 ], [ 729625.618105921545066, 1113782.324658638332039 ], [ 730058.209430202958174, 1113931.325925804674625 ], [ 730367.051116068148986, 1114739.585652692709118 ], [ 731107.995256355847232, 1115015.186153832124546 ], [ 734497.911888433387503, 1111020.738379491493106 ], [ 737031.018389547127299, 1112337.114991056267172 ], [ 738100.375886990106665, 1110772.964003372937441 ], [ 736984.022664216929115, 1108736.982379300752655 ], [ 734837.397974211839028, 1109323.506718518678099 ], [ 734109.110870564938523, 1108423.462908075889573 ], [ 734894.949299098807387, 1105135.098840687423944 ], [ 737128.82586394995451, 1102842.547609945293516 ], [ 736660.321476209093817, 1101328.061917359940708 ], [ 734214.450863844831474, 1100487.270101175643504 ], [ 734056.940803387085907, 1100120.346647694008425 ], [ 734748.344369435100816, 1099308.576900553191081 ], [ 736372.483545786584727, 1098664.476861283415928 ], [ 738481.523473640438169, 1099148.096888184780255 ], [ 739930.33396639500279, 1100480.236489603295922 ], [ 741177.070095907198265, 1099791.938014259561896 ], [ 739741.580963983898982, 1097892.19477375689894 ], [ 740363.440622529829852, 1096420.4214277502615 ], [ 740191.039651776081882, 1094538.160103659611195 ], [ 738119.071665703668259, 1093749.985031927237287 ], [ 738282.075235274853185, 1091647.537127337185666 ], [ 740783.568159909103997, 1088864.808661112794653 ], [ 742409.149896619142964, 1089612.843148933025077 ], [ 744760.593197951093316, 1090027.344798200996593 ], [ 747581.490030706394464, 1091311.032369426451623 ], [ 751962.050893670646474, 1094184.847260692622513 ], [ 753300.155650997534394, 1093907.043996630934998 ], [ 754539.405593283125199, 1092448.968759278999642 ], [ 756875.581179578904994, 1093485.205923681845888 ], [ 758824.245973406010307, 1093511.859240813180804 ], [ 760569.981423994177021, 1091979.406693988246843 ], [ 759667.437312081689015, 1091081.116260610288009 ], [ 759369.438917615101673, 1090122.472906798822805 ], [ 758535.265651305089705, 1090678.384522752603516 ], [ 758549.118471019552089, 1091952.24346816749312 ], [ 757358.959848152007908, 1092147.369851024821401 ], [ 756650.997472050366923, 1092086.274583795573562 ], [ 755498.442569071776234, 1091165.578107096953318 ], [ 755314.838394613354467, 1090149.383202895289287 ], [ 757719.940403163200244, 1087935.484343811869621 ], [ 758094.147350197890773, 1084885.145171553827822 ], [ 759264.351748018176295, 1083693.066135720117018 ], [ 760983.894952117232606, 1083434.415827671065927 ], [ 761261.784100519493222, 1082617.618070485303178 ], [ 760064.647892801673152, 1081787.03911269758828 ], [ 757604.561368895345367, 1082297.840586778242141 ], [ 755034.142540870467201, 1082003.215977973304689 ], [ 751963.531607151497155, 1078426.16546685108915 ], [ 751289.892001072177663, 1076323.332473920192569 ], [ 750578.680184001568705, 1075449.432591455290094 ], [ 749487.284499617293477, 1074445.729815718717873 ], [ 747691.209026102209464, 1074034.60704833525233 ], [ 744440.30314188671764, 1071340.162544160149992 ], [ 743885.495863276068121, 1070335.076009205309674 ], [ 743681.19083261617925, 1064734.31431243615225 ], [ 746163.028310289722867, 1064419.376957532716915 ], [ 748287.929677069769241, 1062400.644355059834197 ], [ 749616.740741342073306, 1061673.096849961206317 ], [ 750935.677712663309649, 1061900.606711780885234 ], [ 751701.230638182605617, 1060670.647669962607324 ], [ 752858.731530896620825, 1060337.080410784808919 ], [ 753918.975158884073608, 1058831.034888771129772 ], [ 755013.416881348355673, 1058468.20753819681704 ], [ 718927.280190993915312, 1055144.271269776858389 ], [ 709209.485440531745553, 1054476.838210887275636 ], [ 709220.53055984468665, 1055078.268509750952944 ] ] ] } },
{ "type": "Feature", "properties": { "county_fips": "121" }, "geometry": { "type": "Polygon", "coordinates": [ [ [ 880576.972763547091745, 1159270.865569102112204 ], [ 880989.279000817216001, 1160071.190070205833763 ], [ 882591.122150328010321, 1160882.051003586035222 ], [ 883090.774958217516541, 1161621.190973243443295 ], [ 882634.132394623127766, 1162551.468860032968223 ], [ 880841.573129788972437, 1163686.236357384594157 ], [ 880063.173744793864898, 1166011.039342154981568 ], [ 878536.272747444570996, 1166744.916072121122852 ], [ 879206.43956337403506, 1169300.149336743634194 ], [ 879815.717691543861292, 1169902.563317088177428 ], [ 881359.585201729205437, 1169389.070626659784466 ], [ 882059.802225427585654, 1169921.142649215180427 ], [ 881361.93810125568416, 1172789.117712607374415 ], [ 881964.488984745228663, 1174558.239570963894948 ], [ 882411.257364861550741, 1174876.600356632377952 ], [ 884030.771688019391149, 1174829.49235154595226 ], [ 884820.654707414330915, 1176641.745580242713913 ], [ 884654.740952098509297, 1177481.395012940280139 ], [ 883786.549146290984936, 1178565.985887488350272 ], [ 883759.155020018457435, 1179361.190713981399313 ], [ 886543.160548266256228, 1178534.892450974788517 ], [ 887539.989381695399061, 1178936.694110948359594 ], [ 890603.590295359725133, 1181506.433748334646225 ], [ 889430.07793651567772, 1183949.21850268705748 ], [ 889621.987851465702988, 1185140.666114610619843 ], [ 889114.92388351354748, 1186530.616701637161896 ], [ 889597.552217729389668, 1187169.400220827432349 ], [ 891171.689325828570873, 1187507.631681008962914 ], [ 891451.768447416019626, 1188219.727372857742012 ], [ 890168.620704817818478, 1190102.313564559211954 ], [ 887744.422402064665221, 1191367.580180846620351 ], [ 887648.90469469409436, 1192065.44313804176636 ], [ 888725.865661088610068, 1193729.284195267595351 ], [ 890370.862187788472511, 1194444.685881842859089 ], [ 891993.522550861001946, 1198223.344330883352086 ], [ 893612.499171675299294, 1199940.776574504561722 ], [ 894016.826980116893537, 1202500.800460502738133 ], [ 894923.911128178122453, 1203546.92457602894865 ], [ 894753.181877398514189, 1205247.68890056037344 ], [ 895232.742432487779297, 1206167.104324188549072 ], [ 896679.911406329134479, 1206601.93795998278074 ], [ 896954.409375523100607, 1206128.856334534939378 ], [ 896777.817573421867564, 1204677.65107605070807 ], [ 897477.349218255956657, 1203992.872448401292786 ], [ 899578.024786971160211, 1204761.601392401149496 ], [ 899973.886043193633668, 1205379.63960177754052 ], [ 899798.211103540612385, 1206344.277431694790721 ], [ 900205.477318278863095, 1207977.63559517939575 ], [ 903127.492910272441804, 1210652.360381918027997 ], [ 902838.68295881873928, 1211660.218129869084805 ], [ 900960.783591336454265, 1212613.174105624202639 ], [ 900839.335571198374964, 1213747.768864289158955 ], [ 899820.381139411474578, 1215272.395414502359927 ], [ 900476.692570670042187, 1216097.945915005169809 ], [ 903050.83233750378713, 1216157.631024575326592 ], [ 903088.830860255053267, 1216669.825039525516331 ], [ 901585.619662284036167, 1217492.572200992144644 ], [ 901464.399674182524905, 1218098.110156115842983 ], [ 903978.308110481128097, 1218891.055437306175008 ], [ 904456.755695362226106, 1220960.732968478929251 ], [ 903244.188399952021427, 1223984.048365412745625 ], [ 900350.11272641539108, 1225637.465012441389263 ], [ 900122.734247417654842, 1226713.553106311941519 ], [ 900467.120247628074139, 1227329.710563600063324 ], [ 901689.944402361172251, 1227992.179917461471632 ], [ 902418.536915665958077, 1227926.87471201014705 ], [ 903142.041862828657031, 1227039.64037553826347 ], [ 903555.253657739143819, 1225585.975164882140234 ], [ 904533.086356776766479, 1225193.036102222511545 ], [ 905126.963692572433501, 1225315.87308561662212 ], [ 905684.374430868076161, 1226119.960071205161512 ], [ 914426.525928975082934, 1226527.811581299640238 ], [ 915017.818741346593015, 1225282.945637858007103 ], [ 917035.3295665102778, 1223622.926375465234742 ], [ 917938.123522286070511, 1218650.906450397567824 ], [ 920216.434392268303782, 1218863.453132966533303 ], [ 920564.390858247643337, 1217277.307272542500868 ], [ 938941.622132988180965, 1219136.607288161059842 ], [ 939254.698306238627993, 1214259.274093628162518 ], [ 934814.894494285457768, 1208937.682755477260798 ], [ 929856.611917520873249, 1208399.925507839769125 ], [ 930337.582130205933936, 1203515.611429778626189 ], [ 928734.325418479158543, 1203329.765887476503849 ], [ 929337.389945465605706, 1196838.845563358161598 ], [ 927766.74508132704068, 1196654.759289297275245 ], [ 927899.943694745539688, 1195062.536525971489027 ], [ 924657.667738802381791, 1194732.267813001060858 ], [ 925341.665224640630186, 1184959.804613932268694 ], [ 912627.412042153533548, 1183862.757856291718781 ], [ 913588.896532960468903, 1172535.113598347408697 ], [ 908759.739946348359808, 1172163.929372556274757 ], [ 909669.533686331822537, 1162013.501597079215571 ], [ 880468.543339998926967, 1158870.038002889137715 ], [ 880576.972763547091745, 1159270.865569102112204 ] ] ] } },
{ "type": "Feature", "properties": { "county_fips": "123" }, "geometry": { "type": "Polygon", "coordinates": [ [ [ 942765.107877862290479, 1100358.594772708136588 ], [ 942961.313012839527801, 1102810.382564548403025 ], [ 941277.209788217092864, 1110403.050626803655177 ], [ 941519.835687989834696, 1114117.041591910645366 ], [ 939601.030439171940088, 1116157.357870961772278 ], [ 938872.100127995712683, 1117959.194036352913827 ], [ 939079.207844223361462, 1119655.330621593631804 ], [ 940395.096660192823038, 1121555.551230289973319 ], [ 940032.042072940734215, 1122887.834243967896327 ], [ 941111.23409717855975, 1124435.335112239932641 ], [ 940983.710665283026174, 1126054.346491736592725 ], [ 934032.810727440519258, 1125347.312721631489694 ], [ 933799.454098466201685, 1126927.051858956227079 ], [ 932205.020049672923051, 1126769.151841478655115 ], [ 932428.929833331261761, 1125189.185263113351539 ], [ 929183.287485120352358, 1124852.093074360163882 ], [ 928709.173918409855105, 1129451.696332229068503 ], [ 929327.067028139485046, 1130088.528482393827289 ], [ 928639.275787882856093, 1130096.237944446504116 ], [ 928470.772593503003009, 1131275.953761583892629 ], [ 927835.515264224959537, 1131980.23483265331015 ], [ 928335.876462593208998, 1132628.645498448517174 ], [ 927725.890566645539366, 1132710.812012352515012 ], [ 928295.967934892280027, 1132924.322208136785775 ], [ 925073.593411910464056, 1162039.155914987437427 ], [ 928263.432473663822748, 1162404.054690343793482 ], [ 928075.435244894237258, 1164042.98142864368856 ], [ 963231.982197667122819, 1168067.528670508647338 ], [ 967854.080139183322899, 1126050.399828175315633 ], [ 966300.976671718759462, 1125814.576232155086473 ], [ 966447.63066317467019, 1124257.300046761753038 ], [ 960015.8607595047215, 1123396.706486070528626 ], [ 960210.91071669512894, 1121779.680699395714328 ], [ 958632.115183653775603, 1121551.477507755625993 ], [ 959940.700716425082646, 1110306.162514249561355 ], [ 958374.694009390776046, 1110113.175646494375542 ], [ 958551.611705846851692, 1108573.34742541750893 ], [ 950584.566400759038515, 1107627.600612126756459 ], [ 951755.099175564595498, 1098011.778518450912088 ], [ 943499.147093113162555, 1096993.225172376260161 ], [ 942911.14873111678753, 1098185.692618844565004 ], [ 942765.107877862290479, 1100358.594772708136588 ] ] ] } },
{ "type": "Feature", "properties": { "county_fips": "125" }, "geometry": { "type": "Polygon", "coordinates": [ [ [ 768366.019272492965683, 1138096.843038944993168 ], [ 768644.048969851457514, 1138814.39284219709225 ], [ 757433.919221051386558, 1137789.47101220395416 ], [ 756771.569404553272761, 1146313.40484101139009 ], [ 756075.045774992671795, 1146265.06657332344912 ], [ 755411.343893381534144, 1156555.360716416733339 ], [ 751792.683124774950556, 1194183.244942949153483 ], [ 761405.120747792883776, 1194424.972418047487736 ], [ 767817.263691420550458, 1195221.638526593102142 ], [ 767251.136201445711777, 1201690.661218711640686 ], [ 770458.906801307224669, 1202069.921274442691356 ], [ 770162.509622062323615, 1205313.996960440650582 ], [ 794163.902831262210384, 1206553.685128605458885 ], [ 794319.257826321525499, 1204926.700355878798291 ], [ 799136.007854831870645, 1205403.395303580677137 ], [ 799909.226536670816131, 1197261.143905786098912 ], [ 804636.531673817662522, 1197556.762304534669966 ], [ 805319.560251610120758, 1196502.294381847139448 ], [ 804773.77123024885077, 1195804.047495153266937 ], [ 803506.017033033422194, 1196280.055658308789134 ], [ 802876.675181303988211, 1196077.828307026531547 ], [ 803295.244417098350823, 1194080.840849244734272 ], [ 802996.532417244161479, 1193640.881475292844698 ], [ 802141.841707349871285, 1193657.571433149045333 ], [ 801512.568782410700805, 1194691.707087003393099 ], [ 800516.399778549792245, 1194297.768689840566367 ], [ 799122.986500413157046, 1194777.236631846986711 ], [ 798197.284332333132625, 1192207.545800424646586 ], [ 798766.531163584790193, 1192251.497093920130283 ], [ 798904.899378845468163, 1190674.174249346600845 ], [ 800883.703309712582268, 1190796.886947291903198 ], [ 801000.67216375481803, 1189236.362207480706275 ], [ 803774.18582873174455, 1189363.04250131896697 ], [ 803934.361006186343729, 1187710.185674179112539 ], [ 805548.709332421189174, 1187745.990336663555354 ], [ 805604.328520195675083, 1186993.467838859651238 ], [ 806819.563465137849562, 1187090.626349949743599 ], [ 806898.978135805693455, 1186256.309525321237743 ], [ 807363.571749236434698, 1186313.107228816254064 ], [ 807459.647124627837911, 1184656.760381379630417 ], [ 809052.916963699273765, 1184754.015360232209787 ], [ 809358.439893513801508, 1181498.100384312914684 ], [ 810939.670973589876667, 1181638.716884036548436 ], [ 811008.416208206908777, 1180806.053534428356215 ], [ 812605.854601612198167, 1180933.7715508218389 ], [ 812776.845186828053556, 1179262.946330569917336 ], [ 814380.759803740889765, 1179399.301711954874918 ], [ 814640.929494460346177, 1176971.359731525648385 ], [ 816250.186098525184207, 1177110.086051519960165 ], [ 816415.226948341354728, 1175507.878588007297367 ], [ 819632.533136548707262, 1175744.177755309036002 ], [ 819825.992012319038622, 1174061.24081973801367 ], [ 823444.400443454505876, 1174381.878751192241907 ], [ 823554.990314236260019, 1173157.706536760786548 ], [ 825601.833499824628234, 1172932.287671936443076 ], [ 825907.558719052933156, 1169705.666962626157328 ], [ 824903.324700336321257, 1169602.513429103419185 ], [ 822637.14326270215679, 1166544.150130407419056 ], [ 821031.68963082449045, 1166395.4803478482645 ], [ 820848.851033283048309, 1167989.533913240069523 ], [ 818851.11038167309016, 1167841.383515763562173 ], [ 818885.353677057661116, 1167427.244572085794061 ], [ 818099.587171552120708, 1167355.745420075487345 ], [ 814129.698701807647012, 1162957.549331016140059 ], [ 814794.815339544788003, 1155631.613105114782229 ], [ 807141.857781374594197, 1155193.599367231596261 ], [ 804804.839914836804383, 1150593.190670575946569 ], [ 805055.22965262120124, 1140780.822789480676875 ], [ 795521.327993818209507, 1139598.901061537442729 ], [ 777151.387955167563632, 1138094.966983038466424 ], [ 768313.906045217765495, 1137564.74346122937277 ], [ 768366.019272492965683, 1138096.843038944993168 ] ] ] } },
{ "type": "Feature", "properties": { "county_fips": "127" }, "geometry": { "type": "Polygon", "coordinates": [ [ [ 791015.157389662810601, 1206253.324141350341961 ], [ 789333.566469140583649, 1206159.986726196017116 ], [ 788444.533509228029288, 1215839.471758961910382 ], [ 778834.248712511267513, 1215304.592706757597625 ], [ 776789.33366060606204, 1234815.681870414176956 ], [ 767191.317731849267147, 1234454.905078510055318 ], [ 765905.270072518265806, 1248948.15370876621455 ], [ 778390.75107650749851, 1249433.234496865887195 ], [ 804288.182135762297548, 1251489.427902783732861 ], [ 805906.668199169449508, 1250626.648660758975893 ], [ 806652.728344850707799, 1252729.962416964583099 ], [ 808539.120991462608799, 1253141.263189785182476 ], [ 811038.781281954259612, 1251270.777973019052297 ], [ 811863.242676447378471, 1249130.068883261876181 ], [ 814263.894549637101591, 1248469.458859915845096 ], [ 815074.579740642337129, 1245993.942660535918549 ], [ 816286.873255659011193, 1245235.71288327081129 ], [ 817484.175301622017287, 1243071.884520934894681 ], [ 815878.527615583967417, 1241915.055449834791943 ], [ 816893.759574364521541, 1241290.24541927035898 ], [ 816777.842205366003327, 1241003.696528378641233 ], [ 824538.493455809075385, 1241605.917856210842729 ], [ 824798.33012155641336, 1239077.280745727242902 ], [ 825427.540451418375596, 1239542.893078944645822 ], [ 826212.327019762480631, 1238477.204609943088144 ], [ 828860.687648188672028, 1238570.567938634660095 ], [ 829038.782652064575814, 1237088.424756261287257 ], [ 829830.407580132945441, 1237163.630522595718503 ], [ 830351.485970056266524, 1232265.810454022604972 ], [ 828744.185013621579856, 1232160.645521257305518 ], [ 828929.066270438721403, 1230522.917128665372729 ], [ 825713.881469047279097, 1230304.098510931711644 ], [ 825875.673873804043978, 1228673.625485585536808 ], [ 824281.336122653097846, 1228539.824740175390616 ], [ 824582.196237661177292, 1225296.906316199339926 ], [ 823817.674041146528907, 1225232.925936076091602 ], [ 823982.391324699274264, 1223602.037844111677259 ], [ 823152.935152511228807, 1223522.445379031822085 ], [ 823689.039768516318873, 1218679.160809106659144 ], [ 822087.594970725011081, 1218540.996473546838388 ], [ 822346.845710769179277, 1215299.13699865876697 ], [ 819137.518460725201294, 1215054.076134020695463 ], [ 819437.916893794783391, 1211825.989703317871317 ], [ 814688.223274820484221, 1211419.849966186564416 ], [ 814847.472656867932528, 1209775.231983613688499 ], [ 811630.640298601589166, 1209518.729574701283127 ], [ 811769.479310215217993, 1207902.867967479629442 ], [ 810174.881103842286393, 1207761.766471647424623 ], [ 809670.058317176881246, 1205220.617047033505514 ], [ 810557.445823732181452, 1203653.594562952639535 ], [ 811591.812244656961411, 1203110.460972738452256 ], [ 811594.204158072010614, 1202612.742214388446882 ], [ 810497.821923448354937, 1202218.633536091772839 ], [ 809263.334397350554354, 1200615.018121637403965 ], [ 807096.604791799560189, 1200632.671765544451773 ], [ 806889.842467131675221, 1199152.60891939047724 ], [ 806223.495365503826179, 1197884.966585017507896 ], [ 805523.633908206829801, 1197920.416825126158074 ], [ 804915.024255634401925, 1199147.966451605781913 ], [ 804292.365909522399306, 1199505.125437392154709 ], [ 803767.641135715297423, 1198362.449852044461295 ], [ 804636.531673817662522, 1197556.762304534669966 ], [ 799909.226536670816131, 1197261.143905786098912 ], [ 799136.007854831870645, 1205403.395303580677137 ], [ 794319.257826321525499, 1204926.700355878798291 ], [ 794163.902831262210384, 1206553.685128605458885 ], [ 791015.157389662810601, 1206253.324141350341961 ] ] ] } },
{ "type": "Feature", "properties": { "county_fips": "129" }, "geometry": { "type": "Polygon", "coordinates": [ [ [ 734843.920170197030529, 926419.771172182634473 ], [ 728228.156824674806558, 925866.683743843692355 ], [ 728478.655467135598883, 922598.773937284946442 ], [ 718804.592585088685155, 921814.931868172017857 ], [ 710586.125234343111515, 986324.455618875450455 ], [ 745962.872906395234168, 989356.922137451707385 ], [ 746210.641558107919991, 987911.301871968084015 ], [ 747035.416956809931435, 986721.962926474981941 ], [ 747190.141157917445526, 985353.120867147226818 ], [ 746081.004715659073554, 984646.424896043725312 ], [ 747007.774352230713703, 981736.13019571325276 ], [ 748051.508247042889707, 980266.034948140499182 ], [ 747753.218719562632032, 978546.31895441969391 ], [ 750505.357320105307736, 976798.11057541903574 ], [ 753146.983955758507363, 976965.777071415795945 ], [ 753798.385005465243012, 976210.249827010557055 ], [ 753713.959101315354928, 975778.472989931702614 ], [ 751676.991866831085645, 975827.767612089402974 ], [ 752620.100070919725113, 974404.883412033319473 ], [ 753887.950164604582824, 973603.459844366530888 ], [ 757699.3584742405219, 972336.537160387379117 ], [ 758344.555770196719095, 971642.38244644808583 ], [ 761301.906035468913615, 971365.243820944800973 ], [ 762410.73493090912234, 970323.99709188088309 ], [ 763119.836799120879732, 968964.951351550407708 ], [ 765036.750693127629347, 967899.491590824211016 ], [ 764073.20700445631519, 964945.181423820089549 ], [ 764580.68598316272255, 963047.464458577334881 ], [ 762782.680404825136065, 961935.427572924876586 ], [ 763241.645349358092062, 961475.156696776626632 ], [ 764301.338738115620799, 961421.311677869292907 ], [ 765227.406027028569952, 960269.289930942934006 ], [ 763867.254935615696013, 958069.335070412489586 ], [ 765463.55098053382244, 958367.480326837161556 ], [ 765911.010302844690159, 958130.218262077658437 ], [ 766050.621454742387868, 957421.671598827233538 ], [ 765422.549080410739407, 956948.971475862083025 ], [ 763699.912850796827115, 956924.371601213701069 ], [ 763359.985158942989074, 955641.890857776626945 ], [ 762386.428915760945529, 954752.596522273030132 ], [ 762931.801480375230312, 954540.155511391116306 ], [ 764240.707631302764639, 955210.436472799512558 ], [ 765057.167307831346989, 954815.359967445256189 ], [ 764630.139925837982446, 956076.07251130300574 ], [ 765449.649502581567504, 956541.017596284742467 ], [ 767100.797173259896226, 955621.124612069106661 ], [ 767604.565917893429287, 956180.919619270251133 ], [ 767161.553986143320799, 957107.441360097611323 ], [ 767508.03363697452005, 957262.626203527557664 ], [ 767811.257628359016962, 956479.638998831622303 ], [ 767450.458362579694949, 954644.303746291087009 ], [ 767897.433396275155246, 953376.941755832289346 ], [ 767308.458798792213202, 952226.969648966332898 ], [ 767342.558287436142564, 951320.397221344639547 ], [ 766616.691728078061715, 950309.605453500058502 ], [ 766476.577576577896252, 949054.483723885728978 ], [ 765637.493360711610876, 949244.017126542981714 ], [ 766024.34813501406461, 950583.160883213859051 ], [ 765028.017806309973821, 950768.265191774466075 ], [ 764872.779164985753596, 947538.263527873321436 ], [ 764251.287372509948909, 947320.967955584172159 ], [ 763518.48377712990623, 947864.04730112105608 ], [ 761999.474653103505261, 947937.285984666785225 ], [ 761295.980567150516436, 947601.450672936742194 ], [ 761672.741355840815231, 946567.456825576839037 ], [ 763045.486476477817632, 945627.416043679579161 ], [ 763003.764724422013387, 944995.379340038751252 ], [ 762205.138242156011984, 944084.589747366844676 ], [ 762735.888915501534939, 942826.23485544801224 ], [ 762362.77314080495853, 942479.003217266290449 ], [ 760833.163218811387196, 942754.044414798379876 ], [ 759621.581039424752817, 941243.032276804326102 ], [ 760041.319601828348823, 940931.362431009765714 ], [ 761053.601195888710208, 941510.56869775231462 ], [ 761934.965373065322638, 940530.589621862280183 ], [ 763470.773823831579648, 940258.253165627829731 ], [ 765218.919449033914134, 938233.735260648303665 ], [ 764486.384950218372978, 937310.64304412167985 ], [ 764448.954997044056654, 936413.538282592780888 ], [ 763605.225592344533652, 935538.726453570881858 ], [ 764197.520496406359598, 933766.096206630812958 ], [ 764219.186059727333486, 932266.376501765451394 ], [ 764842.344064792618155, 931050.025597644620575 ], [ 763163.440508886473253, 930612.846838664845563 ], [ 761858.346751794568263, 930757.132425013696775 ], [ 760248.622637919033878, 931805.722536124754697 ], [ 757316.711587867815979, 928316.659456513472833 ], [ 734843.920170197030529, 926419.771172182634473 ] ] ] } },
{ "type": "Feature", "properties": { "county_fips": "131" }, "geometry": { "type": "Polygon", "coordinates": [ [ [ 818259.403216277831234, 1010431.481985910329968 ], [ 788740.376653481391259, 1007320.43359691335354 ], [ 788237.185999449691735, 1012114.732100618537515 ], [ 787048.356505386880599, 1012640.867189698386937 ], [ 783879.563969111884944, 1012329.070514419581741 ], [ 782542.365765445400029, 1026348.788039899314754 ], [ 786742.919719294994138, 1027090.817931272904389 ], [ 785381.57479399733711, 1041162.170996943837963 ], [ 794921.291133835562505, 1042063.022336585447192 ], [ 793573.467816571472213, 1055595.944613184081391 ], [ 794404.418981093214825, 1056955.302475650794804 ], [ 797778.94235225697048, 1057448.370594870764762 ], [ 798359.729988769046031, 1056946.837025843095034 ], [ 799479.617187354713678, 1057081.259333004243672 ], [ 799913.229859566548839, 1057648.728031230857596 ], [ 800806.362910224939696, 1057819.29256299789995 ], [ 801614.224677004152909, 1057474.219705046154559 ], [ 801554.951569560333155, 1056725.023796352557838 ], [ 802562.255661655217409, 1056139.064360158983618 ], [ 803036.341091556358151, 1055274.160015134839341 ], [ 803891.949870773241855, 1055159.125540360808372 ], [ 804429.693896174430847, 1054548.414011974120513 ], [ 806039.020379866822623, 1054994.059167152037844 ], [ 806566.672291341121309, 1054267.380337635055184 ], [ 806481.79384250799194, 1053184.994490430923179 ], [ 807800.192695680889301, 1053209.417946178931743 ], [ 808024.819777828641236, 1051837.231029817834496 ], [ 808737.682261998648755, 1051097.219482457032427 ], [ 809176.154705430963077, 1051132.36104029440321 ], [ 808960.119412938482128, 1050497.119470682227984 ], [ 809613.559237130801193, 1050569.776489465031773 ], [ 809922.267328135319985, 1051162.344863770063967 ], [ 810309.626178192789666, 1050702.780226124916226 ], [ 810720.520400446373969, 1050817.405036261072382 ], [ 810524.18111852358561, 1051214.927886191755533 ], [ 810907.617388809216209, 1050798.677462446503341 ], [ 811126.571759566082619, 1051151.980498963268474 ], [ 812387.975198345026001, 1050629.138282399391755 ], [ 812640.30181078996975, 1051116.485298324376345 ], [ 813135.169818615657277, 1050453.772998445667326 ], [ 812984.456264922046103, 1049383.435622902587056 ], [ 813507.956723395152949, 1049572.513531702337787 ], [ 813663.323625230696052, 1049068.668161993380636 ], [ 813863.125291939009912, 1049769.249446287518367 ], [ 814149.432022152002901, 1049664.660160647938028 ], [ 814054.540183676406741, 1048789.132295369869098 ], [ 814561.815775597584434, 1048656.128926448291168 ], [ 814894.301580818020739, 1047742.700555924559012 ], [ 815476.788912891177461, 1047785.981270431424491 ], [ 815159.33666940103285, 1047343.969143409049138 ], [ 816090.688982617692091, 1047847.408047240227461 ], [ 816487.106960448087193, 1046766.436272665741853 ], [ 816916.476568489102647, 1046693.213568385341205 ], [ 816783.281574314110912, 1045890.709681733162142 ], [ 817148.862812430947088, 1045890.420809379778802 ], [ 817182.374881115043536, 1045392.896868859999813 ], [ 817970.367950134910643, 1045531.226043298374861 ], [ 818074.384501832537353, 1046008.847839737893082 ], [ 818421.993191213929094, 1045449.600379484472796 ], [ 819001.766988529008813, 1045838.119528411771171 ], [ 819224.001975519349799, 1045496.216430122032762 ], [ 819612.102933482616208, 1045638.451035191770643 ], [ 819498.341107237269171, 1045065.897369177779183 ], [ 820060.979839006788097, 1045447.979252122575417 ], [ 820108.934411074384116, 1044685.423274253378622 ], [ 819398.362307768664323, 1043272.160002053016797 ], [ 819687.582608922733925, 1042919.330771410721354 ], [ 819798.676115991198458, 1043206.457692568190396 ], [ 820933.763702100724913, 1043216.46062593057286 ], [ 820819.868956910679117, 1042979.420157378423028 ], [ 821895.083018406061456, 1042341.386959315743297 ], [ 822179.780498944805004, 1041029.553245981340297 ], [ 823259.58616130053997, 1040245.719879396492615 ], [ 823371.402112562675029, 1040545.821940704714507 ], [ 824734.189802529523149, 1040062.34251468302682 ], [ 824955.542369649163447, 1040413.704316391609609 ], [ 825891.427068031975068, 1039469.759728360455483 ], [ 826440.031091930461116, 1039715.702627714723349 ], [ 826157.228893238585442, 1038496.856520472792909 ], [ 826775.419913577730767, 1037692.70585103367921 ], [ 827997.257922947756015, 1037388.298217242350802 ], [ 827898.863866931409575, 1036453.288714479887858 ], [ 828285.922488761832938, 1036032.847381017752923 ], [ 827954.071494889096357, 1035532.818928649765439 ], [ 858026.475799389649183, 1038477.596887253574096 ], [ 858854.64473760209512, 1028910.238964109914377 ], [ 854050.19651696854271, 1028392.62771244358737 ], [ 855635.922094752080739, 1013879.64333699666895 ], [ 834223.651029983535409, 1011594.106448281672783 ], [ 818259.403216277831234, 1010431.481985910329968 ] ] ] } },
{ "type": "Feature", "properties": { "county_fips": "133" }, "geometry": { "type": "Polygon", "coordinates": [ [ [ 804286.264633240643889, 1251489.250175086548552 ], [ 778390.75107650749851, 1249433.234496865887195 ], [ 765905.270072518265806, 1248948.15370876621455 ], [ 763037.388667941908352, 1282897.25331804389134 ], [ 793337.008822527364828, 1284772.000706906896085 ], [ 810853.034947518026456, 1286386.017962355632335 ], [ 813867.622574540437199, 1252211.811680521350354 ], [ 810294.028484945185483, 1251971.639173433417454 ], [ 808336.204231937415898, 1253144.803391102701426 ], [ 806652.728344850707799, 1252729.962416964583099 ], [ 805906.668199169449508, 1250626.648660758975893 ], [ 804286.264633240643889, 1251489.250175086548552 ] ] ] } }
]
}
