cycle,chamber,district,canonical_party,canonical_votes,canonical_name,canonical_source,person_id,canonical_candidate_id,incumbent,winner,normalized_candidate_name,identity_collision_split,candidate_effect_id,identity_status,headline_cmo,state_ticket_cmo,federal_ticket_cmo,presidential_ticket_cmo,headline_cmo_low,headline_cmo_high,baseline_source_v3,baseline_reliability,contest_tier,candidate_headline_cmo,candidate_state_ticket_cmo,candidate_federal_ticket_cmo,candidate_presidential_ticket_cmo,candidate_headline_cmo_low,candidate_headline_cmo_high,career_cmo_mean,appearances,career_reliability,career_cmo_partial_pooled
1994,house,1,D,7385.0,Starkey,alabama_sos,ALPERSON-STARKEY,AL-1994-house-1-D-STARKEY,0,1,STARKEY,False,UNRESOLVED-AL-1994-house-1-D-STARKEY,surname_only_unresolved_race_specific,30.474125379332747,30.474125379332747,39.96750859467612,19.755939711793566,10.654668671347412,50.293582087318086,state_ticket_vote_weighted,1.0,meaningful,30.474125379332747,30.474125379332747,39.96750859467612,19.755939711793566,10.654668671347412,50.293582087318086,30.474125379332747,1,0.3333333333333333,10.158041793110915
1994,house,1,R,4946.0,Phillips,alabama_sos,ALPERSON-PHILLIPS,AL-1994-house-1-R-PHILLIPS,0,0,PHILLIPS,False,UNRESOLVED-AL-1994-house-1-R-PHILLIPS,surname_only_unresolved_race_specific,30.474125379332747,30.474125379332747,39.96750859467612,19.755939711793566,10.654668671347412,50.293582087318086,state_ticket_vote_weighted,1.0,meaningful,-30.474125379332747,-30.474125379332747,-39.96750859467612,-19.755939711793566,-50.293582087318086,-10.654668671347412,-30.474125379332747,1,0.3333333333333333,-10.158041793110915
1994,house,3,D,7723.0,Black,alabama_sos,ALPERSON-BLACK,AL-1994-house-3-D-BLACK,0,1,BLACK,True,UNRESOLVED-AL-1994-house-3-D-BLACK,surname_only_unresolved_race_specific,21.791263058258828,21.791263058258828,20.701936041195637,14.473939098707763,14.053282962193723,29.529243154323932,state_ticket_vote_weighted,1.0,meaningful,21.791263058258828,21.791263058258828,20.701936041195637,14.473939098707763,14.053282962193723,29.529243154323932,21.791263058258828,1,0.3333333333333333,7.263754352752942
1994,house,3,R,3821.0,Smallwood,alabama_sos,ALPERSON-SMALLWOOD,AL-1994-house-3-R-SMALLWOOD,0,0,SMALLWOOD,False,UNRESOLVED-AL-1994-house-3-R-SMALLWOOD,surname_only_unresolved_race_specific,21.791263058258828,21.791263058258828,20.701936041195637,14.473939098707763,14.053282962193723,29.529243154323932,state_ticket_vote_weighted,1.0,meaningful,-21.791263058258828,-21.791263058258828,-20.701936041195637,-14.473939098707763,-29.529243154323932,-14.053282962193723,-21.791263058258828,1,0.3333333333333333,-7.263754352752942
1994,house,4,D,5012.0,Smith,alabama_sos,ALPERSON-SMITH,AL-1994-house-4-D-SMITH,0,0,SMITH,True,UNRESOLVED-AL-1994-house-4-D-SMITH,surname_only_unresolved_race_specific,-1.3256463547890114,-1.3256463547890114,-16.37785463820417,-13.871644835610994,-17.132778815212696,14.481486105634671,state_ticket_vote_weighted,1.0,meaningful,-1.3256463547890114,-1.3256463547890114,-16.37785463820417,-13.871644835610994,-17.132778815212696,14.481486105634671,-1.3256463547890114,1,0.3333333333333333,-0.4418821182630038
1994,house,4,R,9236.0,Papucci,alabama_sos,ALPERSON-PAPUCCI,AL-1994-house-4-R-PAPUCCI,0,1,PAPUCCI,False,UNRESOLVED-AL-1994-house-4-R-PAPUCCI,surname_only_unresolved_race_specific,-1.3256463547890114,-1.3256463547890114,-16.37785463820417,-13.871644835610994,-17.132778815212696,14.481486105634671,state_ticket_vote_weighted,1.0,meaningful,1.3256463547890114,1.3256463547890114,16.37785463820417,13.871644835610994,-14.481486105634671,17.132778815212696,1.3256463547890114,1,0.3333333333333333,0.4418821182630038
1994,house,6,D,6409.0,Schmitz,alabama_sos,ALPERSON-SCHMITZ,AL-1994-house-6-D-SCHMITZ,0,0,SCHMITZ,False,UNRESOLVED-AL-1994-house-6-D-SCHMITZ,surname_only_unresolved_race_specific,21.709223814421527,21.709223814421527,7.757056296230493,20.316080604225892,6.647100580413515,36.77134704842954,state_ticket_vote_weighted,1.0,meaningful,21.709223814421527,21.709223814421527,7.757056296230493,20.316080604225892,6.647100580413515,36.77134704842954,21.709223814421527,1,0.3333333333333333,7.236407938140509
1994,house,6,R,6770.0,Jorgensen,alabama_sos,ALPERSON-JORGENSEN,AL-1994-house-6-R-JORGENSEN,0,1,JORGENSEN,False,UNRESOLVED-AL-1994-house-6-R-JORGENSEN,surname_only_unresolved_race_specific,21.709223814421527,21.709223814421527,7.757056296230493,20.316080604225892,6.647100580413515,36.77134704842954,state_ticket_vote_weighted,1.0,meaningful,-21.709223814421527,-21.709223814421527,-7.757056296230493,-20.316080604225892,-36.77134704842954,-6.647100580413515,-21.709223814421527,1,0.3333333333333333,-7.236407938140509
1994,house,7,D,6188.0,Letson,alabama_sos,ALPERSON-LETSON,AL-1994-house-7-D-LETSON,0,1,LETSON,False,UNRESOLVED-AL-1994-house-7-D-LETSON,surname_only_unresolved_race_specific,-2.9254723025280347,-2.9254723025280347,-46.72712276059982,-11.170017250825545,-48.54805887374194,42.697114268685866,state_ticket_vote_weighted,1.0,meaningful,-2.9254723025280347,-2.9254723025280347,-46.72712276059982,-11.170017250825545,-48.54805887374194,42.697114268685866,-2.9254723025280347,1,0.3333333333333333,-0.9751574341760115
1994,house,7,R,5641.0,Randolph,alabama_sos,ALPERSON-RANDOLPH,AL-1994-house-7-R-RANDOLPH,0,0,RANDOLPH,False,UNRESOLVED-AL-1994-house-7-R-RANDOLPH,surname_only_unresolved_race_specific,-2.9254723025280347,-2.9254723025280347,-46.72712276059982,-11.170017250825545,-48.54805887374194,42.697114268685866,state_ticket_vote_weighted,1.0,meaningful,2.9254723025280347,2.9254723025280347,46.72712276059982,11.170017250825545,-42.697114268685866,48.54805887374194,2.9254723025280347,1,0.3333333333333333,0.9751574341760115
1994,house,8,D,8391.0,Dukes,alabama_sos,ALPERSON-DUKES,AL-1994-house-8-D-DUKES,0,1,DUKES,False,UNRESOLVED-AL-1994-house-8-D-DUKES,surname_only_unresolved_race_specific,76.0998903137124,76.0998903137124,58.15275011822506,69.2020959371507,58.35553045101713,93.84425017640766,state_ticket_vote_weighted,1.0,meaningful,76.0998903137124,76.0998903137124,58.15275011822506,69.2020959371507,58.35553045101713,93.84425017640766,76.0998903137124,1,0.3333333333333333,25.366630104570795
1994,house,8,R,2602.0,New,alabama_sos,ALPERSON-NEW,AL-1994-house-8-R-NEW,0,0,NEW,False,UNRESOLVED-AL-1994-house-8-R-NEW,surname_only_unresolved_race_specific,76.0998903137124,76.0998903137124,58.15275011822506,69.2020959371507,58.35553045101713,93.84425017640766,state_ticket_vote_weighted,1.0,meaningful,-76.0998903137124,-76.0998903137124,-58.15275011822506,-69.2020959371507,-93.84425017640766,-58.35553045101713,-76.0998903137124,1,0.3333333333333333,-25.366630104570795
1994,house,12,D,7159.0,Morrison,alabama_sos,ALPERSON-MORRISON,AL-1994-house-12-D-MORRISON,0,1,MORRISON,False,UNRESOLVED-AL-1994-house-12-D-MORRISON,surname_only_unresolved_race_specific,17.022676539115032,17.022676539115032,,19.646442534282237,13.386322393353407,20.659030684876658,state_ticket_vote_weighted,1.0,meaningful,17.022676539115032,17.022676539115032,,19.646442534282237,13.386322393353407,20.659030684876658,17.022676539115032,1,0.3333333333333333,5.674225513038344
1994,house,12,R,6564.0,Bowling,alabama_sos,ALPERSON-BOWLING,AL-1994-house-12-R-BOWLING,0,0,BOWLING,False,UNRESOLVED-AL-1994-house-12-R-BOWLING,surname_only_unresolved_race_specific,17.022676539115032,17.022676539115032,,19.646442534282237,13.386322393353407,20.659030684876658,state_ticket_vote_weighted,1.0,meaningful,-17.022676539115032,-17.022676539115032,,-19.646442534282237,-20.659030684876658,-13.386322393353407,-17.022676539115032,1,0.3333333333333333,-5.674225513038344
1994,house,15,D,4363.0,Sharp,alabama_sos,ALPERSON-SHARP,AL-1994-house-15-D-SHARP,0,0,SHARP,False,UNRESOLVED-AL-1994-house-15-D-SHARP,surname_only_unresolved_race_specific,2.224731012092292,2.224731012092292,17.686329495109042,-22.445757513858076,-37.44835485437381,41.897816878558395,state_ticket_vote_weighted,1.0,meaningful,2.224731012092292,2.224731012092292,17.686329495109042,-22.445757513858076,-37.44835485437381,41.897816878558395,2.224731012092292,1,0.3333333333333333,0.7415770040307639
1994,house,15,R,10300.0,Curry,alabama_sos,ALPERSON-CURRY,AL-1994-house-15-R-CURRY,0,1,CURRY,False,UNRESOLVED-AL-1994-house-15-R-CURRY,surname_only_unresolved_race_specific,2.224731012092292,2.224731012092292,17.686329495109042,-22.445757513858076,-37.44835485437381,41.897816878558395,state_ticket_vote_weighted,1.0,meaningful,-2.224731012092292,-2.224731012092292,-17.686329495109042,22.445757513858076,-41.897816878558395,37.44835485437381,-2.224731012092292,1,0.3333333333333333,-0.7415770040307639
1994,house,17,D,8535.0,Millican,alabama_sos,ALPERSON-MILLICAN,AL-1994-house-17-D-MILLICAN,0,1,MILLICAN,False,UNRESOLVED-AL-1994-house-17-D-MILLICAN,surname_only_unresolved_race_specific,17.808928505477446,17.808928505477446,,29.59911031277516,1.468570191046993,34.1492868199079,state_ticket_vote_weighted,1.0,meaningful,17.808928505477446,17.808928505477446,,29.59911031277516,1.468570191046993,34.1492868199079,17.808928505477446,1,0.3333333333333333,5.936309501825815
1994,house,17,R,5183.0,Harper,alabama_sos,ALPERSON-HARPER,AL-1994-house-17-R-HARPER,0,0,HARPER,True,UNRESOLVED-AL-1994-house-17-R-HARPER,surname_only_unresolved_race_specific,17.808928505477446,17.808928505477446,,29.59911031277516,1.468570191046993,34.1492868199079,state_ticket_vote_weighted,1.0,meaningful,-17.808928505477446,-17.808928505477446,,-29.59911031277516,-34.1492868199079,-1.468570191046993,-17.808928505477446,1,0.3333333333333333,-5.936309501825815
1994,house,19,D,7314.0,Hall,alabama_sos,ALPERSON-HALL,AL-1994-house-19-D-HALL,0,1,HALL,True,UNRESOLVED-AL-1994-house-19-D-HALL,surname_only_unresolved_race_specific,25.564303041405267,25.564303041405267,20.754133142413814,51.66770347448042,-7.038674182174489,58.167280264985024,state_ticket_vote_weighted,1.0,meaningful,25.564303041405267,25.564303041405267,20.754133142413814,51.66770347448042,-7.038674182174489,58.167280264985024,25.564303041405267,1,0.3333333333333333,8.521434347135088
1994,house,19,R,1030.0,Anderson,alabama_sos,ALPERSON-ANDERSON,AL-1994-house-19-R-ANDERSON,0,0,ANDERSON,True,UNRESOLVED-AL-1994-house-19-R-ANDERSON,surname_only_unresolved_race_specific,25.564303041405267,25.564303041405267,20.754133142413814,51.66770347448042,-7.038674182174489,58.167280264985024,state_ticket_vote_weighted,1.0,meaningful,-25.564303041405267,-25.564303041405267,-20.754133142413814,-51.66770347448042,-58.167280264985024,7.038674182174489,-25.564303041405267,1,0.3333333333333333,-8.521434347135088
1994,house,26,D,5881.0,Mcdaniel,alabama_sos,ALPERSON-MCDANIEL,AL-1994-house-26-D-MCDANIEL,0,1,MCDANIEL,False,UNRESOLVED-AL-1994-house-26-D-MCDANIEL,surname_only_unresolved_race_specific,21.101365630740354,21.101365630740354,,23.333226517154824,18.00816425454092,24.19456700693979,state_ticket_vote_weighted,1.0,meaningful,21.101365630740354,21.101365630740354,,23.333226517154824,18.00816425454092,24.19456700693979,21.101365630740354,1,0.3333333333333333,7.033788543580117
1994,house,26,R,4171.0,Holcomb,alabama_sos,ALPERSON-HOLCOMB,AL-1994-house-26-R-HOLCOMB,0,0,HOLCOMB,False,UNRESOLVED-AL-1994-house-26-R-HOLCOMB,surname_only_unresolved_race_specific,21.101365630740354,21.101365630740354,,23.333226517154824,18.00816425454092,24.19456700693979,state_ticket_vote_weighted,1.0,meaningful,-21.101365630740354,-21.101365630740354,,-23.333226517154824,-24.19456700693979,-18.00816425454092,-21.101365630740354,1,0.3333333333333333,-7.033788543580117
1994,house,27,D,6807.0,Murphree,alabama_sos,ALPERSON-MURPHREE,AL-1994-house-27-D-MURPHREE,0,1,MURPHREE,False,UNRESOLVED-AL-1994-house-27-D-MURPHREE,surname_only_unresolved_race_specific,26.741201986702663,26.741201986702663,,32.545770932990536,18.696479861684047,34.78592411172128,state_ticket_vote_weighted,1.0,meaningful,26.741201986702663,26.741201986702663,,32.545770932990536,18.696479861684047,34.78592411172128,26.741201986702663,1,0.3333333333333333,8.913733995567554
1994,house,27,R,5746.0,Martin,alabama_sos,ALPERSON-MARTIN,AL-1994-house-27-R-MARTIN,0,0,MARTIN,True,UNRESOLVED-AL-1994-house-27-R-MARTIN,surname_only_unresolved_race_specific,26.741201986702663,26.741201986702663,,32.545770932990536,18.696479861684047,34.78592411172128,state_ticket_vote_weighted,1.0,meaningful,-26.741201986702663,-26.741201986702663,,-32.545770932990536,-34.78592411172128,-18.696479861684047,-26.741201986702663,1,0.3333333333333333,-8.913733995567554
1994,house,28,D,7532.0,Ford,alabama_sos,ALPERSON-FORD,AL-1994-house-28-D-FORD,0,1,FORD,False,UNRESOLVED-AL-1994-house-28-D-FORD,surname_only_unresolved_race_specific,20.51169079076965,20.51169079076965,,25.610968821788646,13.444452003986976,27.578929577552323,state_ticket_vote_weighted,1.0,meaningful,20.51169079076965,20.51169079076965,,25.610968821788646,13.444452003986976,27.578929577552323,20.51169079076965,1,0.3333333333333333,6.837230263589882
1994,house,28,R,3711.0,O'Barr,alabama_sos,ALPERSON-O-BARR,AL-1994-house-28-R-O-BARR,0,0,O BARR,False,UNRESOLVED-AL-1994-house-28-R-O-BARR,surname_only_unresolved_race_specific,20.51169079076965,20.51169079076965,,25.610968821788646,13.444452003986976,27.578929577552323,state_ticket_vote_weighted,1.0,meaningful,-20.51169079076965,-20.51169079076965,,-25.610968821788646,-27.578929577552323,-13.444452003986976,-20.51169079076965,1,0.3333333333333333,-6.837230263589882
1994,house,29,D,7064.0,Page,alabama_sos,ALPERSON-PAGE,AL-1994-house-29-D-PAGE,0,1,PAGE,False,UNRESOLVED-AL-1994-house-29-D-PAGE,surname_only_unresolved_race_specific,34.47109144945283,34.47109144945283,,33.46255992845939,32.47109144945283,36.47109144945283,state_ticket_vote_weighted,1.0,meaningful,34.47109144945283,34.47109144945283,,33.46255992845939,32.47109144945283,36.47109144945283,34.47109144945283,1,0.3333333333333333,11.490363816484276
1994,house,29,R,2464.0,Estes,alabama_sos,ALPERSON-ESTES,AL-1994-house-29-R-ESTES,0,0,ESTES,False,UNRESOLVED-AL-1994-house-29-R-ESTES,surname_only_unresolved_race_specific,34.47109144945283,34.47109144945283,,33.46255992845939,32.47109144945283,36.47109144945283,state_ticket_vote_weighted,1.0,meaningful,-34.47109144945283,-34.47109144945283,,-33.46255992845939,-36.47109144945283,-32.47109144945283,-34.47109144945283,1,0.3333333333333333,-11.490363816484276
1994,house,30,D,7026.0,Galliher,alabama_sos,ALPERSON-GALLIHER,AL-1994-house-30-D-GALLIHER,0,1,GALLIHER,False,UNRESOLVED-AL-1994-house-30-D-GALLIHER,surname_only_unresolved_race_specific,15.83128136953416,15.83128136953416,-6.554114028686731,30.45253940661048,-20.70033127411525,52.36289401318357,state_ticket_vote_weighted,1.0,meaningful,15.83128136953416,15.83128136953416,-6.554114028686731,30.45253940661048,-20.70033127411525,52.36289401318357,15.83128136953416,1,0.3333333333333333,5.27709378984472
1994,house,30,R,5912.0,Hodges,alabama_sos,ALPERSON-HODGES,AL-1994-house-30-R-HODGES,0,0,HODGES,False,UNRESOLVED-AL-1994-house-30-R-HODGES,surname_only_unresolved_race_specific,15.83128136953416,15.83128136953416,-6.554114028686731,30.45253940661048,-20.70033127411525,52.36289401318357,state_ticket_vote_weighted,1.0,meaningful,-15.83128136953416,-15.83128136953416,6.554114028686731,-30.45253940661048,-52.36289401318357,20.70033127411525,-15.83128136953416,1,0.3333333333333333,-5.27709378984472
1994,house,32,D,4541.0,Boyd,alabama_sos,ALPERSON-BOYD,AL-1994-house-32-D-BOYD,0,1,BOYD,False,UNRESOLVED-AL-1994-house-32-D-BOYD,surname_only_unresolved_race_specific,-15.38879062088278,-15.38879062088278,-32.76288668049846,17.06374477713695,-64.95857832165191,34.18099707988635,state_ticket_vote_weighted,1.0,meaningful,-15.38879062088278,-15.38879062088278,-32.76288668049846,17.06374477713695,-64.95857832165191,34.18099707988635,-15.38879062088278,1,0.3333333333333333,-5.129596873627593
1994,house,32,R,2241.0,Montgomery,alabama_sos,ALPERSON-MONTGOMERY,AL-1994-house-32-R-MONTGOMERY,0,0,MONTGOMERY,False,UNRESOLVED-AL-1994-house-32-R-MONTGOMERY,surname_only_unresolved_race_specific,-15.38879062088278,-15.38879062088278,-32.76288668049846,17.06374477713695,-64.95857832165191,34.18099707988635,state_ticket_vote_weighted,1.0,meaningful,15.38879062088278,15.38879062088278,32.76288668049846,-17.06374477713695,-34.18099707988635,64.95857832165191,15.38879062088278,1,0.3333333333333333,5.129596873627593
1994,house,33,D,5981.0,Johnson,alabama_sos,ALPERSON-JOHNSON,AL-1994-house-33-D-JOHNSON,0,1,JOHNSON,True,UNRESOLVED-AL-1994-house-33-D-JOHNSON,surname_only_unresolved_race_specific,34.034442123114594,34.034442123114594,-2.8668417971304656,,-17.10812814209637,85.17701238832555,state_ticket_vote_weighted,1.0,meaningful,34.034442123114594,34.034442123114594,-2.8668417971304656,,-17.10812814209637,85.17701238832555,34.034442123114594,1,0.3333333333333333,11.344814041038198
1994,house,33,R,3621.0,Hattaway,alabama_sos,ALPERSON-HATTAWAY,AL-1994-house-33-R-HATTAWAY,0,0,HATTAWAY,False,UNRESOLVED-AL-1994-house-33-R-HATTAWAY,surname_only_unresolved_race_specific,34.034442123114594,34.034442123114594,-2.8668417971304656,,-17.10812814209637,85.17701238832555,state_ticket_vote_weighted,1.0,meaningful,-34.034442123114594,-34.034442123114594,2.8668417971304656,,-85.17701238832555,17.10812814209637,-34.034442123114594,1,0.3333333333333333,-11.344814041038198
1994,house,35,D,4734.0,Shaddix,alabama_sos,ALPERSON-SHADDIX,AL-1994-house-35-D-SHADDIX,0,0,SHADDIX,False,UNRESOLVED-AL-1994-house-35-D-SHADDIX,surname_only_unresolved_race_specific,3.671611148731882,3.671611148731882,-38.32021565506635,15.599326262412484,-51.84000944153734,59.18323173900111,state_ticket_vote_weighted,1.0,meaningful,3.671611148731882,3.671611148731882,-38.32021565506635,15.599326262412484,-51.84000944153734,59.18323173900111,3.671611148731882,1,0.3333333333333333,1.2238703829106272
1994,house,35,R,5091.0,Sims,alabama_sos,ALPERSON-SIMS,AL-1994-house-35-R-SIMS,0,1,SIMS,False,UNRESOLVED-AL-1994-house-35-R-SIMS,surname_only_unresolved_race_specific,3.671611148731882,3.671611148731882,-38.32021565506635,15.599326262412484,-51.84000944153734,59.18323173900111,state_ticket_vote_weighted,1.0,meaningful,-3.671611148731882,-3.671611148731882,38.32021565506635,-15.599326262412484,-59.18323173900111,51.84000944153734,-3.671611148731882,1,0.3333333333333333,-1.2238703829106272
1994,house,36,D,4172.0,Campbell,alabama_sos,ALPERSON-CAMPBELL,AL-1994-house-36-D-CAMPBELL,0,0,CAMPBELL,False,UNRESOLVED-AL-1994-house-36-D-CAMPBELL,surname_only_unresolved_race_specific,-2.3045785456089956,-2.3045785456089956,-50.07397241215239,4.907137107325058,-60.869159001957485,56.26000191073949,state_ticket_vote_weighted,1.0,meaningful,-2.3045785456089956,-2.3045785456089956,-50.07397241215239,4.907137107325058,-60.869159001957485,56.26000191073949,-2.3045785456089956,1,0.3333333333333333,-0.7681928485363319
1994,house,36,R,5371.0,Rogers,alabama_sos,ALPERSON-ROGERS,AL-1994-house-36-R-ROGERS,0,1,ROGERS,True,UNRESOLVED-AL-1994-house-36-R-ROGERS,surname_only_unresolved_race_specific,-2.3045785456089956,-2.3045785456089956,-50.07397241215239,4.907137107325058,-60.869159001957485,56.26000191073949,state_ticket_vote_weighted,1.0,meaningful,2.3045785456089956,2.3045785456089956,50.07397241215239,-4.907137107325058,-56.26000191073949,60.869159001957485,2.3045785456089956,1,0.3333333333333333,0.7681928485363319
1994,house,40,D,5174.0,Martin,alabama_sos,ALPERSON-MARTIN,AL-1994-house-40-D-MARTIN,0,0,MARTIN,True,UNRESOLVED-AL-1994-house-40-D-MARTIN,surname_only_unresolved_race_specific,6.029266759812465,6.029266759812465,11.440769100109371,-6.7555045167227235,-12.284572798394567,24.343106318019498,state_ticket_vote_weighted,1.0,meaningful,6.029266759812465,6.029266759812465,11.440769100109371,-6.7555045167227235,-12.284572798394567,24.343106318019498,6.029266759812465,1,0.3333333333333333,2.0097555866041548
1994,house,40,R,8703.0,Knight,alabama_sos,ALPERSON-KNIGHT,AL-1994-house-40-R-KNIGHT,0,1,KNIGHT,True,UNRESOLVED-AL-1994-house-40-R-KNIGHT,surname_only_unresolved_race_specific,6.029266759812465,6.029266759812465,11.440769100109371,-6.7555045167227235,-12.284572798394567,24.343106318019498,state_ticket_vote_weighted,1.0,meaningful,-6.029266759812465,-6.029266759812465,-11.440769100109371,6.7555045167227235,-24.343106318019498,12.284572798394567,-6.029266759812465,1,0.3333333333333333,-2.0097555866041548
1994,house,42,D,8909.0,Smith,alabama_sos,ALPERSON-SMITH,AL-1994-house-42-D-SMITH,0,1,SMITH,True,UNRESOLVED-AL-1994-house-42-D-SMITH,surname_only_unresolved_race_specific,49.84592252794546,49.84592252794546,32.58942802956143,65.03730299672449,18.02554504028782,81.6663000156031,state_ticket_vote_weighted,1.0,meaningful,49.84592252794546,49.84592252794546,32.58942802956143,65.03730299672449,18.02554504028782,81.6663000156031,49.84592252794546,1,0.3333333333333333,16.61530750931515
1994,house,42,R,4157.0,Bialas,alabama_sos,ALPERSON-BIALAS,AL-1994-house-42-R-BIALAS,0,0,BIALAS,False,UNRESOLVED-AL-1994-house-42-R-BIALAS,surname_only_unresolved_race_specific,49.84592252794546,49.84592252794546,32.58942802956143,65.03730299672449,18.02554504028782,81.6663000156031,state_ticket_vote_weighted,1.0,meaningful,-49.84592252794546,-49.84592252794546,-32.58942802956143,-65.03730299672449,-81.6663000156031,-18.02554504028782,-49.84592252794546,1,0.3333333333333333,-16.61530750931515
1994,house,43,D,3731.0,Romei,alabama_sos,ALPERSON-ROMEI,AL-1994-house-43-D-ROMEI,0,0,ROMEI,False,UNRESOLVED-AL-1994-house-43-D-ROMEI,surname_only_unresolved_race_specific,-5.8249331604130745,-5.8249331604130745,12.294305308031923,-37.65116515064592,-55.382102412826974,43.732236092000825,state_ticket_vote_weighted,1.0,meaningful,-5.8249331604130745,-5.8249331604130745,12.294305308031923,-37.65116515064592,-55.382102412826974,43.732236092000825,-5.8249331604130745,1,0.3333333333333333,-1.941644386804358
1994,house,43,R,10152.0,Sanderson,alabama_sos,ALPERSON-SANDERSON,AL-1994-house-43-R-SANDERSON,0,1,SANDERSON,False,UNRESOLVED-AL-1994-house-43-R-SANDERSON,surname_only_unresolved_race_specific,-5.8249331604130745,-5.8249331604130745,12.294305308031923,-37.65116515064592,-55.382102412826974,43.732236092000825,state_ticket_vote_weighted,1.0,meaningful,5.8249331604130745,5.8249331604130745,-12.294305308031923,37.65116515064592,-43.732236092000825,55.382102412826974,5.8249331604130745,1,0.3333333333333333,1.941644386804358
1994,house,46,D,2681.0,Jones,alabama_sos,ALPERSON-JONES,AL-1994-house-46-D-JONES,0,0,JONES,False,UNRESOLVED-AL-1994-house-46-D-JONES,surname_only_unresolved_race_specific,-10.51755242886209,-10.51755242886209,7.430769173096607,-30.119721078058546,-47.32892829309378,26.293823435369603,state_ticket_vote_weighted,1.0,meaningful,-10.51755242886209,-10.51755242886209,7.430769173096607,-30.119721078058546,-47.32892829309378,26.293823435369603,-10.51755242886209,1,0.3333333333333333,-3.5058508096206964
1994,house,46,R,14516.0,Carns,alabama_sos,ALPERSON-CARNS,AL-1994-house-46-R-CARNS,0,1,CARNS,False,UNRESOLVED-AL-1994-house-46-R-CARNS,surname_only_unresolved_race_specific,-10.51755242886209,-10.51755242886209,7.430769173096607,-30.119721078058546,-47.32892829309378,26.293823435369603,state_ticket_vote_weighted,1.0,meaningful,10.51755242886209,10.51755242886209,-7.430769173096607,30.119721078058546,-26.293823435369603,47.32892829309378,10.51755242886209,1,0.3333333333333333,3.5058508096206964
1994,house,48,D,2750.0,Gulas,alabama_sos,ALPERSON-GULAS,AL-1994-house-48-D-GULAS,0,0,GULAS,False,UNRESOLVED-AL-1994-house-48-D-GULAS,surname_only_unresolved_race_specific,-8.128477597519328,-8.128477597519328,7.276332702163458,-38.07888341904818,-53.33209077277295,37.075135577734294,state_ticket_vote_weighted,1.0,meaningful,-8.128477597519328,-8.128477597519328,7.276332702163458,-38.07888341904818,-53.33209077277295,37.075135577734294,-8.128477597519328,1,0.3333333333333333,-2.7094925325064425
1994,house,48,R,13809.0,Hawkins,alabama_sos,ALPERSON-HAWKINS,AL-1994-house-48-R-HAWKINS,0,1,HAWKINS,False,UNRESOLVED-AL-1994-house-48-R-HAWKINS,surname_only_unresolved_race_specific,-8.128477597519328,-8.128477597519328,7.276332702163458,-38.07888341904818,-53.33209077277295,37.075135577734294,state_ticket_vote_weighted,1.0,meaningful,8.128477597519328,8.128477597519328,-7.276332702163458,38.07888341904818,-37.075135577734294,53.33209077277295,8.128477597519328,1,0.3333333333333333,2.7094925325064425
1994,house,49,D,5872.0,Holladay,alabama_sos,ALPERSON-HOLLADAY,AL-1994-house-49-D-HOLLADAY,0,0,HOLLADAY,False,UNRESOLVED-AL-1994-house-49-D-HOLLADAY,surname_only_unresolved_race_specific,22.057355307723675,22.057355307723675,-2.74769541685494,,-12.320691059326933,56.43540167477428,state_ticket_vote_weighted,1.0,meaningful,22.057355307723675,22.057355307723675,-2.74769541685494,,-12.320691059326933,56.43540167477428,22.057355307723675,1,0.3333333333333333,7.352451769241225
1994,house,49,R,6614.0,Thomas,alabama_sos,ALPERSON-THOMAS,AL-1994-house-49-R-THOMAS,0,1,THOMAS,True,UNRESOLVED-AL-1994-house-49-R-THOMAS,surname_only_unresolved_race_specific,22.057355307723675,22.057355307723675,-2.74769541685494,,-12.320691059326933,56.43540167477428,state_ticket_vote_weighted,1.0,meaningful,-22.057355307723675,-22.057355307723675,2.74769541685494,,-56.43540167477428,12.320691059326933,-22.057355307723675,1,0.3333333333333333,-7.352451769241225
1994,house,50,D,2498.0,Smith,alabama_sos,ALPERSON-SMITH,AL-1994-house-50-D-SMITH,0,0,SMITH,True,UNRESOLVED-AL-1994-house-50-D-SMITH,surname_only_unresolved_race_specific,-8.88862474928505,-8.88862474928505,9.45184843425261,-33.182914300792845,-50.806272902688974,33.029023404118874,state_ticket_vote_weighted,1.0,meaningful,-8.88862474928505,-8.88862474928505,9.45184843425261,-33.182914300792845,-50.806272902688974,33.029023404118874,-8.88862474928505,1,0.3333333333333333,-2.96287491642835
1994,house,50,R,9808.0,Townsend,alabama_sos,ALPERSON-TOWNSEND,AL-1994-house-50-R-TOWNSEND,0,1,TOWNSEND,False,UNRESOLVED-AL-1994-house-50-R-TOWNSEND,surname_only_unresolved_race_specific,-8.88862474928505,-8.88862474928505,9.45184843425261,-33.182914300792845,-50.806272902688974,33.029023404118874,state_ticket_vote_weighted,1.0,meaningful,8.88862474928505,8.88862474928505,-9.45184843425261,33.182914300792845,-33.029023404118874,50.806272902688974,8.88862474928505,1,0.3333333333333333,2.96287491642835
1994,house,53,D,5925.0,Newton,alabama_sos,ALPERSON-NEWTON,AL-1994-house-53-D-NEWTON,0,1,NEWTON,True,UNRESOLVED-AL-1994-house-53-D-NEWTON,surname_only_unresolved_race_specific,-22.821387931972005,-22.821387931972005,-15.773160321408447,32.9410275013929,-82.33677304638738,36.693997182443375,state_ticket_vote_weighted,1.0,meaningful,-22.821387931972005,-22.821387931972005,-15.773160321408447,32.9410275013929,-82.33677304638738,36.693997182443375,-22.821387931972005,1,0.3333333333333333,-7.607129310657335
1994,house,53,R,3029.0,Blake,alabama_sos,ALPERSON-BLAKE,AL-1994-house-53-R-BLAKE,0,0,BLAKE,False,UNRESOLVED-AL-1994-house-53-R-BLAKE,surname_only_unresolved_race_specific,-22.821387931972005,-22.821387931972005,-15.773160321408447,32.9410275013929,-82.33677304638738,36.693997182443375,state_ticket_vote_weighted,1.0,meaningful,22.821387931972005,22.821387931972005,15.773160321408447,-32.9410275013929,-36.693997182443375,82.33677304638738,22.821387931972005,1,0.3333333333333333,7.607129310657335
1994,house,54,D,6237.0,Perdue,alabama_sos,ALPERSON-PERDUE,AL-1994-house-54-D-PERDUE,0,1,PERDUE,False,UNRESOLVED-AL-1994-house-54-D-PERDUE,surname_only_unresolved_race_specific,-2.235496297981335,-2.235496297981335,4.933568584766917,22.47030591551455,-27.147670856039657,22.676678260076987,state_ticket_vote_weighted,1.0,meaningful,-2.235496297981335,-2.235496297981335,4.933568584766917,22.47030591551455,-27.147670856039657,22.676678260076987,-2.235496297981335,1,0.3333333333333333,-0.745165432660445
1994,house,54,R,3128.0,Pearson,alabama_sos,ALPERSON-PEARSON,AL-1994-house-54-R-PEARSON,0,0,PEARSON,False,UNRESOLVED-AL-1994-house-54-R-PEARSON,surname_only_unresolved_race_specific,-2.235496297981335,-2.235496297981335,4.933568584766917,22.47030591551455,-27.147670856039657,22.676678260076987,state_ticket_vote_weighted,1.0,meaningful,2.235496297981335,2.235496297981335,-4.933568584766917,-22.47030591551455,-22.676678260076987,27.147670856039657,2.235496297981335,1,0.3333333333333333,0.745165432660445
1994,house,55,D,6722.0,Minnifield,alabama_sos,ALPERSON-MINNIFIELD,AL-1994-house-55-D-MINNIFIELD,0,1,MINNIFIELD,False,UNRESOLVED-AL-1994-house-55-D-MINNIFIELD,surname_only_unresolved_race_specific,4.198234616183001,4.198234616183001,8.939921298881124,24.54822989751169,-16.67101357378816,25.06748280615416,state_ticket_vote_weighted,1.0,meaningful,4.198234616183001,4.198234616183001,8.939921298881124,24.54822989751169,-16.67101357378816,25.06748280615416,4.198234616183001,1,0.3333333333333333,1.3994115387276669
1994,house,55,R,2282.0,Evans,alabama_sos,ALPERSON-EVANS,AL-1994-house-55-R-EVANS,0,0,EVANS,False,UNRESOLVED-AL-1994-house-55-R-EVANS,surname_only_unresolved_race_specific,4.198234616183001,4.198234616183001,8.939921298881124,24.54822989751169,-16.67101357378816,25.06748280615416,state_ticket_vote_weighted,1.0,meaningful,-4.198234616183001,-4.198234616183001,-8.939921298881124,-24.54822989751169,-25.06748280615416,16.67101357378816,-4.198234616183001,1,0.3333333333333333,-1.3994115387276669
1994,house,58,D,6055.0,Johnson,alabama_sos,ALPERSON-JOHNSON,AL-1994-house-58-D-JOHNSON,0,1,JOHNSON,True,UNRESOLVED-AL-1994-house-58-D-JOHNSON,surname_only_unresolved_race_specific,24.86828636170908,24.86828636170908,25.375566404872636,75.77265161163959,-32.45056083405052,82.18713355746868,state_ticket_vote_weighted,1.0,meaningful,24.86828636170908,24.86828636170908,25.375566404872636,75.77265161163959,-32.45056083405052,82.18713355746868,24.86828636170908,1,0.3333333333333333,8.28942878723636
1994,house,58,R,813.0,Leland,alabama_sos,ALPERSON-LELAND,AL-1994-house-58-R-LELAND,0,0,LELAND,False,UNRESOLVED-AL-1994-house-58-R-LELAND,surname_only_unresolved_race_specific,24.86828636170908,24.86828636170908,25.375566404872636,75.77265161163959,-32.45056083405052,82.18713355746868,state_ticket_vote_weighted,1.0,meaningful,-24.86828636170908,-24.86828636170908,-25.375566404872636,-75.77265161163959,-82.18713355746868,32.45056083405052,-24.86828636170908,1,0.3333333333333333,-8.28942878723636
1994,house,60,D,6222.0,Hillard,alabama_sos,ALPERSON-HILLARD,AL-1994-house-60-D-HILLARD,0,1,HILLARD,False,UNRESOLVED-AL-1994-house-60-D-HILLARD,surname_only_unresolved_race_specific,-12.342433419698327,-12.342433419698327,-5.97133842262701,30.31068485737018,-57.43851223515324,32.75364539575659,state_ticket_vote_weighted,1.0,meaningful,-12.342433419698327,-12.342433419698327,-5.97133842262701,30.31068485737018,-57.43851223515324,32.75364539575659,-12.342433419698327,1,0.3333333333333333,-4.114144473232775
1994,house,60,R,3266.0,Wright,alabama_sos,ALPERSON-WRIGHT,AL-1994-house-60-R-WRIGHT,0,0,WRIGHT,False,UNRESOLVED-AL-1994-house-60-R-WRIGHT,surname_only_unresolved_race_specific,-12.342433419698327,-12.342433419698327,-5.97133842262701,30.31068485737018,-57.43851223515324,32.75364539575659,state_ticket_vote_weighted,1.0,meaningful,12.342433419698327,12.342433419698327,5.97133842262701,-30.31068485737018,-32.75364539575659,57.43851223515324,12.342433419698327,1,0.3333333333333333,4.114144473232775
1994,house,62,D,6730.0,Allen,alabama_sos,ALPERSON-ALLEN,AL-1994-house-62-D-ALLEN,0,1,ALLEN,False,UNRESOLVED-AL-1994-house-62-D-ALLEN,surname_only_unresolved_race_specific,21.199164679373197,21.199164679373197,17.837816048065772,27.23125357120711,11.870394095411164,30.52793526333523,state_ticket_vote_weighted,1.0,meaningful,21.199164679373197,21.199164679373197,17.837816048065772,27.23125357120711,11.870394095411164,30.52793526333523,21.199164679373197,1,0.3333333333333333,7.0663882264577325
1994,house,62,R,4962.0,Copeland,alabama_sos,ALPERSON-COPELAND,AL-1994-house-62-R-COPELAND,0,0,COPELAND,False,UNRESOLVED-AL-1994-house-62-R-COPELAND,surname_only_unresolved_race_specific,21.199164679373197,21.199164679373197,17.837816048065772,27.23125357120711,11.870394095411164,30.52793526333523,state_ticket_vote_weighted,1.0,meaningful,-21.199164679373197,-21.199164679373197,-17.837816048065772,-27.23125357120711,-30.52793526333523,-11.870394095411164,-21.199164679373197,1,0.3333333333333333,-7.0663882264577325
1994,house,64,D,7714.0,Warren,alabama_sos,ALPERSON-WARREN,AL-1994-house-64-D-WARREN,0,1,WARREN,False,UNRESOLVED-AL-1994-house-64-D-WARREN,surname_only_unresolved_race_specific,37.38759892684951,37.38759892684951,44.88021499241073,41.873783598837264,29.997256195647278,44.777941658051745,state_ticket_vote_weighted,1.0,meaningful,37.38759892684951,37.38759892684951,44.88021499241073,41.873783598837264,29.997256195647278,44.777941658051745,37.38759892684951,1,0.3333333333333333,12.462532975616504
1994,house,64,R,4261.0,Bowen,alabama_sos,ALPERSON-BOWEN,AL-1994-house-64-R-BOWEN,0,0,BOWEN,False,UNRESOLVED-AL-1994-house-64-R-BOWEN,surname_only_unresolved_race_specific,37.38759892684951,37.38759892684951,44.88021499241073,41.873783598837264,29.997256195647278,44.777941658051745,state_ticket_vote_weighted,1.0,meaningful,-37.38759892684951,-37.38759892684951,-44.88021499241073,-41.873783598837264,-44.777941658051745,-29.997256195647278,-37.38759892684951,1,0.3333333333333333,-12.462532975616504
1994,house,65,D,8497.0,Dolbare,alabama_sos,ALPERSON-DOLBARE,AL-1994-house-65-D-DOLBARE,0,1,DOLBARE,False,UNRESOLVED-AL-1994-house-65-D-DOLBARE,surname_only_unresolved_race_specific,20.47860924761392,20.47860924761392,11.732889220634664,29.54693615957465,3.0198890294022362,37.937329465825606,state_ticket_vote_weighted,1.0,meaningful,20.47860924761392,20.47860924761392,11.732889220634664,29.54693615957465,3.0198890294022362,37.937329465825606,20.47860924761392,1,0.3333333333333333,6.826203082537973
1994,house,65,R,4453.0,Wilkins,alabama_sos,ALPERSON-WILKINS,AL-1994-house-65-R-WILKINS,0,0,WILKINS,False,UNRESOLVED-AL-1994-house-65-R-WILKINS,surname_only_unresolved_race_specific,20.47860924761392,20.47860924761392,11.732889220634664,29.54693615957465,3.0198890294022362,37.937329465825606,state_ticket_vote_weighted,1.0,meaningful,-20.47860924761392,-20.47860924761392,-11.732889220634664,-29.54693615957465,-37.937329465825606,-3.0198890294022362,-20.47860924761392,1,0.3333333333333333,-6.826203082537973
1994,house,66,D,5093.0,White,alabama_sos,ALPERSON-WHITE,AL-1994-house-66-D-WHITE,0,1,WHITE,True,UNRESOLVED-AL-1994-house-66-D-WHITE,surname_only_unresolved_race_specific,19.26725688636002,19.26725688636002,,31.300523422771718,2.5900003256251516,35.94451344709489,state_ticket_vote_weighted,1.0,meaningful,19.26725688636002,19.26725688636002,,31.300523422771718,2.5900003256251516,35.94451344709489,19.26725688636002,1,0.3333333333333333,6.422418962120006
1994,house,66,R,3508.0,Thomson,alabama_sos,ALPERSON-THOMSON,AL-1994-house-66-R-THOMSON,0,0,THOMSON,False,UNRESOLVED-AL-1994-house-66-R-THOMSON,surname_only_unresolved_race_specific,19.26725688636002,19.26725688636002,,31.300523422771718,2.5900003256251516,35.94451344709489,state_ticket_vote_weighted,1.0,meaningful,-19.26725688636002,-19.26725688636002,,-31.300523422771718,-35.94451344709489,-2.5900003256251516,-19.26725688636002,1,0.3333333333333333,-6.422418962120006
1994,house,67,D,7507.0,Maull,alabama_sos,ALPERSON-MAULL,AL-1994-house-67-D-MAULL,0,1,MAULL,False,UNRESOLVED-AL-1994-house-67-D-MAULL,surname_only_unresolved_race_specific,9.259267013613936,9.259267013613936,-6.152847284203233,8.583584774548779,-7.811726212698019,26.33026023992589,state_ticket_vote_weighted,1.0,meaningful,9.259267013613936,9.259267013613936,-6.152847284203233,8.583584774548779,-7.811726212698019,26.33026023992589,9.259267013613936,1,0.3333333333333333,3.086422337871312
1994,house,67,R,3785.0,Walker,alabama_sos,ALPERSON-WALKER,AL-1994-house-67-R-WALKER,0,0,WALKER,False,UNRESOLVED-AL-1994-house-67-R-WALKER,surname_only_unresolved_race_specific,9.259267013613936,9.259267013613936,-6.152847284203233,8.583584774548779,-7.811726212698019,26.33026023992589,state_ticket_vote_weighted,1.0,meaningful,-9.259267013613936,-9.259267013613936,6.152847284203233,-8.583584774548779,-26.33026023992589,7.811726212698019,-9.259267013613936,1,0.3333333333333333,-3.086422337871312
1994,house,69,D,4706.0,Thomas,alabama_sos,ALPERSON-THOMAS,AL-1994-house-69-D-THOMAS,0,1,THOMAS,True,UNRESOLVED-AL-1994-house-69-D-THOMAS,surname_only_unresolved_race_specific,41.747360784881074,41.747360784881074,28.20064654381622,36.609743316617966,28.343160508637382,55.15156106112477,state_ticket_vote_weighted,1.0,meaningful,41.747360784881074,41.747360784881074,28.20064654381622,36.609743316617966,28.343160508637382,55.15156106112477,41.747360784881074,1,0.3333333333333333,13.915786928293691
1994,house,69,R,1097.0,Brooks,alabama_sos,ALPERSON-BROOKS,AL-1994-house-69-R-BROOKS,0,0,BROOKS,False,UNRESOLVED-AL-1994-house-69-R-BROOKS,surname_only_unresolved_race_specific,41.747360784881074,41.747360784881074,28.20064654381622,36.609743316617966,28.343160508637382,55.15156106112477,state_ticket_vote_weighted,1.0,meaningful,-41.747360784881074,-41.747360784881074,-28.20064654381622,-36.609743316617966,-55.15156106112477,-28.343160508637382,-41.747360784881074,1,0.3333333333333333,-13.915786928293691
1994,house,72,D,7631.0,Hayden,alabama_sos,ALPERSON-HAYDEN,AL-1994-house-72-D-HAYDEN,0,1,HAYDEN,False,UNRESOLVED-AL-1994-house-72-D-HAYDEN,surname_only_unresolved_race_specific,17.925132299906295,17.925132299906295,2.4062636998403875,26.026655107887212,-5.600214145341688,41.45047874515428,state_ticket_vote_weighted,1.0,meaningful,17.925132299906295,17.925132299906295,2.4062636998403875,26.026655107887212,-5.600214145341688,41.45047874515428,17.925132299906295,1,0.3333333333333333,5.975044099968764
1994,house,72,R,2516.0,Williams,alabama_sos,ALPERSON-WILLIAMS,AL-1994-house-72-R-WILLIAMS,0,0,WILLIAMS,True,UNRESOLVED-AL-1994-house-72-R-WILLIAMS,surname_only_unresolved_race_specific,17.925132299906295,17.925132299906295,2.4062636998403875,26.026655107887212,-5.600214145341688,41.45047874515428,state_ticket_vote_weighted,1.0,meaningful,-17.925132299906295,-17.925132299906295,-2.4062636998403875,-26.026655107887212,-41.45047874515428,5.600214145341688,-17.925132299906295,1,0.3333333333333333,-5.975044099968764
1994,house,73,D,4101.0,Vaughan,alabama_sos,ALPERSON-VAUGHAN,AL-1994-house-73-D-VAUGHAN,0,0,VAUGHAN,False,UNRESOLVED-AL-1994-house-73-D-VAUGHAN,surname_only_unresolved_race_specific,-0.4725788324385789,-0.4725788324385789,12.56816516024248,,-18.546127909965897,17.60097024508874,state_ticket_vote_weighted,1.0,meaningful,-0.4725788324385789,-0.4725788324385789,12.56816516024248,,-18.546127909965897,17.60097024508874,-0.4725788324385789,1,0.3333333333333333,-0.1575262774795263
1994,house,73,R,11253.0,Hooper,alabama_sos,ALPERSON-HOOPER,AL-1994-house-73-R-HOOPER,0,1,HOOPER,False,UNRESOLVED-AL-1994-house-73-R-HOOPER,surname_only_unresolved_race_specific,-0.4725788324385789,-0.4725788324385789,12.56816516024248,,-18.546127909965897,17.60097024508874,state_ticket_vote_weighted,1.0,meaningful,0.4725788324385789,0.4725788324385789,-12.56816516024248,,-17.60097024508874,18.546127909965897,0.4725788324385789,1,0.3333333333333333,0.1575262774795263
1994,house,75,D,4646.0,Holley,alabama_sos,ALPERSON-HOLLEY,AL-1994-house-75-D-HOLLEY,0,0,HOLLEY,False,UNRESOLVED-AL-1994-house-75-D-HOLLEY,surname_only_unresolved_race_specific,10.66774264475088,10.66774264475088,25.348333379012132,-5.068886156933036,-19.14712034952026,40.482605639022026,state_ticket_vote_weighted,1.0,meaningful,10.66774264475088,10.66774264475088,25.348333379012132,-5.068886156933036,-19.14712034952026,40.482605639022026,10.66774264475088,1,0.3333333333333333,3.5559142149169602
1994,house,75,R,9283.0,Wren,alabama_sos,ALPERSON-WREN,AL-1994-house-75-R-WREN,0,1,WREN,False,UNRESOLVED-AL-1994-house-75-R-WREN,surname_only_unresolved_race_specific,10.66774264475088,10.66774264475088,25.348333379012132,-5.068886156933036,-19.14712034952026,40.482605639022026,state_ticket_vote_weighted,1.0,meaningful,-10.66774264475088,-10.66774264475088,-25.348333379012132,5.068886156933036,-40.482605639022026,19.14712034952026,-10.66774264475088,1,0.3333333333333333,-3.5559142149169602
1994,house,76,D,5965.0,McClammy,alabama_sos,ALPERSON-MCCLAMMY,AL-1994-house-76-D-MCCLAMMY,0,1,MCCLAMMY,False,UNRESOLVED-AL-1994-house-76-D-MCCLAMMY,surname_only_unresolved_race_specific,9.270818171731484,9.270818171731484,16.5558366368998,,-0.8257023055363888,19.367338648999358,state_ticket_vote_weighted,1.0,meaningful,9.270818171731484,9.270818171731484,16.5558366368998,,-0.8257023055363888,19.367338648999358,9.270818171731484,1,0.3333333333333333,3.090272723910495
1994,house,76,R,2613.0,Merren,alabama_sos,ALPERSON-MERREN,AL-1994-house-76-R-MERREN,0,0,MERREN,False,UNRESOLVED-AL-1994-house-76-R-MERREN,surname_only_unresolved_race_specific,9.270818171731484,9.270818171731484,16.5558366368998,,-0.8257023055363888,19.367338648999358,state_ticket_vote_weighted,1.0,meaningful,-9.270818171731484,-9.270818171731484,-16.5558366368998,,-19.367338648999358,0.8257023055363888,-9.270818171731484,1,0.3333333333333333,-3.090272723910495
1994,house,79,D,6019.0,Turnham,alabama_sos,ALPERSON-TURNHAM,AL-1994-house-79-D-TURNHAM,0,1,TURNHAM,False,UNRESOLVED-AL-1994-house-79-D-TURNHAM,surname_only_unresolved_race_specific,47.74818852585328,47.74818852585328,14.935627371305966,23.481628855985996,14.384364947656074,81.11201210405048,state_ticket_vote_weighted,1.0,meaningful,47.74818852585328,47.74818852585328,14.935627371305966,23.481628855985996,14.384364947656074,81.11201210405048,47.74818852585328,1,0.3333333333333333,15.916062841951092
1994,house,79,R,4604.0,Pierce,alabama_sos,ALPERSON-PIERCE,AL-1994-house-79-R-PIERCE,0,0,PIERCE,False,UNRESOLVED-AL-1994-house-79-R-PIERCE,surname_only_unresolved_race_specific,47.74818852585328,47.74818852585328,14.935627371305966,23.481628855985996,14.384364947656074,81.11201210405048,state_ticket_vote_weighted,1.0,meaningful,-47.74818852585328,-47.74818852585328,-14.935627371305966,-23.481628855985996,-81.11201210405048,-14.384364947656074,-47.74818852585328,1,0.3333333333333333,-15.916062841951092
1994,house,80,D,5101.0,Vance,alabama_sos,ALPERSON-VANCE,AL-1994-house-80-D-VANCE,0,1,VANCE,False,UNRESOLVED-AL-1994-house-80-D-VANCE,surname_only_unresolved_race_specific,28.320652766201654,28.320652766201654,9.956833719673886,24.37696919266019,9.373037711468342,47.268267820934966,state_ticket_vote_weighted,1.0,meaningful,28.320652766201654,28.320652766201654,9.956833719673886,24.37696919266019,9.373037711468342,47.268267820934966,28.320652766201654,1,0.3333333333333333,9.440217588733884
1994,house,80,R,3082.0,Mccraine,alabama_sos,ALPERSON-MCCRAINE,AL-1994-house-80-R-MCCRAINE,0,0,MCCRAINE,False,UNRESOLVED-AL-1994-house-80-R-MCCRAINE,surname_only_unresolved_race_specific,28.320652766201654,28.320652766201654,9.956833719673886,24.37696919266019,9.373037711468342,47.268267820934966,state_ticket_vote_weighted,1.0,meaningful,-28.320652766201654,-28.320652766201654,-9.956833719673886,-24.37696919266019,-47.268267820934966,-9.373037711468342,-28.320652766201654,1,0.3333333333333333,-9.440217588733884
1994,house,85,D,3526.0,Baker,alabama_sos,ALPERSON-BAKER,AL-1994-house-85-D-BAKER,0,1,BAKER,False,UNRESOLVED-AL-1994-house-85-D-BAKER,surname_only_unresolved_race_specific,23.567108066709697,23.567108066709697,48.26542180912033,42.240874746000216,-1.6731901137558118,48.80740624717521,state_ticket_vote_weighted,1.0,meaningful,23.567108066709697,23.567108066709697,48.26542180912033,42.240874746000216,-1.6731901137558118,48.80740624717521,23.567108066709697,1,0.3333333333333333,7.855702688903232
1994,house,85,R,1843.0,Raley,alabama_sos,ALPERSON-RALEY,AL-1994-house-85-R-RALEY,0,0,RALEY,False,UNRESOLVED-AL-1994-house-85-R-RALEY,surname_only_unresolved_race_specific,23.567108066709697,23.567108066709697,48.26542180912033,42.240874746000216,-1.6731901137558118,48.80740624717521,state_ticket_vote_weighted,1.0,meaningful,-23.567108066709697,-23.567108066709697,-48.26542180912033,-42.240874746000216,-48.80740624717521,1.6731901137558118,-23.567108066709697,1,0.3333333333333333,-7.855702688903232
1994,house,86,D,5368.0,Carothers,alabama_sos,ALPERSON-CAROTHERS,AL-1994-house-86-D-CAROTHERS,0,1,CAROTHERS,False,UNRESOLVED-AL-1994-house-86-D-CAROTHERS,surname_only_unresolved_race_specific,44.980651535416186,44.980651535416186,64.87355108665291,53.54380513160292,25.42286647110479,64.53843659972759,state_ticket_vote_weighted,1.0,meaningful,44.980651535416186,44.980651535416186,64.87355108665291,53.54380513160292,25.42286647110479,64.53843659972759,44.980651535416186,1,0.3333333333333333,14.993550511805395
1994,house,86,R,3997.0,Shuemake,alabama_sos,ALPERSON-SHUEMAKE,AL-1994-house-86-R-SHUEMAKE,0,0,SHUEMAKE,False,UNRESOLVED-AL-1994-house-86-R-SHUEMAKE,surname_only_unresolved_race_specific,44.980651535416186,44.980651535416186,64.87355108665291,53.54380513160292,25.42286647110479,64.53843659972759,state_ticket_vote_weighted,1.0,meaningful,-44.980651535416186,-44.980651535416186,-64.87355108665291,-53.54380513160292,-64.53843659972759,-25.42286647110479,-44.980651535416186,1,0.3333333333333333,-14.993550511805395
1994,house,87,D,4277.0,Mathis,alabama_sos,ALPERSON-MATHIS,AL-1994-house-87-D-MATHIS,0,0,MATHIS,False,UNRESOLVED-AL-1994-house-87-D-MATHIS,surname_only_unresolved_race_specific,-1.1765547249523358,-1.1765547249523358,27.254983772814423,-9.566205977293734,-39.001157950833786,36.64804850092911,state_ticket_vote_weighted,1.0,meaningful,-1.1765547249523358,-1.1765547249523358,27.254983772814423,-9.566205977293734,-39.001157950833786,36.64804850092911,-1.1765547249523358,1,0.3333333333333333,-0.39218490831744524
1994,house,87,R,7974.0,Seibenhener,alabama_sos,ALPERSON-SEIBENHENER,AL-1994-house-87-R-SEIBENHENER,0,1,SEIBENHENER,False,UNRESOLVED-AL-1994-house-87-R-SEIBENHENER,surname_only_unresolved_race_specific,-1.1765547249523358,-1.1765547249523358,27.254983772814423,-9.566205977293734,-39.001157950833786,36.64804850092911,state_ticket_vote_weighted,1.0,meaningful,1.1765547249523358,1.1765547249523358,-27.254983772814423,9.566205977293734,-36.64804850092911,39.001157950833786,1.1765547249523358,1,0.3333333333333333,0.39218490831744524
1994,house,88,D,6575.0,Gipson,alabama_sos,ALPERSON-GIPSON,AL-1994-house-88-D-GIPSON,0,1,GIPSON,False,UNRESOLVED-AL-1994-house-88-D-GIPSON,surname_only_unresolved_race_specific,45.85289370786102,45.85289370786102,61.32665752547039,32.990790516647785,18.0444556080931,73.66133180762894,state_ticket_vote_weighted,1.0,meaningful,45.85289370786102,45.85289370786102,61.32665752547039,32.990790516647785,18.0444556080931,73.66133180762894,45.85289370786102,1,0.3333333333333333,15.28429790262034
1994,house,88,R,6090.0,Templenton,alabama_sos,ALPERSON-TEMPLENTON,AL-1994-house-88-R-TEMPLENTON,0,0,TEMPLENTON,False,UNRESOLVED-AL-1994-house-88-R-TEMPLENTON,surname_only_unresolved_race_specific,45.85289370786102,45.85289370786102,61.32665752547039,32.990790516647785,18.0444556080931,73.66133180762894,state_ticket_vote_weighted,1.0,meaningful,-45.85289370786102,-45.85289370786102,-61.32665752547039,-32.990790516647785,-73.66133180762894,-18.0444556080931,-45.85289370786102,1,0.3333333333333333,-15.28429790262034
1994,house,93,D,3397.0,Williams,alabama_sos,ALPERSON-WILLIAMS,AL-1994-house-93-D-WILLIAMS,0,0,WILLIAMS,True,UNRESOLVED-AL-1994-house-93-D-WILLIAMS,surname_only_unresolved_race_specific,2.7959485238223785,2.7959485238223785,26.42786417880519,1.0627877277462687,-24.97869212915148,30.570589176796236,state_ticket_vote_weighted,1.0,meaningful,2.7959485238223785,2.7959485238223785,26.42786417880519,1.0627877277462687,-24.97869212915148,30.570589176796236,2.7959485238223785,1,0.3333333333333333,0.9319828412741261
1994,house,93,R,6184.0,Clouse,alabama_sos,ALPERSON-CLOUSE,AL-1994-house-93-R-CLOUSE,0,1,CLOUSE,False,UNRESOLVED-AL-1994-house-93-R-CLOUSE,surname_only_unresolved_race_specific,2.7959485238223785,2.7959485238223785,26.42786417880519,1.0627877277462687,-24.97869212915148,30.570589176796236,state_ticket_vote_weighted,1.0,meaningful,-2.7959485238223785,-2.7959485238223785,-26.42786417880519,-1.0627877277462687,-30.570589176796236,24.97869212915148,-2.7959485238223785,1,0.3333333333333333,-0.9319828412741261
1994,house,95,D,3908.0,Mcnair,alabama_sos,ALPERSON-MCNAIR,AL-1994-house-95-D-MCNAIR,0,0,MCNAIR,False,UNRESOLVED-AL-1994-house-95-D-MCNAIR,surname_only_unresolved_race_specific,1.695130637131328,1.695130637131328,,-2.4453395106136284,-4.043268219659685,7.433529493922341,state_ticket_vote_weighted,1.0,meaningful,1.695130637131328,1.695130637131328,,-2.4453395106136284,-4.043268219659685,7.433529493922341,1.695130637131328,1,0.3333333333333333,0.5650435457104426
1994,house,95,R,8801.0,Mcmillan,alabama_sos,ALPERSON-MCMILLAN,AL-1994-house-95-R-MCMILLAN,0,1,MCMILLAN,False,UNRESOLVED-AL-1994-house-95-R-MCMILLAN,surname_only_unresolved_race_specific,1.695130637131328,1.695130637131328,,-2.4453395106136284,-4.043268219659685,7.433529493922341,state_ticket_vote_weighted,1.0,meaningful,-1.695130637131328,-1.695130637131328,,2.4453395106136284,-7.433529493922341,4.043268219659685,-1.695130637131328,1,0.3333333333333333,-0.5650435457104426
1994,house,96,D,5676.0,Box,alabama_sos,ALPERSON-BOX,AL-1994-house-96-D-BOX,0,1,BOX,False,UNRESOLVED-AL-1994-house-96-D-BOX,surname_only_unresolved_race_specific,29.990356644839583,29.990356644839583,,34.862741037909544,23.237576396860533,36.74313689281863,state_ticket_vote_weighted,1.0,meaningful,29.990356644839583,29.990356644839583,,34.862741037909544,23.237576396860533,36.74313689281863,29.990356644839583,1,0.3333333333333333,9.99678554827986
1994,house,96,R,3959.0,Long,alabama_sos,ALPERSON-LONG,AL-1994-house-96-R-LONG,0,0,LONG,False,UNRESOLVED-AL-1994-house-96-R-LONG,surname_only_unresolved_race_specific,29.990356644839583,29.990356644839583,,34.862741037909544,23.237576396860533,36.74313689281863,state_ticket_vote_weighted,1.0,meaningful,-29.990356644839583,-29.990356644839583,,-34.862741037909544,-36.74313689281863,-23.237576396860533,-29.990356644839583,1,0.3333333333333333,-9.99678554827986
1994,house,97,D,4609.0,Kennedy,alabama_sos,ALPERSON-KENNEDY,AL-1994-house-97-D-KENNEDY,0,1,KENNEDY,False,UNRESOLVED-AL-1994-house-97-D-KENNEDY,surname_only_unresolved_race_specific,1.5120163558466402,1.5120163558466402,,,-0.4879836441533598,3.51201635584664,state_ticket_vote_weighted,1.0,meaningful,1.5120163558466402,1.5120163558466402,,,-0.4879836441533598,3.51201635584664,1.5120163558466402,1,0.3333333333333333,0.50400545194888
1994,house,97,R,2320.0,Baumhauer,alabama_sos,ALPERSON-BAUMHAUER,AL-1994-house-97-R-BAUMHAUER,0,0,BAUMHAUER,False,UNRESOLVED-AL-1994-house-97-R-BAUMHAUER,surname_only_unresolved_race_specific,1.5120163558466402,1.5120163558466402,,,-0.4879836441533598,3.51201635584664,state_ticket_vote_weighted,1.0,meaningful,-1.5120163558466402,-1.5120163558466402,,,-3.51201635584664,0.4879836441533598,-1.5120163558466402,1,0.3333333333333333,-0.50400545194888
1994,house,103,D,4915.0,Mitchell,alabama_sos,ALPERSON-MITCHELL,AL-1994-house-103-D-MITCHELL,0,1,MITCHELL,True,UNRESOLVED-AL-1994-house-103-D-MITCHELL,surname_only_unresolved_race_specific,20.903340351793474,20.903340351793474,,68.21606713975068,-44.668753546660795,86.47543425024774,state_ticket_vote_weighted,1.0,meaningful,20.903340351793474,20.903340351793474,,68.21606713975068,-44.668753546660795,86.47543425024774,20.903340351793474,1,0.3333333333333333,6.967780117264491
1994,house,103,R,1227.0,Gardner,alabama_sos,ALPERSON-GARDNER,AL-1994-house-103-R-GARDNER,0,0,GARDNER,False,UNRESOLVED-AL-1994-house-103-R-GARDNER,surname_only_unresolved_race_specific,20.903340351793474,20.903340351793474,,68.21606713975068,-44.668753546660795,86.47543425024774,state_ticket_vote_weighted,1.0,meaningful,-20.903340351793474,-20.903340351793474,,-68.21606713975068,-86.47543425024774,44.668753546660795,-20.903340351793474,1,0.3333333333333333,-6.967780117264491
1994,house,104,D,4301.0,Rockhold,alabama_sos,ALPERSON-ROCKHOLD,AL-1994-house-104-D-ROCKHOLD,0,0,ROCKHOLD,False,UNRESOLVED-AL-1994-house-104-D-ROCKHOLD,surname_only_unresolved_race_specific,13.042714218956423,13.042714218956423,,5.9180891878216535,3.1684877000198703,22.916940737892975,state_ticket_vote_weighted,1.0,meaningful,13.042714218956423,13.042714218956423,,5.9180891878216535,3.1684877000198703,22.916940737892975,13.042714218956423,1,0.3333333333333333,4.347571406318807
1994,house,104,R,6278.0,Dean,alabama_sos,ALPERSON-DEAN,AL-1994-house-104-R-DEAN,0,1,DEAN,False,UNRESOLVED-AL-1994-house-104-R-DEAN,surname_only_unresolved_race_specific,13.042714218956423,13.042714218956423,,5.9180891878216535,3.1684877000198703,22.916940737892975,state_ticket_vote_weighted,1.0,meaningful,-13.042714218956423,-13.042714218956423,,-5.9180891878216535,-22.916940737892975,-3.1684877000198703,-13.042714218956423,1,0.3333333333333333,-4.347571406318807
1994,house,105,D,3940.0,Harper,alabama_sos,ALPERSON-HARPER,AL-1994-house-105-D-HARPER,0,0,HARPER,True,UNRESOLVED-AL-1994-house-105-D-HARPER,surname_only_unresolved_race_specific,12.8900154116793,12.8900154116793,,12.525711877164508,10.8900154116793,14.8900154116793,state_ticket_vote_weighted,1.0,meaningful,12.8900154116793,12.8900154116793,,12.525711877164508,10.8900154116793,14.8900154116793,12.8900154116793,1,0.3333333333333333,4.2966718038930996
1994,house,105,R,4633.0,Crigler,alabama_sos,ALPERSON-CRIGLER,AL-1994-house-105-R-CRIGLER,0,1,CRIGLER,False,UNRESOLVED-AL-1994-house-105-R-CRIGLER,surname_only_unresolved_race_specific,12.8900154116793,12.8900154116793,,12.525711877164508,10.8900154116793,14.8900154116793,state_ticket_vote_weighted,1.0,meaningful,-12.8900154116793,-12.8900154116793,,-12.525711877164508,-14.8900154116793,-10.8900154116793,-12.8900154116793,1,0.3333333333333333,-4.2966718038930996
1994,senate,2,D,19699.0,Butler,alabama_sos,ALPERSON-BUTLER,AL-1994-senate-2-D-BUTLER,0,1,BUTLER,False,UNRESOLVED-AL-1994-senate-2-D-BUTLER,surname_only_unresolved_race_specific,26.89535010292629,26.89535010292629,15.184012227603857,21.871891114384162,15.379667624912956,38.411032580939626,state_ticket_vote_weighted,1.0,meaningful,26.89535010292629,26.89535010292629,15.184012227603857,21.871891114384162,15.379667624912956,38.411032580939626,26.89535010292629,1,0.3333333333333333,8.965116700975429
1994,senate,2,R,18048.0,Manley,alabama_sos,ALPERSON-MANLEY,AL-1994-senate-2-R-MANLEY,0,0,MANLEY,False,UNRESOLVED-AL-1994-senate-2-R-MANLEY,surname_only_unresolved_race_specific,26.89535010292629,26.89535010292629,15.184012227603857,21.871891114384162,15.379667624912956,38.411032580939626,state_ticket_vote_weighted,1.0,meaningful,-26.89535010292629,-26.89535010292629,-15.184012227603857,-21.871891114384162,-38.411032580939626,-15.379667624912956,-26.89535010292629,1,0.3333333333333333,-8.965116700975429
1994,senate,3,D,21471.0,Roberts,alabama_sos,ALPERSON-ROBERTS,AL-1994-senate-3-D-ROBERTS,0,1,ROBERTS,False,UNRESOLVED-AL-1994-senate-3-D-ROBERTS,surname_only_unresolved_race_specific,32.0663567781298,32.0663567781298,23.38510232299137,23.224245254337625,22.15032599620244,41.98238756005716,state_ticket_vote_weighted,1.0,meaningful,32.0663567781298,32.0663567781298,23.38510232299137,23.224245254337625,22.15032599620244,41.98238756005716,32.0663567781298,1,0.3333333333333333,10.688785592709934
1994,senate,3,R,15057.0,Gentry,alabama_sos,ALPERSON-GENTRY,AL-1994-senate-3-R-GENTRY,0,0,GENTRY,False,UNRESOLVED-AL-1994-senate-3-R-GENTRY,surname_only_unresolved_race_specific,32.0663567781298,32.0663567781298,23.38510232299137,23.224245254337625,22.15032599620244,41.98238756005716,state_ticket_vote_weighted,1.0,meaningful,-32.0663567781298,-32.0663567781298,-23.38510232299137,-23.224245254337625,-41.98238756005716,-22.15032599620244,-32.0663567781298,1,0.3333333333333333,-10.688785592709934
1994,senate,4,D,14928.0,Farrar,alabama_sos,ALPERSON-FARRAR,AL-1994-senate-4-D-FARRAR,0,0,FARRAR,False,UNRESOLVED-AL-1994-senate-4-D-FARRAR,surname_only_unresolved_race_specific,0.11507965249982988,0.11507965249982988,-9.035977518348568,-3.2343608289056647,-8.959648208695064,9.189807513694724,state_ticket_vote_weighted,1.0,meaningful,0.11507965249982988,0.11507965249982988,-9.035977518348568,-3.2343608289056647,-8.959648208695064,9.189807513694724,0.11507965249982988,1,0.3333333333333333,0.03835988416660996
1994,senate,4,R,23913.0,Hale,alabama_sos,ALPERSON-HALE,AL-1994-senate-4-R-HALE,0,1,HALE,False,UNRESOLVED-AL-1994-senate-4-R-HALE,surname_only_unresolved_race_specific,0.11507965249982988,0.11507965249982988,-9.035977518348568,-3.2343608289056647,-8.959648208695064,9.189807513694724,state_ticket_vote_weighted,1.0,meaningful,-0.11507965249982988,-0.11507965249982988,9.035977518348568,3.2343608289056647,-9.189807513694724,8.959648208695064,-0.11507965249982988,1,0.3333333333333333,-0.03835988416660996
1994,senate,5,D,18093.0,Wilson,alabama_sos,ALPERSON-WILSON,AL-1994-senate-5-D-WILSON,0,0,WILSON,False,UNRESOLVED-AL-1994-senate-5-D-WILSON,surname_only_unresolved_race_specific,10.296219436046483,10.296219436046483,53.86475474815955,0.8171763612429146,-45.1531649406371,65.74560381273007,state_ticket_vote_weighted,1.0,meaningful,10.296219436046483,10.296219436046483,53.86475474815955,0.8171763612429146,-45.1531649406371,65.74560381273007,10.296219436046483,1,0.3333333333333333,3.4320731453488276
1994,senate,5,R,19097.0,Davidson,alabama_sos,ALPERSON-DAVIDSON,AL-1994-senate-5-R-DAVIDSON,0,1,DAVIDSON,False,UNRESOLVED-AL-1994-senate-5-R-DAVIDSON,surname_only_unresolved_race_specific,10.296219436046483,10.296219436046483,53.86475474815955,0.8171763612429146,-45.1531649406371,65.74560381273007,state_ticket_vote_weighted,1.0,meaningful,-10.296219436046483,-10.296219436046483,-53.86475474815955,-0.8171763612429146,-65.74560381273007,45.1531649406371,-10.296219436046483,1,0.3333333333333333,-3.4320731453488276
1994,senate,7,D,18354.0,Freeman,alabama_sos,ALPERSON-FREEMAN,AL-1994-senate-7-D-FREEMAN,0,1,FREEMAN,False,UNRESOLVED-AL-1994-senate-7-D-FREEMAN,surname_only_unresolved_race_specific,5.950248469703601,5.950248469703601,-11.505939750106906,6.975543519036498,-14.408214086497887,26.30871102590509,state_ticket_vote_weighted,1.0,meaningful,5.950248469703601,5.950248469703601,-11.505939750106906,6.975543519036498,-14.408214086497887,26.30871102590509,5.950248469703601,1,0.3333333333333333,1.9834161565678667
1994,senate,7,R,17220.0,Tondera,alabama_sos,ALPERSON-TONDERA,AL-1994-senate-7-R-TONDERA,0,0,TONDERA,False,UNRESOLVED-AL-1994-senate-7-R-TONDERA,surname_only_unresolved_race_specific,5.950248469703601,5.950248469703601,-11.505939750106906,6.975543519036498,-14.408214086497887,26.30871102590509,state_ticket_vote_weighted,1.0,meaningful,-5.950248469703601,-5.950248469703601,11.505939750106906,-6.975543519036498,-26.30871102590509,14.408214086497887,-5.950248469703601,1,0.3333333333333333,-1.9834161565678667
1994,senate,9,D,18740.0,Mitchem,alabama_sos,ALPERSON-MITCHEM,AL-1994-senate-9-D-MITCHEM,0,1,MITCHEM,False,UNRESOLVED-AL-1994-senate-9-D-MITCHEM,surname_only_unresolved_race_specific,23.797261819569293,23.797261819569293,,28.66119675900864,17.056191916870922,30.538331722267664,state_ticket_vote_weighted,1.0,meaningful,23.797261819569293,23.797261819569293,,28.66119675900864,17.056191916870922,30.538331722267664,23.797261819569293,1,0.3333333333333333,7.932420606523097
1994,senate,9,R,13914.0,Good,alabama_sos,ALPERSON-GOOD,AL-1994-senate-9-R-GOOD,0,0,GOOD,False,UNRESOLVED-AL-1994-senate-9-R-GOOD,surname_only_unresolved_race_specific,23.797261819569293,23.797261819569293,,28.66119675900864,17.056191916870922,30.538331722267664,state_ticket_vote_weighted,1.0,meaningful,-23.797261819569293,-23.797261819569293,,-28.66119675900864,-30.538331722267664,-17.056191916870922,-23.797261819569293,1,0.3333333333333333,-7.932420606523097
1994,senate,10,D,15257.0,Floyd,alabama_sos,ALPERSON-FLOYD,AL-1994-senate-10-D-FLOYD,0,0,FLOYD,False,UNRESOLVED-AL-1994-senate-10-D-FLOYD,surname_only_unresolved_race_specific,-18.619937434527543,-18.619937434527543,-28.65844819421558,-6.6865936023841614,-40.179028502386956,2.9391536333318697,state_ticket_vote_weighted,1.0,meaningful,-18.619937434527543,-18.619937434527543,-28.65844819421558,-6.6865936023841614,-40.179028502386956,2.9391536333318697,-18.619937434527543,1,0.3333333333333333,-6.206645811509181
1994,senate,10,R,19806.0,Smith,alabama_sos,ALPERSON-SMITH,AL-1994-senate-10-R-SMITH,0,1,SMITH,True,UNRESOLVED-AL-1994-senate-10-R-SMITH,surname_only_unresolved_race_specific,-18.619937434527543,-18.619937434527543,-28.65844819421558,-6.6865936023841614,-40.179028502386956,2.9391536333318697,state_ticket_vote_weighted,1.0,meaningful,18.619937434527543,18.619937434527543,28.65844819421558,6.6865936023841614,-2.9391536333318697,40.179028502386956,18.619937434527543,1,0.3333333333333333,6.206645811509181
1994,senate,12,D,15147.0,Ghee,alabama_sos,ALPERSON-GHEE,AL-1994-senate-12-D-GHEE,0,1,GHEE,False,UNRESOLVED-AL-1994-senate-12-D-GHEE,surname_only_unresolved_race_specific,12.881062674480555,12.881062674480555,-27.474080995051267,25.95806199269031,-41.70965493912785,67.47178028808896,state_ticket_vote_weighted,1.0,meaningful,12.881062674480555,12.881062674480555,-27.474080995051267,25.95806199269031,-41.70965493912785,67.47178028808896,12.881062674480555,1,0.3333333333333333,4.293687558160185
1994,senate,12,R,11262.0,James,alabama_sos,ALPERSON-JAMES,AL-1994-senate-12-R-JAMES,0,0,JAMES,False,UNRESOLVED-AL-1994-senate-12-R-JAMES,surname_only_unresolved_race_specific,12.881062674480555,12.881062674480555,-27.474080995051267,25.95806199269031,-41.70965493912785,67.47178028808896,state_ticket_vote_weighted,1.0,meaningful,-12.881062674480555,-12.881062674480555,27.474080995051267,-25.95806199269031,-67.47178028808896,41.70965493912785,-12.881062674480555,1,0.3333333333333333,-4.293687558160185
1994,senate,14,D,14045.0,Owens,alabama_sos,ALPERSON-OWENS,AL-1994-senate-14-D-OWENS,0,0,OWENS,False,UNRESOLVED-AL-1994-senate-14-D-OWENS,surname_only_unresolved_race_specific,-1.17453664164929,-1.17453664164929,1.9899639962084805,5.821356278836028,-8.040887315780433,5.691814032481853,state_ticket_vote_weighted,1.0,meaningful,-1.17453664164929,-1.17453664164929,1.9899639962084805,5.821356278836028,-8.040887315780433,5.691814032481853,-1.17453664164929,1,0.3333333333333333,-0.39151221388309665
1994,senate,14,R,25477.0,Armistead,alabama_sos,ALPERSON-ARMISTEAD,AL-1994-senate-14-R-ARMISTEAD,0,1,ARMISTEAD,False,UNRESOLVED-AL-1994-senate-14-R-ARMISTEAD,surname_only_unresolved_race_specific,-1.17453664164929,-1.17453664164929,1.9899639962084805,5.821356278836028,-8.040887315780433,5.691814032481853,state_ticket_vote_weighted,1.0,meaningful,1.17453664164929,1.17453664164929,-1.9899639962084805,-5.821356278836028,-5.691814032481853,8.040887315780433,1.17453664164929,1,0.3333333333333333,0.39151221388309665
1994,senate,18,D,19558.0,Smitherman,alabama_sos,ALPERSON-SMITHERMAN,AL-1994-senate-18-D-SMITHERMAN,0,1,SMITHERMAN,False,UNRESOLVED-AL-1994-senate-18-D-SMITHERMAN,surname_only_unresolved_race_specific,1.6800324015991137,1.6800324015991137,9.126935843915646,34.52043219682959,-32.067444366353484,35.42750916955171,state_ticket_vote_weighted,1.0,meaningful,1.6800324015991137,1.6800324015991137,9.126935843915646,34.52043219682959,-32.067444366353484,35.42750916955171,1.6800324015991137,1,0.3333333333333333,0.5600108005330379
1994,senate,18,R,6649.0,Horn,alabama_sos,ALPERSON-HORN,AL-1994-senate-18-R-HORN,0,0,HORN,False,UNRESOLVED-AL-1994-senate-18-R-HORN,surname_only_unresolved_race_specific,1.6800324015991137,1.6800324015991137,9.126935843915646,34.52043219682959,-32.067444366353484,35.42750916955171,state_ticket_vote_weighted,1.0,meaningful,-1.6800324015991137,-1.6800324015991137,-9.126935843915646,-34.52043219682959,-35.42750916955171,32.067444366353484,-1.6800324015991137,1,0.3333333333333333,-0.5600108005330379
1994,senate,22,D,20039.0,Lindsey,alabama_sos,ALPERSON-LINDSEY,AL-1994-senate-22-D-LINDSEY,0,1,LINDSEY,True,UNRESOLVED-AL-1994-senate-22-D-LINDSEY,surname_only_unresolved_race_specific,22.74771515208804,22.74771515208804,22.866132271095154,29.707933857565898,14.937624801882693,30.55780550229339,state_ticket_vote_weighted,1.0,meaningful,22.74771515208804,22.74771515208804,22.866132271095154,29.707933857565898,14.937624801882693,30.55780550229339,22.74771515208804,1,0.3333333333333333,7.58257171736268
1994,senate,22,R,12502.0,Hughes,alabama_sos,ALPERSON-HUGHES,AL-1994-senate-22-R-HUGHES,0,0,HUGHES,False,UNRESOLVED-AL-1994-senate-22-R-HUGHES,surname_only_unresolved_race_specific,22.74771515208804,22.74771515208804,22.866132271095154,29.707933857565898,14.937624801882693,30.55780550229339,state_ticket_vote_weighted,1.0,meaningful,-22.74771515208804,-22.74771515208804,-22.866132271095154,-29.707933857565898,-30.55780550229339,-14.937624801882693,-22.74771515208804,1,0.3333333333333333,-7.58257171736268
1994,senate,23,D,16678.0,Sanders,alabama_sos,ALPERSON-SANDERS,AL-1994-senate-23-D-SANDERS,0,1,SANDERS,False,UNRESOLVED-AL-1994-senate-23-D-SANDERS,surname_only_unresolved_race_specific,52.888613014361184,52.888613014361184,39.507023875289796,56.05194503232793,35.67464937814669,70.10257665057568,state_ticket_vote_weighted,1.0,meaningful,52.888613014361184,52.888613014361184,39.507023875289796,56.05194503232793,35.67464937814669,70.10257665057568,52.888613014361184,1,0.3333333333333333,17.629537671453726
1994,senate,23,R,2201.0,Curl,alabama_sos,ALPERSON-CURL,AL-1994-senate-23-R-CURL,0,0,CURL,False,UNRESOLVED-AL-1994-senate-23-R-CURL,surname_only_unresolved_race_specific,52.888613014361184,52.888613014361184,39.507023875289796,56.05194503232793,35.67464937814669,70.10257665057568,state_ticket_vote_weighted,1.0,meaningful,-52.888613014361184,-52.888613014361184,-39.507023875289796,-56.05194503232793,-70.10257665057568,-35.67464937814669,-52.888613014361184,1,0.3333333333333333,-17.629537671453726
1994,senate,25,D,29440.0,Anderson,alabama_sos,ALPERSON-ANDERSON,AL-1994-senate-25-D-ANDERSON,0,1,ANDERSON,True,UNRESOLVED-AL-1994-senate-25-D-ANDERSON,surname_only_unresolved_race_specific,122.07487594045242,122.07487594045242,134.8873834175745,100.85111582339013,88.38153288559911,155.76821899530572,state_ticket_vote_weighted,1.0,meaningful,122.07487594045242,122.07487594045242,134.8873834175745,100.85111582339013,88.38153288559911,155.76821899530572,122.07487594045242,1,0.3333333333333333,40.69162531348414
1994,senate,25,R,4578.0,Dixon,alabama_sos,ALPERSON-DIXON,AL-1994-senate-25-R-DIXON,0,0,DIXON,False,UNRESOLVED-AL-1994-senate-25-R-DIXON,surname_only_unresolved_race_specific,122.07487594045242,122.07487594045242,134.8873834175745,100.85111582339013,88.38153288559911,155.76821899530572,state_ticket_vote_weighted,1.0,meaningful,-122.07487594045242,-122.07487594045242,-134.8873834175745,-100.85111582339013,-155.76821899530572,-88.38153288559911,-122.07487594045242,1,0.3333333333333333,-40.69162531348414
1994,senate,27,D,19908.0,Little,alabama_sos,ALPERSON-LITTLE,AL-1994-senate-27-D-LITTLE,0,1,LITTLE,True,UNRESOLVED-AL-1994-senate-27-D-LITTLE,surname_only_unresolved_race_specific,48.225798667138235,48.225798667138235,15.30292154142452,37.67556128718002,15.275266801971185,81.17633053230529,state_ticket_vote_weighted,1.0,meaningful,48.225798667138235,48.225798667138235,15.30292154142452,37.67556128718002,15.275266801971185,81.17633053230529,48.225798667138235,1,0.3333333333333333,16.075266222379412
1994,senate,27,R,10942.0,Ponder,alabama_sos,ALPERSON-PONDER,AL-1994-senate-27-R-PONDER,0,0,PONDER,False,UNRESOLVED-AL-1994-senate-27-R-PONDER,surname_only_unresolved_race_specific,48.225798667138235,48.225798667138235,15.30292154142452,37.67556128718002,15.275266801971185,81.17633053230529,state_ticket_vote_weighted,1.0,meaningful,-48.225798667138235,-48.225798667138235,-15.30292154142452,-37.67556128718002,-81.17633053230529,-15.275266801971185,-48.225798667138235,1,0.3333333333333333,-16.075266222379412
1994,senate,28,D,17991.0,Clay,alabama_sos,ALPERSON-CLAY,AL-1994-senate-28-D-CLAY,0,1,CLAY,False,UNRESOLVED-AL-1994-senate-28-D-CLAY,surname_only_unresolved_race_specific,24.517489633384912,24.517489633384912,31.919693821562923,21.13831384302076,13.709325881013248,35.325653385756574,state_ticket_vote_weighted,1.0,meaningful,24.517489633384912,24.517489633384912,31.919693821562923,21.13831384302076,13.709325881013248,35.325653385756574,24.517489633384912,1,0.3333333333333333,8.172496544461637
1994,senate,28,R,5583.0,Settler,alabama_sos,ALPERSON-SETTLER,AL-1994-senate-28-R-SETTLER,0,0,SETTLER,False,UNRESOLVED-AL-1994-senate-28-R-SETTLER,surname_only_unresolved_race_specific,24.517489633384912,24.517489633384912,31.919693821562923,21.13831384302076,13.709325881013248,35.325653385756574,state_ticket_vote_weighted,1.0,meaningful,-24.517489633384912,-24.517489633384912,-31.919693821562923,-21.13831384302076,-35.325653385756574,-13.709325881013248,-24.517489633384912,1,0.3333333333333333,-8.172496544461637
1994,senate,32,D,11453.0,Koontz,alabama_sos,ALPERSON-KOONTZ,AL-1994-senate-32-D-KOONTZ,0,0,KOONTZ,False,UNRESOLVED-AL-1994-senate-32-D-KOONTZ,surname_only_unresolved_race_specific,-4.705837218714834,-4.705837218714834,,-10.884161150049515,-13.268557325214044,3.8568828877843764,state_ticket_vote_weighted,1.0,meaningful,-4.705837218714834,-4.705837218714834,,-10.884161150049515,-13.268557325214044,3.8568828877843764,-4.705837218714834,1,0.3333333333333333,-1.5686124062382778
1994,senate,32,R,25770.0,Lipsocomb,alabama_sos,ALPERSON-LIPSOCOMB,AL-1994-senate-32-R-LIPSOCOMB,0,1,LIPSOCOMB,False,UNRESOLVED-AL-1994-senate-32-R-LIPSOCOMB,surname_only_unresolved_race_specific,-4.705837218714834,-4.705837218714834,,-10.884161150049515,-13.268557325214044,3.8568828877843764,state_ticket_vote_weighted,1.0,meaningful,4.705837218714834,4.705837218714834,,10.884161150049515,-3.8568828877843764,13.268557325214044,4.705837218714834,1,0.3333333333333333,1.5686124062382778
1994,senate,34,D,7326.0,Sullivan,alabama_sos,ALPERSON-SULLIVAN,AL-1994-senate-34-D-SULLIVAN,0,0,SULLIVAN,False,UNRESOLVED-AL-1994-senate-34-D-SULLIVAN,surname_only_unresolved_race_specific,-16.398017797055005,-16.398017797055005,,-32.06873621097627,-38.11652545989031,5.320489865780299,state_ticket_vote_weighted,1.0,meaningful,-16.398017797055005,-16.398017797055005,,-32.06873621097627,-38.11652545989031,5.320489865780299,-16.398017797055005,1,0.3333333333333333,-5.466005932351668
1994,senate,34,R,26449.0,Myers,alabama_sos,ALPERSON-MYERS,AL-1994-senate-34-R-MYERS,0,1,MYERS,False,UNRESOLVED-AL-1994-senate-34-R-MYERS,surname_only_unresolved_race_specific,-16.398017797055005,-16.398017797055005,,-32.06873621097627,-38.11652545989031,5.320489865780299,state_ticket_vote_weighted,1.0,meaningful,16.398017797055005,16.398017797055005,,32.06873621097627,-5.320489865780299,38.11652545989031,16.398017797055005,1,0.3333333333333333,5.466005932351668
1994,senate,35,D,14727.0,Windom,alabama_sos,ALPERSON-WINDOM,AL-1994-senate-35-D-WINDOM,0,1,WINDOM,False,UNRESOLVED-AL-1994-senate-35-D-WINDOM,surname_only_unresolved_race_specific,23.9138607019014,23.9138607019014,,33.24212871552429,10.98554082635111,36.842180577451686,state_ticket_vote_weighted,1.0,meaningful,23.9138607019014,23.9138607019014,,33.24212871552429,10.98554082635111,36.842180577451686,23.9138607019014,1,0.3333333333333333,7.9712869006338
1994,senate,35,R,10922.0,Hebert,alabama_sos,ALPERSON-HEBERT,AL-1994-senate-35-R-HEBERT,0,0,HEBERT,False,UNRESOLVED-AL-1994-senate-35-R-HEBERT,surname_only_unresolved_race_specific,23.9138607019014,23.9138607019014,,33.24212871552429,10.98554082635111,36.842180577451686,state_ticket_vote_weighted,1.0,meaningful,-23.9138607019014,-23.9138607019014,,-33.24212871552429,-36.842180577451686,-10.98554082635111,-23.9138607019014,1,0.3333333333333333,-7.9712869006338
1998,house,1,D,7569.0,Starkey,alabama_sos,ALPERSON-STARKEY,AL-1998-house-1-D-STARKEY,0,1,STARKEY,False,UNRESOLVED-AL-1998-house-1-D-STARKEY,surname_only_unresolved_race_specific,11.680912092725421,11.680912092725421,10.885087497657482,23.16285783731873,-1.7850168102470185,25.14684099569786,state_ticket_vote_weighted,1.0,meaningful,11.680912092725421,11.680912092725421,10.885087497657482,23.16285783731873,-1.7850168102470185,25.14684099569786,11.680912092725421,1,0.3333333333333333,3.893637364241807
1998,house,1,R,5011.0,Beer,alabama_sos,ALPERSON-BEER,AL-1998-house-1-R-BEER,0,0,BEER,False,UNRESOLVED-AL-1998-house-1-R-BEER,surname_only_unresolved_race_specific,11.680912092725421,11.680912092725421,10.885087497657482,23.16285783731873,-1.7850168102470185,25.14684099569786,state_ticket_vote_weighted,1.0,meaningful,-11.680912092725421,-11.680912092725421,-10.885087497657482,-23.16285783731873,-25.14684099569786,1.7850168102470185,-11.680912092725421,1,0.3333333333333333,-3.893637364241807
1998,house,2,D,8178.0,Hamilton,alabama_sos,ALPERSON-HAMILTON,AL-1998-house-2-D-HAMILTON,0,1,HAMILTON,False,UNRESOLVED-AL-1998-house-2-D-HAMILTON,surname_only_unresolved_race_specific,24.966292487898016,24.966292487898016,21.779726640213582,32.8169480974968,13.832547814325526,36.10003716147051,state_ticket_vote_weighted,1.0,meaningful,24.966292487898016,24.966292487898016,21.779726640213582,32.8169480974968,13.832547814325526,36.10003716147051,24.966292487898016,1,0.3333333333333333,8.322097495966005
1998,house,2,R,4161.0,Tatum,alabama_sos,ALPERSON-TATUM,AL-1998-house-2-R-TATUM,0,0,TATUM,False,UNRESOLVED-AL-1998-house-2-R-TATUM,surname_only_unresolved_race_specific,24.966292487898016,24.966292487898016,21.779726640213582,32.8169480974968,13.832547814325526,36.10003716147051,state_ticket_vote_weighted,1.0,meaningful,-24.966292487898016,-24.966292487898016,-21.779726640213582,-32.8169480974968,-36.10003716147051,-13.832547814325526,-24.966292487898016,1,0.3333333333333333,-8.322097495966005
1998,house,3,D,10007.0,Black,alabama_sos,ALPERSON-BLACK,AL-1998-house-3-D-BLACK,0,1,BLACK,True,UNRESOLVED-AL-1998-house-3-D-BLACK,surname_only_unresolved_race_specific,25.860735116801955,25.860735116801955,25.890369829159003,30.078414229671573,21.104618674548966,30.616851559054943,state_ticket_vote_weighted,0.9999916053468039,meaningful,25.860735116801955,25.860735116801955,25.890369829159003,30.078414229671573,21.104618674548966,30.616851559054943,25.860735116801955,1,0.3333333333333333,8.620245038933984
1998,house,3,R,3867.0,Smallwood,alabama_sos,ALPERSON-SMALLWOOD,AL-1998-house-3-R-SMALLWOOD,0,0,SMALLWOOD,False,UNRESOLVED-AL-1998-house-3-R-SMALLWOOD,surname_only_unresolved_race_specific,25.860735116801955,25.860735116801955,25.890369829159003,30.078414229671573,21.104618674548966,30.616851559054943,state_ticket_vote_weighted,0.9999916053468039,meaningful,-25.860735116801955,-25.860735116801955,-25.890369829159003,-30.078414229671573,-30.616851559054943,-21.104618674548966,-25.860735116801955,1,0.3333333333333333,-8.620245038933984
1998,house,4,D,9580.0,Mancuso,alabama_sos,ALPERSON-MANCUSO,AL-1998-house-4-D-MANCUSO,0,1,MANCUSO,False,UNRESOLVED-AL-1998-house-4-D-MANCUSO,surname_only_unresolved_race_specific,19.22848075389932,19.22848075389932,23.590646989384155,22.693427273989258,14.713430843750839,23.7435306640478,state_ticket_vote_weighted,1.0,meaningful,19.22848075389932,19.22848075389932,23.590646989384155,22.693427273989258,14.713430843750839,23.7435306640478,19.22848075389932,1,0.3333333333333333,6.409493584633106
1998,house,4,R,7067.0,Papucci,alabama_sos,ALPERSON-PAPUCCI,AL-1998-house-4-R-PAPUCCI,0,0,PAPUCCI,False,UNRESOLVED-AL-1998-house-4-R-PAPUCCI,surname_only_unresolved_race_specific,19.22848075389932,19.22848075389932,23.590646989384155,22.693427273989258,14.713430843750839,23.7435306640478,state_ticket_vote_weighted,1.0,meaningful,-19.22848075389932,-19.22848075389932,-23.590646989384155,-22.693427273989258,-23.7435306640478,-14.713430843750839,-19.22848075389932,1,0.3333333333333333,-6.409493584633106
1998,house,5,D,8603.0,Carter,alabama_sos,ALPERSON-CARTER,AL-1998-house-5-D-CARTER,0,1,CARTER,False,UNRESOLVED-AL-1998-house-5-D-CARTER,surname_only_unresolved_race_specific,23.298896006138786,23.298896006138786,29.591766645993502,40.2220125990595,6.533653114667288,40.064138897610285,state_ticket_vote_weighted,1.0,meaningful,23.298896006138786,23.298896006138786,29.591766645993502,40.2220125990595,6.533653114667288,40.064138897610285,23.298896006138786,1,0.3333333333333333,7.7662986687129285
1998,house,5,R,5573.0,Andrews,alabama_sos,ALPERSON-ANDREWS,AL-1998-house-5-R-ANDREWS,0,0,ANDREWS,False,UNRESOLVED-AL-1998-house-5-R-ANDREWS,surname_only_unresolved_race_specific,23.298896006138786,23.298896006138786,29.591766645993502,40.2220125990595,6.533653114667288,40.064138897610285,state_ticket_vote_weighted,1.0,meaningful,-23.298896006138786,-23.298896006138786,-29.591766645993502,-40.2220125990595,-40.064138897610285,-6.533653114667288,-23.298896006138786,1,0.3333333333333333,-7.7662986687129285
1998,house,6,D,7092.0,Schmitz,alabama_sos,ALPERSON-SCHMITZ,AL-1998-house-6-D-SCHMITZ,0,1,SCHMITZ,False,UNRESOLVED-AL-1998-house-6-D-SCHMITZ,surname_only_unresolved_race_specific,0.9480694952782571,0.9480694952782571,6.2986819675811665,12.630029758476041,-10.513691829053297,12.409830819609812,state_ticket_vote_weighted,1.0,meaningful,0.9480694952782571,0.9480694952782571,6.2986819675811665,12.630029758476041,-10.513691829053297,12.409830819609812,0.9480694952782571,1,0.3333333333333333,0.31602316509275236
1998,house,6,R,6919.0,Jorgensen,alabama_sos,ALPERSON-JORGENSEN,AL-1998-house-6-R-JORGENSEN,0,0,JORGENSEN,False,UNRESOLVED-AL-1998-house-6-R-JORGENSEN,surname_only_unresolved_race_specific,0.9480694952782571,0.9480694952782571,6.2986819675811665,12.630029758476041,-10.513691829053297,12.409830819609812,state_ticket_vote_weighted,1.0,meaningful,-0.9480694952782571,-0.9480694952782571,-6.2986819675811665,-12.630029758476041,-12.409830819609812,10.513691829053297,-0.9480694952782571,1,0.3333333333333333,-0.31602316509275236
1998,house,8,D,8892.0,Dukes,alabama_sos,ALPERSON-DUKES,AL-1998-house-8-D-DUKES,0,1,DUKES,False,UNRESOLVED-AL-1998-house-8-D-DUKES,surname_only_unresolved_race_specific,37.257452630046394,37.257452630046394,40.045981708957605,,33.392748500427764,41.122156759665025,state_ticket_vote_weighted,1.0,meaningful,37.257452630046394,37.257452630046394,40.045981708957605,,33.392748500427764,41.122156759665025,37.257452630046394,1,0.3333333333333333,12.419150876682131
1998,house,8,R,3447.0,Key,alabama_sos,ALPERSON-KEY,AL-1998-house-8-R-KEY,0,0,KEY,False,UNRESOLVED-AL-1998-house-8-R-KEY,surname_only_unresolved_race_specific,37.257452630046394,37.257452630046394,40.045981708957605,,33.392748500427764,41.122156759665025,state_ticket_vote_weighted,1.0,meaningful,-37.257452630046394,-37.257452630046394,-40.045981708957605,,-41.122156759665025,-33.392748500427764,-37.257452630046394,1,0.3333333333333333,-12.419150876682131
1998,house,9,D,7095.0,Grantland,alabama_sos,ALPERSON-GRANTLAND,AL-1998-house-9-D-GRANTLAND,0,1,GRANTLAND,False,UNRESOLVED-AL-1998-house-9-D-GRANTLAND,surname_only_unresolved_race_specific,5.141629740023676,5.141629740023676,8.953376215726069,,-0.14118135099717133,10.424440831044524,state_ticket_vote_weighted,1.0,meaningful,5.141629740023676,5.141629740023676,8.953376215726069,,-0.14118135099717133,10.424440831044524,5.141629740023676,1,0.3333333333333333,1.713876580007892
1998,house,9,R,6744.0,Ball,alabama_sos,ALPERSON-BALL,AL-1998-house-9-R-BALL,0,0,BALL,False,UNRESOLVED-AL-1998-house-9-R-BALL,surname_only_unresolved_race_specific,5.141629740023676,5.141629740023676,8.953376215726069,,-0.14118135099717133,10.424440831044524,state_ticket_vote_weighted,1.0,meaningful,-5.141629740023676,-5.141629740023676,-8.953376215726069,,-10.424440831044524,0.14118135099717133,-5.141629740023676,1,0.3333333333333333,-1.713876580007892
1998,house,10,D,5253.0,Smith,alabama_sos,ALPERSON-SMITH,AL-1998-house-10-D-SMITH,0,0,SMITH,True,UNRESOLVED-AL-1998-house-10-D-SMITH,surname_only_unresolved_race_specific,-8.623030879743997,-8.623030879743997,-4.499316411957986,10.135997592084706,-27.945002521746037,10.698940762258044,state_ticket_vote_weighted,1.0,meaningful,-8.623030879743997,-8.623030879743997,-4.499316411957986,10.135997592084706,-27.945002521746037,10.698940762258044,-8.623030879743997,1,0.3333333333333333,-2.8743436265813322
1998,house,10,R,7763.0,Haney,alabama_sos,ALPERSON-HANEY,AL-1998-house-10-R-HANEY,0,1,HANEY,False,UNRESOLVED-AL-1998-house-10-R-HANEY,surname_only_unresolved_race_specific,-8.623030879743997,-8.623030879743997,-4.499316411957986,10.135997592084706,-27.945002521746037,10.698940762258044,state_ticket_vote_weighted,1.0,meaningful,8.623030879743997,8.623030879743997,4.499316411957986,-10.135997592084706,-10.698940762258044,27.945002521746037,8.623030879743997,1,0.3333333333333333,2.8743436265813322
1998,house,11,D,5806.0,White,alabama_sos,ALPERSON-WHITE,AL-1998-house-11-D-WHITE,0,0,WHITE,True,UNRESOLVED-AL-1998-house-11-D-WHITE,surname_only_unresolved_race_specific,-2.9797293742520923,-2.9797293742520923,18.890506949634503,13.897856863244211,-25.442713374267328,19.483254625763145,state_ticket_vote_weighted,1.0,meaningful,-2.9797293742520923,-2.9797293742520923,18.890506949634503,13.897856863244211,-25.442713374267328,19.483254625763145,-2.9797293742520923,1,0.3333333333333333,-0.9932431247506974
1998,house,11,R,6739.0,Oden,alabama_sos,ALPERSON-ODEN,AL-1998-house-11-R-ODEN,0,1,ODEN,False,UNRESOLVED-AL-1998-house-11-R-ODEN,surname_only_unresolved_race_specific,-2.9797293742520923,-2.9797293742520923,18.890506949634503,13.897856863244211,-25.442713374267328,19.483254625763145,state_ticket_vote_weighted,1.0,meaningful,2.9797293742520923,2.9797293742520923,-18.890506949634503,-13.897856863244211,-19.483254625763145,25.442713374267328,2.9797293742520923,1,0.3333333333333333,0.9932431247506974
1998,house,12,D,8753.0,Morrison,alabama_sos,ALPERSON-MORRISON,AL-1998-house-12-D-MORRISON,0,1,MORRISON,False,UNRESOLVED-AL-1998-house-12-D-MORRISON,surname_only_unresolved_race_specific,30.65167184129817,30.65167184129817,56.03719865808877,46.056433237394984,5.585280400482038,55.7180632821143,state_ticket_vote_weighted,1.0,meaningful,30.65167184129817,30.65167184129817,56.03719865808877,46.056433237394984,5.585280400482038,55.7180632821143,30.65167184129817,1,0.3333333333333333,10.21722394709939
1998,house,12,R,5069.0,Hastimgs,alabama_sos,ALPERSON-HASTIMGS,AL-1998-house-12-R-HASTIMGS,0,0,HASTIMGS,False,UNRESOLVED-AL-1998-house-12-R-HASTIMGS,surname_only_unresolved_race_specific,30.65167184129817,30.65167184129817,56.03719865808877,46.056433237394984,5.585280400482038,55.7180632821143,state_ticket_vote_weighted,1.0,meaningful,-30.65167184129817,-30.65167184129817,-56.03719865808877,-46.056433237394984,-55.7180632821143,-5.585280400482038,-30.65167184129817,1,0.3333333333333333,-10.21722394709939
1998,house,13,D,7328.0,Hogan,alabama_sos,ALPERSON-HOGAN,AL-1998-house-13-D-HOGAN,0,1,HOGAN,False,UNRESOLVED-AL-1998-house-13-D-HOGAN,surname_only_unresolved_race_specific,6.174359354798019,6.174359354798019,30.9148213283596,4.652814594113439,-22.721502541122803,35.07022125071884,state_ticket_vote_weighted,1.0,meaningful,6.174359354798019,6.174359354798019,30.9148213283596,4.652814594113439,-22.721502541122803,35.07022125071884,6.174359354798019,1,0.3333333333333333,2.058119784932673
1998,house,13,R,5743.0,Branch,alabama_sos,ALPERSON-BRANCH,AL-1998-house-13-R-BRANCH,0,0,BRANCH,True,UNRESOLVED-AL-1998-house-13-R-BRANCH,surname_only_unresolved_race_specific,6.174359354798019,6.174359354798019,30.9148213283596,4.652814594113439,-22.721502541122803,35.07022125071884,state_ticket_vote_weighted,1.0,meaningful,-6.174359354798019,-6.174359354798019,-30.9148213283596,-4.652814594113439,-35.07022125071884,22.721502541122803,-6.174359354798019,1,0.3333333333333333,-2.058119784932673
1998,house,14,D,8128.0,Guin,alabama_sos,ALPERSON-GUIN,AL-1998-house-14-D-GUIN,0,1,GUIN,False,UNRESOLVED-AL-1998-house-14-D-GUIN,surname_only_unresolved_race_specific,12.506765593938848,12.506765593938848,36.72152231138488,16.279106654149693,-13.02942642825398,38.04295761613167,state_ticket_vote_weighted,1.0,meaningful,12.506765593938848,12.506765593938848,36.72152231138488,16.279106654149693,-13.02942642825398,38.04295761613167,12.506765593938848,1,0.3333333333333333,4.168921864646283
1998,house,14,R,5311.0,Wallace,alabama_sos,ALPERSON-WALLACE,AL-1998-house-14-R-WALLACE,0,0,WALLACE,False,UNRESOLVED-AL-1998-house-14-R-WALLACE,surname_only_unresolved_race_specific,12.506765593938848,12.506765593938848,36.72152231138488,16.279106654149693,-13.02942642825398,38.04295761613167,state_ticket_vote_weighted,1.0,meaningful,-12.506765593938848,-12.506765593938848,-36.72152231138488,-16.279106654149693,-38.04295761613167,13.02942642825398,-12.506765593938848,1,0.3333333333333333,-4.168921864646283
1998,house,16,D,7292.0,Thigpen,alabama_sos,ALPERSON-THIGPEN,AL-1998-house-16-D-THIGPEN,0,1,THIGPEN,False,UNRESOLVED-AL-1998-house-16-D-THIGPEN,surname_only_unresolved_race_specific,7.343211602556863,7.343211602556863,28.589464543965615,12.629507868339488,-14.336261028446518,29.022684233560245,state_ticket_vote_weighted,1.0,meaningful,7.343211602556863,7.343211602556863,28.589464543965615,12.629507868339488,-14.336261028446518,29.022684233560245,7.343211602556863,1,0.3333333333333333,2.4477372008522877
1998,house,16,R,5503.0,Waldon,alabama_sos,ALPERSON-WALDON,AL-1998-house-16-R-WALDON,0,0,WALDON,False,UNRESOLVED-AL-1998-house-16-R-WALDON,surname_only_unresolved_race_specific,7.343211602556863,7.343211602556863,28.589464543965615,12.629507868339488,-14.336261028446518,29.022684233560245,state_ticket_vote_weighted,1.0,meaningful,-7.343211602556863,-7.343211602556863,-28.589464543965615,-12.629507868339488,-29.022684233560245,14.336261028446518,-7.343211602556863,1,0.3333333333333333,-2.4477372008522877
1998,house,17,D,9192.0,Millican,alabama_sos,ALPERSON-MILLICAN,AL-1998-house-17-D-MILLICAN,0,1,MILLICAN,False,UNRESOLVED-AL-1998-house-17-D-MILLICAN,surname_only_unresolved_race_specific,38.33716870967143,38.33716870967143,65.81692223560866,46.11370434594326,10.573335921363089,66.10100149797978,state_ticket_vote_weighted,0.9997861540102623,meaningful,38.33716870967143,38.33716870967143,65.81692223560866,46.11370434594326,10.573335921363089,66.10100149797978,38.33716870967143,1,0.3333333333333333,12.779056236557143
1998,house,17,R,3673.0,Johnson,alabama_sos,ALPERSON-JOHNSON,AL-1998-house-17-R-JOHNSON,0,0,JOHNSON,True,UNRESOLVED-AL-1998-house-17-R-JOHNSON,surname_only_unresolved_race_specific,38.33716870967143,38.33716870967143,65.81692223560866,46.11370434594326,10.573335921363089,66.10100149797978,state_ticket_vote_weighted,0.9997861540102623,meaningful,-38.33716870967143,-38.33716870967143,-65.81692223560866,-46.11370434594326,-66.10100149797978,-10.573335921363089,-38.33716870967143,1,0.3333333333333333,-12.779056236557143
1998,house,18,D,2075.0,Morrow,alabama_sos,ALPERSON-MORROW,AL-1998-house-18-D-MORROW,0,1,MORROW,True,UNRESOLVED-AL-1998-house-18-D-MORROW,surname_only_unresolved_race_specific,0.5103129673206972,0.5103129673206972,11.908899710146917,6.261079843304541,-14.196521459862181,15.217147394503575,state_ticket_vote_weighted,0.2927864885026189,meaningful,0.5103129673206972,0.5103129673206972,11.908899710146917,6.261079843304541,-14.196521459862181,15.217147394503575,0.5103129673206972,1,0.3333333333333333,0.17010432244023238
1998,house,18,R,1515.0,Britnell,alabama_sos,ALPERSON-BRITNELL,AL-1998-house-18-R-BRITNELL,0,0,BRITNELL,True,UNRESOLVED-AL-1998-house-18-R-BRITNELL,surname_only_unresolved_race_specific,0.5103129673206972,0.5103129673206972,11.908899710146917,6.261079843304541,-14.196521459862181,15.217147394503575,state_ticket_vote_weighted,0.2927864885026189,meaningful,-0.5103129673206972,-0.5103129673206972,-11.908899710146917,-6.261079843304541,-15.217147394503575,14.196521459862181,-0.5103129673206972,1,0.3333333333333333,-0.17010432244023238
1998,house,20,D,5197.0,Wilburn,alabama_sos,ALPERSON-WILBURN,AL-1998-house-20-D-WILBURN,0,0,WILBURN,False,UNRESOLVED-AL-1998-house-20-D-WILBURN,surname_only_unresolved_race_specific,-28.120012698975152,-28.120012698975152,-27.069285054935193,-20.288909924030968,-36.45111507489803,-19.788910323052278,state_ticket_vote_weighted,1.0,meaningful,-28.120012698975152,-28.120012698975152,-27.069285054935193,-20.288909924030968,-36.45111507489803,-19.788910323052278,-28.120012698975152,1,0.3333333333333333,-9.37333756632505
1998,house,20,R,10929.0,Sanderford,alabama_sos,ALPERSON-SANDERFORD,AL-1998-house-20-R-SANDERFORD,0,1,SANDERFORD,False,UNRESOLVED-AL-1998-house-20-R-SANDERFORD,surname_only_unresolved_race_specific,-28.120012698975152,-28.120012698975152,-27.069285054935193,-20.288909924030968,-36.45111507489803,-19.788910323052278,state_ticket_vote_weighted,1.0,meaningful,28.120012698975152,28.120012698975152,27.069285054935193,20.288909924030968,19.788910323052278,36.45111507489803,28.120012698975152,1,0.3333333333333333,9.37333756632505
1998,house,21,D,6252.0,Jones,alabama_sos,ALPERSON-JONES,AL-1998-house-21-D-JONES,0,1,JONES,False,UNRESOLVED-AL-1998-house-21-D-JONES,surname_only_unresolved_race_specific,11.410852200728968,11.410852200728968,17.73526234018167,27.952078360054163,-4.948469449231627,27.770173850689563,state_ticket_vote_weighted,1.0,meaningful,11.410852200728968,11.410852200728968,17.73526234018167,27.952078360054163,-4.948469449231627,27.770173850689563,11.410852200728968,1,0.3333333333333333,3.803617400242989
1998,house,21,R,3352.0,Clemons,alabama_sos,ALPERSON-CLEMONS,AL-1998-house-21-R-CLEMONS,0,0,CLEMONS,False,UNRESOLVED-AL-1998-house-21-R-CLEMONS,surname_only_unresolved_race_specific,11.410852200728968,11.410852200728968,17.73526234018167,27.952078360054163,-4.948469449231627,27.770173850689563,state_ticket_vote_weighted,1.0,meaningful,-11.410852200728968,-11.410852200728968,-17.73526234018167,-27.952078360054163,-27.770173850689563,4.948469449231627,-11.410852200728968,1,0.3333333333333333,-3.803617400242989
1998,house,22,D,7715.0,Hall,alabama_sos,ALPERSON-HALL,AL-1998-house-22-D-HALL,0,1,HALL,True,UNRESOLVED-AL-1998-house-22-D-HALL,surname_only_unresolved_race_specific,28.125421561866098,28.125421561866098,37.53330329925665,46.93758687155545,9.689499445962273,46.561343677769926,state_ticket_vote_weighted,1.0,meaningful,28.125421561866098,28.125421561866098,37.53330329925665,46.93758687155545,9.689499445962273,46.561343677769926,28.125421561866098,1,0.3333333333333333,9.375140520622033
1998,house,22,R,3352.0,Hollingsworth,alabama_sos,ALPERSON-HOLLINGSWORTH,AL-1998-house-22-R-HOLLINGSWORTH,0,0,HOLLINGSWORTH,False,UNRESOLVED-AL-1998-house-22-R-HOLLINGSWORTH,surname_only_unresolved_race_specific,28.125421561866098,28.125421561866098,37.53330329925665,46.93758687155545,9.689499445962273,46.561343677769926,state_ticket_vote_weighted,1.0,meaningful,-28.125421561866098,-28.125421561866098,-37.53330329925665,-46.93758687155545,-46.561343677769926,-9.689499445962273,-28.125421561866098,1,0.3333333333333333,-9.375140520622033
1998,house,23,D,6519.0,Robinson,alabama_sos,ALPERSON-ROBINSON,AL-1998-house-23-D-ROBINSON,0,1,ROBINSON,True,UNRESOLVED-AL-1998-house-23-D-ROBINSON,surname_only_unresolved_race_specific,10.288234834642765,10.288234834642765,14.444333322011506,16.02833374801666,4.477738470317615,16.098731198967915,state_ticket_vote_weighted,1.0,meaningful,10.288234834642765,10.288234834642765,14.444333322011506,16.02833374801666,4.477738470317615,16.098731198967915,10.288234834642765,1,0.3333333333333333,3.429411611547588
1998,house,23,R,3117.0,Shelton,alabama_sos,ALPERSON-SHELTON,AL-1998-house-23-R-SHELTON,0,0,SHELTON,False,UNRESOLVED-AL-1998-house-23-R-SHELTON,surname_only_unresolved_race_specific,10.288234834642765,10.288234834642765,14.444333322011506,16.02833374801666,4.477738470317615,16.098731198967915,state_ticket_vote_weighted,1.0,meaningful,-10.288234834642765,-10.288234834642765,-14.444333322011506,-16.02833374801666,-16.098731198967915,-4.477738470317615,-10.288234834642765,1,0.3333333333333333,-3.429411611547588
1998,house,24,D,5999.0,Burke,alabama_sos,ALPERSON-BURKE,AL-1998-house-24-D-BURKE,0,0,BURKE,False,UNRESOLVED-AL-1998-house-24-D-BURKE,surname_only_unresolved_race_specific,-4.227423376190029,-4.227423376190029,19.23747434189545,13.717799399382933,-28.273719366559003,19.818872614178947,state_ticket_vote_weighted,1.0,meaningful,-4.227423376190029,-4.227423376190029,19.23747434189545,13.717799399382933,-28.273719366559003,19.818872614178947,-4.227423376190029,1,0.3333333333333333,-1.4091411253966764
1998,house,24,R,6761.0,Greeson,alabama_sos,ALPERSON-GREESON,AL-1998-house-24-R-GREESON,0,1,GREESON,False,UNRESOLVED-AL-1998-house-24-R-GREESON,surname_only_unresolved_race_specific,-4.227423376190029,-4.227423376190029,19.23747434189545,13.717799399382933,-28.273719366559003,19.818872614178947,state_ticket_vote_weighted,1.0,meaningful,4.227423376190029,4.227423376190029,-19.23747434189545,-13.717799399382933,-19.818872614178947,28.273719366559003,4.227423376190029,1,0.3333333333333333,1.4091411253966764
1998,house,25,D,8552.0,Hawk,alabama_sos,ALPERSON-HAWK,AL-1998-house-25-D-HAWK,0,1,HAWK,False,UNRESOLVED-AL-1998-house-25-D-HAWK,surname_only_unresolved_race_specific,32.82632676804563,32.82632676804563,68.93116514748161,52.24983470866549,-2.590415862526541,68.2430693986178,state_ticket_vote_weighted,1.0,meaningful,32.82632676804563,32.82632676804563,68.93116514748161,52.24983470866549,-2.590415862526541,68.2430693986178,32.82632676804563,1,0.3333333333333333,10.942108922681877
1998,house,25,R,4112.0,Finley,alabama_sos,ALPERSON-FINLEY,AL-1998-house-25-R-FINLEY,0,0,FINLEY,False,UNRESOLVED-AL-1998-house-25-R-FINLEY,surname_only_unresolved_race_specific,32.82632676804563,32.82632676804563,68.93116514748161,52.24983470866549,-2.590415862526541,68.2430693986178,state_ticket_vote_weighted,1.0,meaningful,-32.82632676804563,-32.82632676804563,-68.93116514748161,-52.24983470866549,-68.2430693986178,2.590415862526541,-32.82632676804563,1,0.3333333333333333,-10.942108922681877
1998,house,26,D,8522.0,McDaniel,alabama_sos,ALPERSON-MCDANIEL,AL-1998-house-26-D-MCDANIEL,0,1,MCDANIEL,False,UNRESOLVED-AL-1998-house-26-D-MCDANIEL,surname_only_unresolved_race_specific,45.853319667189055,45.853319667189055,79.35291117015178,62.70041570762905,13.023535355751193,78.68310397862692,state_ticket_vote_weighted,1.0,meaningful,45.853319667189055,45.853319667189055,79.35291117015178,62.70041570762905,13.023535355751193,78.68310397862692,45.853319667189055,1,0.3333333333333333,15.284439889063018
1998,house,26,R,3337.0,Johnston,alabama_sos,ALPERSON-JOHNSTON,AL-1998-house-26-R-JOHNSTON,0,0,JOHNSTON,False,UNRESOLVED-AL-1998-house-26-R-JOHNSTON,surname_only_unresolved_race_specific,45.853319667189055,45.853319667189055,79.35291117015178,62.70041570762905,13.023535355751193,78.68310397862692,state_ticket_vote_weighted,1.0,meaningful,-45.853319667189055,-45.853319667189055,-79.35291117015178,-62.70041570762905,-78.68310397862692,-13.023535355751193,-45.853319667189055,1,0.3333333333333333,-15.284439889063018
1998,house,27,D,6706.0,Murphree,alabama_sos,ALPERSON-MURPHREE,AL-1998-house-27-D-MURPHREE,0,0,MURPHREE,False,UNRESOLVED-AL-1998-house-27-D-MURPHREE,surname_only_unresolved_race_specific,15.976607998331094,15.976607998331094,41.28323626972109,27.98703889606387,-8.834555421091668,40.78777141775386,state_ticket_vote_weighted,1.0,meaningful,15.976607998331094,15.976607998331094,41.28323626972109,27.98703889606387,-8.834555421091668,40.78777141775386,15.976607998331094,1,0.3333333333333333,5.325535999443698
1998,house,27,R,6748.0,Thomas,alabama_sos,ALPERSON-THOMAS,AL-1998-house-27-R-THOMAS,0,1,THOMAS,True,UNRESOLVED-AL-1998-house-27-R-THOMAS,surname_only_unresolved_race_specific,15.976607998331094,15.976607998331094,41.28323626972109,27.98703889606387,-8.834555421091668,40.78777141775386,state_ticket_vote_weighted,1.0,meaningful,-15.976607998331094,-15.976607998331094,-41.28323626972109,-27.98703889606387,-40.78777141775386,8.834555421091668,-15.976607998331094,1,0.3333333333333333,-5.325535999443698
1998,house,28,D,8449.0,Ford,alabama_sos,ALPERSON-FORD,AL-1998-house-28-D-FORD,0,1,FORD,False,UNRESOLVED-AL-1998-house-28-D-FORD,surname_only_unresolved_race_specific,22.524046443040376,22.524046443040376,45.57532434086688,35.817262122150254,-0.15458460654744854,45.2026774926282,state_ticket_vote_weighted,1.0,meaningful,22.524046443040376,22.524046443040376,45.57532434086688,35.817262122150254,-0.15458460654744854,45.2026774926282,22.524046443040376,1,0.3333333333333333,7.508015481013459
1998,house,28,R,3423.0,Stephens,alabama_sos,ALPERSON-STEPHENS,AL-1998-house-28-R-STEPHENS,0,0,STEPHENS,False,UNRESOLVED-AL-1998-house-28-R-STEPHENS,surname_only_unresolved_race_specific,22.524046443040376,22.524046443040376,45.57532434086688,35.817262122150254,-0.15458460654744854,45.2026774926282,state_ticket_vote_weighted,1.0,meaningful,-22.524046443040376,-22.524046443040376,-45.57532434086688,-35.817262122150254,-45.2026774926282,0.15458460654744854,-22.524046443040376,1,0.3333333333333333,-7.508015481013459
1998,house,29,D,6028.0,Page,alabama_sos,ALPERSON-PAGE,AL-1998-house-29-D-PAGE,0,1,PAGE,False,UNRESOLVED-AL-1998-house-29-D-PAGE,surname_only_unresolved_race_specific,-9.886643405509888,-9.886643405509888,12.476888023022921,2.6727043839283304,-31.858275047570494,12.084988236550716,state_ticket_vote_weighted,1.0,meaningful,-9.886643405509888,-9.886643405509888,12.476888023022921,2.6727043839283304,-31.858275047570494,12.084988236550716,-9.886643405509888,1,0.3333333333333333,-3.295547801836629
1998,house,29,R,4858.0,Malone,alabama_sos,ALPERSON-MALONE,AL-1998-house-29-R-MALONE,0,0,MALONE,False,UNRESOLVED-AL-1998-house-29-R-MALONE,surname_only_unresolved_race_specific,-9.886643405509888,-9.886643405509888,12.476888023022921,2.6727043839283304,-31.858275047570494,12.084988236550716,state_ticket_vote_weighted,1.0,meaningful,9.886643405509888,9.886643405509888,-12.476888023022921,-2.6727043839283304,-12.084988236550716,31.858275047570494,9.886643405509888,1,0.3333333333333333,3.295547801836629
1998,house,30,D,5511.0,Galliher,alabama_sos,ALPERSON-GALLIHER,AL-1998-house-30-D-GALLIHER,0,1,GALLIHER,False,UNRESOLVED-AL-1998-house-30-D-GALLIHER,surname_only_unresolved_race_specific,10.429206899237396,10.429206899237396,38.83429754800804,20.77031540040508,-17.748649452325616,38.60706325080041,state_ticket_vote_weighted,1.0,meaningful,10.429206899237396,10.429206899237396,38.83429754800804,20.77031540040508,-17.748649452325616,38.60706325080041,10.429206899237396,1,0.3333333333333333,3.4764022997457986
1998,house,30,R,4445.0,Holland,alabama_sos,ALPERSON-HOLLAND,AL-1998-house-30-R-HOLLAND,0,0,HOLLAND,True,UNRESOLVED-AL-1998-house-30-R-HOLLAND,surname_only_unresolved_race_specific,10.429206899237396,10.429206899237396,38.83429754800804,20.77031540040508,-17.748649452325616,38.60706325080041,state_ticket_vote_weighted,1.0,meaningful,-10.429206899237396,-10.429206899237396,-38.83429754800804,-20.77031540040508,-38.60706325080041,17.748649452325616,-10.429206899237396,1,0.3333333333333333,-3.4764022997457986
1998,house,31,D,9290.0,Venable,alabama_sos,ALPERSON-VENABLE,AL-1998-house-31-D-VENABLE,0,1,VENABLE,False,UNRESOLVED-AL-1998-house-31-D-VENABLE,surname_only_unresolved_race_specific,35.34823797125651,35.34823797125651,68.38243857738492,51.34958886774277,2.9694595567844786,67.72701638572855,state_ticket_vote_weighted,0.9999997024306807,meaningful,35.34823797125651,35.34823797125651,68.38243857738492,51.34958886774277,2.9694595567844786,67.72701638572855,35.34823797125651,1,0.3333333333333333,11.782745990418835
1998,house,31,R,5283.0,Bowen,alabama_sos,ALPERSON-BOWEN,AL-1998-house-31-R-BOWEN,0,0,BOWEN,False,UNRESOLVED-AL-1998-house-31-R-BOWEN,surname_only_unresolved_race_specific,35.34823797125651,35.34823797125651,68.38243857738492,51.34958886774277,2.9694595567844786,67.72701638572855,state_ticket_vote_weighted,0.9999997024306807,meaningful,-35.34823797125651,-35.34823797125651,-68.38243857738492,-51.34958886774277,-67.72701638572855,-2.9694595567844786,-35.34823797125651,1,0.3333333333333333,-11.782745990418835
1998,house,32,D,6699.0,Boyd,alabama_sos,ALPERSON-BOYD,AL-1998-house-32-D-BOYD,0,1,BOYD,False,UNRESOLVED-AL-1998-house-32-D-BOYD,surname_only_unresolved_race_specific,7.589718112698456,7.589718112698456,32.508812489067395,27.835562931089292,-18.37189516470329,33.5513313901002,state_ticket_vote_weighted,1.0,meaningful,7.589718112698456,7.589718112698456,32.508812489067395,27.835562931089292,-18.37189516470329,33.5513313901002,7.589718112698456,1,0.3333333333333333,2.529906037566152
1998,house,32,R,1617.0,Bradford,alabama_sos,ALPERSON-BRADFORD,AL-1998-house-32-R-BRADFORD,0,0,BRADFORD,False,UNRESOLVED-AL-1998-house-32-R-BRADFORD,surname_only_unresolved_race_specific,7.589718112698456,7.589718112698456,32.508812489067395,27.835562931089292,-18.37189516470329,33.5513313901002,state_ticket_vote_weighted,1.0,meaningful,-7.589718112698456,-7.589718112698456,-32.508812489067395,-27.835562931089292,-33.5513313901002,18.37189516470329,-7.589718112698456,1,0.3333333333333333,-2.529906037566152
1998,house,35,D,3193.0,Hurst,alabama_sos,ALPERSON-HURST,AL-1998-house-35-D-HURST,0,0,HURST,False,UNRESOLVED-AL-1998-house-35-D-HURST,surname_only_unresolved_race_specific,-24.206745078072064,-24.206745078072064,15.790887198473246,-8.588704499970454,-63.716655894604884,15.303165738460752,state_ticket_vote_weighted,1.0,meaningful,-24.206745078072064,-24.206745078072064,15.790887198473246,-8.588704499970454,-63.716655894604884,15.303165738460752,-24.206745078072064,1,0.3333333333333333,-8.06891502602402
1998,house,35,R,5573.0,Sims,alabama_sos,ALPERSON-SIMS,AL-1998-house-35-R-SIMS,0,1,SIMS,False,UNRESOLVED-AL-1998-house-35-R-SIMS,surname_only_unresolved_race_specific,-24.206745078072064,-24.206745078072064,15.790887198473246,-8.588704499970454,-63.716655894604884,15.303165738460752,state_ticket_vote_weighted,1.0,meaningful,24.206745078072064,24.206745078072064,-15.790887198473246,8.588704499970454,-15.303165738460752,63.716655894604884,24.206745078072064,1,0.3333333333333333,8.06891502602402
1998,house,38,D,6774.0,Fuller,alabama_sos,ALPERSON-FULLER,AL-1998-house-38-D-FULLER,0,1,FULLER,False,UNRESOLVED-AL-1998-house-38-D-FULLER,surname_only_unresolved_race_specific,19.505690804632717,19.505690804632717,41.78681162098265,20.896219122525018,-4.958987645858247,43.970369255123686,state_ticket_vote_weighted,1.0,meaningful,19.505690804632717,19.505690804632717,41.78681162098265,20.896219122525018,-4.958987645858247,43.970369255123686,19.505690804632717,1,0.3333333333333333,6.501896934877572
1998,house,38,R,3756.0,Ingram,alabama_sos,ALPERSON-INGRAM,AL-1998-house-38-R-INGRAM,0,0,INGRAM,False,UNRESOLVED-AL-1998-house-38-R-INGRAM,surname_only_unresolved_race_specific,19.505690804632717,19.505690804632717,41.78681162098265,20.896219122525018,-4.958987645858247,43.970369255123686,state_ticket_vote_weighted,1.0,meaningful,-19.505690804632717,-19.505690804632717,-41.78681162098265,-20.896219122525018,-43.970369255123686,4.958987645858247,-19.505690804632717,1,0.3333333333333333,-6.501896934877572
1998,house,42,D,7626.0,Martin,alabama_sos,ALPERSON-MARTIN,AL-1998-house-42-D-MARTIN,0,1,MARTIN,True,UNRESOLVED-AL-1998-house-42-D-MARTIN,surname_only_unresolved_race_specific,16.02360571524362,16.02360571524362,47.03455148561457,28.586171091608136,-14.549038915381086,46.59625034586833,state_ticket_vote_weighted,1.0,meaningful,16.02360571524362,16.02360571524362,47.03455148561457,28.586171091608136,-14.549038915381086,46.59625034586833,16.02360571524362,1,0.3333333333333333,5.341201905081206
1998,house,42,R,7036.0,Parnell,alabama_sos,ALPERSON-PARNELL,AL-1998-house-42-R-PARNELL,0,0,PARNELL,False,UNRESOLVED-AL-1998-house-42-R-PARNELL,surname_only_unresolved_race_specific,16.02360571524362,16.02360571524362,47.03455148561457,28.586171091608136,-14.549038915381086,46.59625034586833,state_ticket_vote_weighted,1.0,meaningful,-16.02360571524362,-16.02360571524362,-47.03455148561457,-28.586171091608136,-46.59625034586833,14.549038915381086,-16.02360571524362,1,0.3333333333333333,-5.341201905081206
1998,house,49,D,7321.0,Blair,alabama_sos,ALPERSON-BLAIR,AL-1998-house-49-D-BLAIR,0,0,BLAIR,False,UNRESOLVED-AL-1998-house-49-D-BLAIR,surname_only_unresolved_race_specific,20.243262910309863,20.243262910309863,53.20170039815915,33.67095741282822,-12.240068685443735,52.72659450606346,state_ticket_vote_weighted,1.0,meaningful,20.243262910309863,20.243262910309863,53.20170039815915,33.67095741282822,-12.240068685443735,52.72659450606346,20.243262910309863,1,0.3333333333333333,6.74775430343662
1998,house,49,R,7473.0,Thomas,alabama_sos,ALPERSON-THOMAS,AL-1998-house-49-R-THOMAS,0,1,THOMAS,True,UNRESOLVED-AL-1998-house-49-R-THOMAS,surname_only_unresolved_race_specific,20.243262910309863,20.243262910309863,53.20170039815915,33.67095741282822,-12.240068685443735,52.72659450606346,state_ticket_vote_weighted,1.0,meaningful,-20.243262910309863,-20.243262910309863,-53.20170039815915,-33.67095741282822,-52.72659450606346,12.240068685443735,-20.243262910309863,1,0.3333333333333333,-6.74775430343662
1998,house,51,D,3867.0,Mullins,alabama_sos,ALPERSON-MULLINS,AL-1998-house-51-D-MULLINS,0,0,MULLINS,False,UNRESOLVED-AL-1998-house-51-D-MULLINS,surname_only_unresolved_race_specific,-13.235414058625707,-13.235414058625707,9.506376308480213,-30.870671347036748,-52.910265982600144,26.43943786534873,state_ticket_vote_weighted,1.0,meaningful,-13.235414058625707,-13.235414058625707,9.506376308480213,-30.870671347036748,-52.910265982600144,26.43943786534873,-13.235414058625707,1,0.3333333333333333,-4.411804686208569
1998,house,51,R,9661.0,Humphryes,alabama_sos,ALPERSON-HUMPHRYES,AL-1998-house-51-R-HUMPHRYES,0,1,HUMPHRYES,False,UNRESOLVED-AL-1998-house-51-R-HUMPHRYES,surname_only_unresolved_race_specific,-13.235414058625707,-13.235414058625707,9.506376308480213,-30.870671347036748,-52.910265982600144,26.43943786534873,state_ticket_vote_weighted,1.0,meaningful,13.235414058625707,13.235414058625707,-9.506376308480213,30.870671347036748,-26.43943786534873,52.910265982600144,13.235414058625707,1,0.3333333333333333,4.411804686208569
1998,house,54,D,7235.0,Perdue,alabama_sos,ALPERSON-PERDUE,AL-1998-house-54-D-PERDUE,0,1,PERDUE,False,UNRESOLVED-AL-1998-house-54-D-PERDUE,surname_only_unresolved_race_specific,3.458287132177496,3.458287132177496,40.869552265588126,48.07096723344888,-43.484663275704804,50.401237540059796,state_ticket_vote_weighted,1.0,meaningful,3.458287132177496,3.458287132177496,40.869552265588126,48.07096723344888,-43.484663275704804,50.401237540059796,3.458287132177496,1,0.3333333333333333,1.1527623773924986
1998,house,54,R,2252.0,Latimore,alabama_sos,ALPERSON-LATIMORE,AL-1998-house-54-R-LATIMORE,0,0,LATIMORE,False,UNRESOLVED-AL-1998-house-54-R-LATIMORE,surname_only_unresolved_race_specific,3.458287132177496,3.458287132177496,40.869552265588126,48.07096723344888,-43.484663275704804,50.401237540059796,state_ticket_vote_weighted,1.0,meaningful,-3.458287132177496,-3.458287132177496,-40.869552265588126,-48.07096723344888,-50.401237540059796,43.484663275704804,-3.458287132177496,1,0.3333333333333333,-1.1527623773924986
1998,house,55,D,8147.0,Major,alabama_sos,ALPERSON-MAJOR,AL-1998-house-55-D-MAJOR,0,1,MAJOR,False,UNRESOLVED-AL-1998-house-55-D-MAJOR,surname_only_unresolved_race_specific,1.979772542790073,1.979772542790073,35.98998852046398,29.383944448684673,-33.366616677741476,37.32616176332162,state_ticket_vote_weighted,1.0,meaningful,1.979772542790073,1.979772542790073,35.98998852046398,29.383944448684673,-33.366616677741476,37.32616176332162,1.979772542790073,1,0.3333333333333333,0.6599241809300243
1998,house,55,R,1906.0,Morton,alabama_sos,ALPERSON-MORTON,AL-1998-house-55-R-MORTON,0,0,MORTON,False,UNRESOLVED-AL-1998-house-55-R-MORTON,surname_only_unresolved_race_specific,1.979772542790073,1.979772542790073,35.98998852046398,29.383944448684673,-33.366616677741476,37.32616176332162,state_ticket_vote_weighted,1.0,meaningful,-1.979772542790073,-1.979772542790073,-35.98998852046398,-29.383944448684673,-37.32616176332162,33.366616677741476,-1.979772542790073,1,0.3333333333333333,-0.6599241809300243
1998,house,60,D,8726.0,Hilliard,alabama_sos,ALPERSON-HILLIARD,AL-1998-house-60-D-HILLIARD,0,1,HILLIARD,False,UNRESOLVED-AL-1998-house-60-D-HILLIARD,surname_only_unresolved_race_specific,8.762373889328927,8.762373889328927,48.548418680458255,73.13527385381914,-54.90652516511634,72.43127294377419,state_ticket_vote_weighted,1.0,meaningful,8.762373889328927,8.762373889328927,48.548418680458255,73.13527385381914,-54.90652516511634,72.43127294377419,8.762373889328927,1,0.3333333333333333,2.9207912964429754
1998,house,60,R,1612.0,Russell,alabama_sos,ALPERSON-RUSSELL,AL-1998-house-60-R-RUSSELL,0,0,RUSSELL,False,UNRESOLVED-AL-1998-house-60-R-RUSSELL,surname_only_unresolved_race_specific,8.762373889328927,8.762373889328927,48.548418680458255,73.13527385381914,-54.90652516511634,72.43127294377419,state_ticket_vote_weighted,1.0,meaningful,-8.762373889328927,-8.762373889328927,-48.548418680458255,-73.13527385381914,-72.43127294377419,54.90652516511634,-8.762373889328927,1,0.3333333333333333,-2.9207912964429754
1998,house,62,D,6081.0,Tingle,alabama_sos,ALPERSON-TINGLE,AL-1998-house-62-D-TINGLE,0,0,TINGLE,False,UNRESOLVED-AL-1998-house-62-D-TINGLE,surname_only_unresolved_race_specific,-10.83284209362793,-10.83284209362793,13.845375640171502,-0.9697675726035033,-35.17926038840985,13.513576201153993,state_ticket_vote_weighted,1.0,meaningful,-10.83284209362793,-10.83284209362793,13.845375640171502,-0.9697675726035033,-35.17926038840985,13.513576201153993,-10.83284209362793,1,0.3333333333333333,-3.610947364542643
1998,house,62,R,8276.0,Allen,alabama_sos,ALPERSON-ALLEN,AL-1998-house-62-R-ALLEN,0,1,ALLEN,False,UNRESOLVED-AL-1998-house-62-R-ALLEN,surname_only_unresolved_race_specific,-10.83284209362793,-10.83284209362793,13.845375640171502,-0.9697675726035033,-35.17926038840985,13.513576201153993,state_ticket_vote_weighted,1.0,meaningful,10.83284209362793,10.83284209362793,-13.845375640171502,0.9697675726035033,-13.513576201153993,35.17926038840985,10.83284209362793,1,0.3333333333333333,3.610947364542643
1998,house,63,D,3912.0,Stanley,alabama_sos,ALPERSON-STANLEY,AL-1998-house-63-D-STANLEY,0,0,STANLEY,False,UNRESOLVED-AL-1998-house-63-D-STANLEY,surname_only_unresolved_race_specific,-33.04228505834326,-33.04228505834326,-6.077038036752175,-24.974716813256755,-60.16937977626827,-5.915190340418253,state_ticket_vote_weighted,1.0,meaningful,-33.04228505834326,-33.04228505834326,-6.077038036752175,-24.974716813256755,-60.16937977626827,-5.915190340418253,-33.04228505834326,1,0.3333333333333333,-11.014095019447753
1998,house,63,R,8672.0,Parker,alabama_sos,ALPERSON-PARKER,AL-1998-house-63-R-PARKER,0,1,PARKER,True,UNRESOLVED-AL-1998-house-63-R-PARKER,surname_only_unresolved_race_specific,-33.04228505834326,-33.04228505834326,-6.077038036752175,-24.974716813256755,-60.16937977626827,-5.915190340418253,state_ticket_vote_weighted,1.0,meaningful,33.04228505834326,33.04228505834326,6.077038036752175,24.974716813256755,5.915190340418253,60.16937977626827,33.04228505834326,1,0.3333333333333333,11.014095019447753
1998,house,64,D,7423.0,Warren,alabama_sos,ALPERSON-WARREN,AL-1998-house-64-D-WARREN,0,1,WARREN,False,UNRESOLVED-AL-1998-house-64-D-WARREN,surname_only_unresolved_race_specific,20.767157226334522,20.767157226334522,47.23225228824964,29.5635607760221,-5.649986080997362,47.1843005336664,state_ticket_vote_weighted,1.0,meaningful,20.767157226334522,20.767157226334522,47.23225228824964,29.5635607760221,-5.649986080997362,47.1843005336664,20.767157226334522,1,0.3333333333333333,6.922385742111507
1998,house,64,R,5086.0,Albritton,alabama_sos,ALPERSON-ALBRITTON,AL-1998-house-64-R-ALBRITTON,0,0,ALBRITTON,False,UNRESOLVED-AL-1998-house-64-R-ALBRITTON,surname_only_unresolved_race_specific,20.767157226334522,20.767157226334522,47.23225228824964,29.5635607760221,-5.649986080997362,47.1843005336664,state_ticket_vote_weighted,1.0,meaningful,-20.767157226334522,-20.767157226334522,-47.23225228824964,-29.5635607760221,-47.1843005336664,5.649986080997362,-20.767157226334522,1,0.3333333333333333,-6.922385742111507
1998,house,65,D,9100.0,Dolbare,alabama_sos,ALPERSON-DOLBARE,AL-1998-house-65-D-DOLBARE,0,1,DOLBARE,False,UNRESOLVED-AL-1998-house-65-D-DOLBARE,surname_only_unresolved_race_specific,30.485703618384875,30.485703618384875,65.73568163842702,37.0930213359574,-6.2402858295106824,67.21169306628043,state_ticket_vote_weighted,1.0,meaningful,30.485703618384875,30.485703618384875,65.73568163842702,37.0930213359574,-6.2402858295106824,67.21169306628043,30.485703618384875,1,0.3333333333333333,10.161901206128292
1998,house,65,R,4002.0,Overton,alabama_sos,ALPERSON-OVERTON,AL-1998-house-65-R-OVERTON,0,0,OVERTON,False,UNRESOLVED-AL-1998-house-65-R-OVERTON,surname_only_unresolved_race_specific,30.485703618384875,30.485703618384875,65.73568163842702,37.0930213359574,-6.2402858295106824,67.21169306628043,state_ticket_vote_weighted,1.0,meaningful,-30.485703618384875,-30.485703618384875,-65.73568163842702,-37.0930213359574,-67.21169306628043,6.2402858295106824,-30.485703618384875,1,0.3333333333333333,-10.161901206128292
1998,house,66,D,6433.0,White,alabama_sos,ALPERSON-WHITE,AL-1998-house-66-D-WHITE,0,1,WHITE,True,UNRESOLVED-AL-1998-house-66-D-WHITE,surname_only_unresolved_race_specific,32.43235853445602,32.43235853445602,64.54316474531439,41.00912785271946,-0.15433114718657492,65.01904821609861,state_ticket_vote_weighted,1.0,meaningful,32.43235853445602,32.43235853445602,64.54316474531439,41.00912785271946,-0.15433114718657492,65.01904821609861,32.43235853445602,1,0.3333333333333333,10.810786178152007
1998,house,66,R,3146.0,Aust,alabama_sos,ALPERSON-AUST,AL-1998-house-66-R-AUST,0,0,AUST,False,UNRESOLVED-AL-1998-house-66-R-AUST,surname_only_unresolved_race_specific,32.43235853445602,32.43235853445602,64.54316474531439,41.00912785271946,-0.15433114718657492,65.01904821609861,state_ticket_vote_weighted,1.0,meaningful,-32.43235853445602,-32.43235853445602,-64.54316474531439,-41.00912785271946,-65.01904821609861,0.15433114718657492,-32.43235853445602,1,0.3333333333333333,-10.810786178152007
1998,house,67,D,8521.0,Maull,alabama_sos,ALPERSON-MAULL,AL-1998-house-67-D-MAULL,0,1,MAULL,False,UNRESOLVED-AL-1998-house-67-D-MAULL,surname_only_unresolved_race_specific,10.336298743571803,10.336298743571803,31.416506496688676,20.11813715901229,-10.340116961345434,31.01271444848904,state_ticket_vote_weighted,1.0,meaningful,10.336298743571803,10.336298743571803,31.416506496688676,20.11813715901229,-10.340116961345434,31.01271444848904,10.336298743571803,1,0.3333333333333333,3.445432914523934
1998,house,67,R,3129.0,Dobynes,alabama_sos,ALPERSON-DOBYNES,AL-1998-house-67-R-DOBYNES,0,0,DOBYNES,False,UNRESOLVED-AL-1998-house-67-R-DOBYNES,surname_only_unresolved_race_specific,10.336298743571803,10.336298743571803,31.416506496688676,20.11813715901229,-10.340116961345434,31.01271444848904,state_ticket_vote_weighted,1.0,meaningful,-10.336298743571803,-10.336298743571803,-31.416506496688676,-20.11813715901229,-31.01271444848904,10.340116961345434,-10.336298743571803,1,0.3333333333333333,-3.445432914523934
1998,house,72,D,8973.0,Hayden,alabama_sos,ALPERSON-HAYDEN,AL-1998-house-72-D-HAYDEN,0,1,HAYDEN,False,UNRESOLVED-AL-1998-house-72-D-HAYDEN,surname_only_unresolved_race_specific,-0.05793665541390425,-0.05793665541390425,32.0085239304857,5.665800604772194,-33.578694331834186,33.46282102100638,state_ticket_vote_weighted,1.0,meaningful,-0.05793665541390425,-0.05793665541390425,32.0085239304857,5.665800604772194,-33.578694331834186,33.46282102100638,-0.05793665541390425,1,0.3333333333333333,-0.019312218471301414
1998,house,72,R,4152.0,Sutton,alabama_sos,ALPERSON-SUTTON,AL-1998-house-72-R-SUTTON,0,0,SUTTON,False,UNRESOLVED-AL-1998-house-72-R-SUTTON,surname_only_unresolved_race_specific,-0.05793665541390425,-0.05793665541390425,32.0085239304857,5.665800604772194,-33.578694331834186,33.46282102100638,state_ticket_vote_weighted,1.0,meaningful,0.05793665541390425,0.05793665541390425,-32.0085239304857,-5.665800604772194,-33.46282102100638,33.578694331834186,0.05793665541390425,1,0.3333333333333333,0.019312218471301414
1998,house,79,D,5971.0,Dempsey,alabama_sos,ALPERSON-DEMPSEY,AL-1998-house-79-D-DEMPSEY,0,0,DEMPSEY,False,UNRESOLVED-AL-1998-house-79-D-DEMPSEY,surname_only_unresolved_race_specific,-9.2113848928466,-9.2113848928466,9.588432293370214,6.450222374398354,-28.950823582926432,10.528053797233234,state_ticket_vote_weighted,1.0,meaningful,-9.2113848928466,-9.2113848928466,9.588432293370214,6.450222374398354,-28.950823582926432,10.528053797233234,-9.2113848928466,1,0.3333333333333333,-3.0704616309488664
1998,house,79,R,8356.0,Hubbard,alabama_sos,ALPERSON-HUBBARD,AL-1998-house-79-R-HUBBARD,0,1,HUBBARD,False,UNRESOLVED-AL-1998-house-79-R-HUBBARD,surname_only_unresolved_race_specific,-9.2113848928466,-9.2113848928466,9.588432293370214,6.450222374398354,-28.950823582926432,10.528053797233234,state_ticket_vote_weighted,1.0,meaningful,9.2113848928466,9.2113848928466,-9.588432293370214,-6.450222374398354,-10.528053797233234,28.950823582926432,9.2113848928466,1,0.3333333333333333,3.0704616309488664
1998,house,80,D,6462.0,Vance,alabama_sos,ALPERSON-VANCE,AL-1998-house-80-D-VANCE,0,1,VANCE,False,UNRESOLVED-AL-1998-house-80-D-VANCE,surname_only_unresolved_race_specific,19.97981102219491,19.97981102219491,50.91378670506969,23.421053991167664,-13.249784861284631,53.20940690567445,state_ticket_vote_weighted,1.0,meaningful,19.97981102219491,19.97981102219491,50.91378670506969,23.421053991167664,-13.249784861284631,53.20940690567445,19.97981102219491,1,0.3333333333333333,6.659937007398303
1998,house,80,R,3544.0,Dunn,alabama_sos,ALPERSON-DUNN,AL-1998-house-80-R-DUNN,0,0,DUNN,False,UNRESOLVED-AL-1998-house-80-R-DUNN,surname_only_unresolved_race_specific,19.97981102219491,19.97981102219491,50.91378670506969,23.421053991167664,-13.249784861284631,53.20940690567445,state_ticket_vote_weighted,1.0,meaningful,-19.97981102219491,-19.97981102219491,-50.91378670506969,-23.421053991167664,-53.20940690567445,13.249784861284631,-19.97981102219491,1,0.3333333333333333,-6.659937007398303
1998,house,81,D,10313.0,Graham,alabama_sos,ALPERSON-GRAHAM,AL-1998-house-81-D-GRAHAM,0,1,GRAHAM,False,UNRESOLVED-AL-1998-house-81-D-GRAHAM,surname_only_unresolved_race_specific,42.971765956591796,42.971765956591796,70.90299904787526,58.31002073345303,15.555121544511106,70.38841036867248,state_ticket_vote_weighted,1.0,meaningful,42.971765956591796,42.971765956591796,70.90299904787526,58.31002073345303,15.555121544511106,70.38841036867248,42.971765956591796,1,0.3333333333333333,14.323921985530598
1998,house,81,R,3723.0,Knight,alabama_sos,ALPERSON-KNIGHT,AL-1998-house-81-R-KNIGHT,0,0,KNIGHT,True,UNRESOLVED-AL-1998-house-81-R-KNIGHT,surname_only_unresolved_race_specific,42.971765956591796,42.971765956591796,70.90299904787526,58.31002073345303,15.555121544511106,70.38841036867248,state_ticket_vote_weighted,1.0,meaningful,-42.971765956591796,-42.971765956591796,-70.90299904787526,-58.31002073345303,-70.38841036867248,-15.555121544511106,-42.971765956591796,1,0.3333333333333333,-14.323921985530598
1998,house,84,D,7634.0,Beasley,alabama_sos,ALPERSON-BEASLEY,AL-1998-house-84-D-BEASLEY,0,1,BEASLEY,False,UNRESOLVED-AL-1998-house-84-D-BEASLEY,surname_only_unresolved_race_specific,-5.30544967608995,-5.30544967608995,33.40915577862603,7.333971105270008,-43.99986638242107,33.38896703024117,state_ticket_vote_weighted,0.9999996957096098,meaningful,-5.30544967608995,-5.30544967608995,33.40915577862603,7.333971105270008,-43.99986638242107,33.38896703024117,-5.30544967608995,1,0.3333333333333333,-1.7684832253633165
1998,house,84,R,5519.0,Horne,alabama_sos,ALPERSON-HORNE,AL-1998-house-84-R-HORNE,0,0,HORNE,False,UNRESOLVED-AL-1998-house-84-R-HORNE,surname_only_unresolved_race_specific,-5.30544967608995,-5.30544967608995,33.40915577862603,7.333971105270008,-43.99986638242107,33.38896703024117,state_ticket_vote_weighted,0.9999996957096098,meaningful,5.30544967608995,5.30544967608995,-33.40915577862603,-7.333971105270008,-33.38896703024117,43.99986638242107,5.30544967608995,1,0.3333333333333333,1.7684832253633165
1998,house,86,D,7116.0,Carothers,alabama_sos,ALPERSON-CAROTHERS,AL-1998-house-86-D-CAROTHERS,0,1,CAROTHERS,False,UNRESOLVED-AL-1998-house-86-D-CAROTHERS,surname_only_unresolved_race_specific,40.37909027191552,40.37909027191552,80.45505966267399,60.030503903940975,1.1022041640159514,79.65597637981509,state_ticket_vote_weighted,1.0,meaningful,40.37909027191552,40.37909027191552,80.45505966267399,60.030503903940975,1.1022041640159514,79.65597637981509,40.37909027191552,1,0.3333333333333333,13.459696757305174
1998,house,86,R,4227.0,Jeffers,alabama_sos,ALPERSON-JEFFERS,AL-1998-house-86-R-JEFFERS,0,0,JEFFERS,False,UNRESOLVED-AL-1998-house-86-R-JEFFERS,surname_only_unresolved_race_specific,40.37909027191552,40.37909027191552,80.45505966267399,60.030503903940975,1.1022041640159514,79.65597637981509,state_ticket_vote_weighted,1.0,meaningful,-40.37909027191552,-40.37909027191552,-80.45505966267399,-60.030503903940975,-79.65597637981509,-1.1022041640159514,-40.37909027191552,1,0.3333333333333333,-13.459696757305174
1998,house,87,D,5434.0,Mathis,alabama_sos,ALPERSON-MATHIS,AL-1998-house-87-D-MATHIS,0,0,MATHIS,False,UNRESOLVED-AL-1998-house-87-D-MATHIS,surname_only_unresolved_race_specific,-1.0719445008914903,-1.0719445008914903,40.05286980624616,18.036629183501738,-41.40815375127286,39.26426474948988,state_ticket_vote_weighted,0.9999346418159951,meaningful,-1.0719445008914903,-1.0719445008914903,40.05286980624616,18.036629183501738,-41.40815375127286,39.26426474948988,-1.0719445008914903,1,0.3333333333333333,-0.35731483363049676
1998,house,87,R,7910.0,Seibenhener,alabama_sos,ALPERSON-SEIBENHENER,AL-1998-house-87-R-SEIBENHENER,0,1,SEIBENHENER,False,UNRESOLVED-AL-1998-house-87-R-SEIBENHENER,surname_only_unresolved_race_specific,-1.0719445008914903,-1.0719445008914903,40.05286980624616,18.036629183501738,-41.40815375127286,39.26426474948988,state_ticket_vote_weighted,0.9999346418159951,meaningful,1.0719445008914903,1.0719445008914903,-40.05286980624616,-18.036629183501738,-39.26426474948988,41.40815375127286,1.0719445008914903,1,0.3333333333333333,0.35731483363049676
1998,house,89,D,8669.0,Boothe,alabama_sos,ALPERSON-BOOTHE,AL-1998-house-89-D-BOOTHE,0,1,BOOTHE,False,UNRESOLVED-AL-1998-house-89-D-BOOTHE,surname_only_unresolved_race_specific,5.623772615955703,5.623772615955703,47.67661997536601,24.521577062069426,-35.788510128479665,47.03605536039107,state_ticket_vote_weighted,0.9739683212903427,meaningful,5.623772615955703,5.623772615955703,47.67661997536601,24.521577062069426,-35.788510128479665,47.03605536039107,5.623772615955703,1,0.3333333333333333,1.8745908719852342
1998,house,89,R,7102.0,Meeks,alabama_sos,ALPERSON-MEEKS,AL-1998-house-89-R-MEEKS,0,0,MEEKS,False,UNRESOLVED-AL-1998-house-89-R-MEEKS,surname_only_unresolved_race_specific,5.623772615955703,5.623772615955703,47.67661997536601,24.521577062069426,-35.788510128479665,47.03605536039107,state_ticket_vote_weighted,0.9739683212903427,meaningful,-5.623772615955703,-5.623772615955703,-47.67661997536601,-24.521577062069426,-47.03605536039107,35.788510128479665,-5.623772615955703,1,0.3333333333333333,-1.8745908719852342
1998,house,91,D,6575.0,Spicer,alabama_sos,ALPERSON-SPICER,AL-1998-house-91-D-SPICER,0,1,SPICER,False,UNRESOLVED-AL-1998-house-91-D-SPICER,surname_only_unresolved_race_specific,-0.42691257222489654,-0.42691257222489654,45.08079989777153,22.4944963926231,-45.025227514883284,44.17140237043348,state_ticket_vote_weighted,0.9999292640914634,meaningful,-0.42691257222489654,-0.42691257222489654,45.08079989777153,22.4944963926231,-45.025227514883284,44.17140237043348,-0.42691257222489654,1,0.3333333333333333,-0.14230419074163217
1998,house,91,R,6296.0,Moore,alabama_sos,ALPERSON-MOORE,AL-1998-house-91-R-MOORE,0,0,MOORE,False,UNRESOLVED-AL-1998-house-91-R-MOORE,surname_only_unresolved_race_specific,-0.42691257222489654,-0.42691257222489654,45.08079989777153,22.4944963926231,-45.025227514883284,44.17140237043348,state_ticket_vote_weighted,0.9999292640914634,meaningful,0.42691257222489654,0.42691257222489654,-45.08079989777153,-22.4944963926231,-44.17140237043348,45.025227514883284,0.42691257222489654,1,0.3333333333333333,0.14230419074163217
1998,house,95,D,3692.0,Pfeifer,alabama_sos,ALPERSON-PFEIFER,AL-1998-house-95-D-PFEIFER,0,0,PFEIFER,False,UNRESOLVED-AL-1998-house-95-D-PFEIFER,surname_only_unresolved_race_specific,-21.74479137064516,-21.74479137064516,9.935128000300516,-8.581588204191242,-52.93852632737307,9.448943586082745,state_ticket_vote_weighted,1.0,meaningful,-21.74479137064516,-21.74479137064516,9.935128000300516,-8.581588204191242,-52.93852632737307,9.448943586082745,-21.74479137064516,1,0.3333333333333333,-7.248263790215053
1998,house,95,R,11126.0,McMillan,alabama_sos,ALPERSON-MCMILLAN,AL-1998-house-95-R-MCMILLAN,0,1,MCMILLAN,False,UNRESOLVED-AL-1998-house-95-R-MCMILLAN,surname_only_unresolved_race_specific,-21.74479137064516,-21.74479137064516,9.935128000300516,-8.581588204191242,-52.93852632737307,9.448943586082745,state_ticket_vote_weighted,1.0,meaningful,21.74479137064516,21.74479137064516,-9.935128000300516,8.581588204191242,-9.448943586082745,52.93852632737307,21.74479137064516,1,0.3333333333333333,7.248263790215053
1998,house,96,D,3635.0,Eason,alabama_sos,ALPERSON-EASON,AL-1998-house-96-D-EASON,0,0,EASON,False,UNRESOLVED-AL-1998-house-96-D-EASON,surname_only_unresolved_race_specific,-22.724903818325735,-22.724903818325735,14.538920354254664,-22.01025476022479,-64.49441163064603,19.04460399399455,state_ticket_vote_weighted,1.0,meaningful,-22.724903818325735,-22.724903818325735,14.538920354254664,-22.01025476022479,-64.49441163064603,19.04460399399455,-22.724903818325735,1,0.3333333333333333,-7.574967939441912
1998,house,96,R,7050.0,Greene,alabama_sos,ALPERSON-GREENE,AL-1998-house-96-R-GREENE,0,1,GREENE,False,UNRESOLVED-AL-1998-house-96-R-GREENE,surname_only_unresolved_race_specific,-22.724903818325735,-22.724903818325735,14.538920354254664,-22.01025476022479,-64.49441163064603,19.04460399399455,state_ticket_vote_weighted,1.0,meaningful,22.724903818325735,22.724903818325735,-14.538920354254664,22.01025476022479,-19.04460399399455,64.49441163064603,22.724903818325735,1,0.3333333333333333,7.574967939441912
1998,house,102,D,2587.0,Pace,alabama_sos,ALPERSON-PACE,AL-1998-house-102-D-PACE,0,0,PACE,False,UNRESOLVED-AL-1998-house-102-D-PACE,surname_only_unresolved_race_specific,-23.50511824818934,-23.50511824818934,13.427837492457094,-42.867362674754666,-79.56299878205506,32.55276228567638,state_ticket_vote_weighted,1.0,meaningful,-23.50511824818934,-23.50511824818934,13.427837492457094,-42.867362674754666,-79.56299878205506,32.55276228567638,-23.50511824818934,1,0.3333333333333333,-7.835039416063113
1998,house,102,R,8379.0,Turner,alabama_sos,ALPERSON-TURNER,AL-1998-house-102-R-TURNER,0,1,TURNER,False,UNRESOLVED-AL-1998-house-102-R-TURNER,surname_only_unresolved_race_specific,-23.50511824818934,-23.50511824818934,13.427837492457094,-42.867362674754666,-79.56299878205506,32.55276228567638,state_ticket_vote_weighted,1.0,meaningful,23.50511824818934,23.50511824818934,-13.427837492457094,42.867362674754666,-32.55276228567638,79.56299878205506,23.50511824818934,1,0.3333333333333333,7.835039416063113
1998,house,104,D,4411.0,Rockhold,alabama_sos,ALPERSON-ROCKHOLD,AL-1998-house-104-D-ROCKHOLD,0,0,ROCKHOLD,False,UNRESOLVED-AL-1998-house-104-D-ROCKHOLD,surname_only_unresolved_race_specific,-2.136157491201107,-2.136157491201107,32.612953357234716,-12.832932003625157,-48.7059265021161,44.43361151971389,state_ticket_vote_weighted,1.0,meaningful,-2.136157491201107,-2.136157491201107,32.612953357234716,-12.832932003625157,-48.7059265021161,44.43361151971389,-2.136157491201107,1,0.3333333333333333,-0.7120524970670357
1998,house,104,R,7014.0,Dean,alabama_sos,ALPERSON-DEAN,AL-1998-house-104-R-DEAN,0,1,DEAN,False,UNRESOLVED-AL-1998-house-104-R-DEAN,surname_only_unresolved_race_specific,-2.136157491201107,-2.136157491201107,32.612953357234716,-12.832932003625157,-48.7059265021161,44.43361151971389,state_ticket_vote_weighted,1.0,meaningful,2.136157491201107,2.136157491201107,-32.612953357234716,12.832932003625157,-44.43361151971389,48.7059265021161,2.136157491201107,1,0.3333333333333333,0.7120524970670357
1998,house,105,D,3915.0,Straub,alabama_sos,ALPERSON-STRAUB,AL-1998-house-105-D-STRAUB,0,0,STRAUB,False,UNRESOLVED-AL-1998-house-105-D-STRAUB,surname_only_unresolved_race_specific,-0.7031606928836052,-0.7031606928836052,35.386895863368444,-4.93161459756138,-44.133522580576255,42.72720119480904,state_ticket_vote_weighted,1.0,meaningful,-0.7031606928836052,-0.7031606928836052,35.386895863368444,-4.93161459756138,-44.133522580576255,42.72720119480904,-0.7031606928836052,1,0.3333333333333333,-0.23438689762786838
1998,house,105,R,5284.0,Crigler,alabama_sos,ALPERSON-CRIGLER,AL-1998-house-105-R-CRIGLER,0,1,CRIGLER,False,UNRESOLVED-AL-1998-house-105-R-CRIGLER,surname_only_unresolved_race_specific,-0.7031606928836052,-0.7031606928836052,35.386895863368444,-4.93161459756138,-44.133522580576255,42.72720119480904,state_ticket_vote_weighted,1.0,meaningful,0.7031606928836052,0.7031606928836052,-35.386895863368444,4.93161459756138,-42.72720119480904,44.133522580576255,0.7031606928836052,1,0.3333333333333333,0.23438689762786838
1998,senate,1,D,27746.0,Denton,alabama_sos,ALPERSON-DENTON,AL-1998-senate-1-D-DENTON,0,1,DENTON,False,UNRESOLVED-AL-1998-senate-1-D-DENTON,surname_only_unresolved_race_specific,30.317667342709647,30.317667342709647,29.058051115144046,38.45789781642314,20.316957303710264,40.31837738170903,state_ticket_vote_weighted,1.0,meaningful,30.317667342709647,30.317667342709647,29.058051115144046,38.45789781642314,20.316957303710264,40.31837738170903,30.317667342709647,1,0.3333333333333333,10.105889114236549
1998,senate,1,R,11300.0,Hargett,alabama_sos,ALPERSON-HARGETT,AL-1998-senate-1-R-HARGETT,0,0,HARGETT,False,UNRESOLVED-AL-1998-senate-1-R-HARGETT,surname_only_unresolved_race_specific,30.317667342709647,30.317667342709647,29.058051115144046,38.45789781642314,20.316957303710264,40.31837738170903,state_ticket_vote_weighted,1.0,meaningful,-30.317667342709647,-30.317667342709647,-29.058051115144046,-38.45789781642314,-40.31837738170903,-20.316957303710264,-30.317667342709647,1,0.3333333333333333,-10.105889114236549
1998,senate,2,D,27007.0,Butler,alabama_sos,ALPERSON-BUTLER,AL-1998-senate-2-D-BUTLER,0,1,BUTLER,False,UNRESOLVED-AL-1998-senate-2-D-BUTLER,surname_only_unresolved_race_specific,22.138282116511142,22.138282116511142,27.41574164148581,33.16261075368605,11.331175970648394,32.94538826237389,state_ticket_vote_weighted,1.0,meaningful,22.138282116511142,22.138282116511142,27.41574164148581,33.16261075368605,11.331175970648394,32.94538826237389,22.138282116511142,1,0.3333333333333333,7.3794273721703805
1998,senate,2,R,17970.0,McInnish,alabama_sos,ALPERSON-MCINNISH,AL-1998-senate-2-R-MCINNISH,0,0,MCINNISH,False,UNRESOLVED-AL-1998-senate-2-R-MCINNISH,surname_only_unresolved_race_specific,22.138282116511142,22.138282116511142,27.41574164148581,33.16261075368605,11.331175970648394,32.94538826237389,state_ticket_vote_weighted,1.0,meaningful,-22.138282116511142,-22.138282116511142,-27.41574164148581,-33.16261075368605,-32.94538826237389,-11.331175970648394,-22.138282116511142,1,0.3333333333333333,-7.3794273721703805
1998,senate,3,D,28721.0,Roberts,alabama_sos,ALPERSON-ROBERTS,AL-1998-senate-3-D-ROBERTS,0,1,ROBERTS,False,UNRESOLVED-AL-1998-senate-3-D-ROBERTS,surname_only_unresolved_race_specific,41.113447107449495,41.113447107449495,52.58189948051072,41.294609803393286,28.23694998176836,53.98994423313063,state_ticket_vote_weighted,1.0,meaningful,41.113447107449495,41.113447107449495,52.58189948051072,41.294609803393286,28.23694998176836,53.98994423313063,41.113447107449495,1,0.3333333333333333,13.704482369149831
1998,senate,3,R,10265.0,Buchanan,alabama_sos,ALPERSON-BUCHANAN,AL-1998-senate-3-R-BUCHANAN,0,0,BUCHANAN,False,UNRESOLVED-AL-1998-senate-3-R-BUCHANAN,surname_only_unresolved_race_specific,41.113447107449495,41.113447107449495,52.58189948051072,41.294609803393286,28.23694998176836,53.98994423313063,state_ticket_vote_weighted,1.0,meaningful,-41.113447107449495,-41.113447107449495,-52.58189948051072,-41.294609803393286,-53.98994423313063,-28.23694998176836,-41.113447107449495,1,0.3333333333333333,-13.704482369149831
1998,senate,4,D,21073.0,Little,alabama_sos,ALPERSON-LITTLE,AL-1998-senate-4-D-LITTLE,0,1,LITTLE,True,UNRESOLVED-AL-1998-senate-4-D-LITTLE,surname_only_unresolved_race_specific,14.196313928456224,14.196313928456224,31.49882734902606,31.85233740119877,-5.586374051056566,33.979001907969014,state_ticket_vote_weighted,1.0,meaningful,14.196313928456224,14.196313928456224,31.49882734902606,31.85233740119877,-5.586374051056566,33.979001907969014,14.196313928456224,1,0.3333333333333333,4.732104642818741
1998,senate,4,R,17994.0,Hale,alabama_sos,ALPERSON-HALE,AL-1998-senate-4-R-HALE,0,0,HALE,False,UNRESOLVED-AL-1998-senate-4-R-HALE,surname_only_unresolved_race_specific,14.196313928456224,14.196313928456224,31.49882734902606,31.85233740119877,-5.586374051056566,33.979001907969014,state_ticket_vote_weighted,1.0,meaningful,-14.196313928456224,-14.196313928456224,-31.49882734902606,-31.85233740119877,-33.979001907969014,5.586374051056566,-14.196313928456224,1,0.3333333333333333,-4.732104642818741
1998,senate,5,D,19072.0,Bishop,alabama_sos,ALPERSON-BISHOP,AL-1998-senate-5-D-BISHOP,0,0,BISHOP,False,UNRESOLVED-AL-1998-senate-5-D-BISHOP,surname_only_unresolved_race_specific,-0.5770999535361643,-0.5770999535361643,23.54836692690764,-6.18026239426087,-31.538754502957985,30.38455459588566,state_ticket_vote_weighted,0.9999974051218526,meaningful,-0.5770999535361643,-0.5770999535361643,23.54836692690764,-6.18026239426087,-31.538754502957985,30.38455459588566,-0.5770999535361643,1,0.3333333333333333,-0.19236665117872143
1998,senate,5,R,23000.0,Lee,alabama_sos,ALPERSON-LEE,AL-1998-senate-5-R-LEE,0,1,LEE,False,UNRESOLVED-AL-1998-senate-5-R-LEE,surname_only_unresolved_race_specific,-0.5770999535361643,-0.5770999535361643,23.54836692690764,-6.18026239426087,-31.538754502957985,30.38455459588566,state_ticket_vote_weighted,0.9999974051218526,meaningful,0.5770999535361643,0.5770999535361643,-23.54836692690764,6.18026239426087,-30.38455459588566,31.538754502957985,0.5770999535361643,1,0.3333333333333333,0.19236665117872143
1998,senate,6,D,25336.0,Bedford,alabama_sos,ALPERSON-BEDFORD,AL-1998-senate-6-D-BEDFORD,0,1,BEDFORD,False,UNRESOLVED-AL-1998-senate-6-D-BEDFORD,surname_only_unresolved_race_specific,26.50463004851514,26.50463004851514,47.12593029315963,33.96477997615042,6.039943847659128,46.96931624937115,state_ticket_vote_weighted,1.0,meaningful,26.50463004851514,26.50463004851514,47.12593029315963,33.96477997615042,6.039943847659128,46.96931624937115,26.50463004851514,1,0.3333333333333333,8.83487668283838
1998,senate,6,R,12367.0,Hardy,alabama_sos,ALPERSON-HARDY,AL-1998-senate-6-R-HARDY,0,0,HARDY,False,UNRESOLVED-AL-1998-senate-6-R-HARDY,surname_only_unresolved_race_specific,26.50463004851514,26.50463004851514,47.12593029315963,33.96477997615042,6.039943847659128,46.96931624937115,state_ticket_vote_weighted,1.0,meaningful,-26.50463004851514,-26.50463004851514,-47.12593029315963,-33.96477997615042,-46.96931624937115,-6.039943847659128,-26.50463004851514,1,0.3333333333333333,-8.83487668283838
1998,senate,7,D,17884.0,Batts,alabama_sos,ALPERSON-BATTS,AL-1998-senate-7-D-BATTS,0,0,BATTS,False,UNRESOLVED-AL-1998-senate-7-D-BATTS,surname_only_unresolved_race_specific,-20.546900997485377,-20.546900997485377,-16.9118286646743,-3.9066756990200657,-37.69447140554769,-3.3993305894230694,state_ticket_vote_weighted,1.0,meaningful,-20.546900997485377,-20.546900997485377,-16.9118286646743,-3.9066756990200657,-37.69447140554769,-3.3993305894230694,-20.546900997485377,1,0.3333333333333333,-6.848966999161792
1998,senate,7,R,18419.0,Enfinger,alabama_sos,ALPERSON-ENFINGER,AL-1998-senate-7-R-ENFINGER,0,1,ENFINGER,False,UNRESOLVED-AL-1998-senate-7-R-ENFINGER,surname_only_unresolved_race_specific,-20.546900997485377,-20.546900997485377,-16.9118286646743,-3.9066756990200657,-37.69447140554769,-3.3993305894230694,state_ticket_vote_weighted,1.0,meaningful,20.546900997485377,20.546900997485377,16.9118286646743,3.9066756990200657,3.3993305894230694,37.69447140554769,20.546900997485377,1,0.3333333333333333,6.848966999161792
1998,senate,8,D,20594.0,Barron,alabama_sos,ALPERSON-BARRON,AL-1998-senate-8-D-BARRON,0,1,BARRON,False,UNRESOLVED-AL-1998-senate-8-D-BARRON,surname_only_unresolved_race_specific,14.218654236659184,14.218654236659184,28.086373039005302,27.70379127859272,-1.326431905429537,29.763740378747904,state_ticket_vote_weighted,0.9871579673357049,meaningful,14.218654236659184,14.218654236659184,28.086373039005302,27.70379127859272,-1.326431905429537,29.763740378747904,14.218654236659184,1,0.3333333333333333,4.739551412219727
1998,senate,8,R,12488.0,Culpepper,alabama_sos,ALPERSON-CULPEPPER,AL-1998-senate-8-R-CULPEPPER,0,0,CULPEPPER,False,UNRESOLVED-AL-1998-senate-8-R-CULPEPPER,surname_only_unresolved_race_specific,14.218654236659184,14.218654236659184,28.086373039005302,27.70379127859272,-1.326431905429537,29.763740378747904,state_ticket_vote_weighted,0.9871579673357049,meaningful,-14.218654236659184,-14.218654236659184,-28.086373039005302,-27.70379127859272,-29.763740378747904,1.326431905429537,-14.218654236659184,1,0.3333333333333333,-4.739551412219727
1998,senate,9,D,24770.0,Mitchem,alabama_sos,ALPERSON-MITCHEM,AL-1998-senate-9-D-MITCHEM,0,1,MITCHEM,False,UNRESOLVED-AL-1998-senate-9-D-MITCHEM,surname_only_unresolved_race_specific,35.074890992933064,35.074890992933064,66.58121474263115,51.11014341742832,4.181508401995984,65.96827358387014,state_ticket_vote_weighted,0.9968929508950384,meaningful,35.074890992933064,35.074890992933064,66.58121474263115,51.11014341742832,4.181508401995984,65.96827358387014,35.074890992933064,1,0.3333333333333333,11.691630330977688
1998,senate,9,R,13441.0,King,alabama_sos,ALPERSON-KING,AL-1998-senate-9-R-KING,0,0,KING,False,UNRESOLVED-AL-1998-senate-9-R-KING,surname_only_unresolved_race_specific,35.074890992933064,35.074890992933064,66.58121474263115,51.11014341742832,4.181508401995984,65.96827358387014,state_ticket_vote_weighted,0.9968929508950384,meaningful,-35.074890992933064,-35.074890992933064,-66.58121474263115,-51.11014341742832,-65.96827358387014,-4.181508401995984,-35.074890992933064,1,0.3333333333333333,-11.691630330977688
1998,senate,10,D,22446.0,Means,alabama_sos,ALPERSON-MEANS,AL-1998-senate-10-D-MEANS,0,1,MEANS,False,UNRESOLVED-AL-1998-senate-10-D-MEANS,surname_only_unresolved_race_specific,8.025539895675273,8.025539895675273,33.146488132087946,18.79255884204004,-16.676504916777827,32.727584708128376,state_ticket_vote_weighted,0.9999990984610925,meaningful,8.025539895675273,8.025539895675273,33.146488132087946,18.79255884204004,-16.676504916777827,32.727584708128376,8.025539895675273,1,0.3333333333333333,2.675179965225091
1998,senate,10,R,14783.0,Smith,alabama_sos,ALPERSON-SMITH,AL-1998-senate-10-R-SMITH,0,0,SMITH,True,UNRESOLVED-AL-1998-senate-10-R-SMITH,surname_only_unresolved_race_specific,8.025539895675273,8.025539895675273,33.146488132087946,18.79255884204004,-16.676504916777827,32.727584708128376,state_ticket_vote_weighted,0.9999990984610925,meaningful,-8.025539895675273,-8.025539895675273,-33.146488132087946,-18.79255884204004,-32.727584708128376,16.676504916777827,-8.025539895675273,1,0.3333333333333333,-2.675179965225091
1998,senate,11,D,18433.0,Preuitt,alabama_sos,ALPERSON-PREUITT,AL-1998-senate-11-D-PREUITT,0,1,PREUITT,False,UNRESOLVED-AL-1998-senate-11-D-PREUITT,surname_only_unresolved_race_specific,2.5005781361277215,2.5005781361277215,34.049397740154255,16.66741995651868,-28.47073567072046,33.4718919429759,state_ticket_vote_weighted,1.0,meaningful,2.5005781361277215,2.5005781361277215,34.049397740154255,16.66741995651868,-28.47073567072046,33.4718919429759,2.5005781361277215,1,0.3333333333333333,0.8335260453759071
1998,senate,11,R,16692.0,Hill,alabama_sos,ALPERSON-HILL,AL-1998-senate-11-R-HILL,0,0,HILL,False,UNRESOLVED-AL-1998-senate-11-R-HILL,surname_only_unresolved_race_specific,2.5005781361277215,2.5005781361277215,34.049397740154255,16.66741995651868,-28.47073567072046,33.4718919429759,state_ticket_vote_weighted,1.0,meaningful,-2.5005781361277215,-2.5005781361277215,-34.049397740154255,-16.66741995651868,-33.4718919429759,28.47073567072046,-2.5005781361277215,1,0.3333333333333333,-0.8335260453759071
1998,senate,12,D,15497.0,Thomas,alabama_sos,ALPERSON-THOMAS,AL-1998-senate-12-D-THOMAS,0,0,THOMAS,True,UNRESOLVED-AL-1998-senate-12-D-THOMAS,surname_only_unresolved_race_specific,-12.845558720138484,-12.845558720138484,24.21236077016936,4.782407342557876,-49.17662890109565,23.485511460818678,state_ticket_vote_weighted,1.0,meaningful,-12.845558720138484,-12.845558720138484,24.21236077016936,4.782407342557876,-49.17662890109565,23.485511460818678,-12.845558720138484,1,0.3333333333333333,-4.281852906712828
1998,senate,12,R,16102.0,Marsh,alabama_sos,ALPERSON-MARSH,AL-1998-senate-12-R-MARSH,0,1,MARSH,False,UNRESOLVED-AL-1998-senate-12-R-MARSH,surname_only_unresolved_race_specific,-12.845558720138484,-12.845558720138484,24.21236077016936,4.782407342557876,-49.17662890109565,23.485511460818678,state_ticket_vote_weighted,1.0,meaningful,12.845558720138484,12.845558720138484,-24.21236077016936,-4.782407342557876,-23.485511460818678,49.17662890109565,12.845558720138484,1,0.3333333333333333,4.281852906712828
1998,senate,13,D,22513.0,Dial,alabama_sos,ALPERSON-DIAL,AL-1998-senate-13-D-DIAL,0,1,DIAL,False,UNRESOLVED-AL-1998-senate-13-D-DIAL,surname_only_unresolved_race_specific,25.576062821997475,25.576062821997475,54.21439089056395,34.17011488645236,-3.237920438562128,54.39004608255708,state_ticket_vote_weighted,0.9979243610151975,meaningful,25.576062821997475,25.576062821997475,54.21439089056395,34.17011488645236,-3.237920438562128,54.39004608255708,25.576062821997475,1,0.3333333333333333,8.525354273999158
1998,senate,13,R,10206.0,Branch,alabama_sos,ALPERSON-BRANCH,AL-1998-senate-13-R-BRANCH,0,0,BRANCH,True,UNRESOLVED-AL-1998-senate-13-R-BRANCH,surname_only_unresolved_race_specific,25.576062821997475,25.576062821997475,54.21439089056395,34.17011488645236,-3.237920438562128,54.39004608255708,state_ticket_vote_weighted,0.9979243610151975,meaningful,-25.576062821997475,-25.576062821997475,-54.21439089056395,-34.17011488645236,-54.39004608255708,3.237920438562128,-25.576062821997475,1,0.3333333333333333,-8.525354273999158
1998,senate,14,D,11302.0,Robinson,alabama_sos,ALPERSON-ROBINSON,AL-1998-senate-14-D-ROBINSON,0,0,ROBINSON,True,UNRESOLVED-AL-1998-senate-14-D-ROBINSON,surname_only_unresolved_race_specific,-25.807450770917207,-25.807450770917207,2.2346711682596307,-11.14697410779182,-53.29825419424273,1.6833526524083133,state_ticket_vote_weighted,0.9999999973909122,meaningful,-25.807450770917207,-25.807450770917207,2.2346711682596307,-11.14697410779182,-53.29825419424273,1.6833526524083133,-25.807450770917207,1,0.3333333333333333,-8.602483590305734
1998,senate,14,R,33491.0,Armistead,alabama_sos,ALPERSON-ARMISTEAD,AL-1998-senate-14-R-ARMISTEAD,0,1,ARMISTEAD,False,UNRESOLVED-AL-1998-senate-14-R-ARMISTEAD,surname_only_unresolved_race_specific,-25.807450770917207,-25.807450770917207,2.2346711682596307,-11.14697410779182,-53.29825419424273,1.6833526524083133,state_ticket_vote_weighted,0.9999999973909122,meaningful,25.807450770917207,25.807450770917207,-2.2346711682596307,11.14697410779182,-1.6833526524083133,53.29825419424273,25.807450770917207,1,0.3333333333333333,8.602483590305734
1998,senate,16,D,11193.0,Johns,alabama_sos,ALPERSON-JOHNS,AL-1998-senate-16-D-JOHNS,0,0,JOHNS,False,UNRESOLVED-AL-1998-senate-16-D-JOHNS,surname_only_unresolved_race_specific,-16.956081974428002,-16.956081974428002,7.289208953032009,-33.93365382846785,-57.563256547779545,23.65109259892354,state_ticket_vote_weighted,0.999994832940275,meaningful,-16.956081974428002,-16.956081974428002,7.289208953032009,-33.93365382846785,-57.563256547779545,23.65109259892354,-16.956081974428002,1,0.3333333333333333,-5.652027324809334
1998,senate,16,R,42057.0,Waggoner,alabama_sos,ALPERSON-WAGGONER,AL-1998-senate-16-R-WAGGONER,0,1,WAGGONER,False,UNRESOLVED-AL-1998-senate-16-R-WAGGONER,surname_only_unresolved_race_specific,-16.956081974428002,-16.956081974428002,7.289208953032009,-33.93365382846785,-57.563256547779545,23.65109259892354,state_ticket_vote_weighted,0.999994832940275,meaningful,16.956081974428002,16.956081974428002,-7.289208953032009,33.93365382846785,-23.65109259892354,57.563256547779545,16.956081974428002,1,0.3333333333333333,5.652027324809334
1998,senate,18,D,6210.0,Morrow,alabama_sos,ALPERSON-MORROW,AL-1998-senate-18-D-MORROW,0,1,MORROW,True,UNRESOLVED-AL-1998-senate-18-D-MORROW,surname_only_unresolved_race_specific,-14.885681155007326,-14.885681155007326,20.681985260138543,28.33056229019291,-60.08773565508278,30.31637334506813,state_ticket_vote_weighted,0.99998978543356,meaningful,-14.885681155007326,-14.885681155007326,20.681985260138543,28.33056229019291,-60.08773565508278,30.31637334506813,-14.885681155007326,1,0.3333333333333333,-4.961893718335775
1998,senate,18,R,2670.0,Britnell,alabama_sos,ALPERSON-BRITNELL,AL-1998-senate-18-R-BRITNELL,0,0,BRITNELL,True,UNRESOLVED-AL-1998-senate-18-R-BRITNELL,surname_only_unresolved_race_specific,-14.885681155007326,-14.885681155007326,20.681985260138543,28.33056229019291,-60.08773565508278,30.31637334506813,state_ticket_vote_weighted,0.99998978543356,meaningful,14.885681155007326,14.885681155007326,-20.681985260138543,-28.33056229019291,-30.31637334506813,60.08773565508278,14.885681155007326,1,0.3333333333333333,4.961893718335775
1998,senate,20,D,23173.0,Escott,alabama_sos,ALPERSON-ESCOTT,AL-1998-senate-20-D-ESCOTT,0,1,ESCOTT,False,UNRESOLVED-AL-1998-senate-20-D-ESCOTT,surname_only_unresolved_race_specific,0.7617930213807398,0.7617930213807398,44.58957782101969,58.10489840244689,-57.993437683859156,59.517023726620636,state_ticket_vote_weighted,0.9999892628872992,meaningful,0.7617930213807398,0.7617930213807398,44.58957782101969,58.10489840244689,-57.993437683859156,59.517023726620636,0.7617930213807398,1,0.3333333333333333,0.25393100712691324
1998,senate,20,R,5710.0,Bonham,alabama_sos,ALPERSON-BONHAM,AL-1998-senate-20-R-BONHAM,0,0,BONHAM,False,UNRESOLVED-AL-1998-senate-20-R-BONHAM,surname_only_unresolved_race_specific,0.7617930213807398,0.7617930213807398,44.58957782101969,58.10489840244689,-57.993437683859156,59.517023726620636,state_ticket_vote_weighted,0.9999892628872992,meaningful,-0.7617930213807398,-0.7617930213807398,-44.58957782101969,-58.10489840244689,-59.517023726620636,57.993437683859156,-0.7617930213807398,1,0.3333333333333333,-0.25393100712691324
1998,senate,21,D,20049.0,Poole,alabama_sos,ALPERSON-POOLE,AL-1998-senate-21-D-POOLE,0,1,POOLE,False,UNRESOLVED-AL-1998-senate-21-D-POOLE,surname_only_unresolved_race_specific,3.3684383949344743,3.3684383949344743,28.099009504043416,11.795692427736615,-21.27380929331336,28.01068608318231,state_ticket_vote_weighted,0.9999999995974738,meaningful,3.3684383949344743,3.3684383949344743,28.099009504043416,11.795692427736615,-21.27380929331336,28.01068608318231,3.3684383949344743,1,0.3333333333333333,1.1228127983114913
1998,senate,21,R,19991.0,Bentley,alabama_sos,ALPERSON-BENTLEY,AL-1998-senate-21-R-BENTLEY,0,0,BENTLEY,False,UNRESOLVED-AL-1998-senate-21-R-BENTLEY,surname_only_unresolved_race_specific,3.3684383949344743,3.3684383949344743,28.099009504043416,11.795692427736615,-21.27380929331336,28.01068608318231,state_ticket_vote_weighted,0.9999999995974738,meaningful,-3.3684383949344743,-3.3684383949344743,-28.099009504043416,-11.795692427736615,-28.01068608318231,21.27380929331336,-3.3684383949344743,1,0.3333333333333333,-1.1228127983114913
1998,senate,22,D,19750.0,Lindsey,alabama_sos,ALPERSON-LINDSEY,AL-1998-senate-22-D-LINDSEY,0,1,LINDSEY,True,UNRESOLVED-AL-1998-senate-22-D-LINDSEY,surname_only_unresolved_race_specific,9.836933829938923,9.836933829938923,39.49947131928754,16.526156608262394,-20.65755281584873,40.331420475726574,state_ticket_vote_weighted,1.0,meaningful,9.836933829938923,9.836933829938923,39.49947131928754,16.526156608262394,-20.65755281584873,40.331420475726574,9.836933829938923,1,0.3333333333333333,3.278977943312974
1998,senate,22,R,15273.0,Joyner,alabama_sos,ALPERSON-JOYNER,AL-1998-senate-22-R-JOYNER,0,0,JOYNER,False,UNRESOLVED-AL-1998-senate-22-R-JOYNER,surname_only_unresolved_race_specific,9.836933829938923,9.836933829938923,39.49947131928754,16.526156608262394,-20.65755281584873,40.331420475726574,state_ticket_vote_weighted,1.0,meaningful,-9.836933829938923,-9.836933829938923,-39.49947131928754,-16.526156608262394,-40.331420475726574,20.65755281584873,-9.836933829938923,1,0.3333333333333333,-3.278977943312974
1998,senate,24,D,24295.0,Steele,alabama_sos,ALPERSON-STEELE,AL-1998-senate-24-D-STEELE,0,1,STEELE,False,UNRESOLVED-AL-1998-senate-24-D-STEELE,surname_only_unresolved_race_specific,5.796640383214374,5.796640383214374,44.79591624488542,15.333174384066702,-34.05087268888162,45.64415345531037,state_ticket_vote_weighted,1.0,meaningful,5.796640383214374,5.796640383214374,44.79591624488542,15.333174384066702,-34.05087268888162,45.64415345531037,5.796640383214374,1,0.3333333333333333,1.9322134610714579
1998,senate,24,R,8396.0,Williams,alabama_sos,ALPERSON-WILLIAMS,AL-1998-senate-24-R-WILLIAMS,0,0,WILLIAMS,True,UNRESOLVED-AL-1998-senate-24-R-WILLIAMS,surname_only_unresolved_race_specific,5.796640383214374,5.796640383214374,44.79591624488542,15.333174384066702,-34.05087268888162,45.64415345531037,state_ticket_vote_weighted,1.0,meaningful,-5.796640383214374,-5.796640383214374,-44.79591624488542,-15.333174384066702,-45.64415345531037,34.05087268888162,-5.796640383214374,1,0.3333333333333333,-1.9322134610714579
1998,senate,25,D,12836.0,Chappell,alabama_sos,ALPERSON-CHAPPELL,AL-1998-senate-25-D-CHAPPELL,0,0,CHAPPELL,False,UNRESOLVED-AL-1998-senate-25-D-CHAPPELL,surname_only_unresolved_race_specific,-29.913099120728,-29.913099120728,3.0418645568604674,-34.010023663483,-69.72616926470849,9.899971023252483,state_ticket_vote_weighted,1.0,meaningful,-29.913099120728,-29.913099120728,3.0418645568604674,-34.010023663483,-69.72616926470849,9.899971023252483,-29.913099120728,1,0.3333333333333333,-9.971033040242666
1998,senate,25,R,34341.0,Dixon,alabama_sos,ALPERSON-DIXON,AL-1998-senate-25-R-DIXON,0,1,DIXON,False,UNRESOLVED-AL-1998-senate-25-R-DIXON,surname_only_unresolved_race_specific,-29.913099120728,-29.913099120728,3.0418645568604674,-34.010023663483,-69.72616926470849,9.899971023252483,state_ticket_vote_weighted,1.0,meaningful,29.913099120728,29.913099120728,-3.0418645568604674,34.010023663483,-9.899971023252483,69.72616926470849,29.913099120728,1,0.3333333333333333,9.971033040242666
1998,senate,26,D,22446.0,Langford,alabama_sos,ALPERSON-LANGFORD,AL-1998-senate-26-D-LANGFORD,0,1,LANGFORD,False,UNRESOLVED-AL-1998-senate-26-D-LANGFORD,surname_only_unresolved_race_specific,4.470140225660074,4.470140225660074,38.09008285293133,43.9011816566116,-37.25282653428048,46.19310698560063,state_ticket_vote_weighted,1.0,meaningful,4.470140225660074,4.470140225660074,38.09008285293133,43.9011816566116,-37.25282653428048,46.19310698560063,4.470140225660074,1,0.3333333333333333,1.4900467418866914
1998,senate,26,R,5528.0,Sanders,alabama_sos,ALPERSON-SANDERS,AL-1998-senate-26-R-SANDERS,0,0,SANDERS,False,UNRESOLVED-AL-1998-senate-26-R-SANDERS,surname_only_unresolved_race_specific,4.470140225660074,4.470140225660074,38.09008285293133,43.9011816566116,-37.25282653428048,46.19310698560063,state_ticket_vote_weighted,1.0,meaningful,-4.470140225660074,-4.470140225660074,-38.09008285293133,-43.9011816566116,-46.19310698560063,37.25282653428048,-4.470140225660074,1,0.3333333333333333,-1.4900467418866914
1998,senate,27,D,24332.0,Little,alabama_sos,ALPERSON-LITTLE,AL-1998-senate-27-D-LITTLE,0,1,LITTLE,True,UNRESOLVED-AL-1998-senate-27-D-LITTLE,surname_only_unresolved_race_specific,26.561892408729783,26.561892408729783,51.814377780142905,32.61914272309361,0.7221417916313051,52.401643025828264,state_ticket_vote_weighted,1.0,meaningful,26.561892408729783,26.561892408729783,51.814377780142905,32.61914272309361,0.7221417916313051,52.401643025828264,26.561892408729783,1,0.3333333333333333,8.85396413624326
1998,senate,27,R,13807.0,Teel,alabama_sos,ALPERSON-TEEL,AL-1998-senate-27-R-TEEL,0,0,TEEL,False,UNRESOLVED-AL-1998-senate-27-R-TEEL,surname_only_unresolved_race_specific,26.561892408729783,26.561892408729783,51.814377780142905,32.61914272309361,0.7221417916313051,52.401643025828264,state_ticket_vote_weighted,1.0,meaningful,-26.561892408729783,-26.561892408729783,-51.814377780142905,-32.61914272309361,-52.401643025828264,-0.7221417916313051,-26.561892408729783,1,0.3333333333333333,-8.85396413624326
1998,senate,29,D,13154.0,Palmer,alabama_sos,ALPERSON-PALMER,AL-1998-senate-29-D-PALMER,0,0,PALMER,False,UNRESOLVED-AL-1998-senate-29-D-PALMER,surname_only_unresolved_race_specific,-14.110230656476954,-14.110230656476954,25.710213181074725,6.269745056498607,-53.1378859556939,24.91742464273999,state_ticket_vote_weighted,1.0,meaningful,-14.110230656476954,-14.110230656476954,25.710213181074725,6.269745056498607,-53.1378859556939,24.91742464273999,-14.110230656476954,1,0.3333333333333333,-4.703410218825651
1998,senate,29,R,20240.0,Smith,alabama_sos,ALPERSON-SMITH,AL-1998-senate-29-R-SMITH,0,1,SMITH,True,UNRESOLVED-AL-1998-senate-29-R-SMITH,surname_only_unresolved_race_specific,-14.110230656476954,-14.110230656476954,25.710213181074725,6.269745056498607,-53.1378859556939,24.91742464273999,state_ticket_vote_weighted,1.0,meaningful,14.110230656476954,14.110230656476954,-25.710213181074725,-6.269745056498607,-24.91742464273999,53.1378859556939,14.110230656476954,1,0.3333333333333333,4.703410218825651
1998,senate,30,D,31647.0,Mitchell,alabama_sos,ALPERSON-MITCHELL,AL-1998-senate-30-D-MITCHELL,0,1,MITCHELL,True,UNRESOLVED-AL-1998-senate-30-D-MITCHELL,surname_only_unresolved_race_specific,40.695733760605854,40.695733760605854,78.34970610249289,53.56757491103384,3.184556582479921,78.2069109387318,state_ticket_vote_weighted,1.0,meaningful,40.695733760605854,40.695733760605854,78.34970610249289,53.56757491103384,3.184556582479921,78.2069109387318,40.695733760605854,1,0.3333333333333333,13.565244586868618
1998,senate,30,R,13985.0,Holland,alabama_sos,ALPERSON-HOLLAND,AL-1998-senate-30-R-HOLLAND,0,0,HOLLAND,True,UNRESOLVED-AL-1998-senate-30-R-HOLLAND,surname_only_unresolved_race_specific,40.695733760605854,40.695733760605854,78.34970610249289,53.56757491103384,3.184556582479921,78.2069109387318,state_ticket_vote_weighted,1.0,meaningful,-40.695733760605854,-40.695733760605854,-78.34970610249289,-53.56757491103384,-78.2069109387318,-3.184556582479921,-40.695733760605854,1,0.3333333333333333,-13.565244586868618
1998,senate,31,D,18970.0,Holley,alabama_sos,ALPERSON-HOLLEY,AL-1998-senate-31-D-HOLLEY,0,0,HOLLEY,False,UNRESOLVED-AL-1998-senate-31-D-HOLLEY,surname_only_unresolved_race_specific,2.4489406359993304,2.4489406359993304,44.26910886848038,19.984469304313784,-38.71234233069712,43.610223602695775,state_ticket_vote_weighted,1.0,meaningful,2.4489406359993304,2.4489406359993304,44.26910886848038,19.984469304313784,-38.71234233069712,43.610223602695775,2.4489406359993304,1,0.3333333333333333,0.8163135453331101
1998,senate,31,R,19441.0,Adams,alabama_sos,ALPERSON-ADAMS,AL-1998-senate-31-R-ADAMS,0,1,ADAMS,False,UNRESOLVED-AL-1998-senate-31-R-ADAMS,surname_only_unresolved_race_specific,2.4489406359993304,2.4489406359993304,44.26910886848038,19.984469304313784,-38.71234233069712,43.610223602695775,state_ticket_vote_weighted,1.0,meaningful,-2.4489406359993304,-2.4489406359993304,-44.26910886848038,-19.984469304313784,-43.610223602695775,38.71234233069712,-2.4489406359993304,1,0.3333333333333333,-0.8163135453331101
1998,senate,32,D,13643.0,Jensen,alabama_sos,ALPERSON-JENSEN,AL-1998-senate-32-D-JENSEN,0,0,JENSEN,False,UNRESOLVED-AL-1998-senate-32-D-JENSEN,surname_only_unresolved_race_specific,-12.906257308760573,-12.906257308760573,19.10397822000793,-3.73921177808014,-45.21655889493082,19.404044277409675,state_ticket_vote_weighted,1.0,meaningful,-12.906257308760573,-12.906257308760573,19.10397822000793,-3.73921177808014,-45.21655889493082,19.404044277409675,-12.906257308760573,1,0.3333333333333333,-4.302085769586857
1998,senate,32,R,29577.0,Lipscomb,alabama_sos,ALPERSON-LIPSCOMB,AL-1998-senate-32-R-LIPSCOMB,0,1,LIPSCOMB,False,UNRESOLVED-AL-1998-senate-32-R-LIPSCOMB,surname_only_unresolved_race_specific,-12.906257308760573,-12.906257308760573,19.10397822000793,-3.73921177808014,-45.21655889493082,19.404044277409675,state_ticket_vote_weighted,1.0,meaningful,12.906257308760573,12.906257308760573,-19.10397822000793,3.73921177808014,-19.404044277409675,45.21655889493082,12.906257308760573,1,0.3333333333333333,4.302085769586857
1998,senate,35,D,11622.0,Staten,alabama_sos,ALPERSON-STATEN,AL-1998-senate-35-D-STATEN,0,0,STATEN,False,UNRESOLVED-AL-1998-senate-35-D-STATEN,surname_only_unresolved_race_specific,-18.819821973169347,-18.819821973169347,10.966202298859784,-6.978907113180979,-48.21373944725778,10.574095500919082,state_ticket_vote_weighted,1.0,meaningful,-18.819821973169347,-18.819821973169347,10.966202298859784,-6.978907113180979,-48.21373944725778,10.574095500919082,-18.819821973169347,1,0.3333333333333333,-6.273273991056449
1998,senate,35,R,16359.0,Callahan,alabama_sos,ALPERSON-CALLAHAN,AL-1998-senate-35-R-CALLAHAN,0,1,CALLAHAN,False,UNRESOLVED-AL-1998-senate-35-R-CALLAHAN,surname_only_unresolved_race_specific,-18.819821973169347,-18.819821973169347,10.966202298859784,-6.978907113180979,-48.21373944725778,10.574095500919082,state_ticket_vote_weighted,1.0,meaningful,18.819821973169347,18.819821973169347,-10.966202298859784,6.978907113180979,-10.574095500919082,48.21373944725778,18.819821973169347,1,0.3333333333333333,6.273273991056449
2002,house,1,D,8540.0,"Starkey, Nelson",alabama_sos,ALPERSON-STARKEY-NELSON,AL-2002-house-1-D-STARKEY-NELSON,0,1,STARKEY NELSON,False,ALNAME-STARKEY-NELSON,normalized_full_name,35.954065876993035,35.954065876993035,11.068988224309518,37.62221550703742,6.631540185255062,65.276591568731,state_ticket_vote_weighted,0.9654624862383007,meaningful,35.954065876993035,35.954065876993035,11.068988224309518,37.62221550703742,6.631540185255062,65.276591568731,35.954065876993035,1,0.3333333333333333,11.984688625664344
2002,house,1,R,4772.0,"McNatt, William Dale",alabama_sos,ALPERSON-MCNATT-WILLIAM-DALE,AL-2002-house-1-R-MCNATT-WILLIAM-DALE,0,0,MCNATT WILLIAM DALE,False,ALNAME-MCNATT-WILLIAM-DALE,normalized_full_name,35.954065876993035,35.954065876993035,11.068988224309518,37.62221550703742,6.631540185255062,65.276591568731,state_ticket_vote_weighted,0.9654624862383007,meaningful,-35.954065876993035,-35.954065876993035,-11.068988224309518,-37.62221550703742,-65.276591568731,-6.631540185255062,-35.954065876993035,1,0.3333333333333333,-11.984688625664344
2002,house,2,D,5356.0,"Pettus, Mary",alabama_sos,ALPERSON-PETTUS-MARY,AL-2002-house-2-D-PETTUS-MARY,0,0,PETTUS MARY,False,ALNAME-PETTUS-MARY,normalized_full_name,3.2674384427646914,3.2674384427646914,-23.60400550665782,11.437724810294325,-32.87666494477256,39.41154183030194,state_ticket_vote_weighted,0.9579961524446952,meaningful,3.2674384427646914,3.2674384427646914,-23.60400550665782,11.437724810294325,-32.87666494477256,39.41154183030194,3.2674384427646914,1,0.3333333333333333,1.0891461475882305
2002,house,2,R,5800.0,"Greer, Lynn",alabama_sos,ALPERSON-GREER-LYNN,AL-2002-house-2-R-GREER-LYNN,0,1,GREER LYNN,False,ALNAME-GREER-LYNN,normalized_full_name,3.2674384427646914,3.2674384427646914,-23.60400550665782,11.437724810294325,-32.87666494477256,39.41154183030194,state_ticket_vote_weighted,0.9579961524446952,meaningful,-3.2674384427646914,-3.2674384427646914,23.60400550665782,-11.437724810294325,-39.41154183030194,32.87666494477256,-3.2674384427646914,1,0.3333333333333333,-1.0891461475882305
2002,house,3,D,8856.0,"Black, Marcel",alabama_sos,ALPERSON-BLACK-MARCEL,AL-2002-house-3-D-BLACK-MARCEL,0,1,BLACK MARCEL,False,ALNAME-BLACK-MARCEL,normalized_full_name,25.69553051158025,25.69553051158025,8.505772311878893,32.963957144439554,0.9910758128835084,50.399985210276995,state_ticket_vote_weighted,0.9826265061874191,meaningful,25.69553051158025,25.69553051158025,8.505772311878893,32.963957144439554,0.9910758128835084,50.399985210276995,25.69553051158025,1,0.3333333333333333,8.565176837193416
2002,house,3,R,4299.0,"Barnes, Steven C.",alabama_sos,ALPERSON-BARNES-STEVEN-C,AL-2002-house-3-R-BARNES-STEVEN-C,0,0,BARNES STEVEN C,False,ALNAME-BARNES-STEVEN-C,normalized_full_name,25.69553051158025,25.69553051158025,8.505772311878893,32.963957144439554,0.9910758128835084,50.399985210276995,state_ticket_vote_weighted,0.9826265061874191,meaningful,-25.69553051158025,-25.69553051158025,-8.505772311878893,-32.963957144439554,-50.399985210276995,-0.9910758128835084,-25.69553051158025,1,0.3333333333333333,-8.565176837193416
2002,house,4,D,7140.0,"Hansberry, Cathy",alabama_sos,ALPERSON-HANSBERRY-CATHY,AL-2002-house-4-D-HANSBERRY-CATHY,0,0,HANSBERRY CATHY,False,ALNAME-HANSBERRY-CATHY,normalized_full_name,18.90874475544139,18.90874475544139,-20.35199450874491,23.38233684872365,-28.25437956162809,66.07186907251088,state_ticket_vote_weighted,0.9999932117756071,meaningful,18.90874475544139,18.90874475544139,-20.35199450874491,23.38233684872365,-28.25437956162809,66.07186907251088,18.90874475544139,1,0.3333333333333333,6.302914918480463
2002,house,4,R,7790.0,"Hammon, Micky",alabama_sos,ALPERSON-HAMMON-MICKY,AL-2002-house-4-R-HAMMON-MICKY,0,1,HAMMON MICKY,False,ALNAME-HAMMON-MICKY,normalized_full_name,18.90874475544139,18.90874475544139,-20.35199450874491,23.38233684872365,-28.25437956162809,66.07186907251088,state_ticket_vote_weighted,0.9999932117756071,meaningful,-18.90874475544139,-18.90874475544139,20.35199450874491,-23.38233684872365,-66.07186907251088,28.25437956162809,-18.90874475544139,1,0.3333333333333333,-6.302914918480463
2002,house,5,D,7556.0,"Carter, Tommy",alabama_sos,ALPERSON-CARTER-TOMMY,AL-2002-house-5-D-CARTER-TOMMY,0,1,CARTER TOMMY,False,ALNAME-CARTER-TOMMY,normalized_full_name,30.29248097928401,30.29248097928401,-1.5004085478262645,38.93554907343291,-11.443389025776018,72.02835098434404,state_ticket_vote_weighted,0.9999980668389485,meaningful,30.29248097928401,30.29248097928401,-1.5004085478262645,38.93554907343291,-11.443389025776018,72.02835098434404,30.29248097928401,1,0.3333333333333333,10.097493659761337
2002,house,5,R,5881.0,"Coffman, Ronnie G.",alabama_sos,ALPERSON-COFFMAN-RONNIE-G,AL-2002-house-5-R-COFFMAN-RONNIE-G,0,0,COFFMAN RONNIE G,False,ALNAME-COFFMAN-RONNIE-G,normalized_full_name,30.29248097928401,30.29248097928401,-1.5004085478262645,38.93554907343291,-11.443389025776018,72.02835098434404,state_ticket_vote_weighted,0.9999980668389485,meaningful,-30.29248097928401,-30.29248097928401,1.5004085478262645,-38.93554907343291,-72.02835098434404,11.443389025776018,-30.29248097928401,1,0.3333333333333333,-10.097493659761337
2002,house,6,D,6659.0,"Schmitz, Sue",alabama_sos,ALPERSON-SCHMITZ-SUE,AL-2002-house-6-D-SCHMITZ-SUE,0,1,SCHMITZ SUE,False,ALNAME-SCHMITZ-SUE,normalized_full_name,21.73462217719946,21.73462217719946,1.0121518649273273,25.91475011582279,-4.485116830307106,47.95436118470602,state_ticket_vote_weighted,0.9836178849392875,meaningful,21.73462217719946,21.73462217719946,1.0121518649273273,25.91475011582279,-4.485116830307106,47.95436118470602,21.73462217719946,1,0.3333333333333333,7.244874059066486
2002,house,6,R,4883.0,"Fargerson, Shawn",alabama_sos,ALPERSON-FARGERSON-SHAWN,AL-2002-house-6-R-FARGERSON-SHAWN,0,0,FARGERSON SHAWN,False,ALNAME-FARGERSON-SHAWN,normalized_full_name,21.73462217719946,21.73462217719946,1.0121518649273273,25.91475011582279,-4.485116830307106,47.95436118470602,state_ticket_vote_weighted,0.9836178849392875,meaningful,-21.73462217719946,-21.73462217719946,-1.0121518649273273,-25.91475011582279,-47.95436118470602,4.485116830307106,-21.73462217719946,1,0.3333333333333333,-7.244874059066486
2002,house,7,D,7905.0,"Letson, John (Jody)",alabama_sos,ALPERSON-LETSON-JOHN-JODY,AL-2002-house-7-D-LETSON-JOHN-JODY,0,1,LETSON JOHN JODY,False,ALNAME-LETSON-JOHN-JODY,normalized_full_name,56.40257828473937,56.40257828473937,25.697300486810228,61.674270998441216,18.321434440661633,94.4837221288171,state_ticket_vote_weighted,0.9999913354416098,meaningful,56.40257828473937,56.40257828473937,25.697300486810228,61.674270998441216,18.321434440661633,94.4837221288171,56.40257828473937,1,0.3333333333333333,18.800859428246454
2002,house,7,R,1933.0,"Riddle, Yolanda (Yoyo)",alabama_sos,ALPERSON-RIDDLE-YOLANDA-YOYO,AL-2002-house-7-R-RIDDLE-YOLANDA-YOYO,0,0,RIDDLE YOLANDA YOYO,False,ALNAME-RIDDLE-YOLANDA-YOYO,normalized_full_name,56.40257828473937,56.40257828473937,25.697300486810228,61.674270998441216,18.321434440661633,94.4837221288171,state_ticket_vote_weighted,0.9999913354416098,meaningful,-56.40257828473937,-56.40257828473937,-25.697300486810228,-61.674270998441216,-94.4837221288171,-18.321434440661633,-56.40257828473937,1,0.3333333333333333,-18.800859428246454
2002,house,8,D,8386.0,"Dukes, Bill J.",alabama_sos,ALPERSON-DUKES-BILL-J,AL-2002-house-8-D-DUKES-BILL-J,0,1,DUKES BILL J,False,ALNAME-DUKES-BILL-J,normalized_full_name,55.63710815911592,55.63710815911592,25.255803394252574,58.76562074158676,19.35752114066905,91.91669517756279,state_ticket_vote_weighted,1.0,meaningful,55.63710815911592,55.63710815911592,25.255803394252574,58.76562074158676,19.35752114066905,91.91669517756279,55.63710815911592,1,0.3333333333333333,18.545702719705304
2002,house,8,R,2949.0,"New, Clay H.",alabama_sos,ALPERSON-NEW-CLAY-H,AL-2002-house-8-R-NEW-CLAY-H,0,0,NEW CLAY H,False,ALNAME-NEW-CLAY-H,normalized_full_name,55.63710815911592,55.63710815911592,25.255803394252574,58.76562074158676,19.35752114066905,91.91669517756279,state_ticket_vote_weighted,1.0,meaningful,-55.63710815911592,-55.63710815911592,-25.255803394252574,-58.76562074158676,-91.91669517756279,-19.35752114066905,-55.63710815911592,1,0.3333333333333333,-18.545702719705304
2002,house,9,D,7808.0,"Grantland, Ronald",alabama_sos,ALPERSON-GRANTLAND-RONALD,AL-2002-house-9-D-GRANTLAND-RONALD,0,1,GRANTLAND RONALD,False,ALNAME-GRANTLAND-RONALD,normalized_full_name,33.76404624828085,33.76404624828085,-4.5299148171237,40.35948358172925,-13.743151174130936,81.27124367069263,state_ticket_vote_weighted,0.9999932734284414,meaningful,33.76404624828085,33.76404624828085,-4.5299148171237,40.35948358172925,-13.743151174130936,81.27124367069263,33.76404624828085,1,0.3333333333333333,11.254682082760283
2002,house,9,R,6047.0,"Coley, Roy",alabama_sos,ALPERSON-COLEY-ROY,AL-2002-house-9-R-COLEY-ROY,0,0,COLEY ROY,False,ALNAME-COLEY-ROY,normalized_full_name,33.76404624828085,33.76404624828085,-4.5299148171237,40.35948358172925,-13.743151174130936,81.27124367069263,state_ticket_vote_weighted,0.9999932734284414,meaningful,-33.76404624828085,-33.76404624828085,4.5299148171237,-40.35948358172925,-81.27124367069263,13.743151174130936,-33.76404624828085,1,0.3333333333333333,-11.254682082760283
2002,house,10,D,4198.0,"Smith, Pam",alabama_sos,ALPERSON-SMITH-PAM,AL-2002-house-10-D-SMITH-PAM,0,0,SMITH PAM,False,ALNAME-SMITH-PAM,normalized_full_name,-6.01986004919133,-6.01986004919133,-29.952946563169004,-6.350736835453244,-32.99210511518707,20.952385016804417,state_ticket_vote_weighted,0.9850670581890835,meaningful,-6.01986004919133,-6.01986004919133,-29.952946563169004,-6.350736835453244,-32.99210511518707,20.952385016804417,-6.01986004919133,1,0.3333333333333333,-2.0066200163971097
2002,house,10,R,8344.0,"Ball, Mike",alabama_sos,ALPERSON-BALL-MIKE,AL-2002-house-10-R-BALL-MIKE,0,1,BALL MIKE,False,ALNAME-BALL-MIKE,normalized_full_name,-6.01986004919133,-6.01986004919133,-29.952946563169004,-6.350736835453244,-32.99210511518707,20.952385016804417,state_ticket_vote_weighted,0.9850670581890835,meaningful,6.01986004919133,6.01986004919133,29.952946563169004,6.350736835453244,-20.952385016804417,32.99210511518707,6.01986004919133,1,0.3333333333333333,2.0066200163971097
2002,house,11,D,5797.0,"Maze, Dennis E.",alabama_sos,ALPERSON-MAZE-DENNIS-E,AL-2002-house-11-D-MAZE-DENNIS-E,0,0,MAZE DENNIS E,False,ALNAME-MAZE-DENNIS-E,normalized_full_name,11.09400185855864,11.09400185855864,-21.19446815109612,18.756448511803484,-30.46334562717786,52.65134934429514,state_ticket_vote_weighted,1.0,meaningful,11.09400185855864,11.09400185855864,-21.19446815109612,18.756448511803484,-30.46334562717786,52.65134934429514,11.09400185855864,1,0.3333333333333333,3.6980006195195463
2002,house,11,R,7737.0,"Oden, Jeremy H.",alabama_sos,ALPERSON-ODEN-JEREMY-H,AL-2002-house-11-R-ODEN-JEREMY-H,0,1,ODEN JEREMY H,False,ALNAME-ODEN-JEREMY-H,normalized_full_name,11.09400185855864,11.09400185855864,-21.19446815109612,18.756448511803484,-30.46334562717786,52.65134934429514,state_ticket_vote_weighted,1.0,meaningful,-11.09400185855864,-11.09400185855864,21.19446815109612,-18.756448511803484,-52.65134934429514,30.46334562717786,-11.09400185855864,1,0.3333333333333333,-3.6980006195195463
2002,house,12,D,9445.0,"Morrison, Neal",alabama_sos,ALPERSON-MORRISON-NEAL,AL-2002-house-12-D-MORRISON-NEAL,0,1,MORRISON NEAL,False,ALNAME-MORRISON-NEAL,normalized_full_name,53.10672586338626,53.10672586338626,60.897697047048716,61.01792249978829,44.22160684648498,61.99184488028754,state_ticket_vote_weighted,1.0,meaningful,53.10672586338626,53.10672586338626,60.897697047048716,61.01792249978829,44.22160684648498,61.99184488028754,53.10672586338626,1,0.3333333333333333,17.702241954462085
2002,house,12,R,5023.0,"BeShears, Mitchell",alabama_sos,ALPERSON-BESHEARS-MITCHELL,AL-2002-house-12-R-BESHEARS-MITCHELL,0,0,BESHEARS MITCHELL,False,ALNAME-BESHEARS-MITCHELL,normalized_full_name,53.10672586338626,53.10672586338626,60.897697047048716,61.01792249978829,44.22160684648498,61.99184488028754,state_ticket_vote_weighted,1.0,meaningful,-53.10672586338626,-53.10672586338626,-60.897697047048716,-61.01792249978829,-61.99184488028754,-44.22160684648498,-53.10672586338626,1,0.3333333333333333,-17.702241954462085
2002,house,13,D,7445.0,"Sherer, Tommy",alabama_sos,ALPERSON-SHERER-TOMMY,AL-2002-house-13-D-SHERER-TOMMY,0,1,SHERER TOMMY,False,ALNAME-SHERER-TOMMY,normalized_full_name,28.46553259917264,28.46553259917264,39.54375768223303,,13.111895962876547,43.819169235468735,state_ticket_vote_weighted,1.0,meaningful,28.46553259917264,28.46553259917264,39.54375768223303,,13.111895962876547,43.819169235468735,28.46553259917264,1,0.3333333333333333,9.488510866390879
2002,house,13,R,4560.0,"Combs, Tommy",alabama_sos,ALPERSON-COMBS-TOMMY,AL-2002-house-13-R-COMBS-TOMMY,0,0,COMBS TOMMY,False,ALNAME-COMBS-TOMMY,normalized_full_name,28.46553259917264,28.46553259917264,39.54375768223303,,13.111895962876547,43.819169235468735,state_ticket_vote_weighted,1.0,meaningful,-28.46553259917264,-28.46553259917264,-39.54375768223303,,-43.819169235468735,-13.111895962876547,-28.46553259917264,1,0.3333333333333333,-9.488510866390879
2002,house,14,D,7658.0,"Guin, Ken",alabama_sos,ALPERSON-GUIN-KEN,AL-2002-house-14-D-GUIN-KEN,0,1,GUIN KEN,False,ALNAME-GUIN-KEN,normalized_full_name,27.485279123863524,27.485279123863524,38.86874759981552,47.3956640413729,7.906263073233074,47.06429517449398,state_ticket_vote_weighted,0.9999971548833934,meaningful,27.485279123863524,27.485279123863524,38.86874759981552,47.3956640413729,7.906263073233074,47.06429517449398,27.485279123863524,1,0.3333333333333333,9.161759707954507
2002,house,14,R,4223.0,"Frazier, Ed",alabama_sos,ALPERSON-FRAZIER-ED,AL-2002-house-14-R-FRAZIER-ED,0,0,FRAZIER ED,False,ALNAME-FRAZIER-ED,normalized_full_name,27.485279123863524,27.485279123863524,38.86874759981552,47.3956640413729,7.906263073233074,47.06429517449398,state_ticket_vote_weighted,0.9999971548833934,meaningful,-27.485279123863524,-27.485279123863524,-38.86874759981552,-47.3956640413729,-47.06429517449398,-7.906263073233074,-27.485279123863524,1,0.3333333333333333,-9.161759707954507
2002,house,16,D,8243.0,"Thigpen, Williams E.",alabama_sos,ALPERSON-THIGPEN-WILLIAMS-E,AL-2002-house-16-D-THIGPEN-WILLIAMS-E,0,1,THIGPEN WILLIAMS E,False,ALNAME-THIGPEN-WILLIAMS-E,normalized_full_name,18.553357093514848,18.553357093514848,26.23625315654614,31.29923182516194,5.974374105524948,31.132340081504747,state_ticket_vote_weighted,0.9999251468060081,meaningful,18.553357093514848,18.553357093514848,26.23625315654614,31.29923182516194,5.974374105524948,31.132340081504747,18.553357093514848,1,0.3333333333333333,6.184452364504949
2002,house,16,R,6693.0,"Acker, Joe D.",alabama_sos,ALPERSON-ACKER-JOE-D,AL-2002-house-16-R-ACKER-JOE-D,0,0,ACKER JOE D,False,ALNAME-ACKER-JOE-D,normalized_full_name,18.553357093514848,18.553357093514848,26.23625315654614,31.29923182516194,5.974374105524948,31.132340081504747,state_ticket_vote_weighted,0.9999251468060081,meaningful,-18.553357093514848,-18.553357093514848,-26.23625315654614,-31.29923182516194,-31.132340081504747,-5.974374105524948,-18.553357093514848,1,0.3333333333333333,-6.184452364504949
2002,house,17,D,7283.0,"Millican, Mike",alabama_sos,ALPERSON-MILLICAN-MIKE,AL-2002-house-17-D-MILLICAN-MIKE,0,1,MILLICAN MIKE,False,ALNAME-MILLICAN-MIKE,normalized_full_name,14.954624264493932,14.954624264493932,25.524976977394527,28.479541182139613,1.0173569126679602,28.891891616319903,state_ticket_vote_weighted,0.9999999933684689,meaningful,14.954624264493932,14.954624264493932,25.524976977394527,28.479541182139613,1.0173569126679602,28.891891616319903,14.954624264493932,1,0.3333333333333333,4.98487475483131
2002,house,17,R,6884.0,"Westbrooks, Mike",alabama_sos,ALPERSON-WESTBROOKS-MIKE,AL-2002-house-17-R-WESTBROOKS-MIKE,0,0,WESTBROOKS MIKE,False,ALNAME-WESTBROOKS-MIKE,normalized_full_name,14.954624264493932,14.954624264493932,25.524976977394527,28.479541182139613,1.0173569126679602,28.891891616319903,state_ticket_vote_weighted,0.9999999933684689,meaningful,-14.954624264493932,-14.954624264493932,-25.524976977394527,-28.479541182139613,-28.891891616319903,-1.0173569126679602,-14.954624264493932,1,0.3333333333333333,-4.98487475483131
2002,house,20,D,6779.0,"Miller, Jeff",alabama_sos,ALPERSON-MILLER-JEFF,AL-2002-house-20-D-MILLER-JEFF,0,0,MILLER JEFF,False,ALNAME-MILLER-JEFF,normalized_full_name,8.038440455125507,8.038440455125507,-25.740176265298505,6.590802349246207,-29.441237923125403,45.51811883337642,state_ticket_vote_weighted,0.9904480951621222,meaningful,8.038440455125507,8.038440455125507,-25.740176265298505,6.590802349246207,-29.441237923125403,45.51811883337642,8.038440455125507,1,0.3333333333333333,2.679480151708502
2002,house,20,R,11903.0,"Sanderford, Howard",alabama_sos,ALPERSON-SANDERFORD-HOWARD,AL-2002-house-20-R-SANDERFORD-HOWARD,0,1,SANDERFORD HOWARD,False,ALNAME-SANDERFORD-HOWARD,normalized_full_name,8.038440455125507,8.038440455125507,-25.740176265298505,6.590802349246207,-29.441237923125403,45.51811883337642,state_ticket_vote_weighted,0.9904480951621222,meaningful,-8.038440455125507,-8.038440455125507,25.740176265298505,-6.590802349246207,-45.51811883337642,29.441237923125403,-8.038440455125507,1,0.3333333333333333,-2.679480151708502
2002,house,21,D,5672.0,"Hinshaw, Randy",alabama_sos,ALPERSON-HINSHAW-RANDY,AL-2002-house-21-D-HINSHAW-RANDY,0,1,HINSHAW RANDY,False,ALNAME-HINSHAW-RANDY,normalized_full_name,10.92961326835454,10.92961326835454,-13.19203440073759,12.244953450360462,-17.22149913967594,39.08072567638502,state_ticket_vote_weighted,0.9837876893045413,meaningful,10.92961326835454,10.92961326835454,-13.19203440073759,12.244953450360462,-17.22149913967594,39.08072567638502,10.92961326835454,1,0.3333333333333333,3.6432044227848466
2002,house,21,R,5156.0,"Dugan, Jerry",alabama_sos,ALPERSON-DUGAN-JERRY,AL-2002-house-21-R-DUGAN-JERRY,0,0,DUGAN JERRY,False,ALNAME-DUGAN-JERRY,normalized_full_name,10.92961326835454,10.92961326835454,-13.19203440073759,12.244953450360462,-17.22149913967594,39.08072567638502,state_ticket_vote_weighted,0.9837876893045413,meaningful,-10.92961326835454,-10.92961326835454,13.19203440073759,-12.244953450360462,-39.08072567638502,17.22149913967594,-10.92961326835454,1,0.3333333333333333,-3.6432044227848466
2002,house,22,D,7563.0,"Hall, Albert",alabama_sos,ALPERSON-HALL-ALBERT,AL-2002-house-22-D-HALL-ALBERT,0,1,HALL ALBERT,False,ALNAME-HALL-ALBERT,normalized_full_name,38.79547553365252,38.79547553365252,15.426450145241734,48.26673501199534,5.600356352789042,71.99059471451599,state_ticket_vote_weighted,0.9870139289913507,meaningful,38.79547553365252,38.79547553365252,15.426450145241734,48.26673501199534,5.600356352789042,71.99059471451599,38.79547553365252,1,0.3333333333333333,12.931825177884173
2002,house,22,R,4095.0,"Stamm, David L.",alabama_sos,ALPERSON-STAMM-DAVID-L,AL-2002-house-22-R-STAMM-DAVID-L,0,0,STAMM DAVID L,False,ALNAME-STAMM-DAVID-L,normalized_full_name,38.79547553365252,38.79547553365252,15.426450145241734,48.26673501199534,5.600356352789042,71.99059471451599,state_ticket_vote_weighted,0.9870139289913507,meaningful,-38.79547553365252,-38.79547553365252,-15.426450145241734,-48.26673501199534,-71.99059471451599,-5.600356352789042,-38.79547553365252,1,0.3333333333333333,-12.931825177884173
2002,house,24,D,4165.0,"Hendrix, J. Luther",alabama_sos,ALPERSON-HENDRIX-J-LUTHER,AL-2002-house-24-D-HENDRIX-J-LUTHER,0,0,HENDRIX J LUTHER,False,ALNAME-HENDRIX-J-LUTHER,normalized_full_name,-16.127203071782297,-16.127203071782297,-2.160644322402227,-3.1817430359738132,-31.386956776679096,-0.8674493668854986,state_ticket_vote_weighted,1.0,meaningful,-16.127203071782297,-16.127203071782297,-2.160644322402227,-3.1817430359738132,-31.386956776679096,-0.8674493668854986,-16.127203071782297,1,0.3333333333333333,-5.375734357260765
2002,house,24,R,8585.0,"Greeson, Todd",alabama_sos,ALPERSON-GREESON-TODD,AL-2002-house-24-R-GREESON-TODD,0,1,GREESON TODD,False,ALNAME-GREESON-TODD,normalized_full_name,-16.127203071782297,-16.127203071782297,-2.160644322402227,-3.1817430359738132,-31.386956776679096,-0.8674493668854986,state_ticket_vote_weighted,1.0,meaningful,16.127203071782297,16.127203071782297,2.160644322402227,3.1817430359738132,0.8674493668854986,31.386956776679096,16.127203071782297,1,0.3333333333333333,5.375734357260765
2002,house,25,D,5148.0,"Miles, Pam",alabama_sos,ALPERSON-MILES-PAM,AL-2002-house-25-D-MILES-PAM,0,0,MILES PAM,False,ALNAME-MILES-PAM,normalized_full_name,6.876838883552555,6.876838883552555,-18.955232344975343,9.512858431148725,-24.00677404587234,37.76045181297745,state_ticket_vote_weighted,0.9896020856600204,meaningful,6.876838883552555,6.876838883552555,-18.955232344975343,9.512858431148725,-24.00677404587234,37.76045181297745,6.876838883552555,1,0.3333333333333333,2.2922796278508515
2002,house,25,R,8993.0,"Garner, Ray",alabama_sos,ALPERSON-GARNER-RAY,AL-2002-house-25-R-GARNER-RAY,0,1,GARNER RAY,False,ALNAME-GARNER-RAY,normalized_full_name,6.876838883552555,6.876838883552555,-18.955232344975343,9.512858431148725,-24.00677404587234,37.76045181297745,state_ticket_vote_weighted,0.9896020856600204,meaningful,-6.876838883552555,-6.876838883552555,18.955232344975343,-9.512858431148725,-37.76045181297745,24.00677404587234,-6.876838883552555,1,0.3333333333333333,-2.2922796278508515
2002,house,26,D,1102.0,"McDaniel, Frank",alabama_sos,ALPERSON-MCDANIEL-FRANK,AL-2002-house-26-D-MCDANIEL-FRANK,0,1,MCDANIEL FRANK,False,ALNAME-MCDANIEL-FRANK,normalized_full_name,33.46652054325515,33.46652054325515,47.3354180291806,52.75982983015919,13.96472829612378,52.96831279038652,state_ticket_vote_weighted,1.0,meaningful,33.46652054325515,33.46652054325515,47.3354180291806,52.75982983015919,13.96472829612378,52.96831279038652,33.46652054325515,1,0.3333333333333333,11.155506847751717
2002,house,26,R,598.0,"Patterson, Jeffrey",alabama_sos,ALPERSON-PATTERSON-JEFFREY,AL-2002-house-26-R-PATTERSON-JEFFREY,0,0,PATTERSON JEFFREY,False,ALNAME-PATTERSON-JEFFREY,normalized_full_name,33.46652054325515,33.46652054325515,47.3354180291806,52.75982983015919,13.96472829612378,52.96831279038652,state_ticket_vote_weighted,1.0,meaningful,-33.46652054325515,-33.46652054325515,-47.3354180291806,-52.75982983015919,-52.96831279038652,-13.96472829612378,-33.46652054325515,1,0.3333333333333333,-11.155506847751717
2002,house,28,D,7925.0,"Ford, Craig",alabama_sos,ALPERSON-FORD-CRAIG,AL-2002-house-28-D-FORD-CRAIG,0,1,FORD CRAIG,False,ALNAME-FORD-CRAIG,normalized_full_name,21.37196093893337,21.37196093893337,37.37960006881093,33.525807296930886,4.996628942347492,37.74729293551925,state_ticket_vote_weighted,1.0,meaningful,21.37196093893337,21.37196093893337,37.37960006881093,33.525807296930886,4.996628942347492,37.74729293551925,21.37196093893337,1,0.3333333333333333,7.123986979644457
2002,house,28,R,4394.0,"Abel, David C.",alabama_sos,ALPERSON-ABEL-DAVID-C,AL-2002-house-28-R-ABEL-DAVID-C,0,0,ABEL DAVID C,False,ALNAME-ABEL-DAVID-C,normalized_full_name,21.37196093893337,21.37196093893337,37.37960006881093,33.525807296930886,4.996628942347492,37.74729293551925,state_ticket_vote_weighted,1.0,meaningful,-21.37196093893337,-21.37196093893337,-37.37960006881093,-33.525807296930886,-37.74729293551925,-4.996628942347492,-21.37196093893337,1,0.3333333333333333,-7.123986979644457
2002,house,29,D,7429.0,"Page, Jack",alabama_sos,ALPERSON-PAGE-JACK,AL-2002-house-29-D-PAGE-JACK,0,1,PAGE JACK,False,ALNAME-PAGE-JACK,normalized_full_name,24.92748271454377,24.92748271454377,38.59753097878962,44.762907196558345,5.030407010128133,44.82455841895941,state_ticket_vote_weighted,1.0,meaningful,24.92748271454377,24.92748271454377,38.59753097878962,44.762907196558345,5.030407010128133,44.82455841895941,24.92748271454377,1,0.3333333333333333,8.309160904847923
2002,house,29,R,3942.0,"Nordgren, Becky",alabama_sos,ALPERSON-NORDGREN-BECKY,AL-2002-house-29-R-NORDGREN-BECKY,0,0,NORDGREN BECKY,False,ALNAME-NORDGREN-BECKY,normalized_full_name,24.92748271454377,24.92748271454377,38.59753097878962,44.762907196558345,5.030407010128133,44.82455841895941,state_ticket_vote_weighted,1.0,meaningful,-24.92748271454377,-24.92748271454377,-38.59753097878962,-44.762907196558345,-44.82455841895941,-5.030407010128133,-24.92748271454377,1,0.3333333333333333,-8.309160904847923
2002,house,31,D,8723.0,"Venable, Jack B.",alabama_sos,ALPERSON-VENABLE-JACK-B,AL-2002-house-31-D-VENABLE-JACK-B,0,1,VENABLE JACK B,False,ALNAME-VENABLE-JACK-B,normalized_full_name,52.48268554752343,52.48268554752343,61.831548000636836,57.10382308672639,43.3206018606705,61.64476923437636,state_ticket_vote_weighted,1.0,meaningful,52.48268554752343,52.48268554752343,61.831548000636836,57.10382308672639,43.3206018606705,61.64476923437636,52.48268554752343,1,0.3333333333333333,17.494228515841144
2002,house,31,R,5659.0,"Shaw, Mickey B.",alabama_sos,ALPERSON-SHAW-MICKEY-B,AL-2002-house-31-R-SHAW-MICKEY-B,0,0,SHAW MICKEY B,False,ALNAME-SHAW-MICKEY-B,normalized_full_name,52.48268554752343,52.48268554752343,61.831548000636836,57.10382308672639,43.3206018606705,61.64476923437636,state_ticket_vote_weighted,1.0,meaningful,-52.48268554752343,-52.48268554752343,-61.831548000636836,-57.10382308672639,-61.64476923437636,-43.3206018606705,-52.48268554752343,1,0.3333333333333333,-17.494228515841144
2002,house,32,D,10862.0,"Boyd, Barbara Bigsby",alabama_sos,ALPERSON-BOYD-BARBARA-BIGSBY,AL-2002-house-32-D-BOYD-BARBARA-BIGSBY,0,1,BOYD BARBARA BIGSBY,False,ALNAME-BOYD-BARBARA-BIGSBY,normalized_full_name,21.01833224802605,21.01833224802605,30.072092051741855,28.67553922093542,11.464672679886746,30.57199181616535,state_ticket_vote_weighted,1.0,meaningful,21.01833224802605,21.01833224802605,30.072092051741855,28.67553922093542,11.464672679886746,30.57199181616535,21.01833224802605,1,0.3333333333333333,7.006110749342016
2002,house,32,R,4158.0,"Little, Benjamin L.",alabama_sos,ALPERSON-LITTLE-BENJAMIN-L,AL-2002-house-32-R-LITTLE-BENJAMIN-L,0,0,LITTLE BENJAMIN L,False,ALNAME-LITTLE-BENJAMIN-L,normalized_full_name,21.01833224802605,21.01833224802605,30.072092051741855,28.67553922093542,11.464672679886746,30.57199181616535,state_ticket_vote_weighted,1.0,meaningful,-21.01833224802605,-21.01833224802605,-30.072092051741855,-28.67553922093542,-30.57199181616535,-11.464672679886746,-21.01833224802605,1,0.3333333333333333,-7.006110749342016
2002,house,33,D,4539.0,"Curtis, Clara",alabama_sos,ALPERSON-CURTIS-CLARA,AL-2002-house-33-D-CURTIS-CLARA,0,0,CURTIS CLARA,False,ALNAME-CURTIS-CLARA,normalized_full_name,-16.28877684399977,-16.28877684399977,-10.667679590368149,-11.708296240851794,-22.150259436636244,-10.427294251363296,state_ticket_vote_weighted,1.0,meaningful,-16.28877684399977,-16.28877684399977,-10.667679590368149,-11.708296240851794,-22.150259436636244,-10.427294251363296,-16.28877684399977,1,0.3333333333333333,-5.429592281333257
2002,house,33,R,7313.0,"Johnson, Ron",alabama_sos,ALPERSON-JOHNSON-RON,AL-2002-house-33-R-JOHNSON-RON,0,1,JOHNSON RON,False,ALNAME-JOHNSON-RON,normalized_full_name,-16.28877684399977,-16.28877684399977,-10.667679590368149,-11.708296240851794,-22.150259436636244,-10.427294251363296,state_ticket_vote_weighted,1.0,meaningful,16.28877684399977,16.28877684399977,10.667679590368149,11.708296240851794,10.427294251363296,22.150259436636244,16.28877684399977,1,0.3333333333333333,5.429592281333257
2002,house,35,D,10970.0,"Hurst, Steve",alabama_sos,ALPERSON-HURST-STEVE,AL-2002-house-35-D-HURST-STEVE,0,1,HURST STEVE,False,ALNAME-HURST-STEVE,normalized_full_name,28.555135493460707,28.555135493460707,39.792436533005585,35.51642655717963,17.43826702616869,39.672003960752726,state_ticket_vote_weighted,1.0,meaningful,28.555135493460707,28.555135493460707,39.792436533005585,35.51642655717963,17.43826702616869,39.672003960752726,28.555135493460707,1,0.3333333333333333,9.518378497820235
2002,house,35,R,8290.0,"Sims, Larry P.",alabama_sos,ALPERSON-SIMS-LARRY-P,AL-2002-house-35-R-SIMS-LARRY-P,0,0,SIMS LARRY P,False,ALNAME-SIMS-LARRY-P,normalized_full_name,28.555135493460707,28.555135493460707,39.792436533005585,35.51642655717963,17.43826702616869,39.672003960752726,state_ticket_vote_weighted,1.0,meaningful,-28.555135493460707,-28.555135493460707,-39.792436533005585,-35.51642655717963,-39.672003960752726,-17.43826702616869,-28.555135493460707,1,0.3333333333333333,-9.518378497820235
2002,house,36,D,7395.0,"Chandler, Wayne",alabama_sos,ALPERSON-CHANDLER-WAYNE,AL-2002-house-36-D-CHANDLER-WAYNE,0,0,CHANDLER WAYNE,False,ALNAME-CHANDLER-WAYNE,normalized_full_name,-14.719114382222344,-14.719114382222344,-2.8235183885992576,2.0817596965386898,-31.652356017131716,2.214127252687028,state_ticket_vote_weighted,1.0,meaningful,-14.719114382222344,-14.719114382222344,-2.8235183885992576,2.0817596965386898,-31.652356017131716,2.214127252687028,-14.719114382222344,1,0.3333333333333333,-4.906371460740781
2002,house,36,R,14626.0,"Wood, Randy",alabama_sos,ALPERSON-WOOD-RANDY,AL-2002-house-36-R-WOOD-RANDY,0,1,WOOD RANDY,False,ALNAME-WOOD-RANDY,normalized_full_name,-14.719114382222344,-14.719114382222344,-2.8235183885992576,2.0817596965386898,-31.652356017131716,2.214127252687028,state_ticket_vote_weighted,1.0,meaningful,14.719114382222344,14.719114382222344,2.8235183885992576,-2.0817596965386898,-2.214127252687028,31.652356017131716,14.719114382222344,1,0.3333333333333333,4.906371460740781
2002,house,37,D,12333.0,"Laird, Richard",alabama_sos,ALPERSON-LAIRD-RICHARD,AL-2002-house-37-D-LAIRD-RICHARD,0,1,LAIRD RICHARD,False,ALNAME-LAIRD-RICHARD,normalized_full_name,64.79882187775814,64.79882187775814,64.61497470686965,70.71205817355525,58.00095572701842,71.59668802849787,state_ticket_vote_weighted,1.0,meaningful,64.79882187775814,64.79882187775814,64.61497470686965,70.71205817355525,58.00095572701842,71.59668802849787,64.79882187775814,1,0.3333333333333333,21.599607292586047
2002,house,37,R,4166.0,"Creed, Wayne J.",alabama_sos,ALPERSON-CREED-WAYNE-J,AL-2002-house-37-R-CREED-WAYNE-J,0,0,CREED WAYNE J,False,ALNAME-CREED-WAYNE-J,normalized_full_name,64.79882187775814,64.79882187775814,64.61497470686965,70.71205817355525,58.00095572701842,71.59668802849787,state_ticket_vote_weighted,1.0,meaningful,-64.79882187775814,-64.79882187775814,-64.61497470686965,-70.71205817355525,-71.59668802849787,-58.00095572701842,-64.79882187775814,1,0.3333333333333333,-21.599607292586047
2002,house,38,D,7740.0,"Patterson, Arthur Frank, Jr.",alabama_sos,ALPERSON-PATTERSON-ARTHUR-FRANK-JR,AL-2002-house-38-D-PATTERSON-ARTHUR-FRANK-JR,0,0,PATTERSON ARTHUR FRANK,False,ALNAME-PATTERSON-ARTHUR-FRANK,normalized_full_name,-5.43352326475434,-5.43352326475434,-7.064300660100194,-3.6959809898774534,-8.735096536260658,-2.1319499932480226,state_ticket_vote_weighted,0.9999865391615296,meaningful,-5.43352326475434,-5.43352326475434,-7.064300660100194,-3.6959809898774534,-8.735096536260658,-2.1319499932480226,-5.43352326475434,1,0.3333333333333333,-1.81117442158478
2002,house,38,R,10452.0,"Bridges, DuWayne",alabama_sos,ALPERSON-BRIDGES-DUWAYNE,AL-2002-house-38-R-BRIDGES-DUWAYNE,0,1,BRIDGES DUWAYNE,False,ALNAME-BRIDGES-DUWAYNE,normalized_full_name,-5.43352326475434,-5.43352326475434,-7.064300660100194,-3.6959809898774534,-8.735096536260658,-2.1319499932480226,state_ticket_vote_weighted,0.9999865391615296,meaningful,5.43352326475434,5.43352326475434,7.064300660100194,3.6959809898774534,2.1319499932480226,8.735096536260658,5.43352326475434,1,0.3333333333333333,1.81117442158478
2002,house,40,D,12514.0,"Fite, Lea",alabama_sos,ALPERSON-FITE-LEA,AL-2002-house-40-D-FITE-LEA,0,1,FITE LEA,False,ALNAME-FITE-LEA,normalized_full_name,20.793615402721414,20.793615402721414,34.32985715692396,33.75704859509229,5.789508142693368,35.797722662749464,state_ticket_vote_weighted,1.0,meaningful,20.793615402721414,20.793615402721414,34.32985715692396,33.75704859509229,5.789508142693368,35.797722662749464,20.793615402721414,1,0.3333333333333333,6.9312051342404715
2002,house,40,R,10360.0,"Brooks, Pete",alabama_sos,ALPERSON-BROOKS-PETE,AL-2002-house-40-R-BROOKS-PETE,0,0,BROOKS PETE,False,ALNAME-BROOKS-PETE,normalized_full_name,20.793615402721414,20.793615402721414,34.32985715692396,33.75704859509229,5.789508142693368,35.797722662749464,state_ticket_vote_weighted,1.0,meaningful,-20.793615402721414,-20.793615402721414,-34.32985715692396,-33.75704859509229,-35.797722662749464,-5.789508142693368,-20.793615402721414,1,0.3333333333333333,-6.9312051342404715
2002,house,41,D,2566.0,"McKinzie, Mack",alabama_sos,ALPERSON-MCKINZIE-MACK,AL-2002-house-41-D-MCKINZIE-MACK,0,0,MCKINZIE MACK,False,ALNAME-MCKINZIE-MACK,normalized_full_name,-16.699812730634285,-16.699812730634285,-7.687667558602385,,-29.190008700429754,-4.209616760838816,state_ticket_vote_weighted,1.0,meaningful,-16.699812730634285,-16.699812730634285,-7.687667558602385,,-29.190008700429754,-4.209616760838816,-16.699812730634285,1,0.3333333333333333,-5.566604243544761
2002,house,41,R,11782.0,"Hill, Mike",alabama_sos,ALPERSON-HILL-MIKE,AL-2002-house-41-R-HILL-MIKE,0,1,HILL MIKE,False,ALNAME-HILL-MIKE,normalized_full_name,-16.699812730634285,-16.699812730634285,-7.687667558602385,,-29.190008700429754,-4.209616760838816,state_ticket_vote_weighted,1.0,meaningful,16.699812730634285,16.699812730634285,7.687667558602385,,4.209616760838816,29.190008700429754,16.699812730634285,1,0.3333333333333333,5.566604243544761
2002,house,42,D,8663.0,"Martin, James M. ""Jimmy""",alabama_sos,ALPERSON-MARTIN-JAMES-M-JIMMY,AL-2002-house-42-D-MARTIN-JAMES-M-JIMMY,0,1,MARTIN JAMES M JIMMY,False,ALNAME-MARTIN-JAMES-M-JIMMY,normalized_full_name,44.274118155507594,44.274118155507594,54.41589324402956,53.45735444825286,33.29968663573049,55.2485496752847,state_ticket_vote_weighted,1.0,meaningful,44.274118155507594,44.274118155507594,54.41589324402956,53.45735444825286,33.29968663573049,55.2485496752847,44.274118155507594,1,0.3333333333333333,14.758039385169198
2002,house,42,R,6009.0,"Caton, Allen",alabama_sos,ALPERSON-CATON-ALLEN,AL-2002-house-42-R-CATON-ALLEN,0,0,CATON ALLEN,False,ALNAME-CATON-ALLEN,normalized_full_name,44.274118155507594,44.274118155507594,54.41589324402956,53.45735444825286,33.29968663573049,55.2485496752847,state_ticket_vote_weighted,1.0,meaningful,-44.274118155507594,-44.274118155507594,-54.41589324402956,-53.45735444825286,-55.2485496752847,-33.29968663573049,-44.274118155507594,1,0.3333333333333333,-14.758039385169198
2002,house,50,D,3345.0,"Quarles, Marilyn",alabama_sos,ALPERSON-QUARLES-MARILYN,AL-2002-house-50-D-QUARLES-MARILYN,0,0,QUARLES MARILYN,False,ALNAME-QUARLES-MARILYN,normalized_full_name,-8.76366027982526,-8.76366027982526,2.2353106936673868,0.9688074596864098,-20.559059080425957,3.0317385207754377,state_ticket_vote_weighted,1.0,meaningful,-8.76366027982526,-8.76366027982526,2.2353106936673868,0.9688074596864098,-20.559059080425957,3.0317385207754377,-8.76366027982526,1,0.3333333333333333,-2.9212200932750862
2002,house,50,R,8995.0,"McClendon, Jim",alabama_sos,ALPERSON-MCCLENDON-JIM,AL-2002-house-50-R-MCCLENDON-JIM,0,1,MCCLENDON JIM,False,ALNAME-MCCLENDON-JIM,normalized_full_name,-8.76366027982526,-8.76366027982526,2.2353106936673868,0.9688074596864098,-20.559059080425957,3.0317385207754377,state_ticket_vote_weighted,1.0,meaningful,8.76366027982526,8.76366027982526,-2.2353106936673868,-0.9688074596864098,-3.0317385207754377,20.559059080425957,8.76366027982526,1,0.3333333333333333,2.9212200932750862
2002,house,59,D,8484.0,"Moore, Mary",alabama_sos,ALPERSON-MOORE-MARY,AL-2002-house-59-D-MOORE-MARY,0,1,MOORE MARY,False,ALNAME-MOORE-MARY,normalized_full_name,8.106082967199214,8.106082967199214,13.221790761474985,,1.0160736902727185,15.196092244125708,state_ticket_vote_weighted,1.0,meaningful,8.106082967199214,8.106082967199214,13.221790761474985,,1.0160736902727185,15.196092244125708,8.106082967199214,1,0.3333333333333333,2.702027655733071
2002,house,59,R,2004.0,"Washington, William",alabama_sos,ALPERSON-WASHINGTON-WILLIAM,AL-2002-house-59-R-WASHINGTON-WILLIAM,0,0,WASHINGTON WILLIAM,False,ALNAME-WASHINGTON-WILLIAM,normalized_full_name,8.106082967199214,8.106082967199214,13.221790761474985,,1.0160736902727185,15.196092244125708,state_ticket_vote_weighted,1.0,meaningful,-8.106082967199214,-8.106082967199214,-13.221790761474985,,-15.196092244125708,-1.0160736902727185,-8.106082967199214,1,0.3333333333333333,-2.702027655733071
2002,house,62,D,5659.0,"Merrill, John H.",alabama_sos,ALPERSON-MERRILL-JOHN-H,AL-2002-house-62-D-MERRILL-JOHN-H,0,0,MERRILL JOHN H,False,ALNAME-MERRILL-JOHN-H,normalized_full_name,7.984275419344215,7.984275419344215,19.049478359684926,6.408200110294919,-5.517675742366256,21.486226581054687,state_ticket_vote_weighted,0.9999778873362054,meaningful,7.984275419344215,7.984275419344215,19.049478359684926,6.408200110294919,-5.517675742366256,21.486226581054687,7.984275419344215,1,0.3333333333333333,2.6614251397814046
2002,house,62,R,6788.0,"Allen, Gerald",alabama_sos,ALPERSON-ALLEN-GERALD,AL-2002-house-62-R-ALLEN-GERALD,0,1,ALLEN GERALD,False,ALNAME-ALLEN-GERALD,normalized_full_name,7.984275419344215,7.984275419344215,19.049478359684926,6.408200110294919,-5.517675742366256,21.486226581054687,state_ticket_vote_weighted,0.9999778873362054,meaningful,-7.984275419344215,-7.984275419344215,-19.049478359684926,-6.408200110294919,-21.486226581054687,5.517675742366256,-7.984275419344215,1,0.3333333333333333,-2.6614251397814046
2002,house,63,D,4909.0,"VanderMeer, Jeanette",alabama_sos,ALPERSON-VANDERMEER-JEANETTE,AL-2002-house-63-D-VANDERMEER-JEANETTE,0,0,VANDERMEER JEANETTE,False,ALNAME-VANDERMEER-JEANETTE,normalized_full_name,-7.160667518902187,-7.160667518902187,-1.2018881808091813,,-15.419212512258376,1.0978774744540019,state_ticket_vote_weighted,0.9999803661322241,meaningful,-7.160667518902187,-7.160667518902187,-1.2018881808091813,,-15.419212512258376,1.0978774744540019,-7.160667518902187,1,0.3333333333333333,-2.3868891729673956
2002,house,63,R,8615.0,"Bentley, Robert",alabama_sos,ALPERSON-BENTLEY-ROBERT,AL-2002-house-63-R-BENTLEY-ROBERT,0,1,BENTLEY ROBERT,False,ALNAME-BENTLEY-ROBERT,normalized_full_name,-7.160667518902187,-7.160667518902187,-1.2018881808091813,,-15.419212512258376,1.0978774744540019,state_ticket_vote_weighted,0.9999803661322241,meaningful,7.160667518902187,7.160667518902187,1.2018881808091813,,-1.0978774744540019,15.419212512258376,7.160667518902187,1,0.3333333333333333,2.3868891729673956
2002,house,64,D,7133.0,"Warren, J.E. ""Jimmy""",alabama_sos,ALPERSON-WARREN-J-E-JIMMY,AL-2002-house-64-D-WARREN-J-E-JIMMY,0,0,WARREN J E JIMMY,False,ALNAME-WARREN-J-E-JIMMY,normalized_full_name,18.765717310540403,18.765717310540403,25.968337793175984,23.084564778080775,11.660600970067357,25.87083365101345,state_ticket_vote_weighted,1.0,meaningful,18.765717310540403,18.765717310540403,25.968337793175984,23.084564778080775,11.660600970067357,25.87083365101345,18.765717310540403,1,0.3333333333333333,6.255239103513468
2002,house,64,R,8447.0,"Albritton, Greg",alabama_sos,ALPERSON-ALBRITTON-GREG,AL-2002-house-64-R-ALBRITTON-GREG,0,1,ALBRITTON GREG,False,ALNAME-ALBRITTON-GREG,normalized_full_name,18.765717310540403,18.765717310540403,25.968337793175984,23.084564778080775,11.660600970067357,25.87083365101345,state_ticket_vote_weighted,1.0,meaningful,-18.765717310540403,-18.765717310540403,-25.968337793175984,-23.084564778080775,-25.87083365101345,-11.660600970067357,-18.765717310540403,1,0.3333333333333333,-6.255239103513468
2002,house,65,D,11615.0,"Dolbare, Jeff",alabama_sos,ALPERSON-DOLBARE-JEFF,AL-2002-house-65-D-DOLBARE-JEFF,0,1,DOLBARE JEFF,False,ALNAME-DOLBARE-JEFF,normalized_full_name,24.34237452354122,24.34237452354122,27.46064492983161,36.63200940023378,11.82104060727958,36.86370843980286,state_ticket_vote_weighted,1.0,meaningful,24.34237452354122,24.34237452354122,27.46064492983161,36.63200940023378,11.82104060727958,36.86370843980286,24.34237452354122,1,0.3333333333333333,8.114124841180406
2002,house,65,R,8166.0,"Williams, Nick",alabama_sos,ALPERSON-WILLIAMS-NICK,AL-2002-house-65-R-WILLIAMS-NICK,0,0,WILLIAMS NICK,False,ALNAME-WILLIAMS-NICK,normalized_full_name,24.34237452354122,24.34237452354122,27.46064492983161,36.63200940023378,11.82104060727958,36.86370843980286,state_ticket_vote_weighted,1.0,meaningful,-24.34237452354122,-24.34237452354122,-27.46064492983161,-36.63200940023378,-36.86370843980286,-11.82104060727958,-24.34237452354122,1,0.3333333333333333,-8.114124841180406
2002,house,67,D,6192.0,"Salaam, Y.",alabama_sos,ALPERSON-SALAAM-Y,AL-2002-house-67-D-SALAAM-Y,0,1,SALAAM Y,False,ALNAME-SALAAM-Y,normalized_full_name,-15.245123770310922,-15.245123770310922,-8.834338607042966,-12.705260324958498,-21.57267182690921,-8.917575713712633,state_ticket_vote_weighted,1.0,meaningful,-15.245123770310922,-15.245123770310922,-8.834338607042966,-12.705260324958498,-21.57267182690921,-8.917575713712633,-15.245123770310922,1,0.3333333333333333,-5.081707923436974
2002,house,67,R,5349.0,"Story, Mark A.",alabama_sos,ALPERSON-STORY-MARK-A,AL-2002-house-67-R-STORY-MARK-A,0,0,STORY MARK A,False,ALNAME-STORY-MARK-A,normalized_full_name,-15.245123770310922,-15.245123770310922,-8.834338607042966,-12.705260324958498,-21.57267182690921,-8.917575713712633,state_ticket_vote_weighted,1.0,meaningful,15.245123770310922,15.245123770310922,8.834338607042966,12.705260324958498,8.917575713712633,21.57267182690921,15.245123770310922,1,0.3333333333333333,5.081707923436974
2002,house,70,D,6544.0,"Melton, Bryant",alabama_sos,ALPERSON-MELTON-BRYANT,AL-2002-house-70-D-MELTON-BRYANT,0,1,MELTON BRYANT,False,ALNAME-MELTON-BRYANT,normalized_full_name,5.409521939792519,5.409521939792519,9.816969803568625,,-0.6990492153006445,11.518093094885682,state_ticket_vote_weighted,0.9999679876846482,meaningful,5.409521939792519,5.409521939792519,9.816969803568625,,-0.6990492153006445,11.518093094885682,5.409521939792519,1,0.3333333333333333,1.8031739799308397
2002,house,70,R,1772.0,"Hill, Stephen",alabama_sos,ALPERSON-HILL-STEPHEN,AL-2002-house-70-R-HILL-STEPHEN,0,0,HILL STEPHEN,False,ALNAME-HILL-STEPHEN,normalized_full_name,5.409521939792519,5.409521939792519,9.816969803568625,,-0.6990492153006445,11.518093094885682,state_ticket_vote_weighted,0.9999679876846482,meaningful,-5.409521939792519,-5.409521939792519,-9.816969803568625,,-11.518093094885682,0.6990492153006445,-5.409521939792519,1,0.3333333333333333,-1.8031739799308397
2002,house,74,D,3667.0,"Ott, Ruth Mitchell",alabama_sos,ALPERSON-OTT-RUTH-MITCHELL,AL-2002-house-74-D-OTT-RUTH-MITCHELL,0,0,OTT RUTH MITCHELL,False,ALNAME-OTT-RUTH-MITCHELL,normalized_full_name,1.6711675192549151,1.6711675192549151,12.24702098159949,-22.085656644166512,-32.791482659774566,36.133817698284396,state_ticket_vote_weighted,1.0,meaningful,1.6711675192549151,1.6711675192549151,12.24702098159949,-22.085656644166512,-32.791482659774566,36.133817698284396,1.6711675192549151,1,0.3333333333333333,0.5570558397516383
2002,house,74,R,9712.0,"Love, Jay, Jr.",alabama_sos,ALPERSON-LOVE-JAY-JR,AL-2002-house-74-R-LOVE-JAY-JR,0,1,LOVE JAY,False,ALNAME-LOVE-JAY,normalized_full_name,1.6711675192549151,1.6711675192549151,12.24702098159949,-22.085656644166512,-32.791482659774566,36.133817698284396,state_ticket_vote_weighted,1.0,meaningful,-1.6711675192549151,-1.6711675192549151,-12.24702098159949,22.085656644166512,-36.133817698284396,32.791482659774566,-1.6711675192549151,1,0.3333333333333333,-0.5570558397516383
2002,house,76,D,7367.0,"McClammy, Thad",alabama_sos,ALPERSON-MCCLAMMY-THAD,AL-2002-house-76-D-MCCLAMMY-THAD,0,1,MCCLAMMY THAD,False,ALNAME-MCCLAMMY-THAD,normalized_full_name,4.693654681631521,4.693654681631521,7.203095110324739,18.97455817751742,-10.250597472180301,19.637906835443346,state_ticket_vote_weighted,1.0,meaningful,4.693654681631521,4.693654681631521,7.203095110324739,18.97455817751742,-10.250597472180301,19.637906835443346,4.693654681631521,1,0.3333333333333333,1.5645515605438405
2002,house,76,R,3035.0,"Grant, Tanner",alabama_sos,ALPERSON-GRANT-TANNER,AL-2002-house-76-R-GRANT-TANNER,0,0,GRANT TANNER,False,ALNAME-GRANT-TANNER,normalized_full_name,4.693654681631521,4.693654681631521,7.203095110324739,18.97455817751742,-10.250597472180301,19.637906835443346,state_ticket_vote_weighted,1.0,meaningful,-4.693654681631521,-4.693654681631521,-7.203095110324739,-18.97455817751742,-19.637906835443346,10.250597472180301,-4.693654681631521,1,0.3333333333333333,-1.5645515605438405
2002,house,81,D,10400.0,"Graham, Betty Carol",alabama_sos,ALPERSON-GRAHAM-BETTY-CAROL,AL-2002-house-81-D-GRAHAM-BETTY-CAROL,0,1,GRAHAM BETTY CAROL,False,ALNAME-GRAHAM-BETTY-CAROL,normalized_full_name,59.55025226501496,59.55025226501496,60.63771366000681,62.421517869245434,56.70895110046535,62.391553429564574,state_ticket_vote_weighted,0.9999977262223895,meaningful,59.55025226501496,59.55025226501496,60.63771366000681,62.421517869245434,56.70895110046535,62.391553429564574,59.55025226501496,1,0.3333333333333333,19.85008408833832
2002,house,81,R,4458.0,"Patterson, Benjie",alabama_sos,ALPERSON-PATTERSON-BENJIE,AL-2002-house-81-R-PATTERSON-BENJIE,0,0,PATTERSON BENJIE,False,ALNAME-PATTERSON-BENJIE,normalized_full_name,59.55025226501496,59.55025226501496,60.63771366000681,62.421517869245434,56.70895110046535,62.391553429564574,state_ticket_vote_weighted,0.9999977262223895,meaningful,-59.55025226501496,-59.55025226501496,-60.63771366000681,-62.421517869245434,-62.391553429564574,-56.70895110046535,-59.55025226501496,1,0.3333333333333333,-19.85008408833832
2002,house,85,D,6718.0,"Baker, Locy ""Sunny""",alabama_sos,ALPERSON-BAKER-LOCY-SUNNY,AL-2002-house-85-D-BAKER-LOCY-SUNNY,0,1,BAKER LOCY SUNNY,False,ALNAME-BAKER-LOCY-SUNNY,normalized_full_name,26.3236129450122,26.3236129450122,49.38641053121673,55.6234328124127,-3.9272639762932258,56.57448986631763,state_ticket_vote_weighted,1.0,meaningful,26.3236129450122,26.3236129450122,49.38641053121673,55.6234328124127,-3.9272639762932258,56.57448986631763,26.3236129450122,1,0.3333333333333333,8.7745376483374
2002,house,85,R,4350.0,"Smith, Gary L.",alabama_sos,ALPERSON-SMITH-GARY-L,AL-2002-house-85-R-SMITH-GARY-L,0,0,SMITH GARY L,False,ALNAME-SMITH-GARY-L,normalized_full_name,26.3236129450122,26.3236129450122,49.38641053121673,55.6234328124127,-3.9272639762932258,56.57448986631763,state_ticket_vote_weighted,1.0,meaningful,-26.3236129450122,-26.3236129450122,-49.38641053121673,-55.6234328124127,-56.57448986631763,3.9272639762932258,-26.3236129450122,1,0.3333333333333333,-8.7745376483374
2002,house,87,D,3453.0,"Hutto, Mickey A.",alabama_sos,ALPERSON-HUTTO-MICKEY-A,AL-2002-house-87-D-HUTTO-MICKEY-A,0,0,HUTTO MICKEY A,False,ALNAME-HUTTO-MICKEY-A,normalized_full_name,-3.76558918715331,-3.76558918715331,19.881141304906166,-4.0962937288860815,-30.713446397392232,23.182268023085612,state_ticket_vote_weighted,1.0,meaningful,-3.76558918715331,-3.76558918715331,19.881141304906166,-4.0962937288860815,-30.713446397392232,23.182268023085612,-3.76558918715331,1,0.3333333333333333,-1.2551963957177699
2002,house,87,R,9083.0,"Beck, Warren Harris",alabama_sos,ALPERSON-BECK-WARREN-HARRIS,AL-2002-house-87-R-BECK-WARREN-HARRIS,0,1,BECK WARREN HARRIS,False,ALNAME-BECK-WARREN-HARRIS,normalized_full_name,-3.76558918715331,-3.76558918715331,19.881141304906166,-4.0962937288860815,-30.713446397392232,23.182268023085612,state_ticket_vote_weighted,1.0,meaningful,3.76558918715331,3.76558918715331,-19.881141304906166,4.0962937288860815,-23.182268023085612,30.713446397392232,3.76558918715331,1,0.3333333333333333,1.2551963957177699
2002,house,91,D,7984.0,"Spicer, Terry",alabama_sos,ALPERSON-SPICER-TERRY,AL-2002-house-91-D-SPICER-TERRY,0,1,SPICER TERRY,False,ALNAME-SPICER-TERRY,normalized_full_name,44.88324588931343,44.88324588931343,72.18374285832242,55.3997408838179,17.894767981708725,71.87172379691813,state_ticket_vote_weighted,1.0,meaningful,44.88324588931343,44.88324588931343,72.18374285832242,55.3997408838179,17.894767981708725,71.87172379691813,44.88324588931343,1,0.3333333333333333,14.961081963104476
2002,house,91,R,4865.0,"Howell, Wes",alabama_sos,ALPERSON-HOWELL-WES,AL-2002-house-91-R-HOWELL-WES,0,0,HOWELL WES,False,ALNAME-HOWELL-WES,normalized_full_name,44.88324588931343,44.88324588931343,72.18374285832242,55.3997408838179,17.894767981708725,71.87172379691813,state_ticket_vote_weighted,1.0,meaningful,-44.88324588931343,-44.88324588931343,-72.18374285832242,-55.3997408838179,-71.87172379691813,-17.894767981708725,-44.88324588931343,1,0.3333333333333333,-14.961081963104476
2002,house,92,D,8552.0,"Hammett, Seth",alabama_sos,ALPERSON-HAMMETT-SETH,AL-2002-house-92-D-HAMMETT-SETH,0,1,HAMMETT SETH,False,ALNAME-HAMMETT-SETH,normalized_full_name,63.37648061980729,63.37648061980729,86.42395331344323,71.92534342712544,40.540465448816846,86.21249579079773,state_ticket_vote_weighted,1.0,meaningful,63.37648061980729,63.37648061980729,86.42395331344323,71.92534342712544,40.540465448816846,86.21249579079773,63.37648061980729,1,0.3333333333333333,21.12549353993576
2002,house,92,R,3599.0,"Broxton, Roger",alabama_sos,ALPERSON-BROXTON-ROGER,AL-2002-house-92-R-BROXTON-ROGER,0,0,BROXTON ROGER,False,ALNAME-BROXTON-ROGER,normalized_full_name,63.37648061980729,63.37648061980729,86.42395331344323,71.92534342712544,40.540465448816846,86.21249579079773,state_ticket_vote_weighted,1.0,meaningful,-63.37648061980729,-63.37648061980729,-86.42395331344323,-71.92534342712544,-86.21249579079773,-40.540465448816846,-63.37648061980729,1,0.3333333333333333,-21.12549353993576
2002,house,102,D,4698.0,"Johnson, Gary",alabama_sos,ALPERSON-JOHNSON-GARY,AL-2002-house-102-D-JOHNSON-GARY,0,0,JOHNSON GARY,False,ALNAME-JOHNSON-GARY,normalized_full_name,-31.58812692693357,-31.58812692693357,-28.49934599911321,-41.245316969761696,-44.62032554594669,-18.555928307920446,state_ticket_vote_weighted,1.0,meaningful,-31.58812692693357,-31.58812692693357,-28.49934599911321,-41.245316969761696,-44.62032554594669,-18.555928307920446,-31.58812692693357,1,0.3333333333333333,-10.529375642311189
2002,house,102,R,16424.0,"Turner, J.E.",alabama_sos,ALPERSON-TURNER-J-E,AL-2002-house-102-R-TURNER-J-E,0,1,TURNER J E,False,ALNAME-TURNER-J-E,normalized_full_name,-31.58812692693357,-31.58812692693357,-28.49934599911321,-41.245316969761696,-44.62032554594669,-18.555928307920446,state_ticket_vote_weighted,1.0,meaningful,31.58812692693357,31.58812692693357,28.49934599911321,41.245316969761696,18.555928307920446,44.62032554594669,31.58812692693357,1,0.3333333333333333,10.529375642311189
2002,house,104,D,6908.0,"Webster, Daniel J.",alabama_sos,ALPERSON-WEBSTER-DANIEL-J,AL-2002-house-104-D-WEBSTER-DANIEL-J,0,0,WEBSTER DANIEL J,False,ALNAME-WEBSTER-DANIEL-J,normalized_full_name,-18.738551449852707,-18.738551449852707,-14.009795996390466,-32.191803879367264,-37.2280557293858,-0.24904717031961354,state_ticket_vote_weighted,1.0,meaningful,-18.738551449852707,-18.738551449852707,-14.009795996390466,-32.191803879367264,-37.2280557293858,-0.24904717031961354,-18.738551449852707,1,0.3333333333333333,-6.2461838166175685
2002,house,104,R,18898.0,"Barton, Jim",alabama_sos,ALPERSON-BARTON-JIM,AL-2002-house-104-R-BARTON-JIM,0,1,BARTON JIM,False,ALNAME-BARTON-JIM,normalized_full_name,-18.738551449852707,-18.738551449852707,-14.009795996390466,-32.191803879367264,-37.2280557293858,-0.24904717031961354,state_ticket_vote_weighted,1.0,meaningful,18.738551449852707,18.738551449852707,14.009795996390466,32.191803879367264,0.24904717031961354,37.2280557293858,18.738551449852707,1,0.3333333333333333,6.2461838166175685
2002,senate,1,D,25174.0,"Denton, Bobby",alabama_sos,ALPERSON-DENTON-BOBBY,AL-2002-senate-1-D-DENTON-BOBBY,0,1,DENTON BOBBY,False,ALNAME-DENTON-BOBBY,normalized_full_name,29.259408239594798,29.259408239594798,6.430875650692634,34.23193876170493,0.20149028155724125,58.317326197632354,state_ticket_vote_weighted,1.0,meaningful,29.259408239594798,29.259408239594798,6.430875650692634,34.23193876170493,0.20149028155724125,58.317326197632354,29.259408239594798,1,0.3333333333333333,9.753136079864932
2002,senate,1,R,14344.0,"Hanson, Quinton",alabama_sos,ALPERSON-HANSON-QUINTON,AL-2002-senate-1-R-HANSON-QUINTON,0,0,HANSON QUINTON,False,ALNAME-HANSON-QUINTON,normalized_full_name,29.259408239594798,29.259408239594798,6.430875650692634,34.23193876170493,0.20149028155724125,58.317326197632354,state_ticket_vote_weighted,1.0,meaningful,-29.259408239594798,-29.259408239594798,-6.430875650692634,-34.23193876170493,-58.317326197632354,-0.20149028155724125,-29.259408239594798,1,0.3333333333333333,-9.753136079864932
2002,senate,2,D,23922.0,"Butler, Tom",alabama_sos,ALPERSON-BUTLER-TOM,AL-2002-senate-2-D-BUTLER-TOM,0,1,BUTLER TOM,False,ALNAME-BUTLER-TOM,normalized_full_name,34.88285811365809,34.88285811365809,8.184595547834787,39.48595348015709,1.7578847058088627,68.00783152150731,state_ticket_vote_weighted,1.0,meaningful,34.88285811365809,34.88285811365809,8.184595547834787,39.48595348015709,1.7578847058088627,68.00783152150731,34.88285811365809,1,0.3333333333333333,11.627619371219362
2002,senate,2,R,17488.0,"Andrews, Steve",alabama_sos,ALPERSON-ANDREWS-STEVE,AL-2002-senate-2-R-ANDREWS-STEVE,0,0,ANDREWS STEVE,False,ALNAME-ANDREWS-STEVE,normalized_full_name,34.88285811365809,34.88285811365809,8.184595547834787,39.48595348015709,1.7578847058088627,68.00783152150731,state_ticket_vote_weighted,1.0,meaningful,-34.88285811365809,-34.88285811365809,-8.184595547834787,-39.48595348015709,-68.00783152150731,-1.7578847058088627,-34.88285811365809,1,0.3333333333333333,-11.627619371219362
2002,senate,3,D,26359.0,"Roberts, Tommy Ed",alabama_sos,ALPERSON-ROBERTS-TOMMY-ED,AL-2002-senate-3-D-ROBERTS-TOMMY-ED,0,1,ROBERTS TOMMY ED,False,ALNAME-ROBERTS-TOMMY-ED,normalized_full_name,45.964820395111204,45.964820395111204,11.471739824391085,47.62424179574862,5.96025140698201,85.9693893832404,state_ticket_vote_weighted,1.0,meaningful,45.964820395111204,45.964820395111204,11.471739824391085,47.62424179574862,5.96025140698201,85.9693893832404,45.964820395111204,1,0.3333333333333333,15.3216067983704
2002,senate,3,R,15729.0,"Smith, Terry",alabama_sos,ALPERSON-SMITH-TERRY,AL-2002-senate-3-R-SMITH-TERRY,0,0,SMITH TERRY,False,ALNAME-SMITH-TERRY,normalized_full_name,45.964820395111204,45.964820395111204,11.471739824391085,47.62424179574862,5.96025140698201,85.9693893832404,state_ticket_vote_weighted,1.0,meaningful,-45.964820395111204,-45.964820395111204,-11.471739824391085,-47.62424179574862,-85.9693893832404,-5.96025140698201,-45.964820395111204,1,0.3333333333333333,-15.3216067983704
2002,senate,4,D,24439.0,"Little, Zeb",alabama_sos,ALPERSON-LITTLE-ZEB,AL-2002-senate-4-D-LITTLE-ZEB,0,1,LITTLE ZEB,False,ALNAME-LITTLE-ZEB,normalized_full_name,41.77313115978963,41.77313115978963,3.2340266673803946,48.82532356275687,-6.3272172553803046,89.87347957495956,state_ticket_vote_weighted,1.0,meaningful,41.77313115978963,41.77313115978963,3.2340266673803946,48.82532356275687,-6.3272172553803046,89.87347957495956,41.77313115978963,1,0.3333333333333333,13.924377053263209
2002,senate,4,R,14279.0,"Hunt, Guy",alabama_sos,ALPERSON-HUNT-GUY,AL-2002-senate-4-R-HUNT-GUY,0,0,HUNT GUY,False,ALNAME-HUNT-GUY,normalized_full_name,41.77313115978963,41.77313115978963,3.2340266673803946,48.82532356275687,-6.3272172553803046,89.87347957495956,state_ticket_vote_weighted,1.0,meaningful,-41.77313115978963,-41.77313115978963,-3.2340266673803946,-48.82532356275687,-89.87347957495956,6.3272172553803046,-41.77313115978963,1,0.3333333333333333,-13.924377053263209
2002,senate,5,D,17133.0,"Dutton, John Randall",alabama_sos,ALPERSON-DUTTON-JOHN-RANDALL,AL-2002-senate-5-D-DUTTON-JOHN-RANDALL,0,0,DUTTON JOHN RANDALL,False,ALNAME-DUTTON-JOHN-RANDALL,normalized_full_name,-0.38621798802876306,-0.38621798802876306,10.604327449739872,2.1128369440758856,-11.67800620389912,10.905570227841594,state_ticket_vote_weighted,1.0,meaningful,-0.38621798802876306,-0.38621798802876306,10.604327449739872,2.1128369440758856,-11.67800620389912,10.905570227841594,-0.38621798802876306,1,0.3333333333333333,-0.128739329342921
2002,senate,5,R,23657.0,"Lee, Curt",alabama_sos,ALPERSON-LEE-CURT,AL-2002-senate-5-R-LEE-CURT,0,1,LEE CURT,False,ALNAME-LEE-CURT,normalized_full_name,-0.38621798802876306,-0.38621798802876306,10.604327449739872,2.1128369440758856,-11.67800620389912,10.905570227841594,state_ticket_vote_weighted,1.0,meaningful,0.38621798802876306,0.38621798802876306,-10.604327449739872,-2.1128369440758856,-10.905570227841594,11.67800620389912,0.38621798802876306,1,0.3333333333333333,0.128739329342921
2002,senate,6,D,23486.0,"Bedford, Roger",alabama_sos,ALPERSON-BEDFORD-ROGER,AL-2002-senate-6-D-BEDFORD-ROGER,0,1,BEDFORD ROGER,False,ALNAME-BEDFORD-ROGER,normalized_full_name,25.3941685181343,25.3941685181343,1.582879500166431,41.21963444664466,-13.711899891547631,64.50023692781623,state_ticket_vote_weighted,0.9999725696905788,meaningful,25.3941685181343,25.3941685181343,1.582879500166431,41.21963444664466,-13.711899891547631,64.50023692781623,25.3941685181343,1,0.3333333333333333,8.4647228393781
2002,senate,6,R,15205.0,"Frazier, Betty",alabama_sos,ALPERSON-FRAZIER-BETTY,AL-2002-senate-6-R-FRAZIER-BETTY,0,0,FRAZIER BETTY,False,ALNAME-FRAZIER-BETTY,normalized_full_name,25.3941685181343,25.3941685181343,1.582879500166431,41.21963444664466,-13.711899891547631,64.50023692781623,state_ticket_vote_weighted,0.9999725696905788,meaningful,-25.3941685181343,-25.3941685181343,-1.582879500166431,-41.21963444664466,-64.50023692781623,13.711899891547631,-25.3941685181343,1,0.3333333333333333,-8.4647228393781
2002,senate,7,D,25365.0,"Enfinger, Jeff",alabama_sos,ALPERSON-ENFINGER-JEFF,AL-2002-senate-7-D-ENFINGER-JEFF,0,1,ENFINGER JEFF,False,ALNAME-ENFINGER-JEFF,normalized_full_name,31.53316115587549,31.53316115587549,8.71969553001071,29.731164573996324,6.674065157997688,56.39225715375329,state_ticket_vote_weighted,1.0,meaningful,31.53316115587549,31.53316115587549,8.71969553001071,29.731164573996324,6.674065157997688,56.39225715375329,31.53316115587549,1,0.3333333333333333,10.511053718625163
2002,senate,7,R,12823.0,"Peters, Elbert",alabama_sos,ALPERSON-PETERS-ELBERT,AL-2002-senate-7-R-PETERS-ELBERT,0,0,PETERS ELBERT,False,ALNAME-PETERS-ELBERT,normalized_full_name,31.53316115587549,31.53316115587549,8.71969553001071,29.731164573996324,6.674065157997688,56.39225715375329,state_ticket_vote_weighted,1.0,meaningful,-31.53316115587549,-31.53316115587549,-8.71969553001071,-29.731164573996324,-56.39225715375329,-6.674065157997688,-31.53316115587549,1,0.3333333333333333,-10.511053718625163
2002,senate,8,D,19890.0,"Barron, Lowell",alabama_sos,ALPERSON-BARRON-LOWELL,AL-2002-senate-8-D-BARRON-LOWELL,0,1,BARRON LOWELL,False,ALNAME-BARRON-LOWELL,normalized_full_name,24.111519143870915,24.111519143870915,1.4689344212892088,32.056287364027206,-6.996261405819393,55.219299693561226,state_ticket_vote_weighted,1.0,meaningful,24.111519143870915,24.111519143870915,1.4689344212892088,32.056287364027206,-6.996261405819393,55.219299693561226,24.111519143870915,1,0.3333333333333333,8.037173047956971
2002,senate,8,R,14222.0,"Hammonds, David",alabama_sos,ALPERSON-HAMMONDS-DAVID,AL-2002-senate-8-R-HAMMONDS-DAVID,0,0,HAMMONDS DAVID,False,ALNAME-HAMMONDS-DAVID,normalized_full_name,24.111519143870915,24.111519143870915,1.4689344212892088,32.056287364027206,-6.996261405819393,55.219299693561226,state_ticket_vote_weighted,1.0,meaningful,-24.111519143870915,-24.111519143870915,-1.4689344212892088,-32.056287364027206,-55.219299693561226,6.996261405819393,-24.111519143870915,1,0.3333333333333333,-8.037173047956971
2002,senate,9,D,8914.0,"Mitchem, Hinton",alabama_sos,ALPERSON-MITCHEM-HINTON,AL-2002-senate-9-D-MITCHEM-HINTON,0,0,MITCHEM HINTON,False,ALNAME-MITCHEM-HINTON,normalized_full_name,26.37715635937891,26.37715635937891,-1.7331706699009368,31.15044878389049,-8.449008786507207,61.20332150526502,state_ticket_vote_weighted,1.0,meaningful,26.37715635937891,26.37715635937891,-1.7331706699009368,31.15044878389049,-8.449008786507207,61.20332150526502,26.37715635937891,1,0.3333333333333333,8.792385453126302
2002,senate,9,R,9438.0,"Edmonds, Doris",alabama_sos,ALPERSON-EDMONDS-DORIS,AL-2002-senate-9-R-EDMONDS-DORIS,0,1,EDMONDS DORIS,False,ALNAME-EDMONDS-DORIS,normalized_full_name,26.37715635937891,26.37715635937891,-1.7331706699009368,31.15044878389049,-8.449008786507207,61.20332150526502,state_ticket_vote_weighted,1.0,meaningful,-26.37715635937891,-26.37715635937891,1.7331706699009368,-31.15044878389049,-61.20332150526502,8.449008786507207,-26.37715635937891,1,0.3333333333333333,-8.792385453126302
2002,senate,10,D,24702.0,"Means, Larry",alabama_sos,ALPERSON-MEANS-LARRY,AL-2002-senate-10-D-MEANS-LARRY,0,1,MEANS LARRY,False,ALNAME-MEANS-LARRY,normalized_full_name,36.02290894767924,36.02290894767924,44.62909207522058,45.495247650298026,25.75886302131863,46.28695487403985,state_ticket_vote_weighted,1.0,meaningful,36.02290894767924,36.02290894767924,44.62909207522058,45.495247650298026,25.75886302131863,46.28695487403985,36.02290894767924,1,0.3333333333333333,12.00763631589308
2002,senate,10,R,11670.0,"Williams, David L.",alabama_sos,ALPERSON-WILLIAMS-DAVID-L,AL-2002-senate-10-R-WILLIAMS-DAVID-L,0,0,WILLIAMS DAVID L,False,ALNAME-WILLIAMS-DAVID-L,normalized_full_name,36.02290894767924,36.02290894767924,44.62909207522058,45.495247650298026,25.75886302131863,46.28695487403985,state_ticket_vote_weighted,1.0,meaningful,-36.02290894767924,-36.02290894767924,-44.62909207522058,-45.495247650298026,-46.28695487403985,-25.75886302131863,-36.02290894767924,1,0.3333333333333333,-12.00763631589308
2002,senate,11,D,27018.0,"Preiutt, Jim",alabama_sos,ALPERSON-PREIUTT-JIM,AL-2002-senate-11-D-PREIUTT-JIM,0,1,PREIUTT JIM,False,ALNAME-PREIUTT-JIM,normalized_full_name,34.89048817162112,34.89048817162112,42.74129512352104,44.91729077763601,24.55293900216583,45.228037341076416,state_ticket_vote_weighted,1.0,meaningful,34.89048817162112,34.89048817162112,42.74129512352104,44.91729077763601,24.55293900216583,45.228037341076416,34.89048817162112,1,0.3333333333333333,11.630162723873706
2002,senate,11,R,12589.0,"Bradford, Ralph, Sr.",alabama_sos,ALPERSON-BRADFORD-RALPH-SR,AL-2002-senate-11-R-BRADFORD-RALPH-SR,0,0,BRADFORD RALPH,False,ALNAME-BRADFORD-RALPH,normalized_full_name,34.89048817162112,34.89048817162112,42.74129512352104,44.91729077763601,24.55293900216583,45.228037341076416,state_ticket_vote_weighted,1.0,meaningful,-34.89048817162112,-34.89048817162112,-42.74129512352104,-44.91729077763601,-45.228037341076416,-24.55293900216583,-34.89048817162112,1,0.3333333333333333,-11.630162723873706
2002,senate,12,D,26643.0,"Gray, Preston R., Jr.",alabama_sos,ALPERSON-GRAY-PRESTON-R-JR,AL-2002-senate-12-D-GRAY-PRESTON-R-JR,0,0,GRAY PRESTON R,False,ALNAME-GRAY-PRESTON-R,normalized_full_name,-3.683314161163299,-3.683314161163299,8.426165098636751,13.471079937453627,-20.96328099173963,13.596652669413032,state_ticket_vote_weighted,1.0,meaningful,-3.683314161163299,-3.683314161163299,8.426165098636751,13.471079937453627,-20.96328099173963,13.596652669413032,-3.683314161163299,1,0.3333333333333333,-1.227771387054433
2002,senate,12,R,39091.0,"Marsh, Del",alabama_sos,ALPERSON-MARSH-DEL,AL-2002-senate-12-R-MARSH-DEL,0,1,MARSH DEL,False,ALNAME-MARSH-DEL,normalized_full_name,-3.683314161163299,-3.683314161163299,8.426165098636751,13.471079937453627,-20.96328099173963,13.596652669413032,state_ticket_vote_weighted,1.0,meaningful,3.683314161163299,3.683314161163299,-8.426165098636751,-13.471079937453627,-13.596652669413032,20.96328099173963,3.683314161163299,1,0.3333333333333333,1.227771387054433
2002,senate,15,D,4673.0,"Turner, John",alabama_sos,ALPERSON-TURNER-JOHN,AL-2002-senate-15-D-TURNER-JOHN,0,0,TURNER JOHN,False,ALNAME-TURNER-JOHN,normalized_full_name,-32.054765891768966,-32.054765891768966,-23.151484433987186,,-44.39408445124446,-19.715447332293472,state_ticket_vote_weighted,1.0,meaningful,-32.054765891768966,-32.054765891768966,-23.151484433987186,,-44.39408445124446,-19.715447332293472,-32.054765891768966,1,0.3333333333333333,-10.684921963922989
2002,senate,15,R,36998.0,"French, Steve",alabama_sos,ALPERSON-FRENCH-STEVE,AL-2002-senate-15-R-FRENCH-STEVE,0,1,FRENCH STEVE,False,ALNAME-FRENCH-STEVE,normalized_full_name,-32.054765891768966,-32.054765891768966,-23.151484433987186,,-44.39408445124446,-19.715447332293472,state_ticket_vote_weighted,1.0,meaningful,32.054765891768966,32.054765891768966,23.151484433987186,,19.715447332293472,44.39408445124446,32.054765891768966,1,0.3333333333333333,10.684921963922989
2002,senate,17,D,5685.0,"Moore, Caroline B.",alabama_sos,ALPERSON-MOORE-CAROLINE-B,AL-2002-senate-17-D-MOORE-CAROLINE-B,0,0,MOORE CAROLINE B,False,ALNAME-MOORE-CAROLINE-B,normalized_full_name,-29.334642785060538,-29.334642785060538,-16.809275590415233,-22.006563623602936,-41.668566588595155,-17.000718981525917,state_ticket_vote_weighted,1.0,meaningful,-29.334642785060538,-29.334642785060538,-16.809275590415233,-22.006563623602936,-41.668566588595155,-17.000718981525917,-29.334642785060538,1,0.3333333333333333,-9.778214261686845
2002,senate,17,R,30478.0,"Biddle, Jack, III",alabama_sos,ALPERSON-BIDDLE-JACK-III,AL-2002-senate-17-R-BIDDLE-JACK-III,0,1,BIDDLE JACK,False,ALNAME-BIDDLE-JACK,normalized_full_name,-29.334642785060538,-29.334642785060538,-16.809275590415233,-22.006563623602936,-41.668566588595155,-17.000718981525917,state_ticket_vote_weighted,1.0,meaningful,29.334642785060538,29.334642785060538,16.809275590415233,22.006563623602936,17.000718981525917,41.668566588595155,29.334642785060538,1,0.3333333333333333,9.778214261686845
2002,senate,19,D,28085.0,"McClain, E.B.",alabama_sos,ALPERSON-MCCLAIN-E-B,AL-2002-senate-19-D-MCCLAIN-E-B,0,1,MCCLAIN E B,False,ALNAME-MCCLAIN-E-B,normalized_full_name,1.2687288952254292,1.2687288952254292,6.67363975710451,,-6.22209538417588,8.759553174626738,state_ticket_vote_weighted,1.0,meaningful,1.2687288952254292,1.2687288952254292,6.67363975710451,,-6.22209538417588,8.759553174626738,1.2687288952254292,1,0.3333333333333333,0.42290963174180973
2002,senate,19,R,8451.0,"Walker, Cliff",alabama_sos,ALPERSON-WALKER-CLIFF,AL-2002-senate-19-R-WALKER-CLIFF,0,0,WALKER CLIFF,False,ALNAME-WALKER-CLIFF,normalized_full_name,1.2687288952254292,1.2687288952254292,6.67363975710451,,-6.22209538417588,8.759553174626738,state_ticket_vote_weighted,1.0,meaningful,-1.2687288952254292,-1.2687288952254292,-6.67363975710451,,-8.759553174626738,6.22209538417588,-1.2687288952254292,1,0.3333333333333333,-0.42290963174180973
2002,senate,21,D,19911.0,"Poole, Phil",alabama_sos,ALPERSON-POOLE-PHIL,AL-2002-senate-21-D-POOLE-PHIL,0,1,POOLE PHIL,False,ALNAME-POOLE-PHIL,normalized_full_name,29.342087269468056,29.342087269468056,38.425911779332864,29.378226993759352,19.083158994536813,39.6010155443993,state_ticket_vote_weighted,0.9999999994647756,meaningful,29.342087269468056,29.342087269468056,38.425911779332864,29.378226993759352,19.083158994536813,39.6010155443993,29.342087269468056,1,0.3333333333333333,9.78069575648935
2002,senate,21,R,13179.0,"Tingle, Jerry",alabama_sos,ALPERSON-TINGLE-JERRY,AL-2002-senate-21-R-TINGLE-JERRY,0,0,TINGLE JERRY,False,ALNAME-TINGLE-JERRY,normalized_full_name,29.342087269468056,29.342087269468056,38.425911779332864,29.378226993759352,19.083158994536813,39.6010155443993,state_ticket_vote_weighted,0.9999999994647756,meaningful,-29.342087269468056,-29.342087269468056,-38.425911779332864,-29.378226993759352,-39.6010155443993,-19.083158994536813,-29.342087269468056,1,0.3333333333333333,-9.78069575648935
2002,senate,22,D,25498.0,"Lindsey, Pat",alabama_sos,ALPERSON-LINDSEY-PAT,AL-2002-senate-22-D-LINDSEY-PAT,0,1,LINDSEY PAT,False,ALNAME-LINDSEY-PAT,normalized_full_name,17.065017946827616,17.065017946827616,21.91766658072725,22.67750880567562,11.097168621644252,23.032867272010982,state_ticket_vote_weighted,1.0,meaningful,17.065017946827616,17.065017946827616,21.91766658072725,22.67750880567562,11.097168621644252,23.032867272010982,17.065017946827616,1,0.3333333333333333,5.6883393156092055
2002,senate,22,R,23503.0,"Day, Sheldon A.",alabama_sos,ALPERSON-DAY-SHELDON-A,AL-2002-senate-22-R-DAY-SHELDON-A,0,0,DAY SHELDON A,False,ALNAME-DAY-SHELDON-A,normalized_full_name,17.065017946827616,17.065017946827616,21.91766658072725,22.67750880567562,11.097168621644252,23.032867272010982,state_ticket_vote_weighted,1.0,meaningful,-17.065017946827616,-17.065017946827616,-21.91766658072725,-22.67750880567562,-23.032867272010982,-11.097168621644252,-17.065017946827616,1,0.3333333333333333,-5.6883393156092055
2002,senate,23,D,30356.0,"Sanders, Hank",alabama_sos,ALPERSON-SANDERS-HANK,AL-2002-senate-23-D-SANDERS-HANK,0,1,SANDERS HANK,False,ALNAME-SANDERS-HANK,normalized_full_name,23.05235317118177,23.05235317118177,37.44208382139234,23.625670849152392,7.083337945066109,39.02136839729744,state_ticket_vote_weighted,1.0,meaningful,23.05235317118177,23.05235317118177,37.44208382139234,23.625670849152392,7.083337945066109,39.02136839729744,23.05235317118177,1,0.3333333333333333,7.684117723727256
2002,senate,23,R,12644.0,"Motes, Richard",alabama_sos,ALPERSON-MOTES-RICHARD,AL-2002-senate-23-R-MOTES-RICHARD,0,0,MOTES RICHARD,False,ALNAME-MOTES-RICHARD,normalized_full_name,23.05235317118177,23.05235317118177,37.44208382139234,23.625670849152392,7.083337945066109,39.02136839729744,state_ticket_vote_weighted,1.0,meaningful,-23.05235317118177,-23.05235317118177,-37.44208382139234,-23.625670849152392,-39.02136839729744,-7.083337945066109,-23.05235317118177,1,0.3333333333333333,-7.684117723727256
2002,senate,25,D,9003.0,"Cox, Hobson",alabama_sos,ALPERSON-COX-HOBSON,AL-2002-senate-25-D-COX-HOBSON,0,0,COX HOBSON,False,ALNAME-COX-HOBSON,normalized_full_name,-14.875667828779413,-14.875667828779413,-6.872229282594006,-33.20671207250841,-41.33672276493006,11.585387107371236,state_ticket_vote_weighted,1.0,meaningful,-14.875667828779413,-14.875667828779413,-6.872229282594006,-33.20671207250841,-41.33672276493006,11.585387107371236,-14.875667828779413,1,0.3333333333333333,-4.958555942926471
2002,senate,25,R,36730.0,"Dixon, Larry",alabama_sos,ALPERSON-DIXON-LARRY,AL-2002-senate-25-R-DIXON-LARRY,0,1,DIXON LARRY,False,ALNAME-DIXON-LARRY,normalized_full_name,-14.875667828779413,-14.875667828779413,-6.872229282594006,-33.20671207250841,-41.33672276493006,11.585387107371236,state_ticket_vote_weighted,1.0,meaningful,14.875667828779413,14.875667828779413,6.872229282594006,33.20671207250841,-11.585387107371236,41.33672276493006,14.875667828779413,1,0.3333333333333333,4.958555942926471
2002,senate,26,D,23587.0,"Ross, Quinton T.",alabama_sos,ALPERSON-ROSS-QUINTON-T,AL-2002-senate-26-D-ROSS-QUINTON-T,0,1,ROSS QUINTON T,False,ALNAME-ROSS-QUINTON-T,normalized_full_name,1.0584566058438085,1.0584566058438085,5.069189789557406,13.872150083528638,-11.78836363458321,13.905276846270826,state_ticket_vote_weighted,1.0,meaningful,1.0584566058438085,1.0584566058438085,5.069189789557406,13.872150083528638,-11.78836363458321,13.905276846270826,1.0584566058438085,1,0.3333333333333333,0.3528188686146028
2002,senate,26,R,9113.0,"Love, Beverly Ray",alabama_sos,ALPERSON-LOVE-BEVERLY-RAY,AL-2002-senate-26-R-LOVE-BEVERLY-RAY,0,0,LOVE BEVERLY RAY,False,ALNAME-LOVE-BEVERLY-RAY,normalized_full_name,1.0584566058438085,1.0584566058438085,5.069189789557406,13.872150083528638,-11.78836363458321,13.905276846270826,state_ticket_vote_weighted,1.0,meaningful,-1.0584566058438085,-1.0584566058438085,-5.069189789557406,-13.872150083528638,-13.905276846270826,11.78836363458321,-1.0584566058438085,1,0.3333333333333333,-0.3528188686146028
2002,senate,27,D,23153.0,"Little, T.D. (Ted)",alabama_sos,ALPERSON-LITTLE-T-D-TED,AL-2002-senate-27-D-LITTLE-T-D-TED,0,1,LITTLE T D TED,False,ALNAME-LITTLE-T-D-TED,normalized_full_name,47.7713380673612,47.7713380673612,45.32395909468807,46.14346762847109,45.329686178825085,50.212989955897314,state_ticket_vote_weighted,1.0,meaningful,47.7713380673612,47.7713380673612,45.32395909468807,46.14346762847109,45.329686178825085,50.212989955897314,47.7713380673612,1,0.3333333333333333,15.923779355787065
2002,senate,27,R,12943.0,"Ward, Keith J.",alabama_sos,ALPERSON-WARD-KEITH-J,AL-2002-senate-27-R-WARD-KEITH-J,0,0,WARD KEITH J,False,ALNAME-WARD-KEITH-J,normalized_full_name,47.7713380673612,47.7713380673612,45.32395909468807,46.14346762847109,45.329686178825085,50.212989955897314,state_ticket_vote_weighted,1.0,meaningful,-47.7713380673612,-47.7713380673612,-45.32395909468807,-46.14346762847109,-50.212989955897314,-45.329686178825085,-47.7713380673612,1,0.3333333333333333,-15.923779355787065
2002,senate,31,D,22517.0,"Holley, Jimmy W.",alabama_sos,ALPERSON-HOLLEY-JIMMY-W,AL-2002-senate-31-D-HOLLEY-JIMMY-W,0,1,HOLLEY JIMMY W,False,ALNAME-HOLLEY-JIMMY-W,normalized_full_name,49.702674456729284,49.702674456729284,75.02175440323387,67.34562917234578,24.25721700149958,75.14813191195898,state_ticket_vote_weighted,1.0,meaningful,49.702674456729284,49.702674456729284,75.02175440323387,67.34562917234578,24.25721700149958,75.14813191195898,49.702674456729284,1,0.3333333333333333,16.567558152243095
2002,senate,31,R,11935.0,"White, Gregory B.",alabama_sos,ALPERSON-WHITE-GREGORY-B,AL-2002-senate-31-R-WHITE-GREGORY-B,0,0,WHITE GREGORY B,False,ALNAME-WHITE-GREGORY-B,normalized_full_name,49.702674456729284,49.702674456729284,75.02175440323387,67.34562917234578,24.25721700149958,75.14813191195898,state_ticket_vote_weighted,1.0,meaningful,-49.702674456729284,-49.702674456729284,-75.02175440323387,-67.34562917234578,-75.14813191195898,-24.25721700149958,-49.702674456729284,1,0.3333333333333333,-16.567558152243095
2002,senate,35,D,31652.0,"Tanner, Gary",alabama_sos,ALPERSON-TANNER-GARY,AL-2002-senate-35-D-TANNER-GARY,0,1,TANNER GARY,False,ALNAME-TANNER-GARY,normalized_full_name,16.48111603043616,16.48111603043616,21.782472849885064,16.176247616266682,10.302342825699988,22.65988923517233,state_ticket_vote_weighted,1.0,meaningful,16.48111603043616,16.48111603043616,21.782472849885064,16.176247616266682,10.302342825699988,22.65988923517233,16.48111603043616,1,0.3333333333333333,5.4937053434787195
2002,senate,35,R,30468.0,"Callahan, George M.",alabama_sos,ALPERSON-CALLAHAN-GEORGE-M,AL-2002-senate-35-R-CALLAHAN-GEORGE-M,0,0,CALLAHAN GEORGE M,False,ALNAME-CALLAHAN-GEORGE-M,normalized_full_name,16.48111603043616,16.48111603043616,21.782472849885064,16.176247616266682,10.302342825699988,22.65988923517233,state_ticket_vote_weighted,1.0,meaningful,-16.48111603043616,-16.48111603043616,-21.782472849885064,-16.176247616266682,-22.65988923517233,-10.302342825699988,-16.48111603043616,1,0.3333333333333333,-5.4937053434787195
2006,house,4,D,3819.0,SUE MITCHELL,alabama_sos,ALPERSON-SUE-MITCHELL,AL-2006-house-4-D-SUE-MITCHELL,0,0,SUE MITCHELL,False,ALNAME-SUE-MITCHELL,normalized_full_name,8.334689447590552,8.334689447590552,31.34354721988026,23.137810095478525,-14.520877733082436,31.19025662826354,state_ticket_vote_weighted,1.0,meaningful,8.334689447590552,8.334689447590552,31.34354721988026,23.137810095478525,-14.520877733082436,31.19025662826354,8.334689447590552,1,0.3333333333333333,2.7782298158635172
2006,house,4,R,6276.0,MICKY HAMMON,alabama_sos,ALPERSON-MICKY-HAMMON,AL-2006-house-4-R-MICKY-HAMMON,0,1,MICKY HAMMON,False,ALNAME-MICKY-HAMMON,normalized_full_name,8.334689447590552,8.334689447590552,31.34354721988026,23.137810095478525,-14.520877733082436,31.19025662826354,state_ticket_vote_weighted,1.0,meaningful,-8.334689447590552,-8.334689447590552,-31.34354721988026,-23.137810095478525,-31.19025662826354,14.520877733082436,-5.084436714518061,2,0.5,-2.5422183572590304
2006,house,6,D,7202.0,SUE SCHMITZ,alabama_sos,ALPERSON-SUE-SCHMITZ,AL-2006-house-6-D-SUE-SCHMITZ,0,1,SUE SCHMITZ,False,ALNAME-SUE-SCHMITZ,normalized_full_name,45.317757444459474,45.317757444459474,,45.283132330708725,43.317757444459474,47.317757444459474,state_ticket_vote_weighted,1.0,meaningful,45.317757444459474,45.317757444459474,,45.283132330708725,43.317757444459474,47.317757444459474,45.317757444459474,1,0.3333333333333333,15.105919148153157
2006,house,6,R,3960.0,"JOHN ""TONY"" STILES",alabama_sos,ALPERSON-JOHN-TONY-STILES,AL-2006-house-6-R-JOHN-TONY-STILES,0,0,JOHN TONY STILES,False,ALNAME-JOHN-TONY-STILES,normalized_full_name,45.317757444459474,45.317757444459474,,45.283132330708725,43.317757444459474,47.317757444459474,state_ticket_vote_weighted,1.0,meaningful,-45.317757444459474,-45.317757444459474,,-45.283132330708725,-47.317757444459474,-43.317757444459474,-45.317757444459474,1,0.3333333333333333,-15.105919148153157
2006,house,7,D,8470.0,"JOHN ""JODY"" LETSON",alabama_sos,ALPERSON-JOHN-JODY-LETSON,AL-2006-house-7-D-JOHN-JODY-LETSON,0,1,JOHN JODY LETSON,False,ALNAME-JOHN-JODY-LETSON,normalized_full_name,30.292371435902098,30.292371435902098,94.81044779327682,55.03546791074024,-33.50481076152848,94.08955363333268,state_ticket_vote_weighted,1.0,meaningful,30.292371435902098,30.292371435902098,94.81044779327682,55.03546791074024,-33.50481076152848,94.08955363333268,26.013630834038324,3,0.6,15.608178500422994
2006,house,7,R,3999.0,MICHAEL ROBINSON,alabama_sos,ALPERSON-MICHAEL-ROBINSON,AL-2006-house-7-R-MICHAEL-ROBINSON,0,0,MICHAEL ROBINSON,False,ALNAME-MICHAEL-ROBINSON,normalized_full_name,30.292371435902098,30.292371435902098,94.81044779327682,55.03546791074024,-33.50481076152848,94.08955363333268,state_ticket_vote_weighted,1.0,meaningful,-30.292371435902098,-30.292371435902098,-94.81044779327682,-55.03546791074024,-94.08955363333268,33.50481076152848,-30.292371435902098,1,0.3333333333333333,-10.097457145300698
2006,house,9,D,7135.0,RONALD GRANTLAND,alabama_sos,ALPERSON-RONALD-GRANTLAND,AL-2006-house-9-D-RONALD-GRANTLAND,0,1,RONALD GRANTLAND,False,ALNAME-RONALD-GRANTLAND,normalized_full_name,35.69236775846867,35.69236775846867,55.57594218346295,58.04475662048739,11.672958075959393,59.71177744097795,state_ticket_vote_weighted,1.0,meaningful,35.69236775846867,35.69236775846867,55.57594218346295,58.04475662048739,11.672958075959393,59.71177744097795,35.69236775846867,1,0.3333333333333333,11.897455919489555
2006,house,9,R,5719.0,SCOTT STONE,alabama_sos,ALPERSON-SCOTT-STONE,AL-2006-house-9-R-SCOTT-STONE,0,0,SCOTT STONE,False,ALNAME-SCOTT-STONE,normalized_full_name,35.69236775846867,35.69236775846867,55.57594218346295,58.04475662048739,11.672958075959393,59.71177744097795,state_ticket_vote_weighted,1.0,meaningful,-35.69236775846867,-35.69236775846867,-55.57594218346295,-58.04475662048739,-59.71177744097795,-11.672958075959393,-35.69236775846867,1,0.3333333333333333,-11.897455919489555
2006,house,11,D,5063.0,JIM BOYD,alabama_sos,ALPERSON-JIM-BOYD,AL-2006-house-11-D-JIM-BOYD,0,0,JIM BOYD,False,ALNAME-JIM-BOYD,normalized_full_name,16.374522140525002,16.374522140525002,43.570103066545016,45.26873517874656,-15.40489513397604,48.153939415026045,state_ticket_vote_weighted,1.0,meaningful,16.374522140525002,16.374522140525002,43.570103066545016,45.26873517874656,-15.40489513397604,48.153939415026045,16.374522140525002,1,0.3333333333333333,5.458174046841667
2006,house,11,R,5981.0,JEREMY H. ODEN,alabama_sos,ALPERSON-JEREMY-H-ODEN,AL-2006-house-11-R-JEREMY-H-ODEN,0,1,JEREMY H ODEN,False,ALNAME-JEREMY-H-ODEN,normalized_full_name,16.374522140525002,16.374522140525002,43.570103066545016,45.26873517874656,-15.40489513397604,48.153939415026045,state_ticket_vote_weighted,1.0,meaningful,-16.374522140525002,-16.374522140525002,-43.570103066545016,-45.26873517874656,-48.153939415026045,15.40489513397604,-16.374522140525002,1,0.3333333333333333,-5.458174046841667
2006,house,12,D,9097.0,NEAL MORRISON,alabama_sos,ALPERSON-NEAL-MORRISON,AL-2006-house-12-D-NEAL-MORRISON,0,1,NEAL MORRISON,False,ALNAME-NEAL-MORRISON,normalized_full_name,46.80099809247718,46.80099809247718,74.91057426228929,80.11256631511003,11.676784827787728,81.92521135716663,state_ticket_vote_weighted,1.0,meaningful,46.80099809247718,46.80099809247718,74.91057426228929,80.11256631511003,11.676784827787728,81.92521135716663,46.80099809247718,1,0.3333333333333333,15.600332697492393
2006,house,12,R,5312.0,RHONDA D. BRUNER,alabama_sos,ALPERSON-RHONDA-D-BRUNER,AL-2006-house-12-R-RHONDA-D-BRUNER,0,0,RHONDA D BRUNER,False,ALNAME-RHONDA-D-BRUNER,normalized_full_name,46.80099809247718,46.80099809247718,74.91057426228929,80.11256631511003,11.676784827787728,81.92521135716663,state_ticket_vote_weighted,1.0,meaningful,-46.80099809247718,-46.80099809247718,-74.91057426228929,-80.11256631511003,-81.92521135716663,-11.676784827787728,-46.80099809247718,1,0.3333333333333333,-15.600332697492393
2006,house,13,D,7298.0,TOMMY SHERER,alabama_sos,ALPERSON-TOMMY-SHERER,AL-2006-house-13-D-TOMMY-SHERER,0,1,TOMMY SHERER,False,ALNAME-TOMMY-SHERER,normalized_full_name,43.319969941098094,43.319969941098094,72.26967088558864,101.0817531597962,-13.286631166834873,99.92657104903105,state_ticket_vote_weighted,1.0,meaningful,43.319969941098094,43.319969941098094,72.26967088558864,101.0817531597962,-13.286631166834873,99.92657104903105,25.365614888060833,2,0.5,12.682807444030416
2006,house,13,R,3202.0,JAMES BROOKS,alabama_sos,ALPERSON-JAMES-BROOKS,AL-2006-house-13-R-JAMES-BROOKS,0,0,JAMES BROOKS,False,ALNAME-JAMES-BROOKS,normalized_full_name,43.319969941098094,43.319969941098094,72.26967088558864,101.0817531597962,-13.286631166834873,99.92657104903105,state_ticket_vote_weighted,1.0,meaningful,-43.319969941098094,-43.319969941098094,-72.26967088558864,-101.0817531597962,-99.92657104903105,13.286631166834873,-43.319969941098094,1,0.3333333333333333,-14.43998998036603
2006,house,17,D,8168.0,MIKE MILLICAN,alabama_sos,ALPERSON-MIKE-MILLICAN,AL-2006-house-17-D-MIKE-MILLICAN,0,1,MIKE MILLICAN,False,ALNAME-MIKE-MILLICAN,normalized_full_name,36.17420728015223,36.17420728015223,71.99653156348978,73.02158534414707,-4.954817128194833,77.3032316884993,state_ticket_vote_weighted,1.0,meaningful,36.17420728015223,36.17420728015223,71.99653156348978,73.02158534414707,-4.954817128194833,77.3032316884993,11.874335447530232,2,0.5,5.937167723765116
2006,house,17,R,4582.0,BILLY DIXON,alabama_sos,ALPERSON-BILLY-DIXON,AL-2006-house-17-R-BILLY-DIXON,0,0,BILLY DIXON,False,ALNAME-BILLY-DIXON,normalized_full_name,36.17420728015223,36.17420728015223,71.99653156348978,73.02158534414707,-4.954817128194833,77.3032316884993,state_ticket_vote_weighted,1.0,meaningful,-36.17420728015223,-36.17420728015223,-71.99653156348978,-73.02158534414707,-77.3032316884993,4.954817128194833,-36.17420728015223,1,0.3333333333333333,-12.058069093384077
2006,house,21,D,6063.0,RANDY HINSHAW,alabama_sos,ALPERSON-RANDY-HINSHAW,AL-2006-house-21-D-RANDY-HINSHAW,0,1,RANDY HINSHAW,False,ALNAME-RANDY-HINSHAW,normalized_full_name,37.4224792196766,37.4224792196766,,35.96928183808224,35.4084504027379,39.43650803661531,state_ticket_vote_weighted,1.0,meaningful,37.4224792196766,37.4224792196766,,35.96928183808224,35.4084504027379,39.43650803661531,26.496437944690822,2,0.5,13.248218972345411
2006,house,21,R,3861.0,AL WIGGINS,alabama_sos,ALPERSON-AL-WIGGINS,AL-2006-house-21-R-AL-WIGGINS,0,0,AL WIGGINS,False,ALNAME-AL-WIGGINS,normalized_full_name,37.4224792196766,37.4224792196766,,35.96928183808224,35.4084504027379,39.43650803661531,state_ticket_vote_weighted,1.0,meaningful,-37.4224792196766,-37.4224792196766,,-35.96928183808224,-39.43650803661531,-35.4084504027379,-37.4224792196766,1,0.3333333333333333,-12.474159739892201
2006,house,26,D,5310.0,FRANK MCDANIEL,alabama_sos,ALPERSON-FRANK-MCDANIEL,AL-2006-house-26-D-FRANK-MCDANIEL,0,1,FRANK MCDANIEL,False,ALNAME-FRANK-MCDANIEL,normalized_full_name,40.73446661750508,40.73446661750508,68.06053867791361,63.798976160878894,11.919058710009963,69.54987452500019,state_ticket_vote_weighted,1.0,meaningful,40.73446661750508,40.73446661750508,68.06053867791361,63.798976160878894,11.919058710009963,69.54987452500019,40.73446661750508,1,0.3333333333333333,13.578155539168359
2006,house,26,R,3958.0,JEFF STONE,alabama_sos,ALPERSON-JEFF-STONE,AL-2006-house-26-R-JEFF-STONE,0,0,JEFF STONE,False,ALNAME-JEFF-STONE,normalized_full_name,40.73446661750508,40.73446661750508,68.06053867791361,63.798976160878894,11.919058710009963,69.54987452500019,state_ticket_vote_weighted,1.0,meaningful,-40.73446661750508,-40.73446661750508,-68.06053867791361,-63.798976160878894,-69.54987452500019,-11.919058710009963,-40.73446661750508,1,0.3333333333333333,-13.578155539168359
2006,house,28,D,7335.0,CRAIG FORD,alabama_sos,ALPERSON-CRAIG-FORD,AL-2006-house-28-D-CRAIG-FORD,0,1,CRAIG FORD,False,ALNAME-CRAIG-FORD,normalized_full_name,31.570890988452774,31.570890988452774,53.484055839622144,65.88155938932498,-2.481882004347071,65.62366398125262,state_ticket_vote_weighted,1.0,meaningful,31.570890988452774,31.570890988452774,53.484055839622144,65.88155938932498,-2.481882004347071,65.62366398125262,29.930470722683687,2,0.5,14.965235361341843
2006,house,28,R,3694.0,CHRISTOPHER P. WORD,alabama_sos,ALPERSON-CHRISTOPHER-P-WORD,AL-2006-house-28-R-CHRISTOPHER-P-WORD,0,0,CHRISTOPHER P WORD,False,ALNAME-CHRISTOPHER-P-WORD,normalized_full_name,31.570890988452774,31.570890988452774,53.484055839622144,65.88155938932498,-2.481882004347071,65.62366398125262,state_ticket_vote_weighted,1.0,meaningful,-31.570890988452774,-31.570890988452774,-53.484055839622144,-65.88155938932498,-65.62366398125262,2.481882004347071,-31.570890988452774,1,0.3333333333333333,-10.523630329484257
2006,house,29,D,5271.0,"JOHN G. ""JACK"" PAGE, III",alabama_sos,ALPERSON-JOHN-G-JACK-PAGE-III,AL-2006-house-29-D-JOHN-G-JACK-PAGE-III,0,1,JOHN G JACK PAGE,False,ALNAME-JOHN-G-JACK-PAGE,normalized_full_name,16.994237220119732,16.994237220119732,36.118435813089576,27.84896144224051,-1.8044724017835136,35.79294684202298,state_ticket_vote_weighted,1.0,meaningful,16.994237220119732,16.994237220119732,36.118435813089576,27.84896144224051,-1.8044724017835136,35.79294684202298,12.256984347733649,2,0.5,6.1284921738668245
2006,house,29,R,3554.0,CODY ROBINSON,alabama_sos,ALPERSON-CODY-ROBINSON,AL-2006-house-29-R-CODY-ROBINSON,0,0,CODY ROBINSON,False,ALNAME-CODY-ROBINSON,normalized_full_name,16.994237220119732,16.994237220119732,36.118435813089576,27.84896144224051,-1.8044724017835136,35.79294684202298,state_ticket_vote_weighted,1.0,meaningful,-16.994237220119732,-16.994237220119732,-36.118435813089576,-27.84896144224051,-35.79294684202298,1.8044724017835136,-16.994237220119732,1,0.3333333333333333,-5.66474574003991
2006,house,32,D,6103.0,BARBARA BIGSBY BOYD,alabama_sos,ALPERSON-BARBARA-BIGSBY-BOYD,AL-2006-house-32-D-BARBARA-BIGSBY-BOYD,0,1,BARBARA BIGSBY BOYD,False,ALNAME-BARBARA-BIGSBY-BOYD,normalized_full_name,12.602572420921753,12.602572420921753,,25.6051591563007,-5.418093396041552,30.623238237885058,state_ticket_vote_weighted,1.0,meaningful,12.602572420921753,12.602572420921753,,25.6051591563007,-5.418093396041552,30.623238237885058,13.29341016614026,3,0.6,7.976046099684156
2006,house,32,R,2189.0,BEN LITTLE,alabama_sos,ALPERSON-BEN-LITTLE,AL-2006-house-32-R-BEN-LITTLE,0,0,BEN LITTLE,False,ALNAME-BEN-LITTLE,normalized_full_name,12.602572420921753,12.602572420921753,,25.6051591563007,-5.418093396041552,30.623238237885058,state_ticket_vote_weighted,1.0,meaningful,-12.602572420921753,-12.602572420921753,,-25.6051591563007,-30.623238237885058,5.418093396041552,-12.602572420921753,1,0.3333333333333333,-4.200857473640584
2006,house,33,D,4404.0,CLARA L. CURTIS,alabama_sos,ALPERSON-CLARA-L-CURTIS,AL-2006-house-33-D-CLARA-L-CURTIS,0,0,CLARA L CURTIS,False,ALNAME-CLARA-L-CURTIS,normalized_full_name,-25.663625831450304,-25.663625831450304,,3.2557481960759915,-65.74383337721687,14.416581714316266,state_ticket_vote_weighted,1.0,meaningful,-25.663625831450304,-25.663625831450304,,3.2557481960759915,-65.74383337721687,14.416581714316266,-25.663625831450304,1,0.3333333333333333,-8.554541943816767
2006,house,33,R,8161.0,RON JOHNSON,alabama_sos,ALPERSON-RON-JOHNSON,AL-2006-house-33-R-RON-JOHNSON,0,1,RON JOHNSON,False,ALNAME-RON-JOHNSON,normalized_full_name,-25.663625831450304,-25.663625831450304,,3.2557481960759915,-65.74383337721687,14.416581714316266,state_ticket_vote_weighted,1.0,meaningful,25.663625831450304,25.663625831450304,,-3.2557481960759915,-14.416581714316266,65.74383337721687,17.940730997873526,3,0.6,10.764438598724116
2006,house,34,D,372.0,JEREMY P. SHERER,alabama_sos,ALPERSON-JEREMY-P-SHERER,AL-2006-house-34-D-JEREMY-P-SHERER,0,0,JEREMY P SHERER,False,ALNAME-JEREMY-P-SHERER,normalized_full_name,24.594335749564596,24.594335749564596,,55.46234527707986,-18.186542813363925,67.37521431249311,state_ticket_vote_weighted,1.0,meaningful,24.594335749564596,24.594335749564596,,55.46234527707986,-18.186542813363925,67.37521431249311,24.594335749564596,1,0.3333333333333333,8.198111916521531
2006,house,34,R,552.0,ELWYN THOMAS,alabama_sos,ALPERSON-ELWYN-THOMAS,AL-2006-house-34-R-ELWYN-THOMAS,0,1,ELWYN THOMAS,False,ALNAME-ELWYN-THOMAS,normalized_full_name,24.594335749564596,24.594335749564596,,55.46234527707986,-18.186542813363925,67.37521431249311,state_ticket_vote_weighted,1.0,meaningful,-24.594335749564596,-24.594335749564596,,-55.46234527707986,-67.37521431249311,18.186542813363925,-24.594335749564596,1,0.3333333333333333,-8.198111916521531
2006,house,35,D,7572.0,STEVE HURST,alabama_sos,ALPERSON-STEVE-HURST,AL-2006-house-35-D-STEVE-HURST,0,1,STEVE HURST,False,ALNAME-STEVE-HURST,normalized_full_name,62.696277380851974,62.696277380851974,,86.88452497065265,29.17307654514822,96.21947821655573,state_ticket_vote_weighted,1.0,meaningful,62.696277380851974,62.696277380851974,,86.88452497065265,29.17307654514822,96.21947821655573,48.9015685816863,2,0.5,24.45078429084315
2006,house,35,R,3166.0,LONNIE C. ROBINSON,alabama_sos,ALPERSON-LONNIE-C-ROBINSON,AL-2006-house-35-R-LONNIE-C-ROBINSON,0,0,LONNIE C ROBINSON,False,ALNAME-LONNIE-C-ROBINSON,normalized_full_name,62.696277380851974,62.696277380851974,,86.88452497065265,29.17307654514822,96.21947821655573,state_ticket_vote_weighted,1.0,meaningful,-62.696277380851974,-62.696277380851974,,-86.88452497065265,-96.21947821655573,-29.17307654514822,-62.696277380851974,1,0.3333333333333333,-20.898759126950658
2006,house,37,D,7752.0,RICHARD LAIRD,alabama_sos,ALPERSON-RICHARD-LAIRD,AL-2006-house-37-D-RICHARD-LAIRD,0,1,RICHARD LAIRD,False,ALNAME-RICHARD-LAIRD,normalized_full_name,49.97382957683007,49.97382957683007,78.03133767540879,99.71628361542064,1.093061791956302,98.85459736170384,state_ticket_vote_weighted,1.0,meaningful,49.97382957683007,49.97382957683007,78.03133767540879,99.71628361542064,1.093061791956302,98.85459736170384,38.363231562502136,2,0.5,19.181615781251068
2006,house,37,R,3510.0,PETE WARD,alabama_sos,ALPERSON-PETE-WARD,AL-2006-house-37-R-PETE-WARD,0,0,PETE WARD,False,ALNAME-PETE-WARD,normalized_full_name,49.97382957683007,49.97382957683007,78.03133767540879,99.71628361542064,1.093061791956302,98.85459736170384,state_ticket_vote_weighted,1.0,meaningful,-49.97382957683007,-49.97382957683007,-78.03133767540879,-99.71628361542064,-98.85459736170384,-1.093061791956302,-49.97382957683007,1,0.3333333333333333,-16.65794319227669
2006,house,38,D,1296.0,MARK CARLTON,alabama_sos,ALPERSON-MARK-CARLTON,AL-2006-house-38-D-MARK-CARLTON,0,0,MARK CARLTON,False,ALNAME-MARK-CARLTON,normalized_full_name,14.839885575176798,14.839885575176798,,29.998587449558844,-6.169003367970319,35.848774518323914,state_ticket_vote_weighted,1.0,meaningful,14.839885575176798,14.839885575176798,,29.998587449558844,-6.169003367970319,35.848774518323914,14.839885575176798,1,0.3333333333333333,4.946628525058932
2006,house,38,R,1793.0,DUWAYNE BRIDGES,alabama_sos,ALPERSON-DUWAYNE-BRIDGES,AL-2006-house-38-R-DUWAYNE-BRIDGES,0,1,DUWAYNE BRIDGES,False,ALNAME-DUWAYNE-BRIDGES,normalized_full_name,14.839885575176798,14.839885575176798,,29.998587449558844,-6.169003367970319,35.848774518323914,state_ticket_vote_weighted,1.0,meaningful,-14.839885575176798,-14.839885575176798,,-29.998587449558844,-35.848774518323914,6.169003367970319,-13.243136968758126,2,0.5,-6.621568484379063
2006,house,40,D,5946.0,LEA FITE,alabama_sos,ALPERSON-LEA-FITE,AL-2006-house-40-D-LEA-FITE,0,1,LEA FITE,False,ALNAME-LEA-FITE,normalized_full_name,26.635349789854256,26.635349789854256,,46.26293494232404,-0.5670953870161881,53.8377949667247,state_ticket_vote_weighted,1.0,meaningful,26.635349789854256,26.635349789854256,,46.26293494232404,-0.5670953870161881,53.8377949667247,26.635349789854256,1,0.3333333333333333,8.878449929951419
2006,house,40,R,5553.0,TOM SHELTON,alabama_sos,ALPERSON-TOM-SHELTON,AL-2006-house-40-R-TOM-SHELTON,0,0,TOM SHELTON,False,ALNAME-TOM-SHELTON,normalized_full_name,26.635349789854256,26.635349789854256,,46.26293494232404,-0.5670953870161881,53.8377949667247,state_ticket_vote_weighted,1.0,meaningful,-26.635349789854256,-26.635349789854256,,-46.26293494232404,-53.8377949667247,0.5670953870161881,-26.635349789854256,1,0.3333333333333333,-8.878449929951419
2006,house,42,D,7950.0,JAMES M. (JIMMY) MARTIN,alabama_sos,ALPERSON-JAMES-M-JIMMY-MARTIN,AL-2006-house-42-D-JAMES-M-JIMMY-MARTIN,0,1,JAMES M JIMMY MARTIN,False,ALNAME-JAMES-M-JIMMY-MARTIN,normalized_full_name,49.80676819449036,49.80676819449036,,73.34930073866866,17.178482754235183,82.43505363474554,state_ticket_vote_weighted,1.0,meaningful,49.80676819449036,49.80676819449036,,73.34930073866866,17.178482754235183,82.43505363474554,31.807557678100903,2,0.5,15.903778839050451
2006,house,42,R,5061.0,ALLEN CATON,alabama_sos,ALPERSON-ALLEN-CATON,AL-2006-house-42-R-ALLEN-CATON,0,0,ALLEN CATON,False,ALNAME-ALLEN-CATON,normalized_full_name,49.80676819449036,49.80676819449036,,73.34930073866866,17.178482754235183,82.43505363474554,state_ticket_vote_weighted,1.0,meaningful,-49.80676819449036,-49.80676819449036,,-73.34930073866866,-82.43505363474554,-17.178482754235183,-49.80676819449036,1,0.3333333333333333,-16.60225606483012
2006,house,44,D,4019.0,JONATHAN BARBEE,alabama_sos,ALPERSON-JONATHAN-BARBEE,AL-2006-house-44-D-JONATHAN-BARBEE,0,0,JONATHAN BARBEE,False,ALNAME-JONATHAN-BARBEE,normalized_full_name,4.624426257557488,4.624426257557488,,20.55930587879844,-17.460190160081282,26.709042675196258,state_ticket_vote_weighted,1.0,meaningful,4.624426257557488,4.624426257557488,,20.55930587879844,-17.460190160081282,26.709042675196258,4.624426257557488,1,0.3333333333333333,1.5414754191858293
2006,house,44,R,8435.0,ARTHUR PAYNE,alabama_sos,ALPERSON-ARTHUR-PAYNE,AL-2006-house-44-R-ARTHUR-PAYNE,0,1,ARTHUR PAYNE,False,ALNAME-ARTHUR-PAYNE,normalized_full_name,4.624426257557488,4.624426257557488,,20.55930587879844,-17.460190160081282,26.709042675196258,state_ticket_vote_weighted,1.0,meaningful,-4.624426257557488,-4.624426257557488,,-20.55930587879844,-26.709042675196258,17.460190160081282,-4.624426257557488,1,0.3333333333333333,-1.5414754191858293
2006,house,45,D,5245.0,PAT SEWELL,alabama_sos,ALPERSON-PAT-SEWELL,AL-2006-house-45-D-PAT-SEWELL,0,0,PAT SEWELL,False,ALNAME-PAT-SEWELL,normalized_full_name,11.92449669340194,11.92449669340194,,25.775779579924567,-7.272401978696978,31.12139536550086,state_ticket_vote_weighted,1.0,meaningful,11.92449669340194,11.92449669340194,,25.775779579924567,-7.272401978696978,31.12139536550086,11.92449669340194,1,0.3333333333333333,3.9748322311339797
2006,house,45,R,5735.0,OWEN DRAKE,alabama_sos,ALPERSON-OWEN-DRAKE,AL-2006-house-45-R-OWEN-DRAKE,0,1,OWEN DRAKE,False,ALNAME-OWEN-DRAKE,normalized_full_name,11.92449669340194,11.92449669340194,,25.775779579924567,-7.272401978696978,31.12139536550086,state_ticket_vote_weighted,1.0,meaningful,-11.92449669340194,-11.92449669340194,,-25.775779579924567,-31.12139536550086,7.272401978696978,-1.9664446301175493,2,0.5,-0.9832223150587747
2006,house,58,D,7178.0,OLIVER ROBINSON,alabama_sos,ALPERSON-OLIVER-ROBINSON,AL-2006-house-58-D-OLIVER-ROBINSON,0,1,OLIVER ROBINSON,False,ALNAME-OLIVER-ROBINSON,normalized_full_name,10.018422488825934,10.018422488825934,,21.738855057950367,-6.225268313386476,26.262113291038343,state_ticket_vote_weighted,1.0,meaningful,10.018422488825934,10.018422488825934,,21.738855057950367,-6.225268313386476,26.262113291038343,10.018422488825934,1,0.3333333333333333,3.3394741629419777
2006,house,58,R,2156.0,RICHARD RUTLEDGE,alabama_sos,ALPERSON-RICHARD-RUTLEDGE,AL-2006-house-58-R-RICHARD-RUTLEDGE,0,0,RICHARD RUTLEDGE,False,ALNAME-RICHARD-RUTLEDGE,normalized_full_name,10.018422488825934,10.018422488825934,,21.738855057950367,-6.225268313386476,26.262113291038343,state_ticket_vote_weighted,1.0,meaningful,-10.018422488825934,-10.018422488825934,,-21.738855057950367,-26.262113291038343,6.225268313386476,-10.018422488825934,1,0.3333333333333333,-3.3394741629419777
2006,house,61,D,8168.0,ALAN HARPER,alabama_sos,ALPERSON-ALAN-HARPER,AL-2006-house-61-D-ALAN-HARPER,0,1,ALAN HARPER,False,ALNAME-ALAN-HARPER,normalized_full_name,48.629737842695526,48.629737842695526,82.99015143492534,88.18501756869338,6.499274469344741,90.76020121604631,state_ticket_vote_weighted,1.0,meaningful,48.629737842695526,48.629737842695526,82.99015143492534,88.18501756869338,6.499274469344741,90.76020121604631,51.09679032983348,2,0.5,25.54839516491674
2006,house,61,R,3760.0,FRANK CHANDLER,alabama_sos,ALPERSON-FRANK-CHANDLER,AL-2006-house-61-R-FRANK-CHANDLER,0,0,FRANK CHANDLER,False,ALNAME-FRANK-CHANDLER,normalized_full_name,48.629737842695526,48.629737842695526,82.99015143492534,88.18501756869338,6.499274469344741,90.76020121604631,state_ticket_vote_weighted,1.0,meaningful,-48.629737842695526,-48.629737842695526,-82.99015143492534,-88.18501756869338,-90.76020121604631,-6.499274469344741,-51.09679032983348,2,0.5,-25.54839516491674
2006,house,62,D,4645.0,ANN SKELTON,alabama_sos,ALPERSON-ANN-SKELTON,AL-2006-house-62-D-ANN-SKELTON,0,0,ANN SKELTON,False,ALNAME-ANN-SKELTON,normalized_full_name,-7.5239126787124135,-7.5239126787124135,,30.556331635913956,-60.30043868757346,45.252613330148634,state_ticket_vote_weighted,1.0,meaningful,-7.5239126787124135,-7.5239126787124135,,30.556331635913956,-60.30043868757346,45.252613330148634,-7.5239126787124135,1,0.3333333333333333,-2.5079708929041375
2006,house,62,R,7667.0,GERALD ALLEN,alabama_sos,ALPERSON-GERALD-ALLEN,AL-2006-house-62-R-GERALD-ALLEN,0,1,GERALD ALLEN,False,ALNAME-GERALD-ALLEN,normalized_full_name,-7.5239126787124135,-7.5239126787124135,,30.556331635913956,-60.30043868757346,45.252613330148634,state_ticket_vote_weighted,1.0,meaningful,7.5239126787124135,7.5239126787124135,,-30.556331635913956,-45.252613330148634,60.30043868757346,-6.75160920167661,4,0.6666666666666666,-4.50107280111774
2006,house,64,D,3615.0,"ELLIOT D. ""DICK"" WEAVER",alabama_sos,ALPERSON-ELLIOT-D-DICK-WEAVER,AL-2006-house-64-D-ELLIOT-D-DICK-WEAVER,0,0,ELLIOT D DICK WEAVER,False,ALNAME-ELLIOT-D-DICK-WEAVER,normalized_full_name,0.8301564978060014,0.8301564978060014,30.900011472079377,38.523518952744716,-38.23161265808687,39.89192565369887,state_ticket_vote_weighted,1.0,meaningful,0.8301564978060014,0.8301564978060014,30.900011472079377,38.523518952744716,-38.23161265808687,39.89192565369887,0.8301564978060014,1,0.3333333333333333,0.2767188326020005
2006,house,64,R,5441.0,HARRY SHIVER,alabama_sos,ALPERSON-HARRY-SHIVER,AL-2006-house-64-R-HARRY-SHIVER,0,1,HARRY SHIVER,False,ALNAME-HARRY-SHIVER,normalized_full_name,0.8301564978060014,0.8301564978060014,30.900011472079377,38.523518952744716,-38.23161265808687,39.89192565369887,state_ticket_vote_weighted,1.0,meaningful,-0.8301564978060014,-0.8301564978060014,-30.900011472079377,-38.523518952744716,-39.89192565369887,38.23161265808687,0.061117512867546964,2,0.5,0.030558756433773482
2006,house,65,D,3010.0,GEORGE M. (MARC) KEAHEY,alabama_sos,ALPERSON-GEORGE-M-MARC-KEAHEY,AL-2006-house-65-D-GEORGE-M-MARC-KEAHEY,0,1,GEORGE M MARC KEAHEY,False,ALNAME-GEORGE-M-MARC-KEAHEY,normalized_full_name,47.96648251102414,47.96648251102414,90.97598356634231,79.86306465274947,4.207489998504428,91.72547502354385,state_ticket_vote_weighted,1.0,meaningful,47.96648251102414,47.96648251102414,90.97598356634231,79.86306465274947,4.207489998504428,91.72547502354385,47.96648251102414,1,0.3333333333333333,15.988827503674713
2006,house,65,R,1311.0,NICK WILLIAMS,alabama_sos,ALPERSON-NICK-WILLIAMS,AL-2006-house-65-R-NICK-WILLIAMS,0,0,NICK WILLIAMS,False,ALNAME-NICK-WILLIAMS,normalized_full_name,47.96648251102414,47.96648251102414,90.97598356634231,79.86306465274947,4.207489998504428,91.72547502354385,state_ticket_vote_weighted,1.0,meaningful,-47.96648251102414,-47.96648251102414,-90.97598356634231,-79.86306465274947,-91.72547502354385,-4.207489998504428,-47.96648251102414,1,0.3333333333333333,-15.988827503674713
2006,house,66,D,826.0,"F. P. ""SKIPPY"" WHITE",alabama_sos,ALPERSON-F-P-SKIPPY-WHITE,AL-2006-house-66-D-F-P-SKIPPY-WHITE,0,0,F P SKIPPY WHITE,False,ALNAME-F-P-SKIPPY-WHITE,normalized_full_name,1.7823497671968624,1.7823497671968624,27.87810900001395,25.287715133931172,-26.396709030488534,29.96140856488226,state_ticket_vote_weighted,1.0,meaningful,1.7823497671968624,1.7823497671968624,27.87810900001395,25.287715133931172,-26.396709030488534,29.96140856488226,1.7823497671968624,1,0.3333333333333333,0.5941165890656208
2006,house,66,R,1689.0,ALAN BAKER,alabama_sos,ALPERSON-ALAN-BAKER,AL-2006-house-66-R-ALAN-BAKER,0,1,ALAN BAKER,False,ALNAME-ALAN-BAKER,normalized_full_name,1.7823497671968624,1.7823497671968624,27.87810900001395,25.287715133931172,-26.396709030488534,29.96140856488226,state_ticket_vote_weighted,1.0,meaningful,-1.7823497671968624,-1.7823497671968624,-27.87810900001395,-25.287715133931172,-29.96140856488226,26.396709030488534,0.3034308005060069,2,0.5,0.15171540025300345
2006,house,73,D,4926.0,LARRY A. GREWELLE,alabama_sos,ALPERSON-LARRY-A-GREWELLE,AL-2006-house-73-D-LARRY-A-GREWELLE,0,0,LARRY A GREWELLE,False,ALNAME-LARRY-A-GREWELLE,normalized_full_name,-4.3118847147032575,-4.3118847147032575,,20.028301733162383,-38.045726095227906,29.421956665821394,state_ticket_vote_weighted,0.9999871938063032,meaningful,-4.3118847147032575,-4.3118847147032575,,20.028301733162383,-38.045726095227906,29.421956665821394,-4.3118847147032575,1,0.3333333333333333,-1.4372949049010857
2006,house,73,R,8096.0,DAVID GRIMES,alabama_sos,ALPERSON-DAVID-GRIMES,AL-2006-house-73-R-DAVID-GRIMES,0,1,DAVID GRIMES,False,ALNAME-DAVID-GRIMES,normalized_full_name,-4.3118847147032575,-4.3118847147032575,,20.028301733162383,-38.045726095227906,29.421956665821394,state_ticket_vote_weighted,0.9999871938063032,meaningful,4.3118847147032575,4.3118847147032575,,-20.028301733162383,-29.421956665821394,38.045726095227906,3.4949360022672056,3,0.6,2.096961601360323
2006,house,79,D,5207.0,CAROLYN ELLIS,alabama_sos,ALPERSON-CAROLYN-ELLIS,AL-2006-house-79-D-CAROLYN-ELLIS,0,0,CAROLYN ELLIS,False,ALNAME-CAROLYN-ELLIS,normalized_full_name,12.871989388212551,12.871989388212551,,16.369753528246843,8.024335613090166,17.719643163334936,state_ticket_vote_weighted,1.0,meaningful,12.871989388212551,12.871989388212551,,16.369753528246843,8.024335613090166,17.719643163334936,12.871989388212551,1,0.3333333333333333,4.290663129404184
2006,house,79,R,7082.0,MIKE HUBBARD,alabama_sos,ALPERSON-MIKE-HUBBARD,AL-2006-house-79-R-MIKE-HUBBARD,0,1,MIKE HUBBARD,False,ALNAME-MIKE-HUBBARD,normalized_full_name,12.871989388212551,12.871989388212551,,16.369753528246843,8.024335613090166,17.719643163334936,state_ticket_vote_weighted,1.0,meaningful,-12.871989388212551,-12.871989388212551,,-16.369753528246843,-17.719643163334936,-8.024335613090166,-5.292719911999093,2,0.5,-2.6463599559995465
2006,house,80,D,1436.0,LESLEY VANCE,alabama_sos,ALPERSON-LESLEY-VANCE,AL-2006-house-80-D-LESLEY-VANCE,0,1,LESLEY VANCE,False,ALNAME-LESLEY-VANCE,normalized_full_name,27.70492064893284,27.70492064893284,,44.20050407205727,4.843208408618256,50.56663288924743,state_ticket_vote_weighted,1.0,meaningful,27.70492064893284,27.70492064893284,,44.20050407205727,4.843208408618256,50.56663288924743,20.290031436819493,3,0.6,12.174018862091696
2006,house,80,R,1398.0,CINDY DUNN IRVIN,alabama_sos,ALPERSON-CINDY-DUNN-IRVIN,AL-2006-house-80-R-CINDY-DUNN-IRVIN,0,0,CINDY DUNN IRVIN,False,ALNAME-CINDY-DUNN-IRVIN,normalized_full_name,27.70492064893284,27.70492064893284,,44.20050407205727,4.843208408618256,50.56663288924743,state_ticket_vote_weighted,1.0,meaningful,-27.70492064893284,-27.70492064893284,,-44.20050407205727,-50.56663288924743,-4.843208408618256,-27.70492064893284,1,0.3333333333333333,-9.23497354964428
2006,house,85,D,2644.0,BAKER,alabama_sos,ALPERSON-BAKER,AL-2006-house-85-D-BAKER,0,0,BAKER,False,UNRESOLVED-AL-2006-house-85-D-BAKER,surname_only_unresolved_race_specific,6.344771647641166,6.344771647641166,28.108256613349482,25.863622607506997,-17.116261913686117,29.80580520896845,state_ticket_vote_weighted,1.0,meaningful,6.344771647641166,6.344771647641166,28.108256613349482,25.863622607506997,-17.116261913686117,29.80580520896845,6.344771647641166,1,0.3333333333333333,2.114923882547055
2006,house,85,R,3058.0,RALEY,alabama_sos,ALPERSON-RALEY,AL-2006-house-85-R-RALEY,0,1,RALEY,False,UNRESOLVED-AL-2006-house-85-R-RALEY,surname_only_unresolved_race_specific,6.344771647641166,6.344771647641166,28.108256613349482,25.863622607506997,-17.116261913686117,29.80580520896845,state_ticket_vote_weighted,1.0,meaningful,-6.344771647641166,-6.344771647641166,-28.108256613349482,-25.863622607506997,-29.80580520896845,17.116261913686117,-6.344771647641166,1,0.3333333333333333,-2.114923882547055
2006,house,88,D,3342.0,"M. BENJAMIN ABERNATHY, I",alabama_sos,ALPERSON-M-BENJAMIN-ABERNATHY-I,AL-2006-house-88-D-M-BENJAMIN-ABERNATHY-I,0,0,M BENJAMIN ABERNATHY I,False,ALNAME-M-BENJAMIN-ABERNATHY-I,normalized_full_name,-11.029071502453967,-11.029071502453967,5.228363119396519,3.78982676902168,-28.668587197812244,6.6104441929043105,state_ticket_vote_weighted,0.9999999967450004,meaningful,-11.029071502453967,-11.029071502453967,5.228363119396519,3.78982676902168,-28.668587197812244,6.6104441929043105,-11.029071502453967,1,0.3333333333333333,-3.6763571674846554
2006,house,88,R,10542.0,H. MAC GIPSON,alabama_sos,ALPERSON-H-MAC-GIPSON,AL-2006-house-88-R-H-MAC-GIPSON,0,1,H MAC GIPSON,False,ALNAME-H-MAC-GIPSON,normalized_full_name,-11.029071502453967,-11.029071502453967,5.228363119396519,3.78982676902168,-28.668587197812244,6.6104441929043105,state_ticket_vote_weighted,0.9999999967450004,meaningful,11.029071502453967,11.029071502453967,-5.228363119396519,-3.78982676902168,-6.6104441929043105,28.668587197812244,11.029071502453967,1,0.3333333333333333,3.6763571674846554
2006,house,91,D,6787.0,TERRY SPICER,alabama_sos,ALPERSON-TERRY-SPICER,AL-2006-house-91-D-TERRY-SPICER,0,1,TERRY SPICER,False,ALNAME-TERRY-SPICER,normalized_full_name,40.57004915138367,40.57004915138367,58.189970595531236,51.66157851379236,23.110574969065205,58.02952333370214,state_ticket_vote_weighted,0.9999999979690681,meaningful,40.57004915138367,40.57004915138367,58.189970595531236,51.66157851379236,23.110574969065205,58.02952333370214,20.188492102887228,2,0.5,10.094246051443614
2006,house,91,R,6409.0,RICKY E. SNELLGROVE,alabama_sos,ALPERSON-RICKY-E-SNELLGROVE,AL-2006-house-91-R-RICKY-E-SNELLGROVE,0,0,RICKY E SNELLGROVE,False,ALNAME-RICKY-E-SNELLGROVE,normalized_full_name,40.57004915138367,40.57004915138367,58.189970595531236,51.66157851379236,23.110574969065205,58.02952333370214,state_ticket_vote_weighted,0.9999999979690681,meaningful,-40.57004915138367,-40.57004915138367,-58.189970595531236,-51.66157851379236,-58.02952333370214,-23.110574969065205,-40.57004915138367,1,0.3333333333333333,-13.52334971712789
2006,house,92,D,8703.0,SETH HAMMETT,alabama_sos,ALPERSON-SETH-HAMMETT,AL-2006-house-92-D-SETH-HAMMETT,0,1,SETH HAMMETT,False,ALNAME-SETH-HAMMETT,normalized_full_name,86.02340627256626,86.02340627256626,110.54350369888138,107.10805941045598,60.00137597082595,112.04543657430658,state_ticket_vote_weighted,0.9999999988630829,meaningful,86.02340627256626,86.02340627256626,110.54350369888138,107.10805941045598,60.00137597082595,112.04543657430658,86.02340627256626,1,0.3333333333333333,28.674468757522085
2006,house,92,R,2586.0,WILLIAM E. BLOCKER,alabama_sos,ALPERSON-WILLIAM-E-BLOCKER,AL-2006-house-92-R-WILLIAM-E-BLOCKER,0,0,WILLIAM E BLOCKER,False,ALNAME-WILLIAM-E-BLOCKER,normalized_full_name,86.02340627256626,86.02340627256626,110.54350369888138,107.10805941045598,60.00137597082595,112.04543657430658,state_ticket_vote_weighted,0.9999999988630829,meaningful,-86.02340627256626,-86.02340627256626,-110.54350369888138,-107.10805941045598,-112.04543657430658,-60.00137597082595,-86.02340627256626,1,0.3333333333333333,-28.674468757522085
2006,house,93,D,3192.0,JOHN WILLIAMS,alabama_sos,ALPERSON-JOHN-WILLIAMS,AL-2006-house-93-D-JOHN-WILLIAMS,0,0,JOHN WILLIAMS,False,ALNAME-JOHN-WILLIAMS,normalized_full_name,-1.5624251365233945,-1.5624251365233945,14.928570168879062,11.804775919750021,-18.731418792816356,15.606568519769567,state_ticket_vote_weighted,0.9999999999999698,meaningful,-1.5624251365233945,-1.5624251365233945,14.928570168879062,11.804775919750021,-18.731418792816356,15.606568519769567,-1.5624251365233945,1,0.3333333333333333,-0.5208083788411315
2006,house,93,R,6995.0,STEVE CLOUSE,alabama_sos,ALPERSON-STEVE-CLOUSE,AL-2006-house-93-R-STEVE-CLOUSE,0,1,STEVE CLOUSE,False,ALNAME-STEVE-CLOUSE,normalized_full_name,-1.5624251365233945,-1.5624251365233945,14.928570168879062,11.804775919750021,-18.731418792816356,15.606568519769567,state_ticket_vote_weighted,0.9999999999999698,meaningful,1.5624251365233945,1.5624251365233945,-14.928570168879062,-11.804775919750021,-15.606568519769567,18.731418792816356,16.904489947275085,3,0.6,10.14269396836505
2006,house,94,D,3426.0,GENE PONDER,alabama_sos,ALPERSON-GENE-PONDER,AL-2006-house-94-D-GENE-PONDER,0,0,GENE PONDER,False,ALNAME-GENE-PONDER,normalized_full_name,-15.430545612885709,-15.430545612885709,4.026907878457806,1.2572859733890098,-36.06099305883316,5.199901833061741,state_ticket_vote_weighted,1.0,meaningful,-15.430545612885709,-15.430545612885709,4.026907878457806,1.2572859733890098,-36.06099305883316,5.199901833061741,-15.430545612885709,1,0.3333333333333333,-5.143515204295236
2006,house,94,R,11344.0,JOE FAUST,alabama_sos,ALPERSON-JOE-FAUST,AL-2006-house-94-R-JOE-FAUST,0,1,JOE FAUST,False,ALNAME-JOE-FAUST,normalized_full_name,-15.430545612885709,-15.430545612885709,4.026907878457806,1.2572859733890098,-36.06099305883316,5.199901833061741,state_ticket_vote_weighted,1.0,meaningful,15.430545612885709,15.430545612885709,-4.026907878457806,-1.2572859733890098,-5.199901833061741,36.06099305883316,5.188114342936249,2,0.5,2.5940571714681244
2006,house,95,D,3863.0,FRANK CAMP,alabama_sos,ALPERSON-FRANK-CAMP,AL-2006-house-95-D-FRANK-CAMP,0,0,FRANK CAMP,False,ALNAME-FRANK-CAMP,normalized_full_name,-8.396637132010767,-8.396637132010767,10.632954534759897,7.75259260364944,-28.500089142428962,11.706814878407428,state_ticket_vote_weighted,1.0,meaningful,-8.396637132010767,-8.396637132010767,10.632954534759897,7.75259260364944,-28.500089142428962,11.706814878407428,-8.396637132010767,1,0.3333333333333333,-2.7988790440035887
2006,house,95,R,11256.0,STEVE MCMILLAN,alabama_sos,ALPERSON-STEVE-MCMILLAN,AL-2006-house-95-R-STEVE-MCMILLAN,0,1,STEVE MCMILLAN,False,ALNAME-STEVE-MCMILLAN,normalized_full_name,-8.396637132010767,-8.396637132010767,10.632954534759897,7.75259260364944,-28.500089142428962,11.706814878407428,state_ticket_vote_weighted,1.0,meaningful,8.396637132010767,8.396637132010767,-10.632954534759897,-7.75259260364944,-11.706814878407428,28.500089142428962,8.396637132010767,1,0.3333333333333333,2.7988790440035887
2006,house,101,D,2843.0,AMY BECKERLE SMITH,alabama_sos,ALPERSON-AMY-BECKERLE-SMITH,AL-2006-house-101-D-AMY-BECKERLE-SMITH,0,0,AMY BECKERLE SMITH,False,ALNAME-AMY-BECKERLE-SMITH,normalized_full_name,-21.495236189946205,-21.495236189946205,8.319380999979138,,-62.816187457161554,19.825715077269145,state_ticket_vote_weighted,1.0,meaningful,-21.495236189946205,-21.495236189946205,8.319380999979138,,-62.816187457161554,19.825715077269145,-21.495236189946205,1,0.3333333333333333,-7.165078729982068
2006,house,101,R,7477.0,JAMIE ISON,alabama_sos,ALPERSON-JAMIE-ISON,AL-2006-house-101-R-JAMIE-ISON,0,1,JAMIE ISON,False,ALNAME-JAMIE-ISON,normalized_full_name,-21.495236189946205,-21.495236189946205,8.319380999979138,,-62.816187457161554,19.825715077269145,state_ticket_vote_weighted,1.0,meaningful,21.495236189946205,21.495236189946205,-8.319380999979138,,-19.825715077269145,62.816187457161554,21.495236189946205,1,0.3333333333333333,7.165078729982068
2006,house,102,D,2312.0,GARY JOHNSON,alabama_sos,ALPERSON-GARY-JOHNSON,AL-2006-house-102-D-GARY-JOHNSON,0,0,GARY JOHNSON,False,ALNAME-GARY-JOHNSON,normalized_full_name,-24.910208957959142,-24.910208957959142,-0.39561616968531155,,-58.88570116324505,9.065283247326768,state_ticket_vote_weighted,1.0,meaningful,-24.910208957959142,-24.910208957959142,-0.39561616968531155,,-58.88570116324505,9.065283247326768,-24.910208957959142,1,0.3333333333333333,-8.30340298598638
2006,house,102,R,7043.0,CHAD FINCHER,alabama_sos,ALPERSON-CHAD-FINCHER,AL-2006-house-102-R-CHAD-FINCHER,0,1,CHAD FINCHER,False,ALNAME-CHAD-FINCHER,normalized_full_name,-24.910208957959142,-24.910208957959142,-0.39561616968531155,,-58.88570116324505,9.065283247326768,state_ticket_vote_weighted,1.0,meaningful,24.910208957959142,24.910208957959142,0.39561616968531155,,-9.065283247326768,58.88570116324505,24.910208957959142,1,0.3333333333333333,8.30340298598638
2006,senate,2,D,13231.0,TOM BUTLER,alabama_sos,ALPERSON-TOM-BUTLER,AL-2006-senate-2-D-TOM-BUTLER,0,1,TOM BUTLER,False,ALNAME-TOM-BUTLER,normalized_full_name,47.1954136986695,47.1954136986695,,43.411888409994695,41.95171517738052,52.439112219958474,state_ticket_vote_weighted,1.0,meaningful,47.1954136986695,47.1954136986695,,43.411888409994695,41.95171517738052,52.439112219958474,20.759307104497193,3,0.6,12.455584262698315
2006,senate,2,R,9381.0,JIM BURDEN,alabama_sos,ALPERSON-JIM-BURDEN,AL-2006-senate-2-R-JIM-BURDEN,0,0,JIM BURDEN,False,ALNAME-JIM-BURDEN,normalized_full_name,47.1954136986695,47.1954136986695,,43.411888409994695,41.95171517738052,52.439112219958474,state_ticket_vote_weighted,1.0,meaningful,-47.1954136986695,-47.1954136986695,,-43.411888409994695,-52.439112219958474,-41.95171517738052,-47.1954136986695,1,0.3333333333333333,-15.731804566223165
2006,senate,3,D,14522.0,BOBBY DAY,alabama_sos,ALPERSON-BOBBY-DAY,AL-2006-senate-3-D-BOBBY-DAY,0,0,BOBBY DAY,False,ALNAME-BOBBY-DAY,normalized_full_name,-0.9932489500866062,-0.9932489500866062,24.43549169509188,12.581999790641706,-25.93244868224874,23.945950782075528,state_ticket_vote_weighted,1.0,meaningful,-0.9932489500866062,-0.9932489500866062,24.43549169509188,12.581999790641706,-25.93244868224874,23.945950782075528,-0.9932489500866062,1,0.3333333333333333,-0.33108298336220204
2006,senate,3,R,24274.0,ARTHUR ORR,alabama_sos,ALPERSON-ARTHUR-ORR,AL-2006-senate-3-R-ARTHUR-ORR,0,1,ARTHUR ORR,False,ALNAME-ARTHUR-ORR,normalized_full_name,-0.9932489500866062,-0.9932489500866062,24.43549169509188,12.581999790641706,-25.93244868224874,23.945950782075528,state_ticket_vote_weighted,1.0,meaningful,0.9932489500866062,0.9932489500866062,-24.43549169509188,-12.581999790641706,-23.945950782075528,25.93244868224874,0.9932489500866062,1,0.3333333333333333,0.33108298336220204
2006,senate,4,D,23389.0,ZEB LITTLE,alabama_sos,ALPERSON-ZEB-LITTLE,AL-2006-senate-4-D-ZEB-LITTLE,0,1,ZEB LITTLE,False,ALNAME-ZEB-LITTLE,normalized_full_name,33.5788950160061,33.5788950160061,71.08980660199045,63.083986844197184,-5.142161127963618,72.29995115997582,state_ticket_vote_weighted,1.0,meaningful,33.5788950160061,33.5788950160061,71.08980660199045,63.083986844197184,-5.142161127963618,72.29995115997582,26.481571623166687,2,0.5,13.240785811583343
2006,senate,4,R,15648.0,HAROLD SACHS,alabama_sos,ALPERSON-HAROLD-SACHS,AL-2006-senate-4-R-HAROLD-SACHS,0,0,HAROLD SACHS,False,ALNAME-HAROLD-SACHS,normalized_full_name,33.5788950160061,33.5788950160061,71.08980660199045,63.083986844197184,-5.142161127963618,72.29995115997582,state_ticket_vote_weighted,1.0,meaningful,-33.5788950160061,-33.5788950160061,-71.08980660199045,-63.083986844197184,-72.29995115997582,5.142161127963618,-33.5788950160061,1,0.3333333333333333,-11.192965005335367
2006,senate,5,D,16088.0,LARRY B. CAGLE,alabama_sos,ALPERSON-LARRY-B-CAGLE,AL-2006-senate-5-D-LARRY-B-CAGLE,0,0,LARRY B CAGLE,False,ALNAME-LARRY-B-CAGLE,normalized_full_name,3.9696684273336054,3.9696684273336054,19.606079778956296,48.54222179835979,-40.35487094199925,48.294207796666456,state_ticket_vote_weighted,1.0,meaningful,3.9696684273336054,3.9696684273336054,19.606079778956296,48.54222179835979,-40.35487094199925,48.294207796666456,3.9696684273336054,1,0.3333333333333333,1.3232228091112017
2006,senate,5,R,20322.0,CHARLES BISHOP,alabama_sos,ALPERSON-CHARLES-BISHOP,AL-2006-senate-5-R-CHARLES-BISHOP,0,1,CHARLES BISHOP,False,ALNAME-CHARLES-BISHOP,normalized_full_name,3.9696684273336054,3.9696684273336054,19.606079778956296,48.54222179835979,-40.35487094199925,48.294207796666456,state_ticket_vote_weighted,1.0,meaningful,-3.9696684273336054,-3.9696684273336054,-19.606079778956296,-48.54222179835979,-48.294207796666456,40.35487094199925,-3.9696684273336054,1,0.3333333333333333,-1.3232228091112017
2006,senate,7,D,23582.0,PARKER GRIFFITH,alabama_sos,ALPERSON-PARKER-GRIFFITH,AL-2006-senate-7-D-PARKER-GRIFFITH,0,1,PARKER GRIFFITH,False,ALNAME-PARKER-GRIFFITH,normalized_full_name,40.16066560382352,40.16066560382352,,34.664793274878065,32.54377516285116,47.77755604479587,state_ticket_vote_weighted,1.0,meaningful,40.16066560382352,40.16066560382352,,34.664793274878065,32.54377516285116,47.77755604479587,40.16066560382352,1,0.3333333333333333,13.386888534607838
2006,senate,7,R,12414.0,CHERYL BASWELL-GUTHRIE,alabama_sos,ALPERSON-CHERYL-BASWELL-GUTHRIE,AL-2006-senate-7-R-CHERYL-BASWELL-GUTHRIE,0,0,CHERYL BASWELL GUTHRIE,False,ALNAME-CHERYL-BASWELL-GUTHRIE,normalized_full_name,40.16066560382352,40.16066560382352,,34.664793274878065,32.54377516285116,47.77755604479587,state_ticket_vote_weighted,1.0,meaningful,-40.16066560382352,-40.16066560382352,,-34.664793274878065,-47.77755604479587,-32.54377516285116,-40.16066560382352,1,0.3333333333333333,-13.386888534607838
2006,senate,8,D,9882.0,LOWELL R. BARRON,alabama_sos,ALPERSON-LOWELL-R-BARRON,AL-2006-senate-8-D-LOWELL-R-BARRON,0,1,LOWELL R BARRON,False,ALNAME-LOWELL-R-BARRON,normalized_full_name,25.624402815315783,25.624402815315783,-80.65217391304347,63.020145850520485,-120.46877810391251,171.7175837345441,state_ticket_vote_weighted,1.0,meaningful,25.624402815315783,25.624402815315783,-80.65217391304347,63.020145850520485,-120.46877810391251,171.7175837345441,25.624402815315783,1,0.3333333333333333,8.541467605105261
2006,senate,8,R,6678.0,DON STOUT,alabama_sos,ALPERSON-DON-STOUT,AL-2006-senate-8-R-DON-STOUT,0,0,DON STOUT,False,ALNAME-DON-STOUT,normalized_full_name,25.624402815315783,25.624402815315783,-80.65217391304347,63.020145850520485,-120.46877810391251,171.7175837345441,state_ticket_vote_weighted,1.0,meaningful,-25.624402815315783,-25.624402815315783,80.65217391304347,-63.020145850520485,-171.7175837345441,120.46877810391251,-25.624402815315783,1,0.3333333333333333,-8.541467605105261
2006,senate,9,D,20001.0,HINTON HITCHEM,alabama_sos,ALPERSON-HINTON-HITCHEM,AL-2006-senate-9-D-HINTON-HITCHEM,0,1,HINTON HITCHEM,False,ALNAME-HINTON-HITCHEM,normalized_full_name,37.227912170284434,37.227912170284434,58.48753634937085,50.02209185423016,16.250014612738365,58.2058097278305,state_ticket_vote_weighted,1.0,meaningful,37.227912170284434,37.227912170284434,58.48753634937085,50.02209185423016,16.250014612738365,58.2058097278305,37.227912170284434,1,0.3333333333333333,12.409304056761478
2006,senate,9,R,17375.0,BILL INGRAM,alabama_sos,ALPERSON-BILL-INGRAM,AL-2006-senate-9-R-BILL-INGRAM,0,0,BILL INGRAM,False,ALNAME-BILL-INGRAM,normalized_full_name,37.227912170284434,37.227912170284434,58.48753634937085,50.02209185423016,16.250014612738365,58.2058097278305,state_ticket_vote_weighted,1.0,meaningful,-37.227912170284434,-37.227912170284434,-58.48753634937085,-50.02209185423016,-58.2058097278305,-16.250014612738365,-37.227912170284434,1,0.3333333333333333,-12.409304056761478
2006,senate,11,D,25766.0,JIM PREUITT,alabama_sos,ALPERSON-JIM-PREUITT,AL-2006-senate-11-D-JIM-PREUITT,0,1,JIM PREUITT,False,ALNAME-JIM-PREUITT,normalized_full_name,29.110916461656505,29.110916461656505,87.67837815445603,49.468155494700966,-29.167291390019354,87.38912431333236,state_ticket_vote_weighted,1.0,meaningful,29.110916461656505,29.110916461656505,87.67837815445603,49.468155494700966,-29.167291390019354,87.38912431333236,29.110916461656505,1,0.3333333333333333,9.703638820552168
2006,senate,11,R,13557.0,JIM HETHCOX,alabama_sos,ALPERSON-JIM-HETHCOX,AL-2006-senate-11-R-JIM-HETHCOX,0,0,JIM HETHCOX,False,ALNAME-JIM-HETHCOX,normalized_full_name,29.110916461656505,29.110916461656505,87.67837815445603,49.468155494700966,-29.167291390019354,87.38912431333236,state_ticket_vote_weighted,1.0,meaningful,-29.110916461656505,-29.110916461656505,-87.67837815445603,-49.468155494700966,-87.38912431333236,29.167291390019354,-29.110916461656505,1,0.3333333333333333,-9.703638820552168
2006,senate,13,D,11289.0,KIM S. BENEFIELD,alabama_sos,ALPERSON-KIM-S-BENEFIELD,AL-2006-senate-13-D-KIM-S-BENEFIELD,0,1,KIM S BENEFIELD,False,ALNAME-KIM-S-BENEFIELD,normalized_full_name,18.56811005008079,18.56811005008079,40.600142714739384,54.97428579406639,-17.37207744656734,54.50829754672892,state_ticket_vote_weighted,1.0,meaningful,18.56811005008079,18.56811005008079,40.600142714739384,54.97428579406639,-17.37207744656734,54.50829754672892,18.56811005008079,1,0.3333333333333333,6.189370016693596
2006,senate,13,R,11236.0,JIM C. INGRAM,alabama_sos,ALPERSON-JIM-C-INGRAM,AL-2006-senate-13-R-JIM-C-INGRAM,0,0,JIM C INGRAM,False,ALNAME-JIM-C-INGRAM,normalized_full_name,18.56811005008079,18.56811005008079,40.600142714739384,54.97428579406639,-17.37207744656734,54.50829754672892,state_ticket_vote_weighted,1.0,meaningful,-18.56811005008079,-18.56811005008079,-40.600142714739384,-54.97428579406639,-54.50829754672892,17.37207744656734,-18.56811005008079,1,0.3333333333333333,-6.189370016693596
2006,senate,16,D,9786.0,RUSS PARKER,alabama_sos,ALPERSON-RUSS-PARKER,AL-2006-senate-16-D-RUSS-PARKER,0,0,RUSS PARKER,False,ALNAME-RUSS-PARKER,normalized_full_name,-8.562107906489395,-8.562107906489395,,0.1687875111765038,-20.66251160358713,3.538295790608341,state_ticket_vote_weighted,1.0,meaningful,-8.562107906489395,-8.562107906489395,,0.1687875111765038,-20.66251160358713,3.538295790608341,-8.562107906489395,1,0.3333333333333333,-2.8540359688297983
2006,senate,16,R,34195.0,"J. T. ""JABO"" WAGGONER",alabama_sos,ALPERSON-J-T-JABO-WAGGONER,AL-2006-senate-16-R-J-T-JABO-WAGGONER,0,1,J T JABO WAGGONER,False,ALNAME-J-T-JABO-WAGGONER,normalized_full_name,-8.562107906489395,-8.562107906489395,,0.1687875111765038,-20.66251160358713,3.538295790608341,state_ticket_vote_weighted,1.0,meaningful,8.562107906489395,8.562107906489395,,-0.1687875111765038,-3.538295790608341,20.66251160358713,4.960322617581028,3,0.6,2.9761935705486167
2006,senate,18,D,21212.0,RODGER M. SMITHERMAN,alabama_sos,ALPERSON-RODGER-M-SMITHERMAN,AL-2006-senate-18-D-RODGER-M-SMITHERMAN,0,1,RODGER M SMITHERMAN,False,ALNAME-RODGER-M-SMITHERMAN,normalized_full_name,12.957885618233973,12.957885618233973,,16.438896440997098,8.133450756241219,17.78232048022673,state_ticket_vote_weighted,1.0,meaningful,12.957885618233973,12.957885618233973,,16.438896440997098,8.133450756241219,17.78232048022673,12.957885618233973,1,0.3333333333333333,4.319295206077991
2006,senate,18,R,5063.0,STANLEY NANCE,alabama_sos,ALPERSON-STANLEY-NANCE,AL-2006-senate-18-R-STANLEY-NANCE,0,0,STANLEY NANCE,False,ALNAME-STANLEY-NANCE,normalized_full_name,12.957885618233973,12.957885618233973,,16.438896440997098,8.133450756241219,17.78232048022673,state_ticket_vote_weighted,1.0,meaningful,-12.957885618233973,-12.957885618233973,,-16.438896440997098,-17.78232048022673,-8.133450756241219,-12.957885618233973,1,0.3333333333333333,-4.319295206077991
2006,senate,20,D,21661.0,LINDA COLEMAN,alabama_sos,ALPERSON-LINDA-COLEMAN,AL-2006-senate-20-D-LINDA-COLEMAN,0,1,LINDA COLEMAN,False,ALNAME-LINDA-COLEMAN,normalized_full_name,13.18298305190342,13.18298305190342,,26.220967791851365,-4.886741896439457,31.252708000246297,state_ticket_vote_weighted,1.0,meaningful,13.18298305190342,13.18298305190342,,26.220967791851365,-4.886741896439457,31.252708000246297,13.18298305190342,1,0.3333333333333333,4.3943276839678065
2006,senate,20,R,5535.0,MEL GLENN,alabama_sos,ALPERSON-MEL-GLENN,AL-2006-senate-20-R-MEL-GLENN,0,0,MEL GLENN,False,ALNAME-MEL-GLENN,normalized_full_name,13.18298305190342,13.18298305190342,,26.220967791851365,-4.886741896439457,31.252708000246297,state_ticket_vote_weighted,1.0,meaningful,-13.18298305190342,-13.18298305190342,,-26.220967791851365,-31.252708000246297,4.886741896439457,-13.18298305190342,1,0.3333333333333333,-4.3943276839678065
2006,senate,21,D,22017.0,PHIL POOLE,alabama_sos,ALPERSON-PHIL-POOLE,AL-2006-senate-21-D-PHIL-POOLE,0,1,PHIL POOLE,False,ALNAME-PHIL-POOLE,normalized_full_name,50.99383241510107,50.99383241510107,84.89104130153841,90.58874946894872,9.038521922556221,92.94914290764592,state_ticket_vote_weighted,1.0,meaningful,50.99383241510107,50.99383241510107,84.89104130153841,90.58874946894872,9.038521922556221,92.94914290764592,29.073006029959448,3,0.6,17.443803617975668
2006,senate,21,R,9695.0,"JOE NATHAN SAXTON, SR.",alabama_sos,ALPERSON-JOE-NATHAN-SAXTON-SR,AL-2006-senate-21-R-JOE-NATHAN-SAXTON-SR,0,0,JOE NATHAN SAXTON,False,ALNAME-JOE-NATHAN-SAXTON,normalized_full_name,50.99383241510107,50.99383241510107,84.89104130153841,90.58874946894872,9.038521922556221,92.94914290764592,state_ticket_vote_weighted,1.0,meaningful,-50.99383241510107,-50.99383241510107,-84.89104130153841,-90.58874946894872,-92.94914290764592,-9.038521922556221,-50.99383241510107,1,0.3333333333333333,-16.99794413836702
2006,senate,22,D,9258.0,PAT LINDSEY,alabama_sos,ALPERSON-PAT-LINDSEY,AL-2006-senate-22-D-PAT-LINDSEY,0,0,PAT LINDSEY,False,ALNAME-PAT-LINDSEY,normalized_full_name,10.265741101977948,10.265741101977948,40.22545495401045,37.58976181769883,-22.248343602292383,42.77982580624828,state_ticket_vote_weighted,1.0,meaningful,10.265741101977948,10.265741101977948,40.22545495401045,37.58976181769883,-22.248343602292383,42.77982580624828,10.265741101977948,1,0.3333333333333333,3.421913700659316
2006,senate,22,R,9309.0,JOHN MCMILLAN,alabama_sos,ALPERSON-JOHN-MCMILLAN,AL-2006-senate-22-R-JOHN-MCMILLAN,0,1,JOHN MCMILLAN,False,ALNAME-JOHN-MCMILLAN,normalized_full_name,10.265741101977948,10.265741101977948,40.22545495401045,37.58976181769883,-22.248343602292383,42.77982580624828,state_ticket_vote_weighted,1.0,meaningful,-10.265741101977948,-10.265741101977948,-40.22545495401045,-37.58976181769883,-42.77982580624828,22.248343602292383,-10.265741101977948,1,0.3333333333333333,-3.421913700659316
2006,senate,23,D,20493.0,HANK SANDERS,alabama_sos,ALPERSON-HANK-SANDERS,AL-2006-senate-23-D-HANK-SANDERS,0,1,HANK SANDERS,False,ALNAME-HANK-SANDERS,normalized_full_name,5.099269227320239,5.099269227320239,28.56709665102248,29.61985458469078,-22.07232524036519,32.270863695005666,state_ticket_vote_weighted,1.0,meaningful,5.099269227320239,5.099269227320239,28.56709665102248,29.61985458469078,-22.07232524036519,32.270863695005666,5.099269227320239,1,0.3333333333333333,1.699756409106746
2006,senate,23,R,11734.0,BOB DUKE,alabama_sos,ALPERSON-BOB-DUKE,AL-2006-senate-23-R-BOB-DUKE,0,0,BOB DUKE,False,ALNAME-BOB-DUKE,normalized_full_name,5.099269227320239,5.099269227320239,28.56709665102248,29.61985458469078,-22.07232524036519,32.270863695005666,state_ticket_vote_weighted,1.0,meaningful,-5.099269227320239,-5.099269227320239,-28.56709665102248,-29.61985458469078,-32.270863695005666,22.07232524036519,-5.099269227320239,1,0.3333333333333333,-1.699756409106746
2006,senate,25,D,11469.0,MIKE CHAPPELL,alabama_sos,ALPERSON-MIKE-CHAPPELL,AL-2006-senate-25-D-MIKE-CHAPPELL,0,0,MIKE CHAPPELL,False,ALNAME-MIKE-CHAPPELL,normalized_full_name,-10.920439220073703,-10.920439220073703,14.926420717416846,6.985013983088855,-36.87021376864391,15.029335328496504,state_ticket_vote_weighted,0.9999912735551828,meaningful,-10.920439220073703,-10.920439220073703,14.926420717416846,6.985013983088855,-36.87021376864391,15.029335328496504,-10.920439220073703,1,0.3333333333333333,-3.640146406691234
2006,senate,25,R,33197.0,LARRY DIXON,alabama_sos,ALPERSON-LARRY-DIXON,AL-2006-senate-25-R-LARRY-DIXON,0,1,LARRY DIXON,False,ALNAME-LARRY-DIXON,normalized_full_name,-10.920439220073703,-10.920439220073703,14.926420717416846,6.985013983088855,-36.87021376864391,15.029335328496504,state_ticket_vote_weighted,0.9999912735551828,meaningful,10.920439220073703,10.920439220073703,-14.926420717416846,-6.985013983088855,-15.029335328496504,36.87021376864391,10.920439220073703,1,0.3333333333333333,3.640146406691234
2006,senate,27,D,16012.0,T. D. (TED) LITTLE,alabama_sos,ALPERSON-T-D-TED-LITTLE,AL-2006-senate-27-D-T-D-TED-LITTLE,0,1,T D TED LITTLE,False,ALNAME-T-D-TED-LITTLE,normalized_full_name,40.85326076318357,40.85326076318357,,50.12597995765709,28.00192762317984,53.7045939031873,state_ticket_vote_weighted,1.0,meaningful,40.85326076318357,40.85326076318357,,50.12597995765709,28.00192762317984,53.7045939031873,23.16607649458518,2,0.5,11.58303824729259
2006,senate,27,R,10520.0,PEGGY MARTIN,alabama_sos,ALPERSON-PEGGY-MARTIN,AL-2006-senate-27-R-PEGGY-MARTIN,0,0,PEGGY MARTIN,False,ALNAME-PEGGY-MARTIN,normalized_full_name,40.85326076318357,40.85326076318357,,50.12597995765709,28.00192762317984,53.7045939031873,state_ticket_vote_weighted,1.0,meaningful,-40.85326076318357,-40.85326076318357,,-50.12597995765709,-53.7045939031873,-28.00192762317984,-40.85326076318357,1,0.3333333333333333,-13.617753587727856
2006,senate,29,D,3624.0,RONNIE HELMS,alabama_sos,ALPERSON-RONNIE-HELMS,AL-2006-senate-29-D-RONNIE-HELMS,0,0,RONNIE HELMS,False,ALNAME-RONNIE-HELMS,normalized_full_name,-5.563262108287255,-5.563262108287255,11.737162640897544,9.545729275756734,-24.025947086815208,12.899422870240699,state_ticket_vote_weighted,1.0,meaningful,-5.563262108287255,-5.563262108287255,11.737162640897544,9.545729275756734,-24.025947086815208,12.899422870240699,-20.136385655658064,2,0.5,-10.068192827829032
2006,senate,29,R,9436.0,HARRI ANNE SMITH,alabama_sos,ALPERSON-HARRI-ANNE-SMITH,AL-2006-senate-29-R-HARRI-ANNE-SMITH,0,1,HARRI ANNE SMITH,False,ALNAME-HARRI-ANNE-SMITH,normalized_full_name,-5.563262108287255,-5.563262108287255,11.737162640897544,9.545729275756734,-24.025947086815208,12.899422870240699,state_ticket_vote_weighted,1.0,meaningful,5.563262108287255,5.563262108287255,-11.737162640897544,-9.545729275756734,-12.899422870240699,24.025947086815208,5.563262108287255,1,0.3333333333333333,1.8544207027624182
2006,senate,30,D,18907.0,"""WALKING"" WENDELL MITCHELL",alabama_sos,ALPERSON-WALKING-WENDELL-MITCHELL,AL-2006-senate-30-D-WALKING-WENDELL-MITCHELL,0,1,WALKING WENDELL MITCHELL,False,ALNAME-WALKING-WENDELL-MITCHELL,normalized_full_name,46.178816223114964,46.178816223114964,63.583527205480266,64.55934447375395,25.90884020486964,66.44879224136028,state_ticket_vote_weighted,0.9999999958038825,meaningful,46.178816223114964,46.178816223114964,63.583527205480266,64.55934447375395,25.90884020486964,66.44879224136028,23.916568927863864,2,0.5,11.958284463931932
2006,senate,30,R,12352.0,JOAN REYNOLDS,alabama_sos,ALPERSON-JOAN-REYNOLDS,AL-2006-senate-30-R-JOAN-REYNOLDS,0,0,JOAN REYNOLDS,False,ALNAME-JOAN-REYNOLDS,normalized_full_name,46.178816223114964,46.178816223114964,63.583527205480266,64.55934447375395,25.90884020486964,66.44879224136028,state_ticket_vote_weighted,0.9999999958038825,meaningful,-46.178816223114964,-46.178816223114964,-63.583527205480266,-64.55934447375395,-66.44879224136028,-25.90884020486964,-46.178816223114964,1,0.3333333333333333,-15.392938741038321
2006,senate,31,D,16900.0,JIMMY W. HOLLEY,alabama_sos,ALPERSON-JIMMY-W-HOLLEY,AL-2006-senate-31-D-JIMMY-W-HOLLEY,0,1,JIMMY W HOLLEY,False,ALNAME-JIMMY-W-HOLLEY,normalized_full_name,46.07722152635599,46.07722152635599,66.71348064274365,61.76205870325443,24.96152427384119,67.19291877887079,state_ticket_vote_weighted,1.0,meaningful,46.07722152635599,46.07722152635599,66.71348064274365,61.76205870325443,24.96152427384119,67.19291877887079,28.260419225325514,2,0.5,14.130209612662757
2006,senate,31,R,13685.0,DWIGHT ADAMS,alabama_sos,ALPERSON-DWIGHT-ADAMS,AL-2006-senate-31-R-DWIGHT-ADAMS,0,0,DWIGHT ADAMS,False,ALNAME-DWIGHT-ADAMS,normalized_full_name,46.07722152635599,46.07722152635599,66.71348064274365,61.76205870325443,24.96152427384119,67.19291877887079,state_ticket_vote_weighted,1.0,meaningful,-46.07722152635599,-46.07722152635599,-66.71348064274365,-61.76205870325443,-67.19291877887079,-24.96152427384119,-46.07722152635599,1,0.3333333333333333,-15.359073842118663
2006,senate,33,D,19029.0,VIVIAN DAVIS FIGURES,alabama_sos,ALPERSON-VIVIAN-DAVIS-FIGURES,AL-2006-senate-33-D-VIVIAN-DAVIS-FIGURES,0,1,VIVIAN DAVIS FIGURES,False,ALNAME-VIVIAN-DAVIS-FIGURES,normalized_full_name,9.793444031751804,9.793444031751804,24.998931830999137,,-11.280286895078515,30.867174958582122,state_ticket_vote_weighted,1.0,meaningful,9.793444031751804,9.793444031751804,24.998931830999137,,-11.280286895078515,30.867174958582122,6.952672589446557,2,0.5,3.4763362947232785
2006,senate,33,R,7594.0,JEFFERY JONES,alabama_sos,ALPERSON-JEFFERY-JONES,AL-2006-senate-33-R-JEFFERY-JONES,0,0,JEFFERY JONES,False,ALNAME-JEFFERY-JONES,normalized_full_name,9.793444031751804,9.793444031751804,24.998931830999137,,-11.280286895078515,30.867174958582122,state_ticket_vote_weighted,1.0,meaningful,-9.793444031751804,-9.793444031751804,-24.998931830999137,,-30.867174958582122,11.280286895078515,-9.793444031751804,1,0.3333333333333333,-3.264481343917268
2006,senate,35,D,13434.0,GARY TANNER,alabama_sos,ALPERSON-GARY-TANNER,AL-2006-senate-35-D-GARY-TANNER,0,0,GARY TANNER,False,ALNAME-GARY-TANNER,normalized_full_name,2.5692124383323476,2.5692124383323476,26.620537956146798,,-30.764224087204088,35.902648963868785,state_ticket_vote_weighted,1.0,meaningful,2.5692124383323476,2.5692124383323476,26.620537956146798,,-30.764224087204088,35.902648963868785,2.5692124383323476,1,0.3333333333333333,0.8564041461107825
2006,senate,35,R,13945.0,BEN BROOKS,alabama_sos,ALPERSON-BEN-BROOKS,AL-2006-senate-35-R-BEN-BROOKS,0,1,BEN BROOKS,False,ALNAME-BEN-BROOKS,normalized_full_name,2.5692124383323476,2.5692124383323476,26.620537956146798,,-30.764224087204088,35.902648963868785,state_ticket_vote_weighted,1.0,meaningful,-2.5692124383323476,-2.5692124383323476,-26.620537956146798,,-35.902648963868785,30.764224087204088,1.124460858148138,2,0.5,0.562230429074069
2010,house,1,D,7083.0,GREG BURDINE,alabama_sos,ALPERSON-GREG-BURDINE,AL-2010-house-1-D-GREG-BURDINE,0,1,GREG BURDINE,False,ALNAME-GREG-BURDINE,normalized_full_name,17.631097545496342,17.631097545496342,19.32788346982151,22.7686227851292,12.50054185974292,22.761653231249763,state_ticket_vote_weighted,1.0,meaningful,17.631097545496342,17.631097545496342,19.32788346982151,22.7686227851292,12.50054185974292,22.761653231249763,16.8086323469637,2,0.5,8.40431617348185
2010,house,1,R,6877.0,QUINTON HANSON,alabama_sos,ALPERSON-QUINTON-HANSON,AL-2010-house-1-R-QUINTON-HANSON,0,0,QUINTON HANSON,False,ALNAME-QUINTON-HANSON,normalized_full_name,17.631097545496342,17.631097545496342,19.32788346982151,22.7686227851292,12.50054185974292,22.761653231249763,state_ticket_vote_weighted,1.0,meaningful,-17.631097545496342,-17.631097545496342,-19.32788346982151,-22.7686227851292,-22.761653231249763,-12.50054185974292,-17.631097545496342,1,0.3333333333333333,-5.877032515165447
2010,house,2,D,6284.0,MIKE CURTIS,alabama_sos,ALPERSON-MIKE-CURTIS,AL-2010-house-2-D-MIKE-CURTIS,1,0,MIKE CURTIS,False,ALNAME-MIKE-CURTIS,normalized_full_name,17.526067418602903,17.526067418602903,19.531129565574926,27.06796304205319,7.66510811063505,27.387026726570756,state_ticket_vote_weighted,1.0,meaningful,17.526067418602903,17.526067418602903,19.531129565574926,27.06796304205319,7.66510811063505,27.387026726570756,14.029705517064816,2,0.5,7.014852758532408
2010,house,2,R,7599.0,LYNN GREER,alabama_sos,ALPERSON-LYNN-GREER,AL-2010-house-2-R-LYNN-GREER,0,1,LYNN GREER,False,ALNAME-LYNN-GREER,normalized_full_name,17.526067418602903,17.526067418602903,19.531129565574926,27.06796304205319,7.66510811063505,27.387026726570756,state_ticket_vote_weighted,1.0,meaningful,-17.526067418602903,-17.526067418602903,-19.531129565574926,-27.06796304205319,-27.387026726570756,-7.66510811063505,-11.936535759055793,3,0.6,-7.161921455433476
2010,house,4,D,5244.0,VAUGHN GOODWIN,alabama_sos,ALPERSON-VAUGHN-GOODWIN,AL-2010-house-4-D-VAUGHN-GOODWIN,0,0,VAUGHN GOODWIN,False,ALNAME-VAUGHN-GOODWIN,normalized_full_name,1.8341839814455696,1.8341839814455696,-2.696659771182034,5.977360083491696,-6.669184921194027,10.337552884085166,state_ticket_vote_weighted,1.0,meaningful,1.8341839814455696,1.8341839814455696,-2.696659771182034,5.977360083491696,-6.669184921194027,10.337552884085166,1.8341839814455696,1,0.3333333333333333,0.6113946604818565
2010,house,4,R,12153.0,MICKY HAMMON,alabama_sos,ALPERSON-MICKY-HAMMON,AL-2010-house-4-R-MICKY-HAMMON,1,1,MICKY HAMMON,False,ALNAME-MICKY-HAMMON,normalized_full_name,1.8341839814455696,1.8341839814455696,-2.696659771182034,5.977360083491696,-6.669184921194027,10.337552884085166,state_ticket_vote_weighted,1.0,meaningful,-1.8341839814455696,-1.8341839814455696,2.696659771182034,-5.977360083491696,-10.337552884085166,6.669184921194027,-5.084436714518061,2,0.5,-2.5422183572590304
2010,house,5,D,5402.0,HENRY A. WHITE,alabama_sos,ALPERSON-HENRY-A-WHITE,AL-2010-house-5-D-HENRY-A-WHITE,1,0,HENRY A WHITE,False,ALNAME-HENRY-A-WHITE,normalized_full_name,15.620909934991417,15.620909934991417,16.911828600161897,23.436185122947833,7.409460157267938,23.832359712714897,state_ticket_vote_weighted,1.0,meaningful,15.620909934991417,15.620909934991417,16.911828600161897,23.436185122947833,7.409460157267938,23.832359712714897,23.94406743109356,2,0.5,11.97203371554678
2010,house,5,R,8807.0,DAN WILLIAMS,alabama_sos,ALPERSON-DAN-WILLIAMS,AL-2010-house-5-R-DAN-WILLIAMS,0,1,DAN WILLIAMS,False,ALNAME-DAN-WILLIAMS,normalized_full_name,15.620909934991417,15.620909934991417,16.911828600161897,23.436185122947833,7.409460157267938,23.832359712714897,state_ticket_vote_weighted,1.0,meaningful,-15.620909934991417,-15.620909934991417,-16.911828600161897,-23.436185122947833,-23.832359712714897,-7.409460157267938,-23.94406743109356,2,0.5,-11.97203371554678
2010,house,7,D,6911.0,JOHN 'Jody' LETSON,alabama_sos,ALPERSON-JOHN-JODY-LETSON,AL-2010-house-7-D-JOHN-JODY-LETSON,1,0,JOHN JODY LETSON,False,ALNAME-JOHN-JODY-LETSON,normalized_full_name,13.747216390295366,13.747216390295366,9.560747259970043,31.282799129476718,-8.840606915850897,36.335039696441626,state_ticket_vote_weighted,1.0,meaningful,13.747216390295366,13.747216390295366,9.560747259970043,31.282799129476718,-8.840606915850897,36.335039696441626,26.013630834038324,3,0.6,15.608178500422994
2010,house,7,R,7096.0,KEN JOHNSON,alabama_sos,ALPERSON-KEN-JOHNSON,AL-2010-house-7-R-KEN-JOHNSON,0,1,KEN JOHNSON,False,ALNAME-KEN-JOHNSON,normalized_full_name,13.747216390295366,13.747216390295366,9.560747259970043,31.282799129476718,-8.840606915850897,36.335039696441626,state_ticket_vote_weighted,1.0,meaningful,-13.747216390295366,-13.747216390295366,-9.560747259970043,-31.282799129476718,-36.335039696441626,8.840606915850897,-23.874260533106437,2,0.5,-11.937130266553218
2010,house,8,D,5147.0,DRAMA BRELAND,alabama_sos,ALPERSON-DRAMA-BRELAND,AL-2010-house-8-D-DRAMA-BRELAND,0,0,DRAMA BRELAND,False,ALNAME-DRAMA-BRELAND,normalized_full_name,6.361484979727582,6.361484979727582,6.920926434619361,9.67782704213488,2.8817626726872945,9.841207286767869,state_ticket_vote_weighted,1.0,meaningful,6.361484979727582,6.361484979727582,6.920926434619361,9.67782704213488,2.8817626726872945,9.841207286767869,6.361484979727582,1,0.3333333333333333,2.120494993242527
2010,house,8,R,6574.0,TERRI COLLINS,alabama_sos,ALPERSON-TERRI-COLLINS,AL-2010-house-8-R-TERRI-COLLINS,0,1,TERRI COLLINS,False,ALNAME-TERRI-COLLINS,normalized_full_name,6.361484979727582,6.361484979727582,6.920926434619361,9.67782704213488,2.8817626726872945,9.841207286767869,state_ticket_vote_weighted,1.0,meaningful,-6.361484979727582,-6.361484979727582,-6.920926434619361,-9.67782704213488,-9.841207286767869,-2.8817626726872945,-6.169921957856439,3,0.6,-3.7019531747138634
2010,house,9,D,4294.0,KATHY WHITE GOODWIN,alabama_sos,ALPERSON-KATHY-WHITE-GOODWIN,AL-2010-house-9-D-KATHY-WHITE-GOODWIN,0,0,KATHY WHITE GOODWIN,False,ALNAME-KATHY-WHITE-GOODWIN,normalized_full_name,2.544326631555357,2.544326631555357,8.992108689070413,15.121733677532738,-9.782846722401521,14.871499985512235,state_ticket_vote_weighted,1.0,meaningful,2.544326631555357,2.544326631555357,8.992108689070413,15.121733677532738,-9.782846722401521,14.871499985512235,2.544326631555357,1,0.3333333333333333,0.8481088771851191
2010,house,9,R,11405.0,ED HENRY,alabama_sos,ALPERSON-ED-HENRY,AL-2010-house-9-R-ED-HENRY,0,1,ED HENRY,False,ALNAME-ED-HENRY,normalized_full_name,2.544326631555357,2.544326631555357,8.992108689070413,15.121733677532738,-9.782846722401521,14.871499985512235,state_ticket_vote_weighted,1.0,meaningful,-2.544326631555357,-2.544326631555357,-8.992108689070413,-15.121733677532738,-14.871499985512235,9.782846722401521,-2.544326631555357,1,0.3333333333333333,-0.8481088771851191
2010,house,12,D,7667.0,"JAMES C. FIELDS, JR.",alabama_sos,ALPERSON-JAMES-C-FIELDS-JR,AL-2010-house-12-D-JAMES-C-FIELDS-JR,1,0,JAMES C FIELDS,False,ALNAME-JAMES-C-FIELDS,normalized_full_name,34.29574326998933,34.29574326998933,51.554226536278094,56.8299001783898,11.194941741312668,57.39654479866599,state_ticket_vote_weighted,1.0,meaningful,34.29574326998933,34.29574326998933,51.554226536278094,56.8299001783898,11.194941741312668,57.39654479866599,34.29574326998933,1,0.3333333333333333,11.431914423329776
2010,house,12,R,9062.0,MAC BUTTRAM,alabama_sos,ALPERSON-MAC-BUTTRAM,AL-2010-house-12-R-MAC-BUTTRAM,0,1,MAC BUTTRAM,False,ALNAME-MAC-BUTTRAM,normalized_full_name,34.29574326998933,34.29574326998933,51.554226536278094,56.8299001783898,11.194941741312668,57.39654479866599,state_ticket_vote_weighted,1.0,meaningful,-34.29574326998933,-34.29574326998933,-51.554226536278094,-56.8299001783898,-57.39654479866599,-11.194941741312668,-34.29574326998933,1,0.3333333333333333,-11.431914423329776
2010,house,13,D,5186.0,TOMMY SHERER,alabama_sos,ALPERSON-TOMMY-SHERER,AL-2010-house-13-D-TOMMY-SHERER,1,0,TOMMY SHERER,False,ALNAME-TOMMY-SHERER,normalized_full_name,7.411259835023575,7.411259835023575,25.235718905814185,26.842747875738336,-13.727026077306068,28.549545747353218,state_ticket_vote_weighted,1.0,meaningful,7.411259835023575,7.411259835023575,25.235718905814185,26.842747875738336,-13.727026077306068,28.549545747353218,25.365614888060833,2,0.5,12.682807444030416
2010,house,13,R,7990.0,BILL ROBERTS,alabama_sos,ALPERSON-BILL-ROBERTS,AL-2010-house-13-R-BILL-ROBERTS,0,1,BILL ROBERTS,False,ALNAME-BILL-ROBERTS,normalized_full_name,7.411259835023575,7.411259835023575,25.235718905814185,26.842747875738336,-13.727026077306068,28.549545747353218,state_ticket_vote_weighted,1.0,meaningful,-7.411259835023575,-7.411259835023575,-25.235718905814185,-26.842747875738336,-28.549545747353218,13.727026077306068,-7.411259835023575,1,0.3333333333333333,-2.4704199450078583
2010,house,14,D,4121.0,KEN GUIN,alabama_sos,ALPERSON-KEN-GUIN,AL-2010-house-14-D-KEN-GUIN,1,0,KEN GUIN,False,ALNAME-KEN-GUIN,normalized_full_name,-8.715504997666642,-8.715504997666642,-10.128672191475552,6.443043066063687,-26.721928165381648,9.290918170048364,state_ticket_vote_weighted,1.0,meaningful,-8.715504997666642,-8.715504997666642,-10.128672191475552,6.443043066063687,-26.721928165381648,9.290918170048364,-8.715504997666642,1,0.3333333333333333,-2.9051683325555473
2010,house,14,R,9327.0,RICHARD BAUGHN,alabama_sos,ALPERSON-RICHARD-BAUGHN,AL-2010-house-14-R-RICHARD-BAUGHN,0,1,RICHARD BAUGHN,False,ALNAME-RICHARD-BAUGHN,normalized_full_name,-8.715504997666642,-8.715504997666642,-10.128672191475552,6.443043066063687,-26.721928165381648,9.290918170048364,state_ticket_vote_weighted,1.0,meaningful,8.715504997666642,8.715504997666642,10.128672191475552,-6.443043066063687,-9.290918170048364,26.721928165381648,8.715504997666642,1,0.3333333333333333,2.9051683325555473
2010,house,16,D,6379.0,"WILLIAM E. THIGPEN, SR.",alabama_sos,ALPERSON-WILLIAM-E-THIGPEN-SR,AL-2010-house-16-D-WILLIAM-E-THIGPEN-SR,1,0,WILLIAM E THIGPEN,False,ALNAME-WILLIAM-E-THIGPEN,normalized_full_name,30.09387125153303,30.09387125153303,23.720724398881792,37.475340028137204,16.602280070388048,43.585462432678014,state_ticket_vote_weighted,1.0,meaningful,30.09387125153303,30.09387125153303,23.720724398881792,37.475340028137204,16.602280070388048,43.585462432678014,30.09387125153303,1,0.3333333333333333,10.031290417177676
2010,house,16,R,7451.0,DANIEL H. BOMAN,alabama_sos,ALPERSON-DANIEL-H-BOMAN,AL-2010-house-16-R-DANIEL-H-BOMAN,0,1,DANIEL H BOMAN,False,ALNAME-DANIEL-H-BOMAN,normalized_full_name,30.09387125153303,30.09387125153303,23.720724398881792,37.475340028137204,16.602280070388048,43.585462432678014,state_ticket_vote_weighted,1.0,meaningful,-30.09387125153303,-30.09387125153303,-23.720724398881792,-37.475340028137204,-43.585462432678014,-16.602280070388048,-16.66519385718011,2,0.5,-8.332596928590055
2010,house,21,D,6201.0,RANDY HINSHAW,alabama_sos,ALPERSON-RANDY-HINSHAW,AL-2010-house-21-D-RANDY-HINSHAW,1,0,RANDY HINSHAW,False,ALNAME-RANDY-HINSHAW,normalized_full_name,15.57039666970504,15.57039666970504,18.115506312385747,7.637475300005639,4.858978484952283,26.2818148544578,state_ticket_vote_weighted,1.0,meaningful,15.57039666970504,15.57039666970504,18.115506312385747,7.637475300005639,4.858978484952283,26.2818148544578,26.496437944690822,2,0.5,13.248218972345411
2010,house,21,R,6654.0,JIM PATTERSON,alabama_sos,ALPERSON-JIM-PATTERSON,AL-2010-house-21-R-JIM-PATTERSON,0,1,JIM PATTERSON,False,ALNAME-JIM-PATTERSON,normalized_full_name,15.57039666970504,15.57039666970504,18.115506312385747,7.637475300005639,4.858978484952283,26.2818148544578,state_ticket_vote_weighted,1.0,meaningful,-15.57039666970504,-15.57039666970504,-18.115506312385747,-7.637475300005639,-26.2818148544578,-4.858978484952283,-9.556788858676757,2,0.5,-4.778394429338379
2010,house,22,D,5177.0,BUTCH TAYLOR,alabama_sos,ALPERSON-BUTCH-TAYLOR,AL-2010-house-22-D-BUTCH-TAYLOR,0,0,BUTCH TAYLOR,False,ALNAME-BUTCH-TAYLOR,normalized_full_name,10.23475197660786,10.23475197660786,15.136452598489612,12.107959980747154,5.386815377944759,15.08268857527096,state_ticket_vote_weighted,1.0,meaningful,10.23475197660786,10.23475197660786,15.136452598489612,12.107959980747154,5.386815377944759,15.08268857527096,10.23475197660786,1,0.3333333333333333,3.41158399220262
2010,house,22,R,9523.0,WAYNE JOHNSON,alabama_sos,ALPERSON-WAYNE-JOHNSON,AL-2010-house-22-R-WAYNE-JOHNSON,0,1,WAYNE JOHNSON,False,ALNAME-WAYNE-JOHNSON,normalized_full_name,10.23475197660786,10.23475197660786,15.136452598489612,12.107959980747154,5.386815377944759,15.08268857527096,state_ticket_vote_weighted,1.0,meaningful,-10.23475197660786,-10.23475197660786,-15.136452598489612,-12.107959980747154,-15.08268857527096,-5.386815377944759,-10.23475197660786,1,0.3333333333333333,-3.41158399220262
2010,house,24,D,6971.0,NATHANIEL LEDBETTER,alabama_sos,ALPERSON-NATHANIEL-LEDBETTER,AL-2010-house-24-D-NATHANIEL-LEDBETTER,0,0,NATHANIEL LEDBETTER,False,ALNAME-NATHANIEL-LEDBETTER,normalized_full_name,14.97474376403835,14.97474376403835,38.41300577916307,45.107903299388454,-16.03809993879696,45.98758746687366,state_ticket_vote_weighted,1.0,meaningful,14.97474376403835,14.97474376403835,38.41300577916307,45.107903299388454,-16.03809993879696,45.98758746687366,14.97474376403835,1,0.3333333333333333,4.991581254679449
2010,house,24,R,7967.0,TODD GREESON,alabama_sos,ALPERSON-TODD-GREESON,AL-2010-house-24-R-TODD-GREESON,1,1,TODD GREESON,False,ALNAME-TODD-GREESON,normalized_full_name,14.97474376403835,14.97474376403835,38.41300577916307,45.107903299388454,-16.03809993879696,45.98758746687366,state_ticket_vote_weighted,1.0,meaningful,-14.97474376403835,-14.97474376403835,-38.41300577916307,-45.107903299388454,-45.98758746687366,16.03809993879696,-14.97474376403835,1,0.3333333333333333,-4.991581254679449
2010,house,26,D,4873.0,RANDALL WHITE,alabama_sos,ALPERSON-RANDALL-WHITE,AL-2010-house-26-D-RANDALL-WHITE,0,0,RANDALL WHITE,False,ALNAME-RANDALL-WHITE,normalized_full_name,23.85371425845766,23.85371425845766,42.029520335622294,37.82343524928356,5.204437288950306,42.50299122796501,state_ticket_vote_weighted,1.0,meaningful,23.85371425845766,23.85371425845766,42.029520335622294,37.82343524928356,5.204437288950306,42.50299122796501,23.85371425845766,1,0.3333333333333333,7.951238086152554
2010,house,26,R,7203.0,KERRY RICH,alabama_sos,ALPERSON-KERRY-RICH,AL-2010-house-26-R-KERRY-RICH,0,1,KERRY RICH,False,ALNAME-KERRY-RICH,normalized_full_name,23.85371425845766,23.85371425845766,42.029520335622294,37.82343524928356,5.204437288950306,42.50299122796501,state_ticket_vote_weighted,1.0,meaningful,-23.85371425845766,-23.85371425845766,-42.029520335622294,-37.82343524928356,-42.50299122796501,-5.204437288950306,-23.85371425845766,1,0.3333333333333333,-7.951238086152554
2010,house,27,D,7225.0,JEFF McLAUGHLIN,alabama_sos,ALPERSON-JEFF-MCLAUGHLIN,AL-2010-house-27-D-JEFF-MCLAUGHLIN,1,0,JEFF MCLAUGHLIN,False,ALNAME-JEFF-MCLAUGHLIN,normalized_full_name,37.14630132696889,37.14630132696889,56.43992828393883,49.95548415816762,17.902880293560234,56.38972236037755,state_ticket_vote_weighted,1.0,meaningful,37.14630132696889,37.14630132696889,56.43992828393883,49.95548415816762,17.902880293560234,56.38972236037755,38.668715481606924,2,0.5,19.334357740803462
2010,house,27,R,8238.0,WES LONG,alabama_sos,ALPERSON-WES-LONG,AL-2010-house-27-R-WES-LONG,0,1,WES LONG,False,ALNAME-WES-LONG,normalized_full_name,37.14630132696889,37.14630132696889,56.43992828393883,49.95548415816762,17.902880293560234,56.38972236037755,state_ticket_vote_weighted,1.0,meaningful,-37.14630132696889,-37.14630132696889,-56.43992828393883,-49.95548415816762,-56.38972236037755,-17.902880293560234,-37.14630132696889,1,0.3333333333333333,-12.382100442322962
2010,house,29,D,5406.0,JOHN G. 'Jack' PAGE III,alabama_sos,ALPERSON-JOHN-G-JACK-PAGE-III,AL-2010-house-29-D-JOHN-G-JACK-PAGE-III,1,0,JOHN G JACK PAGE,False,ALNAME-JOHN-G-JACK-PAGE,normalized_full_name,7.519731475347568,7.519731475347568,26.218972308144004,31.015400478467736,-16.81262183767307,31.852084788368202,state_ticket_vote_weighted,1.0,meaningful,7.519731475347568,7.519731475347568,26.218972308144004,31.015400478467736,-16.81262183767307,31.852084788368202,12.256984347733649,2,0.5,6.1284921738668245
2010,house,29,R,5845.0,BECKY NORDGREN,alabama_sos,ALPERSON-BECKY-NORDGREN,AL-2010-house-29-R-BECKY-NORDGREN,0,1,BECKY NORDGREN,False,ALNAME-BECKY-NORDGREN,normalized_full_name,7.519731475347568,7.519731475347568,26.218972308144004,31.015400478467736,-16.81262183767307,31.852084788368202,state_ticket_vote_weighted,1.0,meaningful,-7.519731475347568,-7.519731475347568,-26.218972308144004,-31.015400478467736,-31.852084788368202,16.81262183767307,-6.770509311583403,3,0.6,-4.062305586950042
2010,house,30,D,4153.0,WALLY BURNS,alabama_sos,ALPERSON-WALLY-BURNS,AL-2010-house-30-D-WALLY-BURNS,0,0,WALLY BURNS,False,ALNAME-WALLY-BURNS,normalized_full_name,-1.537246831949993,-1.537246831949993,16.801739985506373,13.540266919346735,-20.71267029011205,17.638176626212065,state_ticket_vote_weighted,1.0,meaningful,-1.537246831949993,-1.537246831949993,16.801739985506373,13.540266919346735,-20.71267029011205,17.638176626212065,-1.537246831949993,1,0.3333333333333333,-0.5124156106499976
2010,house,30,R,10979.0,BLAINE GALLIHER,alabama_sos,ALPERSON-BLAINE-GALLIHER,AL-2010-house-30-R-BLAINE-GALLIHER,1,1,BLAINE GALLIHER,False,ALNAME-BLAINE-GALLIHER,normalized_full_name,-1.537246831949993,-1.537246831949993,16.801739985506373,13.540266919346735,-20.71267029011205,17.638176626212065,state_ticket_vote_weighted,1.0,meaningful,1.537246831949993,1.537246831949993,-16.801739985506373,-13.540266919346735,-17.638176626212065,20.71267029011205,1.537246831949993,1,0.3333333333333333,0.5124156106499976
2010,house,32,D,7238.0,BARBARA BIGSBY BOYD,alabama_sos,ALPERSON-BARBARA-BIGSBY-BOYD,AL-2010-house-32-D-BARBARA-BIGSBY-BOYD,1,1,BARBARA BIGSBY BOYD,False,ALNAME-BARBARA-BIGSBY-BOYD,normalized_full_name,19.90181679412416,19.90181679412416,30.26379923592899,48.58836372222364,-8.569708360976172,48.37334194922449,state_ticket_vote_weighted,1.0,meaningful,19.90181679412416,19.90181679412416,30.26379923592899,48.58836372222364,-8.569708360976172,48.37334194922449,13.29341016614026,3,0.6,7.976046099684156
2010,house,32,R,2903.0,RON STRUZIK,alabama_sos,ALPERSON-RON-STRUZIK,AL-2010-house-32-R-RON-STRUZIK,0,0,RON STRUZIK,False,ALNAME-RON-STRUZIK,normalized_full_name,19.90181679412416,19.90181679412416,30.26379923592899,48.58836372222364,-8.569708360976172,48.37334194922449,state_ticket_vote_weighted,1.0,meaningful,-19.90181679412416,-19.90181679412416,-30.26379923592899,-48.58836372222364,-48.37334194922449,8.569708360976172,-19.90181679412416,1,0.3333333333333333,-6.633938931374719
2010,house,35,D,6719.0,STEVE HURST,alabama_sos,ALPERSON-STEVE-HURST,AL-2010-house-35-D-STEVE-HURST,1,1,STEVE HURST,False,ALNAME-STEVE-HURST,normalized_full_name,35.10685978252062,35.10685978252062,50.91610753239299,36.17452576657405,17.789462859373476,52.42425670566777,state_ticket_vote_weighted,1.0,meaningful,35.10685978252062,35.10685978252062,50.91610753239299,36.17452576657405,17.789462859373476,52.42425670566777,48.9015685816863,2,0.5,24.45078429084315
2010,house,35,R,6292.0,STEVEN M. DEAN,alabama_sos,ALPERSON-STEVEN-M-DEAN,AL-2010-house-35-R-STEVEN-M-DEAN,0,0,STEVEN M DEAN,False,ALNAME-STEVEN-M-DEAN,normalized_full_name,35.10685978252062,35.10685978252062,50.91610753239299,36.17452576657405,17.789462859373476,52.42425670566777,state_ticket_vote_weighted,1.0,meaningful,-35.10685978252062,-35.10685978252062,-50.91610753239299,-36.17452576657405,-52.42425670566777,-17.789462859373476,-35.10685978252062,1,0.3333333333333333,-11.70228659417354
2010,house,36,D,3300.0,GARRY BEARDEN,alabama_sos,ALPERSON-GARRY-BEARDEN,AL-2010-house-36-D-GARRY-BEARDEN,0,0,GARRY BEARDEN,False,ALNAME-GARRY-BEARDEN,normalized_full_name,-16.26870904690083,-16.26870904690083,-5.316288185512541,-3.769510088084729,-29.624015863165898,-2.9134022306357643,state_ticket_vote_weighted,1.0,meaningful,-16.26870904690083,-16.26870904690083,-5.316288185512541,-3.769510088084729,-29.624015863165898,-2.9134022306357643,-16.26870904690083,1,0.3333333333333333,-5.42290301563361
2010,house,36,R,10607.0,RANDY WOOD,alabama_sos,ALPERSON-RANDY-WOOD,AL-2010-house-36-R-RANDY-WOOD,1,1,RANDY WOOD,False,ALNAME-RANDY-WOOD,normalized_full_name,-16.26870904690083,-16.26870904690083,-5.316288185512541,-3.769510088084729,-29.624015863165898,-2.9134022306357643,state_ticket_vote_weighted,1.0,meaningful,16.26870904690083,16.26870904690083,5.316288185512541,3.769510088084729,2.9134022306357643,29.624015863165898,11.01212865103512,2,0.5,5.50606432551756
2010,house,37,D,8106.0,RICHARD LAIRD,alabama_sos,ALPERSON-RICHARD-LAIRD,AL-2010-house-37-D-RICHARD-LAIRD,1,1,RICHARD LAIRD,False,ALNAME-RICHARD-LAIRD,normalized_full_name,26.752633548174195,26.752633548174195,43.84060346800041,45.82289759224755,6.202160870888509,47.303106225459885,state_ticket_vote_weighted,1.0,meaningful,26.752633548174195,26.752633548174195,43.84060346800041,45.82289759224755,6.202160870888509,47.303106225459885,38.363231562502136,2,0.5,19.181615781251068
2010,house,37,R,7011.0,BOB FINCHER,alabama_sos,ALPERSON-BOB-FINCHER,AL-2010-house-37-R-BOB-FINCHER,0,0,BOB FINCHER,False,ALNAME-BOB-FINCHER,normalized_full_name,26.752633548174195,26.752633548174195,43.84060346800041,45.82289759224755,6.202160870888509,47.303106225459885,state_ticket_vote_weighted,1.0,meaningful,-26.752633548174195,-26.752633548174195,-43.84060346800041,-45.82289759224755,-47.303106225459885,-6.202160870888509,-13.703297095317652,3,0.6,-8.22197825719059
2010,house,38,D,5748.0,HUEY P. LONG,alabama_sos,ALPERSON-HUEY-P-LONG,AL-2010-house-38-D-HUEY-P-LONG,0,0,HUEY P LONG,False,ALNAME-HUEY-P-LONG,normalized_full_name,11.646388362339453,11.646388362339453,21.051079507405014,15.612428556471274,2.39220543112471,20.900571293554194,state_ticket_vote_weighted,1.0,meaningful,11.646388362339453,11.646388362339453,21.051079507405014,15.612428556471274,2.39220543112471,20.900571293554194,11.646388362339453,1,0.3333333333333333,3.8821294541131506
2010,house,38,R,5980.0,DuWAYNE BRIDGES,alabama_sos,ALPERSON-DUWAYNE-BRIDGES,AL-2010-house-38-R-DUWAYNE-BRIDGES,1,1,DUWAYNE BRIDGES,False,ALNAME-DUWAYNE-BRIDGES,normalized_full_name,11.646388362339453,11.646388362339453,21.051079507405014,15.612428556471274,2.39220543112471,20.900571293554194,state_ticket_vote_weighted,1.0,meaningful,-11.646388362339453,-11.646388362339453,-21.051079507405014,-15.612428556471274,-20.900571293554194,-2.39220543112471,-13.243136968758126,2,0.5,-6.621568484379063
2010,house,39,D,7808.0,RICHARD LINDSEY,alabama_sos,ALPERSON-RICHARD-LINDSEY,AL-2010-house-39-D-RICHARD-LINDSEY,1,1,RICHARD LINDSEY,False,ALNAME-RICHARD-LINDSEY,normalized_full_name,44.79933546793157,44.79933546793157,64.01501891346932,70.20839662888658,18.831236282797985,70.76743465306515,state_ticket_vote_weighted,1.0,meaningful,44.79933546793157,44.79933546793157,64.01501891346932,70.20839662888658,18.831236282797985,70.76743465306515,50.68754680099258,2,0.5,25.34377340049629
2010,house,39,R,5872.0,TIM SPRAYBERRY,alabama_sos,ALPERSON-TIM-SPRAYBERRY,AL-2010-house-39-R-TIM-SPRAYBERRY,0,0,TIM SPRAYBERRY,False,ALNAME-TIM-SPRAYBERRY,normalized_full_name,44.79933546793157,44.79933546793157,64.01501891346932,70.20839662888658,18.831236282797985,70.76743465306515,state_ticket_vote_weighted,1.0,meaningful,-44.79933546793157,-44.79933546793157,-64.01501891346932,-70.20839662888658,-70.76743465306515,-18.831236282797985,-44.79933546793157,1,0.3333333333333333,-14.933111822643856
2010,house,40,D,5148.0,RICKY WHALEY,alabama_sos,ALPERSON-RICKY-WHALEY,AL-2010-house-40-D-RICKY-WHALEY,0,0,RICKY WHALEY,False,ALNAME-RICKY-WHALEY,normalized_full_name,11.70009553423332,11.70009553423332,26.722850344968506,10.647491845915724,-5.925530493724729,29.32572156219137,state_ticket_vote_weighted,1.0,meaningful,11.70009553423332,11.70009553423332,26.722850344968506,10.647491845915724,-5.925530493724729,29.32572156219137,11.70009553423332,1,0.3333333333333333,3.90003184474444
2010,house,40,R,8582.0,K.L. (Koven) BROWN,alabama_sos,ALPERSON-K-L-KOVEN-BROWN,AL-2010-house-40-R-K-L-KOVEN-BROWN,0,1,K L KOVEN BROWN,False,ALNAME-K-L-KOVEN-BROWN,normalized_full_name,11.70009553423332,11.70009553423332,26.722850344968506,10.647491845915724,-5.925530493724729,29.32572156219137,state_ticket_vote_weighted,1.0,meaningful,-11.70009553423332,-11.70009553423332,-26.722850344968506,-10.647491845915724,-29.32572156219137,5.925530493724729,-11.70009553423332,1,0.3333333333333333,-3.90003184474444
2010,house,42,D,5452.0,JAMES M. 'Jimmy' MARTIN,alabama_sos,ALPERSON-JAMES-M-JIMMY-MARTIN,AL-2010-house-42-D-JAMES-M-JIMMY-MARTIN,1,0,JAMES M JIMMY MARTIN,False,ALNAME-JAMES-M-JIMMY-MARTIN,normalized_full_name,13.808347161711445,13.808347161711445,30.39725746036035,26.08409717667687,-3.061498861986184,30.678193185409075,state_ticket_vote_weighted,1.0,meaningful,13.808347161711445,13.808347161711445,30.39725746036035,26.08409717667687,-3.061498861986184,30.678193185409075,31.807557678100903,2,0.5,15.903778839050451
2010,house,42,R,9382.0,KURT WALLACE,alabama_sos,ALPERSON-KURT-WALLACE,AL-2010-house-42-R-KURT-WALLACE,0,1,KURT WALLACE,False,ALNAME-KURT-WALLACE,normalized_full_name,13.808347161711445,13.808347161711445,30.39725746036035,26.08409717667687,-3.061498861986184,30.678193185409075,state_ticket_vote_weighted,1.0,meaningful,-13.808347161711445,-13.808347161711445,-30.39725746036035,-26.08409717667687,-30.678193185409075,3.061498861986184,-13.808347161711445,1,0.3333333333333333,-4.6027823872371485
2010,house,43,D,4041.0,VIRGINIA SWEET,alabama_sos,ALPERSON-VIRGINIA-SWEET,AL-2010-house-43-D-VIRGINIA-SWEET,0,0,VIRGINIA SWEET,False,ALNAME-VIRGINIA-SWEET,normalized_full_name,0.605558042186118,0.605558042186118,-54.42559005305577,-4.296076862183028,-59.088275763294575,60.29939184766681,state_ticket_vote_weighted,1.0,meaningful,0.605558042186118,0.605558042186118,-54.42559005305577,-4.296076862183028,-59.088275763294575,60.29939184766681,0.605558042186118,1,0.3333333333333333,0.201852680728706
2010,house,43,R,16368.0,MARY SUE McCLURKIN,alabama_sos,ALPERSON-MARY-SUE-MCCLURKIN,AL-2010-house-43-R-MARY-SUE-MCCLURKIN,1,1,MARY SUE MCCLURKIN,False,ALNAME-MARY-SUE-MCCLURKIN,normalized_full_name,0.605558042186118,0.605558042186118,-54.42559005305577,-4.296076862183028,-59.088275763294575,60.29939184766681,state_ticket_vote_weighted,1.0,meaningful,-0.605558042186118,-0.605558042186118,54.42559005305577,4.296076862183028,-60.29939184766681,59.088275763294575,-0.605558042186118,1,0.3333333333333333,-0.201852680728706
2010,house,45,D,5103.0,CHARLENE CANNON,alabama_sos,ALPERSON-CHARLENE-CANNON,AL-2010-house-45-D-CHARLENE-CANNON,0,0,CHARLENE CANNON,False,ALNAME-CHARLENE-CANNON,normalized_full_name,-7.991607433166841,-7.991607433166841,-33.175694840360244,-23.295936582549132,-32.86212526356762,16.87891039723394,state_ticket_vote_weighted,1.0,meaningful,-7.991607433166841,-7.991607433166841,-33.175694840360244,-23.295936582549132,-32.86212526356762,16.87891039723394,-7.991607433166841,1,0.3333333333333333,-2.663869144388947
2010,house,45,R,8165.0,OWEN DRAKE,alabama_sos,ALPERSON-OWEN-DRAKE,AL-2010-house-45-R-OWEN-DRAKE,1,1,OWEN DRAKE,False,ALNAME-OWEN-DRAKE,normalized_full_name,-7.991607433166841,-7.991607433166841,-33.175694840360244,-23.295936582549132,-32.86212526356762,16.87891039723394,state_ticket_vote_weighted,1.0,meaningful,7.991607433166841,7.991607433166841,33.175694840360244,23.295936582549132,-16.87891039723394,32.86212526356762,-1.9664446301175493,2,0.5,-0.9832223150587747
2010,house,61,D,9213.0,ALAN HARPER,alabama_sos,ALPERSON-ALAN-HARPER,AL-2010-house-61-D-ALAN-HARPER,1,1,ALAN HARPER,False,ALNAME-ALAN-HARPER,normalized_full_name,53.56384281697143,53.56384281697143,40.26952405876184,42.969661692633224,39.79106334474172,67.33662228920115,state_ticket_vote_weighted,1.0,meaningful,53.56384281697143,53.56384281697143,40.26952405876184,42.969661692633224,39.79106334474172,67.33662228920115,51.09679032983348,2,0.5,25.54839516491674
2010,house,61,R,5051.0,FRANK CHANDLER,alabama_sos,ALPERSON-FRANK-CHANDLER,AL-2010-house-61-R-FRANK-CHANDLER,0,0,FRANK CHANDLER,False,ALNAME-FRANK-CHANDLER,normalized_full_name,53.56384281697143,53.56384281697143,40.26952405876184,42.969661692633224,39.79106334474172,67.33662228920115,state_ticket_vote_weighted,1.0,meaningful,-53.56384281697143,-53.56384281697143,-40.26952405876184,-42.969661692633224,-67.33662228920115,-39.79106334474172,-51.09679032983348,2,0.5,-25.54839516491674
2010,house,63,D,5631.0,SUSAN PACE HAMILL,alabama_sos,ALPERSON-SUSAN-PACE-HAMILL,AL-2010-house-63-D-SUSAN-PACE-HAMILL,0,0,SUSAN PACE HAMILL,False,ALNAME-SUSAN-PACE-HAMILL,normalized_full_name,1.7204890061639588,1.7204890061639588,-10.031307755890829,-16.896001371125966,-16.73202811459434,20.173006126922257,state_ticket_vote_weighted,1.0,meaningful,1.7204890061639588,1.7204890061639588,-10.031307755890829,-16.896001371125966,-16.73202811459434,20.173006126922257,1.7204890061639588,1,0.3333333333333333,0.5734963353879863
2010,house,63,R,9937.0,BILL POOLE,alabama_sos,ALPERSON-BILL-POOLE,AL-2010-house-63-R-BILL-POOLE,0,1,BILL POOLE,False,ALNAME-BILL-POOLE,normalized_full_name,1.7204890061639588,1.7204890061639588,-10.031307755890829,-16.896001371125966,-16.73202811459434,20.173006126922257,state_ticket_vote_weighted,1.0,meaningful,-1.7204890061639588,-1.7204890061639588,10.031307755890829,16.896001371125966,-20.173006126922257,16.73202811459434,-1.7204890061639588,1,0.3333333333333333,-0.5734963353879863
2010,house,73,D,8137.0,JOSEPH LISTER 'Joe' HUBBARD,alabama_sos,ALPERSON-JOSEPH-LISTER-JOE-HUBBARD,AL-2010-house-73-D-JOSEPH-LISTER-JOE-HUBBARD,0,1,JOSEPH LISTER JOE HUBBARD,False,ALNAME-JOSEPH-LISTER-JOE-HUBBARD,normalized_full_name,-3.9132639038509307,-3.9132639038509307,8.471844586891864,-16.657462585336525,-28.54082302908988,20.714295221388014,state_ticket_vote_weighted,1.0,meaningful,-3.9132639038509307,-3.9132639038509307,8.471844586891864,-16.657462585336525,-28.54082302908988,20.714295221388014,-3.9132639038509307,1,0.3333333333333333,-1.3044213012836434
2010,house,73,R,7825.0,DAVID GRIMES,alabama_sos,ALPERSON-DAVID-GRIMES,AL-2010-house-73-R-DAVID-GRIMES,1,0,DAVID GRIMES,False,ALNAME-DAVID-GRIMES,normalized_full_name,-3.9132639038509307,-3.9132639038509307,8.471844586891864,-16.657462585336525,-28.54082302908988,20.714295221388014,state_ticket_vote_weighted,1.0,meaningful,3.9132639038509307,3.9132639038509307,-8.471844586891864,16.657462585336525,-20.714295221388014,28.54082302908988,3.4949360022672056,3,0.6,2.096961601360323
2010,house,75,D,5551.0,GLENN L. ALLEN,alabama_sos,ALPERSON-GLENN-L-ALLEN,AL-2010-house-75-D-GLENN-L-ALLEN,0,0,GLENN L ALLEN,False,ALNAME-GLENN-L-ALLEN,normalized_full_name,-18.81850606098071,-18.81850606098071,-2.966523178928753,-25.100023648856077,-41.17503433524358,3.538022213282158,state_ticket_vote_weighted,1.0,meaningful,-18.81850606098071,-18.81850606098071,-2.966523178928753,-25.100023648856077,-41.17503433524358,3.538022213282158,-18.81850606098071,1,0.3333333333333333,-6.272835353660236
2010,house,75,R,14046.0,GREG WREN,alabama_sos,ALPERSON-GREG-WREN,AL-2010-house-75-R-GREG-WREN,1,1,GREG WREN,False,ALNAME-GREG-WREN,normalized_full_name,-18.81850606098071,-18.81850606098071,-2.966523178928753,-25.100023648856077,-41.17503433524358,3.538022213282158,state_ticket_vote_weighted,1.0,meaningful,18.81850606098071,18.81850606098071,2.966523178928753,25.100023648856077,-3.538022213282158,41.17503433524358,18.81850606098071,1,0.3333333333333333,6.272835353660236
2010,house,80,D,5576.0,LESLEY VANCE,alabama_sos,ALPERSON-LESLEY-VANCE,AL-2010-house-80-D-LESLEY-VANCE,1,1,LESLEY VANCE,False,ALNAME-LESLEY-VANCE,normalized_full_name,30.563443226996867,30.563443226996867,40.323512980477545,24.165340483451928,14.61458992462711,46.51229652936662,state_ticket_vote_weighted,1.0,meaningful,30.563443226996867,30.563443226996867,40.323512980477545,24.165340483451928,14.61458992462711,46.51229652936662,20.290031436819493,3,0.6,12.174018862091696
2010,house,80,R,4626.0,MERVIN DUDLEY,alabama_sos,ALPERSON-MERVIN-DUDLEY,AL-2010-house-80-R-MERVIN-DUDLEY,0,0,MERVIN DUDLEY,False,ALNAME-MERVIN-DUDLEY,normalized_full_name,30.563443226996867,30.563443226996867,40.323512980477545,24.165340483451928,14.61458992462711,46.51229652936662,state_ticket_vote_weighted,1.0,meaningful,-30.563443226996867,-30.563443226996867,-40.323512980477545,-24.165340483451928,-46.51229652936662,-14.61458992462711,-30.563443226996867,1,0.3333333333333333,-10.187814408998955
2010,house,81,D,7306.0,BETTY CAROL GRAHAM,alabama_sos,ALPERSON-BETTY-CAROL-GRAHAM,AL-2010-house-81-D-BETTY-CAROL-GRAHAM,1,0,BETTY CAROL GRAHAM,False,ALNAME-BETTY-CAROL-GRAHAM,normalized_full_name,5.373678054705836,5.373678054705836,20.306407711477334,24.611507041749746,-14.415113903521677,25.162470012933348,state_ticket_vote_weighted,1.0,meaningful,5.373678054705836,5.373678054705836,20.306407711477334,24.611507041749746,-14.415113903521677,25.162470012933348,5.373678054705836,1,0.3333333333333333,1.7912260182352786
2010,house,81,R,9268.0,MARK M. TUGGLE,alabama_sos,ALPERSON-MARK-M-TUGGLE,AL-2010-house-81-R-MARK-M-TUGGLE,0,1,MARK M TUGGLE,False,ALNAME-MARK-M-TUGGLE,normalized_full_name,5.373678054705836,5.373678054705836,20.306407711477334,24.611507041749746,-14.415113903521677,25.162470012933348,state_ticket_vote_weighted,1.0,meaningful,-5.373678054705836,-5.373678054705836,-20.306407711477334,-24.611507041749746,-25.162470012933348,14.415113903521677,-2.765843018612082,2,0.5,-1.382921509306041
2010,house,84,D,7763.0,BERRY FORTE,alabama_sos,ALPERSON-BERRY-FORTE,AL-2010-house-84-D-BERRY-FORTE,0,1,BERRY FORTE,False,ALNAME-BERRY-FORTE,normalized_full_name,1.3823895807033928,1.3823895807033928,10.32012172555439,16.00699321914965,-13.067268595253376,15.832047756660161,state_ticket_vote_weighted,1.0,meaningful,1.3823895807033928,1.3823895807033928,10.32012172555439,16.00699321914965,-13.067268595253376,15.832047756660161,0.610755397372202,2,0.5,0.305377698686101
2010,house,84,R,4152.0,JOYCE L. PERRIN,alabama_sos,ALPERSON-JOYCE-L-PERRIN,AL-2010-house-84-R-JOYCE-L-PERRIN,0,0,JOYCE L PERRIN,False,ALNAME-JOYCE-L-PERRIN,normalized_full_name,1.3823895807033928,1.3823895807033928,10.32012172555439,16.00699321914965,-13.067268595253376,15.832047756660161,state_ticket_vote_weighted,1.0,meaningful,-1.3823895807033928,-1.3823895807033928,-10.32012172555439,-16.00699321914965,-15.832047756660161,13.067268595253376,-1.3823895807033928,1,0.3333333333333333,-0.46079652690113093
2010,house,85,D,6668.0,DEXTER GRIMSLEY,alabama_sos,ALPERSON-DEXTER-GRIMSLEY,AL-2010-house-85-D-DEXTER-GRIMSLEY,0,1,DEXTER GRIMSLEY,False,ALNAME-DEXTER-GRIMSLEY,normalized_full_name,-4.426721047925593,-4.426721047925593,8.017340952388903,29.378875302736137,-37.93821401996233,29.08477192411115,state_ticket_vote_weighted,1.0,meaningful,-4.426721047925593,-4.426721047925593,8.017340952388903,29.378875302736137,-37.93821401996233,29.08477192411115,17.07397718563143,3,0.6,10.24438631137886
2010,house,85,R,6243.0,JODY SINGLETON,alabama_sos,ALPERSON-JODY-SINGLETON,AL-2010-house-85-R-JODY-SINGLETON,0,0,JODY SINGLETON,False,ALNAME-JODY-SINGLETON,normalized_full_name,-4.426721047925593,-4.426721047925593,8.017340952388903,29.378875302736137,-37.93821401996233,29.08477192411115,state_ticket_vote_weighted,1.0,meaningful,4.426721047925593,4.426721047925593,-8.017340952388903,-29.378875302736137,-29.08477192411115,37.93821401996233,4.426721047925593,1,0.3333333333333333,1.4755736826418642
2010,house,86,D,6623.0,MERRITT CAROTHERS,alabama_sos,ALPERSON-MERRITT-CAROTHERS,AL-2010-house-86-D-MERRITT-CAROTHERS,0,0,MERRITT CAROTHERS,False,ALNAME-MERRITT-CAROTHERS,normalized_full_name,-7.274315670176286,-7.274315670176286,14.681335172928492,29.0515374083853,-43.131433324927855,28.582801984575283,state_ticket_vote_weighted,1.0,meaningful,-7.274315670176286,-7.274315670176286,14.681335172928492,29.0515374083853,-43.131433324927855,28.582801984575283,-7.274315670176286,1,0.3333333333333333,-2.4247718900587616
2010,house,86,R,9159.0,PAUL LEE,alabama_sos,ALPERSON-PAUL-LEE,AL-2010-house-86-R-PAUL-LEE,0,1,PAUL LEE,False,ALNAME-PAUL-LEE,normalized_full_name,-7.274315670176286,-7.274315670176286,14.681335172928492,29.0515374083853,-43.131433324927855,28.582801984575283,state_ticket_vote_weighted,1.0,meaningful,7.274315670176286,7.274315670176286,-14.681335172928492,-29.0515374083853,-28.582801984575283,43.131433324927855,7.274315670176286,1,0.3333333333333333,2.4247718900587616
2010,house,90,D,8427.0,CHARLES NEWTON,alabama_sos,ALPERSON-CHARLES-NEWTON,AL-2010-house-90-D-CHARLES-NEWTON,1,1,CHARLES NEWTON,False,ALNAME-CHARLES-NEWTON,normalized_full_name,19.746929770149915,19.746929770149915,27.17917107637622,39.728382146120765,-0.04776591943831221,39.54162545973814,state_ticket_vote_weighted,1.0,meaningful,19.746929770149915,19.746929770149915,27.17917107637622,39.728382146120765,-0.04776591943831221,39.54162545973814,19.746929770149915,1,0.3333333333333333,6.5823099233833045
2010,house,90,R,5753.0,JERRY HARTIN,alabama_sos,ALPERSON-JERRY-HARTIN,AL-2010-house-90-R-JERRY-HARTIN,0,0,JERRY HARTIN,False,ALNAME-JERRY-HARTIN,normalized_full_name,19.746929770149915,19.746929770149915,27.17917107637622,39.728382146120765,-0.04776591943831221,39.54162545973814,state_ticket_vote_weighted,1.0,meaningful,-19.746929770149915,-19.746929770149915,-27.17917107637622,-39.728382146120765,-39.54162545973814,0.04776591943831221,-19.746929770149915,1,0.3333333333333333,-6.5823099233833045
2010,house,91,D,5383.0,TERRY SPICER,alabama_sos,ALPERSON-TERRY-SPICER,AL-2010-house-91-D-TERRY-SPICER,1,0,TERRY SPICER,False,ALNAME-TERRY-SPICER,normalized_full_name,-0.1930649456092155,-0.1930649456092155,6.2000144697335315,20.32865703165414,-20.775103835185636,20.388973943967205,state_ticket_vote_weighted,1.0,meaningful,-0.1930649456092155,-0.1930649456092155,6.2000144697335315,20.32865703165414,-20.775103835185636,20.388973943967205,20.188492102887228,2,0.5,10.094246051443614
2010,house,91,R,9754.0,BARRY MOORE,alabama_sos,ALPERSON-BARRY-MOORE,AL-2010-house-91-R-BARRY-MOORE,0,1,BARRY MOORE,False,ALNAME-BARRY-MOORE,normalized_full_name,-0.1930649456092155,-0.1930649456092155,6.2000144697335315,20.32865703165414,-20.775103835185636,20.388973943967205,state_ticket_vote_weighted,1.0,meaningful,0.1930649456092155,0.1930649456092155,-6.2000144697335315,-20.32865703165414,-20.388973943967205,20.775103835185636,0.1930649456092155,1,0.3333333333333333,0.0643549818697385
2010,house,92,D,3080.0,DAVID S. DARBY,alabama_sos,ALPERSON-DAVID-S-DARBY,AL-2010-house-92-D-DAVID-S-DARBY,0,0,DAVID S DARBY,False,ALNAME-DAVID-S-DARBY,normalized_full_name,-6.322510572937233,-6.322510572937233,2.2974465038517167,17.197244825914503,-29.644129683691457,16.99910853781699,state_ticket_vote_weighted,1.0,meaningful,-6.322510572937233,-6.322510572937233,2.2974465038517167,17.197244825914503,-29.644129683691457,16.99910853781699,-6.322510572937233,1,0.3333333333333333,-2.1075035243124107
2010,house,92,R,6809.0,"MIKE JONES, JR.",alabama_sos,ALPERSON-MIKE-JONES-JR,AL-2010-house-92-R-MIKE-JONES-JR,0,1,MIKE JONES,False,ALNAME-MIKE-JONES,normalized_full_name,-6.322510572937233,-6.322510572937233,2.2974465038517167,17.197244825914503,-29.644129683691457,16.99910853781699,state_ticket_vote_weighted,1.0,meaningful,6.322510572937233,6.322510572937233,-2.2974465038517167,-17.197244825914503,-16.99910853781699,29.644129683691457,6.322510572937233,1,0.3333333333333333,2.1075035243124107
2010,house,93,D,3270.0,RONNIE HELMS,alabama_sos,ALPERSON-RONNIE-HELMS,AL-2010-house-93-D-RONNIE-HELMS,0,0,RONNIE HELMS,False,ALNAME-RONNIE-HELMS,normalized_full_name,-34.70950920302887,-34.70950920302887,-25.511680157393112,-12.99460859705502,-56.07282061346323,-13.346197792594516,state_ticket_vote_weighted,1.0,meaningful,-34.70950920302887,-34.70950920302887,-25.511680157393112,-12.99460859705502,-56.07282061346323,-13.346197792594516,-20.136385655658064,2,0.5,-10.068192827829032
2010,house,93,R,11417.0,STEVE CLOUSE,alabama_sos,ALPERSON-STEVE-CLOUSE,AL-2010-house-93-R-STEVE-CLOUSE,1,1,STEVE CLOUSE,False,ALNAME-STEVE-CLOUSE,normalized_full_name,-34.70950920302887,-34.70950920302887,-25.511680157393112,-12.99460859705502,-56.07282061346323,-13.346197792594516,state_ticket_vote_weighted,1.0,meaningful,34.70950920302887,34.70950920302887,25.511680157393112,12.99460859705502,13.346197792594516,56.07282061346323,16.904489947275085,3,0.6,10.14269396836505
2010,house,98,D,6767.0,"NAPOLEON BRACY, JR.",alabama_sos,ALPERSON-NAPOLEON-BRACY-JR,AL-2010-house-98-D-NAPOLEON-BRACY-JR,0,1,NAPOLEON BRACY,False,ALNAME-NAPOLEON-BRACY,normalized_full_name,-1.271381217389866,-1.271381217389866,43.21291136518471,18.709045652121265,-44.94105197289868,42.398289538118945,state_ticket_vote_weighted,1.0,meaningful,-1.271381217389866,-1.271381217389866,43.21291136518471,18.709045652121265,-44.94105197289868,42.398289538118945,1.3450263254111654,2,0.5,0.6725131627055827
2010,house,98,R,3222.0,SHARON L. POWE,alabama_sos,ALPERSON-SHARON-L-POWE,AL-2010-house-98-R-SHARON-L-POWE,0,0,SHARON L POWE,False,ALNAME-SHARON-L-POWE,normalized_full_name,-1.271381217389866,-1.271381217389866,43.21291136518471,18.709045652121265,-44.94105197289868,42.398289538118945,state_ticket_vote_weighted,1.0,meaningful,1.271381217389866,1.271381217389866,-43.21291136518471,-18.709045652121265,-42.398289538118945,44.94105197289868,1.271381217389866,1,0.3333333333333333,0.4237937391299553
2010,senate,1,D,23178.0,TAMMY L. IRONS,alabama_sos,ALPERSON-TAMMY-L-IRONS,AL-2010-senate-1-D-TAMMY-L-IRONS,0,1,TAMMY L IRONS,False,ALNAME-TAMMY-L-IRONS,normalized_full_name,28.720682961940398,28.720682961940398,30.304391927829563,37.557973851369695,19.48507176074083,37.956294163139965,state_ticket_vote_weighted,1.0,meaningful,28.720682961940398,28.720682961940398,30.304391927829563,37.557973851369695,19.48507176074083,37.956294163139965,28.720682961940398,1,0.3333333333333333,9.573560987313465
2010,senate,1,R,18266.0,JERRY FREEMAN,alabama_sos,ALPERSON-JERRY-FREEMAN,AL-2010-senate-1-R-JERRY-FREEMAN,0,0,JERRY FREEMAN,False,ALNAME-JERRY-FREEMAN,normalized_full_name,28.720682961940398,28.720682961940398,30.304391927829563,37.557973851369695,19.48507176074083,37.956294163139965,state_ticket_vote_weighted,1.0,meaningful,-28.720682961940398,-28.720682961940398,-30.304391927829563,-37.557973851369695,-37.956294163139965,-19.48507176074083,-28.720682961940398,1,0.3333333333333333,-9.573560987313465
2010,senate,2,D,23060.0,TOM BUTLER,alabama_sos,ALPERSON-TOM-BUTLER,AL-2010-senate-2-D-TOM-BUTLER,1,0,TOM BUTLER,False,ALNAME-TOM-BUTLER,normalized_full_name,14.516209308670557,14.516209308670557,16.885715338623736,13.853654070273343,11.391772802006043,17.64064581533507,state_ticket_vote_weighted,1.0,meaningful,14.516209308670557,14.516209308670557,16.885715338623736,13.853654070273343,11.391772802006043,17.64064581533507,20.759307104497193,3,0.6,12.455584262698315
2010,senate,2,R,33050.0,BILL HOLTZCLAW,alabama_sos,ALPERSON-BILL-HOLTZCLAW,AL-2010-senate-2-R-BILL-HOLTZCLAW,0,1,BILL HOLTZCLAW,False,ALNAME-BILL-HOLTZCLAW,normalized_full_name,14.516209308670557,14.516209308670557,16.885715338623736,13.853654070273343,11.391772802006043,17.64064581533507,state_ticket_vote_weighted,1.0,meaningful,-14.516209308670557,-14.516209308670557,-16.885715338623736,-13.853654070273343,-17.64064581533507,-11.391772802006043,-14.516209308670557,1,0.3333333333333333,-4.838736436223519
2010,senate,4,D,18733.0,ZEB LITTLE,alabama_sos,ALPERSON-ZEB-LITTLE,AL-2010-senate-4-D-ZEB-LITTLE,1,0,ZEB LITTLE,False,ALNAME-ZEB-LITTLE,normalized_full_name,19.384248230327273,19.384248230327273,6.2754681414210935,40.60376929350375,-14.56904368425716,53.337540144911706,state_ticket_vote_weighted,1.0,meaningful,19.384248230327273,19.384248230327273,6.2754681414210935,40.60376929350375,-14.56904368425716,53.337540144911706,26.481571623166687,2,0.5,13.240785811583343
2010,senate,4,R,25621.0,PAUL BUSSMAN,alabama_sos,ALPERSON-PAUL-BUSSMAN,AL-2010-senate-4-R-PAUL-BUSSMAN,0,1,PAUL BUSSMAN,False,ALNAME-PAUL-BUSSMAN,normalized_full_name,19.384248230327273,19.384248230327273,6.2754681414210935,40.60376929350375,-14.56904368425716,53.337540144911706,state_ticket_vote_weighted,1.0,meaningful,-19.384248230327273,-19.384248230327273,-6.2754681414210935,-40.60376929350375,-53.337540144911706,14.56904368425716,-12.310012042457522,2,0.5,-6.155006021228761
2010,senate,5,D,12213.0,BRETT WADSWORTH,alabama_sos,ALPERSON-BRETT-WADSWORTH,AL-2010-senate-5-D-BRETT-WADSWORTH,0,0,BRETT WADSWORTH,False,ALNAME-BRETT-WADSWORTH,normalized_full_name,-10.283109300837921,-10.283109300837921,-35.9934985751071,-15.524627602400244,-36.91162041425104,16.345401812575197,state_ticket_vote_weighted,1.0,meaningful,-10.283109300837921,-10.283109300837921,-35.9934985751071,-15.524627602400244,-36.91162041425104,16.345401812575197,-10.283109300837921,1,0.3333333333333333,-3.427703100279307
2010,senate,5,R,33500.0,GREG REED,alabama_sos,ALPERSON-GREG-REED,AL-2010-senate-5-R-GREG-REED,1,1,GREG REED,False,ALNAME-GREG-REED,normalized_full_name,-10.283109300837921,-10.283109300837921,-35.9934985751071,-15.524627602400244,-36.91162041425104,16.345401812575197,state_ticket_vote_weighted,1.0,meaningful,10.283109300837921,10.283109300837921,35.9934985751071,15.524627602400244,-16.345401812575197,36.91162041425104,10.283109300837921,1,0.3333333333333333,3.427703100279307
2010,senate,6,D,18691.0,"ROGER BEDFORD, JR.",alabama_sos,ALPERSON-ROGER-BEDFORD-JR,AL-2010-senate-6-D-ROGER-BEDFORD-JR,1,1,ROGER BEDFORD,False,ALNAME-ROGER-BEDFORD,normalized_full_name,33.70417441127449,33.70417441127449,30.837568452720696,54.48388540498717,8.41128603007013,58.99706279247884,state_ticket_vote_weighted,1.0,meaningful,33.70417441127449,33.70417441127449,30.837568452720696,54.48388540498717,8.41128603007013,58.99706279247884,25.89067780277221,2,0.5,12.945338901386105
2010,senate,6,R,16304.0,JIM BONNER,alabama_sos,ALPERSON-JIM-BONNER,AL-2010-senate-6-R-JIM-BONNER,0,0,JIM BONNER,False,ALNAME-JIM-BONNER,normalized_full_name,33.70417441127449,33.70417441127449,30.837568452720696,54.48388540498717,8.41128603007013,58.99706279247884,state_ticket_vote_weighted,1.0,meaningful,-33.70417441127449,-33.70417441127449,-30.837568452720696,-54.48388540498717,-58.99706279247884,-8.41128603007013,-33.70417441127449,1,0.3333333333333333,-11.234724803758162
2010,senate,7,D,20819.0,JEFF ENFINGER,alabama_sos,ALPERSON-JEFF-ENFINGER,AL-2010-senate-7-D-JEFF-ENFINGER,0,0,JEFF ENFINGER,False,ALNAME-JEFF-ENFINGER,normalized_full_name,-1.7621509940189934,-1.7621509940189934,0.13098097492281724,-10.454834186682927,-12.82664097923634,9.302338991198353,state_ticket_vote_weighted,1.0,meaningful,-1.7621509940189934,-1.7621509940189934,0.13098097492281724,-10.454834186682927,-12.82664097923634,9.302338991198353,-1.7621509940189934,1,0.3333333333333333,-0.5873836646729977
2010,senate,7,R,25333.0,PAUL L. SANFORD,alabama_sos,ALPERSON-PAUL-L-SANFORD,AL-2010-senate-7-R-PAUL-L-SANFORD,1,1,PAUL L SANFORD,False,ALNAME-PAUL-L-SANFORD,normalized_full_name,-1.7621509940189934,-1.7621509940189934,0.13098097492281724,-10.454834186682927,-12.82664097923634,9.302338991198353,state_ticket_vote_weighted,1.0,meaningful,1.7621509940189934,1.7621509940189934,-0.13098097492281724,10.454834186682927,-9.302338991198353,12.82664097923634,1.7383823768790778,2,0.5,0.8691911884395389
2010,senate,8,D,20016.0,LOWELL BARRON,alabama_sos,ALPERSON-LOWELL-BARRON,AL-2010-senate-8-D-LOWELL-BARRON,1,0,LOWELL BARRON,False,ALNAME-LOWELL-BARRON,normalized_full_name,22.206882245651098,22.206882245651098,29.33864250963666,43.51549451306904,0.9474001097069937,43.4663643815952,state_ticket_vote_weighted,1.0,meaningful,22.206882245651098,22.206882245651098,29.33864250963666,43.51549451306904,0.9474001097069937,43.4663643815952,22.206882245651098,1,0.3333333333333333,7.402294081883699
2010,senate,8,R,20603.0,SHADRACK McGILL,alabama_sos,ALPERSON-SHADRACK-MCGILL,AL-2010-senate-8-R-SHADRACK-MCGILL,0,1,SHADRACK MCGILL,False,ALNAME-SHADRACK-MCGILL,normalized_full_name,22.206882245651098,22.206882245651098,29.33864250963666,43.51549451306904,0.9474001097069937,43.4663643815952,state_ticket_vote_weighted,1.0,meaningful,-22.206882245651098,-22.206882245651098,-29.33864250963666,-43.51549451306904,-43.4663643815952,-0.9474001097069937,-22.206882245651098,1,0.3333333333333333,-7.402294081883699
2010,senate,9,D,13933.0,TIM MITCHELL,alabama_sos,ALPERSON-TIM-MITCHELL,AL-2010-senate-9-D-TIM-MITCHELL,0,0,TIM MITCHELL,False,ALNAME-TIM-MITCHELL,normalized_full_name,9.502400577923147,9.502400577923147,16.47405802513834,13.394109864432906,2.6547555314259697,16.350045624420325,state_ticket_vote_weighted,1.0,meaningful,9.502400577923147,9.502400577923147,16.47405802513834,13.394109864432906,2.6547555314259697,16.350045624420325,9.502400577923147,1,0.3333333333333333,3.1674668593077158
2010,senate,9,R,30834.0,CLAY SCOFIELD,alabama_sos,ALPERSON-CLAY-SCOFIELD,AL-2010-senate-9-R-CLAY-SCOFIELD,0,1,CLAY SCOFIELD,False,ALNAME-CLAY-SCOFIELD,normalized_full_name,9.502400577923147,9.502400577923147,16.47405802513834,13.394109864432906,2.6547555314259697,16.350045624420325,state_ticket_vote_weighted,1.0,meaningful,-9.502400577923147,-9.502400577923147,-16.47405802513834,-13.394109864432906,-16.350045624420325,-2.6547555314259697,-9.502400577923147,1,0.3333333333333333,-3.1674668593077158
2010,senate,10,D,17459.0,LARRY MEANS,alabama_sos,ALPERSON-LARRY-MEANS,AL-2010-senate-10-D-LARRY-MEANS,1,0,LARRY MEANS,False,ALNAME-LARRY-MEANS,normalized_full_name,13.97326097642246,13.97326097642246,34.464931027680144,33.299302977134126,-8.584671992132975,36.53119394497789,state_ticket_vote_weighted,1.0,meaningful,13.97326097642246,13.97326097642246,34.464931027680144,33.299302977134126,-8.584671992132975,36.53119394497789,20.758602819764157,2,0.5,10.379301409882078
2010,senate,10,R,20249.0,PHIL WILLIAMS,alabama_sos,ALPERSON-PHIL-WILLIAMS,AL-2010-senate-10-R-PHIL-WILLIAMS,0,1,PHIL WILLIAMS,True,ALNAME-PHIL-WILLIAMS-SENATE-10,same_cycle_name_collision_split,13.97326097642246,13.97326097642246,34.464931027680144,33.299302977134126,-8.584671992132975,36.53119394497789,state_ticket_vote_weighted,1.0,meaningful,-13.97326097642246,-13.97326097642246,-34.464931027680144,-33.299302977134126,-36.53119394497789,8.584671992132975,-20.758602819764157,2,0.5,-10.379301409882078
2010,senate,11,D,19928.0,JERRY L. FIELDING,alabama_sos,ALPERSON-JERRY-L-FIELDING,AL-2010-senate-11-D-JERRY-L-FIELDING,0,1,JERRY L FIELDING,False,ALNAME-JERRY-L-FIELDING,normalized_full_name,14.60812916016145,14.60812916016145,27.474230225730107,27.74099811304777,-0.10449584716997684,29.32075416749288,state_ticket_vote_weighted,1.0,meaningful,14.60812916016145,14.60812916016145,27.474230225730107,27.74099811304777,-0.10449584716997684,29.32075416749288,14.60812916016145,1,0.3333333333333333,4.869376386720483
2010,senate,11,R,17323.0,RAY ROBBINS,alabama_sos,ALPERSON-RAY-ROBBINS,AL-2010-senate-11-R-RAY-ROBBINS,0,0,RAY ROBBINS,False,ALNAME-RAY-ROBBINS,normalized_full_name,14.60812916016145,14.60812916016145,27.474230225730107,27.74099811304777,-0.10449584716997684,29.32075416749288,state_ticket_vote_weighted,1.0,meaningful,-14.60812916016145,-14.60812916016145,-27.474230225730107,-27.74099811304777,-29.32075416749288,0.10449584716997684,-14.60812916016145,1,0.3333333333333333,-4.869376386720483
2010,senate,12,D,15203.0,"WALLACE WYATT, JR.",alabama_sos,ALPERSON-WALLACE-WYATT-JR,AL-2010-senate-12-D-WALLACE-WYATT-JR,0,0,WALLACE WYATT,False,ALNAME-WALLACE-WYATT,normalized_full_name,11.972643990204777,11.972643990204777,24.68778509555492,17.70158749269366,-0.508482625563925,24.453770605973478,state_ticket_vote_weighted,1.0,meaningful,11.972643990204777,11.972643990204777,24.68778509555492,17.70158749269366,-0.508482625563925,24.453770605973478,11.972643990204777,1,0.3333333333333333,3.990881330068259
2010,senate,12,R,26702.0,DEL MARSH,alabama_sos,ALPERSON-DEL-MARSH,AL-2010-senate-12-R-DEL-MARSH,1,1,DEL MARSH,False,ALNAME-DEL-MARSH,normalized_full_name,11.972643990204777,11.972643990204777,24.68778509555492,17.70158749269366,-0.508482625563925,24.453770605973478,state_ticket_vote_weighted,1.0,meaningful,-11.972643990204777,-11.972643990204777,-24.68778509555492,-17.70158749269366,-24.453770605973478,0.508482625563925,-11.274299485555419,3,0.6,-6.764579691333251
2010,senate,13,D,18443.0,GREG VARNER,alabama_sos,ALPERSON-GREG-VARNER,AL-2010-senate-13-D-GREG-VARNER,0,0,GREG VARNER,False,ALNAME-GREG-VARNER,normalized_full_name,22.087315901265253,22.087315901265253,35.67215816845954,32.290202366147746,8.226072277315014,35.948559525215494,state_ticket_vote_weighted,1.0,meaningful,22.087315901265253,22.087315901265253,35.67215816845954,32.290202366147746,8.226072277315014,35.948559525215494,22.087315901265253,1,0.3333333333333333,7.362438633755084
2010,senate,13,R,18800.0,GERALD DIAL,alabama_sos,ALPERSON-GERALD-DIAL,AL-2010-senate-13-R-GERALD-DIAL,0,1,GERALD DIAL,False,ALNAME-GERALD-DIAL,normalized_full_name,22.087315901265253,22.087315901265253,35.67215816845954,32.290202366147746,8.226072277315014,35.948559525215494,state_ticket_vote_weighted,1.0,meaningful,-22.087315901265253,-22.087315901265253,-35.67215816845954,-32.290202366147746,-35.948559525215494,-8.226072277315014,-14.456168696962457,2,0.5,-7.228084348481229
2010,senate,17,D,8973.0,T. E. 'Tommy' HUDSON,alabama_sos,ALPERSON-T-E-TOMMY-HUDSON,AL-2010-senate-17-D-T-E-TOMMY-HUDSON,0,0,T E TOMMY HUDSON,False,ALNAME-T-E-TOMMY-HUDSON,normalized_full_name,-8.1652486100257,-8.1652486100257,-53.525015803388456,-21.780925936278557,-53.78585307570408,37.455355855652684,state_ticket_vote_weighted,1.0,meaningful,-8.1652486100257,-8.1652486100257,-53.525015803388456,-21.780925936278557,-53.78585307570408,37.455355855652684,-8.1652486100257,1,0.3333333333333333,-2.721749536675233
2010,senate,17,R,38777.0,SCOTT BEASON,alabama_sos,ALPERSON-SCOTT-BEASON,AL-2010-senate-17-R-SCOTT-BEASON,1,1,SCOTT BEASON,False,ALNAME-SCOTT-BEASON,normalized_full_name,-8.1652486100257,-8.1652486100257,-53.525015803388456,-21.780925936278557,-53.78585307570408,37.455355855652684,state_ticket_vote_weighted,1.0,meaningful,8.1652486100257,8.1652486100257,53.525015803388456,21.780925936278557,-37.455355855652684,53.78585307570408,8.1652486100257,1,0.3333333333333333,2.721749536675233
2010,senate,21,D,19509.0,PHIL POOLE,alabama_sos,ALPERSON-PHIL-POOLE,AL-2010-senate-21-D-PHIL-POOLE,1,0,PHIL POOLE,False,ALNAME-PHIL-POOLE,normalized_full_name,24.332616547643322,24.332616547643322,22.037234731056728,11.178071305886565,10.560628778661979,38.104604316624666,state_ticket_vote_weighted,1.0,meaningful,24.332616547643322,24.332616547643322,22.037234731056728,11.178071305886565,10.560628778661979,38.104604316624666,29.073006029959448,3,0.6,17.443803617975668
2010,senate,21,R,20528.0,GERALD ALLEN,alabama_sos,ALPERSON-GERALD-ALLEN,AL-2010-senate-21-R-GERALD-ALLEN,0,1,GERALD ALLEN,False,ALNAME-GERALD-ALLEN,normalized_full_name,24.332616547643322,24.332616547643322,22.037234731056728,11.178071305886565,10.560628778661979,38.104604316624666,state_ticket_vote_weighted,1.0,meaningful,-24.332616547643322,-24.332616547643322,-22.037234731056728,-11.178071305886565,-38.104604316624666,-10.560628778661979,-6.75160920167661,4,0.6666666666666666,-4.50107280111774
2010,senate,22,D,24785.0,MARC KEAHEY,alabama_sos,ALPERSON-MARC-KEAHEY,AL-2010-senate-22-D-MARC-KEAHEY,0,1,MARC KEAHEY,False,ALNAME-MARC-KEAHEY,normalized_full_name,32.492115756244225,32.492115756244225,56.32715521767616,36.88642477075298,7.630729897177826,57.35350161531062,state_ticket_vote_weighted,1.0,meaningful,32.492115756244225,32.492115756244225,56.32715521767616,36.88642477075298,7.630729897177826,57.35350161531062,32.492115756244225,1,0.3333333333333333,10.830705252081408
2010,senate,22,R,19939.0,DANNY B. JOYNER,alabama_sos,ALPERSON-DANNY-B-JOYNER,AL-2010-senate-22-R-DANNY-B-JOYNER,0,0,DANNY B JOYNER,False,ALNAME-DANNY-B-JOYNER,normalized_full_name,32.492115756244225,32.492115756244225,56.32715521767616,36.88642477075298,7.630729897177826,57.35350161531062,state_ticket_vote_weighted,1.0,meaningful,-32.492115756244225,-32.492115756244225,-56.32715521767616,-36.88642477075298,-57.35350161531062,-7.630729897177826,-32.492115756244225,1,0.3333333333333333,-10.830705252081408
2010,senate,25,D,14425.0,DOUG 'Smitty' SMITH,alabama_sos,ALPERSON-DOUG-SMITTY-SMITH,AL-2010-senate-25-D-DOUG-SMITTY-SMITH,0,0,DOUG SMITTY SMITH,False,ALNAME-DOUG-SMITTY-SMITH,normalized_full_name,-23.695643000120228,-23.695643000120228,-9.909209689917617,-42.297142684935714,-55.552524747716134,8.161238747475675,state_ticket_vote_weighted,1.0,meaningful,-23.695643000120228,-23.695643000120228,-9.909209689917617,-42.297142684935714,-55.552524747716134,8.161238747475675,-23.695643000120228,1,0.3333333333333333,-7.898547666706742
2010,senate,25,R,38919.0,DICK L. BREWBAKER,alabama_sos,ALPERSON-DICK-L-BREWBAKER,AL-2010-senate-25-R-DICK-L-BREWBAKER,0,1,DICK L BREWBAKER,False,ALNAME-DICK-L-BREWBAKER,normalized_full_name,-23.695643000120228,-23.695643000120228,-9.909209689917617,-42.297142684935714,-55.552524747716134,8.161238747475675,state_ticket_vote_weighted,1.0,meaningful,23.695643000120228,23.695643000120228,9.909209689917617,42.297142684935714,-8.161238747475675,55.552524747716134,23.695643000120228,1,0.3333333333333333,7.898547666706742
2010,senate,27,D,17377.0,T. D. (Ted) LITTLE,alabama_sos,ALPERSON-T-D-TED-LITTLE,AL-2010-senate-27-D-T-D-TED-LITTLE,1,0,T D TED LITTLE,False,ALNAME-T-D-TED-LITTLE,normalized_full_name,5.4788922259867885,5.4788922259867885,17.467856982487064,12.778213575556935,-6.362712442727371,17.32049689470095,state_ticket_vote_weighted,1.0,meaningful,5.4788922259867885,5.4788922259867885,17.467856982487064,12.778213575556935,-6.362712442727371,17.32049689470095,23.16607649458518,2,0.5,11.58303824729259
2010,senate,27,R,21243.0,TOM WHATLEY,alabama_sos,ALPERSON-TOM-WHATLEY,AL-2010-senate-27-R-TOM-WHATLEY,0,1,TOM WHATLEY,False,ALNAME-TOM-WHATLEY,normalized_full_name,5.4788922259867885,5.4788922259867885,17.467856982487064,12.778213575556935,-6.362712442727371,17.32049689470095,state_ticket_vote_weighted,1.0,meaningful,-5.4788922259867885,-5.4788922259867885,-17.467856982487064,-12.778213575556935,-17.32049689470095,6.362712442727371,2.6021978092591684,3,0.6,1.561318685555501
2010,senate,28,D,28581.0,BILLY BEASLEY,alabama_sos,ALPERSON-BILLY-BEASLEY,AL-2010-senate-28-D-BILLY-BEASLEY,0,1,BILLY BEASLEY,False,ALNAME-BILLY-BEASLEY,normalized_full_name,14.463531231890798,14.463531231890798,23.04954889743219,26.370541174436372,2.420409763169344,26.50665270061225,state_ticket_vote_weighted,1.0,meaningful,14.463531231890798,14.463531231890798,23.04954889743219,26.370541174436372,2.420409763169344,26.50665270061225,20.92424347177709,2,0.5,10.462121735888545
2010,senate,28,R,12028.0,KIM WEST,alabama_sos,ALPERSON-KIM-WEST,AL-2010-senate-28-R-KIM-WEST,0,0,KIM WEST,False,ALNAME-KIM-WEST,normalized_full_name,14.463531231890798,14.463531231890798,23.04954889743219,26.370541174436372,2.420409763169344,26.50665270061225,state_ticket_vote_weighted,1.0,meaningful,-14.463531231890798,-14.463531231890798,-23.04954889743219,-26.370541174436372,-26.50665270061225,-2.420409763169344,-14.463531231890798,1,0.3333333333333333,-4.821177077296932
2010,senate,30,D,19330.0,'Walking' WENDELL MITCHELL,alabama_sos,ALPERSON-WALKING-WENDELL-MITCHELL,AL-2010-senate-30-D-WALKING-WENDELL-MITCHELL,1,0,WALKING WENDELL MITCHELL,False,ALNAME-WALKING-WENDELL-MITCHELL,normalized_full_name,1.6543216326127599,1.6543216326127599,9.047129517611843,16.786982764545247,-13.176986185751934,16.485629450977456,state_ticket_vote_weighted,1.0,meaningful,1.6543216326127599,1.6543216326127599,9.047129517611843,16.786982764545247,-13.176986185751934,16.485629450977456,23.916568927863864,2,0.5,11.958284463931932
2010,senate,30,R,25772.0,BRYAN TAYLOR,alabama_sos,ALPERSON-BRYAN-TAYLOR,AL-2010-senate-30-R-BRYAN-TAYLOR,0,1,BRYAN TAYLOR,False,ALNAME-BRYAN-TAYLOR,normalized_full_name,1.6543216326127599,1.6543216326127599,9.047129517611843,16.786982764545247,-13.176986185751934,16.485629450977456,state_ticket_vote_weighted,1.0,meaningful,-1.6543216326127599,-1.6543216326127599,-9.047129517611843,-16.786982764545247,-16.485629450977456,13.176986185751934,-1.6543216326127599,1,0.3333333333333333,-0.5514405442042533
2010,senate,33,D,23241.0,VIVIAN DAVIS FIGURES,alabama_sos,ALPERSON-VIVIAN-DAVIS-FIGURES,AL-2010-senate-33-D-VIVIAN-DAVIS-FIGURES,1,1,VIVIAN DAVIS FIGURES,False,ALNAME-VIVIAN-DAVIS-FIGURES,normalized_full_name,4.11190114714131,4.11190114714131,47.87233908734365,30.88122805519619,-39.12872734317501,47.35252963745763,state_ticket_vote_weighted,1.0,meaningful,4.11190114714131,4.11190114714131,47.87233908734365,30.88122805519619,-39.12872734317501,47.35252963745763,6.952672589446557,2,0.5,3.4763362947232785
2010,senate,33,R,8419.0,BRAD MOSER,alabama_sos,ALPERSON-BRAD-MOSER,AL-2010-senate-33-R-BRAD-MOSER,0,0,BRAD MOSER,False,ALNAME-BRAD-MOSER,normalized_full_name,4.11190114714131,4.11190114714131,47.87233908734365,30.88122805519619,-39.12872734317501,47.35252963745763,state_ticket_vote_weighted,1.0,meaningful,-4.11190114714131,-4.11190114714131,-47.87233908734365,-30.88122805519619,-47.35252963745763,39.12872734317501,-4.11190114714131,1,0.3333333333333333,-1.37063371571377
2010,senate,35,D,12653.0,SCOTT A BUZBEE,alabama_sos,ALPERSON-SCOTT-A-BUZBEE,AL-2010-senate-35-D-SCOTT-A-BUZBEE,0,0,SCOTT A BUZBEE,False,ALNAME-SCOTT-A-BUZBEE,normalized_full_name,-4.818134154628623,-4.818134154628623,24.7395505250147,-14.684590629835085,-45.0281332072786,35.39186489802135,state_ticket_vote_weighted,1.0,meaningful,-4.818134154628623,-4.818134154628623,24.7395505250147,-14.684590629835085,-45.0281332072786,35.39186489802135,-4.818134154628623,1,0.3333333333333333,-1.606044718209541
2010,senate,35,R,18307.0,BEN BROOKS,alabama_sos,ALPERSON-BEN-BROOKS,AL-2010-senate-35-R-BEN-BROOKS,1,1,BEN BROOKS,False,ALNAME-BEN-BROOKS,normalized_full_name,-4.818134154628623,-4.818134154628623,24.7395505250147,-14.684590629835085,-45.0281332072786,35.39186489802135,state_ticket_vote_weighted,1.0,meaningful,4.818134154628623,4.818134154628623,-24.7395505250147,14.684590629835085,-35.39186489802135,45.0281332072786,1.124460858148138,2,0.5,0.562230429074069
2014,house,1,D,4652.0,Greg Burdine,official_consolidated_candidate_results,ALPERSON-GREG-BURDINE,AL-2014-house-1-D-GREG-BURDINE,1,0,GREG BURDINE,False,ALNAME-GREG-BURDINE,normalized_full_name,15.98616714843106,15.98616714843106,,19.473474454529708,11.15300580575252,20.8193284911096,state_ticket_vote_weighted,1.0,meaningful,15.98616714843106,15.98616714843106,,19.473474454529708,11.15300580575252,20.8193284911096,16.8086323469637,2,0.5,8.40431617348185
2014,house,1,R,4933.0,Phillip Pettus,official_consolidated_candidate_results,ALPERSON-PHILLIP-PETTUS,AL-2014-house-1-R-PHILLIP-PETTUS,0,1,PHILLIP PETTUS,False,ALNAME-PHILLIP-PETTUS,normalized_full_name,15.98616714843106,15.98616714843106,,19.473474454529708,11.15300580575252,20.8193284911096,state_ticket_vote_weighted,1.0,meaningful,-15.98616714843106,-15.98616714843106,,-19.473474454529708,-20.8193284911096,-11.15300580575252,-15.98616714843106,1,0.3333333333333333,-5.328722382810353
2014,house,2,D,5224.0,"Andrew ""Andy"" Betterton",official_consolidated_candidate_results,ALPERSON-ANDREW-ANDY-BETTERTON,AL-2014-house-2-D-ANDREW-ANDY-BETTERTON,0,0,ANDREW ANDY BETTERTON,False,ALNAME-ANDREW-ANDY-BETTERTON,normalized_full_name,18.659496921031536,18.659496921031536,,20.234772447647597,16.47627642710098,20.84271741496209,state_ticket_vote_weighted,1.0,meaningful,18.659496921031536,18.659496921031536,,20.234772447647597,16.47627642710098,20.84271741496209,18.659496921031536,1,0.3333333333333333,6.2198323070105115
2014,house,2,R,8561.0,Lynn Greer,official_consolidated_candidate_results,ALPERSON-LYNN-GREER,AL-2014-house-2-R-LYNN-GREER,1,1,LYNN GREER,False,ALNAME-LYNN-GREER,normalized_full_name,18.659496921031536,18.659496921031536,,20.234772447647597,16.47627642710098,20.84271741496209,state_ticket_vote_weighted,1.0,meaningful,-18.659496921031536,-18.659496921031536,,-20.234772447647597,-20.84271741496209,-16.47627642710098,-11.936535759055793,3,0.6,-7.161921455433476
2014,house,3,D,7993.0,Marcel Black,official_consolidated_candidate_results,ALPERSON-MARCEL-BLACK,AL-2014-house-3-D-MARCEL-BLACK,1,1,MARCEL BLACK,False,ALNAME-MARCEL-BLACK,normalized_full_name,27.119714291757745,27.119714291757745,,35.4487473915693,15.576263351973983,38.663165231541505,state_ticket_vote_weighted,1.0,meaningful,27.119714291757745,27.119714291757745,,35.4487473915693,15.576263351973983,38.663165231541505,27.119714291757745,1,0.3333333333333333,9.039904763919248
2014,house,3,R,5357.0,Fred Joly,official_consolidated_candidate_results,ALPERSON-FRED-JOLY,AL-2014-house-3-R-FRED-JOLY,0,0,FRED JOLY,False,ALNAME-FRED-JOLY,normalized_full_name,27.119714291757745,27.119714291757745,,35.4487473915693,15.576263351973983,38.663165231541505,state_ticket_vote_weighted,1.0,meaningful,-27.119714291757745,-27.119714291757745,,-35.4487473915693,-38.663165231541505,-15.576263351973983,-27.119714291757745,1,0.3333333333333333,-9.039904763919248
2014,house,5,D,5520.0,Henry A. White,official_consolidated_candidate_results,ALPERSON-HENRY-A-WHITE,AL-2014-house-5-D-HENRY-A-WHITE,0,0,HENRY A WHITE,False,ALNAME-HENRY-A-WHITE,normalized_full_name,32.267224927195706,32.267224927195706,,33.10183188079893,30.267224927195706,34.267224927195706,state_ticket_vote_weighted,1.0,meaningful,32.267224927195706,32.267224927195706,,33.10183188079893,30.267224927195706,34.267224927195706,23.94406743109356,2,0.5,11.97203371554678
2014,house,5,R,7132.0,Dan Williams,official_consolidated_candidate_results,ALPERSON-DAN-WILLIAMS,AL-2014-house-5-R-DAN-WILLIAMS,1,1,DAN WILLIAMS,False,ALNAME-DAN-WILLIAMS,normalized_full_name,32.267224927195706,32.267224927195706,,33.10183188079893,30.267224927195706,34.267224927195706,state_ticket_vote_weighted,1.0,meaningful,-32.267224927195706,-32.267224927195706,,-33.10183188079893,-34.267224927195706,-30.267224927195706,-23.94406743109356,2,0.5,-11.97203371554678
2014,house,7,D,5553.0,John (Jody) Letson,official_consolidated_candidate_results,ALPERSON-JOHN-JODY-LETSON,AL-2014-house-7-D-JOHN-JODY-LETSON,0,0,JOHN JODY LETSON,False,ALNAME-JOHN-JODY-LETSON,normalized_full_name,34.00130467591751,34.00130467591751,,32.18378350110743,31.482348842507143,36.520260509327876,state_ticket_vote_weighted,1.0,meaningful,34.00130467591751,34.00130467591751,,32.18378350110743,31.482348842507143,36.520260509327876,26.013630834038324,3,0.6,15.608178500422994
2014,house,7,R,6072.0,Ken Johnson,official_consolidated_candidate_results,ALPERSON-KEN-JOHNSON,AL-2014-house-7-R-KEN-JOHNSON,1,1,KEN JOHNSON,False,ALNAME-KEN-JOHNSON,normalized_full_name,34.00130467591751,34.00130467591751,,32.18378350110743,31.482348842507143,36.520260509327876,state_ticket_vote_weighted,1.0,meaningful,-34.00130467591751,-34.00130467591751,,-32.18378350110743,-36.520260509327876,-31.482348842507143,-23.874260533106437,2,0.5,-11.937130266553218
2014,house,8,D,4195.0,Rex Cheatham,official_consolidated_candidate_results,ALPERSON-REX-CHEATHAM,AL-2014-house-8-D-REX-CHEATHAM,0,0,REX CHEATHAM,False,ALNAME-REX-CHEATHAM,normalized_full_name,12.503399558870576,12.503399558870576,,15.415400655785596,8.467571942866076,16.539227174875077,state_ticket_vote_weighted,1.0,meaningful,12.503399558870576,12.503399558870576,,15.415400655785596,8.467571942866076,16.539227174875077,12.503399558870576,1,0.3333333333333333,4.1677998529568585
2014,house,8,R,6270.0,Terri Collins,official_consolidated_candidate_results,ALPERSON-TERRI-COLLINS,AL-2014-house-8-R-TERRI-COLLINS,1,1,TERRI COLLINS,False,ALNAME-TERRI-COLLINS,normalized_full_name,12.503399558870576,12.503399558870576,,15.415400655785596,8.467571942866076,16.539227174875077,state_ticket_vote_weighted,1.0,meaningful,-12.503399558870576,-12.503399558870576,,-15.415400655785596,-16.539227174875077,-8.467571942866076,-6.169921957856439,3,0.6,-3.7019531747138634
2014,house,10,D,314.0,Means,official_consolidated_candidate_results,ALPERSON-MEANS,AL-2014-house-10-D-MEANS,0,0,MEANS,False,UNRESOLVED-AL-2014-house-10-D-MEANS,surname_only_unresolved_race_specific,-54.70664612230849,-54.70664612230849,,-67.09962370849237,-76.88243676326418,-32.5308554813528,state_ticket_vote_weighted,1.0,nominal,-54.70664612230849,-54.70664612230849,,-67.09962370849237,-76.88243676326418,-32.5308554813528,-54.70664612230849,1,0.3333333333333333,-18.235548707436163
2014,house,10,R,9256.0,Mike Ball,official_consolidated_candidate_results,ALPERSON-MIKE-BALL,AL-2014-house-10-R-MIKE-BALL,1,1,MIKE BALL,False,ALNAME-MIKE-BALL,normalized_full_name,-54.70664612230849,-54.70664612230849,,-67.09962370849237,-76.88243676326418,-32.5308554813528,state_ticket_vote_weighted,1.0,nominal,54.70664612230849,54.70664612230849,,67.09962370849237,32.5308554813528,76.88243676326418,30.142205539531204,2,0.5,15.071102769765602
2014,house,16,D,3430.0,Daniel H. Boman,official_consolidated_candidate_results,ALPERSON-DANIEL-H-BOMAN,AL-2014-house-16-D-DANIEL-H-BOMAN,1,0,DANIEL H BOMAN,False,ALNAME-DANIEL-H-BOMAN,normalized_full_name,-3.23651646282719,-3.23651646282719,15.575406396191354,-4.237755990455128,-25.11273206935864,18.63969914370426,state_ticket_vote_weighted,1.0,meaningful,-3.23651646282719,-3.23651646282719,15.575406396191354,-4.237755990455128,-25.11273206935864,18.63969914370426,-16.66519385718011,2,0.5,-8.332596928590055
2014,house,16,R,10467.0,Kyle South,official_consolidated_candidate_results,ALPERSON-KYLE-SOUTH,AL-2014-house-16-R-KYLE-SOUTH,0,1,KYLE SOUTH,False,ALNAME-KYLE-SOUTH,normalized_full_name,-3.23651646282719,-3.23651646282719,15.575406396191354,-4.237755990455128,-25.11273206935864,18.63969914370426,state_ticket_vote_weighted,1.0,meaningful,3.23651646282719,3.23651646282719,-15.575406396191354,4.237755990455128,-18.63969914370426,25.11273206935864,3.23651646282719,1,0.3333333333333333,1.0788388209423965
2014,house,17,D,4027.0,Don Barnwell,official_consolidated_candidate_results,ALPERSON-DON-BARNWELL,AL-2014-house-17-D-DON-BARNWELL,0,0,DON BARNWELL,False,ALNAME-DON-BARNWELL,normalized_full_name,12.425536385091767,12.425536385091767,,29.72055751480444,-11.544139989213765,36.395212759397296,state_ticket_vote_weighted,1.0,meaningful,12.425536385091767,12.425536385091767,,29.72055751480444,-11.544139989213765,36.395212759397296,12.425536385091767,1,0.3333333333333333,4.1418454616972555
2014,house,17,R,7854.0,Mike Millican,official_consolidated_candidate_results,ALPERSON-MIKE-MILLICAN,AL-2014-house-17-R-MIKE-MILLICAN,1,1,MIKE MILLICAN,False,ALNAME-MIKE-MILLICAN,normalized_full_name,12.425536385091767,12.425536385091767,,29.72055751480444,-11.544139989213765,36.395212759397296,state_ticket_vote_weighted,1.0,meaningful,-12.425536385091767,-12.425536385091767,,-29.72055751480444,-36.395212759397296,11.544139989213765,11.874335447530232,2,0.5,5.937167723765116
2014,house,18,D,6700.0,Johnny MacK Morrow,official_consolidated_candidate_results,ALPERSON-JOHNNY-MACK-MORROW,AL-2014-house-18-D-JOHNNY-MACK-MORROW,1,1,JOHNNY MACK MORROW,False,ALNAME-JOHNNY-MACK-MORROW,normalized_full_name,44.04059216936951,44.04059216936951,,56.03256218211908,27.42056967039965,60.66061466833937,state_ticket_vote_weighted,1.0,meaningful,44.04059216936951,44.04059216936951,,56.03256218211908,27.42056967039965,60.66061466833937,34.47673772828458,2,0.5,17.23836886414229
2014,house,18,R,4559.0,Gerry Wallace,official_consolidated_candidate_results,ALPERSON-GERRY-WALLACE,AL-2014-house-18-R-GERRY-WALLACE,0,0,GERRY WALLACE,False,ALNAME-GERRY-WALLACE,normalized_full_name,44.04059216936951,44.04059216936951,,56.03256218211908,27.42056967039965,60.66061466833937,state_ticket_vote_weighted,1.0,meaningful,-44.04059216936951,-44.04059216936951,,-56.03256218211908,-60.66061466833937,-27.42056967039965,-44.04059216936951,1,0.3333333333333333,-14.680197389789836
2014,house,21,D,4558.0,C. Terry Jones,official_consolidated_candidate_results,ALPERSON-C-TERRY-JONES,AL-2014-house-21-D-C-TERRY-JONES,0,0,C TERRY JONES,False,ALNAME-C-TERRY-JONES,normalized_full_name,3.543181047648474,3.543181047648474,,-2.2799773872922557,-4.527304794201182,11.61366688949813,state_ticket_vote_weighted,1.0,meaningful,3.543181047648474,3.543181047648474,,-2.2799773872922557,-4.527304794201182,11.61366688949813,3.543181047648474,1,0.3333333333333333,1.181060349216158
2014,house,21,R,9428.0,Jim Patterson,official_consolidated_candidate_results,ALPERSON-JIM-PATTERSON,AL-2014-house-21-R-JIM-PATTERSON,1,1,JIM PATTERSON,False,ALNAME-JIM-PATTERSON,normalized_full_name,3.543181047648474,3.543181047648474,,-2.2799773872922557,-4.527304794201182,11.61366688949813,state_ticket_vote_weighted,1.0,meaningful,-3.543181047648474,-3.543181047648474,,2.2799773872922557,-11.61366688949813,4.527304794201182,-9.556788858676757,2,0.5,-4.778394429338379
2014,house,22,D,2998.0,Dennis W. Stephens,official_consolidated_candidate_results,ALPERSON-DENNIS-W-STEPHENS,AL-2014-house-22-D-DENNIS-W-STEPHENS,0,0,DENNIS W STEPHENS,False,ALNAME-DENNIS-W-STEPHENS,normalized_full_name,3.8652675014719406,3.8652675014719406,,-6.196910587850098,-10.08019984504203,17.810734847985913,state_ticket_vote_weighted,1.0,meaningful,3.8652675014719406,3.8652675014719406,,-6.196910587850098,-10.08019984504203,17.810734847985913,3.8652675014719406,1,0.3333333333333333,1.2884225004906469
2014,house,22,R,8688.0,Ritchie Whorton,official_consolidated_candidate_results,ALPERSON-RITCHIE-WHORTON,AL-2014-house-22-R-RITCHIE-WHORTON,0,1,RITCHIE WHORTON,False,ALNAME-RITCHIE-WHORTON,normalized_full_name,3.8652675014719406,3.8652675014719406,,-6.196910587850098,-10.08019984504203,17.810734847985913,state_ticket_vote_weighted,1.0,meaningful,-3.8652675014719406,-3.8652675014719406,,6.196910587850098,-17.810734847985913,10.08019984504203,-3.8652675014719406,1,0.3333333333333333,-1.2884225004906469
2014,house,23,D,4139.0,John Robinson,official_consolidated_candidate_results,ALPERSON-JOHN-ROBINSON,AL-2014-house-23-D-JOHN-ROBINSON,1,0,JOHN ROBINSON,False,ALNAME-JOHN-ROBINSON,normalized_full_name,21.137766056201997,21.137766056201997,,26.848836039699748,13.222626882404079,29.052905229999915,state_ticket_vote_weighted,1.0,meaningful,21.137766056201997,21.137766056201997,,26.848836039699748,13.222626882404079,29.052905229999915,21.137766056201997,1,0.3333333333333333,7.045922018733998
2014,house,23,R,5493.0,"James T. ""Tommy"" Hanes Jr.",official_consolidated_candidate_results,ALPERSON-JAMES-T-TOMMY-HANES-JR,AL-2014-house-23-R-JAMES-T-TOMMY-HANES-JR,0,1,JAMES T TOMMY HANES,False,ALNAME-JAMES-T-TOMMY-HANES,normalized_full_name,21.137766056201997,21.137766056201997,,26.848836039699748,13.222626882404079,29.052905229999915,state_ticket_vote_weighted,1.0,meaningful,-21.137766056201997,-21.137766056201997,,-26.848836039699748,-29.052905229999915,-13.222626882404079,-21.137766056201997,1,0.3333333333333333,-7.045922018733998
2014,house,24,D,4338.0,Beddingfield,official_consolidated_candidate_results,ALPERSON-BEDDINGFIELD,AL-2014-house-24-D-BEDDINGFIELD,0,0,BEDDINGFIELD,False,UNRESOLVED-AL-2014-house-24-D-BEDDINGFIELD,surname_only_unresolved_race_specific,23.040313401928298,23.040313401928298,,32.90396669615592,9.369987383950395,36.7106394199062,state_ticket_vote_weighted,1.0,meaningful,23.040313401928298,23.040313401928298,,32.90396669615592,9.369987383950395,36.7106394199062,23.040313401928298,1,0.3333333333333333,7.680104467309432
2014,house,24,R,6877.0,Ledbetter,official_consolidated_candidate_results,ALPERSON-LEDBETTER,AL-2014-house-24-R-LEDBETTER,0,1,LEDBETTER,False,UNRESOLVED-AL-2014-house-24-R-LEDBETTER,surname_only_unresolved_race_specific,23.040313401928298,23.040313401928298,,32.90396669615592,9.369987383950395,36.7106394199062,state_ticket_vote_weighted,1.0,meaningful,-23.040313401928298,-23.040313401928298,,-32.90396669615592,-36.7106394199062,-9.369987383950395,-23.040313401928298,1,0.3333333333333333,-7.680104467309432
2014,house,27,D,4856.0,Jeff McLaughlin,official_consolidated_candidate_results,ALPERSON-JEFF-MCLAUGHLIN,AL-2014-house-27-D-JEFF-MCLAUGHLIN,0,0,JEFF MCLAUGHLIN,False,ALNAME-JEFF-MCLAUGHLIN,normalized_full_name,40.191129636244966,40.191129636244966,59.00705921481966,42.8929765369018,20.251033840031646,60.13122543245829,state_ticket_vote_weighted,1.0,meaningful,40.191129636244966,40.191129636244966,59.00705921481966,42.8929765369018,20.251033840031646,60.13122543245829,38.668715481606924,2,0.5,19.334357740803462
2014,house,27,R,6996.0,Will Ainsworth,official_consolidated_candidate_results,ALPERSON-WILL-AINSWORTH,AL-2014-house-27-R-WILL-AINSWORTH,0,1,WILL AINSWORTH,False,ALNAME-WILL-AINSWORTH,normalized_full_name,40.191129636244966,40.191129636244966,59.00705921481966,42.8929765369018,20.251033840031646,60.13122543245829,state_ticket_vote_weighted,1.0,meaningful,-40.191129636244966,-40.191129636244966,-59.00705921481966,-42.8929765369018,-60.13122543245829,-20.251033840031646,-40.191129636244966,1,0.3333333333333333,-13.397043212081655
2014,house,28,D,6827.0,Craig Ford,official_consolidated_candidate_results,ALPERSON-CRAIG-FORD,AL-2014-house-28-D-CRAIG-FORD,1,1,CRAIG FORD,False,ALNAME-CRAIG-FORD,normalized_full_name,28.290050456914603,28.290050456914603,,50.05268102442159,-1.871416698539388,58.45151761236859,state_ticket_vote_weighted,1.0,meaningful,28.290050456914603,28.290050456914603,,50.05268102442159,-1.871416698539388,58.45151761236859,29.930470722683687,2,0.5,14.965235361341843
2014,house,28,R,3704.0,Doug Sherrod,official_consolidated_candidate_results,ALPERSON-DOUG-SHERROD,AL-2014-house-28-R-DOUG-SHERROD,0,0,DOUG SHERROD,False,ALNAME-DOUG-SHERROD,normalized_full_name,28.290050456914603,28.290050456914603,,50.05268102442159,-1.871416698539388,58.45151761236859,state_ticket_vote_weighted,1.0,meaningful,-28.290050456914603,-28.290050456914603,,-50.05268102442159,-58.45151761236859,1.871416698539388,-28.290050456914603,1,0.3333333333333333,-9.430016818971534
2014,house,29,D,4476.0,Michael J. Gladden,official_consolidated_candidate_results,ALPERSON-MICHAEL-J-GLADDEN,AL-2014-house-29-D-MICHAEL-J-GLADDEN,1,0,MICHAEL J GLADDEN,False,ALNAME-MICHAEL-J-GLADDEN,normalized_full_name,10.604909770371854,10.604909770371854,13.441503636219728,20.488420373169454,0.6304198271215409,20.579399713622166,state_ticket_vote_weighted,1.0,meaningful,10.604909770371854,10.604909770371854,13.441503636219728,20.488420373169454,0.6304198271215409,20.579399713622166,10.604909770371854,1,0.3333333333333333,3.5349699234572847
2014,house,29,R,8785.0,Becky Nordgren,official_consolidated_candidate_results,ALPERSON-BECKY-NORDGREN,AL-2014-house-29-R-BECKY-NORDGREN,1,1,BECKY NORDGREN,False,ALNAME-BECKY-NORDGREN,normalized_full_name,10.604909770371854,10.604909770371854,13.441503636219728,20.488420373169454,0.6304198271215409,20.579399713622166,state_ticket_vote_weighted,1.0,meaningful,-10.604909770371854,-10.604909770371854,-13.441503636219728,-20.488420373169454,-20.579399713622166,-0.6304198271215409,-6.770509311583403,3,0.6,-4.062305586950042
2014,house,33,D,2748.0,Anthony Zachero,official_consolidated_candidate_results,ALPERSON-ANTHONY-ZACHERO,AL-2014-house-33-D-ANTHONY-ZACHERO,0,0,ANTHONY ZACHERO,False,ALNAME-ANTHONY-ZACHERO,normalized_full_name,-23.732828394006468,-23.732828394006468,-10.590843076568042,-32.887513470616426,-45.699720911485045,-1.7659358765278945,state_ticket_vote_weighted,1.0,meaningful,-23.732828394006468,-23.732828394006468,-10.590843076568042,-32.887513470616426,-45.699720911485045,-1.7659358765278945,-23.732828394006468,1,0.3333333333333333,-7.910942798002155
2014,house,33,R,8343.0,Ron Johnson,official_consolidated_candidate_results,ALPERSON-RON-JOHNSON,AL-2014-house-33-R-RON-JOHNSON,1,1,RON JOHNSON,False,ALNAME-RON-JOHNSON,normalized_full_name,-23.732828394006468,-23.732828394006468,-10.590843076568042,-32.887513470616426,-45.699720911485045,-1.7659358765278945,state_ticket_vote_weighted,1.0,meaningful,23.732828394006468,23.732828394006468,10.590843076568042,32.887513470616426,1.7659358765278945,45.699720911485045,17.940730997873526,3,0.6,10.764438598724116
2014,house,37,D,5518.0,Josh Burns,official_consolidated_candidate_results,ALPERSON-JOSH-BURNS,AL-2014-house-37-D-JOSH-BURNS,0,0,JOSH BURNS,False,ALNAME-JOSH-BURNS,normalized_full_name,19.152998891612672,19.152998891612672,29.305508205073192,23.08114352848145,9.11907242132312,29.186925361902226,state_ticket_vote_weighted,1.0,meaningful,19.152998891612672,19.152998891612672,29.305508205073192,23.08114352848145,9.11907242132312,29.186925361902226,19.152998891612672,1,0.3333333333333333,6.38433296387089
2014,house,37,R,5949.0,Bob Fincher,official_consolidated_candidate_results,ALPERSON-BOB-FINCHER,AL-2014-house-37-R-BOB-FINCHER,0,1,BOB FINCHER,False,ALNAME-BOB-FINCHER,normalized_full_name,19.152998891612672,19.152998891612672,29.305508205073192,23.08114352848145,9.11907242132312,29.186925361902226,state_ticket_vote_weighted,1.0,meaningful,-19.152998891612672,-19.152998891612672,-29.305508205073192,-23.08114352848145,-29.186925361902226,-9.11907242132312,-13.703297095317652,3,0.6,-8.22197825719059
2014,house,39,D,7786.0,Richard Lindsey,official_consolidated_candidate_results,ALPERSON-RICHARD-LINDSEY,AL-2014-house-39-D-RICHARD-LINDSEY,1,1,RICHARD LINDSEY,False,ALNAME-RICHARD-LINDSEY,normalized_full_name,56.575758134053586,56.575758134053586,67.61164173963289,69.51059109458942,42.88596981311265,70.26554645499452,state_ticket_vote_weighted,1.0,meaningful,56.575758134053586,56.575758134053586,67.61164173963289,69.51059109458942,42.88596981311265,70.26554645499452,50.68754680099258,2,0.5,25.34377340049629
2014,house,39,R,5928.0,Heath Jones,official_consolidated_candidate_results,ALPERSON-HEATH-JONES,AL-2014-house-39-R-HEATH-JONES,0,0,HEATH JONES,False,ALNAME-HEATH-JONES,normalized_full_name,56.575758134053586,56.575758134053586,67.61164173963289,69.51059109458942,42.88596981311265,70.26554645499452,state_ticket_vote_weighted,1.0,meaningful,-56.575758134053586,-56.575758134053586,-67.61164173963289,-69.51059109458942,-70.26554645499452,-42.88596981311265,-56.575758134053586,1,0.3333333333333333,-18.85858604468453
2014,house,40,D,9105.0,Copeland,official_consolidated_candidate_results,ALPERSON-COPELAND,AL-2014-house-40-D-COPELAND,0,0,COPELAND,False,UNRESOLVED-AL-2014-house-40-D-COPELAND,surname_only_unresolved_race_specific,-10.986666742110707,-10.986666742110707,-0.7956348494117478,-3.9585774429617615,-21.21051022004501,-0.7628232641764061,state_ticket_vote_weighted,1.0,meaningful,-10.986666742110707,-10.986666742110707,-0.7956348494117478,-3.9585774429617615,-21.21051022004501,-0.7628232641764061,-10.986666742110707,1,0.3333333333333333,-3.6622222473702353
2014,house,40,R,22356.0,Brown,official_consolidated_candidate_results,ALPERSON-BROWN,AL-2014-house-40-R-BROWN,0,1,BROWN,False,UNRESOLVED-AL-2014-house-40-R-BROWN,surname_only_unresolved_race_specific,-10.986666742110707,-10.986666742110707,-0.7956348494117478,-3.9585774429617615,-21.21051022004501,-0.7628232641764061,state_ticket_vote_weighted,1.0,meaningful,10.986666742110707,10.986666742110707,0.7956348494117478,3.9585774429617615,0.7628232641764061,21.21051022004501,10.986666742110707,1,0.3333333333333333,3.6622222473702353
2014,house,47,D,2642.0,Salvatore Bambinelli,official_consolidated_candidate_results,ALPERSON-SALVATORE-BAMBINELLI,AL-2014-house-47-D-SALVATORE-BAMBINELLI,0,0,SALVATORE BAMBINELLI,False,ALNAME-SALVATORE-BAMBINELLI,normalized_full_name,-6.709248276423558,-6.709248276423558,-3.3270623742209082,-55.43570803140361,-63.858279767802266,50.43978321495515,state_ticket_vote_weighted,1.0,meaningful,-6.709248276423558,-6.709248276423558,-3.3270623742209082,-55.43570803140361,-63.858279767802266,50.43978321495515,-6.709248276423558,1,0.3333333333333333,-2.236416092141186
2014,house,47,R,7073.0,Jack Williams,official_consolidated_candidate_results,ALPERSON-JACK-WILLIAMS,AL-2014-house-47-R-JACK-WILLIAMS,1,1,JACK WILLIAMS,True,ALNAME-JACK-WILLIAMS-HOUSE-47,same_cycle_name_collision_split,-6.709248276423558,-6.709248276423558,-3.3270623742209082,-55.43570803140361,-63.858279767802266,50.43978321495515,state_ticket_vote_weighted,1.0,meaningful,6.709248276423558,6.709248276423558,3.3270623742209082,55.43570803140361,-50.43978321495515,63.858279767802266,6.709248276423558,1,0.3333333333333333,2.236416092141186
2014,house,52,D,7305.0,John W. Rogers  Jr.,official_consolidated_candidate_results,ALPERSON-JOHN-W-ROGERS-JR,AL-2014-house-52-D-JOHN-W-ROGERS-JR,1,1,JOHN W ROGERS,False,ALNAME-JOHN-W-ROGERS,normalized_full_name,-1.9957588711008398,-1.9957588711008398,94.86417140315936,37.54515826483478,-97.44997068010923,93.45845293790757,state_ticket_vote_weighted,1.0,meaningful,-1.9957588711008398,-1.9957588711008398,94.86417140315936,37.54515826483478,-97.44997068010923,93.45845293790757,-1.9957588711008398,1,0.3333333333333333,-0.6652529570336132
2014,house,52,R,2207.0,Phillip Bahakel,official_consolidated_candidate_results,ALPERSON-PHILLIP-BAHAKEL,AL-2014-house-52-R-PHILLIP-BAHAKEL,0,0,PHILLIP BAHAKEL,False,ALNAME-PHILLIP-BAHAKEL,normalized_full_name,-1.9957588711008398,-1.9957588711008398,94.86417140315936,37.54515826483478,-97.44997068010923,93.45845293790757,state_ticket_vote_weighted,1.0,meaningful,1.9957588711008398,1.9957588711008398,-94.86417140315936,-37.54515826483478,-93.45845293790757,97.44997068010923,1.9957588711008398,1,0.3333333333333333,0.6652529570336132
2014,house,53,D,4166.0,Anthony Daniels,official_consolidated_candidate_results,ALPERSON-ANTHONY-DANIELS,AL-2014-house-53-D-ANTHONY-DANIELS,0,1,ANTHONY DANIELS,False,ALNAME-ANTHONY-DANIELS,normalized_full_name,26.81234497490118,26.81234497490118,,37.74222852204114,11.664299218327777,41.96039073147458,state_ticket_vote_weighted,1.0,meaningful,26.81234497490118,26.81234497490118,,37.74222852204114,11.664299218327777,41.96039073147458,26.81234497490118,1,0.3333333333333333,8.93744832496706
2014,house,53,R,1190.0,Christopher Horn,official_consolidated_candidate_results,ALPERSON-CHRISTOPHER-HORN,AL-2014-house-53-R-CHRISTOPHER-HORN,0,0,CHRISTOPHER HORN,False,ALNAME-CHRISTOPHER-HORN,normalized_full_name,26.81234497490118,26.81234497490118,,37.74222852204114,11.664299218327777,41.96039073147458,state_ticket_vote_weighted,1.0,meaningful,-26.81234497490118,-26.81234497490118,,-37.74222852204114,-41.96039073147458,-11.664299218327777,-26.81234497490118,1,0.3333333333333333,-8.93744832496706
2014,house,56,D,7960.0,Louise Alexander,official_consolidated_candidate_results,ALPERSON-LOUISE-ALEXANDER,AL-2014-house-56-D-LOUISE-ALEXANDER,0,1,LOUISE ALEXANDER,False,ALNAME-LOUISE-ALEXANDER,normalized_full_name,-3.022617070504822,-3.022617070504822,75.82794958693638,25.893659310990053,-81.20588551049205,75.16065136948241,state_ticket_vote_weighted,1.0,meaningful,-3.022617070504822,-3.022617070504822,75.82794958693638,25.893659310990053,-81.20588551049205,75.16065136948241,-3.022617070504822,1,0.3333333333333333,-1.0075390235016073
2014,house,56,R,3680.0,Darius Foster,official_consolidated_candidate_results,ALPERSON-DARIUS-FOSTER,AL-2014-house-56-R-DARIUS-FOSTER,0,0,DARIUS FOSTER,False,ALNAME-DARIUS-FOSTER,normalized_full_name,-3.022617070504822,-3.022617070504822,75.82794958693638,25.893659310990053,-81.20588551049205,75.16065136948241,state_ticket_vote_weighted,1.0,meaningful,3.022617070504822,3.022617070504822,-75.82794958693638,-25.893659310990053,-75.16065136948241,81.20588551049205,3.022617070504822,1,0.3333333333333333,1.0075390235016073
2014,house,69,D,9396.0,Kelvin J. Lawrence,official_consolidated_candidate_results,ALPERSON-KELVIN-J-LAWRENCE,AL-2014-house-69-D-KELVIN-J-LAWRENCE,0,1,KELVIN J LAWRENCE,False,ALNAME-KELVIN-J-LAWRENCE,normalized_full_name,-3.985008212742059,-3.985008212742059,42.35526202327489,17.484476268307894,-49.4392309275867,41.46921450210258,state_ticket_vote_weighted,1.0,meaningful,-3.985008212742059,-3.985008212742059,42.35526202327489,17.484476268307894,-49.4392309275867,41.46921450210258,-3.985008212742059,1,0.3333333333333333,-1.3283360709140197
2014,house,69,R,4340.0,Loretta G. Grant,official_consolidated_candidate_results,ALPERSON-LORETTA-G-GRANT,AL-2014-house-69-R-LORETTA-G-GRANT,0,0,LORETTA G GRANT,False,ALNAME-LORETTA-G-GRANT,normalized_full_name,-3.985008212742059,-3.985008212742059,42.35526202327489,17.484476268307894,-49.4392309275867,41.46921450210258,state_ticket_vote_weighted,1.0,meaningful,3.985008212742059,3.985008212742059,-42.35526202327489,-17.484476268307894,-41.46921450210258,49.4392309275867,3.985008212742059,1,0.3333333333333333,1.3283360709140197
2014,house,74,D,3621.0,Zack Buckner,official_consolidated_candidate_results,ALPERSON-ZACK-BUCKNER,AL-2014-house-74-D-ZACK-BUCKNER,0,0,ZACK BUCKNER,False,ALNAME-ZACK-BUCKNER,normalized_full_name,-25.336296057215563,-25.336296057215563,-9.206785150486766,,-47.69065767438137,-2.9819344400497556,state_ticket_vote_weighted,1.0,meaningful,-25.336296057215563,-25.336296057215563,-9.206785150486766,,-47.69065767438137,-2.9819344400497556,-25.336296057215563,1,0.3333333333333333,-8.445432019071854
2014,house,74,R,9481.0,Dimitri Polizos,official_consolidated_candidate_results,ALPERSON-DIMITRI-POLIZOS,AL-2014-house-74-R-DIMITRI-POLIZOS,0,1,DIMITRI POLIZOS,False,ALNAME-DIMITRI-POLIZOS,normalized_full_name,-25.336296057215563,-25.336296057215563,-9.206785150486766,,-47.69065767438137,-2.9819344400497556,state_ticket_vote_weighted,1.0,meaningful,25.336296057215563,25.336296057215563,9.206785150486766,,2.9819344400497556,47.69065767438137,20.281761828975572,2,0.5,10.140880914487786
2014,house,77,D,6891.0,John Knight,official_consolidated_candidate_results,ALPERSON-JOHN-KNIGHT,AL-2014-house-77-D-JOHN-KNIGHT,1,1,JOHN KNIGHT,False,ALNAME-JOHN-KNIGHT,normalized_full_name,-2.259659388247428,-2.259659388247428,19.50640936547629,,-32.42589162668753,27.906572850192678,state_ticket_vote_weighted,1.0,meaningful,-2.259659388247428,-2.259659388247428,19.50640936547629,,-32.42589162668753,27.906572850192678,-2.259659388247428,1,0.3333333333333333,-0.753219796082476
2014,house,77,R,3775.0,David Grimes,official_consolidated_candidate_results,ALPERSON-DAVID-GRIMES,AL-2014-house-77-R-DAVID-GRIMES,0,0,DAVID GRIMES,False,ALNAME-DAVID-GRIMES,normalized_full_name,-2.259659388247428,-2.259659388247428,19.50640936547629,,-32.42589162668753,27.906572850192678,state_ticket_vote_weighted,1.0,meaningful,2.259659388247428,2.259659388247428,-19.50640936547629,,-27.906572850192678,32.42589162668753,3.4949360022672056,3,0.6,2.096961601360323
2014,house,78,D,6998.0,Alvin Holmes,official_consolidated_candidate_results,ALPERSON-ALVIN-HOLMES,AL-2014-house-78-D-ALVIN-HOLMES,1,1,ALVIN HOLMES,False,ALNAME-ALVIN-HOLMES,normalized_full_name,-17.41803650133116,-17.41803650133116,3.6576719716106467,,-46.62747820520589,11.791405202543576,state_ticket_vote_weighted,1.0,meaningful,-17.41803650133116,-17.41803650133116,3.6576719716106467,,-46.62747820520589,11.791405202543576,-17.41803650133116,1,0.3333333333333333,-5.806012167110386
2014,house,78,R,2637.0,Tijuanna Adetunji,official_consolidated_candidate_results,ALPERSON-TIJUANNA-ADETUNJI,AL-2014-house-78-R-TIJUANNA-ADETUNJI,0,0,TIJUANNA ADETUNJI,False,ALNAME-TIJUANNA-ADETUNJI,normalized_full_name,-17.41803650133116,-17.41803650133116,3.6576719716106467,,-46.62747820520589,11.791405202543576,state_ticket_vote_weighted,1.0,meaningful,17.41803650133116,17.41803650133116,-3.6576719716106467,,-11.791405202543576,46.62747820520589,17.41803650133116,1,0.3333333333333333,5.806012167110386
2014,house,79,D,3535.0,Shirley Scott-Harris,official_consolidated_candidate_results,ALPERSON-SHIRLEY-SCOTT-HARRIS,AL-2014-house-79-D-SHIRLEY-SCOTT-HARRIS,0,0,SHIRLEY SCOTT HARRIS,False,ALNAME-SHIRLEY-SCOTT-HARRIS,normalized_full_name,-2.286549564214365,-2.286549564214365,9.048285566238516,3.2210555480638376,-13.396160006495178,8.823060878066448,state_ticket_vote_weighted,1.0,meaningful,-2.286549564214365,-2.286549564214365,9.048285566238516,3.2210555480638376,-13.396160006495178,8.823060878066448,-2.286549564214365,1,0.3333333333333333,-0.7621831880714549
2014,house,79,R,5136.0,Mike Hubbard,official_consolidated_candidate_results,ALPERSON-MIKE-HUBBARD,AL-2014-house-79-R-MIKE-HUBBARD,1,1,MIKE HUBBARD,False,ALNAME-MIKE-HUBBARD,normalized_full_name,-2.286549564214365,-2.286549564214365,9.048285566238516,3.2210555480638376,-13.396160006495178,8.823060878066448,state_ticket_vote_weighted,1.0,meaningful,2.286549564214365,2.286549564214365,-9.048285566238516,-3.2210555480638376,-8.823060878066448,13.396160006495178,-5.292719911999093,2,0.5,-2.6463599559995465
2014,house,80,D,2240.0,Tillman Pugh,official_consolidated_candidate_results,ALPERSON-TILLMAN-PUGH,AL-2014-house-80-D-TILLMAN-PUGH,0,0,TILLMAN PUGH,False,ALNAME-TILLMAN-PUGH,normalized_full_name,-2.6017304345287684,-2.6017304345287684,2.9323510486838487,-16.42257120254179,-22.140461647579293,16.937000778521757,state_ticket_vote_weighted,1.0,meaningful,-2.6017304345287684,-2.6017304345287684,2.9323510486838487,-16.42257120254179,-22.140461647579293,16.937000778521757,-2.6017304345287684,1,0.3333333333333333,-0.8672434781762561
2014,house,80,R,4702.0,Lesley Vance,official_consolidated_candidate_results,ALPERSON-LESLEY-VANCE,AL-2014-house-80-R-LESLEY-VANCE,1,1,LESLEY VANCE,False,ALNAME-LESLEY-VANCE,normalized_full_name,-2.6017304345287684,-2.6017304345287684,2.9323510486838487,-16.42257120254179,-22.140461647579293,16.937000778521757,state_ticket_vote_weighted,1.0,meaningful,2.6017304345287684,2.6017304345287684,-2.9323510486838487,16.42257120254179,-16.937000778521757,22.140461647579293,20.290031436819493,3,0.6,12.174018862091696
2014,house,81,D,4352.0,Dylan V. Oliver,official_consolidated_candidate_results,ALPERSON-DYLAN-V-OLIVER,AL-2014-house-81-D-DYLAN-V-OLIVER,0,0,DYLAN V OLIVER,False,ALNAME-DYLAN-V-OLIVER,normalized_full_name,0.1580079825183276,0.1580079825183276,13.57303201397881,0.41857442734460193,-14.877260033751252,15.193275998787907,state_ticket_vote_weighted,1.0,meaningful,0.1580079825183276,0.1580079825183276,13.57303201397881,0.41857442734460193,-14.877260033751252,15.193275998787907,0.1580079825183276,1,0.3333333333333333,0.0526693275061092
2014,house,81,R,9119.0,Mark M. Tuggle,official_consolidated_candidate_results,ALPERSON-MARK-M-TUGGLE,AL-2014-house-81-R-MARK-M-TUGGLE,1,1,MARK M TUGGLE,False,ALNAME-MARK-M-TUGGLE,normalized_full_name,0.1580079825183276,0.1580079825183276,13.57303201397881,0.41857442734460193,-14.877260033751252,15.193275998787907,state_ticket_vote_weighted,1.0,meaningful,-0.1580079825183276,-0.1580079825183276,-13.57303201397881,-0.41857442734460193,-15.193275998787907,14.877260033751252,-2.765843018612082,2,0.5,-1.382921509306041
2014,house,83,D,5257.0,"George ""Tootie"" Bandy",official_consolidated_candidate_results,ALPERSON-GEORGE-TOOTIE-BANDY,AL-2014-house-83-D-GEORGE-TOOTIE-BANDY,1,1,GEORGE TOOTIE BANDY,False,ALNAME-GEORGE-TOOTIE-BANDY,normalized_full_name,7.185602166738327,7.185602166738327,13.660901412384789,20.299778177343526,-5.666623577693912,20.037827911170567,state_ticket_vote_weighted,1.0,meaningful,7.185602166738327,7.185602166738327,13.660901412384789,20.299778177343526,-5.666623577693912,20.037827911170567,7.185602166738327,1,0.3333333333333333,2.395200722246109
2014,house,83,R,2752.0,Gary Head,official_consolidated_candidate_results,ALPERSON-GARY-HEAD,AL-2014-house-83-R-GARY-HEAD,0,0,GARY HEAD,False,ALNAME-GARY-HEAD,normalized_full_name,7.185602166738327,7.185602166738327,13.660901412384789,20.299778177343526,-5.666623577693912,20.037827911170567,state_ticket_vote_weighted,1.0,meaningful,-7.185602166738327,-7.185602166738327,-13.660901412384789,-20.299778177343526,-20.037827911170567,5.666623577693912,-7.185602166738327,1,0.3333333333333333,-2.395200722246109
2014,house,84,D,7365.0,Berry Forte,official_consolidated_candidate_results,ALPERSON-BERRY-FORTE,AL-2014-house-84-D-BERRY-FORTE,1,1,BERRY FORTE,False,ALNAME-BERRY-FORTE,normalized_full_name,-0.16087878595898886,-0.16087878595898886,8.443326109895796,20.019657334083476,-20.009170580474684,19.687413008556707,state_ticket_vote_weighted,1.0,meaningful,-0.16087878595898886,-0.16087878595898886,8.443326109895796,20.019657334083476,-20.009170580474684,19.687413008556707,0.610755397372202,2,0.5,0.305377698686101
2014,house,84,R,4316.0,Jerry A. McGilvray,official_consolidated_candidate_results,ALPERSON-JERRY-A-MCGILVRAY,AL-2014-house-84-R-JERRY-A-MCGILVRAY,0,0,JERRY A MCGILVRAY,False,ALNAME-JERRY-A-MCGILVRAY,normalized_full_name,-0.16087878595898886,-0.16087878595898886,8.443326109895796,20.019657334083476,-20.009170580474684,19.687413008556707,state_ticket_vote_weighted,1.0,meaningful,0.16087878595898886,0.16087878595898886,-8.443326109895796,-20.019657334083476,-19.687413008556707,20.009170580474684,0.16087878595898886,1,0.3333333333333333,0.05362626198632962
2014,house,85,D,5777.0,Dexter Grimsley,official_consolidated_candidate_results,ALPERSON-DEXTER-GRIMSLEY,AL-2014-house-85-D-DEXTER-GRIMSLEY,1,1,DEXTER GRIMSLEY,False,ALNAME-DEXTER-GRIMSLEY,normalized_full_name,35.26186708644007,35.26186708644007,50.28691369572722,58.965064166593336,11.756791327433334,58.766942845446806,state_ticket_vote_weighted,1.0,meaningful,35.26186708644007,35.26186708644007,50.28691369572722,58.965064166593336,11.756791327433334,58.766942845446806,17.07397718563143,3,0.6,10.24438631137886
2014,house,85,R,3405.0,Bobby Lewis,official_consolidated_candidate_results,ALPERSON-BOBBY-LEWIS,AL-2014-house-85-R-BOBBY-LEWIS,0,0,BOBBY LEWIS,False,ALNAME-BOBBY-LEWIS,normalized_full_name,35.26186708644007,35.26186708644007,50.28691369572722,58.965064166593336,11.756791327433334,58.766942845446806,state_ticket_vote_weighted,1.0,meaningful,-35.26186708644007,-35.26186708644007,-50.28691369572722,-58.965064166593336,-58.766942845446806,-11.756791327433334,-35.26186708644007,1,0.3333333333333333,-11.753955695480023
2014,house,89,D,5436.0,Joel Lee Williams,official_consolidated_candidate_results,ALPERSON-JOEL-LEE-WILLIAMS,AL-2014-house-89-D-JOEL-LEE-WILLIAMS,0,0,JOEL LEE WILLIAMS,False,ALNAME-JOEL-LEE-WILLIAMS,normalized_full_name,14.011246992029344,14.011246992029344,32.10488424152935,19.576245655916896,-4.152988967346518,32.17548295140521,state_ticket_vote_weighted,1.0,meaningful,14.011246992029344,14.011246992029344,32.10488424152935,19.576245655916896,-4.152988967346518,32.17548295140521,9.346657507785775,2,0.5,4.673328753892887
2014,house,89,R,5519.0,Alan C. Boothe,official_consolidated_candidate_results,ALPERSON-ALAN-C-BOOTHE,AL-2014-house-89-R-ALAN-C-BOOTHE,1,1,ALAN C BOOTHE,False,ALNAME-ALAN-C-BOOTHE,normalized_full_name,14.011246992029344,14.011246992029344,32.10488424152935,19.576245655916896,-4.152988967346518,32.17548295140521,state_ticket_vote_weighted,1.0,meaningful,-14.011246992029344,-14.011246992029344,-32.10488424152935,-19.576245655916896,-32.17548295140521,4.152988967346518,-14.011246992029344,1,0.3333333333333333,-4.670415664009781
2014,house,90,D,5894.0,Walton Hickman,official_consolidated_candidate_results,ALPERSON-WALTON-HICKMAN,AL-2014-house-90-D-WALTON-HICKMAN,0,0,WALTON HICKMAN,False,ALNAME-WALTON-HICKMAN,normalized_full_name,1.5720610191072666,1.5720610191072666,14.945607780864037,14.775504612364717,-13.466210845474164,16.6103328836887,state_ticket_vote_weighted,1.0,meaningful,1.5720610191072666,1.5720610191072666,14.945607780864037,14.775504612364717,-13.466210845474164,16.6103328836887,1.5720610191072666,1,0.3333333333333333,0.5240203397024221
2014,house,90,R,7722.0,Chris Sells,official_consolidated_candidate_results,ALPERSON-CHRIS-SELLS,AL-2014-house-90-R-CHRIS-SELLS,0,1,CHRIS SELLS,False,ALNAME-CHRIS-SELLS,normalized_full_name,1.5720610191072666,1.5720610191072666,14.945607780864037,14.775504612364717,-13.466210845474164,16.6103328836887,state_ticket_vote_weighted,1.0,meaningful,-1.5720610191072666,-1.5720610191072666,-14.945607780864037,-14.775504612364717,-16.6103328836887,13.466210845474164,2.6762376069078044,2,0.5,1.3381188034539022
2014,house,93,D,2773.0,Jennifer Marsden,official_consolidated_candidate_results,ALPERSON-JENNIFER-MARSDEN,AL-2014-house-93-D-JENNIFER-MARSDEN,0,0,JENNIFER MARSDEN,False,ALNAME-JENNIFER-MARSDEN,normalized_full_name,-14.441535502272984,-14.441535502272984,0.387587607425381,-13.708419411986469,-30.8232307704684,1.9401597659224308,state_ticket_vote_weighted,1.0,meaningful,-14.441535502272984,-14.441535502272984,0.387587607425381,-13.708419411986469,-30.8232307704684,1.9401597659224308,-14.441535502272984,1,0.3333333333333333,-4.813845167424327
2014,house,93,R,9139.0,Steve Clouse,official_consolidated_candidate_results,ALPERSON-STEVE-CLOUSE,AL-2014-house-93-R-STEVE-CLOUSE,1,1,STEVE CLOUSE,False,ALNAME-STEVE-CLOUSE,normalized_full_name,-14.441535502272984,-14.441535502272984,0.387587607425381,-13.708419411986469,-30.8232307704684,1.9401597659224308,state_ticket_vote_weighted,1.0,meaningful,14.441535502272984,14.441535502272984,-0.387587607425381,13.708419411986469,-1.9401597659224308,30.8232307704684,16.904489947275085,3,0.6,10.14269396836505
2014,house,98,D,6134.0,"Napoleon Bracy, Jr.",official_consolidated_candidate_results,ALPERSON-NAPOLEON-BRACY-JR,AL-2014-house-98-D-NAPOLEON-BRACY-JR,1,1,NAPOLEON BRACY,False,ALNAME-NAPOLEON-BRACY,normalized_full_name,3.961433868212197,3.961433868212197,7.874945623954737,13.6951188379814,-5.638385675091186,13.56125341151558,state_ticket_vote_weighted,1.0,meaningful,3.961433868212197,3.961433868212197,7.874945623954737,13.6951188379814,-5.638385675091186,13.56125341151558,1.3450263254111654,2,0.5,0.6725131627055827
2014,house,98,R,3276.0,Wayne E. Biggs,official_consolidated_candidate_results,ALPERSON-WAYNE-E-BIGGS,AL-2014-house-98-R-WAYNE-E-BIGGS,0,0,WAYNE E BIGGS,False,ALNAME-WAYNE-E-BIGGS,normalized_full_name,3.961433868212197,3.961433868212197,7.874945623954737,13.6951188379814,-5.638385675091186,13.56125341151558,state_ticket_vote_weighted,1.0,meaningful,-3.961433868212197,-3.961433868212197,-7.874945623954737,-13.6951188379814,-13.56125341151558,5.638385675091186,-3.961433868212197,1,0.3333333333333333,-1.3204779560707323
2014,house,103,D,5608.0,Barbara A. Drummond,official_consolidated_candidate_results,ALPERSON-BARBARA-A-DRUMMOND,AL-2014-house-103-D-BARBARA-A-DRUMMOND,0,1,BARBARA A DRUMMOND,False,ALNAME-BARBARA-A-DRUMMOND,normalized_full_name,7.6776574880341215,7.6776574880341215,12.57892202126176,25.179370542866792,-10.018578496185114,25.373893472253357,state_ticket_vote_weighted,1.0,meaningful,7.6776574880341215,7.6776574880341215,12.57892202126176,25.179370542866792,-10.018578496185114,25.373893472253357,7.6776574880341215,1,0.3333333333333333,2.5592191626780405
2014,house,103,R,2065.0,Ralph Carmichael,official_consolidated_candidate_results,ALPERSON-RALPH-CARMICHAEL,AL-2014-house-103-R-RALPH-CARMICHAEL,0,0,RALPH CARMICHAEL,False,ALNAME-RALPH-CARMICHAEL,normalized_full_name,7.6776574880341215,7.6776574880341215,12.57892202126176,25.179370542866792,-10.018578496185114,25.373893472253357,state_ticket_vote_weighted,1.0,meaningful,-7.6776574880341215,-7.6776574880341215,-12.57892202126176,-25.179370542866792,-25.373893472253357,10.018578496185114,-7.6776574880341215,1,0.3333333333333333,-2.5592191626780405
2014,senate,1,D,13704.0,Mike Curtis,official_consolidated_candidate_results,ALPERSON-MIKE-CURTIS,AL-2014-senate-1-D-MIKE-CURTIS,0,0,MIKE CURTIS,False,ALNAME-MIKE-CURTIS,normalized_full_name,10.533343615526729,10.533343615526729,,10.963764071576914,8.533343615526729,12.533343615526729,state_ticket_vote_weighted,1.0,meaningful,10.533343615526729,10.533343615526729,,10.963764071576914,8.533343615526729,12.533343615526729,14.029705517064816,2,0.5,7.014852758532408
2014,senate,1,R,22982.0,Tim Melson,official_consolidated_candidate_results,ALPERSON-TIM-MELSON,AL-2014-senate-1-R-TIM-MELSON,0,1,TIM MELSON,False,ALNAME-TIM-MELSON,normalized_full_name,10.533343615526729,10.533343615526729,,10.963764071576914,8.533343615526729,12.533343615526729,state_ticket_vote_weighted,1.0,meaningful,-10.533343615526729,-10.533343615526729,,-10.963764071576914,-12.533343615526729,-8.533343615526729,-5.205081069883599,2,0.5,-2.6025405349417996
2014,senate,4,D,8875.0,"Angelo ""Doc"" Mancuso",official_consolidated_candidate_results,ALPERSON-ANGELO-DOC-MANCUSO,AL-2014-senate-4-D-ANGELO-DOC-MANCUSO,0,0,ANGELO DOC MANCUSO,False,ALNAME-ANGELO-DOC-MANCUSO,normalized_full_name,5.2357758545877715,5.2357758545877715,,14.301721645773199,-7.328983969173265,17.80053567834881,state_ticket_vote_weighted,1.0,meaningful,5.2357758545877715,5.2357758545877715,,14.301721645773199,-7.328983969173265,17.80053567834881,5.2357758545877715,1,0.3333333333333333,1.7452586181959238
2014,senate,4,R,24750.0,Paul Bussman,official_consolidated_candidate_results,ALPERSON-PAUL-BUSSMAN,AL-2014-senate-4-R-PAUL-BUSSMAN,1,1,PAUL BUSSMAN,False,ALNAME-PAUL-BUSSMAN,normalized_full_name,5.2357758545877715,5.2357758545877715,,14.301721645773199,-7.328983969173265,17.80053567834881,state_ticket_vote_weighted,1.0,meaningful,-5.2357758545877715,-5.2357758545877715,,-14.301721645773199,-17.80053567834881,7.328983969173265,-12.310012042457522,2,0.5,-6.155006021228761
2014,senate,6,D,17574.0,"Roger Bedford, Jr.",official_consolidated_candidate_results,ALPERSON-ROGER-BEDFORD-JR,AL-2014-senate-6-D-ROGER-BEDFORD-JR,1,0,ROGER BEDFORD,False,ALNAME-ROGER-BEDFORD,normalized_full_name,18.077181194269937,18.077181194269937,,27.262691346866582,5.346713619854361,30.80764876868551,state_ticket_vote_weighted,1.0,meaningful,18.077181194269937,18.077181194269937,,27.262691346866582,5.346713619854361,30.80764876868551,25.89067780277221,2,0.5,12.945338901386105
2014,senate,6,R,17641.0,Larry Stutts,official_consolidated_candidate_results,ALPERSON-LARRY-STUTTS,AL-2014-senate-6-R-LARRY-STUTTS,0,1,LARRY STUTTS,False,ALNAME-LARRY-STUTTS,normalized_full_name,18.077181194269937,18.077181194269937,,27.262691346866582,5.346713619854361,30.80764876868551,state_ticket_vote_weighted,1.0,meaningful,-18.077181194269937,-18.077181194269937,,-27.262691346866582,-30.80764876868551,-5.346713619854361,-21.495032240734798,2,0.5,-10.747516120367399
2014,senate,7,D,12404.0,Bryan Bennett,official_consolidated_candidate_results,ALPERSON-BRYAN-BENNETT,AL-2014-senate-7-D-BRYAN-BENNETT,0,0,BRYAN BENNETT,False,ALNAME-BRYAN-BENNETT,normalized_full_name,-1.7146137597391622,-1.7146137597391622,,-18.61888406033583,-25.142737114441193,21.71350959496287,state_ticket_vote_weighted,1.0,meaningful,-1.7146137597391622,-1.7146137597391622,,-18.61888406033583,-25.142737114441193,21.71350959496287,-1.7146137597391622,1,0.3333333333333333,-0.571537919913054
2014,senate,7,R,22873.0,Paul L. Sanford,official_consolidated_candidate_results,ALPERSON-PAUL-L-SANFORD,AL-2014-senate-7-R-PAUL-L-SANFORD,1,1,PAUL L SANFORD,False,ALNAME-PAUL-L-SANFORD,normalized_full_name,-1.7146137597391622,-1.7146137597391622,,-18.61888406033583,-25.142737114441193,21.71350959496287,state_ticket_vote_weighted,1.0,meaningful,1.7146137597391622,1.7146137597391622,,18.61888406033583,-21.71350959496287,25.142737114441193,1.7383823768790778,2,0.5,0.8691911884395389
2014,senate,8,D,9322.0,Horace Clemmons,official_consolidated_candidate_results,ALPERSON-HORACE-CLEMMONS,AL-2014-senate-8-D-HORACE-CLEMMONS,0,0,HORACE CLEMMONS,False,ALNAME-HORACE-CLEMMONS,normalized_full_name,2.8176060431085688,2.8176060431085688,,1.0148011291949501,0.3190459067304592,5.316166179486679,state_ticket_vote_weighted,1.0,meaningful,2.8176060431085688,2.8176060431085688,,1.0148011291949501,0.3190459067304592,5.316166179486679,2.8176060431085688,1,0.3333333333333333,0.9392020143695229
2014,senate,8,R,24332.0,Steve Livingston,official_consolidated_candidate_results,ALPERSON-STEVE-LIVINGSTON,AL-2014-senate-8-R-STEVE-LIVINGSTON,0,1,STEVE LIVINGSTON,False,ALNAME-STEVE-LIVINGSTON,normalized_full_name,2.8176060431085688,2.8176060431085688,,1.0148011291949501,0.3190459067304592,5.316166179486679,state_ticket_vote_weighted,1.0,meaningful,-2.8176060431085688,-2.8176060431085688,,-1.0148011291949501,-5.316166179486679,-0.3190459067304592,-2.8176060431085688,1,0.3333333333333333,-0.9392020143695229
2014,senate,10,D,16216.0,Larry Means,official_consolidated_candidate_results,ALPERSON-LARRY-MEANS,AL-2014-senate-10-D-LARRY-MEANS,0,0,LARRY MEANS,False,ALNAME-LARRY-MEANS,normalized_full_name,27.543944663105858,27.543944663105858,55.82967925103832,40.181172722571816,-0.22838702600020966,55.31627635221193,state_ticket_vote_weighted,1.0,meaningful,27.543944663105858,27.543944663105858,55.82967925103832,40.181172722571816,-0.22838702600020966,55.31627635221193,20.758602819764157,2,0.5,10.379301409882078
2014,senate,10,R,17378.0,Phil Williams,official_consolidated_candidate_results,ALPERSON-PHIL-WILLIAMS,AL-2014-senate-10-R-PHIL-WILLIAMS,1,1,PHIL WILLIAMS,True,ALNAME-PHIL-WILLIAMS-SENATE-10,same_cycle_name_collision_split,27.543944663105858,27.543944663105858,55.82967925103832,40.181172722571816,-0.22838702600020966,55.31627635221193,state_ticket_vote_weighted,1.0,meaningful,-27.543944663105858,-27.543944663105858,-55.82967925103832,-40.181172722571816,-55.31627635221193,0.22838702600020966,-20.758602819764157,2,0.5,-10.379301409882078
2014,senate,11,D,6981.0,Ron Crumpton,official_consolidated_candidate_results,ALPERSON-RON-CRUMPTON,AL-2014-senate-11-D-RON-CRUMPTON,0,0,RON CRUMPTON,False,ALNAME-RON-CRUMPTON,normalized_full_name,-5.734431692968059,-5.734431692968059,1.5635186047072125,-7.007534252156134,-14.799434014903662,3.3305706289675445,state_ticket_vote_weighted,1.0,meaningful,-5.734431692968059,-5.734431692968059,1.5635186047072125,-7.007534252156134,-14.799434014903662,3.3305706289675445,-5.734431692968059,1,0.3333333333333333,-1.9114772309893528
2014,senate,11,R,24318.0,Jim McClendon,official_consolidated_candidate_results,ALPERSON-JIM-MCCLENDON,AL-2014-senate-11-R-JIM-MCCLENDON,0,1,JIM MCCLENDON,False,ALNAME-JIM-MCCLENDON,normalized_full_name,-5.734431692968059,-5.734431692968059,1.5635186047072125,-7.007534252156134,-14.799434014903662,3.3305706289675445,state_ticket_vote_weighted,1.0,meaningful,5.734431692968059,5.734431692968059,-1.5635186047072125,7.007534252156134,-3.3305706289675445,14.799434014903662,4.912329913217317,2,0.5,2.4561649566086583
2014,senate,12,D,36062.0,Taylor Stewart,official_consolidated_candidate_results,ALPERSON-TAYLOR-STEWART,AL-2014-senate-12-D-TAYLOR-STEWART,0,0,TAYLOR STEWART,False,ALNAME-TAYLOR-STEWART,normalized_full_name,18.373103114360802,18.373103114360802,24.41720806713017,17.941738631177508,11.276884185446164,25.46932204327544,state_ticket_vote_weighted,1.0,meaningful,18.373103114360802,18.373103114360802,24.41720806713017,17.941738631177508,11.276884185446164,25.46932204327544,18.373103114360802,1,0.3333333333333333,6.124367704786934
2014,senate,12,R,47734.0,Del Marsh,official_consolidated_candidate_results,ALPERSON-DEL-MARSH,AL-2014-senate-12-R-DEL-MARSH,1,1,DEL MARSH,False,ALNAME-DEL-MARSH,normalized_full_name,18.373103114360802,18.373103114360802,24.41720806713017,17.941738631177508,11.276884185446164,25.46932204327544,state_ticket_vote_weighted,1.0,meaningful,-18.373103114360802,-18.373103114360802,-24.41720806713017,-17.941738631177508,-25.46932204327544,-11.276884185446164,-11.274299485555419,3,0.6,-6.764579691333251
2014,senate,13,D,10424.0,Darrell Turner,official_consolidated_candidate_results,ALPERSON-DARRELL-TURNER,AL-2014-senate-13-D-DARRELL-TURNER,0,0,DARRELL TURNER,False,ALNAME-DARRELL-TURNER,normalized_full_name,6.825021492659662,6.825021492659662,16.535951995874708,5.828543159723662,-4.768941649621306,18.418984634940628,state_ticket_vote_weighted,1.0,meaningful,6.825021492659662,6.825021492659662,16.535951995874708,5.828543159723662,-4.768941649621306,18.418984634940628,2.7237085397574123,2,0.5,1.3618542698787062
2014,senate,13,R,16758.0,Gerald Dial,official_consolidated_candidate_results,ALPERSON-GERALD-DIAL,AL-2014-senate-13-R-GERALD-DIAL,1,1,GERALD DIAL,False,ALNAME-GERALD-DIAL,normalized_full_name,6.825021492659662,6.825021492659662,16.535951995874708,5.828543159723662,-4.768941649621306,18.418984634940628,state_ticket_vote_weighted,1.0,meaningful,-6.825021492659662,-6.825021492659662,-16.535951995874708,-5.828543159723662,-18.418984634940628,4.768941649621306,-14.456168696962457,2,0.5,-7.228084348481229
2014,senate,16,D,8284.0,Cindy Bell,official_consolidated_candidate_results,ALPERSON-CINDY-BELL,AL-2014-senate-16-D-CINDY-BELL,0,0,CINDY BELL,False,ALNAME-CINDY-BELL,normalized_full_name,-2.219129175258182,-2.219129175258182,-3.646544937855751,-27.144462252130094,-29.652850190236613,25.21459183972025,state_ticket_vote_weighted,1.0,meaningful,-2.219129175258182,-2.219129175258182,-3.646544937855751,-27.144462252130094,-29.652850190236613,25.21459183972025,-2.219129175258182,1,0.3333333333333333,-0.7397097250860606
2014,senate,16,R,28107.0,"J.T. ""Jabo"" Waggoner",official_consolidated_candidate_results,ALPERSON-J-T-JABO-WAGGONER,AL-2014-senate-16-R-J-T-JABO-WAGGONER,1,1,J T JABO WAGGONER,False,ALNAME-J-T-JABO-WAGGONER,normalized_full_name,-2.219129175258182,-2.219129175258182,-3.646544937855751,-27.144462252130094,-29.652850190236613,25.21459183972025,state_ticket_vote_weighted,1.0,meaningful,2.219129175258182,2.219129175258182,3.646544937855751,27.144462252130094,-25.21459183972025,29.652850190236613,4.960322617581028,3,0.6,2.9761935705486167
2014,senate,21,D,12161.0,Phil Poole,official_consolidated_candidate_results,ALPERSON-PHIL-POOLE,AL-2014-senate-21-D-PHIL-POOLE,0,0,PHIL POOLE,False,ALNAME-PHIL-POOLE,normalized_full_name,11.892569127133964,11.892569127133964,,3.24660414482927,-0.09012699188862605,23.87526524615655,state_ticket_vote_weighted,1.0,meaningful,11.892569127133964,11.892569127133964,,3.24660414482927,-0.09012699188862605,23.87526524615655,29.073006029959448,3,0.6,17.443803617975668
2014,senate,21,R,20179.0,Gerald Allen,official_consolidated_candidate_results,ALPERSON-GERALD-ALLEN,AL-2014-senate-21-R-GERALD-ALLEN,1,1,GERALD ALLEN,False,ALNAME-GERALD-ALLEN,normalized_full_name,11.892569127133964,11.892569127133964,,3.24660414482927,-0.09012699188862605,23.87526524615655,state_ticket_vote_weighted,1.0,meaningful,-11.892569127133964,-11.892569127133964,,-3.24660414482927,-23.87526524615655,0.09012699188862605,-6.75160920167661,4,0.6666666666666666,-4.50107280111774
2014,senate,22,D,11136.0,Susan Smith,official_consolidated_candidate_results,ALPERSON-SUSAN-SMITH,AL-2014-senate-22-D-SUSAN-SMITH,0,0,SUSAN SMITH,False,ALNAME-SUSAN-SMITH,normalized_full_name,6.860781491619562,6.860781491619562,15.43108987032003,-2.8542976360169163,-11.070600421666164,24.79216340490529,state_ticket_vote_weighted,1.0,meaningful,6.860781491619562,6.860781491619562,15.43108987032003,-2.8542976360169163,-11.070600421666164,24.79216340490529,6.860781491619562,1,0.3333333333333333,2.2869271638731874
2014,senate,22,R,23065.0,Greg Albritton,official_consolidated_candidate_results,ALPERSON-GREG-ALBRITTON,AL-2014-senate-22-R-GREG-ALBRITTON,0,1,GREG ALBRITTON,False,ALNAME-GREG-ALBRITTON,normalized_full_name,6.860781491619562,6.860781491619562,15.43108987032003,-2.8542976360169163,-11.070600421666164,24.79216340490529,state_ticket_vote_weighted,1.0,meaningful,-6.860781491619562,-6.860781491619562,-15.43108987032003,2.8542976360169163,-24.79216340490529,11.070600421666164,-6.860781491619562,1,0.3333333333333333,-2.2869271638731874
2014,senate,27,D,10358.0,Haylee Moss,official_consolidated_candidate_results,ALPERSON-HAYLEE-MOSS,AL-2014-senate-27-D-HAYLEE-MOSS,0,0,HAYLEE MOSS,False,ALNAME-HAYLEE-MOSS,normalized_full_name,-11.123632409400663,-11.123632409400663,-0.3979267426906361,-7.494103820349526,-21.81626533040129,-0.43099948840003677,state_ticket_vote_weighted,1.0,meaningful,-11.123632409400663,-11.123632409400663,-0.3979267426906361,-7.494103820349526,-21.81626533040129,-0.43099948840003677,-11.123632409400663,1,0.3333333333333333,-3.707877469800221
2014,senate,27,R,19808.0,Tom Whatley,official_consolidated_candidate_results,ALPERSON-TOM-WHATLEY,AL-2014-senate-27-R-TOM-WHATLEY,1,1,TOM WHATLEY,False,ALNAME-TOM-WHATLEY,normalized_full_name,-11.123632409400663,-11.123632409400663,-0.3979267426906361,-7.494103820349526,-21.81626533040129,-0.43099948840003677,state_ticket_vote_weighted,1.0,meaningful,11.123632409400663,11.123632409400663,0.3979267426906361,7.494103820349526,0.43099948840003677,21.81626533040129,2.6021978092591684,3,0.6,1.561318685555501
2014,senate,28,D,22147.0,Billy Beasley,official_consolidated_candidate_results,ALPERSON-BILLY-BEASLEY,AL-2014-senate-28-D-BILLY-BEASLEY,1,1,BILLY BEASLEY,False,ALNAME-BILLY-BEASLEY,normalized_full_name,27.38495571166338,27.38495571166338,31.386080115899475,38.90989232319088,15.915999046777085,38.85391237654967,state_ticket_vote_weighted,1.0,meaningful,27.38495571166338,27.38495571166338,31.386080115899475,38.90989232319088,15.915999046777085,38.85391237654967,20.92424347177709,2,0.5,10.462121735888545
2014,senate,28,R,8020.0,John Savage,official_consolidated_candidate_results,ALPERSON-JOHN-SAVAGE,AL-2014-senate-28-R-JOHN-SAVAGE,0,0,JOHN SAVAGE,False,ALNAME-JOHN-SAVAGE,normalized_full_name,27.38495571166338,27.38495571166338,31.386080115899475,38.90989232319088,15.915999046777085,38.85391237654967,state_ticket_vote_weighted,1.0,meaningful,-27.38495571166338,-27.38495571166338,-31.386080115899475,-38.90989232319088,-38.85391237654967,-15.915999046777085,-27.38495571166338,1,0.3333333333333333,-9.128318570554459
2014,senate,31,D,8627.0,Larry Greenwood,official_consolidated_candidate_results,ALPERSON-LARRY-GREENWOOD,AL-2014-senate-31-D-LARRY-GREENWOOD,0,0,LARRY GREENWOOD,False,ALNAME-LARRY-GREENWOOD,normalized_full_name,-10.443616924295036,-10.443616924295036,5.5724354381753045,-1.6855814979296966,-26.16227778576038,5.2750439371703095,state_ticket_vote_weighted,1.0,meaningful,-10.443616924295036,-10.443616924295036,5.5724354381753045,-1.6855814979296966,-26.16227778576038,5.2750439371703095,-10.443616924295036,1,0.3333333333333333,-3.4812056414316785
2014,senate,31,R,23066.0,Jimmy W. Holley,official_consolidated_candidate_results,ALPERSON-JIMMY-W-HOLLEY,AL-2014-senate-31-R-JIMMY-W-HOLLEY,1,1,JIMMY W HOLLEY,False,ALNAME-JIMMY-W-HOLLEY,normalized_full_name,-10.443616924295036,-10.443616924295036,5.5724354381753045,-1.6855814979296966,-26.16227778576038,5.2750439371703095,state_ticket_vote_weighted,1.0,meaningful,10.443616924295036,10.443616924295036,-5.5724354381753045,1.6855814979296966,-5.2750439371703095,26.16227778576038,28.260419225325514,2,0.5,14.130209612662757
2014,senate,35,D,6862.0,Beau Doolittle,official_consolidated_candidate_results,ALPERSON-BEAU-DOOLITTLE,AL-2014-senate-35-D-BEAU-DOOLITTLE,0,0,BEAU DOOLITTLE,False,ALNAME-BEAU-DOOLITTLE,normalized_full_name,-4.6421898171727065,-4.6421898171727065,2.5366572795109263,-21.026105942235784,-28.313769658342633,19.02939002399722,state_ticket_vote_weighted,1.0,meaningful,-4.6421898171727065,-4.6421898171727065,2.5366572795109263,-21.026105942235784,-28.313769658342633,19.02939002399722,-4.6421898171727065,1,0.3333333333333333,-1.5473966057242354
2014,senate,35,R,19173.0,Bill Hightower,official_consolidated_candidate_results,ALPERSON-BILL-HIGHTOWER,AL-2014-senate-35-R-BILL-HIGHTOWER,0,1,BILL HIGHTOWER,False,ALNAME-BILL-HIGHTOWER,normalized_full_name,-4.6421898171727065,-4.6421898171727065,2.5366572795109263,-21.026105942235784,-28.313769658342633,19.02939002399722,state_ticket_vote_weighted,1.0,meaningful,4.6421898171727065,4.6421898171727065,-2.5366572795109263,21.026105942235784,-19.02939002399722,28.313769658342633,4.6421898171727065,1,0.3333333333333333,1.5473966057242354
2018,house,2,D,4798.0,Lora Kay Morrow,official_consolidated_candidate_results,ALPERSON-LORA-KAY-MORROW,AL-2018-house-2-D-LORA-KAY-MORROW,0,0,LORA KAY MORROW,False,ALNAME-LORA-KAY-MORROW,normalized_full_name,-0.37595706246705873,-0.9712685311475155,1.0131030311206857,11.802770979094689,-13.849460259994729,13.097546135060611,state_ticket_70_federal_30,1.0,meaningful,-0.37595706246705873,-0.9712685311475155,1.0131030311206857,11.802770979094689,-13.849460259994729,13.097546135060611,-0.37595706246705873,1,0.3333333333333333,-0.1253190208223529
2018,house,2,R,13056.0,Lynn Greer,official_consolidated_candidate_results,ALPERSON-LYNN-GREER,AL-2018-house-2-R-LYNN-GREER,1,1,LYNN GREER,False,ALNAME-LYNN-GREER,normalized_full_name,-0.37595706246705873,-0.9712685311475155,1.0131030311206857,11.802770979094689,-13.849460259994729,13.097546135060611,state_ticket_70_federal_30,1.0,meaningful,0.37595706246705873,0.9712685311475155,-1.0131030311206857,-11.802770979094689,-13.097546135060611,13.849460259994729,-11.936535759055793,3,0.6,-7.161921455433476
2018,house,3,D,8540.0,Chad Young,official_consolidated_candidate_results,ALPERSON-CHAD-YOUNG,AL-2018-house-3-D-CHAD-YOUNG,0,0,CHAD YOUNG,False,ALNAME-CHAD-YOUNG,normalized_full_name,7.637761202612211,4.9660717927983455,13.871703158844564,24.499931029735087,-11.530216341163214,26.805738746387636,state_ticket_70_federal_30,1.0,meaningful,7.637761202612211,4.9660717927983455,13.871703158844564,24.499931029735087,-11.530216341163214,26.805738746387636,7.637761202612211,1,0.3333333333333333,2.545920400870737
2018,house,3,R,9448.0,Andrew Sorrell,official_consolidated_candidate_results,ALPERSON-ANDREW-SORRELL,AL-2018-house-3-R-ANDREW-SORRELL,0,1,ANDREW SORRELL,False,ALNAME-ANDREW-SORRELL,normalized_full_name,7.637761202612211,4.9660717927983455,13.871703158844564,24.499931029735087,-11.530216341163214,26.805738746387636,state_ticket_70_federal_30,1.0,meaningful,-7.637761202612211,-4.9660717927983455,-13.871703158844564,-24.499931029735087,-26.805738746387636,11.530216341163214,-7.637761202612211,1,0.3333333333333333,-2.545920400870737
2018,house,4,D,4325.0,Jo Ann Cummings,official_consolidated_candidate_results,ALPERSON-JO-ANN-CUMMINGS,AL-2018-house-4-D-JO-ANN-CUMMINGS,0,0,JO ANN CUMMINGS,False,ALNAME-JO-ANN-CUMMINGS,normalized_full_name,-5.316979125805339,-5.774662822832525,-4.249050499408568,9.10140973737549,-21.357473041433533,10.723514789822854,state_ticket_70_federal_30,1.0,meaningful,-5.316979125805339,-5.774662822832525,-4.249050499408568,9.10140973737549,-21.357473041433533,10.723514789822854,-5.316979125805339,1,0.3333333333333333,-1.7723263752684464
2018,house,4,R,11074.0,Parker Duncan Moore,official_consolidated_candidate_results,ALPERSON-PARKER-DUNCAN-MOORE,AL-2018-house-4-R-PARKER-DUNCAN-MOORE,0,1,PARKER DUNCAN MOORE,False,ALNAME-PARKER-DUNCAN-MOORE,normalized_full_name,-5.316979125805339,-5.774662822832525,-4.249050499408568,9.10140973737549,-21.357473041433533,10.723514789822854,state_ticket_70_federal_30,1.0,meaningful,5.316979125805339,5.774662822832525,4.249050499408568,-9.10140973737549,-10.723514789822854,21.357473041433533,5.316979125805339,1,0.3333333333333333,1.7723263752684464
2018,house,5,D,4725.0,Brian D Williams,official_consolidated_candidate_results,ALPERSON-BRIAN-D-WILLIAMS,AL-2018-house-5-D-BRIAN-D-WILLIAMS,0,0,BRIAN D WILLIAMS,False,ALNAME-BRIAN-D-WILLIAMS,normalized_full_name,-4.861509787380356,-5.447378497077253,-3.4944827980876028,7.818715788332845,-18.899624029367857,9.176604454607146,state_ticket_70_federal_30,1.0,meaningful,-4.861509787380356,-5.447378497077253,-3.4944827980876028,7.818715788332845,-18.899624029367857,9.176604454607146,-4.861509787380356,1,0.3333333333333333,-1.6205032624601188
2018,house,5,R,12395.0,Danny F. Crawford,official_consolidated_candidate_results,ALPERSON-DANNY-F-CRAWFORD,AL-2018-house-5-R-DANNY-F-CRAWFORD,1,1,DANNY F CRAWFORD,False,ALNAME-DANNY-F-CRAWFORD,normalized_full_name,-4.861509787380356,-5.447378497077253,-3.4944827980876028,7.818715788332845,-18.899624029367857,9.176604454607146,state_ticket_70_federal_30,1.0,meaningful,4.861509787380356,5.447378497077253,3.4944827980876028,-7.818715788332845,-9.176604454607146,18.899624029367857,4.861509787380356,1,0.3333333333333333,1.6205032624601188
2018,house,7,D,3592.0,Kenneth A. Brackins,official_consolidated_candidate_results,ALPERSON-KENNETH-A-BRACKINS,AL-2018-house-7-D-KENNETH-A-BRACKINS,0,0,KENNETH A BRACKINS,False,ALNAME-KENNETH-A-BRACKINS,normalized_full_name,4.084076860023352,0.08880593980559581,13.406375673864773,12.708692848353088,-10.60733954770809,18.775493267754793,state_ticket_70_federal_30,1.0,meaningful,4.084076860023352,0.08880593980559581,13.406375673864773,12.708692848353088,-10.60733954770809,18.775493267754793,4.084076860023352,1,0.3333333333333333,1.3613589533411172
2018,house,7,R,10892.0,Proncey Robertson,official_consolidated_candidate_results,ALPERSON-PRONCEY-ROBERTSON,AL-2018-house-7-R-PRONCEY-ROBERTSON,0,1,PRONCEY ROBERTSON,False,ALNAME-PRONCEY-ROBERTSON,normalized_full_name,4.084076860023352,0.08880593980559581,13.406375673864773,12.708692848353088,-10.60733954770809,18.775493267754793,state_ticket_70_federal_30,1.0,meaningful,-4.084076860023352,-0.08880593980559581,-13.406375673864773,-12.708692848353088,-18.775493267754793,10.60733954770809,-4.084076860023352,1,0.3333333333333333,-1.3613589533411172
2018,house,8,D,5469.0,Billy Jackson,official_consolidated_candidate_results,ALPERSON-BILLY-JACKSON,AL-2018-house-8-D-BILLY-JACKSON,0,0,BILLY JACKSON,False,ALNAME-BILLY-JACKSON,normalized_full_name,-0.35511866502884004,-0.7810254233885914,0.6386637711439107,10.84554535025567,-12.78665711353606,12.07641978347838,state_ticket_70_federal_30,1.0,meaningful,-0.35511866502884004,-0.7810254233885914,0.6386637711439107,10.84554535025567,-12.78665711353606,12.07641978347838,-0.35511866502884004,1,0.3333333333333333,-0.11837288834294668
2018,house,8,R,8803.0,Terri Collins,official_consolidated_candidate_results,ALPERSON-TERRI-COLLINS,AL-2018-house-8-R-TERRI-COLLINS,1,1,TERRI COLLINS,False,ALNAME-TERRI-COLLINS,normalized_full_name,-0.35511866502884004,-0.7810254233885914,0.6386637711439107,10.84554535025567,-12.78665711353606,12.07641978347838,state_ticket_70_federal_30,1.0,meaningful,0.35511866502884004,0.7810254233885914,-0.6386637711439107,-10.84554535025567,-12.07641978347838,12.78665711353606,-6.169921957856439,3,0.6,-3.7019531747138634
2018,house,10,D,8565.0,J.B. King,official_consolidated_candidate_results,ALPERSON-J-B-KING,AL-2018-house-10-D-J-B-KING,0,0,J B KING,False,ALNAME-J-B-KING,normalized_full_name,-5.577764956753919,-5.417798633351387,-5.951019711359823,4.36559631161545,-16.96241579064568,5.806885877137841,state_ticket_70_federal_30,1.0,meaningful,-5.577764956753919,-5.417798633351387,-5.951019711359823,4.36559631161545,-16.96241579064568,5.806885877137841,-5.577764956753919,1,0.3333333333333333,-1.8592549855846396
2018,house,10,R,11240.0,Mike Ball,official_consolidated_candidate_results,ALPERSON-MIKE-BALL,AL-2018-house-10-R-MIKE-BALL,1,1,MIKE BALL,False,ALNAME-MIKE-BALL,normalized_full_name,-5.577764956753919,-5.417798633351387,-5.951019711359823,4.36559631161545,-16.96241579064568,5.806885877137841,state_ticket_70_federal_30,1.0,meaningful,5.577764956753919,5.417798633351387,5.951019711359823,-4.36559631161545,-5.806885877137841,16.96241579064568,30.142205539531204,2,0.5,15.071102769765602
2018,house,15,D,6951.0,Suzanna Coleman,official_consolidated_candidate_results,ALPERSON-SUZANNA-COLEMAN,AL-2018-house-15-D-SUZANNA-COLEMAN,0,0,SUZANNA COLEMAN,False,ALNAME-SUZANNA-COLEMAN,normalized_full_name,-4.318844591421666,-7.284620358929992,2.601298866097764,-23.975625170778144,-30.647293540735262,22.00960435789193,state_ticket_70_federal_30,1.0,meaningful,-4.318844591421666,-7.284620358929992,2.601298866097764,-23.975625170778144,-30.647293540735262,22.00960435789193,-4.318844591421666,1,0.3333333333333333,-1.439614863807222
2018,house,15,R,14212.0,Allen Farley,official_consolidated_candidate_results,ALPERSON-ALLEN-FARLEY,AL-2018-house-15-R-ALLEN-FARLEY,1,1,ALLEN FARLEY,False,ALNAME-ALLEN-FARLEY,normalized_full_name,-4.318844591421666,-7.284620358929992,2.601298866097764,-23.975625170778144,-30.647293540735262,22.00960435789193,state_ticket_70_federal_30,1.0,meaningful,4.318844591421666,7.284620358929992,-2.601298866097764,23.975625170778144,-22.00960435789193,30.647293540735262,4.318844591421666,1,0.3333333333333333,1.439614863807222
2018,house,18,D,3886.0,Eddie Britton,official_consolidated_candidate_results,ALPERSON-EDDIE-BRITTON,AL-2018-house-18-D-EDDIE-BRITTON,0,0,EDDIE BRITTON,False,ALNAME-EDDIE-BRITTON,normalized_full_name,-0.23265842955304805,-3.7897531729018183,8.067229304927409,14.973666480911056,-18.832924613642128,18.36760775453603,state_ticket_70_federal_30,1.0,meaningful,-0.23265842955304805,-3.7897531729018183,8.067229304927409,14.973666480911056,-18.832924613642128,18.36760775453603,-0.23265842955304805,1,0.3333333333333333,-0.07755280985101601
2018,house,18,R,9845.0,Jamie Kiel,official_consolidated_candidate_results,ALPERSON-JAMIE-KIEL,AL-2018-house-18-R-JAMIE-KIEL,0,1,JAMIE KIEL,False,ALNAME-JAMIE-KIEL,normalized_full_name,-0.23265842955304805,-3.7897531729018183,8.067229304927409,14.973666480911056,-18.832924613642128,18.36760775453603,state_ticket_70_federal_30,1.0,meaningful,0.23265842955304805,3.7897531729018183,-8.067229304927409,-14.973666480911056,-18.36760775453603,18.832924613642128,0.23265842955304805,1,0.3333333333333333,0.07755280985101601
2018,house,20,D,8527.0,Linda Meigs,official_consolidated_candidate_results,ALPERSON-LINDA-MEIGS,AL-2018-house-20-D-LINDA-MEIGS,0,0,LINDA MEIGS,False,ALNAME-LINDA-MEIGS,normalized_full_name,2.389209417545352,2.8494429427815007,1.3153311919943391,10.217000626455139,-6.9379376455114965,11.716356480602201,state_ticket_70_federal_30,1.0,meaningful,2.389209417545352,2.8494429427815007,1.3153311919943391,10.217000626455139,-6.9379376455114965,11.716356480602201,2.389209417545352,1,0.3333333333333333,0.7964031391817841
2018,house,20,R,14589.0,Howard Sanderford,official_consolidated_candidate_results,ALPERSON-HOWARD-SANDERFORD,AL-2018-house-20-R-HOWARD-SANDERFORD,1,1,HOWARD SANDERFORD,False,ALNAME-HOWARD-SANDERFORD,normalized_full_name,2.389209417545352,2.8494429427815007,1.3153311919943391,10.217000626455139,-6.9379376455114965,11.716356480602201,state_ticket_70_federal_30,1.0,meaningful,-2.389209417545352,-2.8494429427815007,-1.3153311919943391,-10.217000626455139,-11.716356480602201,6.9379376455114965,-2.389209417545352,1,0.3333333333333333,-0.7964031391817841
2018,house,21,D,8391.0,Terry Jones,official_consolidated_candidate_results,ALPERSON-TERRY-JONES,AL-2018-house-21-D-TERRY-JONES,0,0,TERRY JONES,False,ALNAME-TERRY-JONES,normalized_full_name,-7.751206305052314,-6.863791497047625,-9.821840857063252,5.579093609764328,-23.769819745057326,8.267407134952698,state_ticket_70_federal_30,1.0,meaningful,-7.751206305052314,-6.863791497047625,-9.821840857063252,5.579093609764328,-23.769819745057326,8.267407134952698,-7.751206305052314,1,0.3333333333333333,-2.583735435017438
2018,house,21,R,13311.0,Rex Reynolds,official_consolidated_candidate_results,ALPERSON-REX-REYNOLDS,AL-2018-house-21-R-REX-REYNOLDS,1,1,REX REYNOLDS,False,ALNAME-REX-REYNOLDS,normalized_full_name,-7.751206305052314,-6.863791497047625,-9.821840857063252,5.579093609764328,-23.769819745057326,8.267407134952698,state_ticket_70_federal_30,1.0,meaningful,7.751206305052314,6.863791497047625,9.821840857063252,-5.579093609764328,-8.267407134952698,23.769819745057326,7.751206305052314,1,0.3333333333333333,2.583735435017438
2018,house,27,D,2456.0,Bill Jones,official_consolidated_candidate_results,ALPERSON-BILL-JONES,AL-2018-house-27-D-BILL-JONES,0,0,BILL JONES,False,ALNAME-BILL-JONES,normalized_full_name,-3.3449341180233887,-4.421478948500564,-0.8329961802433274,2.0806932743938233,-9.728490854430987,3.038622618384209,state_ticket_70_federal_30,1.0,meaningful,-3.3449341180233887,-4.421478948500564,-0.8329961802433274,2.0806932743938233,-9.728490854430987,3.038622618384209,-3.3449341180233887,1,0.3333333333333333,-1.1149780393411295
2018,house,27,R,13245.0,Wes Kitchens,official_consolidated_candidate_results,ALPERSON-WES-KITCHENS,AL-2018-house-27-R-WES-KITCHENS,0,1,WES KITCHENS,False,ALNAME-WES-KITCHENS,normalized_full_name,-3.3449341180233887,-4.421478948500564,-0.8329961802433274,2.0806932743938233,-9.728490854430987,3.038622618384209,state_ticket_70_federal_30,1.0,meaningful,3.3449341180233887,4.421478948500564,0.8329961802433274,-2.0806932743938233,-3.038622618384209,9.728490854430987,3.3449341180233887,1,0.3333333333333333,1.1149780393411295
2018,house,28,D,5731.0,Kyle Pierce,official_consolidated_candidate_results,ALPERSON-KYLE-PIERCE,AL-2018-house-28-D-KYLE-PIERCE,0,0,KYLE PIERCE,False,ALNAME-KYLE-PIERCE,normalized_full_name,-0.06483624263127119,-2.5603696870971735,5.7580751277891675,17.236269218787278,-19.547741940040893,19.418069454778355,state_ticket_70_federal_30,1.0,meaningful,-0.06483624263127119,-2.5603696870971735,5.7580751277891675,17.236269218787278,-19.547741940040893,19.418069454778355,-0.06483624263127119,1,0.3333333333333333,-0.021612080877090396
2018,house,28,R,7091.0,Gil F. Isbell,official_consolidated_candidate_results,ALPERSON-GIL-F-ISBELL,AL-2018-house-28-R-GIL-F-ISBELL,0,1,GIL F ISBELL,False,ALNAME-GIL-F-ISBELL,normalized_full_name,-0.06483624263127119,-2.5603696870971735,5.7580751277891675,17.236269218787278,-19.547741940040893,19.418069454778355,state_ticket_70_federal_30,1.0,meaningful,0.06483624263127119,2.5603696870971735,-5.7580751277891675,-17.236269218787278,-19.418069454778355,19.547741940040893,0.06483624263127119,1,0.3333333333333333,0.021612080877090396
2018,house,29,D,3032.0,Jared Millican,official_consolidated_candidate_results,ALPERSON-JARED-MILLICAN,AL-2018-house-29-D-JARED-MILLICAN,0,0,JARED MILLICAN,False,ALNAME-JARED-MILLICAN,normalized_full_name,2.1868866890307856,-0.3855435244613048,8.189223853845661,2.4265581502764917,-6.380610412687092,10.754383790748664,state_ticket_70_federal_30,1.0,meaningful,2.1868866890307856,-0.3855435244613048,8.189223853845661,2.4265581502764917,-6.380610412687092,10.754383790748664,2.1868866890307856,1,0.3333333333333333,0.7289622296769285
2018,house,29,R,11528.0,Becky Nordgren,official_consolidated_candidate_results,ALPERSON-BECKY-NORDGREN,AL-2018-house-29-R-BECKY-NORDGREN,1,1,BECKY NORDGREN,False,ALNAME-BECKY-NORDGREN,normalized_full_name,2.1868866890307856,-0.3855435244613048,8.189223853845661,2.4265581502764917,-6.380610412687092,10.754383790748664,state_ticket_70_federal_30,1.0,meaningful,-2.1868866890307856,0.3855435244613048,-8.189223853845661,-2.4265581502764917,-10.754383790748664,6.380610412687092,-6.770509311583403,3,0.6,-4.062305586950042
2018,house,30,D,2931.0,Jared Vaughn,official_consolidated_candidate_results,ALPERSON-JARED-VAUGHN,AL-2018-house-30-D-JARED-VAUGHN,0,0,JARED VAUGHN,False,ALNAME-JARED-VAUGHN,normalized_full_name,-3.3256343852036494,-5.767143800896228,2.3712209180790467,0.6688104321466568,-11.738909695921325,5.087640925514027,state_ticket_70_federal_30,1.0,meaningful,-3.3256343852036494,-5.767143800896228,2.3712209180790467,0.6688104321466568,-11.738909695921325,5.087640925514027,-3.3256343852036494,1,0.3333333333333333,-1.108544795067883
2018,house,30,R,13779.0,B. Craig Lipscomb,official_consolidated_candidate_results,ALPERSON-B-CRAIG-LIPSCOMB,AL-2018-house-30-R-B-CRAIG-LIPSCOMB,0,1,B CRAIG LIPSCOMB,False,ALNAME-B-CRAIG-LIPSCOMB,normalized_full_name,-3.3256343852036494,-5.767143800896228,2.3712209180790467,0.6688104321466568,-11.738909695921325,5.087640925514027,state_ticket_70_federal_30,1.0,meaningful,3.3256343852036494,5.767143800896228,-2.3712209180790467,-0.6688104321466568,-5.087640925514027,11.738909695921325,3.3256343852036494,1,0.3333333333333333,1.108544795067883
2018,house,32,D,7761.0,Barbara Bigsby Boyd,official_consolidated_candidate_results,ALPERSON-BARBARA-BIGSBY-BOYD,AL-2018-house-32-D-BARBARA-BIGSBY-BOYD,1,1,BARBARA BIGSBY BOYD,False,ALNAME-BARBARA-BIGSBY-BOYD,normalized_full_name,7.375841283374868,6.7792867625549995,8.76780183195456,62.3878738356007,-54.45680689874794,69.20848946549768,state_ticket_70_federal_30,1.0,meaningful,7.375841283374868,6.7792867625549995,8.76780183195456,62.3878738356007,-54.45680689874794,69.20848946549768,13.29341016614026,3,0.6,7.976046099684156
2018,house,32,R,4513.0,James Allen Lloyd,official_consolidated_candidate_results,ALPERSON-JAMES-ALLEN-LLOYD,AL-2018-house-32-R-JAMES-ALLEN-LLOYD,0,0,JAMES ALLEN LLOYD,False,ALNAME-JAMES-ALLEN-LLOYD,normalized_full_name,7.375841283374868,6.7792867625549995,8.76780183195456,62.3878738356007,-54.45680689874794,69.20848946549768,state_ticket_70_federal_30,1.0,meaningful,-7.375841283374868,-6.7792867625549995,-8.76780183195456,-62.3878738356007,-69.20848946549768,54.45680689874794,-7.375841283374868,1,0.3333333333333333,-2.4586137611249557
2018,house,33,D,4928.0,Scott Brewer,official_consolidated_candidate_results,ALPERSON-SCOTT-BREWER,AL-2018-house-33-D-SCOTT-BREWER,0,0,SCOTT BREWER,False,ALNAME-SCOTT-BREWER,normalized_full_name,-4.425738768163811,-5.855158642696388,-1.0904257275877924,-7.295499534065399,-10.790972807189403,1.9394952708617819,state_ticket_70_federal_30,1.0,meaningful,-4.425738768163811,-5.855158642696388,-1.0904257275877924,-7.295499534065399,-10.790972807189403,1.9394952708617819,-4.425738768163811,1,0.3333333333333333,-1.4752462560546036
2018,house,33,R,10155.0,Ron Johnson,official_consolidated_candidate_results,ALPERSON-RON-JOHNSON,AL-2018-house-33-R-RON-JOHNSON,1,1,RON JOHNSON,False,ALNAME-RON-JOHNSON,normalized_full_name,-4.425738768163811,-5.855158642696388,-1.0904257275877924,-7.295499534065399,-10.790972807189403,1.9394952708617819,state_ticket_70_federal_30,1.0,meaningful,4.425738768163811,5.855158642696388,1.0904257275877924,7.295499534065399,-1.9394952708617819,10.790972807189403,17.940730997873526,3,0.6,10.764438598724116
2018,house,36,D,4256.0,Nicki Arnold-Swindle,official_consolidated_candidate_results,ALPERSON-NICKI-ARNOLD-SWINDLE,AL-2018-house-36-D-NICKI-ARNOLD-SWINDLE,0,0,NICKI ARNOLD SWINDLE,False,ALNAME-NICKI-ARNOLD-SWINDLE,normalized_full_name,-5.755548255169408,-6.60433658675754,-3.7750421481304386,8.090297689898058,-21.036918688598913,9.525822178260096,state_ticket_70_federal_30,1.0,meaningful,-5.755548255169408,-6.60433658675754,-3.7750421481304386,8.090297689898058,-21.036918688598913,9.525822178260096,-5.755548255169408,1,0.3333333333333333,-1.9185160850564693
2018,house,36,R,11399.0,Randy Wood,official_consolidated_candidate_results,ALPERSON-RANDY-WOOD,AL-2018-house-36-R-RANDY-WOOD,1,1,RANDY WOOD,False,ALNAME-RANDY-WOOD,normalized_full_name,-5.755548255169408,-6.60433658675754,-3.7750421481304386,8.090297689898058,-21.036918688598913,9.525822178260096,state_ticket_70_federal_30,1.0,meaningful,5.755548255169408,6.60433658675754,3.7750421481304386,-8.090297689898058,-9.525822178260096,21.036918688598913,11.01212865103512,2,0.5,5.50606432551756
2018,house,37,D,4505.0,Charlotte A. Clark-Frieson,official_consolidated_candidate_results,ALPERSON-CHARLOTTE-A-CLARK-FRIESON,AL-2018-house-37-D-CHARLOTTE-A-CLARK-FRIESON,0,0,CHARLOTTE A CLARK FRIESON,False,ALNAME-CHARLOTTE-A-CLARK-FRIESON,normalized_full_name,-4.795741153833916,-5.099701436867875,-4.086500493421347,-3.229088646369135,-6.795741153833916,-2.795741153833916,state_ticket_70_federal_30,1.0,meaningful,-4.795741153833916,-5.099701436867875,-4.086500493421347,-3.229088646369135,-6.795741153833916,-2.795741153833916,-4.795741153833916,1,0.3333333333333333,-1.5985803846113051
2018,house,37,R,11153.0,Bob Fincher,official_consolidated_candidate_results,ALPERSON-BOB-FINCHER,AL-2018-house-37-R-BOB-FINCHER,1,1,BOB FINCHER,False,ALNAME-BOB-FINCHER,normalized_full_name,-4.795741153833916,-5.099701436867875,-4.086500493421347,-3.229088646369135,-6.795741153833916,-2.795741153833916,state_ticket_70_federal_30,1.0,meaningful,4.795741153833916,5.099701436867875,4.086500493421347,3.229088646369135,2.795741153833916,6.795741153833916,-13.703297095317652,3,0.6,-8.22197825719059
2018,house,38,D,4944.0,Brian McGee,official_consolidated_candidate_results,ALPERSON-BRIAN-MCGEE,AL-2018-house-38-D-BRIAN-MCGEE,0,0,BRIAN MCGEE,False,ALNAME-BRIAN-MCGEE,normalized_full_name,-0.9983065952918366,-0.8293166562623355,-1.3926164530273368,-2.499847281852425,-2.9983065952918366,1.0016934047081634,state_ticket_70_federal_30,1.0,meaningful,-0.9983065952918366,-0.8293166562623355,-1.3926164530273368,-2.499847281852425,-2.9983065952918366,1.0016934047081634,-0.9983065952918366,1,0.3333333333333333,-0.3327688650972789
2018,house,38,R,11151.0,Debbie Hamby Wood,official_consolidated_candidate_results,ALPERSON-DEBBIE-HAMBY-WOOD,AL-2018-house-38-R-DEBBIE-HAMBY-WOOD,0,1,DEBBIE HAMBY WOOD,False,ALNAME-DEBBIE-HAMBY-WOOD,normalized_full_name,-0.9983065952918366,-0.8293166562623355,-1.3926164530273368,-2.499847281852425,-2.9983065952918366,1.0016934047081634,state_ticket_70_federal_30,1.0,meaningful,0.9983065952918366,0.8293166562623355,1.3926164530273368,2.499847281852425,-1.0016934047081634,2.9983065952918366,0.9983065952918366,1,0.3333333333333333,0.3327688650972789
2018,house,40,D,3819.0,Pamela Jean Howard,official_consolidated_candidate_results,ALPERSON-PAMELA-JEAN-HOWARD,AL-2018-house-40-D-PAMELA-JEAN-HOWARD,0,0,PAMELA JEAN HOWARD,False,ALNAME-PAMELA-JEAN-HOWARD,normalized_full_name,-2.348094993051305,-2.8588516560962773,-1.156329445946362,-6.544053489029828,-7.745921280502515,3.049731294399905,state_ticket_70_federal_30,1.0,meaningful,-2.348094993051305,-2.8588516560962773,-1.156329445946362,-6.544053489029828,-7.745921280502515,3.049731294399905,-2.348094993051305,1,0.3333333333333333,-0.7826983310171016
2018,house,40,R,11188.0,"Koven ""K.L."" Brown",official_consolidated_candidate_results,ALPERSON-KOVEN-K-L-BROWN,AL-2018-house-40-R-KOVEN-K-L-BROWN,1,1,KOVEN K L BROWN,False,ALNAME-KOVEN-K-L-BROWN,normalized_full_name,-2.348094993051305,-2.8588516560962773,-1.156329445946362,-6.544053489029828,-7.745921280502515,3.049731294399905,state_ticket_70_federal_30,1.0,meaningful,2.348094993051305,2.8588516560962773,1.156329445946362,6.544053489029828,-3.049731294399905,7.745921280502515,2.348094993051305,1,0.3333333333333333,0.7826983310171016
2018,house,41,D,4610.0,Emily Anne Marcum,official_consolidated_candidate_results,ALPERSON-EMILY-ANNE-MARCUM,AL-2018-house-41-D-EMILY-ANNE-MARCUM,0,0,EMILY ANNE MARCUM,False,ALNAME-EMILY-ANNE-MARCUM,normalized_full_name,-3.9039046617741704,-5.552959067743458,-0.05611104784581755,4.712129539540285,-13.972134891757499,6.164325568209158,state_ticket_70_federal_30,1.0,meaningful,-3.9039046617741704,-5.552959067743458,-0.05611104784581755,4.712129539540285,-13.972134891757499,6.164325568209158,-3.9039046617741704,1,0.3333333333333333,-1.3013015539247235
2018,house,41,R,14088.0,Corley Ellis,official_consolidated_candidate_results,ALPERSON-CORLEY-ELLIS,AL-2018-house-41-R-CORLEY-ELLIS,1,1,CORLEY ELLIS,False,ALNAME-CORLEY-ELLIS,normalized_full_name,-3.9039046617741704,-5.552959067743458,-0.05611104784581755,4.712129539540285,-13.972134891757499,6.164325568209158,state_ticket_70_federal_30,1.0,meaningful,3.9039046617741704,5.552959067743458,0.05611104784581755,-4.712129539540285,-6.164325568209158,13.972134891757499,3.9039046617741704,1,0.3333333333333333,1.3013015539247235
2018,house,43,D,5847.0,Carin Mayo,official_consolidated_candidate_results,ALPERSON-CARIN-MAYO,AL-2018-house-43-D-CARIN-MAYO,0,0,CARIN MAYO,False,ALNAME-CARIN-MAYO,normalized_full_name,-4.699897714515956,-7.372235389758217,1.535556861049315,7.538858287589257,-19.404886275772178,10.005090846740265,state_ticket_70_federal_30,1.0,meaningful,-4.699897714515956,-7.372235389758217,1.535556861049315,7.538858287589257,-19.404886275772178,10.005090846740265,-4.699897714515956,1,0.3333333333333333,-1.5666325715053184
2018,house,43,R,15035.0,Arnold G. Mooney II,official_consolidated_candidate_results,ALPERSON-ARNOLD-G-MOONEY-II,AL-2018-house-43-R-ARNOLD-G-MOONEY-II,1,1,ARNOLD G MOONEY,False,ALNAME-ARNOLD-G-MOONEY,normalized_full_name,-4.699897714515956,-7.372235389758217,1.535556861049315,7.538858287589257,-19.404886275772178,10.005090846740265,state_ticket_70_federal_30,1.0,meaningful,4.699897714515956,7.372235389758217,-1.535556861049315,-7.538858287589257,-10.005090846740265,19.404886275772178,4.699897714515956,1,0.3333333333333333,1.5666325715053184
2018,house,45,D,7148.0,Jenn Gray,official_consolidated_candidate_results,ALPERSON-JENN-GRAY,AL-2018-house-45-D-JENN-GRAY,0,0,JENN GRAY,False,ALNAME-JENN-GRAY,normalized_full_name,-0.8584954332649666,-3.0660301543143156,4.292418915850195,-10.122455144988908,-14.986105562252668,13.269114695722735,state_ticket_70_federal_30,1.0,meaningful,-0.8584954332649666,-3.0660301543143156,4.292418915850195,-10.122455144988908,-14.986105562252668,13.269114695722735,-0.8584954332649666,1,0.3333333333333333,-0.2861651444216555
2018,house,45,R,13669.0,Dickie Drake,official_consolidated_candidate_results,ALPERSON-DICKIE-DRAKE,AL-2018-house-45-R-DICKIE-DRAKE,1,1,DICKIE DRAKE,False,ALNAME-DICKIE-DRAKE,normalized_full_name,-0.8584954332649666,-3.0660301543143156,4.292418915850195,-10.122455144988908,-14.986105562252668,13.269114695722735,state_ticket_70_federal_30,1.0,meaningful,0.8584954332649666,3.0660301543143156,-4.292418915850195,10.122455144988908,-13.269114695722735,14.986105562252668,0.8584954332649666,1,0.3333333333333333,0.2861651444216555
2018,house,46,D,8445.0,Felicia Stewart,official_consolidated_candidate_results,ALPERSON-FELICIA-STEWART,AL-2018-house-46-D-FELICIA-STEWART,0,0,FELICIA STEWART,False,ALNAME-FELICIA-STEWART,normalized_full_name,-4.976600983818091,-9.322384971761238,5.16356165471592,-29.997161066869182,-39.61157605416682,29.658374086530632,state_ticket_70_federal_30,1.0,meaningful,-4.976600983818091,-9.322384971761238,5.16356165471592,-29.997161066869182,-39.61157605416682,29.658374086530632,-4.976600983818091,1,0.3333333333333333,-1.6588669946060304
2018,house,46,R,13341.0,David Faulkner,official_consolidated_candidate_results,ALPERSON-DAVID-FAULKNER,AL-2018-house-46-R-DAVID-FAULKNER,1,1,DAVID FAULKNER,False,ALNAME-DAVID-FAULKNER,normalized_full_name,-4.976600983818091,-9.322384971761238,5.16356165471592,-29.997161066869182,-39.61157605416682,29.658374086530632,state_ticket_70_federal_30,1.0,meaningful,4.976600983818091,9.322384971761238,-5.16356165471592,29.997161066869182,-29.658374086530632,39.61157605416682,4.976600983818091,1,0.3333333333333333,1.6588669946060304
2018,house,47,D,7721.0,Jim Toomey,official_consolidated_candidate_results,ALPERSON-JIM-TOOMEY,AL-2018-house-47-D-JIM-TOOMEY,0,0,JIM TOOMEY,False,ALNAME-JIM-TOOMEY,normalized_full_name,0.14572856713048132,-2.9290916966618656,7.320309182645959,-16.102546120266375,-22.868214274399186,23.159671408660145,state_ticket_70_federal_30,1.0,meaningful,0.14572856713048132,-2.9290916966618656,7.320309182645959,-16.102546120266375,-22.868214274399186,23.159671408660145,0.14572856713048132,1,0.3333333333333333,0.04857618904349377
2018,house,47,R,9170.0,David Wheeler,official_consolidated_candidate_results,ALPERSON-DAVID-WHEELER,AL-2018-house-47-R-DAVID-WHEELER,0,1,DAVID WHEELER,False,ALNAME-DAVID-WHEELER,normalized_full_name,0.14572856713048132,-2.9290916966618656,7.320309182645959,-16.102546120266375,-22.868214274399186,23.159671408660145,state_ticket_70_federal_30,1.0,meaningful,-0.14572856713048132,2.9290916966618656,-7.320309182645959,16.102546120266375,-23.159671408660145,22.868214274399186,-0.14572856713048132,1,0.3333333333333333,-0.04857618904349377
2018,house,48,D,7832.0,Alli Summerford,official_consolidated_candidate_results,ALPERSON-ALLI-SUMMERFORD,AL-2018-house-48-D-ALLI-SUMMERFORD,0,0,ALLI SUMMERFORD,False,ALNAME-ALLI-SUMMERFORD,normalized_full_name,0.5509994325132226,-3.5354528333639195,10.086054719559904,-29.331279874537834,-38.68733597846171,39.789334843488156,state_ticket_70_federal_30,1.0,meaningful,0.5509994325132226,-3.5354528333639195,10.086054719559904,-29.331279874537834,-38.68733597846171,39.789334843488156,0.5509994325132226,1,0.3333333333333333,0.1836664775044075
2018,house,48,R,14789.0,Jim Carns,official_consolidated_candidate_results,ALPERSON-JIM-CARNS,AL-2018-house-48-R-JIM-CARNS,1,1,JIM CARNS,False,ALNAME-JIM-CARNS,normalized_full_name,0.5509994325132226,-3.5354528333639195,10.086054719559904,-29.331279874537834,-38.68733597846171,39.789334843488156,state_ticket_70_federal_30,1.0,meaningful,-0.5509994325132226,3.5354528333639195,-10.086054719559904,29.331279874537834,-39.789334843488156,38.68733597846171,-0.5509994325132226,1,0.3333333333333333,-0.1836664775044075
2018,house,51,D,3174.0,Veronica R. Johnson,official_consolidated_candidate_results,ALPERSON-VERONICA-R-JOHNSON,AL-2018-house-51-D-VERONICA-R-JOHNSON,0,0,VERONICA R JOHNSON,False,ALNAME-VERONICA-R-JOHNSON,normalized_full_name,-9.44358512464072,-12.171044492588457,-3.0795132660959794,-73.32879662556907,-84.32605311254603,65.4388828632646,state_ticket_70_federal_30,1.0,meaningful,-9.44358512464072,-12.171044492588457,-3.0795132660959794,-73.32879662556907,-84.32605311254603,65.4388828632646,-9.44358512464072,1,0.3333333333333333,-3.147861708213573
2018,house,51,R,15390.0,Allen Treadaway,official_consolidated_candidate_results,ALPERSON-ALLEN-TREADAWAY,AL-2018-house-51-R-ALLEN-TREADAWAY,1,1,ALLEN TREADAWAY,False,ALNAME-ALLEN-TREADAWAY,normalized_full_name,-9.44358512464072,-12.171044492588457,-3.0795132660959794,-73.32879662556907,-84.32605311254603,65.4388828632646,state_ticket_70_federal_30,1.0,meaningful,9.44358512464072,12.171044492588457,3.0795132660959794,73.32879662556907,-65.4388828632646,84.32605311254603,9.44358512464072,1,0.3333333333333333,3.147861708213573
2018,house,61,D,6491.0,"Thomas ""Tommy"" Hyche",official_consolidated_candidate_results,ALPERSON-THOMAS-TOMMY-HYCHE,AL-2018-house-61-D-THOMAS-TOMMY-HYCHE,0,0,THOMAS TOMMY HYCHE,False,ALNAME-THOMAS-TOMMY-HYCHE,normalized_full_name,2.2188461820599947,-5.592594764942991,20.44554172506697,-5.3936291902835904,-27.13415130044018,31.57184366456017,state_ticket_70_federal_30,1.0,meaningful,2.2188461820599947,-5.592594764942991,20.44554172506697,-5.3936291902835904,-27.13415130044018,31.57184366456017,2.2188461820599947,1,0.3333333333333333,0.7396153940199982
2018,house,61,R,12407.0,Rodney Sullivan,official_consolidated_candidate_results,ALPERSON-RODNEY-SULLIVAN,AL-2018-house-61-R-RODNEY-SULLIVAN,0,1,RODNEY SULLIVAN,False,ALNAME-RODNEY-SULLIVAN,normalized_full_name,2.2188461820599947,-5.592594764942991,20.44554172506697,-5.3936291902835904,-27.13415130044018,31.57184366456017,state_ticket_70_federal_30,1.0,meaningful,-2.2188461820599947,5.592594764942991,-20.44554172506697,5.3936291902835904,-31.57184366456017,27.13415130044018,-2.2188461820599947,1,0.3333333333333333,-0.7396153940199982
2018,house,62,D,5265.0,Will Benton,official_consolidated_candidate_results,ALPERSON-WILL-BENTON,AL-2018-house-62-D-WILL-BENTON,0,0,WILL BENTON,False,ALNAME-WILL-BENTON,normalized_full_name,-8.523318586091023,-8.523318586091023,24.415547152213,-8.669789331088186,-45.880303467508575,28.83366629532653,state_ticket_vote_weighted,1.0,meaningful,-8.523318586091023,-8.523318586091023,24.415547152213,-8.669789331088186,-45.880303467508575,28.83366629532653,-8.523318586091023,1,0.3333333333333333,-2.841106195363674
2018,house,62,R,11282.0,Rich Wingo,official_consolidated_candidate_results,ALPERSON-RICH-WINGO,AL-2018-house-62-R-RICH-WINGO,1,1,RICH WINGO,False,ALNAME-RICH-WINGO,normalized_full_name,-8.523318586091023,-8.523318586091023,24.415547152213,-8.669789331088186,-45.880303467508575,28.83366629532653,state_ticket_vote_weighted,1.0,meaningful,8.523318586091023,8.523318586091023,-24.415547152213,8.669789331088186,-28.83366629532653,45.880303467508575,8.523318586091023,1,0.3333333333333333,2.841106195363674
2018,house,64,D,4022.0,Amber Selman-Lynn,official_consolidated_candidate_results,ALPERSON-AMBER-SELMAN-LYNN,AL-2018-house-64-D-AMBER-SELMAN-LYNN,0,0,AMBER SELMAN LYNN,False,ALNAME-AMBER-SELMAN-LYNN,normalized_full_name,-0.9523915235410954,-2.625869316404561,2.9523899931403506,1.921438538866795,-6.769875276996712,4.865092229914521,state_ticket_70_federal_30,1.0,meaningful,-0.9523915235410954,-2.625869316404561,2.9523899931403506,1.921438538866795,-6.769875276996712,4.865092229914521,-0.9523915235410954,1,0.3333333333333333,-0.3174638411803651
2018,house,64,R,13030.0,Harry Shiver,official_consolidated_candidate_results,ALPERSON-HARRY-SHIVER,AL-2018-house-64-R-HARRY-SHIVER,1,1,HARRY SHIVER,False,ALNAME-HARRY-SHIVER,normalized_full_name,-0.9523915235410954,-2.625869316404561,2.9523899931403506,1.921438538866795,-6.769875276996712,4.865092229914521,state_ticket_70_federal_30,1.0,meaningful,0.9523915235410954,2.625869316404561,-2.9523899931403506,-1.921438538866795,-4.865092229914521,6.769875276996712,0.061117512867546964,2,0.5,0.030558756433773482
2018,house,65,D,9010.0,Elaine Beech,official_consolidated_candidate_results,ALPERSON-ELAINE-BEECH,AL-2018-house-65-D-ELAINE-BEECH,1,0,ELAINE BEECH,False,ALNAME-ELAINE-BEECH,normalized_full_name,19.881073594336776,13.869472448890749,33.908142933710835,17.77116627385618,-0.9413097600058897,40.703456948679445,state_ticket_70_federal_30,1.0,meaningful,19.881073594336776,13.869472448890749,33.908142933710835,17.77116627385618,-0.9413097600058897,40.703456948679445,19.881073594336776,1,0.3333333333333333,6.627024531445592
2018,house,65,R,10095.0,Brett Easterbrook,official_consolidated_candidate_results,ALPERSON-BRETT-EASTERBROOK,AL-2018-house-65-R-BRETT-EASTERBROOK,0,1,BRETT EASTERBROOK,False,ALNAME-BRETT-EASTERBROOK,normalized_full_name,19.881073594336776,13.869472448890749,33.908142933710835,17.77116627385618,-0.9413097600058897,40.703456948679445,state_ticket_70_federal_30,1.0,meaningful,-19.881073594336776,-13.869472448890749,-33.908142933710835,-17.77116627385618,-40.703456948679445,0.9413097600058897,-19.881073594336776,1,0.3333333333333333,-6.627024531445592
2018,house,66,D,4008.0,Susan E. Smith,official_consolidated_candidate_results,ALPERSON-SUSAN-E-SMITH,AL-2018-house-66-D-SUSAN-E-SMITH,0,0,SUSAN E SMITH,False,ALNAME-SUSAN-E-SMITH,normalized_full_name,-2.3892113682088763,-4.110623191580501,1.627416219658251,-2.1722041127652645,-8.11024508442824,3.331822348010486,state_ticket_70_federal_30,1.0,meaningful,-2.3892113682088763,-4.110623191580501,1.627416219658251,-2.1722041127652645,-8.11024508442824,3.331822348010486,-2.3892113682088763,1,0.3333333333333333,-0.7964037894029588
2018,house,66,R,10431.0,Alan Baker,official_consolidated_candidate_results,ALPERSON-ALAN-BAKER,AL-2018-house-66-R-ALAN-BAKER,1,1,ALAN BAKER,False,ALNAME-ALAN-BAKER,normalized_full_name,-2.3892113682088763,-4.110623191580501,1.627416219658251,-2.1722041127652645,-8.11024508442824,3.331822348010486,state_ticket_70_federal_30,1.0,meaningful,2.3892113682088763,4.110623191580501,-1.627416219658251,2.1722041127652645,-3.331822348010486,8.11024508442824,0.3034308005060069,2,0.5,0.15171540025300345
2018,house,73,D,5772.0,Jack Jacobs,official_consolidated_candidate_results,ALPERSON-JACK-JACOBS,AL-2018-house-73-D-JACK-JACOBS,0,0,JACK JACOBS,False,ALNAME-JACK-JACOBS,normalized_full_name,-6.552027098501529,-8.518000098811754,-1.9647567644443313,11.657766601174252,-26.724793339824178,13.620739142821119,state_ticket_70_federal_30,1.0,meaningful,-6.552027098501529,-8.518000098811754,-1.9647567644443313,11.657766601174252,-26.724793339824178,13.620739142821119,-6.552027098501529,1,0.3333333333333333,-2.184009032833843
2018,house,73,R,12913.0,Matt Fridy,official_consolidated_candidate_results,ALPERSON-MATT-FRIDY,AL-2018-house-73-R-MATT-FRIDY,1,1,MATT FRIDY,False,ALNAME-MATT-FRIDY,normalized_full_name,-6.552027098501529,-8.518000098811754,-1.9647567644443313,11.657766601174252,-26.724793339824178,13.620739142821119,state_ticket_70_federal_30,1.0,meaningful,6.552027098501529,8.518000098811754,1.9647567644443313,-11.657766601174252,-13.620739142821119,26.724793339824178,6.552027098501529,1,0.3333333333333333,2.184009032833843
2018,house,74,D,6160.0,Rayford Mack,official_consolidated_candidate_results,ALPERSON-RAYFORD-MACK,AL-2018-house-74-D-RAYFORD-MACK,0,0,RAYFORD MACK,False,ALNAME-RAYFORD-MACK,normalized_full_name,-15.227227600735581,-15.08255822365804,-15.564789480583178,-47.882700900670784,-52.07426587781904,21.619810676347875,state_ticket_70_federal_30,1.0,meaningful,-15.227227600735581,-15.08255822365804,-15.564789480583178,-47.882700900670784,-52.07426587781904,21.619810676347875,-15.227227600735581,1,0.3333333333333333,-5.075742533578527
2018,house,74,R,9449.0,Dimitri Polizos,official_consolidated_candidate_results,ALPERSON-DIMITRI-POLIZOS,AL-2018-house-74-R-DIMITRI-POLIZOS,1,1,DIMITRI POLIZOS,False,ALNAME-DIMITRI-POLIZOS,normalized_full_name,-15.227227600735581,-15.08255822365804,-15.564789480583178,-47.882700900670784,-52.07426587781904,21.619810676347875,state_ticket_70_federal_30,1.0,meaningful,15.227227600735581,15.08255822365804,15.564789480583178,47.882700900670784,-21.619810676347875,52.07426587781904,20.281761828975572,2,0.5,10.140880914487786
2018,house,79,D,7015.0,Mary Wynne Kling,official_consolidated_candidate_results,ALPERSON-MARY-WYNNE-KLING,AL-2018-house-79-D-MARY-WYNNE-KLING,0,0,MARY WYNNE KLING,False,ALNAME-MARY-WYNNE-KLING,normalized_full_name,-12.01567364385826,-10.518334486845603,-15.509465010221131,1.5344047600593065,-29.18989341658877,5.158546128872249,state_ticket_70_federal_30,1.0,meaningful,-12.01567364385826,-10.518334486845603,-15.509465010221131,1.5344047600593065,-29.18989341658877,5.158546128872249,-12.01567364385826,1,0.3333333333333333,-4.0052245479527535
2018,house,79,R,9717.0,Joe Lovvorn,official_consolidated_candidate_results,ALPERSON-JOE-LOVVORN,AL-2018-house-79-R-JOE-LOVVORN,1,1,JOE LOVVORN,False,ALNAME-JOE-LOVVORN,normalized_full_name,-12.01567364385826,-10.518334486845603,-15.509465010221131,1.5344047600593065,-29.18989341658877,5.158546128872249,state_ticket_70_federal_30,1.0,meaningful,12.01567364385826,10.518334486845603,15.509465010221131,-1.5344047600593065,-5.158546128872249,29.18989341658877,12.01567364385826,1,0.3333333333333333,4.0052245479527535
2018,house,80,D,3407.0,"Christopher F. ""Apostle"" Davis",official_consolidated_candidate_results,ALPERSON-CHRISTOPHER-F-APOSTLE-DAVIS,AL-2018-house-80-D-CHRISTOPHER-F-APOSTLE-DAVIS,0,0,CHRISTOPHER F APOSTLE DAVIS,False,ALNAME-CHRISTOPHER-F-APOSTLE-DAVIS,normalized_full_name,-10.282358227767489,-10.334442141612882,-10.160829095461565,-11.408160021681883,-12.282358227767489,-8.282358227767489,state_ticket_70_federal_30,1.0,meaningful,-10.282358227767489,-10.334442141612882,-10.160829095461565,-11.408160021681883,-12.282358227767489,-8.282358227767489,-10.282358227767489,1,0.3333333333333333,-3.4274527425891628
2018,house,80,R,8506.0,Chris E. Blackshear,official_consolidated_candidate_results,ALPERSON-CHRIS-E-BLACKSHEAR,AL-2018-house-80-R-CHRIS-E-BLACKSHEAR,1,1,CHRIS E BLACKSHEAR,False,ALNAME-CHRIS-E-BLACKSHEAR,normalized_full_name,-10.282358227767489,-10.334442141612882,-10.160829095461565,-11.408160021681883,-12.282358227767489,-8.282358227767489,state_ticket_70_federal_30,1.0,meaningful,10.282358227767489,10.334442141612882,10.160829095461565,11.408160021681883,8.282358227767489,12.282358227767489,10.282358227767489,1,0.3333333333333333,3.4274527425891628
2018,house,81,D,4696.0,"Jeremy ""J.J."" Jeffcoat",official_consolidated_candidate_results,ALPERSON-JEREMY-J-J-JEFFCOAT,AL-2018-house-81-D-JEREMY-J-J-JEFFCOAT,0,0,JEREMY J J JEFFCOAT,False,ALNAME-JEREMY-J-J-JEFFCOAT,normalized_full_name,-1.8399680766364739,-3.2338932833508736,1.4125240723637944,2.6575242787067026,-7.925866478140719,4.245930324867771,state_ticket_70_federal_30,1.0,meaningful,-1.8399680766364739,-3.2338932833508736,1.4125240723637944,2.6575242787067026,-7.925866478140719,4.245930324867771,-1.8399680766364739,1,0.3333333333333333,-0.613322692212158
2018,house,81,R,12823.0,Ed Oliver,official_consolidated_candidate_results,ALPERSON-ED-OLIVER,AL-2018-house-81-R-ED-OLIVER,0,1,ED OLIVER,False,ALNAME-ED-OLIVER,normalized_full_name,-1.8399680766364739,-3.2338932833508736,1.4125240723637944,2.6575242787067026,-7.925866478140719,4.245930324867771,state_ticket_70_federal_30,1.0,meaningful,1.8399680766364739,3.2338932833508736,-1.4125240723637944,-2.6575242787067026,-4.245930324867771,7.925866478140719,1.8399680766364739,1,0.3333333333333333,0.613322692212158
2018,house,83,D,8940.0,"Jeremy ""Mr. Eyg"" Gray",official_consolidated_candidate_results,ALPERSON-JEREMY-MR-EYG-GRAY,AL-2018-house-83-D-JEREMY-MR-EYG-GRAY,0,1,JEREMY MR EYG GRAY,False,ALNAME-JEREMY-MR-EYG-GRAY,normalized_full_name,10.49591474920556,10.644613816896157,10.148950257927495,22.986818456218614,-3.7593310669461104,24.75116056535723,state_ticket_70_federal_30,1.0,meaningful,10.49591474920556,10.644613816896157,10.148950257927495,22.986818456218614,-3.7593310669461104,24.75116056535723,10.49591474920556,1,0.3333333333333333,3.498638249735187
2018,house,83,R,5142.0,Michael J Holden II,official_consolidated_candidate_results,ALPERSON-MICHAEL-J-HOLDEN-II,AL-2018-house-83-R-MICHAEL-J-HOLDEN-II,0,0,MICHAEL J HOLDEN,False,ALNAME-MICHAEL-J-HOLDEN,normalized_full_name,10.49591474920556,10.644613816896157,10.148950257927495,22.986818456218614,-3.7593310669461104,24.75116056535723,state_ticket_70_federal_30,1.0,meaningful,-10.49591474920556,-10.644613816896157,-10.148950257927495,-22.986818456218614,-24.75116056535723,3.7593310669461104,-10.49591474920556,1,0.3333333333333333,-3.498638249735187
2018,house,85,D,7315.0,Dexter Grimsley,official_consolidated_candidate_results,ALPERSON-DEXTER-GRIMSLEY,AL-2018-house-85-D-DEXTER-GRIMSLEY,1,1,DEXTER GRIMSLEY,False,ALNAME-DEXTER-GRIMSLEY,normalized_full_name,20.38678551837982,21.156741622927086,18.590221274436207,28.83853095903302,9.934735487203156,30.838835549556485,state_ticket_70_federal_30,1.0,meaningful,20.38678551837982,21.156741622927086,18.590221274436207,28.83853095903302,9.934735487203156,30.838835549556485,17.07397718563143,3,0.6,10.24438631137886
2018,house,85,R,6266.0,J. Ron Wilson,official_consolidated_candidate_results,ALPERSON-J-RON-WILSON,AL-2018-house-85-R-J-RON-WILSON,0,0,J RON WILSON,False,ALNAME-J-RON-WILSON,normalized_full_name,20.38678551837982,21.156741622927086,18.590221274436207,28.83853095903302,9.934735487203156,30.838835549556485,state_ticket_70_federal_30,1.0,meaningful,-20.38678551837982,-21.156741622927086,-18.590221274436207,-28.83853095903302,-30.838835549556485,-9.934735487203156,-20.38678551837982,1,0.3333333333333333,-6.7955951727932735
2018,house,86,D,3238.0,Kristy M. Kirkland,official_consolidated_candidate_results,ALPERSON-KRISTY-M-KIRKLAND,AL-2018-house-86-D-KRISTY-M-KIRKLAND,0,0,KRISTY M KIRKLAND,False,ALNAME-KRISTY-M-KIRKLAND,normalized_full_name,-5.088826640725493,-3.9122670729955615,-7.834132298762015,-0.7179251368504254,-12.074847523458391,1.897194242007405,state_ticket_70_federal_30,1.0,meaningful,-5.088826640725493,-3.9122670729955615,-7.834132298762015,-0.7179251368504254,-12.074847523458391,1.897194242007405,-5.088826640725493,1,0.3333333333333333,-1.6962755469084976
2018,house,86,R,11226.0,Paul W. Lee,official_consolidated_candidate_results,ALPERSON-PAUL-W-LEE,AL-2018-house-86-R-PAUL-W-LEE,1,1,PAUL W LEE,False,ALNAME-PAUL-W-LEE,normalized_full_name,-5.088826640725493,-3.9122670729955615,-7.834132298762015,-0.7179251368504254,-12.074847523458391,1.897194242007405,state_ticket_70_federal_30,1.0,meaningful,5.088826640725493,3.9122670729955615,7.834132298762015,0.7179251368504254,-1.897194242007405,12.074847523458391,5.088826640725493,1,0.3333333333333333,1.6962755469084976
2018,house,88,D,4793.0,Cory Creel,official_consolidated_candidate_results,ALPERSON-CORY-CREEL,AL-2018-house-88-D-CORY-CREEL,0,0,CORY CREEL,False,ALNAME-CORY-CREEL,normalized_full_name,-6.493618161733522,-5.826390658662653,-8.050482335565547,9.27105153526508,-24.96542462397388,11.978188300506837,state_ticket_70_federal_30,1.0,meaningful,-6.493618161733522,-5.826390658662653,-8.050482335565547,9.27105153526508,-24.96542462397388,11.978188300506837,-6.493618161733522,1,0.3333333333333333,-2.164539387244507
2018,house,88,R,11500.0,Will Dismukes,official_consolidated_candidate_results,ALPERSON-WILL-DISMUKES,AL-2018-house-88-R-WILL-DISMUKES,0,1,WILL DISMUKES,False,ALNAME-WILL-DISMUKES,normalized_full_name,-6.493618161733522,-5.826390658662653,-8.050482335565547,9.27105153526508,-24.96542462397388,11.978188300506837,state_ticket_70_federal_30,1.0,meaningful,6.493618161733522,5.826390658662653,8.050482335565547,-9.27105153526508,-11.978188300506837,24.96542462397388,6.493618161733522,1,0.3333333333333333,2.164539387244507
2018,house,89,D,5348.0,Joel Lee Williams,official_consolidated_candidate_results,ALPERSON-JOEL-LEE-WILLIAMS,AL-2018-house-89-D-JOEL-LEE-WILLIAMS,0,0,JOEL LEE WILLIAMS,False,ALNAME-JOEL-LEE-WILLIAMS,normalized_full_name,4.682068023542207,5.536514442350811,2.6883597129888095,9.30970498976346,-1.8279240598224256,11.19206010690684,state_ticket_70_federal_30,1.0,meaningful,4.682068023542207,5.536514442350811,2.6883597129888095,9.30970498976346,-1.8279240598224256,11.19206010690684,9.346657507785775,2,0.5,4.673328753892887
2018,house,89,R,7804.0,Wes Allen,official_consolidated_candidate_results,ALPERSON-WES-ALLEN,AL-2018-house-89-R-WES-ALLEN,0,1,WES ALLEN,False,ALNAME-WES-ALLEN,normalized_full_name,4.682068023542207,5.536514442350811,2.6883597129888095,9.30970498976346,-1.8279240598224256,11.19206010690684,state_ticket_70_federal_30,1.0,meaningful,-4.682068023542207,-5.536514442350811,-2.6883597129888095,-9.30970498976346,-11.19206010690684,1.8279240598224256,-4.682068023542207,1,0.3333333333333333,-1.5606893411807357
2018,house,90,D,6051.0,Joanne Whetstone,official_consolidated_candidate_results,ALPERSON-JOANNE-WHETSTONE,AL-2018-house-90-D-JOANNE-WHETSTONE,0,0,JOANNE WHETSTONE,False,ALNAME-JOANNE-WHETSTONE,normalized_full_name,-6.9245362329228755,-6.097490661118179,-8.854309233800496,-5.8113226250576915,-10.218046684331913,-3.631025781513837,state_ticket_70_federal_30,1.0,meaningful,-6.9245362329228755,-6.097490661118179,-8.854309233800496,-5.8113226250576915,-10.218046684331913,-3.631025781513837,-6.9245362329228755,1,0.3333333333333333,-2.308178744307625
2018,house,90,R,11063.0,Chris Sells,official_consolidated_candidate_results,ALPERSON-CHRIS-SELLS,AL-2018-house-90-R-CHRIS-SELLS,1,1,CHRIS SELLS,False,ALNAME-CHRIS-SELLS,normalized_full_name,-6.9245362329228755,-6.097490661118179,-8.854309233800496,-5.8113226250576915,-10.218046684331913,-3.631025781513837,state_ticket_70_federal_30,1.0,meaningful,6.9245362329228755,6.097490661118179,8.854309233800496,5.8113226250576915,3.631025781513837,10.218046684331913,2.6762376069078044,2,0.5,1.3381188034539022
2018,house,94,D,6257.0,Danielle Mashburn-Myrick,official_consolidated_candidate_results,ALPERSON-DANIELLE-MASHBURN-MYRICK,AL-2018-house-94-D-DANIELLE-MASHBURN-MYRICK,0,0,DANIELLE MASHBURN MYRICK,False,ALNAME-DANIELLE-MASHBURN-MYRICK,normalized_full_name,5.054316927013211,2.6166743022305496,10.742149718172776,17.445151326795454,-9.499861272767614,19.608495126794036,state_ticket_70_federal_30,1.0,meaningful,5.054316927013211,2.6166743022305496,10.742149718172776,17.445151326795454,-9.499861272767614,19.608495126794036,5.054316927013211,1,0.3333333333333333,1.6847723090044036
2018,house,94,R,15302.0,Joe Faust,official_consolidated_candidate_results,ALPERSON-JOE-FAUST,AL-2018-house-94-R-JOE-FAUST,1,1,JOE FAUST,False,ALNAME-JOE-FAUST,normalized_full_name,5.054316927013211,2.6166743022305496,10.742149718172776,17.445151326795454,-9.499861272767614,19.608495126794036,state_ticket_70_federal_30,1.0,meaningful,-5.054316927013211,-2.6166743022305496,-10.742149718172776,-17.445151326795454,-19.608495126794036,9.499861272767614,5.188114342936249,2,0.5,2.5940571714681244
2018,house,96,D,5019.0,Maurice Horsey,official_consolidated_candidate_results,ALPERSON-MAURICE-HORSEY,AL-2018-house-96-D-MAURICE-HORSEY,0,0,MAURICE HORSEY,False,ALNAME-MAURICE-HORSEY,normalized_full_name,-6.44906204247917,-8.783833301551645,-1.0012624379767203,7.205628610095744,-22.120573805432084,9.222449720473744,state_ticket_70_federal_30,1.0,meaningful,-6.44906204247917,-8.783833301551645,-1.0012624379767203,7.205628610095744,-22.120573805432084,9.222449720473744,-6.44906204247917,1,0.3333333333333333,-2.1496873474930567
2018,house,96,R,13699.0,Matt Simpson,official_consolidated_candidate_results,ALPERSON-MATT-SIMPSON,AL-2018-house-96-R-MATT-SIMPSON,0,1,MATT SIMPSON,False,ALNAME-MATT-SIMPSON,normalized_full_name,-6.44906204247917,-8.783833301551645,-1.0012624379767203,7.205628610095744,-22.120573805432084,9.222449720473744,state_ticket_70_federal_30,1.0,meaningful,6.44906204247917,8.783833301551645,1.0012624379767203,-7.205628610095744,-9.222449720473744,22.120573805432084,6.44906204247917,1,0.3333333333333333,2.1496873474930567
2018,house,97,D,8740.0,Adline C. Clarke,official_consolidated_candidate_results,ALPERSON-ADLINE-C-CLARKE,AL-2018-house-97-D-ADLINE-C-CLARKE,1,1,ADLINE C CLARKE,False,ALNAME-ADLINE-C-CLARKE,normalized_full_name,-8.04008741277504,-9.963513307166576,-3.5520936591947994,6.8065824549948175,-24.62583750258535,8.54566267703527,state_ticket_70_federal_30,1.0,meaningful,-8.04008741277504,-9.963513307166576,-3.5520936591947994,6.8065824549948175,-24.62583750258535,8.54566267703527,-8.04008741277504,1,0.3333333333333333,-2.68002913759168
2018,house,97,R,4605.0,Stephen McNair,official_consolidated_candidate_results,ALPERSON-STEPHEN-MCNAIR,AL-2018-house-97-R-STEPHEN-MCNAIR,0,0,STEPHEN MCNAIR,False,ALNAME-STEPHEN-MCNAIR,normalized_full_name,-8.04008741277504,-9.963513307166576,-3.5520936591947994,6.8065824549948175,-24.62583750258535,8.54566267703527,state_ticket_70_federal_30,1.0,meaningful,8.04008741277504,9.963513307166576,3.5520936591947994,-6.8065824549948175,-8.54566267703527,24.62583750258535,8.04008741277504,1,0.3333333333333333,2.68002913759168
2018,house,99,D,11794.0,Sam Jones,official_consolidated_candidate_results,ALPERSON-SAM-JONES,AL-2018-house-99-D-SAM-JONES,0,1,SAM JONES,False,ALNAME-SAM-JONES,normalized_full_name,0.7266339905315817,0.02117980805653019,2.3726937496400424,18.581383452467012,-19.08023680423235,20.533504785295513,state_ticket_70_federal_30,1.0,meaningful,0.7266339905315817,0.02117980805653019,2.3726937496400424,18.581383452467012,-19.08023680423235,20.533504785295513,0.7266339905315817,1,0.3333333333333333,0.2422113301771939
2018,house,99,R,4270.0,Charles W. Talbert,official_consolidated_candidate_results,ALPERSON-CHARLES-W-TALBERT,AL-2018-house-99-R-CHARLES-W-TALBERT,0,0,CHARLES W TALBERT,False,ALNAME-CHARLES-W-TALBERT,normalized_full_name,0.7266339905315817,0.02117980805653019,2.3726937496400424,18.581383452467012,-19.08023680423235,20.533504785295513,state_ticket_70_federal_30,1.0,meaningful,-0.7266339905315817,-0.02117980805653019,-2.3726937496400424,-18.581383452467012,-20.533504785295513,19.08023680423235,-0.7266339905315817,1,0.3333333333333333,-0.2422113301771939
2018,house,104,D,4695.0,Arlene Cunningham Easley,official_consolidated_candidate_results,ALPERSON-ARLENE-CUNNINGHAM-EASLEY,AL-2018-house-104-D-ARLENE-CUNNINGHAM-EASLEY,0,0,ARLENE CUNNINGHAM EASLEY,False,ALNAME-ARLENE-CUNNINGHAM-EASLEY,normalized_full_name,-6.952727509924902,-9.155988362497133,-1.8117855205896944,2.3356239379412003,-18.358835028805263,4.45338000895546,state_ticket_70_federal_30,1.0,meaningful,-6.952727509924902,-9.155988362497133,-1.8117855205896944,2.3356239379412003,-18.358835028805263,4.45338000895546,-6.952727509924902,1,0.3333333333333333,-2.317575836641634
2018,house,104,R,10152.0,Margie Wilcox,official_consolidated_candidate_results,ALPERSON-MARGIE-WILCOX,AL-2018-house-104-R-MARGIE-WILCOX,1,1,MARGIE WILCOX,False,ALNAME-MARGIE-WILCOX,normalized_full_name,-6.952727509924902,-9.155988362497133,-1.8117855205896944,2.3356239379412003,-18.358835028805263,4.45338000895546,state_ticket_70_federal_30,1.0,meaningful,6.952727509924902,9.155988362497133,1.8117855205896944,-2.3356239379412003,-4.45338000895546,18.358835028805263,6.952727509924902,1,0.3333333333333333,2.317575836641634
2018,senate,1,D,15830.0,Caroline Self,official_consolidated_candidate_results,ALPERSON-CAROLINE-SELF,AL-2018-senate-1-D-CAROLINE-SELF,0,0,CAROLINE SELF,False,ALNAME-CAROLINE-SELF,normalized_full_name,-0.1231814757595302,-0.5306166112901423,0.8275005071452313,12.168666438281718,-13.79030698223139,13.54394403071233,state_ticket_70_federal_30,1.0,meaningful,-0.1231814757595302,-0.5306166112901423,0.8275005071452313,12.168666438281718,-13.79030698223139,13.54394403071233,-0.1231814757595302,1,0.3333333333333333,-0.0410604919198434
2018,senate,1,R,33141.0,Tim Melson,official_consolidated_candidate_results,ALPERSON-TIM-MELSON,AL-2018-senate-1-R-TIM-MELSON,1,1,TIM MELSON,False,ALNAME-TIM-MELSON,normalized_full_name,-0.1231814757595302,-0.5306166112901423,0.8275005071452313,12.168666438281718,-13.79030698223139,13.54394403071233,state_ticket_70_federal_30,1.0,meaningful,0.1231814757595302,0.5306166112901423,-0.8275005071452313,-12.168666438281718,-13.54394403071233,13.79030698223139,-5.205081069883599,2,0.5,-2.6025405349417996
2018,senate,2,D,26911.0,Amy Wasyluka,official_consolidated_candidate_results,ALPERSON-AMY-WASYLUKA,AL-2018-senate-2-D-AMY-WASYLUKA,0,0,AMY WASYLUKA,False,ALNAME-AMY-WASYLUKA,normalized_full_name,-0.5662983061515181,-0.45654545883577846,-0.8223882832215752,8.153359953645873,-10.522775768898278,9.390179156595241,state_ticket_70_federal_30,1.0,meaningful,-0.5662983061515181,-0.45654545883577846,-0.8223882832215752,8.153359953645873,-10.522775768898278,9.390179156595241,-0.5662983061515181,1,0.3333333333333333,-0.18876610205050603
2018,senate,2,R,31997.0,Tom Butler,official_consolidated_candidate_results,ALPERSON-TOM-BUTLER,AL-2018-senate-2-R-TOM-BUTLER,0,1,TOM BUTLER,False,ALNAME-TOM-BUTLER,normalized_full_name,-0.5662983061515181,-0.45654545883577846,-0.8223882832215752,8.153359953645873,-10.522775768898278,9.390179156595241,state_ticket_70_federal_30,1.0,meaningful,0.5662983061515181,0.45654545883577846,0.8223882832215752,-8.153359953645873,-9.390179156595241,10.522775768898278,20.759307104497193,3,0.6,12.455584262698315
2018,senate,6,D,21796.0,Johnny Mack Morrow,official_consolidated_candidate_results,ALPERSON-JOHNNY-MACK-MORROW,AL-2018-senate-6-D-JOHNNY-MACK-MORROW,0,0,JOHNNY MACK MORROW,False,ALNAME-JOHNNY-MACK-MORROW,normalized_full_name,24.91288328719966,21.93860104649227,31.85287518218357,41.580032304503185,5.663989498872528,44.161777075526786,state_ticket_70_federal_30,1.0,meaningful,24.91288328719966,21.93860104649227,31.85287518218357,41.580032304503185,5.663989498872528,44.161777075526786,34.47673772828458,2,0.5,17.23836886414229
2018,senate,6,R,22683.0,Larry Stutts,official_consolidated_candidate_results,ALPERSON-LARRY-STUTTS,AL-2018-senate-6-R-LARRY-STUTTS,1,1,LARRY STUTTS,False,ALNAME-LARRY-STUTTS,normalized_full_name,24.91288328719966,21.93860104649227,31.85287518218357,41.580032304503185,5.663989498872528,44.161777075526786,state_ticket_70_federal_30,1.0,meaningful,-24.91288328719966,-21.93860104649227,-31.85287518218357,-41.580032304503185,-44.161777075526786,-5.663989498872528,-21.495032240734798,2,0.5,-10.747516120367399
2018,senate,7,D,24363.0,Deborah Barros,official_consolidated_candidate_results,ALPERSON-DEBORAH-BARROS,AL-2018-senate-7-D-DEBORAH-BARROS,0,0,DEBORAH BARROS,False,ALNAME-DEBORAH-BARROS,normalized_full_name,-6.362415024577876,-5.753324901711325,-7.783625311266494,5.315483668877453,-20.180699962989593,7.455869913833842,state_ticket_70_federal_30,1.0,meaningful,-6.362415024577876,-5.753324901711325,-7.783625311266494,5.315483668877453,-20.180699962989593,7.455869913833842,-6.362415024577876,1,0.3333333333333333,-2.120805008192625
2018,senate,7,R,30080.0,Sam Givhan,official_consolidated_candidate_results,ALPERSON-SAM-GIVHAN,AL-2018-senate-7-R-SAM-GIVHAN,0,1,SAM GIVHAN,False,ALNAME-SAM-GIVHAN,normalized_full_name,-6.362415024577876,-5.753324901711325,-7.783625311266494,5.315483668877453,-20.180699962989593,7.455869913833842,state_ticket_70_federal_30,1.0,meaningful,6.362415024577876,5.753324901711325,7.783625311266494,-5.315483668877453,-7.455869913833842,20.180699962989593,6.362415024577876,1,0.3333333333333333,2.120805008192625
2018,senate,11,D,11411.0,Carl Carter,official_consolidated_candidate_results,ALPERSON-CARL-CARTER,AL-2018-senate-11-D-CARL-CARTER,0,0,CARL CARTER,False,ALNAME-CARL-CARTER,normalized_full_name,-4.090228133466574,-5.525426751754395,-0.74143135746165,-0.7294949494441738,-9.510594830708365,1.3301385637752166,state_ticket_70_federal_30,1.0,meaningful,-4.090228133466574,-5.525426751754395,-0.74143135746165,-0.7294949494441738,-9.510594830708365,1.3301385637752166,-4.090228133466574,1,0.3333333333333333,-1.3634093778221914
2018,senate,11,R,36192.0,Jim McClendon,official_consolidated_candidate_results,ALPERSON-JIM-MCCLENDON,AL-2018-senate-11-R-JIM-MCCLENDON,1,1,JIM MCCLENDON,False,ALNAME-JIM-MCCLENDON,normalized_full_name,-4.090228133466574,-5.525426751754395,-0.74143135746165,-0.7294949494441738,-9.510594830708365,1.3301385637752166,state_ticket_70_federal_30,1.0,meaningful,4.090228133466574,5.525426751754395,0.74143135746165,0.7294949494441738,-1.3301385637752166,9.510594830708365,4.912329913217317,2,0.5,2.4561649566086583
2018,senate,12,D,15010.0,Jim Williams,official_consolidated_candidate_results,ALPERSON-JIM-WILLIAMS,AL-2018-senate-12-D-JIM-WILLIAMS,0,0,JIM WILLIAMS,False,ALNAME-JIM-WILLIAMS,normalized_full_name,3.4771513521006803,2.830062423539122,4.987025518744321,11.725828877715575,-5.617988592149656,12.572291296351016,state_ticket_70_federal_30,1.0,meaningful,3.4771513521006803,2.830062423539122,4.987025518744321,11.725828877715575,-5.617988592149656,12.572291296351016,3.4771513521006803,1,0.3333333333333333,1.1590504507002266
2018,senate,12,R,27416.0,Del Marsh,official_consolidated_candidate_results,ALPERSON-DEL-MARSH,AL-2018-senate-12-R-DEL-MARSH,1,1,DEL MARSH,False,ALNAME-DEL-MARSH,normalized_full_name,3.4771513521006803,2.830062423539122,4.987025518744321,11.725828877715575,-5.617988592149656,12.572291296351016,state_ticket_70_federal_30,1.0,meaningful,-3.4771513521006803,-2.830062423539122,-4.987025518744321,-11.725828877715575,-12.572291296351016,5.617988592149656,-11.274299485555419,3,0.6,-6.764579691333251
2018,senate,13,D,12839.0,Darrell Turner,official_consolidated_candidate_results,ALPERSON-DARRELL-TURNER,AL-2018-senate-13-D-DARRELL-TURNER,0,0,DARRELL TURNER,False,ALNAME-DARRELL-TURNER,normalized_full_name,-1.3776044131448373,-1.7532977584495484,-0.5009866074338447,-0.06623398721745843,-3.3776044131448373,0.6223955868551627,state_ticket_70_federal_30,1.0,meaningful,-1.3776044131448373,-1.7532977584495484,-0.5009866074338447,-0.06623398721745843,-3.3776044131448373,0.6223955868551627,2.7237085397574123,2,0.5,1.3618542698787062
2018,senate,13,R,31614.0,Randy Price,official_consolidated_candidate_results,ALPERSON-RANDY-PRICE,AL-2018-senate-13-R-RANDY-PRICE,0,1,RANDY PRICE,False,ALNAME-RANDY-PRICE,normalized_full_name,-1.3776044131448373,-1.7532977584495484,-0.5009866074338447,-0.06623398721745843,-3.3776044131448373,0.6223955868551627,state_ticket_70_federal_30,1.0,meaningful,1.3776044131448373,1.7532977584495484,0.5009866074338447,0.06623398721745843,-0.6223955868551627,3.3776044131448373,1.3776044131448373,1,0.3333333333333333,0.4592014710482791
2018,senate,14,D,13171.0,Jerry McDonald,official_consolidated_candidate_results,ALPERSON-JERRY-MCDONALD,AL-2018-senate-14-D-JERRY-MCDONALD,0,0,JERRY MCDONALD,False,ALNAME-JERRY-MCDONALD,normalized_full_name,-6.199011169932689,-8.067424875517425,-1.8393791902349577,8.696229236752089,-22.80719614747164,10.409173807606262,state_ticket_70_federal_30,1.0,meaningful,-6.199011169932689,-8.067424875517425,-1.8393791902349577,8.696229236752089,-22.80719614747164,10.409173807606262,-6.199011169932689,1,0.3333333333333333,-2.0663370566442296
2018,senate,14,R,34953.0,Cam Ward,official_consolidated_candidate_results,ALPERSON-CAM-WARD,AL-2018-senate-14-R-CAM-WARD,1,1,CAM WARD,False,ALNAME-CAM-WARD,normalized_full_name,-6.199011169932689,-8.067424875517425,-1.8393791902349577,8.696229236752089,-22.80719614747164,10.409173807606262,state_ticket_70_federal_30,1.0,meaningful,6.199011169932689,8.067424875517425,1.8393791902349577,-8.696229236752089,-10.409173807606262,22.80719614747164,6.199011169932689,1,0.3333333333333333,2.0663370566442296
2018,senate,16,D,21851.0,Lindsey Deckard,official_consolidated_candidate_results,ALPERSON-LINDSEY-DECKARD,AL-2018-senate-16-D-LINDSEY-DECKARD,0,0,LINDSEY DECKARD,False,ALNAME-LINDSEY-DECKARD,normalized_full_name,-4.099730770995507,-7.272958580610322,3.3044674514390664,-11.09216353121654,-18.717425391029117,10.517963849038102,state_ticket_70_federal_30,1.0,meaningful,-4.099730770995507,-7.272958580610322,3.3044674514390664,-11.09216353121654,-18.717425391029117,10.517963849038102,-4.099730770995507,1,0.3333333333333333,-1.3665769236651688
2018,senate,16,R,37068.0,"J.T. ""Jabo"" Waggoner",official_consolidated_candidate_results,ALPERSON-J-T-JABO-WAGGONER,AL-2018-senate-16-R-J-T-JABO-WAGGONER,1,1,J T JABO WAGGONER,False,ALNAME-J-T-JABO-WAGGONER,normalized_full_name,-4.099730770995507,-7.272958580610322,3.3044674514390664,-11.09216353121654,-18.717425391029117,10.517963849038102,state_ticket_70_federal_30,1.0,meaningful,4.099730770995507,7.272958580610322,-3.3044674514390664,11.09216353121654,-10.517963849038102,18.717425391029117,4.960322617581028,3,0.6,2.9761935705486167
2018,senate,21,D,16005.0,Rick Burnham,official_consolidated_candidate_results,ALPERSON-RICK-BURNHAM,AL-2018-senate-21-D-RICK-BURNHAM,0,0,RICK BURNHAM,False,ALNAME-RICK-BURNHAM,normalized_full_name,-1.6948361893584334,-9.647373035751897,16.861083118892992,-2.612417634020929,-28.609545874340398,25.21987349562353,state_ticket_70_federal_30,1.0,meaningful,-1.6948361893584334,-9.647373035751897,16.861083118892992,-2.612417634020929,-28.609545874340398,25.21987349562353,-1.6948361893584334,1,0.3333333333333333,-0.564945396452811
2018,senate,21,R,33368.0,Gerald Allen,official_consolidated_candidate_results,ALPERSON-GERALD-ALLEN,AL-2018-senate-21-R-GERALD-ALLEN,1,1,GERALD ALLEN,False,ALNAME-GERALD-ALLEN,normalized_full_name,-1.6948361893584334,-9.647373035751897,16.861083118892992,-2.612417634020929,-28.609545874340398,25.21987349562353,state_ticket_70_federal_30,1.0,meaningful,1.6948361893584334,9.647373035751897,-16.861083118892992,2.612417634020929,-25.21987349562353,28.609545874340398,-6.75160920167661,4,0.6666666666666666,-4.50107280111774
2018,senate,25,D,20866.0,David A. Sadler,official_consolidated_candidate_results,ALPERSON-DAVID-A-SADLER,AL-2018-senate-25-D-DAVID-A-SADLER,0,0,DAVID A SADLER,False,ALNAME-DAVID-A-SADLER,normalized_full_name,-7.129646576555402,-7.2586216677810995,-6.828704697028767,-26.4285892554368,-29.069801139608995,14.810507986498191,state_ticket_70_federal_30,1.0,meaningful,-7.129646576555402,-7.2586216677810995,-6.828704697028767,-26.4285892554368,-29.069801139608995,14.810507986498191,-7.129646576555402,1,0.3333333333333333,-2.3765488588518004
2018,senate,25,R,33029.0,Will Barfoot,official_consolidated_candidate_results,ALPERSON-WILL-BARFOOT,AL-2018-senate-25-R-WILL-BARFOOT,0,1,WILL BARFOOT,False,ALNAME-WILL-BARFOOT,normalized_full_name,-7.129646576555402,-7.2586216677810995,-6.828704697028767,-26.4285892554368,-29.069801139608995,14.810507986498191,state_ticket_70_federal_30,1.0,meaningful,7.129646576555402,7.2586216677810995,6.828704697028767,26.4285892554368,-14.810507986498191,29.069801139608995,7.129646576555402,1,0.3333333333333333,2.3765488588518004
2018,senate,26,D,31973.0,"David ""Coach"" Burkette",official_consolidated_candidate_results,ALPERSON-DAVID-COACH-BURKETTE,AL-2018-senate-26-D-DAVID-COACH-BURKETTE,1,1,DAVID COACH BURKETTE,False,ALNAME-DAVID-COACH-BURKETTE,normalized_full_name,9.310013565177293,4.1361497008022425,21.382362582052394,33.71162087852527,-19.807158757305565,38.42718588766015,state_ticket_70_federal_30,1.0,meaningful,9.310013565177293,4.1361497008022425,21.382362582052394,33.71162087852527,-19.807158757305565,38.42718588766015,9.310013565177293,1,0.3333333333333333,3.1033378550590975
2018,senate,26,R,7863.0,D. J. Johnson,official_consolidated_candidate_results,ALPERSON-D-J-JOHNSON,AL-2018-senate-26-R-D-J-JOHNSON,0,0,D J JOHNSON,False,ALNAME-D-J-JOHNSON,normalized_full_name,9.310013565177293,4.1361497008022425,21.382362582052394,33.71162087852527,-19.807158757305565,38.42718588766015,state_ticket_70_federal_30,1.0,meaningful,-9.310013565177293,-4.1361497008022425,-21.382362582052394,-33.71162087852527,-38.42718588766015,19.807158757305565,-9.310013565177293,1,0.3333333333333333,-3.1033378550590975
2018,senate,27,D,20586.0,Nancy Carlton Bendinger,official_consolidated_candidate_results,ALPERSON-NANCY-CARLTON-BENDINGER,AL-2018-senate-27-D-NANCY-CARLTON-BENDINGER,0,0,NANCY CARLTON BENDINGER,False,ALNAME-NANCY-CARLTON-BENDINGER,normalized_full_name,-2.1618532443636305,-1.6461334060883672,-3.365199533672577,6.36703379956527,-12.342614824378149,8.018908335650888,state_ticket_70_federal_30,1.0,meaningful,-2.1618532443636305,-1.6461334060883672,-3.365199533672577,6.36703379956527,-12.342614824378149,8.018908335650888,-2.1618532443636305,1,0.3333333333333333,-0.7206177481212102
2018,senate,27,R,29741.0,Tom Whatley,official_consolidated_candidate_results,ALPERSON-TOM-WHATLEY,AL-2018-senate-27-R-TOM-WHATLEY,1,1,TOM WHATLEY,False,ALNAME-TOM-WHATLEY,normalized_full_name,-2.1618532443636305,-1.6461334060883672,-3.365199533672577,6.36703379956527,-12.342614824378149,8.018908335650888,state_ticket_70_federal_30,1.0,meaningful,2.1618532443636305,1.6461334060883672,3.365199533672577,-6.36703379956527,-8.018908335650888,12.342614824378149,2.6021978092591684,3,0.6,1.561318685555501
2018,senate,32,D,15193.0,Jason Fisher,official_consolidated_candidate_results,ALPERSON-JASON-FISHER,AL-2018-senate-32-D-JASON-FISHER,0,0,JASON FISHER,False,ALNAME-JASON-FISHER,normalized_full_name,-2.498223663502799,-4.728803416590161,2.7064624270343813,9.27120741923089,-16.22707250548894,11.230625178483344,state_ticket_70_federal_30,1.0,meaningful,-2.498223663502799,-4.728803416590161,2.7064624270343813,9.27120741923089,-16.22707250548894,11.230625178483344,-2.498223663502799,1,0.3333333333333333,-0.8327412211675995
2018,senate,32,R,45726.0,Chris Elliott,official_consolidated_candidate_results,ALPERSON-CHRIS-ELLIOTT,AL-2018-senate-32-R-CHRIS-ELLIOTT,0,1,CHRIS ELLIOTT,False,ALNAME-CHRIS-ELLIOTT,normalized_full_name,-2.498223663502799,-4.728803416590161,2.7064624270343813,9.27120741923089,-16.22707250548894,11.230625178483344,state_ticket_70_federal_30,1.0,meaningful,2.498223663502799,4.728803416590161,-2.7064624270343813,-9.27120741923089,-11.230625178483344,16.22707250548894,2.498223663502799,1,0.3333333333333333,0.8327412211675995
2018,senate,35,D,13896.0,Tom Holmes,official_consolidated_candidate_results,ALPERSON-TOM-HOLMES,AL-2018-senate-35-D-TOM-HOLMES,0,0,TOM HOLMES,False,ALNAME-TOM-HOLMES,normalized_full_name,-5.334859635014432,-7.235690603058423,-0.8995873762451012,-1.0466526132681722,-12.42309079153003,1.7533715215011645,state_ticket_70_federal_30,1.0,meaningful,-5.334859635014432,-7.235690603058423,-0.8995873762451012,-1.0466526132681722,-12.42309079153003,1.7533715215011645,-5.334859635014432,1,0.3333333333333333,-1.7782865450048106
2018,senate,35,R,29046.0,David Sessions,official_consolidated_candidate_results,ALPERSON-DAVID-SESSIONS,AL-2018-senate-35-R-DAVID-SESSIONS,0,1,DAVID SESSIONS,False,ALNAME-DAVID-SESSIONS,normalized_full_name,-5.334859635014432,-7.235690603058423,-0.8995873762451012,-1.0466526132681722,-12.42309079153003,1.7533715215011645,state_ticket_70_federal_30,1.0,meaningful,5.334859635014432,7.235690603058423,0.8995873762451012,1.0466526132681722,-1.7533715215011645,12.42309079153003,5.334859635014432,1,0.3333333333333333,1.7782865450048106
2022,house,3,D,4241.0,GSL003DTHO,official_consolidated_candidate_results,ALPERSON-GSL003DTHO,AL-2022-house-3-D-GSL003DTHO,0,0,GSL003DTHO,False,UNRESOLVED-AL-2022-house-3-D-GSL003DTHO,surname_only_unresolved_race_specific,7.126855969185161,7.454648824394223,6.362005973697347,-3.3166536447469817,-4.493241067412054,18.746953005782377,state_ticket_70_federal_30,1.0,meaningful,7.126855969185161,7.454648824394223,6.362005973697347,-3.3166536447469817,-4.493241067412054,18.746953005782377,7.126855969185161,1,0.3333333333333333,2.3756186563950537
2022,house,3,R,8023.0,GSL003RUND,official_consolidated_candidate_results,ALPERSON-GSL003RUND,AL-2022-house-3-R-GSL003RUND,0,1,GSL003RUND,False,UNRESOLVED-AL-2022-house-3-R-GSL003RUND,surname_only_unresolved_race_specific,7.126855969185161,7.454648824394223,6.362005973697347,-3.3166536447469817,-4.493241067412054,18.746953005782377,state_ticket_70_federal_30,1.0,meaningful,-7.126855969185161,-7.454648824394223,-6.362005973697347,3.3166536447469817,-18.746953005782377,4.493241067412054,-7.126855969185161,1,0.3333333333333333,-2.3756186563950537
2022,house,7,D,3133.0,GSL007DJON,official_consolidated_candidate_results,ALPERSON-GSL007DJON,AL-2022-house-7-D-GSL007DJON,0,0,GSL007DJON,False,UNRESOLVED-AL-2022-house-7-D-GSL007DJON,surname_only_unresolved_race_specific,3.7311116001639633,4.115123196673174,2.8350845416424733,-5.797295614012299,-6.836316232256435,14.298539432584361,state_ticket_70_federal_30,1.0,meaningful,3.7311116001639633,4.115123196673174,2.8350845416424733,-5.797295614012299,-6.836316232256435,14.298539432584361,3.7311116001639633,1,0.3333333333333333,1.243703866721321
2022,house,7,R,11225.0,GSL007RYAR,official_consolidated_candidate_results,ALPERSON-GSL007RYAR,AL-2022-house-7-R-GSL007RYAR,0,1,GSL007RYAR,False,UNRESOLVED-AL-2022-house-7-R-GSL007RYAR,surname_only_unresolved_race_specific,3.7311116001639633,4.115123196673174,2.8350845416424733,-5.797295614012299,-6.836316232256435,14.298539432584361,state_ticket_70_federal_30,1.0,meaningful,-3.7311116001639633,-4.115123196673174,-2.8350845416424733,5.797295614012299,-14.298539432584361,6.836316232256435,-3.7311116001639633,1,0.3333333333333333,-1.243703866721321
2022,house,10,D,6608.0,GSL010DLAN,official_consolidated_candidate_results,ALPERSON-GSL010DLAN,AL-2022-house-10-D-GSL010DLAN,0,0,GSL010DLAN,False,UNRESOLVED-AL-2022-house-10-D-GSL010DLAN,surname_only_unresolved_race_specific,6.208364420103208,6.7045441342867305,5.050611753674995,-0.6327669474297251,-1.3349801904336998,13.751709030640114,state_ticket_70_federal_30,1.0,meaningful,6.208364420103208,6.7045441342867305,5.050611753674995,-0.6327669474297251,-1.3349801904336998,13.751709030640114,6.208364420103208,1,0.3333333333333333,2.069454806701069
2022,house,10,R,7581.0,GSL010RCOL,official_consolidated_candidate_results,ALPERSON-GSL010RCOL,AL-2022-house-10-R-GSL010RCOL,0,1,GSL010RCOL,False,UNRESOLVED-AL-2022-house-10-R-GSL010RCOL,surname_only_unresolved_race_specific,6.208364420103208,6.7045441342867305,5.050611753674995,-0.6327669474297251,-1.3349801904336998,13.751709030640114,state_ticket_70_federal_30,1.0,meaningful,-6.208364420103208,-6.7045441342867305,-5.050611753674995,0.6327669474297251,-13.751709030640114,1.3349801904336998,-6.208364420103208,1,0.3333333333333333,-2.069454806701069
2022,house,12,D,2030.0,GSL012DFIE,official_consolidated_candidate_results,ALPERSON-GSL012DFIE,AL-2022-house-12-D-GSL012DFIE,0,0,GSL012DFIE,False,UNRESOLVED-AL-2022-house-12-D-GSL012DFIE,surname_only_unresolved_race_specific,12.513367630340554,12.615353228231811,12.275401235260972,7.618914107257453,7.041558970611861,17.985176290069248,state_ticket_70_federal_30,1.0,meaningful,12.513367630340554,12.615353228231811,12.275401235260972,7.618914107257453,7.041558970611861,17.985176290069248,12.513367630340554,1,0.3333333333333333,4.171122543446851
2022,house,12,R,11958.0,GSL012RHAR,official_consolidated_candidate_results,ALPERSON-GSL012RHAR,AL-2022-house-12-R-GSL012RHAR,0,1,GSL012RHAR,False,UNRESOLVED-AL-2022-house-12-R-GSL012RHAR,surname_only_unresolved_race_specific,12.513367630340554,12.615353228231811,12.275401235260972,7.618914107257453,7.041558970611861,17.985176290069248,state_ticket_70_federal_30,1.0,meaningful,-12.513367630340554,-12.615353228231811,-12.275401235260972,-7.618914107257453,-17.985176290069248,-7.041558970611861,-12.513367630340554,1,0.3333333333333333,-4.171122543446851
2022,house,15,D,6166.0,GSL015DROU,official_consolidated_candidate_results,ALPERSON-GSL015DROU,AL-2022-house-15-D-GSL015DROU,0,0,GSL015DROU,False,UNRESOLVED-AL-2022-house-15-D-GSL015DROU,surname_only_unresolved_race_specific,-2.3952974159243148,0.367819968784282,-8.8425713135777,-12.830809712527428,-15.663140945658819,10.87254611381019,state_ticket_70_federal_30,1.0,meaningful,-2.3952974159243148,0.367819968784282,-8.8425713135777,-12.830809712527428,-15.663140945658819,10.87254611381019,-2.3952974159243148,1,0.3333333333333333,-0.7984324719747715
2022,house,15,R,10818.0,GSL015RHUL,official_consolidated_candidate_results,ALPERSON-GSL015RHUL,AL-2022-house-15-R-GSL015RHUL,0,1,GSL015RHUL,False,UNRESOLVED-AL-2022-house-15-R-GSL015RHUL,surname_only_unresolved_race_specific,-2.3952974159243148,0.367819968784282,-8.8425713135777,-12.830809712527428,-15.663140945658819,10.87254611381019,state_ticket_70_federal_30,1.0,meaningful,2.3952974159243148,-0.367819968784282,8.8425713135777,12.830809712527428,-10.87254611381019,15.663140945658819,2.3952974159243148,1,0.3333333333333333,0.7984324719747715
2022,house,25,D,7837.0,GSL025DHAG,official_consolidated_candidate_results,ALPERSON-GSL025DHAG,AL-2022-house-25-D-GSL025DHAG,0,0,GSL025DHAG,False,UNRESOLVED-AL-2022-house-25-D-GSL025DHAG,surname_only_unresolved_race_specific,4.224524921933767,4.718331670820643,3.0723091745310604,-9.945053623005945,-11.520184734154274,19.96923457802181,state_ticket_70_federal_30,1.0,meaningful,4.224524921933767,4.718331670820643,3.0723091745310604,-9.945053623005945,-11.520184734154274,19.96923457802181,4.224524921933767,1,0.3333333333333333,1.4081749739779224
2022,house,25,R,10813.0,GSL025RRIG,official_consolidated_candidate_results,ALPERSON-GSL025RRIG,AL-2022-house-25-R-GSL025RRIG,0,1,GSL025RRIG,False,UNRESOLVED-AL-2022-house-25-R-GSL025RRIG,surname_only_unresolved_race_specific,4.224524921933767,4.718331670820643,3.0723091745310604,-9.945053623005945,-11.520184734154274,19.96923457802181,state_ticket_70_federal_30,1.0,meaningful,-4.224524921933767,-4.718331670820643,-3.0723091745310604,9.945053623005945,-19.96923457802181,11.520184734154274,-4.224524921933767,1,0.3333333333333333,-1.4081749739779224
2022,house,26,D,1078.0,GSL026DALF,official_consolidated_candidate_results,ALPERSON-GSL026DALF,AL-2022-house-26-D-GSL026DALF,0,0,GSL026DALF,False,UNRESOLVED-AL-2022-house-26-D-GSL026DALF,surname_only_unresolved_race_specific,4.1981040544647925,4.455593107628658,3.597296263749115,-6.322607184190389,-7.543118293775404,15.939326402704989,state_ticket_70_federal_30,1.0,meaningful,4.1981040544647925,4.455593107628658,3.597296263749115,-6.322607184190389,-7.543118293775404,15.939326402704989,4.1981040544647925,1,0.3333333333333333,1.3993680181549308
2022,house,26,R,8258.0,GSL026RCOL,official_consolidated_candidate_results,ALPERSON-GSL026RCOL,AL-2022-house-26-R-GSL026RCOL,0,1,GSL026RCOL,False,UNRESOLVED-AL-2022-house-26-R-GSL026RCOL,surname_only_unresolved_race_specific,4.1981040544647925,4.455593107628658,3.597296263749115,-6.322607184190389,-7.543118293775404,15.939326402704989,state_ticket_70_federal_30,1.0,meaningful,-4.1981040544647925,-4.455593107628658,-3.597296263749115,6.322607184190389,-15.939326402704989,7.543118293775404,-4.1981040544647925,1,0.3333333333333333,-1.3993680181549308
2022,house,27,D,1583.0,GSL027DNEU,official_consolidated_candidate_results,ALPERSON-GSL027DNEU,AL-2022-house-27-D-GSL027DNEU,0,0,GSL027DNEU,False,UNRESOLVED-AL-2022-house-27-D-GSL027DNEU,surname_only_unresolved_race_specific,1.1524109448356938,1.5231760625662218,0.28729233679783306,-9.171580433221465,-10.314719745393736,12.619541635065124,state_ticket_70_federal_30,1.0,meaningful,1.1524109448356938,1.5231760625662218,0.28729233679783306,-9.171580433221465,-10.314719745393736,12.619541635065124,1.1524109448356938,1,0.3333333333333333,0.3841369816118979
2022,house,27,R,13150.0,GSL027RKIT,official_consolidated_candidate_results,ALPERSON-GSL027RKIT,AL-2022-house-27-R-GSL027RKIT,0,1,GSL027RKIT,False,UNRESOLVED-AL-2022-house-27-R-GSL027RKIT,surname_only_unresolved_race_specific,1.1524109448356938,1.5231760625662218,0.28729233679783306,-9.171580433221465,-10.314719745393736,12.619541635065124,state_ticket_70_federal_30,1.0,meaningful,-1.1524109448356938,-1.5231760625662218,-0.28729233679783306,9.171580433221465,-12.619541635065124,10.314719745393736,-1.1524109448356938,1,0.3333333333333333,-0.3841369816118979
2022,house,32,D,5519.0,GSL032DBOY,official_consolidated_candidate_results,ALPERSON-GSL032DBOY,AL-2022-house-32-D-GSL032DBOY,0,1,GSL032DBOY,False,UNRESOLVED-AL-2022-house-32-D-GSL032DBOY,surname_only_unresolved_race_specific,9.97985303018605,9.386830263458686,11.363572819216564,45.5810660205862,-29.906404242340876,49.866110302712976,state_ticket_70_federal_30,1.0,meaningful,9.97985303018605,9.386830263458686,11.363572819216564,45.5810660205862,-29.906404242340876,49.866110302712976,9.97985303018605,1,0.3333333333333333,3.326617676728683
2022,house,32,R,4389.0,GSL032RJAC,official_consolidated_candidate_results,ALPERSON-GSL032RJAC,AL-2022-house-32-R-GSL032RJAC,0,0,GSL032RJAC,False,UNRESOLVED-AL-2022-house-32-R-GSL032RJAC,surname_only_unresolved_race_specific,9.97985303018605,9.386830263458686,11.363572819216564,45.5810660205862,-29.906404242340876,49.866110302712976,state_ticket_70_federal_30,1.0,meaningful,-9.97985303018605,-9.386830263458686,-11.363572819216564,-45.5810660205862,-49.866110302712976,29.906404242340876,-9.97985303018605,1,0.3333333333333333,-3.326617676728683
2022,house,33,D,3571.0,GSL033DCRU,official_consolidated_candidate_results,ALPERSON-GSL033DCRU,AL-2022-house-33-D-GSL033DCRU,0,0,GSL033DCRU,False,UNRESOLVED-AL-2022-house-33-D-GSL033DCRU,surname_only_unresolved_race_specific,-3.2948837142964678,-3.3924028293000887,-3.0673391126213616,-21.619594789245593,-24.107253392843624,17.51748596425069,state_ticket_70_federal_30,1.0,meaningful,-3.2948837142964678,-3.3924028293000887,-3.0673391126213616,-21.619594789245593,-24.107253392843624,17.51748596425069,-3.2948837142964678,1,0.3333333333333333,-1.098294571432156
2022,house,33,R,9534.0,GSL033RROB,official_consolidated_candidate_results,ALPERSON-GSL033RROB,AL-2022-house-33-R-GSL033RROB,0,1,GSL033RROB,False,UNRESOLVED-AL-2022-house-33-R-GSL033RROB,surname_only_unresolved_race_specific,-3.2948837142964678,-3.3924028293000887,-3.0673391126213616,-21.619594789245593,-24.107253392843624,17.51748596425069,state_ticket_70_federal_30,1.0,meaningful,3.2948837142964678,3.3924028293000887,3.0673391126213616,21.619594789245593,-17.51748596425069,24.107253392843624,3.2948837142964678,1,0.3333333333333333,1.098294571432156
2022,house,40,D,2221.0,GSL040DHOW,official_consolidated_candidate_results,ALPERSON-GSL040DHOW,AL-2022-house-40-D-GSL040DHOW,0,0,GSL040DHOW,False,UNRESOLVED-AL-2022-house-40-D-GSL040DHOW,surname_only_unresolved_race_specific,2.975145292757773,3.2906297684717742,2.239014849425118,-12.347542241607421,-14.157130237946603,20.10742082346215,state_ticket_70_federal_30,1.0,meaningful,2.975145292757773,3.2906297684717742,2.239014849425118,-12.347542241607421,-14.157130237946603,20.10742082346215,2.975145292757773,1,0.3333333333333333,0.9917150975859244
2022,house,40,R,10772.0,GSL040RROB,official_consolidated_candidate_results,ALPERSON-GSL040RROB,AL-2022-house-40-R-GSL040RROB,0,1,GSL040RROB,False,UNRESOLVED-AL-2022-house-40-R-GSL040RROB,surname_only_unresolved_race_specific,2.975145292757773,3.2906297684717742,2.239014849425118,-12.347542241607421,-14.157130237946603,20.10742082346215,state_ticket_70_federal_30,1.0,meaningful,-2.975145292757773,-3.2906297684717742,-2.239014849425118,12.347542241607421,-20.10742082346215,14.157130237946603,-2.975145292757773,1,0.3333333333333333,-0.9917150975859244
2022,house,41,D,3203.0,GSL041DNEL,official_consolidated_candidate_results,ALPERSON-GSL041DNEL,AL-2022-house-41-D-GSL041DNEL,0,0,GSL041DNEL,False,UNRESOLVED-AL-2022-house-41-D-GSL041DNEL,surname_only_unresolved_race_specific,-0.5442085814385322,-0.19626224420068183,-1.3560833683268285,-12.506224462347234,-13.86658683805337,12.778169675176306,state_ticket_70_federal_30,1.0,meaningful,-0.5442085814385322,-0.19626224420068183,-1.3560833683268285,-12.506224462347234,-13.86658683805337,12.778169675176306,-0.5442085814385322,1,0.3333333333333333,-0.18140286047951074
2022,house,41,R,10897.0,GSL041RELL,official_consolidated_candidate_results,ALPERSON-GSL041RELL,AL-2022-house-41-R-GSL041RELL,0,1,GSL041RELL,False,UNRESOLVED-AL-2022-house-41-R-GSL041RELL,surname_only_unresolved_race_specific,-0.5442085814385322,-0.19626224420068183,-1.3560833683268285,-12.506224462347234,-13.86658683805337,12.778169675176306,state_ticket_70_federal_30,1.0,meaningful,0.5442085814385322,0.19626224420068183,1.3560833683268285,12.506224462347234,-12.778169675176306,13.86658683805337,0.5442085814385322,1,0.3333333333333333,0.18140286047951074
2022,house,43,D,3760.0,GSL043DCLE,official_consolidated_candidate_results,ALPERSON-GSL043DCLE,AL-2022-house-43-D-GSL043DCLE,0,0,GSL043DCLE,False,UNRESOLVED-AL-2022-house-43-D-GSL043DCLE,surname_only_unresolved_race_specific,1.916338142794345,2.430800610414529,0.7159257183472505,-15.772765623079486,-17.784466142370157,21.617142427958846,state_ticket_70_federal_30,1.0,meaningful,1.916338142794345,2.430800610414529,0.7159257183472505,-15.772765623079486,-17.784466142370157,21.617142427958846,1.916338142794345,1,0.3333333333333333,0.6387793809314483
2022,house,43,R,12751.0,GSL043RMOO,official_consolidated_candidate_results,ALPERSON-GSL043RMOO,AL-2022-house-43-R-GSL043RMOO,0,1,GSL043RMOO,False,UNRESOLVED-AL-2022-house-43-R-GSL043RMOO,surname_only_unresolved_race_specific,1.916338142794345,2.430800610414529,0.7159257183472505,-15.772765623079486,-17.784466142370157,21.617142427958846,state_ticket_70_federal_30,1.0,meaningful,-1.916338142794345,-2.430800610414529,-0.7159257183472505,15.772765623079486,-21.617142427958846,17.784466142370157,-1.916338142794345,1,0.3333333333333333,-0.6387793809314483
2022,house,47,D,4816.0,GSL047DCOL,official_consolidated_candidate_results,ALPERSON-GSL047DCOL,AL-2022-house-47-D-GSL047DCOL,0,0,GSL047DCOL,False,UNRESOLVED-AL-2022-house-47-D-GSL047DCOL,surname_only_unresolved_race_specific,-13.786503931824441,1.7183328928817119,-49.96445652280546,-37.72012670323455,-66.72118029939959,39.14817243575071,state_ticket_70_federal_30,1.0,meaningful,-13.786503931824441,1.7183328928817119,-49.96445652280546,-37.72012670323455,-66.72118029939959,39.14817243575071,-13.786503931824441,1,0.3333333333333333,-4.595501310608147
2022,house,47,R,8590.0,GSL047RSHA,official_consolidated_candidate_results,ALPERSON-GSL047RSHA,AL-2022-house-47-R-GSL047RSHA,0,1,GSL047RSHA,False,UNRESOLVED-AL-2022-house-47-R-GSL047RSHA,surname_only_unresolved_race_specific,-13.786503931824441,1.7183328928817119,-49.96445652280546,-37.72012670323455,-66.72118029939959,39.14817243575071,state_ticket_70_federal_30,1.0,meaningful,13.786503931824441,-1.7183328928817119,49.96445652280546,37.72012670323455,-39.14817243575071,66.72118029939959,13.786503931824441,1,0.3333333333333333,4.595501310608147
2022,house,57,D,9221.0,GSL057DSEL,official_consolidated_candidate_results,ALPERSON-GSL057DSEL,AL-2022-house-57-D-GSL057DSEL,0,1,GSL057DSEL,False,UNRESOLVED-AL-2022-house-57-D-GSL057DSEL,surname_only_unresolved_race_specific,2.0712918944780085,2.5274541904454217,1.0069132038873683,10.988365890931455,-8.469319790781459,12.611903579737476,state_ticket_70_federal_30,1.0,meaningful,2.0712918944780085,2.5274541904454217,1.0069132038873683,10.988365890931455,-8.469319790781459,12.611903579737476,2.0712918944780085,1,0.3333333333333333,0.6904306314926695
2022,house,57,R,4752.0,GSL057RBAU,official_consolidated_candidate_results,ALPERSON-GSL057RBAU,AL-2022-house-57-R-GSL057RBAU,0,0,GSL057RBAU,False,UNRESOLVED-AL-2022-house-57-R-GSL057RBAU,surname_only_unresolved_race_specific,2.0712918944780085,2.5274541904454217,1.0069132038873683,10.988365890931455,-8.469319790781459,12.611903579737476,state_ticket_70_federal_30,1.0,meaningful,-2.0712918944780085,-2.5274541904454217,-1.0069132038873683,-10.988365890931455,-12.611903579737476,8.469319790781459,-2.0712918944780085,1,0.3333333333333333,-0.6904306314926695
2022,house,62,D,3094.0,GSL062DCEP,official_consolidated_candidate_results,ALPERSON-GSL062DCEP,AL-2022-house-62-D-GSL062DCEP,0,0,GSL062DCEP,False,UNRESOLVED-AL-2022-house-62-D-GSL062DCEP,surname_only_unresolved_race_specific,-1.3597375107555365,-0.5422605731997407,-3.267183698385722,-25.509946538234416,-28.204715014514047,25.485239993002974,state_ticket_70_federal_30,1.0,meaningful,-1.3597375107555365,-0.5422605731997407,-3.267183698385722,-25.509946538234416,-28.204715014514047,25.485239993002974,-1.3597375107555365,1,0.3333333333333333,-0.45324583691851217
2022,house,62,R,8803.0,GSL062RLAM,official_consolidated_candidate_results,ALPERSON-GSL062RLAM,AL-2022-house-62-R-GSL062RLAM,0,1,GSL062RLAM,False,UNRESOLVED-AL-2022-house-62-R-GSL062RLAM,surname_only_unresolved_race_specific,-1.3597375107555365,-0.5422605731997407,-3.267183698385722,-25.509946538234416,-28.204715014514047,25.485239993002974,state_ticket_70_federal_30,1.0,meaningful,1.3597375107555365,0.5422605731997407,3.267183698385722,25.509946538234416,-25.485239993002974,28.204715014514047,1.3597375107555365,1,0.3333333333333333,0.45324583691851217
2022,house,63,D,2827.0,GSL063DADA,official_consolidated_candidate_results,ALPERSON-GSL063DADA,AL-2022-house-63-D-GSL063DADA,0,0,GSL063DADA,False,UNRESOLVED-AL-2022-house-63-D-GSL063DADA,surname_only_unresolved_race_specific,-3.4553701699519905,-2.5157965863821588,-5.647708531614935,-9.858230915713403,-10.67678942210471,3.7660490822007286,state_ticket_70_federal_30,1.0,meaningful,-3.4553701699519905,-2.5157965863821588,-5.647708531614935,-9.858230915713403,-10.67678942210471,3.7660490822007286,-3.4553701699519905,1,0.3333333333333333,-1.1517900566506634
2022,house,63,R,5541.0,GSL063RALM,official_consolidated_candidate_results,ALPERSON-GSL063RALM,AL-2022-house-63-R-GSL063RALM,0,1,GSL063RALM,False,UNRESOLVED-AL-2022-house-63-R-GSL063RALM,surname_only_unresolved_race_specific,-3.4553701699519905,-2.5157965863821588,-5.647708531614935,-9.858230915713403,-10.67678942210471,3.7660490822007286,state_ticket_70_federal_30,1.0,meaningful,3.4553701699519905,2.5157965863821588,5.647708531614935,9.858230915713403,-3.7660490822007286,10.67678942210471,3.4553701699519905,1,0.3333333333333333,1.1517900566506634
2022,house,65,D,4759.0,GSL065DCAS,official_consolidated_candidate_results,ALPERSON-GSL065DCAS,AL-2022-house-65-D-GSL065DCAS,0,0,GSL065DCAS,False,UNRESOLVED-AL-2022-house-65-D-GSL065DCAS,surname_only_unresolved_race_specific,-3.4796101923724194,-0.6246577940713962,-10.14116578840813,-10.91761017886568,-14.713666669391811,7.754446284646972,state_ticket_70_federal_30,1.0,meaningful,-3.4796101923724194,-0.6246577940713962,-10.14116578840813,-10.91761017886568,-14.713666669391811,7.754446284646972,-3.4796101923724194,1,0.3333333333333333,-1.1598700641241397
2022,house,65,R,12693.0,GSL065REAS,official_consolidated_candidate_results,ALPERSON-GSL065REAS,AL-2022-house-65-R-GSL065REAS,0,1,GSL065REAS,False,UNRESOLVED-AL-2022-house-65-R-GSL065REAS,surname_only_unresolved_race_specific,-3.4796101923724194,-0.6246577940713962,-10.14116578840813,-10.91761017886568,-14.713666669391811,7.754446284646972,state_ticket_70_federal_30,1.0,meaningful,3.4796101923724194,0.6246577940713962,10.14116578840813,10.91761017886568,-7.754446284646972,14.713666669391811,3.4796101923724194,1,0.3333333333333333,1.1598700641241397
2022,house,68,D,9517.0,GSL068DJAC,official_consolidated_candidate_results,ALPERSON-GSL068DJAC,AL-2022-house-68-D-GSL068DJAC,0,1,GSL068DJAC,False,UNRESOLVED-AL-2022-house-68-D-GSL068DJAC,surname_only_unresolved_race_specific,1.3103214733026054,3.901508281488562,-4.735781079131293,5.8978053371725245,-9.767324148343077,12.387967094948289,state_ticket_70_federal_30,1.0,meaningful,1.3103214733026054,3.901508281488562,-4.735781079131293,5.8978053371725245,-9.767324148343077,12.387967094948289,1.3103214733026054,1,0.3333333333333333,0.43677382443420176
2022,house,68,R,8948.0,GSL068RKEL,official_consolidated_candidate_results,ALPERSON-GSL068RKEL,AL-2022-house-68-R-GSL068RKEL,0,0,GSL068RKEL,False,UNRESOLVED-AL-2022-house-68-R-GSL068RKEL,surname_only_unresolved_race_specific,1.3103214733026054,3.901508281488562,-4.735781079131293,5.8978053371725245,-9.767324148343077,12.387967094948289,state_ticket_70_federal_30,1.0,meaningful,-1.3103214733026054,-3.901508281488562,4.735781079131293,-5.8978053371725245,-12.387967094948289,9.767324148343077,-1.3103214733026054,1,0.3333333333333333,-0.43677382443420176
2022,house,69,D,8769.0,GSL069DLAW,official_consolidated_candidate_results,ALPERSON-GSL069DLAW,AL-2022-house-69-D-GSL069DLAW,0,1,GSL069DLAW,False,UNRESOLVED-AL-2022-house-69-D-GSL069DLAW,surname_only_unresolved_race_specific,4.399641582322589,5.178936050932418,2.581287822232987,2.5669326806570547,1.451970133622332,7.347313031022846,state_ticket_70_federal_30,1.0,meaningful,4.399641582322589,5.178936050932418,2.581287822232987,2.5669326806570547,1.451970133622332,7.347313031022846,4.399641582322589,1,0.3333333333333333,1.4665471941075297
2022,house,69,R,7103.0,GSL069RMAD,official_consolidated_candidate_results,ALPERSON-GSL069RMAD,AL-2022-house-69-R-GSL069RMAD,0,0,GSL069RMAD,False,UNRESOLVED-AL-2022-house-69-R-GSL069RMAD,surname_only_unresolved_race_specific,4.399641582322589,5.178936050932418,2.581287822232987,2.5669326806570547,1.451970133622332,7.347313031022846,state_ticket_70_federal_30,1.0,meaningful,-4.399641582322589,-5.178936050932418,-2.581287822232987,-2.5669326806570547,-7.347313031022846,-1.451970133622332,-4.399641582322589,1,0.3333333333333333,-1.4665471941075297
2022,house,74,D,7538.0,GSL074DENS,official_consolidated_candidate_results,ALPERSON-GSL074DENS,AL-2022-house-74-D-GSL074DENS,0,1,GSL074DENS,False,UNRESOLVED-AL-2022-house-74-D-GSL074DENS,surname_only_unresolved_race_specific,5.6350182641588695,6.697494071049011,3.1559080480818658,-0.6498940578010988,-1.5669738227976628,12.837010351115403,state_ticket_70_federal_30,1.0,meaningful,5.6350182641588695,6.697494071049011,3.1559080480818658,-0.6498940578010988,-1.5669738227976628,12.837010351115403,5.6350182641588695,1,0.3333333333333333,1.8783394213862898
2022,house,74,R,4986.0,GSL074RMEA,official_consolidated_candidate_results,ALPERSON-GSL074RMEA,AL-2022-house-74-R-GSL074RMEA,0,0,GSL074RMEA,False,UNRESOLVED-AL-2022-house-74-R-GSL074RMEA,surname_only_unresolved_race_specific,5.6350182641588695,6.697494071049011,3.1559080480818658,-0.6498940578010988,-1.5669738227976628,12.837010351115403,state_ticket_70_federal_30,1.0,meaningful,-5.6350182641588695,-6.697494071049011,-3.1559080480818658,0.6498940578010988,-12.837010351115403,1.5669738227976628,-5.6350182641588695,1,0.3333333333333333,-1.8783394213862898
2022,house,82,D,6257.0,GSL082DWAR,official_consolidated_candidate_results,ALPERSON-GSL082DWAR,AL-2022-house-82-D-GSL082DWAR,0,1,GSL082DWAR,False,UNRESOLVED-AL-2022-house-82-D-GSL082DWAR,surname_only_unresolved_race_specific,25.53202841724395,25.60720735669961,25.356610891847406,5.697468245826691,3.1424790604190385,47.921577774068865,state_ticket_70_federal_30,1.0,meaningful,25.53202841724395,25.60720735669961,25.356610891847406,5.697468245826691,3.1424790604190385,47.921577774068865,25.53202841724395,1,0.3333333333333333,8.510676139081315
2022,house,82,R,2526.0,GSL082RPIE,official_consolidated_candidate_results,ALPERSON-GSL082RPIE,AL-2022-house-82-R-GSL082RPIE,0,0,GSL082RPIE,False,UNRESOLVED-AL-2022-house-82-R-GSL082RPIE,surname_only_unresolved_race_specific,25.53202841724395,25.60720735669961,25.356610891847406,5.697468245826691,3.1424790604190385,47.921577774068865,state_ticket_70_federal_30,1.0,meaningful,-25.53202841724395,-25.60720735669961,-25.356610891847406,-5.697468245826691,-47.921577774068865,-3.1424790604190385,-25.53202841724395,1,0.3333333333333333,-8.510676139081315
2022,house,85,D,5668.0,GSL085DGRI,official_consolidated_candidate_results,ALPERSON-GSL085DGRI,AL-2022-house-85-D-GSL085DGRI,0,0,GSL085DGRI,False,UNRESOLVED-AL-2022-house-85-D-GSL085DGRI,surname_only_unresolved_race_specific,24.09842284784201,23.8624151992856,24.64910736114031,15.507726399032393,14.169113808198821,34.027731887485196,state_ticket_70_federal_30,1.0,meaningful,24.09842284784201,23.8624151992856,24.64910736114031,15.507726399032393,14.169113808198821,34.027731887485196,24.09842284784201,1,0.3333333333333333,8.032807615947336
2022,house,85,R,6665.0,GSL085RREH,official_consolidated_candidate_results,ALPERSON-GSL085RREH,AL-2022-house-85-R-GSL085RREH,0,1,GSL085RREH,False,UNRESOLVED-AL-2022-house-85-R-GSL085RREH,surname_only_unresolved_race_specific,24.09842284784201,23.8624151992856,24.64910736114031,15.507726399032393,14.169113808198821,34.027731887485196,state_ticket_70_federal_30,1.0,meaningful,-24.09842284784201,-23.8624151992856,-24.64910736114031,-15.507726399032393,-34.027731887485196,-14.169113808198821,-24.09842284784201,1,0.3333333333333333,-8.032807615947336
2022,house,92,D,1789.0,GSL092DHUB,official_consolidated_candidate_results,ALPERSON-GSL092DHUB,AL-2022-house-92-D-GSL092DHUB,0,0,GSL092DHUB,False,UNRESOLVED-AL-2022-house-92-D-GSL092DHUB,surname_only_unresolved_race_specific,2.6714300987706565,2.709512366577002,2.5825714738892174,-5.974411582510243,-7.084324554687042,12.427184752228355,state_ticket_70_federal_30,1.0,meaningful,2.6714300987706565,2.709512366577002,2.5825714738892174,-5.974411582510243,-7.084324554687042,12.427184752228355,2.6714300987706565,1,0.3333333333333333,0.8904766995902188
2022,house,92,R,11778.0,GSL092RHAM,official_consolidated_candidate_results,ALPERSON-GSL092RHAM,AL-2022-house-92-R-GSL092RHAM,0,1,GSL092RHAM,False,UNRESOLVED-AL-2022-house-92-R-GSL092RHAM,surname_only_unresolved_race_specific,2.6714300987706565,2.709512366577002,2.5825714738892174,-5.974411582510243,-7.084324554687042,12.427184752228355,state_ticket_70_federal_30,1.0,meaningful,-2.6714300987706565,-2.709512366577002,-2.5825714738892174,5.974411582510243,-12.427184752228355,7.084324554687042,-2.6714300987706565,1,0.3333333333333333,-0.8904766995902188
2022,house,95,D,2465.0,GSL095DBRA,official_consolidated_candidate_results,ALPERSON-GSL095DBRA,AL-2022-house-95-D-GSL095DBRA,0,0,GSL095DBRA,False,UNRESOLVED-AL-2022-house-95-D-GSL095DBRA,surname_only_unresolved_race_specific,2.8919181394484212,3.187631865221846,2.201919445977083,-10.264354338364136,-11.804499934902791,17.588336213799636,state_ticket_70_federal_30,1.0,meaningful,2.8919181394484212,3.187631865221846,2.201919445977083,-10.264354338364136,-11.804499934902791,17.588336213799636,2.8919181394484212,1,0.3333333333333333,0.9639727131494737
2022,house,95,R,14242.0,GSL095RHOL,official_consolidated_candidate_results,ALPERSON-GSL095RHOL,AL-2022-house-95-R-GSL095RHOL,0,1,GSL095RHOL,False,UNRESOLVED-AL-2022-house-95-R-GSL095RHOL,surname_only_unresolved_race_specific,2.8919181394484212,3.187631865221846,2.201919445977083,-10.264354338364136,-11.804499934902791,17.588336213799636,state_ticket_70_federal_30,1.0,meaningful,-2.8919181394484212,-3.187631865221846,-2.201919445977083,10.264354338364136,-17.588336213799636,11.804499934902791,-2.8919181394484212,1,0.3333333333333333,-0.9639727131494737
2022,senate,2,D,20749.0,GSU02DLEW,official_consolidated_candidate_results,ALPERSON-GSU02DLEW,AL-2022-senate-2-D-GSU02DLEW,0,0,GSU02DLEW,False,UNRESOLVED-AL-2022-senate-2-D-GSU02DLEW,surname_only_unresolved_race_specific,2.2816863290791076,2.5813929775719764,1.5823708159290835,-9.308965044483351,-10.645397943845882,15.208770602004098,state_ticket_70_federal_30,1.0,meaningful,2.2816863290791076,2.5813929775719764,1.5823708159290835,-9.308965044483351,-10.645397943845882,15.208770602004098,2.2816863290791076,1,0.3333333333333333,0.7605621096930358
2022,senate,2,R,25951.0,GSU02RBUT,official_consolidated_candidate_results,ALPERSON-GSU02RBUT,AL-2022-senate-2-R-GSU02RBUT,0,1,GSU02RBUT,False,UNRESOLVED-AL-2022-senate-2-R-GSU02RBUT,surname_only_unresolved_race_specific,2.2816863290791076,2.5813929775719764,1.5823708159290835,-9.308965044483351,-10.645397943845882,15.208770602004098,state_ticket_70_federal_30,1.0,meaningful,-2.2816863290791076,-2.5813929775719764,-1.5823708159290835,9.308965044483351,-15.208770602004098,10.645397943845882,-2.2816863290791076,1,0.3333333333333333,-0.7605621096930358
2022,senate,7,D,17295.0,GSU07DWIL,official_consolidated_candidate_results,ALPERSON-GSU07DWIL,AL-2022-senate-7-D-GSU07DWIL,0,0,GSU07DWIL,False,UNRESOLVED-AL-2022-senate-7-D-GSU07DWIL,surname_only_unresolved_race_specific,1.314670609988763,1.921872887634951,-0.10213470451900264,-13.492005343759809,-15.102847642795709,17.732188862773235,state_ticket_70_federal_30,1.0,meaningful,1.314670609988763,1.921872887634951,-0.10213470451900264,-13.492005343759809,-15.102847642795709,17.732188862773235,1.314670609988763,1,0.3333333333333333,0.438223536662921
2022,senate,7,R,29095.0,GSU07RGIV,official_consolidated_candidate_results,ALPERSON-GSU07RGIV,AL-2022-senate-7-R-GSU07RGIV,0,1,GSU07RGIV,False,UNRESOLVED-AL-2022-senate-7-R-GSU07RGIV,surname_only_unresolved_race_specific,1.314670609988763,1.921872887634951,-0.10213470451900264,-13.492005343759809,-15.102847642795709,17.732188862773235,state_ticket_70_federal_30,1.0,meaningful,-1.314670609988763,-1.921872887634951,0.10213470451900264,13.492005343759809,-17.732188862773235,15.102847642795709,-1.314670609988763,1,0.3333333333333333,-0.438223536662921
2022,senate,12,D,10271.0,GSU12DMCC,official_consolidated_candidate_results,ALPERSON-GSU12DMCC,AL-2022-senate-12-D-GSU12DMCC,0,0,GSU12DMCC,False,UNRESOLVED-AL-2022-senate-12-D-GSU12DMCC,surname_only_unresolved_race_specific,2.0422473975929947,2.1147700692534173,1.8730278303853538,-11.365289888449375,-13.07695409655395,17.161448891739937,state_ticket_70_federal_30,1.0,meaningful,2.0422473975929947,2.1147700692534173,1.8730278303853538,-11.365289888449375,-13.07695409655395,17.161448891739937,2.0422473975929947,1,0.3333333333333333,0.6807491325309982
2022,senate,12,R,28786.0,GSU12RKEL,official_consolidated_candidate_results,ALPERSON-GSU12RKEL,AL-2022-senate-12-R-GSU12RKEL,0,1,GSU12RKEL,False,UNRESOLVED-AL-2022-senate-12-R-GSU12RKEL,surname_only_unresolved_race_specific,2.0422473975929947,2.1147700692534173,1.8730278303853538,-11.365289888449375,-13.07695409655395,17.161448891739937,state_ticket_70_federal_30,1.0,meaningful,-2.0422473975929947,-2.1147700692534173,-1.8730278303853538,11.365289888449375,-17.161448891739937,13.07695409655395,-2.0422473975929947,1,0.3333333333333333,-0.6807491325309982
2022,senate,21,D,11198.0,GSU21DWAR,official_consolidated_candidate_results,ALPERSON-GSU21DWAR,AL-2022-senate-21-D-GSU21DWAR,0,0,GSU21DWAR,False,UNRESOLVED-AL-2022-senate-21-D-GSU21DWAR,surname_only_unresolved_race_specific,4.556261298217763,5.436813451057496,2.501639608258394,-12.776713614870314,-14.610626218201435,23.72314881463696,state_ticket_70_federal_30,1.0,meaningful,4.556261298217763,5.436813451057496,2.501639608258394,-12.776713614870314,-14.610626218201435,23.72314881463696,4.556261298217763,1,0.3333333333333333,1.5187537660725874
2022,senate,21,R,21962.0,GSU21RALL,official_consolidated_candidate_results,ALPERSON-GSU21RALL,AL-2022-senate-21-R-GSU21RALL,0,1,GSU21RALL,False,UNRESOLVED-AL-2022-senate-21-R-GSU21RALL,surname_only_unresolved_race_specific,4.556261298217763,5.436813451057496,2.501639608258394,-12.776713614870314,-14.610626218201435,23.72314881463696,state_ticket_70_federal_30,1.0,meaningful,-4.556261298217763,-5.436813451057496,-2.501639608258394,12.776713614870314,-23.72314881463696,14.610626218201435,-4.556261298217763,1,0.3333333333333333,-1.5187537660725874
2022,senate,23,D,25953.0,GSU23DSTE,official_consolidated_candidate_results,ALPERSON-GSU23DSTE,AL-2022-senate-23-D-GSU23DSTE,0,1,GSU23DSTE,False,UNRESOLVED-AL-2022-senate-23-D-GSU23DSTE,surname_only_unresolved_race_specific,5.097385235199091,6.8048053686092675,1.1134049239086803,-3.4723633383705312,-4.993649153904737,15.18841962430292,state_ticket_70_federal_30,1.0,meaningful,5.097385235199091,6.8048053686092675,1.1134049239086803,-3.4723633383705312,-4.993649153904737,15.18841962430292,5.097385235199091,1,0.3333333333333333,1.6991284117330303
2022,senate,23,R,21682.0,GSU23RNIM,official_consolidated_candidate_results,ALPERSON-GSU23RNIM,AL-2022-senate-23-R-GSU23RNIM,0,0,GSU23RNIM,False,UNRESOLVED-AL-2022-senate-23-R-GSU23RNIM,surname_only_unresolved_race_specific,5.097385235199091,6.8048053686092675,1.1134049239086803,-3.4723633383705312,-4.993649153904737,15.18841962430292,state_ticket_70_federal_30,1.0,meaningful,-5.097385235199091,-6.8048053686092675,-1.1134049239086803,3.4723633383705312,-15.18841962430292,4.993649153904737,-5.097385235199091,1,0.3333333333333333,-1.6991284117330303
2022,senate,27,D,10996.0,GSU27DREE,official_consolidated_candidate_results,ALPERSON-GSU27DREE,AL-2022-senate-27-D-GSU27DREE,0,0,GSU27DREE,False,UNRESOLVED-AL-2022-senate-27-D-GSU27DREE,surname_only_unresolved_race_specific,-1.2050974339541227,-1.0290572380931309,-1.615857890963099,-16.744769450443616,-18.66655821044615,16.256363342537906,state_ticket_70_federal_30,1.0,meaningful,-1.2050974339541227,-1.0290572380931309,-1.615857890963099,-16.744769450443616,-18.66655821044615,16.256363342537906,-1.2050974339541227,1,0.3333333333333333,-0.40169914465137424
2022,senate,27,R,26014.0,GSU27RHOV,official_consolidated_candidate_results,ALPERSON-GSU27RHOV,AL-2022-senate-27-R-GSU27RHOV,0,1,GSU27RHOV,False,UNRESOLVED-AL-2022-senate-27-R-GSU27RHOV,surname_only_unresolved_race_specific,-1.2050974339541227,-1.0290572380931309,-1.615857890963099,-16.744769450443616,-18.66655821044615,16.256363342537906,state_ticket_70_federal_30,1.0,meaningful,1.2050974339541227,1.0290572380931309,1.615857890963099,16.744769450443616,-16.256363342537906,18.66655821044615,1.2050974339541227,1,0.3333333333333333,0.40169914465137424
2022,senate,29,D,6476.0,GSU29DMAT,official_consolidated_candidate_results,ALPERSON-GSU29DMAT,AL-2022-senate-29-D-GSU29DMAT,0,0,GSU29DMAT,False,UNRESOLVED-AL-2022-senate-29-D-GSU29DMAT,surname_only_unresolved_race_specific,1.0590397524890136,1.238638883630074,0.6399751131598919,-11.293196179310257,-12.795768153755859,14.913847658733886,state_ticket_70_federal_30,1.0,meaningful,1.0590397524890136,1.238638883630074,0.6399751131598919,-11.293196179310257,-12.795768153755859,14.913847658733886,1.0590397524890136,1,0.3333333333333333,0.35301325082967117
2022,senate,29,R,31576.0,GSU29RCHE,official_consolidated_candidate_results,ALPERSON-GSU29RCHE,AL-2022-senate-29-R-GSU29RCHE,0,1,GSU29RCHE,False,UNRESOLVED-AL-2022-senate-29-R-GSU29RCHE,surname_only_unresolved_race_specific,1.0590397524890136,1.238638883630074,0.6399751131598919,-11.293196179310257,-12.795768153755859,14.913847658733886,state_ticket_70_federal_30,1.0,meaningful,-1.0590397524890136,-1.238638883630074,-0.6399751131598919,11.293196179310257,-14.913847658733886,12.795768153755859,-1.0590397524890136,1,0.3333333333333333,-0.35301325082967117
2022,senate,33,D,23203.0,GSU33DFIG,official_consolidated_candidate_results,ALPERSON-GSU33DFIG,AL-2022-senate-33-D-GSU33DFIG,0,1,GSU33DFIG,False,UNRESOLVED-AL-2022-senate-33-D-GSU33DFIG,surname_only_unresolved_race_specific,4.740048385873884,4.0325138042208835,6.390962409730882,13.662482227453754,-5.098213610400467,14.578310382148235,state_ticket_70_federal_30,1.0,meaningful,4.740048385873884,4.0325138042208835,6.390962409730882,13.662482227453754,-5.098213610400467,14.578310382148235,4.740048385873884,1,0.3333333333333333,1.580016128624628
2022,senate,33,R,11401.0,GSU33RRIE,official_consolidated_candidate_results,ALPERSON-GSU33RRIE,AL-2022-senate-33-R-GSU33RRIE,0,0,GSU33RRIE,False,UNRESOLVED-AL-2022-senate-33-R-GSU33RRIE,surname_only_unresolved_race_specific,4.740048385873884,4.0325138042208835,6.390962409730882,13.662482227453754,-5.098213610400467,14.578310382148235,state_ticket_70_federal_30,1.0,meaningful,-4.740048385873884,-4.0325138042208835,-6.390962409730882,-13.662482227453754,-14.578310382148235,5.098213610400467,-4.740048385873884,1,0.3333333333333333,-1.580016128624628
