cycle,chamber,district,party,votes,candidate,canonical_source,person_id,canonical_candidate_id,incumbent,winner,candidate_code,expected_cmo_total_oof,cmo_total_oof,expected_cmo_total_cycle_holdout,cmo_total_cycle_holdout,expected_cmo_total_district_grouped,cmo_total_district_grouped,expected_cmo_total_final,cmo_total_final,cmo_total_stability_low,cmo_total_stability_high,expected_cmo_resource_adjusted_oof,cmo_resource_adjusted_oof,expected_cmo_resource_adjusted_cycle_holdout,cmo_resource_adjusted_cycle_holdout,expected_cmo_resource_adjusted_district_grouped,cmo_resource_adjusted_district_grouped,expected_cmo_resource_adjusted_final,cmo_resource_adjusted_final,cmo_resource_adjusted_stability_low,cmo_resource_adjusted_stability_high,expected_cmo_fundraising_adjusted_oof,cmo_fundraising_adjusted_oof,expected_cmo_fundraising_adjusted_cycle_holdout,cmo_fundraising_adjusted_cycle_holdout,expected_cmo_fundraising_adjusted_district_grouped,cmo_fundraising_adjusted_district_grouped,expected_cmo_fundraising_adjusted_final,cmo_fundraising_adjusted_final,cmo_fundraising_adjusted_stability_low,cmo_fundraising_adjusted_stability_high,raw_overperformance,candidate_cmo_total_oof,candidate_cmo_total_cycle_holdout,candidate_cmo_total_district_grouped,candidate_cmo_total_final,candidate_cmo_resource_adjusted_oof,candidate_cmo_resource_adjusted_cycle_holdout,candidate_cmo_resource_adjusted_district_grouped,candidate_cmo_resource_adjusted_final,candidate_cmo_fundraising_adjusted_oof,candidate_cmo_fundraising_adjusted_cycle_holdout,candidate_cmo_fundraising_adjusted_district_grouped,candidate_cmo_fundraising_adjusted_final,candidate_cmo_total_stability_low,candidate_cmo_total_stability_high,candidate_cmo_resource_adjusted_stability_low,candidate_cmo_resource_adjusted_stability_high,candidate_cmo_fundraising_adjusted_stability_low,candidate_cmo_fundraising_adjusted_stability_high,candidate_cmo_specification_range,candidate_cmo_sign_consistent,candidate_war_oof,candidate_war_final
2010,house,1,D,7083.0,GREG BURDINE,alabama_sos,ALPERSON-GREG-BURDINE,AL-2010-house-1-D-GREG-BURDINE,0,1,AL-2010-house-1-D-GREG-BURDINE,5.240543966224266,11.704041787604258,-43.58938871491297,60.53397446874149,3.435129809325459,13.509455944503063,4.399885845013027,12.544699908815495,-40.04651159432072,63.45459516952923,5.8730208129900845,11.071564940838439,-33.388541248911835,50.333127002740355,4.028696345415134,12.915889408413388,4.954855851452621,11.989729902375903,-31.57919529659529,53.72232517827217,3.8972107903141637,13.04737496351436,-42.478831315532474,59.423417069360994,2.5895901705980293,14.354995583230494,3.271669341851201,13.672916411977322,-37.282837740374276,63.37758766740299,16.944585753828523,11.704041787604258,60.53397446874149,13.509455944503063,12.544699908815495,11.071564940838439,50.333127002740355,12.915889408413388,11.989729902375903,13.04737496351436,59.423417069360994,14.354995583230494,13.672916411977322,-40.04651159432072,63.45459516952923,-31.57919529659529,53.72232517827217,-37.282837740374276,63.37758766740299,1.9758100226759208,True,11.704041787604258,12.544699908815495
2010,house,1,R,6877.0,QUINTON HANSON,alabama_sos,ALPERSON-QUINTON-HANSON,AL-2010-house-1-R-QUINTON-HANSON,0,0,AL-2010-house-1-R-QUINTON-HANSON,5.240543966224266,11.704041787604258,-43.58938871491297,60.53397446874149,3.435129809325459,13.509455944503063,4.399885845013027,12.544699908815495,-40.04651159432072,63.45459516952923,5.8730208129900845,11.071564940838439,-33.388541248911835,50.333127002740355,4.028696345415134,12.915889408413388,4.954855851452621,11.989729902375903,-31.57919529659529,53.72232517827217,3.8972107903141637,13.04737496351436,-42.478831315532474,59.423417069360994,2.5895901705980293,14.354995583230494,3.271669341851201,13.672916411977322,-37.282837740374276,63.37758766740299,16.944585753828523,-11.704041787604258,-60.53397446874149,-13.509455944503063,-12.544699908815495,-11.071564940838439,-50.333127002740355,-12.915889408413388,-11.989729902375903,-13.04737496351436,-59.423417069360994,-14.354995583230494,-13.672916411977322,-63.45459516952923,40.04651159432072,-53.72232517827217,31.57919529659529,-63.37758766740299,37.282837740374276,1.9758100226759208,True,-11.704041787604258,-12.544699908815495
2010,house,2,D,6284.0,MIKE CURTIS,alabama_sos,ALPERSON-MIKE-CURTIS,AL-2010-house-2-D-MIKE-CURTIS,1,0,AL-2010-house-2-D-MIKE-CURTIS,18.51635783824627,-0.3689643267497651,-30.224364897830707,48.371758409327214,20.366053929749505,-2.2186604182529983,19.295525913538633,-1.1481324020421262,-52.119517708674735,51.38158905517521,18.138122097950017,0.009271413546489526,-22.09212876661603,40.23952227811254,20.043814203207205,-1.8964206917106985,18.80524321983989,-0.6578497083433845,-42.641488823887244,42.660031650980216,16.539419101207017,1.60797441028949,-31.75631362196611,49.90370713346262,18.81264807775503,-0.6652545662585219,18.015688909543346,0.13170460195316025,-48.72223829359915,51.93818711417812,18.147393511496507,-0.3689643267497651,48.371758409327214,-2.2186604182529983,-1.1481324020421262,0.009271413546489526,40.23952227811254,-1.8964206917106985,-0.6578497083433845,1.60797441028949,49.90370713346262,-0.6652545662585219,0.13170460195316025,-52.119517708674735,51.38158905517521,-42.641488823887244,42.660031650980216,-48.72223829359915,51.93818711417812,1.976938737039255,False,-0.3689643267497651,-1.1481324020421262
2010,house,2,R,7599.0,LYNN GREER,alabama_sos,ALPERSON-LYNN-GREER,AL-2010-house-2-R-LYNN-GREER,0,1,AL-2010-house-2-R-LYNN-GREER,18.51635783824627,-0.3689643267497651,-30.224364897830707,48.371758409327214,20.366053929749505,-2.2186604182529983,19.295525913538633,-1.1481324020421262,-52.119517708674735,51.38158905517521,18.138122097950017,0.009271413546489526,-22.09212876661603,40.23952227811254,20.043814203207205,-1.8964206917106985,18.80524321983989,-0.6578497083433845,-42.641488823887244,42.660031650980216,16.539419101207017,1.60797441028949,-31.75631362196611,49.90370713346262,18.81264807775503,-0.6652545662585219,18.015688909543346,0.13170460195316025,-48.72223829359915,51.93818711417812,18.147393511496507,0.3689643267497651,-48.371758409327214,2.2186604182529983,1.1481324020421262,-0.009271413546489526,-40.23952227811254,1.8964206917106985,0.6578497083433845,-1.60797441028949,-49.90370713346262,0.6652545662585219,-0.13170460195316025,-51.38158905517521,52.119517708674735,-42.660031650980216,42.641488823887244,-51.93818711417812,48.72223829359915,1.976938737039255,False,0.3689643267497651,1.1481324020421262
2010,house,4,D,5244.0,VAUGHN GOODWIN,alabama_sos,ALPERSON-VAUGHN-GOODWIN,AL-2010-house-4-D-VAUGHN-GOODWIN,0,0,AL-2010-house-4-D-VAUGHN-GOODWIN,-0.19286015662808342,-1.6999126114561376,-46.38080715126526,44.48803438318104,-2.5370659922944796,0.6442932242102586,-2.0794289922909117,0.1866562242066907,-53.45046599338111,50.05064077046884,0.1974465010596802,-2.090219269143901,-36.17958676791014,34.28681399982592,-2.2521642678372116,0.35939149975299056,-1.6358312315784715,-0.25694153650574947,-44.74097950657763,40.56054096828983,1.1013864600399135,-2.9941592281241345,-43.43196417351547,41.53919140543125,-0.9416418697183264,-0.9511308983658946,-0.6979257305344362,-1.1948470375497848,-53.32437193201277,47.3360534757645,-1.892772768084221,-1.6999126114561376,44.48803438318104,0.6442932242102586,0.1866562242066907,-2.090219269143901,34.28681399982592,0.35939149975299056,-0.25694153650574947,-2.9941592281241345,41.53919140543125,-0.9511308983658946,-1.1948470375497848,-53.45046599338111,50.05064077046884,-44.74097950657763,40.56054096828983,-53.32437193201277,47.3360534757645,1.294246616667997,True,-1.6999126114561376,0.1866562242066907
2010,house,4,R,12153.0,MICKY HAMMON,alabama_sos,ALPERSON-MICKY-HAMMON,AL-2010-house-4-R-MICKY-HAMMON,1,1,AL-2010-house-4-R-MICKY-HAMMON,-0.19286015662808342,-1.6999126114561376,-46.38080715126526,44.48803438318104,-2.5370659922944796,0.6442932242102586,-2.0794289922909117,0.1866562242066907,-53.45046599338111,50.05064077046884,0.1974465010596802,-2.090219269143901,-36.17958676791014,34.28681399982592,-2.2521642678372116,0.35939149975299056,-1.6358312315784715,-0.25694153650574947,-44.74097950657763,40.56054096828983,1.1013864600399135,-2.9941592281241345,-43.43196417351547,41.53919140543125,-0.9416418697183264,-0.9511308983658946,-0.6979257305344362,-1.1948470375497848,-53.32437193201277,47.3360534757645,-1.892772768084221,1.6999126114561376,-44.48803438318104,-0.6442932242102586,-0.1866562242066907,2.090219269143901,-34.28681399982592,-0.35939149975299056,0.25694153650574947,2.9941592281241345,-41.53919140543125,0.9511308983658946,1.1948470375497848,-50.05064077046884,53.45046599338111,-40.56054096828983,44.74097950657763,-47.3360534757645,53.32437193201277,1.294246616667997,True,1.6999126114561376,-0.1866562242066907
2010,house,5,D,5402.0,HENRY A. WHITE,alabama_sos,ALPERSON-HENRY-A-WHITE,AL-2010-house-5-D-HENRY-A-WHITE,1,0,AL-2010-house-5-D-HENRY-A-WHITE,19.079849744775817,-4.526186212839866,-30.224364897830707,44.77802842976666,18.79862832628279,-4.244964794346837,19.295525913538633,-4.741862381602681,-56.27673959476484,47.224367169085106,18.414482124700477,-3.8608185927645255,-22.09212876661603,36.64579229855198,18.27555135518904,-3.7218878232530894,18.80524321983989,-4.25157968790394,-46.51157883019825,38.789941644669206,13.633413509989165,0.9202500219467868,-32.908444034524194,47.46210756646015,13.465382531669006,1.0882810002669459,14.551587653793902,0.0020758781420493477,-49.40996268194185,51.25046272583542,14.553663531935952,-4.526186212839866,44.77802842976666,-4.244964794346837,-4.741862381602681,-3.8608185927645255,36.64579229855198,-3.7218878232530894,-4.25157968790394,0.9202500219467868,47.46210756646015,1.0882810002669459,0.0020758781420493477,-56.27673959476484,47.224367169085106,-46.51157883019825,38.789941644669206,-49.40996268194185,51.25046272583542,5.446436234786653,True,-4.526186212839866,-4.741862381602681
2010,house,5,R,8807.0,DAN WILLIAMS,alabama_sos,ALPERSON-DAN-WILLIAMS,AL-2010-house-5-R-DAN-WILLIAMS,0,1,AL-2010-house-5-R-DAN-WILLIAMS,19.079849744775817,-4.526186212839866,-30.224364897830707,44.77802842976666,18.79862832628279,-4.244964794346837,19.295525913538633,-4.741862381602681,-56.27673959476484,47.224367169085106,18.414482124700477,-3.8608185927645255,-22.09212876661603,36.64579229855198,18.27555135518904,-3.7218878232530894,18.80524321983989,-4.25157968790394,-46.51157883019825,38.789941644669206,13.633413509989165,0.9202500219467868,-32.908444034524194,47.46210756646015,13.465382531669006,1.0882810002669459,14.551587653793902,0.0020758781420493477,-49.40996268194185,51.25046272583542,14.553663531935952,4.526186212839866,-44.77802842976666,4.244964794346837,4.741862381602681,3.8608185927645255,-36.64579229855198,3.7218878232530894,4.25157968790394,-0.9202500219467868,-47.46210756646015,-1.0882810002669459,-0.0020758781420493477,-47.224367169085106,56.27673959476484,-38.789941644669206,46.51157883019825,-51.25046272583542,49.40996268194185,5.446436234786653,True,4.526186212839866,4.741862381602681
2010,house,7,D,6911.0,JOHN 'Jody' LETSON,alabama_sos,ALPERSON-JOHN-JODY-LETSON,AL-2010-house-7-D-JOHN-JODY-LETSON,1,0,AL-2010-house-7-D-JOHN-JODY-LETSON,19.81056362989997,-6.494245536811297,-30.224364897830707,43.54068299091938,20.143980953007844,-6.827662859919171,19.295525913538633,-5.979207820449959,-58.24479891873627,45.256307845113675,19.442083344846466,-6.125765251757793,-22.09212876661603,35.4084468597047,19.828308619169643,-6.51199052608097,18.80524321983989,-5.488925126751218,-48.77652548919152,36.52499498567594,18.856398705458822,-5.540080612370149,-31.75631362196611,45.07263171505478,18.1081038950421,-4.791785801953425,18.015688909543346,-4.699370816454673,-55.87029331625878,44.79013209151849,13.316318093088674,-6.494245536811297,43.54068299091938,-6.827662859919171,-5.979207820449959,-6.125765251757793,35.4084468597047,-6.51199052608097,-5.488925126751218,-5.540080612370149,45.07263171505478,-4.791785801953425,-4.699370816454673,-58.24479891873627,45.256307845113675,-48.77652548919152,36.52499498567594,-55.87029331625878,44.79013209151849,0.9541649244411481,True,-6.494245536811297,-5.979207820449959
2010,house,7,R,7096.0,KEN JOHNSON,alabama_sos,ALPERSON-KEN-JOHNSON,AL-2010-house-7-R-KEN-JOHNSON,0,1,AL-2010-house-7-R-KEN-JOHNSON,19.81056362989997,-6.494245536811297,-30.224364897830707,43.54068299091938,20.143980953007844,-6.827662859919171,19.295525913538633,-5.979207820449959,-58.24479891873627,45.256307845113675,19.442083344846466,-6.125765251757793,-22.09212876661603,35.4084468597047,19.828308619169643,-6.51199052608097,18.80524321983989,-5.488925126751218,-48.77652548919152,36.52499498567594,18.856398705458822,-5.540080612370149,-31.75631362196611,45.07263171505478,18.1081038950421,-4.791785801953425,18.015688909543346,-4.699370816454673,-55.87029331625878,44.79013209151849,13.316318093088674,6.494245536811297,-43.54068299091938,6.827662859919171,5.979207820449959,6.125765251757793,-35.4084468597047,6.51199052608097,5.488925126751218,5.540080612370149,-45.07263171505478,4.791785801953425,4.699370816454673,-45.256307845113675,58.24479891873627,-36.52499498567594,48.77652548919152,-44.79013209151849,55.87029331625878,0.9541649244411481,True,6.494245536811297,5.979207820449959
2010,house,8,D,5147.0,DRAMA BRELAND,alabama_sos,ALPERSON-DRAMA-BRELAND,AL-2010-house-8-D-DRAMA-BRELAND,0,0,AL-2010-house-8-D-DRAMA-BRELAND,3.859509746603802,20.817763378551746,-43.58938871491297,68.26666184006852,3.5576266893081367,21.11964643584741,4.399885845013027,20.27738728014252,-30.932790003373228,72.56831676047672,4.199105092460143,20.478168032695404,-33.388541248911835,58.065814374067386,4.3757466584177,20.301526466737847,4.954855851452621,19.722417273702927,-22.172592204738326,63.12892827012914,2.977964959841044,21.699308165314505,-42.62592585158609,67.30319897674164,1.6452426782583167,23.03203044689723,3.1182648427252673,21.55900828243028,-28.63090453857413,72.02952086920314,24.677273125155548,20.817763378551746,68.26666184006852,21.11964643584741,20.27738728014252,20.478168032695404,58.065814374067386,20.301526466737847,19.722417273702927,21.699308165314505,67.30319897674164,23.03203044689723,21.55900828243028,-30.932790003373228,72.56831676047672,-22.172592204738326,63.12892827012914,-28.63090453857413,72.02952086920314,1.2211401326191016,True,20.817763378551746,20.27738728014252
2010,house,8,R,6574.0,TERRI COLLINS,alabama_sos,ALPERSON-TERRI-COLLINS,AL-2010-house-8-R-TERRI-COLLINS,0,1,AL-2010-house-8-R-TERRI-COLLINS,3.859509746603802,20.817763378551746,-43.58938871491297,68.26666184006852,3.5576266893081367,21.11964643584741,4.399885845013027,20.27738728014252,-30.932790003373228,72.56831676047672,4.199105092460143,20.478168032695404,-33.388541248911835,58.065814374067386,4.3757466584177,20.301526466737847,4.954855851452621,19.722417273702927,-22.172592204738326,63.12892827012914,2.977964959841044,21.699308165314505,-42.62592585158609,67.30319897674164,1.6452426782583167,23.03203044689723,3.1182648427252673,21.55900828243028,-28.63090453857413,72.02952086920314,24.677273125155548,-20.817763378551746,-68.26666184006852,-21.11964643584741,-20.27738728014252,-20.478168032695404,-58.065814374067386,-20.301526466737847,-19.722417273702927,-21.699308165314505,-67.30319897674164,-23.03203044689723,-21.55900828243028,-72.56831676047672,30.932790003373228,-63.12892827012914,22.172592204738326,-72.02952086920314,28.63090453857413,1.2211401326191016,True,-20.817763378551746,-20.27738728014252
2010,house,9,D,4294.0,KATHY WHITE GOODWIN,alabama_sos,ALPERSON-KATHY-WHITE-GOODWIN,AL-2010-house-9-D-KATHY-WHITE-GOODWIN,0,0,AL-2010-house-9-D-KATHY-WHITE-GOODWIN,5.240543966224266,-8.893780421666236,-43.58938871491297,39.936152259471,4.859063467219521,-8.51229992266149,4.399885845013027,-8.053122300454998,-60.64433380359121,42.85677296025874,5.8730208129900845,-9.526257268432055,-33.388541248911835,29.735304793469865,5.683831659713914,-9.337068115155883,4.954855851452621,-8.60809230689459,-52.177017505865784,33.124502969001675,6.27458971250776,-9.92782616794973,-42.26777466348322,38.61453820804125,6.506880123256865,-10.160116578698835,5.754327284038041,-9.407563739480011,-60.258038871838366,40.4023865359389,-3.65323645544197,-8.893780421666236,39.936152259471,-8.51229992266149,-8.053122300454998,-9.526257268432055,29.735304793469865,-9.337068115155883,-8.60809230689459,-9.92782616794973,38.61453820804125,-10.160116578698835,-9.407563739480011,-60.64433380359121,42.85677296025874,-52.177017505865784,33.124502969001675,-60.258038871838366,40.4023865359389,1.0340457462834944,True,-8.893780421666236,-8.053122300454998
2010,house,9,R,11405.0,ED HENRY,alabama_sos,ALPERSON-ED-HENRY,AL-2010-house-9-R-ED-HENRY,0,1,AL-2010-house-9-R-ED-HENRY,5.240543966224266,-8.893780421666236,-43.58938871491297,39.936152259471,4.859063467219521,-8.51229992266149,4.399885845013027,-8.053122300454998,-60.64433380359121,42.85677296025874,5.8730208129900845,-9.526257268432055,-33.388541248911835,29.735304793469865,5.683831659713914,-9.337068115155883,4.954855851452621,-8.60809230689459,-52.177017505865784,33.124502969001675,6.27458971250776,-9.92782616794973,-42.26777466348322,38.61453820804125,6.506880123256865,-10.160116578698835,5.754327284038041,-9.407563739480011,-60.258038871838366,40.4023865359389,-3.65323645544197,8.893780421666236,-39.936152259471,8.51229992266149,8.053122300454998,9.526257268432055,-29.735304793469865,9.337068115155883,8.60809230689459,9.92782616794973,-38.61453820804125,10.160116578698835,9.407563739480011,-42.85677296025874,60.64433380359121,-33.124502969001675,52.177017505865784,-40.4023865359389,60.258038871838366,1.0340457462834944,True,8.893780421666236,8.053122300454998
2010,house,12,D,7667.0,"JAMES C. FIELDS, JR.",alabama_sos,ALPERSON-JAMES-C-FIELDS-JR,AL-2010-house-12-D-JAMES-C-FIELDS-JR,1,0,AL-2010-house-12-D-JAMES-C-FIELDS-JR,18.51635783824627,15.665856016639495,-30.224364897830707,64.40657875271647,16.879910339612266,17.3023035152735,19.295525913538633,14.886687941347134,-36.08469736528548,67.41640939856447,18.138122097950017,16.04409175693575,-22.09212876661603,56.2743426215018,16.709761930478486,17.47245192440728,18.80524321983989,15.376970635045875,-26.60666848049798,58.69485199436948,24.57496064534479,9.607253209540975,-23.569953430312818,57.75216728519858,22.221817996625163,11.960395858260604,24.29067458499762,9.891539269888145,-40.72295949434766,59.937465913429605,34.18221385488577,15.665856016639495,64.40657875271647,17.3023035152735,14.886687941347134,16.04409175693575,56.2743426215018,17.47245192440728,15.376970635045875,9.607253209540975,57.75216728519858,11.960395858260604,9.891539269888145,-36.08469736528548,67.41640939856447,-26.60666848049798,58.69485199436948,-40.72295949434766,59.937465913429605,6.436838547394775,True,15.665856016639495,14.886687941347134
2010,house,12,R,9062.0,MAC BUTTRAM,alabama_sos,ALPERSON-MAC-BUTTRAM,AL-2010-house-12-R-MAC-BUTTRAM,0,1,AL-2010-house-12-R-MAC-BUTTRAM,18.51635783824627,15.665856016639495,-30.224364897830707,64.40657875271647,16.879910339612266,17.3023035152735,19.295525913538633,14.886687941347134,-36.08469736528548,67.41640939856447,18.138122097950017,16.04409175693575,-22.09212876661603,56.2743426215018,16.709761930478486,17.47245192440728,18.80524321983989,15.376970635045875,-26.60666848049798,58.69485199436948,24.57496064534479,9.607253209540975,-23.569953430312818,57.75216728519858,22.221817996625163,11.960395858260604,24.29067458499762,9.891539269888145,-40.72295949434766,59.937465913429605,34.18221385488577,-15.665856016639495,-64.40657875271647,-17.3023035152735,-14.886687941347134,-16.04409175693575,-56.2743426215018,-17.47245192440728,-15.376970635045875,-9.607253209540975,-57.75216728519858,-11.960395858260604,-9.891539269888145,-67.41640939856447,36.08469736528548,-58.69485199436948,26.60666848049798,-59.937465913429605,40.72295949434766,6.436838547394775,True,-15.665856016639495,-14.886687941347134
2010,house,13,D,5186.0,TOMMY SHERER,alabama_sos,ALPERSON-TOMMY-SHERER,AL-2010-house-13-D-TOMMY-SHERER,1,0,AL-2010-house-13-D-TOMMY-SHERER,21.829107596737025,-18.806899420652226,-30.224364897830707,33.246573073915506,18.656933426179606,-15.634725250094807,19.295525913538633,-16.273317737453834,-70.5574528025772,32.943653961272744,21.29339311931855,-18.271184943233752,-22.09212876661603,25.11433694270083,18.11199985992652,-15.089791683841721,18.80524321983989,-15.783035043755092,-60.92194518066748,24.379575294199977,20.233818335324592,-17.211610159239793,-31.75631362196611,34.77852179805091,17.238495748584306,-14.216287572499507,18.015688909543346,-14.993480733458547,-67.54182286312843,33.11860254464884,3.022208176084799,-18.806899420652226,33.246573073915506,-15.634725250094807,-16.273317737453834,-18.271184943233752,25.11433694270083,-15.089791683841721,-15.783035043755092,-17.211610159239793,34.77852179805091,-14.216287572499507,-14.993480733458547,-70.5574528025772,32.943653961272744,-60.92194518066748,24.379575294199977,-67.54182286312843,33.11860254464884,1.5952892614124323,True,-18.806899420652226,-16.273317737453834
2010,house,13,R,7990.0,BILL ROBERTS,alabama_sos,ALPERSON-BILL-ROBERTS,AL-2010-house-13-R-BILL-ROBERTS,0,1,AL-2010-house-13-R-BILL-ROBERTS,21.829107596737025,-18.806899420652226,-30.224364897830707,33.246573073915506,18.656933426179606,-15.634725250094807,19.295525913538633,-16.273317737453834,-70.5574528025772,32.943653961272744,21.29339311931855,-18.271184943233752,-22.09212876661603,25.11433694270083,18.11199985992652,-15.089791683841721,18.80524321983989,-15.783035043755092,-60.92194518066748,24.379575294199977,20.233818335324592,-17.211610159239793,-31.75631362196611,34.77852179805091,17.238495748584306,-14.216287572499507,18.015688909543346,-14.993480733458547,-67.54182286312843,33.11860254464884,3.022208176084799,18.806899420652226,-33.246573073915506,15.634725250094807,16.273317737453834,18.271184943233752,-25.11433694270083,15.089791683841721,15.783035043755092,17.211610159239793,-34.77852179805091,14.216287572499507,14.993480733458547,-32.943653961272744,70.5574528025772,-24.379575294199977,60.92194518066748,-33.11860254464884,67.54182286312843,1.5952892614124323,True,18.806899420652226,16.273317737453834
2010,house,14,D,4121.0,KEN GUIN,alabama_sos,ALPERSON-KEN-GUIN,AL-2010-house-14-D-KEN-GUIN,1,0,AL-2010-house-14-D-KEN-GUIN,21.829107596737025,-33.20143355430024,-30.224364897830707,18.852038940267494,16.879910339612266,-28.25223629717548,19.295525913538633,-30.667851871101846,-84.95198693622521,18.549119827624736,21.29339311931855,-32.665719076881764,-22.09212876661603,10.719802809052819,16.709761930478486,-28.0820878880417,18.80524321983989,-30.177569177403104,-75.3164793143155,9.985041160551965,20.149419047873998,-31.52174500543721,-29.655833406486632,18.28350744892342,16.220797011132795,-27.593122968696008,17.94372659812495,-29.316052555688163,-81.85195770932584,18.808467698451423,-11.372325957563213,-33.20143355430024,18.852038940267494,-28.25223629717548,-30.667851871101846,-32.665719076881764,10.719802809052819,-28.0820878880417,-30.177569177403104,-31.52174500543721,18.28350744892342,-27.593122968696008,-29.316052555688163,-84.95198693622521,18.549119827624736,-75.3164793143155,9.985041160551965,-81.85195770932584,18.808467698451423,1.6796885488630267,True,-33.20143355430024,-30.667851871101846
2010,house,14,R,9327.0,RICHARD BAUGHN,alabama_sos,ALPERSON-RICHARD-BAUGHN,AL-2010-house-14-R-RICHARD-BAUGHN,0,1,AL-2010-house-14-R-RICHARD-BAUGHN,21.829107596737025,-33.20143355430024,-30.224364897830707,18.852038940267494,16.879910339612266,-28.25223629717548,19.295525913538633,-30.667851871101846,-84.95198693622521,18.549119827624736,21.29339311931855,-32.665719076881764,-22.09212876661603,10.719802809052819,16.709761930478486,-28.0820878880417,18.80524321983989,-30.177569177403104,-75.3164793143155,9.985041160551965,20.149419047873998,-31.52174500543721,-29.655833406486632,18.28350744892342,16.220797011132795,-27.593122968696008,17.94372659812495,-29.316052555688163,-81.85195770932584,18.808467698451423,-11.372325957563213,33.20143355430024,-18.852038940267494,28.25223629717548,30.667851871101846,32.665719076881764,-10.719802809052819,28.0820878880417,30.177569177403104,31.52174500543721,-18.28350744892342,27.593122968696008,29.316052555688163,-18.549119827624736,84.95198693622521,-9.985041160551965,75.3164793143155,-18.808467698451423,81.85195770932584,1.6796885488630267,True,33.20143355430024,30.667851871101846
2010,house,16,D,6379.0,"WILLIAM E. THIGPEN, SR.",alabama_sos,ALPERSON-WILLIAM-E-THIGPEN-SR,AL-2010-house-16-D-WILLIAM-E-THIGPEN-SR,1,0,AL-2010-house-16-D-WILLIAM-E-THIGPEN-SR,21.829107596737025,0.7205127529470232,-30.224364897830707,52.77398524751476,20.366053929749505,2.183566419934543,19.295525913538633,3.254094436145415,-51.03004062897795,52.471066134872,21.29339311931855,1.2562272303654964,-22.09212876661603,44.641749116300076,20.043814203207205,2.505806146476843,18.80524321983989,3.744377129844157,-41.39453300706823,43.906987467799226,20.233818335324592,2.3158020143594555,-31.75631362196611,54.30593397165016,18.81264807775503,3.7369722719290195,18.015688909543346,4.533931440140702,-48.01441068952918,52.64601471824809,22.549620349684048,0.7205127529470232,52.77398524751476,2.183566419934543,3.254094436145415,1.2562272303654964,44.641749116300076,2.505806146476843,3.744377129844157,2.3158020143594555,54.30593397165016,3.7369722719290195,4.533931440140702,-51.03004062897795,52.471066134872,-41.39453300706823,43.906987467799226,-48.01441068952918,52.64601471824809,1.5952892614124323,True,0.7205127529470232,3.254094436145415
2010,house,16,R,7451.0,DANIEL H. BOMAN,alabama_sos,ALPERSON-DANIEL-H-BOMAN,AL-2010-house-16-R-DANIEL-H-BOMAN,0,1,AL-2010-house-16-R-DANIEL-H-BOMAN,21.829107596737025,0.7205127529470232,-30.224364897830707,52.77398524751476,20.366053929749505,2.183566419934543,19.295525913538633,3.254094436145415,-51.03004062897795,52.471066134872,21.29339311931855,1.2562272303654964,-22.09212876661603,44.641749116300076,20.043814203207205,2.505806146476843,18.80524321983989,3.744377129844157,-41.39453300706823,43.906987467799226,20.233818335324592,2.3158020143594555,-31.75631362196611,54.30593397165016,18.81264807775503,3.7369722719290195,18.015688909543346,4.533931440140702,-48.01441068952918,52.64601471824809,22.549620349684048,-0.7205127529470232,-52.77398524751476,-2.183566419934543,-3.254094436145415,-1.2562272303654964,-44.641749116300076,-2.505806146476843,-3.744377129844157,-2.3158020143594555,-54.30593397165016,-3.7369722719290195,-4.533931440140702,-52.471066134872,51.03004062897795,-43.906987467799226,41.39453300706823,-52.64601471824809,48.01441068952918,1.5952892614124323,True,-0.7205127529470232,-3.254094436145415
2010,house,21,D,6201.0,RANDY HINSHAW,alabama_sos,ALPERSON-RANDY-HINSHAW,AL-2010-house-21-D-RANDY-HINSHAW,1,0,AL-2010-house-21-D-RANDY-HINSHAW,19.079849744775817,0.9987495256028645,-30.224364897830707,50.302964168209385,19.513562889627327,0.565036380751355,19.295525913538633,0.783073356840049,-50.75180385632211,52.749302907527834,18.414482124700477,1.6641171456782047,-22.09212876661603,42.17072803699472,18.9947930755284,1.0838061948502826,18.80524321983989,1.2733560505387906,-40.986643091755525,44.314877383111934,18.299459387638063,1.779139882740619,-31.75631362196611,51.83491289234479,18.585706640291072,1.49289263008761,18.015688909543346,2.0629103608353354,-48.55107282114801,52.10935258662926,20.07859927037868,0.9987495256028645,50.302964168209385,0.565036380751355,0.783073356840049,1.6641171456782047,42.17072803699472,1.0838061948502826,1.2733560505387906,1.779139882740619,51.83491289234479,1.49289263008761,2.0629103608353354,-50.75180385632211,52.749302907527834,-40.986643091755525,44.314877383111934,-48.55107282114801,52.10935258662926,0.7803903571377546,True,0.9987495256028645,0.783073356840049
2010,house,21,R,6654.0,JIM PATTERSON,alabama_sos,ALPERSON-JIM-PATTERSON,AL-2010-house-21-R-JIM-PATTERSON,0,1,AL-2010-house-21-R-JIM-PATTERSON,19.079849744775817,0.9987495256028645,-30.224364897830707,50.302964168209385,19.513562889627327,0.565036380751355,19.295525913538633,0.783073356840049,-50.75180385632211,52.749302907527834,18.414482124700477,1.6641171456782047,-22.09212876661603,42.17072803699472,18.9947930755284,1.0838061948502826,18.80524321983989,1.2733560505387906,-40.986643091755525,44.314877383111934,18.299459387638063,1.779139882740619,-31.75631362196611,51.83491289234479,18.585706640291072,1.49289263008761,18.015688909543346,2.0629103608353354,-48.55107282114801,52.10935258662926,20.07859927037868,-0.9987495256028645,-50.302964168209385,-0.565036380751355,-0.783073356840049,-1.6641171456782047,-42.17072803699472,-1.0838061948502826,-1.2733560505387906,-1.779139882740619,-51.83491289234479,-1.49289263008761,-2.0629103608353354,-52.749302907527834,50.75180385632211,-44.314877383111934,40.986643091755525,-52.10935258662926,48.55107282114801,0.7803903571377546,True,-0.9987495256028645,-0.783073356840049
2010,house,22,D,5177.0,BUTCH TAYLOR,alabama_sos,ALPERSON-BUTCH-TAYLOR,AL-2010-house-22-D-BUTCH-TAYLOR,0,0,AL-2010-house-22-D-BUTCH-TAYLOR,5.311681936653645,-5.151939409511048,-43.58938871491297,43.74913124205557,5.234060804573723,-5.074318277431125,4.399885845013027,-4.240143317870429,-56.90249279143602,46.59861397241393,5.825480190724379,-5.6657376635817815,-33.388541248911835,33.54828377605443,5.766202128277792,-5.606459601135194,4.954855851452621,-4.795113324310023,-48.31649790101551,36.98502257385195,8.101693090836267,-7.94195056369367,-38.4177367999296,38.5774793270722,8.085696910120086,-7.925954382977489,7.5069739750704585,-7.347231447927861,-58.2721632675823,42.38826214019497,0.1597425271425976,-5.151939409511048,43.74913124205557,-5.074318277431125,-4.240143317870429,-5.6657376635817815,33.54828377605443,-5.606459601135194,-4.795113324310023,-7.94195056369367,38.5774793270722,-7.925954382977489,-7.347231447927861,-56.90249279143602,46.59861397241393,-48.31649790101551,36.98502257385195,-58.2721632675823,42.38826214019497,2.790011154182622,True,-5.151939409511048,-4.240143317870429
2010,house,22,R,9523.0,WAYNE JOHNSON,alabama_sos,ALPERSON-WAYNE-JOHNSON,AL-2010-house-22-R-WAYNE-JOHNSON,0,1,AL-2010-house-22-R-WAYNE-JOHNSON,5.311681936653645,-5.151939409511048,-43.58938871491297,43.74913124205557,5.234060804573723,-5.074318277431125,4.399885845013027,-4.240143317870429,-56.90249279143602,46.59861397241393,5.825480190724379,-5.6657376635817815,-33.388541248911835,33.54828377605443,5.766202128277792,-5.606459601135194,4.954855851452621,-4.795113324310023,-48.31649790101551,36.98502257385195,8.101693090836267,-7.94195056369367,-38.4177367999296,38.5774793270722,8.085696910120086,-7.925954382977489,7.5069739750704585,-7.347231447927861,-58.2721632675823,42.38826214019497,0.1597425271425976,5.151939409511048,-43.74913124205557,5.074318277431125,4.240143317870429,5.6657376635817815,-33.54828377605443,5.606459601135194,4.795113324310023,7.94195056369367,-38.5774793270722,7.925954382977489,7.347231447927861,-46.59861397241393,56.90249279143602,-36.98502257385195,48.31649790101551,-42.38826214019497,58.2721632675823,2.790011154182622,True,5.151939409511048,4.240143317870429
2010,house,24,D,6971.0,NATHANIEL LEDBETTER,alabama_sos,ALPERSON-NATHANIEL-LEDBETTER,AL-2010-house-24-D-NATHANIEL-LEDBETTER,0,0,AL-2010-house-24-D-NATHANIEL-LEDBETTER,-4.844223787432099,20.46110798488314,-46.38080715126526,61.9976913487163,-3.4796289214184215,19.09651311886946,-2.0794289922909117,17.69631318974195,-31.289445397041835,72.21166136680812,-4.554448046680758,20.171332244131797,-36.17958676791014,51.79647096536118,-2.973673622783793,18.59055782023483,-1.6358312315784715,17.25271542902951,-22.479427993301933,62.82209248156553,-3.5988836035442855,19.215767800995323,-43.813162426647324,59.43004662409837,-1.9388312520998952,17.555715449550934,-1.0954763714913334,16.712360568942373,-31.11444490289331,69.54598050488396,15.61688419745104,20.46110798488314,61.9976913487163,19.09651311886946,17.69631318974195,20.171332244131797,51.79647096536118,18.59055782023483,17.25271542902951,19.215767800995323,59.43004662409837,17.555715449550934,16.712360568942373,-31.289445397041835,72.21166136680812,-22.479427993301933,62.82209248156553,-31.11444490289331,69.54598050488396,1.2453401838878158,True,20.46110798488314,17.69631318974195
2010,house,24,R,7967.0,TODD GREESON,alabama_sos,ALPERSON-TODD-GREESON,AL-2010-house-24-R-TODD-GREESON,1,1,AL-2010-house-24-R-TODD-GREESON,-4.844223787432099,20.46110798488314,-46.38080715126526,61.9976913487163,-3.4796289214184215,19.09651311886946,-2.0794289922909117,17.69631318974195,-31.289445397041835,72.21166136680812,-4.554448046680758,20.171332244131797,-36.17958676791014,51.79647096536118,-2.973673622783793,18.59055782023483,-1.6358312315784715,17.25271542902951,-22.479427993301933,62.82209248156553,-3.5988836035442855,19.215767800995323,-43.813162426647324,59.43004662409837,-1.9388312520998952,17.555715449550934,-1.0954763714913334,16.712360568942373,-31.11444490289331,69.54598050488396,15.61688419745104,-20.46110798488314,-61.9976913487163,-19.09651311886946,-17.69631318974195,-20.171332244131797,-51.79647096536118,-18.59055782023483,-17.25271542902951,-19.215767800995323,-59.43004662409837,-17.555715449550934,-16.712360568942373,-72.21166136680812,31.289445397041835,-62.82209248156553,22.479427993301933,-69.54598050488396,31.11444490289331,1.2453401838878158,True,-20.46110798488314,-17.69631318974195
2010,house,26,D,4873.0,RANDALL WHITE,alabama_sos,ALPERSON-RANDALL-WHITE,AL-2010-house-26-D-RANDALL-WHITE,0,0,AL-2010-house-26-D-RANDALL-WHITE,2.52905976278854,21.213890971273187,-43.58938871491297,67.3323394489747,3.5576266893081367,20.185324044753592,4.399885845013027,19.3430648890487,-30.536662410651786,72.96444435319816,3.4393396372737515,20.30361109678798,-33.388541248911835,57.131491982973564,4.3757466584177,19.36720407564403,4.954855851452621,18.78809488260911,-22.34714914064575,62.954371334221705,0.922317016563726,22.820633717498005,-43.255587830703206,66.99853856476494,1.0795501562270182,22.66340057783471,2.4615920449682243,21.281358689093505,-27.50957898639063,73.15084642138663,23.74295073406173,21.213890971273187,67.3323394489747,20.185324044753592,19.3430648890487,20.30361109678798,57.131491982973564,19.36720407564403,18.78809488260911,22.820633717498005,66.99853856476494,22.66340057783471,21.281358689093505,-30.536662410651786,72.96444435319816,-22.34714914064575,62.954371334221705,-27.50957898639063,73.15084642138663,2.5170226207100264,True,21.213890971273187,19.3430648890487
2010,house,26,R,7203.0,KERRY RICH,alabama_sos,ALPERSON-KERRY-RICH,AL-2010-house-26-R-KERRY-RICH,0,1,AL-2010-house-26-R-KERRY-RICH,2.52905976278854,21.213890971273187,-43.58938871491297,67.3323394489747,3.5576266893081367,20.185324044753592,4.399885845013027,19.3430648890487,-30.536662410651786,72.96444435319816,3.4393396372737515,20.30361109678798,-33.388541248911835,57.131491982973564,4.3757466584177,19.36720407564403,4.954855851452621,18.78809488260911,-22.34714914064575,62.954371334221705,0.922317016563726,22.820633717498005,-43.255587830703206,66.99853856476494,1.0795501562270182,22.66340057783471,2.4615920449682243,21.281358689093505,-27.50957898639063,73.15084642138663,23.74295073406173,-21.213890971273187,-67.3323394489747,-20.185324044753592,-19.3430648890487,-20.30361109678798,-57.131491982973564,-19.36720407564403,-18.78809488260911,-22.820633717498005,-66.99853856476494,-22.66340057783471,-21.281358689093505,-72.96444435319816,30.536662410651786,-62.954371334221705,22.34714914064575,-73.15084642138663,27.50957898639063,2.5170226207100264,True,-21.213890971273187,-19.3430648890487
2010,house,27,D,7225.0,JEFF McLAUGHLIN,alabama_sos,ALPERSON-JEFF-MCLAUGHLIN,AL-2010-house-27-D-JEFF-MCLAUGHLIN,1,0,AL-2010-house-27-D-JEFF-MCLAUGHLIN,20.501018716077574,17.182638573531563,-30.224364897830707,67.90802218743984,18.694388703537733,18.989268586071404,19.295525913538633,18.388131376070504,-34.56791480839341,68.93319195545654,19.682291925377204,18.001365364231933,-22.09212876661603,59.77578605622517,18.17607356167099,19.507583727938147,18.80524321983989,18.878414069769246,-24.649394873201796,60.65212560166566,19.218536840529467,18.46512044907967,-31.75631362196611,69.43997091157524,17.865170834159006,19.81848645545013,18.015688909543346,19.66796838006579,-31.865092254808964,68.79533315296831,37.68365728960914,17.182638573531563,67.90802218743984,18.989268586071404,18.388131376070504,18.001365364231933,59.77578605622517,19.507583727938147,18.878414069769246,18.46512044907967,69.43997091157524,19.81848645545013,19.66796838006579,-34.56791480839341,68.93319195545654,-24.649394873201796,60.65212560166566,-31.865092254808964,68.79533315296831,1.2824818755481076,True,17.182638573531563,18.388131376070504
2010,house,27,R,8238.0,WES LONG,alabama_sos,ALPERSON-WES-LONG,AL-2010-house-27-R-WES-LONG,0,1,AL-2010-house-27-R-WES-LONG,20.501018716077574,17.182638573531563,-30.224364897830707,67.90802218743984,18.694388703537733,18.989268586071404,19.295525913538633,18.388131376070504,-34.56791480839341,68.93319195545654,19.682291925377204,18.001365364231933,-22.09212876661603,59.77578605622517,18.17607356167099,19.507583727938147,18.80524321983989,18.878414069769246,-24.649394873201796,60.65212560166566,19.218536840529467,18.46512044907967,-31.75631362196611,69.43997091157524,17.865170834159006,19.81848645545013,18.015688909543346,19.66796838006579,-31.865092254808964,68.79533315296831,37.68365728960914,-17.182638573531563,-67.90802218743984,-18.989268586071404,-18.388131376070504,-18.001365364231933,-59.77578605622517,-19.507583727938147,-18.878414069769246,-18.46512044907967,-69.43997091157524,-19.81848645545013,-19.66796838006579,-68.93319195545654,34.56791480839341,-60.65212560166566,24.649394873201796,-68.79533315296831,31.865092254808964,1.2824818755481076,True,-17.182638573531563,-18.388131376070504
2010,house,29,D,5406.0,JOHN G. 'Jack' PAGE III,alabama_sos,ALPERSON-JOHN-G-JACK-PAGE-III,AL-2010-house-29-D-JOHN-G-JACK-PAGE-III,1,0,AL-2010-house-29-D-JOHN-G-JACK-PAGE-III,20.501018716077574,-9.222741390726513,-30.224364897830707,41.502642223181766,20.599349596037666,-9.321072270686605,19.295525913538633,-8.017248588187572,-60.973294772651485,42.52781199119846,19.682291925377204,-8.404014600026143,-22.09212876661603,33.37040609196709,20.43000238107706,-9.151725055725999,18.80524321983989,-7.52696589448883,-51.054774837459874,34.246745637407585,23.460300960566286,-12.182023635215225,-25.787249864821224,37.06552719017228,23.66394598799875,-12.38566866264769,21.978262050343794,-10.699984724992733,-62.51223633910386,38.14818906867341,11.27827732535106,-9.222741390726513,41.502642223181766,-9.321072270686605,-8.017248588187572,-8.404014600026143,33.37040609196709,-9.151725055725999,-7.52696589448883,-12.182023635215225,37.06552719017228,-12.38566866264769,-10.699984724992733,-60.973294772651485,42.52781199119846,-51.054774837459874,34.246745637407585,-62.51223633910386,38.14818906867341,3.7780090351890827,True,-9.222741390726513,-8.017248588187572
2010,house,29,R,5845.0,BECKY NORDGREN,alabama_sos,ALPERSON-BECKY-NORDGREN,AL-2010-house-29-R-BECKY-NORDGREN,0,1,AL-2010-house-29-R-BECKY-NORDGREN,20.501018716077574,-9.222741390726513,-30.224364897830707,41.502642223181766,20.599349596037666,-9.321072270686605,19.295525913538633,-8.017248588187572,-60.973294772651485,42.52781199119846,19.682291925377204,-8.404014600026143,-22.09212876661603,33.37040609196709,20.43000238107706,-9.151725055725999,18.80524321983989,-7.52696589448883,-51.054774837459874,34.246745637407585,23.460300960566286,-12.182023635215225,-25.787249864821224,37.06552719017228,23.66394598799875,-12.38566866264769,21.978262050343794,-10.699984724992733,-62.51223633910386,38.14818906867341,11.27827732535106,9.222741390726513,-41.502642223181766,9.321072270686605,8.017248588187572,8.404014600026143,-33.37040609196709,9.151725055725999,7.52696589448883,12.182023635215225,-37.06552719017228,12.38566866264769,10.699984724992733,-42.52781199119846,60.973294772651485,-34.246745637407585,51.054774837459874,-38.14818906867341,62.51223633910386,3.7780090351890827,True,9.222741390726513,8.017248588187572
2010,house,30,D,4153.0,WALLY BURNS,alabama_sos,ALPERSON-WALLY-BURNS,AL-2010-house-30-D-WALLY-BURNS,0,0,AL-2010-house-30-D-WALLY-BURNS,-0.6647519203542185,-2.389766526251046,-46.38080715126526,43.326288704659994,-1.7601497938928965,-1.2943686527123681,-2.0794289922909117,-0.9750894543143529,-54.14031990817602,49.36078685567393,0.11218919866754096,-3.1667076452728056,-36.17958676791014,33.12506832130487,-1.3487937903902871,-1.7057246562149775,-1.6358312315784715,-1.418687215026793,-45.81746788270654,39.48405259216092,-4.815375163840507,1.7608567172352423,-48.690940947187784,45.63642250058252,-5.632762329450195,2.57824388284493,-6.182498574124203,3.1279801275189385,-48.56935598665339,52.091069421123876,-3.0545184466052646,-2.389766526251046,43.326288704659994,-1.2943686527123681,-0.9750894543143529,-3.1667076452728056,33.12506832130487,-1.7057246562149775,-1.418687215026793,1.7608567172352423,45.63642250058252,2.57824388284493,3.1279801275189385,-54.14031990817602,49.36078685567393,-45.81746788270654,39.48405259216092,-48.56935598665339,52.091069421123876,4.927564362508048,True,-2.389766526251046,-0.9750894543143529
2010,house,30,R,10979.0,BLAINE GALLIHER,alabama_sos,ALPERSON-BLAINE-GALLIHER,AL-2010-house-30-R-BLAINE-GALLIHER,1,1,AL-2010-house-30-R-BLAINE-GALLIHER,-0.6647519203542185,-2.389766526251046,-46.38080715126526,43.326288704659994,-1.7601497938928965,-1.2943686527123681,-2.0794289922909117,-0.9750894543143529,-54.14031990817602,49.36078685567393,0.11218919866754096,-3.1667076452728056,-36.17958676791014,33.12506832130487,-1.3487937903902871,-1.7057246562149775,-1.6358312315784715,-1.418687215026793,-45.81746788270654,39.48405259216092,-4.815375163840507,1.7608567172352423,-48.690940947187784,45.63642250058252,-5.632762329450195,2.57824388284493,-6.182498574124203,3.1279801275189385,-48.56935598665339,52.091069421123876,-3.0545184466052646,2.389766526251046,-43.326288704659994,1.2943686527123681,0.9750894543143529,3.1667076452728056,-33.12506832130487,1.7057246562149775,1.418687215026793,-1.7608567172352423,-45.63642250058252,-2.57824388284493,-3.1279801275189385,-49.36078685567393,54.14031990817602,-39.48405259216092,45.81746788270654,-52.091069421123876,48.56935598665339,4.927564362508048,True,2.389766526251046,0.9750894543143529
2010,house,32,D,7238.0,BARBARA BIGSBY BOYD,alabama_sos,ALPERSON-BARBARA-BIGSBY-BOYD,AL-2010-house-32-D-BARBARA-BIGSBY-BOYD,1,1,AL-2010-house-32-D-BARBARA-BIGSBY-BOYD,17.999806728360337,40.64230286287453,-30.224364897830707,88.86647448906557,16.879910339612266,41.7621992516226,19.295525913538633,39.34658367769623,-11.108250519050443,92.3928562447995,17.62203820508703,41.02007138614783,-22.09212876661603,80.7342383578509,16.709761930478486,41.93234766075638,18.80524321983989,39.836866371394976,-1.6306888512858961,83.67083162358156,17.04383203721678,41.59827755401808,-31.75631362196611,90.39842321320097,15.85927977770338,42.782829813531485,18.015688909543346,40.62642068169151,-8.731935149870552,91.92849025790672,58.64210959123486,40.64230286287453,88.86647448906557,41.7621992516226,39.34658367769623,41.02007138614783,80.7342383578509,41.93234766075638,39.836866371394976,41.59827755401808,90.39842321320097,42.782829813531485,40.62642068169151,-11.108250519050443,92.3928562447995,-1.6306888512858961,83.67083162358156,-8.731935149870552,91.92849025790672,0.9559746911435525,True,40.64230286287453,39.34658367769623
2010,house,32,R,2903.0,RON STRUZIK,alabama_sos,ALPERSON-RON-STRUZIK,AL-2010-house-32-R-RON-STRUZIK,0,0,AL-2010-house-32-R-RON-STRUZIK,17.999806728360337,40.64230286287453,-30.224364897830707,88.86647448906557,16.879910339612266,41.7621992516226,19.295525913538633,39.34658367769623,-11.108250519050443,92.3928562447995,17.62203820508703,41.02007138614783,-22.09212876661603,80.7342383578509,16.709761930478486,41.93234766075638,18.80524321983989,39.836866371394976,-1.6306888512858961,83.67083162358156,17.04383203721678,41.59827755401808,-31.75631362196611,90.39842321320097,15.85927977770338,42.782829813531485,18.015688909543346,40.62642068169151,-8.731935149870552,91.92849025790672,58.64210959123486,-40.64230286287453,-88.86647448906557,-41.7621992516226,-39.34658367769623,-41.02007138614783,-80.7342383578509,-41.93234766075638,-39.836866371394976,-41.59827755401808,-90.39842321320097,-42.782829813531485,-40.62642068169151,-92.3928562447995,11.108250519050443,-83.67083162358156,1.6306888512858961,-91.92849025790672,8.731935149870552,0.9559746911435525,True,-40.64230286287453,-39.34658367769623
2010,house,35,D,6719.0,STEVE HURST,alabama_sos,ALPERSON-STEVE-HURST,AL-2010-house-35-D-STEVE-HURST,1,1,AL-2010-house-35-D-STEVE-HURST,18.51635783824627,3.8827582725283456,-30.224364897830707,52.623481008605324,20.599349596037666,1.7997665147369517,19.295525913538633,3.1035901972359845,-47.867795109396624,55.63331165445332,18.138122097950017,4.2609940128246,-22.09212876661603,44.49124487739065,20.43000238107706,1.9691137296975576,18.80524321983989,3.593872890934726,-38.38976622460913,46.911754250258326,16.539419101207017,5.859697009567601,-31.75631362196611,54.15542973274073,19.17561997106045,3.223496139714168,18.015688909543346,4.383427201231271,-44.47051569432104,56.18990971345623,22.399116110774617,3.8827582725283456,52.623481008605324,1.7997665147369517,3.1035901972359845,4.2609940128246,44.49124487739065,1.9691137296975576,3.593872890934726,5.859697009567601,54.15542973274073,3.223496139714168,4.383427201231271,-47.867795109396624,55.63331165445332,-38.38976622460913,46.911754250258326,-44.47051569432104,56.18990971345623,1.976938737039255,True,3.8827582725283456,3.1035901972359845
2010,house,35,R,6292.0,STEVEN M. DEAN,alabama_sos,ALPERSON-STEVEN-M-DEAN,AL-2010-house-35-R-STEVEN-M-DEAN,0,0,AL-2010-house-35-R-STEVEN-M-DEAN,18.51635783824627,3.8827582725283456,-30.224364897830707,52.623481008605324,20.599349596037666,1.7997665147369517,19.295525913538633,3.1035901972359845,-47.867795109396624,55.63331165445332,18.138122097950017,4.2609940128246,-22.09212876661603,44.49124487739065,20.43000238107706,1.9691137296975576,18.80524321983989,3.593872890934726,-38.38976622460913,46.911754250258326,16.539419101207017,5.859697009567601,-31.75631362196611,54.15542973274073,19.17561997106045,3.223496139714168,18.015688909543346,4.383427201231271,-44.47051569432104,56.18990971345623,22.399116110774617,-3.8827582725283456,-52.623481008605324,-1.7997665147369517,-3.1035901972359845,-4.2609940128246,-44.49124487739065,-1.9691137296975576,-3.593872890934726,-5.859697009567601,-54.15542973274073,-3.223496139714168,-4.383427201231271,-55.63331165445332,47.867795109396624,-46.911754250258326,38.38976622460913,-56.18990971345623,44.47051569432104,1.976938737039255,True,-3.8827582725283456,-3.1035901972359845
2010,house,36,D,3300.0,GARRY BEARDEN,alabama_sos,ALPERSON-GARRY-BEARDEN,AL-2010-house-36-D-GARRY-BEARDEN,0,0,AL-2010-house-36-D-GARRY-BEARDEN,-1.492599110066969,-15.93639400768479,-46.38080715126526,28.9518140335135,-1.2876944817368141,-16.141298636014945,-2.0794289922909117,-15.349564125460848,-67.68694738960977,35.814159374240184,-1.1982732913651413,-16.23071982638662,-36.17958676791014,18.75059365015838,-1.1655009479656844,-16.263492169786076,-1.6358312315784715,-15.793161886173287,-58.88148006382035,26.42004041104711,-3.861503307777916,-13.567489809973843,-47.90729865948802,30.478305541736262,-4.316285124957968,-13.11270799279379,-5.365240123445513,-12.063752994306245,-63.89770251386248,36.76272289391479,-17.42899311775176,-15.93639400768479,28.9518140335135,-16.141298636014945,-15.349564125460848,-16.23071982638662,18.75059365015838,-16.263492169786076,-15.793161886173287,-13.567489809973843,30.478305541736262,-13.11270799279379,-12.063752994306245,-67.68694738960977,35.814159374240184,-58.88148006382035,26.42004041104711,-63.89770251386248,36.76272289391479,2.6632300164127756,True,-15.93639400768479,-15.349564125460848
2010,house,36,R,10607.0,RANDY WOOD,alabama_sos,ALPERSON-RANDY-WOOD,AL-2010-house-36-R-RANDY-WOOD,1,1,AL-2010-house-36-R-RANDY-WOOD,-1.492599110066969,-15.93639400768479,-46.38080715126526,28.9518140335135,-1.2876944817368141,-16.141298636014945,-2.0794289922909117,-15.349564125460848,-67.68694738960977,35.814159374240184,-1.1982732913651413,-16.23071982638662,-36.17958676791014,18.75059365015838,-1.1655009479656844,-16.263492169786076,-1.6358312315784715,-15.793161886173287,-58.88148006382035,26.42004041104711,-3.861503307777916,-13.567489809973843,-47.90729865948802,30.478305541736262,-4.316285124957968,-13.11270799279379,-5.365240123445513,-12.063752994306245,-63.89770251386248,36.76272289391479,-17.42899311775176,15.93639400768479,-28.9518140335135,16.141298636014945,15.349564125460848,16.23071982638662,-18.75059365015838,16.263492169786076,15.793161886173287,13.567489809973843,-30.478305541736262,13.11270799279379,12.063752994306245,-35.814159374240184,67.68694738960977,-26.42004041104711,58.88148006382035,-36.76272289391479,63.89770251386248,2.6632300164127756,True,15.93639400768479,15.349564125460848
2010,house,37,D,8106.0,RICHARD LAIRD,alabama_sos,ALPERSON-RICHARD-LAIRD,AL-2010-house-37-D-RICHARD-LAIRD,1,1,AL-2010-house-37-D-RICHARD-LAIRD,19.079849744775817,9.048298440985011,-30.224364897830707,58.35251308359153,18.656933426179606,9.471214759581223,19.295525913538633,8.832622272222196,-42.702254940939966,60.79885182290998,18.414482124700477,9.713666061060351,-22.09212876661603,50.220276952376864,18.11199985992652,10.016148325834308,18.80524321983989,9.322904965920937,-32.93709417637338,52.36442629849408,18.299459387638063,9.828688798122766,-31.75631362196611,59.884461807726936,17.238495748584306,10.889652437176522,18.015688909543346,10.112459276217482,-40.501523905765865,60.1589015020114,28.12814818576083,9.048298440985011,58.35251308359153,9.471214759581223,8.832622272222196,9.713666061060351,50.220276952376864,10.016148325834308,9.322904965920937,9.828688798122766,59.884461807726936,10.889652437176522,10.112459276217482,-42.702254940939966,60.79885182290998,-32.93709417637338,52.36442629849408,-40.501523905765865,60.1589015020114,0.7803903571377546,True,9.048298440985011,8.832622272222196
2010,house,37,R,7011.0,BOB FINCHER,alabama_sos,ALPERSON-BOB-FINCHER,AL-2010-house-37-R-BOB-FINCHER,0,0,AL-2010-house-37-R-BOB-FINCHER,19.079849744775817,9.048298440985011,-30.224364897830707,58.35251308359153,18.656933426179606,9.471214759581223,19.295525913538633,8.832622272222196,-42.702254940939966,60.79885182290998,18.414482124700477,9.713666061060351,-22.09212876661603,50.220276952376864,18.11199985992652,10.016148325834308,18.80524321983989,9.322904965920937,-32.93709417637338,52.36442629849408,18.299459387638063,9.828688798122766,-31.75631362196611,59.884461807726936,17.238495748584306,10.889652437176522,18.015688909543346,10.112459276217482,-40.501523905765865,60.1589015020114,28.12814818576083,-9.048298440985011,-58.35251308359153,-9.471214759581223,-8.832622272222196,-9.713666061060351,-50.220276952376864,-10.016148325834308,-9.322904965920937,-9.828688798122766,-59.884461807726936,-10.889652437176522,-10.112459276217482,-60.79885182290998,42.702254940939966,-52.36442629849408,32.93709417637338,-60.1589015020114,40.501523905765865,0.7803903571377546,True,-9.048298440985011,-8.832622272222196
2010,house,38,D,5748.0,HUEY P. LONG,alabama_sos,ALPERSON-HUEY-P-LONG,AL-2010-house-38-D-HUEY-P-LONG,0,0,AL-2010-house-38-D-HUEY-P-LONG,-4.108174652896814,6.805366004067957,-46.38080715126526,49.0779985024364,-2.5370659922944796,5.2342573434656225,-2.0794289922909117,4.776620343462055,-44.94518737785702,58.55591938599293,-3.82371082567336,6.520902176844503,-36.17958676791014,38.87677811908128,-2.2521642678372116,4.9493556190083545,-1.6358312315784715,4.3330225827496145,-36.12985806058923,49.17166241427823,-0.5459134794303342,3.243104830601477,-43.64522909478492,46.342420445956066,0.9615348256954039,1.735656525475739,1.3422083751480045,1.3549829760231384,-47.08710787328716,53.57331753449011,2.697191351171143,6.805366004067957,49.0779985024364,5.2342573434656225,4.776620343462055,6.520902176844503,38.87677811908128,4.9493556190083545,4.3330225827496145,3.243104830601477,46.342420445956066,1.735656525475739,1.3549829760231384,-44.94518737785702,58.55591938599293,-36.12985806058923,49.17166241427823,-47.08710787328716,53.57331753449011,3.5622611734664797,True,6.805366004067957,4.776620343462055
2010,house,38,R,5980.0,DuWAYNE BRIDGES,alabama_sos,ALPERSON-DUWAYNE-BRIDGES,AL-2010-house-38-R-DUWAYNE-BRIDGES,1,1,AL-2010-house-38-R-DUWAYNE-BRIDGES,-4.108174652896814,6.805366004067957,-46.38080715126526,49.0779985024364,-2.5370659922944796,5.2342573434656225,-2.0794289922909117,4.776620343462055,-44.94518737785702,58.55591938599293,-3.82371082567336,6.520902176844503,-36.17958676791014,38.87677811908128,-2.2521642678372116,4.9493556190083545,-1.6358312315784715,4.3330225827496145,-36.12985806058923,49.17166241427823,-0.5459134794303342,3.243104830601477,-43.64522909478492,46.342420445956066,0.9615348256954039,1.735656525475739,1.3422083751480045,1.3549829760231384,-47.08710787328716,53.57331753449011,2.697191351171143,-6.805366004067957,-49.0779985024364,-5.2342573434656225,-4.776620343462055,-6.520902176844503,-38.87677811908128,-4.9493556190083545,-4.3330225827496145,-3.243104830601477,-46.342420445956066,-1.735656525475739,-1.3549829760231384,-58.55591938599293,44.94518737785702,-49.17166241427823,36.12985806058923,-53.57331753449011,47.08710787328716,3.5622611734664797,True,-6.805366004067957,-4.776620343462055
2010,house,39,D,7808.0,RICHARD LINDSEY,alabama_sos,ALPERSON-RICHARD-LINDSEY,AL-2010-house-39-D-RICHARD-LINDSEY,1,1,AL-2010-house-39-D-RICHARD-LINDSEY,18.51635783824627,26.28379273556473,-30.224364897830707,75.0245154716417,18.79862832628279,26.001522247528214,19.295525913538633,25.50462466027237,-25.466760646360243,78.0343461174897,18.138122097950017,26.662028475860986,-22.09212876661603,66.89227934042704,18.27555135518904,26.52459921862196,18.80524321983989,25.99490735397111,-15.988731761572744,69.31278871329471,16.539419101207017,28.260731472603986,-31.75631362196611,76.55646419577711,16.902050461396392,27.89810011241461,18.015688909543346,26.784461664267656,-22.069481231284648,78.59094417649263,44.800150573811,26.28379273556473,75.0245154716417,26.001522247528214,25.50462466027237,26.662028475860986,66.89227934042704,26.52459921862196,25.99490735397111,28.260731472603986,76.55646419577711,27.89810011241461,26.784461664267656,-25.466760646360243,78.0343461174897,-15.988731761572744,69.31278871329471,-22.069481231284648,78.59094417649263,1.976938737039255,True,26.28379273556473,25.50462466027237
2010,house,39,R,5872.0,TIM SPRAYBERRY,alabama_sos,ALPERSON-TIM-SPRAYBERRY,AL-2010-house-39-R-TIM-SPRAYBERRY,0,0,AL-2010-house-39-R-TIM-SPRAYBERRY,18.51635783824627,26.28379273556473,-30.224364897830707,75.0245154716417,18.79862832628279,26.001522247528214,19.295525913538633,25.50462466027237,-25.466760646360243,78.0343461174897,18.138122097950017,26.662028475860986,-22.09212876661603,66.89227934042704,18.27555135518904,26.52459921862196,18.80524321983989,25.99490735397111,-15.988731761572744,69.31278871329471,16.539419101207017,28.260731472603986,-31.75631362196611,76.55646419577711,16.902050461396392,27.89810011241461,18.015688909543346,26.784461664267656,-22.069481231284648,78.59094417649263,44.800150573811,-26.28379273556473,-75.0245154716417,-26.001522247528214,-25.50462466027237,-26.662028475860986,-66.89227934042704,-26.52459921862196,-25.99490735397111,-28.260731472603986,-76.55646419577711,-27.89810011241461,-26.784461664267656,-78.0343461174897,25.466760646360243,-69.31278871329471,15.988731761572744,-78.59094417649263,22.069481231284648,1.976938737039255,True,-26.28379273556473,-25.50462466027237
2010,house,40,D,5148.0,RICKY WHALEY,alabama_sos,ALPERSON-RICKY-WHALEY,AL-2010-house-40-D-RICKY-WHALEY,0,0,AL-2010-house-40-D-RICKY-WHALEY,5.927422206707699,-3.0806492020709255,-43.58938871491297,46.436161719549744,4.549398941514978,-1.7026259368782046,4.399885845013027,-1.5531128403762535,-54.831202583995896,48.66990417985405,6.517360043084821,-3.6705870384480477,-33.388541248911835,36.23531425354861,5.3570254607503225,-2.510252456113549,4.954855851452621,-2.1080828468158472,-46.32134727588178,38.98017319898568,7.194484283317307,-4.347711278680533,-42.26777466348322,45.11454766812,6.1124058571926145,-3.265632852555841,5.754327284038041,-2.9075542794012676,-54.67792398256917,45.9825014252081,2.8467730046367734,-3.0806492020709255,46.436161719549744,-1.7026259368782046,-1.5531128403762535,-3.6705870384480477,36.23531425354861,-2.510252456113549,-2.1080828468158472,-4.347711278680533,45.11454766812,-3.265632852555841,-2.9075542794012676,-54.831202583995896,48.66990417985405,-46.32134727588178,38.98017319898568,-54.67792398256917,45.9825014252081,1.2670620766096077,True,-3.0806492020709255,-1.5531128403762535
2010,house,40,R,8582.0,K.L. (Koven) BROWN,alabama_sos,ALPERSON-K-L-KOVEN-BROWN,AL-2010-house-40-R-K-L-KOVEN-BROWN,0,1,AL-2010-house-40-R-K-L-KOVEN-BROWN,5.927422206707699,-3.0806492020709255,-43.58938871491297,46.436161719549744,4.549398941514978,-1.7026259368782046,4.399885845013027,-1.5531128403762535,-54.831202583995896,48.66990417985405,6.517360043084821,-3.6705870384480477,-33.388541248911835,36.23531425354861,5.3570254607503225,-2.510252456113549,4.954855851452621,-2.1080828468158472,-46.32134727588178,38.98017319898568,7.194484283317307,-4.347711278680533,-42.26777466348322,45.11454766812,6.1124058571926145,-3.265632852555841,5.754327284038041,-2.9075542794012676,-54.67792398256917,45.9825014252081,2.8467730046367734,3.0806492020709255,-46.436161719549744,1.7026259368782046,1.5531128403762535,3.6705870384480477,-36.23531425354861,2.510252456113549,2.1080828468158472,4.347711278680533,-45.11454766812,3.265632852555841,2.9075542794012676,-48.66990417985405,54.831202583995896,-38.98017319898568,46.32134727588178,-45.9825014252081,54.67792398256917,1.2670620766096077,True,3.0806492020709255,1.5531128403762535
2010,house,42,D,5452.0,JAMES M. 'Jimmy' MARTIN,alabama_sos,ALPERSON-JAMES-M-JIMMY-MARTIN,AL-2010-house-42-D-JAMES-M-JIMMY-MARTIN,1,0,AL-2010-house-42-D-JAMES-M-JIMMY-MARTIN,19.81056362989997,-2.698778631749544,-30.224364897830707,47.33614989598114,18.79862832628279,-1.6868433281323618,19.295525913538633,-2.1837409153882064,-54.44933201367452,49.051774750175426,19.442083344846466,-2.33029834669604,-22.09212876661603,39.203913764766455,18.27555135518904,-1.1637663570386145,18.80524321983989,-1.6934582216894647,-44.98105858412977,40.32046189073769,17.25696166140692,-0.1451766632564926,-30.26237227914879,47.37415727729922,16.437216213609545,0.674568784540881,17.311168826385362,-0.19938382823493583,-50.47538936714513,50.18503604063214,17.111784998150426,-2.698778631749544,47.33614989598114,-1.6868433281323618,-2.1837409153882064,-2.33029834669604,39.203913764766455,-1.1637663570386145,-1.6934582216894647,-0.1451766632564926,47.37415727729922,0.674568784540881,-0.19938382823493583,-54.44933201367452,49.051774750175426,-44.98105858412977,40.32046189073769,-50.47538936714513,50.18503604063214,2.5536019684930515,True,-2.698778631749544,-2.1837409153882064
2010,house,42,R,9382.0,KURT WALLACE,alabama_sos,ALPERSON-KURT-WALLACE,AL-2010-house-42-R-KURT-WALLACE,0,1,AL-2010-house-42-R-KURT-WALLACE,19.81056362989997,-2.698778631749544,-30.224364897830707,47.33614989598114,18.79862832628279,-1.6868433281323618,19.295525913538633,-2.1837409153882064,-54.44933201367452,49.051774750175426,19.442083344846466,-2.33029834669604,-22.09212876661603,39.203913764766455,18.27555135518904,-1.1637663570386145,18.80524321983989,-1.6934582216894647,-44.98105858412977,40.32046189073769,17.25696166140692,-0.1451766632564926,-30.26237227914879,47.37415727729922,16.437216213609545,0.674568784540881,17.311168826385362,-0.19938382823493583,-50.47538936714513,50.18503604063214,17.111784998150426,2.698778631749544,-47.33614989598114,1.6868433281323618,2.1837409153882064,2.33029834669604,-39.203913764766455,1.1637663570386145,1.6934582216894647,0.1451766632564926,-47.37415727729922,-0.674568784540881,0.19938382823493583,-49.051774750175426,54.44933201367452,-40.32046189073769,44.98105858412977,-50.18503604063214,50.47538936714513,2.5536019684930515,True,2.698778631749544,2.1837409153882064
2010,house,43,D,4041.0,VIRGINIA SWEET,alabama_sos,ALPERSON-VIRGINIA-SWEET,AL-2010-house-43-D-VIRGINIA-SWEET,0,0,AL-2010-house-43-D-VIRGINIA-SWEET,-1.492599110066969,-1.166855850752519,-46.38080715126526,43.72135219044577,-2.8654443022420972,0.20598934142260905,-2.0794289922909117,-0.5800259685285765,-52.91740923267749,50.583697531172454,-1.1982732913651413,-1.461181669454347,-36.17958676791014,33.52013180709065,-2.5571719382240143,-0.10228302259547384,-1.6358312315784715,-1.0236237292410166,-44.11194190688808,41.18957856797938,-0.48296606053221325,-2.176488900287275,-44.55922167494535,41.89976671412586,-2.6591912555034565,-0.0002637053160317038,-1.8735395706689637,-0.7859153901505245,-52.50670160417591,48.15372380360136,-2.659454960819488,-1.166855850752519,43.72135219044577,0.20598934142260905,-0.5800259685285765,-1.461181669454347,33.52013180709065,-0.10228302259547384,-1.0236237292410166,-2.176488900287275,41.89976671412586,-0.0002637053160317038,-0.7859153901505245,-52.91740923267749,50.583697531172454,-44.11194190688808,41.18957856797938,-52.50670160417591,48.15372380360136,1.0096330495347559,True,-1.166855850752519,-0.5800259685285765
2010,house,43,R,16368.0,MARY SUE McCLURKIN,alabama_sos,ALPERSON-MARY-SUE-MCCLURKIN,AL-2010-house-43-R-MARY-SUE-MCCLURKIN,1,1,AL-2010-house-43-R-MARY-SUE-MCCLURKIN,-1.492599110066969,-1.166855850752519,-46.38080715126526,43.72135219044577,-2.8654443022420972,0.20598934142260905,-2.0794289922909117,-0.5800259685285765,-52.91740923267749,50.583697531172454,-1.1982732913651413,-1.461181669454347,-36.17958676791014,33.52013180709065,-2.5571719382240143,-0.10228302259547384,-1.6358312315784715,-1.0236237292410166,-44.11194190688808,41.18957856797938,-0.48296606053221325,-2.176488900287275,-44.55922167494535,41.89976671412586,-2.6591912555034565,-0.0002637053160317038,-1.8735395706689637,-0.7859153901505245,-52.50670160417591,48.15372380360136,-2.659454960819488,1.166855850752519,-43.72135219044577,-0.20598934142260905,0.5800259685285765,1.461181669454347,-33.52013180709065,0.10228302259547384,1.0236237292410166,2.176488900287275,-41.89976671412586,0.0002637053160317038,0.7859153901505245,-50.583697531172454,52.91740923267749,-41.18957856797938,44.11194190688808,-48.15372380360136,52.50670160417591,1.0096330495347559,True,1.166855850752519,0.5800259685285765
2010,house,45,D,5103.0,CHARLENE CANNON,alabama_sos,ALPERSON-CHARLENE-CANNON,AL-2010-house-45-D-CHARLENE-CANNON,0,0,AL-2010-house-45-D-CHARLENE-CANNON,-0.19286015662808342,-15.999725161253647,-46.38080715126526,30.18822183338353,-3.4796289214184215,-12.712956396463309,-2.0794289922909117,-14.113156325590818,-67.75027854317862,35.75082822067132,0.1974465010596802,-16.39003181894141,-36.17958676791014,19.98700145002841,-2.973673622783793,-13.218911695097937,-1.6358312315784715,-14.556754086303258,-59.04079205637514,26.26072841849232,-3.142050573481958,-13.050534744399771,-47.48882385617968,31.29623853829795,-5.855266825125753,-10.337318492755976,-4.928813867782704,-11.263771450099025,-63.3807474482884,37.279677959488865,-16.19258531788173,-15.999725161253647,30.18822183338353,-12.712956396463309,-14.113156325590818,-16.39003181894141,19.98700145002841,-13.218911695097937,-14.556754086303258,-13.050534744399771,31.29623853829795,-10.337318492755976,-11.263771450099025,-67.75027854317862,35.75082822067132,-59.04079205637514,26.26072841849232,-63.3807474482884,37.279677959488865,3.3394970745416384,True,-15.999725161253647,-14.113156325590818
2010,house,45,R,8165.0,OWEN DRAKE,alabama_sos,ALPERSON-OWEN-DRAKE,AL-2010-house-45-R-OWEN-DRAKE,1,1,AL-2010-house-45-R-OWEN-DRAKE,-0.19286015662808342,-15.999725161253647,-46.38080715126526,30.18822183338353,-3.4796289214184215,-12.712956396463309,-2.0794289922909117,-14.113156325590818,-67.75027854317862,35.75082822067132,0.1974465010596802,-16.39003181894141,-36.17958676791014,19.98700145002841,-2.973673622783793,-13.218911695097937,-1.6358312315784715,-14.556754086303258,-59.04079205637514,26.26072841849232,-3.142050573481958,-13.050534744399771,-47.48882385617968,31.29623853829795,-5.855266825125753,-10.337318492755976,-4.928813867782704,-11.263771450099025,-63.3807474482884,37.279677959488865,-16.19258531788173,15.999725161253647,-30.18822183338353,12.712956396463309,14.113156325590818,16.39003181894141,-19.98700145002841,13.218911695097937,14.556754086303258,13.050534744399771,-31.29623853829795,10.337318492755976,11.263771450099025,-35.75082822067132,67.75027854317862,-26.26072841849232,59.04079205637514,-37.279677959488865,63.3807474482884,3.3394970745416384,True,15.999725161253647,14.113156325590818
2010,house,61,D,9213.0,ALAN HARPER,alabama_sos,ALPERSON-ALAN-HARPER,AL-2010-house-61-D-ALAN-HARPER,1,1,AL-2010-house-61-D-ALAN-HARPER,18.49973166699306,24.11816922851514,-30.224364897830707,72.84226579333891,18.656933426179606,23.960967469328594,19.295525913538633,23.322374981969567,-27.632384153409834,75.86872261044012,17.9749130674177,24.6429878280905,-22.09212876661603,64.71002966212423,18.11199985992652,24.50590103558168,18.80524321983989,23.81265767566831,-18.00777240934323,67.29374806552423,17.73184931372154,24.88605158178666,-31.75631362196611,74.37421451747431,17.238495748584306,25.379405146923894,18.015688909543346,24.602211985964853,-25.444161122101974,75.2162642856753,42.6179008955082,24.11816922851514,72.84226579333891,23.960967469328594,23.322374981969567,24.6429878280905,64.71002966212423,24.50590103558168,23.81265767566831,24.88605158178666,74.37421451747431,25.379405146923894,24.602211985964853,-27.632384153409834,75.86872261044012,-18.00777240934323,67.29374806552423,-25.444161122101974,75.2162642856753,0.7678823532715207,True,24.11816922851514,23.322374981969567
2010,house,61,R,5051.0,FRANK CHANDLER,alabama_sos,ALPERSON-FRANK-CHANDLER,AL-2010-house-61-R-FRANK-CHANDLER,0,0,AL-2010-house-61-R-FRANK-CHANDLER,18.49973166699306,24.11816922851514,-30.224364897830707,72.84226579333891,18.656933426179606,23.960967469328594,19.295525913538633,23.322374981969567,-27.632384153409834,75.86872261044012,17.9749130674177,24.6429878280905,-22.09212876661603,64.71002966212423,18.11199985992652,24.50590103558168,18.80524321983989,23.81265767566831,-18.00777240934323,67.29374806552423,17.73184931372154,24.88605158178666,-31.75631362196611,74.37421451747431,17.238495748584306,25.379405146923894,18.015688909543346,24.602211985964853,-25.444161122101974,75.2162642856753,42.6179008955082,-24.11816922851514,-72.84226579333891,-23.960967469328594,-23.322374981969567,-24.6429878280905,-64.71002966212423,-24.50590103558168,-23.81265767566831,-24.88605158178666,-74.37421451747431,-25.379405146923894,-24.602211985964853,-75.86872261044012,27.632384153409834,-67.29374806552423,18.00777240934323,-75.2162642856753,25.444161122101974,0.7678823532715207,True,-24.11816922851514,-23.322374981969567
2010,house,63,D,5631.0,SUSAN PACE HAMILL,alabama_sos,ALPERSON-SUSAN-PACE-HAMILL,AL-2010-house-63-D-SUSAN-PACE-HAMILL,0,0,AL-2010-house-63-D-SUSAN-PACE-HAMILL,3.859509746603802,-9.767395760927904,-43.58938871491297,37.681502700588865,3.4549782653857646,-9.362864279709868,4.399885845013027,-10.30777185933713,-61.51794914285288,41.98315762099707,4.199105092460143,-10.106991106784246,-33.388541248911835,27.480655234587733,3.919651181217665,-9.827537195541767,4.954855851452621,-10.862741865776723,-52.75775134421798,32.54376913064948,5.063089282427354,-10.970975296751456,-42.26777466348322,36.35988864915912,5.454932105154539,-11.362818119478641,5.754327284038041,-11.662213298362143,-61.30118800064009,39.35923740713718,-5.907886014324102,-9.767395760927904,37.681502700588865,-9.362864279709868,-10.30777185933713,-10.106991106784246,27.480655234587733,-9.827537195541767,-10.862741865776723,-10.970975296751456,36.35988864915912,-11.362818119478641,-11.662213298362143,-61.51794914285288,41.98315762099707,-52.75775134421798,32.54376913064948,-61.30118800064009,39.35923740713718,1.2035795358235521,True,-9.767395760927904,-10.30777185933713
2010,house,63,R,9937.0,BILL POOLE,alabama_sos,ALPERSON-BILL-POOLE,AL-2010-house-63-R-BILL-POOLE,0,1,AL-2010-house-63-R-BILL-POOLE,3.859509746603802,-9.767395760927904,-43.58938871491297,37.681502700588865,3.4549782653857646,-9.362864279709868,4.399885845013027,-10.30777185933713,-61.51794914285288,41.98315762099707,4.199105092460143,-10.106991106784246,-33.388541248911835,27.480655234587733,3.919651181217665,-9.827537195541767,4.954855851452621,-10.862741865776723,-52.75775134421798,32.54376913064948,5.063089282427354,-10.970975296751456,-42.26777466348322,36.35988864915912,5.454932105154539,-11.362818119478641,5.754327284038041,-11.662213298362143,-61.30118800064009,39.35923740713718,-5.907886014324102,9.767395760927904,-37.681502700588865,9.362864279709868,10.30777185933713,10.106991106784246,-27.480655234587733,9.827537195541767,10.862741865776723,10.970975296751456,-36.35988864915912,11.362818119478641,11.662213298362143,-41.98315762099707,61.51794914285288,-32.54376913064948,52.75775134421798,-39.35923740713718,61.30118800064009,1.2035795358235521,True,9.767395760927904,10.30777185933713
2010,house,73,D,8137.0,JOSEPH LISTER 'Joe' HUBBARD,alabama_sos,ALPERSON-JOSEPH-LISTER-JOE-HUBBARD,AL-2010-house-73-D-JOSEPH-LISTER-JOE-HUBBARD,0,1,AL-2010-house-73-D-JOSEPH-LISTER-JOE-HUBBARD,-0.6647519203542185,-17.64241611559845,-46.38080715126526,28.073639115312588,-0.5084911069460603,-17.79867692900661,-2.0794289922909117,-16.22773904366176,-69.39296949752342,34.10813726632652,0.11218919866754096,-18.41935723462021,-36.17958676791014,17.872418731957467,0.10810794354923203,-18.415275979501903,-1.6358312315784715,-16.6713368043742,-61.07011747205394,24.23140300281352,2.271890320517887,-20.579058356470558,-42.5804768033243,24.27330876737163,1.6664890126867107,-19.97365704863938,0.19008817562872338,-18.497256211581394,-70.90927106035919,29.751154347418076,-18.30716803595267,-17.64241611559845,28.073639115312588,-17.79867692900661,-16.22773904366176,-18.41935723462021,17.872418731957467,-18.415275979501903,-16.6713368043742,-20.579058356470558,24.27330876737163,-19.97365704863938,-18.497256211581394,-69.39296949752342,34.10813726632652,-61.07011747205394,24.23140300281352,-70.90927106035919,29.751154347418076,2.936642240872107,True,-17.64241611559845,-16.22773904366176
2010,house,73,R,7825.0,DAVID GRIMES,alabama_sos,ALPERSON-DAVID-GRIMES,AL-2010-house-73-R-DAVID-GRIMES,1,0,AL-2010-house-73-R-DAVID-GRIMES,-0.6647519203542185,-17.64241611559845,-46.38080715126526,28.073639115312588,-0.5084911069460603,-17.79867692900661,-2.0794289922909117,-16.22773904366176,-69.39296949752342,34.10813726632652,0.11218919866754096,-18.41935723462021,-36.17958676791014,17.872418731957467,0.10810794354923203,-18.415275979501903,-1.6358312315784715,-16.6713368043742,-61.07011747205394,24.23140300281352,2.271890320517887,-20.579058356470558,-42.5804768033243,24.27330876737163,1.6664890126867107,-19.97365704863938,0.19008817562872338,-18.497256211581394,-70.90927106035919,29.751154347418076,-18.30716803595267,17.64241611559845,-28.073639115312588,17.79867692900661,16.22773904366176,18.41935723462021,-17.872418731957467,18.415275979501903,16.6713368043742,20.579058356470558,-24.27330876737163,19.97365704863938,18.497256211581394,-34.10813726632652,69.39296949752342,-24.23140300281352,61.07011747205394,-29.751154347418076,70.90927106035919,2.936642240872107,True,17.64241611559845,16.22773904366176
2010,house,75,D,5551.0,GLENN L. ALLEN,alabama_sos,ALPERSON-GLENN-L-ALLEN,AL-2010-house-75-D-GLENN-L-ALLEN,0,0,AL-2010-house-75-D-GLENN-L-ALLEN,-0.6647519203542185,-33.460947210497196,-46.38080715126526,12.255108020413843,-1.8597152360960703,-32.265983894755344,-2.0794289922909117,-32.0462701385605,-85.21150059242217,18.289606171427778,0.11218919866754096,-34.23788832951896,-36.17958676791014,2.053887637058722,-1.4452226638209318,-32.68047646703049,-1.6358312315784715,-32.489867899272944,-76.8886485669527,8.41287190791477,2.496396569125558,-36.622095699976974,-43.64522909478492,9.519529963933508,2.4440713685819393,-36.56977049943335,1.3422083751480045,-35.46790750599942,-86.9523084038656,13.70811700391166,-34.125699130851416,-33.460947210497196,12.255108020413843,-32.265983894755344,-32.0462701385605,-34.23788832951896,2.053887637058722,-32.68047646703049,-32.489867899272944,-36.622095699976974,9.519529963933508,-36.56977049943335,-35.46790750599942,-85.21150059242217,18.289606171427778,-76.8886485669527,8.41287190791477,-86.9523084038656,13.70811700391166,3.1611484894797783,True,-33.460947210497196,-32.0462701385605
2010,house,75,R,14046.0,GREG WREN,alabama_sos,ALPERSON-GREG-WREN,AL-2010-house-75-R-GREG-WREN,1,1,AL-2010-house-75-R-GREG-WREN,-0.6647519203542185,-33.460947210497196,-46.38080715126526,12.255108020413843,-1.8597152360960703,-32.265983894755344,-2.0794289922909117,-32.0462701385605,-85.21150059242217,18.289606171427778,0.11218919866754096,-34.23788832951896,-36.17958676791014,2.053887637058722,-1.4452226638209318,-32.68047646703049,-1.6358312315784715,-32.489867899272944,-76.8886485669527,8.41287190791477,2.496396569125558,-36.622095699976974,-43.64522909478492,9.519529963933508,2.4440713685819393,-36.56977049943335,1.3422083751480045,-35.46790750599942,-86.9523084038656,13.70811700391166,-34.125699130851416,33.460947210497196,-12.255108020413843,32.265983894755344,32.0462701385605,34.23788832951896,-2.053887637058722,32.68047646703049,32.489867899272944,36.622095699976974,-9.519529963933508,36.56977049943335,35.46790750599942,-18.289606171427778,85.21150059242217,-8.41287190791477,76.8886485669527,-13.70811700391166,86.9523084038656,3.1611484894797783,True,33.460947210497196,32.0462701385605
2010,house,80,D,5576.0,LESLEY VANCE,alabama_sos,ALPERSON-LESLEY-VANCE,AL-2010-house-80-D-LESLEY-VANCE,1,1,AL-2010-house-80-D-LESLEY-VANCE,20.501018716077574,-6.587195714497659,-30.224364897830707,44.138187899410624,20.268583728523527,-6.354760726943612,19.295525913538633,-5.381702911958717,-58.337749096422634,45.16335766742731,19.682291925377204,-5.768468923797288,-22.09212876661603,36.00595176819595,19.284469327553765,-5.3706463259738495,18.80524321983989,-4.8914202182599755,-48.419229161231016,36.88229131363644,31.033269654650937,-17.119446653071023,-18.623761880586688,32.537584882166605,29.2940562377792,-15.380233236199283,29.44904455320685,-15.535221551626934,-67.44965935695966,33.21076605081761,13.913823001579916,-6.587195714497659,44.138187899410624,-6.354760726943612,-5.381702911958717,-5.768468923797288,36.00595176819595,-5.3706463259738495,-4.8914202182599755,-17.119446653071023,32.537584882166605,-15.380233236199283,-15.535221551626934,-58.337749096422634,45.16335766742731,-48.419229161231016,36.88229131363644,-67.44965935695966,33.21076605081761,11.350977729273735,True,-6.587195714497659,-5.381702911958717
2010,house,80,R,4626.0,MERVIN DUDLEY,alabama_sos,ALPERSON-MERVIN-DUDLEY,AL-2010-house-80-R-MERVIN-DUDLEY,0,0,AL-2010-house-80-R-MERVIN-DUDLEY,20.501018716077574,-6.587195714497659,-30.224364897830707,44.138187899410624,20.268583728523527,-6.354760726943612,19.295525913538633,-5.381702911958717,-58.337749096422634,45.16335766742731,19.682291925377204,-5.768468923797288,-22.09212876661603,36.00595176819595,19.284469327553765,-5.3706463259738495,18.80524321983989,-4.8914202182599755,-48.419229161231016,36.88229131363644,31.033269654650937,-17.119446653071023,-18.623761880586688,32.537584882166605,29.2940562377792,-15.380233236199283,29.44904455320685,-15.535221551626934,-67.44965935695966,33.21076605081761,13.913823001579916,6.587195714497659,-44.138187899410624,6.354760726943612,5.381702911958717,5.768468923797288,-36.00595176819595,5.3706463259738495,4.8914202182599755,17.119446653071023,-32.537584882166605,15.380233236199283,15.535221551626934,-45.16335766742731,58.337749096422634,-36.88229131363644,48.419229161231016,-33.21076605081761,67.44965935695966,11.350977729273735,True,6.587195714497659,5.381702911958717
2010,house,81,D,7306.0,BETTY CAROL GRAHAM,alabama_sos,ALPERSON-BETTY-CAROL-GRAHAM,AL-2010-house-81-D-BETTY-CAROL-GRAHAM,1,0,AL-2010-house-81-D-BETTY-CAROL-GRAHAM,21.829107596737025,-16.928713047606053,-30.224364897830707,35.12475944696168,20.143980953007844,-15.24358640387687,19.295525913538633,-14.395131364407659,-68.67926642953103,34.82184033431892,21.29339311931855,-16.39299857018758,-22.09212876661603,26.992523315747007,19.828308619169643,-14.92791407003867,18.80524321983989,-13.904848670708917,-59.04375880762131,26.25776166724615,20.40658793321539,-15.506193384084417,-29.40997183853229,34.310366387663265,19.270509003697647,-14.370114454566673,18.200134971258567,-13.299740422127593,-65.83640608797305,34.824019319804215,4.900394549130974,-16.928713047606053,35.12475944696168,-15.24358640387687,-14.395131364407659,-16.39299857018758,26.992523315747007,-14.92791407003867,-13.904848670708917,-15.506193384084417,34.310366387663265,-14.370114454566673,-13.299740422127593,-68.67926642953103,34.82184033431892,-59.04375880762131,26.25776166724615,-65.83640608797305,34.824019319804215,1.4225196635216353,True,-16.928713047606053,-14.395131364407659
2010,house,81,R,9268.0,MARK M. TUGGLE,alabama_sos,ALPERSON-MARK-M-TUGGLE,AL-2010-house-81-R-MARK-M-TUGGLE,0,1,AL-2010-house-81-R-MARK-M-TUGGLE,21.829107596737025,-16.928713047606053,-30.224364897830707,35.12475944696168,20.143980953007844,-15.24358640387687,19.295525913538633,-14.395131364407659,-68.67926642953103,34.82184033431892,21.29339311931855,-16.39299857018758,-22.09212876661603,26.992523315747007,19.828308619169643,-14.92791407003867,18.80524321983989,-13.904848670708917,-59.04375880762131,26.25776166724615,20.40658793321539,-15.506193384084417,-29.40997183853229,34.310366387663265,19.270509003697647,-14.370114454566673,18.200134971258567,-13.299740422127593,-65.83640608797305,34.824019319804215,4.900394549130974,16.928713047606053,-35.12475944696168,15.24358640387687,14.395131364407659,16.39299857018758,-26.992523315747007,14.92791407003867,13.904848670708917,15.506193384084417,-34.310366387663265,14.370114454566673,13.299740422127593,-34.82184033431892,68.67926642953103,-26.25776166724615,59.04375880762131,-34.824019319804215,65.83640608797305,1.4225196635216353,True,16.928713047606053,14.395131364407659
2010,house,84,D,7763.0,BERRY FORTE,alabama_sos,ALPERSON-BERRY-FORTE,AL-2010-house-84-D-BERRY-FORTE,0,1,AL-2010-house-84-D-BERRY-FORTE,2.218975994382159,-0.6546034903355853,-43.58938871491297,45.153761218959545,2.992350731295099,-1.4279782272485253,4.399885845013027,-2.835513340966453,-52.40515687226056,51.095949891589385,2.6960674661574577,-1.1316949621108838,-33.388541248911835,34.95291375295841,3.275904923693627,-1.7115324196470532,4.954855851452621,-3.3904833474060467,-43.782455199544614,41.519065275322845,12.610357833724063,-11.045985329677489,-32.37237538202788,33.93674788607446,13.34083598839648,-11.776463484349906,13.811665265645654,-12.24729276159908,-61.376198033566126,39.28422737421114,1.564372504046574,-0.6546034903355853,45.153761218959545,-1.4279782272485253,-2.835513340966453,-1.1316949621108838,34.95291375295841,-1.7115324196470532,-3.3904833474060467,-11.045985329677489,33.93674788607446,-11.776463484349906,-12.24729276159908,-52.40515687226056,51.095949891589385,-43.782455199544614,41.519065275322845,-61.376198033566126,39.28422737421114,10.391381839341904,True,-0.6546034903355853,-2.835513340966453
2010,house,84,R,4152.0,JOYCE L. PERRIN,alabama_sos,ALPERSON-JOYCE-L-PERRIN,AL-2010-house-84-R-JOYCE-L-PERRIN,0,0,AL-2010-house-84-R-JOYCE-L-PERRIN,2.218975994382159,-0.6546034903355853,-43.58938871491297,45.153761218959545,2.992350731295099,-1.4279782272485253,4.399885845013027,-2.835513340966453,-52.40515687226056,51.095949891589385,2.6960674661574577,-1.1316949621108838,-33.388541248911835,34.95291375295841,3.275904923693627,-1.7115324196470532,4.954855851452621,-3.3904833474060467,-43.782455199544614,41.519065275322845,12.610357833724063,-11.045985329677489,-32.37237538202788,33.93674788607446,13.34083598839648,-11.776463484349906,13.811665265645654,-12.24729276159908,-61.376198033566126,39.28422737421114,1.564372504046574,0.6546034903355853,-45.153761218959545,1.4279782272485253,2.835513340966453,1.1316949621108838,-34.95291375295841,1.7115324196470532,3.3904833474060467,11.045985329677489,-33.93674788607446,11.776463484349906,12.24729276159908,-51.095949891589385,52.40515687226056,-41.519065275322845,43.782455199544614,-39.28422737421114,61.376198033566126,10.391381839341904,True,0.6546034903355853,2.835513340966453
2010,house,85,D,6668.0,DEXTER GRIMSLEY,alabama_sos,ALPERSON-DEXTER-GRIMSLEY,AL-2010-house-85-D-DEXTER-GRIMSLEY,0,1,AL-2010-house-85-D-DEXTER-GRIMSLEY,4.025546614452826,2.1221988384900277,-43.58938871491297,49.73713416785583,3.4549782653857646,2.692767187557089,4.399885845013027,1.7478596079298265,-49.628354543434945,53.872752220415,4.523818252191323,1.6239272007515302,-33.388541248911835,39.53628670185469,3.919651181217665,2.2280942717251886,4.954855851452621,1.1928896014902328,-41.0268330366822,44.27468743818526,2.296594825525369,3.8511506274174843,-42.94692101067987,49.09466646362273,2.186171385878504,3.9615740670643493,2.7834998478876507,3.3642456050552028,-46.47906207647115,54.181363331306116,6.1477454529428535,2.1221988384900277,49.73713416785583,2.692767187557089,1.7478596079298265,1.6239272007515302,39.53628670185469,2.2280942717251886,1.1928896014902328,3.8511506274174843,49.09466646362273,3.9615740670643493,3.3642456050552028,-49.628354543434945,53.872752220415,-41.0268330366822,44.27468743818526,-46.47906207647115,54.181363331306116,2.227223426665954,True,2.1221988384900277,1.7478596079298265
2010,house,85,R,6243.0,JODY SINGLETON,alabama_sos,ALPERSON-JODY-SINGLETON,AL-2010-house-85-R-JODY-SINGLETON,0,0,AL-2010-house-85-R-JODY-SINGLETON,4.025546614452826,2.1221988384900277,-43.58938871491297,49.73713416785583,3.4549782653857646,2.692767187557089,4.399885845013027,1.7478596079298265,-49.628354543434945,53.872752220415,4.523818252191323,1.6239272007515302,-33.388541248911835,39.53628670185469,3.919651181217665,2.2280942717251886,4.954855851452621,1.1928896014902328,-41.0268330366822,44.27468743818526,2.296594825525369,3.8511506274174843,-42.94692101067987,49.09466646362273,2.186171385878504,3.9615740670643493,2.7834998478876507,3.3642456050552028,-46.47906207647115,54.181363331306116,6.1477454529428535,-2.1221988384900277,-49.73713416785583,-2.692767187557089,-1.7478596079298265,-1.6239272007515302,-39.53628670185469,-2.2280942717251886,-1.1928896014902328,-3.8511506274174843,-49.09466646362273,-3.9615740670643493,-3.3642456050552028,-53.872752220415,49.628354543434945,-44.27468743818526,41.0268330366822,-54.181363331306116,46.47906207647115,2.227223426665954,True,-2.1221988384900277,-1.7478596079298265
2010,house,86,D,6623.0,MERRITT CAROTHERS,alabama_sos,ALPERSON-MERRITT-CAROTHERS,AL-2010-house-86-D-MERRITT-CAROTHERS,0,0,AL-2010-house-86-D-MERRITT-CAROTHERS,5.927422206707699,-12.18099008212468,-43.58938871491297,37.335820839495995,5.234060804573723,-11.487628679990703,4.399885845013027,-10.653453720430008,-63.93154346404965,39.56956329980029,6.517360043084821,-12.770927918501801,-33.388541248911835,27.134973373494855,5.766202128277792,-12.019770003694772,4.954855851452621,-11.2084237268696,-55.42168815593553,29.87983231893193,4.021467234145591,-10.275035109562571,-43.120110472774016,36.86654259735704,2.9266130567453263,-9.180180932162306,2.6028810200288284,-8.856448895445808,-60.60524781345121,40.05517759432606,-6.25356787541698,-12.18099008212468,37.335820839495995,-11.487628679990703,-10.653453720430008,-12.770927918501801,27.134973373494855,-12.019770003694772,-11.2084237268696,-10.275035109562571,36.86654259735704,-9.180180932162306,-8.856448895445808,-63.93154346404965,39.56956329980029,-55.42168815593553,29.87983231893193,-60.60524781345121,40.05517759432606,2.49589280893923,True,-12.18099008212468,-10.653453720430008
2010,house,86,R,9159.0,PAUL LEE,alabama_sos,ALPERSON-PAUL-LEE,AL-2010-house-86-R-PAUL-LEE,0,1,AL-2010-house-86-R-PAUL-LEE,5.927422206707699,-12.18099008212468,-43.58938871491297,37.335820839495995,5.234060804573723,-11.487628679990703,4.399885845013027,-10.653453720430008,-63.93154346404965,39.56956329980029,6.517360043084821,-12.770927918501801,-33.388541248911835,27.134973373494855,5.766202128277792,-12.019770003694772,4.954855851452621,-11.2084237268696,-55.42168815593553,29.87983231893193,4.021467234145591,-10.275035109562571,-43.120110472774016,36.86654259735704,2.9266130567453263,-9.180180932162306,2.6028810200288284,-8.856448895445808,-60.60524781345121,40.05517759432606,-6.25356787541698,12.18099008212468,-37.335820839495995,11.487628679990703,10.653453720430008,12.770927918501801,-27.134973373494855,12.019770003694772,11.2084237268696,10.275035109562571,-36.86654259735704,9.180180932162306,8.856448895445808,-39.56956329980029,63.93154346404965,-29.87983231893193,55.42168815593553,-40.05517759432606,60.60524781345121,2.49589280893923,True,12.18099008212468,10.653453720430008
2010,house,90,D,8427.0,CHARLES NEWTON,alabama_sos,ALPERSON-CHARLES-NEWTON,AL-2010-house-90-D-CHARLES-NEWTON,1,1,AL-2010-house-90-D-CHARLES-NEWTON,19.079849744775817,-0.7242461383675725,-30.224364897830707,48.57996850423895,19.513562889627327,-1.157959283219082,19.295525913538633,-0.9399223071303879,-52.47479952029255,51.0263072435574,18.414482124700477,-0.05887851829223223,-22.09212876661603,40.44773237302428,18.9947930755284,-0.6391894691201543,18.80524321983989,-0.44963961343164627,-42.70963875572596,42.5918817191415,21.349607542765682,-2.994003936357437,-25.45292659344339,43.80853019985163,22.32274649452662,-3.9671428881183743,22.326926897916135,-3.9713232915078898,-53.32421664024607,47.3362087675312,18.355603606408245,-0.7242461383675725,48.57996850423895,-1.157959283219082,-0.9399223071303879,-0.05887851829223223,40.44773237302428,-0.6391894691201543,-0.44963961343164627,-2.994003936357437,43.80853019985163,-3.9671428881183743,-3.9713232915078898,-52.47479952029255,51.0263072435574,-42.70963875572596,42.5918817191415,-53.32421664024607,47.3362087675312,2.935125418065205,True,-0.7242461383675725,-0.9399223071303879
2010,house,90,R,5753.0,JERRY HARTIN,alabama_sos,ALPERSON-JERRY-HARTIN,AL-2010-house-90-R-JERRY-HARTIN,0,0,AL-2010-house-90-R-JERRY-HARTIN,19.079849744775817,-0.7242461383675725,-30.224364897830707,48.57996850423895,19.513562889627327,-1.157959283219082,19.295525913538633,-0.9399223071303879,-52.47479952029255,51.0263072435574,18.414482124700477,-0.05887851829223223,-22.09212876661603,40.44773237302428,18.9947930755284,-0.6391894691201543,18.80524321983989,-0.44963961343164627,-42.70963875572596,42.5918817191415,21.349607542765682,-2.994003936357437,-25.45292659344339,43.80853019985163,22.32274649452662,-3.9671428881183743,22.326926897916135,-3.9713232915078898,-53.32421664024607,47.3362087675312,18.355603606408245,0.7242461383675725,-48.57996850423895,1.157959283219082,0.9399223071303879,0.05887851829223223,-40.44773237302428,0.6391894691201543,0.44963961343164627,2.994003936357437,-43.80853019985163,3.9671428881183743,3.9713232915078898,-51.0263072435574,52.47479952029255,-42.5918817191415,42.70963875572596,-47.3362087675312,53.32421664024607,2.935125418065205,True,0.7242461383675725,0.9399223071303879
2010,house,91,D,5383.0,TERRY SPICER,alabama_sos,ALPERSON-TERRY-SPICER,AL-2010-house-91-D-TERRY-SPICER,1,0,AL-2010-house-91-D-TERRY-SPICER,21.829107596737025,-22.001655092243748,-30.224364897830707,30.051817402323984,20.599349596037666,-20.77189709154439,19.295525913538633,-19.468073409045356,-73.75220847416873,29.748898289681225,21.29339311931855,-21.465940614825275,-22.09212876661603,21.91958127110931,20.43000238107706,-20.602549876583783,18.80524321983989,-18.977790715346615,-64.116700852259,21.184819622608455,20.233818335324592,-20.406365830831316,-31.75631362196611,31.583766126459388,19.17561997106045,-19.348167466567173,18.015688909543346,-18.18823640505007,-70.73657853471995,29.923846873057318,-0.1725474955067234,-22.001655092243748,30.051817402323984,-20.77189709154439,-19.468073409045356,-21.465940614825275,21.91958127110931,-20.602549876583783,-18.977790715346615,-20.406365830831316,31.583766126459388,-19.348167466567173,-18.18823640505007,-73.75220847416873,29.748898289681225,-64.116700852259,21.184819622608455,-70.73657853471995,29.923846873057318,1.5952892614124323,True,-22.001655092243748,-19.468073409045356
2010,house,91,R,9754.0,BARRY MOORE,alabama_sos,ALPERSON-BARRY-MOORE,AL-2010-house-91-R-BARRY-MOORE,0,1,AL-2010-house-91-R-BARRY-MOORE,21.829107596737025,-22.001655092243748,-30.224364897830707,30.051817402323984,20.599349596037666,-20.77189709154439,19.295525913538633,-19.468073409045356,-73.75220847416873,29.748898289681225,21.29339311931855,-21.465940614825275,-22.09212876661603,21.91958127110931,20.43000238107706,-20.602549876583783,18.80524321983989,-18.977790715346615,-64.116700852259,21.184819622608455,20.233818335324592,-20.406365830831316,-31.75631362196611,31.583766126459388,19.17561997106045,-19.348167466567173,18.015688909543346,-18.18823640505007,-70.73657853471995,29.923846873057318,-0.1725474955067234,22.001655092243748,-30.051817402323984,20.77189709154439,19.468073409045356,21.465940614825275,-21.91958127110931,20.602549876583783,18.977790715346615,20.406365830831316,-31.583766126459388,19.348167466567173,18.18823640505007,-29.748898289681225,73.75220847416873,-21.184819622608455,64.116700852259,-29.923846873057318,70.73657853471995,1.5952892614124323,True,22.001655092243748,19.468073409045356
2010,house,92,D,3080.0,DAVID S. DARBY,alabama_sos,ALPERSON-DAVID-S-DARBY,AL-2010-house-92-D-DAVID-S-DARBY,0,0,AL-2010-house-92-D-DAVID-S-DARBY,5.311681936653645,-11.518654242863569,-43.58938871491297,37.38241640870305,7.447726781640672,-13.654699087850595,4.399885845013027,-10.606858151222951,-63.26920762478854,40.231899139061404,5.825480190724379,-12.032452496934303,-33.388541248911835,27.18156894270191,8.156429828612808,-14.363402134822731,4.954855851452621,-11.161828157662544,-54.683212734368034,30.618307740499425,7.274043874896108,-13.481016181106032,-42.26777466348322,36.0608023572733,8.047960569698649,-14.254932875908572,5.754327284038041,-11.961299590247965,-63.81122888499466,36.849196522782606,-6.206972306209924,-11.518654242863569,37.38241640870305,-13.654699087850595,-10.606858151222951,-12.032452496934303,27.18156894270191,-14.363402134822731,-11.161828157662544,-13.481016181106032,36.0608023572733,-14.254932875908572,-11.961299590247965,-63.26920762478854,40.231899139061404,-54.683212734368034,30.618307740499425,-63.81122888499466,36.849196522782606,1.9623619382424629,True,-11.518654242863569,-10.606858151222951
2010,house,92,R,6809.0,"MIKE JONES, JR.",alabama_sos,ALPERSON-MIKE-JONES-JR,AL-2010-house-92-R-MIKE-JONES-JR,0,1,AL-2010-house-92-R-MIKE-JONES-JR,5.311681936653645,-11.518654242863569,-43.58938871491297,37.38241640870305,7.447726781640672,-13.654699087850595,4.399885845013027,-10.606858151222951,-63.26920762478854,40.231899139061404,5.825480190724379,-12.032452496934303,-33.388541248911835,27.18156894270191,8.156429828612808,-14.363402134822731,4.954855851452621,-11.161828157662544,-54.683212734368034,30.618307740499425,7.274043874896108,-13.481016181106032,-42.26777466348322,36.0608023572733,8.047960569698649,-14.254932875908572,5.754327284038041,-11.961299590247965,-63.81122888499466,36.849196522782606,-6.206972306209924,11.518654242863569,-37.38241640870305,13.654699087850595,10.606858151222951,12.032452496934303,-27.18156894270191,14.363402134822731,11.161828157662544,13.481016181106032,-36.0608023572733,14.254932875908572,11.961299590247965,-40.231899139061404,63.26920762478854,-30.618307740499425,54.683212734368034,-36.849196522782606,63.81122888499466,1.9623619382424629,True,11.518654242863569,10.606858151222951
2010,house,93,D,3270.0,RONNIE HELMS,alabama_sos,ALPERSON-RONNIE-HELMS,AL-2010-house-93-D-RONNIE-HELMS,0,0,AL-2010-house-93-D-RONNIE-HELMS,1.2650367421719473,-37.11807944886753,-46.38080715126526,10.52776444456967,-1.4785232140746167,-34.374519492620976,-2.0794289922909117,-33.773613714404675,-88.8686328307925,14.63247393305744,1.5224392215907354,-37.37548192828633,-36.17958676791014,0.32654406121454826,-0.7972103842435807,-35.055832322452005,-1.6358312315784715,-34.21721147511712,-80.02624216572005,5.275278309147403,-18.76655888171371,-17.08648382498188,-63.0840148255278,27.230972118832213,-19.579382277863605,-16.273660428831985,-21.19299691367129,-14.660045793024299,-67.41669652887052,33.24372887890675,-35.85304270669559,-37.11807944886753,10.52776444456967,-34.374519492620976,-33.773613714404675,-37.37548192828633,0.32654406121454826,-35.055832322452005,-34.21721147511712,-17.08648382498188,27.230972118832213,-16.273660428831985,-14.660045793024299,-88.8686328307925,14.63247393305744,-80.02624216572005,5.275278309147403,-67.41669652887052,33.24372887890675,20.288998103304447,True,-37.11807944886753,-33.773613714404675
2010,house,93,R,11417.0,STEVE CLOUSE,alabama_sos,ALPERSON-STEVE-CLOUSE,AL-2010-house-93-R-STEVE-CLOUSE,1,1,AL-2010-house-93-R-STEVE-CLOUSE,1.2650367421719473,-37.11807944886753,-46.38080715126526,10.52776444456967,-1.4785232140746167,-34.374519492620976,-2.0794289922909117,-33.773613714404675,-88.8686328307925,14.63247393305744,1.5224392215907354,-37.37548192828633,-36.17958676791014,0.32654406121454826,-0.7972103842435807,-35.055832322452005,-1.6358312315784715,-34.21721147511712,-80.02624216572005,5.275278309147403,-18.76655888171371,-17.08648382498188,-63.0840148255278,27.230972118832213,-19.579382277863605,-16.273660428831985,-21.19299691367129,-14.660045793024299,-67.41669652887052,33.24372887890675,-35.85304270669559,37.11807944886753,-10.52776444456967,34.374519492620976,33.773613714404675,37.37548192828633,-0.32654406121454826,35.055832322452005,34.21721147511712,17.08648382498188,-27.230972118832213,16.273660428831985,14.660045793024299,-14.63247393305744,88.8686328307925,-5.275278309147403,80.02624216572005,-33.24372887890675,67.41669652887052,20.288998103304447,True,37.11807944886753,33.773613714404675
2010,house,98,D,6767.0,"NAPOLEON BRACY, JR.",alabama_sos,ALPERSON-NAPOLEON-BRACY-JR,AL-2010-house-98-D-NAPOLEON-BRACY-JR,0,1,AL-2010-house-98-D-NAPOLEON-BRACY-JR,3.859509746603802,18.774828826271367,-43.58938871491297,66.22372728778814,3.4549782653857646,19.179360307489404,4.399885845013027,18.23445272786214,-32.975724555653606,70.52538220819633,4.199105092460143,18.435233480415025,-33.388541248911835,56.022879821787,3.919651181217665,18.714687391657506,4.954855851452621,17.67948272142255,-24.215526757018704,61.08599371784875,12.884578194797013,9.749760378078156,-33.034654560888185,55.66899313376335,12.500078752193696,10.134259820681473,13.120976077316026,9.513362495559143,-40.58045232581048,60.07997308196679,22.63433857287517,18.774828826271367,66.22372728778814,19.179360307489404,18.23445272786214,18.435233480415025,56.022879821787,18.714687391657506,17.67948272142255,9.749760378078156,55.66899313376335,10.134259820681473,9.513362495559143,-32.975724555653606,70.52538220819633,-24.215526757018704,61.08599371784875,-40.58045232581048,60.07997308196679,9.025068448193212,True,18.774828826271367,18.23445272786214
2010,house,98,R,3222.0,SHARON L. POWE,alabama_sos,ALPERSON-SHARON-L-POWE,AL-2010-house-98-R-SHARON-L-POWE,0,0,AL-2010-house-98-R-SHARON-L-POWE,3.859509746603802,18.774828826271367,-43.58938871491297,66.22372728778814,3.4549782653857646,19.179360307489404,4.399885845013027,18.23445272786214,-32.975724555653606,70.52538220819633,4.199105092460143,18.435233480415025,-33.388541248911835,56.022879821787,3.919651181217665,18.714687391657506,4.954855851452621,17.67948272142255,-24.215526757018704,61.08599371784875,12.884578194797013,9.749760378078156,-33.034654560888185,55.66899313376335,12.500078752193696,10.134259820681473,13.120976077316026,9.513362495559143,-40.58045232581048,60.07997308196679,22.63433857287517,-18.774828826271367,-66.22372728778814,-19.179360307489404,-18.23445272786214,-18.435233480415025,-56.022879821787,-18.714687391657506,-17.67948272142255,-9.749760378078156,-55.66899313376335,-10.134259820681473,-9.513362495559143,-70.52538220819633,32.975724555653606,-61.08599371784875,24.215526757018704,-60.07997308196679,40.58045232581048,9.025068448193212,True,-18.774828826271367,-18.23445272786214
2010,senate,1,D,23178.0,TAMMY L. IRONS,alabama_sos,ALPERSON-TAMMY-L-IRONS,AL-2010-senate-1-D-TAMMY-L-IRONS,0,1,AL-2010-senate-1-D-TAMMY-L-IRONS,0.747167806168342,28.711147528923156,-47.886317725490656,77.34463306058215,1.2089867476712834,28.249328587420216,1.3625094014954557,28.095805933596044,-23.039405853001817,80.46170091084812,1.1001027059190323,28.358212629172467,-37.858804750511666,67.31712008560316,1.3468280828338015,28.111487252257696,1.8188143184465817,27.639501016644918,-14.292547608261263,71.0089728666062,3.186049636914369,26.27226569817713,-44.661957961938626,74.12027329703012,3.683602370231601,25.774712964859898,4.408783048935088,25.04953228615641,-24.057947005711505,76.60247840206577,29.4583153350915,28.711147528923156,77.34463306058215,28.249328587420216,28.095805933596044,28.358212629172467,67.31712008560316,28.111487252257696,27.639501016644918,26.27226569817713,74.12027329703012,25.774712964859898,25.04953228615641,-23.039405853001817,80.46170091084812,-14.292547608261263,71.0089728666062,-24.057947005711505,76.60247840206577,2.438881830746027,True,28.711147528923156,28.095805933596044
2010,senate,1,R,18266.0,JERRY FREEMAN,alabama_sos,ALPERSON-JERRY-FREEMAN,AL-2010-senate-1-R-JERRY-FREEMAN,0,0,AL-2010-senate-1-R-JERRY-FREEMAN,0.747167806168342,28.711147528923156,-47.886317725490656,77.34463306058215,1.2089867476712834,28.249328587420216,1.3625094014954557,28.095805933596044,-23.039405853001817,80.46170091084812,1.1001027059190323,28.358212629172467,-37.858804750511666,67.31712008560316,1.3468280828338015,28.111487252257696,1.8188143184465817,27.639501016644918,-14.292547608261263,71.0089728666062,3.186049636914369,26.27226569817713,-44.661957961938626,74.12027329703012,3.683602370231601,25.774712964859898,4.408783048935088,25.04953228615641,-24.057947005711505,76.60247840206577,29.4583153350915,-28.711147528923156,-77.34463306058215,-28.249328587420216,-28.095805933596044,-28.358212629172467,-67.31712008560316,-28.111487252257696,-27.639501016644918,-26.27226569817713,-74.12027329703012,-25.774712964859898,-25.04953228615641,-80.46170091084812,23.039405853001817,-71.0089728666062,14.292547608261263,-76.60247840206577,24.057947005711505,2.438881830746027,True,-28.711147528923156,-28.095805933596044
2010,senate,2,D,23060.0,TOM BUTLER,alabama_sos,ALPERSON-TOM-BUTLER,AL-2010-senate-2-D-TOM-BUTLER,1,0,AL-2010-senate-2-D-TOM-BUTLER,17.945129966429434,-3.9204208467533253,-34.521293908408396,48.546003028084506,16.581743348452935,-2.5570342287768266,16.25814947002106,-2.233440350344951,-55.6709742286783,47.83013253517165,17.38693092871539,-3.3622218090392817,-26.562392268215863,40.58710138789197,16.48692542680268,-2.462216307126573,15.669201686833851,-1.6444925671577426,-46.01298204647301,39.288538428394446,18.006730427578965,-3.9820213079028566,-34.1504969204215,48.17520604009761,16.999575409234577,-2.9748662895584683,16.670144674440394,-2.645435554764285,-54.31223401179149,46.34819139598578,14.024709119676109,-3.9204208467533253,48.546003028084506,-2.5570342287768266,-2.233440350344951,-3.3622218090392817,40.58710138789197,-2.462216307126573,-1.6444925671577426,-3.9820213079028566,48.17520604009761,-2.9748662895584683,-2.645435554764285,-55.6709742286783,47.83013253517165,-46.01298204647301,39.288538428394446,-54.31223401179149,46.34819139598578,0.6197994988635749,True,-3.9204208467533253,-2.233440350344951
2010,senate,2,R,33050.0,BILL HOLTZCLAW,alabama_sos,ALPERSON-BILL-HOLTZCLAW,AL-2010-senate-2-R-BILL-HOLTZCLAW,0,1,AL-2010-senate-2-R-BILL-HOLTZCLAW,17.945129966429434,-3.9204208467533253,-34.521293908408396,48.546003028084506,16.581743348452935,-2.5570342287768266,16.25814947002106,-2.233440350344951,-55.6709742286783,47.83013253517165,17.38693092871539,-3.3622218090392817,-26.562392268215863,40.58710138789197,16.48692542680268,-2.462216307126573,15.669201686833851,-1.6444925671577426,-46.01298204647301,39.288538428394446,18.006730427578965,-3.9820213079028566,-34.1504969204215,48.17520604009761,16.999575409234577,-2.9748662895584683,16.670144674440394,-2.645435554764285,-54.31223401179149,46.34819139598578,14.024709119676109,3.9204208467533253,-48.546003028084506,2.5570342287768266,2.233440350344951,3.3622218090392817,-40.58710138789197,2.462216307126573,1.6444925671577426,3.9820213079028566,-48.17520604009761,2.9748662895584683,2.645435554764285,-47.83013253517165,55.6709742286783,-39.288538428394446,46.01298204647301,-46.34819139598578,54.31223401179149,0.6197994988635749,True,3.9204208467533253,2.233440350344951
2010,senate,4,D,18733.0,ZEB LITTLE,alabama_sos,ALPERSON-ZEB-LITTLE,AL-2010-senate-4-D-ZEB-LITTLE,1,0,AL-2010-senate-4-D-ZEB-LITTLE,17.945129966429434,1.7729620636307288,-34.521293908408396,54.23938593846856,16.31519053973374,3.402901490326421,16.25814947002106,3.459942560039103,-49.977591318294245,53.5235154455557,17.38693092871539,2.3311611013447724,-26.562392268215863,46.28048429827602,15.918632198918672,3.7994598311414904,15.669201686833851,4.0488903432263115,-40.319599136088954,44.981921338778506,21.248852839634623,-1.5307608095744598,-28.66637509039273,48.384467120452896,19.788503118414177,-0.07041108835401388,20.126973173527613,-0.4088811434674504,-51.860973513463094,48.799451894314174,19.718092030060163,1.7729620636307288,54.23938593846856,3.402901490326421,3.459942560039103,2.3311611013447724,46.28048429827602,3.7994598311414904,4.0488903432263115,-1.5307608095744598,48.384467120452896,-0.07041108835401388,-0.4088811434674504,-49.977591318294245,53.5235154455557,-40.319599136088954,44.981921338778506,-51.860973513463094,48.799451894314174,3.861921910919232,True,1.7729620636307288,3.459942560039103
2010,senate,4,R,25621.0,PAUL BUSSMAN,alabama_sos,ALPERSON-PAUL-BUSSMAN,AL-2010-senate-4-R-PAUL-BUSSMAN,0,1,AL-2010-senate-4-R-PAUL-BUSSMAN,17.945129966429434,1.7729620636307288,-34.521293908408396,54.23938593846856,16.31519053973374,3.402901490326421,16.25814947002106,3.459942560039103,-49.977591318294245,53.5235154455557,17.38693092871539,2.3311611013447724,-26.562392268215863,46.28048429827602,15.918632198918672,3.7994598311414904,15.669201686833851,4.0488903432263115,-40.319599136088954,44.981921338778506,21.248852839634623,-1.5307608095744598,-28.66637509039273,48.384467120452896,19.788503118414177,-0.07041108835401388,20.126973173527613,-0.4088811434674504,-51.860973513463094,48.799451894314174,19.718092030060163,-1.7729620636307288,-54.23938593846856,-3.402901490326421,-3.459942560039103,-2.3311611013447724,-46.28048429827602,-3.7994598311414904,-4.0488903432263115,1.5307608095744598,-48.384467120452896,0.07041108835401388,0.4088811434674504,-53.5235154455557,49.977591318294245,-44.981921338778506,40.319599136088954,-48.799451894314174,51.860973513463094,3.861921910919232,True,-1.7729620636307288,-3.459942560039103
2010,senate,5,D,12213.0,BRETT WADSWORTH,alabama_sos,ALPERSON-BRETT-WADSWORTH,AL-2010-senate-5-D-BRETT-WADSWORTH,0,0,AL-2010-senate-5-D-BRETT-WADSWORTH,-2.9644072982807863,-23.74893579273738,-50.677736161842944,23.964393070824777,-6.602269470519633,-20.111073620498534,-5.116805435808483,-21.596537655209683,-75.49948917466236,28.001617589187592,-2.7942380516035668,-23.9191050394146,-40.64985026950997,13.936507178491802,-6.073993291446315,-20.639349799571853,-4.771872764584511,-21.941470326433656,-66.56986527684833,18.73165519801913,-5.9793800106129815,-20.733963080405186,-52.24190967388081,25.528566582862645,-9.64332382089174,-17.07001927012643,-8.734451245433693,-17.978891845584474,-71.06417578429382,29.59624962348345,-26.713343091018167,-23.74893579273738,23.964393070824777,-20.111073620498534,-21.596537655209683,-23.9191050394146,13.936507178491802,-20.639349799571853,-21.941470326433656,-20.733963080405186,25.528566582862645,-17.07001927012643,-17.978891845584474,-75.49948917466236,28.001617589187592,-66.56986527684833,18.73165519801913,-71.06417578429382,29.59624962348345,3.185141959009414,True,-23.74893579273738,-21.596537655209683
2010,senate,5,R,33500.0,GREG REED,alabama_sos,ALPERSON-GREG-REED,AL-2010-senate-5-R-GREG-REED,1,1,AL-2010-senate-5-R-GREG-REED,-2.9644072982807863,-23.74893579273738,-50.677736161842944,23.964393070824777,-6.602269470519633,-20.111073620498534,-5.116805435808483,-21.596537655209683,-75.49948917466236,28.001617589187592,-2.7942380516035668,-23.9191050394146,-40.64985026950997,13.936507178491802,-6.073993291446315,-20.639349799571853,-4.771872764584511,-21.941470326433656,-66.56986527684833,18.73165519801913,-5.9793800106129815,-20.733963080405186,-52.24190967388081,25.528566582862645,-9.64332382089174,-17.07001927012643,-8.734451245433693,-17.978891845584474,-71.06417578429382,29.59624962348345,-26.713343091018167,23.74893579273738,-23.964393070824777,20.111073620498534,21.596537655209683,23.9191050394146,-13.936507178491802,20.639349799571853,21.941470326433656,20.733963080405186,-25.528566582862645,17.07001927012643,17.978891845584474,-28.001617589187592,75.49948917466236,-18.73165519801913,66.56986527684833,-29.59624962348345,71.06417578429382,3.185141959009414,True,23.74893579273738,21.596537655209683
2010,senate,6,D,18691.0,"ROGER BEDFORD, JR.",alabama_sos,ALPERSON-ROGER-BEDFORD-JR,AL-2010-senate-6-D-ROGER-BEDFORD-JR,1,1,AL-2010-senate-6-D-ROGER-BEDFORD-JR,16.4831777847702,15.857721258583553,-34.521293908408396,66.86219295176215,16.651952849085777,15.688946194267974,16.25814947002106,16.08274957333269,-35.89283212334142,67.60827464050853,15.838840579883144,16.502058463470608,-26.562392268215863,58.90329131156962,16.125046128180728,16.215852915173024,15.669201686833851,16.6716973565199,-26.148701773963122,59.152818700904334,16.853523006913264,15.487376036440487,-34.1504969204215,66.49139596377526,17.053126226855365,15.287772816498386,16.670144674440394,15.670754368913357,-34.84283666744815,65.81758874032911,32.34089904335375,15.857721258583553,66.86219295176215,15.688946194267974,16.08274957333269,16.502058463470608,58.90329131156962,16.215852915173024,16.6716973565199,15.487376036440487,66.49139596377526,15.287772816498386,15.670754368913357,-35.89283212334142,67.60827464050853,-26.148701773963122,59.152818700904334,-34.84283666744815,65.81758874032911,1.0146824270301202,True,15.857721258583553,16.08274957333269
2010,senate,6,R,16304.0,JIM BONNER,alabama_sos,ALPERSON-JIM-BONNER,AL-2010-senate-6-R-JIM-BONNER,0,0,AL-2010-senate-6-R-JIM-BONNER,16.4831777847702,15.857721258583553,-34.521293908408396,66.86219295176215,16.651952849085777,15.688946194267974,16.25814947002106,16.08274957333269,-35.89283212334142,67.60827464050853,15.838840579883144,16.502058463470608,-26.562392268215863,58.90329131156962,16.125046128180728,16.215852915173024,15.669201686833851,16.6716973565199,-26.148701773963122,59.152818700904334,16.853523006913264,15.487376036440487,-34.1504969204215,66.49139596377526,17.053126226855365,15.287772816498386,16.670144674440394,15.670754368913357,-34.84283666744815,65.81758874032911,32.34089904335375,-15.857721258583553,-66.86219295176215,-15.688946194267974,-16.08274957333269,-16.502058463470608,-58.90329131156962,-16.215852915173024,-16.6716973565199,-15.487376036440487,-66.49139596377526,-15.287772816498386,-15.670754368913357,-67.60827464050853,35.89283212334142,-59.152818700904334,26.148701773963122,-65.81758874032911,34.84283666744815,1.0146824270301202,True,-15.857721258583553,-16.08274957333269
2010,senate,7,D,20819.0,JEFF ENFINGER,alabama_sos,ALPERSON-JEFF-ENFINGER,AL-2010-senate-7-D-JEFF-ENFINGER,0,0,AL-2010-senate-7-D-JEFF-ENFINGER,-7.445555709675779,13.18978809406724,-50.677736161842944,56.4219685462344,-5.784115753037312,11.528348137428772,-5.116805435808483,10.861037820199943,-38.560765287857734,64.94034147599221,-7.010893675131838,12.755126059523297,-40.64985026950997,46.39408265390143,-5.522604871846623,11.266837256238082,-4.771872764584511,10.51610514897597,-29.89563417791043,55.40588629695703,-2.536651475014823,8.280883859406282,-43.72808292147617,49.47231530586763,-0.15823996663731776,5.902472351028777,0.14459595535094305,5.599636429040516,-42.04932884448235,58.611096563294915,5.744232384391459,13.18978809406724,56.4219685462344,11.528348137428772,10.861037820199943,12.755126059523297,46.39408265390143,11.266837256238082,10.51610514897597,8.280883859406282,49.47231530586763,5.902472351028777,5.599636429040516,-38.560765287857734,64.94034147599221,-29.89563417791043,55.40588629695703,-42.04932884448235,58.611096563294915,4.908904234660957,True,13.18978809406724,10.861037820199943
2010,senate,7,R,25333.0,PAUL L. SANFORD,alabama_sos,ALPERSON-PAUL-L-SANFORD,AL-2010-senate-7-R-PAUL-L-SANFORD,1,1,AL-2010-senate-7-R-PAUL-L-SANFORD,-7.445555709675779,13.18978809406724,-50.677736161842944,56.4219685462344,-5.784115753037312,11.528348137428772,-5.116805435808483,10.861037820199943,-38.560765287857734,64.94034147599221,-7.010893675131838,12.755126059523297,-40.64985026950997,46.39408265390143,-5.522604871846623,11.266837256238082,-4.771872764584511,10.51610514897597,-29.89563417791043,55.40588629695703,-2.536651475014823,8.280883859406282,-43.72808292147617,49.47231530586763,-0.15823996663731776,5.902472351028777,0.14459595535094305,5.599636429040516,-42.04932884448235,58.611096563294915,5.744232384391459,-13.18978809406724,-56.4219685462344,-11.528348137428772,-10.861037820199943,-12.755126059523297,-46.39408265390143,-11.266837256238082,-10.51610514897597,-8.280883859406282,-49.47231530586763,-5.902472351028777,-5.599636429040516,-64.94034147599221,38.560765287857734,-55.40588629695703,29.89563417791043,-58.611096563294915,42.04932884448235,4.908904234660957,True,-13.18978809406724,-10.861037820199943
2010,senate,8,D,20016.0,LOWELL BARRON,alabama_sos,ALPERSON-LOWELL-BARRON,AL-2010-senate-8-D-LOWELL-BARRON,1,0,AL-2010-senate-8-D-LOWELL-BARRON,15.064661693585492,5.554417649514367,-34.521293908408396,55.14037325150825,15.52425525243871,5.094824090661149,16.25814947002106,4.360929873078799,-46.19613573241061,57.30497103143934,14.49309817282936,6.125981170270499,-26.562392268215863,47.18147161131572,14.718155067638023,5.900924275461836,15.669201686833851,4.949877656266008,-36.52477906716323,48.77674140770423,15.78582106103908,4.833258282060779,-34.1504969204215,54.76957626352136,16.363750170243357,4.255329172856502,16.670144674440394,3.948934668659465,-45.49695442182785,55.16347098594942,20.61907934309986,5.554417649514367,55.14037325150825,5.094824090661149,4.360929873078799,6.125981170270499,47.18147161131572,5.900924275461836,4.949877656266008,4.833258282060779,54.76957626352136,4.255329172856502,3.948934668659465,-46.19613573241061,57.30497103143934,-36.52477906716323,48.77674140770423,-45.49695442182785,55.16347098594942,1.2927228882097204,True,5.554417649514367,4.360929873078799
2010,senate,8,R,20603.0,SHADRACK McGILL,alabama_sos,ALPERSON-SHADRACK-MCGILL,AL-2010-senate-8-R-SHADRACK-MCGILL,0,1,AL-2010-senate-8-R-SHADRACK-MCGILL,15.064661693585492,5.554417649514367,-34.521293908408396,55.14037325150825,15.52425525243871,5.094824090661149,16.25814947002106,4.360929873078799,-46.19613573241061,57.30497103143934,14.49309817282936,6.125981170270499,-26.562392268215863,47.18147161131572,14.718155067638023,5.900924275461836,15.669201686833851,4.949877656266008,-36.52477906716323,48.77674140770423,15.78582106103908,4.833258282060779,-34.1504969204215,54.76957626352136,16.363750170243357,4.255329172856502,16.670144674440394,3.948934668659465,-45.49695442182785,55.16347098594942,20.61907934309986,-5.554417649514367,-55.14037325150825,-5.094824090661149,-4.360929873078799,-6.125981170270499,-47.18147161131572,-5.900924275461836,-4.949877656266008,-4.833258282060779,-54.76957626352136,-4.255329172856502,-3.948934668659465,-57.30497103143934,46.19613573241061,-48.77674140770423,36.52477906716323,-55.16347098594942,45.49695442182785,1.2927228882097204,True,-5.554417649514367,-4.360929873078799
2010,senate,9,D,13933.0,TIM MITCHELL,alabama_sos,ALPERSON-TIM-MITCHELL,AL-2010-senate-9-D-TIM-MITCHELL,0,0,AL-2010-senate-9-D-TIM-MITCHELL,2.193224559026042,1.8864258800022924,-47.886317725490656,51.96596816451899,0.7165767361056394,3.363073702922695,1.3625094014954557,2.717141037532879,-49.86412750192268,53.636979261927266,2.7749904313279865,1.304660007700348,-37.858804750511666,41.93845518954,1.0446089560334464,3.035041482994888,1.8188143184465817,2.260836120581753,-41.34610022973338,43.95542024513408,-1.12917778995448,5.2088282289828145,-47.43398613688363,51.51363657591197,-2.0893071756645636,6.168957614692898,-0.7447052604816813,4.824355699510016,-45.12138447490582,55.53904093287145,4.079650439028335,1.8864258800022924,51.96596816451899,3.363073702922695,2.717141037532879,1.304660007700348,41.93845518954,3.035041482994888,2.260836120581753,5.2088282289828145,51.51363657591197,6.168957614692898,4.824355699510016,-49.86412750192268,53.636979261927266,-41.34610022973338,43.95542024513408,-45.12138447490582,55.53904093287145,3.9041682212824664,True,1.8864258800022924,2.717141037532879
2010,senate,9,R,30834.0,CLAY SCOFIELD,alabama_sos,ALPERSON-CLAY-SCOFIELD,AL-2010-senate-9-R-CLAY-SCOFIELD,0,1,AL-2010-senate-9-R-CLAY-SCOFIELD,2.193224559026042,1.8864258800022924,-47.886317725490656,51.96596816451899,0.7165767361056394,3.363073702922695,1.3625094014954557,2.717141037532879,-49.86412750192268,53.636979261927266,2.7749904313279865,1.304660007700348,-37.858804750511666,41.93845518954,1.0446089560334464,3.035041482994888,1.8188143184465817,2.260836120581753,-41.34610022973338,43.95542024513408,-1.12917778995448,5.2088282289828145,-47.43398613688363,51.51363657591197,-2.0893071756645636,6.168957614692898,-0.7447052604816813,4.824355699510016,-45.12138447490582,55.53904093287145,4.079650439028335,-1.8864258800022924,-51.96596816451899,-3.363073702922695,-2.717141037532879,-1.304660007700348,-41.93845518954,-3.035041482994888,-2.260836120581753,-5.2088282289828145,-51.51363657591197,-6.168957614692898,-4.824355699510016,-53.636979261927266,49.86412750192268,-43.95542024513408,41.34610022973338,-55.53904093287145,45.12138447490582,3.9041682212824664,True,-1.8864258800022924,-2.717141037532879
2010,senate,10,D,17459.0,LARRY MEANS,alabama_sos,ALPERSON-LARRY-MEANS,AL-2010-senate-10-D-LARRY-MEANS,1,0,AL-2010-senate-10-D-LARRY-MEANS,17.22925947351657,-3.268525122037314,-34.521293908408396,48.482028259887656,16.581743348452935,-2.6210089969736785,16.25814947002106,-2.297415118541803,-55.01907850396229,48.482028259887656,16.088367969217863,-2.1276336177386064,-26.562392268215863,40.52312661969512,16.48692542680268,-2.5261910753234247,15.669201686833851,-1.7084673353545945,-44.77839385517234,40.52312661969512,18.134859951072755,-4.1741255995934985,-34.1504969204215,48.11123127190076,16.999575409234577,-3.03884105775532,16.670144674440394,-2.709410322961137,-54.50433830348213,46.15608710429514,13.960734351479257,-3.268525122037314,48.482028259887656,-2.6210089969736785,-2.297415118541803,-2.1276336177386064,40.52312661969512,-2.5261910753234247,-1.7084673353545945,-4.1741255995934985,48.11123127190076,-3.03884105775532,-2.709410322961137,-55.01907850396229,48.482028259887656,-44.77839385517234,40.52312661969512,-54.50433830348213,46.15608710429514,2.046491981854892,True,-3.268525122037314,-2.297415118541803
2010,senate,10,R,20249.0,PHIL WILLIAMS,alabama_sos,ALPERSON-PHIL-WILLIAMS,AL-2010-senate-10-R-PHIL-WILLIAMS,0,1,AL-2010-senate-10-R-PHIL-WILLIAMS,17.22925947351657,-3.268525122037314,-34.521293908408396,48.482028259887656,16.581743348452935,-2.6210089969736785,16.25814947002106,-2.297415118541803,-55.01907850396229,48.482028259887656,16.088367969217863,-2.1276336177386064,-26.562392268215863,40.52312661969512,16.48692542680268,-2.5261910753234247,15.669201686833851,-1.7084673353545945,-44.77839385517234,40.52312661969512,18.134859951072755,-4.1741255995934985,-34.1504969204215,48.11123127190076,16.999575409234577,-3.03884105775532,16.670144674440394,-2.709410322961137,-54.50433830348213,46.15608710429514,13.960734351479257,3.268525122037314,-48.482028259887656,2.6210089969736785,2.297415118541803,2.1276336177386064,-40.52312661969512,2.5261910753234247,1.7084673353545945,4.1741255995934985,-48.11123127190076,3.03884105775532,2.709410322961137,-48.482028259887656,55.01907850396229,-40.52312661969512,44.77839385517234,-46.15608710429514,54.50433830348213,2.046491981854892,True,3.268525122037314,2.297415118541803
2010,senate,11,D,19928.0,JERRY L. FIELDING,alabama_sos,ALPERSON-JERRY-L-FIELDING,AL-2010-senate-11-D-JERRY-L-FIELDING,0,1,AL-2010-senate-11-D-JERRY-L-FIELDING,0.5657800003391671,19.411761199171423,-47.886317725490656,67.86385892500124,0.8260783931378821,19.151462806372706,1.3625094014954557,18.615031798015135,-32.33879218275355,71.1623145810964,0.8764950187072706,19.10104618080332,-37.858804750511666,57.836345950022256,0.984535102582651,18.99300609692794,1.8188143184465817,18.15872688106401,-23.54971405663041,61.75180641823705,4.126034673184677,15.851506526325913,-41.69052820389331,61.6680694034039,5.788498498847237,14.189042700663354,5.245131691314248,14.73240950819634,-34.47870617756272,66.18171923021455,19.97754119951059,19.411761199171423,67.86385892500124,19.151462806372706,18.615031798015135,19.10104618080332,57.836345950022256,18.99300609692794,18.15872688106401,15.851506526325913,61.6680694034039,14.189042700663354,14.73240950819634,-32.33879218275355,71.1623145810964,-23.54971405663041,61.75180641823705,-34.47870617756272,66.18171923021455,3.5602546728455096,True,19.411761199171423,18.615031798015135
2010,senate,11,R,17323.0,RAY ROBBINS,alabama_sos,ALPERSON-RAY-ROBBINS,AL-2010-senate-11-R-RAY-ROBBINS,0,0,AL-2010-senate-11-R-RAY-ROBBINS,0.5657800003391671,19.411761199171423,-47.886317725490656,67.86385892500124,0.8260783931378821,19.151462806372706,1.3625094014954557,18.615031798015135,-32.33879218275355,71.1623145810964,0.8764950187072706,19.10104618080332,-37.858804750511666,57.836345950022256,0.984535102582651,18.99300609692794,1.8188143184465817,18.15872688106401,-23.54971405663041,61.75180641823705,4.126034673184677,15.851506526325913,-41.69052820389331,61.6680694034039,5.788498498847237,14.189042700663354,5.245131691314248,14.73240950819634,-34.47870617756272,66.18171923021455,19.97754119951059,-19.411761199171423,-67.86385892500124,-19.151462806372706,-18.615031798015135,-19.10104618080332,-57.836345950022256,-18.99300609692794,-18.15872688106401,-15.851506526325913,-61.6680694034039,-14.189042700663354,-14.73240950819634,-71.1623145810964,32.33879218275355,-61.75180641823705,23.54971405663041,-66.18171923021455,34.47870617756272,3.5602546728455096,True,-19.411761199171423,-18.615031798015135
2010,senate,12,D,15203.0,"WALLACE WYATT, JR.",alabama_sos,ALPERSON-WALLACE-WYATT-JR,AL-2010-senate-12-D-WALLACE-WYATT-JR,0,0,AL-2010-senate-12-D-WALLACE-WYATT-JR,-6.56864251940716,12.741692204563034,-50.677736161842944,56.85078584699882,-4.514634921885889,10.687684607041763,-5.116805435808483,11.289855120964358,-39.008861177361936,64.49224558648801,-6.046868378320907,12.219918063476781,-40.64985026950997,46.82289995466584,-3.9378823977247457,10.11093208288062,-4.771872764584511,10.944922449740385,-30.430842173956947,54.87067830091051,-9.832977990822236,16.00602767597811,-51.59261231877923,57.765662003935105,-8.969423482003783,15.142473167159658,-8.057300766459797,14.23035045161567,-34.324185027910524,66.33624037986675,6.173049685155874,12.741692204563034,56.85078584699882,10.687684607041763,11.289855120964358,12.219918063476781,46.82289995466584,10.11093208288062,10.944922449740385,16.00602767597811,57.765662003935105,15.142473167159658,14.23035045161567,-39.008861177361936,64.49224558648801,-30.430842173956947,54.87067830091051,-34.324185027910524,66.33624037986675,3.7861096125013294,True,12.741692204563034,11.289855120964358
2010,senate,12,R,26702.0,DEL MARSH,alabama_sos,ALPERSON-DEL-MARSH,AL-2010-senate-12-R-DEL-MARSH,1,1,AL-2010-senate-12-R-DEL-MARSH,-6.56864251940716,12.741692204563034,-50.677736161842944,56.85078584699882,-4.514634921885889,10.687684607041763,-5.116805435808483,11.289855120964358,-39.008861177361936,64.49224558648801,-6.046868378320907,12.219918063476781,-40.64985026950997,46.82289995466584,-3.9378823977247457,10.11093208288062,-4.771872764584511,10.944922449740385,-30.430842173956947,54.87067830091051,-9.832977990822236,16.00602767597811,-51.59261231877923,57.765662003935105,-8.969423482003783,15.142473167159658,-8.057300766459797,14.23035045161567,-34.324185027910524,66.33624037986675,6.173049685155874,-12.741692204563034,-56.85078584699882,-10.687684607041763,-11.289855120964358,-12.219918063476781,-46.82289995466584,-10.11093208288062,-10.944922449740385,-16.00602767597811,-57.765662003935105,-15.142473167159658,-14.23035045161567,-64.49224558648801,39.008861177361936,-54.87067830091051,30.430842173956947,-66.33624037986675,34.324185027910524,3.7861096125013294,True,-12.741692204563034,-11.289855120964358
2010,senate,13,D,18443.0,GREG VARNER,alabama_sos,ALPERSON-GREG-VARNER,AL-2010-senate-13-D-GREG-VARNER,0,0,AL-2010-senate-13-D-GREG-VARNER,1.3093446367697013,16.254719407773173,-47.886317725490656,65.45038177003353,0.8260783931378821,16.73798565140499,1.3625094014954557,16.20155464304742,-35.4958339741518,68.00527278969815,1.816703978112625,15.74736006643025,-37.858804750511666,55.42286879505454,0.984535102582651,16.579528941960223,1.8188143184465817,15.745249726096294,-26.90340017100348,58.398120303863976,7.292582869742788,10.271481174800087,-39.350755468036226,56.9148195125791,8.296766115219384,9.26729792932349,7.68527443381442,9.878789610728454,-40.05873152908855,60.60169387868872,17.564064044542874,16.254719407773173,65.45038177003353,16.73798565140499,16.20155464304742,15.74736006643025,55.42286879505454,16.579528941960223,15.745249726096294,10.271481174800087,56.9148195125791,9.26729792932349,9.878789610728454,-35.4958339741518,68.00527278969815,-26.90340017100348,58.398120303863976,-40.05873152908855,60.60169387868872,5.983238232973086,True,16.254719407773173,16.20155464304742
2010,senate,13,R,18800.0,GERALD DIAL,alabama_sos,ALPERSON-GERALD-DIAL,AL-2010-senate-13-R-GERALD-DIAL,0,1,AL-2010-senate-13-R-GERALD-DIAL,1.3093446367697013,16.254719407773173,-47.886317725490656,65.45038177003353,0.8260783931378821,16.73798565140499,1.3625094014954557,16.20155464304742,-35.4958339741518,68.00527278969815,1.816703978112625,15.74736006643025,-37.858804750511666,55.42286879505454,0.984535102582651,16.579528941960223,1.8188143184465817,15.745249726096294,-26.90340017100348,58.398120303863976,7.292582869742788,10.271481174800087,-39.350755468036226,56.9148195125791,8.296766115219384,9.26729792932349,7.68527443381442,9.878789610728454,-40.05873152908855,60.60169387868872,17.564064044542874,-16.254719407773173,-65.45038177003353,-16.73798565140499,-16.20155464304742,-15.74736006643025,-55.42286879505454,-16.579528941960223,-15.745249726096294,-10.271481174800087,-56.9148195125791,-9.26729792932349,-9.878789610728454,-68.00527278969815,35.4958339741518,-58.398120303863976,26.90340017100348,-60.60169387868872,40.05873152908855,5.983238232973086,True,-16.254719407773173,-16.20155464304742
2010,senate,17,D,8973.0,T. E. 'Tommy' HUDSON,alabama_sos,ALPERSON-T-E-TOMMY-HUDSON,AL-2010-senate-17-D-T-E-TOMMY-HUDSON,0,0,AL-2010-senate-17-D-T-E-TOMMY-HUDSON,-2.002697821751905,-25.451887485724082,-50.677736161842944,23.223150854366956,-4.025987574253287,-23.428597733222702,-5.116805435808483,-22.337779871667504,-77.20244086764906,26.29866589620089,-1.599010186478365,-25.85557512099762,-40.64985026950997,13.195264962033981,-3.736592484931908,-23.71799282254408,-4.771872764584511,-22.682712542891476,-68.50633535843136,16.79518511643611,3.1418140116934063,-30.596399319169393,-46.03941239324031,18.584827085764324,2.314321665515018,-29.768906972991005,-0.0033358599549488943,-27.45124944752104,-80.92661202305803,19.73381338471924,-27.454585307475988,-25.451887485724082,23.223150854366956,-23.428597733222702,-22.337779871667504,-25.85557512099762,13.195264962033981,-23.71799282254408,-22.682712542891476,-30.596399319169393,18.584827085764324,-29.768906972991005,-27.45124944752104,-77.20244086764906,26.29866589620089,-68.50633535843136,16.79518511643611,-80.92661202305803,19.73381338471924,5.144511833445311,True,-25.451887485724082,-22.337779871667504
2010,senate,17,R,38777.0,SCOTT BEASON,alabama_sos,ALPERSON-SCOTT-BEASON,AL-2010-senate-17-R-SCOTT-BEASON,1,1,AL-2010-senate-17-R-SCOTT-BEASON,-2.002697821751905,-25.451887485724082,-50.677736161842944,23.223150854366956,-4.025987574253287,-23.428597733222702,-5.116805435808483,-22.337779871667504,-77.20244086764906,26.29866589620089,-1.599010186478365,-25.85557512099762,-40.64985026950997,13.195264962033981,-3.736592484931908,-23.71799282254408,-4.771872764584511,-22.682712542891476,-68.50633535843136,16.79518511643611,3.1418140116934063,-30.596399319169393,-46.03941239324031,18.584827085764324,2.314321665515018,-29.768906972991005,-0.0033358599549488943,-27.45124944752104,-80.92661202305803,19.73381338471924,-27.454585307475988,25.451887485724082,-23.223150854366956,23.428597733222702,22.337779871667504,25.85557512099762,-13.195264962033981,23.71799282254408,22.682712542891476,30.596399319169393,-18.584827085764324,29.768906972991005,27.45124944752104,-26.29866589620089,77.20244086764906,-16.79518511643611,68.50633535843136,-19.73381338471924,80.92661202305803,5.144511833445311,True,25.451887485724082,22.337779871667504
2010,senate,21,D,19509.0,PHIL POOLE,alabama_sos,ALPERSON-PHIL-POOLE,AL-2010-senate-21-D-PHIL-POOLE,1,0,AL-2010-senate-21-D-PHIL-POOLE,17.22925947351657,-2.6116487304276514,-34.521293908408396,49.13890465149731,16.84049365550044,-2.222882912411519,16.25814947002106,-1.6405387269321405,-54.36220211235263,49.13890465149732,16.088367969217863,-1.4707572261289439,-26.562392268215863,41.180003011304784,16.005459629713148,-1.3878488866242282,15.669201686833851,-1.051590943744932,-44.121517463562675,41.180003011304784,16.731725894174772,-2.114115151085853,-33.52110402369968,48.138714766788596,15.168749098737607,-0.5511383556486873,15.063989323912324,-0.44637858082340465,-52.44432785497449,48.21609755280278,14.61761074308892,-2.6116487304276514,49.13890465149731,-2.222882912411519,-1.6405387269321405,-1.4707572261289439,41.180003011304784,-1.3878488866242282,-1.051590943744932,-2.114115151085853,48.138714766788596,-0.5511383556486873,-0.44637858082340465,-54.36220211235263,49.13890465149732,-44.121517463562675,41.180003011304784,-52.44432785497449,48.21609755280278,1.1408915042987076,True,-2.6116487304276514,-1.6405387269321405
2010,senate,21,R,20528.0,GERALD ALLEN,alabama_sos,ALPERSON-GERALD-ALLEN,AL-2010-senate-21-R-GERALD-ALLEN,0,1,AL-2010-senate-21-R-GERALD-ALLEN,17.22925947351657,-2.6116487304276514,-34.521293908408396,49.13890465149731,16.84049365550044,-2.222882912411519,16.25814947002106,-1.6405387269321405,-54.36220211235263,49.13890465149732,16.088367969217863,-1.4707572261289439,-26.562392268215863,41.180003011304784,16.005459629713148,-1.3878488866242282,15.669201686833851,-1.051590943744932,-44.121517463562675,41.180003011304784,16.731725894174772,-2.114115151085853,-33.52110402369968,48.138714766788596,15.168749098737607,-0.5511383556486873,15.063989323912324,-0.44637858082340465,-52.44432785497449,48.21609755280278,14.61761074308892,2.6116487304276514,-49.13890465149731,2.222882912411519,1.6405387269321405,1.4707572261289439,-41.180003011304784,1.3878488866242282,1.051590943744932,2.114115151085853,-48.138714766788596,0.5511383556486873,0.44637858082340465,-49.13890465149732,54.36220211235263,-41.180003011304784,44.121517463562675,-48.21609755280278,52.44432785497449,1.1408915042987076,True,2.6116487304276514,1.6405387269321405
2010,senate,22,D,24785.0,MARC KEAHEY,alabama_sos,ALPERSON-MARC-KEAHEY,AL-2010-senate-22-D-MARC-KEAHEY,0,1,AL-2010-senate-22-D-MARC-KEAHEY,0.5814923947408728,29.57864550585607,-47.886317725490656,78.0464556260876,2.292779773138117,27.867358127458825,1.3625094014954557,28.79762849910149,-22.171907876068904,81.32919888778105,1.0628075036494122,29.09733039694753,-37.858804750511666,68.0189426511086,3.035428745849577,27.124709154747368,1.8188143184465817,28.341323582150363,-13.5534298404862,71.74809063438126,3.814188954905977,26.345948945690967,-44.661957961938626,74.82209586253558,4.752769732852237,25.407368167744707,4.408783048935088,25.751354851661855,-23.984263758197667,76.6761616495796,30.160137900596943,29.57864550585607,78.0464556260876,27.867358127458825,28.79762849910149,29.09733039694753,68.0189426511086,27.124709154747368,28.341323582150363,26.345948945690967,74.82209586253558,25.407368167744707,25.751354851661855,-22.171907876068904,81.32919888778105,-13.5534298404862,71.74809063438126,-23.984263758197667,76.6761616495796,3.2326965601651025,True,29.57864550585607,28.79762849910149
2010,senate,22,R,19939.0,DANNY B. JOYNER,alabama_sos,ALPERSON-DANNY-B-JOYNER,AL-2010-senate-22-R-DANNY-B-JOYNER,0,0,AL-2010-senate-22-R-DANNY-B-JOYNER,0.5814923947408728,29.57864550585607,-47.886317725490656,78.0464556260876,2.292779773138117,27.867358127458825,1.3625094014954557,28.79762849910149,-22.171907876068904,81.32919888778105,1.0628075036494122,29.09733039694753,-37.858804750511666,68.0189426511086,3.035428745849577,27.124709154747368,1.8188143184465817,28.341323582150363,-13.5534298404862,71.74809063438126,3.814188954905977,26.345948945690967,-44.661957961938626,74.82209586253558,4.752769732852237,25.407368167744707,4.408783048935088,25.751354851661855,-23.984263758197667,76.6761616495796,30.160137900596943,-29.57864550585607,-78.0464556260876,-27.867358127458825,-28.79762849910149,-29.09733039694753,-68.0189426511086,-27.124709154747368,-28.341323582150363,-26.345948945690967,-74.82209586253558,-25.407368167744707,-25.751354851661855,-81.32919888778105,22.171907876068904,-71.74809063438126,13.5534298404862,-76.6761616495796,23.984263758197667,3.2326965601651025,True,-29.57864550585607,-28.79762849910149
2010,senate,25,D,14425.0,DOUG 'Smitty' SMITH,alabama_sos,ALPERSON-DOUG-SMITTY-SMITH,AL-2010-senate-25-D-DOUG-SMITTY-SMITH,0,0,AL-2010-senate-25-D-DOUG-SMITTY-SMITH,3.3507291932900074,-50.62807350699253,-47.886317725490656,0.6089734117881349,3.8310959022029207,-51.10844021590544,1.3625094014954557,-48.63985371519798,-102.3786268889175,1.122479874932445,4.107081633390088,-51.38442594709261,-37.858804750511666,-9.418539563190855,4.997006629239769,-52.27435094294229,1.8188143184465817,-49.096158632149105,-94.03518618452634,-8.73366570965888,-17.366803376317243,-29.910540937385278,-66.06369978949279,18.786355475790266,-15.879067950548535,-31.398276363153986,-20.173583915065407,-27.103760398637114,-80.24075364127391,20.419671766503356,-47.27734431370252,-50.62807350699253,0.6089734117881349,-51.10844021590544,-48.63985371519798,-51.38442594709261,-9.418539563190855,-52.27435094294229,-49.096158632149105,-29.910540937385278,18.786355475790266,-31.398276363153986,-27.103760398637114,-102.3786268889175,1.122479874932445,-94.03518618452634,-8.73366570965888,-80.24075364127391,20.419671766503356,21.47388500970733,True,-50.62807350699253,-48.63985371519798
2010,senate,25,R,38919.0,DICK L. BREWBAKER,alabama_sos,ALPERSON-DICK-L-BREWBAKER,AL-2010-senate-25-R-DICK-L-BREWBAKER,0,1,AL-2010-senate-25-R-DICK-L-BREWBAKER,3.3507291932900074,-50.62807350699253,-47.886317725490656,0.6089734117881349,3.8310959022029207,-51.10844021590544,1.3625094014954557,-48.63985371519798,-102.3786268889175,1.122479874932445,4.107081633390088,-51.38442594709261,-37.858804750511666,-9.418539563190855,4.997006629239769,-52.27435094294229,1.8188143184465817,-49.096158632149105,-94.03518618452634,-8.73366570965888,-17.366803376317243,-29.910540937385278,-66.06369978949279,18.786355475790266,-15.879067950548535,-31.398276363153986,-20.173583915065407,-27.103760398637114,-80.24075364127391,20.419671766503356,-47.27734431370252,50.62807350699253,-0.6089734117881349,51.10844021590544,48.63985371519798,51.38442594709261,9.418539563190855,52.27435094294229,49.096158632149105,29.910540937385278,-18.786355475790266,31.398276363153986,27.103760398637114,-1.122479874932445,102.3786268889175,8.73366570965888,94.03518618452634,-20.419671766503356,80.24075364127391,21.47388500970733,True,50.62807350699253,48.63985371519798
2010,senate,27,D,17377.0,T. D. (Ted) LITTLE,alabama_sos,ALPERSON-T-D-TED-LITTLE,AL-2010-senate-27-D-T-D-TED-LITTLE,1,0,AL-2010-senate-27-D-T-D-TED-LITTLE,15.283604750677211,-12.794570001533051,-34.521293908408396,37.010328657552556,16.651952849085777,-14.162918099941617,16.25814947002106,-13.7691147208769,-64.54512338345802,38.95598338039192,14.91492393100833,-12.42588918186417,-26.562392268215863,29.051427017360023,16.125046128180728,-13.636011379036567,15.669201686833851,-13.180166937689691,-55.0766494192979,30.224871055569558,15.812315084572662,-13.323280335428501,-34.1504969204215,36.63953166956566,17.053126226855365,-14.564091477711205,16.670144674440394,-14.181109925296234,-63.653493039317134,37.006932368460134,2.48903474914416,-12.794570001533051,37.010328657552556,-14.162918099941617,-13.7691147208769,-12.42588918186417,29.051427017360023,-13.636011379036567,-13.180166937689691,-13.323280335428501,36.63953166956566,-14.564091477711205,-14.181109925296234,-64.54512338345802,38.95598338039192,-55.0766494192979,30.224871055569558,-63.653493039317134,37.006932368460134,0.8973911535643317,True,-12.794570001533051,-13.7691147208769
2010,senate,27,R,21243.0,TOM WHATLEY,alabama_sos,ALPERSON-TOM-WHATLEY,AL-2010-senate-27-R-TOM-WHATLEY,0,1,AL-2010-senate-27-R-TOM-WHATLEY,15.283604750677211,-12.794570001533051,-34.521293908408396,37.010328657552556,16.651952849085777,-14.162918099941617,16.25814947002106,-13.7691147208769,-64.54512338345802,38.95598338039192,14.91492393100833,-12.42588918186417,-26.562392268215863,29.051427017360023,16.125046128180728,-13.636011379036567,15.669201686833851,-13.180166937689691,-55.0766494192979,30.224871055569558,15.812315084572662,-13.323280335428501,-34.1504969204215,36.63953166956566,17.053126226855365,-14.564091477711205,16.670144674440394,-14.181109925296234,-63.653493039317134,37.006932368460134,2.48903474914416,12.794570001533051,-37.010328657552556,14.162918099941617,13.7691147208769,12.42588918186417,-29.051427017360023,13.636011379036567,13.180166937689691,13.323280335428501,-36.63953166956566,14.564091477711205,14.181109925296234,-38.95598338039192,64.54512338345802,-30.224871055569558,55.0766494192979,-37.006932368460134,63.653493039317134,0.8973911535643317,True,12.794570001533051,13.7691147208769
2010,senate,28,D,28581.0,BILLY BEASLEY,alabama_sos,ALPERSON-BILLY-BEASLEY,AL-2010-senate-28-D-BILLY-BEASLEY,0,1,AL-2010-senate-28-D-BILLY-BEASLEY,0.9722139878444844,17.948640249611604,-47.886317725490656,66.80717196294674,0.3409876332666437,18.579866604189444,1.3625094014954557,17.558344835960632,-33.80191313231337,69.69919363153657,1.5212524132467937,17.39960182420929,-37.858804750511666,56.77965898796775,0.6977681045155402,18.223086132940548,1.8188143184465817,17.102039919009506,-25.251158413224438,60.05036206164302,3.916156960299877,15.004697277156211,-44.661957961938626,63.58281219939471,2.9909622077441953,15.929892029711892,4.408783048935088,14.512071188520999,-35.32551542673242,65.33490998104485,18.920854237456087,17.948640249611604,66.80717196294674,18.579866604189444,17.558344835960632,17.39960182420929,56.77965898796775,18.223086132940548,17.102039919009506,15.004697277156211,63.58281219939471,15.929892029711892,14.512071188520999,-33.80191313231337,69.69919363153657,-25.251158413224438,60.05036206164302,-35.32551542673242,65.33490998104485,2.9439429724553925,True,17.948640249611604,17.558344835960632
2010,senate,28,R,12028.0,KIM WEST,alabama_sos,ALPERSON-KIM-WEST,AL-2010-senate-28-R-KIM-WEST,0,0,AL-2010-senate-28-R-KIM-WEST,0.9722139878444844,17.948640249611604,-47.886317725490656,66.80717196294674,0.3409876332666437,18.579866604189444,1.3625094014954557,17.558344835960632,-33.80191313231337,69.69919363153657,1.5212524132467937,17.39960182420929,-37.858804750511666,56.77965898796775,0.6977681045155402,18.223086132940548,1.8188143184465817,17.102039919009506,-25.251158413224438,60.05036206164302,3.916156960299877,15.004697277156211,-44.661957961938626,63.58281219939471,2.9909622077441953,15.929892029711892,4.408783048935088,14.512071188520999,-35.32551542673242,65.33490998104485,18.920854237456087,-17.948640249611604,-66.80717196294674,-18.579866604189444,-17.558344835960632,-17.39960182420929,-56.77965898796775,-18.223086132940548,-17.102039919009506,-15.004697277156211,-63.58281219939471,-15.929892029711892,-14.512071188520999,-69.69919363153657,33.80191313231337,-60.05036206164302,25.251158413224438,-65.33490998104485,35.32551542673242,2.9439429724553925,True,-17.948640249611604,-17.558344835960632
2010,senate,30,D,19330.0,'Walking' WENDELL MITCHELL,alabama_sos,ALPERSON-WALKING-WENDELL-MITCHELL,AL-2010-senate-30-D-WALKING-WENDELL-MITCHELL,1,0,AL-2010-senate-30-D-WALKING-WENDELL-MITCHELL,17.644655272160996,-15.869412390359702,-34.521293908408396,36.296536790209686,16.84049365550044,-15.065250773699145,16.25814947002106,-14.482906588219766,-67.61996577228467,35.881140991565275,17.410408423607276,-15.635165541805982,-26.562392268215863,28.337635150017157,16.005459629713148,-14.230216747911854,15.669201686833851,-13.893958805032558,-58.28592577923971,27.015594695627748,17.27917958793023,-15.503936706128936,-33.051033115958404,34.826275997759694,15.696691152345181,-13.921448270543888,15.55422501920312,-13.778982137401826,-65.83414941001757,34.826275997759694,1.7752428818012935,-15.869412390359702,36.296536790209686,-15.065250773699145,-14.482906588219766,-15.635165541805982,28.337635150017157,-14.230216747911854,-13.893958805032558,-15.503936706128936,34.826275997759694,-13.921448270543888,-13.778982137401826,-67.61996577228467,35.881140991565275,-58.28592577923971,27.015594695627748,-65.83414941001757,34.826275997759694,0.36547568423076626,True,-15.869412390359702,-14.482906588219766
2010,senate,30,R,25772.0,BRYAN TAYLOR,alabama_sos,ALPERSON-BRYAN-TAYLOR,AL-2010-senate-30-R-BRYAN-TAYLOR,0,1,AL-2010-senate-30-R-BRYAN-TAYLOR,17.644655272160996,-15.869412390359702,-34.521293908408396,36.296536790209686,16.84049365550044,-15.065250773699145,16.25814947002106,-14.482906588219766,-67.61996577228467,35.881140991565275,17.410408423607276,-15.635165541805982,-26.562392268215863,28.337635150017157,16.005459629713148,-14.230216747911854,15.669201686833851,-13.893958805032558,-58.28592577923971,27.015594695627748,17.27917958793023,-15.503936706128936,-33.051033115958404,34.826275997759694,15.696691152345181,-13.921448270543888,15.55422501920312,-13.778982137401826,-65.83414941001757,34.826275997759694,1.7752428818012935,15.869412390359702,-36.296536790209686,15.065250773699145,14.482906588219766,15.635165541805982,-28.337635150017157,14.230216747911854,13.893958805032558,15.503936706128936,-34.826275997759694,13.921448270543888,13.778982137401826,-35.881140991565275,67.61996577228467,-27.015594695627748,58.28592577923971,-34.826275997759694,65.83414941001757,0.36547568423076626,True,15.869412390359702,14.482906588219766
2010,senate,33,D,23241.0,VIVIAN DAVIS FIGURES,alabama_sos,ALPERSON-VIVIAN-DAVIS-FIGURES,AL-2010-senate-33-D-VIVIAN-DAVIS-FIGURES,1,1,AL-2010-senate-33-D-VIVIAN-DAVIS-FIGURES,17.870295828231257,15.896593542811793,-34.521293908408396,68.28818327945145,15.417712924323009,18.34917644672004,16.25814947002106,17.50873990102199,-35.85395983911318,67.64714692473677,17.37904816014673,16.38784121089632,-26.562392268215863,60.32928163925891,14.433051007764522,19.333838363278527,15.669201686833851,18.0976876842092,-26.26291902653741,59.03860144833005,16.97543962279316,16.79144974824989,-34.1504969204215,67.91738629146455,16.037067786330454,17.729821584712596,16.670144674440394,17.096744696602656,-33.538762955638745,67.12166245213852,33.76688937104305,15.896593542811793,68.28818327945145,18.34917644672004,17.50873990102199,16.38784121089632,60.32928163925891,19.333838363278527,18.0976876842092,16.79144974824989,67.91738629146455,17.729821584712596,17.096744696602656,-35.85395983911318,67.64714692473677,-26.26291902653741,59.03860144833005,-33.538762955638745,67.12166245213852,0.8948562054380957,True,15.896593542811793,17.50873990102199
2010,senate,33,R,8419.0,BRAD MOSER,alabama_sos,ALPERSON-BRAD-MOSER,AL-2010-senate-33-R-BRAD-MOSER,0,0,AL-2010-senate-33-R-BRAD-MOSER,17.870295828231257,15.896593542811793,-34.521293908408396,68.28818327945145,15.417712924323009,18.34917644672004,16.25814947002106,17.50873990102199,-35.85395983911318,67.64714692473677,17.37904816014673,16.38784121089632,-26.562392268215863,60.32928163925891,14.433051007764522,19.333838363278527,15.669201686833851,18.0976876842092,-26.26291902653741,59.03860144833005,16.97543962279316,16.79144974824989,-34.1504969204215,67.91738629146455,16.037067786330454,17.729821584712596,16.670144674440394,17.096744696602656,-33.538762955638745,67.12166245213852,33.76688937104305,-15.896593542811793,-68.28818327945145,-18.34917644672004,-17.50873990102199,-16.38784121089632,-60.32928163925891,-19.333838363278527,-18.0976876842092,-16.79144974824989,-67.91738629146455,-17.729821584712596,-17.096744696602656,-67.64714692473677,35.85395983911318,-59.03860144833005,26.26291902653741,-67.12166245213852,33.538762955638745,0.8948562054380957,True,-15.896593542811793,-17.50873990102199
2010,senate,35,D,12653.0,SCOTT A BUZBEE,alabama_sos,ALPERSON-SCOTT-A-BUZBEE,AL-2010-senate-35-D-SCOTT-A-BUZBEE,0,0,AL-2010-senate-35-D-SCOTT-A-BUZBEE,-5.738515080940536,-4.367698137719625,-50.677736161842944,40.571522943182785,-4.4952006630768295,-5.611012555583331,-5.116805435808483,-4.989407782851678,-56.1182515196446,47.382855244205345,-5.178659850918824,-4.927553367741337,-40.64985026950997,30.54363705084981,-4.522255993313107,-5.583957225347054,-4.771872764584511,-5.334340454075649,-47.57831360517507,37.72320686969239,-6.263189808713779,-3.8430234099463814,-50.06444540253763,39.95823218387747,-5.999205909877073,-4.107007308783087,-6.4635795674520296,-3.642633651208131,-54.17323611383502,46.48718929394225,-10.10621321866016,-4.367698137719625,40.571522943182785,-5.611012555583331,-4.989407782851678,-4.927553367741337,30.54363705084981,-5.583957225347054,-5.334340454075649,-3.8430234099463814,39.95823218387747,-4.107007308783087,-3.642633651208131,-56.1182515196446,47.382855244205345,-47.57831360517507,37.72320686969239,-54.17323611383502,46.48718929394225,1.0845299577949552,True,-4.367698137719625,-4.989407782851678
2010,senate,35,R,18307.0,BEN BROOKS,alabama_sos,ALPERSON-BEN-BROOKS,AL-2010-senate-35-R-BEN-BROOKS,1,1,AL-2010-senate-35-R-BEN-BROOKS,-5.738515080940536,-4.367698137719625,-50.677736161842944,40.571522943182785,-4.4952006630768295,-5.611012555583331,-5.116805435808483,-4.989407782851678,-56.1182515196446,47.382855244205345,-5.178659850918824,-4.927553367741337,-40.64985026950997,30.54363705084981,-4.522255993313107,-5.583957225347054,-4.771872764584511,-5.334340454075649,-47.57831360517507,37.72320686969239,-6.263189808713779,-3.8430234099463814,-50.06444540253763,39.95823218387747,-5.999205909877073,-4.107007308783087,-6.4635795674520296,-3.642633651208131,-54.17323611383502,46.48718929394225,-10.10621321866016,4.367698137719625,-40.571522943182785,5.611012555583331,4.989407782851678,4.927553367741337,-30.54363705084981,5.583957225347054,5.334340454075649,3.8430234099463814,-39.95823218387747,4.107007308783087,3.642633651208131,-47.382855244205345,56.1182515196446,-37.72320686969239,47.57831360517507,-46.48718929394225,54.17323611383502,1.0845299577949552,True,4.367698137719625,4.989407782851678
2014,house,1,D,4652.0,Greg Burdine,alabama_sos,ALPERSON-GREG-BURDINE,AL-2014-house-1-D-GREG-BURDINE,1,0,AL-2014-house-1-D-GREG-BURDINE,25.559834603801328,-5.030854919475669,-9.994879834311078,30.523859518636737,22.063890809586375,-1.5349111252607166,20.82169050366097,-0.29271081933531207,-56.781408301400646,46.7196984624493,19.827169274537606,0.7018104097880524,-10.553087490804822,31.082067175130483,16.873627467330877,3.655352216994782,15.442691157048191,5.086288527277468,-41.94894982764568,43.35257064722178,28.848637909435823,-8.319658225110164,1.2384160416022798,19.290563642723377,26.40514511032974,-5.876165426004082,24.38270556896672,-3.8537258846410616,-58.649870928998794,42.010554478778474,20.52897968432566,-5.030854919475669,30.523859518636737,-1.5349111252607166,-0.29271081933531207,0.7018104097880524,31.082067175130483,3.655352216994782,5.086288527277468,-8.319658225110164,19.290563642723377,-5.876165426004082,-3.8537258846410616,-56.781408301400646,46.7196984624493,-41.94894982764568,43.35257064722178,-58.649870928998794,42.010554478778474,9.021468634898216,False,-5.030854919475669,-0.29271081933531207
2014,house,1,R,4933.0,Phillip Pettus,alabama_sos,ALPERSON-PHILLIP-PETTUS,AL-2014-house-1-R-PHILLIP-PETTUS,0,1,AL-2014-house-1-R-PHILLIP-PETTUS,25.559834603801328,-5.030854919475669,-9.994879834311078,30.523859518636737,22.063890809586375,-1.5349111252607166,20.82169050366097,-0.29271081933531207,-56.781408301400646,46.7196984624493,19.827169274537606,0.7018104097880524,-10.553087490804822,31.082067175130483,16.873627467330877,3.655352216994782,15.442691157048191,5.086288527277468,-41.94894982764568,43.35257064722178,28.848637909435823,-8.319658225110164,1.2384160416022798,19.290563642723377,26.40514511032974,-5.876165426004082,24.38270556896672,-3.8537258846410616,-58.649870928998794,42.010554478778474,20.52897968432566,5.030854919475669,-30.523859518636737,1.5349111252607166,0.29271081933531207,-0.7018104097880524,-31.082067175130483,-3.655352216994782,-5.086288527277468,8.319658225110164,-19.290563642723377,5.876165426004082,3.8537258846410616,-46.7196984624493,56.781408301400646,-43.35257064722178,41.94894982764568,-42.010554478778474,58.649870928998794,9.021468634898216,False,5.030854919475669,0.29271081933531207
2014,house,2,D,5224.0,"Andrew ""Andy"" Betterton",alabama_sos,ALPERSON-ANDREW-ANDY-BETTERTON,AL-2014-house-2-D-ANDREW-ANDY-BETTERTON,0,0,AL-2014-house-2-D-ANDREW-ANDY-BETTERTON,-8.741159205350035,23.631134609768072,-38.80959913390524,53.699574538323276,-9.507291039986756,24.397266444404792,-8.53048419583066,23.420459600248698,-28.1194187721569,75.38168799169304,-3.8296899740192254,18.719665378437263,-34.40752112012607,49.29749652454411,-2.947504357941771,17.837479762359806,-3.279296338828619,18.169271743246654,-23.931094858996467,61.37042561587099,-3.236439150896725,18.12641455531476,-28.565236517911934,43.45521192232997,-3.0563671798449406,17.94634258426298,-3.430747573539314,18.320722977957352,-32.203798148573874,68.4566272592034,14.889975404418037,23.631134609768072,53.699574538323276,24.397266444404792,23.420459600248698,18.719665378437263,49.29749652454411,17.837479762359806,18.169271743246654,18.12641455531476,43.45521192232997,17.94634258426298,18.320722977957352,-28.1194187721569,75.38168799169304,-23.931094858996467,61.37042561587099,-32.203798148573874,68.4566272592034,5.504720054453312,True,23.631134609768072,23.420459600248698
2014,house,2,R,8561.0,Lynn Greer,alabama_sos,ALPERSON-LYNN-GREER,AL-2014-house-2-R-LYNN-GREER,1,1,AL-2014-house-2-R-LYNN-GREER,-8.741159205350035,23.631134609768072,-38.80959913390524,53.699574538323276,-9.507291039986756,24.397266444404792,-8.53048419583066,23.420459600248698,-28.1194187721569,75.38168799169304,-3.8296899740192254,18.719665378437263,-34.40752112012607,49.29749652454411,-2.947504357941771,17.837479762359806,-3.279296338828619,18.169271743246654,-23.931094858996467,61.37042561587099,-3.236439150896725,18.12641455531476,-28.565236517911934,43.45521192232997,-3.0563671798449406,17.94634258426298,-3.430747573539314,18.320722977957352,-32.203798148573874,68.4566272592034,14.889975404418037,-23.631134609768072,-53.699574538323276,-24.397266444404792,-23.420459600248698,-18.719665378437263,-49.29749652454411,-17.837479762359806,-18.169271743246654,-18.12641455531476,-43.45521192232997,-17.94634258426298,-18.320722977957352,-75.38168799169304,28.1194187721569,-61.37042561587099,23.931094858996467,-68.4566272592034,32.203798148573874,5.504720054453312,True,-23.631134609768072,-23.420459600248698
2014,house,3,D,7993.0,Marcel Black,alabama_sos,ALPERSON-MARCEL-BLACK,AL-2014-house-3-D-MARCEL-BLACK,1,1,AL-2014-house-3-D-MARCEL-BLACK,19.9887724658351,11.861861001836608,-7.134617378062691,38.9852508457344,21.998520870429616,9.852112597242094,22.14765094095319,9.702982526718518,-39.888692380088365,63.61241438376158,19.508258986383716,12.342374481287994,-5.279044710264161,37.12967817793587,22.40918312899137,9.44145033868034,22.072268944366257,9.778364523305452,-30.308385756145736,54.99313471872172,23.55894234671444,8.291691120957271,3.4675797204980747,28.383053747173633,25.524296378824943,6.326337088846767,25.665310633194533,6.1853228344771765,-42.03852158293137,58.6219038248459,31.85063346767171,11.861861001836608,38.9852508457344,9.852112597242094,9.702982526718518,12.342374481287994,37.12967817793587,9.44145033868034,9.778364523305452,8.291691120957271,28.383053747173633,6.326337088846767,6.1853228344771765,-39.888692380088365,63.61241438376158,-30.308385756145736,54.99313471872172,-42.03852158293137,58.6219038248459,4.050683360330723,True,11.861861001836608,9.702982526718518
2014,house,3,R,5357.0,Fred Joly,alabama_sos,ALPERSON-FRED-JOLY,AL-2014-house-3-R-FRED-JOLY,0,0,AL-2014-house-3-R-FRED-JOLY,19.9887724658351,11.861861001836608,-7.134617378062691,38.9852508457344,21.998520870429616,9.852112597242094,22.14765094095319,9.702982526718518,-39.888692380088365,63.61241438376158,19.508258986383716,12.342374481287994,-5.279044710264161,37.12967817793587,22.40918312899137,9.44145033868034,22.072268944366257,9.778364523305452,-30.308385756145736,54.99313471872172,23.55894234671444,8.291691120957271,3.4675797204980747,28.383053747173633,25.524296378824943,6.326337088846767,25.665310633194533,6.1853228344771765,-42.03852158293137,58.6219038248459,31.85063346767171,-11.861861001836608,-38.9852508457344,-9.852112597242094,-9.702982526718518,-12.342374481287994,-37.12967817793587,-9.44145033868034,-9.778364523305452,-8.291691120957271,-28.383053747173633,-6.326337088846767,-6.1853228344771765,-63.61241438376158,39.888692380088365,-54.99313471872172,30.308385756145736,-58.6219038248459,42.03852158293137,4.050683360330723,True,-11.861861001836608,-9.702982526718518
2014,house,5,D,5520.0,Henry A. White,alabama_sos,ALPERSON-HENRY-A-WHITE,AL-2014-house-5-D-HENRY-A-WHITE,0,0,AL-2014-house-5-D-HENRY-A-WHITE,6.545296462127697,26.786287360534423,-21.333517812632497,54.66510163529462,7.937898484266087,25.393685338396033,9.2024528598155,24.129130962846617,-24.96426602139055,78.53684074245939,3.5835718719755167,29.748011950686603,-20.992387446824402,54.32397126948652,5.0070746228628495,28.32450919979927,6.49856401798734,26.833019804674777,-12.902748286747126,72.39877218812033,6.772026227461692,26.559557595200427,-15.19364030671588,48.525224129377996,8.613056270364591,24.718527552297527,9.897221125604059,23.43436269705806,-23.770655108688207,76.88977029908907,33.33158382266212,26.786287360534423,54.66510163529462,25.393685338396033,24.129130962846617,29.748011950686603,54.32397126948652,28.32450919979927,26.833019804674777,26.559557595200427,48.525224129377996,24.718527552297527,23.43436269705806,-24.96426602139055,78.53684074245939,-12.902748286747126,72.39877218812033,-23.770655108688207,76.88977029908907,3.1884543554861757,True,26.786287360534423,24.129130962846617
2014,house,5,R,7132.0,Dan Williams,alabama_sos,ALPERSON-DAN-WILLIAMS,AL-2014-house-5-R-DAN-WILLIAMS,1,1,AL-2014-house-5-R-DAN-WILLIAMS,6.545296462127697,26.786287360534423,-21.333517812632497,54.66510163529462,7.937898484266087,25.393685338396033,9.2024528598155,24.129130962846617,-24.96426602139055,78.53684074245939,3.5835718719755167,29.748011950686603,-20.992387446824402,54.32397126948652,5.0070746228628495,28.32450919979927,6.49856401798734,26.833019804674777,-12.902748286747126,72.39877218812033,6.772026227461692,26.559557595200427,-15.19364030671588,48.525224129377996,8.613056270364591,24.718527552297527,9.897221125604059,23.43436269705806,-23.770655108688207,76.88977029908907,33.33158382266212,-26.786287360534423,-54.66510163529462,-25.393685338396033,-24.129130962846617,-29.748011950686603,-54.32397126948652,-28.32450919979927,-26.833019804674777,-26.559557595200427,-48.525224129377996,-24.718527552297527,-23.43436269705806,-78.53684074245939,24.96426602139055,-72.39877218812033,12.902748286747126,-76.88977029908907,23.770655108688207,3.1884543554861757,True,-26.786287360534423,-24.129130962846617
2014,house,7,D,5553.0,John (Jody) Letson,alabama_sos,ALPERSON-JOHN-JODY-LETSON,AL-2014-house-7-D-JOHN-JODY-LETSON,0,0,AL-2014-house-7-D-JOHN-JODY-LETSON,-4.341813110702254,33.04238315958212,-35.887733092418124,64.588303141298,-2.943907248905595,31.644477297785468,-2.5292490348132484,31.22981908369312,-18.70817022234285,84.79293654150709,-6.1097128338427815,34.81028288272265,-34.934240680229735,63.6348107291096,-5.417799599005767,34.118369647885636,-4.149148867331929,32.8497189162118,-7.840477354711076,77.46104312015638,0.7767627089003764,27.923807339979497,-25.648854579446756,54.34942462832663,2.047929616183758,26.652640432696113,2.4040880700724774,26.296481978807392,-22.406405363909137,78.25402004386814,28.70057004887987,33.04238315958212,64.588303141298,31.644477297785468,31.22981908369312,34.81028288272265,63.6348107291096,34.118369647885636,32.8497189162118,27.923807339979497,54.34942462832663,26.652640432696113,26.296481978807392,-18.70817022234285,84.79293654150709,-7.840477354711076,77.46104312015638,-22.406405363909137,78.25402004386814,6.886475542743156,True,33.04238315958212,31.22981908369312
2014,house,7,R,6072.0,Ken Johnson,alabama_sos,ALPERSON-KEN-JOHNSON,AL-2014-house-7-R-KEN-JOHNSON,1,1,AL-2014-house-7-R-KEN-JOHNSON,-4.341813110702254,33.04238315958212,-35.887733092418124,64.588303141298,-2.943907248905595,31.644477297785468,-2.5292490348132484,31.22981908369312,-18.70817022234285,84.79293654150709,-6.1097128338427815,34.81028288272265,-34.934240680229735,63.6348107291096,-5.417799599005767,34.118369647885636,-4.149148867331929,32.8497189162118,-7.840477354711076,77.46104312015638,0.7767627089003764,27.923807339979497,-25.648854579446756,54.34942462832663,2.047929616183758,26.652640432696113,2.4040880700724774,26.296481978807392,-22.406405363909137,78.25402004386814,28.70057004887987,-33.04238315958212,-64.588303141298,-31.644477297785468,-31.22981908369312,-34.81028288272265,-63.6348107291096,-34.118369647885636,-32.8497189162118,-27.923807339979497,-54.34942462832663,-26.652640432696113,-26.296481978807392,-84.79293654150709,18.70817022234285,-77.46104312015638,7.840477354711076,-78.25402004386814,22.406405363909137,6.886475542743156,True,-33.04238315958212,-31.22981908369312
2014,house,8,D,4195.0,Rex Cheatham,alabama_sos,ALPERSON-REX-CHEATHAM,AL-2014-house-8-D-REX-CHEATHAM,0,0,AL-2014-house-8-D-REX-CHEATHAM,28.285885652955617,0.18784465927923577,-3.631452232922196,32.10518254515705,29.877558764239648,-1.4038284520047952,25.82316267953425,2.6505676327006036,-51.56270872264574,51.93839804120421,26.867310522822777,1.606419789412076,-2.637450781654726,31.111181093889577,27.9504643149348,0.5232659973000544,24.80587405088626,3.667856261348593,-41.04434044802166,44.2571800268458,22.612169354075743,5.86156095815911,-3.2351975514401867,31.70892786367504,22.47530205721484,5.998428255020013,20.985365591171238,7.488364721063615,-44.468651745729524,56.191773662047744,28.473730312234853,0.18784465927923577,32.10518254515705,-1.4038284520047952,2.6505676327006036,1.606419789412076,31.111181093889577,0.5232659973000544,3.667856261348593,5.86156095815911,31.70892786367504,5.998428255020013,7.488364721063615,-51.56270872264574,51.93839804120421,-41.04434044802166,44.2571800268458,-44.468651745729524,56.191773662047744,5.673716298879874,True,0.18784465927923577,2.6505676327006036
2014,house,8,R,6270.0,Terri Collins,alabama_sos,ALPERSON-TERRI-COLLINS,AL-2014-house-8-R-TERRI-COLLINS,0,1,AL-2014-house-8-R-TERRI-COLLINS,28.285885652955617,0.18784465927923577,-3.631452232922196,32.10518254515705,29.877558764239648,-1.4038284520047952,25.82316267953425,2.6505676327006036,-51.56270872264574,51.93839804120421,26.867310522822777,1.606419789412076,-2.637450781654726,31.111181093889577,27.9504643149348,0.5232659973000544,24.80587405088626,3.667856261348593,-41.04434044802166,44.2571800268458,22.612169354075743,5.86156095815911,-3.2351975514401867,31.70892786367504,22.47530205721484,5.998428255020013,20.985365591171238,7.488364721063615,-44.468651745729524,56.191773662047744,28.473730312234853,-0.18784465927923577,-32.10518254515705,1.4038284520047952,-2.6505676327006036,-1.606419789412076,-31.111181093889577,-0.5232659973000544,-3.667856261348593,-5.86156095815911,-31.70892786367504,-5.998428255020013,-7.488364721063615,-51.93839804120421,51.56270872264574,-44.2571800268458,41.04434044802166,-56.191773662047744,44.468651745729524,5.673716298879874,True,-0.18784465927923577,-2.6505676327006036
2014,house,10,R,8667.0,Mike Ball,alabama_sos,ALPERSON-MIKE-BALL,AL-2014-house-10-R-MIKE-BALL,1,1,AL-2014-house-10-R-MIKE-BALL,7.495644183280895,-66.95983680025073,-19.822985111534354,-39.641207505435474,7.064742203555252,-66.52893482052508,2.319730704780045,-61.783923321749874,-118.7103901821757,-15.209283418325754,10.42398897474539,-69.88818159171522,-16.997536068204546,-42.466656548765286,10.875233121962008,-70.33942573893184,4.809783193661941,-64.27397581063177,-112.53894182914895,-27.237421354281494,9.988900511363404,-69.45309312833324,-15.100087136403063,-44.36410548056677,11.073175357017348,-70.53736797398719,4.973928165421793,-64.43812078239162,-119.78330583222187,-19.122880424444602,-59.46419261696983,66.95983680025073,39.641207505435474,66.52893482052508,61.783923321749874,69.88818159171522,42.466656548765286,70.33942573893184,64.27397581063177,69.45309312833324,44.36410548056677,70.53736797398719,64.43812078239162,15.209283418325754,118.7103901821757,27.237421354281494,112.53894182914895,19.122880424444602,119.78330583222187,2.9283447914644967,True,66.95983680025073,61.783923321749874
2014,house,16,D,2809.0,Daniel H. Boman,alabama_sos,ALPERSON-DANIEL-H-BOMAN,AL-2014-house-16-D-DANIEL-H-BOMAN,1,0,AL-2014-house-16-D-DANIEL-H-BOMAN,29.012661011568042,-66.49018475968724,-9.642860367972856,-27.83466338014634,24.669137025029997,-62.14666077314919,24.398232423706055,-61.87575617182525,-118.24073814161221,-14.739631377762265,26.65160759233217,-64.12913134045137,-8.058092943237734,-29.419430804881465,25.00486810470347,-62.482391852822666,23.366346851480035,-60.84387059959923,-106.7798915778851,-21.478371103017636,28.936332507188595,-66.41385625530779,-2.338438592968695,-35.139085155150504,24.514647007201546,-61.99217075532074,24.558691693102364,-62.03621544122156,-116.74406895919643,-16.083643551419158,-37.4775237481192,-66.49018475968724,-27.83466338014634,-62.14666077314919,-61.87575617182525,-64.12913134045137,-29.419430804881465,-62.482391852822666,-60.84387059959923,-66.41385625530779,-35.139085155150504,-61.99217075532074,-62.03621544122156,-118.24073814161221,-14.739631377762265,-106.7798915778851,-21.478371103017636,-116.74406895919643,-16.083643551419158,2.3610534192358728,True,-66.49018475968724,-61.87575617182525
2014,house,16,R,11863.0,Kyle South,alabama_sos,ALPERSON-KYLE-SOUTH,AL-2014-house-16-R-KYLE-SOUTH,0,1,AL-2014-house-16-R-KYLE-SOUTH,29.012661011568042,-66.49018475968724,-9.642860367972856,-27.83466338014634,24.669137025029997,-62.14666077314919,24.398232423706055,-61.87575617182525,-118.24073814161221,-14.739631377762265,26.65160759233217,-64.12913134045137,-8.058092943237734,-29.419430804881465,25.00486810470347,-62.482391852822666,23.366346851480035,-60.84387059959923,-106.7798915778851,-21.478371103017636,28.936332507188595,-66.41385625530779,-2.338438592968695,-35.139085155150504,24.514647007201546,-61.99217075532074,24.558691693102364,-62.03621544122156,-116.74406895919643,-16.083643551419158,-37.4775237481192,66.49018475968724,27.83466338014634,62.14666077314919,61.87575617182525,64.12913134045137,29.419430804881465,62.482391852822666,60.84387059959923,66.41385625530779,35.139085155150504,61.99217075532074,62.03621544122156,14.739631377762265,118.24073814161221,21.478371103017636,106.7798915778851,16.083643551419158,116.74406895919643,2.3610534192358728,True,66.49018475968724,61.87575617182525
2014,house,17,D,3499.0,Don Barnwell,alabama_sos,ALPERSON-DON-BARNWELL,AL-2014-house-17-D-DON-BARNWELL,0,0,AL-2014-house-17-D-DON-BARNWELL,14.191022181633187,2.9584868349466653,-22.22184423584733,39.371353252427184,17.138846836860807,0.010662179719044929,13.994222462363616,3.155286554216236,-48.792066546978305,54.70904021687164,9.197226851419032,7.95228216516082,-22.69272959268182,39.84223860926167,10.88356558106773,6.265943435512122,9.104562254511283,8.04494676206857,-34.698478072272906,50.60304240259455,17.364934663651923,-0.21542564707207035,-13.296341958966563,30.445850975546414,19.40181626566403,-2.252307249084179,17.284899919915723,-0.13539090333587112,-50.5456383509607,50.11478705681657,17.149509016579852,2.9584868349466653,39.371353252427184,0.010662179719044929,3.155286554216236,7.95228216516082,39.84223860926167,6.265943435512122,8.04494676206857,-0.21542564707207035,30.445850975546414,-2.252307249084179,-0.13539090333587112,-48.792066546978305,54.70904021687164,-34.698478072272906,50.60304240259455,-50.5456383509607,50.11478705681657,8.16770781223289,True,2.9584868349466653,3.155286554216236
2014,house,17,R,6212.0,Mike Millican,alabama_sos,ALPERSON-MIKE-MILLICAN,AL-2014-house-17-R-MIKE-MILLICAN,0,1,AL-2014-house-17-R-MIKE-MILLICAN,14.191022181633187,2.9584868349466653,-22.22184423584733,39.371353252427184,17.138846836860807,0.010662179719044929,13.994222462363616,3.155286554216236,-48.792066546978305,54.70904021687164,9.197226851419032,7.95228216516082,-22.69272959268182,39.84223860926167,10.88356558106773,6.265943435512122,9.104562254511283,8.04494676206857,-34.698478072272906,50.60304240259455,17.364934663651923,-0.21542564707207035,-13.296341958966563,30.445850975546414,19.40181626566403,-2.252307249084179,17.284899919915723,-0.13539090333587112,-50.5456383509607,50.11478705681657,17.149509016579852,-2.9584868349466653,-39.371353252427184,-0.010662179719044929,-3.155286554216236,-7.95228216516082,-39.84223860926167,-6.265943435512122,-8.04494676206857,0.21542564707207035,-30.445850975546414,2.252307249084179,0.13539090333587112,-54.70904021687164,48.792066546978305,-50.60304240259455,34.698478072272906,-50.11478705681657,50.5456383509607,8.16770781223289,True,-2.9584868349466653,-3.155286554216236
2014,house,18,D,6700.0,Johnny MacK Morrow,alabama_sos,ALPERSON-JOHNNY-MACK-MORROW,AL-2014-house-18-D-JOHNNY-MACK-MORROW,1,1,AL-2014-house-18-D-JOHNNY-MACK-MORROW,20.629714144892432,23.68399890822515,-10.901114787453308,55.21482784057089,20.125373017935402,24.18834003518218,21.959720305497775,22.353992747619806,-28.066554473699824,75.43455229015012,25.909774064829456,18.403938988288125,-7.038964018183744,51.35267707130133,23.413943113584008,20.899769939533574,27.657918654880433,16.65579439823715,-24.246821249145604,61.054699225721855,32.39025257460015,11.923460478517434,7.6189118605964445,36.69480119252114,31.89780109223244,12.41591196088514,33.665311610078525,10.648401443039056,-38.4067522253712,62.25367318240607,44.31371305311758,23.68399890822515,55.21482784057089,24.18834003518218,22.353992747619806,18.403938988288125,51.35267707130133,20.899769939533574,16.65579439823715,11.923460478517434,36.69480119252114,12.41591196088514,10.648401443039056,-28.066554473699824,75.43455229015012,-24.246821249145604,61.054699225721855,-38.4067522253712,62.25367318240607,11.760538429707715,True,23.68399890822515,22.353992747619806
2014,house,18,R,4559.0,Gerry Wallace,alabama_sos,ALPERSON-GERRY-WALLACE,AL-2014-house-18-R-GERRY-WALLACE,0,0,AL-2014-house-18-R-GERRY-WALLACE,20.629714144892432,23.68399890822515,-10.901114787453308,55.21482784057089,20.125373017935402,24.18834003518218,21.959720305497775,22.353992747619806,-28.066554473699824,75.43455229015012,25.909774064829456,18.403938988288125,-7.038964018183744,51.35267707130133,23.413943113584008,20.899769939533574,27.657918654880433,16.65579439823715,-24.246821249145604,61.054699225721855,32.39025257460015,11.923460478517434,7.6189118605964445,36.69480119252114,31.89780109223244,12.41591196088514,33.665311610078525,10.648401443039056,-38.4067522253712,62.25367318240607,44.31371305311758,-23.68399890822515,-55.21482784057089,-24.18834003518218,-22.353992747619806,-18.403938988288125,-51.35267707130133,-20.899769939533574,-16.65579439823715,-11.923460478517434,-36.69480119252114,-12.41591196088514,-10.648401443039056,-75.43455229015012,28.066554473699824,-61.054699225721855,24.246821249145604,-62.25367318240607,38.4067522253712,11.760538429707715,True,-23.68399890822515,-22.353992747619806
2014,house,21,D,4558.0,C. Terry Jones,alabama_sos,ALPERSON-C-TERRY-JONES,AL-2014-house-21-D-C-TERRY-JONES,0,0,AL-2014-house-21-D-C-TERRY-JONES,-0.10487684734718528,-0.5443336905371154,-26.01620667772238,25.36699613983808,-0.75206143255126,0.10285089466695929,-1.3968993780498922,0.7476888401655915,-52.29488707246209,51.20621969138786,-0.8166031271804268,0.1673925892961261,-24.676063905073576,24.026853367189275,-2.3944222901729706,1.7452117522886699,-2.4543740820786972,1.8051635441943965,-42.4833676481376,42.81815282672986,2.338454458084146,-2.987664995968447,-19.702368828217097,19.053158290332796,0.6648587504615886,-1.3140692883458893,0.5124816623525632,-1.161692200236864,-53.31787769985708,47.34254770792019,-0.6492105378843007,-0.5443336905371154,25.36699613983808,0.10285089466695929,0.7476888401655915,0.1673925892961261,24.026853367189275,1.7452117522886699,1.8051635441943965,-2.987664995968447,19.053158290332796,-1.3140692883458893,-1.161692200236864,-52.29488707246209,51.20621969138786,-42.4833676481376,42.81815282672986,-53.31787769985708,47.34254770792019,3.155057585264573,False,-0.5443336905371154,0.7476888401655915
2014,house,21,R,9428.0,Jim Patterson,alabama_sos,ALPERSON-JIM-PATTERSON,AL-2014-house-21-R-JIM-PATTERSON,0,1,AL-2014-house-21-R-JIM-PATTERSON,-0.10487684734718528,-0.5443336905371154,-26.01620667772238,25.36699613983808,-0.75206143255126,0.10285089466695929,-1.3968993780498922,0.7476888401655915,-52.29488707246209,51.20621969138786,-0.8166031271804268,0.1673925892961261,-24.676063905073576,24.026853367189275,-2.3944222901729706,1.7452117522886699,-2.4543740820786972,1.8051635441943965,-42.4833676481376,42.81815282672986,2.338454458084146,-2.987664995968447,-19.702368828217097,19.053158290332796,0.6648587504615886,-1.3140692883458893,0.5124816623525632,-1.161692200236864,-53.31787769985708,47.34254770792019,-0.6492105378843007,0.5443336905371154,-25.36699613983808,-0.10285089466695929,-0.7476888401655915,-0.1673925892961261,-24.026853367189275,-1.7452117522886699,-1.8051635441943965,2.987664995968447,-19.053158290332796,1.3140692883458893,1.161692200236864,-51.20621969138786,52.29488707246209,-42.81815282672986,42.4833676481376,-47.34254770792019,53.31787769985708,3.155057585264573,False,0.5443336905371154,-0.7476888401655915
2014,house,22,D,2998.0,Dennis W. Stephens,alabama_sos,ALPERSON-DENNIS-W-STEPHENS,AL-2014-house-22-D-DENNIS-W-STEPHENS,0,0,AL-2014-house-22-D-DENNIS-W-STEPHENS,-6.04321685851064,-4.05487750210434,-34.46493470333189,24.366840342716912,-4.378660112190266,-5.719434248424713,-4.316014676713711,-5.7820796839012685,-55.80543088402931,47.695675879820634,-8.012125175468181,-2.085969185146798,-34.000257531668744,23.902163171053765,-6.692494669039457,-3.4055996915755227,-7.235569599515301,-2.862524761099678,-44.736729422580524,40.564791052286935,-11.308525982535024,1.2104316219200442,-31.718112827113842,21.620018466498863,-11.574314277688535,1.4762199170735553,-10.645105333994834,0.5470109733798552,-49.11978108196859,51.54064432580868,-10.09809436061498,-4.05487750210434,24.366840342716912,-5.719434248424713,-5.7820796839012685,-2.085969185146798,23.902163171053765,-3.4055996915755227,-2.862524761099678,1.2104316219200442,21.620018466498863,1.4762199170735553,0.5470109733798552,-55.80543088402931,47.695675879820634,-44.736729422580524,40.564791052286935,-49.11978108196859,51.54064432580868,5.265309124024384,True,-4.05487750210434,-5.7820796839012685
2014,house,22,R,8688.0,Ritchie Whorton,alabama_sos,ALPERSON-RITCHIE-WHORTON,AL-2014-house-22-R-RITCHIE-WHORTON,0,1,AL-2014-house-22-R-RITCHIE-WHORTON,-6.04321685851064,-4.05487750210434,-34.46493470333189,24.366840342716912,-4.378660112190266,-5.719434248424713,-4.316014676713711,-5.7820796839012685,-55.80543088402931,47.695675879820634,-8.012125175468181,-2.085969185146798,-34.000257531668744,23.902163171053765,-6.692494669039457,-3.4055996915755227,-7.235569599515301,-2.862524761099678,-44.736729422580524,40.564791052286935,-11.308525982535024,1.2104316219200442,-31.718112827113842,21.620018466498863,-11.574314277688535,1.4762199170735553,-10.645105333994834,0.5470109733798552,-49.11978108196859,51.54064432580868,-10.09809436061498,4.05487750210434,-24.366840342716912,5.719434248424713,5.7820796839012685,2.085969185146798,-23.902163171053765,3.4055996915755227,2.862524761099678,-1.2104316219200442,-21.620018466498863,-1.4762199170735553,-0.5470109733798552,-47.695675879820634,55.80543088402931,-40.564791052286935,44.736729422580524,-51.54064432580868,49.11978108196859,5.265309124024384,True,4.05487750210434,5.7820796839012685
2014,house,23,D,3992.0,John Robinson,alabama_sos,ALPERSON-JOHN-ROBINSON,AL-2014-house-23-D-JOHN-ROBINSON,1,0,AL-2014-house-23-D-JOHN-ROBINSON,17.432479000055373,4.632420742704259,-13.905797728203817,35.97069747096345,17.51792869779437,4.546971044965261,19.940326414802687,2.124573327956945,-47.11813263922072,56.38297412462923,16.153055030293846,5.911844712465786,-12.370614253361842,34.43551399612147,15.86810976221452,6.1967899805451125,18.70034968267287,3.3645500600867635,-36.73891552496794,48.562604949899516,17.182022330808756,4.882877411950876,-5.569495949877686,27.63439569263732,15.941904505405313,6.122995237354319,18.945674520628184,3.1192252221314476,-45.44733529193776,55.213090115839506,22.064899742759632,4.632420742704259,35.97069747096345,4.546971044965261,2.124573327956945,5.911844712465786,34.43551399612147,6.1967899805451125,3.3645500600867635,4.882877411950876,27.63439569263732,6.122995237354319,3.1192252221314476,-47.11813263922072,56.38297412462923,-36.73891552496794,48.562604949899516,-45.44733529193776,55.213090115839506,1.2794239697615275,True,4.632420742704259,2.124573327956945
2014,house,23,R,5270.0,"James T. ""Tommy"" Hanes Jr.",alabama_sos,ALPERSON-JAMES-T-TOMMY-HANES-JR,AL-2014-house-23-R-JAMES-T-TOMMY-HANES-JR,0,1,AL-2014-house-23-R-JAMES-T-TOMMY-HANES-JR,17.432479000055373,4.632420742704259,-13.905797728203817,35.97069747096345,17.51792869779437,4.546971044965261,19.940326414802687,2.124573327956945,-47.11813263922072,56.38297412462923,16.153055030293846,5.911844712465786,-12.370614253361842,34.43551399612147,15.86810976221452,6.1967899805451125,18.70034968267287,3.3645500600867635,-36.73891552496794,48.562604949899516,17.182022330808756,4.882877411950876,-5.569495949877686,27.63439569263732,15.941904505405313,6.122995237354319,18.945674520628184,3.1192252221314476,-45.44733529193776,55.213090115839506,22.064899742759632,-4.632420742704259,-35.97069747096345,-4.546971044965261,-2.124573327956945,-5.911844712465786,-34.43551399612147,-6.1967899805451125,-3.3645500600867635,-4.882877411950876,-27.63439569263732,-6.122995237354319,-3.1192252221314476,-56.38297412462923,47.11813263922072,-48.562604949899516,36.73891552496794,-55.213090115839506,45.44733529193776,1.2794239697615275,True,-4.632420742704259,-2.124573327956945
2014,house,27,D,4573.0,Jeff McLaughlin,alabama_sos,ALPERSON-JEFF-MCLAUGHLIN,AL-2014-house-27-D-JEFF-MCLAUGHLIN,0,0,AL-2014-house-27-D-JEFF-MCLAUGHLIN,12.11354895342912,30.426742734904582,-22.02801571810848,64.56830740644219,11.684416691504959,30.855874996828746,11.97317269316041,30.567118995173292,-21.32381064702039,82.17729611682955,12.832690345459843,29.707601342873858,-19.614890398978496,62.1551820873122,13.178789406831328,29.361502281502375,13.004833429850901,29.5354582584828,-12.943158894559872,72.35836158030759,15.60382723966017,26.936464448673533,-13.607070118616937,56.14736180695064,15.980226544217913,26.56006514411579,15.100243275707658,27.440048412626044,-23.3937482552151,77.26667715256217,42.5402916883337,30.426742734904582,64.56830740644219,30.855874996828746,30.567118995173292,29.707601342873858,62.1551820873122,29.361502281502375,29.5354582584828,26.936464448673533,56.14736180695064,26.56006514411579,27.440048412626044,-21.32381064702039,82.17729611682955,-12.943158894559872,72.35836158030759,-23.3937482552151,77.26667715256217,3.4902782862310495,True,30.426742734904582,30.567118995173292
2014,house,27,R,6392.0,Will Ainsworth,alabama_sos,ALPERSON-WILL-AINSWORTH,AL-2014-house-27-R-WILL-AINSWORTH,0,1,AL-2014-house-27-R-WILL-AINSWORTH,12.11354895342912,30.426742734904582,-22.02801571810848,64.56830740644219,11.684416691504959,30.855874996828746,11.97317269316041,30.567118995173292,-21.32381064702039,82.17729611682955,12.832690345459843,29.707601342873858,-19.614890398978496,62.1551820873122,13.178789406831328,29.361502281502375,13.004833429850901,29.5354582584828,-12.943158894559872,72.35836158030759,15.60382723966017,26.936464448673533,-13.607070118616937,56.14736180695064,15.980226544217913,26.56006514411579,15.100243275707658,27.440048412626044,-23.3937482552151,77.26667715256217,42.5402916883337,-30.426742734904582,-64.56830740644219,-30.855874996828746,-30.567118995173292,-29.707601342873858,-62.1551820873122,-29.361502281502375,-29.5354582584828,-26.936464448673533,-56.14736180695064,-26.56006514411579,-27.440048412626044,-82.17729611682955,21.32381064702039,-72.35836158030759,12.943158894559872,-77.26667715256217,23.3937482552151,3.4902782862310495,True,-30.426742734904582,-30.567118995173292
2014,house,28,D,6827.0,Craig Ford,alabama_sos,ALPERSON-CRAIG-FORD,AL-2014-house-28-D-CRAIG-FORD,1,1,AL-2014-house-28-D-CRAIG-FORD,40.45049516482755,17.232854082130977,6.820506793553131,50.8628424534054,41.711634740556306,15.971714506402222,38.29947347078493,19.383875776173596,-34.517699299793996,68.98340746405594,46.363759006779595,11.319590240178933,10.135638677328787,47.54771056962974,48.911329203596225,8.772020043362303,43.44390500303781,14.239444243920715,-31.331169997254797,53.97035047761266,46.46668372035713,11.216665526601396,19.51822389136488,38.165125355593645,45.76561916037961,11.91773008657892,45.761767818581355,11.921581428377173,-39.11354717728724,61.54687823049003,57.68334924695853,17.232854082130977,50.8628424534054,15.971714506402222,19.383875776173596,11.319590240178933,47.54771056962974,8.772020043362303,14.239444243920715,11.216665526601396,38.165125355593645,11.91773008657892,11.921581428377173,-34.517699299793996,68.98340746405594,-31.331169997254797,53.97035047761266,-39.11354717728724,61.54687823049003,6.016188555529581,True,17.232854082130977,19.383875776173596
2014,house,28,R,3704.0,Doug Sherrod,alabama_sos,ALPERSON-DOUG-SHERROD,AL-2014-house-28-R-DOUG-SHERROD,0,0,AL-2014-house-28-R-DOUG-SHERROD,40.45049516482755,17.232854082130977,6.820506793553131,50.8628424534054,41.711634740556306,15.971714506402222,38.29947347078493,19.383875776173596,-34.517699299793996,68.98340746405594,46.363759006779595,11.319590240178933,10.135638677328787,47.54771056962974,48.911329203596225,8.772020043362303,43.44390500303781,14.239444243920715,-31.331169997254797,53.97035047761266,46.46668372035713,11.216665526601396,19.51822389136488,38.165125355593645,45.76561916037961,11.91773008657892,45.761767818581355,11.921581428377173,-39.11354717728724,61.54687823049003,57.68334924695853,-17.232854082130977,-50.8628424534054,-15.971714506402222,-19.383875776173596,-11.319590240178933,-47.54771056962974,-8.772020043362303,-14.239444243920715,-11.216665526601396,-38.165125355593645,-11.91773008657892,-11.921581428377173,-68.98340746405594,34.517699299793996,-53.97035047761266,31.331169997254797,-61.54687823049003,39.11354717728724,6.016188555529581,True,-17.232854082130977,-19.383875776173596
2014,house,29,D,3219.0,Michael J. Gladden,alabama_sos,ALPERSON-MICHAEL-J-GLADDEN,AL-2014-house-29-D-MICHAEL-J-GLADDEN,1,0,AL-2014-house-29-D-MICHAEL-J-GLADDEN,25.421851735879628,-16.499286759461445,-12.976882433072676,21.89944740949086,19.13796866616787,-10.215403689749685,20.963411894605272,-12.04084691818709,-68.24984014138641,35.25126662246353,22.597337055411035,-13.674772078992852,-11.707613373845474,20.630178350263655,18.54766410530278,-9.625099128884596,19.225105080881058,-10.302540104462874,-56.32553231642658,28.975988158440877,19.48420329705977,-10.561638320641588,-8.883801137328339,17.80636611374652,14.467768543218012,-5.545203566799829,15.04595366222966,-6.123388685811477,-60.891851024530226,39.76857438324704,8.922564976418183,-16.499286759461445,21.89944740949086,-10.215403689749685,-12.04084691818709,-13.674772078992852,20.630178350263655,-9.625099128884596,-10.302540104462874,-10.561638320641588,17.80636611374652,-5.545203566799829,-6.123388685811477,-68.24984014138641,35.25126662246353,-56.32553231642658,28.975988158440877,-60.891851024530226,39.76857438324704,5.937648438819856,True,-16.499286759461445,-12.04084691818709
2014,house,29,R,4977.0,Becky Nordgren,alabama_sos,ALPERSON-BECKY-NORDGREN,AL-2014-house-29-R-BECKY-NORDGREN,0,1,AL-2014-house-29-R-BECKY-NORDGREN,25.421851735879628,-16.499286759461445,-12.976882433072676,21.89944740949086,19.13796866616787,-10.215403689749685,20.963411894605272,-12.04084691818709,-68.24984014138641,35.25126662246353,22.597337055411035,-13.674772078992852,-11.707613373845474,20.630178350263655,18.54766410530278,-9.625099128884596,19.225105080881058,-10.302540104462874,-56.32553231642658,28.975988158440877,19.48420329705977,-10.561638320641588,-8.883801137328339,17.80636611374652,14.467768543218012,-5.545203566799829,15.04595366222966,-6.123388685811477,-60.891851024530226,39.76857438324704,8.922564976418183,16.499286759461445,-21.89944740949086,10.215403689749685,12.04084691818709,13.674772078992852,-20.630178350263655,9.625099128884596,10.302540104462874,10.561638320641588,-17.80636611374652,5.545203566799829,6.123388685811477,-35.25126662246353,68.24984014138641,-28.975988158440877,56.32553231642658,-39.76857438324704,60.891851024530226,5.937648438819856,True,16.499286759461445,12.04084691818709
2014,house,31,R,178.0,Mike Holmes,alabama_sos,ALPERSON-MIKE-HOLMES,AL-2014-house-31-R-MIKE-HOLMES,0,0,AL-2014-house-31-R-MIKE-HOLMES,8.26780990240837,127.75613176439322,-18.965631798334464,154.98957346513606,10.304721171494958,125.71922049530663,11.908304843646992,124.1156368231546,76.00557838246824,179.5066851463182,12.479970361708556,123.54397130509304,-14.905263323159135,150.92920498996074,12.789010109160124,123.23493155764146,18.563915479373158,117.46002618742844,80.89321106765931,166.19473154252677,9.615708452385563,126.40823321441603,-12.289640430581406,148.313582097383,12.486412666798572,123.53752900000302,14.012192266956259,122.01174939984533,76.0780205105274,176.73844591830465,136.0239416668016,-127.75613176439322,-154.98957346513606,-125.71922049530663,-124.1156368231546,-123.54397130509304,-150.92920498996074,-123.23493155764146,-117.46002618742844,-126.40823321441603,-148.313582097383,-123.53752900000302,-122.01174939984533,-179.5066851463182,-76.00557838246824,-166.19473154252677,-80.89321106765931,-176.73844591830465,-76.0780205105274,4.212160459300179,True,-127.75613176439322,-124.1156368231546
2014,house,33,D,2437.0,Anthony Zachero,alabama_sos,ALPERSON-ANTHONY-ZACHERO,AL-2014-house-33-D-ANTHONY-ZACHERO,0,0,AL-2014-house-33-D-ANTHONY-ZACHERO,-5.247429277752886,-23.966063724958424,-33.895540137999134,4.682047135287824,-4.0493791307664635,-25.164113871944846,-2.9623327857165487,-26.251160216994762,-75.7166171068834,27.78448965696655,-10.685629451959873,-18.527863550751437,-34.804086326403564,5.590593323692254,-8.896351783327962,-20.31714121938335,-8.094105297013483,-21.119387705697825,-61.17862378818516,24.122896686682292,-0.3074910891932614,-28.906001913518047,-25.060857705675126,-4.152635297036184,-0.05739742449528684,-29.156095578216025,1.0781330620974465,-30.291626064808757,-79.23621461740669,21.424210790370587,-29.21349300271131,-23.966063724958424,4.682047135287824,-25.164113871944846,-26.251160216994762,-18.527863550751437,5.590593323692254,-20.31714121938335,-21.119387705697825,-28.906001913518047,-4.152635297036184,-29.156095578216025,-30.291626064808757,-75.7166171068834,27.78448965696655,-61.17862378818516,24.122896686682292,-79.23621461740669,21.424210790370587,10.37813836276661,True,-23.966063724958424,-26.251160216994762
2014,house,33,R,6534.0,Ron Johnson,alabama_sos,ALPERSON-RON-JOHNSON,AL-2014-house-33-R-RON-JOHNSON,1,1,AL-2014-house-33-R-RON-JOHNSON,-5.247429277752886,-23.966063724958424,-33.895540137999134,4.682047135287824,-4.0493791307664635,-25.164113871944846,-2.9623327857165487,-26.251160216994762,-75.7166171068834,27.78448965696655,-10.685629451959873,-18.527863550751437,-34.804086326403564,5.590593323692254,-8.896351783327962,-20.31714121938335,-8.094105297013483,-21.119387705697825,-61.17862378818516,24.122896686682292,-0.3074910891932614,-28.906001913518047,-25.060857705675126,-4.152635297036184,-0.05739742449528684,-29.156095578216025,1.0781330620974465,-30.291626064808757,-79.23621461740669,21.424210790370587,-29.21349300271131,23.966063724958424,-4.682047135287824,25.164113871944846,26.251160216994762,18.527863550751437,-5.590593323692254,20.31714121938335,21.119387705697825,28.906001913518047,4.152635297036184,29.156095578216025,30.291626064808757,-27.78448965696655,75.7166171068834,-24.122896686682292,61.17862378818516,-21.424210790370587,79.23621461740669,10.37813836276661,True,23.966063724958424,26.251160216994762
2014,house,37,D,5518.0,Josh Burns,alabama_sos,ALPERSON-JOSH-BURNS,AL-2014-house-37-D-JOSH-BURNS,0,0,AL-2014-house-37-D-JOSH-BURNS,20.02567897748697,-0.3339203534190496,-13.00287344507881,32.69463206914673,18.20810102373833,1.4836576003295896,18.84058354370798,0.8511750803599405,-52.08447373534402,51.41663302850593,12.186493639474804,7.505264984593115,-14.551240398122976,34.242999022190894,10.552099554282655,9.139659069785264,12.504908168900911,7.186850455167008,-35.14549525284062,50.15602522202684,21.622222740408407,-1.930464116340488,-7.590051571332596,27.281810195400517,19.288136500887425,0.40362212318049373,20.113839266871977,-0.4220806428040582,-52.26067682022912,48.399748587548146,19.69175862406792,-0.3339203534190496,32.69463206914673,1.4836576003295896,0.8511750803599405,7.505264984593115,34.242999022190894,9.139659069785264,7.186850455167008,-1.930464116340488,27.281810195400517,0.40362212318049373,-0.4220806428040582,-52.08447373534402,51.41663302850593,-35.14549525284062,50.15602522202684,-52.26067682022912,48.399748587548146,9.435729100933603,False,-0.3339203534190496,0.8511750803599405
2014,house,37,R,5949.0,Bob Fincher,alabama_sos,ALPERSON-BOB-FINCHER,AL-2014-house-37-R-BOB-FINCHER,0,1,AL-2014-house-37-R-BOB-FINCHER,20.02567897748697,-0.3339203534190496,-13.00287344507881,32.69463206914673,18.20810102373833,1.4836576003295896,18.84058354370798,0.8511750803599405,-52.08447373534402,51.41663302850593,12.186493639474804,7.505264984593115,-14.551240398122976,34.242999022190894,10.552099554282655,9.139659069785264,12.504908168900911,7.186850455167008,-35.14549525284062,50.15602522202684,21.622222740408407,-1.930464116340488,-7.590051571332596,27.281810195400517,19.288136500887425,0.40362212318049373,20.113839266871977,-0.4220806428040582,-52.26067682022912,48.399748587548146,19.69175862406792,0.3339203534190496,-32.69463206914673,-1.4836576003295896,-0.8511750803599405,-7.505264984593115,-34.242999022190894,-9.139659069785264,-7.186850455167008,1.930464116340488,-27.281810195400517,-0.40362212318049373,0.4220806428040582,-51.41663302850593,52.08447373534402,-50.15602522202684,35.14549525284062,-48.399748587548146,52.26067682022912,9.435729100933603,False,0.3339203534190496,-0.8511750803599405
2014,house,39,D,5438.0,Richard Lindsey,alabama_sos,ALPERSON-RICHARD-LINDSEY,AL-2014-house-39-D-RICHARD-LINDSEY,1,1,AL-2014-house-39-D-RICHARD-LINDSEY,33.92449268761048,28.908131717864947,-6.362203633274023,69.19482803874945,26.84673836460461,35.98588604087082,29.160857262028802,33.67176714344663,-22.842421664060026,80.65868509978992,35.88040190166612,26.95222250380931,-2.053690658365662,64.8863150638411,29.788131559189313,33.04449284628612,33.72116553946108,29.111458866014345,-15.69853773362442,69.60298274124304,34.08642147195299,28.74620293352244,0.9727361866160327,61.859888218859396,26.44946227103869,36.38316213443674,29.494231355919826,33.338393049555606,-21.584009770366194,79.07641563741107,62.83262440547543,28.908131717864947,69.19482803874945,35.98588604087082,33.67176714344663,26.95222250380931,64.8863150638411,33.04449284628612,29.111458866014345,28.74620293352244,61.859888218859396,36.38316213443674,33.338393049555606,-22.842421664060026,80.65868509978992,-15.69853773362442,69.60298274124304,-21.584009770366194,79.07641563741107,1.9559092140556373,True,28.908131717864947,33.67176714344663
2014,house,39,R,3581.0,Heath Jones,alabama_sos,ALPERSON-HEATH-JONES,AL-2014-house-39-R-HEATH-JONES,0,0,AL-2014-house-39-R-HEATH-JONES,33.92449268761048,28.908131717864947,-6.362203633274023,69.19482803874945,26.84673836460461,35.98588604087082,29.160857262028802,33.67176714344663,-22.842421664060026,80.65868509978992,35.88040190166612,26.95222250380931,-2.053690658365662,64.8863150638411,29.788131559189313,33.04449284628612,33.72116553946108,29.111458866014345,-15.69853773362442,69.60298274124304,34.08642147195299,28.74620293352244,0.9727361866160327,61.859888218859396,26.44946227103869,36.38316213443674,29.494231355919826,33.338393049555606,-21.584009770366194,79.07641563741107,62.83262440547543,-28.908131717864947,-69.19482803874945,-35.98588604087082,-33.67176714344663,-26.95222250380931,-64.8863150638411,-33.04449284628612,-29.111458866014345,-28.74620293352244,-61.859888218859396,-36.38316213443674,-33.338393049555606,-80.65868509978992,22.842421664060026,-69.60298274124304,15.69853773362442,-79.07641563741107,21.584009770366194,1.9559092140556373,True,-28.908131717864947,-33.67176714344663
2014,house,47,D,5284.0,Salvatore Bambinelli,alabama_sos,ALPERSON-SALVATORE-BAMBINELLI,AL-2014-house-47-D-SALVATORE-BAMBINELLI,0,0,AL-2014-house-47-D-SALVATORE-BAMBINELLI,0.6861381806584728,-38.69015118190389,-21.244020079707497,-16.759992921537922,-0.4810442327472195,-37.5229687684982,-3.6741286678025213,-34.3298843334429,-90.44070456382886,13.06040220002108,6.293294083701862,-44.29730708494728,-18.427258695880624,-19.576754305364794,5.847857365588606,-43.85187036683402,0.8254199770951356,-38.829432978340556,-86.94806732238101,-1.646546847513548,-29.489070202478935,-8.514942798766484,-40.73773989759522,2.7337268963498005,-27.8809547250372,-10.12305827620822,-30.883177585899347,-7.120835415346072,-58.84515550265512,41.81526990512215,-38.00401300124542,-38.69015118190389,-16.759992921537922,-37.5229687684982,-34.3298843334429,-44.29730708494728,-19.576754305364794,-43.85187036683402,-38.829432978340556,-8.514942798766484,2.7337268963498005,-10.12305827620822,-7.120835415346072,-90.44070456382886,13.06040220002108,-86.94806732238101,-1.646546847513548,-58.84515550265512,41.81526990512215,35.782364286180794,True,-38.69015118190389,-34.3298843334429
2014,house,47,R,14146.0,Jack Williams,alabama_sos,ALPERSON-JACK-WILLIAMS,AL-2014-house-47-R-JACK-WILLIAMS,1,1,AL-2014-house-47-R-JACK-WILLIAMS,0.6861381806584728,-38.69015118190389,-21.244020079707497,-16.759992921537922,-0.4810442327472195,-37.5229687684982,-3.6741286678025213,-34.3298843334429,-90.44070456382886,13.06040220002108,6.293294083701862,-44.29730708494728,-18.427258695880624,-19.576754305364794,5.847857365588606,-43.85187036683402,0.8254199770951356,-38.829432978340556,-86.94806732238101,-1.646546847513548,-29.489070202478935,-8.514942798766484,-40.73773989759522,2.7337268963498005,-27.8809547250372,-10.12305827620822,-30.883177585899347,-7.120835415346072,-58.84515550265512,41.81526990512215,-38.00401300124542,38.69015118190389,16.759992921537922,37.5229687684982,34.3298843334429,44.29730708494728,19.576754305364794,43.85187036683402,38.829432978340556,8.514942798766484,-2.7337268963498005,10.12305827620822,7.120835415346072,-13.06040220002108,90.44070456382886,1.646546847513548,86.94806732238101,-41.81526990512215,58.84515550265512,35.782364286180794,True,38.69015118190389,34.3298843334429
2014,house,52,D,14610.0,John W. Rogers  Jr.,alabama_sos,ALPERSON-JOHN-W-ROGERS-JR,AL-2014-house-52-D-JOHN-W-ROGERS-JR,1,1,AL-2014-house-52-D-JOHN-W-ROGERS-JR,38.55282880854904,-1.7026897074096752,23.93296675838965,12.917172342749712,45.26672780648387,-8.416588705344509,38.891809098570604,-2.0416699974312422,-53.45324308933465,50.0478636745153,42.559748976181545,-5.709609875042183,25.752326304981892,11.09781279615747,47.42936206272599,-10.57922296158663,41.503268789442984,-4.653129688303622,-48.36037011247591,36.94115036239155,42.04609132826067,-5.19595222712131,29.013552029916948,7.836587071222414,49.309671999258086,-12.459532898118724,42.77945755114129,-5.929318450001929,-55.526164931009944,45.134260476767324,36.85013910113936,-1.7026897074096752,12.917172342749712,-8.416588705344509,-2.0416699974312422,-5.709609875042183,11.09781279615747,-10.57922296158663,-4.653129688303622,-5.19595222712131,7.836587071222414,-12.459532898118724,-5.929318450001929,-53.45324308933465,50.0478636745153,-48.36037011247591,36.94115036239155,-55.526164931009944,45.134260476767324,4.006920167632508,True,-1.7026897074096752,-2.0416699974312422
2014,house,52,R,4414.0,Phillip Bahakel,alabama_sos,ALPERSON-PHILLIP-BAHAKEL,AL-2014-house-52-R-PHILLIP-BAHAKEL,0,0,AL-2014-house-52-R-PHILLIP-BAHAKEL,38.55282880854904,-1.7026897074096752,23.93296675838965,12.917172342749712,45.26672780648387,-8.416588705344509,38.891809098570604,-2.0416699974312422,-53.45324308933465,50.0478636745153,42.559748976181545,-5.709609875042183,25.752326304981892,11.09781279615747,47.42936206272599,-10.57922296158663,41.503268789442984,-4.653129688303622,-48.36037011247591,36.94115036239155,42.04609132826067,-5.19595222712131,29.013552029916948,7.836587071222414,49.309671999258086,-12.459532898118724,42.77945755114129,-5.929318450001929,-55.526164931009944,45.134260476767324,36.85013910113936,1.7026897074096752,-12.917172342749712,8.416588705344509,2.0416699974312422,5.709609875042183,-11.09781279615747,10.57922296158663,4.653129688303622,5.19595222712131,-7.836587071222414,12.459532898118724,5.929318450001929,-50.0478636745153,53.45324308933465,-36.94115036239155,48.36037011247591,-45.134260476767324,55.526164931009944,4.006920167632508,True,1.7026897074096752,2.0416699974312422
2014,house,53,D,4166.0,Anthony Daniels,alabama_sos,ALPERSON-ANTHONY-DANIELS,AL-2014-house-53-D-ANTHONY-DANIELS,0,1,AL-2014-house-53-D-ANTHONY-DANIELS,25.26921858827828,43.94334802020714,1.5154725381059726,67.69709407037945,21.864927865263272,47.34763874322215,26.361716996401356,42.85084961208406,-7.807205361717834,95.69390140213211,26.57492330819444,42.637643300290975,3.488809935420017,65.7237566730654,23.878949978695616,45.3336166297898,28.55151087279745,40.66105573568797,-0.013116937142754637,85.2884035377247,22.16209994519454,47.05046666329088,1.446020586118442,67.76654602236698,19.694856397311362,49.517710211174055,24.52945816093552,44.6831084475499,-3.2797460405977574,97.38067936717951,69.21256660848542,43.94334802020714,67.69709407037945,47.34763874322215,42.85084961208406,42.637643300290975,65.7237566730654,45.3336166297898,40.66105573568797,47.05046666329088,67.76654602236698,49.517710211174055,44.6831084475499,-7.807205361717834,95.69390140213211,-0.013116937142754637,85.2884035377247,-3.2797460405977574,97.38067936717951,4.412823362999902,True,43.94334802020714,42.85084961208406
2014,house,53,R,1190.0,Christopher Horn,alabama_sos,ALPERSON-CHRISTOPHER-HORN,AL-2014-house-53-R-CHRISTOPHER-HORN,0,0,AL-2014-house-53-R-CHRISTOPHER-HORN,25.26921858827828,43.94334802020714,1.5154725381059726,67.69709407037945,21.864927865263272,47.34763874322215,26.361716996401356,42.85084961208406,-7.807205361717834,95.69390140213211,26.57492330819444,42.637643300290975,3.488809935420017,65.7237566730654,23.878949978695616,45.3336166297898,28.55151087279745,40.66105573568797,-0.013116937142754637,85.2884035377247,22.16209994519454,47.05046666329088,1.446020586118442,67.76654602236698,19.694856397311362,49.517710211174055,24.52945816093552,44.6831084475499,-3.2797460405977574,97.38067936717951,69.21256660848542,-43.94334802020714,-67.69709407037945,-47.34763874322215,-42.85084961208406,-42.637643300290975,-65.7237566730654,-45.3336166297898,-40.66105573568797,-47.05046666329088,-67.76654602236698,-49.517710211174055,-44.6831084475499,-95.69390140213211,7.807205361717834,-85.2884035377247,0.013116937142754637,-97.38067936717951,3.2797460405977574,4.412823362999902,True,-43.94334802020714,-42.85084961208406
2014,house,56,D,15920.0,Louise Alexander,alabama_sos,ALPERSON-LOUISE-ALEXANDER,AL-2014-house-56-D-LOUISE-ALEXANDER,0,1,AL-2014-house-56-D-LOUISE-ALEXANDER,23.403346837131533,1.5593119008268026,3.428009045108117,21.53464969285022,24.55323538564385,0.40942335231448723,26.133835251521404,-1.1711765135630685,-50.191241481098174,53.30986528275177,19.706643229022685,5.256015508935651,2.8144356887047106,22.148223049253623,20.02764352668978,4.935015211268556,22.850254399347584,2.1124043386107516,-37.39474472849808,47.90677574636938,21.73933238268915,3.2233263552691866,2.6402512330171377,22.322407504941197,20.96668914672378,3.995969591234555,24.0941607595699,0.8684979783884366,-47.10688634861945,53.55353905915782,24.962658737958336,1.5593119008268026,21.53464969285022,0.40942335231448723,-1.1711765135630685,5.256015508935651,22.148223049253623,4.935015211268556,2.1124043386107516,3.2233263552691866,22.322407504941197,3.995969591234555,0.8684979783884366,-50.191241481098174,53.30986528275177,-37.39474472849808,47.90677574636938,-47.10688634861945,53.55353905915782,3.696703608108848,True,1.5593119008268026,-1.1711765135630685
2014,house,56,R,7360.0,Darius Foster,alabama_sos,ALPERSON-DARIUS-FOSTER,AL-2014-house-56-R-DARIUS-FOSTER,0,0,AL-2014-house-56-R-DARIUS-FOSTER,23.403346837131533,1.5593119008268026,3.428009045108117,21.53464969285022,24.55323538564385,0.40942335231448723,26.133835251521404,-1.1711765135630685,-50.191241481098174,53.30986528275177,19.706643229022685,5.256015508935651,2.8144356887047106,22.148223049253623,20.02764352668978,4.935015211268556,22.850254399347584,2.1124043386107516,-37.39474472849808,47.90677574636938,21.73933238268915,3.2233263552691866,2.6402512330171377,22.322407504941197,20.96668914672378,3.995969591234555,24.0941607595699,0.8684979783884366,-47.10688634861945,53.55353905915782,24.962658737958336,-1.5593119008268026,-21.53464969285022,-0.40942335231448723,1.1711765135630685,-5.256015508935651,-22.148223049253623,-4.935015211268556,-2.1124043386107516,-3.2233263552691866,-22.322407504941197,-3.995969591234555,-0.8684979783884366,-53.30986528275177,50.191241481098174,-47.90677574636938,37.39474472849808,-53.55353905915782,47.10688634861945,3.696703608108848,True,-1.5593119008268026,1.1711765135630685
2014,house,66,R,2217.0,Alan Baker,alabama_sos,ALPERSON-ALAN-BAKER,AL-2014-house-66-R-ALAN-BAKER,1,0,AL-2014-house-66-R-ALAN-BAKER,11.058913575179583,74.82480074825003,-20.24983872695581,106.13355305038543,8.283528398093623,77.60018592533599,11.8606019030833,74.02311242034631,23.074247366325054,126.575354130175,14.64508755713015,71.23862676629946,-16.660882234377304,102.54459655780693,12.490108803323276,73.39360552010633,18.12057581261379,67.76313851081582,28.58786652886573,113.88938700373319,14.688043052018067,71.19567127141156,-13.299018386689154,99.18273271011877,11.25115183977754,74.63256248365208,15.25651254936981,70.6272017740598,20.86545856752292,121.52588397530019,85.88371432342961,-74.82480074825003,-106.13355305038543,-77.60018592533599,-74.02311242034631,-71.23862676629946,-102.54459655780693,-73.39360552010633,-67.76313851081582,-71.19567127141156,-99.18273271011877,-74.63256248365208,-70.6272017740598,-126.575354130175,-23.074247366325054,-113.88938700373319,-28.58786652886573,-121.52588397530019,-20.86545856752292,3.6291294768384716,True,-74.82480074825003,-74.02311242034631
2014,house,69,D,6640.0,Kelvin J. Lawrence,alabama_sos,ALPERSON-KELVIN-J-LAWRENCE,AL-2014-house-69-D-KELVIN-J-LAWRENCE,0,1,AL-2014-house-69-D-KELVIN-J-LAWRENCE,19.059999994964105,-15.595749141958006,-6.2143979015618545,9.678648754567954,18.401649777555335,-14.937398924549235,16.700281666036943,-13.236030813030844,-67.34630252388298,36.154804239966964,18.985376138798095,-15.521125285791996,-5.096545185421826,8.560796038427926,18.96348866405784,-15.499237811051742,17.054678117325277,-13.590427264319178,-58.171885523225725,27.129634951641734,18.278299976656633,-14.814049123650534,-2.3632187981050143,5.827469651111114,18.29318710402314,-14.82893625101704,17.023698912613973,-13.559448059607874,-65.14426182753917,35.5161635802381,3.4642508530061,-15.595749141958006,9.678648754567954,-14.937398924549235,-13.236030813030844,-15.521125285791996,8.560796038427926,-15.499237811051742,-13.590427264319178,-14.814049123650534,5.827469651111114,-14.82893625101704,-13.559448059607874,-67.34630252388298,36.154804239966964,-58.171885523225725,27.129634951641734,-65.14426182753917,35.5161635802381,0.7817000183074718,True,-15.595749141958006,-13.236030813030844
2014,house,69,R,3121.0,Loretta G. Grant,alabama_sos,ALPERSON-LORETTA-G-GRANT,AL-2014-house-69-R-LORETTA-G-GRANT,0,0,AL-2014-house-69-R-LORETTA-G-GRANT,19.059999994964105,-15.595749141958006,-6.2143979015618545,9.678648754567954,18.401649777555335,-14.937398924549235,16.700281666036943,-13.236030813030844,-67.34630252388298,36.154804239966964,18.985376138798095,-15.521125285791996,-5.096545185421826,8.560796038427926,18.96348866405784,-15.499237811051742,17.054678117325277,-13.590427264319178,-58.171885523225725,27.129634951641734,18.278299976656633,-14.814049123650534,-2.3632187981050143,5.827469651111114,18.29318710402314,-14.82893625101704,17.023698912613973,-13.559448059607874,-65.14426182753917,35.5161635802381,3.4642508530061,15.595749141958006,-9.678648754567954,14.937398924549235,13.236030813030844,15.521125285791996,-8.560796038427926,15.499237811051742,13.590427264319178,14.814049123650534,-5.827469651111114,14.82893625101704,13.559448059607874,-36.154804239966964,67.34630252388298,-27.129634951641734,58.171885523225725,-35.5161635802381,65.14426182753917,0.7817000183074718,True,15.595749141958006,13.236030813030844
2014,house,74,D,3621.0,Zack Buckner,alabama_sos,ALPERSON-ZACK-BUCKNER,AL-2014-house-74-D-ZACK-BUCKNER,0,0,AL-2014-house-74-D-ZACK-BUCKNER,-35.289733020560305,-11.217017361045954,-0.9746245673910381,-45.53212581421522,8.14573963396466,-54.65249001557092,-35.12071708158788,-11.386033300018383,-62.96757074297093,40.53353602087902,-39.45381526229458,-7.052935119311677,-3.173399938497756,-43.3333504431085,2.5277702036176124,-49.03452058522387,-37.62659385262613,-8.88015652898013,-49.703695356745406,35.59782511812205,-32.304063196944355,-14.202687184661904,0.23486868645967762,-46.74161906806594,9.522272160913285,-56.02902254251954,-33.73755445477082,-12.769195926835437,-64.53289988855053,36.12752551922673,-46.50675038160626,-11.217017361045954,-45.53212581421522,-54.65249001557092,-11.386033300018383,-7.052935119311677,-43.3333504431085,-49.03452058522387,-8.88015652898013,-14.202687184661904,-46.74161906806594,-56.02902254251954,-12.769195926835437,-62.96757074297093,40.53353602087902,-49.703695356745406,35.59782511812205,-64.53289988855053,36.12752551922673,7.149752065350228,True,-11.217017361045954,-11.386033300018383
2014,house,74,R,9481.0,Dimitri Polizos,alabama_sos,ALPERSON-DIMITRI-POLIZOS,AL-2014-house-74-R-DIMITRI-POLIZOS,0,1,AL-2014-house-74-R-DIMITRI-POLIZOS,-35.289733020560305,-11.217017361045954,-0.9746245673910381,-45.53212581421522,8.14573963396466,-54.65249001557092,-35.12071708158788,-11.386033300018383,-62.96757074297093,40.53353602087902,-39.45381526229458,-7.052935119311677,-3.173399938497756,-43.3333504431085,2.5277702036176124,-49.03452058522387,-37.62659385262613,-8.88015652898013,-49.703695356745406,35.59782511812205,-32.304063196944355,-14.202687184661904,0.23486868645967762,-46.74161906806594,9.522272160913285,-56.02902254251954,-33.73755445477082,-12.769195926835437,-64.53289988855053,36.12752551922673,-46.50675038160626,11.217017361045954,45.53212581421522,54.65249001557092,11.386033300018383,7.052935119311677,43.3333504431085,49.03452058522387,8.88015652898013,14.202687184661904,46.74161906806594,56.02902254251954,12.769195926835437,-40.53353602087902,62.96757074297093,-35.59782511812205,49.703695356745406,-36.12752551922673,64.53289988855053,7.149752065350228,True,11.217017361045954,11.386033300018383
2014,house,77,D,6891.0,John Knight,alabama_sos,ALPERSON-JOHN-KNIGHT,AL-2014-house-77-D-JOHN-KNIGHT,1,1,AL-2014-house-77-D-JOHN-KNIGHT,35.64206722842897,-27.84784051855631,50.51056632245309,-42.71633961258043,32.35247663618983,-24.558249926317167,10.189304675172789,-2.3950779653001284,-79.59839390048128,23.902712863368663,39.30049970691871,-31.506272997046047,51.201554734598254,-43.407328024725594,36.436568740079736,-28.642342030207075,16.085975173623005,-8.291748463750345,-74.15703323447977,11.144487240387683,38.023036839837836,-30.228810129965176,51.20025362139837,-43.40602691152571,38.07255417771064,-30.278327467837983,13.89555712528417,-6.10133041541151,-80.55902283385382,20.10140257392346,7.79422670987266,-27.84784051855631,-42.71633961258043,-24.558249926317167,-2.3950779653001284,-31.506272997046047,-43.407328024725594,-28.642342030207075,-8.291748463750345,-30.228810129965176,-43.40602691152571,-30.278327467837983,-6.10133041541151,-79.59839390048128,23.902712863368663,-74.15703323447977,11.144487240387683,-80.55902283385382,20.10140257392346,3.658432478489736,True,-27.84784051855631,-2.3950779653001284
2014,house,77,R,3775.0,David Grimes,alabama_sos,ALPERSON-DAVID-GRIMES,AL-2014-house-77-R-DAVID-GRIMES,0,0,AL-2014-house-77-R-DAVID-GRIMES,35.64206722842897,-27.84784051855631,50.51056632245309,-42.71633961258043,32.35247663618983,-24.558249926317167,10.189304675172789,-2.3950779653001284,-79.59839390048128,23.902712863368663,39.30049970691871,-31.506272997046047,51.201554734598254,-43.407328024725594,36.436568740079736,-28.642342030207075,16.085975173623005,-8.291748463750345,-74.15703323447977,11.144487240387683,38.023036839837836,-30.228810129965176,51.20025362139837,-43.40602691152571,38.07255417771064,-30.278327467837983,13.89555712528417,-6.10133041541151,-80.55902283385382,20.10140257392346,7.79422670987266,27.84784051855631,42.71633961258043,24.558249926317167,2.3950779653001284,31.506272997046047,43.407328024725594,28.642342030207075,8.291748463750345,30.228810129965176,43.40602691152571,30.278327467837983,6.10133041541151,-23.902712863368663,79.59839390048128,-11.144487240387683,74.15703323447977,-20.10140257392346,80.55902283385382,3.658432478489736,True,27.84784051855631,2.3950779653001284
2014,house,78,D,6998.0,Alvin Holmes,alabama_sos,ALPERSON-ALVIN-HOLMES,AL-2014-house-78-D-ALVIN-HOLMES,1,1,AL-2014-house-78-D-ALVIN-HOLMES,42.24617476032485,-31.389382746816807,46.685221191265164,-35.82842917775712,10.248119112014276,0.6086729014937635,13.530781029109313,-2.6739890156012738,-83.13993612874178,20.361170635108166,34.23779014728331,-23.38099813377527,42.86724037538627,-32.010448361878225,2.919511650388733,7.9372803631193065,8.62981717829805,2.2269748352099903,-66.03175837120901,19.269762103658458,35.46745990589335,-24.610667892385308,41.166825843289885,-30.310033829781844,1.3378775032208567,9.518914510287182,8.066828037878658,2.789963975629382,-74.94088059627394,25.719544811503326,10.85679201350804,-31.389382746816807,-35.82842917775712,0.6086729014937635,-2.6739890156012738,-23.38099813377527,-32.010448361878225,7.9372803631193065,2.2269748352099903,-24.610667892385308,-30.310033829781844,9.518914510287182,2.789963975629382,-83.13993612874178,20.361170635108166,-66.03175837120901,19.269762103658458,-74.94088059627394,25.719544811503326,8.008384613041535,True,-31.389382746816807,-2.6739890156012738
2014,house,78,R,2637.0,Tijuanna Adetunji,alabama_sos,ALPERSON-TIJUANNA-ADETUNJI,AL-2014-house-78-R-TIJUANNA-ADETUNJI,0,0,AL-2014-house-78-R-TIJUANNA-ADETUNJI,42.24617476032485,-31.389382746816807,46.685221191265164,-35.82842917775712,10.248119112014276,0.6086729014937635,13.530781029109313,-2.6739890156012738,-83.13993612874178,20.361170635108166,34.23779014728331,-23.38099813377527,42.86724037538627,-32.010448361878225,2.919511650388733,7.9372803631193065,8.62981717829805,2.2269748352099903,-66.03175837120901,19.269762103658458,35.46745990589335,-24.610667892385308,41.166825843289885,-30.310033829781844,1.3378775032208567,9.518914510287182,8.066828037878658,2.789963975629382,-74.94088059627394,25.719544811503326,10.85679201350804,31.389382746816807,35.82842917775712,-0.6086729014937635,2.6739890156012738,23.38099813377527,32.010448361878225,-7.9372803631193065,-2.2269748352099903,24.610667892385308,30.310033829781844,-9.518914510287182,-2.789963975629382,-20.361170635108166,83.13993612874178,-19.269762103658458,66.03175837120901,-25.719544811503326,74.94088059627394,8.008384613041535,True,31.389382746816807,2.6739890156012738
2014,house,79,D,3535.0,Shirley Scott-Harris,alabama_sos,ALPERSON-SHIRLEY-SCOTT-HARRIS,AL-2014-house-79-D-SHIRLEY-SCOTT-HARRIS,0,0,AL-2014-house-79-D-SHIRLEY-SCOTT-HARRIS,-2.987810624684265,2.335229703841847,-17.448941842747274,16.796360921904856,0.9003584764782904,-1.5529393973207082,-0.18244472372590526,-0.47013619711651256,-49.415323678083126,54.08578308576682,-10.520407726697012,9.867826805854595,-18.974432531102323,18.321851610259905,-8.20833667631514,7.555755755472722,-7.075505858829938,6.422924937987521,-32.78293343157914,52.51858704328832,-0.03224644803426635,-0.6203344728081515,-13.9175304174401,13.264949496597682,2.0681918609979295,-2.7207727818403473,2.2500488200892708,-2.9026297409316886,-50.95054717669679,49.70987823108048,-0.6525809208424178,2.335229703841847,16.796360921904856,-1.5529393973207082,-0.47013619711651256,9.867826805854595,18.321851610259905,7.555755755472722,6.422924937987521,-0.6203344728081515,13.264949496597682,-2.7207727818403473,-2.9026297409316886,-49.415323678083126,54.08578308576682,-32.78293343157914,52.51858704328832,-50.95054717669679,49.70987823108048,10.488161278662746,True,2.335229703841847,-0.47013619711651256
2014,house,79,R,5136.0,Mike Hubbard,alabama_sos,ALPERSON-MIKE-HUBBARD,AL-2014-house-79-R-MIKE-HUBBARD,1,1,AL-2014-house-79-R-MIKE-HUBBARD,-2.987810624684265,2.335229703841847,-17.448941842747274,16.796360921904856,0.9003584764782904,-1.5529393973207082,-0.18244472372590526,-0.47013619711651256,-49.415323678083126,54.08578308576682,-10.520407726697012,9.867826805854595,-18.974432531102323,18.321851610259905,-8.20833667631514,7.555755755472722,-7.075505858829938,6.422924937987521,-32.78293343157914,52.51858704328832,-0.03224644803426635,-0.6203344728081515,-13.9175304174401,13.264949496597682,2.0681918609979295,-2.7207727818403473,2.2500488200892708,-2.9026297409316886,-50.95054717669679,49.70987823108048,-0.6525809208424178,-2.335229703841847,-16.796360921904856,1.5529393973207082,0.47013619711651256,-9.867826805854595,-18.321851610259905,-7.555755755472722,-6.422924937987521,0.6203344728081515,-13.264949496597682,2.7207727818403473,2.9026297409316886,-54.08578308576682,49.415323678083126,-52.51858704328832,32.78293343157914,-49.70987823108048,50.95054717669679,10.488161278662746,True,-2.335229703841847,0.47013619711651256
2014,house,80,D,2240.0,Tillman Pugh,alabama_sos,ALPERSON-TILLMAN-PUGH,AL-2014-house-80-D-TILLMAN-PUGH,0,0,AL-2014-house-80-D-TILLMAN-PUGH,-4.600756159194648,-15.264196082800876,-32.63397828267069,12.769026040675165,-3.0091625510860336,-16.85578969090949,-4.4437188640617835,-15.421233377933742,-67.01474946472585,36.486357299124094,-8.751403620012635,-11.11354862198289,-32.80269518010276,12.937742938107235,-6.211272777737854,-13.65367946425767,-8.242707001365726,-11.622245240629798,-53.764308859416616,31.53721161545084,-14.612655990508067,-5.252296251487458,-33.62273041315138,13.757778171155856,-12.368672803091492,-7.496279438904033,-14.530937051554666,-5.334015190440859,-55.58250895537609,45.077916452401176,-19.864952241995525,-15.264196082800876,12.769026040675165,-16.85578969090949,-15.421233377933742,-11.11354862198289,12.937742938107235,-13.65367946425767,-11.622245240629798,-5.252296251487458,13.757778171155856,-7.496279438904033,-5.334015190440859,-67.01474946472585,36.486357299124094,-53.764308859416616,31.53721161545084,-55.58250895537609,45.077916452401176,10.011899831313418,True,-15.264196082800876,-15.421233377933742
2014,house,80,R,4702.0,Lesley Vance,alabama_sos,ALPERSON-LESLEY-VANCE,AL-2014-house-80-R-LESLEY-VANCE,0,1,AL-2014-house-80-R-LESLEY-VANCE,-4.600756159194648,-15.264196082800876,-32.63397828267069,12.769026040675165,-3.0091625510860336,-16.85578969090949,-4.4437188640617835,-15.421233377933742,-67.01474946472585,36.486357299124094,-8.751403620012635,-11.11354862198289,-32.80269518010276,12.937742938107235,-6.211272777737854,-13.65367946425767,-8.242707001365726,-11.622245240629798,-53.764308859416616,31.53721161545084,-14.612655990508067,-5.252296251487458,-33.62273041315138,13.757778171155856,-12.368672803091492,-7.496279438904033,-14.530937051554666,-5.334015190440859,-55.58250895537609,45.077916452401176,-19.864952241995525,15.264196082800876,-12.769026040675165,16.85578969090949,15.421233377933742,11.11354862198289,-12.937742938107235,13.65367946425767,11.622245240629798,5.252296251487458,-13.757778171155856,7.496279438904033,5.334015190440859,-36.486357299124094,67.01474946472585,-31.53721161545084,53.764308859416616,-45.077916452401176,55.58250895537609,10.011899831313418,True,15.264196082800876,15.421233377933742
2014,house,81,D,3454.0,Dylan V. Oliver,alabama_sos,ALPERSON-DYLAN-V-OLIVER,AL-2014-house-81-D-DYLAN-V-OLIVER,0,0,AL-2014-house-81-D-DYLAN-V-OLIVER,10.470787768496903,-17.64984638607777,-20.694099429255374,13.51504081167451,8.717427931796582,-15.896486549377446,9.719176665241275,-16.89823528282214,-69.40039976800274,34.100706995847204,8.701358324914526,-15.88041694249539,-19.85531091478971,12.676252297208848,6.545604015253202,-13.724662632834066,8.003660034633171,-15.182718652214035,-58.53117717992912,26.77034329493834,9.277867762205481,-16.456926379786346,-14.638333448796017,7.4592748312151524,8.89915890230915,-16.078217519890014,9.127753466169995,-16.30681208375086,-66.78713908367499,33.87328632410229,-7.179058617580864,-17.64984638607777,13.51504081167451,-15.896486549377446,-16.89823528282214,-15.88041694249539,12.676252297208848,-13.724662632834066,-15.182718652214035,-16.456926379786346,7.4592748312151524,-16.078217519890014,-16.30681208375086,-69.40039976800274,34.100706995847204,-58.53117717992912,26.77034329493834,-66.78713908367499,33.87328632410229,1.7694294435823785,True,-17.64984638607777,-16.89823528282214
2014,house,81,R,7052.0,Mark M. Tuggle,alabama_sos,ALPERSON-MARK-M-TUGGLE,AL-2014-house-81-R-MARK-M-TUGGLE,0,1,AL-2014-house-81-R-MARK-M-TUGGLE,10.470787768496903,-17.64984638607777,-20.694099429255374,13.51504081167451,8.717427931796582,-15.896486549377446,9.719176665241275,-16.89823528282214,-69.40039976800274,34.100706995847204,8.701358324914526,-15.88041694249539,-19.85531091478971,12.676252297208848,6.545604015253202,-13.724662632834066,8.003660034633171,-15.182718652214035,-58.53117717992912,26.77034329493834,9.277867762205481,-16.456926379786346,-14.638333448796017,7.4592748312151524,8.89915890230915,-16.078217519890014,9.127753466169995,-16.30681208375086,-66.78713908367499,33.87328632410229,-7.179058617580864,17.64984638607777,-13.51504081167451,15.896486549377446,16.89823528282214,15.88041694249539,-12.676252297208848,13.724662632834066,15.182718652214035,16.456926379786346,-7.4592748312151524,16.078217519890014,16.30681208375086,-34.100706995847204,69.40039976800274,-26.77034329493834,58.53117717992912,-33.87328632410229,66.78713908367499,1.7694294435823785,True,17.64984638607777,16.89823528282214
2014,house,83,D,5257.0,"George ""Tootie"" Bandy",alabama_sos,ALPERSON-GEORGE-TOOTIE-BANDY,AL-2014-house-83-D-GEORGE-TOOTIE-BANDY,1,1,AL-2014-house-83-D-GEORGE-TOOTIE-BANDY,48.731392473164256,-21.129568655080433,16.64542956552121,10.956394252562614,43.99630179345857,-16.39447797537475,43.20176974291509,-15.599945924831268,-72.8801220370054,30.62098472684454,46.19332590266281,-18.591502084578984,17.126895390909908,10.474928427173914,41.638918731443226,-14.037094913359404,41.476977566501375,-13.875153748417553,-61.242262322012714,24.059258152854746,42.88196723615457,-15.28014341807075,17.401940442627126,10.199883375456697,39.0379376702672,-11.436113852183375,38.83927773439007,-11.23745391630625,-65.61035612195938,35.050069285817884,27.601823818083822,-21.129568655080433,10.956394252562614,-16.39447797537475,-15.599945924831268,-18.591502084578984,10.474928427173914,-14.037094913359404,-13.875153748417553,-15.28014341807075,10.199883375456697,-11.436113852183375,-11.23745391630625,-72.8801220370054,30.62098472684454,-61.242262322012714,24.059258152854746,-65.61035612195938,35.050069285817884,5.849425237009683,True,-21.129568655080433,-15.599945924831268
2014,house,83,R,2752.0,Gary Head,alabama_sos,ALPERSON-GARY-HEAD,AL-2014-house-83-R-GARY-HEAD,0,0,AL-2014-house-83-R-GARY-HEAD,48.731392473164256,-21.129568655080433,16.64542956552121,10.956394252562614,43.99630179345857,-16.39447797537475,43.20176974291509,-15.599945924831268,-72.8801220370054,30.62098472684454,46.19332590266281,-18.591502084578984,17.126895390909908,10.474928427173914,41.638918731443226,-14.037094913359404,41.476977566501375,-13.875153748417553,-61.242262322012714,24.059258152854746,42.88196723615457,-15.28014341807075,17.401940442627126,10.199883375456697,39.0379376702672,-11.436113852183375,38.83927773439007,-11.23745391630625,-65.61035612195938,35.050069285817884,27.601823818083822,21.129568655080433,-10.956394252562614,16.39447797537475,15.599945924831268,18.591502084578984,-10.474928427173914,14.037094913359404,13.875153748417553,15.28014341807075,-10.199883375456697,11.436113852183375,11.23745391630625,-30.62098472684454,72.8801220370054,-24.059258152854746,61.242262322012714,-35.050069285817884,65.61035612195938,5.849425237009683,True,21.129568655080433,15.599945924831268
2014,house,84,D,7365.0,Berry Forte,alabama_sos,ALPERSON-BERRY-FORTE,AL-2014-house-84-D-BERRY-FORTE,0,1,AL-2014-house-84-D-BERRY-FORTE,19.77344291397123,-18.581166699959283,-6.328810408122569,7.521086622134517,20.134875008268217,-18.94259879425627,19.025356917474973,-17.833080703463025,-70.33172008188426,33.16938668196569,20.57185955518602,-19.379583341174072,-5.137387745721474,6.329663959733422,20.684947639475347,-19.4926714254634,19.22681144354543,-18.034535229533482,-62.0303435786078,23.271176896259657,24.244272208860842,-23.051995994848895,0.8912498548098768,0.30102635920207055,23.528321556152882,-22.336045342140935,22.82378277441392,-21.631506560401974,-73.38220869873753,27.27821670903974,1.1922762140119474,-18.581166699959283,7.521086622134517,-18.94259879425627,-17.833080703463025,-19.379583341174072,6.329663959733422,-19.4926714254634,-18.034535229533482,-23.051995994848895,0.30102635920207055,-22.336045342140935,-21.631506560401974,-70.33172008188426,33.16938668196569,-62.0303435786078,23.271176896259657,-73.38220869873753,27.27821670903974,4.470829294889612,True,-18.581166699959283,-17.833080703463025
2014,house,84,R,4316.0,Jerry A. McGilvray,alabama_sos,ALPERSON-JERRY-A-MCGILVRAY,AL-2014-house-84-R-JERRY-A-MCGILVRAY,0,0,AL-2014-house-84-R-JERRY-A-MCGILVRAY,19.77344291397123,-18.581166699959283,-6.328810408122569,7.521086622134517,20.134875008268217,-18.94259879425627,19.025356917474973,-17.833080703463025,-70.33172008188426,33.16938668196569,20.57185955518602,-19.379583341174072,-5.137387745721474,6.329663959733422,20.684947639475347,-19.4926714254634,19.22681144354543,-18.034535229533482,-62.0303435786078,23.271176896259657,24.244272208860842,-23.051995994848895,0.8912498548098768,0.30102635920207055,23.528321556152882,-22.336045342140935,22.82378277441392,-21.631506560401974,-73.38220869873753,27.27821670903974,1.1922762140119474,18.581166699959283,-7.521086622134517,18.94259879425627,17.833080703463025,19.379583341174072,-6.329663959733422,19.4926714254634,18.034535229533482,23.051995994848895,-0.30102635920207055,22.336045342140935,21.631506560401974,-33.16938668196569,70.33172008188426,-23.271176896259657,62.0303435786078,-27.27821670903974,73.38220869873753,4.470829294889612,True,18.581166699959283,17.833080703463025
2014,house,85,D,5777.0,Dexter Grimsley,alabama_sos,ALPERSON-DEXTER-GRIMSLEY,AL-2014-house-85-D-DEXTER-GRIMSLEY,0,1,AL-2014-house-85-D-DEXTER-GRIMSLEY,30.707414982213045,15.783000585334548,7.293569404023849,39.196846163523745,35.21446519498393,11.275950372563663,36.640443933256435,9.849971634291158,-35.967552796590425,67.53355396725952,26.023103881129586,20.467311686418007,5.745287780673051,40.74512778687454,27.99572546840554,18.494690099142055,31.067317607047855,15.423097960499739,-22.183448551015722,63.11807192385174,33.84927259290865,12.641142974638946,12.316902334751887,34.173513232795706,35.02363398349481,11.466781584052782,38.846179830185335,7.6442357373622585,-37.68906972924969,62.97135567852758,46.49041556754759,15.783000585334548,39.196846163523745,11.275950372563663,9.849971634291158,20.467311686418007,40.74512778687454,18.494690099142055,15.423097960499739,12.641142974638946,34.173513232795706,11.466781584052782,7.6442357373622585,-35.967552796590425,67.53355396725952,-22.183448551015722,63.11807192385174,-37.68906972924969,62.97135567852758,7.8261687117790615,True,15.783000585334548,9.849971634291158
2014,house,85,R,3405.0,Bobby Lewis,alabama_sos,ALPERSON-BOBBY-LEWIS,AL-2014-house-85-R-BOBBY-LEWIS,0,0,AL-2014-house-85-R-BOBBY-LEWIS,30.707414982213045,15.783000585334548,7.293569404023849,39.196846163523745,35.21446519498393,11.275950372563663,36.640443933256435,9.849971634291158,-35.967552796590425,67.53355396725952,26.023103881129586,20.467311686418007,5.745287780673051,40.74512778687454,27.99572546840554,18.494690099142055,31.067317607047855,15.423097960499739,-22.183448551015722,63.11807192385174,33.84927259290865,12.641142974638946,12.316902334751887,34.173513232795706,35.02363398349481,11.466781584052782,38.846179830185335,7.6442357373622585,-37.68906972924969,62.97135567852758,46.49041556754759,-15.783000585334548,-39.196846163523745,-11.275950372563663,-9.849971634291158,-20.467311686418007,-40.74512778687454,-18.494690099142055,-15.423097960499739,-12.641142974638946,-34.173513232795706,-11.466781584052782,-7.6442357373622585,-67.53355396725952,35.967552796590425,-63.11807192385174,22.183448551015722,-62.97135567852758,37.68906972924969,7.8261687117790615,True,-15.783000585334548,-9.849971634291158
2014,house,89,D,5436.0,Joel Lee Williams,alabama_sos,ALPERSON-JOEL-LEE-WILLIAMS,AL-2014-house-89-D-JOEL-LEE-WILLIAMS,0,0,AL-2014-house-89-D-JOEL-LEE-WILLIAMS,15.275129945969901,-3.4020731407718525,-9.257400014125148,21.130456819323197,19.441605460371584,-7.568548655173535,17.012058644348485,-5.139001839150437,-55.15262652269683,48.34848024115312,11.00619800273957,0.8668588024584789,-9.701813959854666,21.574870765052715,14.271205903325233,-2.3981490981271847,13.11172029255504,-1.238663487356991,-41.78390143497525,43.51761903989221,3.4539561950817963,8.419100610116253,-14.413155619855955,26.286212425054003,5.436778125562938,6.436278679635111,5.472195196784076,6.4008616084139724,-41.91111209377238,58.74931331400489,11.873056805198049,-3.4020731407718525,21.130456819323197,-7.568548655173535,-5.139001839150437,0.8668588024584789,21.574870765052715,-2.3981490981271847,-1.238663487356991,8.419100610116253,26.286212425054003,6.436278679635111,6.4008616084139724,-55.15262652269683,48.34848024115312,-41.78390143497525,43.51761903989221,-41.91111209377238,58.74931331400489,11.821173750888105,False,-3.4020731407718525,-5.139001839150437
2014,house,89,R,5519.0,Alan C. Boothe,alabama_sos,ALPERSON-ALAN-C-BOOTHE,AL-2014-house-89-R-ALAN-C-BOOTHE,0,1,AL-2014-house-89-R-ALAN-C-BOOTHE,15.275129945969901,-3.4020731407718525,-9.257400014125148,21.130456819323197,19.441605460371584,-7.568548655173535,17.012058644348485,-5.139001839150437,-55.15262652269683,48.34848024115312,11.00619800273957,0.8668588024584789,-9.701813959854666,21.574870765052715,14.271205903325233,-2.3981490981271847,13.11172029255504,-1.238663487356991,-41.78390143497525,43.51761903989221,3.4539561950817963,8.419100610116253,-14.413155619855955,26.286212425054003,5.436778125562938,6.436278679635111,5.472195196784076,6.4008616084139724,-41.91111209377238,58.74931331400489,11.873056805198049,3.4020731407718525,-21.130456819323197,7.568548655173535,5.139001839150437,-0.8668588024584789,-21.574870765052715,2.3981490981271847,1.238663487356991,-8.419100610116253,-26.286212425054003,-6.436278679635111,-6.4008616084139724,-48.34848024115312,55.15262652269683,-43.51761903989221,41.78390143497525,-58.74931331400489,41.91111209377238,11.821173750888105,False,3.4020731407718525,5.139001839150437
2014,house,90,D,2893.0,Walton Hickman,alabama_sos,ALPERSON-WALTON-HICKMAN,AL-2014-house-90-D-WALTON-HICKMAN,0,0,AL-2014-house-90-D-WALTON-HICKMAN,16.668143379863245,-32.96159879752228,-13.242961668498959,-3.050493749160074,18.910142686958896,-35.203598104617924,16.766650702131198,-33.060106119790234,-84.71215217944726,18.788954584402696,12.895110796375612,-29.188566214034644,-13.368802506513566,-2.9246529111454667,15.040953453222475,-31.334408870881507,13.54655953448518,-29.840014952144212,-71.83932645146837,13.462194023399086,17.637524896882187,-33.930980314541216,-8.485588616973804,-7.807866800685229,19.219346346987635,-35.51280176464667,17.60129687787995,-33.89475229553898,-84.26119301842985,16.399232389347418,-16.293455417659032,-32.96159879752228,-3.050493749160074,-35.203598104617924,-33.060106119790234,-29.188566214034644,-2.9246529111454667,-31.334408870881507,-29.840014952144212,-33.930980314541216,-7.807866800685229,-35.51280176464667,-33.89475229553898,-84.71215217944726,18.788954584402696,-71.83932645146837,13.462194023399086,-84.26119301842985,16.399232389347418,4.742414100506572,True,-32.96159879752228,-33.060106119790234
2014,house,90,R,4825.0,Chris Sells,alabama_sos,ALPERSON-CHRIS-SELLS,AL-2014-house-90-R-CHRIS-SELLS,0,1,AL-2014-house-90-R-CHRIS-SELLS,16.668143379863245,-32.96159879752228,-13.242961668498959,-3.050493749160074,18.910142686958896,-35.203598104617924,16.766650702131198,-33.060106119790234,-84.71215217944726,18.788954584402696,12.895110796375612,-29.188566214034644,-13.368802506513566,-2.9246529111454667,15.040953453222475,-31.334408870881507,13.54655953448518,-29.840014952144212,-71.83932645146837,13.462194023399086,17.637524896882187,-33.930980314541216,-8.485588616973804,-7.807866800685229,19.219346346987635,-35.51280176464667,17.60129687787995,-33.89475229553898,-84.26119301842985,16.399232389347418,-16.293455417659032,32.96159879752228,3.050493749160074,35.203598104617924,33.060106119790234,29.188566214034644,2.9246529111454667,31.334408870881507,29.840014952144212,33.930980314541216,7.807866800685229,35.51280176464667,33.89475229553898,-18.788954584402696,84.71215217944726,-13.462194023399086,71.83932645146837,-16.399232389347418,84.26119301842985,4.742414100506572,True,32.96159879752228,33.060106119790234
2014,house,93,D,2773.0,Jennifer Marsden,alabama_sos,ALPERSON-JENNIFER-MARSDEN,AL-2014-house-93-D-JENNIFER-MARSDEN,0,0,AL-2014-house-93-D-JENNIFER-MARSDEN,11.532897453485447,-30.259112451436145,-20.28823271228379,1.5620177143330913,14.155102158027631,-32.88131715597833,10.292454243105755,-29.018669241056454,-82.00966583336111,21.491440930488828,9.770426968936995,-28.496641966887694,-19.459935026806583,0.7337200288558847,12.089287933949635,-30.815502931900333,8.702897292087801,-27.4291122900385,-71.14740220432142,14.154118270546036,6.596824203710156,-25.323039201660855,-19.05776819496609,0.331553197015392,6.811875764124295,-25.538090762074994,5.305017871920446,-24.031232869871147,-75.6532519055495,25.00717350222778,-18.7262149979507,-30.259112451436145,1.5620177143330913,-32.88131715597833,-29.018669241056454,-28.496641966887694,0.7337200288558847,-30.815502931900333,-27.4291122900385,-25.323039201660855,0.331553197015392,-25.538090762074994,-24.031232869871147,-82.00966583336111,21.491440930488828,-71.14740220432142,14.154118270546036,-75.6532519055495,25.00717350222778,4.936073249775291,True,-30.259112451436145,-29.018669241056454
2014,house,93,R,9139.0,Steve Clouse,alabama_sos,ALPERSON-STEVE-CLOUSE,AL-2014-house-93-R-STEVE-CLOUSE,1,1,AL-2014-house-93-R-STEVE-CLOUSE,11.532897453485447,-30.259112451436145,-20.28823271228379,1.5620177143330913,14.155102158027631,-32.88131715597833,10.292454243105755,-29.018669241056454,-82.00966583336111,21.491440930488828,9.770426968936995,-28.496641966887694,-19.459935026806583,0.7337200288558847,12.089287933949635,-30.815502931900333,8.702897292087801,-27.4291122900385,-71.14740220432142,14.154118270546036,6.596824203710156,-25.323039201660855,-19.05776819496609,0.331553197015392,6.811875764124295,-25.538090762074994,5.305017871920446,-24.031232869871147,-75.6532519055495,25.00717350222778,-18.7262149979507,30.259112451436145,-1.5620177143330913,32.88131715597833,29.018669241056454,28.496641966887694,-0.7337200288558847,30.815502931900333,27.4291122900385,25.323039201660855,-0.331553197015392,25.538090762074994,24.031232869871147,-21.491440930488828,82.00966583336111,-14.154118270546036,71.14740220432142,-25.00717350222778,75.6532519055495,4.936073249775291,True,30.259112451436145,29.018669241056454
2014,house,98,D,6134.0,"Napoleon Bracy, Jr.",alabama_sos,ALPERSON-NAPOLEON-BRACY-JR,AL-2014-house-98-D-NAPOLEON-BRACY-JR,0,1,AL-2014-house-98-D-NAPOLEON-BRACY-JR,22.89973423828271,19.410407513083157,0.1734094218201192,42.13673232954575,26.31094831992364,15.99919343144223,27.55709252850702,14.753049222858849,-32.340145868841816,71.16096089500813,23.70352973132932,18.60661202003655,1.6596856114002438,40.65045613996563,26.682542140665078,15.627599610700791,28.48665493573122,13.823486815634649,-24.04414821739718,61.25737225747028,28.767184729860254,13.542957021505615,7.859041218167752,34.451100533198115,29.65506772027595,12.655074031089917,32.38907142235825,9.92107032900762,-36.78725568238302,63.87316972539425,42.31014175136587,19.410407513083157,42.13673232954575,15.99919343144223,14.753049222858849,18.60661202003655,40.65045613996563,15.627599610700791,13.823486815634649,13.542957021505615,34.451100533198115,12.655074031089917,9.92107032900762,-32.340145868841816,71.16096089500813,-24.04414821739718,61.25737225747028,-36.78725568238302,63.87316972539425,5.867450491577543,True,19.410407513083157,14.753049222858849
2014,house,98,R,3276.0,Wayne E. Biggs,alabama_sos,ALPERSON-WAYNE-E-BIGGS,AL-2014-house-98-R-WAYNE-E-BIGGS,0,0,AL-2014-house-98-R-WAYNE-E-BIGGS,22.89973423828271,19.410407513083157,0.1734094218201192,42.13673232954575,26.31094831992364,15.99919343144223,27.55709252850702,14.753049222858849,-32.340145868841816,71.16096089500813,23.70352973132932,18.60661202003655,1.6596856114002438,40.65045613996563,26.682542140665078,15.627599610700791,28.48665493573122,13.823486815634649,-24.04414821739718,61.25737225747028,28.767184729860254,13.542957021505615,7.859041218167752,34.451100533198115,29.65506772027595,12.655074031089917,32.38907142235825,9.92107032900762,-36.78725568238302,63.87316972539425,42.31014175136587,-19.410407513083157,-42.13673232954575,-15.99919343144223,-14.753049222858849,-18.60661202003655,-40.65045613996563,-15.627599610700791,-13.823486815634649,-13.542957021505615,-34.451100533198115,-12.655074031089917,-9.92107032900762,-71.16096089500813,32.340145868841816,-61.25737225747028,24.04414821739718,-63.87316972539425,36.78725568238302,5.867450491577543,True,-19.410407513083157,-14.753049222858849
2014,house,103,D,5608.0,Barbara A. Drummond,alabama_sos,ALPERSON-BARBARA-A-DRUMMOND,AL-2014-house-103-D-BARBARA-A-DRUMMOND,0,1,AL-2014-house-103-D-BARBARA-A-DRUMMOND,35.36338514022832,15.926929662463486,10.915663481746643,40.37465132094516,30.83962162825634,20.450693174435465,36.0372430682895,15.253071734402305,-35.82362371946149,67.67748304438845,37.496790442887054,13.79352435980475,12.805158619204265,38.48515618348754,33.010538060317515,18.27977674237429,38.11392767015401,13.17638713253779,-28.85723587762898,56.44428459723848,41.50453810783897,9.785776694852835,18.03115994169255,33.25915486099925,37.83991052620484,13.450404276486964,42.07215249499299,9.218162307698812,-40.5444360090358,60.11598939874147,51.2903148026918,15.926929662463486,40.37465132094516,20.450693174435465,15.253071734402305,13.79352435980475,38.48515618348754,18.27977674237429,13.17638713253779,9.785776694852835,33.25915486099925,13.450404276486964,9.218162307698812,-35.82362371946149,67.67748304438845,-28.85723587762898,56.44428459723848,-40.5444360090358,60.11598939874147,6.141152967610651,True,15.926929662463486,15.253071734402305
2014,house,103,R,2065.0,Ralph Carmichael,alabama_sos,ALPERSON-RALPH-CARMICHAEL,AL-2014-house-103-R-RALPH-CARMICHAEL,0,0,AL-2014-house-103-R-RALPH-CARMICHAEL,35.36338514022832,15.926929662463486,10.915663481746643,40.37465132094516,30.83962162825634,20.450693174435465,36.0372430682895,15.253071734402305,-35.82362371946149,67.67748304438845,37.496790442887054,13.79352435980475,12.805158619204265,38.48515618348754,33.010538060317515,18.27977674237429,38.11392767015401,13.17638713253779,-28.85723587762898,56.44428459723848,41.50453810783897,9.785776694852835,18.03115994169255,33.25915486099925,37.83991052620484,13.450404276486964,42.07215249499299,9.218162307698812,-40.5444360090358,60.11598939874147,51.2903148026918,-15.926929662463486,-40.37465132094516,-20.450693174435465,-15.253071734402305,-13.79352435980475,-38.48515618348754,-18.27977674237429,-13.17638713253779,-9.785776694852835,-33.25915486099925,-13.450404276486964,-9.218162307698812,-67.67748304438845,35.82362371946149,-56.44428459723848,28.85723587762898,-60.11598939874147,40.5444360090358,6.141152967610651,True,-15.926929662463486,-15.253071734402305
2014,senate,1,D,13704.0,Mike Curtis,alabama_sos,ALPERSON-MIKE-CURTIS,AL-2014-senate-1-D-MIKE-CURTIS,0,0,AL-2014-senate-1-D-MIKE-CURTIS,-0.4918213268910989,14.36872093636415,-26.218496505574727,40.09539611504778,-2.7270062696370436,16.603905879110094,0.32087705021709123,13.556022559255961,-37.381832445560825,66.11927431828913,4.671337389002906,9.205562220470146,-21.503552278101303,35.38045188757435,1.8355093124723147,12.041390297000737,6.092872876876573,7.7840267325964785,-33.44519801696359,51.85632245790387,3.8837335442692296,9.993166065203821,-17.125570966651576,31.00247057612463,1.081385209409703,12.795514400063349,4.339930066321328,9.536969543151724,-40.33704663868481,60.32337876909246,13.876899609473051,14.36872093636415,40.09539611504778,16.603905879110094,13.556022559255961,9.205562220470146,35.38045188757435,12.041390297000737,7.7840267325964785,9.993166065203821,31.00247057612463,12.795514400063349,9.536969543151724,-37.381832445560825,66.11927431828913,-33.44519801696359,51.85632245790387,-40.33704663868481,60.32337876909246,5.163158715894005,True,14.36872093636415,13.556022559255961
2014,senate,1,R,22982.0,Tim Melson,alabama_sos,ALPERSON-TIM-MELSON,AL-2014-senate-1-R-TIM-MELSON,0,1,AL-2014-senate-1-R-TIM-MELSON,-0.4918213268910989,14.36872093636415,-26.218496505574727,40.09539611504778,-2.7270062696370436,16.603905879110094,0.32087705021709123,13.556022559255961,-37.381832445560825,66.11927431828913,4.671337389002906,9.205562220470146,-21.503552278101303,35.38045188757435,1.8355093124723147,12.041390297000737,6.092872876876573,7.7840267325964785,-33.44519801696359,51.85632245790387,3.8837335442692296,9.993166065203821,-17.125570966651576,31.00247057612463,1.081385209409703,12.795514400063349,4.339930066321328,9.536969543151724,-40.33704663868481,60.32337876909246,13.876899609473051,-14.36872093636415,-40.09539611504778,-16.603905879110094,-13.556022559255961,-9.205562220470146,-35.38045188757435,-12.041390297000737,-7.7840267325964785,-9.993166065203821,-31.00247057612463,-12.795514400063349,-9.536969543151724,-66.11927431828913,37.381832445560825,-51.85632245790387,33.44519801696359,-60.32337876909246,40.33704663868481,5.163158715894005,True,-14.36872093636415,-13.556022559255961
2014,senate,4,D,8875.0,"Angelo ""Doc"" Mancuso",alabama_sos,ALPERSON-ANGELO-DOC-MANCUSO,AL-2014-senate-4-D-ANGELO-DOC-MANCUSO,0,0,AL-2014-senate-4-D-ANGELO-DOC-MANCUSO,7.469731513706231,-3.9164197492927375,-21.934441253980307,25.4877530183938,10.10063033156752,-6.5473185671540275,9.609351700231002,-6.056039935817509,-55.66697313121771,47.83413363263224,7.777669920568304,-4.2243581561548105,-20.008518783218804,23.561830547632297,9.776125760193947,-6.222813995780454,9.370406050578797,-5.817094286165304,-46.87511839358854,38.42640208127892,10.920216357774112,-7.366904593360619,-11.851819565572118,15.405131329985611,15.374531856572384,-11.82122009215889,14.382795462059931,-10.829483697646438,-57.69711729724925,42.96330811052802,3.5533117644134933,-3.9164197492927375,25.4877530183938,-6.5473185671540275,-6.056039935817509,-4.2243581561548105,23.561830547632297,-6.222813995780454,-5.817094286165304,-7.366904593360619,15.405131329985611,-11.82122009215889,-10.829483697646438,-55.66697313121771,47.83413363263224,-46.87511839358854,38.42640208127892,-57.69711729724925,42.96330811052802,3.4504848440678817,True,-3.9164197492927375,-6.056039935817509
2014,senate,4,R,24750.0,Paul Bussman,alabama_sos,ALPERSON-PAUL-BUSSMAN,AL-2014-senate-4-R-PAUL-BUSSMAN,0,1,AL-2014-senate-4-R-PAUL-BUSSMAN,7.469731513706231,-3.9164197492927375,-21.934441253980307,25.4877530183938,10.10063033156752,-6.5473185671540275,9.609351700231002,-6.056039935817509,-55.66697313121771,47.83413363263224,7.777669920568304,-4.2243581561548105,-20.008518783218804,23.561830547632297,9.776125760193947,-6.222813995780454,9.370406050578797,-5.817094286165304,-46.87511839358854,38.42640208127892,10.920216357774112,-7.366904593360619,-11.851819565572118,15.405131329985611,15.374531856572384,-11.82122009215889,14.382795462059931,-10.829483697646438,-57.69711729724925,42.96330811052802,3.5533117644134933,3.9164197492927375,-25.4877530183938,6.5473185671540275,6.056039935817509,4.2243581561548105,-23.561830547632297,6.222813995780454,5.817094286165304,7.366904593360619,-15.405131329985611,11.82122009215889,10.829483697646438,-47.83413363263224,55.66697313121771,-38.42640208127892,46.87511839358854,-42.96330811052802,57.69711729724925,3.4504848440678817,True,3.9164197492927375,6.056039935817509
2014,senate,6,D,17574.0,"Roger Bedford, Jr.",alabama_sos,ALPERSON-ROGER-BEDFORD-JR,AL-2014-senate-6-D-ROGER-BEDFORD-JR,0,0,AL-2014-senate-6-D-ROGER-BEDFORD-JR,16.531785747863996,4.935843998568366,-13.404798303197436,34.8724280496298,17.354313653184164,4.113316093248198,15.668776173007256,5.798853573425106,-46.81470938335661,56.68639738049334,18.44015155891003,3.0274781875223304,-10.915689923293177,32.38331966972554,18.82922140501102,2.638408341421343,17.02446144641462,4.443168300017742,-39.623282049911396,45.678238424956064,20.37107204391382,1.0965577025185418,-5.739052570756206,27.206682317188566,20.125048741875684,1.3425810045566777,19.22025414108681,2.247375605345553,-49.233655001370096,51.42677040640717,21.46762974643236,4.935843998568366,34.8724280496298,4.113316093248198,5.798853573425106,3.0274781875223304,32.38331966972554,2.638408341421343,4.443168300017742,1.0965577025185418,27.206682317188566,1.3425810045566777,2.247375605345553,-46.81470938335661,56.68639738049334,-39.623282049911396,45.678238424956064,-49.233655001370096,51.42677040640717,3.839286296049824,True,4.935843998568366,5.798853573425106
2014,senate,6,R,17641.0,Larry Stutts,alabama_sos,ALPERSON-LARRY-STUTTS,AL-2014-senate-6-R-LARRY-STUTTS,0,1,AL-2014-senate-6-R-LARRY-STUTTS,16.531785747863996,4.935843998568366,-13.404798303197436,34.8724280496298,17.354313653184164,4.113316093248198,15.668776173007256,5.798853573425106,-46.81470938335661,56.68639738049334,18.44015155891003,3.0274781875223304,-10.915689923293177,32.38331966972554,18.82922140501102,2.638408341421343,17.02446144641462,4.443168300017742,-39.623282049911396,45.678238424956064,20.37107204391382,1.0965577025185418,-5.739052570756206,27.206682317188566,20.125048741875684,1.3425810045566777,19.22025414108681,2.247375605345553,-49.233655001370096,51.42677040640717,21.46762974643236,-4.935843998568366,-34.8724280496298,-4.113316093248198,-5.798853573425106,-3.0274781875223304,-32.38331966972554,-2.638408341421343,-4.443168300017742,-1.0965577025185418,-27.206682317188566,-1.3425810045566777,-2.247375605345553,-56.68639738049334,46.81470938335661,-45.678238424956064,39.623282049911396,-51.42677040640717,49.233655001370096,3.839286296049824,True,-4.935843998568366,-5.798853573425106
2014,senate,7,D,12404.0,Bryan Bennett,alabama_sos,ALPERSON-BRYAN-BENNETT,AL-2014-senate-7-D-BRYAN-BENNETT,0,0,AL-2014-senate-7-D-BRYAN-BENNETT,12.801553049428353,-13.896236457919663,-9.868001335711238,8.773317927219928,11.871768623471755,-12.966452031963065,10.155627573613819,-11.250310982105129,-65.64678983984464,37.85431692400531,6.71465869983883,-7.8093421083301395,-10.532215604014688,9.437532195523378,5.253368151159682,-6.348051559650992,5.173375099662906,-6.268058508154216,-50.46010234576387,34.84141812910359,-2.0000774164750394,0.9053940079837295,-16.723427341076505,15.628743932585195,-4.277850375396435,3.183166966905125,-3.1494275384419925,2.0547441299506826,-49.424818695904904,51.235606711872364,-1.09468340849131,-13.896236457919663,8.773317927219928,-12.966452031963065,-11.250310982105129,-7.8093421083301395,9.437532195523378,-6.348051559650992,-6.268058508154216,0.9053940079837295,15.628743932585195,3.183166966905125,2.0547441299506826,-65.64678983984464,37.85431692400531,-50.46010234576387,34.84141812910359,-49.424818695904904,51.235606711872364,14.801630465903393,True,-13.896236457919663,-11.250310982105129
2014,senate,7,R,22873.0,Paul L. Sanford,alabama_sos,ALPERSON-PAUL-L-SANFORD,AL-2014-senate-7-R-PAUL-L-SANFORD,0,1,AL-2014-senate-7-R-PAUL-L-SANFORD,12.801553049428353,-13.896236457919663,-9.868001335711238,8.773317927219928,11.871768623471755,-12.966452031963065,10.155627573613819,-11.250310982105129,-65.64678983984464,37.85431692400531,6.71465869983883,-7.8093421083301395,-10.532215604014688,9.437532195523378,5.253368151159682,-6.348051559650992,5.173375099662906,-6.268058508154216,-50.46010234576387,34.84141812910359,-2.0000774164750394,0.9053940079837295,-16.723427341076505,15.628743932585195,-4.277850375396435,3.183166966905125,-3.1494275384419925,2.0547441299506826,-49.424818695904904,51.235606711872364,-1.09468340849131,13.896236457919663,-8.773317927219928,12.966452031963065,11.250310982105129,7.8093421083301395,-9.437532195523378,6.348051559650992,6.268058508154216,-0.9053940079837295,-15.628743932585195,-3.183166966905125,-2.0547441299506826,-37.85431692400531,65.64678983984464,-34.84141812910359,50.46010234576387,-51.235606711872364,49.424818695904904,14.801630465903393,True,13.896236457919663,11.250310982105129
2014,senate,8,D,5980.0,Horace Clemmons,alabama_sos,ALPERSON-HORACE-CLEMMONS,AL-2014-senate-8-D-HORACE-CLEMMONS,0,0,AL-2014-senate-8-D-HORACE-CLEMMONS,7.031775978016848,-12.6022579986118,-23.333647862147984,17.763165841553032,4.918730684863346,-10.489212705458296,5.573239051206572,-11.143721071801524,-64.35281138053678,39.148295383313176,-0.061288841515483305,-5.509193179079468,-24.966450670097537,19.395968649502585,-4.445622304501638,-1.1248597160933134,-1.9756721019230223,-3.5948099186719293,-48.1599534165132,37.14156705835426,11.660413961634486,-17.230895982229438,-13.879310853017879,8.308828832422927,10.252341333250586,-15.822823353845537,9.933251586743204,-15.503733607338155,-67.56110868611808,33.09931672165919,-5.570482020594952,-12.6022579986118,17.763165841553032,-10.489212705458296,-11.143721071801524,-5.509193179079468,19.395968649502585,-1.1248597160933134,-3.5948099186719293,-17.230895982229438,8.308828832422927,-15.822823353845537,-15.503733607338155,-64.35281138053678,39.148295383313176,-48.1599534165132,37.14156705835426,-67.56110868611808,33.09931672165919,11.72170280314997,True,-12.6022579986118,-11.143721071801524
2014,senate,8,R,15666.0,Steve Livingston,alabama_sos,ALPERSON-STEVE-LIVINGSTON,AL-2014-senate-8-R-STEVE-LIVINGSTON,0,1,AL-2014-senate-8-R-STEVE-LIVINGSTON,7.031775978016848,-12.6022579986118,-23.333647862147984,17.763165841553032,4.918730684863346,-10.489212705458296,5.573239051206572,-11.143721071801524,-64.35281138053678,39.148295383313176,-0.061288841515483305,-5.509193179079468,-24.966450670097537,19.395968649502585,-4.445622304501638,-1.1248597160933134,-1.9756721019230223,-3.5948099186719293,-48.1599534165132,37.14156705835426,11.660413961634486,-17.230895982229438,-13.879310853017879,8.308828832422927,10.252341333250586,-15.822823353845537,9.933251586743204,-15.503733607338155,-67.56110868611808,33.09931672165919,-5.570482020594952,12.6022579986118,-17.763165841553032,10.489212705458296,11.143721071801524,5.509193179079468,-19.395968649502585,1.1248597160933134,3.5948099186719293,17.230895982229438,-8.308828832422927,15.822823353845537,15.503733607338155,-39.148295383313176,64.35281138053678,-37.14156705835426,48.1599534165132,-33.09931672165919,67.56110868611808,11.72170280314997,True,12.6022579986118,11.143721071801524
2014,senate,10,D,16216.0,Larry Means,alabama_sos,ALPERSON-LARRY-MEANS,AL-2014-senate-10-D-LARRY-MEANS,0,0,AL-2014-senate-10-D-LARRY-MEANS,7.4855144396140325,20.716753369660587,-21.245884196966628,49.448152006241244,4.681597031911078,23.52067077736354,7.850810037868957,20.351457771405663,-31.033800012264386,72.46730675158557,12.095232089050628,16.10703572022399,-16.81912193199524,45.02138974126986,9.108417649675214,19.093850159599405,13.109388644645712,15.092879164628908,-26.54372451720974,58.75779595765772,11.497843088423137,16.704424720851485,-12.29393376173103,40.49620157100565,8.495708075847466,19.706559733427156,11.879317479308664,16.322950329965956,-33.62578798303715,67.03463742474011,28.20226780927462,20.716753369660587,49.448152006241244,23.52067077736354,20.351457771405663,16.10703572022399,45.02138974126986,19.093850159599405,15.092879164628908,16.704424720851485,40.49620157100565,19.706559733427156,16.322950329965956,-31.033800012264386,72.46730675158557,-26.54372451720974,58.75779595765772,-33.62578798303715,67.03463742474011,4.609717649436597,True,20.716753369660587,20.351457771405663
2014,senate,10,R,17378.0,Phil Williams,alabama_sos,ALPERSON-PHIL-WILLIAMS,AL-2014-senate-10-R-PHIL-WILLIAMS,0,1,AL-2014-senate-10-R-PHIL-WILLIAMS,7.4855144396140325,20.716753369660587,-21.245884196966628,49.448152006241244,4.681597031911078,23.52067077736354,7.850810037868957,20.351457771405663,-31.033800012264386,72.46730675158557,12.095232089050628,16.10703572022399,-16.81912193199524,45.02138974126986,9.108417649675214,19.093850159599405,13.109388644645712,15.092879164628908,-26.54372451720974,58.75779595765772,11.497843088423137,16.704424720851485,-12.29393376173103,40.49620157100565,8.495708075847466,19.706559733427156,11.879317479308664,16.322950329965956,-33.62578798303715,67.03463742474011,28.20226780927462,-20.716753369660587,-49.448152006241244,-23.52067077736354,-20.351457771405663,-16.10703572022399,-45.02138974126986,-19.093850159599405,-15.092879164628908,-16.704424720851485,-40.49620157100565,-19.706559733427156,-16.322950329965956,-72.46730675158557,31.033800012264386,-58.75779595765772,26.54372451720974,-67.03463742474011,33.62578798303715,4.609717649436597,True,-20.716753369660587,-20.351457771405663
2014,senate,11,D,6981.0,Ron Crumpton,alabama_sos,ALPERSON-RON-CRUMPTON,AL-2014-senate-11-D-RON-CRUMPTON,0,0,AL-2014-senate-11-D-RON-CRUMPTON,-0.6444046468667377,-9.915863386597046,-28.038284160487237,17.47801612702345,-2.06010101810274,-8.500167015361043,-1.0185546053656749,-9.54171342809811,-61.66641676852202,41.83468999532793,-5.611578732514038,-4.948689300949746,-28.54303313725231,17.982765103788523,-6.1114208407706485,-4.448847192693135,-6.007686923726165,-4.552581109737618,-47.599449538383475,37.702070936483985,4.040673627607009,-14.600941661070792,-18.698499779753586,8.138231746289803,3.2091778295423117,-13.769445863006094,2.978450967447147,-13.53871900091093,-64.93115436495943,35.72927104281784,-10.560268033463784,-9.915863386597046,17.47801612702345,-8.500167015361043,-9.54171342809811,-4.948689300949746,17.982765103788523,-4.448847192693135,-4.552581109737618,-14.600941661070792,8.138231746289803,-13.769445863006094,-13.53871900091093,-61.66641676852202,41.83468999532793,-47.599449538383475,37.702070936483985,-64.93115436495943,35.72927104281784,9.652252360121047,True,-9.915863386597046,-9.54171342809811
2014,senate,11,R,24318.0,Jim McClendon,alabama_sos,ALPERSON-JIM-MCCLENDON,AL-2014-senate-11-R-JIM-MCCLENDON,0,1,AL-2014-senate-11-R-JIM-MCCLENDON,-0.6444046468667377,-9.915863386597046,-28.038284160487237,17.47801612702345,-2.06010101810274,-8.500167015361043,-1.0185546053656749,-9.54171342809811,-61.66641676852202,41.83468999532793,-5.611578732514038,-4.948689300949746,-28.54303313725231,17.982765103788523,-6.1114208407706485,-4.448847192693135,-6.007686923726165,-4.552581109737618,-47.599449538383475,37.702070936483985,4.040673627607009,-14.600941661070792,-18.698499779753586,8.138231746289803,3.2091778295423117,-13.769445863006094,2.978450967447147,-13.53871900091093,-64.93115436495943,35.72927104281784,-10.560268033463784,9.915863386597046,-17.47801612702345,8.500167015361043,9.54171342809811,4.948689300949746,-17.982765103788523,4.448847192693135,4.552581109737618,14.600941661070792,-8.138231746289803,13.769445863006094,13.53871900091093,-41.83468999532793,61.66641676852202,-37.702070936483985,47.599449538383475,-35.72927104281784,64.93115436495943,9.652252360121047,True,9.915863386597046,9.54171342809811
2014,senate,12,D,1152.0,Taylor Stewart,alabama_sos,ALPERSON-TAYLOR-STEWART,AL-2014-senate-12-D-TAYLOR-STEWART,0,0,AL-2014-senate-12-D-TAYLOR-STEWART,16.238583579524427,-8.776948843007514,-13.86360136317519,21.325236099692106,16.695442534493736,-9.233807797976823,14.330550662700663,-6.86891592618375,-60.52750222493249,42.973604538917456,20.346654379640032,-12.885019643123119,-9.855998226751767,17.31763296326868,26.148834499098545,-18.68719976258163,20.77068033512839,-13.309045598611476,-55.535779880556845,29.76574059431061,15.790996263661656,-8.329361527144743,-8.592424914874986,16.0540596513919,13.504460510495921,-6.042825773979008,13.31792664300195,-5.856291906485037,-58.659574231033375,42.00085117674389,7.461634736516913,-8.776948843007514,21.325236099692106,-9.233807797976823,-6.86891592618375,-12.885019643123119,17.31763296326868,-18.68719976258163,-13.309045598611476,-8.329361527144743,16.0540596513919,-6.042825773979008,-5.856291906485037,-60.52750222493249,42.973604538917456,-55.535779880556845,29.76574059431061,-58.659574231033375,42.00085117674389,4.555658115978376,True,-8.776948843007514,-6.86891592618375
2014,senate,12,R,1575.0,Del Marsh,alabama_sos,ALPERSON-DEL-MARSH,AL-2014-senate-12-R-DEL-MARSH,0,1,AL-2014-senate-12-R-DEL-MARSH,16.238583579524427,-8.776948843007514,-13.86360136317519,21.325236099692106,16.695442534493736,-9.233807797976823,14.330550662700663,-6.86891592618375,-60.52750222493249,42.973604538917456,20.346654379640032,-12.885019643123119,-9.855998226751767,17.31763296326868,26.148834499098545,-18.68719976258163,20.77068033512839,-13.309045598611476,-55.535779880556845,29.76574059431061,15.790996263661656,-8.329361527144743,-8.592424914874986,16.0540596513919,13.504460510495921,-6.042825773979008,13.31792664300195,-5.856291906485037,-58.659574231033375,42.00085117674389,7.461634736516913,8.776948843007514,-21.325236099692106,9.233807797976823,6.86891592618375,12.885019643123119,-17.31763296326868,18.68719976258163,13.309045598611476,8.329361527144743,-16.0540596513919,6.042825773979008,5.856291906485037,-42.973604538917456,60.52750222493249,-29.76574059431061,55.535779880556845,-42.00085117674389,58.659574231033375,4.555658115978376,True,8.776948843007514,6.86891592618375
2014,senate,13,D,9623.0,Darrell Turner,alabama_sos,ALPERSON-DARRELL-TURNER,AL-2014-senate-13-D-DARRELL-TURNER,0,0,AL-2014-senate-13-D-DARRELL-TURNER,6.827552632506839,-4.039849728191401,-20.639071051514268,23.426773955829706,6.40985826662167,-3.6221553623062324,6.93255319084512,-4.144850286529682,-55.79040311011637,47.710703653733574,-2.52182896117944,5.309531865494878,-23.17528252337454,25.96298542768998,-1.6843965666424126,4.4720994709578505,-2.099727479604521,4.887430383919959,-37.341228371938854,47.960292102928605,4.188842551240903,-1.4011396469254649,-16.40099479504505,19.18869769936049,4.02822087464748,-1.240517970332042,3.9225740375916143,-1.1348711332761763,-51.7313523508141,48.92907305696317,2.787702904315438,-4.039849728191401,23.426773955829706,-3.6221553623062324,-4.144850286529682,5.309531865494878,25.96298542768998,4.4720994709578505,4.887430383919959,-1.4011396469254649,19.18869769936049,-1.240517970332042,-1.1348711332761763,-55.79040311011637,47.710703653733574,-37.341228371938854,47.960292102928605,-51.7313523508141,48.92907305696317,9.349381593686278,False,-4.039849728191401,-4.144850286529682
2014,senate,13,R,15159.0,Gerald Dial,alabama_sos,ALPERSON-GERALD-DIAL,AL-2014-senate-13-R-GERALD-DIAL,0,1,AL-2014-senate-13-R-GERALD-DIAL,6.827552632506839,-4.039849728191401,-20.639071051514268,23.426773955829706,6.40985826662167,-3.6221553623062324,6.93255319084512,-4.144850286529682,-55.79040311011637,47.710703653733574,-2.52182896117944,5.309531865494878,-23.17528252337454,25.96298542768998,-1.6843965666424126,4.4720994709578505,-2.099727479604521,4.887430383919959,-37.341228371938854,47.960292102928605,4.188842551240903,-1.4011396469254649,-16.40099479504505,19.18869769936049,4.02822087464748,-1.240517970332042,3.9225740375916143,-1.1348711332761763,-51.7313523508141,48.92907305696317,2.787702904315438,4.039849728191401,-23.426773955829706,3.6221553623062324,4.144850286529682,-5.309531865494878,-25.96298542768998,-4.4720994709578505,-4.887430383919959,1.4011396469254649,-19.18869769936049,1.240517970332042,1.1348711332761763,-47.710703653733574,55.79040311011637,-47.960292102928605,37.341228371938854,-48.92907305696317,51.7313523508141,9.349381593686278,False,4.039849728191401,4.144850286529682
2014,senate,16,D,14181.0,Cindy Bell,alabama_sos,ALPERSON-CINDY-BELL,AL-2014-senate-16-D-CINDY-BELL,0,0,AL-2014-senate-16-D-CINDY-BELL,2.014713865093439,-31.01192573213335,-16.107926451657626,-12.889285415382282,-0.6445737072560735,-28.352638159783837,-0.8814347231600363,-28.11577714387987,-82.76247911405832,20.738627649791624,5.309228806117716,-34.306440673157624,-12.16983583439178,-16.82737603264813,4.901574741006224,-33.89878660804613,3.1785421797656186,-32.17575404680553,-76.95720091059135,8.344319564276105,4.36195230096954,-33.35916416800945,-11.307135025381495,-17.690076841658414,1.59496983442902,-30.592181701468927,1.5062580022970726,-30.503469869336982,-83.68937687189808,16.971048535879184,-28.99721186703991,-31.01192573213335,-12.889285415382282,-28.352638159783837,-28.11577714387987,-34.306440673157624,-16.82737603264813,-33.89878660804613,-32.17575404680553,-33.35916416800945,-17.690076841658414,-30.592181701468927,-30.503469869336982,-82.76247911405832,20.738627649791624,-76.95720091059135,8.344319564276105,-83.68937687189808,16.971048535879184,3.294514941024275,True,-31.01192573213335,-28.11577714387987
2014,senate,16,R,46221.0,"J.T. ""Jabo"" Waggoner",alabama_sos,ALPERSON-J-T-JABO-WAGGONER,AL-2014-senate-16-R-J-T-JABO-WAGGONER,0,1,AL-2014-senate-16-R-J-T-JABO-WAGGONER,2.014713865093439,-31.01192573213335,-16.107926451657626,-12.889285415382282,-0.6445737072560735,-28.352638159783837,-0.8814347231600363,-28.11577714387987,-82.76247911405832,20.738627649791624,5.309228806117716,-34.306440673157624,-12.16983583439178,-16.82737603264813,4.901574741006224,-33.89878660804613,3.1785421797656186,-32.17575404680553,-76.95720091059135,8.344319564276105,4.36195230096954,-33.35916416800945,-11.307135025381495,-17.690076841658414,1.59496983442902,-30.592181701468927,1.5062580022970726,-30.503469869336982,-83.68937687189808,16.971048535879184,-28.99721186703991,31.01192573213335,12.889285415382282,28.352638159783837,28.11577714387987,34.306440673157624,16.82737603264813,33.89878660804613,32.17575404680553,33.35916416800945,17.690076841658414,30.592181701468927,30.503469869336982,-20.738627649791624,82.76247911405832,-8.344319564276105,76.95720091059135,-16.971048535879184,83.68937687189808,3.294514941024275,True,31.01192573213335,28.11577714387987
2014,senate,21,D,9243.0,Phil Poole,alabama_sos,ALPERSON-PHIL-POOLE,AL-2014-senate-21-D-PHIL-POOLE,0,0,AL-2014-senate-21-D-PHIL-POOLE,-3.515247195121244,3.2882153311547206,-27.746110814405796,27.519078950439273,-3.3529888106787737,3.1259569467122503,-3.837018368513333,3.60998650454681,-48.462338050770256,55.03876871307969,2.357582670419286,-2.5846145343858096,-23.805100006721048,23.578068142754525,3.6046387102729467,-3.83167057423947,2.17327491154889,-2.4003067755154133,-45.23537477181954,40.06614570304792,-5.041963427527315,4.814931563560791,-21.603336212049623,21.3763043480831,-4.389434055414878,4.162402191448354,-4.8586758583025755,4.631643994336052,-45.51528114032784,55.145144267449425,-0.2270318639665234,3.2882153311547206,27.519078950439273,3.1259569467122503,3.60998650454681,-2.5846145343858096,23.578068142754525,-3.83167057423947,-2.4003067755154133,4.814931563560791,21.3763043480831,4.162402191448354,4.631643994336052,-48.462338050770256,55.03876871307969,-45.23537477181954,40.06614570304792,-45.51528114032784,55.145144267449425,7.399546097946601,False,3.2882153311547206,3.60998650454681
2014,senate,21,R,14952.0,Gerald Allen,alabama_sos,ALPERSON-GERALD-ALLEN,AL-2014-senate-21-R-GERALD-ALLEN,0,1,AL-2014-senate-21-R-GERALD-ALLEN,-3.515247195121244,3.2882153311547206,-27.746110814405796,27.519078950439273,-3.3529888106787737,3.1259569467122503,-3.837018368513333,3.60998650454681,-48.462338050770256,55.03876871307969,2.357582670419286,-2.5846145343858096,-23.805100006721048,23.578068142754525,3.6046387102729467,-3.83167057423947,2.17327491154889,-2.4003067755154133,-45.23537477181954,40.06614570304792,-5.041963427527315,4.814931563560791,-21.603336212049623,21.3763043480831,-4.389434055414878,4.162402191448354,-4.8586758583025755,4.631643994336052,-45.51528114032784,55.145144267449425,-0.2270318639665234,-3.2882153311547206,-27.519078950439273,-3.1259569467122503,-3.60998650454681,2.5846145343858096,-23.578068142754525,3.83167057423947,2.4003067755154133,-4.814931563560791,-21.3763043480831,-4.162402191448354,-4.631643994336052,-55.03876871307969,48.462338050770256,-40.06614570304792,45.23537477181954,-55.145144267449425,45.51528114032784,7.399546097946601,False,-3.2882153311547206,-3.60998650454681
2014,senate,22,D,7500.0,Susan Smith,alabama_sos,ALPERSON-SUSAN-SMITH,AL-2014-senate-22-D-SUSAN-SMITH,0,0,AL-2014-senate-22-D-SUSAN-SMITH,6.578472864569441,-10.790727689088612,-21.63669815887177,17.4244433343526,9.261733987484622,-13.473988812003793,5.514409813021823,-9.726664637540994,-62.541281071013586,40.95982569283636,15.488231239657052,-19.700486064176225,-16.552916246979393,12.340661422460222,14.587070797095782,-18.799325621614955,12.398718608128451,-16.610973432647622,-62.351246301609955,22.950274173257505,10.461574612304815,-14.673829436823986,-13.485516702634472,9.273261878115301,11.821407412784954,-16.033662237304124,8.94798832244211,-13.160243146961282,-65.00404214071261,35.65638326706465,-4.212254824519171,-10.790727689088612,17.4244433343526,-13.473988812003793,-9.726664637540994,-19.700486064176225,12.340661422460222,-18.799325621614955,-16.610973432647622,-14.673829436823986,9.273261878115301,-16.033662237304124,-13.160243146961282,-62.541281071013586,40.95982569283636,-62.351246301609955,22.950274173257505,-65.00404214071261,35.65638326706465,8.909758375087613,True,-10.790727689088612,-9.726664637540994
2014,senate,22,R,17929.0,Greg Albritton,alabama_sos,ALPERSON-GREG-ALBRITTON,AL-2014-senate-22-R-GREG-ALBRITTON,0,1,AL-2014-senate-22-R-GREG-ALBRITTON,6.578472864569441,-10.790727689088612,-21.63669815887177,17.4244433343526,9.261733987484622,-13.473988812003793,5.514409813021823,-9.726664637540994,-62.541281071013586,40.95982569283636,15.488231239657052,-19.700486064176225,-16.552916246979393,12.340661422460222,14.587070797095782,-18.799325621614955,12.398718608128451,-16.610973432647622,-62.351246301609955,22.950274173257505,10.461574612304815,-14.673829436823986,-13.485516702634472,9.273261878115301,11.821407412784954,-16.033662237304124,8.94798832244211,-13.160243146961282,-65.00404214071261,35.65638326706465,-4.212254824519171,10.790727689088612,-17.4244433343526,13.473988812003793,9.726664637540994,19.700486064176225,-12.340661422460222,18.799325621614955,16.610973432647622,14.673829436823986,-9.273261878115301,16.033662237304124,13.160243146961282,-40.95982569283636,62.541281071013586,-22.950274173257505,62.351246301609955,-35.65638326706465,65.00404214071261,8.909758375087613,True,10.790727689088612,9.726664637540994
2014,senate,27,D,10358.0,Haylee Moss,alabama_sos,ALPERSON-HAYLEE-MOSS,AL-2014-senate-27-D-HAYLEE-MOSS,0,0,AL-2014-senate-27-D-HAYLEE-MOSS,2.0349351943067155,-13.232113371134922,-18.022137704474456,6.82495952764625,3.567668590813711,-14.764846767641917,3.5695017113295373,-14.766679888157743,-64.9826667530599,38.51844001079005,5.199646191762422,-16.39682436859063,-14.375608777049587,3.1784306002213807,10.131153849114026,-21.32833202594223,9.178681149476738,-20.375859326304944,-59.04758460602436,26.2539358688431,3.9184765912365,-15.115654768064706,-11.702841024635884,0.5056628478076775,6.045775469779029,-17.242953646607234,6.344116182279486,-17.54129435910769,-65.44586747195333,35.214557935823926,-11.197178176828206,-13.232113371134922,6.82495952764625,-14.764846767641917,-14.766679888157743,-16.39682436859063,3.1784306002213807,-21.32833202594223,-20.375859326304944,-15.115654768064706,0.5056628478076775,-17.242953646607234,-17.54129435910769,-64.9826667530599,38.51844001079005,-59.04758460602436,26.2539358688431,-65.44586747195333,35.214557935823926,3.164710997455707,True,-13.232113371134922,-14.766679888157743
2014,senate,27,R,19808.0,Tom Whatley,alabama_sos,ALPERSON-TOM-WHATLEY,AL-2014-senate-27-R-TOM-WHATLEY,0,1,AL-2014-senate-27-R-TOM-WHATLEY,2.0349351943067155,-13.232113371134922,-18.022137704474456,6.82495952764625,3.567668590813711,-14.764846767641917,3.5695017113295373,-14.766679888157743,-64.9826667530599,38.51844001079005,5.199646191762422,-16.39682436859063,-14.375608777049587,3.1784306002213807,10.131153849114026,-21.32833202594223,9.178681149476738,-20.375859326304944,-59.04758460602436,26.2539358688431,3.9184765912365,-15.115654768064706,-11.702841024635884,0.5056628478076775,6.045775469779029,-17.242953646607234,6.344116182279486,-17.54129435910769,-65.44586747195333,35.214557935823926,-11.197178176828206,13.232113371134922,-6.82495952764625,14.764846767641917,14.766679888157743,16.39682436859063,-3.1784306002213807,21.32833202594223,20.375859326304944,15.115654768064706,-0.5056628478076775,17.242953646607234,17.54129435910769,-38.51844001079005,64.9826667530599,-26.2539358688431,59.04758460602436,-35.214557935823926,65.44586747195333,3.164710997455707,True,13.232113371134922,14.766679888157743
2014,senate,28,D,17144.0,Billy Beasley,alabama_sos,ALPERSON-BILLY-BEASLEY,AL-2014-senate-28-D-BILLY-BEASLEY,0,1,AL-2014-senate-28-D-BILLY-BEASLEY,16.969128465364776,4.618228304279356,-2.7631446691052113,24.350501438749344,14.874626168674258,6.7127306009698735,18.91801903662318,2.669337733020953,-47.13232507764562,56.36878168620433,10.615885574997254,10.971471194646877,-4.351039368596098,25.93839613824023,10.599926931653362,10.987429837990769,13.152606028453267,8.434750741190864,-31.679289042786852,53.62223143208061,17.5240219942563,4.06333477538783,-0.3616299371879239,21.948986706832056,15.049194326703036,6.538162442941095,19.214376014457695,2.372980755186436,-46.266877928500804,54.393547479276464,21.58735676964413,4.618228304279356,24.350501438749344,6.7127306009698735,2.669337733020953,10.971471194646877,25.93839613824023,10.987429837990769,8.434750741190864,4.06333477538783,21.948986706832056,6.538162442941095,2.372980755186436,-47.13232507764562,56.36878168620433,-31.679289042786852,53.62223143208061,-46.266877928500804,54.393547479276464,6.908136419259048,True,4.618228304279356,2.669337733020953
2014,senate,28,R,7416.0,John Savage,alabama_sos,ALPERSON-JOHN-SAVAGE,AL-2014-senate-28-R-JOHN-SAVAGE,0,0,AL-2014-senate-28-R-JOHN-SAVAGE,16.969128465364776,4.618228304279356,-2.7631446691052113,24.350501438749344,14.874626168674258,6.7127306009698735,18.91801903662318,2.669337733020953,-47.13232507764562,56.36878168620433,10.615885574997254,10.971471194646877,-4.351039368596098,25.93839613824023,10.599926931653362,10.987429837990769,13.152606028453267,8.434750741190864,-31.679289042786852,53.62223143208061,17.5240219942563,4.06333477538783,-0.3616299371879239,21.948986706832056,15.049194326703036,6.538162442941095,19.214376014457695,2.372980755186436,-46.266877928500804,54.393547479276464,21.58735676964413,-4.618228304279356,-24.350501438749344,-6.7127306009698735,-2.669337733020953,-10.971471194646877,-25.93839613824023,-10.987429837990769,-8.434750741190864,-4.06333477538783,-21.948986706832056,-6.538162442941095,-2.372980755186436,-56.36878168620433,47.13232507764562,-53.62223143208061,31.679289042786852,-54.393547479276464,46.266877928500804,6.908136419259048,True,-4.618228304279356,-2.669337733020953
2014,senate,31,D,8627.0,Larry Greenwood,alabama_sos,ALPERSON-LARRY-GREENWOOD,AL-2014-senate-31-D-LARRY-GREENWOOD,0,0,AL-2014-senate-31-D-LARRY-GREENWOOD,21.441610822744995,-32.351535938275006,-8.164239089891405,-2.7456860256386104,22.300340941145617,-33.210266056675636,19.011260189411963,-29.92118530494198,-84.10208932019998,19.399017443649967,28.663863323757624,-39.57378843928764,-4.19276830472623,-6.717156810803785,31.34481468532582,-42.25473980085583,25.37897874006135,-36.288903855591364,-82.22454867672137,3.07697179814609,-3.8777326314573948,-7.03219248407262,-24.354889147946093,13.444964032416078,-2.7268239241942727,-8.183101191335743,-6.524089994467403,-4.3858351210626125,-57.36240518796126,43.29802021981601,-10.909925115530015,-32.351535938275006,-2.7456860256386104,-33.210266056675636,-29.92118530494198,-39.57378843928764,-6.717156810803785,-42.25473980085583,-36.288903855591364,-7.03219248407262,13.444964032416078,-8.183101191335743,-4.3858351210626125,-84.10208932019998,19.399017443649967,-82.22454867672137,3.07697179814609,-57.36240518796126,43.29802021981601,32.541595955215016,True,-32.351535938275006,-29.92118530494198
2014,senate,31,R,23066.0,Jimmy W. Holley,alabama_sos,ALPERSON-JIMMY-W-HOLLEY,AL-2014-senate-31-R-JIMMY-W-HOLLEY,0,1,AL-2014-senate-31-R-JIMMY-W-HOLLEY,21.441610822744995,-32.351535938275006,-8.164239089891405,-2.7456860256386104,22.300340941145617,-33.210266056675636,19.011260189411963,-29.92118530494198,-84.10208932019998,19.399017443649967,28.663863323757624,-39.57378843928764,-4.19276830472623,-6.717156810803785,31.34481468532582,-42.25473980085583,25.37897874006135,-36.288903855591364,-82.22454867672137,3.07697179814609,-3.8777326314573948,-7.03219248407262,-24.354889147946093,13.444964032416078,-2.7268239241942727,-8.183101191335743,-6.524089994467403,-4.3858351210626125,-57.36240518796126,43.29802021981601,-10.909925115530015,32.351535938275006,2.7456860256386104,33.210266056675636,29.92118530494198,39.57378843928764,6.717156810803785,42.25473980085583,36.288903855591364,7.03219248407262,-13.444964032416078,8.183101191335743,4.3858351210626125,-19.399017443649967,84.10208932019998,-3.07697179814609,82.22454867672137,-43.29802021981601,57.36240518796126,32.541595955215016,True,32.351535938275006,29.92118530494198
2014,senate,35,D,6862.0,Beau Doolittle,alabama_sos,ALPERSON-BEAU-DOOLITTLE,AL-2014-senate-35-D-BEAU-DOOLITTLE,0,0,AL-2014-senate-35-D-BEAU-DOOLITTLE,-0.25884662990001583,-29.643710357761538,-25.375619015340376,-4.5269379723211784,-0.40501160864365815,-29.497545379017897,-1.1555428239898218,-28.747014163671732,-81.39426373968651,22.106843024163435,-2.944733293250856,-26.9578236944107,-24.822023439511277,-5.080533548150278,-2.891106945262613,-27.01145004239894,-3.7220804413757804,-26.180476546285774,-69.60858393184444,15.69293654302303,2.2880287843874756,-32.19058577204903,-17.442673847046866,-12.45988314061469,2.874150968171464,-32.77670795583302,2.0840861856967843,-31.98664317335834,-82.52079847593767,18.1396269318396,-29.902556987661555,-29.643710357761538,-4.5269379723211784,-29.497545379017897,-28.747014163671732,-26.9578236944107,-5.080533548150278,-27.01145004239894,-26.180476546285774,-32.19058577204903,-12.45988314061469,-32.77670795583302,-31.98664317335834,-81.39426373968651,22.106843024163435,-69.60858393184444,15.69293654302303,-82.52079847593767,18.1396269318396,5.232762077638334,True,-29.643710357761538,-28.747014163671732
2014,senate,35,R,19173.0,Bill Hightower,alabama_sos,ALPERSON-BILL-HIGHTOWER,AL-2014-senate-35-R-BILL-HIGHTOWER,0,1,AL-2014-senate-35-R-BILL-HIGHTOWER,-0.25884662990001583,-29.643710357761538,-25.375619015340376,-4.5269379723211784,-0.40501160864365815,-29.497545379017897,-1.1555428239898218,-28.747014163671732,-81.39426373968651,22.106843024163435,-2.944733293250856,-26.9578236944107,-24.822023439511277,-5.080533548150278,-2.891106945262613,-27.01145004239894,-3.7220804413757804,-26.180476546285774,-69.60858393184444,15.69293654302303,2.2880287843874756,-32.19058577204903,-17.442673847046866,-12.45988314061469,2.874150968171464,-32.77670795583302,2.0840861856967843,-31.98664317335834,-82.52079847593767,18.1396269318396,-29.902556987661555,29.643710357761538,4.5269379723211784,29.497545379017897,28.747014163671732,26.9578236944107,5.080533548150278,27.01145004239894,26.180476546285774,32.19058577204903,12.45988314061469,32.77670795583302,31.98664317335834,-22.106843024163435,81.39426373968651,-15.69293654302303,69.60858393184444,-18.1396269318396,82.52079847593767,5.232762077638334,True,29.643710357761538,28.747014163671732
2018,house,2,D,4798.0,Lora Kay Morrow                       ,alabama_sos,ALPERSON-LORA-KAY-MORROW,AL-2018-house-2-D-LORA-KAY-MORROW,0,0,AL-2018-house-2-D-LORA-KAY-MORROW,-10.229144261515787,8.89734626069904,-7.352265552845088,6.020467552028341,-8.821133266142686,7.4893352653259395,-8.437550315990826,7.10575231517408,-42.853207121225935,60.64789964262401,-7.197392851396441,5.865594850579694,-4.429384469616213,3.0975864687994665,-3.4361735254145973,2.1043755245978506,-4.767788417779805,3.435990416963058,-36.78516538685403,48.51635508801343,-5.322532512190428,3.990734511373681,6.132802437954488,-7.464600438771234,-4.282607733636615,2.9508097328198684,-4.234503818497471,2.902705817680724,-46.33947819251495,54.320947215262315,-1.3317980008167467,8.89734626069904,6.020467552028341,7.4893352653259395,7.10575231517408,5.865594850579694,3.0975864687994665,2.1043755245978506,3.435990416963058,3.990734511373681,-7.464600438771234,2.9508097328198684,2.902705817680724,-42.853207121225935,60.64789964262401,-36.78516538685403,48.51635508801343,-46.33947819251495,54.320947215262315,4.906611749325359,True,8.89734626069904,7.10575231517408
2018,house,2,R,13056.0,Lynn Greer                            ,alabama_sos,ALPERSON-LYNN-GREER,AL-2018-house-2-R-LYNN-GREER,1,1,AL-2018-house-2-R-LYNN-GREER,-10.229144261515787,8.89734626069904,-7.352265552845088,6.020467552028341,-8.821133266142686,7.4893352653259395,-8.437550315990826,7.10575231517408,-42.853207121225935,60.64789964262401,-7.197392851396441,5.865594850579694,-4.429384469616213,3.0975864687994665,-3.4361735254145973,2.1043755245978506,-4.767788417779805,3.435990416963058,-36.78516538685403,48.51635508801343,-5.322532512190428,3.990734511373681,6.132802437954488,-7.464600438771234,-4.282607733636615,2.9508097328198684,-4.234503818497471,2.902705817680724,-46.33947819251495,54.320947215262315,-1.3317980008167467,-8.89734626069904,-6.020467552028341,-7.4893352653259395,-7.10575231517408,-5.865594850579694,-3.0975864687994665,-2.1043755245978506,-3.435990416963058,-3.990734511373681,7.464600438771234,-2.9508097328198684,-2.902705817680724,-60.64789964262401,42.853207121225935,-48.51635508801343,36.78516538685403,-54.320947215262315,46.33947819251495,4.906611749325359,True,-8.89734626069904,-7.10575231517408
2018,house,3,D,8540.0,Chad Young                            ,alabama_sos,ALPERSON-CHAD-YOUNG,AL-2018-house-3-D-CHAD-YOUNG,0,0,AL-2018-house-3-D-CHAD-YOUNG,-4.161285181454572,12.04369983420648,0.6388834761364066,7.243531176615502,-4.871782724654567,12.754197377406475,-3.343515768054213,11.225930420806122,-39.706853547718495,63.79425321613145,3.1065636529277363,4.775850999824172,8.493278544351778,-0.6108638915998696,0.0681422604264128,7.8142723923254955,1.9586810675144033,5.923733585237505,-37.87490923760956,47.4266112372579,-2.7475600066714545,10.629974659423363,9.438905113507431,-1.5564904607555228,-3.509819297222494,11.392233949974402,-2.2293340289064822,10.11174868165839,-39.70023804446527,60.960187363311995,7.882414652751908,12.04369983420648,7.243531176615502,12.754197377406475,11.225930420806122,4.775850999824172,-0.6108638915998696,7.8142723923254955,5.923733585237505,10.629974659423363,-1.5564904607555228,11.392233949974402,10.11174868165839,-39.706853547718495,63.79425321613145,-37.87490923760956,47.4266112372579,-39.70023804446527,60.960187363311995,7.267848834382308,True,12.04369983420648,11.225930420806122
2018,house,3,R,9448.0,Andrew Sorrell                        ,alabama_sos,ALPERSON-ANDREW-SORRELL,AL-2018-house-3-R-ANDREW-SORRELL,0,1,AL-2018-house-3-R-ANDREW-SORRELL,-4.161285181454572,12.04369983420648,0.6388834761364066,7.243531176615502,-4.871782724654567,12.754197377406475,-3.343515768054213,11.225930420806122,-39.706853547718495,63.79425321613145,3.1065636529277363,4.775850999824172,8.493278544351778,-0.6108638915998696,0.0681422604264128,7.8142723923254955,1.9586810675144033,5.923733585237505,-37.87490923760956,47.4266112372579,-2.7475600066714545,10.629974659423363,9.438905113507431,-1.5564904607555228,-3.509819297222494,11.392233949974402,-2.2293340289064822,10.11174868165839,-39.70023804446527,60.960187363311995,7.882414652751908,-12.04369983420648,-7.243531176615502,-12.754197377406475,-11.225930420806122,-4.775850999824172,0.6108638915998696,-7.8142723923254955,-5.923733585237505,-10.629974659423363,1.5564904607555228,-11.392233949974402,-10.11174868165839,-63.79425321613145,39.706853547718495,-47.4266112372579,37.87490923760956,-60.960187363311995,39.70023804446527,7.267848834382308,True,-12.04369983420648,-11.225930420806122
2018,house,4,D,4325.0,Jo Ann Cummings                       ,alabama_sos,ALPERSON-JO-ANN-CUMMINGS,AL-2018-house-4-D-JO-ANN-CUMMINGS,0,0,AL-2018-house-4-D-JO-ANN-CUMMINGS,6.508724631029461,-9.52642603131512,14.940979336517934,-17.958680736803593,7.629779234492405,-10.647480634778065,6.75305802438428,-9.77075942466994,-61.27697941324009,42.224127350609855,13.87893641760405,-16.89663781788971,23.645380181647322,-26.663081581932982,14.275735375621956,-17.293436775907615,12.381851276907925,-15.399552677193585,-59.54739805532344,25.754122419544018,22.081896986294595,-25.099598386580254,32.26822081123779,-35.28592221152345,22.06071383127776,-25.07841523156342,19.44788648522041,-22.465587885506068,-75.42981109046889,25.23061431730838,-3.0177014002856595,-9.52642603131512,-17.958680736803593,-10.647480634778065,-9.77075942466994,-16.89663781788971,-26.663081581932982,-17.293436775907615,-15.399552677193585,-25.099598386580254,-35.28592221152345,-25.07841523156342,-22.465587885506068,-61.27697941324009,42.224127350609855,-59.54739805532344,25.754122419544018,-75.42981109046889,25.23061431730838,15.573172355265134,True,-9.52642603131512,-9.77075942466994
2018,house,4,R,11074.0,Parker Duncan Moore                   ,alabama_sos,ALPERSON-PARKER-DUNCAN-MOORE,AL-2018-house-4-R-PARKER-DUNCAN-MOORE,0,1,AL-2018-house-4-R-PARKER-DUNCAN-MOORE,6.508724631029461,-9.52642603131512,14.940979336517934,-17.958680736803593,7.629779234492405,-10.647480634778065,6.75305802438428,-9.77075942466994,-61.27697941324009,42.224127350609855,13.87893641760405,-16.89663781788971,23.645380181647322,-26.663081581932982,14.275735375621956,-17.293436775907615,12.381851276907925,-15.399552677193585,-59.54739805532344,25.754122419544018,22.081896986294595,-25.099598386580254,32.26822081123779,-35.28592221152345,22.06071383127776,-25.07841523156342,19.44788648522041,-22.465587885506068,-75.42981109046889,25.23061431730838,-3.0177014002856595,9.52642603131512,17.958680736803593,10.647480634778065,9.77075942466994,16.89663781788971,26.663081581932982,17.293436775907615,15.399552677193585,25.099598386580254,35.28592221152345,25.07841523156342,22.465587885506068,-42.224127350609855,61.27697941324009,-25.754122419544018,59.54739805532344,-25.23061431730838,75.42981109046889,15.573172355265134,True,9.52642603131512,9.77075942466994
2018,house,5,D,4725.0,Brian D Williams                      ,alabama_sos,ALPERSON-BRIAN-D-WILLIAMS,AL-2018-house-5-D-BRIAN-D-WILLIAMS,0,0,AL-2018-house-5-D-BRIAN-D-WILLIAMS,-0.02911041210106191,-6.415590595796786,3.571618590787825,-10.016319598685673,-1.2713111806045436,-5.173389827293304,-1.047737015275307,-5.396963992622541,-58.16614397772176,45.33496278612819,-2.173086518694249,-4.271614489203599,0.15710240645099027,-6.601803414348838,-3.8400345971114893,-2.6046664107863586,-3.1818527138527557,-3.2628482940450922,-46.92237472663733,38.37914574823013,2.947851560457458,-9.392552568355306,14.32078633838622,-20.76548734628407,2.5639282724870283,-9.008629280384877,2.43837049831557,-8.883071506213419,-59.72276527224394,40.93766013553333,-6.444701007897848,-6.415590595796786,-10.016319598685673,-5.173389827293304,-5.396963992622541,-4.271614489203599,-6.601803414348838,-2.6046664107863586,-3.2628482940450922,-9.392552568355306,-20.76548734628407,-9.008629280384877,-8.883071506213419,-58.16614397772176,45.33496278612819,-46.92237472663733,38.37914574823013,-59.72276527224394,40.93766013553333,5.120938079151707,True,-6.415590595796786,-5.396963992622541
2018,house,5,R,12395.0,Danny F. Crawford                     ,alabama_sos,ALPERSON-DANNY-F-CRAWFORD,AL-2018-house-5-R-DANNY-F-CRAWFORD,1,1,AL-2018-house-5-R-DANNY-F-CRAWFORD,-0.02911041210106191,-6.415590595796786,3.571618590787825,-10.016319598685673,-1.2713111806045436,-5.173389827293304,-1.047737015275307,-5.396963992622541,-58.16614397772176,45.33496278612819,-2.173086518694249,-4.271614489203599,0.15710240645099027,-6.601803414348838,-3.8400345971114893,-2.6046664107863586,-3.1818527138527557,-3.2628482940450922,-46.92237472663733,38.37914574823013,2.947851560457458,-9.392552568355306,14.32078633838622,-20.76548734628407,2.5639282724870283,-9.008629280384877,2.43837049831557,-8.883071506213419,-59.72276527224394,40.93766013553333,-6.444701007897848,6.415590595796786,10.016319598685673,5.173389827293304,5.396963992622541,4.271614489203599,6.601803414348838,2.6046664107863586,3.2628482940450922,9.392552568355306,20.76548734628407,9.008629280384877,8.883071506213419,-45.33496278612819,58.16614397772176,-38.37914574823013,46.92237472663733,-40.93766013553333,59.72276527224394,5.120938079151707,True,6.415590595796786,5.396963992622541
2018,house,7,D,3592.0,Kenneth A. Brackins                   ,alabama_sos,ALPERSON-KENNETH-A-BRACKINS,AL-2018-house-7-D-KENNETH-A-BRACKINS,0,0,AL-2018-house-7-D-KENNETH-A-BRACKINS,6.506164691382072,-10.396577394366684,9.40765237230126,-13.298065075285873,7.643143643635638,-11.53355634662025,5.460961642189719,-9.351374345174332,-62.14713077629166,41.353975987558286,4.4892515556621575,-8.37966425864677,5.985597853201867,-9.876010556186479,5.38692120871793,-9.277333911702542,3.6755458887376946,-7.565958591722307,-51.0304244960805,34.27109597878696,0.9131043579477591,-4.803517060932371,13.861923507618084,-17.752336210602696,0.8655857665596738,-4.755998469544286,-0.09998084251139439,-3.7904318604732175,-55.133729764821005,45.52669564295626,-3.890412702984612,-10.396577394366684,-13.298065075285873,-11.53355634662025,-9.351374345174332,-8.37966425864677,-9.876010556186479,-9.277333911702542,-7.565958591722307,-4.803517060932371,-17.752336210602696,-4.755998469544286,-3.7904318604732175,-62.14713077629166,41.353975987558286,-51.0304244960805,34.27109597878696,-55.133729764821005,45.52669564295626,5.5930603334343125,True,-10.396577394366684,-9.351374345174332
2018,house,7,R,10892.0,Proncey Robertson                     ,alabama_sos,ALPERSON-PRONCEY-ROBERTSON,AL-2018-house-7-R-PRONCEY-ROBERTSON,0,1,AL-2018-house-7-R-PRONCEY-ROBERTSON,6.506164691382072,-10.396577394366684,9.40765237230126,-13.298065075285873,7.643143643635638,-11.53355634662025,5.460961642189719,-9.351374345174332,-62.14713077629166,41.353975987558286,4.4892515556621575,-8.37966425864677,5.985597853201867,-9.876010556186479,5.38692120871793,-9.277333911702542,3.6755458887376946,-7.565958591722307,-51.0304244960805,34.27109597878696,0.9131043579477591,-4.803517060932371,13.861923507618084,-17.752336210602696,0.8655857665596738,-4.755998469544286,-0.09998084251139439,-3.7904318604732175,-55.133729764821005,45.52669564295626,-3.890412702984612,10.396577394366684,13.298065075285873,11.53355634662025,9.351374345174332,8.37966425864677,9.876010556186479,9.277333911702542,7.565958591722307,4.803517060932371,17.752336210602696,4.755998469544286,3.7904318604732175,-41.353975987558286,62.14713077629166,-34.27109597878696,51.0304244960805,-45.52669564295626,55.133729764821005,5.5930603334343125,True,10.396577394366684,9.351374345174332
2018,house,8,D,5469.0,Billy Jackson                         ,alabama_sos,ALPERSON-BILLY-JACKSON,AL-2018-house-8-D-BILLY-JACKSON,0,0,AL-2018-house-8-D-BILLY-JACKSON,1.1303420139222817,-1.0246559918051483,4.225970437297301,-4.120284415180167,0.27955111470113003,-0.17386509258399663,-0.7431498778527557,0.8488358999698891,-52.77520937373012,50.725897390119826,5.063499183131153,-4.95781316101402,11.528207396000386,-11.422521373883253,7.68820230451887,-7.582516282401737,4.337112622232606,-4.231426600115473,-47.608573398447746,37.69294707641971,-8.809383297155588,8.915069319272721,-1.123367304821043,1.2290533269381765,-8.588630663495621,8.694316685612755,-9.495489729193608,9.601175751310741,-41.41514338461592,59.24528202316135,0.1056860221171334,-1.0246559918051483,-4.120284415180167,-0.17386509258399663,0.8488358999698891,-4.95781316101402,-11.422521373883253,-7.582516282401737,-4.231426600115473,8.915069319272721,1.2290533269381765,8.694316685612755,9.601175751310741,-52.77520937373012,50.725897390119826,-47.608573398447746,37.69294707641971,-41.41514338461592,59.24528202316135,13.87288248028674,True,-1.0246559918051483,0.8488358999698891
2018,house,8,R,8803.0,Terri Collins                         ,alabama_sos,ALPERSON-TERRI-COLLINS,AL-2018-house-8-R-TERRI-COLLINS,1,1,AL-2018-house-8-R-TERRI-COLLINS,1.1303420139222817,-1.0246559918051483,4.225970437297301,-4.120284415180167,0.27955111470113003,-0.17386509258399663,-0.7431498778527557,0.8488358999698891,-52.77520937373012,50.725897390119826,5.063499183131153,-4.95781316101402,11.528207396000386,-11.422521373883253,7.68820230451887,-7.582516282401737,4.337112622232606,-4.231426600115473,-47.608573398447746,37.69294707641971,-8.809383297155588,8.915069319272721,-1.123367304821043,1.2290533269381765,-8.588630663495621,8.694316685612755,-9.495489729193608,9.601175751310741,-41.41514338461592,59.24528202316135,0.1056860221171334,1.0246559918051483,4.120284415180167,0.17386509258399663,-0.8488358999698891,4.95781316101402,11.422521373883253,7.582516282401737,4.231426600115473,-8.915069319272721,-1.2290533269381765,-8.694316685612755,-9.601175751310741,-50.725897390119826,52.77520937373012,-37.69294707641971,47.608573398447746,-59.24528202316135,41.41514338461592,13.87288248028674,True,1.0246559918051483,-0.8488358999698891
2018,house,10,D,8565.0,J.B. King                             ,alabama_sos,ALPERSON-J-B-KING,AL-2018-house-10-D-J-B-KING,0,0,AL-2018-house-10-D-J-B-KING,-11.91560133493526,6.835296964229821,-8.88625588463678,3.8059515139313405,-8.260107502621434,3.1798031319159943,-10.975655740936023,5.895351370230584,-44.915256417695154,58.58585034615479,-17.837237457089355,12.756933086383915,-15.144530631696707,10.064226260991267,-14.524074066875045,9.443769696169605,-16.29455042997132,11.21424605926588,-29.893827151049813,55.40769332381765,-8.99218852311516,3.911884152409721,-2.9149743795717704,-2.165329991133669,-4.734798714958487,-0.3455056557469529,-8.303000924168048,3.222696553462608,-46.418328551478915,54.24209685629835,-5.08030437070544,6.835296964229821,3.8059515139313405,3.1798031319159943,5.895351370230584,12.756933086383915,10.064226260991267,9.443769696169605,11.21424605926588,3.911884152409721,-2.165329991133669,-0.3455056557469529,3.222696553462608,-44.915256417695154,58.58585034615479,-29.893827151049813,55.40769332381765,-46.418328551478915,54.24209685629835,8.845048933974194,True,6.835296964229821,5.895351370230584
2018,house,10,R,11240.0,Mike Ball                             ,alabama_sos,ALPERSON-MIKE-BALL,AL-2018-house-10-R-MIKE-BALL,1,1,AL-2018-house-10-R-MIKE-BALL,-11.91560133493526,6.835296964229821,-8.88625588463678,3.8059515139313405,-8.260107502621434,3.1798031319159943,-10.975655740936023,5.895351370230584,-44.915256417695154,58.58585034615479,-17.837237457089355,12.756933086383915,-15.144530631696707,10.064226260991267,-14.524074066875045,9.443769696169605,-16.29455042997132,11.21424605926588,-29.893827151049813,55.40769332381765,-8.99218852311516,3.911884152409721,-2.9149743795717704,-2.165329991133669,-4.734798714958487,-0.3455056557469529,-8.303000924168048,3.222696553462608,-46.418328551478915,54.24209685629835,-5.08030437070544,-6.835296964229821,-3.8059515139313405,-3.1798031319159943,-5.895351370230584,-12.756933086383915,-10.064226260991267,-9.443769696169605,-11.21424605926588,-3.911884152409721,2.165329991133669,0.3455056557469529,-3.222696553462608,-58.58585034615479,44.915256417695154,-55.40769332381765,29.893827151049813,-54.24209685629835,46.418328551478915,8.845048933974194,True,-6.835296964229821,-5.895351370230584
2018,house,15,D,6951.0,Suzanna Coleman                       ,alabama_sos,ALPERSON-SUZANNA-COLEMAN,AL-2018-house-15-D-SUZANNA-COLEMAN,0,0,AL-2018-house-15-D-SUZANNA-COLEMAN,-26.916712094494105,4.938608029671972,-21.691839669726704,-0.28626439509542934,-24.159190129765246,2.1810860649431127,-23.63909586981687,1.6609918049947368,-46.811945352253005,56.68916141159694,-29.174193518801403,7.196089453979269,-24.689692164061256,2.7115880992391226,-27.307421871535816,5.329317806713682,-26.285593112110778,4.3074890472886445,-35.45467078345446,49.846849691413,-30.169502017924806,8.191397953102673,-26.62472342748825,4.646619362666115,-28.871143538470836,6.893039473648702,-27.7664253634819,5.788321298659767,-42.13881475078596,58.52161065699131,-21.978104064822134,4.938608029671972,-0.28626439509542934,2.1810860649431127,1.6609918049947368,7.196089453979269,2.7115880992391226,5.329317806713682,4.3074890472886445,8.191397953102673,4.646619362666115,6.893039473648702,5.788321298659767,-46.811945352253005,56.68916141159694,-35.45467078345446,49.846849691413,-42.13881475078596,58.52161065699131,3.2527899234307007,True,4.938608029671972,1.6609918049947368
2018,house,15,R,14212.0,Allen Farley                          ,alabama_sos,ALPERSON-ALLEN-FARLEY,AL-2018-house-15-R-ALLEN-FARLEY,1,1,AL-2018-house-15-R-ALLEN-FARLEY,-26.916712094494105,4.938608029671972,-21.691839669726704,-0.28626439509542934,-24.159190129765246,2.1810860649431127,-23.63909586981687,1.6609918049947368,-46.811945352253005,56.68916141159694,-29.174193518801403,7.196089453979269,-24.689692164061256,2.7115880992391226,-27.307421871535816,5.329317806713682,-26.285593112110778,4.3074890472886445,-35.45467078345446,49.846849691413,-30.169502017924806,8.191397953102673,-26.62472342748825,4.646619362666115,-28.871143538470836,6.893039473648702,-27.7664253634819,5.788321298659767,-42.13881475078596,58.52161065699131,-21.978104064822134,-4.938608029671972,0.28626439509542934,-2.1810860649431127,-1.6609918049947368,-7.196089453979269,-2.7115880992391226,-5.329317806713682,-4.3074890472886445,-8.191397953102673,-4.646619362666115,-6.893039473648702,-5.788321298659767,-56.68916141159694,46.811945352253005,-49.846849691413,35.45467078345446,-58.52161065699131,42.13881475078596,3.2527899234307007,True,-4.938608029671972,-1.6609918049947368
2018,house,18,D,3886.0,Eddie Britton                         ,alabama_sos,ALPERSON-EDDIE-BRITTON,AL-2018-house-18-D-EDDIE-BRITTON,0,0,AL-2018-house-18-D-EDDIE-BRITTON,8.24972814334106,-12.872063602344497,11.360455191597742,-15.98279065060118,7.946837043572157,-12.569172502575594,6.134505780112075,-10.756841239115513,-64.62261698426947,38.87848977958048,5.967120892627718,-10.589456351631156,8.279232237642915,-12.901567696646353,6.809155784837622,-11.431491243841059,4.37928976774625,-9.001625226749688,-53.240216589064886,32.06130388580257,9.48708954265107,-14.109425001654508,23.45336637660935,-28.075701835612787,8.124260630459421,-12.746596089462859,7.486842630513087,-12.109178089516526,-64.43963770554313,36.22078770223413,-4.622335459003438,-12.872063602344497,-15.98279065060118,-12.569172502575594,-10.756841239115513,-10.589456351631156,-12.901567696646353,-11.431491243841059,-9.001625226749688,-14.109425001654508,-28.075701835612787,-12.746596089462859,-12.109178089516526,-64.62261698426947,38.87848977958048,-53.240216589064886,32.06130388580257,-64.43963770554313,36.22078770223413,3.519968650023351,True,-12.872063602344497,-10.756841239115513
2018,house,18,R,9845.0,Jamie Kiel                            ,alabama_sos,ALPERSON-JAMIE-KIEL,AL-2018-house-18-R-JAMIE-KIEL,0,1,AL-2018-house-18-R-JAMIE-KIEL,8.24972814334106,-12.872063602344497,11.360455191597742,-15.98279065060118,7.946837043572157,-12.569172502575594,6.134505780112075,-10.756841239115513,-64.62261698426947,38.87848977958048,5.967120892627718,-10.589456351631156,8.279232237642915,-12.901567696646353,6.809155784837622,-11.431491243841059,4.37928976774625,-9.001625226749688,-53.240216589064886,32.06130388580257,9.48708954265107,-14.109425001654508,23.45336637660935,-28.075701835612787,8.124260630459421,-12.746596089462859,7.486842630513087,-12.109178089516526,-64.43963770554313,36.22078770223413,-4.622335459003438,12.872063602344497,15.98279065060118,12.569172502575594,10.756841239115513,10.589456351631156,12.901567696646353,11.431491243841059,9.001625226749688,14.109425001654508,28.075701835612787,12.746596089462859,12.109178089516526,-38.87848977958048,64.62261698426947,-32.06130388580257,53.240216589064886,-36.22078770223413,64.43963770554313,3.519968650023351,True,12.872063602344497,10.756841239115513
2018,house,20,D,8527.0,Linda Meigs                           ,alabama_sos,ALPERSON-LINDA-MEIGS,AL-2018-house-20-D-LINDA-MEIGS,0,0,AL-2018-house-20-D-LINDA-MEIGS,-19.394568743908415,18.843404990344332,-15.649545067712,15.098381314147916,-16.703894057342342,16.15273030377826,-16.252827310559944,15.701663556995861,-32.90714839158064,70.5939583722693,-14.42511635205628,13.873952598492197,-10.631726829404982,10.0805630758409,-12.909340027693073,12.35817627412899,-11.791605931813958,11.240442178249875,-28.776807638941534,56.524712835925925,-19.07542186319694,18.524258109632857,-14.1482066662611,13.597042912697017,-18.114994411393102,17.56383065782902,-16.042039901563186,15.490876147999103,-31.805954594255777,68.85447081352149,-0.551163753564083,18.843404990344332,15.098381314147916,16.15273030377826,15.701663556995861,13.873952598492197,10.0805630758409,12.35817627412899,11.240442178249875,18.524258109632857,13.597042912697017,17.56383065782902,15.490876147999103,-32.90714839158064,70.5939583722693,-28.776807638941534,56.524712835925925,-31.805954594255777,68.85447081352149,4.969452391852135,True,18.843404990344332,15.701663556995861
2018,house,20,R,14589.0,Howard Sanderford                     ,alabama_sos,ALPERSON-HOWARD-SANDERFORD,AL-2018-house-20-R-HOWARD-SANDERFORD,1,1,AL-2018-house-20-R-HOWARD-SANDERFORD,-19.394568743908415,18.843404990344332,-15.649545067712,15.098381314147916,-16.703894057342342,16.15273030377826,-16.252827310559944,15.701663556995861,-32.90714839158064,70.5939583722693,-14.42511635205628,13.873952598492197,-10.631726829404982,10.0805630758409,-12.909340027693073,12.35817627412899,-11.791605931813958,11.240442178249875,-28.776807638941534,56.524712835925925,-19.07542186319694,18.524258109632857,-14.1482066662611,13.597042912697017,-18.114994411393102,17.56383065782902,-16.042039901563186,15.490876147999103,-31.805954594255777,68.85447081352149,-0.551163753564083,-18.843404990344332,-15.098381314147916,-16.15273030377826,-15.701663556995861,-13.873952598492197,-10.0805630758409,-12.35817627412899,-11.240442178249875,-18.524258109632857,-13.597042912697017,-17.56383065782902,-15.490876147999103,-70.5939583722693,32.90714839158064,-56.524712835925925,28.776807638941534,-68.85447081352149,31.805954594255777,4.969452391852135,True,-18.843404990344332,-15.701663556995861
2018,house,21,D,8391.0,Terry Jones                           ,alabama_sos,ALPERSON-TERRY-JONES,AL-2018-house-21-D-TERRY-JONES,0,0,AL-2018-house-21-D-TERRY-JONES,-19.07429123685617,11.771180820392011,-16.647377871987516,9.344267455523358,-20.258447777262926,12.955337360798769,-18.21784854467765,10.914738128213493,-39.97937256153296,63.521734202316985,-11.828962561722427,4.52585214525827,-8.506927961937595,1.2038175454734379,-14.718397368188183,7.415286951724026,-12.935930271176861,5.632819854712704,-38.12490809217546,47.176612382692,3.75175411021487,-11.054864526679028,5.653809878189573,-12.956920294653731,0.41460358068543535,-7.717713997149593,1.0443072098678208,-8.347417626331978,-61.38507723056766,39.27534817720961,-7.303110416464158,11.771180820392011,9.344267455523358,12.955337360798769,10.914738128213493,4.52585214525827,1.2038175454734379,7.415286951724026,5.632819854712704,-11.054864526679028,-12.956920294653731,-7.717713997149593,-8.347417626331978,-39.97937256153296,63.521734202316985,-38.12490809217546,47.176612382692,-61.38507723056766,39.27534817720961,22.826045347071037,True,11.771180820392011,10.914738128213493
2018,house,21,R,13311.0,Rex Reynolds                          ,alabama_sos,ALPERSON-REX-REYNOLDS,AL-2018-house-21-R-REX-REYNOLDS,1,1,AL-2018-house-21-R-REX-REYNOLDS,-19.07429123685617,11.771180820392011,-16.647377871987516,9.344267455523358,-20.258447777262926,12.955337360798769,-18.21784854467765,10.914738128213493,-39.97937256153296,63.521734202316985,-11.828962561722427,4.52585214525827,-8.506927961937595,1.2038175454734379,-14.718397368188183,7.415286951724026,-12.935930271176861,5.632819854712704,-38.12490809217546,47.176612382692,3.75175411021487,-11.054864526679028,5.653809878189573,-12.956920294653731,0.41460358068543535,-7.717713997149593,1.0443072098678208,-8.347417626331978,-61.38507723056766,39.27534817720961,-7.303110416464158,-11.771180820392011,-9.344267455523358,-12.955337360798769,-10.914738128213493,-4.52585214525827,-1.2038175454734379,-7.415286951724026,-5.632819854712704,11.054864526679028,12.956920294653731,7.717713997149593,8.347417626331978,-63.521734202316985,39.97937256153296,-47.176612382692,38.12490809217546,-39.27534817720961,61.38507723056766,22.826045347071037,True,-11.771180820392011,-10.914738128213493
2018,house,27,D,2456.0,Bill Jones                            ,alabama_sos,ALPERSON-BILL-JONES,AL-2018-house-27-D-BILL-JONES,0,0,AL-2018-house-27-D-BILL-JONES,3.2905759559061263,-7.213812605769254,10.59217407858972,-14.515410728452848,1.1722415937968602,-5.095478243659988,2.610369164699425,-6.533605814562553,-58.96436598769423,44.53674077615572,-0.06974894966081013,-3.853487700202318,6.138565258045755,-10.061801907908883,-3.1680456836863,-0.7551909661768281,-1.0520743259354361,-2.8711623239276918,-46.504247937636045,38.797272537231414,5.04676168996121,-8.969998339824338,19.526172542091476,-23.449409191954604,4.495645536664192,-8.41888218652732,5.242873159271902,-9.16610980913503,-59.30021104371297,41.3602143640643,-3.923236649863128,-7.213812605769254,-14.515410728452848,-5.095478243659988,-6.533605814562553,-3.853487700202318,-10.061801907908883,-0.7551909661768281,-2.8711623239276918,-8.969998339824338,-23.449409191954604,-8.41888218652732,-9.16610980913503,-58.96436598769423,44.53674077615572,-46.504247937636045,38.797272537231414,-59.30021104371297,41.3602143640643,5.11651063962202,True,-7.213812605769254,-6.533605814562553
2018,house,27,R,13245.0,Wes Kitchens                          ,alabama_sos,ALPERSON-WES-KITCHENS,AL-2018-house-27-R-WES-KITCHENS,0,1,AL-2018-house-27-R-WES-KITCHENS,3.2905759559061263,-7.213812605769254,10.59217407858972,-14.515410728452848,1.1722415937968602,-5.095478243659988,2.610369164699425,-6.533605814562553,-58.96436598769423,44.53674077615572,-0.06974894966081013,-3.853487700202318,6.138565258045755,-10.061801907908883,-3.1680456836863,-0.7551909661768281,-1.0520743259354361,-2.8711623239276918,-46.504247937636045,38.797272537231414,5.04676168996121,-8.969998339824338,19.526172542091476,-23.449409191954604,4.495645536664192,-8.41888218652732,5.242873159271902,-9.16610980913503,-59.30021104371297,41.3602143640643,-3.923236649863128,7.213812605769254,14.515410728452848,5.095478243659988,6.533605814562553,3.853487700202318,10.061801907908883,0.7551909661768281,2.8711623239276918,8.969998339824338,23.449409191954604,8.41888218652732,9.16610980913503,-44.53674077615572,58.96436598769423,-38.797272537231414,46.504247937636045,-41.3602143640643,59.30021104371297,5.11651063962202,True,7.213812605769254,6.533605814562553
2018,house,28,D,5731.0,Kyle Pierce                           ,alabama_sos,ALPERSON-KYLE-PIERCE,AL-2018-house-28-D-KYLE-PIERCE,0,0,AL-2018-house-28-D-KYLE-PIERCE,1.1358431373178437,-4.177750923080664,9.99821933846552,-13.04012712422834,0.276245453262014,-3.3181532390248343,1.6537698704858785,-4.695677656248699,-55.92830430500564,47.57280245884431,-1.1700364615770047,-1.8718713241858156,7.616772333218048,-10.658680118980868,-2.280827744204041,-0.7610800415587793,-0.3923080884748025,-2.649599697288018,-44.52263156161955,40.77888891324791,-0.9858028475217271,-2.056104938241093,9.786849623231639,-12.82875740899446,-1.8212482906422007,-1.2206594951206196,-1.2091109582008723,-1.832796827561948,-52.386317642129725,48.27410776564754,-3.0419077857628203,-4.177750923080664,-13.04012712422834,-3.3181532390248343,-4.695677656248699,-1.8718713241858156,-10.658680118980868,-0.7610800415587793,-2.649599697288018,-2.056104938241093,-12.82875740899446,-1.2206594951206196,-1.832796827561948,-55.92830430500564,47.57280245884431,-44.52263156161955,40.77888891324791,-52.386317642129725,48.27410776564754,2.3058795988948484,True,-4.177750923080664,-4.695677656248699
2018,house,28,R,7091.0,Gil F. Isbell                         ,alabama_sos,ALPERSON-GIL-F-ISBELL,AL-2018-house-28-R-GIL-F-ISBELL,0,1,AL-2018-house-28-R-GIL-F-ISBELL,1.1358431373178437,-4.177750923080664,9.99821933846552,-13.04012712422834,0.276245453262014,-3.3181532390248343,1.6537698704858785,-4.695677656248699,-55.92830430500564,47.57280245884431,-1.1700364615770047,-1.8718713241858156,7.616772333218048,-10.658680118980868,-2.280827744204041,-0.7610800415587793,-0.3923080884748025,-2.649599697288018,-44.52263156161955,40.77888891324791,-0.9858028475217271,-2.056104938241093,9.786849623231639,-12.82875740899446,-1.8212482906422007,-1.2206594951206196,-1.2091109582008723,-1.832796827561948,-52.386317642129725,48.27410776564754,-3.0419077857628203,4.177750923080664,13.04012712422834,3.3181532390248343,4.695677656248699,1.8718713241858156,10.658680118980868,0.7610800415587793,2.649599697288018,2.056104938241093,12.82875740899446,1.2206594951206196,1.832796827561948,-47.57280245884431,55.92830430500564,-40.77888891324791,44.52263156161955,-48.27410776564754,52.386317642129725,2.3058795988948484,True,4.177750923080664,4.695677656248699
2018,house,29,D,3032.0,Jared Millican                        ,alabama_sos,ALPERSON-JARED-MILLICAN,AL-2018-house-29-D-JARED-MILLICAN,0,0,AL-2018-house-29-D-JARED-MILLICAN,-1.9414656187856654,-2.832260572118903,1.111918782105315,-5.885644973009883,-2.476884083748863,-2.2968421071557055,-2.6468056867894836,-2.126920504115085,-54.58281395404388,48.91829280980607,5.307254943117365,-10.080981134021933,9.050746896283858,-13.824473087188426,0.8460432971913976,-5.619769488095966,3.44110530865502,-8.214831499559589,-52.73174137145566,32.5697791034118,-7.340798249632682,2.5670720587281135,2.212853025919813,-6.986579216824381,-7.786240570863187,3.0125143799586187,-7.964927601193883,3.191201410289315,-47.76314064516052,52.89728476261675,-4.7737261909045685,-2.832260572118903,-5.885644973009883,-2.2968421071557055,-2.126920504115085,-10.080981134021933,-13.824473087188426,-5.619769488095966,-8.214831499559589,2.5670720587281135,-6.986579216824381,3.0125143799586187,3.191201410289315,-54.58281395404388,48.91829280980607,-52.73174137145566,32.5697791034118,-47.76314064516052,52.89728476261675,12.648053192750046,True,-2.832260572118903,-2.126920504115085
2018,house,29,R,11528.0,Becky Nordgren                        ,alabama_sos,ALPERSON-BECKY-NORDGREN,AL-2018-house-29-R-BECKY-NORDGREN,1,1,AL-2018-house-29-R-BECKY-NORDGREN,-1.9414656187856654,-2.832260572118903,1.111918782105315,-5.885644973009883,-2.476884083748863,-2.2968421071557055,-2.6468056867894836,-2.126920504115085,-54.58281395404388,48.91829280980607,5.307254943117365,-10.080981134021933,9.050746896283858,-13.824473087188426,0.8460432971913976,-5.619769488095966,3.44110530865502,-8.214831499559589,-52.73174137145566,32.5697791034118,-7.340798249632682,2.5670720587281135,2.212853025919813,-6.986579216824381,-7.786240570863187,3.0125143799586187,-7.964927601193883,3.191201410289315,-47.76314064516052,52.89728476261675,-4.7737261909045685,2.832260572118903,5.885644973009883,2.2968421071557055,2.126920504115085,10.080981134021933,13.824473087188426,5.619769488095966,8.214831499559589,-2.5670720587281135,6.986579216824381,-3.0125143799586187,-3.191201410289315,-48.91829280980607,54.58281395404388,-32.5697791034118,52.73174137145566,-52.89728476261675,47.76314064516052,12.648053192750046,True,2.832260572118903,2.126920504115085
2018,house,30,D,2931.0,Jared Vaughn                          ,alabama_sos,ALPERSON-JARED-VAUGHN,AL-2018-house-30-D-JARED-VAUGHN,0,0,AL-2018-house-30-D-JARED-VAUGHN,3.349936274395792,-10.563801789036017,11.430634865191443,-18.64450037983167,2.902651799690326,-10.116517314330551,2.6061712647223354,-9.82003677936256,-62.314355170960994,41.18675159288895,11.40333485159547,-18.617200366235696,21.006166593711278,-28.220032108351504,10.134532259490916,-17.348397774131143,9.080596592220363,-16.29446210686059,-61.26796060366942,24.033559871198033,-4.1849675218647295,-3.028897992775496,7.061151652011883,-14.275017166652109,-3.265068718885747,-3.948796795754479,-4.575979388877236,-2.6378861257629893,-53.35911069666413,47.301314711113136,-7.213865514640226,-10.563801789036017,-18.64450037983167,-10.116517314330551,-9.82003677936256,-18.617200366235696,-28.220032108351504,-17.348397774131143,-16.29446210686059,-3.028897992775496,-14.275017166652109,-3.948796795754479,-2.6378861257629893,-62.314355170960994,41.18675159288895,-61.26796060366942,24.033559871198033,-53.35911069666413,47.301314711113136,15.5883023734602,True,-10.563801789036017,-9.82003677936256
2018,house,30,R,13779.0,B. Craig Lipscomb                     ,alabama_sos,ALPERSON-B-CRAIG-LIPSCOMB,AL-2018-house-30-R-B-CRAIG-LIPSCOMB,0,1,AL-2018-house-30-R-B-CRAIG-LIPSCOMB,3.349936274395792,-10.563801789036017,11.430634865191443,-18.64450037983167,2.902651799690326,-10.116517314330551,2.6061712647223354,-9.82003677936256,-62.314355170960994,41.18675159288895,11.40333485159547,-18.617200366235696,21.006166593711278,-28.220032108351504,10.134532259490916,-17.348397774131143,9.080596592220363,-16.29446210686059,-61.26796060366942,24.033559871198033,-4.1849675218647295,-3.028897992775496,7.061151652011883,-14.275017166652109,-3.265068718885747,-3.948796795754479,-4.575979388877236,-2.6378861257629893,-53.35911069666413,47.301314711113136,-7.213865514640226,10.563801789036017,18.64450037983167,10.116517314330551,9.82003677936256,18.617200366235696,28.220032108351504,17.348397774131143,16.29446210686059,3.028897992775496,14.275017166652109,3.948796795754479,2.6378861257629893,-41.18675159288895,62.314355170960994,-24.033559871198033,61.26796060366942,-47.301314711113136,53.35911069666413,15.5883023734602,True,10.563801789036017,9.82003677936256
2018,house,32,D,7761.0,Barbara Bigsby Boyd                   ,alabama_sos,ALPERSON-BARBARA-BIGSBY-BOYD,AL-2018-house-32-D-BARBARA-BIGSBY-BOYD,0,1,AL-2018-house-32-D-BARBARA-BIGSBY-BOYD,19.66090224306647,33.64227453103422,36.09485399817029,17.208322775930405,13.453786340504724,39.84939043359597,25.281685650905303,28.02149112319539,-18.108278850890756,85.39282791295919,22.990964599722147,30.312212174378544,40.077456689086965,13.225720085013727,17.37999438379235,35.92318239030834,29.25300854716173,24.05016822693896,-12.338548063055185,72.96297241181227,39.747188178304455,13.555988595796236,62.39899400387981,-9.095817229779115,32.75535049289311,20.547826281207584,43.448692309457265,9.854484464643427,-36.7742241080924,63.88620129968487,53.30317677410069,33.64227453103422,17.208322775930405,39.84939043359597,28.02149112319539,30.312212174378544,13.225720085013727,35.92318239030834,24.05016822693896,13.555988595796236,-9.095817229779115,20.547826281207584,9.854484464643427,-18.108278850890756,85.39282791295919,-12.338548063055185,72.96297241181227,-36.7742241080924,63.88620129968487,20.08628593523798,True,33.64227453103422,28.02149112319539
2018,house,32,R,4513.0,James Allen Lloyd                     ,alabama_sos,ALPERSON-JAMES-ALLEN-LLOYD,AL-2018-house-32-R-JAMES-ALLEN-LLOYD,0,0,AL-2018-house-32-R-JAMES-ALLEN-LLOYD,19.66090224306647,33.64227453103422,36.09485399817029,17.208322775930405,13.453786340504724,39.84939043359597,25.281685650905303,28.02149112319539,-18.108278850890756,85.39282791295919,22.990964599722147,30.312212174378544,40.077456689086965,13.225720085013727,17.37999438379235,35.92318239030834,29.25300854716173,24.05016822693896,-12.338548063055185,72.96297241181227,39.747188178304455,13.555988595796236,62.39899400387981,-9.095817229779115,32.75535049289311,20.547826281207584,43.448692309457265,9.854484464643427,-36.7742241080924,63.88620129968487,53.30317677410069,-33.64227453103422,-17.208322775930405,-39.84939043359597,-28.02149112319539,-30.312212174378544,-13.225720085013727,-35.92318239030834,-24.05016822693896,-13.555988595796236,9.095817229779115,-20.547826281207584,-9.854484464643427,-85.39282791295919,18.108278850890756,-72.96297241181227,12.338548063055185,-63.88620129968487,36.7742241080924,20.08628593523798,True,-33.64227453103422,-28.02149112319539
2018,house,33,D,4928.0,Scott Brewer                          ,alabama_sos,ALPERSON-SCOTT-BREWER,AL-2018-house-33-D-SCOTT-BREWER,0,0,AL-2018-house-33-D-SCOTT-BREWER,-4.2326009224232255,-9.844603753140417,2.4614071772229043,-16.538611852786545,-1.7694409701473814,-12.30776370541626,-3.064701056819776,-11.012503618743867,-61.59515713506539,41.905949628784555,3.2479261204280547,-17.325130795991697,10.55617757958433,-24.63338225514797,4.854046022042863,-18.931250697606504,2.3600276596938663,-16.43723233525751,-59.97589103342543,25.325629441442032,-2.3944720458260083,-11.682732629737634,10.609523309148678,-24.68672798471232,-1.8434590645316842,-12.233745611031958,-1.779194910814173,-12.29800976474947,-62.01294533362627,38.647480074151,-14.077204675563642,-9.844603753140417,-16.538611852786545,-12.30776370541626,-11.012503618743867,-17.325130795991697,-24.63338225514797,-18.931250697606504,-16.43723233525751,-11.682732629737634,-24.68672798471232,-12.233745611031958,-12.29800976474947,-61.59515713506539,41.905949628784555,-59.97589103342543,25.325629441442032,-62.01294533362627,38.647480074151,7.48052704285128,True,-9.844603753140417,-11.012503618743867
2018,house,33,R,10155.0,Ron Johnson                           ,alabama_sos,ALPERSON-RON-JOHNSON,AL-2018-house-33-R-RON-JOHNSON,0,1,AL-2018-house-33-R-RON-JOHNSON,-4.2326009224232255,-9.844603753140417,2.4614071772229043,-16.538611852786545,-1.7694409701473814,-12.30776370541626,-3.064701056819776,-11.012503618743867,-61.59515713506539,41.905949628784555,3.2479261204280547,-17.325130795991697,10.55617757958433,-24.63338225514797,4.854046022042863,-18.931250697606504,2.3600276596938663,-16.43723233525751,-59.97589103342543,25.325629441442032,-2.3944720458260083,-11.682732629737634,10.609523309148678,-24.68672798471232,-1.8434590645316842,-12.233745611031958,-1.779194910814173,-12.29800976474947,-62.01294533362627,38.647480074151,-14.077204675563642,9.844603753140417,16.538611852786545,12.30776370541626,11.012503618743867,17.325130795991697,24.63338225514797,18.931250697606504,16.43723233525751,11.682732629737634,24.68672798471232,12.233745611031958,12.29800976474947,-41.905949628784555,61.59515713506539,-25.325629441442032,59.97589103342543,-38.647480074151,62.01294533362627,7.48052704285128,True,9.844603753140417,11.012503618743867
2018,house,36,D,4256.0,Nicki Arnold-Swindle                  ,alabama_sos,ALPERSON-NICKI-ARNOLD-SWINDLE,AL-2018-house-36-D-NICKI-ARNOLD-SWINDLE,0,0,AL-2018-house-36-D-NICKI-ARNOLD-SWINDLE,-1.48178744926145,-4.03532527626454,4.025067092548104,-9.542179818074095,-3.412423895830077,-2.104688829695913,-0.9482425545415909,-4.5688701709843995,-55.78587865818952,47.71522810566043,-7.211516993641769,1.694404268115779,-4.038783336395191,-1.4783293891307991,-11.718770626583336,6.201657901057345,-7.062575708875519,1.5454629833495286,-40.956355969317954,44.345164505549505,-8.749196082834104,3.232083357308113,1.7572787420390448,-7.274391467565035,-8.908787099505119,3.3916743739791286,-7.976204536629625,2.459091811103635,-47.09812934658052,53.56229606119675,-5.51711272552599,-4.03532527626454,-9.542179818074095,-2.104688829695913,-4.5688701709843995,1.694404268115779,-1.4783293891307991,6.201657901057345,1.5454629833495286,3.232083357308113,-7.274391467565035,3.3916743739791286,2.459091811103635,-55.78587865818952,47.71522810566043,-40.956355969317954,44.345164505549505,-47.09812934658052,53.56229606119675,7.2674086335726535,False,-4.03532527626454,-4.5688701709843995
2018,house,36,R,11399.0,Randy Wood                            ,alabama_sos,ALPERSON-RANDY-WOOD,AL-2018-house-36-R-RANDY-WOOD,1,1,AL-2018-house-36-R-RANDY-WOOD,-1.48178744926145,-4.03532527626454,4.025067092548104,-9.542179818074095,-3.412423895830077,-2.104688829695913,-0.9482425545415909,-4.5688701709843995,-55.78587865818952,47.71522810566043,-7.211516993641769,1.694404268115779,-4.038783336395191,-1.4783293891307991,-11.718770626583336,6.201657901057345,-7.062575708875519,1.5454629833495286,-40.956355969317954,44.345164505549505,-8.749196082834104,3.232083357308113,1.7572787420390448,-7.274391467565035,-8.908787099505119,3.3916743739791286,-7.976204536629625,2.459091811103635,-47.09812934658052,53.56229606119675,-5.51711272552599,4.03532527626454,9.542179818074095,2.104688829695913,4.5688701709843995,-1.694404268115779,1.4783293891307991,-6.201657901057345,-1.5454629833495286,-3.232083357308113,7.274391467565035,-3.3916743739791286,-2.459091811103635,-47.71522810566043,55.78587865818952,-44.345164505549505,40.956355969317954,-53.56229606119675,47.09812934658052,7.2674086335726535,False,4.03532527626454,4.5688701709843995
2018,house,37,D,4505.0,Charlotte A. Clark-Frieson            ,alabama_sos,ALPERSON-CHARLOTTE-A-CLARK-FRIESON,AL-2018-house-37-D-CHARLOTTE-A-CLARK-FRIESON,0,0,AL-2018-house-37-D-CHARLOTTE-A-CLARK-FRIESON,-2.50629793315321,-3.5852344396911455,1.1282272716582966,-7.219759644502652,-1.6443735794378727,-4.447158793406483,-2.035319527708009,-4.056212845136346,-55.33578782161612,48.165318942233824,-3.4012310739551195,-2.690301298889236,-2.009728274204882,-4.0818040986394735,-3.3603332336152842,-2.731199139229071,-3.6390341519535863,-2.452498220890769,-45.34106153632297,39.96045893854449,0.08830806685221759,-6.179840439696573,12.998180726221149,-19.089713099065506,1.346477979129821,-7.438010351974176,0.8940997834866575,-6.985632156331013,-56.51005314358521,44.15037226419206,-6.091532372844355,-3.5852344396911455,-7.219759644502652,-4.447158793406483,-4.056212845136346,-2.690301298889236,-4.0818040986394735,-2.731199139229071,-2.452498220890769,-6.179840439696573,-19.089713099065506,-7.438010351974176,-6.985632156331013,-55.33578782161612,48.165318942233824,-45.34106153632297,39.96045893854449,-56.51005314358521,44.15037226419206,3.489539140807337,True,-3.5852344396911455,-4.056212845136346
2018,house,37,R,11153.0,Bob Fincher                           ,alabama_sos,ALPERSON-BOB-FINCHER,AL-2018-house-37-R-BOB-FINCHER,1,1,AL-2018-house-37-R-BOB-FINCHER,-2.50629793315321,-3.5852344396911455,1.1282272716582966,-7.219759644502652,-1.6443735794378727,-4.447158793406483,-2.035319527708009,-4.056212845136346,-55.33578782161612,48.165318942233824,-3.4012310739551195,-2.690301298889236,-2.009728274204882,-4.0818040986394735,-3.3603332336152842,-2.731199139229071,-3.6390341519535863,-2.452498220890769,-45.34106153632297,39.96045893854449,0.08830806685221759,-6.179840439696573,12.998180726221149,-19.089713099065506,1.346477979129821,-7.438010351974176,0.8940997834866575,-6.985632156331013,-56.51005314358521,44.15037226419206,-6.091532372844355,3.5852344396911455,7.219759644502652,4.447158793406483,4.056212845136346,2.690301298889236,4.0818040986394735,2.731199139229071,2.452498220890769,6.179840439696573,19.089713099065506,7.438010351974176,6.985632156331013,-48.165318942233824,55.33578782161612,-39.96045893854449,45.34106153632297,-44.15037226419206,56.51005314358521,3.489539140807337,True,3.5852344396911455,4.056212845136346
2018,house,38,D,4944.0,Brian McGee                           ,alabama_sos,ALPERSON-BRIAN-MCGEE,AL-2018-house-38-D-BRIAN-MCGEE,0,0,AL-2018-house-38-D-BRIAN-MCGEE,0.6899582156704351,-8.587570668309473,6.808794530710543,-14.70640698334958,0.26593614359915296,-8.16354859623819,-0.3401156955680351,-7.557496757071003,-60.33812405023445,43.1629827136155,-2.5758659701054256,-5.321746482533612,3.3217641577842194,-11.219376610423257,-2.4962883494769423,-5.4013241031620955,-3.3797443359278994,-4.5178681167111385,-47.97250671996734,37.32901375490012,-6.4151589771222515,-1.4824534755167864,2.621255153930022,-10.51886760656906,-6.068613150833089,-1.8289993018059487,-6.88501588661118,-1.0125965660278577,-51.81266617940542,48.84775922837185,-7.897612452639038,-8.587570668309473,-14.70640698334958,-8.16354859623819,-7.557496757071003,-5.321746482533612,-11.219376610423257,-5.4013241031620955,-4.5178681167111385,-1.4824534755167864,-10.51886760656906,-1.8289993018059487,-1.0125965660278577,-60.33812405023445,43.1629827136155,-47.97250671996734,37.32901375490012,-51.81266617940542,48.84775922837185,7.105117192792687,True,-8.587570668309473,-7.557496757071003
2018,house,38,R,11151.0,Debbie Hamby Wood                     ,alabama_sos,ALPERSON-DEBBIE-HAMBY-WOOD,AL-2018-house-38-R-DEBBIE-HAMBY-WOOD,0,1,AL-2018-house-38-R-DEBBIE-HAMBY-WOOD,0.6899582156704351,-8.587570668309473,6.808794530710543,-14.70640698334958,0.26593614359915296,-8.16354859623819,-0.3401156955680351,-7.557496757071003,-60.33812405023445,43.1629827136155,-2.5758659701054256,-5.321746482533612,3.3217641577842194,-11.219376610423257,-2.4962883494769423,-5.4013241031620955,-3.3797443359278994,-4.5178681167111385,-47.97250671996734,37.32901375490012,-6.4151589771222515,-1.4824534755167864,2.621255153930022,-10.51886760656906,-6.068613150833089,-1.8289993018059487,-6.88501588661118,-1.0125965660278577,-51.81266617940542,48.84775922837185,-7.897612452639038,8.587570668309473,14.70640698334958,8.16354859623819,7.557496757071003,5.321746482533612,11.219376610423257,5.4013241031620955,4.5178681167111385,1.4824534755167864,10.51886760656906,1.8289993018059487,1.0125965660278577,-43.1629827136155,60.33812405023445,-37.32901375490012,47.97250671996734,-48.84775922837185,51.81266617940542,7.105117192792687,True,8.587570668309473,7.557496757071003
2018,house,40,D,3819.0,Pamela Jean Howard                    ,alabama_sos,ALPERSON-PAMELA-JEAN-HOWARD,AL-2018-house-40-D-PAMELA-JEAN-HOWARD,0,0,AL-2018-house-40-D-PAMELA-JEAN-HOWARD,-10.982547981601193,-6.140221036854058,-9.681706244558375,-7.441062773896876,-7.34982018846509,-9.772948829990161,-11.669320583410244,-5.453448435045008,-57.89077441877903,45.610332345070915,-12.862447810623765,-4.2603212078314865,-13.263502560213574,-3.8592664582416774,-9.745045283367967,-7.377723735087285,-13.933888575680378,-3.188880442774874,-46.91108144526522,38.39043902960224,-16.851534451359925,-0.2712345670953269,-10.196586140089742,-6.926182878365509,-12.474203442807909,-4.648565575647343,-16.85417873402544,-0.2685902844298127,-50.60144727098396,50.05897813679331,-17.12276901845525,-6.140221036854058,-7.441062773896876,-9.772948829990161,-5.453448435045008,-4.2603212078314865,-3.8592664582416774,-7.377723735087285,-3.188880442774874,-0.2712345670953269,-6.926182878365509,-4.648565575647343,-0.2685902844298127,-57.89077441877903,45.610332345070915,-46.91108144526522,38.39043902960224,-50.60144727098396,50.05897813679331,5.868986469758731,True,-6.140221036854058,-5.453448435045008
2018,house,40,R,11188.0,"Koven ""K.L."" Brown                    ",alabama_sos,ALPERSON-KOVEN-K-L-BROWN,AL-2018-house-40-R-KOVEN-K-L-BROWN,1,1,AL-2018-house-40-R-KOVEN-K-L-BROWN,-10.982547981601193,-6.140221036854058,-9.681706244558375,-7.441062773896876,-7.34982018846509,-9.772948829990161,-11.669320583410244,-5.453448435045008,-57.89077441877903,45.610332345070915,-12.862447810623765,-4.2603212078314865,-13.263502560213574,-3.8592664582416774,-9.745045283367967,-7.377723735087285,-13.933888575680378,-3.188880442774874,-46.91108144526522,38.39043902960224,-16.851534451359925,-0.2712345670953269,-10.196586140089742,-6.926182878365509,-12.474203442807909,-4.648565575647343,-16.85417873402544,-0.2685902844298127,-50.60144727098396,50.05897813679331,-17.12276901845525,6.140221036854058,7.441062773896876,9.772948829990161,5.453448435045008,4.2603212078314865,3.8592664582416774,7.377723735087285,3.188880442774874,0.2712345670953269,6.926182878365509,4.648565575647343,0.2685902844298127,-45.610332345070915,57.89077441877903,-38.39043902960224,46.91108144526522,-50.05897813679331,50.60144727098396,5.868986469758731,True,6.140221036854058,5.453448435045008
2018,house,41,D,4610.0,Emily Anne Marcum                     ,alabama_sos,ALPERSON-EMILY-ANNE-MARCUM,AL-2018-house-41-D-EMILY-ANNE-MARCUM,0,0,AL-2018-house-41-D-EMILY-ANNE-MARCUM,-1.0520943932331512,-5.611137224423377,4.994521535668845,-11.657753153325373,-2.369767177854796,-4.293464439801732,-2.1221434691242793,-4.541088148532249,-57.36169060634835,46.1394161575016,-4.078652627367124,-2.584578990289404,1.5571693190718854,-8.220400936728414,-3.6532608901769477,-3.0099707274795806,-4.832409517802169,-1.830822099854359,-45.23533922772313,40.06618124714433,-7.397921917769377,0.7346903001128489,-0.007972947493350091,-6.655258670163178,-7.946889787968148,1.2836581703116199,-8.146706906915409,1.4834752892588803,-49.59552240377579,51.06490300400148,-6.663231617656528,-5.611137224423377,-11.657753153325373,-4.293464439801732,-4.541088148532249,-2.584578990289404,-8.220400936728414,-3.0099707274795806,-1.830822099854359,0.7346903001128489,-6.655258670163178,1.2836581703116199,1.4834752892588803,-57.36169060634835,46.1394161575016,-45.23533922772313,40.06618124714433,-49.59552240377579,51.06490300400148,6.345827524536226,True,-5.611137224423377,-4.541088148532249
2018,house,41,R,14088.0,Corley Ellis                          ,alabama_sos,ALPERSON-CORLEY-ELLIS,AL-2018-house-41-R-CORLEY-ELLIS,1,1,AL-2018-house-41-R-CORLEY-ELLIS,-1.0520943932331512,-5.611137224423377,4.994521535668845,-11.657753153325373,-2.369767177854796,-4.293464439801732,-2.1221434691242793,-4.541088148532249,-57.36169060634835,46.1394161575016,-4.078652627367124,-2.584578990289404,1.5571693190718854,-8.220400936728414,-3.6532608901769477,-3.0099707274795806,-4.832409517802169,-1.830822099854359,-45.23533922772313,40.06618124714433,-7.397921917769377,0.7346903001128489,-0.007972947493350091,-6.655258670163178,-7.946889787968148,1.2836581703116199,-8.146706906915409,1.4834752892588803,-49.59552240377579,51.06490300400148,-6.663231617656528,5.611137224423377,11.657753153325373,4.293464439801732,4.541088148532249,2.584578990289404,8.220400936728414,3.0099707274795806,1.830822099854359,-0.7346903001128489,6.655258670163178,-1.2836581703116199,-1.4834752892588803,-46.1394161575016,57.36169060634835,-40.06618124714433,45.23533922772313,-51.06490300400148,49.59552240377579,6.345827524536226,True,5.611137224423377,4.541088148532249
2018,house,43,D,5847.0,Carin Mayo                            ,alabama_sos,ALPERSON-CARIN-MAYO,AL-2018-house-43-D-CARIN-MAYO,0,0,AL-2018-house-43-D-CARIN-MAYO,-4.163761575907226,-4.0083106426362365,-0.7063838058317202,-7.465688412711742,-5.708016591914515,-2.464055626628947,-5.441304122469956,-2.730768096073507,-55.75886402456121,47.742242739288734,-6.996992666533087,-1.1750795520103754,-4.000086017320427,-4.171986201223035,-9.27686802631767,1.1047958077742077,-8.370650136927694,0.1985779183842311,-43.8258397894441,41.475680685423356,-13.436325793619785,5.264253575076323,-10.156054460498964,1.983982241955502,-16.243808425090563,8.0717362065471,-14.237118619176272,6.065046400632809,-45.06595912881231,55.59446627896496,-8.172072218543462,-4.0083106426362365,-7.465688412711742,-2.464055626628947,-2.730768096073507,-1.1750795520103754,-4.171986201223035,1.1047958077742077,0.1985779183842311,5.264253575076323,1.983982241955502,8.0717362065471,6.065046400632809,-55.75886402456121,47.742242739288734,-43.8258397894441,41.475680685423356,-45.06595912881231,55.59446627896496,9.27256421771256,True,-4.0083106426362365,-2.730768096073507
2018,house,43,R,15035.0,Arnold G. Mooney II                   ,alabama_sos,ALPERSON-ARNOLD-G-MOONEY-II,AL-2018-house-43-R-ARNOLD-G-MOONEY-II,1,1,AL-2018-house-43-R-ARNOLD-G-MOONEY-II,-4.163761575907226,-4.0083106426362365,-0.7063838058317202,-7.465688412711742,-5.708016591914515,-2.464055626628947,-5.441304122469956,-2.730768096073507,-55.75886402456121,47.742242739288734,-6.996992666533087,-1.1750795520103754,-4.000086017320427,-4.171986201223035,-9.27686802631767,1.1047958077742077,-8.370650136927694,0.1985779183842311,-43.8258397894441,41.475680685423356,-13.436325793619785,5.264253575076323,-10.156054460498964,1.983982241955502,-16.243808425090563,8.0717362065471,-14.237118619176272,6.065046400632809,-45.06595912881231,55.59446627896496,-8.172072218543462,4.0083106426362365,7.465688412711742,2.464055626628947,2.730768096073507,1.1750795520103754,4.171986201223035,-1.1047958077742077,-0.1985779183842311,-5.264253575076323,-1.983982241955502,-8.0717362065471,-6.065046400632809,-47.742242739288734,55.75886402456121,-41.475680685423356,43.8258397894441,-55.59446627896496,45.06595912881231,9.27256421771256,True,4.0083106426362365,2.730768096073507
2018,house,45,D,7148.0,Jenn Gray                             ,alabama_sos,ALPERSON-JENN-GRAY,AL-2018-house-45-D-JENN-GRAY,0,0,AL-2018-house-45-D-JENN-GRAY,-17.14061019653514,14.291821243395347,-15.384897539020256,12.536108585880465,-15.435053783845355,12.586264830705563,-15.68634840230009,12.837559449160299,-37.458732138529626,66.04237462532032,-11.728630612837755,8.879841659697963,-8.025448183945976,5.176659230806184,-9.110369278539888,6.261580325400097,-10.850728069281931,8.00193911614214,-33.77091857773577,51.53060189713169,-13.526374753137116,10.677585799997324,-7.191594641260359,4.342805688120567,-12.498762687153112,9.64997373401332,-12.41128948229527,9.562500529155479,-39.65262690389131,61.00779850388596,-2.848788953139792,14.291821243395347,12.536108585880465,12.586264830705563,12.837559449160299,8.879841659697963,5.176659230806184,6.261580325400097,8.00193911614214,10.677585799997324,4.342805688120567,9.64997373401332,9.562500529155479,-37.458732138529626,66.04237462532032,-33.77091857773577,51.53060189713169,-39.65262690389131,61.00779850388596,5.411979583697384,True,14.291821243395347,12.837559449160299
2018,house,45,R,13669.0,Dickie Drake                          ,alabama_sos,ALPERSON-DICKIE-DRAKE,AL-2018-house-45-R-DICKIE-DRAKE,1,1,AL-2018-house-45-R-DICKIE-DRAKE,-17.14061019653514,14.291821243395347,-15.384897539020256,12.536108585880465,-15.435053783845355,12.586264830705563,-15.68634840230009,12.837559449160299,-37.458732138529626,66.04237462532032,-11.728630612837755,8.879841659697963,-8.025448183945976,5.176659230806184,-9.110369278539888,6.261580325400097,-10.850728069281931,8.00193911614214,-33.77091857773577,51.53060189713169,-13.526374753137116,10.677585799997324,-7.191594641260359,4.342805688120567,-12.498762687153112,9.64997373401332,-12.41128948229527,9.562500529155479,-39.65262690389131,61.00779850388596,-2.848788953139792,-14.291821243395347,-12.536108585880465,-12.586264830705563,-12.837559449160299,-8.879841659697963,-5.176659230806184,-6.261580325400097,-8.00193911614214,-10.677585799997324,-4.342805688120567,-9.64997373401332,-9.562500529155479,-66.04237462532032,37.458732138529626,-51.53060189713169,33.77091857773577,-61.00779850388596,39.65262690389131,5.411979583697384,True,-14.291821243395347,-12.837559449160299
2018,house,46,D,8445.0,Felicia Stewart                       ,alabama_sos,ALPERSON-FELICIA-STEWART,AL-2018-house-46-D-FELICIA-STEWART,0,0,AL-2018-house-46-D-FELICIA-STEWART,-43.25875878647607,25.85755043004966,-44.94383802397836,27.542629667551946,-41.65926039008741,24.258052033661,-38.35122806036407,20.95001970393766,-25.893002951875314,77.60810381197463,-45.95428091329739,28.553072556870976,-47.70856151654912,30.307353160122705,-45.090132632686334,27.68892427625992,-40.805312576301034,23.404104219874622,-14.097687680562753,71.2038327943047,-38.647156161529594,21.24594780510318,-38.343948221601025,20.942739865174612,-37.71477072180242,20.313562365376004,-34.52387134789761,17.1226629914712,-29.084264898785452,71.57616050899182,-17.401208356426412,25.85755043004966,27.542629667551946,24.258052033661,20.95001970393766,28.553072556870976,30.307353160122705,27.68892427625992,23.404104219874622,21.24594780510318,20.942739865174612,20.313562365376004,17.1226629914712,-25.893002951875314,77.60810381197463,-14.097687680562753,71.2038327943047,-29.084264898785452,71.57616050899182,7.307124751767795,True,25.85755043004966,20.95001970393766
2018,house,46,R,13341.0,David Faulkner                        ,alabama_sos,ALPERSON-DAVID-FAULKNER,AL-2018-house-46-R-DAVID-FAULKNER,1,1,AL-2018-house-46-R-DAVID-FAULKNER,-43.25875878647607,25.85755043004966,-44.94383802397836,27.542629667551946,-41.65926039008741,24.258052033661,-38.35122806036407,20.95001970393766,-25.893002951875314,77.60810381197463,-45.95428091329739,28.553072556870976,-47.70856151654912,30.307353160122705,-45.090132632686334,27.68892427625992,-40.805312576301034,23.404104219874622,-14.097687680562753,71.2038327943047,-38.647156161529594,21.24594780510318,-38.343948221601025,20.942739865174612,-37.71477072180242,20.313562365376004,-34.52387134789761,17.1226629914712,-29.084264898785452,71.57616050899182,-17.401208356426412,-25.85755043004966,-27.542629667551946,-24.258052033661,-20.95001970393766,-28.553072556870976,-30.307353160122705,-27.68892427625992,-23.404104219874622,-21.24594780510318,-20.942739865174612,-20.313562365376004,-17.1226629914712,-77.60810381197463,25.893002951875314,-71.2038327943047,14.097687680562753,-71.57616050899182,29.084264898785452,7.307124751767795,True,-25.85755043004966,-20.95001970393766
2018,house,47,D,7721.0,Jim Toomey                            ,alabama_sos,ALPERSON-JIM-TOOMEY,AL-2018-house-47-D-JIM-TOOMEY,0,0,AL-2018-house-47-D-JIM-TOOMEY,-12.064749340549152,0.9284617551071488,-10.787457053510208,-0.3488305319317959,-14.21580828495959,3.0795206995175857,-12.391570111631523,1.2552825261895197,-50.82209162681782,52.679015137032124,-14.979198217837656,3.842910632395652,-13.785746724725996,2.6494591392839926,-18.85254189739827,7.716254311956268,-15.506874384415006,4.370586798973003,-38.80784960503808,46.49367086982938,-11.947165237890585,0.8108776524485819,-8.286464126994463,-2.84982345844754,-13.925786084600102,2.789498499158098,-12.408406986173134,1.27211940073113,-49.51933505144005,51.141090356337216,-11.136287585442004,0.9284617551071488,-0.3488305319317959,3.0795206995175857,1.2552825261895197,3.842910632395652,2.6494591392839926,7.716254311956268,4.370586798973003,0.8108776524485819,-2.84982345844754,2.789498499158098,1.27211940073113,-50.82209162681782,52.679015137032124,-38.80784960503808,46.49367086982938,-49.51933505144005,51.141090356337216,3.03203297994707,True,0.9284617551071488,1.2552825261895197
2018,house,47,R,9170.0,David Wheeler                         ,alabama_sos,ALPERSON-DAVID-WHEELER,AL-2018-house-47-R-DAVID-WHEELER,0,1,AL-2018-house-47-R-DAVID-WHEELER,-12.064749340549152,0.9284617551071488,-10.787457053510208,-0.3488305319317959,-14.21580828495959,3.0795206995175857,-12.391570111631523,1.2552825261895197,-50.82209162681782,52.679015137032124,-14.979198217837656,3.842910632395652,-13.785746724725996,2.6494591392839926,-18.85254189739827,7.716254311956268,-15.506874384415006,4.370586798973003,-38.80784960503808,46.49367086982938,-11.947165237890585,0.8108776524485819,-8.286464126994463,-2.84982345844754,-13.925786084600102,2.789498499158098,-12.408406986173134,1.27211940073113,-49.51933505144005,51.141090356337216,-11.136287585442004,-0.9284617551071488,0.3488305319317959,-3.0795206995175857,-1.2552825261895197,-3.842910632395652,-2.6494591392839926,-7.716254311956268,-4.370586798973003,-0.8108776524485819,2.84982345844754,-2.789498499158098,-1.27211940073113,-52.679015137032124,50.82209162681782,-46.49367086982938,38.80784960503808,-51.141090356337216,49.51933505144005,3.03203297994707,True,-0.9284617551071488,-1.2552825261895197
2018,house,48,D,7832.0,Alli Summerford                       ,alabama_sos,ALPERSON-ALLI-SUMMERFORD,AL-2018-house-48-D-ALLI-SUMMERFORD,0,0,AL-2018-house-48-D-ALLI-SUMMERFORD,-38.67518992508583,26.86863145727719,-42.08385769279383,30.277299224985185,-38.83375780437275,27.02719933656411,-34.19111662458462,22.38455815677598,-24.881921924647784,78.61918483920216,-37.795573839450384,25.98901537164174,-35.38219074263721,23.57563227482857,-33.25440152680217,21.447843058993527,-29.907030845722833,18.100472377914194,-16.661744865791988,68.63977560907547,-34.4754406838459,22.66888221603726,-32.77173604385949,20.96517757605085,-34.677426371951945,22.870867904143303,-30.690679871610662,18.88412140380202,-27.661330487851373,72.9990949199259,-11.80655846780864,26.86863145727719,30.277299224985185,27.02719933656411,22.38455815677598,25.98901537164174,23.57563227482857,21.447843058993527,18.100472377914194,22.66888221603726,20.96517757605085,22.870867904143303,18.88412140380202,-24.881921924647784,78.61918483920216,-16.661744865791988,68.63977560907547,-27.661330487851373,72.9990949199259,4.199749241239928,True,26.86863145727719,22.38455815677598
2018,house,48,R,14789.0,Jim Carns                             ,alabama_sos,ALPERSON-JIM-CARNS,AL-2018-house-48-R-JIM-CARNS,1,1,AL-2018-house-48-R-JIM-CARNS,-38.67518992508583,26.86863145727719,-42.08385769279383,30.277299224985185,-38.83375780437275,27.02719933656411,-34.19111662458462,22.38455815677598,-24.881921924647784,78.61918483920216,-37.795573839450384,25.98901537164174,-35.38219074263721,23.57563227482857,-33.25440152680217,21.447843058993527,-29.907030845722833,18.100472377914194,-16.661744865791988,68.63977560907547,-34.4754406838459,22.66888221603726,-32.77173604385949,20.96517757605085,-34.677426371951945,22.870867904143303,-30.690679871610662,18.88412140380202,-27.661330487851373,72.9990949199259,-11.80655846780864,-26.86863145727719,-30.277299224985185,-27.02719933656411,-22.38455815677598,-25.98901537164174,-23.57563227482857,-21.447843058993527,-18.100472377914194,-22.66888221603726,-20.96517757605085,-22.870867904143303,-18.88412140380202,-78.61918483920216,24.881921924647784,-68.63977560907547,16.661744865791988,-72.9990949199259,27.661330487851373,4.199749241239928,True,-26.86863145727719,-22.38455815677598
2018,house,51,D,3174.0,Veronica R. Johnson                   ,alabama_sos,ALPERSON-VERONICA-R-JOHNSON,AL-2018-house-51-D-VERONICA-R-JOHNSON,0,0,AL-2018-house-51-D-VERONICA-R-JOHNSON,-46.30821376007353,19.89421923862408,-40.02044631394953,13.606451792500078,-44.37940170645752,17.965407185008072,-39.48082593429974,13.066831412850288,-31.856334143300895,71.64477262054905,-44.37881542246571,17.964820901016264,-38.0988280424587,11.68483352100925,-39.92317749519335,13.5091829737439,-37.808560121855635,11.394565600406185,-24.685939336417466,60.61558113845,-49.85957462517385,23.4455801037244,-46.989611440771114,20.575616919321664,-48.27493188660732,21.86093736515787,-45.17658417233956,18.76258965089011,-26.884632600164235,73.77579280761303,-26.41399452144945,19.89421923862408,13.606451792500078,17.965407185008072,13.066831412850288,17.964820901016264,11.68483352100925,13.5091829737439,11.394565600406185,23.4455801037244,20.575616919321664,21.86093736515787,18.76258965089011,-31.856334143300895,71.64477262054905,-24.685939336417466,60.61558113845,-26.884632600164235,73.77579280761303,5.4807592027081355,True,19.89421923862408,13.066831412850288
2018,house,51,R,15390.0,Allen Treadaway                       ,alabama_sos,ALPERSON-ALLEN-TREADAWAY,AL-2018-house-51-R-ALLEN-TREADAWAY,1,1,AL-2018-house-51-R-ALLEN-TREADAWAY,-46.30821376007353,19.89421923862408,-40.02044631394953,13.606451792500078,-44.37940170645752,17.965407185008072,-39.48082593429974,13.066831412850288,-31.856334143300895,71.64477262054905,-44.37881542246571,17.964820901016264,-38.0988280424587,11.68483352100925,-39.92317749519335,13.5091829737439,-37.808560121855635,11.394565600406185,-24.685939336417466,60.61558113845,-49.85957462517385,23.4455801037244,-46.989611440771114,20.575616919321664,-48.27493188660732,21.86093736515787,-45.17658417233956,18.76258965089011,-26.884632600164235,73.77579280761303,-26.41399452144945,-19.89421923862408,-13.606451792500078,-17.965407185008072,-13.066831412850288,-17.964820901016264,-11.68483352100925,-13.5091829737439,-11.394565600406185,-23.4455801037244,-20.575616919321664,-21.86093736515787,-18.76258965089011,-71.64477262054905,31.856334143300895,-60.61558113845,24.685939336417466,-73.77579280761303,26.884632600164235,5.4807592027081355,True,-19.89421923862408,-13.066831412850288
2018,house,61,D,6491.0,"Thomas ""Tommy"" Hyche                  ",alabama_sos,ALPERSON-THOMAS-TOMMY-HYCHE,AL-2018-house-61-D-THOMAS-TOMMY-HYCHE,0,0,AL-2018-house-61-D-THOMAS-TOMMY-HYCHE,-3.3841862310702755,-8.614952768410978,2.483988874942826,-14.48312787442408,-2.5394862631784916,-9.459652736302761,-2.729267978722789,-9.269871020758465,-60.36550615033595,43.13560061351399,-0.40574545468112344,-11.59339354480013,6.197095354751244,-18.196234354232498,1.4416812804880905,-13.440820279969344,0.6141079861016205,-12.613246985582874,-54.24415378223386,31.0573666926336,-8.057783813567124,-3.94135518591413,0.9036566758668094,-12.902795675348063,-7.187840572318384,-4.811298427162869,-7.71068269551629,-4.2884563039649635,-54.27156788980277,46.3888575179745,-11.999138999481254,-8.614952768410978,-14.48312787442408,-9.459652736302761,-9.269871020758465,-11.59339354480013,-18.196234354232498,-13.440820279969344,-12.613246985582874,-3.94135518591413,-12.902795675348063,-4.811298427162869,-4.2884563039649635,-60.36550615033595,43.13560061351399,-54.24415378223386,31.0573666926336,-54.27156788980277,46.3888575179745,7.652038358885999,True,-8.614952768410978,-9.269871020758465
2018,house,61,R,12407.0,Rodney Sullivan                       ,alabama_sos,ALPERSON-RODNEY-SULLIVAN,AL-2018-house-61-R-RODNEY-SULLIVAN,0,1,AL-2018-house-61-R-RODNEY-SULLIVAN,-3.3841862310702755,-8.614952768410978,2.483988874942826,-14.48312787442408,-2.5394862631784916,-9.459652736302761,-2.729267978722789,-9.269871020758465,-60.36550615033595,43.13560061351399,-0.40574545468112344,-11.59339354480013,6.197095354751244,-18.196234354232498,1.4416812804880905,-13.440820279969344,0.6141079861016205,-12.613246985582874,-54.24415378223386,31.0573666926336,-8.057783813567124,-3.94135518591413,0.9036566758668094,-12.902795675348063,-7.187840572318384,-4.811298427162869,-7.71068269551629,-4.2884563039649635,-54.27156788980277,46.3888575179745,-11.999138999481254,8.614952768410978,14.48312787442408,9.459652736302761,9.269871020758465,11.59339354480013,18.196234354232498,13.440820279969344,12.613246985582874,3.94135518591413,12.902795675348063,4.811298427162869,4.2884563039649635,-43.13560061351399,60.36550615033595,-31.0573666926336,54.24415378223386,-46.3888575179745,54.27156788980277,7.652038358885999,True,8.614952768410978,9.269871020758465
2018,house,62,D,5265.0,Will Benton                           ,alabama_sos,ALPERSON-WILL-BENTON,AL-2018-house-62-D-WILL-BENTON,0,0,AL-2018-house-62-D-WILL-BENTON,-11.105031929838916,-5.2250811959902705,-9.634369244946368,-6.695743880882818,-14.454753011335537,-1.875360114493649,-11.436803811718864,-4.893309314110322,-56.975634577915244,46.5254721859347,-15.868890877462054,-0.46122224836713244,-17.324414659960226,0.9943015341310399,-21.38153474164941,5.0514216158202245,-17.26536051855177,0.9352473927225837,-43.111982485800866,42.189537989066594,-11.096708534062437,-5.2334045917667495,-6.492337678631216,-9.83777544719797,-15.333134269760045,-0.9969788560691413,-13.313156926618149,-3.0169561992110374,-55.56361729565538,45.096808112121884,-16.330113125829186,-5.2250811959902705,-6.695743880882818,-1.875360114493649,-4.893309314110322,-0.46122224836713244,0.9943015341310399,5.0514216158202245,0.9352473927225837,-5.2334045917667495,-9.83777544719797,-0.9969788560691413,-3.0169561992110374,-56.975634577915244,46.5254721859347,-43.111982485800866,42.189537989066594,-55.56361729565538,45.096808112121884,4.772182343399617,True,-5.2250811959902705,-4.893309314110322
2018,house,62,R,11282.0,Rich Wingo                            ,alabama_sos,ALPERSON-RICH-WINGO,AL-2018-house-62-R-RICH-WINGO,1,1,AL-2018-house-62-R-RICH-WINGO,-11.105031929838916,-5.2250811959902705,-9.634369244946368,-6.695743880882818,-14.454753011335537,-1.875360114493649,-11.436803811718864,-4.893309314110322,-56.975634577915244,46.5254721859347,-15.868890877462054,-0.46122224836713244,-17.324414659960226,0.9943015341310399,-21.38153474164941,5.0514216158202245,-17.26536051855177,0.9352473927225837,-43.111982485800866,42.189537989066594,-11.096708534062437,-5.2334045917667495,-6.492337678631216,-9.83777544719797,-15.333134269760045,-0.9969788560691413,-13.313156926618149,-3.0169561992110374,-55.56361729565538,45.096808112121884,-16.330113125829186,5.2250811959902705,6.695743880882818,1.875360114493649,4.893309314110322,0.46122224836713244,-0.9943015341310399,-5.0514216158202245,-0.9352473927225837,5.2334045917667495,9.83777544719797,0.9969788560691413,3.0169561992110374,-46.5254721859347,56.975634577915244,-42.189537989066594,43.111982485800866,-45.096808112121884,55.56361729565538,4.772182343399617,True,5.2250811959902705,4.893309314110322
2018,house,64,D,4022.0,Amber Selman-Lynn                     ,alabama_sos,ALPERSON-AMBER-SELMAN-LYNN,AL-2018-house-64-D-AMBER-SELMAN-LYNN,0,0,AL-2018-house-64-D-AMBER-SELMAN-LYNN,-0.4725513918825204,-6.275050353324068,5.459714085715957,-12.207315830922546,-1.1754381809240408,-5.5721635642825476,-0.9360811959869784,-5.81152054921961,-58.02560373524904,45.475503028600905,-3.6571774692979666,-3.090424275908622,1.2517684108448766,-7.999370156051465,-2.7716498360932773,-3.975951909113311,-3.9420956963227276,-2.805506048883861,-45.741184513342354,39.560335961525105,-5.469040961724797,-1.2785607834817911,3.9669192996179383,-10.714521044824526,-5.85647103232461,-0.8911307128819788,-5.765046222683761,-0.9825555225228273,-51.60877348737043,49.05165192040684,-6.747601745206588,-6.275050353324068,-12.207315830922546,-5.5721635642825476,-5.81152054921961,-3.090424275908622,-7.999370156051465,-3.975951909113311,-2.805506048883861,-1.2785607834817911,-10.714521044824526,-0.8911307128819788,-0.9825555225228273,-58.02560373524904,45.475503028600905,-45.741184513342354,39.560335961525105,-51.60877348737043,49.05165192040684,4.996489569842277,True,-6.275050353324068,-5.81152054921961
2018,house,64,R,13030.0,Harry Shiver                          ,alabama_sos,ALPERSON-HARRY-SHIVER,AL-2018-house-64-R-HARRY-SHIVER,1,1,AL-2018-house-64-R-HARRY-SHIVER,-0.4725513918825204,-6.275050353324068,5.459714085715957,-12.207315830922546,-1.1754381809240408,-5.5721635642825476,-0.9360811959869784,-5.81152054921961,-58.02560373524904,45.475503028600905,-3.6571774692979666,-3.090424275908622,1.2517684108448766,-7.999370156051465,-2.7716498360932773,-3.975951909113311,-3.9420956963227276,-2.805506048883861,-45.741184513342354,39.560335961525105,-5.469040961724797,-1.2785607834817911,3.9669192996179383,-10.714521044824526,-5.85647103232461,-0.8911307128819788,-5.765046222683761,-0.9825555225228273,-51.60877348737043,49.05165192040684,-6.747601745206588,6.275050353324068,12.207315830922546,5.5721635642825476,5.81152054921961,3.090424275908622,7.999370156051465,3.975951909113311,2.805506048883861,1.2785607834817911,10.714521044824526,0.8911307128819788,0.9825555225228273,-45.475503028600905,58.02560373524904,-39.560335961525105,45.741184513342354,-49.05165192040684,51.60877348737043,4.996489569842277,True,6.275050353324068,5.81152054921961
2018,house,65,D,9010.0,Elaine Beech                          ,alabama_sos,ALPERSON-ELAINE-BEECH,AL-2018-house-65-D-ELAINE-BEECH,1,0,AL-2018-house-65-D-ELAINE-BEECH,19.86260959723979,-7.166340367604205,25.031755607234945,-12.335486377599361,16.19109551843755,-3.494826288801965,18.543258025958185,-5.8469887963226,-58.91689374952918,44.58421301432077,18.758721781238023,-6.062452551602439,23.240532476858778,-10.544263247223194,15.144015388481428,-2.4477461588458436,17.328170664845437,-4.631901435209853,-48.71321278903617,36.58830768583129,18.470586870870424,-5.774317641234839,27.734435007664896,-15.038165778029311,16.187255436024333,-3.490986206388749,17.460822549075527,-4.764553319439942,-56.10453034512347,44.555895062653796,12.696269229635584,-7.166340367604205,-12.335486377599361,-3.494826288801965,-5.8469887963226,-6.062452551602439,-10.544263247223194,-2.4477461588458436,-4.631901435209853,-5.774317641234839,-15.038165778029311,-3.490986206388749,-4.764553319439942,-58.91689374952918,44.58421301432077,-48.71321278903617,36.58830768583129,-56.10453034512347,44.555895062653796,1.3920227263693654,True,-7.166340367604205,-5.8469887963226
2018,house,65,R,10095.0,Brett Easterbrook                     ,alabama_sos,ALPERSON-BRETT-EASTERBROOK,AL-2018-house-65-R-BRETT-EASTERBROOK,0,1,AL-2018-house-65-R-BRETT-EASTERBROOK,19.86260959723979,-7.166340367604205,25.031755607234945,-12.335486377599361,16.19109551843755,-3.494826288801965,18.543258025958185,-5.8469887963226,-58.91689374952918,44.58421301432077,18.758721781238023,-6.062452551602439,23.240532476858778,-10.544263247223194,15.144015388481428,-2.4477461588458436,17.328170664845437,-4.631901435209853,-48.71321278903617,36.58830768583129,18.470586870870424,-5.774317641234839,27.734435007664896,-15.038165778029311,16.187255436024333,-3.490986206388749,17.460822549075527,-4.764553319439942,-56.10453034512347,44.555895062653796,12.696269229635584,7.166340367604205,12.335486377599361,3.494826288801965,5.8469887963226,6.062452551602439,10.544263247223194,2.4477461588458436,4.631901435209853,5.774317641234839,15.038165778029311,3.490986206388749,4.764553319439942,-44.58421301432077,58.91689374952918,-36.58830768583129,48.71321278903617,-44.555895062653796,56.10453034512347,1.3920227263693654,True,7.166340367604205,5.8469887963226
2018,house,66,D,4008.0,Susan E. Smith                        ,alabama_sos,ALPERSON-SUSAN-E-SMITH,AL-2018-house-66-D-SUSAN-E-SMITH,0,0,AL-2018-house-66-D-SUSAN-E-SMITH,3.0317354954864566,-11.490545656974886,6.984614121313665,-15.443424282802095,1.3111474105255736,-9.769957572014004,1.5064501843210119,-9.96526034580944,-63.24109903889986,40.260007724950086,0.5691705893925505,-9.02798075088098,3.373279029698029,-11.832089191186459,0.3729632516757908,-8.831773413164221,-0.7162313429659175,-7.742578818522512,-51.67874098831471,33.62277948655275,-2.28518005358226,-6.1736301079061695,7.953734787105606,-16.412544948594036,-2.732721022316907,-5.726089139171522,-2.6217617729469094,-5.83704838854152,-56.503842811794804,44.156582595982464,-8.45881016148843,-11.490545656974886,-15.443424282802095,-9.769957572014004,-9.96526034580944,-9.02798075088098,-11.832089191186459,-8.831773413164221,-7.742578818522512,-6.1736301079061695,-16.412544948594036,-5.726089139171522,-5.83704838854152,-63.24109903889986,40.260007724950086,-51.67874098831471,33.62277948655275,-56.503842811794804,44.156582595982464,5.3169155490687166,True,-11.490545656974886,-9.96526034580944
2018,house,66,R,10431.0,Alan Baker                            ,alabama_sos,ALPERSON-ALAN-BAKER,AL-2018-house-66-R-ALAN-BAKER,1,1,AL-2018-house-66-R-ALAN-BAKER,3.0317354954864566,-11.490545656974886,6.984614121313665,-15.443424282802095,1.3111474105255736,-9.769957572014004,1.5064501843210119,-9.96526034580944,-63.24109903889986,40.260007724950086,0.5691705893925505,-9.02798075088098,3.373279029698029,-11.832089191186459,0.3729632516757908,-8.831773413164221,-0.7162313429659175,-7.742578818522512,-51.67874098831471,33.62277948655275,-2.28518005358226,-6.1736301079061695,7.953734787105606,-16.412544948594036,-2.732721022316907,-5.726089139171522,-2.6217617729469094,-5.83704838854152,-56.503842811794804,44.156582595982464,-8.45881016148843,11.490545656974886,15.443424282802095,9.769957572014004,9.96526034580944,9.02798075088098,11.832089191186459,8.831773413164221,7.742578818522512,6.1736301079061695,16.412544948594036,5.726089139171522,5.83704838854152,-40.260007724950086,63.24109903889986,-33.62277948655275,51.67874098831471,-44.156582595982464,56.503842811794804,5.3169155490687166,True,11.490545656974886,9.96526034580944
2018,house,73,D,5772.0,Jack Jacobs                           ,alabama_sos,ALPERSON-JACK-JACOBS,AL-2018-house-73-D-JACK-JACOBS,0,0,AL-2018-house-73-D-JACK-JACOBS,-1.130221070374077,-6.483883181729901,5.76200867924525,-13.376112931349228,0.5998736933900659,-8.213977945494044,-1.6906174203052826,-5.923486831798695,-58.234436563654874,45.26667020019507,-2.1770090386423497,-5.437095213461628,4.817751243655961,-12.431855495759939,-0.25432275199673704,-7.359781500107241,-2.506856596576686,-5.107247655527292,-48.08785545089536,37.2136650239721,3.184708134599866,-10.798812386703844,11.620271359069145,-19.23437561117312,5.338503843717379,-12.952608095821358,1.9767505900260671,-9.590854842130046,-61.12902509059248,39.53140031718479,-7.614104252103978,-6.483883181729901,-13.376112931349228,-8.213977945494044,-5.923486831798695,-5.437095213461628,-12.431855495759939,-7.359781500107241,-5.107247655527292,-10.798812386703844,-19.23437561117312,-12.952608095821358,-9.590854842130046,-58.234436563654874,45.26667020019507,-48.08785545089536,37.2136650239721,-61.12902509059248,39.53140031718479,5.361717173242216,True,-6.483883181729901,-5.923486831798695
2018,house,73,R,12913.0,Matt Fridy                            ,alabama_sos,ALPERSON-MATT-FRIDY,AL-2018-house-73-R-MATT-FRIDY,1,1,AL-2018-house-73-R-MATT-FRIDY,-1.130221070374077,-6.483883181729901,5.76200867924525,-13.376112931349228,0.5998736933900659,-8.213977945494044,-1.6906174203052826,-5.923486831798695,-58.234436563654874,45.26667020019507,-2.1770090386423497,-5.437095213461628,4.817751243655961,-12.431855495759939,-0.25432275199673704,-7.359781500107241,-2.506856596576686,-5.107247655527292,-48.08785545089536,37.2136650239721,3.184708134599866,-10.798812386703844,11.620271359069145,-19.23437561117312,5.338503843717379,-12.952608095821358,1.9767505900260671,-9.590854842130046,-61.12902509059248,39.53140031718479,-7.614104252103978,6.483883181729901,13.376112931349228,8.213977945494044,5.923486831798695,5.437095213461628,12.431855495759939,7.359781500107241,5.107247655527292,10.798812386703844,19.23437561117312,12.952608095821358,9.590854842130046,-45.26667020019507,58.234436563654874,-37.2136650239721,48.08785545089536,-39.53140031718479,61.12902509059248,5.361717173242216,True,6.483883181729901,5.923486831798695
2018,house,74,D,6160.0,Rayford Mack                          ,alabama_sos,ALPERSON-RAYFORD-MACK,AL-2018-house-74-D-RAYFORD-MACK,0,0,AL-2018-house-74-D-RAYFORD-MACK,-11.604431442704307,-38.608394388858514,-15.136344588886326,-35.07648124267649,-6.75987944014374,-43.452946391419076,-26.491764846274343,-23.721060985288474,-90.35894777078349,13.14215899306646,-19.84133414791519,-30.371491683647626,-22.807686986268592,-27.405138845294225,-12.287943876868054,-37.92488195469476,-30.7608617590673,-19.451964072495517,-73.02225192108136,12.279268553786103,-5.3208878265268105,-44.89193800503601,-11.153825515889764,-39.05900031567305,-5.456426736109318,-44.7563990954535,-23.785389149249077,-26.42743668231374,-95.22215070892464,5.438274698852624,-50.21282583156282,-38.608394388858514,-35.07648124267649,-43.452946391419076,-23.721060985288474,-30.371491683647626,-27.405138845294225,-37.92488195469476,-19.451964072495517,-44.89193800503601,-39.05900031567305,-44.7563990954535,-26.42743668231374,-90.35894777078349,13.14215899306646,-73.02225192108136,12.279268553786103,-95.22215070892464,5.438274698852624,14.520446321388384,True,-38.608394388858514,-23.721060985288474
2018,house,74,R,9449.0,Dimitri Polizos                       ,alabama_sos,ALPERSON-DIMITRI-POLIZOS,AL-2018-house-74-R-DIMITRI-POLIZOS,1,1,AL-2018-house-74-R-DIMITRI-POLIZOS,-11.604431442704307,-38.608394388858514,-15.136344588886326,-35.07648124267649,-6.75987944014374,-43.452946391419076,-26.491764846274343,-23.721060985288474,-90.35894777078349,13.14215899306646,-19.84133414791519,-30.371491683647626,-22.807686986268592,-27.405138845294225,-12.287943876868054,-37.92488195469476,-30.7608617590673,-19.451964072495517,-73.02225192108136,12.279268553786103,-5.3208878265268105,-44.89193800503601,-11.153825515889764,-39.05900031567305,-5.456426736109318,-44.7563990954535,-23.785389149249077,-26.42743668231374,-95.22215070892464,5.438274698852624,-50.21282583156282,38.608394388858514,35.07648124267649,43.452946391419076,23.721060985288474,30.371491683647626,27.405138845294225,37.92488195469476,19.451964072495517,44.89193800503601,39.05900031567305,44.7563990954535,26.42743668231374,-13.14215899306646,90.35894777078349,-12.279268553786103,73.02225192108136,-5.438274698852624,95.22215070892464,14.520446321388384,True,38.608394388858514,23.721060985288474
2018,house,79,D,7015.0,Mary Wynne Kling                      ,alabama_sos,ALPERSON-MARY-WYNNE-KLING,AL-2018-house-79-D-MARY-WYNNE-KLING,0,0,AL-2018-house-79-D-MARY-WYNNE-KLING,-14.417399676879578,10.070172893730907,-14.72626524131942,10.379038458170749,-14.370757859218788,10.023531076070118,-13.339644314312348,8.992417531163678,-41.68038048819407,61.82072627565588,-12.421072755752597,8.073845972603927,-12.318035441716834,7.9708086585681635,-13.080928205021626,8.733701421872956,-10.88343039141752,6.536203608268849,-34.5769142648298,50.724606210037656,-21.029819246423184,16.682592463274514,-19.165210437410238,14.817983654261567,-22.46622131082465,18.11899452767598,-20.347646824668825,16.000420041520155,-33.64762024061412,67.01280516716315,-4.34722678314867,10.070172893730907,10.379038458170749,10.023531076070118,8.992417531163678,8.073845972603927,7.9708086585681635,8.733701421872956,6.536203608268849,16.682592463274514,14.817983654261567,18.11899452767598,16.000420041520155,-41.68038048819407,61.82072627565588,-34.5769142648298,50.724606210037656,-33.64762024061412,67.01280516716315,8.608746490670587,True,10.070172893730907,8.992417531163678
2018,house,79,R,9717.0,Joe Lovvorn                           ,alabama_sos,ALPERSON-JOE-LOVVORN,AL-2018-house-79-R-JOE-LOVVORN,1,1,AL-2018-house-79-R-JOE-LOVVORN,-14.417399676879578,10.070172893730907,-14.72626524131942,10.379038458170749,-14.370757859218788,10.023531076070118,-13.339644314312348,8.992417531163678,-41.68038048819407,61.82072627565588,-12.421072755752597,8.073845972603927,-12.318035441716834,7.9708086585681635,-13.080928205021626,8.733701421872956,-10.88343039141752,6.536203608268849,-34.5769142648298,50.724606210037656,-21.029819246423184,16.682592463274514,-19.165210437410238,14.817983654261567,-22.46622131082465,18.11899452767598,-20.347646824668825,16.000420041520155,-33.64762024061412,67.01280516716315,-4.34722678314867,-10.070172893730907,-10.379038458170749,-10.023531076070118,-8.992417531163678,-8.073845972603927,-7.9708086585681635,-8.733701421872956,-6.536203608268849,-16.682592463274514,-14.817983654261567,-18.11899452767598,-16.000420041520155,-61.82072627565588,41.68038048819407,-50.724606210037656,34.5769142648298,-67.01280516716315,33.64762024061412,8.608746490670587,True,-10.070172893730907,-8.992417531163678
2018,house,80,D,3407.0,"Christopher F. ""Apostle"" Davis        ",alabama_sos,ALPERSON-CHRISTOPHER-F-APOSTLE-DAVIS,AL-2018-house-80-D-CHRISTOPHER-F-APOSTLE-DAVIS,0,0,AL-2018-house-80-D-CHRISTOPHER-F-APOSTLE-DAVIS,-6.251170195267061,-7.381532042935731,-1.936752112846042,-11.69595012535675,-7.361234946468716,-6.271467291734076,-6.9563766476343245,-6.676325590568468,-59.132085424860705,44.36902133898924,-7.037661669505161,-6.595040568697632,-2.7805762745012714,-10.852125963701521,-7.54337142694345,-6.089330811259343,-7.156784580520631,-6.475917657682162,-49.24580080613136,36.055719668736096,-2.0413239250992845,-11.591378313103508,6.61433653375366,-20.247038771956454,-4.505730551197701,-9.126971687005092,-3.4810379828387816,-10.151664255364011,-61.92159101699214,38.73883439078513,-13.632702238202793,-7.381532042935731,-11.69595012535675,-6.271467291734076,-6.676325590568468,-6.595040568697632,-10.852125963701521,-6.089330811259343,-6.475917657682162,-11.591378313103508,-20.247038771956454,-9.126971687005092,-10.151664255364011,-59.132085424860705,44.36902133898924,-49.24580080613136,36.055719668736096,-61.92159101699214,38.73883439078513,4.996337744405876,True,-7.381532042935731,-6.676325590568468
2018,house,80,R,8506.0,Chris E. Blackshear                   ,alabama_sos,ALPERSON-CHRIS-E-BLACKSHEAR,AL-2018-house-80-R-CHRIS-E-BLACKSHEAR,1,1,AL-2018-house-80-R-CHRIS-E-BLACKSHEAR,-6.251170195267061,-7.381532042935731,-1.936752112846042,-11.69595012535675,-7.361234946468716,-6.271467291734076,-6.9563766476343245,-6.676325590568468,-59.132085424860705,44.36902133898924,-7.037661669505161,-6.595040568697632,-2.7805762745012714,-10.852125963701521,-7.54337142694345,-6.089330811259343,-7.156784580520631,-6.475917657682162,-49.24580080613136,36.055719668736096,-2.0413239250992845,-11.591378313103508,6.61433653375366,-20.247038771956454,-4.505730551197701,-9.126971687005092,-3.4810379828387816,-10.151664255364011,-61.92159101699214,38.73883439078513,-13.632702238202793,7.381532042935731,11.69595012535675,6.271467291734076,6.676325590568468,6.595040568697632,10.852125963701521,6.089330811259343,6.475917657682162,11.591378313103508,20.247038771956454,9.126971687005092,10.151664255364011,-44.36902133898924,59.132085424860705,-36.055719668736096,49.24580080613136,-38.73883439078513,61.92159101699214,4.996337744405876,True,7.381532042935731,6.676325590568468
2018,house,81,D,4696.0,"Jeremy ""J.J."" Jeffcoat                ",alabama_sos,ALPERSON-JEREMY-J-J-JEFFCOAT,AL-2018-house-81-D-JEREMY-J-J-JEFFCOAT,0,0,AL-2018-house-81-D-JEREMY-J-J-JEFFCOAT,6.6091924637289035,-9.539174276447739,13.575756411165017,-16.505738223883853,6.519759798039012,-9.449741610757847,5.818281177891536,-8.748262990610371,-61.28972765837271,42.211379105477235,3.5740533019129614,-6.504035114631797,10.02355030514759,-12.953532117866425,3.847469899316616,-6.777451712035452,2.9730314844357215,-5.9030132971545575,-49.15479535206553,36.14672512280193,8.064232128101708,-10.994213940820543,21.291396447216048,-24.221378259934884,6.766943662473755,-9.696925475192591,7.051103819310246,-9.981085632029082,-61.32442664470918,39.33599876306809,-2.929981812718836,-9.539174276447739,-16.505738223883853,-9.449741610757847,-8.748262990610371,-6.504035114631797,-12.953532117866425,-6.777451712035452,-5.9030132971545575,-10.994213940820543,-24.221378259934884,-9.696925475192591,-9.981085632029082,-61.28972765837271,42.211379105477235,-49.15479535206553,36.14672512280193,-61.32442664470918,39.33599876306809,4.490178826188746,True,-9.539174276447739,-8.748262990610371
2018,house,81,R,12823.0,Ed Oliver                             ,alabama_sos,ALPERSON-ED-OLIVER,AL-2018-house-81-R-ED-OLIVER,0,1,AL-2018-house-81-R-ED-OLIVER,6.6091924637289035,-9.539174276447739,13.575756411165017,-16.505738223883853,6.519759798039012,-9.449741610757847,5.818281177891536,-8.748262990610371,-61.28972765837271,42.211379105477235,3.5740533019129614,-6.504035114631797,10.02355030514759,-12.953532117866425,3.847469899316616,-6.777451712035452,2.9730314844357215,-5.9030132971545575,-49.15479535206553,36.14672512280193,8.064232128101708,-10.994213940820543,21.291396447216048,-24.221378259934884,6.766943662473755,-9.696925475192591,7.051103819310246,-9.981085632029082,-61.32442664470918,39.33599876306809,-2.929981812718836,9.539174276447739,16.505738223883853,9.449741610757847,8.748262990610371,6.504035114631797,12.953532117866425,6.777451712035452,5.9030132971545575,10.994213940820543,24.221378259934884,9.696925475192591,9.981085632029082,-42.211379105477235,61.28972765837271,-36.14672512280193,49.15479535206553,-39.33599876306809,61.32442664470918,4.490178826188746,True,9.539174276447739,8.748262990610371
2018,house,83,D,8940.0,"Jeremy ""Mr. Eyg"" Gray                 ",alabama_sos,ALPERSON-JEREMY-MR-EYG-GRAY,AL-2018-house-83-D-JEREMY-MR-EYG-GRAY,0,1,AL-2018-house-83-D-JEREMY-MR-EYG-GRAY,3.9008299683537437,13.094479716719523,13.330430639483746,3.6648790455895206,7.77539694753048,9.219912737542787,5.622592900332777,11.37271678474049,-38.656073665205454,64.84503309864449,5.247796918312743,11.747512766760522,15.076379511719331,1.9189301733539352,8.594863185078992,8.400446499994274,7.106089540999331,9.889220144073935,-30.903247470673207,54.39827300419425,14.669864761482746,2.3254449235905206,26.594461265468894,-9.599151580395628,18.805720682286676,-1.8104109972134097,15.123347747877656,1.8719619371956107,-48.00476778029811,52.65565762747916,16.995309685073266,13.094479716719523,3.6648790455895206,9.219912737542787,11.37271678474049,11.747512766760522,1.9189301733539352,8.400446499994274,9.889220144073935,2.3254449235905206,-9.599151580395628,-1.8104109972134097,1.8719619371956107,-38.656073665205454,64.84503309864449,-30.903247470673207,54.39827300419425,-48.00476778029811,52.65565762747916,10.769034793129002,True,13.094479716719523,11.37271678474049
2018,house,83,R,5142.0,Michael J Holden II                   ,alabama_sos,ALPERSON-MICHAEL-J-HOLDEN-II,AL-2018-house-83-R-MICHAEL-J-HOLDEN-II,0,0,AL-2018-house-83-R-MICHAEL-J-HOLDEN-II,3.9008299683537437,13.094479716719523,13.330430639483746,3.6648790455895206,7.77539694753048,9.219912737542787,5.622592900332777,11.37271678474049,-38.656073665205454,64.84503309864449,5.247796918312743,11.747512766760522,15.076379511719331,1.9189301733539352,8.594863185078992,8.400446499994274,7.106089540999331,9.889220144073935,-30.903247470673207,54.39827300419425,14.669864761482746,2.3254449235905206,26.594461265468894,-9.599151580395628,18.805720682286676,-1.8104109972134097,15.123347747877656,1.8719619371956107,-48.00476778029811,52.65565762747916,16.995309685073266,-13.094479716719523,-3.6648790455895206,-9.219912737542787,-11.37271678474049,-11.747512766760522,-1.9189301733539352,-8.400446499994274,-9.889220144073935,-2.3254449235905206,9.599151580395628,1.8104109972134097,-1.8719619371956107,-64.84503309864449,38.656073665205454,-54.39827300419425,30.903247470673207,-52.65565762747916,48.00476778029811,10.769034793129002,True,-13.094479716719523,-11.37271678474049
2018,house,85,D,7315.0,Dexter Grimsley                       ,alabama_sos,ALPERSON-DEXTER-GRIMSLEY,AL-2018-house-85-D-DEXTER-GRIMSLEY,1,1,AL-2018-house-85-D-DEXTER-GRIMSLEY,23.63100868652816,0.7717031641114289,35.068518746077395,-10.665806895437807,24.78924505311039,-0.38653320247080103,24.703277585560286,-0.30056573492069916,-50.978850217813545,52.5222565460364,27.366689468907705,-2.9639776182681175,41.87653073159907,-17.47381888095948,29.086571565507185,-4.683859714867598,28.404973997013006,-4.002262146373418,-45.61473785570185,39.68678261916561,22.05965912257234,2.3430527280672457,34.465184196506684,-10.062472345867096,22.489158826739228,1.9135530239003593,23.993703824222184,0.4090080264174034,-47.987159975821385,52.67326543195588,24.402711850639587,0.7717031641114289,-10.665806895437807,-0.38653320247080103,-0.30056573492069916,-2.9639776182681175,-17.47381888095948,-4.683859714867598,-4.002262146373418,2.3430527280672457,-10.062472345867096,1.9135530239003593,0.4090080264174034,-50.978850217813545,52.5222565460364,-45.61473785570185,39.68678261916561,-47.987159975821385,52.67326543195588,5.307030346335363,False,0.7717031641114289,-0.30056573492069916
2018,house,85,R,6266.0,J. Ron Wilson                         ,alabama_sos,ALPERSON-J-RON-WILSON,AL-2018-house-85-R-J-RON-WILSON,0,0,AL-2018-house-85-R-J-RON-WILSON,23.63100868652816,0.7717031641114289,35.068518746077395,-10.665806895437807,24.78924505311039,-0.38653320247080103,24.703277585560286,-0.30056573492069916,-50.978850217813545,52.5222565460364,27.366689468907705,-2.9639776182681175,41.87653073159907,-17.47381888095948,29.086571565507185,-4.683859714867598,28.404973997013006,-4.002262146373418,-45.61473785570185,39.68678261916561,22.05965912257234,2.3430527280672457,34.465184196506684,-10.062472345867096,22.489158826739228,1.9135530239003593,23.993703824222184,0.4090080264174034,-47.987159975821385,52.67326543195588,24.402711850639587,-0.7717031641114289,10.665806895437807,0.38653320247080103,0.30056573492069916,2.9639776182681175,17.47381888095948,4.683859714867598,4.002262146373418,-2.3430527280672457,10.062472345867096,-1.9135530239003593,-0.4090080264174034,-52.5222565460364,50.978850217813545,-39.68678261916561,45.61473785570185,-52.67326543195588,47.987159975821385,5.307030346335363,False,-0.7717031641114289,0.30056573492069916
2018,house,86,D,3238.0,Kristy M. Kirkland                    ,alabama_sos,ALPERSON-KRISTY-M-KIRKLAND,AL-2018-house-86-D-KRISTY-M-KIRKLAND,0,0,AL-2018-house-86-D-KRISTY-M-KIRKLAND,0.6474621590844025,-5.521266421638278,9.406773418357957,-14.280577680911833,1.0320266908733977,-5.905830953427273,1.3614535277913289,-6.235257790345204,-57.271819803563254,46.22928696028669,-1.6563193375526595,-3.217484925001216,6.2495967769581995,-11.123401039512075,-0.9510958841167767,-3.9227083784370986,-0.8730120884427457,-4.00079217411113,-45.868245162434945,39.433275312432514,4.8790404037913415,-9.752844666345217,18.09928705096212,-22.973091313515994,6.2511488167795335,-11.124953079333409,5.150351086366111,-10.024155348919987,-60.08305737023385,40.577368037543415,-4.873804262553875,-5.521266421638278,-14.280577680911833,-5.905830953427273,-6.235257790345204,-3.217484925001216,-11.123401039512075,-3.9227083784370986,-4.00079217411113,-9.752844666345217,-22.973091313515994,-11.124953079333409,-10.024155348919987,-57.271819803563254,46.22928696028669,-45.868245162434945,39.433275312432514,-60.08305737023385,40.577368037543415,6.535359741344001,True,-5.521266421638278,-6.235257790345204
2018,house,86,R,11226.0,Paul W. Lee                           ,alabama_sos,ALPERSON-PAUL-W-LEE,AL-2018-house-86-R-PAUL-W-LEE,1,1,AL-2018-house-86-R-PAUL-W-LEE,0.6474621590844025,-5.521266421638278,9.406773418357957,-14.280577680911833,1.0320266908733977,-5.905830953427273,1.3614535277913289,-6.235257790345204,-57.271819803563254,46.22928696028669,-1.6563193375526595,-3.217484925001216,6.2495967769581995,-11.123401039512075,-0.9510958841167767,-3.9227083784370986,-0.8730120884427457,-4.00079217411113,-45.868245162434945,39.433275312432514,4.8790404037913415,-9.752844666345217,18.09928705096212,-22.973091313515994,6.2511488167795335,-11.124953079333409,5.150351086366111,-10.024155348919987,-60.08305737023385,40.577368037543415,-4.873804262553875,5.521266421638278,14.280577680911833,5.905830953427273,6.235257790345204,3.217484925001216,11.123401039512075,3.9227083784370986,4.00079217411113,9.752844666345217,22.973091313515994,11.124953079333409,10.024155348919987,-46.22928696028669,57.271819803563254,-39.433275312432514,45.868245162434945,-40.577368037543415,60.08305737023385,6.535359741344001,True,5.521266421638278,6.235257790345204
2018,house,88,D,4793.0,Cory Creel                            ,alabama_sos,ALPERSON-CORY-CREEL,AL-2018-house-88-D-CORY-CREEL,0,0,AL-2018-house-88-D-CORY-CREEL,11.350234832931733,-15.267284866336226,18.586605798254595,-22.50365583165909,10.766360501795582,-14.683410535200075,10.004125255145066,-13.92117528854956,-67.0178382482612,36.48326851558875,14.392815343388646,-18.30986537679314,20.696993443919524,-24.614043477324017,13.43595853484686,-17.353008568251354,11.887161368367764,-15.804211401772257,-60.96062561422687,24.34089486064059,-1.5739449968855048,-2.3431050365189883,8.566657593879679,-12.483707627284172,-2.693561274729518,-1.223488758674975,-2.4778895712560782,-1.4391604621484149,-52.673317740407626,47.98710766736964,-3.917050033404493,-15.267284866336226,-22.50365583165909,-14.683410535200075,-13.92117528854956,-18.30986537679314,-24.614043477324017,-17.353008568251354,-15.804211401772257,-2.3431050365189883,-12.483707627284172,-1.223488758674975,-1.4391604621484149,-67.0178382482612,36.48326851558875,-60.96062561422687,24.34089486064059,-52.673317740407626,47.98710766736964,15.966760340274153,True,-15.267284866336226,-13.92117528854956
2018,house,88,R,11500.0,Will Dismukes                         ,alabama_sos,ALPERSON-WILL-DISMUKES,AL-2018-house-88-R-WILL-DISMUKES,0,1,AL-2018-house-88-R-WILL-DISMUKES,11.350234832931733,-15.267284866336226,18.586605798254595,-22.50365583165909,10.766360501795582,-14.683410535200075,10.004125255145066,-13.92117528854956,-67.0178382482612,36.48326851558875,14.392815343388646,-18.30986537679314,20.696993443919524,-24.614043477324017,13.43595853484686,-17.353008568251354,11.887161368367764,-15.804211401772257,-60.96062561422687,24.34089486064059,-1.5739449968855048,-2.3431050365189883,8.566657593879679,-12.483707627284172,-2.693561274729518,-1.223488758674975,-2.4778895712560782,-1.4391604621484149,-52.673317740407626,47.98710766736964,-3.917050033404493,15.267284866336226,22.50365583165909,14.683410535200075,13.92117528854956,18.30986537679314,24.614043477324017,17.353008568251354,15.804211401772257,2.3431050365189883,12.483707627284172,1.223488758674975,1.4391604621484149,-36.48326851558875,67.0178382482612,-24.34089486064059,60.96062561422687,-47.98710766736964,52.673317740407626,15.966760340274153,True,15.267284866336226,13.92117528854956
2018,house,89,D,5348.0,Joel Lee Williams                     ,alabama_sos,ALPERSON-JOEL-LEE-WILLIAMS,AL-2018-house-89-D-JOEL-LEE-WILLIAMS,0,0,AL-2018-house-89-D-JOEL-LEE-WILLIAMS,5.514569284685689,-1.4137801942387052,12.073743638005856,-7.972954547558873,5.797695239548757,-1.696906149101773,5.145696942360364,-1.04490785191338,-53.16433357616368,50.33677318768627,2.260746453710161,1.8400426367368228,8.558143061959175,-4.457353971512191,2.588779231133975,1.5120098593130091,2.2018062419864073,1.8989828484605766,-40.810717600696904,44.490802874170555,6.223245296746674,-2.12245620629969,18.067712947279222,-13.966923856832238,6.142263585292826,-2.0414744948458416,5.380799279569162,-1.2800101891221782,-52.45266891018832,48.207756497588946,4.100789090446984,-1.4137801942387052,-7.972954547558873,-1.696906149101773,-1.04490785191338,1.8400426367368228,-4.457353971512191,1.5120098593130091,1.8989828484605766,-2.12245620629969,-13.966923856832238,-2.0414744948458416,-1.2800101891221782,-53.16433357616368,50.33677318768627,-40.810717600696904,44.490802874170555,-52.45266891018832,48.207756497588946,3.9624988430365127,False,-1.4137801942387052,-1.04490785191338
2018,house,89,R,7804.0,Wes Allen                             ,alabama_sos,ALPERSON-WES-ALLEN,AL-2018-house-89-R-WES-ALLEN,0,1,AL-2018-house-89-R-WES-ALLEN,5.514569284685689,-1.4137801942387052,12.073743638005856,-7.972954547558873,5.797695239548757,-1.696906149101773,5.145696942360364,-1.04490785191338,-53.16433357616368,50.33677318768627,2.260746453710161,1.8400426367368228,8.558143061959175,-4.457353971512191,2.588779231133975,1.5120098593130091,2.2018062419864073,1.8989828484605766,-40.810717600696904,44.490802874170555,6.223245296746674,-2.12245620629969,18.067712947279222,-13.966923856832238,6.142263585292826,-2.0414744948458416,5.380799279569162,-1.2800101891221782,-52.45266891018832,48.207756497588946,4.100789090446984,1.4137801942387052,7.972954547558873,1.696906149101773,1.04490785191338,-1.8400426367368228,4.457353971512191,-1.5120098593130091,-1.8989828484605766,2.12245620629969,13.966923856832238,2.0414744948458416,1.2800101891221782,-50.33677318768627,53.16433357616368,-44.490802874170555,40.810717600696904,-48.207756497588946,52.45266891018832,3.9624988430365127,False,1.4137801942387052,1.04490785191338
2018,house,90,D,6051.0,Joanne Whetstone                      ,alabama_sos,ALPERSON-JOANNE-WHETSTONE,AL-2018-house-90-D-JOANNE-WHETSTONE,0,0,AL-2018-house-90-D-JOANNE-WHETSTONE,-1.684695673043663,-9.244909171593466,3.7688264760698953,-14.698431320707025,-5.613896735525161,-5.315708109111968,-4.4523012003937135,-6.477303644243416,-60.995462553518436,42.50564421033151,-4.241290121998623,-6.6883147226385065,-0.2859439809111919,-10.643660863725938,-8.38762053704072,-2.54198430759641,-7.914581206972414,-3.015023637664715,-49.33907496007224,35.96244551479522,-0.455071685912003,-10.474533158725126,8.938680142358958,-19.868284986996088,-0.6193878125956847,-10.310217032041445,-1.2100499268034302,-9.7195549178337,-60.80474586261376,39.85567954516351,-10.92960484463713,-9.244909171593466,-14.698431320707025,-5.315708109111968,-6.477303644243416,-6.6883147226385065,-10.643660863725938,-2.54198430759641,-3.015023637664715,-10.474533158725126,-19.868284986996088,-10.310217032041445,-9.7195549178337,-60.995462553518436,42.50564421033151,-49.33907496007224,35.96244551479522,-60.80474586261376,39.85567954516351,3.78621843608662,True,-9.244909171593466,-6.477303644243416
2018,house,90,R,11063.0,Chris Sells                           ,alabama_sos,ALPERSON-CHRIS-SELLS,AL-2018-house-90-R-CHRIS-SELLS,1,1,AL-2018-house-90-R-CHRIS-SELLS,-1.684695673043663,-9.244909171593466,3.7688264760698953,-14.698431320707025,-5.613896735525161,-5.315708109111968,-4.4523012003937135,-6.477303644243416,-60.995462553518436,42.50564421033151,-4.241290121998623,-6.6883147226385065,-0.2859439809111919,-10.643660863725938,-8.38762053704072,-2.54198430759641,-7.914581206972414,-3.015023637664715,-49.33907496007224,35.96244551479522,-0.455071685912003,-10.474533158725126,8.938680142358958,-19.868284986996088,-0.6193878125956847,-10.310217032041445,-1.2100499268034302,-9.7195549178337,-60.80474586261376,39.85567954516351,-10.92960484463713,9.244909171593466,14.698431320707025,5.315708109111968,6.477303644243416,6.6883147226385065,10.643660863725938,2.54198430759641,3.015023637664715,10.474533158725126,19.868284986996088,10.310217032041445,9.7195549178337,-42.50564421033151,60.995462553518436,-35.96244551479522,49.33907496007224,-39.85567954516351,60.80474586261376,3.78621843608662,True,9.244909171593466,6.477303644243416
2018,house,94,D,6257.0,Danielle Mashburn-Myrick              ,alabama_sos,ALPERSON-DANIELLE-MASHBURN-MYRICK,AL-2018-house-94-D-DANIELLE-MASHBURN-MYRICK,0,0,AL-2018-house-94-D-DANIELLE-MASHBURN-MYRICK,-3.909989930952844,7.58700762315807,-0.8538351193386422,4.530852811543868,-5.6030133396026915,9.280031031807917,-5.052968291944468,8.729985984149693,-44.1635457587669,59.337561005083046,3.27598683921002,0.4010308529952056,7.562169565819434,-3.885151873614208,-0.24826990264039672,3.9252875948456225,0.7842205087792724,2.8927971834259534,-42.249729384438524,43.051791090428935,-3.500829681958363,7.177847374163589,3.2144919238793985,0.46252576832582726,-4.830454160069658,8.507471852274884,-4.263079215208489,7.940096907413714,-43.15236532972504,57.508060078052225,3.677017692205226,7.58700762315807,4.530852811543868,9.280031031807917,8.729985984149693,0.4010308529952056,-3.885151873614208,3.9252875948456225,2.8927971834259534,7.177847374163589,0.46252576832582726,8.507471852274884,7.940096907413714,-44.1635457587669,59.337561005083046,-42.249729384438524,43.051791090428935,-43.15236532972504,57.508060078052225,7.185976770162864,True,7.58700762315807,8.729985984149693
2018,house,94,R,15302.0,Joe Faust                             ,alabama_sos,ALPERSON-JOE-FAUST,AL-2018-house-94-R-JOE-FAUST,1,1,AL-2018-house-94-R-JOE-FAUST,-3.909989930952844,7.58700762315807,-0.8538351193386422,4.530852811543868,-5.6030133396026915,9.280031031807917,-5.052968291944468,8.729985984149693,-44.1635457587669,59.337561005083046,3.27598683921002,0.4010308529952056,7.562169565819434,-3.885151873614208,-0.24826990264039672,3.9252875948456225,0.7842205087792724,2.8927971834259534,-42.249729384438524,43.051791090428935,-3.500829681958363,7.177847374163589,3.2144919238793985,0.46252576832582726,-4.830454160069658,8.507471852274884,-4.263079215208489,7.940096907413714,-43.15236532972504,57.508060078052225,3.677017692205226,-7.58700762315807,-4.530852811543868,-9.280031031807917,-8.729985984149693,-0.4010308529952056,3.885151873614208,-3.9252875948456225,-2.8927971834259534,-7.177847374163589,-0.46252576832582726,-8.507471852274884,-7.940096907413714,-59.337561005083046,44.1635457587669,-43.051791090428935,42.249729384438524,-57.508060078052225,43.15236532972504,7.185976770162864,True,-7.58700762315807,-8.729985984149693
2018,house,96,D,5019.0,Maurice Horsey                        ,alabama_sos,ALPERSON-MAURICE-HORSEY,AL-2018-house-96-D-MAURICE-HORSEY,0,0,AL-2018-house-96-D-MAURICE-HORSEY,5.187737152172909,-12.508944161271346,12.016115037226909,-19.337322046325347,3.376277540458215,-10.697484549556652,4.5465548176983015,-11.867761826796738,-64.25949754319632,39.24160922065363,2.7900502334628294,-10.111257242561265,9.069822927682829,-16.391029936781266,2.0701180449254695,-9.391325054023905,1.8331987672104848,-9.154405776308922,-52.762017479994995,32.539502994872464,-2.83205672048717,-4.489150288611267,6.244064465221991,-13.56527147432043,-5.328811897911377,-1.9923951111870597,-3.07715097055223,-4.244056038546207,-54.819362992499904,45.841062415277364,-7.321207009098437,-12.508944161271346,-19.337322046325347,-10.697484549556652,-11.867761826796738,-10.111257242561265,-16.391029936781266,-9.391325054023905,-9.154405776308922,-4.489150288611267,-13.56527147432043,-1.9923951111870597,-4.244056038546207,-64.25949754319632,39.24160922065363,-52.762017479994995,32.539502994872464,-54.819362992499904,45.841062415277364,8.01979387266008,True,-12.508944161271346,-11.867761826796738
2018,house,96,R,13699.0,Matt Simpson                          ,alabama_sos,ALPERSON-MATT-SIMPSON,AL-2018-house-96-R-MATT-SIMPSON,0,1,AL-2018-house-96-R-MATT-SIMPSON,5.187737152172909,-12.508944161271346,12.016115037226909,-19.337322046325347,3.376277540458215,-10.697484549556652,4.5465548176983015,-11.867761826796738,-64.25949754319632,39.24160922065363,2.7900502334628294,-10.111257242561265,9.069822927682829,-16.391029936781266,2.0701180449254695,-9.391325054023905,1.8331987672104848,-9.154405776308922,-52.762017479994995,32.539502994872464,-2.83205672048717,-4.489150288611267,6.244064465221991,-13.56527147432043,-5.328811897911377,-1.9923951111870597,-3.07715097055223,-4.244056038546207,-54.819362992499904,45.841062415277364,-7.321207009098437,12.508944161271346,19.337322046325347,10.697484549556652,11.867761826796738,10.111257242561265,16.391029936781266,9.391325054023905,9.154405776308922,4.489150288611267,13.56527147432043,1.9923951111870597,4.244056038546207,-39.24160922065363,64.25949754319632,-32.539502994872464,52.762017479994995,-45.841062415277364,54.819362992499904,8.01979387266008,True,12.508944161271346,11.867761826796738
2018,house,97,D,8740.0,Adline C. Clarke                      ,alabama_sos,ALPERSON-ADLINE-C-CLARKE,AL-2018-house-97-D-ADLINE-C-CLARKE,1,1,AL-2018-house-97-D-ADLINE-C-CLARKE,11.119057991583084,-15.933517944528017,14.9331838462034,-19.747643799148335,8.91387813133205,-13.728338084276983,9.934761052836471,-14.749221005781404,-67.684071326453,35.81703543739695,12.88041201322012,-17.694871966165053,17.654987754862866,-22.4694477078078,9.262552278414713,-14.077012231359646,11.820155321029883,-16.634615273974816,-60.34563220359878,24.955888271268677,7.873605938984042,-12.688065891928975,11.936117882598957,-16.75057783554389,6.688447747212511,-11.502907700157444,6.376744885401109,-11.191204838346042,-63.018278595817605,37.64214681195966,-4.814459952944933,-15.933517944528017,-19.747643799148335,-13.728338084276983,-14.749221005781404,-17.694871966165053,-22.4694477078078,-14.077012231359646,-16.634615273974816,-12.688065891928975,-16.75057783554389,-11.502907700157444,-11.191204838346042,-67.684071326453,35.81703543739695,-60.34563220359878,24.955888271268677,-63.018278595817605,37.64214681195966,5.006806074236078,True,-15.933517944528017,-14.749221005781404
2018,house,97,R,4605.0,Stephen McNair                        ,alabama_sos,ALPERSON-STEPHEN-MCNAIR,AL-2018-house-97-R-STEPHEN-MCNAIR,0,0,AL-2018-house-97-R-STEPHEN-MCNAIR,11.119057991583084,-15.933517944528017,14.9331838462034,-19.747643799148335,8.91387813133205,-13.728338084276983,9.934761052836471,-14.749221005781404,-67.684071326453,35.81703543739695,12.88041201322012,-17.694871966165053,17.654987754862866,-22.4694477078078,9.262552278414713,-14.077012231359646,11.820155321029883,-16.634615273974816,-60.34563220359878,24.955888271268677,7.873605938984042,-12.688065891928975,11.936117882598957,-16.75057783554389,6.688447747212511,-11.502907700157444,6.376744885401109,-11.191204838346042,-63.018278595817605,37.64214681195966,-4.814459952944933,15.933517944528017,19.747643799148335,13.728338084276983,14.749221005781404,17.694871966165053,22.4694477078078,14.077012231359646,16.634615273974816,12.688065891928975,16.75057783554389,11.502907700157444,11.191204838346042,-35.81703543739695,67.684071326453,-24.955888271268677,60.34563220359878,-37.64214681195966,63.018278595817605,5.006806074236078,True,15.933517944528017,14.749221005781404
2018,house,99,D,11794.0,Sam Jones                             ,alabama_sos,ALPERSON-SAM-JONES,AL-2018-house-99-D-SAM-JONES,0,1,AL-2018-house-99-D-SAM-JONES,-1.4110217287678486,4.3791712325868835,6.999543625292398,-4.0313941214733635,-3.20268537735733,6.170834881176365,-2.499192542701887,5.467342046520922,-47.37138214933809,56.12972461451186,0.07423746069829917,2.8939120431207357,9.963448200010497,-6.995298696191462,-1.200192298138914,4.168341801957949,-0.8214395717785798,3.7895890755976147,-39.756848194312994,45.544672280554465,-1.8970815037240776,4.865231007543112,5.102531783362316,-2.1343822795432814,-3.191774697609434,6.159924201428469,-3.303465358792593,6.271614862611628,-45.46498169634552,55.19544371143175,2.968149503819035,4.3791712325868835,-4.0313941214733635,6.170834881176365,5.467342046520922,2.8939120431207357,-6.995298696191462,4.168341801957949,3.7895890755976147,4.865231007543112,-2.1343822795432814,6.159924201428469,6.271614862611628,-47.37138214933809,56.12972461451186,-39.756848194312994,45.544672280554465,-45.46498169634552,55.19544371143175,1.9713189644223768,True,4.3791712325868835,5.467342046520922
2018,house,99,R,4270.0,Charles W. Talbert                    ,alabama_sos,ALPERSON-CHARLES-W-TALBERT,AL-2018-house-99-R-CHARLES-W-TALBERT,0,0,AL-2018-house-99-R-CHARLES-W-TALBERT,-1.4110217287678486,4.3791712325868835,6.999543625292398,-4.0313941214733635,-3.20268537735733,6.170834881176365,-2.499192542701887,5.467342046520922,-47.37138214933809,56.12972461451186,0.07423746069829917,2.8939120431207357,9.963448200010497,-6.995298696191462,-1.200192298138914,4.168341801957949,-0.8214395717785798,3.7895890755976147,-39.756848194312994,45.544672280554465,-1.8970815037240776,4.865231007543112,5.102531783362316,-2.1343822795432814,-3.191774697609434,6.159924201428469,-3.303465358792593,6.271614862611628,-45.46498169634552,55.19544371143175,2.968149503819035,-4.3791712325868835,4.0313941214733635,-6.170834881176365,-5.467342046520922,-2.8939120431207357,6.995298696191462,-4.168341801957949,-3.7895890755976147,-4.865231007543112,2.1343822795432814,-6.159924201428469,-6.271614862611628,-56.12972461451186,47.37138214933809,-45.544672280554465,39.756848194312994,-55.19544371143175,45.46498169634552,1.9713189644223768,True,-4.3791712325868835,-5.467342046520922
2018,house,104,D,4695.0,Arlene Cunningham Easley              ,alabama_sos,ALPERSON-ARLENE-CUNNINGHAM-EASLEY,AL-2018-house-104-D-ARLENE-CUNNINGHAM-EASLEY,0,0,AL-2018-house-104-D-ARLENE-CUNNINGHAM-EASLEY,-2.366995722918828,-7.165541630896833,2.3904223548809345,-11.922959708696595,-0.6597278599136462,-8.872809493902015,-2.069622339780799,-7.462915014034862,-58.916095012821806,44.58501175102814,-0.576201854016861,-8.9563354997988,3.6344734909491496,-13.16701084476481,2.0838988364823923,-11.616436190298053,-0.21826341895067003,-9.31427393486499,-51.60709573723253,33.69442473763493,0.46709312600258013,-9.99963047981824,12.1833274336473,-21.715864787462962,3.1286475673409715,-12.661184921156632,0.9597548606817021,-10.492292214497363,-60.32984318370687,40.3305822240704,-9.53253735381566,-7.165541630896833,-11.922959708696595,-8.872809493902015,-7.462915014034862,-8.9563354997988,-13.16701084476481,-11.616436190298053,-9.31427393486499,-9.99963047981824,-21.715864787462962,-12.661184921156632,-10.492292214497363,-58.916095012821806,44.58501175102814,-51.60709573723253,33.69442473763493,-60.32984318370687,40.3305822240704,2.8340888489214073,True,-7.165541630896833,-7.462915014034862
2018,house,104,R,10152.0,Margie Wilcox                         ,alabama_sos,ALPERSON-MARGIE-WILCOX,AL-2018-house-104-R-MARGIE-WILCOX,1,1,AL-2018-house-104-R-MARGIE-WILCOX,-2.366995722918828,-7.165541630896833,2.3904223548809345,-11.922959708696595,-0.6597278599136462,-8.872809493902015,-2.069622339780799,-7.462915014034862,-58.916095012821806,44.58501175102814,-0.576201854016861,-8.9563354997988,3.6344734909491496,-13.16701084476481,2.0838988364823923,-11.616436190298053,-0.21826341895067003,-9.31427393486499,-51.60709573723253,33.69442473763493,0.46709312600258013,-9.99963047981824,12.1833274336473,-21.715864787462962,3.1286475673409715,-12.661184921156632,0.9597548606817021,-10.492292214497363,-60.32984318370687,40.3305822240704,-9.53253735381566,7.165541630896833,11.922959708696595,8.872809493902015,7.462915014034862,8.9563354997988,13.16701084476481,11.616436190298053,9.31427393486499,9.99963047981824,21.715864787462962,12.661184921156632,10.492292214497363,-44.58501175102814,58.916095012821806,-33.69442473763493,51.60709573723253,-40.3305822240704,60.32984318370687,2.8340888489214073,True,7.165541630896833,7.462915014034862
2018,senate,1,D,15830.0,Caroline Self                         ,alabama_sos,ALPERSON-CAROLINE-SELF,AL-2018-senate-1-D-CAROLINE-SELF,0,0,AL-2018-senate-1-D-CAROLINE-SELF,-11.272303604307876,10.229206045703389,-8.7718697453319,7.728772186727413,-11.401540882847137,10.35844332424265,-10.473923893228378,9.430826334623891,-41.52134733622158,61.979759427628366,-4.759362122086559,3.7162645634820723,-3.2647436072516385,2.221646048647152,-6.4529411374235215,5.409843578819035,-4.422485101492736,3.3793875428882494,-38.93449567395166,46.3670248009158,-13.363391496773282,12.320293938168795,-5.600474551958634,4.557376993354147,-13.207031315408107,12.16393375680362,-12.443860939174641,11.400763380570154,-38.00991876571984,62.65050664205743,-1.0430975586044866,10.229206045703389,7.728772186727413,10.35844332424265,9.430826334623891,3.7162645634820723,2.221646048647152,5.409843578819035,3.3793875428882494,12.320293938168795,4.557376993354147,12.16393375680362,11.400763380570154,-41.52134733622158,61.979759427628366,-38.93449567395166,46.3670248009158,-38.00991876571984,62.65050664205743,8.604029374686723,True,10.229206045703389,9.430826334623891
2018,senate,1,R,33141.0,Tim Melson                            ,alabama_sos,ALPERSON-TIM-MELSON,AL-2018-senate-1-R-TIM-MELSON,1,1,AL-2018-senate-1-R-TIM-MELSON,-11.272303604307876,10.229206045703389,-8.7718697453319,7.728772186727413,-11.401540882847137,10.35844332424265,-10.473923893228378,9.430826334623891,-41.52134733622158,61.979759427628366,-4.759362122086559,3.7162645634820723,-3.2647436072516385,2.221646048647152,-6.4529411374235215,5.409843578819035,-4.422485101492736,3.3793875428882494,-38.93449567395166,46.3670248009158,-13.363391496773282,12.320293938168795,-5.600474551958634,4.557376993354147,-13.207031315408107,12.16393375680362,-12.443860939174641,11.400763380570154,-38.00991876571984,62.65050664205743,-1.0430975586044866,-10.229206045703389,-7.728772186727413,-10.35844332424265,-9.430826334623891,-3.7162645634820723,-2.221646048647152,-5.409843578819035,-3.3793875428882494,-12.320293938168795,-4.557376993354147,-12.16393375680362,-11.400763380570154,-61.979759427628366,41.52134733622158,-46.3670248009158,38.93449567395166,-62.65050664205743,38.00991876571984,8.604029374686723,True,-10.229206045703389,-9.430826334623891
2018,senate,2,D,26911.0,Amy Wasyluka                          ,alabama_sos,ALPERSON-AMY-WASYLUKA,AL-2018-senate-2-D-AMY-WASYLUKA,0,0,AL-2018-senate-2-D-AMY-WASYLUKA,-6.811033293634072,5.097144523374139,-1.3251451528851117,-0.3887436173748213,-5.6547819630399045,3.9408931927799715,-6.039498869266478,4.325610099006545,-46.65340885855083,56.847697905299114,-11.924532398220677,10.210643627960744,-6.269067398434849,4.555178628174916,-8.476897230440514,6.763008460180581,-10.463869841570382,8.749981071310449,-32.44011660947299,52.86140386539447,-4.140861612390664,2.4269728421307306,3.2390053906616973,-4.95289416092163,-3.617310821625832,1.903422051365899,-3.8246570117952405,2.1107682415353075,-47.9032398617579,52.757185546019365,-1.713888770259933,5.097144523374139,-0.3887436173748213,3.9408931927799715,4.325610099006545,10.210643627960744,4.555178628174916,6.763008460180581,8.749981071310449,2.4269728421307306,-4.95289416092163,1.903422051365899,2.1107682415353075,-46.65340885855083,56.847697905299114,-32.44011660947299,52.86140386539447,-47.9032398617579,52.757185546019365,7.783670785830013,True,5.097144523374139,4.325610099006545
2018,senate,2,R,31997.0,Tom Butler                            ,alabama_sos,ALPERSON-TOM-BUTLER,AL-2018-senate-2-R-TOM-BUTLER,0,1,AL-2018-senate-2-R-TOM-BUTLER,-6.811033293634072,5.097144523374139,-1.3251451528851117,-0.3887436173748213,-5.6547819630399045,3.9408931927799715,-6.039498869266478,4.325610099006545,-46.65340885855083,56.847697905299114,-11.924532398220677,10.210643627960744,-6.269067398434849,4.555178628174916,-8.476897230440514,6.763008460180581,-10.463869841570382,8.749981071310449,-32.44011660947299,52.86140386539447,-4.140861612390664,2.4269728421307306,3.2390053906616973,-4.95289416092163,-3.617310821625832,1.903422051365899,-3.8246570117952405,2.1107682415353075,-47.9032398617579,52.757185546019365,-1.713888770259933,-5.097144523374139,0.3887436173748213,-3.9408931927799715,-4.325610099006545,-10.210643627960744,-4.555178628174916,-6.763008460180581,-8.749981071310449,-2.4269728421307306,4.95289416092163,-1.903422051365899,-2.1107682415353075,-56.847697905299114,46.65340885855083,-52.86140386539447,32.44011660947299,-52.757185546019365,47.9032398617579,7.783670785830013,True,-5.097144523374139,-4.325610099006545
2018,senate,6,D,21796.0,Johnny Mack Morrow                    ,alabama_sos,ALPERSON-JOHNNY-MACK-MORROW,AL-2018-senate-6-D-JOHNNY-MACK-MORROW,0,0,AL-2018-senate-6-D-JOHNNY-MACK-MORROW,-11.304539333082372,33.95158063096632,-8.809283497457228,31.456324795341175,-14.662975143369934,37.31001644125388,-8.91818821457904,31.565229512462988,-17.798972750958654,85.70213401289129,-13.343327337071258,35.9903686349552,-11.773452200291903,34.42049349817585,-15.62091118203287,38.267952479916815,-9.78890103394308,32.43594233182703,-6.660391602478526,78.64112887238893,-5.850025820905385,28.49706711878933,6.693940496962858,15.95310080092109,-8.3203554860136,30.96739678389755,-3.798998542472333,26.44603984035628,-21.833145585099302,78.82727982267797,22.64704129788395,33.95158063096632,31.456324795341175,37.31001644125388,31.565229512462988,35.9903686349552,34.42049349817585,38.267952479916815,32.43594233182703,28.49706711878933,15.95310080092109,30.96739678389755,26.44603984035628,-17.798972750958654,85.70213401289129,-6.660391602478526,78.64112887238893,-21.833145585099302,78.82727982267797,7.493301516165872,True,33.95158063096632,31.565229512462988
2018,senate,6,R,22683.0,Larry Stutts                          ,alabama_sos,ALPERSON-LARRY-STUTTS,AL-2018-senate-6-R-LARRY-STUTTS,1,1,AL-2018-senate-6-R-LARRY-STUTTS,-11.304539333082372,33.95158063096632,-8.809283497457228,31.456324795341175,-14.662975143369934,37.31001644125388,-8.91818821457904,31.565229512462988,-17.798972750958654,85.70213401289129,-13.343327337071258,35.9903686349552,-11.773452200291903,34.42049349817585,-15.62091118203287,38.267952479916815,-9.78890103394308,32.43594233182703,-6.660391602478526,78.64112887238893,-5.850025820905385,28.49706711878933,6.693940496962858,15.95310080092109,-8.3203554860136,30.96739678389755,-3.798998542472333,26.44603984035628,-21.833145585099302,78.82727982267797,22.64704129788395,-33.95158063096632,-31.456324795341175,-37.31001644125388,-31.565229512462988,-35.9903686349552,-34.42049349817585,-38.267952479916815,-32.43594233182703,-28.49706711878933,-15.95310080092109,-30.96739678389755,-26.44603984035628,-85.70213401289129,17.798972750958654,-78.64112887238893,6.660391602478526,-78.82727982267797,21.833145585099302,7.493301516165872,True,-33.95158063096632,-31.565229512462988
2018,senate,7,D,24363.0,Deborah Barros                        ,alabama_sos,ALPERSON-DEBORAH-BARROS,AL-2018-senate-7-D-DEBORAH-BARROS,0,0,AL-2018-senate-7-D-DEBORAH-BARROS,-6.108109477453134,1.0130867188876733,-3.0675364072332467,-2.0274863513322137,-6.902422056098121,1.807399297532661,-6.294150195902122,1.1991274373366618,-50.7374666630373,52.763640100812644,-11.448712897094772,6.353690138529312,-10.906290264639395,5.811267506073935,-13.88315059526577,8.788127836700308,-12.903459712238913,7.808436953673453,-36.29707009890442,49.00445037596304,-4.734734012775332,-0.36028874579012804,3.4130064619110154,-8.508029220476477,-4.733689846154494,-0.3613329124109663,-4.235086626473219,-0.8599361320922414,-50.69050144967876,49.969923958098505,-5.09502275856546,1.0130867188876733,-2.0274863513322137,1.807399297532661,1.1991274373366618,6.353690138529312,5.811267506073935,8.788127836700308,7.808436953673453,-0.36028874579012804,-8.508029220476477,-0.3613329124109663,-0.8599361320922414,-50.7374666630373,52.763640100812644,-36.29707009890442,49.00445037596304,-50.69050144967876,49.969923958098505,6.71397888431944,True,1.0130867188876733,1.1991274373366618
2018,senate,7,R,30080.0,Sam Givhan                            ,alabama_sos,ALPERSON-SAM-GIVHAN,AL-2018-senate-7-R-SAM-GIVHAN,0,1,AL-2018-senate-7-R-SAM-GIVHAN,-6.108109477453134,1.0130867188876733,-3.0675364072332467,-2.0274863513322137,-6.902422056098121,1.807399297532661,-6.294150195902122,1.1991274373366618,-50.7374666630373,52.763640100812644,-11.448712897094772,6.353690138529312,-10.906290264639395,5.811267506073935,-13.88315059526577,8.788127836700308,-12.903459712238913,7.808436953673453,-36.29707009890442,49.00445037596304,-4.734734012775332,-0.36028874579012804,3.4130064619110154,-8.508029220476477,-4.733689846154494,-0.3613329124109663,-4.235086626473219,-0.8599361320922414,-50.69050144967876,49.969923958098505,-5.09502275856546,-1.0130867188876733,2.0274863513322137,-1.807399297532661,-1.1991274373366618,-6.353690138529312,-5.811267506073935,-8.788127836700308,-7.808436953673453,0.36028874579012804,8.508029220476477,0.3613329124109663,0.8599361320922414,-52.763640100812644,50.7374666630373,-49.00445037596304,36.29707009890442,-49.969923958098505,50.69050144967876,6.71397888431944,True,-1.0130867188876733,-1.1991274373366618
2018,senate,11,D,11411.0,Carl Carter                           ,alabama_sos,ALPERSON-CARL-CARTER,AL-2018-senate-11-D-CARL-CARTER,0,0,AL-2018-senate-11-D-CARL-CARTER,-6.266407851705377,-4.3256285305428275,-2.2073525451514318,-8.384683837096773,-6.006487348314806,-4.585549033933399,-6.791219430557361,-3.8008169516908437,-56.0761819124678,47.424924851382144,-8.527891865147007,-2.064144517101198,-6.235064248726857,-4.356972133521348,-7.263736724255596,-3.328299657992609,-9.270070316116065,-1.3219660661321395,-44.71490475453493,40.58661572033253,-0.14066352914540037,-10.451372853102804,9.482448186213084,-20.074484568461287,0.28191375036197375,-10.87395013261018,-1.0469586646852704,-9.545077717562934,-60.78158555699144,39.87883985078583,-10.592036382248205,-4.3256285305428275,-8.384683837096773,-4.585549033933399,-3.8008169516908437,-2.064144517101198,-4.356972133521348,-3.328299657992609,-1.3219660661321395,-10.451372853102804,-20.074484568461287,-10.87395013261018,-9.545077717562934,-56.0761819124678,47.424924851382144,-44.71490475453493,40.58661572033253,-60.78158555699144,39.87883985078583,8.387228336001606,True,-4.3256285305428275,-3.8008169516908437
2018,senate,11,R,36192.0,Jim McClendon                         ,alabama_sos,ALPERSON-JIM-MCCLENDON,AL-2018-senate-11-R-JIM-MCCLENDON,1,1,AL-2018-senate-11-R-JIM-MCCLENDON,-6.266407851705377,-4.3256285305428275,-2.2073525451514318,-8.384683837096773,-6.006487348314806,-4.585549033933399,-6.791219430557361,-3.8008169516908437,-56.0761819124678,47.424924851382144,-8.527891865147007,-2.064144517101198,-6.235064248726857,-4.356972133521348,-7.263736724255596,-3.328299657992609,-9.270070316116065,-1.3219660661321395,-44.71490475453493,40.58661572033253,-0.14066352914540037,-10.451372853102804,9.482448186213084,-20.074484568461287,0.28191375036197375,-10.87395013261018,-1.0469586646852704,-9.545077717562934,-60.78158555699144,39.87883985078583,-10.592036382248205,4.3256285305428275,8.384683837096773,4.585549033933399,3.8008169516908437,2.064144517101198,4.356972133521348,3.328299657992609,1.3219660661321395,10.451372853102804,20.074484568461287,10.87395013261018,9.545077717562934,-47.424924851382144,56.0761819124678,-40.58661572033253,44.71490475453493,-39.87883985078583,60.78158555699144,8.387228336001606,True,4.3256285305428275,3.8008169516908437
2018,senate,12,D,15010.0,Jim Williams                          ,alabama_sos,ALPERSON-JIM-WILLIAMS,AL-2018-senate-12-D-JIM-WILLIAMS,0,0,AL-2018-senate-12-D-JIM-WILLIAMS,-7.794435336772292,9.200819003014015,-4.361287060933519,5.767670727175242,-6.477548587314562,7.883932253556285,-6.692115805527236,8.09849947176896,-42.549734378910955,60.95137238493899,-12.812187305010584,14.218570971252307,-11.442580462995178,12.8489641292369,-12.13708818709905,13.543471853340773,-11.482856179114556,12.889239845356279,-28.432189266181425,56.869331208686035,-2.1482311741521887,3.5546148403939117,8.813882975784871,-7.407499309543148,-2.066162678135374,3.472546344377097,-1.7013302603063618,3.107713926548085,-46.775597863494724,53.884827544282544,1.406383666241723,9.200819003014015,5.767670727175242,7.883932253556285,8.09849947176896,14.218570971252307,12.8489641292369,13.543471853340773,12.889239845356279,3.5546148403939117,-7.407499309543148,3.472546344377097,3.107713926548085,-42.549734378910955,60.95137238493899,-28.432189266181425,56.869331208686035,-46.775597863494724,53.884827544282544,10.663956130858395,True,9.200819003014015,8.09849947176896
2018,senate,12,R,27416.0,Del Marsh                             ,alabama_sos,ALPERSON-DEL-MARSH,AL-2018-senate-12-R-DEL-MARSH,1,1,AL-2018-senate-12-R-DEL-MARSH,-7.794435336772292,9.200819003014015,-4.361287060933519,5.767670727175242,-6.477548587314562,7.883932253556285,-6.692115805527236,8.09849947176896,-42.549734378910955,60.95137238493899,-12.812187305010584,14.218570971252307,-11.442580462995178,12.8489641292369,-12.13708818709905,13.543471853340773,-11.482856179114556,12.889239845356279,-28.432189266181425,56.869331208686035,-2.1482311741521887,3.5546148403939117,8.813882975784871,-7.407499309543148,-2.066162678135374,3.472546344377097,-1.7013302603063618,3.107713926548085,-46.775597863494724,53.884827544282544,1.406383666241723,-9.200819003014015,-5.767670727175242,-7.883932253556285,-8.09849947176896,-14.218570971252307,-12.8489641292369,-13.543471853340773,-12.889239845356279,-3.5546148403939117,7.407499309543148,-3.472546344377097,-3.107713926548085,-60.95137238493899,42.549734378910955,-56.869331208686035,28.432189266181425,-53.884827544282544,46.775597863494724,10.663956130858395,True,-9.200819003014015,-8.09849947176896
2018,senate,13,D,12839.0,Darrell Turner                        ,alabama_sos,ALPERSON-DARRELL-TURNER,AL-2018-senate-13-D-DARRELL-TURNER,0,0,AL-2018-senate-13-D-DARRELL-TURNER,-1.7870392249392264,-3.186389615963722,5.247050632853491,-10.22047947375644,-0.7784175758808534,-4.195011265022095,-0.44061232118175386,-4.5328165197211945,-54.93694299788869,48.564163765961254,3.365909564012526,-8.339338404915473,13.066140430923998,-18.039569271826945,0.5538841906298622,-5.5273130315328105,5.104743189998771,-10.078172030901719,-50.9900986423492,34.311421832518256,-10.74015541707352,5.766726576170572,1.6067110356169767,-6.580139876519925,-8.531401203875442,3.5579723629724933,-8.270226600686353,3.296797759783405,-44.563486127718065,56.0969392800592,-4.973428840902948,-3.186389615963722,-10.22047947375644,-4.195011265022095,-4.5328165197211945,-8.339338404915473,-18.039569271826945,-5.5273130315328105,-10.078172030901719,5.766726576170572,-6.580139876519925,3.5579723629724933,3.296797759783405,-54.93694299788869,48.564163765961254,-50.9900986423492,34.311421832518256,-44.563486127718065,56.0969392800592,14.106064981086046,True,-3.186389615963722,-4.5328165197211945
2018,senate,13,R,31614.0,Randy Price                           ,alabama_sos,ALPERSON-RANDY-PRICE,AL-2018-senate-13-R-RANDY-PRICE,0,1,AL-2018-senate-13-R-RANDY-PRICE,-1.7870392249392264,-3.186389615963722,5.247050632853491,-10.22047947375644,-0.7784175758808534,-4.195011265022095,-0.44061232118175386,-4.5328165197211945,-54.93694299788869,48.564163765961254,3.365909564012526,-8.339338404915473,13.066140430923998,-18.039569271826945,0.5538841906298622,-5.5273130315328105,5.104743189998771,-10.078172030901719,-50.9900986423492,34.311421832518256,-10.74015541707352,5.766726576170572,1.6067110356169767,-6.580139876519925,-8.531401203875442,3.5579723629724933,-8.270226600686353,3.296797759783405,-44.563486127718065,56.0969392800592,-4.973428840902948,3.186389615963722,10.22047947375644,4.195011265022095,4.5328165197211945,8.339338404915473,18.039569271826945,5.5273130315328105,10.078172030901719,-5.766726576170572,6.580139876519925,-3.5579723629724933,-3.296797759783405,-48.564163765961254,54.93694299788869,-34.311421832518256,50.9900986423492,-56.0969392800592,44.563486127718065,14.106064981086046,True,3.186389615963722,4.5328165197211945
2018,senate,14,D,13171.0,Jerry McDonald                        ,alabama_sos,ALPERSON-JERRY-MCDONALD,AL-2018-senate-14-D-JERRY-MCDONALD,0,0,AL-2018-senate-14-D-JERRY-MCDONALD,-3.5647834158594227,-4.144400592800808,3.5394039667639223,-11.248587975424153,-1.613954356539609,-6.095229652120621,-2.4574032122129053,-5.251780796447325,-55.89495397472578,47.60615278912417,3.43654881505896,-11.14573282371919,11.378382259541283,-19.087566268201513,4.8922699771507485,-12.601453985810979,3.152677156625858,-10.861861165286088,-53.796493061152916,31.50502741371454,1.6979362704660366,-9.407120279126268,13.330737583860358,-21.03992159252059,2.9780391686155694,-10.6872231772758,2.8953427660902245,-10.604526774750454,-59.7373329830149,40.923092424762366,-7.70918400866023,-4.144400592800808,-11.248587975424153,-6.095229652120621,-5.251780796447325,-11.14573282371919,-19.087566268201513,-12.601453985810979,-10.861861165286088,-9.407120279126268,-21.03992159252059,-10.6872231772758,-10.604526774750454,-55.89495397472578,47.60615278912417,-53.796493061152916,31.50502741371454,-59.7373329830149,40.923092424762366,7.001332230918382,True,-4.144400592800808,-5.251780796447325
2018,senate,14,R,34953.0,Cam Ward                              ,alabama_sos,ALPERSON-CAM-WARD,AL-2018-senate-14-R-CAM-WARD,1,1,AL-2018-senate-14-R-CAM-WARD,-3.5647834158594227,-4.144400592800808,3.5394039667639223,-11.248587975424153,-1.613954356539609,-6.095229652120621,-2.4574032122129053,-5.251780796447325,-55.89495397472578,47.60615278912417,3.43654881505896,-11.14573282371919,11.378382259541283,-19.087566268201513,4.8922699771507485,-12.601453985810979,3.152677156625858,-10.861861165286088,-53.796493061152916,31.50502741371454,1.6979362704660366,-9.407120279126268,13.330737583860358,-21.03992159252059,2.9780391686155694,-10.6872231772758,2.8953427660902245,-10.604526774750454,-59.7373329830149,40.923092424762366,-7.70918400866023,4.144400592800808,11.248587975424153,6.095229652120621,5.251780796447325,11.14573282371919,19.087566268201513,12.601453985810979,10.861861165286088,9.407120279126268,21.03992159252059,10.6872231772758,10.604526774750454,-47.60615278912417,55.89495397472578,-31.50502741371454,53.796493061152916,-40.923092424762366,59.7373329830149,7.001332230918382,True,4.144400592800808,5.251780796447325
2018,senate,16,D,21851.0,Lindsey Deckard                       ,alabama_sos,ALPERSON-LINDSEY-DECKARD,AL-2018-senate-16-D-LINDSEY-DECKARD,0,0,AL-2018-senate-16-D-LINDSEY-DECKARD,-20.12342002174774,7.623427476428249,-23.48534181196721,10.985349266647718,-20.376495898710004,7.876503353390513,-21.71080820537634,9.210815660056847,-44.127125905496726,59.37398085835322,-17.437577186870225,4.937584641550734,-19.81761900514728,7.317626459827787,-15.202235585792826,2.702243040473334,-18.12357376542085,5.623581220101359,-37.713175595882994,47.588344878984465,-15.61885314602319,3.118860600703698,-15.646495184723754,3.146502639404263,-15.410128726026032,2.910136180706541,-16.904174476843874,4.404181931524382,-47.211352103184936,53.44907330459233,-12.499992545319492,7.623427476428249,10.985349266647718,7.876503353390513,9.210815660056847,4.937584641550734,7.317626459827787,2.702243040473334,5.623581220101359,3.118860600703698,3.146502639404263,2.910136180706541,4.404181931524382,-44.127125905496726,59.37398085835322,-37.713175595882994,47.588344878984465,-47.211352103184936,53.44907330459233,4.504566875724551,True,7.623427476428249,9.210815660056847
2018,senate,16,R,37068.0,"J.T. ""Jabo"" Waggoner                  ",alabama_sos,ALPERSON-J-T-JABO-WAGGONER,AL-2018-senate-16-R-J-T-JABO-WAGGONER,1,1,AL-2018-senate-16-R-J-T-JABO-WAGGONER,-20.12342002174774,7.623427476428249,-23.48534181196721,10.985349266647718,-20.376495898710004,7.876503353390513,-21.71080820537634,9.210815660056847,-44.127125905496726,59.37398085835322,-17.437577186870225,4.937584641550734,-19.81761900514728,7.317626459827787,-15.202235585792826,2.702243040473334,-18.12357376542085,5.623581220101359,-37.713175595882994,47.588344878984465,-15.61885314602319,3.118860600703698,-15.646495184723754,3.146502639404263,-15.410128726026032,2.910136180706541,-16.904174476843874,4.404181931524382,-47.211352103184936,53.44907330459233,-12.499992545319492,-7.623427476428249,-10.985349266647718,-7.876503353390513,-9.210815660056847,-4.937584641550734,-7.317626459827787,-2.702243040473334,-5.623581220101359,-3.118860600703698,-3.146502639404263,-2.910136180706541,-4.404181931524382,-59.37398085835322,44.127125905496726,-47.588344878984465,37.713175595882994,-53.44907330459233,47.211352103184936,4.504566875724551,True,-7.623427476428249,-9.210815660056847
2018,senate,21,D,16005.0,Rick Burnham                          ,alabama_sos,ALPERSON-RICK-BURNHAM,AL-2018-senate-21-D-RICK-BURNHAM,0,0,AL-2018-senate-21-D-RICK-BURNHAM,-16.60566727698737,3.7793495977902083,-14.223528925592879,1.3972112463957185,-14.31329270612039,1.4869750269232291,-14.988153863917468,2.1618361847203076,-47.971203784134765,55.52990297971518,-25.390892541910056,12.564574862712895,-24.83147225211168,12.00515457291452,-21.911599592196175,9.085281912999015,-23.2230628682415,10.396745189044339,-30.086185374720834,55.215335100146625,-23.21479395279203,10.388476273594868,-17.978725443901364,5.152407764704204,-21.5956947409112,8.769377061714039,-21.892836932820906,9.066519253623746,-39.941736430293766,60.7186889774835,-12.82631767919716,3.7793495977902083,1.3972112463957185,1.4869750269232291,2.1618361847203076,12.564574862712895,12.00515457291452,9.085281912999015,10.396745189044339,10.388476273594868,5.152407764704204,8.769377061714039,9.066519253623746,-47.971203784134765,55.52990297971518,-30.086185374720834,55.215335100146625,-39.941736430293766,60.7186889774835,8.785225264922687,True,3.7793495977902083,2.1618361847203076
2018,senate,21,R,33368.0,Gerald Allen                          ,alabama_sos,ALPERSON-GERALD-ALLEN,AL-2018-senate-21-R-GERALD-ALLEN,1,1,AL-2018-senate-21-R-GERALD-ALLEN,-16.60566727698737,3.7793495977902083,-14.223528925592879,1.3972112463957185,-14.31329270612039,1.4869750269232291,-14.988153863917468,2.1618361847203076,-47.971203784134765,55.52990297971518,-25.390892541910056,12.564574862712895,-24.83147225211168,12.00515457291452,-21.911599592196175,9.085281912999015,-23.2230628682415,10.396745189044339,-30.086185374720834,55.215335100146625,-23.21479395279203,10.388476273594868,-17.978725443901364,5.152407764704204,-21.5956947409112,8.769377061714039,-21.892836932820906,9.066519253623746,-39.941736430293766,60.7186889774835,-12.82631767919716,-3.7793495977902083,-1.3972112463957185,-1.4869750269232291,-2.1618361847203076,-12.564574862712895,-12.00515457291452,-9.085281912999015,-10.396745189044339,-10.388476273594868,-5.152407764704204,-8.769377061714039,-9.066519253623746,-55.52990297971518,47.971203784134765,-55.215335100146625,30.086185374720834,-60.7186889774835,39.941736430293766,8.785225264922687,True,-3.7793495977902083,-2.1618361847203076
2018,senate,25,D,20866.0,David A. Sadler                       ,alabama_sos,ALPERSON-DAVID-A-SADLER,AL-2018-senate-25-D-DAVID-A-SADLER,0,0,AL-2018-senate-25-D-DAVID-A-SADLER,-3.3906189724192046,-26.461912215772657,3.8274627219364508,-33.67999391012831,6.536247429055665,-36.388778617247524,-16.087396302748715,-13.765134885443146,-78.21246559769763,25.288641166152317,0.38886723079720387,-30.241398418989064,10.49185788839213,-40.344389076583994,13.682436560960076,-43.53496774915194,-13.33547520408662,-16.51705598410524,-72.8921586564228,12.409361818444665,-21.23749438078386,-8.615036807408,-27.09500148500195,-2.7575297031899098,-12.466805688675535,-17.385725499516326,-26.5620429665665,-3.2904882216253597,-58.94524951129664,41.71517589648063,-29.85253118819186,-26.461912215772657,-33.67999391012831,-36.388778617247524,-13.765134885443146,-30.241398418989064,-40.344389076583994,-43.53496774915194,-16.51705598410524,-8.615036807408,-2.7575297031899098,-17.385725499516326,-3.2904882216253597,-78.21246559769763,25.288641166152317,-72.8921586564228,12.409361818444665,-58.94524951129664,41.71517589648063,21.626361611581064,True,-26.461912215772657,-13.765134885443146
2018,senate,25,R,33029.0,Will Barfoot                          ,alabama_sos,ALPERSON-WILL-BARFOOT,AL-2018-senate-25-R-WILL-BARFOOT,0,1,AL-2018-senate-25-R-WILL-BARFOOT,-3.3906189724192046,-26.461912215772657,3.8274627219364508,-33.67999391012831,6.536247429055665,-36.388778617247524,-16.087396302748715,-13.765134885443146,-78.21246559769763,25.288641166152317,0.38886723079720387,-30.241398418989064,10.49185788839213,-40.344389076583994,13.682436560960076,-43.53496774915194,-13.33547520408662,-16.51705598410524,-72.8921586564228,12.409361818444665,-21.23749438078386,-8.615036807408,-27.09500148500195,-2.7575297031899098,-12.466805688675535,-17.385725499516326,-26.5620429665665,-3.2904882216253597,-58.94524951129664,41.71517589648063,-29.85253118819186,26.461912215772657,33.67999391012831,36.388778617247524,13.765134885443146,30.241398418989064,40.344389076583994,43.53496774915194,16.51705598410524,8.615036807408,2.7575297031899098,17.385725499516326,3.2904882216253597,-25.288641166152317,78.21246559769763,-12.409361818444665,72.8921586564228,-41.71517589648063,58.94524951129664,21.626361611581064,True,26.461912215772657,13.765134885443146
2018,senate,26,D,31973.0,"David ""Coach"" Burkette                ",alabama_sos,ALPERSON-DAVID-COACH-BURKETTE,AL-2018-senate-26-D-DAVID-COACH-BURKETTE,1,1,AL-2018-senate-26-D-DAVID-COACH-BURKETTE,-2.949091462905346,34.330587410538556,35.417268948139174,-4.035773000505966,21.239593342812945,10.141902604820263,19.30544355282451,12.076052394808698,-17.419965971386418,86.08114079246353,4.730759460809792,26.650736486823416,38.036195172308936,-6.654699224675728,24.56804869639202,6.81344725124119,22.160561365636497,9.220934581996712,-16.000023750610314,69.30149672425715,-9.32008039719087,40.701576344824076,33.55770061353983,-2.1762046659066208,18.100365881511628,13.28113006612158,15.76971826842379,15.611777679209418,-9.628636359064558,91.03178904871271,31.38149594763321,34.330587410538556,-4.035773000505966,10.141902604820263,12.076052394808698,26.650736486823416,-6.654699224675728,6.81344725124119,9.220934581996712,40.701576344824076,-2.1762046659066208,13.28113006612158,15.611777679209418,-17.419965971386418,86.08114079246353,-16.000023750610314,69.30149672425715,-9.628636359064558,91.03178904871271,14.05083985800066,True,34.330587410538556,12.076052394808698
2018,senate,26,R,7863.0,D. J. Johnson                         ,alabama_sos,ALPERSON-D-J-JOHNSON,AL-2018-senate-26-R-D-J-JOHNSON,0,0,AL-2018-senate-26-R-D-J-JOHNSON,-2.949091462905346,34.330587410538556,35.417268948139174,-4.035773000505966,21.239593342812945,10.141902604820263,19.30544355282451,12.076052394808698,-17.419965971386418,86.08114079246353,4.730759460809792,26.650736486823416,38.036195172308936,-6.654699224675728,24.56804869639202,6.81344725124119,22.160561365636497,9.220934581996712,-16.000023750610314,69.30149672425715,-9.32008039719087,40.701576344824076,33.55770061353983,-2.1762046659066208,18.100365881511628,13.28113006612158,15.76971826842379,15.611777679209418,-9.628636359064558,91.03178904871271,31.38149594763321,-34.330587410538556,4.035773000505966,-10.141902604820263,-12.076052394808698,-26.650736486823416,6.654699224675728,-6.81344725124119,-9.220934581996712,-40.701576344824076,2.1762046659066208,-13.28113006612158,-15.611777679209418,-86.08114079246353,17.419965971386418,-69.30149672425715,16.000023750610314,-91.03178904871271,9.628636359064558,14.05083985800066,True,-34.330587410538556,-12.076052394808698
2018,senate,27,D,20586.0,Nancy Carlton Bendinger               ,alabama_sos,ALPERSON-NANCY-CARLTON-BENDINGER,AL-2018-senate-27-D-NANCY-CARLTON-BENDINGER,0,0,AL-2018-senate-27-D-NANCY-CARLTON-BENDINGER,-10.299722326260177,9.997367134185932,-8.579872956537356,8.277517764463111,-12.131496137266346,11.829140945192101,-9.06406296452315,8.761707772448904,-41.75318624773904,61.74792051611091,-15.889478648504381,15.587123456430136,-16.29305699407324,15.990701801998995,-19.034154930157975,18.73179973808373,-14.693046881094165,14.39069168901992,-27.063636781003595,58.237883693863864,-5.887366008791977,5.585010816717732,2.378901676483439,-2.681256868557684,-7.946187546864177,7.643832354789932,-4.937041115236443,4.634685923162198,-44.7452018871709,55.91522352060637,-0.3023551920742449,9.997367134185932,8.277517764463111,11.829140945192101,8.761707772448904,15.587123456430136,15.990701801998995,18.73179973808373,14.39069168901992,5.585010816717732,-2.681256868557684,7.643832354789932,4.634685923162198,-41.75318624773904,61.74792051611091,-27.063636781003595,58.237883693863864,-44.7452018871709,55.91522352060637,10.002112639712404,True,9.997367134185932,8.761707772448904
2018,senate,27,R,29741.0,Tom Whatley                           ,alabama_sos,ALPERSON-TOM-WHATLEY,AL-2018-senate-27-R-TOM-WHATLEY,1,1,AL-2018-senate-27-R-TOM-WHATLEY,-10.299722326260177,9.997367134185932,-8.579872956537356,8.277517764463111,-12.131496137266346,11.829140945192101,-9.06406296452315,8.761707772448904,-41.75318624773904,61.74792051611091,-15.889478648504381,15.587123456430136,-16.29305699407324,15.990701801998995,-19.034154930157975,18.73179973808373,-14.693046881094165,14.39069168901992,-27.063636781003595,58.237883693863864,-5.887366008791977,5.585010816717732,2.378901676483439,-2.681256868557684,-7.946187546864177,7.643832354789932,-4.937041115236443,4.634685923162198,-44.7452018871709,55.91522352060637,-0.3023551920742449,-9.997367134185932,-8.277517764463111,-11.829140945192101,-8.761707772448904,-15.587123456430136,-15.990701801998995,-18.73179973808373,-14.39069168901992,-5.585010816717732,2.681256868557684,-7.643832354789932,-4.634685923162198,-61.74792051611091,41.75318624773904,-58.237883693863864,27.063636781003595,-55.91522352060637,44.7452018871709,10.002112639712404,True,-9.997367134185932,-8.761707772448904
2018,senate,32,D,15193.0,Jason Fisher                          ,alabama_sos,ALPERSON-JASON-FISHER,AL-2018-senate-32-D-JASON-FISHER,0,0,AL-2018-senate-32-D-JASON-FISHER,-0.9814857077989192,-2.785492984781305,5.818360453803806,-9.58533914638403,-0.9467644730266187,-2.8202142195536055,-0.6511976828160018,-3.1157810097642225,-54.53604636670628,48.96506039714367,-4.805374947181236,1.038396254601012,1.4136985553321004,-5.180677247912325,-5.362844547110486,1.5958658545302615,-4.213319791556039,0.44634109897581453,-41.61236398283272,43.68915649203474,3.479062359816635,-7.246041052396859,14.194680504462386,-17.96165919704261,3.4512365704876213,-7.2182152630678456,3.046787272300393,-6.813765964880617,-57.576253756285496,43.08417165149177,-3.766978692580224,-2.785492984781305,-9.58533914638403,-2.8202142195536055,-3.1157810097642225,1.038396254601012,-5.180677247912325,1.5958658545302615,0.44634109897581453,-7.246041052396859,-17.96165919704261,-7.2182152630678456,-6.813765964880617,-54.53604636670628,48.96506039714367,-41.61236398283272,43.68915649203474,-57.576253756285496,43.08417165149177,8.284437306997871,False,-2.785492984781305,-3.1157810097642225
2018,senate,32,R,45726.0,Chris Elliott                         ,alabama_sos,ALPERSON-CHRIS-ELLIOTT,AL-2018-senate-32-R-CHRIS-ELLIOTT,0,1,AL-2018-senate-32-R-CHRIS-ELLIOTT,-0.9814857077989192,-2.785492984781305,5.818360453803806,-9.58533914638403,-0.9467644730266187,-2.8202142195536055,-0.6511976828160018,-3.1157810097642225,-54.53604636670628,48.96506039714367,-4.805374947181236,1.038396254601012,1.4136985553321004,-5.180677247912325,-5.362844547110486,1.5958658545302615,-4.213319791556039,0.44634109897581453,-41.61236398283272,43.68915649203474,3.479062359816635,-7.246041052396859,14.194680504462386,-17.96165919704261,3.4512365704876213,-7.2182152630678456,3.046787272300393,-6.813765964880617,-57.576253756285496,43.08417165149177,-3.766978692580224,2.785492984781305,9.58533914638403,2.8202142195536055,3.1157810097642225,-1.038396254601012,5.180677247912325,-1.5958658545302615,-0.44634109897581453,7.246041052396859,17.96165919704261,7.2182152630678456,6.813765964880617,-48.96506039714367,54.53604636670628,-43.68915649203474,41.61236398283272,-43.08417165149177,57.576253756285496,8.284437306997871,False,2.785492984781305,3.1157810097642225
2018,senate,35,D,13896.0,Tom Holmes                            ,alabama_sos,ALPERSON-TOM-HOLMES,AL-2018-senate-35-D-TOM-HOLMES,0,0,AL-2018-senate-35-D-TOM-HOLMES,-2.7808071169241693,-8.972210846556305,3.621898002561325,-15.374915966041799,1.0108638010453497,-12.763881764525824,-1.110475739488895,-10.64254222399158,-60.72276422848128,42.778342535368665,-4.9126446660653125,-6.840373297415161,1.6290475943130112,-13.382065557793485,-0.47781966124335984,-11.275198302237115,-2.1907618382954297,-9.562256125185044,-49.49113353484889,35.81038694001857,0.09820691892389277,-11.851224882404367,13.022610301403224,-24.7756282648837,4.081100124543486,-15.83411808802396,1.464730020258024,-13.217747983738498,-62.181437586293,38.47898782148427,-11.753017963480474,-8.972210846556305,-15.374915966041799,-12.763881764525824,-10.64254222399158,-6.840373297415161,-13.382065557793485,-11.275198302237115,-9.562256125185044,-11.851224882404367,-24.7756282648837,-15.83411808802396,-13.217747983738498,-60.72276422848128,42.778342535368665,-49.49113353484889,35.81038694001857,-62.181437586293,38.47898782148427,5.010851584989205,True,-8.972210846556305,-10.64254222399158
2018,senate,35,R,29046.0,David Sessions                        ,alabama_sos,ALPERSON-DAVID-SESSIONS,AL-2018-senate-35-R-DAVID-SESSIONS,0,1,AL-2018-senate-35-R-DAVID-SESSIONS,-2.7808071169241693,-8.972210846556305,3.621898002561325,-15.374915966041799,1.0108638010453497,-12.763881764525824,-1.110475739488895,-10.64254222399158,-60.72276422848128,42.778342535368665,-4.9126446660653125,-6.840373297415161,1.6290475943130112,-13.382065557793485,-0.47781966124335984,-11.275198302237115,-2.1907618382954297,-9.562256125185044,-49.49113353484889,35.81038694001857,0.09820691892389277,-11.851224882404367,13.022610301403224,-24.7756282648837,4.081100124543486,-15.83411808802396,1.464730020258024,-13.217747983738498,-62.181437586293,38.47898782148427,-11.753017963480474,8.972210846556305,15.374915966041799,12.763881764525824,10.64254222399158,6.840373297415161,13.382065557793485,11.275198302237115,9.562256125185044,11.851224882404367,24.7756282648837,15.83411808802396,13.217747983738498,-42.778342535368665,60.72276422848128,-35.81038694001857,49.49113353484889,-38.47898782148427,62.181437586293,5.010851584989205,True,8.972210846556305,10.64254222399158
2022,house,3,D,4241.0,Wesley Thompson                       ,alabama_sos,ALPERSON-WESLEY-THOMPSON,AL-2022-house-3-D-WESLEY-THOMPSON,0,0,AL-2022-house-3-D-WESLEY-THOMPSON,4.192542492378141,6.6466883624648645,8.399771837789407,2.439459017053599,-0.0798733410119219,10.919104195854928,2.9296876886494223,7.9095431661935836,-45.10386501946011,58.39724174438984,2.4335977889605287,8.405633065882476,5.501626972281571,5.337603882561435,-1.7717804188920105,12.611011273735016,1.659387201589949,9.179843653253057,-34.24512717155125,51.056393303316206,2.48156458821601,8.357666266626996,3.319339579916493,7.519891274926513,-2.8198687191768634,13.65909957401987,0.8633903255184734,9.975840529324532,-41.97254643726164,58.68787897051563,10.839230854843006,6.6466883624648645,2.439459017053599,10.919104195854928,7.9095431661935836,8.405633065882476,5.337603882561435,12.611011273735016,9.179843653253057,8.357666266626996,7.519891274926513,13.65909957401987,9.975840529324532,-45.10386501946011,58.39724174438984,-34.24512717155125,51.056393303316206,-41.97254643726164,58.68787897051563,1.7589447034176118,True,6.6466883624648645,7.9095431661935836
2022,house,3,R,8023.0,"Kerry ""Bubba"" Underwood               ",alabama_sos,ALPERSON-KERRY-BUBBA-UNDERWOOD,AL-2022-house-3-R-KERRY-BUBBA-UNDERWOOD,0,1,AL-2022-house-3-R-KERRY-BUBBA-UNDERWOOD,4.192542492378141,6.6466883624648645,8.399771837789407,2.439459017053599,-0.0798733410119219,10.919104195854928,2.9296876886494223,7.9095431661935836,-45.10386501946011,58.39724174438984,2.4335977889605287,8.405633065882476,5.501626972281571,5.337603882561435,-1.7717804188920105,12.611011273735016,1.659387201589949,9.179843653253057,-34.24512717155125,51.056393303316206,2.48156458821601,8.357666266626996,3.319339579916493,7.519891274926513,-2.8198687191768634,13.65909957401987,0.8633903255184734,9.975840529324532,-41.97254643726164,58.68787897051563,10.839230854843006,-6.6466883624648645,-2.439459017053599,-10.919104195854928,-7.9095431661935836,-8.405633065882476,-5.337603882561435,-12.611011273735016,-9.179843653253057,-8.357666266626996,-7.519891274926513,-13.65909957401987,-9.975840529324532,-58.39724174438984,45.10386501946011,-51.056393303316206,34.24512717155125,-58.68787897051563,41.97254643726164,1.7589447034176118,True,-6.6466883624648645,-7.9095431661935836
2022,house,7,D,3133.0,"Mose Jones, Jr.                       ",alabama_sos,ALPERSON-MOSE-JONES-JR,AL-2022-house-7-D-MOSE-JONES-JR,0,0,AL-2022-house-7-D-MOSE-JONES-JR,10.213314625777818,-5.920021076217131,18.359992162065232,-14.066698612504545,13.630186123752999,-9.336892574192312,11.6970551029629,-7.403761553402212,-57.670574458142106,45.83053230570784,5.758624960071748,-1.4653314105110606,12.444360247512657,-8.15106669795197,10.047189545236439,-5.753895995675752,7.801664776782457,-3.5083712272217698,-44.11609164794479,41.18542882692267,-4.990074008748262,9.28336755830895,-0.7886496309124169,5.081943180473104,-2.063156379458265,6.356449929018952,-2.6982557514230088,6.991549300983696,-41.04684514557968,59.61358026219759,4.293293549560687,-5.920021076217131,-14.066698612504545,-9.336892574192312,-7.403761553402212,-1.4653314105110606,-8.15106669795197,-5.753895995675752,-3.5083712272217698,9.28336755830895,5.081943180473104,6.356449929018952,6.991549300983696,-57.670574458142106,45.83053230570784,-44.11609164794479,41.18542882692267,-41.04684514557968,59.61358026219759,15.20338863452608,True,-5.920021076217131,-7.403761553402212
2022,house,7,R,11225.0,Ernie Yarbrough                       ,alabama_sos,ALPERSON-ERNIE-YARBROUGH,AL-2022-house-7-R-ERNIE-YARBROUGH,0,1,AL-2022-house-7-R-ERNIE-YARBROUGH,10.213314625777818,-5.920021076217131,18.359992162065232,-14.066698612504545,13.630186123752999,-9.336892574192312,11.6970551029629,-7.403761553402212,-57.670574458142106,45.83053230570784,5.758624960071748,-1.4653314105110606,12.444360247512657,-8.15106669795197,10.047189545236439,-5.753895995675752,7.801664776782457,-3.5083712272217698,-44.11609164794479,41.18542882692267,-4.990074008748262,9.28336755830895,-0.7886496309124169,5.081943180473104,-2.063156379458265,6.356449929018952,-2.6982557514230088,6.991549300983696,-41.04684514557968,59.61358026219759,4.293293549560687,5.920021076217131,14.066698612504545,9.336892574192312,7.403761553402212,1.4653314105110606,8.15106669795197,5.753895995675752,3.5083712272217698,-9.28336755830895,-5.081943180473104,-6.356449929018952,-6.991549300983696,-45.83053230570784,57.670574458142106,-41.18542882692267,44.11609164794479,-59.61358026219759,41.04684514557968,15.20338863452608,True,5.920021076217131,7.403761553402212
2022,house,10,D,6608.0,Marilyn Lands                         ,alabama_sos,ALPERSON-MARILYN-LANDS,AL-2022-house-10-D-MARILYN-LANDS,0,0,AL-2022-house-10-D-MARILYN-LANDS,-2.493007333187183,12.706529953126006,3.448277604947883,6.76524501499094,-0.8432306687595492,11.056753288698372,-0.3474184967968137,10.560941116735638,-39.044023428798965,64.45708333505098,-4.083568253542877,14.2970908734817,-0.6425443197358263,10.85606693967465,-2.846429694491544,13.059952314430367,-1.931396323853189,12.144918943792012,-28.35366936395203,56.94785111091543,-1.5179462190814554,11.731468839020279,1.6481776465833171,8.565344973355506,-1.004917866459678,11.218440486398501,-0.07193142524856455,10.285454045187388,-38.598743864868354,62.061681542908914,10.213522619938823,12.706529953126006,6.76524501499094,11.056753288698372,10.560941116735638,14.2970908734817,10.85606693967465,13.059952314430367,12.144918943792012,11.731468839020279,8.565344973355506,11.218440486398501,10.285454045187388,-39.044023428798965,64.45708333505098,-28.35366936395203,56.94785111091543,-38.598743864868354,62.061681542908914,2.5656220344614216,True,12.706529953126006,10.560941116735638
2022,house,10,R,7581.0,David Cole                            ,alabama_sos,ALPERSON-DAVID-COLE,AL-2022-house-10-R-DAVID-COLE,0,1,AL-2022-house-10-R-DAVID-COLE,-2.493007333187183,12.706529953126006,3.448277604947883,6.76524501499094,-0.8432306687595492,11.056753288698372,-0.3474184967968137,10.560941116735638,-39.044023428798965,64.45708333505098,-4.083568253542877,14.2970908734817,-0.6425443197358263,10.85606693967465,-2.846429694491544,13.059952314430367,-1.931396323853189,12.144918943792012,-28.35366936395203,56.94785111091543,-1.5179462190814554,11.731468839020279,1.6481776465833171,8.565344973355506,-1.004917866459678,11.218440486398501,-0.07193142524856455,10.285454045187388,-38.598743864868354,62.061681542908914,10.213522619938823,-12.706529953126006,-6.76524501499094,-11.056753288698372,-10.560941116735638,-14.2970908734817,-10.85606693967465,-13.059952314430367,-12.144918943792012,-11.731468839020279,-8.565344973355506,-11.218440486398501,-10.285454045187388,-64.45708333505098,39.044023428798965,-56.94785111091543,28.35366936395203,-62.061681542908914,38.598743864868354,2.5656220344614216,True,-12.706529953126006,-10.560941116735638
2022,house,12,D,2030.0,"James C. Fields, Jr.                  ",alabama_sos,ALPERSON-JAMES-C-FIELDS-JR,AL-2022-house-12-D-JAMES-C-FIELDS-JR,0,0,AL-2022-house-12-D-JAMES-C-FIELDS-JR,6.982645861988976,6.988958728877316,14.003879771300925,-0.032275180434632844,1.8895023638711272,12.082102226995165,6.623831450201872,7.34777314066442,-44.76159465304766,58.73951211080229,3.758067797775543,10.21353679309075,8.847684669676555,5.123919921189737,-0.7893695138502368,14.760974104716528,3.794180442707507,10.177424148158785,-32.437223444342976,52.86429703052448,13.796806337611969,0.1747982532543233,18.138047350287877,-4.166442759421585,6.9706833928095,7.000921198056792,12.755917592440456,1.215686998425836,-50.15541445063431,50.50501095714296,13.971604590866292,6.988958728877316,-0.032275180434632844,12.082102226995165,7.34777314066442,10.21353679309075,5.123919921189737,14.760974104716528,10.177424148158785,0.1747982532543233,-4.166442759421585,7.000921198056792,1.215686998425836,-44.76159465304766,58.73951211080229,-32.437223444342976,52.86429703052448,-50.15541445063431,50.50501095714296,10.038738539836427,True,6.988958728877316,7.34777314066442
2022,house,12,R,11958.0,Corey Harbison                        ,alabama_sos,ALPERSON-COREY-HARBISON,AL-2022-house-12-R-COREY-HARBISON,1,1,AL-2022-house-12-R-COREY-HARBISON,6.982645861988976,6.988958728877316,14.003879771300925,-0.032275180434632844,1.8895023638711272,12.082102226995165,6.623831450201872,7.34777314066442,-44.76159465304766,58.73951211080229,3.758067797775543,10.21353679309075,8.847684669676555,5.123919921189737,-0.7893695138502368,14.760974104716528,3.794180442707507,10.177424148158785,-32.437223444342976,52.86429703052448,13.796806337611969,0.1747982532543233,18.138047350287877,-4.166442759421585,6.9706833928095,7.000921198056792,12.755917592440456,1.215686998425836,-50.15541445063431,50.50501095714296,13.971604590866292,-6.988958728877316,0.032275180434632844,-12.082102226995165,-7.34777314066442,-10.21353679309075,-5.123919921189737,-14.760974104716528,-10.177424148158785,-0.1747982532543233,4.166442759421585,-7.000921198056792,-1.215686998425836,-58.73951211080229,44.76159465304766,-52.86429703052448,32.437223444342976,-50.50501095714296,50.15541445063431,10.038738539836427,True,-6.988958728877316,-7.34777314066442
2022,house,15,D,6166.0,Richard P. Rouco                      ,alabama_sos,ALPERSON-RICHARD-P-ROUCO,AL-2022-house-15-D-RICHARD-P-ROUCO,0,0,AL-2022-house-15-D-RICHARD-P-ROUCO,5.223777348432764,-7.015222866605265,7.732433756278326,-9.523879274450827,3.3514066920376777,-5.1428522102101795,3.607686832813381,-5.399132350985883,-58.76577624853024,44.73533051531971,3.0164232693435142,-4.807868787516016,3.195343642229542,-4.986789160402044,0.920694955903322,-2.7121404740758237,1.5076154457623634,-3.299060963934865,-47.458629024949744,37.842891449917715,6.337222568688193,-8.128668086860694,7.16882264682425,-8.960268164996751,5.273543766206321,-7.0649892843788225,5.003383816980648,-6.79482933515315,-58.458880790749326,42.20154461702794,-1.7914455181725015,-7.015222866605265,-9.523879274450827,-5.1428522102101795,-5.399132350985883,-4.807868787516016,-4.986789160402044,-2.7121404740758237,-3.299060963934865,-8.128668086860694,-8.960268164996751,-7.0649892843788225,-6.79482933515315,-58.76577624853024,44.73533051531971,-47.458629024949744,37.842891449917715,-58.458880790749326,42.20154461702794,3.320799299344678,True,-7.015222866605265,-5.399132350985883
2022,house,15,R,10818.0,Leigh Hulsey                          ,alabama_sos,ALPERSON-LEIGH-HULSEY,AL-2022-house-15-R-LEIGH-HULSEY,0,1,AL-2022-house-15-R-LEIGH-HULSEY,5.223777348432764,-7.015222866605265,7.732433756278326,-9.523879274450827,3.3514066920376777,-5.1428522102101795,3.607686832813381,-5.399132350985883,-58.76577624853024,44.73533051531971,3.0164232693435142,-4.807868787516016,3.195343642229542,-4.986789160402044,0.920694955903322,-2.7121404740758237,1.5076154457623634,-3.299060963934865,-47.458629024949744,37.842891449917715,6.337222568688193,-8.128668086860694,7.16882264682425,-8.960268164996751,5.273543766206321,-7.0649892843788225,5.003383816980648,-6.79482933515315,-58.458880790749326,42.20154461702794,-1.7914455181725015,7.015222866605265,9.523879274450827,5.1428522102101795,5.399132350985883,4.807868787516016,4.986789160402044,2.7121404740758237,3.299060963934865,8.128668086860694,8.960268164996751,7.0649892843788225,6.79482933515315,-44.73533051531971,58.76577624853024,-37.842891449917715,47.458629024949744,-42.20154461702794,58.458880790749326,3.320799299344678,True,7.015222866605265,5.399132350985883
2022,house,25,D,7837.0,Mallory Hagan                         ,alabama_sos,ALPERSON-MALLORY-HAGAN,AL-2022-house-25-D-MALLORY-HAGAN,0,0,AL-2022-house-25-D-MALLORY-HAGAN,-2.8283916438760484,5.614918804322875,-0.7318591629063675,3.5183863233531945,-5.37078512368587,8.157312284132697,-4.239799178312839,7.026326338759666,-46.1356345776021,57.36547218624785,-4.391676485605476,7.178203646052303,-4.827854266905547,7.614381427352374,-7.14520398260405,9.931731143050877,-5.4425925090468485,8.229119669493675,-35.47255659138143,49.82896388348603,-0.7874618973222773,3.5739890577691042,0.5134321861780826,2.2730949742687443,-3.1823641458229712,5.968891306269798,-2.3264478448654984,5.112975005312325,-46.75622364611953,53.90420176165774,2.786527160446827,5.614918804322875,3.5183863233531945,8.157312284132697,7.026326338759666,7.178203646052303,7.614381427352374,9.931731143050877,8.229119669493675,3.5739890577691042,2.2730949742687443,5.968891306269798,5.112975005312325,-46.1356345776021,57.36547218624785,-35.47255659138143,49.82896388348603,-46.75622364611953,53.90420176165774,3.604214588283199,True,5.614918804322875,7.026326338759666
2022,house,25,R,10813.0,Phillip K. Rigsby                     ,alabama_sos,ALPERSON-PHILLIP-K-RIGSBY,AL-2022-house-25-R-PHILLIP-K-RIGSBY,0,1,AL-2022-house-25-R-PHILLIP-K-RIGSBY,-2.8283916438760484,5.614918804322875,-0.7318591629063675,3.5183863233531945,-5.37078512368587,8.157312284132697,-4.239799178312839,7.026326338759666,-46.1356345776021,57.36547218624785,-4.391676485605476,7.178203646052303,-4.827854266905547,7.614381427352374,-7.14520398260405,9.931731143050877,-5.4425925090468485,8.229119669493675,-35.47255659138143,49.82896388348603,-0.7874618973222773,3.5739890577691042,0.5134321861780826,2.2730949742687443,-3.1823641458229712,5.968891306269798,-2.3264478448654984,5.112975005312325,-46.75622364611953,53.90420176165774,2.786527160446827,-5.614918804322875,-3.5183863233531945,-8.157312284132697,-7.026326338759666,-7.178203646052303,-7.614381427352374,-9.931731143050877,-8.229119669493675,-3.5739890577691042,-2.2730949742687443,-5.968891306269798,-5.112975005312325,-57.36547218624785,46.1356345776021,-49.82896388348603,35.47255659138143,-53.90420176165774,46.75622364611953,3.604214588283199,True,-5.614918804322875,-7.026326338759666
2022,house,26,D,1078.0,Ben Alford                            ,alabama_sos,ALPERSON-BEN-ALFORD,AL-2022-house-26-D-BEN-ALFORD,0,0,AL-2022-house-26-D-BEN-ALFORD,29.87804173606129,-25.704828947649688,34.877069513576416,-30.703856725164812,29.987885615795527,-25.814672827383923,26.716135915729335,-22.54292312731773,-77.45538232957466,26.045724434275286,30.377117932341335,-26.20390514392973,32.77376307167475,-28.600550283263146,29.50207145638257,-25.328858667970966,27.058088291992956,-22.884875503581352,-68.85466538136346,16.446855093504,32.209844065420356,-28.036631277008752,34.578735079670224,-30.40552229125862,31.507004813496078,-27.333792025084474,28.96280971627657,-24.789596927864967,-78.36684398089739,22.293581426879882,4.173212788411604,-25.704828947649688,-30.703856725164812,-25.814672827383923,-22.54292312731773,-26.20390514392973,-28.600550283263146,-25.328858667970966,-22.884875503581352,-28.036631277008752,-30.40552229125862,-27.333792025084474,-24.789596927864967,-77.45538232957466,26.045724434275286,-68.85466538136346,16.446855093504,-78.36684398089739,22.293581426879882,2.331802329359064,True,-25.704828947649688,-22.54292312731773
2022,house,26,R,8258.0,Brock Colvin                          ,alabama_sos,ALPERSON-BROCK-COLVIN,AL-2022-house-26-R-BROCK-COLVIN,0,1,AL-2022-house-26-R-BROCK-COLVIN,29.87804173606129,-25.704828947649688,34.877069513576416,-30.703856725164812,29.987885615795527,-25.814672827383923,26.716135915729335,-22.54292312731773,-77.45538232957466,26.045724434275286,30.377117932341335,-26.20390514392973,32.77376307167475,-28.600550283263146,29.50207145638257,-25.328858667970966,27.058088291992956,-22.884875503581352,-68.85466538136346,16.446855093504,32.209844065420356,-28.036631277008752,34.578735079670224,-30.40552229125862,31.507004813496078,-27.333792025084474,28.96280971627657,-24.789596927864967,-78.36684398089739,22.293581426879882,4.173212788411604,25.704828947649688,30.703856725164812,25.814672827383923,22.54292312731773,26.20390514392973,28.600550283263146,25.328858667970966,22.884875503581352,28.036631277008752,30.40552229125862,27.333792025084474,24.789596927864967,-26.045724434275286,77.45538232957466,-16.446855093504,68.85466538136346,-22.293581426879882,78.36684398089739,2.331802329359064,True,25.704828947649688,22.54292312731773
2022,house,27,D,1583.0,Herb Neu                              ,alabama_sos,ALPERSON-HERB-NEU,AL-2022-house-27-D-HERB-NEU,0,0,AL-2022-house-27-D-HERB-NEU,4.805866422719347,-2.9304252930579784,10.853951752962498,-8.97851062330113,4.15290374079612,-2.2774626111347516,4.087652667031452,-2.2122115373700835,-54.68097867498295,48.820128088866994,2.8057393856991,-0.9302982560377322,6.383309554927472,-4.507868425266103,1.4693576590381774,0.4060834706231906,1.8827614652169817,-0.007320335555613733,-43.58105849347146,41.720461981396,10.506773602844229,-8.63133247318286,14.813529020016318,-12.93808789035495,11.352405220043206,-9.476964090381838,9.968014180675752,-8.092573051014384,-58.96154517707149,41.698880230705775,1.875441129661368,-2.9304252930579784,-8.97851062330113,-2.2774626111347516,-2.2122115373700835,-0.9302982560377322,-4.507868425266103,0.4060834706231906,-0.007320335555613733,-8.63133247318286,-12.93808789035495,-9.476964090381838,-8.092573051014384,-54.68097867498295,48.820128088866994,-43.58105849347146,41.720461981396,-58.96154517707149,41.698880230705775,7.7010342171451285,True,-2.9304252930579784,-2.2122115373700835
2022,house,27,R,13150.0,Wes Kitchens                          ,alabama_sos,ALPERSON-WES-KITCHENS,AL-2022-house-27-R-WES-KITCHENS,1,1,AL-2022-house-27-R-WES-KITCHENS,4.805866422719347,-2.9304252930579784,10.853951752962498,-8.97851062330113,4.15290374079612,-2.2774626111347516,4.087652667031452,-2.2122115373700835,-54.68097867498295,48.820128088866994,2.8057393856991,-0.9302982560377322,6.383309554927472,-4.507868425266103,1.4693576590381774,0.4060834706231906,1.8827614652169817,-0.007320335555613733,-43.58105849347146,41.720461981396,10.506773602844229,-8.63133247318286,14.813529020016318,-12.93808789035495,11.352405220043206,-9.476964090381838,9.968014180675752,-8.092573051014384,-58.96154517707149,41.698880230705775,1.875441129661368,2.9304252930579784,8.97851062330113,2.2774626111347516,2.2122115373700835,0.9302982560377322,4.507868425266103,-0.4060834706231906,0.007320335555613733,8.63133247318286,12.93808789035495,9.476964090381838,8.092573051014384,-48.820128088866994,54.68097867498295,-41.720461981396,43.58105849347146,-41.698880230705775,58.96154517707149,7.7010342171451285,True,2.9304252930579784,2.2122115373700835
2022,house,32,D,5522.0,Barbara Bigsby Boyd                   ,alabama_sos,ALPERSON-BARBARA-BIGSBY-BOYD,AL-2022-house-32-D-BARBARA-BIGSBY-BOYD,0,1,AL-2022-house-32-D-BARBARA-BIGSBY-BOYD,27.078449119821464,29.21251855279141,38.79525220331931,17.495715469293565,17.55132654551183,38.73964112710104,32.3483709832212,23.94259668939167,-22.538034829133565,80.96307193471638,26.73750505506099,29.553462617551883,36.83718134975749,19.45378632285538,17.923077063860347,38.367890608752525,32.029360168646136,24.261607503966736,-13.097297619881846,72.20422285498562,27.080963756664993,29.21000391594788,35.50457576218796,20.78639191042491,18.95420864065906,37.33675903195381,32.26485242851963,24.02611524409324,-21.120208787940754,79.54021661983651,56.29096767261287,29.21251855279141,17.495715469293565,38.73964112710104,23.94259668939167,29.553462617551883,19.45378632285538,38.367890608752525,24.261607503966736,29.21000391594788,20.78639191042491,37.33675903195381,24.02611524409324,-22.538034829133565,80.96307193471638,-13.097297619881846,72.20422285498562,-21.120208787940754,79.54021661983651,0.3434587016040034,True,29.21251855279141,23.94259668939167
2022,house,32,R,4390.0,Evan B. Jackson                       ,alabama_sos,ALPERSON-EVAN-B-JACKSON,AL-2022-house-32-R-EVAN-B-JACKSON,0,0,AL-2022-house-32-R-EVAN-B-JACKSON,27.078449119821464,29.21251855279141,38.79525220331931,17.495715469293565,17.55132654551183,38.73964112710104,32.3483709832212,23.94259668939167,-22.538034829133565,80.96307193471638,26.73750505506099,29.553462617551883,36.83718134975749,19.45378632285538,17.923077063860347,38.367890608752525,32.029360168646136,24.261607503966736,-13.097297619881846,72.20422285498562,27.080963756664993,29.21000391594788,35.50457576218796,20.78639191042491,18.95420864065906,37.33675903195381,32.26485242851963,24.02611524409324,-21.120208787940754,79.54021661983651,56.29096767261287,-29.21251855279141,-17.495715469293565,-38.73964112710104,-23.94259668939167,-29.553462617551883,-19.45378632285538,-38.367890608752525,-24.261607503966736,-29.21000391594788,-20.78639191042491,-37.33675903195381,-24.02611524409324,-80.96307193471638,22.538034829133565,-72.20422285498562,13.097297619881846,-79.54021661983651,21.120208787940754,0.3434587016040034,True,-29.21251855279141,-23.94259668939167
2022,house,33,D,3571.0,"Fred Crum, Sr.                        ",alabama_sos,ALPERSON-FRED-CRUM-SR,AL-2022-house-33-D-FRED-CRUM-SR,0,0,AL-2022-house-33-D-FRED-CRUM-SR,-3.600565072952275,-6.952152314801065,2.059977578851827,-12.612694966605167,-1.0900959485922561,-9.462621439161083,-2.322109944211273,-8.230607443542066,-58.70270569672604,44.798401067123905,0.3319860975654647,-10.884703485318806,3.7641716301605292,-14.31688901791387,0.24955803473503302,-10.802275422488373,0.2856875387530753,-10.838404926506415,-53.53546372275254,31.766056752114924,-9.543380139087498,-1.009337248665842,-8.508110219058402,-2.044607168694938,-8.62360656292145,-1.9291108248318896,-9.057303085089593,-1.4954143026637468,-51.33954995255448,49.32087545522279,-10.55271738775334,-6.952152314801065,-12.612694966605167,-9.462621439161083,-8.230607443542066,-10.884703485318806,-14.31688901791387,-10.802275422488373,-10.838404926506415,-1.009337248665842,-2.044607168694938,-1.9291108248318896,-1.4954143026637468,-58.70270569672604,44.798401067123905,-53.53546372275254,31.766056752114924,-51.33954995255448,49.32087545522279,9.875366236652964,True,-6.952152314801065,-8.230607443542066
2022,house,33,R,9534.0,Ben Robbins                           ,alabama_sos,ALPERSON-BEN-ROBBINS,AL-2022-house-33-R-BEN-ROBBINS,1,1,AL-2022-house-33-R-BEN-ROBBINS,-3.600565072952275,-6.952152314801065,2.059977578851827,-12.612694966605167,-1.0900959485922561,-9.462621439161083,-2.322109944211273,-8.230607443542066,-58.70270569672604,44.798401067123905,0.3319860975654647,-10.884703485318806,3.7641716301605292,-14.31688901791387,0.24955803473503302,-10.802275422488373,0.2856875387530753,-10.838404926506415,-53.53546372275254,31.766056752114924,-9.543380139087498,-1.009337248665842,-8.508110219058402,-2.044607168694938,-8.62360656292145,-1.9291108248318896,-9.057303085089593,-1.4954143026637468,-51.33954995255448,49.32087545522279,-10.55271738775334,6.952152314801065,12.612694966605167,9.462621439161083,8.230607443542066,10.884703485318806,14.31688901791387,10.802275422488373,10.838404926506415,1.009337248665842,2.044607168694938,1.9291108248318896,1.4954143026637468,-44.798401067123905,58.70270569672604,-31.766056752114924,53.53546372275254,-49.32087545522279,51.33954995255448,9.875366236652964,True,6.952152314801065,8.230607443542066
2022,house,40,D,2221.0,Pam Howard                            ,alabama_sos,ALPERSON-PAM-HOWARD,AL-2022-house-40-D-PAM-HOWARD,0,0,AL-2022-house-40-D-PAM-HOWARD,7.417457772242317,-9.593217041904376,13.300583977035382,-15.476343246697441,5.112708618679921,-7.28846788834198,6.566739405791164,-8.742498675453223,-61.34377042382935,42.1573363400206,14.925692573997766,-17.101451843659824,20.330181188753247,-22.505940458415306,12.589622268682096,-14.765381538344155,13.41787900038885,-15.59363827005091,-59.75221208109355,25.549308393773906,11.216248805050576,-13.392008074712635,14.869032721266704,-17.044791990928765,8.3911658173194,-10.56692508698146,10.091831621793467,-12.267590891455527,-63.72222077860127,36.938204629176,-2.175759269662059,-9.593217041904376,-15.476343246697441,-7.28846788834198,-8.742498675453223,-17.101451843659824,-22.505940458415306,-14.765381538344155,-15.59363827005091,-13.392008074712635,-17.044791990928765,-10.56692508698146,-12.267590891455527,-61.34377042382935,42.1573363400206,-59.75221208109355,25.549308393773906,-63.72222077860127,36.938204629176,7.508234801755448,True,-9.593217041904376,-8.742498675453223
2022,house,40,R,10772.0,Chad Robertson                        ,alabama_sos,ALPERSON-CHAD-ROBERTSON,AL-2022-house-40-R-CHAD-ROBERTSON,0,1,AL-2022-house-40-R-CHAD-ROBERTSON,7.417457772242317,-9.593217041904376,13.300583977035382,-15.476343246697441,5.112708618679921,-7.28846788834198,6.566739405791164,-8.742498675453223,-61.34377042382935,42.1573363400206,14.925692573997766,-17.101451843659824,20.330181188753247,-22.505940458415306,12.589622268682096,-14.765381538344155,13.41787900038885,-15.59363827005091,-59.75221208109355,25.549308393773906,11.216248805050576,-13.392008074712635,14.869032721266704,-17.044791990928765,8.3911658173194,-10.56692508698146,10.091831621793467,-12.267590891455527,-63.72222077860127,36.938204629176,-2.175759269662059,9.593217041904376,15.476343246697441,7.28846788834198,8.742498675453223,17.101451843659824,22.505940458415306,14.765381538344155,15.59363827005091,13.392008074712635,17.044791990928765,10.56692508698146,12.267590891455527,-42.1573363400206,61.34377042382935,-25.549308393773906,59.75221208109355,-36.938204629176,63.72222077860127,7.508234801755448,True,9.593217041904376,8.742498675453223
2022,house,41,D,3203.0,Chris Nelson                          ,alabama_sos,ALPERSON-CHRIS-NELSON,AL-2022-house-41-D-CHRIS-NELSON,0,0,AL-2022-house-41-D-CHRIS-NELSON,0.8695087001533075,-0.23499391448249796,5.807929629306185,-5.173414843635375,-1.406116482606934,2.0406312682777434,0.32185955443388004,0.3126552312369295,-51.985547296407475,51.51555946744247,8.065007499873301,-7.430492714202492,12.647942229183254,-12.013427443512445,2.0440028593336885,-1.409488073662879,6.6995085536763375,-6.064993768005528,-50.08125295163622,35.220267523231236,6.965940128265436,-6.331425342594627,9.906363436994463,-9.271848651323653,3.1806194891967876,-2.546104703525978,5.596011460898764,-4.961496675227955,-56.66163804648326,43.998787361294006,0.6345147856708095,-0.23499391448249796,-5.173414843635375,2.0406312682777434,0.3126552312369295,-7.430492714202492,-12.013427443512445,-1.409488073662879,-6.064993768005528,-6.331425342594627,-9.271848651323653,-2.546104703525978,-4.961496675227955,-51.985547296407475,51.51555946744247,-50.08125295163622,35.220267523231236,-56.66163804648326,43.998787361294006,7.195498799719994,True,-0.23499391448249796,0.3126552312369295
2022,house,41,R,10897.0,Corley Ellis                          ,alabama_sos,ALPERSON-CORLEY-ELLIS,AL-2022-house-41-R-CORLEY-ELLIS,1,1,AL-2022-house-41-R-CORLEY-ELLIS,0.8695087001533075,-0.23499391448249796,5.807929629306185,-5.173414843635375,-1.406116482606934,2.0406312682777434,0.32185955443388004,0.3126552312369295,-51.985547296407475,51.51555946744247,8.065007499873301,-7.430492714202492,12.647942229183254,-12.013427443512445,2.0440028593336885,-1.409488073662879,6.6995085536763375,-6.064993768005528,-50.08125295163622,35.220267523231236,6.965940128265436,-6.331425342594627,9.906363436994463,-9.271848651323653,3.1806194891967876,-2.546104703525978,5.596011460898764,-4.961496675227955,-56.66163804648326,43.998787361294006,0.6345147856708095,0.23499391448249796,5.173414843635375,-2.0406312682777434,-0.3126552312369295,7.430492714202492,12.013427443512445,1.409488073662879,6.064993768005528,6.331425342594627,9.271848651323653,2.546104703525978,4.961496675227955,-51.51555946744247,51.985547296407475,-35.220267523231236,50.08125295163622,-43.998787361294006,56.66163804648326,7.195498799719994,True,0.23499391448249796,-0.3126552312369295
2022,house,43,D,3760.0,Prince Cleveland                      ,alabama_sos,ALPERSON-PRINCE-CLEVELAND,AL-2022-house-43-D-PRINCE-CLEVELAND,0,0,AL-2022-house-43-D-PRINCE-CLEVELAND,-10.216949203185855,12.794986652417698,0.8628941861191599,1.715143263112683,-4.218707144327641,6.796744593559484,-3.513140166346802,6.091177615578645,-38.955566729507275,64.54554003434268,-10.961688518026255,13.539725967258098,-3.635881878733386,6.213919327965229,-6.1486853131023445,8.726722762334187,-4.695559423464751,7.273596872696594,-29.11103427017563,56.19048620469183,-4.562909810967803,7.1409472601996455,4.67493989807538,-2.0969024488435366,-1.0399919899438128,3.618029439175656,1.0843646847999562,1.4936727644318868,-43.18926544368899,57.47115996408828,2.578037449231843,12.794986652417698,1.715143263112683,6.796744593559484,6.091177615578645,13.539725967258098,6.213919327965229,8.726722762334187,7.273596872696594,7.1409472601996455,-2.0969024488435366,3.618029439175656,1.4936727644318868,-38.955566729507275,64.54554003434268,-29.11103427017563,56.19048620469183,-43.18926544368899,57.47115996408828,6.398778707058453,True,12.794986652417698,6.091177615578645
2022,house,43,R,12751.0,Arnold Mooney                         ,alabama_sos,ALPERSON-ARNOLD-MOONEY,AL-2022-house-43-R-ARNOLD-MOONEY,1,1,AL-2022-house-43-R-ARNOLD-MOONEY,-10.216949203185855,12.794986652417698,0.8628941861191599,1.715143263112683,-4.218707144327641,6.796744593559484,-3.513140166346802,6.091177615578645,-38.955566729507275,64.54554003434268,-10.961688518026255,13.539725967258098,-3.635881878733386,6.213919327965229,-6.1486853131023445,8.726722762334187,-4.695559423464751,7.273596872696594,-29.11103427017563,56.19048620469183,-4.562909810967803,7.1409472601996455,4.67493989807538,-2.0969024488435366,-1.0399919899438128,3.618029439175656,1.0843646847999562,1.4936727644318868,-43.18926544368899,57.47115996408828,2.578037449231843,-12.794986652417698,-1.715143263112683,-6.796744593559484,-6.091177615578645,-13.539725967258098,-6.213919327965229,-8.726722762334187,-7.273596872696594,-7.1409472601996455,2.0969024488435366,-3.618029439175656,-1.4936727644318868,-64.54554003434268,38.955566729507275,-56.19048620469183,29.11103427017563,-57.47115996408828,43.18926544368899,6.398778707058453,True,-12.794986652417698,-6.091177615578645
2022,house,47,D,4816.0,Christian Coleman                     ,alabama_sos,ALPERSON-CHRISTIAN-COLEMAN,AL-2022-house-47-D-CHRISTIAN-COLEMAN,0,0,AL-2022-house-47-D-CHRISTIAN-COLEMAN,-7.685330544609432,-11.021780282792928,-7.248051052858127,-11.459059774544233,-10.1794577218079,-8.52765310559446,-9.461314002231,-9.245796825171361,-62.772333664717905,40.72877309913204,-11.234718870200991,-7.472391957201369,-13.386969530170724,-5.320141297231636,-15.195112340312743,-3.511998487089617,-13.038412700440563,-5.668698126961797,-50.1231521946351,35.17836828023236,-6.044831583699761,-12.6622792437026,-7.64050511372314,-11.06660571367922,-8.781090971688158,-9.926019855714202,-8.210274865951037,-10.496835961451323,-62.99249194759123,37.667933460186035,-18.70711082740236,-11.021780282792928,-11.459059774544233,-8.52765310559446,-9.245796825171361,-7.472391957201369,-5.320141297231636,-3.511998487089617,-5.668698126961797,-12.6622792437026,-11.06660571367922,-9.926019855714202,-10.496835961451323,-62.772333664717905,40.72877309913204,-50.1231521946351,35.17836828023236,-62.99249194759123,37.667933460186035,5.18988728650123,True,-11.021780282792928,-9.245796825171361
2022,house,47,R,8590.0,Mike Shaw                             ,alabama_sos,ALPERSON-MIKE-SHAW,AL-2022-house-47-R-MIKE-SHAW,0,1,AL-2022-house-47-R-MIKE-SHAW,-7.685330544609432,-11.021780282792928,-7.248051052858127,-11.459059774544233,-10.1794577218079,-8.52765310559446,-9.461314002231,-9.245796825171361,-62.772333664717905,40.72877309913204,-11.234718870200991,-7.472391957201369,-13.386969530170724,-5.320141297231636,-15.195112340312743,-3.511998487089617,-13.038412700440563,-5.668698126961797,-50.1231521946351,35.17836828023236,-6.044831583699761,-12.6622792437026,-7.64050511372314,-11.06660571367922,-8.781090971688158,-9.926019855714202,-8.210274865951037,-10.496835961451323,-62.99249194759123,37.667933460186035,-18.70711082740236,11.021780282792928,11.459059774544233,8.52765310559446,9.245796825171361,7.472391957201369,5.320141297231636,3.511998487089617,5.668698126961797,12.6622792437026,11.06660571367922,9.926019855714202,10.496835961451323,-40.72877309913204,62.772333664717905,-35.17836828023236,50.1231521946351,-37.667933460186035,62.99249194759123,5.18988728650123,True,11.021780282792928,9.245796825171361
2022,house,57,D,9221.0,Patrick Sellers                       ,alabama_sos,ALPERSON-PATRICK-SELLERS,AL-2022-house-57-D-PATRICK-SELLERS,0,1,AL-2022-house-57-D-PATRICK-SELLERS,8.830461629142748,3.0853604852544123,11.101921936021746,0.8139001783754143,5.8904250104598175,6.025397103937343,7.729234643535135,4.186587470862025,-48.66519289667056,54.835913867179386,9.008640004740055,2.9071821096571053,11.123099731093866,0.7927223833032944,6.615588176965246,5.300233937431915,8.4259081241053,3.4899139902918606,-39.74357812777662,45.55794234709084,21.63818833582869,-9.72236622143153,21.331392446191614,-9.415570331794454,18.641669382224435,-6.725847267827275,19.685525180220022,-7.769703065822862,-60.05257892532016,40.607846482457106,11.91582211439716,3.0853604852544123,0.8139001783754143,6.025397103937343,4.186587470862025,2.9071821096571053,0.7927223833032944,5.300233937431915,3.4899139902918606,-9.72236622143153,-9.415570331794454,-6.725847267827275,-7.769703065822862,-48.66519289667056,54.835913867179386,-39.74357812777662,45.55794234709084,-60.05257892532016,40.607846482457106,12.807726706685942,True,3.0853604852544123,4.186587470862025
2022,house,57,R,4752.0,Delor Baumann                         ,alabama_sos,ALPERSON-DELOR-BAUMANN,AL-2022-house-57-R-DELOR-BAUMANN,0,0,AL-2022-house-57-R-DELOR-BAUMANN,8.830461629142748,3.0853604852544123,11.101921936021746,0.8139001783754143,5.8904250104598175,6.025397103937343,7.729234643535135,4.186587470862025,-48.66519289667056,54.835913867179386,9.008640004740055,2.9071821096571053,11.123099731093866,0.7927223833032944,6.615588176965246,5.300233937431915,8.4259081241053,3.4899139902918606,-39.74357812777662,45.55794234709084,21.63818833582869,-9.72236622143153,21.331392446191614,-9.415570331794454,18.641669382224435,-6.725847267827275,19.685525180220022,-7.769703065822862,-60.05257892532016,40.607846482457106,11.91582211439716,-3.0853604852544123,-0.8139001783754143,-6.025397103937343,-4.186587470862025,-2.9071821096571053,-0.7927223833032944,-5.300233937431915,-3.4899139902918606,9.72236622143153,9.415570331794454,6.725847267827275,7.769703065822862,-54.835913867179386,48.66519289667056,-45.55794234709084,39.74357812777662,-40.607846482457106,60.05257892532016,12.807726706685942,True,-3.0853604852544123,-4.186587470862025
2022,house,62,D,3094.0,Brenda T. Cephus                      ,alabama_sos,ALPERSON-BRENDA-T-CEPHUS,AL-2022-house-62-D-BRENDA-T-CEPHUS,0,0,AL-2022-house-62-D-BRENDA-T-CEPHUS,1.537867055236248,-14.663496559605619,5.473235856937741,-18.598865361307112,5.89164205992277,-19.01727156429214,0.16741500702962409,-13.293044511398996,-66.41404994153059,37.087056822319354,-1.5623370974826587,-11.563292406886713,1.1692254620068674,-14.294854966376239,4.159942503839737,-17.285572008209108,-2.4624674967036615,-10.66316200766571,-54.21405264432045,31.087467830547016,5.691199545570826,-18.816829049940196,7.479784552824233,-20.605414057193606,7.197845869044817,-20.323475373414187,3.3117996511574823,-16.437429155526853,-69.14704175382883,31.513383653948438,-13.125629504369371,-14.663496559605619,-18.598865361307112,-19.01727156429214,-13.293044511398996,-11.563292406886713,-14.294854966376239,-17.285572008209108,-10.66316200766571,-18.816829049940196,-20.605414057193606,-20.323475373414187,-16.437429155526853,-66.41404994153059,37.087056822319354,-54.21405264432045,31.087467830547016,-69.14704175382883,31.513383653948438,7.253536643053483,True,-14.663496559605619,-13.293044511398996
2022,house,62,R,8803.0,Bill Lamb                             ,alabama_sos,ALPERSON-BILL-LAMB,AL-2022-house-62-R-BILL-LAMB,0,1,AL-2022-house-62-R-BILL-LAMB,1.537867055236248,-14.663496559605619,5.473235856937741,-18.598865361307112,5.89164205992277,-19.01727156429214,0.16741500702962409,-13.293044511398996,-66.41404994153059,37.087056822319354,-1.5623370974826587,-11.563292406886713,1.1692254620068674,-14.294854966376239,4.159942503839737,-17.285572008209108,-2.4624674967036615,-10.66316200766571,-54.21405264432045,31.087467830547016,5.691199545570826,-18.816829049940196,7.479784552824233,-20.605414057193606,7.197845869044817,-20.323475373414187,3.3117996511574823,-16.437429155526853,-69.14704175382883,31.513383653948438,-13.125629504369371,14.663496559605619,18.598865361307112,19.01727156429214,13.293044511398996,11.563292406886713,14.294854966376239,17.285572008209108,10.66316200766571,18.816829049940196,20.605414057193606,20.323475373414187,16.437429155526853,-37.087056822319354,66.41404994153059,-31.087467830547016,54.21405264432045,-31.513383653948438,69.14704175382883,7.253536643053483,True,14.663496559605619,13.293044511398996
2022,house,63,D,2827.0,Samuel Adams                          ,alabama_sos,ALPERSON-SAMUEL-ADAMS,AL-2022-house-63-D-SAMUEL-ADAMS,0,0,AL-2022-house-63-D-SAMUEL-ADAMS,-2.1085769627363478,6.9973777462505256,0.8152951294506003,4.0735056540635775,-3.1911159170149483,8.079916700529125,-2.280351962683322,7.1691527461975,-44.753175635674445,58.7479311281755,-4.7173860127368155,9.606186796250993,-4.384574620996268,9.273375404510446,-6.270258107290777,11.159058890804955,-4.4176253925832665,9.306426176097444,-33.044573441182735,52.256947033684725,0.8191279251003092,4.069672858413869,1.8199029612960622,3.0688978222181156,-1.572577044618022,6.4613778281322,0.8030891165372394,4.085711666976938,-46.26053984547477,54.3998855623025,4.888800783514178,6.9973777462505256,4.0735056540635775,8.079916700529125,7.1691527461975,9.606186796250993,9.273375404510446,11.159058890804955,9.306426176097444,4.069672858413869,3.0688978222181156,6.4613778281322,4.085711666976938,-44.753175635674445,58.7479311281755,-33.044573441182735,52.256947033684725,-46.26053984547477,54.3998855623025,5.536513937837125,True,6.9973777462505256,7.1691527461975
2022,house,63,R,5541.0,Cynthia Lee Almond                    ,alabama_sos,ALPERSON-CYNTHIA-LEE-ALMOND,AL-2022-house-63-R-CYNTHIA-LEE-ALMOND,1,1,AL-2022-house-63-R-CYNTHIA-LEE-ALMOND,-2.1085769627363478,6.9973777462505256,0.8152951294506003,4.0735056540635775,-3.1911159170149483,8.079916700529125,-2.280351962683322,7.1691527461975,-44.753175635674445,58.7479311281755,-4.7173860127368155,9.606186796250993,-4.384574620996268,9.273375404510446,-6.270258107290777,11.159058890804955,-4.4176253925832665,9.306426176097444,-33.044573441182735,52.256947033684725,0.8191279251003092,4.069672858413869,1.8199029612960622,3.0688978222181156,-1.572577044618022,6.4613778281322,0.8030891165372394,4.085711666976938,-46.26053984547477,54.3998855623025,4.888800783514178,-6.9973777462505256,-4.0735056540635775,-8.079916700529125,-7.1691527461975,-9.606186796250993,-9.273375404510446,-11.159058890804955,-9.306426176097444,-4.069672858413869,-3.0688978222181156,-6.4613778281322,-4.085711666976938,-58.7479311281755,44.753175635674445,-52.256947033684725,33.044573441182735,-54.3998855623025,46.26053984547477,5.536513937837125,True,-6.9973777462505256,-7.1691527461975
2022,house,65,D,4759.0,Marcus Caster                         ,alabama_sos,ALPERSON-MARCUS-CASTER,AL-2022-house-65-D-MARCUS-CASTER,0,0,AL-2022-house-65-D-MARCUS-CASTER,5.502197153862121,-8.754745066112726,10.248120399401893,-13.500668311652499,1.6901336277468362,-4.942681539997442,5.239023175683353,-8.49157108793396,-60.5052984480377,42.99580831581225,12.498777232076062,-15.751325144326668,17.167724770475647,-20.420272682726253,8.279098309782006,-11.531646222032611,11.157436468617052,-14.409984380867657,-58.4020853817604,26.899435093107062,-7.24790701229521,3.9953591000446043,-7.005510810870771,3.752962898620165,-10.178102379045752,6.9255544667951465,-7.393663013347103,4.1411151010964975,-46.33485360384403,54.32557180393324,-3.2525479122506056,-8.754745066112726,-13.500668311652499,-4.942681539997442,-8.49157108793396,-15.751325144326668,-20.420272682726253,-11.531646222032611,-14.409984380867657,3.9953591000446043,3.752962898620165,6.9255544667951465,4.1411151010964975,-60.5052984480377,42.99580831581225,-58.4020853817604,26.899435093107062,-46.33485360384403,54.32557180393324,19.746684244371274,True,-8.754745066112726,-8.49157108793396
2022,house,65,R,12693.0,Brett Easterbrook                     ,alabama_sos,ALPERSON-BRETT-EASTERBROOK,AL-2022-house-65-R-BRETT-EASTERBROOK,1,1,AL-2022-house-65-R-BRETT-EASTERBROOK,5.502197153862121,-8.754745066112726,10.248120399401893,-13.500668311652499,1.6901336277468362,-4.942681539997442,5.239023175683353,-8.49157108793396,-60.5052984480377,42.99580831581225,12.498777232076062,-15.751325144326668,17.167724770475647,-20.420272682726253,8.279098309782006,-11.531646222032611,11.157436468617052,-14.409984380867657,-58.4020853817604,26.899435093107062,-7.24790701229521,3.9953591000446043,-7.005510810870771,3.752962898620165,-10.178102379045752,6.9255544667951465,-7.393663013347103,4.1411151010964975,-46.33485360384403,54.32557180393324,-3.2525479122506056,8.754745066112726,13.500668311652499,4.942681539997442,8.49157108793396,15.751325144326668,20.420272682726253,11.531646222032611,14.409984380867657,-3.9953591000446043,-3.752962898620165,-6.9255544667951465,-4.1411151010964975,-42.99580831581225,60.5052984480377,-26.899435093107062,58.4020853817604,-54.32557180393324,46.33485360384403,19.746684244371274,True,8.754745066112726,8.49157108793396
2022,house,68,D,9537.0,"Thomas E. ""Action"" Jackson            ",alabama_sos,ALPERSON-THOMAS-E-ACTION-JACKSON,AL-2022-house-68-D-THOMAS-E-ACTION-JACKSON,1,1,AL-2022-house-68-D-THOMAS-E-ACTION-JACKSON,28.830498754129213,-15.251894326172236,30.899102232615782,-17.320497804658807,28.23031736852007,-14.651712940563092,26.32181420293641,-12.743209774979432,-67.00244770809721,36.49865905575274,33.89412712202568,-20.315522694068704,35.93378663612426,-22.355182208167285,34.33105917716739,-20.752454749210415,30.260419181303195,-16.681814753346217,-62.966282931502434,22.335237543365025,27.249978523644632,-13.671374095687655,25.05319776521025,-11.474593337253273,23.947998083852433,-10.369393655895456,24.226998630879155,-10.648394202922178,-64.00158679957629,36.65883860820098,13.578604427956977,-15.251894326172236,-17.320497804658807,-14.651712940563092,-12.743209774979432,-20.315522694068704,-22.355182208167285,-20.752454749210415,-16.681814753346217,-13.671374095687655,-11.474593337253273,-10.369393655895456,-10.648394202922178,-67.00244770809721,36.49865905575274,-62.966282931502434,22.335237543365025,-64.00158679957629,36.65883860820098,6.644148598381049,True,-15.251894326172236,-12.743209774979432
2022,house,68,R,8981.0,Fred Kelley                           ,alabama_sos,ALPERSON-FRED-KELLEY,AL-2022-house-68-R-FRED-KELLEY,0,0,AL-2022-house-68-R-FRED-KELLEY,28.830498754129213,-15.251894326172236,30.899102232615782,-17.320497804658807,28.23031736852007,-14.651712940563092,26.32181420293641,-12.743209774979432,-67.00244770809721,36.49865905575274,33.89412712202568,-20.315522694068704,35.93378663612426,-22.355182208167285,34.33105917716739,-20.752454749210415,30.260419181303195,-16.681814753346217,-62.966282931502434,22.335237543365025,27.249978523644632,-13.671374095687655,25.05319776521025,-11.474593337253273,23.947998083852433,-10.369393655895456,24.226998630879155,-10.648394202922178,-64.00158679957629,36.65883860820098,13.578604427956977,15.251894326172236,17.320497804658807,14.651712940563092,12.743209774979432,20.315522694068704,22.355182208167285,20.752454749210415,16.681814753346217,13.671374095687655,11.474593337253273,10.369393655895456,10.648394202922178,-36.49865905575274,67.00244770809721,-22.335237543365025,62.966282931502434,-36.65883860820098,64.00158679957629,6.644148598381049,True,15.251894326172236,12.743209774979432
2022,house,69,D,8769.0,Kelvin J. Lawrence                    ,alabama_sos,ALPERSON-KELVIN-J-LAWRENCE,AL-2022-house-69-D-KELVIN-J-LAWRENCE,0,1,AL-2022-house-69-D-KELVIN-J-LAWRENCE,3.6900672590176846,10.056561578966896,9.229646890392807,4.516981947591773,4.918013567227272,8.82861527075731,5.508188070233309,8.238440767751271,-41.69399180295808,61.807114960891866,5.979986036943874,7.766642801040707,10.230016334030402,3.5166125039541782,7.066314273414665,6.680314564569915,7.539311355232362,6.207317482752218,-34.884117436393026,50.41740303847443,4.882450182101934,8.864178655882647,8.464551511556323,5.282077326428258,6.228960107217414,7.517668730767166,6.450072913683925,7.296555924300655,-41.46603404800599,59.19439135977128,13.74662883798458,10.056561578966896,4.516981947591773,8.82861527075731,8.238440767751271,7.766642801040707,3.5166125039541782,6.680314564569915,6.207317482752218,8.864178655882647,5.282077326428258,7.517668730767166,7.296555924300655,-41.69399180295808,61.807114960891866,-34.884117436393026,50.41740303847443,-41.46603404800599,59.19439135977128,2.2899187779261894,True,10.056561578966896,8.238440767751271
2022,house,69,R,7103.0,Karla Knight Maddox                   ,alabama_sos,ALPERSON-KARLA-KNIGHT-MADDOX,AL-2022-house-69-R-KARLA-KNIGHT-MADDOX,0,0,AL-2022-house-69-R-KARLA-KNIGHT-MADDOX,3.6900672590176846,10.056561578966896,9.229646890392807,4.516981947591773,4.918013567227272,8.82861527075731,5.508188070233309,8.238440767751271,-41.69399180295808,61.807114960891866,5.979986036943874,7.766642801040707,10.230016334030402,3.5166125039541782,7.066314273414665,6.680314564569915,7.539311355232362,6.207317482752218,-34.884117436393026,50.41740303847443,4.882450182101934,8.864178655882647,8.464551511556323,5.282077326428258,6.228960107217414,7.517668730767166,6.450072913683925,7.296555924300655,-41.46603404800599,59.19439135977128,13.74662883798458,-10.056561578966896,-4.516981947591773,-8.82861527075731,-8.238440767751271,-7.766642801040707,-3.5166125039541782,-6.680314564569915,-6.207317482752218,-8.864178655882647,-5.282077326428258,-7.517668730767166,-7.296555924300655,-61.807114960891866,41.69399180295808,-50.41740303847443,34.884117436393026,-59.19439135977128,41.46603404800599,2.2899187779261894,True,-10.056561578966896,-8.238440767751271
2022,house,74,D,7538.0,Phillip Ensler                        ,alabama_sos,ALPERSON-PHILLIP-ENSLER,AL-2022-house-74-D-PHILLIP-ENSLER,0,1,AL-2022-house-74-D-PHILLIP-ENSLER,6.411426380445014,6.793806747203186,9.62903710700823,3.576196020639969,3.3236365855212098,9.881596542126989,6.815831925867314,6.389401201780886,-44.95674663472179,58.54436012912816,5.804556265566669,7.40067686208153,8.025409387776065,5.179823739872134,3.3938781776390803,9.811354950009118,6.6888896445029875,6.516343483145212,-35.2500833753522,50.05143709951526,8.564069176759842,4.641163950888357,9.348486472628466,3.856746655019734,6.923872490603361,6.2813606370448385,8.953645333957429,4.251587793690771,-45.68904875300028,54.97137665477699,13.2052331276482,6.793806747203186,3.576196020639969,9.881596542126989,6.389401201780886,7.40067686208153,5.179823739872134,9.811354950009118,6.516343483145212,4.641163950888357,3.856746655019734,6.2813606370448385,4.251587793690771,-44.95674663472179,58.54436012912816,-35.2500833753522,50.05143709951526,-45.68904875300028,54.97137665477699,2.7595129111931733,True,6.793806747203186,6.389401201780886
2022,house,74,R,4986.0,Charlotte Meadows                     ,alabama_sos,ALPERSON-CHARLOTTE-MEADOWS,AL-2022-house-74-R-CHARLOTTE-MEADOWS,0,0,AL-2022-house-74-R-CHARLOTTE-MEADOWS,6.411426380445014,6.793806747203186,9.62903710700823,3.576196020639969,3.3236365855212098,9.881596542126989,6.815831925867314,6.389401201780886,-44.95674663472179,58.54436012912816,5.804556265566669,7.40067686208153,8.025409387776065,5.179823739872134,3.3938781776390803,9.811354950009118,6.6888896445029875,6.516343483145212,-35.2500833753522,50.05143709951526,8.564069176759842,4.641163950888357,9.348486472628466,3.856746655019734,6.923872490603361,6.2813606370448385,8.953645333957429,4.251587793690771,-45.68904875300028,54.97137665477699,13.2052331276482,-6.793806747203186,-3.576196020639969,-9.881596542126989,-6.389401201780886,-7.40067686208153,-5.179823739872134,-9.811354950009118,-6.516343483145212,-4.641163950888357,-3.856746655019734,-6.2813606370448385,-4.251587793690771,-58.54436012912816,44.95674663472179,-50.05143709951526,35.2500833753522,-54.97137665477699,45.68904875300028,2.7595129111931733,True,-6.793806747203186,-6.389401201780886
2022,house,82,D,6257.0,Pebblin Walker Warren                 ,alabama_sos,ALPERSON-PEBBLIN-WALKER-WARREN,AL-2022-house-82-D-PEBBLIN-WALKER-WARREN,1,1,AL-2022-house-82-D-PEBBLIN-WALKER-WARREN,3.212491376623185,14.505537876873127,10.37567840557059,7.342350847925722,12.094276608090343,5.623752645405968,9.664324626505287,8.053704626991024,-37.245015505051846,66.25609125879811,3.150612205229602,14.567417048266709,9.670439214591994,8.047590038904318,12.541777284765777,5.176251968730535,10.396314975491537,7.321714278004775,-28.08334318916702,57.218177285700435,-2.7592346360492517,20.47726388954556,1.4968282835412765,16.221200969955035,4.738776549404613,12.9792527040917,5.769531594188148,11.948497659308163,-29.852948814343073,70.80747659343419,17.71802925349631,14.505537876873127,7.342350847925722,5.623752645405968,8.053704626991024,14.567417048266709,8.047590038904318,5.176251968730535,7.321714278004775,20.47726388954556,16.221200969955035,12.9792527040917,11.948497659308163,-37.245015505051846,66.25609125879811,-28.08334318916702,57.218177285700435,-29.852948814343073,70.80747659343419,5.971726012672434,True,14.505537876873127,8.053704626991024
2022,house,82,R,2526.0,"Lennora ""Tia"" Pierrot                 ",alabama_sos,ALPERSON-LENNORA-TIA-PIERROT,AL-2022-house-82-R-LENNORA-TIA-PIERROT,0,0,AL-2022-house-82-R-LENNORA-TIA-PIERROT,3.212491376623185,14.505537876873127,10.37567840557059,7.342350847925722,12.094276608090343,5.623752645405968,9.664324626505287,8.053704626991024,-37.245015505051846,66.25609125879811,3.150612205229602,14.567417048266709,9.670439214591994,8.047590038904318,12.541777284765777,5.176251968730535,10.396314975491537,7.321714278004775,-28.08334318916702,57.218177285700435,-2.7592346360492517,20.47726388954556,1.4968282835412765,16.221200969955035,4.738776549404613,12.9792527040917,5.769531594188148,11.948497659308163,-29.852948814343073,70.80747659343419,17.71802925349631,-14.505537876873127,-7.342350847925722,-5.623752645405968,-8.053704626991024,-14.567417048266709,-8.047590038904318,-5.176251968730535,-7.321714278004775,-20.47726388954556,-16.221200969955035,-12.9792527040917,-11.948497659308163,-66.25609125879811,37.245015505051846,-57.218177285700435,28.08334318916702,-70.80747659343419,29.852948814343073,5.971726012672434,True,-14.505537876873127,-8.053704626991024
2022,house,85,D,5668.0,Dexter Grimsley                       ,alabama_sos,ALPERSON-DEXTER-GRIMSLEY,AL-2022-house-85-D-DEXTER-GRIMSLEY,1,0,AL-2022-house-85-D-DEXTER-GRIMSLEY,32.51071939555,-4.54201572701654,37.82979148332727,-9.861087814793812,31.704970881461662,-3.7362672129282046,32.02877805442361,-4.060074385890154,-56.292569108941514,47.20853765490843,29.831638685123778,-1.8629350165903205,33.865695947806316,-5.896992279272858,29.186693738220086,-1.2179900696866284,30.023584588945546,-2.0548809204120886,-44.51369525402405,40.78782522084341,30.03348441514001,-2.0647807466065515,32.95168517828161,-4.98298150974815,28.57647638643624,-0.6077727179027832,30.37022149622443,-2.4015178276909737,-52.394993450495186,48.26543195728208,27.968703668533458,-4.54201572701654,-9.861087814793812,-3.7362672129282046,-4.060074385890154,-1.8629350165903205,-5.896992279272858,-1.2179900696866284,-2.0548809204120886,-2.0647807466065515,-4.98298150974815,-0.6077727179027832,-2.4015178276909737,-56.292569108941514,47.20853765490843,-44.51369525402405,40.78782522084341,-52.394993450495186,48.26543195728208,2.67908071042622,True,-4.54201572701654,-4.060074385890154
2022,house,85,R,6665.0,Rick Rehm                             ,alabama_sos,ALPERSON-RICK-REHM,AL-2022-house-85-R-RICK-REHM,0,1,AL-2022-house-85-R-RICK-REHM,32.51071939555,-4.54201572701654,37.82979148332727,-9.861087814793812,31.704970881461662,-3.7362672129282046,32.02877805442361,-4.060074385890154,-56.292569108941514,47.20853765490843,29.831638685123778,-1.8629350165903205,33.865695947806316,-5.896992279272858,29.186693738220086,-1.2179900696866284,30.023584588945546,-2.0548809204120886,-44.51369525402405,40.78782522084341,30.03348441514001,-2.0647807466065515,32.95168517828161,-4.98298150974815,28.57647638643624,-0.6077727179027832,30.37022149622443,-2.4015178276909737,-52.394993450495186,48.26543195728208,27.968703668533458,4.54201572701654,9.861087814793812,3.7362672129282046,4.060074385890154,1.8629350165903205,5.896992279272858,1.2179900696866284,2.0548809204120886,2.0647807466065515,4.98298150974815,0.6077727179027832,2.4015178276909737,-47.20853765490843,56.292569108941514,-40.78782522084341,44.51369525402405,-48.26543195728208,52.394993450495186,2.67908071042622,True,4.54201572701654,4.060074385890154
2022,house,92,D,1795.0,Steve Hubbard                         ,alabama_sos,ALPERSON-STEVE-HUBBARD,AL-2022-house-92-D-STEVE-HUBBARD,0,0,AL-2022-house-92-D-STEVE-HUBBARD,17.523517152966317,-14.708500636196671,23.319556260157952,-20.504539743388307,18.602335366507603,-15.787318849737957,15.504535682803795,-12.689519166034149,-66.45905401812165,37.0420527457283,18.566939095222402,-15.751922578452756,21.916858687411462,-19.101842170641817,19.267205990459725,-16.45218947369008,16.256984449973324,-13.441967933203678,-58.402682815886486,26.898837658980973,21.19177165854667,-18.376755141777025,24.476261770183257,-21.66124525341361,21.50989312045057,-18.694876603680925,18.89527709711045,-16.080260580340806,-68.70696784566566,31.95345756211161,2.8150165167696457,-14.708500636196671,-20.504539743388307,-15.787318849737957,-12.689519166034149,-15.751922578452756,-19.101842170641817,-16.45218947369008,-13.441967933203678,-18.376755141777025,-21.66124525341361,-18.694876603680925,-16.080260580340806,-66.45905401812165,37.0420527457283,-58.402682815886486,26.898837658980973,-68.70696784566566,31.95345756211161,3.6682545055803537,True,-14.708500636196671,-12.689519166034149
2022,house,92,R,11812.0,Matthew Hammett                       ,alabama_sos,ALPERSON-MATTHEW-HAMMETT,AL-2022-house-92-R-MATTHEW-HAMMETT,0,1,AL-2022-house-92-R-MATTHEW-HAMMETT,17.523517152966317,-14.708500636196671,23.319556260157952,-20.504539743388307,18.602335366507603,-15.787318849737957,15.504535682803795,-12.689519166034149,-66.45905401812165,37.0420527457283,18.566939095222402,-15.751922578452756,21.916858687411462,-19.101842170641817,19.267205990459725,-16.45218947369008,16.256984449973324,-13.441967933203678,-58.402682815886486,26.898837658980973,21.19177165854667,-18.376755141777025,24.476261770183257,-21.66124525341361,21.50989312045057,-18.694876603680925,18.89527709711045,-16.080260580340806,-68.70696784566566,31.95345756211161,2.8150165167696457,14.708500636196671,20.504539743388307,15.787318849737957,12.689519166034149,15.751922578452756,19.101842170641817,16.45218947369008,13.441967933203678,18.376755141777025,21.66124525341361,18.694876603680925,16.080260580340806,-37.0420527457283,66.45905401812165,-26.898837658980973,58.402682815886486,-31.95345756211161,68.70696784566566,3.6682545055803537,True,14.708500636196671,12.689519166034149
2022,house,95,D,2465.0,Richard Brackner                      ,alabama_sos,ALPERSON-RICHARD-BRACKNER,AL-2022-house-95-D-RICHARD-BRACKNER,0,0,AL-2022-house-95-D-RICHARD-BRACKNER,8.331598983300987,-7.5148734767004814,14.464847814485777,-13.648122307885272,11.713776779712468,-10.897051273111963,7.471883754549715,-6.65515824794921,-59.26542685862545,44.235679905224494,5.477797372215809,-4.661071865615304,8.28758053598892,-7.470855029388414,7.925930535463235,-7.109205028862729,4.237008884488883,-3.420283377888378,-47.311832103049035,37.989688371818424,0.583182473117696,0.23354303348280947,4.1728181763713685,-3.356092669770863,4.614962593057229,-3.798237086456724,0.2749069894753875,0.541818517125118,-50.096669670405824,50.563755737371444,0.8167255066005055,-7.5148734767004814,-13.648122307885272,-10.897051273111963,-6.65515824794921,-4.661071865615304,-7.470855029388414,-7.109205028862729,-3.420283377888378,0.23354303348280947,-3.356092669770863,-3.798237086456724,0.541818517125118,-59.26542685862545,44.235679905224494,-47.311832103049035,37.989688371818424,-50.096669670405824,50.563755737371444,7.748416510183291,True,-7.5148734767004814,-6.65515824794921
2022,house,95,R,14242.0,Frances Holk-Jones                    ,alabama_sos,ALPERSON-FRANCES-HOLK-JONES,AL-2022-house-95-R-FRANCES-HOLK-JONES,0,1,AL-2022-house-95-R-FRANCES-HOLK-JONES,8.331598983300987,-7.5148734767004814,14.464847814485777,-13.648122307885272,11.713776779712468,-10.897051273111963,7.471883754549715,-6.65515824794921,-59.26542685862545,44.235679905224494,5.477797372215809,-4.661071865615304,8.28758053598892,-7.470855029388414,7.925930535463235,-7.109205028862729,4.237008884488883,-3.420283377888378,-47.311832103049035,37.989688371818424,0.583182473117696,0.23354303348280947,4.1728181763713685,-3.356092669770863,4.614962593057229,-3.798237086456724,0.2749069894753875,0.541818517125118,-50.096669670405824,50.563755737371444,0.8167255066005055,7.5148734767004814,13.648122307885272,10.897051273111963,6.65515824794921,4.661071865615304,7.470855029388414,7.109205028862729,3.420283377888378,-0.23354303348280947,3.356092669770863,3.798237086456724,-0.541818517125118,-44.235679905224494,59.26542685862545,-37.989688371818424,47.311832103049035,-50.563755737371444,50.096669670405824,7.748416510183291,True,7.5148734767004814,6.65515824794921
2022,senate,2,D,20749.0,Kim Caudle Lewis                      ,alabama_sos,ALPERSON-KIM-CAUDLE-LEWIS,AL-2022-senate-2-D-KIM-CAUDLE-LEWIS,0,0,AL-2022-senate-2-D-KIM-CAUDLE-LEWIS,-13.665393668437751,17.42340518943412,-8.422475491763429,12.1804870127598,-12.280205833963734,16.038217354960103,-10.246391448389105,14.004402969385476,-34.32714819249085,69.1739585713591,-8.426568218428962,12.184579739425333,-3.623951785270009,7.38196330626638,-9.742965826694164,13.500977347690535,-5.591495522921878,9.34950704391825,-30.4661804980084,54.83533997685906,-7.546136236679892,11.304147757676263,-4.666451593859245,8.424463114855616,-7.023660533342623,10.781672054338994,-5.087502598526985,8.845514119523356,-39.02606494621237,61.634360461564896,3.758011520996371,17.42340518943412,12.1804870127598,16.038217354960103,14.004402969385476,12.184579739425333,7.38196330626638,13.500977347690535,9.34950704391825,11.304147757676263,8.424463114855616,10.781672054338994,8.845514119523356,-34.32714819249085,69.1739585713591,-30.4661804980084,54.83533997685906,-39.02606494621237,61.634360461564896,6.119257431757857,True,17.42340518943412,14.004402969385476
2022,senate,2,R,25951.0,Tom Butler                            ,alabama_sos,ALPERSON-TOM-BUTLER,AL-2022-senate-2-R-TOM-BUTLER,1,1,AL-2022-senate-2-R-TOM-BUTLER,-13.665393668437751,17.42340518943412,-8.422475491763429,12.1804870127598,-12.280205833963734,16.038217354960103,-10.246391448389105,14.004402969385476,-34.32714819249085,69.1739585713591,-8.426568218428962,12.184579739425333,-3.623951785270009,7.38196330626638,-9.742965826694164,13.500977347690535,-5.591495522921878,9.34950704391825,-30.4661804980084,54.83533997685906,-7.546136236679892,11.304147757676263,-4.666451593859245,8.424463114855616,-7.023660533342623,10.781672054338994,-5.087502598526985,8.845514119523356,-39.02606494621237,61.634360461564896,3.758011520996371,-17.42340518943412,-12.1804870127598,-16.038217354960103,-14.004402969385476,-12.184579739425333,-7.38196330626638,-13.500977347690535,-9.34950704391825,-11.304147757676263,-8.424463114855616,-10.781672054338994,-8.845514119523356,-69.1739585713591,34.32714819249085,-54.83533997685906,30.4661804980084,-61.634360461564896,39.02606494621237,6.119257431757857,True,-17.42340518943412,-14.004402969385476
2022,senate,7,D,17295.0,Korey Wilson                          ,alabama_sos,ALPERSON-KOREY-WILSON,AL-2022-senate-7-D-KOREY-WILSON,0,0,AL-2022-senate-7-D-KOREY-WILSON,-9.75975087446793,13.738010112938593,-6.6411861661973255,10.619445404667989,-11.251816747203403,15.230075985674066,-9.029627351649083,13.007886590119746,-38.01254326898638,65.48856349486357,-13.90783146637404,17.886090704844705,-13.232852621617127,17.21111186008779,-15.959171893326245,19.937431131796906,-13.397747066784412,17.376006305255075,-24.764669532589025,60.536850942278434,-3.4028409864697213,7.3811002249403845,-2.8390761525410326,6.817335391011696,-4.735625401625558,8.713884640096222,-3.5232384126785252,7.501497651149188,-42.94911247894825,57.71131292882902,3.978259238470663,13.738010112938593,10.619445404667989,15.230075985674066,13.007886590119746,17.886090704844705,17.21111186008779,19.937431131796906,17.376006305255075,7.3811002249403845,6.817335391011696,8.713884640096222,7.501497651149188,-38.01254326898638,65.48856349486357,-24.764669532589025,60.536850942278434,-42.94911247894825,57.71131292882902,10.50499047990432,True,13.738010112938593,13.007886590119746
2022,senate,7,R,29095.0,Sam Givhan                            ,alabama_sos,ALPERSON-SAM-GIVHAN,AL-2022-senate-7-R-SAM-GIVHAN,1,1,AL-2022-senate-7-R-SAM-GIVHAN,-9.75975087446793,13.738010112938593,-6.6411861661973255,10.619445404667989,-11.251816747203403,15.230075985674066,-9.029627351649083,13.007886590119746,-38.01254326898638,65.48856349486357,-13.90783146637404,17.886090704844705,-13.232852621617127,17.21111186008779,-15.959171893326245,19.937431131796906,-13.397747066784412,17.376006305255075,-24.764669532589025,60.536850942278434,-3.4028409864697213,7.3811002249403845,-2.8390761525410326,6.817335391011696,-4.735625401625558,8.713884640096222,-3.5232384126785252,7.501497651149188,-42.94911247894825,57.71131292882902,3.978259238470663,-13.738010112938593,-10.619445404667989,-15.230075985674066,-13.007886590119746,-17.886090704844705,-17.21111186008779,-19.937431131796906,-17.376006305255075,-7.3811002249403845,-6.817335391011696,-8.713884640096222,-7.501497651149188,-65.48856349486357,38.01254326898638,-60.536850942278434,24.764669532589025,-57.71131292882902,42.94911247894825,10.50499047990432,True,-13.738010112938593,-13.007886590119746
2022,senate,12,D,10271.0,Danny McCullars                       ,alabama_sos,ALPERSON-DANNY-MCCULLARS,AL-2022-senate-12-D-DANNY-MCCULLARS,0,0,AL-2022-senate-12-D-DANNY-MCCULLARS,3.5145437351918245,-3.733673730105461,9.773706958756243,-9.99283695366988,5.038149300754729,-5.257279295668366,4.633961276620645,-4.853091271534281,-55.48422711203043,48.016879651819515,-0.48795931270642523,0.26882931779278874,2.818524072153612,-3.0376540670672485,-0.6306722627925065,0.41154226787887005,-0.35173453380648656,0.13260453889285007,-42.38193091964094,42.919589555226516,-8.00550129210779,7.786371297194153,-7.478156401642176,7.259026406728539,-6.304949536409188,6.085819541495551,-8.160309128888587,7.94117913397495,-42.54384140669448,58.116584001082785,-0.2191299949136365,-3.733673730105461,-9.99283695366988,-5.257279295668366,-4.853091271534281,0.26882931779278874,-3.0376540670672485,0.41154226787887005,0.13260453889285007,7.786371297194153,7.259026406728539,6.085819541495551,7.94117913397495,-55.48422711203043,48.016879651819515,-42.38193091964094,42.919589555226516,-42.54384140669448,58.116584001082785,11.520045027299613,False,-3.733673730105461,-4.853091271534281
2022,senate,12,R,28786.0,Keith Kelley                          ,alabama_sos,ALPERSON-KEITH-KELLEY,AL-2022-senate-12-R-KEITH-KELLEY,0,1,AL-2022-senate-12-R-KEITH-KELLEY,3.5145437351918245,-3.733673730105461,9.773706958756243,-9.99283695366988,5.038149300754729,-5.257279295668366,4.633961276620645,-4.853091271534281,-55.48422711203043,48.016879651819515,-0.48795931270642523,0.26882931779278874,2.818524072153612,-3.0376540670672485,-0.6306722627925065,0.41154226787887005,-0.35173453380648656,0.13260453889285007,-42.38193091964094,42.919589555226516,-8.00550129210779,7.786371297194153,-7.478156401642176,7.259026406728539,-6.304949536409188,6.085819541495551,-8.160309128888587,7.94117913397495,-42.54384140669448,58.116584001082785,-0.2191299949136365,3.733673730105461,9.99283695366988,5.257279295668366,4.853091271534281,-0.26882931779278874,3.0376540670672485,-0.41154226787887005,-0.13260453889285007,-7.786371297194153,-7.259026406728539,-6.085819541495551,-7.94117913397495,-48.016879651819515,55.48422711203043,-42.919589555226516,42.38193091964094,-58.116584001082785,42.54384140669448,11.520045027299613,False,3.733673730105461,4.853091271534281
2022,senate,21,D,11198.0,Lisa Ward                             ,alabama_sos,ALPERSON-LISA-WARD,AL-2022-senate-21-D-LISA-WARD,0,0,AL-2022-senate-21-D-LISA-WARD,-9.622104844080432,10.081828090311305,-4.537018061190995,4.996741307421868,-7.605377986129856,8.065101232360728,-7.499845531361667,7.95956877759254,-41.66872529161367,61.83238147223628,-11.993708116788191,12.453431363019064,-8.42663471502761,8.886357961258483,-10.118512853911202,10.578236100142075,-9.59179408519896,10.051517331429832,-30.197328874414666,55.10419160045279,-9.811489526912796,10.271212773143668,-8.4247381950514,8.884461441282273,-8.165803920205432,8.625527166436305,-7.922020845698199,8.381744091929072,-40.05899993074497,60.6014254770323,0.4597232462308724,10.081828090311305,4.996741307421868,8.065101232360728,7.95956877759254,12.453431363019064,8.886357961258483,10.578236100142075,10.051517331429832,10.271212773143668,8.884461441282273,8.625527166436305,8.381744091929072,-41.66872529161367,61.83238147223628,-30.197328874414666,55.10419160045279,-40.05899993074497,60.6014254770323,2.371603272707759,True,10.081828090311305,7.95956877759254
2022,senate,21,R,21962.0,Gerald Allen                          ,alabama_sos,ALPERSON-GERALD-ALLEN,AL-2022-senate-21-R-GERALD-ALLEN,1,1,AL-2022-senate-21-R-GERALD-ALLEN,-9.622104844080432,10.081828090311305,-4.537018061190995,4.996741307421868,-7.605377986129856,8.065101232360728,-7.499845531361667,7.95956877759254,-41.66872529161367,61.83238147223628,-11.993708116788191,12.453431363019064,-8.42663471502761,8.886357961258483,-10.118512853911202,10.578236100142075,-9.59179408519896,10.051517331429832,-30.197328874414666,55.10419160045279,-9.811489526912796,10.271212773143668,-8.4247381950514,8.884461441282273,-8.165803920205432,8.625527166436305,-7.922020845698199,8.381744091929072,-40.05899993074497,60.6014254770323,0.4597232462308724,-10.081828090311305,-4.996741307421868,-8.065101232360728,-7.95956877759254,-12.453431363019064,-8.886357961258483,-10.578236100142075,-10.051517331429832,-10.271212773143668,-8.884461441282273,-8.625527166436305,-8.381744091929072,-61.83238147223628,41.66872529161367,-55.10419160045279,30.197328874414666,-60.6014254770323,40.05899993074497,2.371603272707759,True,-10.081828090311305,-7.95956877759254
2022,senate,23,D,25953.0,Robert L. Stewart                     ,alabama_sos,ALPERSON-ROBERT-L-STEWART,AL-2022-senate-23-D-ROBERT-L-STEWART,0,1,AL-2022-senate-23-D-ROBERT-L-STEWART,1.4352906010433113,5.37210724868866,5.944539035825551,0.8628588139064197,2.744498792141682,4.062899057590289,3.5071509811079986,3.3002468686239723,-46.37844613323632,57.12266063061363,6.876694455739792,-0.06929660600782128,10.981070925850677,-4.173673076118706,10.89628012693698,-4.088882277205008,9.074515033246989,-2.267117183515018,-42.720056843441554,42.581463631425905,3.9219089677975427,2.885488881934428,4.723741117217921,2.08365673251405,5.200693163184977,1.606704686546994,5.418831583720571,1.3885662660113995,-47.444723821954206,53.21570158582306,6.807397849731971,5.37210724868866,0.8628588139064197,4.062899057590289,3.3002468686239723,-0.06929660600782128,-4.173673076118706,-4.088882277205008,-2.267117183515018,2.885488881934428,2.08365673251405,1.606704686546994,1.3885662660113995,-46.37844613323632,57.12266063061363,-42.720056843441554,42.581463631425905,-47.444723821954206,53.21570158582306,5.441403854696481,False,5.37210724868866,3.3002468686239723
2022,senate,23,R,21682.0,Michael Nimmer                        ,alabama_sos,ALPERSON-MICHAEL-NIMMER,AL-2022-senate-23-R-MICHAEL-NIMMER,0,0,AL-2022-senate-23-R-MICHAEL-NIMMER,1.4352906010433113,5.37210724868866,5.944539035825551,0.8628588139064197,2.744498792141682,4.062899057590289,3.5071509811079986,3.3002468686239723,-46.37844613323632,57.12266063061363,6.876694455739792,-0.06929660600782128,10.981070925850677,-4.173673076118706,10.89628012693698,-4.088882277205008,9.074515033246989,-2.267117183515018,-42.720056843441554,42.581463631425905,3.9219089677975427,2.885488881934428,4.723741117217921,2.08365673251405,5.200693163184977,1.606704686546994,5.418831583720571,1.3885662660113995,-47.444723821954206,53.21570158582306,6.807397849731971,-5.37210724868866,-0.8628588139064197,-4.062899057590289,-3.3002468686239723,0.06929660600782128,4.173673076118706,4.088882277205008,2.267117183515018,-2.885488881934428,-2.08365673251405,-1.606704686546994,-1.3885662660113995,-57.12266063061363,46.37844613323632,-42.581463631425905,42.720056843441554,-53.21570158582306,47.444723821954206,5.441403854696481,False,-5.37210724868866,-3.3002468686239723
2022,senate,27,D,10996.0,Sherri Reese                          ,alabama_sos,ALPERSON-SHERRI-REESE,AL-2022-senate-27-D-SHERRI-REESE,0,0,AL-2022-senate-27-D-SHERRI-REESE,2.260315494548866,-1.902486220154092,4.887421853301634,-4.529592578906859,1.6409887527338682,-1.283159478339094,1.0581807296037757,-0.7003514552090015,-53.65303960207906,49.848067161770885,6.61153412479676,-6.253704850401986,5.292338906892497,-4.934509632497723,5.8723622865235905,-5.514533012128816,3.8218142422149564,-3.463984967820182,-48.90446508783572,36.39705538703174,5.535332422040197,-5.177503147645423,6.124781624720834,-5.76695235032606,5.036276915658347,-4.678447641263573,4.534923731042831,-4.177094456648057,-55.50771585153406,45.15270955624321,0.3578292743947742,-1.902486220154092,-4.529592578906859,-1.283159478339094,-0.7003514552090015,-6.253704850401986,-4.934509632497723,-5.514533012128816,-3.463984967820182,-5.177503147645423,-5.76695235032606,-4.678447641263573,-4.177094456648057,-53.65303960207906,49.848067161770885,-48.90446508783572,36.39705538703174,-55.50771585153406,45.15270955624321,4.351218630247894,True,-1.902486220154092,-0.7003514552090015
2022,senate,27,R,26014.0,Jay Hovey                             ,alabama_sos,ALPERSON-JAY-HOVEY,AL-2022-senate-27-R-JAY-HOVEY,0,1,AL-2022-senate-27-R-JAY-HOVEY,2.260315494548866,-1.902486220154092,4.887421853301634,-4.529592578906859,1.6409887527338682,-1.283159478339094,1.0581807296037757,-0.7003514552090015,-53.65303960207906,49.848067161770885,6.61153412479676,-6.253704850401986,5.292338906892497,-4.934509632497723,5.8723622865235905,-5.514533012128816,3.8218142422149564,-3.463984967820182,-48.90446508783572,36.39705538703174,5.535332422040197,-5.177503147645423,6.124781624720834,-5.76695235032606,5.036276915658347,-4.678447641263573,4.534923731042831,-4.177094456648057,-55.50771585153406,45.15270955624321,0.3578292743947742,1.902486220154092,4.529592578906859,1.283159478339094,0.7003514552090015,6.253704850401986,4.934509632497723,5.514533012128816,3.463984967820182,5.177503147645423,5.76695235032606,4.678447641263573,4.177094456648057,-49.848067161770885,53.65303960207906,-36.39705538703174,48.90446508783572,-45.15270955624321,55.50771585153406,4.351218630247894,True,1.902486220154092,0.7003514552090015
2022,senate,29,D,6476.0,"Nathan ""Nate"" Mathis                  ",alabama_sos,ALPERSON-NATHAN-NATE-MATHIS,AL-2022-senate-29-D-NATHAN-NATE-MATHIS,0,0,AL-2022-senate-29-D-NATHAN-NATE-MATHIS,7.8933538556545635,-6.990287783781238,11.763733023762413,-10.860666951889087,6.850866952495653,-5.947800880622327,6.278607702820673,-5.375541630947347,-58.740841165706215,44.76026559814373,7.443943402298103,-6.540877330424777,9.952478473191524,-9.049412401318198,6.739567062221454,-5.836500990348128,6.288586773859966,-5.38552070198664,-49.19163756785851,36.10988290700895,-1.2047490772387963,2.107815149112122,-1.2313981234285603,2.134464195301886,-2.8599232745966816,3.7629893464700075,-2.4390909110564056,3.3421569829297315,-48.222397554776514,52.438027853000754,0.903066071873326,-6.990287783781238,-10.860666951889087,-5.947800880622327,-5.375541630947347,-6.540877330424777,-9.049412401318198,-5.836500990348128,-5.38552070198664,2.107815149112122,2.134464195301886,3.7629893464700075,3.3421569829297315,-58.740841165706215,44.76026559814373,-49.19163756785851,36.10988290700895,-48.222397554776514,52.438027853000754,9.09810293289336,True,-6.990287783781238,-5.375541630947347
2022,senate,29,R,31576.0,Donnie Chesteen                       ,alabama_sos,ALPERSON-DONNIE-CHESTEEN,AL-2022-senate-29-R-DONNIE-CHESTEEN,1,1,AL-2022-senate-29-R-DONNIE-CHESTEEN,7.8933538556545635,-6.990287783781238,11.763733023762413,-10.860666951889087,6.850866952495653,-5.947800880622327,6.278607702820673,-5.375541630947347,-58.740841165706215,44.76026559814373,7.443943402298103,-6.540877330424777,9.952478473191524,-9.049412401318198,6.739567062221454,-5.836500990348128,6.288586773859966,-5.38552070198664,-49.19163756785851,36.10988290700895,-1.2047490772387963,2.107815149112122,-1.2313981234285603,2.134464195301886,-2.8599232745966816,3.7629893464700075,-2.4390909110564056,3.3421569829297315,-48.222397554776514,52.438027853000754,0.903066071873326,6.990287783781238,10.860666951889087,5.947800880622327,5.375541630947347,6.540877330424777,9.049412401318198,5.836500990348128,5.38552070198664,-2.107815149112122,-2.134464195301886,-3.7629893464700075,-3.3421569829297315,-44.76026559814373,58.740841165706215,-36.10988290700895,49.19163756785851,-52.438027853000754,48.222397554776514,9.09810293289336,True,6.990287783781238,5.375541630947347
2022,senate,33,D,23203.0,Vivian Davis Figures                  ,alabama_sos,ALPERSON-VIVIAN-DAVIS-FIGURES,AL-2022-senate-33-D-VIVIAN-DAVIS-FIGURES,1,1,AL-2022-senate-33-D-VIVIAN-DAVIS-FIGURES,22.44836103831301,-6.08115467231282,24.18907958504085,-7.821873219040661,24.004718030302588,-7.637511664302398,21.733088576697302,-5.365882210697112,-57.831708054237794,45.66939870961215,19.69938086790326,-3.3321745019030686,19.974448258596322,-3.6072418925961323,19.37767842981605,-3.010472063815861,19.308121675580438,-2.940915309580248,-45.9829347393368,39.31858573553066,20.223398202989834,-3.8561918369896446,19.9930674943149,-3.6258611283147104,22.19930027767043,-5.832093911670242,20.35829962602754,-3.991093260027352,-54.18640454087828,46.47402086689899,16.36720636600019,-6.08115467231282,-7.821873219040661,-7.637511664302398,-5.365882210697112,-3.3321745019030686,-3.6072418925961323,-3.010472063815861,-2.940915309580248,-3.8561918369896446,-3.6258611283147104,-5.832093911670242,-3.991093260027352,-57.831708054237794,45.66939870961215,-45.9829347393368,39.31858573553066,-54.18640454087828,46.47402086689899,2.7489801704097516,True,-6.08115467231282,-5.365882210697112
2022,senate,33,R,11401.0,Pete Riehm                            ,alabama_sos,ALPERSON-PETE-RIEHM,AL-2022-senate-33-R-PETE-RIEHM,0,0,AL-2022-senate-33-R-PETE-RIEHM,22.44836103831301,-6.08115467231282,24.18907958504085,-7.821873219040661,24.004718030302588,-7.637511664302398,21.733088576697302,-5.365882210697112,-57.831708054237794,45.66939870961215,19.69938086790326,-3.3321745019030686,19.974448258596322,-3.6072418925961323,19.37767842981605,-3.010472063815861,19.308121675580438,-2.940915309580248,-45.9829347393368,39.31858573553066,20.223398202989834,-3.8561918369896446,19.9930674943149,-3.6258611283147104,22.19930027767043,-5.832093911670242,20.35829962602754,-3.991093260027352,-54.18640454087828,46.47402086689899,16.36720636600019,6.08115467231282,7.821873219040661,7.637511664302398,5.365882210697112,3.3321745019030686,3.6072418925961323,3.010472063815861,2.940915309580248,3.8561918369896446,3.6258611283147104,5.832093911670242,3.991093260027352,-45.66939870961215,57.831708054237794,-39.31858573553066,45.9829347393368,-46.47402086689899,54.18640454087828,2.7489801704097516,True,6.08115467231282,5.365882210697112
2014,house,10,D,314.0,Means,openelections_fallback,ALPERSON-MEANS,AL-2014-house-10-D-MEANS,0,0,AL-2014-house-10-D-MEANS,7.495644183280895,-66.95983680025073,-19.822985111534354,-39.641207505435474,7.064742203555252,-66.52893482052508,2.319730704780045,-61.783923321749874,-118.7103901821757,-15.209283418325754,10.42398897474539,-69.88818159171522,-16.997536068204546,-42.466656548765286,10.875233121962008,-70.33942573893184,4.809783193661941,-64.27397581063177,-112.53894182914895,-27.237421354281494,9.988900511363404,-69.45309312833324,-15.100087136403063,-44.36410548056677,11.073175357017348,-70.53736797398719,4.973928165421793,-64.43812078239162,-119.78330583222187,-19.122880424444602,-59.46419261696983,-66.95983680025073,-39.641207505435474,-66.52893482052508,-61.783923321749874,-69.88818159171522,-42.466656548765286,-70.33942573893184,-64.27397581063177,-69.45309312833324,-44.36410548056677,-70.53736797398719,-64.43812078239162,-118.7103901821757,-15.209283418325754,-112.53894182914895,-27.237421354281494,-119.78330583222187,-19.122880424444602,2.9283447914644967,True,-66.95983680025073,-61.783923321749874
2014,house,24,D,4338.0,Beddingfield,openelections_fallback,ALPERSON-BEDDINGFIELD,AL-2014-house-24-D-BEDDINGFIELD,0,0,AL-2014-house-24-D-BEDDINGFIELD,16.739736056227066,13.013480131541382,-18.850590278588026,48.603806466356474,14.947855658150676,14.805360529617772,15.617736529680009,14.135479658088439,-38.73707325038359,64.76403351346636,16.059560412947942,13.693655774820506,-17.369788653175497,47.12300484094395,13.501561041733149,16.251655146035297,15.054519570382022,14.698696617386426,-28.957104462613223,56.344416012254236,19.611847968727993,10.141368219040455,-11.212762114450692,40.96597830221914,17.486965761077524,12.266250426690924,18.191387208927843,11.561828978840605,-40.188844484848175,60.47158092292909,29.753216187768448,13.013480131541382,48.603806466356474,14.805360529617772,14.135479658088439,13.693655774820506,47.12300484094395,16.251655146035297,14.698696617386426,10.141368219040455,40.96597830221914,12.266250426690924,11.561828978840605,-38.73707325038359,64.76403351346636,-28.957104462613223,56.344416012254236,-40.188844484848175,60.47158092292909,3.552287555780051,True,13.013480131541382,14.135479658088439
2014,house,24,R,6877.0,Ledbetter,openelections_fallback,ALPERSON-LEDBETTER,AL-2014-house-24-R-LEDBETTER,0,1,AL-2014-house-24-R-LEDBETTER,16.739736056227066,13.013480131541382,-18.850590278588026,48.603806466356474,14.947855658150676,14.805360529617772,15.617736529680009,14.135479658088439,-38.73707325038359,64.76403351346636,16.059560412947942,13.693655774820506,-17.369788653175497,47.12300484094395,13.501561041733149,16.251655146035297,15.054519570382022,14.698696617386426,-28.957104462613223,56.344416012254236,19.611847968727993,10.141368219040455,-11.212762114450692,40.96597830221914,17.486965761077524,12.266250426690924,18.191387208927843,11.561828978840605,-40.188844484848175,60.47158092292909,29.753216187768448,-13.013480131541382,-48.603806466356474,-14.805360529617772,-14.135479658088439,-13.693655774820506,-47.12300484094395,-16.251655146035297,-14.698696617386426,-10.141368219040455,-40.96597830221914,-12.266250426690924,-11.561828978840605,-64.76403351346636,38.73707325038359,-56.344416012254236,28.957104462613223,-60.47158092292909,40.188844484848175,3.552287555780051,True,-13.013480131541382,-14.135479658088439
2014,house,31,D,10766.0,Holmes,openelections_fallback,ALPERSON-HOLMES,AL-2014-house-31-D-HOLMES,0,1,AL-2014-house-31-D-HOLMES,8.26780990240837,127.75613176439322,-18.965631798334464,154.98957346513606,10.304721171494958,125.71922049530663,11.908304843646992,124.1156368231546,76.00557838246824,179.5066851463182,12.479970361708556,123.54397130509304,-14.905263323159135,150.92920498996074,12.789010109160124,123.23493155764146,18.563915479373158,117.46002618742844,80.89321106765931,166.19473154252677,9.615708452385563,126.40823321441603,-12.289640430581406,148.313582097383,12.486412666798572,123.53752900000302,14.012192266956259,122.01174939984533,76.0780205105274,176.73844591830465,136.0239416668016,127.75613176439322,154.98957346513606,125.71922049530663,124.1156368231546,123.54397130509304,150.92920498996074,123.23493155764146,117.46002618742844,126.40823321441603,148.313582097383,123.53752900000302,122.01174939984533,76.00557838246824,179.5066851463182,80.89321106765931,166.19473154252677,76.0780205105274,176.73844591830465,4.212160459300179,True,127.75613176439322,124.1156368231546
2014,house,40,D,9105.0,Copeland,openelections_fallback,ALPERSON-COPELAND,AL-2014-house-40-D-COPELAND,0,0,AL-2014-house-40-D-COPELAND,3.6468067544351754,-9.678330905229181,-27.246125457880236,21.21460130708623,8.800217619282458,-14.831741770076464,3.5796693180020807,-9.611193468796086,-61.428884287154155,42.07222247669579,12.336638920034765,-18.36816307082877,-23.12873686946886,17.097212718674854,15.742604555960193,-21.774128706754198,10.244103290971395,-16.2756274417654,-61.0189233082625,24.28259716660496,6.447789859385002,-12.479314010179007,-19.26775682452173,13.236232673727724,10.923470896427276,-16.95499504722128,6.138691826415732,-12.170215977209738,-62.809526714067644,37.850898693709624,-6.031524150794006,-9.678330905229181,21.21460130708623,-14.831741770076464,-9.611193468796086,-18.36816307082877,17.097212718674854,-21.774128706754198,-16.2756274417654,-12.479314010179007,13.236232673727724,-16.95499504722128,-12.170215977209738,-61.428884287154155,42.07222247669579,-61.0189233082625,24.28259716660496,-62.809526714067644,37.850898693709624,8.68983216559959,True,-9.678330905229181,-9.611193468796086
2014,house,40,R,22356.0,Brown,openelections_fallback,ALPERSON-BROWN,AL-2014-house-40-R-BROWN,0,1,AL-2014-house-40-R-BROWN,3.6468067544351754,-9.678330905229181,-27.246125457880236,21.21460130708623,8.800217619282458,-14.831741770076464,3.5796693180020807,-9.611193468796086,-61.428884287154155,42.07222247669579,12.336638920034765,-18.36816307082877,-23.12873686946886,17.097212718674854,15.742604555960193,-21.774128706754198,10.244103290971395,-16.2756274417654,-61.0189233082625,24.28259716660496,6.447789859385002,-12.479314010179007,-19.26775682452173,13.236232673727724,10.923470896427276,-16.95499504722128,6.138691826415732,-12.170215977209738,-62.809526714067644,37.850898693709624,-6.031524150794006,9.678330905229181,-21.21460130708623,14.831741770076464,9.611193468796086,18.36816307082877,-17.097212718674854,21.774128706754198,16.2756274417654,12.479314010179007,-13.236232673727724,16.95499504722128,12.170215977209738,-42.07222247669579,61.428884287154155,-24.28259716660496,61.0189233082625,-37.850898693709624,62.809526714067644,8.68983216559959,True,9.678330905229181,9.611193468796086
2014,house,66,D,4862.0,Baker,openelections_fallback,ALPERSON-BAKER,AL-2014-house-66-D-BAKER,0,1,AL-2014-house-66-D-BAKER,11.058913575179583,74.82480074825003,-20.24983872695581,106.13355305038543,8.283528398093623,77.60018592533599,11.8606019030833,74.02311242034631,23.074247366325054,126.575354130175,14.64508755713015,71.23862676629946,-16.660882234377304,102.54459655780693,12.490108803323276,73.39360552010633,18.12057581261379,67.76313851081582,28.58786652886573,113.88938700373319,14.688043052018067,71.19567127141156,-13.299018386689154,99.18273271011877,11.25115183977754,74.63256248365208,15.25651254936981,70.6272017740598,20.86545856752292,121.52588397530019,85.88371432342961,74.82480074825003,106.13355305038543,77.60018592533599,74.02311242034631,71.23862676629946,102.54459655780693,73.39360552010633,67.76313851081582,71.19567127141156,99.18273271011877,74.63256248365208,70.6272017740598,23.074247366325054,126.575354130175,28.58786652886573,113.88938700373319,20.86545856752292,121.52588397530019,3.6291294768384716,True,74.82480074825003,74.02311242034631
