cycle,chamber,district,dem_votes,rep_votes,two_party_votes,legislative_dem_margin,selected_ticket_margin,selected_ticket_source,direct_cmo,state_ticket_cmo,federal_ticket_cmo,presidential_ticket_cmo,replacement_level,cycle_centered_cmo,direct_baseline_low,direct_baseline_high,prior_presidential_margin,predetermined_presidential_swing,federal_primary,contest_tier,selected_structural_specification,selected_quality_penalty,structural_adjustment,quality_target_residual,candidate_quality_differential,candidate_quality_unexplained
1994,house,1,7385.0,4396.0,11781.0,25.371360665478317,-20.495242809989666,same_cycle_federal,45.86660347546798,24.638612786924195,45.86660347546798,17.819396164017245,12.616545964270609,33.250057511197376,17.819396164017245,45.86660347546798,7.551964501461073,,True,meaningful,structural_residual_predetermined_lag_alpha_30,1.0,-0.34816494002033754,33.598222451217715,22.398814967478476,11.19940748373924
1994,house,3,7723.0,3821.0,11544.0,33.8011088011088,13.099172759913168,same_cycle_federal,20.701936041195637,21.791263058258828,20.701936041195637,14.473939098707763,12.616545964270609,8.085390076925028,14.473939098707763,21.791263058258828,19.32716970240104,,True,meaningful,structural_residual_predetermined_lag_alpha_30,1.0,-0.48349244531688773,8.568882522241916,5.712588348161277,2.856294174080639
1994,house,4,5012.0,9236.0,14248.0,-29.646266142616508,-13.268411504412336,same_cycle_federal,-16.37785463820417,-1.3256463547890114,-16.37785463820417,-13.871644835610994,12.616545964270609,-28.994400602474776,-16.37785463820417,-1.3256463547890114,-15.774621307005514,,True,meaningful,structural_residual_predetermined_lag_alpha_30,1.0,-0.08008225180580823,-28.914318350668967,-19.27621223377931,-9.638106116889656
1994,house,6,6409.0,6770.0,13179.0,-2.73920631307383,-10.496262609304322,same_cycle_federal,7.757056296230493,21.709223814421527,7.757056296230493,20.316080604225892,12.616545964270609,-4.859489668040116,7.757056296230493,21.709223814421527,-23.05528691729972,,True,meaningful,structural_residual_predetermined_lag_alpha_30,1.0,0.003591390999231757,-4.863081059039347,-3.2420540393595645,-1.6210270196797825
1994,house,7,6188.0,5641.0,11829.0,4.624228590751543,7.549700893279578,same_cycle_state_fallback,-2.9254723025280347,-2.9254723025280347,-46.72712276059982,-11.170017250825545,21.619287491651647,-24.544759794179683,-46.72712276059982,-2.9254723025280347,15.794245841577087,,False,meaningful,structural_residual_predetermined_lag_alpha_30,1.0,-0.4428900299594215,-24.10186976422026,-16.06791317614684,-8.033956588073423
1994,house,11,6582.0,5936.0,12518.0,5.160568780955424,-18.982891194727898,same_cycle_state_fallback,24.14345997568332,24.14345997568332,12.805989393646275,22.06343747077849,21.619287491651647,2.5241724840316735,12.805989393646275,24.14345997568332,-16.902868689823062,,False,meaningful,structural_residual_predetermined_lag_alpha_30,1.0,-0.06711577682141709,2.5912882608530907,1.7275255072353937,0.863762753617697
1994,house,12,7159.0,3551.0,10710.0,33.68814192343604,-12.917516863482007,same_cycle_state_fallback,46.60565878691805,46.60565878691805,,48.81353667716038,21.619287491651647,24.9863712952664,46.60565878691805,48.81353667716038,-15.125394753724336,,False,meaningful,structural_residual_predetermined_lag_alpha_30,1.0,-0.08754354087283919,25.07391483613924,16.715943224092825,8.357971612046416
1994,house,15,4363.0,10300.0,14663.0,-40.48966787151333,-58.175997366622376,same_cycle_federal,17.686329495109042,2.224731012092292,17.686329495109042,-22.445757513858076,12.616545964270609,5.069783530838434,-22.445757513858076,17.686329495109042,-18.043910357655257,,True,meaningful,structural_residual_predetermined_lag_alpha_30,1.0,-0.05400226247392874,5.123785793312362,3.415857195541575,1.7079285977707874
1994,house,17,8535.0,5183.0,13718.0,24.43504884093891,6.626120335461465,same_cycle_state_fallback,17.808928505477446,17.808928505477446,,29.59911031277516,21.619287491651647,-3.810358986174201,17.808928505477446,29.59911031277516,-5.164061471836247,,False,meaningful,structural_residual_predetermined_lag_alpha_30,1.0,-0.20202497533292008,-3.608334010841281,-2.4055560072275206,-1.2027780036137603
1994,house,21,6511.0,3366.0,9877.0,31.841652323580035,9.44845416134577,same_cycle_federal,22.393198162234263,35.267383997662776,22.393198162234263,37.16781283432653,12.616545964270609,9.776652197963655,22.393198162234263,37.16781283432653,-5.326160510746496,,True,meaningful,structural_residual_predetermined_lag_alpha_30,1.0,-0.20016203891929885,9.976814236882953,6.651209491255302,3.3256047456276514
1994,house,26,5881.0,4171.0,10052.0,17.011539992041385,-4.145091864382778,same_cycle_state_fallback,21.156631856424163,21.156631856424163,,23.333226517154824,21.619287491651647,-0.46265563522748465,21.156631856424163,23.333226517154824,-6.321686525113438,,False,meaningful,structural_residual_predetermined_lag_alpha_30,1.0,-0.1887208750768767,-0.2739347601506079,-0.1826231734337386,-0.09131158671686931
1994,house,27,6807.0,5746.0,12553.0,8.452162829602486,-18.289039157100177,same_cycle_state_fallback,26.741201986702663,26.741201986702663,,32.545770932990536,21.619287491651647,5.121914495051016,26.741201986702663,32.545770932990536,-24.093608103388053,,False,meaningful,structural_residual_predetermined_lag_alpha_30,1.0,0.015524381839907076,5.106390113211108,3.404260075474072,1.702130037737036
1994,house,28,7532.0,3711.0,11243.0,33.98559103442142,13.47390024365177,same_cycle_state_fallback,20.51169079076965,20.51169079076965,,25.610968821788646,21.619287491651647,-1.1075967008819987,20.51169079076965,25.610968821788646,8.37462221263277,,False,meaningful,structural_residual_predetermined_lag_alpha_30,1.0,-0.3576194008017895,-0.7499773000802092,-0.4999848667201395,-0.24999243336006977
1994,house,30,7026.0,5912.0,12938.0,8.610295254289689,-7.22479485619219,same_cycle_state_fallback,15.835090110481879,15.835090110481879,-6.548374522087871,30.45253940661048,21.619287491651647,-5.7841973811697684,-6.548374522087871,30.45253940661048,-21.84224415232079,,False,meaningful,structural_residual_predetermined_lag_alpha_30,1.0,-0.0103496018243603,-5.773847779345408,-3.8492318528969385,-1.9246159264484692
1994,house,32,4541.0,1452.0,5993.0,51.543467378608376,66.04081547146673,same_cycle_federal,-14.497348092858353,3.5863751017392147,-14.497348092858353,39.591901333722404,12.616545964270609,-27.11389405712896,-14.497348092858353,39.591901333722404,11.951566044885976,,True,meaningful,structural_residual_predetermined_lag_alpha_30,1.0,-0.39872771926795664,-26.715166337861003,-17.810110891907335,-8.905055445953668
1994,house,33,5981.0,3621.0,9602.0,24.578212872318268,27.445054669448734,same_cycle_federal,-2.8668417971304656,34.034442123114594,-2.8668417971304656,,12.616545964270609,-15.483387761401074,-2.8668417971304656,34.034442123114594,,,True,meaningful,structural_residual_predetermined_lag_alpha_30,1.0,0.004071844377988566,-15.487459605779062,-10.324973070519373,-5.1624865352596885
1994,house,35,4734.0,5091.0,9825.0,-3.633587786259542,35.045087648247794,same_cycle_federal,-38.67867543450733,2.8909488036245654,-38.67867543450733,15.962551944102787,12.616545964270609,-51.29522139877794,-38.67867543450733,15.962551944102787,-19.596139730362328,,True,meaningful,structural_residual_predetermined_lag_alpha_30,1.0,-0.0361631399217622,-51.25905825885618,-34.17270550590412,-17.08635275295206
1994,house,36,4172.0,5371.0,9543.0,-12.564183170910615,37.509789241241776,same_cycle_federal,-50.07397241215239,-2.3045785456089956,-50.07397241215239,4.907137107325058,12.616545964270609,-62.690518376423,-50.07397241215239,4.907137107325058,-17.471320278235673,,True,meaningful,structural_residual_predetermined_lag_alpha_30,1.0,-0.060582800620238096,-62.62993557580276,-41.7532903838685,-20.87664519193426
1994,house,40,5174.0,8703.0,13877.0,-25.43056856669309,-36.87133766680246,same_cycle_federal,11.440769100109371,6.029266759812465,11.440769100109371,-6.7555045167227235,12.616545964270609,-1.1757768641612376,-6.7555045167227235,11.440769100109371,-18.675064049970366,,True,meaningful,structural_residual_predetermined_lag_alpha_30,1.0,-0.04674867723425138,-1.1290281869269863,-0.7526854579513241,-0.3763427289756621
1994,house,42,8909.0,4157.0,13066.0,36.36920251033216,3.779774480770724,same_cycle_federal,32.58942802956143,49.84592252794546,32.58942802956143,65.03730299672449,12.616545964270609,19.972882065290825,32.58942802956143,65.03730299672449,-28.66810048639233,,True,meaningful,structural_residual_predetermined_lag_alpha_30,1.0,0.0680971083127012,19.904784956978123,13.269856637985415,6.634928318992708
1994,house,43,3731.0,10152.0,13883.0,-46.25081034358568,-58.5451156516176,same_cycle_federal,12.294305308031923,-5.8249331604130745,12.294305308031923,-37.65116515064592,12.616545964270609,-0.3222406562386855,-37.65116515064592,12.294305308031923,-8.599645192939754,,True,meaningful,structural_residual_predetermined_lag_alpha_30,1.0,-0.1625412494631354,-0.15969940677555008,-0.10646627118370006,-0.05323313559185003
1994,house,46,2681.0,14516.0,17197.0,-68.82014304820608,-76.25091222130268,same_cycle_federal,7.430769173096607,-10.51755242886209,7.430769173096607,-30.119721078058546,12.616545964270609,-5.185776791174002,-30.119721078058546,7.430769173096607,-38.70042197014753,,True,meaningful,structural_residual_predetermined_lag_alpha_30,1.0,0.18339438046734696,-5.369171171641349,-3.579447447760899,-1.7897237238804498
1994,house,48,2750.0,13809.0,16559.0,-66.78543390301347,-74.06176660517693,same_cycle_federal,7.276332702163458,-8.128477597519328,7.276332702163458,-38.07888341904818,12.616545964270609,-5.3402132621071505,-38.07888341904818,7.276332702163458,-28.70655048396529,,True,meaningful,structural_residual_predetermined_lag_alpha_30,1.0,0.06853899804297885,-5.40875226015013,-3.605834840100086,-1.8029174200500435
1994,house,49,5872.0,6614.0,12486.0,-5.942655774467403,-3.19336943650732,same_cycle_federal,-2.749286337960083,22.053530781084568,-2.749286337960083,,12.616545964270609,-15.365832302230691,-2.749286337960083,22.053530781084568,,,True,meaningful,structural_residual_predetermined_lag_alpha_30,1.0,0.004071844377988566,-15.369904146608679,-10.246602764405786,-5.123301382202893
1994,house,50,2498.0,9808.0,12306.0,-59.40191776369251,-68.85376619794512,same_cycle_federal,9.45184843425261,-8.88862474928505,9.45184843425261,-33.182914300792845,12.616545964270609,-3.164697530017998,-33.182914300792845,9.45184843425261,-26.219003462899664,,True,meaningful,structural_residual_predetermined_lag_alpha_30,1.0,0.03995066120093348,-3.204648191218931,-2.1364321274792872,-1.0682160637396438
1994,house,51,4496.0,8086.0,12582.0,-28.532824670163727,-55.98302322118145,same_cycle_federal,27.45019855101772,10.185845471859608,27.45019855101772,-13.768076562357702,12.616545964270609,14.833652586747112,-13.768076562357702,27.45019855101772,-14.764748107806025,,True,meaningful,structural_residual_predetermined_lag_alpha_30,1.0,-0.09168830183902581,14.925340888586138,9.950227259057424,4.975113629528714
1994,house,54,6237.0,3128.0,9365.0,33.19807794981313,28.264509365046216,same_cycle_federal,4.933568584766917,-2.235496297981335,4.933568584766917,22.47030591551455,12.616545964270609,-7.682977379503692,-2.235496297981335,22.47030591551455,10.727772034298583,,True,meaningful,structural_residual_predetermined_lag_alpha_30,1.0,-0.38466316687812385,-7.298314212625568,-4.865542808417045,-2.4327714042085233
1994,house,55,6722.0,2282.0,9004.0,49.31141714793425,41.47489187307024,same_cycle_federal,7.836525274864009,2.961330950219505,7.836525274864009,24.54822989751169,12.616545964270609,-4.7800206894066,2.961330950219505,24.54822989751169,24.76318725042256,,True,meaningful,structural_residual_predetermined_lag_alpha_30,1.0,-0.5459663199516415,-4.234054369454959,-2.822702912969972,-1.4113514564849865
1994,house,60,6222.0,3266.0,9488.0,31.15514333895447,37.12648176158148,same_cycle_federal,-5.97133842262701,-12.342433419698327,-5.97133842262701,30.31068485737018,12.616545964270609,-18.58788438689762,-12.342433419698327,30.31068485737018,0.8444584815842909,,True,meaningful,structural_residual_predetermined_lag_alpha_30,1.0,-0.2710783805131573,-18.316806006384464,-12.21120400425631,-6.105602002128155
1994,house,62,6730.0,4962.0,11692.0,15.12145056448854,-2.7163654835772326,same_cycle_federal,17.837816048065772,21.199164679373197,17.837816048065772,27.23125357120711,12.616545964270609,5.221270083795163,17.837816048065772,27.23125357120711,-12.109803006718568,,True,meaningful,structural_residual_predetermined_lag_alpha_30,1.0,-0.12220047475646949,5.343470558551632,3.5623137057010883,1.7811568528505441
1994,house,64,7714.0,4261.0,11975.0,28.83507306889353,-8.552525857955985,same_cycle_state_fallback,37.38759892684951,37.38759892684951,44.88021499241073,41.873783598837264,21.619287491651647,15.768311435197866,37.38759892684951,44.88021499241073,-13.038710529943732,,False,meaningful,structural_residual_predetermined_lag_alpha_30,1.0,-0.11152492935202729,15.879836364549893,10.586557576366594,5.293278788183299
1994,house,65,8497.0,4453.0,12950.0,31.227799227799228,10.749189980185307,same_cycle_state_fallback,20.47860924761392,20.47860924761392,11.732889220634664,29.54693615957465,21.619287491651647,-1.1406782440377263,11.732889220634664,29.54693615957465,1.6808630682245795,,False,meaningful,structural_residual_predetermined_lag_alpha_30,1.0,-0.280690828381122,-0.8599874156566043,-0.5733249437710695,-0.28666247188553484
1994,house,66,5093.0,3508.0,8601.0,18.428089757005,-0.8391671293550189,same_cycle_state_fallback,19.26725688636002,19.26725688636002,,31.300523422771718,21.619287491651647,-2.3520306052916276,19.26725688636002,31.300523422771718,-12.872433665766716,,False,meaningful,structural_residual_predetermined_lag_alpha_30,1.0,-0.11343587976296474,-2.238594725528663,-1.4923964836857753,-0.7461982418428876
1994,house,73,4101.0,11253.0,15354.0,-46.58069558421258,-59.14886074445506,same_cycle_federal,12.56816516024248,-0.4725788324385789,12.56816516024248,,12.616545964270609,-0.048380804028129276,-0.4725788324385789,12.56816516024248,,,True,meaningful,structural_residual_predetermined_lag_alpha_30,1.0,0.004071844377988566,-0.05245264840611784,-0.034968432270745226,-0.017484216135372613
1994,house,75,4646.0,9283.0,13929.0,-33.29025773565942,-58.63859111467155,same_cycle_federal,25.348333379012132,10.66774264475088,25.348333379012132,-5.068886156933036,12.616545964270609,12.731787414741524,-5.068886156933036,25.348333379012132,-28.22137157872638,,True,meaningful,structural_residual_predetermined_lag_alpha_30,1.0,0.06296303993880484,12.66882437480272,8.445882916535146,4.222941458267574
1994,house,76,5965.0,2613.0,8578.0,39.076707857309394,22.520871220409592,same_cycle_federal,16.5558366368998,9.270818171731484,16.5558366368998,,12.616545964270609,3.939290672629193,9.270818171731484,16.5558366368998,,,True,meaningful,structural_residual_predetermined_lag_alpha_30,1.0,0.004071844377988566,3.9352188282512044,2.6234792188341363,1.3117396094170681
1994,house,79,6019.0,4604.0,10623.0,13.320154382001318,-1.6154729893046482,same_cycle_federal,14.935627371305966,47.74818852585328,14.935627371305966,23.481628855985996,12.616545964270609,2.319081407035357,14.935627371305966,47.74818852585328,-10.161474473984676,,True,meaningful,structural_residual_predetermined_lag_alpha_30,1.0,-0.1445917991821295,2.4636732062174866,1.642448804144991,0.8212244020724957
1994,house,80,5101.0,3082.0,8183.0,24.67310277404375,14.716269054369862,same_cycle_federal,9.956833719673886,28.320652766201654,9.956833719673886,24.37696919266019,12.616545964270609,-2.6597122445967223,9.956833719673886,28.320652766201654,0.2961335813835584,,True,meaningful,structural_residual_predetermined_lag_alpha_30,1.0,-0.26477671191631436,-2.394935532680408,-1.5966236884536054,-0.7983118442268027
1994,house,85,3526.0,1843.0,5369.0,31.346619482212706,-11.827343256054103,same_cycle_federal,43.17396273826681,19.189840658264405,43.17396273826681,42.578636097157556,12.616545964270609,30.557416773996202,19.189840658264405,43.17396273826681,-11.232016614944849,,True,meaningful,structural_residual_predetermined_lag_alpha_30,1.0,-0.13228850639200443,30.689705280388207,20.459803520258802,10.229901760129405
1994,house,87,4277.0,7974.0,12251.0,-30.177128397681823,-57.43385873358116,same_cycle_federal,27.256730335899338,-1.1777875483821525,27.256730335899338,-9.566205977293734,12.616545964270609,14.64018437162873,-9.566205977293734,27.256730335899338,-20.61092242038809,,True,meaningful,structural_residual_predetermined_lag_alpha_30,1.0,-0.0245006671651646,14.664685038793893,9.776456692529262,4.888228346264631
1994,house,88,6575.0,6090.0,12665.0,3.8294512435846815,-57.49720628188571,same_cycle_federal,61.32665752547039,45.85289370786102,61.32665752547039,32.990790516647785,12.616545964270609,48.71011156119978,32.990790516647785,61.32665752547039,-29.161339273063103,,True,meaningful,structural_residual_predetermined_lag_alpha_30,1.0,0.07376569526100549,48.63634586593878,32.42423057729252,16.21211528864626
1994,house,91,5826.0,5935.0,11761.0,-0.9267919394609302,-45.35576586049772,same_cycle_federal,44.428973921036786,14.028270462038403,44.428973921036786,11.56468597887859,12.616545964270609,31.81242795676618,11.56468597887859,44.428973921036786,-12.49147791833952,,True,meaningful,structural_residual_predetermined_lag_alpha_30,1.0,-0.11781404473316752,31.930242001499348,21.286828000999563,10.643414000499785
1994,house,92,5449.0,3683.0,9132.0,19.33858957512045,-24.238708358880032,same_cycle_state_fallback,43.577297934000484,43.577297934000484,,35.75624222215387,21.619287491651647,21.958010442348836,35.75624222215387,43.577297934000484,-16.41765264703342,,False,meaningful,structural_residual_predetermined_lag_alpha_30,1.0,-0.07269216173191909,22.030702604080755,14.68713506938717,7.343567534693586
1994,house,93,3397.0,6184.0,9581.0,-29.088821626135054,-55.53580415425951,same_cycle_federal,26.446982528124455,2.809842878147169,26.446982528124455,1.0035048490641216,12.616545964270609,13.830436563853846,1.0035048490641216,26.446982528124455,-30.092326475199176,,True,meaningful,structural_residual_predetermined_lag_alpha_30,1.0,0.08446514154479787,13.745971422309049,9.163980948206031,4.5819904741030175
1994,house,95,3908.0,8801.0,12709.0,-38.500275395389096,-40.195406032520424,same_cycle_state_fallback,1.695130637131328,1.695130637131328,,-2.4453395106136284,21.619287491651647,-19.92415685452032,-2.4453395106136284,1.695130637131328,-36.05493588477547,,False,meaningful,structural_residual_predetermined_lag_alpha_30,1.0,0.15299091605879814,-20.077147770579117,-13.384765180386077,-6.69238259019304
1994,house,96,5676.0,3959.0,9635.0,17.82044628956928,-12.169910355270304,same_cycle_state_fallback,29.990356644839583,29.990356644839583,,34.862741037909544,21.619287491651647,8.371069153187936,29.990356644839583,34.862741037909544,-17.042294748340264,,False,meaningful,structural_residual_predetermined_lag_alpha_30,1.0,-0.06551341148251347,8.436582564670449,5.624388376446966,2.812194188223483
1994,house,101,5193.0,8223.0,13416.0,-22.58497316636852,-41.90669090708678,same_cycle_state_fallback,19.321717740718256,19.321717740718256,,1.6374001148361828,21.619287491651647,-2.297569750933391,1.6374001148361828,19.321717740718256,-24.222373281204703,,False,meaningful,structural_residual_predetermined_lag_alpha_30,1.0,0.01700422613863768,-2.314573977072029,-1.5430493180480191,-0.7715246590240097
1994,house,104,4301.0,6278.0,10579.0,-18.6879667265337,-31.73068094549012,same_cycle_state_fallback,13.042714218956423,13.042714218956423,,5.9180891878216535,21.619287491651647,-8.576573272695224,5.9180891878216535,13.042714218956423,-24.606055914355352,,False,meaningful,structural_residual_predetermined_lag_alpha_30,1.0,0.021413730065222663,-8.597987002760448,-5.731991335173632,-2.865995667586816
1994,house,105,3940.0,4633.0,8573.0,-8.083518021696023,-20.973533433375323,same_cycle_state_fallback,12.8900154116793,12.8900154116793,,12.525711877164508,21.619287491651647,-8.729272079972347,12.525711877164508,12.8900154116793,-20.60922989886053,,False,meaningful,structural_residual_predetermined_lag_alpha_30,1.0,-0.024520118606738375,-8.70475196136561,-5.803167974243739,-2.90158398712187
1994,senate,2,19699.0,18048.0,37747.0,4.373857525101332,-10.810154702502524,same_cycle_federal,15.184012227603857,26.89535010292629,15.184012227603857,21.871891114384162,11.345300693265534,3.838711534338323,15.184012227603857,26.89535010292629,-17.49803358928283,,True,meaningful,structural_residual_predetermined_lag_alpha_30,1.0,-0.060275795716244245,3.898987330054567,2.5993248867030445,1.2996624433515227
1994,senate,3,21471.0,15057.0,36528.0,17.559132720105126,-5.825969602886243,same_cycle_federal,23.38510232299137,32.0663567781298,23.38510232299137,23.224245254337625,11.345300693265534,12.039801629725835,23.224245254337625,32.0663567781298,-5.665112534232499,,True,meaningful,structural_residual_predetermined_lag_alpha_30,1.0,-0.1962666051692427,12.236068234895077,8.157378823263384,4.078689411631693
1994,senate,4,14928.0,23913.0,38841.0,-23.13277207074998,-14.09679455240141,same_cycle_federal,-9.035977518348568,0.11469521825084428,-9.035977518348568,-3.2343608289056647,11.345300693265534,-20.381278211614102,-9.035977518348568,0.11469521825084428,-19.898411241844315,,True,meaningful,structural_residual_predetermined_lag_alpha_30,1.0,-0.03268925994489271,-20.34858895166921,-13.565725967779473,-6.782862983889737
1994,senate,5,18093.0,19097.0,37190.0,-2.6996504436676525,-56.5644051918272,same_cycle_federal,53.86475474815955,10.296219436046483,53.86475474815955,0.8171763612429146,11.345300693265534,42.51945405489401,0.8171763612429146,53.86475474815955,-3.516826804910567,,True,meaningful,structural_residual_predetermined_lag_alpha_30,1.0,-0.22095595397057904,42.74041000886459,28.493606672576394,14.246803336288199
1994,senate,7,18354.0,17220.0,35574.0,3.187721369539551,14.693661119646457,same_cycle_federal,-11.505939750106906,5.950248469703601,-11.505939750106906,6.975543519036498,11.345300693265534,-22.85124044337244,-11.505939750106906,6.975543519036498,-3.787822149496947,,True,meaningful,structural_residual_predetermined_lag_alpha_30,1.0,-0.21784151789035466,-22.633398925482084,-15.088932616988055,-7.544466308494028
1994,senate,9,18740.0,13914.0,32654.0,14.779200097997183,-9.021940264679529,same_cycle_state_fallback,23.801140362676712,23.801140362676712,,28.66119675900864,5.12354388234115,18.677596480335563,23.801140362676712,28.66119675900864,-13.881996661011454,,False,meaningful,structural_residual_predetermined_lag_alpha_30,1.0,-0.1018333947739747,18.77942987510954,12.519619916739693,6.259809958369846
1994,senate,10,15257.0,19806.0,35063.0,-12.973790035079714,5.643807871769695,same_cycle_state_fallback,-18.61759790684941,-18.61759790684941,-28.650697336843038,-6.6865936023841614,5.12354388234115,-23.74114178919056,-28.650697336843038,-6.6865936023841614,-6.287196432695553,,False,meaningful,structural_residual_predetermined_lag_alpha_30,1.0,-0.18911725527447934,-23.552024533916082,-15.701349689277388,-7.850674844638695
1994,senate,11,13528.0,17246.0,30774.0,-12.081627347761096,8.615695755481486,same_cycle_federal,-20.69732310324258,-0.9993311713311748,-20.69732310324258,7.7244355730345085,11.345300693265534,-32.04262379650812,-20.69732310324258,7.7244355730345085,-19.806062920795604,,True,meaningful,structural_residual_predetermined_lag_alpha_30,1.0,-0.03375058054972169,-32.008873215958396,-21.339248810638928,-10.669624405319468
1994,senate,12,15147.0,11262.0,26409.0,14.710894013404522,42.18497500845579,same_cycle_federal,-27.474080995051267,12.881062674480555,-27.474080995051267,25.95806199269031,11.345300693265534,-38.8193816883168,-27.474080995051267,25.95806199269031,-11.247167979285791,,True,meaningful,structural_residual_predetermined_lag_alpha_30,1.0,-0.13211437810267873,-38.687267310214125,-25.79151154014275,-12.895755770071375
1994,senate,14,14045.0,25477.0,39522.0,-28.925661656798745,-30.915625653007226,same_cycle_federal,1.9899639962084805,-1.17453664164929,1.9899639962084805,5.821356278836028,11.345300693265534,-9.355336697057053,-1.17453664164929,5.821356278836028,-34.74701793563477,,True,meaningful,structural_residual_predetermined_lag_alpha_30,1.0,0.13795956245014412,-9.493296259507197,-6.328864173004797,-3.1644320865023996
1994,senate,22,20039.0,12502.0,32541.0,23.16155004455917,0.4138348924711295,same_cycle_state_fallback,22.74771515208804,22.74771515208804,22.866132271095154,29.707933857565898,5.12354388234115,17.624171269746892,22.74771515208804,29.707933857565898,-6.546383813006728,,False,meaningful,structural_residual_predetermined_lag_alpha_30,1.0,-0.1861385231858819,17.810309792932774,11.873539861955182,5.936769930977592
1994,senate,27,19908.0,10942.0,30850.0,29.06320907617504,13.760287534750518,same_cycle_federal,15.30292154142452,48.225798667138235,15.30292154142452,37.67556128718002,11.345300693265534,3.957620848158987,15.30292154142452,48.225798667138235,-8.612352211004978,,True,meaningful,structural_residual_predetermined_lag_alpha_30,1.0,-0.16239521302256552,4.120016061181553,2.746677374121035,1.3733386870605178
1994,senate,28,17991.0,5583.0,23574.0,52.63425808093663,19.792980886109927,same_cycle_federal,32.8412771948267,25.330483939722,32.8412771948267,20.935940654213773,11.345300693265534,21.495976501561167,20.935940654213773,32.8412771948267,31.69831742672286,,True,meaningful,structural_residual_predetermined_lag_alpha_30,1.0,-0.6256688686249016,22.12164537018607,14.747763580124046,7.373881790062024
1994,senate,31,14812.0,14888.0,29700.0,-0.2558922558922559,-51.19948921734796,same_cycle_federal,50.943596961455704,23.418796470477055,50.943596961455704,19.143650457266112,11.345300693265534,39.59829626819017,19.143650457266112,50.943596961455704,-19.399542713158368,,True,meaningful,structural_residual_predetermined_lag_alpha_30,1.0,-0.038422547162056495,39.636718815352225,26.424479210234814,13.21223960511741
1994,senate,32,11453.0,25770.0,37223.0,-38.46277838970529,-33.75694117099046,same_cycle_state_fallback,-4.705837218714834,-4.705837218714834,,-10.884161150049515,5.12354388234115,-9.829381101055983,-10.884161150049515,-4.705837218714834,-27.578617239655777,,False,meaningful,structural_residual_predetermined_lag_alpha_30,1.0,0.055576133320989436,-9.884957234376973,-6.589971489584649,-3.2949857447923243
1994,senate,34,7326.0,26449.0,33775.0,-56.61880088823094,-40.22078309117594,same_cycle_state_fallback,-16.398017797055005,-16.398017797055005,,-32.06873621097627,5.12354388234115,-21.521561679396154,-32.06873621097627,-16.398017797055005,-24.55006467725467,,False,meaningful,structural_residual_predetermined_lag_alpha_30,1.0,0.0207702462102918,-21.542331925606444,-14.361554617070961,-7.1807773085354825
1994,senate,35,14727.0,10922.0,25649.0,14.834886350345045,-9.078974351556354,same_cycle_state_fallback,23.9138607019014,23.9138607019014,,33.24212871552429,5.12354388234115,18.79031681956025,23.9138607019014,33.24212871552429,-18.40724236517924,,False,meaningful,structural_residual_predetermined_lag_alpha_30,1.0,-0.04982663977066722,18.840143459330918,12.560095639553944,6.280047819776973
1998,house,1,7569.0,5011.0,12580.0,20.333863275039747,9.448775777382265,same_cycle_federal,10.885087497657482,11.680912092725421,10.885087497657482,23.16285783731873,33.088702281569084,-22.203614783911604,10.885087497657482,23.16285783731873,-2.828994562278981,,True,meaningful,structural_residual_predetermined_lag_alpha_30,1.0,-0.22886092206832684,-21.974753861843276,-14.649835907895516,-7.324917953947759
1998,house,2,8178.0,4161.0,12339.0,32.555312424021395,10.775585783807813,same_cycle_federal,21.779726640213582,24.966292487898016,21.779726640213582,32.8169480974968,33.088702281569084,-11.308975641355502,21.779726640213582,32.8169480974968,-0.2616356734754035,,True,meaningful,structural_residual_predetermined_lag_alpha_30,1.0,-0.2583665033039707,-11.05060913805153,-7.3670727587010205,-3.6835363793505103
1998,house,3,10007.0,3867.0,13874.0,44.25544183364567,18.365072004486667,same_cycle_federal,25.890369829159003,25.860735116801955,25.890369829159003,30.078414229671573,33.088702281569084,-7.198332452410082,25.860735116801955,30.078414229671573,14.177027603974096,,True,meaningful,structural_residual_predetermined_lag_alpha_30,1.0,-0.4243040175816986,-6.774028434828383,-4.516018956552255,-2.2580094782761275
1998,house,4,9580.0,7067.0,16647.0,15.095813059410103,-8.494833929974051,same_cycle_federal,23.590646989384155,19.22848075389932,23.590646989384155,22.693427273989258,33.088702281569084,-9.49805529218493,19.22848075389932,23.590646989384155,-7.597614214579154,,True,meaningful,structural_residual_predetermined_lag_alpha_30,1.0,-0.1740571721343239,-9.323998120050605,-6.215998746700404,-3.107999373350202
1998,house,5,8603.0,5573.0,14176.0,21.374153498871333,-8.217613147122167,same_cycle_federal,29.591766645993502,23.298896006138786,29.591766645993502,40.2220125990595,33.088702281569084,-3.496935635575582,23.298896006138786,40.2220125990595,-18.84785910018816,,True,meaningful,structural_residual_predetermined_lag_alpha_30,1.0,-0.044762816039093656,-3.4521728195364885,-2.301448546357659,-1.1507242731788296
1998,house,6,7092.0,6919.0,14011.0,1.2347441296124473,-5.063937837968719,same_cycle_federal,6.2986819675811665,0.9480694952782571,6.2986819675811665,12.630029758476041,33.088702281569084,-26.790020313987917,0.9480694952782571,12.630029758476041,-11.395285628863594,,True,meaningful,structural_residual_predetermined_lag_alpha_30,1.0,-0.1304121239452605,-26.659608190042658,-17.773072126695105,-8.886536063347553
1998,house,8,8892.0,3447.0,12339.0,44.12837345003647,4.082391741078865,same_cycle_federal,40.045981708957605,37.257452630046394,40.045981708957605,,33.088702281569084,6.957279427388521,37.257452630046394,40.045981708957605,,,True,meaningful,structural_residual_predetermined_lag_alpha_30,1.0,0.004071844377988566,6.953207583010532,4.635471722007021,2.317735861003511
1998,house,9,7095.0,6744.0,13839.0,2.536310427053978,-6.41706578867209,same_cycle_federal,8.953376215726069,5.141629740023676,8.953376215726069,,33.088702281569084,-24.135326065843017,5.141629740023676,8.953376215726069,,,True,meaningful,structural_residual_predetermined_lag_alpha_30,1.0,0.004071844377988566,-24.139397910221007,-16.092931940147338,-8.046465970073669
1998,house,10,5253.0,7763.0,13016.0,-19.283958205285803,-14.784641793327816,same_cycle_federal,-4.499316411957986,-8.623030879743997,-4.499316411957986,10.135997592084706,33.088702281569084,-37.58801869352707,-8.623030879743997,10.135997592084706,-29.41995579737051,,True,meaningful,structural_residual_predetermined_lag_alpha_30,1.0,0.07673786674046233,-37.664756560267534,-25.10983770684502,-12.554918853422514
1998,house,11,5806.0,6739.0,12545.0,-7.437225986448785,-26.327732936083287,same_cycle_federal,18.890506949634503,-2.9797293742520923,18.890506949634503,13.897856863244211,33.088702281569084,-14.198195331934581,-2.9797293742520923,18.890506949634503,-21.335082849692995,,True,meaningful,structural_residual_predetermined_lag_alpha_30,1.0,-0.01617819442180308,-14.182017137512778,-9.454678091675184,-4.727339045837594
1998,house,12,8753.0,5069.0,13822.0,26.653161626392706,-29.384037031696067,same_cycle_federal,56.03719865808877,30.65167184129817,56.03719865808877,46.056433237394984,33.088702281569084,22.948496376519685,30.65167184129817,56.03719865808877,-19.40327161100228,,True,meaningful,structural_residual_predetermined_lag_alpha_30,1.0,-0.038379692499729105,22.986876069019413,15.32458404601294,7.662292023006472
1998,house,13,7328.0,5743.0,13071.0,12.126080636523602,-18.788740691836,same_cycle_federal,30.9148213283596,6.174359354798019,30.9148213283596,4.652814594113439,33.088702281569084,-2.1738809532094834,4.652814594113439,30.9148213283596,7.473266042410163,,True,meaningful,structural_residual_predetermined_lag_alpha_30,1.0,-0.347260491566803,-1.8266204616426804,-1.2177469744284535,-0.608873487214227
1998,house,14,8128.0,5311.0,13439.0,20.96138105513803,-15.76014125624685,same_cycle_federal,36.72152231138488,12.506765593938848,36.72152231138488,16.279106654149693,33.088702281569084,3.6328200298157967,12.506765593938848,36.72152231138488,4.682274400988339,,True,meaningful,structural_residual_predetermined_lag_alpha_30,1.0,-0.31518479269855826,3.948004822514355,2.63200321500957,1.3160016075047851
1998,house,16,7292.0,5503.0,12795.0,13.982024228214144,-14.607440315751472,same_cycle_federal,28.589464543965615,7.343211602556863,28.589464543965615,12.629507868339488,33.088702281569084,-4.499237737603469,7.343211602556863,28.589464543965615,1.3525163598746557,,True,meaningful,structural_residual_predetermined_lag_alpha_30,1.0,-0.2769172770794613,-4.222320460524007,-2.8148803070160047,-1.4074401535080026
1998,house,17,9192.0,3673.0,12865.0,42.89933929265449,-22.91758294295417,same_cycle_federal,65.81692223560866,38.33716870967143,65.81692223560866,46.11370434594326,33.088702281569084,32.728219954039574,38.33716870967143,65.81692223560866,-3.214365053288777,,True,meaningful,structural_residual_predetermined_lag_alpha_30,1.0,-0.22443202029775733,32.95265197433733,21.96843464955822,10.98421732477911
1998,house,18,2075.0,1515.0,3590.0,15.598885793871869,3.689986083724952,same_cycle_federal,11.908899710146917,0.5103129673206972,11.908899710146917,6.261079843304541,33.088702281569084,-21.179802571422165,0.5103129673206972,11.908899710146917,9.337805950567327,,True,meaningful,structural_residual_predetermined_lag_alpha_30,1.0,-0.36868886839684123,-20.811113703025324,-13.874075802016883,-6.937037901008441
1998,house,20,5197.0,10929.0,16126.0,-35.5450824755054,-8.47579742057021,same_cycle_federal,-27.069285054935193,-28.120012698975152,-27.069285054935193,-20.288909924030968,33.088702281569084,-60.15798733650428,-28.120012698975152,-20.288909924030968,-15.256172551474435,,True,meaningful,structural_residual_predetermined_lag_alpha_30,1.0,-0.08604056637552131,-60.071946770128754,-40.04796451341917,-20.023982256709587
1998,house,21,6252.0,3352.0,9604.0,30.195751770095796,12.460489429914128,same_cycle_federal,17.73526234018167,11.410852200728968,17.73526234018167,27.952078360054163,33.088702281569084,-15.353439941387414,11.410852200728968,27.952078360054163,2.2436734100416347,,True,meaningful,structural_residual_predetermined_lag_alpha_30,1.0,-0.287158972096114,-15.0662809692913,-10.044187312860867,-5.0220936564304335
1998,house,22,7715.0,3352.0,11067.0,39.42351134001988,1.890208040763227,same_cycle_federal,37.53330329925665,28.125421561866098,37.53330329925665,46.93758687155545,33.088702281569084,4.444601017687567,28.125421561866098,46.93758687155545,-7.514075531535576,,True,meaningful,structural_residual_predetermined_lag_alpha_30,1.0,-0.17501724725650897,4.6196182649440765,3.0797455099627173,1.5398727549813591
1998,house,23,6519.0,3117.0,9636.0,35.30510585305106,20.860772531039554,same_cycle_federal,14.444333322011506,10.288234834642765,14.444333322011506,16.02833374801666,33.088702281569084,-18.64436895955758,10.288234834642765,16.02833374801666,19.2767721050344,,True,meaningful,structural_residual_predetermined_lag_alpha_30,1.0,-0.48291324682240855,-18.16145571273517,-12.107637141823446,-6.053818570911723
1998,house,24,5999.0,6761.0,12760.0,-5.971786833855799,-25.209261175751248,same_cycle_federal,19.23747434189545,-4.227423376190029,19.23747434189545,13.717799399382933,33.088702281569084,-13.851227939673635,-4.227423376190029,19.23747434189545,-19.68958623323873,,True,meaningful,structural_residual_predetermined_lag_alpha_30,1.0,-0.03508919837279104,-13.816138741300843,-9.210759160867228,-4.605379580433615
1998,house,25,8552.0,4112.0,12664.0,35.06001263423879,-33.87115251324282,same_cycle_federal,68.93116514748161,32.82632676804563,68.93116514748161,52.24983470866549,33.088702281569084,35.84246286591252,32.82632676804563,68.93116514748161,-17.189822074426697,,True,meaningful,structural_residual_predetermined_lag_alpha_30,1.0,-0.06381794166592344,35.90628080757845,23.93752053838563,11.968760269192817
1998,house,26,8522.0,3337.0,11859.0,43.72206762796189,-35.63084354218989,same_cycle_federal,79.35291117015178,45.853319667189055,79.35291117015178,62.70041570762905,33.088702281569084,46.2642088885827,45.853319667189055,79.35291117015178,-18.97834807966716,,True,meaningful,structural_residual_predetermined_lag_alpha_30,1.0,-0.04326316080929127,46.30747204939199,30.871648032927993,15.435824016463997
1998,house,27,6706.0,6748.0,13454.0,-0.3121748178980228,-41.59541108761911,same_cycle_federal,41.28323626972109,15.976607998331094,41.28323626972109,27.98703889606387,33.088702281569084,8.194533988152003,15.976607998331094,41.28323626972109,-28.29921371396189,,True,meaningful,structural_residual_predetermined_lag_alpha_30,1.0,0.06385764702111175,8.130676341130892,5.420450894087261,2.710225447043631
1998,house,28,8449.0,3423.0,11872.0,42.33490566037736,-3.240418680489518,same_cycle_federal,45.57532434086688,22.524046443040376,45.57532434086688,35.817262122150254,33.088702281569084,12.486622059297794,22.524046443040376,45.57532434086688,6.517643538227104,,True,meaningful,structural_residual_predetermined_lag_alpha_30,1.0,-0.3362779220667817,12.822899981364575,8.548599987576383,4.274299993788192
1998,house,29,6028.0,4858.0,10886.0,10.74774940290281,-1.729138620120111,same_cycle_federal,12.476888023022921,-9.886643405509888,12.476888023022921,2.6727043839283304,33.088702281569084,-20.61181425854616,-9.886643405509888,12.476888023022921,8.07504501897448,,True,meaningful,structural_residual_predetermined_lag_alpha_30,1.0,-0.35417648549206043,-20.2576377730541,-13.505091848702733,-6.752545924351367
1998,house,30,5511.0,4445.0,9956.0,10.707111289674568,-28.127186258333467,same_cycle_federal,38.83429754800804,10.429206899237396,38.83429754800804,20.77031540040508,33.088702281569084,5.745595266438954,10.429206899237396,38.83429754800804,-10.063204110730515,,True,meaningful,structural_residual_predetermined_lag_alpha_30,1.0,-0.14572117933957338,5.891316445778528,3.927544297185685,1.9637721485928425
1998,house,31,9290.0,5283.0,14573.0,27.496054347080214,-40.8863842303047,same_cycle_federal,68.38243857738492,35.34823797125651,68.38243857738492,51.34958886774277,33.088702281569084,35.29373629581583,35.34823797125651,68.38243857738492,-23.85353452066255,,True,meaningful,structural_residual_predetermined_lag_alpha_30,1.0,0.0127653166275867,35.28097097918825,23.52064731945883,11.760323659729416
1998,house,32,6699.0,1617.0,8316.0,61.11111111111112,28.60229862204373,same_cycle_federal,32.508812489067395,7.589718112698456,32.508812489067395,27.835562931089292,33.088702281569084,-0.5798897925016888,7.589718112698456,32.508812489067395,33.27554818002183,,True,meaningful,structural_residual_predetermined_lag_alpha_30,1.0,-0.643795321580805,0.06390552907911617,0.042603686052744116,0.021301843026372058
1998,house,35,3193.0,5573.0,8766.0,-27.150353639060004,-42.94124083753325,same_cycle_federal,15.790887198473246,-24.206745078072064,15.790887198473246,-8.588704499970454,33.088702281569084,-17.297815083095838,-24.206745078072064,15.790887198473246,-18.56164913908955,,True,meaningful,structural_residual_predetermined_lag_alpha_30,1.0,-0.04805210733937654,-17.24976297575646,-11.49984198383764,-5.74992099191882
1998,house,38,6774.0,3756.0,10530.0,28.66096866096866,-13.125842960013989,same_cycle_federal,41.78681162098265,19.505690804632717,41.78681162098265,20.896219122525018,33.088702281569084,8.698109339413563,19.505690804632717,41.78681162098265,7.764749538443642,,True,meaningful,structural_residual_predetermined_lag_alpha_30,1.0,-0.3506103893970488,9.048719728810612,6.032479819207074,3.016239909603538
1998,house,42,7626.0,7036.0,14662.0,4.024007638794162,-43.01054384682041,same_cycle_federal,47.03455148561457,16.02360571524362,47.03455148561457,28.586171091608136,33.088702281569084,13.945849204045487,16.02360571524362,47.03455148561457,-24.562163452813973,,True,meaningful,structural_residual_predetermined_lag_alpha_30,1.0,0.020909292374298567,13.924939911671188,9.283293274447459,4.6416466372237295
1998,house,49,7321.0,7473.0,14794.0,-1.02744355819927,-54.22914395635842,same_cycle_federal,53.20170039815915,20.243262910309863,53.20170039815915,33.67095741282822,33.088702281569084,20.112998116590063,20.243262910309863,53.20170039815915,-34.698400971027496,,True,meaningful,structural_residual_predetermined_lag_alpha_30,1.0,0.13740082802275017,19.975597288567315,13.317064859044876,6.658532429522438
1998,house,51,3867.0,9661.0,13528.0,-42.829686575990536,-52.33606288447075,same_cycle_federal,9.506376308480213,-13.235414058625707,9.506376308480213,-30.870671347036748,33.088702281569084,-23.58232597308887,-30.870671347036748,9.506376308480213,-11.959015228953788,,True,meaningful,structural_residual_predetermined_lag_alpha_30,1.0,-0.12393341557965697,-23.458392557509214,-15.638928371672808,-7.819464185836406
1998,house,54,7235.0,2252.0,9487.0,52.52450722040688,11.654954954818756,same_cycle_federal,40.869552265588126,3.458287132177496,40.869552265588126,48.07096723344888,33.088702281569084,7.780849984019042,3.458287132177496,48.07096723344888,4.453539986957999,,True,meaningful,structural_residual_predetermined_lag_alpha_30,1.0,-0.3125560438064606,8.093406027825504,5.395604018550335,2.6978020092751684
1998,house,55,8147.0,1906.0,10053.0,62.0809708544713,26.09098233400732,same_cycle_federal,35.98998852046398,1.979772542790073,35.98998852046398,29.383944448684673,33.088702281569084,2.9012862388948975,1.979772542790073,35.98998852046398,32.69702640578663,,True,meaningful,structural_residual_predetermined_lag_alpha_30,1.0,-0.6371466129484719,3.5384328518433694,2.358955234562246,1.1794776172811234
1998,house,60,8726.0,1612.0,10338.0,68.81408396208164,20.265665281623384,same_cycle_federal,48.548418680458255,8.762373889328927,48.548418680458255,73.13527385381914,33.088702281569084,15.45971639888917,8.762373889328927,73.13527385381914,-4.321189891737499,,True,meaningful,structural_residual_predetermined_lag_alpha_30,1.0,-0.21171174565018122,15.671428144539352,10.447618763026234,5.223809381513117
1998,house,62,6081.0,8276.0,14357.0,-15.288709340391447,-29.13408498056295,same_cycle_federal,13.845375640171502,-10.83284209362793,13.845375640171502,-0.9697675726035033,33.088702281569084,-19.24332664139758,-10.83284209362793,13.845375640171502,-14.318941767787944,,True,meaningful,structural_residual_predetermined_lag_alpha_30,1.0,-0.09681176752905186,-19.14651487386853,-12.764343249245686,-6.382171624622844
1998,house,63,3912.0,8672.0,12584.0,-37.82581055308328,-31.748772516331105,same_cycle_federal,-6.077038036752175,-33.04228505834326,-6.077038036752175,-24.974716813256755,33.088702281569084,-39.165740318321255,-33.04228505834326,-6.077038036752175,-12.851093739826524,,True,meaningful,structural_residual_predetermined_lag_alpha_30,1.0,-0.1136811306007564,-39.0520591877205,-26.034706125147,-13.017353062573502
1998,house,64,7423.0,5086.0,12509.0,18.682548565033176,-28.549703723216467,same_cycle_federal,47.23225228824964,20.767157226334522,47.23225228824964,29.5635607760221,33.088702281569084,14.143550006680556,20.767157226334522,47.23225228824964,-10.881012210988926,,True,meaningful,structural_residual_predetermined_lag_alpha_30,1.0,-0.13632245310672203,14.279872459787278,9.519914973191518,4.759957486595759
1998,house,65,9100.0,4002.0,13102.0,38.910090062585866,-26.82559157584116,same_cycle_federal,65.73568163842702,30.485703618384875,65.73568163842702,37.0930213359574,33.088702281569084,32.64697935685794,30.485703618384875,65.73568163842702,1.8170687266284653,,True,meaningful,structural_residual_predetermined_lag_alpha_30,1.0,-0.282256183009303,32.92923553986724,21.952823693244827,10.976411846622415
1998,house,66,6433.0,3146.0,9579.0,34.31464662282075,-30.22851812249363,same_cycle_federal,64.54316474531439,32.43235853445602,64.54316474531439,41.00912785271946,33.088702281569084,31.4544624637453,32.43235853445602,64.54316474531439,-6.694481229898708,,True,meaningful,structural_residual_predetermined_lag_alpha_30,1.0,-0.18443650155425417,31.638898965299557,21.092599310199702,10.546299655099855
1998,house,67,8521.0,3129.0,11650.0,46.28326180257511,14.866755305886434,same_cycle_federal,31.416506496688676,10.336298743571803,31.416506496688676,20.11813715901229,33.088702281569084,-1.672195784880408,10.336298743571803,31.416506496688676,26.165124643562823,,True,meaningful,structural_residual_predetermined_lag_alpha_30,1.0,-0.5620781996818117,-1.1101175851985965,-0.7400783901323976,-0.37003919506619887
1998,house,72,8973.0,4152.0,13125.0,36.73142857142857,4.722904640942872,same_cycle_federal,32.0085239304857,-0.05793665541390425,32.0085239304857,5.665800604772194,33.088702281569084,-1.080178351083383,-0.05793665541390425,32.0085239304857,31.06562796665638,,True,meaningful,structural_residual_predetermined_lag_alpha_30,1.0,-0.6183976334491966,-0.46178071763418627,-0.30785381175612414,-0.15392690587806213
1998,house,79,5971.0,8356.0,14327.0,-16.646890486494033,-26.235322779864248,same_cycle_federal,9.588432293370214,-9.2113848928466,9.588432293370214,6.450222374398354,33.088702281569084,-23.50026998819887,-9.2113848928466,9.588432293370214,-23.097112860892388,,True,meaningful,structural_residual_predetermined_lag_alpha_30,1.0,0.004072079064236175,-23.504342067263106,-15.669561378175404,-7.834780689087703
1998,house,80,6462.0,3544.0,10006.0,29.1625024985009,-21.75128420656879,same_cycle_federal,50.91378670506969,19.97981102219491,50.91378670506969,23.421053991167664,33.088702281569084,17.825084423500606,19.97981102219491,50.91378670506969,5.741448507333235,,True,meaningful,structural_residual_predetermined_lag_alpha_30,1.0,-0.3273574374245216,18.152441860925126,12.101627907283417,6.050813953641709
1998,house,81,10313.0,3723.0,14036.0,46.9506982046167,-23.952300843258552,same_cycle_federal,70.90299904787526,42.971765956591796,70.90299904787526,58.31002073345303,33.088702281569084,37.81429676630617,42.971765956591796,70.90299904787526,-11.359322528836326,,True,meaningful,structural_residual_predetermined_lag_alpha_30,1.0,-0.13082543280284473,37.945122199109015,25.296748132739342,12.648374066369673
1998,house,84,7634.0,5519.0,13153.0,16.079981753212195,-17.329174025413838,same_cycle_federal,33.40915577862603,-5.30544967608995,33.40915577862603,7.333971105270008,33.088702281569084,0.3204534970569455,-5.30544967608995,33.40915577862603,8.746010647942187,,True,meaningful,structural_residual_predetermined_lag_alpha_30,1.0,-0.3618876126578683,0.6823411097148138,0.4548940731432092,0.2274470365716046
1998,house,86,7116.0,4227.0,11343.0,25.469452525786828,-54.98560713688717,same_cycle_federal,80.45505966267399,40.37909027191552,80.45505966267399,60.030503903940975,33.088702281569084,47.366357381104905,40.37909027191552,80.45505966267399,-34.56105137815415,,True,meaningful,structural_residual_predetermined_lag_alpha_30,1.0,0.13582232663446325,47.230535054470444,31.487023369646963,15.743511684823481
1998,house,87,5434.0,7910.0,13344.0,-18.55515587529976,-58.60802568154592,same_cycle_federal,40.05286980624616,-1.0719445008914903,40.05286980624616,18.036629183501738,33.088702281569084,6.964167524677073,-1.0719445008914903,40.05286980624616,-36.5917850588015,,True,meaningful,structural_residual_predetermined_lag_alpha_30,1.0,0.15916069893745716,6.805006825739616,4.536671217159744,2.2683356085798723
1998,house,89,8669.0,7102.0,15771.0,9.935958404666794,-37.74066157069922,same_cycle_federal,47.67661997536601,5.623772615955703,47.67661997536601,24.521577062069426,33.088702281569084,14.587917693796925,5.623772615955703,47.67661997536601,-14.585618657402634,,True,meaningful,structural_residual_predetermined_lag_alpha_30,1.0,-0.09374696164448701,14.681664655441411,9.78777643696094,4.8938882184804715
1998,house,91,6575.0,6296.0,12871.0,2.167663740191127,-42.9131361575804,same_cycle_federal,45.08079989777153,-0.42691257222489654,45.08079989777153,22.4944963926231,33.088702281569084,11.992097616202443,-0.42691257222489654,45.08079989777153,-20.32683265243197,,True,meaningful,structural_residual_predetermined_lag_alpha_30,1.0,-0.027765591972989466,12.019863208175433,8.013242138783621,4.006621069391812
1998,house,95,3692.0,11126.0,14818.0,-50.1687137265488,-60.10384172684932,same_cycle_federal,9.935128000300516,-21.74479137064516,9.935128000300516,-8.581588204191242,33.088702281569084,-23.15357428126857,-21.74479137064516,9.935128000300516,-41.58712552235756,,True,meaningful,structural_residual_predetermined_lag_alpha_30,1.0,0.21657005626959022,-23.370144337538157,-15.580096225025438,-7.79004811251272
1998,house,96,3635.0,7050.0,10685.0,-31.96069255966308,-46.499612913917744,same_cycle_federal,14.538920354254664,-22.724903818325735,14.538920354254664,-22.01025476022479,33.088702281569084,-18.54978192731442,-22.724903818325735,14.538920354254664,-9.95043779943829,,True,meaningful,structural_residual_predetermined_lag_alpha_30,1.0,-0.14701715536107426,-18.402764771953347,-12.268509847968897,-6.13425492398445
1998,house,102,2587.0,8379.0,10966.0,-52.81780047419296,-66.24563796665005,same_cycle_federal,13.427837492457094,-23.50511824818934,13.427837492457094,-42.867362674754666,33.088702281569084,-19.66086478911199,-42.867362674754666,13.427837492457094,-9.950437799438289,,True,meaningful,structural_residual_predetermined_lag_alpha_30,1.0,-0.1470171553610743,-19.513847633750917,-13.009231755833945,-6.504615877916972
1998,house,104,4411.0,7014.0,11425.0,-22.783369803063454,-55.396323160298174,same_cycle_federal,32.612953357234716,-2.136157491201107,32.612953357234716,-12.832932003625157,33.088702281569084,-0.47574892433436844,-12.832932003625157,32.612953357234716,-9.950437799438298,,True,meaningful,structural_residual_predetermined_lag_alpha_30,1.0,-0.14701715536107418,-0.32873176897329426,-0.21915451264886282,-0.10957725632443144
1998,house,105,3915.0,5284.0,9199.0,-14.882052396999674,-50.26894826036812,same_cycle_federal,35.386895863368444,-0.7031606928836052,35.386895863368444,-4.93161459756138,33.088702281569084,2.29819358179936,-4.93161459756138,35.386895863368444,-9.950437799438294,,True,meaningful,structural_residual_predetermined_lag_alpha_30,1.0,-0.14701715536107424,2.4452107371604344,1.6301404914402895,0.8150702457201449
1998,senate,1,27746.0,11300.0,39046.0,42.11955129846847,13.061500183324428,same_cycle_federal,29.058051115144046,30.317667342709647,29.058051115144046,38.45789781642314,31.89794955670315,-2.8398984415591038,29.058051115144046,38.45789781642314,3.661653482045328,,True,meaningful,structural_residual_predetermined_lag_alpha_30,1.0,-0.3034552236203902,-2.5364432179387135,-1.6909621452924757,-0.8454810726462378
1998,senate,2,27007.0,17970.0,44977.0,20.092491717989198,-7.323249923496613,same_cycle_federal,27.41574164148581,22.138282116511142,27.41574164148581,33.16261075368605,31.89794955670315,-4.482207915217341,22.138282116511142,33.16261075368605,-13.070119035696855,,True,meaningful,structural_residual_predetermined_lag_alpha_30,1.0,-0.11116396454027835,-4.371043950677063,-2.914029300451375,-1.4570146502256875
1998,senate,3,28721.0,10265.0,38986.0,47.34007079464424,-5.24182868586648,same_cycle_federal,52.58189948051072,41.113447107449495,52.58189948051072,41.294609803393286,31.89794955670315,20.68394992380757,41.113447107449495,52.58189948051072,6.045460991250958,,True,meaningful,structural_residual_predetermined_lag_alpha_30,1.0,-0.3308513256689752,21.014801249476545,14.00986749965103,7.004933749825515
1998,senate,4,21073.0,17994.0,39067.0,7.881332070545473,-23.61749527848059,same_cycle_federal,31.49882734902606,14.196313928456224,31.49882734902606,31.85233740119877,31.89794955670315,-0.39912220767708817,14.196313928456224,31.85233740119877,-23.9710053306533,,True,meaningful,structural_residual_predetermined_lag_alpha_30,1.0,0.014115359483735325,-0.4132375671608235,-0.27549171144054896,-0.13774585572027453
1998,senate,5,19072.0,23000.0,42072.0,-9.336375736832098,-32.884742663739736,same_cycle_federal,23.54836692690764,-0.5770999535361643,23.54836692690764,-6.18026239426087,31.89794955670315,-8.34958262979551,-6.18026239426087,23.54836692690764,-3.156113342571228,,True,meaningful,structural_residual_predetermined_lag_alpha_30,1.0,-0.225101482829929,-8.12448114696558,-5.41632076464372,-2.7081603823218607
1998,senate,6,25336.0,12367.0,37703.0,34.39779327904941,-12.72813701411022,same_cycle_federal,47.12593029315963,26.50463004851514,47.12593029315963,33.96477997615042,31.89794955670315,15.227980736456477,26.50463004851514,47.12593029315963,0.4330133028989902,,True,meaningful,structural_residual_predetermined_lag_alpha_30,1.0,-0.26634981326973206,15.49433054972621,10.329553699817472,5.164776849908737
1998,senate,7,17884.0,18419.0,36303.0,-1.4737074071013414,15.43812125757296,same_cycle_federal,-16.9118286646743,-20.546900997485377,-16.9118286646743,-3.9066756990200657,31.89794955670315,-48.80977822137745,-20.546900997485377,-3.9066756990200657,2.432968291918724,,True,meaningful,structural_residual_predetermined_lag_alpha_30,1.0,-0.28933445895113596,-48.52044376242631,-32.34696250828421,-16.173481254142104
1998,senate,8,20594.0,12488.0,33082.0,24.502750740584,-3.583622298421304,same_cycle_federal,28.086373039005302,14.218654236659184,28.086373039005302,27.70379127859272,31.89794955670315,-3.8115765176978478,14.218654236659184,28.086373039005302,-3.2010405380087223,,True,meaningful,structural_residual_predetermined_lag_alpha_30,1.0,-0.22458515337538654,-3.5869913643224614,-2.391327576214974,-1.1956637881074874
1998,senate,9,24770.0,13441.0,38211.0,29.64853052785847,-36.932684214772685,same_cycle_federal,66.58121474263115,35.074890992933064,66.58121474263115,51.11014341742832,31.89794955670315,34.68326518592799,35.074890992933064,66.58121474263115,-21.461612889569853,,True,meaningful,structural_residual_predetermined_lag_alpha_30,1.0,-0.01472403762797996,34.69798922355597,23.13199281570398,11.56599640785199
1998,senate,10,22446.0,14783.0,37229.0,20.58341615407344,-12.563071978014506,same_cycle_federal,33.146488132087946,8.025539895675273,33.146488132087946,18.79255884204004,31.89794955670315,1.2485385753847957,8.025539895675273,33.146488132087946,1.7908573120333997,,True,meaningful,structural_residual_predetermined_lag_alpha_30,1.0,-0.2819549461911828,1.5304935215759785,1.0203290143839856,0.5101645071919929
1998,senate,11,18433.0,16692.0,35125.0,4.956583629893238,-29.092814110261017,same_cycle_federal,34.049397740154255,2.5005781361277215,34.049397740154255,16.66741995651868,31.89794955670315,2.1514481834511052,2.5005781361277215,34.049397740154255,-11.710836326625438,,True,meaningful,structural_residual_predetermined_lag_alpha_30,1.0,-0.12678563183799027,2.2782338152890955,1.5188225435260636,0.7594112717630319
1998,senate,12,15497.0,16102.0,31599.0,-1.9146175511883288,-26.12697832135769,same_cycle_federal,24.21236077016936,-12.845558720138484,24.21236077016936,4.782407342557876,31.89794955670315,-7.685588786533788,-12.845558720138484,24.21236077016936,-6.697024893746205,,True,meaningful,structural_residual_predetermined_lag_alpha_30,1.0,-0.1844072682902116,-7.501181518243577,-5.000787678829051,-2.500393839414526
1998,senate,13,22513.0,10206.0,32719.0,37.61423026376112,-16.600160626802825,same_cycle_federal,54.21439089056395,25.576062821997475,54.21439089056395,34.17011488645236,31.89794955670315,22.316441333860798,25.576062821997475,54.21439089056395,3.444115377308764,,True,meaningful,structural_residual_predetermined_lag_alpha_30,1.0,-0.3009551492252035,22.617396483086,15.078264322057333,7.539132161028668
1998,senate,14,11302.0,33491.0,44793.0,-49.53675797557654,-51.77142914383617,same_cycle_federal,2.2346711682596307,-25.807450770917207,2.2346711682596307,-11.14697410779182,31.89794955670315,-29.66327838844352,-25.807450770917207,2.2346711682596307,-38.38978386778472,,True,meaningful,structural_residual_predetermined_lag_alpha_30,1.0,0.17982434676301223,-29.843102735206532,-19.89540182347102,-9.947700911735513
1998,senate,16,11193.0,42057.0,53250.0,-57.96056338028169,-65.2497723333137,same_cycle_federal,7.289208953032009,-16.956081974428002,7.289208953032009,-33.93365382846785,31.89794955670315,-24.60874060367114,-33.93365382846785,7.289208953032009,-24.026909551813844,,True,meaningful,structural_residual_predetermined_lag_alpha_30,1.0,0.014757843300883528,-24.623498446972025,-16.41566563131468,-8.207832815657344
1998,senate,18,6210.0,2670.0,8880.0,39.86486486486486,19.18287960472632,same_cycle_federal,20.681985260138543,-14.885681155007326,20.681985260138543,28.33056229019291,31.89794955670315,-11.215964296564607,-14.885681155007326,28.33056229019291,11.534302574671957,,True,meaningful,structural_residual_predetermined_lag_alpha_30,1.0,-0.39393228483502324,-10.822032011729585,-7.214688007819722,-3.607344003909862
1998,senate,20,23173.0,5710.0,28883.0,60.46117093099748,15.871593109977796,same_cycle_federal,44.58957782101969,0.7617930213807398,44.58957782101969,58.10489840244689,31.89794955670315,12.691628264316538,0.7617930213807398,58.10489840244689,2.3562725285505883,,True,meaningful,structural_residual_predetermined_lag_alpha_30,1.0,-0.28845302664092914,12.980081290957468,8.653387527304979,4.326693763652489
1998,senate,21,20049.0,19991.0,40040.0,0.1448551448551448,-27.95415435918827,same_cycle_federal,28.099009504043416,3.3684383949344743,28.099009504043416,11.795692427736615,31.89794955670315,-3.7989400526597343,3.3684383949344743,28.099009504043416,-11.65083728288147,,True,meaningful,structural_residual_predetermined_lag_alpha_30,1.0,-0.12747517573735279,-3.6714648769223817,-2.4476432512815878,-1.2238216256407939
1998,senate,22,19750.0,15273.0,35023.0,12.783028295691404,-26.71644302359613,same_cycle_federal,39.49947131928754,9.836933829938923,39.49947131928754,16.526156608262394,31.89794955670315,7.601521762584387,9.836933829938923,39.49947131928754,-3.74312831257099,,True,meaningful,structural_residual_predetermined_lag_alpha_30,1.0,-0.21835516545318756,7.819876928037575,5.213251285358383,2.606625642679192
1998,senate,24,24295.0,8396.0,32691.0,48.6341806613441,3.838264416458678,same_cycle_federal,44.79591624488542,5.796640383214374,44.79591624488542,15.333174384066702,31.89794955670315,12.897966688182269,5.796640383214374,44.79591624488542,33.301006277277395,,True,meaningful,structural_residual_predetermined_lag_alpha_30,1.0,-0.6440879008380155,13.542054589020283,9.028036392680189,4.5140181963400945
1998,senate,25,12836.0,34341.0,47177.0,-45.583653051274986,-48.62551760813545,same_cycle_federal,3.0418645568604674,-29.913099120728,3.0418645568604674,-34.010023663483,31.89794955670315,-28.856084999842682,-34.010023663483,3.0418645568604674,-11.573629387791993,,True,meaningful,structural_residual_predetermined_lag_alpha_30,1.0,-0.1283624937630992,-28.727722506079584,-19.151815004053056,-9.575907502026528
1998,senate,26,22446.0,5528.0,27974.0,60.47758633016373,22.3875034772324,same_cycle_federal,38.09008285293133,4.470140225660074,38.09008285293133,43.9011816566116,31.89794955670315,6.192133296228182,4.470140225660074,43.9011816566116,16.57640467355213,,True,meaningful,structural_residual_predetermined_lag_alpha_30,1.0,-0.4518790540715784,6.64401235029976,4.429341566866507,2.2146707834332533
1998,senate,27,24332.0,13807.0,38139.0,27.596423608379872,-24.21795417176303,same_cycle_federal,51.814377780142905,26.561892408729783,51.814377780142905,32.61914272309361,31.89794955670315,19.916428223439755,26.561892408729783,51.814377780142905,-5.022719114713739,,True,meaningful,structural_residual_predetermined_lag_alpha_30,1.0,-0.2036493638896983,20.120077587329455,13.413385058219635,6.706692529109819
1998,senate,29,13154.0,20240.0,33394.0,-21.21938072707672,-46.929593908151446,same_cycle_federal,25.710213181074725,-14.110230656476954,25.710213181074725,6.269745056498607,31.89794955670315,-6.187736375628425,-14.110230656476954,25.710213181074725,-27.48912578357533,,True,meaningful,structural_residual_predetermined_lag_alpha_30,1.0,0.05454764546960523,-6.242284021098031,-4.16152268073202,-2.080761340366011
1998,senate,30,31647.0,13985.0,45632.0,38.70529453015428,-39.644411572338605,same_cycle_federal,78.34970610249289,40.695733760605854,78.34970610249289,53.56757491103384,31.89794955670315,46.451756545789735,40.695733760605854,78.34970610249289,-14.862280380879556,,True,meaningful,structural_residual_predetermined_lag_alpha_30,1.0,-0.09056740424312748,46.54232395003286,31.02821596668857,15.514107983344289
1998,senate,31,18970.0,19441.0,38411.0,-1.2262112415714248,-45.49532011005181,same_cycle_federal,44.26910886848038,2.4489406359993304,44.26910886848038,19.984469304313784,31.89794955670315,12.37115931177723,2.4489406359993304,44.26910886848038,-21.210680545885207,,True,meaningful,structural_residual_predetermined_lag_alpha_30,1.0,-0.017607898035469836,12.3887672098127,8.259178139875132,4.129589069937568
1998,senate,32,13643.0,29577.0,43220.0,-36.86719111522444,-55.971169335232375,same_cycle_federal,19.10397822000793,-12.906257308760573,19.10397822000793,-3.73921177808014,31.89794955670315,-12.793971336695218,-12.906257308760573,19.10397822000793,-33.1279793371443,,True,meaningful,structural_residual_predetermined_lag_alpha_30,1.0,0.11935262942658643,-12.913323966121805,-8.608882644081202,-4.304441322040603
1998,senate,35,11622.0,16359.0,27981.0,-16.92934491261928,-27.895547211479062,same_cycle_federal,10.966202298859784,-18.819821973169347,10.966202298859784,-6.978907113180979,31.89794955670315,-20.931747257843366,-18.819821973169347,10.966202298859784,-9.9504377994383,,True,meaningful,structural_residual_predetermined_lag_alpha_30,1.0,-0.14701715536107418,-20.784730102482293,-13.856486734988195,-6.9282433674940975
2002,house,1,8540.0,4772.0,13312.0,28.30528846153846,17.236300237228942,same_cycle_federal,11.068988224309518,35.954065876993035,11.068988224309518,37.62221550703742,16.980920965387465,-5.911932741077948,11.068988224309518,37.62221550703742,-9.316927045498955,,True,meaningful,structural_residual_predetermined_lag_alpha_30,1.0,-0.1542978293235376,-5.75763491175441,-3.83842327450294,-1.91921163725147
2002,house,2,5356.0,5800.0,11156.0,-3.979921118680531,19.62408438797729,same_cycle_federal,-23.60400550665782,3.2674384427646914,-23.60400550665782,11.437724810294325,16.980920965387465,-40.58492647204528,-23.60400550665782,11.437724810294325,-15.417645928974856,,True,meaningful,structural_residual_predetermined_lag_alpha_30,1.0,-0.08418482042663579,-40.50074165161865,-23.556769208978434,-16.943972442640213
2002,house,3,8856.0,4299.0,13155.0,34.640820980615736,26.135048668736843,same_cycle_federal,8.505772311878893,25.69553051158025,8.505772311878893,32.963957144439554,16.980920965387465,-8.475148653508572,8.505772311878893,32.963957144439554,1.6768638361761818,,True,meaningful,structural_residual_predetermined_lag_alpha_30,1.0,-0.28064486688092083,-8.194503786627651,-4.213866403210178,-3.9806373834174735
2002,house,4,7140.0,7790.0,14930.0,-4.3536503683858,15.998344140359109,same_cycle_federal,-20.35199450874491,18.90874475544139,-20.35199450874491,23.38233684872365,16.980920965387465,-37.33291547413238,-20.35199450874491,23.38233684872365,-27.73598721710945,,True,meaningful,structural_residual_predetermined_lag_alpha_30,1.0,0.057384720610464436,-37.39030019474284,-25.787922067731543,-11.6023781270113
2002,house,5,7556.0,5881.0,13437.0,12.465580114608915,13.96598866243518,same_cycle_federal,-1.5004085478262645,30.29248097928401,-1.5004085478262645,38.93554907343291,16.980920965387465,-18.48132951321373,-1.5004085478262645,38.93554907343291,-26.46996895882399,,True,meaningful,structural_residual_predetermined_lag_alpha_30,1.0,0.042834902613239356,-18.52416441582697,-12.349442943884647,-6.174721471942323
2002,house,6,6659.0,4883.0,11542.0,15.38728123375498,14.375129368827652,same_cycle_federal,1.0121518649273273,21.73462217719946,1.0121518649273273,25.91475011582279,16.980920965387465,-15.968769100460138,1.0121518649273273,25.91475011582279,-10.527468882067812,,True,meaningful,structural_residual_predetermined_lag_alpha_30,1.0,-0.14038557862349121,-15.828383521836647,-6.874803194448333,-8.953580327388314
2002,house,7,7905.0,1933.0,9838.0,60.70339499898353,35.006094512173306,same_cycle_federal,25.697300486810228,56.40257828473937,25.697300486810228,61.674270998441216,16.980920965387465,8.716379521422763,25.697300486810228,61.674270998441216,-0.9708759994576844,,True,meaningful,structural_residual_predetermined_lag_alpha_30,1.0,-0.25021550106383716,8.9665950224866,6.542056097031264,2.4245389254553356
2002,house,8,8386.0,2949.0,11335.0,47.96647551830613,22.71067212405356,same_cycle_federal,25.255803394252574,55.63710815911592,25.255803394252574,58.76562074158676,16.980920965387465,8.274882428865109,25.255803394252574,58.76562074158676,-10.799145223280624,,True,meaningful,structural_residual_predetermined_lag_alpha_30,1.0,-0.13726331613404522,8.412145744999155,5.608097163332769,2.804048581666385
2002,house,9,7808.0,6047.0,13855.0,12.710212919523638,17.24011702964031,same_cycle_federal,-4.5299041101166715,33.76405500519107,-4.5299041101166715,40.35948358172925,16.980920965387465,-21.510825075504137,-4.5299041101166715,40.35948358172925,-27.64927066220561,,True,meaningful,structural_residual_predetermined_lag_alpha_30,1.0,0.05638812353697043,-21.567213199041106,-12.105455884695616,-9.46175731434549
2002,house,10,4198.0,8344.0,12542.0,-33.05692871950247,-3.1039841134820243,same_cycle_federal,-29.95294460602045,-6.019855116478347,-29.95294460602045,-6.350736835453244,16.980920965387465,-46.933865571407914,-29.95294460602045,-6.019855116478347,-26.70619188404923,,True,meaningful,structural_residual_predetermined_lag_alpha_30,1.0,0.04554971383045985,-46.979415285238375,-36.3256382206629,-10.653777064575472
2002,house,11,5797.0,7737.0,13534.0,-14.334269247820304,6.860156002206105,same_cycle_federal,-21.19442525002641,11.094046122410857,-21.19442525002641,18.756448511803484,16.980920965387465,-38.175346215413875,-21.19442525002641,18.756448511803484,-33.090717759623786,,True,meaningful,structural_residual_predetermined_lag_alpha_30,1.0,0.11892439771060215,-38.294270613124475,-24.07000938463463,-14.224261228489844
2002,house,12,9445.0,5023.0,14468.0,30.56400331766657,-30.333693729382144,same_cycle_federal,60.897697047048716,53.10672586338626,60.897697047048716,61.01792249978829,16.980920965387465,43.916776081661254,53.10672586338626,61.01792249978829,-30.45391918212172,,True,meaningful,structural_residual_predetermined_lag_alpha_30,1.0,0.08862077519416715,43.82815530646709,31.173687434991564,12.654467871475525
2002,house,13,7445.0,4560.0,12005.0,24.03165347771762,-15.51210420451541,same_cycle_federal,39.54375768223303,28.46553259917264,39.54375768223303,,16.980920965387465,22.562836716845563,28.46553259917264,39.54375768223303,,,True,meaningful,structural_residual_predetermined_lag_alpha_30,1.0,0.004071844377988566,22.558764872467574,17.046570159269496,5.5121947131980775
2002,house,14,7658.0,4223.0,11881.0,28.91170776870634,-9.957039831109183,same_cycle_federal,38.86874759981552,27.485279123863524,38.86874759981552,47.3956640413729,16.980920965387465,21.887826634428055,27.485279123863524,47.3956640413729,-18.483956272666564,,True,meaningful,structural_residual_predetermined_lag_alpha_30,1.0,-0.04894499893769208,21.936771633365748,10.241334044789678,11.69543758857607
2002,house,16,8243.0,6693.0,14936.0,10.3776111408677,-15.858642015678443,same_cycle_federal,26.23625315654614,18.553357093514848,26.23625315654614,31.29923182516194,16.980920965387465,9.255332191158676,18.553357093514848,31.29923182516194,-20.92162068429424,,True,meaningful,structural_residual_predetermined_lag_alpha_30,1.0,-0.020929942049390637,9.276262133208066,6.184174755472044,3.0920873777360223
2002,house,17,7283.0,6884.0,14167.0,2.8164043198983557,-22.70857265749617,same_cycle_federal,25.524976977394527,14.954624264493932,25.524976977394527,28.479541182139613,16.980920965387465,8.544056012007061,14.954624264493932,28.479541182139613,-25.663136862241256,,True,meaningful,structural_residual_predetermined_lag_alpha_30,1.0,0.033562318997031056,8.51049369301003,8.604122738293622,-0.09362904528359195
2002,house,20,6779.0,11903.0,18682.0,-27.42747029225993,-1.6872940269614247,same_cycle_federal,-25.740176265298505,8.038440455125507,-25.740176265298505,6.590802349246207,16.980920965387465,-42.72109723068597,-25.740176265298505,8.038440455125507,-34.01827264150614,,True,meaningful,structural_residual_predetermined_lag_alpha_30,1.0,0.12958439777418954,-42.85068162846016,-26.823360656575232,-16.027320971884926
2002,house,21,5672.0,5156.0,10828.0,4.765422977465829,17.95745737820342,same_cycle_federal,-13.19203440073759,10.92961326835454,-13.19203440073759,12.244953450360462,16.980920965387465,-30.172955366125056,-13.19203440073759,12.244953450360462,-7.479530472894633,,True,meaningful,structural_residual_predetermined_lag_alpha_30,1.0,-0.1754142591579091,-29.997541106967148,-15.816358517899355,-14.181182589067793
2002,house,22,7563.0,4095.0,11658.0,29.747812660833763,14.321269044739076,same_cycle_federal,15.426543616094687,38.795694836924724,15.426543616094687,48.26673501199534,16.980920965387465,-1.5543773492927784,15.426543616094687,48.26673501199534,-18.51892235116157,,True,meaningful,structural_residual_predetermined_lag_alpha_30,1.0,-0.04854314843131153,-1.505834200861467,-1.003889467240978,-0.501944733620489
2002,house,24,4165.0,8585.0,12750.0,-34.666666666666664,-32.50602234426444,same_cycle_federal,-2.160644322402227,-16.127203071782297,-2.160644322402227,-3.1817430359738132,16.980920965387465,-19.141565287789692,-16.127203071782297,-2.160644322402227,-31.48492363069285,,True,meaningful,structural_residual_predetermined_lag_alpha_30,1.0,0.10046967783270794,-19.242034965622402,-9.432513875203583,-9.80952109041882
2002,house,25,5148.0,8993.0,14141.0,-27.190439148575063,-8.235206803599718,same_cycle_federal,-18.955232344975343,6.876838883552555,-18.955232344975343,9.512858431148725,16.980920965387465,-35.93615331036281,-18.955232344975343,9.512858431148725,-36.70329757972379,,True,meaningful,structural_residual_predetermined_lag_alpha_30,1.0,0.16044226567096415,-36.09659557603378,-24.064397050689184,-12.032198525344594
2002,house,26,7069.0,4459.0,11528.0,22.640527411519777,-39.6488076777782,same_cycle_federal,62.28933508929798,46.49500113170564,62.28933508929798,45.753298418149555,16.980920965387465,45.30841412391051,45.753298418149555,62.28933508929798,-23.11277100662978,,True,meaningful,structural_residual_predetermined_lag_alpha_30,1.0,0.004252031580056636,45.30416209233045,31.246593034154465,14.057569058175986
2002,house,27,7724.0,4789.0,12513.0,23.455606169583632,5.554516066692663,same_cycle_federal,17.90109010289097,41.582095924443536,17.90109010289097,,16.980920965387465,0.9201691375035033,17.90109010289097,41.582095924443536,,,True,meaningful,structural_residual_predetermined_lag_alpha_30,1.0,0.004071844377988566,0.9160972931255147,0.6107315287503431,0.3053657643751716
2002,house,28,7925.0,4394.0,12319.0,28.6630408312363,-8.71655923757463,same_cycle_federal,37.37960006881093,21.37196093893337,37.37960006881093,33.525807296930886,16.980920965387465,20.398679103423465,21.37196093893337,37.37960006881093,-4.862766465694584,,True,meaningful,structural_residual_predetermined_lag_alpha_30,1.0,-0.2054876327425935,20.604166736166057,14.201421155011676,6.402745581154381
2002,house,29,7429.0,3942.0,11371.0,30.665728607862107,-7.932037019376564,same_cycle_federal,38.59776562723867,24.927718990372597,38.59776562723867,44.762907196558345,16.980920965387465,21.616844661851207,24.927718990372597,44.762907196558345,-14.097178588696238,,True,meaningful,structural_residual_predetermined_lag_alpha_30,1.0,-0.09936039893555314,21.71620506078676,13.311834864623487,8.404370196163272
2002,house,31,8723.0,5659.0,14382.0,21.30440828813795,-40.52713971249889,same_cycle_federal,61.831548000636836,52.48268554752343,61.831548000636836,57.10382308672639,16.980920965387465,44.850627035249374,52.48268554752343,61.831548000636836,-35.799414798588444,,True,meaningful,structural_residual_predetermined_lag_alpha_30,1.0,0.15005431915417733,44.700572716095195,29.80038181073013,14.900190905365065
2002,house,32,10862.0,4158.0,15020.0,44.63382157123835,14.561729519496494,same_cycle_federal,30.072092051741855,21.01833224802605,30.072092051741855,28.67553922093542,16.980920965387465,13.09117108635439,21.01833224802605,30.072092051741855,15.95828235030293,,True,meaningful,structural_residual_predetermined_lag_alpha_30,1.0,-0.44477523290277676,13.535946319257166,8.057909837214538,5.4780364820426275
2002,house,33,4539.0,7313.0,11852.0,-23.405332433344583,-12.737652842976434,same_cycle_federal,-10.667679590368149,-16.28877684399977,-10.667679590368149,-11.708296240851794,16.980920965387465,-27.648600555755614,-16.28877684399977,-10.667679590368149,-11.697036192492789,,True,meaningful,structural_residual_predetermined_lag_alpha_30,1.0,-0.12694423100403965,-27.521656324751575,-21.79349300795726,-5.728163316794316
2002,house,35,10970.0,8290.0,19260.0,13.91484942886812,-25.87758710413746,same_cycle_federal,39.792436533005585,28.555135493460707,39.792436533005585,35.51642655717963,16.980920965387465,22.81151556761812,28.555135493460707,39.792436533005585,-21.601577128311504,,True,meaningful,structural_residual_predetermined_lag_alpha_30,1.0,-0.013115487208992234,22.824631054827112,21.35874095064692,1.4658901041801933
2002,house,36,7395.0,14626.0,22021.0,-32.83683756414332,-30.013319175544066,same_cycle_federal,-2.8235183885992576,-14.719114382222344,-2.8235183885992576,2.0817596965386898,16.980920965387465,-19.804439353986723,-14.719114382222344,2.0817596965386898,-34.91859726068201,,True,meaningful,structural_residual_predetermined_lag_alpha_30,1.0,0.13993145182471362,-19.944370805811438,-14.590636903282963,-5.353733902528475
2002,house,37,12333.0,4166.0,16499.0,49.49996969513304,-15.115005011736606,same_cycle_federal,64.61497470686965,64.79882187775814,64.61497470686965,70.71205817355525,16.980920965387465,47.63405374148218,64.61497470686965,70.71205817355525,-21.212088478422203,,True,meaningful,structural_residual_predetermined_lag_alpha_30,1.0,-0.01759171725606038,47.65164545873824,34.388187621237904,13.263457837500333
2002,house,38,7740.0,10452.0,18192.0,-14.907651715039576,-7.843351054939381,same_cycle_federal,-7.064300660100194,-5.43352326475434,-7.064300660100194,-3.6959809898774534,16.980920965387465,-24.04522162548766,-7.064300660100194,-3.6959809898774534,-11.211670725162122,,True,meaningful,structural_residual_predetermined_lag_alpha_30,1.0,-0.13252233318825551,-23.912699292299404,-14.746993767166709,-9.165705525132696
2002,house,40,12514.0,10360.0,22874.0,9.416805106234152,-24.913052050689803,same_cycle_federal,34.32985715692396,20.793615402721414,34.32985715692396,33.75704859509229,16.980920965387465,17.34893619153649,20.793615402721414,34.32985715692396,-24.340243488858142,,True,meaningful,structural_residual_predetermined_lag_alpha_30,1.0,0.01835885910497044,17.33057733243152,11.47602336657723,5.85455396585429
2002,house,41,2566.0,11782.0,14348.0,-64.23194870365208,-56.544281145049695,same_cycle_federal,-7.687667558602385,-16.699812730634285,-7.687667558602385,,16.980920965387465,-24.66858852398985,-16.699812730634285,-7.687667558602385,,,True,meaningful,structural_residual_predetermined_lag_alpha_30,1.0,0.004071844377988566,-24.67266036836784,-16.44844024557856,-8.22422012278928
2002,house,42,8663.0,6009.0,14672.0,18.08887677208288,-36.32701647194668,same_cycle_federal,54.41589324402956,44.274118155507594,54.41589324402956,53.45735444825286,16.980920965387465,37.43497227864209,44.274118155507594,54.41589324402956,-35.36847767616998,,True,meaningful,structural_residual_predetermined_lag_alpha_30,1.0,0.14510173915906105,37.28987053948303,26.12965219184251,11.160218347640523
2002,house,50,3345.0,8995.0,12340.0,-45.78606158833063,-48.02137228199802,same_cycle_federal,2.2353106936673868,-8.76366027982526,2.2353106936673868,0.9688074596864098,16.980920965387465,-14.745610271720079,-8.76366027982526,2.2353106936673868,-46.75486904801704,,True,meaningful,structural_residual_predetermined_lag_alpha_30,1.0,0.2759607698415347,-15.021571041561613,-10.517413073380183,-4.504157968181429
2002,house,59,8484.0,2004.0,10488.0,61.78489702517162,48.56310626369663,same_cycle_federal,13.221790761474985,8.106082967199214,13.221790761474985,,16.980920965387465,-3.7591302039124805,8.106082967199214,13.221790761474985,,,True,meaningful,structural_residual_predetermined_lag_alpha_30,1.0,0.004071844377988566,-3.763202048290469,-2.5088013655269794,-1.2544006827634897
2002,house,62,5659.0,6788.0,12447.0,-9.070458745079137,-28.119937104764062,same_cycle_federal,19.049478359684926,7.984275419344215,19.049478359684926,6.408200110294919,16.980920965387465,2.0685573942974607,6.408200110294919,19.049478359684926,-15.478658855374055,,True,meaningful,structural_residual_predetermined_lag_alpha_30,1.0,-0.0834836243982399,2.1520410186957006,-1.3612991801759047,3.5133401988716053
2002,house,63,4909.0,8615.0,13524.0,-27.40313516711032,-26.20124698630114,same_cycle_federal,-1.2018881808091813,-7.160667518902187,-1.2018881808091813,,16.980920965387465,-18.182809146196647,-7.160667518902187,-1.2018881808091813,,,True,meaningful,structural_residual_predetermined_lag_alpha_30,1.0,0.004071844377988566,-18.186880990574636,-12.124587327049756,-6.06229366352488
2002,house,64,7133.0,8447.0,15580.0,-8.433889602053915,-34.4022273952299,same_cycle_federal,25.968337793175984,18.765717310540403,25.968337793175984,23.084564778080775,16.980920965387465,8.987416827788518,18.765717310540403,25.968337793175984,-31.51845438013469,,True,meaningful,structural_residual_predetermined_lag_alpha_30,1.0,0.10085503270298443,8.886561795085534,6.061857970687912,2.8247038243976217
2002,house,65,11615.0,8166.0,19781.0,17.435923360800768,-10.024721569030843,same_cycle_federal,27.46064492983161,24.34237452354122,27.46064492983161,36.63200940023378,16.980920965387465,10.479723964444144,24.34237452354122,36.63200940023378,-19.19608603943301,,True,meaningful,structural_residual_predetermined_lag_alpha_30,1.0,-0.040760789563894985,10.52048475400804,12.383677067361777,-1.8631923133537374
2002,house,67,6192.0,5349.0,11541.0,7.304393033532623,16.13873164057559,same_cycle_federal,-8.834338607042966,-15.245123770310922,-8.834338607042966,-12.705260324958498,16.980920965387465,-25.81525957243043,-15.245123770310922,-8.834338607042966,20.00965335849112,,True,meaningful,structural_residual_predetermined_lag_alpha_30,1.0,-0.49133594434796757,-25.323923628082465,-16.882615752054974,-8.44130787602749
2002,house,70,6544.0,1772.0,8316.0,57.383357383357385,47.56638757978876,same_cycle_federal,9.816969803568625,5.409521939792519,9.816969803568625,,16.980920965387465,-7.16395116181884,5.409521939792519,9.816969803568625,,,True,meaningful,structural_residual_predetermined_lag_alpha_30,1.0,0.004071844377988566,-7.168023006196829,-4.778682004131219,-2.38934100206561
2002,house,74,3667.0,9712.0,13379.0,-45.182749084385975,-57.429770065985466,same_cycle_federal,12.24702098159949,1.6711675192549151,12.24702098159949,-22.085656644166512,16.980920965387465,-4.733899983787975,-22.085656644166512,12.24702098159949,-23.097092440219463,,True,meaningful,structural_residual_predetermined_lag_alpha_30,1.0,0.004071844377988566,-4.737971828165963,-3.1586478854439752,-1.579323942721988
2002,house,76,7367.0,3035.0,10402.0,41.64583733897327,34.442742228648534,same_cycle_federal,7.203095110324739,4.693654681631521,7.203095110324739,18.97455817751742,16.980920965387465,-9.777825855062726,4.693654681631521,18.97455817751742,22.671279161455853,,True,meaningful,structural_residual_predetermined_lag_alpha_30,1.0,-0.5219248957761256,-9.2559009592866,-6.1706006395244,-3.085300319762201
2002,house,81,10400.0,4458.0,14858.0,39.99192354287253,-20.645790117134283,same_cycle_federal,60.63771366000681,59.55025226501496,60.63771366000681,62.421517869245434,16.980920965387465,43.65679269461934,59.55025226501496,62.421517869245434,-22.42959432637291,,True,meaningful,structural_residual_predetermined_lag_alpha_30,1.0,-0.0035994320877324516,43.66039212670707,27.187356314007864,16.47303581269921
2002,house,85,6718.0,4350.0,11068.0,21.395012649078424,-27.99139788213831,same_cycle_federal,49.38641053121673,26.3236129450122,49.38641053121673,55.6234328124127,16.980920965387465,32.40548956582927,26.3236129450122,55.6234328124127,-34.22842016333428,,True,meaningful,structural_residual_predetermined_lag_alpha_30,1.0,0.1319995352930656,32.2734900305362,21.515660020357465,10.757830010178736
2002,house,87,3453.0,9083.0,12536.0,-44.91065730695597,-64.79179861186213,same_cycle_federal,19.881141304906166,-3.76558918715331,19.881141304906166,-4.0962937288860815,16.980920965387465,2.9002203395187003,-4.0962937288860815,19.881141304906166,-40.81436357806989,,True,meaningful,structural_residual_predetermined_lag_alpha_30,1.0,0.20768902665490338,2.692531312863797,1.7950208752425312,0.8975104376212657
2002,house,91,7984.0,4865.0,12849.0,24.27426258852829,-47.90948026979413,same_cycle_federal,72.18374285832242,44.88324588931343,72.18374285832242,55.3997408838179,16.980920965387465,55.20282189293495,44.88324588931343,72.18374285832242,-31.12547829528961,,True,meaningful,structural_residual_predetermined_lag_alpha_30,1.0,0.09633872302550683,55.106483169909446,33.27929859316073,21.827184576748714
2002,house,92,8552.0,3599.0,12151.0,40.76207719529257,-45.66187611815066,same_cycle_federal,86.42395331344323,63.37648061980729,86.42395331344323,71.92534342712544,16.980920965387465,69.44303234805577,63.37648061980729,86.42395331344323,-31.163266231832868,,True,meaningful,structural_residual_predetermined_lag_alpha_30,1.0,0.09677300396545131,69.34625934409031,51.57794271659896,17.76831662749135
2002,house,102,4698.0,16424.0,21122.0,-55.51557617649844,-27.016230177385232,same_cycle_federal,-28.49934599911321,-31.58812692693357,-28.49934599911321,-41.245316969761696,16.980920965387465,-45.48026696450067,-41.245316969761696,-28.49934599911321,-14.270259206736746,,True,meaningful,structural_residual_predetermined_lag_alpha_30,1.0,-0.09737125582892284,-45.38289570867175,-33.95232270982136,-11.430572998850387
2002,house,104,6908.0,18898.0,25806.0,-46.46206308610401,-32.452267089713544,same_cycle_federal,-14.009795996390466,-18.738551449852707,-14.009795996390466,-32.191803879367264,16.980920965387465,-30.99071696177793,-32.191803879367264,-14.009795996390466,-14.270259206736744,,True,meaningful,structural_residual_predetermined_lag_alpha_30,1.0,-0.09737125582892285,-30.89334570594901,-20.595563803966005,-10.297781901983004
2002,senate,1,25174.0,14344.0,39518.0,27.405233058353154,20.97435740766052,same_cycle_federal,6.430875650692634,29.259408239594798,6.430875650692634,34.23193876170493,16.10432270888912,-9.673447058196487,6.430875650692634,34.23193876170493,-6.826705703351778,,True,meaningful,structural_residual_predetermined_lag_alpha_30,1.0,-0.1829169010185348,-9.490530157177952,-5.480469948292972,-4.01006020888498
2002,senate,2,23922.0,17488.0,41410.0,15.53730982854383,7.352714280709042,same_cycle_federal,8.184595547834787,34.88285811365809,8.184595547834787,39.48595348015709,16.10432270888912,-7.919727161054334,8.184595547834787,39.48595348015709,-23.94864365161326,,True,meaningful,structural_residual_predetermined_lag_alpha_30,1.0,0.0138583660651842,-7.933585527119519,-2.1801109204077234,-5.753474606711795
2002,senate,3,26359.0,15729.0,42088.0,25.256605208135337,13.784865383744252,same_cycle_federal,11.471739824391085,45.964820395111204,11.471739824391085,47.62424179574862,16.10432270888912,-4.632582884498037,11.471739824391085,47.62424179574862,-22.36763658761328,,True,meaningful,structural_residual_predetermined_lag_alpha_30,1.0,-0.004311486449170408,-4.628271398048867,-3.085514265365911,-1.5427571326829557
2002,senate,4,24439.0,14279.0,38718.0,26.241024846324702,23.006998178944308,same_cycle_federal,3.2340266673803946,41.77313115978963,3.2340266673803946,48.82532356275687,16.10432270888912,-12.870296041508727,3.2340266673803946,48.82532356275687,-22.58429871643217,,True,meaningful,structural_residual_predetermined_lag_alpha_30,1.0,-0.001821479278598167,-12.868474562230128,-5.195994819079626,-7.672479743150502
2002,senate,5,17133.0,23657.0,40790.0,-15.994116204952194,-26.598443654692066,same_cycle_federal,10.604327449739872,-0.38621798802876306,10.604327449739872,2.1128369440758856,16.10432270888912,-5.49999525914925,-0.38621798802876306,10.604327449739872,-18.10695314902808,,True,meaningful,structural_residual_predetermined_lag_alpha_30,1.0,-0.053277738056916116,-5.446717521092333,-3.6311450140615555,-1.8155725070307778
2002,senate,6,23486.0,15205.0,38691.0,21.40291023752294,19.820030737356507,same_cycle_federal,1.582879500166431,25.3941685181343,1.582879500166431,41.21963444664466,16.10432270888912,-14.52144320872269,1.582879500166431,41.21963444664466,-19.816724209121723,,True,meaningful,structural_residual_predetermined_lag_alpha_30,1.0,-0.03362805482487863,-14.487815153897811,-7.253377174510322,-7.234437979387489
2002,senate,7,25365.0,12823.0,38188.0,32.842777835969414,24.123082305958704,same_cycle_federal,8.71969553001071,31.53316115587549,8.71969553001071,29.731164573996324,16.10432270888912,-7.384627178878411,8.71969553001071,31.53316115587549,3.1116132619730905,,True,meaningful,structural_residual_predetermined_lag_alpha_30,1.0,-0.2971338415701479,-7.087493337308263,-6.1640555284942575,-0.9234378088140058
2002,senate,8,19890.0,14222.0,34112.0,16.615853658536587,15.146919237247378,same_cycle_federal,1.4689344212892088,24.111519143870915,1.4689344212892088,32.056287364027206,16.10432270888912,-14.635388287599913,1.4689344212892088,32.056287364027206,-15.44043370549062,,True,meaningful,structural_residual_predetermined_lag_alpha_30,1.0,-0.08392293004812354,-14.55146535755179,-7.557253319737775,-6.994212037814014
2002,senate,9,24603.0,16995.0,41598.0,18.289340833693927,0.2072341870525633,same_cycle_federal,18.082106646641364,43.625157656280805,18.082106646641364,52.29506424705259,16.10432270888912,1.9777839377522426,18.082106646641364,52.29506424705259,-34.005723413358666,,True,meaningful,structural_residual_predetermined_lag_alpha_30,1.0,0.12944017474710726,1.8483437630051354,1.232229175336757,0.6161145876683785
2002,senate,10,24702.0,11670.0,36372.0,35.82975915539426,-8.799332919826323,same_cycle_federal,44.62909207522058,36.02290894767924,44.62909207522058,45.495247650298026,16.10432270888912,28.524769366331462,36.02290894767924,45.495247650298026,-9.665488494903766,,True,meaningful,structural_residual_predetermined_lag_alpha_30,1.0,-0.15029195846306742,28.67506132479453,20.30862275679327,8.36643856800126
2002,senate,11,27018.0,12589.0,39607.0,36.43042896457697,-6.310866158944076,same_cycle_federal,42.74129512352104,34.89048817162112,42.74129512352104,44.91729077763601,16.10432270888912,26.63697241463192,34.89048817162112,44.91729077763601,-8.486861813059043,,True,meaningful,structural_residual_predetermined_lag_alpha_30,1.0,-0.16383742164678033,26.8008098362787,17.867206557519133,8.933603278759566
2002,senate,12,26643.0,39091.0,65734.0,-18.936927617366965,-27.363092716003717,same_cycle_federal,8.426165098636751,-3.683314161163299,8.426165098636751,13.471079937453627,16.10432270888912,-7.67815761025237,-3.683314161163299,13.471079937453627,-32.40800755482059,,True,meaningful,structural_residual_predetermined_lag_alpha_30,1.0,0.11107829504997607,-7.7892359053023466,-2.666523225786595,-5.122712679515752
2002,senate,15,4673.0,36998.0,41671.0,-77.57193251901802,-54.420448085030834,same_cycle_federal,-23.151484433987186,-32.054765891768966,-23.151484433987186,,16.10432270888912,-39.25580714287631,-32.054765891768966,-23.151484433987186,,,True,meaningful,structural_residual_predetermined_lag_alpha_30,1.0,0.004071844377988566,-39.2598789872543,-26.17325265816953,-13.086626329084766
2002,senate,17,5685.0,30478.0,36163.0,-68.55902441722202,-51.74974882680679,same_cycle_federal,-16.809275590415233,-29.334642785060538,-16.809275590415233,-22.006563623602936,16.10432270888912,-32.913598299304354,-29.334642785060538,-16.809275590415233,-46.55246079361908,,True,meaningful,structural_residual_predetermined_lag_alpha_30,1.0,0.2736345764842488,-33.1872328757886,-22.1248219171924,-11.062410958596203
2002,senate,19,28085.0,8451.0,36536.0,53.738778191372894,47.065138434268384,same_cycle_federal,6.67363975710451,1.2687288952254292,6.67363975710451,,16.10432270888912,-9.430682951784611,1.2687288952254292,6.67363975710451,,,True,meaningful,structural_residual_predetermined_lag_alpha_30,1.0,0.004071844377988566,-9.434754796162599,-6.289836530775066,-3.144918265387533
2002,senate,21,19911.0,13179.0,33090.0,20.344514959202176,-18.081396820130685,same_cycle_federal,38.425911779332864,29.342087269468056,38.425911779332864,29.378226993759352,16.10432270888912,22.321589070443743,29.342087269468056,38.425911779332864,-9.033712034557176,,True,meaningful,structural_residual_predetermined_lag_alpha_30,1.0,-0.157552700915094,22.479141771358837,16.38966689082487,6.089474880533967
2002,senate,22,25498.0,23503.0,49001.0,4.07134548274525,-17.846321097982,same_cycle_federal,21.91766658072725,17.065017946827616,21.91766658072725,22.67750880567562,16.10432270888912,5.8133438718381285,17.065017946827616,22.67750880567562,-18.60616332293037,,True,meaningful,structural_residual_predetermined_lag_alpha_30,1.0,-0.04754052445426389,5.860884396292392,4.384748902489597,1.4761354938027953
2002,senate,23,30356.0,12644.0,43000.0,41.19069767441861,3.748613853026273,same_cycle_federal,37.44208382139234,23.05235317118177,37.44208382139234,23.625670849152392,16.10432270888912,21.337761112503216,23.05235317118177,37.44208382139234,17.565026825266216,,True,meaningful,structural_residual_predetermined_lag_alpha_30,1.0,-0.4632408747098884,21.801001987213105,11.502089741906257,10.298912245306848
2002,senate,25,9003.0,36730.0,45733.0,-60.627992915400256,-53.75576363280625,same_cycle_federal,-6.872229282594006,-14.875667828779413,-6.872229282594006,-33.20671207250841,16.10432270888912,-22.976551991483127,-33.20671207250841,-6.872229282594006,-27.421280842891843,,True,meaningful,structural_residual_predetermined_lag_alpha_30,1.0,0.05376793196032765,-23.030319923443454,-16.860155332775093,-6.17016459066836
2002,senate,26,23587.0,9113.0,32700.0,44.26299694189603,39.19380715233862,same_cycle_federal,5.069189789557406,1.0584566058438085,5.069189789557406,13.872150083528638,16.10432270888912,-11.035132919331716,1.0584566058438085,13.872150083528638,30.39084685836739,,True,meaningful,structural_residual_predetermined_lag_alpha_30,1.0,-0.6106426565763774,-10.424490262755338,-6.949660175170225,-3.4748300875851132
2002,senate,27,23153.0,12943.0,36096.0,28.28568262411348,-17.03827647057459,same_cycle_federal,45.32395909468807,47.7713380673612,45.32395909468807,46.14346762847109,16.10432270888912,29.21963638579895,45.32395909468807,47.7713380673612,-17.857785004357613,,True,meaningful,structural_residual_predetermined_lag_alpha_30,1.0,-0.05614132326347647,29.275777709062424,19.68614509653799,9.589632612524433
2002,senate,31,22517.0,11935.0,34452.0,30.715197956577267,-44.3065564466566,same_cycle_federal,75.02175440323387,49.702674456729284,75.02175440323387,67.34562917234578,16.10432270888912,58.91743169434475,49.702674456729284,75.02175440323387,-36.63043121576851,,True,meaningful,structural_residual_predetermined_lag_alpha_30,1.0,0.15960484304555533,58.75782685129919,38.942442915903264,19.81538393539593
2002,senate,35,31652.0,30468.0,62120.0,1.905988409529942,-19.87648444035512,same_cycle_federal,21.782472849885064,16.48111603043616,21.782472849885064,16.176247616266682,16.10432270888912,5.6781501409959425,16.176247616266682,21.782472849885064,-14.27025920673674,,True,meaningful,structural_residual_predetermined_lag_alpha_30,1.0,-0.09737125582892289,5.775521396824866,2.0926779676142804,3.6828434292105854
2006,house,4,3819.0,6276.0,10095.0,-24.338781575037142,-55.6823287949174,same_cycle_federal,31.34354721988026,8.334689447590552,31.34354721988026,23.137810095478525,44.30441512114886,-12.960867901268596,8.334689447590552,31.34354721988026,-47.47659167051567,,True,meaningful,structural_residual_predetermined_lag_alpha_30,1.0,0.2842552258915258,-13.245123127160122,-13.715333533940179,0.47021040678005654
2006,house,6,7202.0,3960.0,11162.0,29.044974018993013,-16.272783425466457,same_cycle_state_fallback,45.317757444459474,45.317757444459474,,45.283132330708725,21.2490204058699,24.068737038589575,45.283132330708725,45.317757444459474,-16.238158311715715,,False,meaningful,structural_residual_predetermined_lag_alpha_30,1.0,-0.0747550150069914,24.143492053596567,13.111134593268273,11.032357460328294
2006,house,7,8470.0,3999.0,12469.0,35.85692517443259,5.564553738530492,same_cycle_state_fallback,30.292371435902098,30.292371435902098,94.81044779327682,55.03546791074024,21.2490204058699,9.043351030032198,30.292371435902098,94.81044779327682,-19.17854273630765,,False,meaningful,structural_residual_predetermined_lag_alpha_30,1.0,-0.040962407404612225,9.08431343743681,6.60091530450637,2.48339813293044
2006,house,9,7135.0,5719.0,12854.0,11.016026139723044,-44.559916043739904,same_cycle_federal,55.57594218346295,35.69236775846867,55.57594218346295,58.04475662048739,44.30441512114886,11.271527062314092,35.69236775846867,58.04475662048739,-47.028730480764345,,True,meaningful,structural_residual_predetermined_lag_alpha_30,1.0,0.2791081446734972,10.992418917640595,4.174360173645234,6.818058743995361
2006,house,11,5063.0,5981.0,11044.0,-8.312205722564288,-51.8823087891093,same_cycle_federal,43.570103066545016,16.374522140525002,43.570103066545016,45.26873517874656,44.30441512114886,-0.7343120546038406,16.374522140525002,45.26873517874656,-53.580940901310846,,True,meaningful,structural_residual_predetermined_lag_alpha_30,1.0,0.3544099568508201,-1.0887220114546607,-5.467235083799723,4.378513072345062
2006,house,12,9097.0,5312.0,14409.0,26.26830453188979,-48.6422697303995,same_cycle_federal,74.91057426228929,46.80099809247718,74.91057426228929,80.11256631511003,44.30441512114886,30.60615914114043,46.80099809247718,80.11256631511003,-53.84426178322024,,True,meaningful,structural_residual_predetermined_lag_alpha_30,1.0,0.35743619354336126,30.24872294759707,24.383971255556553,5.864751692040517
2006,house,13,7298.0,3202.0,10500.0,39.00952380952381,-33.260147076064825,same_cycle_federal,72.26967088558864,43.319969941098094,72.26967088558864,101.0817531597962,44.30441512114886,27.96525576443978,43.319969941098094,101.0817531597962,-62.07222935027238,,True,meaningful,structural_residual_predetermined_lag_alpha_30,1.0,0.45199678127912385,27.513258983160657,19.523817214616038,7.989441768544619
2006,house,17,8168.0,4582.0,12750.0,28.12549019607843,-43.87104136741136,same_cycle_federal,71.99653156348978,36.17420728015223,71.99653156348978,73.02158534414707,44.30441512114886,27.692116442340925,36.17420728015223,73.02158534414707,-44.896095148068646,,True,meaningful,structural_residual_predetermined_lag_alpha_30,1.0,0.2545986593306898,27.437517783010236,18.067634783293727,9.36988299971651
2006,house,21,6063.0,3861.0,9924.0,22.18863361547763,-15.233845604198976,same_cycle_state_fallback,37.4224792196766,37.4224792196766,,35.96928183808224,21.2490204058699,16.173458813806704,35.96928183808224,37.4224792196766,-13.780648222604611,,False,meaningful,structural_residual_predetermined_lag_alpha_30,1.0,-0.1029981499609335,16.276456963767636,7.320640517468037,8.955816446299599
2006,house,26,5310.0,3958.0,9268.0,14.587829089339664,-53.47270958857395,same_cycle_federal,68.06053867791361,40.73446661750508,68.06053867791361,63.798976160878894,44.30441512114886,23.756123556764756,40.73446661750508,68.06053867791361,-49.21114707153923,,True,meaningful,structural_residual_predetermined_lag_alpha_30,1.0,0.30418974518129904,23.451933811583455,20.320478893780965,3.1314549178024897
2006,house,28,7335.0,3694.0,11029.0,33.01296581739052,-20.47109002223162,same_cycle_federal,53.484055839622144,31.570890988452774,53.484055839622144,65.88155938932498,44.30441512114886,9.179640718473287,31.570890988452774,65.88155938932498,-32.868593571934454,,True,meaningful,structural_residual_predetermined_lag_alpha_30,1.0,0.1163716173833752,9.063269101089912,8.430972337473607,0.6322967636163046
2006,house,29,5271.0,3554.0,8825.0,19.456090651558075,-16.6623451615315,same_cycle_federal,36.118435813089576,16.994237220119732,36.118435813089576,27.84896144224051,44.30441512114886,-8.18597930805928,16.994237220119732,36.118435813089576,-8.392870790682435,,True,meaningful,structural_residual_predetermined_lag_alpha_30,1.0,-0.16491762113047875,-8.021061686928801,-4.029370845398683,-3.9916908415301187
2006,house,32,6103.0,2189.0,8292.0,47.20212252773758,34.599550106815826,same_cycle_state_fallback,12.602572420921753,12.602572420921753,,25.6051591563007,21.2490204058699,-8.646447984948146,12.602572420921753,25.6051591563007,21.59696337143688,,False,meaningful,structural_residual_predetermined_lag_alpha_30,1.0,-0.5095782340166893,-8.136869750931456,-2.778498197879774,-5.358371553051683
2006,house,33,4404.0,8161.0,12565.0,-29.90051730998806,-4.236891478537757,same_cycle_state_fallback,-25.663625831450304,-25.663625831450304,,3.2557481960759915,21.2490204058699,-46.9126462373202,-25.663625831450304,3.2557481960759915,-33.15626550606405,,False,meaningful,structural_residual_predetermined_lag_alpha_30,1.0,0.11967771052784834,-47.03232394784805,-31.548826819505493,-15.483497128342556
2006,house,34,372.0,552.0,924.0,-19.48051948051948,-44.074855230084076,same_cycle_state_fallback,24.594335749564596,24.594335749564596,,55.46234527707986,21.2490204058699,3.345315343694697,24.594335749564596,55.46234527707986,-74.94286475759934,,False,meaningful,structural_residual_predetermined_lag_alpha_30,1.0,0.5999136074857676,2.7454017362089296,1.8302678241392862,0.9151339120696433
2006,house,35,7572.0,3166.0,10738.0,41.03184950642578,-21.664427874426195,same_cycle_state_fallback,62.696277380851974,62.696277380851974,,86.88452497065265,21.2490204058699,41.447256974982075,62.696277380851974,86.88452497065265,-45.85267546422686,,False,meaningful,structural_residual_predetermined_lag_alpha_30,1.0,0.2655922365628847,41.18166473841919,30.537257792442958,10.644406945976229
2006,house,37,7752.0,3510.0,11262.0,37.66648907831646,-40.364848597092326,same_cycle_federal,78.03133767540879,49.97382957683007,78.03133767540879,99.71628361542064,44.30441512114886,33.726922554259936,49.97382957683007,99.71628361542064,-62.04979453710418,,True,meaningful,structural_residual_predetermined_lag_alpha_30,1.0,0.4517389473606453,33.27518360689929,27.199956695318434,6.075226911580856
2006,house,38,1296.0,1793.0,3089.0,-16.089349303981873,-30.92923487915867,same_cycle_state_fallback,14.839885575176798,14.839885575176798,,29.998587449558844,21.2490204058699,-6.409134830693102,14.839885575176798,29.998587449558844,-46.08793675354072,,False,meaningful,structural_residual_predetermined_lag_alpha_30,1.0,0.26829599610103294,-6.677430826794135,-6.129359534414075,-0.5480712923800599
2006,house,40,5946.0,5553.0,11499.0,3.417688494651709,-23.217661295202547,same_cycle_state_fallback,26.635349789854256,26.635349789854256,,46.26293494232404,21.2490204058699,5.386329383984357,26.635349789854256,46.26293494232404,-42.84524644767233,,False,meaningful,structural_residual_predetermined_lag_alpha_30,1.0,0.23102911352412062,5.155300270460237,5.388384835591589,-0.23308456513135223
2006,house,42,7950.0,5061.0,13011.0,22.20428867881024,-27.602479515680116,same_cycle_state_fallback,49.80676819449036,49.80676819449036,,73.34930073866866,21.2490204058699,28.55774778862046,49.80676819449036,73.34930073866866,-51.145012059858416,,False,meaningful,structural_residual_predetermined_lag_alpha_30,1.0,0.3264148461441839,28.231332942476275,26.12965219184251,2.101680750633765
2006,house,44,4019.0,8435.0,12454.0,-35.45848723301751,-40.082913490574995,same_cycle_state_fallback,4.624426257557488,4.624426257557488,,20.55930587879844,21.2490204058699,-16.62459414831241,4.624426257557488,20.55930587879844,-56.01779311181595,,False,meaningful,structural_residual_predetermined_lag_alpha_30,1.0,0.38241567945153665,-17.007009827763948,-11.338006551842632,-5.669003275921316
2006,house,45,5245.0,5735.0,10980.0,-4.462659380692168,-16.387156074094108,same_cycle_state_fallback,11.92449669340194,11.92449669340194,,25.775779579924567,21.2490204058699,-9.32452371246796,11.92449669340194,25.775779579924567,-30.238438960616737,,False,meaningful,structural_residual_predetermined_lag_alpha_30,1.0,0.08614435118970994,-9.410668063657669,-12.258257434677933,2.8475893710202644
2006,house,58,7178.0,2156.0,9334.0,53.80329976430255,43.78487727547662,same_cycle_state_fallback,10.018422488825934,10.018422488825934,,21.738855057950367,21.2490204058699,-11.230597917043966,10.018422488825934,21.738855057950367,32.064444706352184,,False,meaningful,structural_residual_predetermined_lag_alpha_30,1.0,-0.6298766162206118,-10.600721300823354,-7.067147533882236,-3.5335737669411182
2006,house,61,8168.0,3760.0,11928.0,36.9550637156271,-11.674674127068428,same_cycle_state_fallback,48.629737842695526,48.629737842695526,82.99015143492534,88.18501756869338,21.2490204058699,27.380717436825627,48.629737842695526,88.18501756869338,-51.22995385306629,,False,meaningful,structural_residual_predetermined_lag_alpha_30,1.0,0.32739104662426727,27.05332639020136,19.850472630600066,7.202853759601293
2006,house,62,4645.0,7667.0,12312.0,-24.545159194282,-17.021246515569587,same_cycle_state_fallback,-7.5239126787124135,-7.5239126787124135,,30.556331635913956,21.2490204058699,-28.772933084582313,-7.5239126787124135,30.556331635913956,-55.10149083019596,,False,meaningful,structural_residual_predetermined_lag_alpha_30,1.0,0.37188500081340375,-29.144818085395716,-17.00972873222161,-12.135089353174106
2006,house,64,3615.0,5441.0,9056.0,-20.16342756183745,-51.06343903391683,same_cycle_federal,30.900011472079377,0.8301564978060014,30.900011472079377,38.523518952744716,44.30441512114886,-13.40440364906948,0.8301564978060014,38.523518952744716,-58.68694651458217,,True,meaningful,structural_residual_predetermined_lag_alpha_30,1.0,0.4130911424338137,-13.817494791503293,-8.60588398511601,-5.211610806387283
2006,house,65,3010.0,1311.0,4321.0,39.31960194399444,-51.65638162234786,same_cycle_federal,90.97598356634231,47.96648251102414,90.97598356634231,79.86306465274947,44.30441512114886,46.67156844519345,47.96648251102414,90.97598356634231,-40.54346270875504,,True,meaningful,structural_residual_predetermined_lag_alpha_30,1.0,0.2045756763394355,46.46699276885401,30.35693107478476,16.110061694069252
2006,house,66,826.0,1689.0,2515.0,-34.314115308151095,-62.192224308165045,same_cycle_federal,27.87810900001395,1.7823497671968624,27.87810900001395,25.287715133931172,44.30441512114886,-16.426306121134907,1.7823497671968624,27.87810900001395,-59.60183044208227,,True,meaningful,structural_residual_predetermined_lag_alpha_30,1.0,0.4236055205216465,-16.849911641656554,-10.630180476433406,-6.219731165223148
2006,house,73,4926.0,8096.0,13022.0,-24.34341882967286,-20.031534114969602,same_cycle_state_fallback,-4.3118847147032575,-4.3118847147032575,,20.028301733162383,21.2490204058699,-25.560905120573157,-4.3118847147032575,20.028301733162383,-44.37172056283524,,False,meaningful,structural_residual_predetermined_lag_alpha_30,1.0,0.24857224168024533,-25.809477362253403,-15.35734726838086,-10.452130093872544
2006,house,79,5207.0,7082.0,12289.0,-15.257547400113925,-28.129536788326476,same_cycle_state_fallback,12.871989388212551,12.871989388212551,,16.369753528246843,21.2490204058699,-8.377031017657348,12.871989388212551,16.369753528246843,-31.627300928360768,,False,meaningful,structural_residual_predetermined_lag_alpha_30,1.0,0.1021059605280384,-8.479136978185387,-5.246793017146361,-3.2323439610390263
2006,house,80,1436.0,1398.0,2834.0,1.340860973888497,-26.364059675044345,same_cycle_state_fallback,27.70492064893284,27.70492064893284,,44.20050407205727,21.2490204058699,6.455900243062942,27.70492064893284,44.20050407205727,-42.859643098168775,,False,meaningful,structural_residual_predetermined_lag_alpha_30,1.0,0.23119456820308915,6.224705674859853,6.558733798963229,-0.33402812410337646
2006,house,85,2644.0,3058.0,5702.0,-7.260610312171168,-35.36886692552065,same_cycle_federal,28.108256613349482,6.344771647641166,28.108256613349482,25.863622607506997,44.30441512114886,-16.196158507799375,6.344771647641166,28.108256613349482,-33.124232919678164,,True,meaningful,structural_residual_predetermined_lag_alpha_30,1.0,0.11930957341857296,-16.315468081217947,-10.876978720811964,-5.438489360405983
2006,house,88,3342.0,10542.0,13884.0,-51.85825410544512,-57.08661722484164,same_cycle_federal,5.228363119396519,-11.029071502453967,5.228363119396519,3.78982676902168,44.30441512114886,-39.07605200175234,-11.029071502453967,5.228363119396519,-55.6480808744668,,True,meaningful,structural_residual_predetermined_lag_alpha_30,1.0,0.37816673143710444,-39.45421873318944,-26.30281248879296,-13.151406244396483
2006,house,91,6787.0,6409.0,13196.0,2.8645043952712945,-55.32546620025994,same_cycle_federal,58.189970595531236,40.57004915138367,58.189970595531236,51.66157851379236,44.30441512114886,13.885555474382379,40.57004915138367,58.189970595531236,-48.79707411852106,,True,meaningful,structural_residual_predetermined_lag_alpha_30,1.0,0.2994309780272242,13.586124496355154,12.519119256383588,1.0670052399715662
2006,house,92,8703.0,2586.0,11289.0,54.18549030029232,-56.35801339858905,same_cycle_federal,110.54350369888138,86.02340627256626,110.54350369888138,107.10805941045598,44.30441512114886,66.23908857773253,86.02340627256626,110.54350369888138,-52.922569110163664,,True,meaningful,structural_residual_predetermined_lag_alpha_30,1.0,0.3468435653923972,65.89224501234014,49.850935550723875,16.041309461616265
2006,house,93,3192.0,6995.0,10187.0,-37.331893589869445,-52.26046375874851,same_cycle_federal,14.928570168879062,-1.5624251365233945,14.928570168879062,11.804775919750021,44.30441512114886,-29.375844952269794,-1.5624251365233945,14.928570168879062,-49.136669509619466,,True,meaningful,structural_residual_predetermined_lag_alpha_30,1.0,0.3033338057319919,-29.679178758001786,-22.57951034885707,-7.099668409144716
2006,house,94,3426.0,11344.0,14770.0,-53.60866621530128,-57.63557409375908,same_cycle_federal,4.026907878457806,-15.430545612885709,4.026907878457806,1.2572859733890098,44.30441512114886,-40.27750724269105,-15.430545612885709,4.026907878457806,-54.86595218869029,,True,meaningful,structural_residual_predetermined_lag_alpha_30,1.0,0.3691780537825905,-40.64668529647364,-24.349632494368596,-16.297052802105046
2006,house,95,3863.0,11256.0,15119.0,-48.898736688934456,-59.53169122369435,same_cycle_federal,10.632954534759897,-8.396637132010767,10.632954534759897,7.75259260364944,44.30441512114886,-33.67146058638896,-8.396637132010767,10.632954534759897,-56.651329292583895,,True,meaningful,structural_residual_predetermined_lag_alpha_30,1.0,0.38969664563389983,-34.06115723202286,-22.707438154681903,-11.353719077340955
2006,house,101,2843.0,7477.0,10320.0,-44.9031007751938,-53.22248177517294,same_cycle_federal,8.319380999979138,-21.495236189946205,8.319380999979138,,44.30441512114886,-35.98503412116972,-21.495236189946205,8.319380999979138,,,True,meaningful,structural_residual_predetermined_lag_alpha_30,1.0,0.004071844377988566,-35.98910596554771,-23.992737310365136,-11.996368655182572
2006,house,102,2312.0,7043.0,9355.0,-50.57188669160877,-50.176270521923456,same_cycle_federal,-0.39561616968531155,-24.910208957959142,-0.39561616968531155,,44.30441512114886,-44.70003129083417,-24.910208957959142,-0.39561616968531155,,,True,meaningful,structural_residual_predetermined_lag_alpha_30,1.0,0.004071844377988566,-44.70410313521216,-33.612926423091565,-11.091176712120593
2006,senate,2,13231.0,9381.0,22612.0,17.026357686184326,-30.16905601248517,same_cycle_state_fallback,47.1954136986695,47.1954136986695,,43.411888409994695,22.32088372462881,24.874529974040687,43.411888409994695,47.1954136986695,-26.38553072381037,,False,meaningful,structural_residual_predetermined_lag_alpha_30,1.0,0.041864489316736885,24.83266548472395,14.203014585514012,10.629650899209938
2006,senate,3,14522.0,24274.0,38796.0,-25.136612021857925,-24.14336307177132,same_cycle_state_fallback,-0.9932489500866062,-0.9932489500866062,24.43549169509188,12.581999790641706,22.32088372462881,-23.314132674715417,-0.9932489500866062,24.43549169509188,-37.71861181249963,,False,meaningful,structural_residual_predetermined_lag_alpha_30,1.0,0.17211084722593079,-23.486243521941347,-15.65749568129423,-7.828747840647116
2006,senate,4,23389.0,15648.0,39037.0,19.82990496195917,-51.25990164003127,same_cycle_federal,71.08980660199045,33.5788950160061,71.08980660199045,63.083986844197184,34.27809889493571,36.81170770705474,33.5788950160061,71.08980660199045,-43.25408188223802,,True,meaningful,structural_residual_predetermined_lag_alpha_30,1.0,0.23572768807059127,36.57598001898415,19.52623247152751,17.049747547456636
2006,senate,5,16088.0,20322.0,36410.0,-11.628673441362263,-31.23475322031856,same_cycle_federal,19.606079778956296,3.9696684273336054,19.606079778956296,48.54222179835979,34.27809889493571,-14.672019115979413,3.9696684273336054,48.54222179835979,-60.17089523972206,,True,meaningful,structural_residual_predetermined_lag_alpha_30,1.0,0.4301455440798374,-15.10216466005925,-10.068109773372832,-5.034054886686418
2006,senate,7,23582.0,12414.0,35996.0,31.025669518835425,-9.134996084988089,same_cycle_state_fallback,40.16066560382352,40.16066560382352,,34.664793274878065,22.32088372462881,17.839781879194707,34.664793274878065,40.16066560382352,-3.639123756042643,,False,meaningful,structural_residual_predetermined_lag_alpha_30,1.0,-0.21955044629409656,18.059332325488803,12.039554883659202,6.019777441829602
2006,senate,8,9882.0,6678.0,16560.0,19.347826086956523,100.0,same_cycle_federal,-80.65217391304347,25.624402815315783,-80.65217391304347,63.020145850520485,34.27809889493571,-114.93027280797918,-80.65217391304347,63.020145850520485,-43.67231976356396,,True,meaningful,structural_residual_predetermined_lag_alpha_30,1.0,0.24053432100263025,-115.1708071289818,-76.78053808598787,-38.390269042993935
2006,senate,9,20001.0,17375.0,37376.0,7.025898972602739,-51.46163737676811,same_cycle_federal,58.48753634937085,37.227912170284434,58.48753634937085,50.02209185423016,34.27809889493571,24.20943745443514,37.227912170284434,58.48753634937085,-42.99619288162742,,True,meaningful,structural_residual_predetermined_lag_alpha_30,1.0,0.23276387771650364,23.976673576718635,15.984449051145756,7.99222452557288
2006,senate,11,25766.0,13557.0,39323.0,31.04798718307352,-56.6303909713825,same_cycle_federal,87.67837815445603,29.110916461656505,87.67837815445603,49.468155494700966,34.27809889493571,53.40027925952032,29.110916461656505,87.67837815445603,-18.42016831162745,,True,meaningful,structural_residual_predetermined_lag_alpha_30,1.0,-0.049678087277816106,53.449957346798136,35.63330489786542,17.816652448932714
2006,senate,13,11289.0,11236.0,22525.0,0.2352941176470588,-40.364848597092326,same_cycle_federal,40.600142714739384,18.56811005008079,40.600142714739384,54.97428579406639,34.27809889493571,6.322043819803675,18.56811005008079,54.97428579406639,-54.73899167641933,,True,meaningful,structural_residual_predetermined_lag_alpha_30,1.0,0.36771894974970043,5.954324870053974,3.969549913369316,1.9847749566846584
2006,senate,16,9786.0,34195.0,43981.0,-55.49896546235875,-46.93685755586935,same_cycle_state_fallback,-8.562107906489395,-8.562107906489395,,0.1687875111765038,22.32088372462881,-30.882991631118205,-8.562107906489395,0.1687875111765038,-55.66775297353525,,False,meaningful,structural_residual_predetermined_lag_alpha_30,1.0,0.37839281463866653,-31.26138444575687,-20.00383539890646,-11.25754904685041
2006,senate,18,21212.0,5063.0,26275.0,61.46146527117031,48.50357965293634,same_cycle_state_fallback,12.957885618233973,12.957885618233973,,16.438896440997098,22.32088372462881,-9.362998106394837,12.957885618233973,16.438896440997098,45.02256883017321,,False,meaningful,structural_residual_predetermined_lag_alpha_30,1.0,-0.7787989136307462,-8.58419919276409,-5.722799461842727,-2.861399730921364
2006,senate,20,21661.0,5535.0,27196.0,59.29548463009266,46.11250157818924,same_cycle_state_fallback,13.18298305190342,13.18298305190342,,26.220967791851365,22.32088372462881,-9.13790067272539,13.18298305190342,26.220967791851365,33.074516838241294,,False,meaningful,structural_residual_predetermined_lag_alpha_30,1.0,-0.6414849525039752,-8.496415720221416,-5.6642771468142765,-2.832138573407139
2006,senate,21,22017.0,9695.0,31712.0,38.85595358224016,-12.137878832860906,same_cycle_state_fallback,50.99383241510107,50.99383241510107,84.89104130153841,90.58874946894872,22.32088372462881,28.672948690472257,50.99383241510107,90.58874946894872,-51.73279588670855,,False,meaningful,structural_residual_predetermined_lag_alpha_30,1.0,0.33316999967093,28.339778690801328,19.31998535054612,9.019793340255209
2006,senate,22,9258.0,9309.0,18567.0,-0.274680885441913,-40.50013583945236,same_cycle_federal,40.22545495401045,10.265741101977948,40.22545495401045,37.58976181769883,34.27809889493571,5.9473560590747425,10.265741101977948,40.22545495401045,-37.86444270314074,,True,meaningful,structural_residual_predetermined_lag_alpha_30,1.0,0.17378682061992817,5.773569238454814,4.341091323570808,1.4324779148840063
2006,senate,23,20493.0,11734.0,32227.0,27.179073447730165,22.079804220409926,same_cycle_state_fallback,5.099269227320239,5.099269227320239,28.56709665102248,29.61985458469078,22.32088372462881,-17.221614497308572,5.099269227320239,29.61985458469078,-2.440781136960618,,False,meaningful,structural_residual_predetermined_lag_alpha_30,1.0,-0.2333224964930994,-16.988292000815473,-7.892557252108033,-9.09573474870744
2006,senate,25,11469.0,33197.0,44666.0,-48.6455021716742,-63.57192288909105,same_cycle_federal,14.926420717416846,-10.920439220073703,14.926420717416846,6.985013983088855,34.27809889493571,-19.351678177518863,-10.920439220073703,14.926420717416846,-55.63051615476306,,True,meaningful,structural_residual_predetermined_lag_alpha_30,1.0,0.37796486746461494,-19.72964304498348,-15.209816893545106,-4.519826151438373
2006,senate,27,16012.0,10520.0,26532.0,20.699532639831148,-20.153728123352423,same_cycle_state_fallback,40.85326076318357,40.85326076318357,,50.12597995765709,22.32088372462881,18.53237703855476,40.85326076318357,50.12597995765709,-29.42644731782594,,False,meaningful,structural_residual_predetermined_lag_alpha_30,1.0,0.07681247106827013,18.45556456748649,14.276038525750026,4.179526041736464
2006,senate,29,3624.0,9436.0,13060.0,-44.50229709035222,-56.23945973124977,same_cycle_federal,11.737162640897544,-5.563262108287255,11.737162640897544,9.545729275756734,34.27809889493571,-22.540936254038165,-5.563262108287255,11.737162640897544,-54.04802636610896,,True,meaningful,structural_residual_predetermined_lag_alpha_30,1.0,0.3597779746163502,-22.900714228654515,-19.08940056668064,-3.8113136619738732
2006,senate,30,18907.0,12352.0,31259.0,20.969960651332418,-42.613566554147845,same_cycle_federal,63.583527205480266,46.178816223114964,63.583527205480266,64.55934447375395,34.27809889493571,29.305428310544556,46.178816223114964,64.55934447375395,-43.58938382242154,,True,meaningful,structural_residual_predetermined_lag_alpha_30,1.0,0.2395811729408598,29.065847137603697,17.172898252138484,11.892948885465213
2006,senate,31,16900.0,13685.0,30585.0,10.511688736308647,-56.201791906435,same_cycle_federal,66.71348064274365,46.07722152635599,66.71348064274365,61.76205870325443,34.27809889493571,32.43538174780794,46.07722152635599,66.71348064274365,-51.25036996694578,,True,meaningful,structural_residual_predetermined_lag_alpha_30,1.0,0.32762568047667273,32.107756067331266,25.617407523919297,6.490348543411969
2006,senate,33,19029.0,7594.0,26623.0,42.95158321751869,17.952651386519552,same_cycle_federal,24.998931830999137,9.793444031751804,24.998931830999137,,34.27809889493571,-9.279167063936573,9.793444031751804,24.998931830999137,,,True,meaningful,structural_residual_predetermined_lag_alpha_30,1.0,0.004071844377988566,-9.28323890831456,-1.8215672989744522,-7.461671609340108
2006,senate,35,13434.0,13945.0,27379.0,-1.8663939515687205,-28.48693190771552,same_cycle_federal,26.620537956146798,2.5692124383323476,26.620537956146798,,34.27809889493571,-7.657560938788912,2.5692124383323476,26.620537956146798,,,True,meaningful,structural_residual_predetermined_lag_alpha_30,1.0,0.004071844377988566,-7.6616327831669,-2.38862389236001,-5.27300889080689
2010,house,1,7083.0,6877.0,13960.0,1.475644699140401,-17.814027828581686,same_cycle_federal,19.289672527722086,17.582117564297786,19.289672527722086,22.060361503366078,17.327933868228904,1.9617386594931823,17.582117564297786,22.060361503366078,-20.58471680422568,,True,meaningful,structural_residual_predetermined_lag_alpha_30,1.0,-0.024801837344325037,1.9865404968375073,-0.5531099726394819,2.5396504694769892
2010,house,2,6284.0,7599.0,13883.0,-9.472016134841173,-28.98959142003069,same_cycle_federal,19.517575285189515,17.524512788724007,19.517575285189515,29.787431651177737,17.327933868228904,2.1896414169606118,17.524512788724007,29.787431651177737,-39.25944778601891,,True,meaningful,structural_residual_predetermined_lag_alpha_30,1.0,0.18981903020951904,1.9998223867510927,-2.93291664889386,4.9327390356449525
2010,house,4,5244.0,12153.0,17397.0,-39.71374374892223,-37.02134032732974,same_cycle_federal,-2.6924034215924877,1.8395659459513638,-2.6924034215924877,6.692928684672097,17.327933868228904,-20.02033728982139,-2.6924034215924877,6.692928684672097,-46.40667243359432,,True,meaningful,structural_residual_predetermined_lag_alpha_30,1.0,0.2719590918768255,-20.29229638169822,-17.23892016120923,-3.053376220488989
2010,house,5,5402.0,8807.0,14209.0,-23.96368498838764,-40.88703927350079,same_cycle_federal,16.92335428511315,15.639360769506048,16.92335428511315,25.00305031159258,17.327933868228904,-0.4045795831157548,15.639360769506048,25.00305031159258,-48.96673529998022,,True,meaningful,structural_residual_predetermined_lag_alpha_30,1.0,0.3013808229803041,-0.7059604060960589,4.823860425332643,-5.529820831428702
2010,house,7,6911.0,7096.0,14007.0,-1.320768187334904,-10.881515447304947,same_cycle_federal,9.560747259970043,13.747216390295366,9.560747259970043,31.660882634839464,17.327933868228904,-7.767186608258861,9.560747259970043,31.660882634839464,-32.981650822174366,,True,meaningful,structural_residual_predetermined_lag_alpha_30,1.0,0.11767093704444012,-7.8848575453033005,3.327097284766085,-11.211954830069386
2010,house,8,5147.0,6574.0,11721.0,-12.17472911867588,-19.064507952649286,same_cycle_federal,6.889778833973406,6.331978187615864,6.889778833973406,5.000817847378151,17.327933868228904,-10.438155034255498,5.000817847378151,6.889778833973406,-17.175546966054032,,True,meaningful,structural_residual_predetermined_lag_alpha_30,1.0,-0.06398199951213036,-10.374173034743368,-7.040485216682687,-3.333687818060681
2010,house,9,4294.0,11405.0,15699.0,-45.29587871838971,-54.28574864763821,same_cycle_federal,8.9898699292485,2.5398004250615074,8.9898699292485,15.741810337611973,17.327933868228904,-8.338063938980405,2.5398004250615074,15.741810337611973,-61.03768905600168,,True,meaningful,structural_residual_predetermined_lag_alpha_30,1.0,0.4401072426457558,-8.77817118162616,-5.852114121084107,-2.9260570605420533
2010,house,12,7667.0,9062.0,16729.0,-8.33881283997848,-59.91045242537416,same_cycle_federal,51.57163958539568,34.298000436774004,51.57163958539568,57.08110671321575,17.327933868228904,34.243705717166776,34.298000436774004,57.08110671321575,-65.41991955319423,,True,meaningful,structural_residual_predetermined_lag_alpha_30,1.0,0.4904703837290372,33.753235333437736,22.50215688895849,11.251078444479248
2010,house,13,5186.0,7990.0,13176.0,-21.281117182756528,-46.51752750613164,same_cycle_federal,25.236410323375114,7.412031239818393,25.236410323375114,28.315786147383957,17.327933868228904,7.908476455146211,7.412031239818393,28.315786147383957,-49.596903330140485,,True,meaningful,structural_residual_predetermined_lag_alpha_30,1.0,0.30862308041734837,7.599853374728863,9.56711441040014,-1.967261035671278
2010,house,14,4121.0,9327.0,13448.0,-38.7120761451517,-28.583027698394886,same_cycle_federal,-10.129048446756812,-8.716153597728635,-10.129048446756812,9.804165985767725,17.327933868228904,-27.456982314985716,-10.129048446756812,9.804165985767725,-48.51624213091942,,True,meaningful,structural_residual_predetermined_lag_alpha_30,1.0,0.29620349352558956,-27.753185808511304,-14.603644676148846,-13.149541132362458
2010,house,16,6379.0,7451.0,13830.0,-7.751265365148228,-31.47198976403002,same_cycle_federal,23.720724398881792,30.09387125153303,23.720724398881792,42.82867361531564,17.327933868228904,6.3927905306528885,23.720724398881792,42.82867361531564,-50.579938980463865,,True,meaningful,structural_residual_predetermined_lag_alpha_30,1.0,0.31992069773319914,6.0728698329196895,6.786755576811733,-0.7138857438920434
2010,house,21,6201.0,6654.0,12855.0,-3.5239206534422403,-19.710318601424525,same_cycle_federal,16.186397947982286,12.765099996372719,16.186397947982286,1.673032758040117,17.327933868228904,-1.1415359202466178,1.673032758040117,16.186397947982286,-5.196953411482357,,True,meaningful,structural_residual_predetermined_lag_alpha_30,1.0,-0.20164696203627552,-0.9398889582103422,-4.530079172146973,3.590190213936631
2010,house,22,5177.0,9523.0,14700.0,-29.564625850340136,-44.56494107980642,same_cycle_federal,15.000315229466281,10.15140465969543,15.000315229466281,17.850938812786453,17.327933868228904,-2.3276186387626225,10.15140465969543,17.850938812786453,-47.41556466312659,,True,meaningful,structural_residual_predetermined_lag_alpha_30,1.0,0.2835538680362063,-2.611172506798829,-1.7407816711992192,-0.8703908355996097
2010,house,24,6971.0,7967.0,14938.0,-6.667559244878833,-45.0805650240419,same_cycle_federal,38.41300577916307,14.97474376403835,38.41300577916307,45.22517327416832,17.327933868228904,21.085071910934168,14.97474376403835,45.22517327416832,-51.89273251904715,,True,meaningful,structural_residual_predetermined_lag_alpha_30,1.0,0.3350080844508187,20.75006382648335,10.563535520849292,10.186528305634056
2010,house,26,4873.0,7203.0,12076.0,-19.294468367008943,-61.32398870263124,same_cycle_federal,42.029520335622294,23.85371425845766,42.029520335622294,37.80722699149324,17.327933868228904,24.70158646739339,23.85371425845766,42.029520335622294,-57.10169535850218,,True,meaningful,structural_residual_predetermined_lag_alpha_30,1.0,0.39487251434539167,24.306713953048,16.204475968698667,8.102237984349333
2010,house,27,7225.0,8238.0,15463.0,-6.551122033240639,-62.99105031717947,same_cycle_federal,56.43992828393883,37.14630132696889,56.43992828393883,50.253682837882515,17.327933868228904,39.11199441570993,37.14630132696889,56.43992828393883,-56.80480487112315,,True,meaningful,structural_residual_predetermined_lag_alpha_30,1.0,0.3914604762265085,38.720533939483424,26.61053318684854,12.110000752634885
2010,house,29,5406.0,5845.0,11251.0,-3.901875388854324,-30.12084769699833,same_cycle_federal,26.218972308144004,7.519731475347568,26.218972308144004,24.691901443467835,17.327933868228904,8.8910384399151,7.519731475347568,26.218972308144004,-28.59377683232216,,True,meaningful,structural_residual_predetermined_lag_alpha_30,1.0,0.067242937661897,8.823795502253203,4.8697846645916485,3.9540108376615546
2010,house,30,4153.0,10979.0,15132.0,-45.10970129526831,-61.92925096779823,same_cycle_federal,16.819549672529924,-1.5059329599614344,16.819549672529924,19.55926932327344,17.327933868228904,-0.5083841956989801,-1.5059329599614344,19.55926932327344,-64.66897061854175,,True,meaningful,structural_residual_predetermined_lag_alpha_30,1.0,0.48184004190505686,-0.9902242376040369,-0.6601494917360246,-0.33007474586801233
2010,house,32,7238.0,2903.0,10141.0,42.74726358347303,22.909904638016,same_cycle_federal,19.83735894545703,9.52248485811694,19.83735894545703,18.694287352936428,17.327933868228904,2.5094250772281264,9.52248485811694,19.83735894545703,24.0529762305366,,True,meaningful,structural_residual_predetermined_lag_alpha_30,1.0,-0.537804161932721,3.0472292391608473,2.8135512971663776,0.23367794199446967
2010,house,35,6719.0,6292.0,13011.0,3.281838444393206,-49.75812517167874,same_cycle_federal,53.03996361607195,37.105513955035825,53.03996361607195,48.13204742010081,17.327933868228904,35.71202974784305,37.105513955035825,53.03996361607195,-44.8502089757076,,True,meaningful,structural_residual_predetermined_lag_alpha_30,1.0,0.2540713087557094,35.457958439087335,27.675404642777032,7.782553796310303
2010,house,36,3300.0,10607.0,13907.0,-52.54188538146257,-50.02124475222995,same_cycle_federal,-2.5206406292326236,-14.018927303253164,-2.5206406292326236,-1.8623522744299166,17.327933868228904,-19.848574497461527,-14.018927303253164,-1.8623522744299166,-50.679533107032654,,True,meaningful,structural_residual_predetermined_lag_alpha_30,1.0,0.32106529134840567,-20.16963978880993,-14.70327139478221,-5.466368394027722
2010,house,37,8106.0,7011.0,15117.0,7.243500694582258,-37.47858994772072,same_cycle_federal,44.72209064230298,27.53685037034156,44.72209064230298,45.54397125900129,17.327933868228904,27.394156774074077,27.53685037034156,45.54397125900129,-38.30047056441903,,True,meaningful,structural_residual_predetermined_lag_alpha_30,1.0,0.17879790634621948,27.215358867727858,25.429313833071472,1.7860450346563859
2010,house,38,5748.0,5980.0,11728.0,-1.978171896316508,-21.99910197552737,same_cycle_federal,20.020930079210864,10.697519126766112,20.020930079210864,21.574471604079214,17.327933868228904,2.69299621098196,10.697519126766112,21.574471604079214,-23.55264350039572,,True,meaningful,structural_residual_predetermined_lag_alpha_30,1.0,0.009307302058499348,2.6836889089234606,-1.448799666555277,4.132488575478737
2010,house,39,7808.0,5872.0,13680.0,14.152046783625732,-49.86297212984359,same_cycle_federal,64.01501891346932,44.79933546793157,64.01501891346932,70.05203514703918,17.327933868228904,46.687085045240416,44.79933546793157,70.05203514703918,-55.89998836341344,,True,meaningful,structural_residual_predetermined_lag_alpha_30,1.0,0.38106179878097934,46.30602324645944,36.27801031772809,10.02801292873135
2010,house,40,5148.0,8582.0,13730.0,-25.010924981791696,-51.7337753267602,same_cycle_federal,26.722850344968506,11.70009553423332,26.722850344968506,23.77339098255503,17.327933868228904,9.394916476739603,11.70009553423332,26.722850344968506,-48.784315964346725,,True,meaningful,structural_residual_predetermined_lag_alpha_30,1.0,0.2992843539007534,9.095632122838849,6.063754748559232,3.031877374279617
2010,house,42,5452.0,9382.0,14834.0,-26.493191317244168,-56.24462417764879,same_cycle_federal,29.75143286040462,13.2688742185832,29.75143286040462,26.185250102725874,17.327933868228904,12.423498992175716,13.2688742185832,29.75143286040462,-52.67844141997004,,True,meaningful,structural_residual_predetermined_lag_alpha_30,1.0,0.3440379080196429,12.079461084156073,12.473607088862146,-0.39414600470607297
2010,house,43,4041.0,16368.0,20409.0,-60.3998236072321,-5.852154260993583,same_cycle_federal,-54.54766934623852,0.4129237588260892,-54.54766934623852,-3.879802258912754,17.327933868228904,-71.87560321446742,-54.54766934623852,0.4129237588260892,-56.52002134831935,,True,meaningful,structural_residual_predetermined_lag_alpha_30,1.0,0.38818757838456464,-72.26379079285198,-48.17586052856798,-24.087930264283997
2010,house,45,5103.0,8165.0,13268.0,-23.078082604763345,10.776520165317772,same_cycle_federal,-33.854602770081115,-9.215879044457047,-33.854602770081115,-15.11156145972016,17.327933868228904,-51.18253663831002,-33.854602770081115,-9.215879044457047,-7.966521145043185,,True,meaningful,structural_residual_predetermined_lag_alpha_30,1.0,-0.1698174791748908,-51.01271915913513,-33.05928298241666,-17.95343617671847
2010,house,61,9213.0,5051.0,14264.0,29.178351093662368,-10.684666532970844,same_cycle_federal,39.86301762663321,52.847463450114546,39.86301762663321,48.63454942142651,17.327933868228904,22.535083758404305,39.86301762663321,52.847463450114546,-19.456198327764145,,True,meaningful,structural_residual_predetermined_lag_alpha_30,1.0,-0.03777142789451026,22.572855186298813,19.850472630600066,2.722382555698747
2010,house,63,5631.0,9937.0,15568.0,-27.659301130524156,-17.75365699464762,same_cycle_federal,-9.905644135876535,2.131332789811978,-9.905644135876535,-14.905514550403442,17.327933868228904,-27.23357800410544,-14.905514550403442,2.131332789811978,-12.753786580120714,,True,meaningful,structural_residual_predetermined_lag_alpha_30,1.0,-0.11479944106293238,-27.118778563042508,-18.079185708695004,-9.039592854347504
2010,house,73,8137.0,7825.0,15962.0,1.9546422754040849,-5.84921894770704,same_cycle_federal,7.8038612231111255,-4.52385603729398,7.8038612231111255,-4.55241369624079,17.327933868228904,-9.524072645117778,-4.55241369624079,7.8038612231111255,6.507055971644875,,True,meaningful,structural_residual_predetermined_lag_alpha_30,1.0,-0.33615624359508767,-9.18791640152269,-7.046566788015503,-2.141349613507187
2010,house,75,5551.0,14046.0,19597.0,-43.348471704852784,-40.339555359616384,same_cycle_federal,-3.0089163452364005,-18.831773312538047,-3.0089163452364005,-11.669270613910495,17.327933868228904,-20.336850213465304,-18.831773312538047,-3.0089163452364005,-31.67920109094229,,True,meaningful,structural_residual_predetermined_lag_alpha_30,1.0,0.10270242737568892,-20.439552640840994,-13.626368427227328,-6.813184213613665
2010,house,80,5576.0,4626.0,10202.0,9.311899627524015,-31.557664407354064,same_cycle_federal,40.86956403487808,30.948687369767725,40.86956403487808,38.011580046631316,17.327933868228904,23.541630166649178,30.948687369767725,40.86956403487808,-28.6996804191073,,True,meaningful,structural_residual_predetermined_lag_alpha_30,1.0,0.0684600432627782,23.4731701233864,15.182966023226498,8.290204100159901
2010,house,81,7306.0,9268.0,16574.0,-11.83781826957886,-32.144225981056195,same_cycle_federal,20.306407711477334,5.373678054705836,20.306407711477334,24.397067300614466,17.327933868228904,2.9784738432484303,5.373678054705836,24.397067300614466,-36.23488557019333,,True,meaningful,structural_residual_predetermined_lag_alpha_30,1.0,0.15505900248200152,2.823414840766429,8.582130152156981,-5.758715311390553
2010,house,84,7763.0,4152.0,11915.0,30.306336550566517,19.85180939857324,same_cycle_federal,10.454527151993275,1.5255402949311936,10.454527151993275,16.683577821295984,17.327933868228904,-6.873406716235628,1.5255402949311936,16.683577821295984,13.622758729270531,,True,meaningful,structural_residual_predetermined_lag_alpha_30,1.0,-0.41793403737352597,-6.455472678862102,-3.9902770934938956,-2.4651955853682064
2010,house,85,6668.0,6243.0,12911.0,3.2917667105568893,-3.1836592015002454,same_cycle_federal,6.475425912057135,-5.721447416395133,6.475425912057135,14.911033554156106,17.327933868228904,-10.852507956171769,-5.721447416395133,14.911033554156106,-11.619266843599217,,True,meaningful,structural_residual_predetermined_lag_alpha_30,1.0,-0.1278380015833807,-10.724669954588387,-0.9041862620281762,-9.820483692560211
2010,house,86,6623.0,9159.0,15782.0,-16.068939297934357,-30.55036563547635,same_cycle_federal,14.481426337541993,-7.009745451117048,14.481426337541993,32.117583716352975,17.327933868228904,-2.8465075306869103,-7.009745451117048,32.117583716352975,-48.18652301428733,,True,meaningful,structural_residual_predetermined_lag_alpha_30,1.0,0.29241416970991274,-3.138921700396823,-2.0926144669312152,-1.0463072334656078
2010,house,90,8427.0,5753.0,14180.0,18.857545839210157,-8.355403342759473,same_cycle_federal,27.21294918196963,19.77821375981075,27.21294918196963,41.6658739806785,17.327933868228904,9.885015313740727,19.77821375981075,41.6658739806785,-22.808328141468344,,True,meaningful,structural_residual_predetermined_lag_alpha_30,1.0,0.0007531971440892222,9.884262116596638,6.589508077731091,3.2947540388655465
2010,house,91,5383.0,9754.0,15137.0,-28.87626346039506,-35.07627793012859,same_cycle_federal,6.2000144697335315,-0.1930649456092155,6.2000144697335315,20.32865703165414,17.327933868228904,-11.127919398495372,-0.1930649456092155,20.32865703165414,-49.2049204920492,,True,meaningful,structural_residual_predetermined_lag_alpha_30,1.0,0.3041181857091253,-11.432037584204497,0.010038216103760433,-11.442075800308258
2010,house,92,3080.0,6809.0,9889.0,-37.70856507230256,-40.00601157615428,same_cycle_federal,2.2974465038517167,-6.322510572937233,2.2974465038517167,17.368439644629618,17.327933868228904,-15.030487364377187,-6.322510572937233,17.368439644629618,-55.07700471693218,,True,meaningful,structural_residual_predetermined_lag_alpha_30,1.0,0.3716035921614228,-15.40209095653861,-10.268060637692406,-5.134030318846204
2010,house,93,3270.0,11417.0,14687.0,-55.4708245387077,-30.84202369736957,same_cycle_federal,-24.628800841338133,-33.92734678697002,-24.628800841338133,-9.411481753930666,17.327933868228904,-41.95673470956704,-33.92734678697002,-9.411481753930666,-46.05934278477704,,True,meaningful,structural_residual_predetermined_lag_alpha_30,1.0,0.26796737758498296,-42.22470208715202,-30.75792884441912,-11.466773242732899
2010,house,98,6767.0,3222.0,9989.0,35.48903794173591,-6.690162919382463,same_cycle_federal,42.179200861118375,-2.7501317967842525,42.179200861118375,1.3526185655435086,17.327933868228904,24.85126699288947,-2.7501317967842525,42.179200861118375,34.1364193761924,,True,meaningful,structural_residual_predetermined_lag_alpha_30,1.0,-0.6536889539525044,25.504955946841974,15.861628796890091,9.643327149951883
2010,senate,1,23178.0,18266.0,41444.0,11.852137824534312,-18.45225410329525,same_cycle_federal,30.304391927829563,28.720682961940398,30.304391927829563,36.49230052093435,16.77819601953823,13.526195908291335,28.720682961940398,36.49230052093435,-24.64016269640004,,True,meaningful,structural_residual_predetermined_lag_alpha_30,1.0,0.021805705037126536,13.504390203254209,9.002926802169473,4.501463401084736
2010,senate,2,23060.0,33050.0,56110.0,-17.80431295669221,-34.7135566322836,same_cycle_federal,16.909243675591387,14.53842158941318,16.909243675591387,12.593487654204989,16.77819601953823,0.13104765605315905,12.593487654204989,16.909243675591387,-30.3978006108972,,True,meaningful,structural_residual_predetermined_lag_alpha_30,1.0,0.08797582794144201,0.04307182811171703,1.8082177572078948,-1.7651459290961777
2010,senate,4,18733.0,25621.0,44354.0,-15.529602741579112,-21.807988027781903,same_cycle_federal,6.278385286202791,19.39233400950019,6.278385286202791,40.368704318319466,16.77819601953823,-10.499810733335437,6.278385286202791,40.368704318319466,-55.89830705989858,,True,meaningful,structural_residual_predetermined_lag_alpha_30,1.0,0.3810424762633305,-10.880853209598767,-3.980070329363503,-6.900782880235264
2010,senate,5,12213.0,33500.0,45713.0,-46.566622186248985,-10.60471885470718,same_cycle_federal,-35.961903331541805,-10.211969184895999,-35.961903331541805,1.314568130488368,16.77819601953823,-52.74009935108003,-35.961903331541805,1.314568130488368,-47.88119031673735,,True,meaningful,structural_residual_predetermined_lag_alpha_30,1.0,0.28890510880271036,-53.02900445988274,-35.35266963992183,-17.676334819960914
2010,senate,6,18691.0,16304.0,34995.0,6.820974424917845,-24.017844003625843,same_cycle_federal,30.83881842854369,33.70432294578864,30.83881842854369,56.16198565692315,16.77819601953823,14.060622409005461,30.83881842854369,56.16198565692315,-49.34101123200531,,True,meaningful,structural_residual_predetermined_lag_alpha_30,1.0,0.3056822196276809,13.75494018937778,6.868000497127474,6.886939692250307
2010,senate,7,20819.0,25333.0,46152.0,-9.780724562315823,-9.858856032335035,same_cycle_federal,0.07813147001921195,-1.8200027291757959,0.07813147001921195,-12.415108530947164,16.77819601953823,-16.700064549519016,-12.415108530947164,0.07813147001921195,2.63438396863134,,True,meaningful,structural_residual_predetermined_lag_alpha_30,1.0,-0.29164924502849104,-16.408415304490525,-12.091235393624284,-4.3171799108662405
2010,senate,8,20016.0,20603.0,40619.0,-1.445136512469534,-30.78862550431116,same_cycle_federal,29.343488991841625,22.21012123372635,29.343488991841625,44.44238803107181,16.77819601953823,12.565292972303396,22.21012123372635,44.44238803107181,-45.88752454354134,,True,meaningful,structural_residual_predetermined_lag_alpha_30,1.0,0.2659927424466491,12.299300229856748,5.868129473966494,6.431170755890253
2010,senate,9,13933.0,30834.0,44767.0,-37.75325574642036,-54.18337916940699,same_cycle_federal,16.430123422986632,9.498391020578886,16.430123422986632,14.689204246082248,16.77819601953823,-0.34807259655159584,9.498391020578886,16.430123422986632,-52.442459992502606,,True,meaningful,structural_residual_predetermined_lag_alpha_30,1.0,0.34132587223508287,-0.6893984687866788,-0.45959897919111914,-0.22979948959555963
2010,senate,10,17459.0,20249.0,37708.0,-7.398960432799406,-41.86389146047955,same_cycle_federal,34.464931027680144,13.97326097642246,34.464931027680144,33.37925730377,16.77819601953823,17.686735008141916,13.97326097642246,34.464931027680144,-40.7782177365694,,True,meaningful,structural_residual_predetermined_lag_alpha_30,1.0,0.20727361762604718,17.47946139051587,15.517929809582743,1.9615315809331264
2010,senate,11,19928.0,17323.0,37251.0,6.993100856352849,-18.598580672707044,same_cycle_federal,25.591681529059894,12.81093114137833,25.591681529059894,21.1360031536712,16.77819601953823,8.813485509521666,12.81093114137833,25.591681529059894,-14.142902297318352,,True,meaningful,structural_residual_predetermined_lag_alpha_30,1.0,-0.09883491548833107,8.912320425009996,5.941546950006664,2.970773475003332
2010,senate,12,15203.0,26702.0,41905.0,-27.440639541820783,-52.25313989367622,same_cycle_federal,24.812500351855437,12.058631403905668,24.812500351855437,25.40290680652802,16.77819601953823,8.034304332317209,12.058631403905668,25.40290680652802,-52.8435463483488,,True,meaningful,structural_residual_predetermined_lag_alpha_30,1.0,0.34593538986292144,7.688368942454288,5.072279198091723,2.616089744362565
2010,senate,13,18443.0,18800.0,37243.0,-0.9585693955911178,-36.63072756405066,same_cycle_federal,35.67215816845954,22.087315901265253,35.67215816845954,35.8512322305421,16.77819601953823,18.89396214892131,22.087315901265253,35.8512322305421,-36.80980162613322,,True,meaningful,structural_residual_predetermined_lag_alpha_30,1.0,0.1616662721030071,18.732295876818306,12.754424305031531,5.977871571786775
2010,senate,17,8973.0,38777.0,47750.0,-62.41675392670157,-8.856795012022044,same_cycle_federal,-53.55995891467953,-8.184531378052156,-53.55995891467953,-0.22970147347560044,16.77819601953823,-70.33815493421775,-53.55995891467953,-0.22970147347560044,-62.18705245322597,,True,meaningful,structural_residual_predetermined_lag_alpha_30,1.0,0.45331639514639444,-70.79147132936414,-47.19431421957609,-23.59715710978805
2010,senate,21,19509.0,20528.0,40037.0,-2.545145740190324,-25.015370267159117,same_cycle_federal,22.470224526968792,24.705273025354796,22.470224526968792,18.286272286280404,16.77819601953823,5.692028507430564,18.286272286280404,24.705273025354796,-20.83141802647073,,True,meaningful,structural_residual_predetermined_lag_alpha_30,1.0,-0.021966603444760598,5.713995110875325,5.425552631243399,0.28844247963192604
2010,senate,22,24785.0,19939.0,44724.0,10.835345675699848,-46.19359371741936,same_cycle_federal,57.02893939311921,33.131590575054624,57.02893939311921,40.12071491237063,16.77819601953823,40.25074337358098,33.131590575054624,57.02893939311921,-29.28536923667078,,True,meaningful,structural_residual_predetermined_lag_alpha_30,1.0,0.0751911197245816,40.1755522538564,26.783701502570935,13.391850751285467
2010,senate,25,14425.0,38919.0,53344.0,-45.917066586682665,-36.052672285544205,same_cycle_federal,-9.86439430113846,-23.737083485720404,-9.86439430113846,-15.205847769839465,16.77819601953823,-26.64259032067669,-23.737083485720404,-9.86439430113846,-30.7112188168432,,True,meaningful,structural_residual_predetermined_lag_alpha_30,1.0,0.09157781221274855,-26.734168132889437,-17.822778755259623,-8.911389377629813
2010,senate,27,17377.0,21243.0,38620.0,-10.010357327809425,-27.328622199807945,same_cycle_federal,17.318264871998522,5.332619353699249,17.318264871998522,12.881240997440463,16.77819601953823,0.5400688524602941,5.332619353699249,17.318264871998522,-22.891598325249888,,True,meaningful,structural_residual_predetermined_lag_alpha_30,1.0,0.001710186516626186,0.538358665943668,4.211004836191002,-3.672646170247334
2010,senate,28,28581.0,12028.0,40609.0,40.76190007141274,18.157937649037105,same_cycle_federal,22.603962422375634,14.066923986171389,22.603962422375634,23.17034013694991,16.77819601953823,5.825766402837406,14.066923986171389,23.17034013694991,17.59155993446283,,True,meaningful,structural_residual_predetermined_lag_alpha_30,1.0,-0.46354580862943084,6.289312211466837,6.1425671986108386,0.14674501285599817
2010,senate,30,19330.0,25772.0,45102.0,-14.283180346769544,-23.214748804571443,same_cycle_federal,8.931568457801898,1.548054961372852,8.931568457801898,17.110591556209837,16.77819601953823,-7.84662756173633,1.548054961372852,17.110591556209837,-31.39377190297938,,True,meaningful,structural_residual_predetermined_lag_alpha_30,1.0,0.09942210917429087,-7.946049670910621,-1.333050152118676,-6.612999518791945
2010,senate,33,23241.0,8419.0,31660.0,46.8161718256475,-1.0976656213967146,same_cycle_federal,47.913837447044216,4.163924585238931,47.913837447044216,7.952723245380845,16.77819601953823,31.135641427505988,4.163924585238931,47.913837447044216,38.863448580266656,,True,meaningful,structural_residual_predetermined_lag_alpha_30,1.0,-0.708014722271195,31.843656149777182,18.741880230071416,13.101775919705766
2010,senate,35,12653.0,18307.0,30960.0,-18.262273901808783,-42.99999546009313,same_cycle_federal,24.73772155828435,-4.825150691480104,24.73772155828435,-12.149076261668753,16.77819601953823,7.959525538746121,-12.149076261668753,24.73772155828435,-6.11319764014003,,True,meaningful,structural_residual_predetermined_lag_alpha_30,1.0,-0.19111695057654263,8.150642489322664,3.676092029279479,4.474550460043185
2014,house,1,4652.0,4933.0,9585.0,-2.9316640584246216,-20.017228220265437,same_cycle_state_fallback,17.085564161840814,17.085564161840814,,20.279537365855003,19.407582549313577,-2.322018387472763,17.085564161840814,20.279537365855003,-23.211201424279626,,False,meaningful,structural_residual_predetermined_lag_alpha_30,1.0,0.00538325117568522,-2.3274016386484484,-0.705050935939969,-1.6223507027084794
2014,house,2,5224.0,8561.0,13785.0,-24.20747188973522,-42.9236611215687,same_cycle_state_fallback,18.71618923183348,18.71618923183348,,20.996503240508748,19.407582549313577,-0.6913933174800988,18.71618923183348,20.996503240508748,-45.20397513024397,,False,meaningful,structural_residual_predetermined_lag_alpha_30,1.0,0.2581369951140192,-0.949530312594118,-3.7811635394661662,2.8316332268720483
2014,house,3,7993.0,5357.0,13350.0,19.745318352059925,-6.807886163481655,same_cycle_state_fallback,26.55320451554158,26.55320451554158,,32.39762206105808,19.407582549313577,7.145621966228003,26.55320451554158,32.39762206105808,-12.652303708998154,,False,meaningful,structural_residual_predetermined_lag_alpha_30,1.0,-0.11596574122883106,7.261587707456834,3.5141793438320645,3.7474083636247695
2014,house,5,5520.0,7132.0,12652.0,-12.74106860575403,-45.16978110209447,same_cycle_state_fallback,32.42871249634044,32.42871249634044,,32.23506236973536,19.407582549313577,13.02112994702686,32.23506236973536,32.42871249634044,-44.97613097548939,,False,meaningful,structural_residual_predetermined_lag_alpha_30,1.0,0.25551847759919266,12.765611469427668,4.823860425332643,7.941751044095025
2014,house,7,5553.0,6072.0,11625.0,-4.464516129032258,-37.810397494881094,same_cycle_state_fallback,33.34588136584884,33.34588136584884,,34.78166730031812,19.407582549313577,13.938298816535262,33.34588136584884,34.78166730031812,-39.24618342935038,,False,meaningful,structural_residual_predetermined_lag_alpha_30,1.0,0.18966658850963494,13.748632228025627,3.327097284766085,10.421534943259543
2014,house,8,4195.0,6270.0,10465.0,-19.827998088867652,-32.564988069922336,same_cycle_state_fallback,12.736989981054684,12.736989981054684,,9.114245160566973,19.407582549313577,-6.670592568258893,9.114245160566973,12.736989981054684,-28.942243249434625,,False,meaningful,structural_residual_predetermined_lag_alpha_30,1.0,0.07124771635600355,-6.741840284614897,-5.224318841618452,-1.5175214429964452
2014,house,10,314.0,9256.0,9570.0,-93.43782654127482,-39.4193891793999,same_cycle_state_fallback,-54.018437361874916,-54.018437361874916,,-66.17408301670646,19.407582549313577,-73.42601991118849,-66.17408301670646,-54.018437361874916,-27.26374352456836,,False,nominal,structural_residual_predetermined_lag_alpha_30,1.0,0.051957421492270256,-73.47797733268077,-49.574919244384105,-23.90305808829666
2014,house,16,3430.0,10467.0,13897.0,-50.63682809239404,-46.49370918750865,same_cycle_state_fallback,-4.143118904885391,-4.143118904885391,27.67706246669094,5.083235239650932,19.407582549313577,-23.55070145419897,-4.143118904885391,27.67706246669094,-55.72006333204497,,False,meaningful,structural_residual_predetermined_lag_alpha_30,1.0,0.37899399569644754,-23.929695449895416,-15.715168385299597,-8.214527064595819
2014,house,17,4027.0,7854.0,11881.0,-32.21109334231125,-44.51889611685169,same_cycle_state_fallback,12.307802774540441,12.307802774540441,,28.90146352714867,19.407582549313577,-7.099779774773136,12.307802774540441,28.90146352714867,-61.11255686945992,,False,meaningful,structural_residual_predetermined_lag_alpha_30,1.0,0.4409676670926692,-7.540747441865806,-8.11924961272151,0.578502170855705
2014,house,18,6700.0,4559.0,11259.0,19.015898392397197,-25.071512120658454,same_cycle_state_fallback,44.08741051305565,44.08741051305565,,57.67028625711356,19.407582549313577,24.679827963742074,44.08741051305565,57.67028625711356,-38.65438786471636,,False,meaningful,structural_residual_predetermined_lag_alpha_30,1.0,0.1828653297595036,24.49696263398257,18.675291657597874,5.821670976384695
2014,house,21,4558.0,9428.0,13986.0,-34.82053482053482,-38.49473957792195,same_cycle_state_fallback,3.6742047573871304,3.6742047573871304,,-0.6171020284311552,19.407582549313577,-15.733377791926447,-0.6171020284311552,3.6742047573871304,-34.20343279210366,,False,meaningful,structural_residual_predetermined_lag_alpha_30,1.0,0.1317123658930548,-15.865090157819502,-9.379996700567458,-6.485093457252043
2014,house,22,2998.0,8688.0,11686.0,-48.69074105767585,-52.56419624683074,same_cycle_state_fallback,3.873455189154889,3.873455189154889,,0.7118664602584701,19.407582549313577,-15.534127360158688,0.7118664602584701,3.873455189154889,-49.40260751793432,,False,meaningful,structural_residual_predetermined_lag_alpha_30,1.0,0.30639011996300924,-15.840517480121697,-10.560344986747797,-5.2801724933739
2014,house,23,4139.0,5493.0,9632.0,-14.057308970099667,-35.25000691192098,same_cycle_state_fallback,21.192697941821308,21.192697941821308,,26.38981766688471,19.407582549313577,1.7851153925077305,21.192697941821308,26.38981766688471,-40.44712663698438,,False,meaningful,structural_residual_predetermined_lag_alpha_30,1.0,0.20346852618448516,1.5816468663232455,1.0544312442154968,0.5272156221077486
2014,house,24,4338.0,6877.0,11215.0,-22.639322336156933,-47.73658051891059,same_cycle_state_fallback,25.09725818275366,25.09725818275366,,32.08661002707122,19.407582549313577,5.689675633440082,25.09725818275366,32.08661002707122,-54.72593236322815,,False,meaningful,structural_residual_predetermined_lag_alpha_30,1.0,0.36756886452868787,5.322106768911394,3.5480711792742623,1.7740355896371316
2014,house,27,4856.0,6996.0,11852.0,-18.05602429969625,-57.18319435402029,same_cycle_state_fallback,39.12717005432404,39.12717005432404,59.00705921481966,42.79758644379564,19.407582549313577,19.719587505010463,39.12717005432404,59.00705921481966,-60.853610743491885,,False,meaningful,structural_residual_predetermined_lag_alpha_30,1.0,0.43799170763926937,19.281595797371192,16.891064115792425,2.390531681578768
2014,house,28,6827.0,3704.0,10531.0,29.65530338999145,1.0185872989820979,same_cycle_state_fallback,28.63671609100935,28.63671609100935,,43.974530315147,19.407582549313577,9.229133541695774,28.63671609100935,43.974530315147,-14.319226925155553,,False,meaningful,structural_residual_predetermined_lag_alpha_30,1.0,-0.09680849033476803,9.325942032030541,8.562308802943921,0.7636332290866203
2014,house,29,4476.0,8785.0,13261.0,-32.493778749717215,-41.8106829527629,same_cycle_state_fallback,9.316904203045688,9.316904203045688,13.441503636219728,24.55093468070765,19.407582549313577,-10.09067834626789,9.316904203045688,24.55093468070765,-57.04471343042486,,False,meaningful,structural_residual_predetermined_lag_alpha_30,1.0,0.39421764489368366,-10.484895991161574,-2.788715661350679,-7.696180329810895
2014,house,33,2748.0,8343.0,11091.0,-50.44630781714904,-40.71688396799348,same_cycle_federal,-9.729423849155559,-18.762705097732557,-9.729423849155559,-19.478298329784096,8.51320595673718,-18.24262980589274,-19.478298329784096,-9.729423849155559,-30.968009487364945,,True,meaningful,structural_residual_predetermined_lag_alpha_30,1.0,0.09452899991879057,-18.33715880581153,-17.201244248487235,-1.1359145573242948
2014,house,37,5518.0,5949.0,11467.0,-3.758611668265457,-32.08734604337314,same_cycle_federal,28.328734375107683,18.21718429928173,28.328734375107683,21.46099664516496,8.51320595673718,19.815528418370505,18.21718429928173,28.328734375107683,-25.219608313430417,,True,meaningful,structural_residual_predetermined_lag_alpha_30,1.0,0.028465031008064315,19.78706338736244,12.045823718348169,7.741239669014272
2014,house,39,7786.0,5928.0,13714.0,13.54819892081085,-54.06344281882204,same_cycle_federal,67.61164173963289,54.20873895212095,67.61164173963289,71.48495114044886,8.51320595673718,59.098435782895706,54.20873895212095,71.48495114044886,-57.936752219638,,True,meaningful,structural_residual_predetermined_lag_alpha_30,1.0,0.40446947336817446,58.69396630952753,42.471981849262136,16.221984460265396
2014,house,40,9105.0,22356.0,31461.0,-42.11881376942882,-41.39260733867189,same_cycle_federal,-0.7262064307569318,-7.621092892593985,-0.7262064307569318,1.8539664413109165,8.51320595673718,-9.239412387494111,-7.621092892593985,1.8539664413109165,-43.972780210739735,,True,meaningful,structural_residual_predetermined_lag_alpha_30,1.0,0.2439873871753826,-9.483399774669493,-6.322266516446328,-3.161133258223165
2014,house,47,2642.0,7073.0,9715.0,-45.609881626351005,-39.783406523442416,same_cycle_federal,-5.826475102908589,-6.084332976624552,-5.826475102908589,-55.12037779244636,8.51320595673718,-14.339681059645768,-55.12037779244636,-5.826475102908589,9.510496166095354,,True,meaningful,structural_residual_predetermined_lag_alpha_30,1.0,-0.3706735247707842,-13.969007534874983,-9.312671689916655,-4.656335844958328
2014,house,52,7305.0,2207.0,9512.0,53.59545836837679,88.33933807687302,same_cycle_federal,-34.74387970849623,-1.1219567549798128,-34.74387970849623,37.225035868545376,8.51320595673718,-43.25708566523341,-34.74387970849623,37.225035868545376,16.37042249983141,,True,meaningful,structural_residual_predetermined_lag_alpha_30,1.0,-0.44951178715524814,-42.807573878078166,-28.538382585385442,-14.269191292692724
2014,house,53,4166.0,1190.0,5356.0,55.56385362210605,28.903711523279185,same_cycle_state_fallback,26.660142098826867,26.660142098826867,,11.021634009077566,19.407582549313577,7.25255954951329,11.021634009077566,26.660142098826867,44.542219613028486,,False,meaningful,structural_residual_predetermined_lag_alpha_30,1.0,-0.773278461110551,8.02583801062384,5.350558673749227,2.6752793368746133
2014,house,56,7960.0,3680.0,11640.0,36.76975945017182,73.96251969572808,same_cycle_federal,-37.19276024555626,-0.8179142053664918,-37.19276024555626,26.285721658268,8.51320595673718,-45.70596620229344,-37.19276024555626,26.285721658268,10.48403779190382,,True,meaningful,structural_residual_predetermined_lag_alpha_30,1.0,-0.3818620312362588,-45.32410417105718,-30.216069447371453,-15.108034723685726
2014,house,69,9396.0,4340.0,13736.0,36.808386721025045,38.16908548687411,same_cycle_state_fallback,-1.3606987658490652,-1.3606987658490652,38.355402656955995,4.204572091857443,19.407582549313577,-20.768281315162643,-1.3606987658490652,38.355402656955995,32.6038146291676,,False,meaningful,structural_residual_predetermined_lag_alpha_30,1.0,-0.6360753690101407,-20.132205946152503,-13.421470630768335,-6.710735315384168
2014,house,74,3621.0,9481.0,13102.0,-44.72599603114028,-33.91232187257648,same_cycle_federal,-10.813674158563806,-27.119995992891873,-10.813674158563806,-37.06672975413067,8.51320595673718,-19.326880115300987,-37.06672975413067,-10.813674158563806,-7.659266277009614,,True,meaningful,structural_residual_predetermined_lag_alpha_30,1.0,-0.17334863078300755,-19.15353148451798,-14.050844085690802,-5.102687398827179
2014,house,77,6891.0,3775.0,10666.0,29.21432589536846,11.08415394030531,same_cycle_federal,18.13017195506315,-4.130603550558732,18.13017195506315,-22.38143794447508,8.51320595673718,9.616965998325972,-22.38143794447508,18.13017195506315,51.59576383984354,,True,meaningful,structural_residual_predetermined_lag_alpha_30,1.0,-0.8543418929085435,10.471307891234515,2.7830453583630987,7.688262532871416
2014,house,78,6998.0,2637.0,9635.0,45.26206538661131,42.01815123811726,same_cycle_federal,3.2439141484940492,-18.304717360433216,3.2439141484940492,-9.101732264069383,8.51320595673718,-5.26929180824313,-18.304717360433216,3.2439141484940492,54.363797650680695,,True,meaningful,structural_residual_predetermined_lag_alpha_30,1.0,-0.8861537470380318,-4.3831380612050985,-2.922092040803399,-1.4610460204016995
2014,house,79,3535.0,5136.0,8671.0,-18.463845000576637,-27.40603455250625,same_cycle_federal,8.942189551929612,-2.036433025942852,8.942189551929612,4.943969365997816,8.51320595673718,0.4289835951924328,-2.036433025942852,8.942189551929612,-23.407814366574453,,True,meaningful,structural_residual_predetermined_lag_alpha_30,1.0,0.007642841436383996,0.4213407537560488,-0.7965541511756431,1.2178949049316918
2014,house,80,2240.0,4702.0,6942.0,-35.46528377989052,-39.31166303316724,same_cycle_federal,3.846379253276723,-1.5995626685473567,3.846379253276723,-4.098920475086537,8.51320595673718,-4.6668267034604565,-4.098920475086537,3.846379253276723,-31.366363304803983,,True,meaningful,structural_residual_predetermined_lag_alpha_30,1.0,0.09910711362631891,-4.7659338170867755,-5.82934787007669,1.0634140529899145
2014,house,81,4352.0,9119.0,13471.0,-35.3871279043872,-49.25487550400752,same_cycle_federal,13.867747599620323,0.03110594025855562,13.867747599620323,7.688959110825721,8.51320595673718,5.354541642883143,0.03110594025855562,13.867747599620323,-43.07608701521292,,True,meaningful,structural_residual_predetermined_lag_alpha_30,1.0,0.23368206755705875,5.120859575326085,1.4943346130872053,3.6265249622388795
2014,house,83,5257.0,2752.0,8009.0,31.27731302284929,17.922938915812512,same_cycle_federal,13.35437410703678,9.62288115282113,13.35437410703678,9.509996835225323,8.51320595673718,4.8411681502996,9.509996835225323,13.35437410703678,21.76731618762397,,True,meaningful,structural_residual_predetermined_lag_alpha_30,1.0,-0.5115360276382392,5.35270417793784,3.56846945195856,1.78423472597928
2014,house,84,7365.0,4316.0,11681.0,26.10221727591816,17.726990423671985,same_cycle_federal,8.375226852246175,-0.21645149135519048,8.375226852246175,5.936828106075669,8.51320595673718,-0.13797910449100392,-0.21645149135519048,8.375226852246175,20.16538916984249,,True,meaningful,structural_residual_predetermined_lag_alpha_30,1.0,-0.4931257508503488,0.3551466463593449,-0.5849674308831723,0.9401140772425172
2014,house,85,5777.0,3405.0,9182.0,25.833151818775868,-20.843356309018123,same_cycle_federal,46.676508127793994,32.11958850867409,46.676508127793994,51.0777317717064,8.51320595673718,38.16330217105681,32.11958850867409,51.0777317717064,-25.244579952930525,,True,meaningful,structural_residual_predetermined_lag_alpha_30,1.0,0.02875201960988033,38.13455015144693,23.525423790989482,14.609126360457449
2014,house,89,5436.0,5519.0,10955.0,-0.7576449109995436,-32.46901004927679,same_cycle_federal,31.711365138277245,13.250541371020306,31.711365138277245,21.477497876943875,8.51320595673718,23.198159181540063,13.250541371020306,31.711365138277245,-22.23514278794342,,True,meaningful,structural_residual_predetermined_lag_alpha_30,1.0,-0.005834182238382784,23.203993363778448,14.585942936716796,8.618050427061652
2014,house,90,5894.0,7722.0,13616.0,-13.425381903642773,-28.298795569427096,same_cycle_federal,14.873413665784323,-2.4297580910859438,14.873413665784323,5.610303877332768,8.51320595673718,6.360207709047144,-2.4297580910859438,14.873413665784323,-19.03568578097554,,True,meaningful,structural_residual_predetermined_lag_alpha_30,1.0,-0.04260420260473425,6.402811911651878,2.7157771022099935,3.6870348094418848
2014,house,93,2773.0,9139.0,11912.0,-53.44190732034923,-52.82675717084685,same_cycle_federal,-0.6151501495023837,-15.322015506388446,-0.6151501495023837,-15.18594348442587,8.51320595673718,-9.128356106239563,-15.322015506388446,-0.6151501495023837,-38.25596383592336,,True,meaningful,structural_residual_predetermined_lag_alpha_30,1.0,0.1782864091422685,-9.306642515381832,-12.393242227547091,3.0865997121652597
2014,house,98,6134.0,3276.0,9410.0,30.37194473963868,23.046675498090785,same_cycle_federal,7.325269241547893,5.0128293989529595,7.325269241547893,4.71939802196588,8.51320595673718,-1.1879367151892861,4.71939802196588,7.325269241547893,25.6525467176728,,True,meaningful,structural_residual_predetermined_lag_alpha_30,1.0,-0.5561873561001441,-0.631749359089142,2.7932761439245337,-3.425025503013676
2014,house,103,5608.0,2065.0,7673.0,46.17489899648117,34.036940015871465,same_cycle_federal,12.137958980609703,9.217176892886748,12.137958980609703,21.315833847229946,8.51320595673718,3.6247530238725236,9.217176892886748,21.315833847229946,24.859065149251222,,True,meaningful,structural_residual_predetermined_lag_alpha_30,1.0,-0.5470682045167207,4.171821228389244,2.781214152259496,1.390607076129748
2014,senate,1,13704.0,22982.0,36686.0,-25.290301477402824,-36.071463505205074,same_cycle_state_fallback,10.78116202780225,10.78116202780225,,10.344716573789146,10.37660528557254,0.40455674222971005,10.344716573789146,10.78116202780225,-35.63501805119197,,False,meaningful,structural_residual_predetermined_lag_alpha_30,1.0,0.14816497613854515,0.2563917660911649,1.5092506842917643,-1.2528589182005994
2014,senate,4,8875.0,24750.0,33625.0,-47.21189591078067,-52.45877872092341,same_cycle_state_fallback,5.246882810142743,5.246882810142743,,13.675285772711277,10.37660528557254,-5.129722475429796,5.246882810142743,13.675285772711277,-60.887181683491946,,False,meaningful,structural_residual_predetermined_lag_alpha_30,1.0,0.43837752440281125,-5.568099999832607,-6.012327626633493,0.44422762680088557
2014,senate,6,17574.0,17641.0,35215.0,-0.1902598324577595,-18.28534928979039,same_cycle_state_fallback,18.09508945733263,18.09508945733263,,26.76006903669709,10.37660528557254,7.718484171760091,18.09508945733263,26.76006903669709,-26.95032886915485,,False,meaningful,structural_residual_predetermined_lag_alpha_30,1.0,0.04835547802574769,7.670128693734343,7.341569601719995,0.3285590920143475
2014,senate,7,12404.0,22873.0,35277.0,-29.67655979816878,-28.029288001144536,same_cycle_state_fallback,-1.647271797024242,-1.647271797024242,,-16.190513144419647,10.37660528557254,-12.023877082596782,-16.190513144419647,-1.647271797024242,-13.486046653749131,,False,meaningful,structural_residual_predetermined_lag_alpha_30,1.0,-0.10638388249716815,-11.917493200099614,-9.384055437021825,-2.5334377630777887
2014,senate,8,9322.0,24332.0,33654.0,-44.60093896713615,-46.10575990947033,same_cycle_state_fallback,1.5048209423341774,1.5048209423341774,,4.099540581725861,10.37660528557254,-8.871784343238362,1.5048209423341774,4.099540581725861,-48.70047954886201,,False,meaningful,structural_residual_predetermined_lag_alpha_30,1.0,0.29832085706422734,-9.17010520030259,-6.113403466868393,-3.0567017334341973
2014,senate,10,16216.0,17378.0,33594.0,-3.458951003155325,-31.21176687132197,same_cycle_state_fallback,27.752815868166646,27.752815868166646,56.021211090507876,40.52073331163293,10.37660528557254,17.376210582594105,27.752815868166646,56.021211090507876,-43.97968431478826,,False,meaningful,structural_residual_predetermined_lag_alpha_30,1.0,0.24406673315375418,17.13214384944035,15.517929809582743,1.6142140398576075
2014,senate,11,6981.0,24318.0,31299.0,-55.39154605578453,-56.80154312388538,same_cycle_federal,1.40999706810085,-7.129257143540443,1.40999706810085,-2.4224522257778176,10.036225443423206,-8.626228375322356,-7.129257143540443,1.40999706810085,-52.96909383000671,,True,meaningful,structural_residual_predetermined_lag_alpha_30,1.0,0.34737825452634774,-8.973606629848703,-7.49343086752373,-1.480175762324973
2014,senate,12,36062.0,47734.0,83796.0,-13.9290658265311,-38.34907983799623,same_cycle_federal,24.420014011465128,16.929055958032706,24.420014011465128,19.98171625183607,10.036225443423206,14.383788568041922,16.929055958032706,24.420014011465128,-33.91078207836717,,True,meaningful,structural_residual_predetermined_lag_alpha_30,1.0,0.1283490537182442,14.255439514323678,8.355814484026416,5.899625030297262
2014,senate,13,10424.0,16758.0,27182.0,-23.30218526966375,-39.86912941202487,same_cycle_federal,16.56694414236112,7.367717649470709,16.56694414236112,10.231445011273333,10.036225443423206,6.530718698937914,7.367717649470709,16.56694414236112,-33.53363028093708,,True,meaningful,structural_residual_predetermined_lag_alpha_30,1.0,0.12401460595335521,6.406704092984559,5.608022931526573,0.7986811614579858
2014,senate,16,8284.0,28107.0,36391.0,-54.472259624632464,-52.55545764159546,same_cycle_federal,-1.9168019830370042,-2.258885618540063,-1.9168019830370042,-27.61517127308288,10.036225443423206,-11.95302742646021,-27.61517127308288,-1.9168019830370042,-26.857088351549585,,True,meaningful,structural_residual_predetermined_lag_alpha_30,1.0,0.04728390377929022,-12.0003113302395,-10.373298841147776,-1.6270124890917241
2014,senate,21,12161.0,20179.0,32340.0,-24.79282622139765,-35.69556391165122,same_cycle_state_fallback,10.90273769025357,10.90273769025357,,15.18703702286724,10.37660528557254,0.5261324046810305,10.90273769025357,15.18703702286724,-39.97986324426489,,False,meaningful,structural_residual_predetermined_lag_alpha_30,1.0,0.19809846356781988,0.3280339411132106,5.425552631243399,-5.097518690130188
2014,senate,22,11136.0,23065.0,34201.0,-34.879097102423906,-49.13273259441265,same_cycle_federal,14.253635491988746,1.6793786891098321,14.253635491988746,1.3815664888561514,10.036225443423206,4.21741004856554,1.3815664888561514,14.253635491988746,-36.26066359128006,,True,meaningful,structural_residual_predetermined_lag_alpha_30,1.0,0.15535525848991127,4.062054790075629,3.6496044681829596,0.41245032189266917
2014,senate,27,10358.0,19808.0,30166.0,-31.326659152688457,-31.61326169403923,same_cycle_federal,0.28660254135077423,-10.580447026907784,0.28660254135077423,-8.843330668225601,10.036225443423206,-9.749622902072431,-10.580447026907784,0.28660254135077423,-22.483328484462856,,True,meaningful,structural_residual_predetermined_lag_alpha_30,1.0,-0.0029818878972548,-9.746641014175177,-7.816074330998869,-1.9305666831763082
2014,senate,28,22147.0,8020.0,30167.0,46.829316803129245,19.57220846791592,same_cycle_federal,27.257108335213324,15.076975969744126,27.257108335213324,28.40697475553804,10.036225443423206,17.22088289179012,15.076975969744126,28.40697475553804,18.422342047591204,,True,meaningful,structural_residual_predetermined_lag_alpha_30,1.0,-0.47309363976240204,17.693976531552522,11.84489935865368,5.849077172898841
2014,senate,31,8627.0,23066.0,31693.0,-45.558956236392895,-51.07082834024788,same_cycle_federal,5.511872103854984,-10.470993949182976,5.511872103854984,-1.4668593025851138,10.036225443423206,-4.524353339568222,-10.470993949182976,5.511872103854984,-44.09209693380778,,True,meaningful,structural_residual_predetermined_lag_alpha_30,1.0,0.24535864433798976,-4.769711983906212,-11.94838548220677,7.178673498300559
2014,senate,35,6862.0,19173.0,26035.0,-47.286345304397926,-49.82300258390885,same_cycle_federal,2.5366572795109263,-4.8351171955776735,2.5366572795109263,-17.819322896444866,10.036225443423206,-7.499568163912279,-17.819322896444866,2.5366572795109263,-29.46702240795306,,True,meaningful,structural_residual_predetermined_lag_alpha_30,1.0,0.07727878359789361,-7.576846947510173,-5.051231298340115,-2.5256156491700583
2018,house,2,4798.0,13056.0,17854.0,-46.25294051753109,-47.33594922556552,same_cycle_federal,1.0830087080344342,-0.9712685311475155,1.0830087080344342,12.466118675990657,1.7545361066411533,-0.6715273986067192,-0.9712685311475155,12.466118675990657,-58.719059193521744,-15.417924933213662,True,meaningful,structural_residual_predetermined_lag_alpha_30,1.0,0.8076625401614913,-1.4791899387682106,-4.045993352553213,2.566803413785002
2018,house,3,8540.0,9448.0,17988.0,-5.047809650878364,-18.867571819684688,same_cycle_federal,13.819762168806324,4.9660717927983455,13.819762168806324,20.450503641561717,1.7545361066411533,12.065226062165172,4.9660717927983455,20.450503641561717,-25.49831329244008,-11.28704087471895,True,meaningful,structural_residual_predetermined_lag_alpha_30,1.0,0.30883783974546203,11.75638822241971,7.837592148279807,3.9187960741399035
2018,house,4,4325.0,11074.0,15399.0,-43.82752126761478,-40.13621286018718,same_cycle_federal,-3.6913084074275986,-5.774662822832525,-3.6913084074275986,6.150758584680368,1.7545361066411533,-5.445844514068752,-5.774662822832525,6.150758584680368,-49.978279852295145,-2.666191669762945,True,meaningful,structural_residual_predetermined_lag_alpha_30,1.0,0.3459375387280767,-5.791782052796829,-3.861188035197886,-1.930594017598943
2018,house,5,4725.0,12395.0,17120.0,-44.80140186915888,-41.28640693419884,same_cycle_federal,-3.5149949349600433,-5.447378497077253,-3.5149949349600433,10.567060658793991,1.7545361066411533,-5.269531041601197,-5.447378497077253,10.567060658793991,-55.36846252795287,-11.938715123105489,True,meaningful,structural_residual_predetermined_lag_alpha_30,1.0,0.6705856250538976,-5.940116666655094,-3.9600777777700626,-1.9800388888850318
2018,house,7,3592.0,10892.0,14484.0,-50.4004418668876,-63.83438179424244,same_cycle_federal,13.433939927354842,0.08880593980559581,13.433939927354842,15.39676761624009,1.7545361066411533,11.67940382071369,0.08880593980559581,15.39676761624009,-65.79720948312769,-30.933350946998644,True,meaningful,structural_residual_predetermined_lag_alpha_30,1.0,1.3285781521045297,10.35082566860916,6.900550445739439,3.4502752228697204
2018,house,8,5469.0,8803.0,14272.0,-23.36042600896861,-23.925132042676523,same_cycle_federal,0.564706033707914,-0.7810254233885914,0.564706033707914,9.827047568072246,1.7545361066411533,-1.1898300729332394,-0.7810254233885914,9.827047568072246,-33.187473577040855,-5.3196614937915925,True,meaningful,structural_residual_predetermined_lag_alpha_30,1.0,0.22814360081852667,-1.417973673751766,-2.5623855361868864,1.1444118624351203
2018,house,10,8565.0,11240.0,19805.0,-13.506690229739965,-7.185999510769945,same_cycle_federal,-6.320690718970019,-5.417798633351387,-6.320690718970019,4.678092396933648,1.7545361066411533,-8.075226825611173,-6.320690718970019,4.678092396933648,-18.184782626673613,2.7646506461208062,True,meaningful,structural_residual_predetermined_lag_alpha_30,1.0,-0.1733136630930877,-7.901913162518086,-16.786887159302765,8.88497399678468
2018,house,15,6951.0,14212.0,21163.0,-34.30988045173179,-36.31332063205876,same_cycle_federal,2.003440180326969,-7.284620358929992,2.003440180326969,-27.808976191389238,1.7545361066411533,0.24890407368581546,-27.808976191389238,2.003440180326969,-6.500904260342555,4.552144458192204,True,meaningful,structural_residual_predetermined_lag_alpha_30,1.0,-0.35823328861163056,0.6071373622974461,0.4047582415316307,0.20237912076581538
2018,house,18,3886.0,9845.0,13731.0,-43.39815017114558,-51.61405529881749,same_cycle_federal,8.21590512767191,-3.7897531729018183,8.21590512767191,14.441071778030157,1.7545361066411533,6.461369021030756,-3.7897531729018183,14.441071778030157,-57.83922194917574,-19.30149627914559,True,meaningful,structural_residual_predetermined_lag_alpha_30,1.0,0.9075768639437342,5.553792157087022,3.7025281047246814,1.8512640523623407
2018,house,20,8527.0,14589.0,23116.0,-26.224260252638864,-27.738368227477768,same_cycle_federal,1.514107974838904,2.8494429427815007,1.514107974838904,13.085896745885528,1.7545361066411533,-0.24042813180224942,1.514107974838904,13.085896745885528,-39.31015699852439,1.9324366228594982,True,meaningful,structural_residual_predetermined_lag_alpha_30,1.0,0.09304897849881501,-0.3334771103010644,-5.564758397495685,5.23128128719462
2018,house,21,8391.0,13311.0,21702.0,-22.67072159247996,-13.108170913200572,same_cycle_federal,-9.562550679279388,-6.863791497047625,-9.562550679279388,5.963693908529585,1.7545361066411533,-11.31708678592054,-9.562550679279388,5.963693908529585,-28.634415501009546,1.5928604110280098,True,meaningful,structural_residual_predetermined_lag_alpha_30,1.0,-0.0200222762595921,-11.297064509660949,-7.531376339773965,-3.7656881698869835
2018,house,27,2456.0,13245.0,15701.0,-68.71536844786957,-67.86863986407664,same_cycle_federal,-0.8467285837929239,-4.421478948500564,-0.8467285837929239,1.5421130240651735,1.7545361066411533,-2.6012646904340775,-4.421478948500564,1.5421130240651735,-70.25748147193474,-11.014824935637186,True,meaningful,structural_residual_predetermined_lag_alpha_30,1.0,0.81552404495491,-3.4167887353889874,-2.2778591569259916,-1.1389295784629958
2018,house,28,5731.0,7091.0,12822.0,-10.606769614724692,-16.598166046460676,same_cycle_federal,5.991396431735984,-2.5603696870971735,5.991396431735984,10.983702586820927,1.7545361066411533,4.23686032509483,-2.5603696870971735,10.983702586820927,-21.59047220154562,-4.683692868358673,True,meaningful,structural_residual_predetermined_lag_alpha_30,1.0,0.0768464141984211,4.160013910896409,2.7733426072642726,1.3866713036321365
2018,house,29,3032.0,11528.0,14560.0,-58.35164835164835,-66.34929627356092,same_cycle_federal,7.997647921912574,-0.3855435244613048,7.997647921912574,9.762673895337315,1.7545361066411533,6.24311181527142,-0.3855435244613048,9.762673895337315,-68.11432224698567,-12.92881934888193,True,meaningful,structural_residual_predetermined_lag_alpha_30,1.0,0.8451192179186326,5.397992597352787,5.152728632906499,0.24526396444628773
2018,house,30,2931.0,13779.0,16710.0,-64.91921005385997,-67.50900375459649,same_cycle_federal,2.5897937007365215,-5.767143800896228,2.5897937007365215,4.573725299077168,1.7545361066411533,0.8352575940953681,-5.767143800896228,4.573725299077168,-69.49293535293714,-6.647904498274521,True,meaningful,structural_residual_predetermined_lag_alpha_30,1.0,0.6830176903648694,0.15223990373049878,0.10149326915366585,0.05074663457683293
2018,house,32,7761.0,4513.0,12274.0,26.46244093205149,17.969010702573016,same_cycle_federal,8.493430229478474,6.7792867625549995,8.493430229478474,11.881643342654653,1.7545361066411533,6.73889412283732,6.7792867625549995,11.881643342654653,14.580797589396836,-6.2655100003755475,True,meaningful,structural_residual_predetermined_lag_alpha_30,1.0,-0.29404020070756426,7.032934323544884,4.806403839358396,2.2265304841864886
2018,house,33,4928.0,10155.0,15083.0,-34.65490950076245,-33.331114942078415,same_cycle_federal,-1.3237945586840354,-5.855158642696388,-1.3237945586840354,1.7775635203810722,1.7545361066411533,-3.078330665325189,-5.855158642696388,1.7775635203810722,-36.43247302114352,-10.863790460813298,True,meaningful,structural_residual_predetermined_lag_alpha_30,1.0,0.4225084032413445,-3.5008390685665334,-9.783084379864738,6.282245311298205
2018,house,36,4256.0,11399.0,15655.0,-45.62759501756627,-41.86303268318413,same_cycle_federal,-3.7645623343821413,-6.60433658675754,-3.7645623343821413,8.094103363222239,1.7545361066411533,-5.519098441023295,-6.60433658675754,8.094103363222239,-53.72169838078851,-8.400059167243732,True,meaningful,structural_residual_predetermined_lag_alpha_30,1.0,0.5514059681277672,-6.070504409151062,-7.6537037049527745,1.5831992958017125
2018,house,37,4505.0,11153.0,15658.0,-42.45752969727935,-38.66998575186389,same_cycle_federal,-3.7875439454154574,-5.099701436867875,-3.7875439454154574,-2.1997623912304647,1.7545361066411533,-5.542080052056611,-5.099701436867875,-2.1997623912304647,-40.25776730604888,-15.532377468646093,True,meaningful,structural_residual_predetermined_lag_alpha_30,1.0,0.5987372072830232,-6.140817259339634,-0.9181166050028695,-5.222700654336765
2018,house,38,4944.0,11151.0,16095.0,-38.56477166821995,-36.705986210037686,same_cycle_federal,-1.8587854581822612,-0.8293166562623355,-1.8587854581822612,1.5974051549814945,1.7545361066411533,-3.6133215648234147,-1.8587854581822612,1.5974051549814945,-40.16217682320144,-7.486323251396875,True,meaningful,structural_residual_predetermined_lag_alpha_30,1.0,0.3696849000173282,-3.983006464840743,-2.6553376432271616,-1.3276688216135812
2018,house,40,3819.0,11188.0,15007.0,-49.10375158259479,-48.036866940335024,same_cycle_federal,-1.0668846422597653,-2.8588516560962773,-1.0668846422597653,6.929965989387533,1.7545361066411533,-2.821420748900919,-2.8588516560962773,6.929965989387533,-56.03371757198232,-12.17916340274867,True,meaningful,structural_residual_predetermined_lag_alpha_30,1.0,0.6850432918704312,-3.50646404077135,-2.3376426938475667,-1.1688213469237834
2018,house,41,4610.0,14088.0,18698.0,-50.689913359717615,-50.63017632140573,same_cycle_federal,-0.05973703831188715,-5.552959067743458,-0.05973703831188715,6.5070937756336065,1.7545361066411533,-1.8142731449530405,-5.552959067743458,6.5070937756336065,-57.19700713535122,-1.2906647019918083,True,meaningful,structural_residual_predetermined_lag_alpha_30,1.0,0.38992913096418336,-2.2042022759172237,-1.4694681839448158,-0.7347340919724079
2018,house,43,5847.0,15035.0,20882.0,-43.99961689493344,-45.18840956434751,same_cycle_federal,1.1887926694140702,-7.372235389758217,1.1887926694140702,7.534718860987979,1.7545361066411533,-0.5657434372270831,-7.372235389758217,7.534718860987979,-51.53433575592142,5.008183968021591,True,meaningful,structural_residual_predetermined_lag_alpha_30,1.0,0.14639698250401,-0.7121404197310931,-0.4747602798207287,-0.23738013991036438
2018,house,45,7148.0,13669.0,20817.0,-31.325359081519917,-35.43208305363788,same_cycle_federal,4.106723972117965,-3.0660301543143156,4.106723972117965,-8.169604887118616,1.7545361066411533,2.352187865476812,-8.169604887118616,4.106723972117965,-23.1557541944013,-3.3857895445466326,True,meaningful,structural_residual_predetermined_lag_alpha_30,1.0,0.058064490510685976,2.2941233749661256,1.5294155833107503,0.7647077916553753
2018,house,46,8445.0,13341.0,21786.0,-22.473147893142382,-27.70877645619432,same_cycle_federal,5.2356285630519395,-9.322384971761238,5.2356285630519395,-29.997161066869182,1.7545361066411533,3.481092456410786,-29.997161066869182,5.2356285630519395,7.5240131737268,1.4910312365271094,True,meaningful,structural_residual_predetermined_lag_alpha_30,1.0,-0.43269102970085144,3.913783486111637,2.6091889907410915,1.3045944953705457
2018,house,47,7721.0,9170.0,16891.0,-8.578532946539577,-11.19779455893218,same_cycle_federal,2.619261612392604,-2.9290916966618656,2.619261612392604,-16.102546120266382,1.7545361066411533,0.8647255057514507,-16.102546120266382,2.619261612392604,7.524013173726805,1.4910312365271174,True,meaningful,structural_residual_predetermined_lag_alpha_30,1.0,-0.43269102970085177,1.2974165354523024,0.8649443569682016,0.4324721784841008
2018,house,48,7832.0,14789.0,22621.0,-30.754608549577824,-41.45744602624176,same_cycle_federal,10.702837476663937,-3.5354528333639195,10.702837476663937,-23.882348432092126,1.7545361066411533,8.948301370022785,-23.882348432092126,10.702837476663937,-6.872260117485699,2.7676859336309336,True,meaningful,structural_residual_predetermined_lag_alpha_30,1.0,-0.3034097429461492,9.251711112968934,6.167807408645956,3.083903704322978
2018,house,51,3174.0,15390.0,18564.0,-65.80478345184227,-62.827937792168086,same_cycle_federal,-2.976845659674183,-12.171044492588457,-2.976845659674183,-73.32879662556907,1.7545361066411533,-4.731381766315336,-73.32879662556907,-2.976845659674183,7.524013173726801,1.491031236527113,True,meaningful,structural_residual_predetermined_lag_alpha_30,1.0,-0.43269102970085155,-4.298690736614485,-2.865793824409656,-1.4328969122048285
2018,house,61,6491.0,12407.0,18898.0,-31.30489998941687,-51.51544029067587,same_cycle_federal,20.210540301258998,-5.592594764942991,20.210540301258998,1.7822300952305206,1.7545361066411533,18.456004194617844,-5.592594764942991,20.210540301258998,-33.08713008464739,-12.24175332302556,True,meaningful,structural_residual_predetermined_lag_alpha_30,1.0,0.4231010078552913,18.032903186762553,12.021935457841701,6.010967728920852
2018,house,62,5265.0,11282.0,16547.0,-36.36308696440442,-27.839768378313394,same_cycle_state_fallback,-8.523318586091023,-8.523318586091023,24.60270801165011,1.8287198708880155,-8.523318586091023,0.0,-8.523318586091023,24.60270801165011,-38.19180683529243,-16.770459967024284,False,meaningful,structural_residual_predetermined_lag_alpha_30,1.0,0.6100702517935536,-0.6100702517935536,-0.4067135011957024,-0.2033567505978512
2018,house,64,4022.0,13030.0,17052.0,-52.82664790053953,-55.41292983221016,same_cycle_federal,2.5862819316706336,-2.625869316404561,2.5862819316706336,7.891813024550373,1.7545361066411533,0.8317458250294802,-2.625869316404561,7.891813024550373,-60.7184609250899,-6.971485793730309,True,meaningful,structural_residual_predetermined_lag_alpha_30,1.0,0.5913437484410969,0.2404020765883833,-1.5769355510701721,1.8173376276585556
2018,house,65,9010.0,10095.0,19105.0,-5.679141585972259,-39.587284519683095,same_cycle_federal,33.908142933710835,13.869472448890749,33.908142933710835,17.963310562968886,1.7545361066411533,32.15360682706968,13.869472448890749,33.908142933710835,-23.642452148941143,-7.939851577886438,True,meaningful,structural_residual_predetermined_lag_alpha_30,1.0,0.19267958340272115,31.96092724366696,21.307284829111303,10.653642414555655
2018,house,66,4008.0,10431.0,14439.0,-44.48369000623312,-45.96203807630357,same_cycle_federal,1.478348070070453,-4.110623191580501,1.478348070070453,0.3976323117678646,1.7545361066411533,-0.27618803657070035,-4.110623191580501,1.478348070070453,-44.88132231800098,-10.725782303306794,True,meaningful,structural_residual_predetermined_lag_alpha_30,1.0,0.5156975666137759,-0.7918856031844762,-2.6011674571973673,1.809281854012891
2018,house,73,5772.0,12913.0,18685.0,-38.21782178217822,-35.601917025459656,same_cycle_federal,-2.615904756718564,-8.518000098811754,-2.615904756718564,10.94829907579382,1.7545361066411533,-4.370440863359717,-8.518000098811754,10.94829907579382,-49.16612085797204,5.344344690935763,True,meaningful,structural_residual_predetermined_lag_alpha_30,1.0,0.1096562701018712,-4.480097133461588,-2.9867314223077255,-1.4933657111538627
2018,house,74,6160.0,9449.0,15609.0,-21.07117688513037,-5.506387404547192,same_cycle_federal,-15.564789480583178,-15.08255822365804,-15.564789480583178,-47.88270090067079,1.7545361066411533,-17.31932558722433,-47.88270090067079,-15.08255822365804,26.81152401554042,2.404373340604259,True,meaningful,structural_residual_predetermined_lag_alpha_30,1.0,-0.680230324287825,-16.639095262936504,-12.793625974900063,-3.8454692880364405
2018,house,79,7015.0,9717.0,16732.0,-16.14869710733923,-1.6215631212157808,same_cycle_federal,-14.52713398612345,-10.518334486845603,-14.52713398612345,-1.4757416106490506,1.7545361066411533,-16.281670092764603,-14.52713398612345,-1.4757416106490506,-14.67295549669018,0.4231738416750215,True,meaningful,structural_residual_predetermined_lag_alpha_30,1.0,-0.14733696272393756,-16.134333130040666,-10.756222086693777,-5.378111043346889
2018,house,80,3407.0,8506.0,11913.0,-42.801981029127845,-32.63554704733742,same_cycle_federal,-10.166433981790426,-10.334442141612882,-10.166433981790426,-7.266276968608423,1.7545361066411533,-11.920970088431579,-10.334442141612882,-7.266276968608423,-35.53570406051942,-6.022615171787038,True,meaningful,structural_residual_predetermined_lag_alpha_30,1.0,0.2750462958568113,-12.19601638428839,-8.130677589525593,-4.065338794762797
2018,house,81,4697.0,12823.0,17520.0,-46.38127853881279,-47.78708081277029,same_cycle_federal,1.405802273957498,-3.22553771062762,1.405802273957498,2.2621802690653467,1.7545361066411533,-0.3487338326836553,-3.22553771062762,2.2621802690653467,-48.64345880787814,-10.570924887722661,True,meaningful,structural_residual_predetermined_lag_alpha_30,1.0,0.5545469427974349,-0.9032807754810902,-0.6021871836540601,-0.3010935918270301
2018,house,83,8943.0,5143.0,14086.0,26.97714042311515,16.53961785856832,same_cycle_federal,10.437522564546828,10.651153473074789,10.437522564546828,8.633708692341088,1.7545361066411533,8.682986457905676,8.633708692341088,10.651153473074789,18.34343173077406,-1.0090873932556583,True,meaningful,structural_residual_predetermined_lag_alpha_30,1.0,-0.4862029187230073,9.169189376628683,6.112792917752455,3.056396458876228
2018,house,85,7315.0,6266.0,13581.0,7.724026213091819,-11.012599575329254,same_cycle_federal,18.736625788421073,21.156741622927086,18.736625788421073,26.81307397774398,1.7545361066411533,16.982089681779918,18.736625788421073,26.81307397774398,-19.08904776465216,3.7034046350668,True,meaningful,structural_residual_predetermined_lag_alpha_30,1.0,-0.189517274021715,17.171606955801632,13.043952193166833,4.1276547626347995
2018,house,86,3238.0,11226.0,14464.0,-55.22676991150443,-47.07896123941629,same_cycle_federal,-8.14780867208814,-3.9122670729955615,-8.14780867208814,0.3032746274245923,1.7545361066411533,-9.902344778729292,-8.14780867208814,0.3032746274245923,-55.53004453892902,-4.197071613614803,True,meaningful,structural_residual_predetermined_lag_alpha_30,1.0,0.45311318985600885,-10.3554579685853,-6.903638645723533,-3.451819322861767
2018,house,88,4793.0,11500.0,16293.0,-41.16491744921132,-33.00090648025103,same_cycle_federal,-8.16401096896029,-5.826390658662653,-8.16401096896029,8.330607449310634,1.7545361066411533,-9.918547075601444,-8.16401096896029,8.330607449310634,-49.49552489852196,-6.269089015916947,True,meaningful,structural_residual_predetermined_lag_alpha_30,1.0,0.44246355438255,-10.361010629983994,-6.907340419989329,-3.453670209994665
2018,house,89,5348.0,7804.0,13152.0,-18.67396593673966,-21.29912100395973,same_cycle_federal,2.6251550672200707,5.536514442350811,2.6251550672200707,10.140204322108506,1.7545361066411533,0.8706189605789174,2.6251550672200707,10.140204322108506,-28.814170258848165,-6.207703684055286,True,meaningful,structural_residual_predetermined_lag_alpha_30,1.0,0.20304228573679137,0.667576674842126,3.317734592248635,-2.650157917406509
2018,house,90,6051.0,11063.0,17114.0,-29.285964707257214,-20.7718488031514,same_cycle_federal,-8.514115904105815,-6.097490661118179,-8.514115904105815,-16.74226820631253,1.7545361066411533,-10.268652010746967,-16.74226820631253,-6.097490661118179,-12.543696500944682,-6.318471970377886,True,meaningful,structural_residual_predetermined_lag_alpha_30,1.0,0.0191907298324755,-10.287842740579443,-5.6295502239056665,-4.658292516673776
2018,house,94,6257.0,15302.0,21559.0,-41.95463611484763,-52.630446052178144,same_cycle_federal,10.675809937330513,2.6166743022305496,10.675809937330513,16.74437969811254,1.7545361066411533,8.92127383068936,2.6166743022305496,16.74437969811254,-58.69901581296017,-4.033804251891887,True,meaningful,structural_residual_predetermined_lag_alpha_30,1.0,0.48490730326990283,8.436366527419457,0.19189341757795475,8.244473109841502
2018,house,96,5019.0,13699.0,18718.0,-46.37247569184742,-46.254814238288695,same_cycle_federal,-0.11766145355872482,-8.783833301551645,-0.11766145355872482,7.223363821682909,1.7545361066411533,-1.8721975601998782,-8.783833301551645,7.223363821682909,-53.59583951353033,-3.216215792621412,True,meaningful,structural_residual_predetermined_lag_alpha_30,1.0,0.403095437229645,-2.2752929974295233,-1.5168619982863487,-0.7584309991431746
2018,house,97,8740.0,4605.0,13345.0,30.985387785687525,33.49958510313228,same_cycle_federal,-2.514197317444758,-9.963513307166576,-2.514197317444758,3.810329267008388,1.7545361066411533,-4.268733424085911,-9.963513307166576,3.810329267008388,27.175058518679137,6.275349004571378,True,meaningful,structural_residual_predetermined_lag_alpha_30,1.0,-0.7940773494219615,-3.47465607466395,-2.3164373831093,-1.1582186915546502
2018,house,99,11794.0,4270.0,16064.0,46.83764940239044,43.52960445809347,same_cycle_federal,3.3080449442969666,0.02117980805653019,3.3080449442969666,18.421759926277673,1.7545361066411533,1.5535088376558133,0.02117980805653019,18.421759926277673,28.415889476112767,9.958338135528393,True,meaningful,structural_residual_predetermined_lag_alpha_30,1.0,-0.9126809065599341,2.466189744215747,1.6441264961438313,0.8220632480719159
2018,house,104,4695.0,10152.0,14847.0,-36.7548999797939,-35.14646007055307,same_cycle_federal,-1.608439909240829,-9.155988362497133,-1.608439909240829,1.454621213125364,1.7545361066411533,-3.3629760158819826,-9.155988362497133,1.454621213125364,-38.20952119291926,-6.4270182550447,True,meaningful,structural_residual_predetermined_lag_alpha_30,1.0,0.3172325493264741,-3.680208565208457,-2.453472376805638,-1.226736188402819
2018,senate,1,15830.0,33141.0,48971.0,-35.34949255681934,-35.87828060268081,same_cycle_federal,0.528788045861468,-0.5306166112901423,0.528788045861468,12.922767261611426,3.9669819176520837,-3.4381938717906158,-0.5306166112901423,12.922767261611426,-48.27225981843077,-11.195527206120481,True,meaningful,structural_residual_predetermined_lag_alpha_30,1.0,0.5679765912659537,-4.006170463056569,-3.088399948104579,-0.9177705149519899
2018,senate,2,26911.0,31997.0,58908.0,-8.633801860528282,-7.893557867203134,same_cycle_federal,-0.7402439933251479,-0.45654545883577846,-0.7402439933251479,11.0999496079881,3.9669819176520837,-4.707225910977232,-0.7402439933251479,11.0999496079881,-19.73375146851638,4.659512791086499,True,meaningful,structural_residual_predetermined_lag_alpha_30,1.0,-0.2091955788689446,-4.498030332108287,-4.03569700920618,-0.46233332290210694
2018,senate,6,21796.0,22683.0,44479.0,-1.9941995098810676,-33.82827414883465,same_cycle_federal,31.834074638953584,21.93860104649227,31.834074638953584,40.89169798136396,3.9669819176520837,27.8670927213015,21.93860104649227,40.89169798136396,-42.88589749124503,-15.252555518905059,True,meaningful,structural_residual_predetermined_lag_alpha_30,1.0,0.6210135384170078,27.246079182884493,20.21412947805601,7.0319497048284845
2018,senate,7,24363.0,30080.0,54443.0,-10.50089083996106,-3.405977065428045,same_cycle_federal,-7.0949137745330155,-5.753324901711325,-7.0949137745330155,3.919169600238364,3.9669819176520837,-11.0618956921851,-7.0949137745330155,3.919169600238364,-14.420060440199425,-1.503814121726185,True,meaningful,structural_residual_predetermined_lag_alpha_30,1.0,-0.09564965294651769,-10.966246039238582,-7.310830692825721,-3.6554153464128607
2018,senate,11,11411.0,36192.0,47603.0,-52.057643425834506,-50.43584914142157,same_cycle_federal,-1.6217942844129354,-5.525426751754395,-1.6217942844129354,5.370425178264604,3.9669819176520837,-5.588776202065019,-5.525426751754395,5.370425178264604,-57.42806860409911,-4.458101409989567,True,meaningful,structural_residual_predetermined_lag_alpha_30,1.0,0.4823216525184517,-6.071097854583471,-6.042176479891114,-0.02892137469235667
2018,senate,12,15010.0,27416.0,42426.0,-29.241502852024706,-34.2586504636853,same_cycle_federal,5.017147611660594,2.830062423539122,5.017147611660594,13.69536020297748,3.9669819176520837,1.05016569400851,2.830062423539122,13.69536020297748,-42.936863055002185,-9.816916463585471,True,meaningful,structural_residual_predetermined_lag_alpha_30,1.0,0.46760152310918496,0.582564170899325,1.519376812314241,-0.936812641414916
2018,senate,13,12839.0,31614.0,44453.0,-42.23561964321868,-41.62613564980724,same_cycle_federal,-0.6094839934114447,-1.7532977584495484,-0.6094839934114447,2.1315509641230435,3.9669819176520837,-4.576465911063528,-1.7532977584495484,2.1315509641230435,-44.36717060734173,-11.315140611391563,True,meaningful,structural_residual_predetermined_lag_alpha_30,1.0,0.526485817006996,-5.102951728070525,-3.1357407648943547,-1.96721096317617
2018,senate,14,13173.0,34957.0,48130.0,-45.260752129648864,-43.310993604828326,same_cycle_federal,-1.9497585248205382,-8.065937789805972,-1.9497585248205382,7.781291675019233,3.9669819176520837,-5.916740442472622,-8.065937789805972,7.781291675019233,-53.0420438046681,0.8498840678065704,True,meaningful,structural_residual_predetermined_lag_alpha_30,1.0,0.2815337327014065,-6.198274175174029,-4.132182783449352,-2.066091391724677
2018,senate,16,21851.0,37068.0,58919.0,-25.826982806904397,-29.121331282383174,same_cycle_federal,3.2943484754787775,-7.272958580610322,3.2943484754787775,-9.407755902342053,3.9669819176520837,-0.6726334421733062,-9.407755902342053,3.2943484754787775,-16.419226904562343,3.092664570730335,True,meaningful,structural_residual_predetermined_lag_alpha_30,1.0,-0.20289745788943023,-0.469735984283876,-4.608011168169963,4.138275183886087
2018,senate,21,16005.0,33368.0,49373.0,-35.16699410609037,-51.73333239572966,same_cycle_federal,16.56633828963929,-9.647373035751897,16.56633828963929,2.6005791354669583,3.9669819176520837,12.599356371987206,-9.647373035751897,16.56633828963929,-37.76757324155733,-8.173167133569414,True,meaningful,structural_residual_predetermined_lag_alpha_30,1.0,0.3616237795282102,12.237732592458995,3.6815466067057425,8.556185985753253
2018,senate,25,20866.0,33029.0,53895.0,-22.567956211151312,-15.872426816572828,same_cycle_federal,-6.695529394578484,-7.2586216677810995,-6.695529394578484,-19.561767537486936,3.9669819176520837,-10.662511312230567,-19.561767537486936,-6.695529394578484,-3.006188673664375,-0.9745478943915553,True,meaningful,structural_residual_predetermined_lag_alpha_30,1.0,-0.24181920919076397,-10.420692103039803,-6.9471280686932015,-3.4735640343466017
2018,senate,26,31973.0,7863.0,39836.0,60.52314489406567,39.14078231201328,same_cycle_federal,21.382362582052394,4.1361497008022425,21.382362582052394,33.71162087852526,3.9669819176520837,17.41538066440031,4.1361497008022425,33.71162087852526,26.811524015540414,2.404373340604252,True,meaningful,structural_residual_predetermined_lag_alpha_30,1.0,-0.6802303242878248,18.095610988688133,12.063740659125422,6.031870329562711
2018,senate,27,20587.0,29741.0,50328.0,-18.18868224447624,-15.87201143397236,same_cycle_federal,-2.3166708105038794,-1.643784991077652,-2.3166708105038794,6.365937091121321,3.9669819176520837,-6.283652728155963,-2.3166708105038794,6.365937091121321,-24.55461933559756,-6.643812771974773,True,meaningful,structural_residual_predetermined_lag_alpha_30,1.0,0.16644450846443537,-6.450097236620398,-6.167802442221479,-0.28229479439891936
2018,senate,32,15193.0,45726.0,60919.0,-50.12065201332918,-52.89516404572002,same_cycle_federal,2.774512032390845,-4.728803416590161,2.774512032390845,8.706828729791056,3.9669819176520837,-1.1924698852612385,-4.728803416590161,8.706828729791056,-58.82748074312023,-3.2658677049579126,True,meaningful,structural_residual_predetermined_lag_alpha_30,1.0,0.464627194646959,-1.6570970799081977,-1.104731386605465,-0.5523656933027326
2018,senate,35,13896.0,29046.0,42942.0,-35.28014531228168,-34.41569717661143,same_cycle_federal,-0.8644481356702514,-7.235690603058423,-0.8644481356702514,1.9947677030730873,3.9669819176520837,-4.831430053322335,-7.235690603058423,1.9947677030730873,-37.27491301535477,-11.829785677713996,True,meaningful,structural_residual_predetermined_lag_alpha_30,1.0,0.4595579397275824,-5.290987993049917,-3.527325328699945,-1.7636626643499724
2022,house,3,4241.0,8023.0,12264.0,-30.8382257012394,-36.66853451633345,same_cycle_federal,5.830308815094053,7.454648824394223,5.830308815094053,-6.8501837848466,0.5443763515892343,5.285932463504819,-6.8501837848466,7.454648824394223,-23.9880419163928,7.28215741556653,True,meaningful,structural_residual_predetermined_lag_alpha_30,1.0,-0.23460525824620035,5.52053772175102,3.6803584811673464,1.8401792405836734
2022,house,7,3133.0,11225.0,14358.0,-56.358824348795096,-59.20550391424074,same_cycle_federal,2.8466795654456405,4.115123196673174,2.8466795654456405,-6.342655988439375,0.5443763515892343,2.302303213856406,-6.342655988439375,4.115123196673174,-50.01616836035572,-5.2565441918442275,True,meaningful,structural_residual_predetermined_lag_alpha_30,1.0,0.41976056309143944,1.8825426507649667,1.255028433843311,0.6275142169216557
2022,house,10,6608.0,7581.0,14189.0,-6.857424765663542,-11.933382443971515,same_cycle_federal,5.075957678307973,6.7045441342867305,5.075957678307973,-0.3762229093063105,0.5443763515892343,4.531581326718739,-0.3762229093063105,6.7045441342867305,-6.481201856357232,12.363976615079636,True,meaningful,structural_residual_predetermined_lag_alpha_30,1.0,-0.5797776726979431,5.111358999416682,3.4075726662777877,1.7037863331388943
2022,house,12,2030.0,11958.0,13988.0,-70.97512153274235,-83.26300425480717,same_cycle_federal,12.287882722064822,12.615353228231811,12.287882722064822,5.695252405274388,0.5443763515892343,11.743506370475588,5.695252405274388,12.615353228231811,-76.67037393801674,2.2163720672268283,True,meaningful,structural_residual_predetermined_lag_alpha_30,1.0,0.5143701069569705,11.229136263518617,7.486090842345744,3.743045421172873
2022,house,15,6166.0,10818.0,16984.0,-27.39048516250589,-18.86148136797461,same_cycle_federal,-8.529003794531281,0.367819968784282,-8.529003794531281,-15.020644018774975,0.5443763515892343,-9.073380146120515,-15.020644018774975,0.367819968784282,-12.369841143730914,6.753635839433494,True,meaningful,structural_residual_predetermined_lag_alpha_30,1.0,-0.35315476927282696,-8.720225376847688,-5.813483584565125,-2.9067417922825634
2022,house,25,7837.0,10813.0,18650.0,-15.95710455764075,-19.043930952299064,same_cycle_federal,3.0868263946583134,4.718331670820643,3.0868263946583134,-8.032798640158129,0.5443763515892343,2.542450043069079,-8.032798640158129,4.718331670820643,-7.924305917482622,15.16963733435273,True,meaningful,structural_residual_predetermined_lag_alpha_30,1.0,-0.6426801916045188,3.185130234673598,2.123420156449065,1.0617100782245328
2022,house,26,1078.0,8258.0,9336.0,-76.90659811482433,-80.5008238080845,same_cycle_federal,3.594225693260171,4.455593107628658,3.594225693260171,-7.006563533447348,0.5443763515892343,3.0498493416709365,-7.006563533447348,4.455593107628658,-69.90003458137699,3.098742275890885,True,meaningful,structural_residual_predetermined_lag_alpha_30,1.0,0.4115628941276434,2.638286447543293,1.7588576316955287,0.8794288158477643
2022,house,27,1583.0,13150.0,14733.0,-78.51082603678816,-78.79848289509788,same_cycle_federal,0.28765685830971677,1.5231760625662218,0.28765685830971677,-9.033783585976408,0.5443763515892343,-0.2567194932795175,-9.033783585976408,1.5231760625662218,-69.47704245081175,0.7505799941364302,True,meaningful,structural_residual_predetermined_lag_alpha_30,1.0,0.47322768948561195,-0.7299471827651294,-0.4866314551767529,-0.2433157275883765
2022,house,32,5522.0,4390.0,9912.0,11.420500403551252,0.2404510543900103,same_cycle_federal,11.18004934916124,9.402405354131453,11.18004934916124,3.1931766793707013,0.5443763515892343,10.635672997572007,3.1931766793707013,11.18004934916124,8.22732372418055,-3.827796294546289,True,meaningful,structural_residual_predetermined_lag_alpha_30,1.0,-0.2900855435962727,10.92575854116828,7.28383902744552,3.64191951372276
2022,house,33,3571.0,9534.0,13105.0,-45.50171690194582,-42.41590626214699,same_cycle_federal,-3.0858106397988294,-3.3924028293000887,-3.0858106397988294,-16.271156201689028,0.5443763515892343,-3.6301869913880638,-16.271156201689028,-3.0858106397988294,-29.23056070025679,4.517221145433627,True,meaningful,structural_residual_predetermined_lag_alpha_30,1.0,-0.09602144324993346,-3.53416554813813,-2.35611036542542,-1.1780551827127104
2022,house,40,2221.0,10772.0,12993.0,-65.81236050180867,-68.09614907039435,same_cycle_federal,2.2837885685856776,3.2906297684717742,2.2837885685856776,-7.75888050288237,0.5443763515892343,1.7394122169964432,-7.75888050288237,3.2906297684717742,-58.0534799989263,3.272001168906826,True,meaningful,structural_residual_predetermined_lag_alpha_30,1.0,0.2705067817976164,1.4689054351988269,0.9792702901325512,0.4896351450662757
2022,house,41,3203.0,10897.0,14100.0,-54.56737588652482,-53.15606638361498,same_cycle_federal,-1.4113095029098446,-0.19626224420068183,-1.4113095029098446,-12.393565068596665,0.5443763515892343,-1.955685854499079,-12.393565068596665,-0.19626224420068183,-42.17381081792816,10.12838740136172,True,meaningful,structural_residual_predetermined_lag_alpha_30,1.0,-0.10624070991638507,-1.8494451445826938,-1.2329634297217957,-0.6164817148608981
2022,house,43,3760.0,12751.0,16511.0,-54.45460602022894,-55.57073925715867,same_cycle_federal,1.116133236929734,2.430800610414529,1.116133236929734,-15.31293358725295,0.5443763515892343,0.5717568853404998,-15.31293358725295,2.430800610414529,-39.14167243297599,11.659088245282241,True,meaningful,structural_residual_predetermined_lag_alpha_30,1.0,-0.18445427635414224,0.7562111616946421,0.5041407744630947,0.2520703872315474
2022,house,47,4816.0,8590.0,13406.0,-28.15157392212442,21.86673461712916,same_cycle_federal,-50.01830853925358,1.7183328928817119,-50.01830853925358,-22.981789915922427,0.5443763515892343,-50.56268489084282,-50.01830853925358,1.7183328928817119,-5.169784006201992,-12.693797179928794,True,meaningful,structural_residual_predetermined_lag_alpha_30,1.0,0.11506554181079301,-50.67775043265361,-33.785166955102405,-16.892583477551206
2022,house,57,9221.0,4752.0,13973.0,31.983110284119373,31.068706100246715,same_cycle_federal,0.9144041838726586,2.5274541904454217,0.9144041838726586,12.085891841613375,0.5443763515892343,0.3700278322834244,0.9144041838726586,12.085891841613375,19.897218442506,12.373205268779191,True,meaningful,structural_residual_predetermined_lag_alpha_30,1.0,-0.8831952755712776,1.253223107854702,0.8354820719031346,0.4177410359515674
2022,house,62,3094.0,8803.0,11897.0,-47.9868874506178,-43.53160130541549,same_cycle_federal,-4.455286145202308,-0.5422605731997407,-4.455286145202308,-14.770449641346445,0.5443763515892343,-4.999662496791542,-14.770449641346445,-0.5422605731997407,-33.216437809271355,1.5992521127744865,True,meaningful,structural_residual_predetermined_lag_alpha_30,1.0,0.03245590442498371,-5.032118401216525,-3.354745600811017,-1.6773728004055086
2022,house,63,2827.0,5541.0,8368.0,-32.43307839388145,-27.39870605439004,same_cycle_federal,-5.034372339491412,-2.5157965863821588,-5.034372339491412,-16.756901770143884,0.5443763515892343,-5.578748691080646,-16.756901770143884,-2.5157965863821588,-15.67617662373757,-1.9768923097041462,True,meaningful,structural_residual_predetermined_lag_alpha_30,1.0,-0.06781080053737057,-5.510937890543276,-3.673958593695517,-1.8369792968477587
2022,house,65,4759.0,12693.0,17452.0,-45.46183818473527,-36.16825567663496,same_cycle_federal,-9.293582508100307,-0.6246577940713962,-9.293582508100307,-8.568984496890529,0.5443763515892343,-9.837958859689541,-9.293582508100307,-0.6246577940713962,-36.89285368784474,-4.441343573473411,True,meaningful,structural_residual_predetermined_lag_alpha_30,1.0,0.24584425346904729,-10.083803113158588,-6.722535408772392,-3.3612677043861963
2022,house,68,9537.0,8981.0,18518.0,3.0024840695539474,7.987815912638634,same_cycle_federal,-4.985331843084687,3.8224867999999965,-4.985331843084687,-1.3771100494895059,0.5443763515892343,-5.529708194673921,-4.985331843084687,3.8224867999999965,4.379594119043453,1.8133254372594685,True,meaningful,structural_residual_predetermined_lag_alpha_30,1.0,-0.4056844930940302,-5.12402370157989,-3.41601580105326,-1.7080079005266304
2022,house,69,8769.0,7103.0,15872.0,10.496471774193548,7.786363712568635,same_cycle_federal,2.710108061624913,5.178936050932418,2.710108061624913,0.4547521811701287,0.5443763515892343,2.1657317100356788,0.4547521811701287,5.178936050932418,10.04171959302342,11.202200856192025,True,meaningful,structural_residual_predetermined_lag_alpha_30,1.0,-0.7367542856640772,2.902485995699756,1.9349906637998373,0.9674953318999187
2022,house,74,7538.0,4986.0,12524.0,20.37687639731715,17.220968349235285,same_cycle_federal,3.1559080480818658,6.697494071049011,3.1559080480818658,-5.911491908861731,0.5443763515892343,2.6115316964926314,-5.911491908861731,6.697494071049011,26.28836830617888,16.621351569782092,True,meaningful,structural_residual_predetermined_lag_alpha_30,1.0,-1.0770008279064271,3.6885325243990588,2.459021682932706,1.229510841466353
2022,house,82,6257.0,2526.0,8783.0,42.479790504383466,25.895717338532844,same_cycle_federal,16.584073165850622,25.60720735669961,16.584073165850622,7.15957939908688,0.5443763515892343,16.039696814261386,7.15957939908688,25.60720735669961,35.320211105296586,-12.70122831751118,True,meaningful,structural_residual_predetermined_lag_alpha_30,1.0,-0.3500584939625167,16.389755308223904,10.926503538815936,5.463251769407968
2022,house,85,5668.0,6665.0,12333.0,-8.08400227033163,-32.75726041239466,same_cycle_federal,24.673258142063027,23.8624151992856,24.673258142063027,14.348076043306428,0.5443763515892343,24.12888179047379,14.348076043306428,24.673258142063027,-22.43207831363806,2.566845265457804,True,meaningful,structural_residual_predetermined_lag_alpha_30,1.0,-0.11889722337743201,24.247779013851222,16.165186009234148,8.082593004617074
2022,house,92,1795.0,11812.0,13607.0,-73.616520908356,-76.2097550811716,same_cycle_federal,2.593234172815599,2.7201750655033834,2.593234172815599,-6.331228052228482,0.5443763515892343,2.0488578212263646,-6.331228052228482,2.7201750655033834,-67.28529285612751,1.6730561120473624,True,meaningful,structural_residual_predetermined_lag_alpha_30,1.0,0.42190404727146585,1.6269537739548987,1.0846358493032657,0.542317924651633
2022,house,95,2465.0,14242.0,16707.0,-70.49141078589813,-72.69333023187521,same_cycle_federal,2.201919445977083,3.187631865221846,2.201919445977083,-11.334123390653026,0.5443763515892343,1.6575430943878486,-11.334123390653026,3.187631865221846,-59.1572873952451,8.47514812316279,True,meaningful,structural_residual_predetermined_lag_alpha_30,1.0,0.13578139860837715,1.5217616957794715,1.0145077971863143,0.5072538985931572
2022,senate,2,20749.0,25951.0,46700.0,-11.139186295503212,-12.83187996626514,same_cycle_federal,1.692693670761928,2.5813929775719764,1.692693670761928,-8.608064030827823,1.6684274438081772,0.024266226953750802,-8.608064030827823,2.5813929775719764,-2.531122264675389,13.07856903073102,True,meaningful,structural_residual_predetermined_lag_alpha_30,1.0,-0.6454194876126571,0.6696857145664079,0.4464571430442719,0.223228571522136
2022,senate,7,17295.0,29095.0,46390.0,-25.436516490622974,-25.44672568133153,same_cycle_federal,0.010209190708554416,1.921872887634951,0.010209190708554416,-16.099344359171177,1.6684274438081772,-1.6582182530996228,-16.099344359171177,1.921872887634951,-9.337172131451798,7.374175858698752,True,meaningful,structural_residual_predetermined_lag_alpha_30,1.0,-0.4055885586384344,-1.2526296944611883,-0.8350864629741255,-0.41754323148706285
2022,senate,12,10271.0,28786.0,39057.0,-47.40507463450854,-49.28494637031367,same_cycle_federal,1.879871735805132,2.1147700692534173,1.879871735805132,-9.559873020795138,1.6684274438081772,0.2114442919969548,-9.559873020795138,2.1147700692534173,-37.8452016137134,3.018784263528403,True,meaningful,structural_residual_predetermined_lag_alpha_30,1.0,0.04543541422468028,0.16600887777227452,0.11067258518151635,0.055336292590758174
2022,senate,21,11198.0,21962.0,33160.0,-32.46079613992762,-35.17989802608771,same_cycle_federal,2.7191018861600895,5.436813451057496,2.7191018861600895,-9.015855455168943,1.6684274438081772,1.0506744423519123,-9.015855455168943,5.436813451057496,-23.44494068475868,-0.0027909973291109225,True,meaningful,structural_residual_predetermined_lag_alpha_30,1.0,-0.03445614726890691,1.0851305896208192,0.7234203930805461,0.36171019654027314
2022,senate,23,25953.0,21682.0,47635.0,8.966096357720163,7.852691433811483,same_cycle_federal,1.1134049239086803,6.8048053686092675,1.1134049239086803,-3.4723633383705312,1.6684274438081772,-0.5550225198994969,-3.4723633383705312,6.8048053686092675,12.438459696090694,-2.0412146652182876,True,meaningful,structural_residual_predetermined_lag_alpha_30,1.0,-0.38909822505788927,-0.16592429484160764,-0.11061619656107176,-0.055308098280535886
2022,senate,27,10996.0,26014.0,37010.0,-40.57822210213456,-38.93275320821755,same_cycle_federal,-1.6454688939170126,-1.0290572380931309,-1.6454688939170126,-17.89244254011023,1.6684274438081772,-3.3138963377251898,-17.89244254011023,-1.0290572380931309,-22.68577956202433,3.829730780956332,True,meaningful,structural_residual_predetermined_lag_alpha_30,1.0,-0.15176050192555166,-3.162135835799638,-2.1080905571997586,-1.0540452785998795
2022,senate,29,6476.0,31576.0,38052.0,-65.9623672868706,-66.62400245735412,same_cycle_federal,0.661635170483521,1.238638883630074,0.661635170483521,-11.281567291359636,1.6684274438081772,-1.0067922733246562,-11.281567291359636,1.238638883630074,-54.68079999551097,4.453987718069911,True,meaningful,structural_residual_predetermined_lag_alpha_30,1.0,0.1982589795166692,-1.2050512528413253,-0.8033675018942168,-0.4016837509471085
2022,senate,33,23203.0,11401.0,34604.0,34.10588371286556,27.189911846311038,same_cycle_federal,6.915971866554525,4.0325138042208835,6.915971866554525,15.236811694612793,1.6684274438081772,5.247544422746348,4.0325138042208835,15.236811694612793,18.86907201825277,10.994363449354998,True,meaningful,structural_residual_predetermined_lag_alpha_30,1.0,-0.8323150862548506,6.079859509001198,4.053239672667465,2.026619836333733
