test_cycle,chamber,district,specification,actual,prediction,error,absolute_error
2002,house,1,prior_presidential,28.30528846153846,-9.316927045498955,37.62221550703742,37.62221550703742
2002,house,2,prior_presidential,-3.979921118680531,-15.417645928974856,11.437724810294325,11.437724810294325
2002,house,3,prior_presidential,34.640820980615736,1.6768638361761818,32.963957144439554,32.963957144439554
2002,house,4,prior_presidential,-4.3536503683858,-27.73598721710945,23.38233684872365,23.38233684872365
2002,house,5,prior_presidential,12.465580114608915,-26.46996895882399,38.93554907343291,38.93554907343291
2002,house,6,prior_presidential,15.38728123375498,-10.527468882067812,25.91475011582279,25.91475011582279
2002,house,7,prior_presidential,60.70339499898353,-0.9708759994576844,61.674270998441216,61.674270998441216
2002,house,8,prior_presidential,47.96647551830613,-10.799145223280624,58.76562074158676,58.76562074158676
2002,house,9,prior_presidential,12.710212919523638,-27.64927066220561,40.35948358172925,40.35948358172925
2002,house,10,prior_presidential,-33.05692871950247,-26.70619188404923,-6.350736835453244,6.350736835453244
2002,house,11,prior_presidential,-14.334269247820304,-33.090717759623786,18.756448511803484,18.756448511803484
2002,house,12,prior_presidential,30.56400331766657,-30.45391918212172,61.01792249978829,61.01792249978829
2002,house,14,prior_presidential,28.91170776870634,-18.483956272666564,47.3956640413729,47.3956640413729
2002,house,16,prior_presidential,10.3776111408677,-20.92162068429424,31.29923182516194,31.29923182516194
2002,house,17,prior_presidential,2.8164043198983557,-25.663136862241256,28.479541182139613,28.479541182139613
2002,house,20,prior_presidential,-27.42747029225993,-34.01827264150614,6.590802349246207,6.590802349246207
2002,house,21,prior_presidential,4.765422977465829,-7.479530472894633,12.244953450360462,12.244953450360462
2002,house,22,prior_presidential,29.747812660833763,-18.51892235116157,48.26673501199534,48.26673501199534
2002,house,24,prior_presidential,-34.666666666666664,-31.48492363069285,-3.1817430359738132,3.1817430359738132
2002,house,25,prior_presidential,-27.190439148575063,-36.70329757972379,9.512858431148725,9.512858431148725
2002,house,26,prior_presidential,29.647058823529413,-23.11277100662978,52.75982983015919,52.75982983015919
2002,house,28,prior_presidential,28.6630408312363,-4.862766465694584,33.525807296930886,33.525807296930886
2002,house,29,prior_presidential,30.665728607862107,-14.097178588696238,44.762907196558345,44.762907196558345
2002,house,31,prior_presidential,21.30440828813795,-35.799414798588444,57.10382308672639,57.10382308672639
2002,house,32,prior_presidential,44.63382157123835,15.95828235030293,28.67553922093542,28.67553922093542
2002,house,33,prior_presidential,-23.405332433344583,-11.697036192492789,-11.708296240851794,11.708296240851794
2002,house,35,prior_presidential,13.91484942886812,-21.601577128311504,35.51642655717963,35.51642655717963
2002,house,36,prior_presidential,-32.83683756414332,-34.91859726068201,2.0817596965386898,2.0817596965386898
2002,house,37,prior_presidential,49.49996969513304,-21.212088478422203,70.71205817355525,70.71205817355525
2002,house,38,prior_presidential,-14.907651715039576,-11.211670725162122,-3.6959809898774534,3.6959809898774534
2002,house,40,prior_presidential,9.416805106234152,-24.340243488858142,33.75704859509229,33.75704859509229
2002,house,42,prior_presidential,18.08887677208288,-35.36847767616998,53.45735444825286,53.45735444825286
2002,house,50,prior_presidential,-45.78606158833063,-46.75486904801704,0.9688074596864098,0.9688074596864098
2002,house,62,prior_presidential,-9.070458745079137,-15.478658855374055,6.408200110294919,6.408200110294919
2002,house,64,prior_presidential,-8.433889602053915,-31.51845438013469,23.084564778080775,23.084564778080775
2002,house,65,prior_presidential,17.435923360800768,-19.19608603943301,36.63200940023378,36.63200940023378
2002,house,67,prior_presidential,7.304393033532623,20.00965335849112,-12.705260324958498,12.705260324958498
2002,house,74,prior_presidential,-45.182749084385975,-23.097092440219463,-22.085656644166512,22.085656644166512
2002,house,76,prior_presidential,41.64583733897327,22.671279161455853,18.97455817751742,18.97455817751742
2002,house,81,prior_presidential,39.99192354287253,-22.42959432637291,62.421517869245434,62.421517869245434
2002,house,85,prior_presidential,21.395012649078424,-34.22842016333428,55.6234328124127,55.6234328124127
2002,house,87,prior_presidential,-44.91065730695597,-40.81436357806989,-4.0962937288860815,4.0962937288860815
2002,house,91,prior_presidential,24.27426258852829,-31.12547829528961,55.3997408838179,55.3997408838179
2002,house,92,prior_presidential,40.76207719529257,-31.163266231832868,71.92534342712544,71.92534342712544
2002,house,102,prior_presidential,-55.51557617649844,-14.270259206736746,-41.245316969761696,41.245316969761696
2002,house,104,prior_presidential,-46.46206308610401,-14.270259206736744,-32.191803879367264,32.191803879367264
2002,senate,1,prior_presidential,27.405233058353154,-6.826705703351778,34.23193876170493,34.23193876170493
2002,senate,2,prior_presidential,15.53730982854383,-23.94864365161326,39.48595348015709,39.48595348015709
2002,senate,3,prior_presidential,25.256605208135337,-22.36763658761328,47.62424179574862,47.62424179574862
2002,senate,4,prior_presidential,26.241024846324702,-22.58429871643217,48.82532356275687,48.82532356275687
2002,senate,5,prior_presidential,-15.994116204952194,-18.10695314902808,2.1128369440758856,2.1128369440758856
2002,senate,6,prior_presidential,21.40291023752294,-19.816724209121723,41.21963444664466,41.21963444664466
2002,senate,7,prior_presidential,32.842777835969414,3.1116132619730905,29.731164573996324,29.731164573996324
2002,senate,8,prior_presidential,16.615853658536587,-15.44043370549062,32.056287364027206,32.056287364027206
2002,senate,9,prior_presidential,-2.8552746294681777,-34.005723413358666,31.15044878389049,31.15044878389049
2002,senate,10,prior_presidential,35.82975915539426,-9.665488494903766,45.495247650298026,45.495247650298026
2002,senate,11,prior_presidential,36.43042896457697,-8.486861813059043,44.91729077763601,44.91729077763601
2002,senate,12,prior_presidential,-18.936927617366965,-32.40800755482059,13.471079937453627,13.471079937453627
2002,senate,17,prior_presidential,-68.55902441722202,-46.55246079361908,-22.006563623602936,22.006563623602936
2002,senate,21,prior_presidential,20.344514959202176,-9.033712034557176,29.378226993759352,29.378226993759352
2002,senate,22,prior_presidential,4.07134548274525,-18.60616332293037,22.67750880567562,22.67750880567562
2002,senate,23,prior_presidential,41.19069767441861,17.565026825266216,23.625670849152392,23.625670849152392
2002,senate,25,prior_presidential,-60.627992915400256,-27.421280842891843,-33.20671207250841,33.20671207250841
2002,senate,26,prior_presidential,44.26299694189603,30.39084685836739,13.872150083528638,13.872150083528638
2002,senate,27,prior_presidential,28.28568262411348,-17.857785004357613,46.14346762847109,46.14346762847109
2002,senate,31,prior_presidential,30.715197956577267,-36.63043121576851,67.34562917234578,67.34562917234578
2002,senate,35,prior_presidential,1.905988409529942,-14.27025920673674,16.176247616266682,16.176247616266682
2002,house,1,oracle_post2016_environment,28.30528846153846,-9.316927045498955,37.62221550703742,37.62221550703742
2002,house,2,oracle_post2016_environment,-3.979921118680531,-15.417645928974856,11.437724810294325,11.437724810294325
2002,house,3,oracle_post2016_environment,34.640820980615736,1.6768638361761818,32.963957144439554,32.963957144439554
2002,house,4,oracle_post2016_environment,-4.3536503683858,-27.73598721710945,23.38233684872365,23.38233684872365
2002,house,5,oracle_post2016_environment,12.465580114608915,-26.46996895882399,38.93554907343291,38.93554907343291
2002,house,6,oracle_post2016_environment,15.38728123375498,-10.527468882067812,25.91475011582279,25.91475011582279
2002,house,7,oracle_post2016_environment,60.70339499898353,-0.9708759994576844,61.674270998441216,61.674270998441216
2002,house,8,oracle_post2016_environment,47.96647551830613,-10.799145223280624,58.76562074158676,58.76562074158676
2002,house,9,oracle_post2016_environment,12.710212919523638,-27.64927066220561,40.35948358172925,40.35948358172925
2002,house,10,oracle_post2016_environment,-33.05692871950247,-26.70619188404923,-6.350736835453244,6.350736835453244
2002,house,11,oracle_post2016_environment,-14.334269247820304,-33.090717759623786,18.756448511803484,18.756448511803484
2002,house,12,oracle_post2016_environment,30.56400331766657,-30.45391918212172,61.01792249978829,61.01792249978829
2002,house,14,oracle_post2016_environment,28.91170776870634,-18.483956272666564,47.3956640413729,47.3956640413729
2002,house,16,oracle_post2016_environment,10.3776111408677,-20.92162068429424,31.29923182516194,31.29923182516194
2002,house,17,oracle_post2016_environment,2.8164043198983557,-25.663136862241256,28.479541182139613,28.479541182139613
2002,house,20,oracle_post2016_environment,-27.42747029225993,-34.01827264150614,6.590802349246207,6.590802349246207
2002,house,21,oracle_post2016_environment,4.765422977465829,-7.479530472894633,12.244953450360462,12.244953450360462
2002,house,22,oracle_post2016_environment,29.747812660833763,-18.51892235116157,48.26673501199534,48.26673501199534
2002,house,24,oracle_post2016_environment,-34.666666666666664,-31.48492363069285,-3.1817430359738132,3.1817430359738132
2002,house,25,oracle_post2016_environment,-27.190439148575063,-36.70329757972379,9.512858431148725,9.512858431148725
2002,house,26,oracle_post2016_environment,29.647058823529413,-23.11277100662978,52.75982983015919,52.75982983015919
2002,house,28,oracle_post2016_environment,28.6630408312363,-4.862766465694584,33.525807296930886,33.525807296930886
2002,house,29,oracle_post2016_environment,30.665728607862107,-14.097178588696238,44.762907196558345,44.762907196558345
2002,house,31,oracle_post2016_environment,21.30440828813795,-35.799414798588444,57.10382308672639,57.10382308672639
2002,house,32,oracle_post2016_environment,44.63382157123835,15.95828235030293,28.67553922093542,28.67553922093542
2002,house,33,oracle_post2016_environment,-23.405332433344583,-11.697036192492789,-11.708296240851794,11.708296240851794
2002,house,35,oracle_post2016_environment,13.91484942886812,-21.601577128311504,35.51642655717963,35.51642655717963
2002,house,36,oracle_post2016_environment,-32.83683756414332,-34.91859726068201,2.0817596965386898,2.0817596965386898
2002,house,37,oracle_post2016_environment,49.49996969513304,-21.212088478422203,70.71205817355525,70.71205817355525
2002,house,38,oracle_post2016_environment,-14.907651715039576,-11.211670725162122,-3.6959809898774534,3.6959809898774534
2002,house,40,oracle_post2016_environment,9.416805106234152,-24.340243488858142,33.75704859509229,33.75704859509229
2002,house,42,oracle_post2016_environment,18.08887677208288,-35.36847767616998,53.45735444825286,53.45735444825286
2002,house,50,oracle_post2016_environment,-45.78606158833063,-46.75486904801704,0.9688074596864098,0.9688074596864098
2002,house,62,oracle_post2016_environment,-9.070458745079137,-15.478658855374055,6.408200110294919,6.408200110294919
2002,house,64,oracle_post2016_environment,-8.433889602053915,-31.51845438013469,23.084564778080775,23.084564778080775
2002,house,65,oracle_post2016_environment,17.435923360800768,-19.19608603943301,36.63200940023378,36.63200940023378
2002,house,67,oracle_post2016_environment,7.304393033532623,20.00965335849112,-12.705260324958498,12.705260324958498
2002,house,74,oracle_post2016_environment,-45.182749084385975,-23.097092440219463,-22.085656644166512,22.085656644166512
2002,house,76,oracle_post2016_environment,41.64583733897327,22.671279161455853,18.97455817751742,18.97455817751742
2002,house,81,oracle_post2016_environment,39.99192354287253,-22.42959432637291,62.421517869245434,62.421517869245434
2002,house,85,oracle_post2016_environment,21.395012649078424,-34.22842016333428,55.6234328124127,55.6234328124127
2002,house,87,oracle_post2016_environment,-44.91065730695597,-40.81436357806989,-4.0962937288860815,4.0962937288860815
2002,house,91,oracle_post2016_environment,24.27426258852829,-31.12547829528961,55.3997408838179,55.3997408838179
2002,house,92,oracle_post2016_environment,40.76207719529257,-31.163266231832868,71.92534342712544,71.92534342712544
2002,house,102,oracle_post2016_environment,-55.51557617649844,-14.270259206736746,-41.245316969761696,41.245316969761696
2002,house,104,oracle_post2016_environment,-46.46206308610401,-14.270259206736744,-32.191803879367264,32.191803879367264
2002,senate,1,oracle_post2016_environment,27.405233058353154,-6.826705703351778,34.23193876170493,34.23193876170493
2002,senate,2,oracle_post2016_environment,15.53730982854383,-23.94864365161326,39.48595348015709,39.48595348015709
2002,senate,3,oracle_post2016_environment,25.256605208135337,-22.36763658761328,47.62424179574862,47.62424179574862
2002,senate,4,oracle_post2016_environment,26.241024846324702,-22.58429871643217,48.82532356275687,48.82532356275687
2002,senate,5,oracle_post2016_environment,-15.994116204952194,-18.10695314902808,2.1128369440758856,2.1128369440758856
2002,senate,6,oracle_post2016_environment,21.40291023752294,-19.816724209121723,41.21963444664466,41.21963444664466
2002,senate,7,oracle_post2016_environment,32.842777835969414,3.1116132619730905,29.731164573996324,29.731164573996324
2002,senate,8,oracle_post2016_environment,16.615853658536587,-15.44043370549062,32.056287364027206,32.056287364027206
2002,senate,9,oracle_post2016_environment,-2.8552746294681777,-34.005723413358666,31.15044878389049,31.15044878389049
2002,senate,10,oracle_post2016_environment,35.82975915539426,-9.665488494903766,45.495247650298026,45.495247650298026
2002,senate,11,oracle_post2016_environment,36.43042896457697,-8.486861813059043,44.91729077763601,44.91729077763601
2002,senate,12,oracle_post2016_environment,-18.936927617366965,-32.40800755482059,13.471079937453627,13.471079937453627
2002,senate,17,oracle_post2016_environment,-68.55902441722202,-46.55246079361908,-22.006563623602936,22.006563623602936
2002,senate,21,oracle_post2016_environment,20.344514959202176,-9.033712034557176,29.378226993759352,29.378226993759352
2002,senate,22,oracle_post2016_environment,4.07134548274525,-18.60616332293037,22.67750880567562,22.67750880567562
2002,senate,23,oracle_post2016_environment,41.19069767441861,17.565026825266216,23.625670849152392,23.625670849152392
2002,senate,25,oracle_post2016_environment,-60.627992915400256,-27.421280842891843,-33.20671207250841,33.20671207250841
2002,senate,26,oracle_post2016_environment,44.26299694189603,30.39084685836739,13.872150083528638,13.872150083528638
2002,senate,27,oracle_post2016_environment,28.28568262411348,-17.857785004357613,46.14346762847109,46.14346762847109
2002,senate,31,oracle_post2016_environment,30.715197956577267,-36.63043121576851,67.34562917234578,67.34562917234578
2002,senate,35,oracle_post2016_environment,1.905988409529942,-14.27025920673674,16.176247616266682,16.176247616266682
2002,house,1,a_poll_full_transfer,28.30528846153846,-10.6856306006981,38.99091906223656,38.99091906223656
2002,house,2,a_poll_full_transfer,-3.979921118680531,-16.786349484174,12.806428365493469,12.806428365493469
2002,house,3,a_poll_full_transfer,34.640820980615736,0.30816028097703696,34.3326606996387,34.3326606996387
2002,house,4,a_poll_full_transfer,-4.3536503683858,-29.104690772308594,24.751040403922794,24.751040403922794
2002,house,5,a_poll_full_transfer,12.465580114608915,-27.838672514023134,40.30425262863205,40.30425262863205
2002,house,6,a_poll_full_transfer,15.38728123375498,-11.896172437266957,27.283453671021938,27.283453671021938
2002,house,7,a_poll_full_transfer,60.70339499898353,-2.3395795546568294,63.04297455364036,63.04297455364036
2002,house,8,a_poll_full_transfer,47.96647551830613,-12.167848778479769,60.134324296785906,60.134324296785906
2002,house,9,a_poll_full_transfer,12.710212919523638,-29.017974217404753,41.72818713692839,41.72818713692839
2002,house,10,a_poll_full_transfer,-33.05692871950247,-28.074895439248372,-4.9820332802541,4.9820332802541
2002,house,11,a_poll_full_transfer,-14.334269247820304,-34.45942131482293,20.12515206700263,20.12515206700263
2002,house,12,a_poll_full_transfer,30.56400331766657,-31.822622737320863,62.38662605498743,62.38662605498743
2002,house,14,a_poll_full_transfer,28.91170776870634,-19.852659827865708,48.76436759657204,48.76436759657204
2002,house,16,a_poll_full_transfer,10.3776111408677,-22.290324239493383,32.66793538036109,32.66793538036109
2002,house,17,a_poll_full_transfer,2.8164043198983557,-27.0318404174404,29.848244737338756,29.848244737338756
2002,house,20,a_poll_full_transfer,-27.42747029225993,-35.386976196705284,7.959505904445354,7.959505904445354
2002,house,21,a_poll_full_transfer,4.765422977465829,-8.848234028093778,13.613657005559606,13.613657005559606
2002,house,22,a_poll_full_transfer,29.747812660833763,-19.887625906360714,49.63543856719448,49.63543856719448
2002,house,24,a_poll_full_transfer,-34.666666666666664,-32.853627185891995,-1.8130394807746697,1.8130394807746697
2002,house,25,a_poll_full_transfer,-27.190439148575063,-38.072001134922935,10.881561986347872,10.881561986347872
2002,house,26,a_poll_full_transfer,29.647058823529413,-24.481474561828925,54.12853338535834,54.12853338535834
2002,house,28,a_poll_full_transfer,28.6630408312363,-6.231470020893729,34.89451085213003,34.89451085213003
2002,house,29,a_poll_full_transfer,30.665728607862107,-15.465882143895383,46.13161075175749,46.13161075175749
2002,house,31,a_poll_full_transfer,21.30440828813795,-37.16811835378759,58.47252664192554,58.47252664192554
2002,house,32,a_poll_full_transfer,44.63382157123835,14.589578795103785,30.044242776134567,30.044242776134567
2002,house,33,a_poll_full_transfer,-23.405332433344583,-13.065739747691934,-10.339592685652649,10.339592685652649
2002,house,35,a_poll_full_transfer,13.91484942886812,-22.970280683510648,36.88513011237877,36.88513011237877
2002,house,36,a_poll_full_transfer,-32.83683756414332,-36.28730081588116,3.450463251737837,3.450463251737837
2002,house,37,a_poll_full_transfer,49.49996969513304,-22.580792033621346,72.08076172875438,72.08076172875438
2002,house,38,a_poll_full_transfer,-14.907651715039576,-12.580374280361267,-2.327277434678308,2.327277434678308
2002,house,40,a_poll_full_transfer,9.416805106234152,-25.708947044057286,35.12575215029144,35.12575215029144
2002,house,42,a_poll_full_transfer,18.08887677208288,-36.73718123136913,54.826058003452005,54.826058003452005
2002,house,50,a_poll_full_transfer,-45.78606158833063,-48.12357260321619,2.337511014885557,2.337511014885557
2002,house,62,a_poll_full_transfer,-9.070458745079137,-16.8473624105732,7.776903665494064,7.776903665494064
2002,house,64,a_poll_full_transfer,-8.433889602053915,-32.88715793533383,24.453268333279915,24.453268333279915
2002,house,65,a_poll_full_transfer,17.435923360800768,-20.564789594632153,38.00071295543292,38.00071295543292
2002,house,67,a_poll_full_transfer,7.304393033532623,18.640949803291978,-11.336556769759355,11.336556769759355
2002,house,74,a_poll_full_transfer,-45.182749084385975,-24.465795995418606,-20.71695308896737,20.71695308896737
2002,house,76,a_poll_full_transfer,41.64583733897327,21.30257560625671,20.343261732716563,20.343261732716563
2002,house,81,a_poll_full_transfer,39.99192354287253,-23.798297881572054,63.79022142444458,63.79022142444458
2002,house,85,a_poll_full_transfer,21.395012649078424,-35.597123718533425,56.99213636761185,56.99213636761185
2002,house,87,a_poll_full_transfer,-44.91065730695597,-42.183067133269034,-2.7275901736869343,2.7275901736869343
2002,house,91,a_poll_full_transfer,24.27426258852829,-32.49418185048876,56.768444439017046,56.768444439017046
2002,house,92,a_poll_full_transfer,40.76207719529257,-32.53196978703201,73.29404698232457,73.29404698232457
2002,house,102,a_poll_full_transfer,-55.51557617649844,-15.638962761935892,-39.87661341456255,39.87661341456255
2002,house,104,a_poll_full_transfer,-46.46206308610401,-15.63896276193589,-30.82310032416812,30.82310032416812
2002,senate,1,a_poll_full_transfer,27.405233058353154,-8.195409258550923,35.60064231690408,35.60064231690408
2002,senate,2,a_poll_full_transfer,15.53730982854383,-25.317347206812403,40.85465703535623,40.85465703535623
2002,senate,3,a_poll_full_transfer,25.256605208135337,-23.736340142812423,48.992945350947764,48.992945350947764
2002,senate,4,a_poll_full_transfer,26.241024846324702,-23.953002271631313,50.19402711795601,50.19402711795601
2002,senate,5,a_poll_full_transfer,-15.994116204952194,-19.475656704227223,3.481540499275029,3.481540499275029
2002,senate,6,a_poll_full_transfer,21.40291023752294,-21.185427764320867,42.58833800184381,42.58833800184381
2002,senate,7,a_poll_full_transfer,32.842777835969414,1.7429097067739456,31.099868129195468,31.099868129195468
2002,senate,8,a_poll_full_transfer,16.615853658536587,-16.809137260689763,33.424990919226346,33.424990919226346
2002,senate,9,a_poll_full_transfer,-2.8552746294681777,-35.37442696855781,32.519152339089636,32.519152339089636
2002,senate,10,a_poll_full_transfer,35.82975915539426,-11.034192050102911,46.863951205497166,46.863951205497166
2002,senate,11,a_poll_full_transfer,36.43042896457697,-9.855565368258189,46.28599433283516,46.28599433283516
2002,senate,12,a_poll_full_transfer,-18.936927617366965,-33.77671111001974,14.839783492652774,14.839783492652774
2002,senate,17,a_poll_full_transfer,-68.55902441722202,-47.92116434881823,-20.63786006840379,20.63786006840379
2002,senate,21,a_poll_full_transfer,20.344514959202176,-10.402415589756322,30.746930548958495,30.746930548958495
2002,senate,22,a_poll_full_transfer,4.07134548274525,-19.974866878129514,24.046212360874765,24.046212360874765
2002,senate,23,a_poll_full_transfer,41.19069767441861,16.196323270067072,24.994374404351536,24.994374404351536
2002,senate,25,a_poll_full_transfer,-60.627992915400256,-28.789984398090986,-31.83800851730927,31.83800851730927
2002,senate,26,a_poll_full_transfer,44.26299694189603,29.022143303168246,15.240853638727781,15.240853638727781
2002,senate,27,a_poll_full_transfer,28.28568262411348,-19.226488559556756,47.51217118367023,47.51217118367023
2002,senate,31,a_poll_full_transfer,30.715197956577267,-37.99913477096766,68.71433272754493,68.71433272754493
2002,senate,35,a_poll_full_transfer,1.905988409529942,-15.638962761935886,17.54495117146583,17.54495117146583
2002,house,1,a_poll_two_step_transfer,28.30528846153846,-9.316927045498955,37.62221550703742,37.62221550703742
2002,house,2,a_poll_two_step_transfer,-3.979921118680531,-15.417645928974856,11.437724810294325,11.437724810294325
2002,house,3,a_poll_two_step_transfer,34.640820980615736,1.6768638361761818,32.963957144439554,32.963957144439554
2002,house,4,a_poll_two_step_transfer,-4.3536503683858,-27.73598721710945,23.38233684872365,23.38233684872365
2002,house,5,a_poll_two_step_transfer,12.465580114608915,-26.46996895882399,38.93554907343291,38.93554907343291
2002,house,6,a_poll_two_step_transfer,15.38728123375498,-10.527468882067812,25.91475011582279,25.91475011582279
2002,house,7,a_poll_two_step_transfer,60.70339499898353,-0.9708759994576844,61.674270998441216,61.674270998441216
2002,house,8,a_poll_two_step_transfer,47.96647551830613,-10.799145223280624,58.76562074158676,58.76562074158676
2002,house,9,a_poll_two_step_transfer,12.710212919523638,-27.64927066220561,40.35948358172925,40.35948358172925
2002,house,10,a_poll_two_step_transfer,-33.05692871950247,-26.70619188404923,-6.350736835453244,6.350736835453244
2002,house,11,a_poll_two_step_transfer,-14.334269247820304,-33.090717759623786,18.756448511803484,18.756448511803484
2002,house,12,a_poll_two_step_transfer,30.56400331766657,-30.45391918212172,61.01792249978829,61.01792249978829
2002,house,14,a_poll_two_step_transfer,28.91170776870634,-18.483956272666564,47.3956640413729,47.3956640413729
2002,house,16,a_poll_two_step_transfer,10.3776111408677,-20.92162068429424,31.29923182516194,31.29923182516194
2002,house,17,a_poll_two_step_transfer,2.8164043198983557,-25.663136862241256,28.479541182139613,28.479541182139613
2002,house,20,a_poll_two_step_transfer,-27.42747029225993,-34.01827264150614,6.590802349246207,6.590802349246207
2002,house,21,a_poll_two_step_transfer,4.765422977465829,-7.479530472894633,12.244953450360462,12.244953450360462
2002,house,22,a_poll_two_step_transfer,29.747812660833763,-18.51892235116157,48.26673501199534,48.26673501199534
2002,house,24,a_poll_two_step_transfer,-34.666666666666664,-31.48492363069285,-3.1817430359738132,3.1817430359738132
2002,house,25,a_poll_two_step_transfer,-27.190439148575063,-36.70329757972379,9.512858431148725,9.512858431148725
2002,house,26,a_poll_two_step_transfer,29.647058823529413,-23.11277100662978,52.75982983015919,52.75982983015919
2002,house,28,a_poll_two_step_transfer,28.6630408312363,-4.862766465694584,33.525807296930886,33.525807296930886
2002,house,29,a_poll_two_step_transfer,30.665728607862107,-14.097178588696238,44.762907196558345,44.762907196558345
2002,house,31,a_poll_two_step_transfer,21.30440828813795,-35.799414798588444,57.10382308672639,57.10382308672639
2002,house,32,a_poll_two_step_transfer,44.63382157123835,15.95828235030293,28.67553922093542,28.67553922093542
2002,house,33,a_poll_two_step_transfer,-23.405332433344583,-11.697036192492789,-11.708296240851794,11.708296240851794
2002,house,35,a_poll_two_step_transfer,13.91484942886812,-21.601577128311504,35.51642655717963,35.51642655717963
2002,house,36,a_poll_two_step_transfer,-32.83683756414332,-34.91859726068201,2.0817596965386898,2.0817596965386898
2002,house,37,a_poll_two_step_transfer,49.49996969513304,-21.212088478422203,70.71205817355525,70.71205817355525
2002,house,38,a_poll_two_step_transfer,-14.907651715039576,-11.211670725162122,-3.6959809898774534,3.6959809898774534
2002,house,40,a_poll_two_step_transfer,9.416805106234152,-24.340243488858142,33.75704859509229,33.75704859509229
2002,house,42,a_poll_two_step_transfer,18.08887677208288,-35.36847767616998,53.45735444825286,53.45735444825286
2002,house,50,a_poll_two_step_transfer,-45.78606158833063,-46.75486904801704,0.9688074596864098,0.9688074596864098
2002,house,62,a_poll_two_step_transfer,-9.070458745079137,-15.478658855374055,6.408200110294919,6.408200110294919
2002,house,64,a_poll_two_step_transfer,-8.433889602053915,-31.51845438013469,23.084564778080775,23.084564778080775
2002,house,65,a_poll_two_step_transfer,17.435923360800768,-19.19608603943301,36.63200940023378,36.63200940023378
2002,house,67,a_poll_two_step_transfer,7.304393033532623,20.00965335849112,-12.705260324958498,12.705260324958498
2002,house,74,a_poll_two_step_transfer,-45.182749084385975,-23.097092440219463,-22.085656644166512,22.085656644166512
2002,house,76,a_poll_two_step_transfer,41.64583733897327,22.671279161455853,18.97455817751742,18.97455817751742
2002,house,81,a_poll_two_step_transfer,39.99192354287253,-22.42959432637291,62.421517869245434,62.421517869245434
2002,house,85,a_poll_two_step_transfer,21.395012649078424,-34.22842016333428,55.6234328124127,55.6234328124127
2002,house,87,a_poll_two_step_transfer,-44.91065730695597,-40.81436357806989,-4.0962937288860815,4.0962937288860815
2002,house,91,a_poll_two_step_transfer,24.27426258852829,-31.12547829528961,55.3997408838179,55.3997408838179
2002,house,92,a_poll_two_step_transfer,40.76207719529257,-31.163266231832868,71.92534342712544,71.92534342712544
2002,house,102,a_poll_two_step_transfer,-55.51557617649844,-14.270259206736746,-41.245316969761696,41.245316969761696
2002,house,104,a_poll_two_step_transfer,-46.46206308610401,-14.270259206736744,-32.191803879367264,32.191803879367264
2002,senate,1,a_poll_two_step_transfer,27.405233058353154,-6.826705703351778,34.23193876170493,34.23193876170493
2002,senate,2,a_poll_two_step_transfer,15.53730982854383,-23.94864365161326,39.48595348015709,39.48595348015709
2002,senate,3,a_poll_two_step_transfer,25.256605208135337,-22.36763658761328,47.62424179574862,47.62424179574862
2002,senate,4,a_poll_two_step_transfer,26.241024846324702,-22.58429871643217,48.82532356275687,48.82532356275687
2002,senate,5,a_poll_two_step_transfer,-15.994116204952194,-18.10695314902808,2.1128369440758856,2.1128369440758856
2002,senate,6,a_poll_two_step_transfer,21.40291023752294,-19.816724209121723,41.21963444664466,41.21963444664466
2002,senate,7,a_poll_two_step_transfer,32.842777835969414,3.1116132619730905,29.731164573996324,29.731164573996324
2002,senate,8,a_poll_two_step_transfer,16.615853658536587,-15.44043370549062,32.056287364027206,32.056287364027206
2002,senate,9,a_poll_two_step_transfer,-2.8552746294681777,-34.005723413358666,31.15044878389049,31.15044878389049
2002,senate,10,a_poll_two_step_transfer,35.82975915539426,-9.665488494903766,45.495247650298026,45.495247650298026
2002,senate,11,a_poll_two_step_transfer,36.43042896457697,-8.486861813059043,44.91729077763601,44.91729077763601
2002,senate,12,a_poll_two_step_transfer,-18.936927617366965,-32.40800755482059,13.471079937453627,13.471079937453627
2002,senate,17,a_poll_two_step_transfer,-68.55902441722202,-46.55246079361908,-22.006563623602936,22.006563623602936
2002,senate,21,a_poll_two_step_transfer,20.344514959202176,-9.033712034557176,29.378226993759352,29.378226993759352
2002,senate,22,a_poll_two_step_transfer,4.07134548274525,-18.60616332293037,22.67750880567562,22.67750880567562
2002,senate,23,a_poll_two_step_transfer,41.19069767441861,17.565026825266216,23.625670849152392,23.625670849152392
2002,senate,25,a_poll_two_step_transfer,-60.627992915400256,-27.421280842891843,-33.20671207250841,33.20671207250841
2002,senate,26,a_poll_two_step_transfer,44.26299694189603,30.39084685836739,13.872150083528638,13.872150083528638
2002,senate,27,a_poll_two_step_transfer,28.28568262411348,-17.857785004357613,46.14346762847109,46.14346762847109
2002,senate,31,a_poll_two_step_transfer,30.715197956577267,-36.63043121576851,67.34562917234578,67.34562917234578
2002,senate,35,a_poll_two_step_transfer,1.905988409529942,-14.27025920673674,16.176247616266682,16.176247616266682
2002,house,1,a_poll_post2016_ramp,28.30528846153846,-9.316927045498955,37.62221550703742,37.62221550703742
2002,house,2,a_poll_post2016_ramp,-3.979921118680531,-15.417645928974856,11.437724810294325,11.437724810294325
2002,house,3,a_poll_post2016_ramp,34.640820980615736,1.6768638361761818,32.963957144439554,32.963957144439554
2002,house,4,a_poll_post2016_ramp,-4.3536503683858,-27.73598721710945,23.38233684872365,23.38233684872365
2002,house,5,a_poll_post2016_ramp,12.465580114608915,-26.46996895882399,38.93554907343291,38.93554907343291
2002,house,6,a_poll_post2016_ramp,15.38728123375498,-10.527468882067812,25.91475011582279,25.91475011582279
2002,house,7,a_poll_post2016_ramp,60.70339499898353,-0.9708759994576844,61.674270998441216,61.674270998441216
2002,house,8,a_poll_post2016_ramp,47.96647551830613,-10.799145223280624,58.76562074158676,58.76562074158676
2002,house,9,a_poll_post2016_ramp,12.710212919523638,-27.64927066220561,40.35948358172925,40.35948358172925
2002,house,10,a_poll_post2016_ramp,-33.05692871950247,-26.70619188404923,-6.350736835453244,6.350736835453244
2002,house,11,a_poll_post2016_ramp,-14.334269247820304,-33.090717759623786,18.756448511803484,18.756448511803484
2002,house,12,a_poll_post2016_ramp,30.56400331766657,-30.45391918212172,61.01792249978829,61.01792249978829
2002,house,14,a_poll_post2016_ramp,28.91170776870634,-18.483956272666564,47.3956640413729,47.3956640413729
2002,house,16,a_poll_post2016_ramp,10.3776111408677,-20.92162068429424,31.29923182516194,31.29923182516194
2002,house,17,a_poll_post2016_ramp,2.8164043198983557,-25.663136862241256,28.479541182139613,28.479541182139613
2002,house,20,a_poll_post2016_ramp,-27.42747029225993,-34.01827264150614,6.590802349246207,6.590802349246207
2002,house,21,a_poll_post2016_ramp,4.765422977465829,-7.479530472894633,12.244953450360462,12.244953450360462
2002,house,22,a_poll_post2016_ramp,29.747812660833763,-18.51892235116157,48.26673501199534,48.26673501199534
2002,house,24,a_poll_post2016_ramp,-34.666666666666664,-31.48492363069285,-3.1817430359738132,3.1817430359738132
2002,house,25,a_poll_post2016_ramp,-27.190439148575063,-36.70329757972379,9.512858431148725,9.512858431148725
2002,house,26,a_poll_post2016_ramp,29.647058823529413,-23.11277100662978,52.75982983015919,52.75982983015919
2002,house,28,a_poll_post2016_ramp,28.6630408312363,-4.862766465694584,33.525807296930886,33.525807296930886
2002,house,29,a_poll_post2016_ramp,30.665728607862107,-14.097178588696238,44.762907196558345,44.762907196558345
2002,house,31,a_poll_post2016_ramp,21.30440828813795,-35.799414798588444,57.10382308672639,57.10382308672639
2002,house,32,a_poll_post2016_ramp,44.63382157123835,15.95828235030293,28.67553922093542,28.67553922093542
2002,house,33,a_poll_post2016_ramp,-23.405332433344583,-11.697036192492789,-11.708296240851794,11.708296240851794
2002,house,35,a_poll_post2016_ramp,13.91484942886812,-21.601577128311504,35.51642655717963,35.51642655717963
2002,house,36,a_poll_post2016_ramp,-32.83683756414332,-34.91859726068201,2.0817596965386898,2.0817596965386898
2002,house,37,a_poll_post2016_ramp,49.49996969513304,-21.212088478422203,70.71205817355525,70.71205817355525
2002,house,38,a_poll_post2016_ramp,-14.907651715039576,-11.211670725162122,-3.6959809898774534,3.6959809898774534
2002,house,40,a_poll_post2016_ramp,9.416805106234152,-24.340243488858142,33.75704859509229,33.75704859509229
2002,house,42,a_poll_post2016_ramp,18.08887677208288,-35.36847767616998,53.45735444825286,53.45735444825286
2002,house,50,a_poll_post2016_ramp,-45.78606158833063,-46.75486904801704,0.9688074596864098,0.9688074596864098
2002,house,62,a_poll_post2016_ramp,-9.070458745079137,-15.478658855374055,6.408200110294919,6.408200110294919
2002,house,64,a_poll_post2016_ramp,-8.433889602053915,-31.51845438013469,23.084564778080775,23.084564778080775
2002,house,65,a_poll_post2016_ramp,17.435923360800768,-19.19608603943301,36.63200940023378,36.63200940023378
2002,house,67,a_poll_post2016_ramp,7.304393033532623,20.00965335849112,-12.705260324958498,12.705260324958498
2002,house,74,a_poll_post2016_ramp,-45.182749084385975,-23.097092440219463,-22.085656644166512,22.085656644166512
2002,house,76,a_poll_post2016_ramp,41.64583733897327,22.671279161455853,18.97455817751742,18.97455817751742
2002,house,81,a_poll_post2016_ramp,39.99192354287253,-22.42959432637291,62.421517869245434,62.421517869245434
2002,house,85,a_poll_post2016_ramp,21.395012649078424,-34.22842016333428,55.6234328124127,55.6234328124127
2002,house,87,a_poll_post2016_ramp,-44.91065730695597,-40.81436357806989,-4.0962937288860815,4.0962937288860815
2002,house,91,a_poll_post2016_ramp,24.27426258852829,-31.12547829528961,55.3997408838179,55.3997408838179
2002,house,92,a_poll_post2016_ramp,40.76207719529257,-31.163266231832868,71.92534342712544,71.92534342712544
2002,house,102,a_poll_post2016_ramp,-55.51557617649844,-14.270259206736746,-41.245316969761696,41.245316969761696
2002,house,104,a_poll_post2016_ramp,-46.46206308610401,-14.270259206736744,-32.191803879367264,32.191803879367264
2002,senate,1,a_poll_post2016_ramp,27.405233058353154,-6.826705703351778,34.23193876170493,34.23193876170493
2002,senate,2,a_poll_post2016_ramp,15.53730982854383,-23.94864365161326,39.48595348015709,39.48595348015709
2002,senate,3,a_poll_post2016_ramp,25.256605208135337,-22.36763658761328,47.62424179574862,47.62424179574862
2002,senate,4,a_poll_post2016_ramp,26.241024846324702,-22.58429871643217,48.82532356275687,48.82532356275687
2002,senate,5,a_poll_post2016_ramp,-15.994116204952194,-18.10695314902808,2.1128369440758856,2.1128369440758856
2002,senate,6,a_poll_post2016_ramp,21.40291023752294,-19.816724209121723,41.21963444664466,41.21963444664466
2002,senate,7,a_poll_post2016_ramp,32.842777835969414,3.1116132619730905,29.731164573996324,29.731164573996324
2002,senate,8,a_poll_post2016_ramp,16.615853658536587,-15.44043370549062,32.056287364027206,32.056287364027206
2002,senate,9,a_poll_post2016_ramp,-2.8552746294681777,-34.005723413358666,31.15044878389049,31.15044878389049
2002,senate,10,a_poll_post2016_ramp,35.82975915539426,-9.665488494903766,45.495247650298026,45.495247650298026
2002,senate,11,a_poll_post2016_ramp,36.43042896457697,-8.486861813059043,44.91729077763601,44.91729077763601
2002,senate,12,a_poll_post2016_ramp,-18.936927617366965,-32.40800755482059,13.471079937453627,13.471079937453627
2002,senate,17,a_poll_post2016_ramp,-68.55902441722202,-46.55246079361908,-22.006563623602936,22.006563623602936
2002,senate,21,a_poll_post2016_ramp,20.344514959202176,-9.033712034557176,29.378226993759352,29.378226993759352
2002,senate,22,a_poll_post2016_ramp,4.07134548274525,-18.60616332293037,22.67750880567562,22.67750880567562
2002,senate,23,a_poll_post2016_ramp,41.19069767441861,17.565026825266216,23.625670849152392,23.625670849152392
2002,senate,25,a_poll_post2016_ramp,-60.627992915400256,-27.421280842891843,-33.20671207250841,33.20671207250841
2002,senate,26,a_poll_post2016_ramp,44.26299694189603,30.39084685836739,13.872150083528638,13.872150083528638
2002,senate,27,a_poll_post2016_ramp,28.28568262411348,-17.857785004357613,46.14346762847109,46.14346762847109
2002,senate,31,a_poll_post2016_ramp,30.715197956577267,-36.63043121576851,67.34562917234578,67.34562917234578
2002,senate,35,a_poll_post2016_ramp,1.905988409529942,-14.27025920673674,16.176247616266682,16.176247616266682
2002,house,1,a_poll_post2016_ramp_plus_20pct_ridge,28.30528846153846,-5.265783451191916,33.571071912730375,33.571071912730375
2002,house,2,a_poll_post2016_ramp_plus_20pct_ridge,-3.979921118680531,-11.612440086359769,7.632518967679237,7.632518967679237
2002,house,3,a_poll_post2016_ramp_plus_20pct_ridge,34.640820980615736,5.789086162124774,28.85173481849096,28.85173481849096
2002,house,4,a_poll_post2016_ramp_plus_20pct_ridge,-4.3536503683858,-23.954224246637274,19.600573878251474,19.600573878251474
2002,house,5,a_poll_post2016_ramp_plus_20pct_ridge,12.465580114608915,-22.37948846340184,34.84506857801075,34.84506857801075
2002,house,6,a_poll_post2016_ramp_plus_20pct_ridge,15.38728123375498,-6.458962552068593,21.846243785823575,21.846243785823575
2002,house,7,a_poll_post2016_ramp_plus_20pct_ridge,60.70339499898353,3.199097228201477,57.50429777078206,57.50429777078206
2002,house,8,a_poll_post2016_ramp_plus_20pct_ridge,47.96647551830613,-6.680940861387955,54.647416379694086,54.647416379694086
2002,house,9,a_poll_post2016_ramp_plus_20pct_ridge,12.710212919523638,-23.56224855484902,36.27246147437266,36.27246147437266
2002,house,10,a_poll_post2016_ramp_plus_20pct_ridge,-33.05692871950247,-23.067077177460035,-9.989851542042437,9.989851542042437
2002,house,11,a_poll_post2016_ramp_plus_20pct_ridge,-14.334269247820304,-29.492563073873136,15.158293826052832,15.158293826052832
2002,house,12,a_poll_post2016_ramp_plus_20pct_ridge,30.56400331766657,-26.347470693455023,56.9114740111216,56.9114740111216
2002,house,14,a_poll_post2016_ramp_plus_20pct_ridge,28.91170776870634,-14.347584281637726,43.259292050344065,43.259292050344065
2002,house,16,a_poll_post2016_ramp_plus_20pct_ridge,10.3776111408677,-16.799789677523727,27.177400818391426,27.177400818391426
2002,house,17,a_poll_post2016_ramp_plus_20pct_ridge,2.8164043198983557,-21.540815775987294,24.35722009588565,24.35722009588565
2002,house,20,a_poll_post2016_ramp_plus_20pct_ridge,-27.42747029225993,-30.71015860866576,3.2826883164058316,3.2826883164058316
2002,house,21,a_poll_post2016_ramp_plus_20pct_ridge,4.765422977465829,-3.6464689581209955,8.411891935586825,8.411891935586825
2002,house,22,a_poll_post2016_ramp_plus_20pct_ridge,29.747812660833763,-14.43702610033958,44.18483876117334,44.18483876117334
2002,house,24,a_poll_post2016_ramp_plus_20pct_ridge,-34.666666666666664,-27.860458772098163,-6.806207894568502,6.806207894568502
2002,house,25,a_poll_post2016_ramp_plus_20pct_ridge,-27.190439148575063,-33.06981879543173,5.879379646856666,5.879379646856666
2002,house,26,a_poll_post2016_ramp_plus_20pct_ridge,29.647058823529413,-18.999051139529893,48.6461099630593,48.6461099630593
2002,house,28,a_poll_post2016_ramp_plus_20pct_ridge,28.6630408312363,-0.7144975237427014,29.377538354979002,29.377538354979002
2002,house,29,a_poll_post2016_ramp_plus_20pct_ridge,30.665728607862107,-9.943094056795362,40.60882266465747,40.60882266465747
2002,house,31,a_poll_post2016_ramp_plus_20pct_ridge,21.30440828813795,-31.675178751112583,52.97958703925053,52.97958703925053
2002,house,32,a_poll_post2016_ramp_plus_20pct_ridge,44.63382157123835,20.179576244942602,24.454245326295748,24.454245326295748
2002,house,33,a_poll_post2016_ramp_plus_20pct_ridge,-23.405332433344583,-7.807405320114105,-15.597927113230478,15.597927113230478
2002,house,35,a_poll_post2016_ramp_plus_20pct_ridge,13.91484942886812,-17.466595205326982,31.381444634195102,31.381444634195102
2002,house,36,a_poll_post2016_ramp_plus_20pct_ridge,-32.83683756414332,-31.09588400905693,-1.7409535550863922,1.7409535550863922
2002,house,37,a_poll_post2016_ramp_plus_20pct_ridge,49.49996969513304,-17.042291799149474,66.54226149428251,66.54226149428251
2002,house,38,a_poll_post2016_ramp_plus_20pct_ridge,-14.907651715039576,-7.548507327001012,-7.359144388038564,7.359144388038564
2002,house,40,a_poll_post2016_ramp_plus_20pct_ridge,9.416805106234152,-20.531187715887846,29.947992822121996,29.947992822121996
2002,house,42,a_poll_post2016_ramp_plus_20pct_ridge,18.08887677208288,-31.237747383770518,49.326624155853395,49.326624155853395
2002,house,50,a_poll_post2016_ramp_plus_20pct_ridge,-45.78606158833063,-42.917318422456006,-2.8687431658746263,2.8687431658746263
2002,house,62,a_poll_post2016_ramp_plus_20pct_ridge,-9.070458745079137,-11.883357701079465,2.8128989560003284,2.8128989560003284
2002,house,64,a_poll_post2016_ramp_plus_20pct_ridge,-8.433889602053915,-27.354225320850354,18.920335718796437,18.920335718796437
2002,house,65,a_poll_post2016_ramp_plus_20pct_ridge,17.435923360800768,-15.007774979380404,32.44369834018117,32.44369834018117
2002,house,67,a_poll_post2016_ramp_plus_20pct_ridge,7.304393033532623,23.933612002795982,-16.62921896926336,16.62921896926336
2002,house,74,a_poll_post2016_ramp_plus_20pct_ridge,-45.182749084385975,-19.340877433165495,-25.84187165122048,25.84187165122048
2002,house,76,a_poll_post2016_ramp_plus_20pct_ridge,41.64583733897327,26.83264908461369,14.813188254359584,14.813188254359584
2002,house,81,a_poll_post2016_ramp_plus_20pct_ridge,39.99192354287253,-18.30177559296937,58.2936991358419,58.2936991358419
2002,house,85,a_poll_post2016_ramp_plus_20pct_ridge,21.395012649078424,-30.04331901432791,51.43833166340633,51.43833166340633
2002,house,87,a_poll_post2016_ramp_plus_20pct_ridge,-44.91065730695597,-37.017547883771336,-7.893109423184633,7.893109423184633
2002,house,91,a_poll_post2016_ramp_plus_20pct_ridge,24.27426258852829,-27.040244512656137,51.31450710118443,51.31450710118443
2002,house,92,a_poll_post2016_ramp_plus_20pct_ridge,40.76207719529257,-27.040397217104704,67.80247441239727,67.80247441239727
2002,house,102,a_poll_post2016_ramp_plus_20pct_ridge,-55.51557617649844,-10.403714262776134,-45.11186191372231,45.11186191372231
2002,house,104,a_poll_post2016_ramp_plus_20pct_ridge,-46.46206308610401,-10.719310795843175,-35.74275229026084,35.74275229026084
2002,senate,1,a_poll_post2016_ramp_plus_20pct_ridge,27.405233058353154,-2.744661433882344,30.149894492235497,30.149894492235497
2002,senate,2,a_poll_post2016_ramp_plus_20pct_ridge,15.53730982854383,-19.91947460439571,35.45678443293954,35.45678443293954
2002,senate,3,a_poll_post2016_ramp_plus_20pct_ridge,25.256605208135337,-18.584809631963772,43.841414840099105,43.841414840099105
2002,senate,4,a_poll_post2016_ramp_plus_20pct_ridge,26.241024846324702,-18.46248170677439,44.70350655309909,44.70350655309909
2002,senate,5,a_poll_post2016_ramp_plus_20pct_ridge,-15.994116204952194,-14.509964197638844,-1.4841520073133498,1.4841520073133498
2002,senate,6,a_poll_post2016_ramp_plus_20pct_ridge,21.40291023752294,-15.683998013238066,37.086908250761006,37.086908250761006
2002,senate,7,a_poll_post2016_ramp_plus_20pct_ridge,32.842777835969414,7.166856152321725,25.67592168364769,25.67592168364769
2002,senate,8,a_poll_post2016_ramp_plus_20pct_ridge,16.615853658536587,-11.318928974178135,27.93478263271472,27.93478263271472
2002,senate,9,a_poll_post2016_ramp_plus_20pct_ridge,-2.8552746294681777,-29.97604505459233,27.120770425124153,27.120770425124153
2002,senate,10,a_poll_post2016_ramp_plus_20pct_ridge,35.82975915539426,-5.546465972025196,41.37622512741945,41.37622512741945
2002,senate,11,a_poll_post2016_ramp_plus_20pct_ridge,36.43042896457697,-4.586976569273226,41.017405533850194,41.017405533850194
2002,senate,12,a_poll_post2016_ramp_plus_20pct_ridge,-18.936927617366965,-28.806639387774815,9.86971177040785,9.86971177040785
2002,senate,17,a_poll_post2016_ramp_plus_20pct_ridge,-68.55902441722202,-42.93841244517373,-25.620611972048287,25.620611972048287
2002,senate,21,a_poll_post2016_ramp_plus_20pct_ridge,20.344514959202176,-4.930084619591052,25.27459957879323,25.27459957879323
2002,senate,22,a_poll_post2016_ramp_plus_20pct_ridge,4.07134548274525,-14.456252959134819,18.52759844188007,18.52759844188007
2002,senate,23,a_poll_post2016_ramp_plus_20pct_ridge,41.19069767441861,21.78533831597877,19.40535935843984,19.40535935843984
2002,senate,25,a_poll_post2016_ramp_plus_20pct_ridge,-60.627992915400256,-23.92936156373505,-36.698631351665206,36.698631351665206
2002,senate,26,a_poll_post2016_ramp_plus_20pct_ridge,44.26299694189603,34.28704272243005,9.975954219465976,9.975954219465976
2002,senate,27,a_poll_post2016_ramp_plus_20pct_ridge,28.28568262411348,-13.780259741369768,42.06594236548325,42.06594236548325
2002,senate,31,a_poll_post2016_ramp_plus_20pct_ridge,30.715197956577267,-32.50136583486152,63.21656379143879,63.21656379143879
2002,senate,35,a_poll_post2016_ramp_plus_20pct_ridge,1.905988409529942,-10.620099253781119,12.52608766331106,12.52608766331106
2006,house,4,prior_presidential,-24.338781575037142,-47.47659167051567,23.137810095478525,23.137810095478525
2006,house,6,prior_presidential,29.044974018993013,-16.238158311715715,45.283132330708725,45.283132330708725
2006,house,7,prior_presidential,35.85692517443259,-19.17854273630765,55.03546791074024,55.03546791074024
2006,house,9,prior_presidential,11.016026139723044,-47.028730480764345,58.04475662048739,58.04475662048739
2006,house,11,prior_presidential,-8.312205722564288,-53.580940901310846,45.26873517874656,45.26873517874656
2006,house,12,prior_presidential,26.26830453188979,-53.84426178322024,80.11256631511003,80.11256631511003
2006,house,13,prior_presidential,39.00952380952381,-62.07222935027238,101.0817531597962,101.0817531597962
2006,house,17,prior_presidential,28.12549019607843,-44.896095148068646,73.02158534414707,73.02158534414707
2006,house,21,prior_presidential,22.18863361547763,-13.780648222604611,35.96928183808224,35.96928183808224
2006,house,26,prior_presidential,14.587829089339664,-49.21114707153923,63.798976160878894,63.798976160878894
2006,house,28,prior_presidential,33.01296581739052,-32.868593571934454,65.88155938932498,65.88155938932498
2006,house,29,prior_presidential,19.456090651558075,-8.392870790682435,27.84896144224051,27.84896144224051
2006,house,32,prior_presidential,47.20212252773758,21.59696337143688,25.6051591563007,25.6051591563007
2006,house,33,prior_presidential,-29.90051730998806,-33.15626550606405,3.2557481960759915,3.2557481960759915
2006,house,34,prior_presidential,-19.48051948051948,-74.94286475759934,55.46234527707986,55.46234527707986
2006,house,35,prior_presidential,41.03184950642578,-45.85267546422686,86.88452497065265,86.88452497065265
2006,house,37,prior_presidential,37.66648907831646,-62.04979453710418,99.71628361542064,99.71628361542064
2006,house,38,prior_presidential,-16.089349303981873,-46.08793675354072,29.998587449558844,29.998587449558844
2006,house,40,prior_presidential,3.417688494651709,-42.84524644767233,46.26293494232404,46.26293494232404
2006,house,42,prior_presidential,22.20428867881024,-51.145012059858416,73.34930073866866,73.34930073866866
2006,house,44,prior_presidential,-35.45848723301751,-56.01779311181595,20.55930587879844,20.55930587879844
2006,house,45,prior_presidential,-4.462659380692168,-30.238438960616737,25.775779579924567,25.775779579924567
2006,house,58,prior_presidential,53.80329976430255,32.064444706352184,21.738855057950367,21.738855057950367
2006,house,61,prior_presidential,36.9550637156271,-51.22995385306629,88.18501756869338,88.18501756869338
2006,house,62,prior_presidential,-24.545159194282,-55.10149083019596,30.556331635913956,30.556331635913956
2006,house,64,prior_presidential,-20.16342756183745,-58.68694651458217,38.523518952744716,38.523518952744716
2006,house,65,prior_presidential,39.31960194399444,-40.54346270875504,79.86306465274947,79.86306465274947
2006,house,66,prior_presidential,-34.314115308151095,-59.60183044208227,25.287715133931172,25.287715133931172
2006,house,73,prior_presidential,-24.34341882967286,-44.37172056283524,20.028301733162383,20.028301733162383
2006,house,79,prior_presidential,-15.257547400113925,-31.627300928360768,16.369753528246843,16.369753528246843
2006,house,80,prior_presidential,1.340860973888497,-42.859643098168775,44.20050407205727,44.20050407205727
2006,house,85,prior_presidential,-7.260610312171168,-33.124232919678164,25.863622607506997,25.863622607506997
2006,house,88,prior_presidential,-51.85825410544512,-55.6480808744668,3.78982676902168,3.78982676902168
2006,house,91,prior_presidential,2.8645043952712945,-48.79707411852106,51.66157851379236,51.66157851379236
2006,house,92,prior_presidential,54.18549030029232,-52.922569110163664,107.10805941045598,107.10805941045598
2006,house,93,prior_presidential,-37.331893589869445,-49.136669509619466,11.804775919750021,11.804775919750021
2006,house,94,prior_presidential,-53.60866621530128,-54.86595218869029,1.2572859733890098,1.2572859733890098
2006,house,95,prior_presidential,-48.898736688934456,-56.651329292583895,7.75259260364944,7.75259260364944
2006,senate,2,prior_presidential,17.026357686184326,-26.38553072381037,43.411888409994695,43.411888409994695
2006,senate,3,prior_presidential,-25.136612021857925,-37.71861181249963,12.581999790641706,12.581999790641706
2006,senate,4,prior_presidential,19.82990496195917,-43.25408188223802,63.083986844197184,63.083986844197184
2006,senate,5,prior_presidential,-11.628673441362263,-60.17089523972206,48.54222179835979,48.54222179835979
2006,senate,7,prior_presidential,31.025669518835425,-3.639123756042643,34.664793274878065,34.664793274878065
2006,senate,8,prior_presidential,19.347826086956523,-43.67231976356396,63.020145850520485,63.020145850520485
2006,senate,9,prior_presidential,7.025898972602739,-42.99619288162742,50.02209185423016,50.02209185423016
2006,senate,11,prior_presidential,31.04798718307352,-18.42016831162745,49.468155494700966,49.468155494700966
2006,senate,13,prior_presidential,0.2352941176470588,-54.73899167641933,54.97428579406639,54.97428579406639
2006,senate,16,prior_presidential,-55.49896546235875,-55.66775297353525,0.1687875111765038,0.1687875111765038
2006,senate,18,prior_presidential,61.46146527117031,45.02256883017321,16.438896440997098,16.438896440997098
2006,senate,20,prior_presidential,59.29548463009266,33.074516838241294,26.220967791851365,26.220967791851365
2006,senate,21,prior_presidential,38.85595358224016,-51.73279588670855,90.58874946894872,90.58874946894872
2006,senate,22,prior_presidential,-0.274680885441913,-37.86444270314074,37.58976181769883,37.58976181769883
2006,senate,23,prior_presidential,27.179073447730165,-2.440781136960618,29.61985458469078,29.61985458469078
2006,senate,25,prior_presidential,-48.6455021716742,-55.63051615476306,6.985013983088855,6.985013983088855
2006,senate,27,prior_presidential,20.699532639831148,-29.42644731782594,50.12597995765709,50.12597995765709
2006,senate,29,prior_presidential,-44.50229709035222,-54.04802636610896,9.545729275756734,9.545729275756734
2006,senate,30,prior_presidential,20.969960651332418,-43.58938382242154,64.55934447375395,64.55934447375395
2006,senate,31,prior_presidential,10.511688736308647,-51.25036996694578,61.76205870325443,61.76205870325443
2006,house,4,oracle_post2016_environment,-24.338781575037142,-47.47659167051567,23.137810095478525,23.137810095478525
2006,house,6,oracle_post2016_environment,29.044974018993013,-16.238158311715715,45.283132330708725,45.283132330708725
2006,house,7,oracle_post2016_environment,35.85692517443259,-19.17854273630765,55.03546791074024,55.03546791074024
2006,house,9,oracle_post2016_environment,11.016026139723044,-47.028730480764345,58.04475662048739,58.04475662048739
2006,house,11,oracle_post2016_environment,-8.312205722564288,-53.580940901310846,45.26873517874656,45.26873517874656
2006,house,12,oracle_post2016_environment,26.26830453188979,-53.84426178322024,80.11256631511003,80.11256631511003
2006,house,13,oracle_post2016_environment,39.00952380952381,-62.07222935027238,101.0817531597962,101.0817531597962
2006,house,17,oracle_post2016_environment,28.12549019607843,-44.896095148068646,73.02158534414707,73.02158534414707
2006,house,21,oracle_post2016_environment,22.18863361547763,-13.780648222604611,35.96928183808224,35.96928183808224
2006,house,26,oracle_post2016_environment,14.587829089339664,-49.21114707153923,63.798976160878894,63.798976160878894
2006,house,28,oracle_post2016_environment,33.01296581739052,-32.868593571934454,65.88155938932498,65.88155938932498
2006,house,29,oracle_post2016_environment,19.456090651558075,-8.392870790682435,27.84896144224051,27.84896144224051
2006,house,32,oracle_post2016_environment,47.20212252773758,21.59696337143688,25.6051591563007,25.6051591563007
2006,house,33,oracle_post2016_environment,-29.90051730998806,-33.15626550606405,3.2557481960759915,3.2557481960759915
2006,house,34,oracle_post2016_environment,-19.48051948051948,-74.94286475759934,55.46234527707986,55.46234527707986
2006,house,35,oracle_post2016_environment,41.03184950642578,-45.85267546422686,86.88452497065265,86.88452497065265
2006,house,37,oracle_post2016_environment,37.66648907831646,-62.04979453710418,99.71628361542064,99.71628361542064
2006,house,38,oracle_post2016_environment,-16.089349303981873,-46.08793675354072,29.998587449558844,29.998587449558844
2006,house,40,oracle_post2016_environment,3.417688494651709,-42.84524644767233,46.26293494232404,46.26293494232404
2006,house,42,oracle_post2016_environment,22.20428867881024,-51.145012059858416,73.34930073866866,73.34930073866866
2006,house,44,oracle_post2016_environment,-35.45848723301751,-56.01779311181595,20.55930587879844,20.55930587879844
2006,house,45,oracle_post2016_environment,-4.462659380692168,-30.238438960616737,25.775779579924567,25.775779579924567
2006,house,58,oracle_post2016_environment,53.80329976430255,32.064444706352184,21.738855057950367,21.738855057950367
2006,house,61,oracle_post2016_environment,36.9550637156271,-51.22995385306629,88.18501756869338,88.18501756869338
2006,house,62,oracle_post2016_environment,-24.545159194282,-55.10149083019596,30.556331635913956,30.556331635913956
2006,house,64,oracle_post2016_environment,-20.16342756183745,-58.68694651458217,38.523518952744716,38.523518952744716
2006,house,65,oracle_post2016_environment,39.31960194399444,-40.54346270875504,79.86306465274947,79.86306465274947
2006,house,66,oracle_post2016_environment,-34.314115308151095,-59.60183044208227,25.287715133931172,25.287715133931172
2006,house,73,oracle_post2016_environment,-24.34341882967286,-44.37172056283524,20.028301733162383,20.028301733162383
2006,house,79,oracle_post2016_environment,-15.257547400113925,-31.627300928360768,16.369753528246843,16.369753528246843
2006,house,80,oracle_post2016_environment,1.340860973888497,-42.859643098168775,44.20050407205727,44.20050407205727
2006,house,85,oracle_post2016_environment,-7.260610312171168,-33.124232919678164,25.863622607506997,25.863622607506997
2006,house,88,oracle_post2016_environment,-51.85825410544512,-55.6480808744668,3.78982676902168,3.78982676902168
2006,house,91,oracle_post2016_environment,2.8645043952712945,-48.79707411852106,51.66157851379236,51.66157851379236
2006,house,92,oracle_post2016_environment,54.18549030029232,-52.922569110163664,107.10805941045598,107.10805941045598
2006,house,93,oracle_post2016_environment,-37.331893589869445,-49.136669509619466,11.804775919750021,11.804775919750021
2006,house,94,oracle_post2016_environment,-53.60866621530128,-54.86595218869029,1.2572859733890098,1.2572859733890098
2006,house,95,oracle_post2016_environment,-48.898736688934456,-56.651329292583895,7.75259260364944,7.75259260364944
2006,senate,2,oracle_post2016_environment,17.026357686184326,-26.38553072381037,43.411888409994695,43.411888409994695
2006,senate,3,oracle_post2016_environment,-25.136612021857925,-37.71861181249963,12.581999790641706,12.581999790641706
2006,senate,4,oracle_post2016_environment,19.82990496195917,-43.25408188223802,63.083986844197184,63.083986844197184
2006,senate,5,oracle_post2016_environment,-11.628673441362263,-60.17089523972206,48.54222179835979,48.54222179835979
2006,senate,7,oracle_post2016_environment,31.025669518835425,-3.639123756042643,34.664793274878065,34.664793274878065
2006,senate,8,oracle_post2016_environment,19.347826086956523,-43.67231976356396,63.020145850520485,63.020145850520485
2006,senate,9,oracle_post2016_environment,7.025898972602739,-42.99619288162742,50.02209185423016,50.02209185423016
2006,senate,11,oracle_post2016_environment,31.04798718307352,-18.42016831162745,49.468155494700966,49.468155494700966
2006,senate,13,oracle_post2016_environment,0.2352941176470588,-54.73899167641933,54.97428579406639,54.97428579406639
2006,senate,16,oracle_post2016_environment,-55.49896546235875,-55.66775297353525,0.1687875111765038,0.1687875111765038
2006,senate,18,oracle_post2016_environment,61.46146527117031,45.02256883017321,16.438896440997098,16.438896440997098
2006,senate,20,oracle_post2016_environment,59.29548463009266,33.074516838241294,26.220967791851365,26.220967791851365
2006,senate,21,oracle_post2016_environment,38.85595358224016,-51.73279588670855,90.58874946894872,90.58874946894872
2006,senate,22,oracle_post2016_environment,-0.274680885441913,-37.86444270314074,37.58976181769883,37.58976181769883
2006,senate,23,oracle_post2016_environment,27.179073447730165,-2.440781136960618,29.61985458469078,29.61985458469078
2006,senate,25,oracle_post2016_environment,-48.6455021716742,-55.63051615476306,6.985013983088855,6.985013983088855
2006,senate,27,oracle_post2016_environment,20.699532639831148,-29.42644731782594,50.12597995765709,50.12597995765709
2006,senate,29,oracle_post2016_environment,-44.50229709035222,-54.04802636610896,9.545729275756734,9.545729275756734
2006,senate,30,oracle_post2016_environment,20.969960651332418,-43.58938382242154,64.55934447375395,64.55934447375395
2006,senate,31,oracle_post2016_environment,10.511688736308647,-51.25036996694578,61.76205870325443,61.76205870325443
2006,house,4,a_poll_full_transfer,-24.338781575037142,-30.338536623045936,5.999755048008794,5.999755048008794
2006,house,6,a_poll_full_transfer,29.044974018993013,0.899896735754016,28.145077283238997,28.145077283238997
2006,house,7,a_poll_full_transfer,35.85692517443259,-2.0404876888379206,37.89741286327051,37.89741286327051
2006,house,9,a_poll_full_transfer,11.016026139723044,-29.890675433294614,40.906701573017656,40.906701573017656
2006,house,11,a_poll_full_transfer,-8.312205722564288,-36.44288585384112,28.130680131276833,28.130680131276833
2006,house,12,a_poll_full_transfer,26.26830453188979,-36.70620673575051,62.9745112676403,62.9745112676403
2006,house,13,a_poll_full_transfer,39.00952380952381,-44.934174302802646,83.94369811232646,83.94369811232646
2006,house,17,a_poll_full_transfer,28.12549019607843,-27.758040100598915,55.88353029667735,55.88353029667735
2006,house,21,a_poll_full_transfer,22.18863361547763,3.3574068248651194,18.83122679061251,18.83122679061251
2006,house,26,a_poll_full_transfer,14.587829089339664,-32.073092024069496,46.66092111340916,46.66092111340916
2006,house,28,a_poll_full_transfer,33.01296581739052,-15.730538524464723,48.74350434185524,48.74350434185524
2006,house,29,a_poll_full_transfer,19.456090651558075,8.745184256787295,10.71090639477078,10.71090639477078
2006,house,32,a_poll_full_transfer,47.20212252773758,38.735018418906606,8.467104108830974,8.467104108830974
2006,house,33,a_poll_full_transfer,-29.90051730998806,-16.01821045859432,-13.88230685139374,13.88230685139374
2006,house,34,a_poll_full_transfer,-19.48051948051948,-57.804809710129604,38.32429022961013,38.32429022961013
2006,house,35,a_poll_full_transfer,41.03184950642578,-28.714620416757132,69.74646992318291,69.74646992318291
2006,house,37,a_poll_full_transfer,37.66648907831646,-44.91173948963444,82.5782285679509,82.5782285679509
2006,house,38,a_poll_full_transfer,-16.089349303981873,-28.949881706070986,12.860532402089113,12.860532402089113
2006,house,40,a_poll_full_transfer,3.417688494651709,-25.7071914002026,29.12487989485431,29.12487989485431
2006,house,42,a_poll_full_transfer,22.20428867881024,-34.00695701238868,56.211245691198926,56.211245691198926
2006,house,44,a_poll_full_transfer,-35.45848723301751,-38.87973806434621,3.421250831328706,3.421250831328706
2006,house,45,a_poll_full_transfer,-4.462659380692168,-13.100383913147006,8.637724532454838,8.637724532454838
2006,house,58,a_poll_full_transfer,53.80329976430255,49.20249975382191,4.60080001048064,4.60080001048064
2006,house,61,a_poll_full_transfer,36.9550637156271,-34.09189880559656,71.04696252122366,71.04696252122366
2006,house,62,a_poll_full_transfer,-24.545159194282,-37.96343578272622,13.418276588444222,13.418276588444222
2006,house,64,a_poll_full_transfer,-20.16342756183745,-41.54889146711244,21.38546390527499,21.38546390527499
2006,house,65,a_poll_full_transfer,39.31960194399444,-23.405407661285306,62.72500960527975,62.72500960527975
2006,house,66,a_poll_full_transfer,-34.314115308151095,-42.46377539461254,8.149660086461445,8.149660086461445
2006,house,73,a_poll_full_transfer,-24.34341882967286,-27.233665515365512,2.8902466856926523,2.8902466856926523
2006,house,79,a_poll_full_transfer,-15.257547400113925,-14.489245880891037,-0.7683015192228879,0.7683015192228879
2006,house,80,a_poll_full_transfer,1.340860973888497,-25.721588050699044,27.06244902458754,27.06244902458754
2006,house,85,a_poll_full_transfer,-7.260610312171168,-15.986177872208433,8.725567560037266,8.725567560037266
2006,house,88,a_poll_full_transfer,-51.85825410544512,-38.510025826997065,-13.348228278448055,13.348228278448055
2006,house,91,a_poll_full_transfer,2.8645043952712945,-31.65901907105133,34.52352346632262,34.52352346632262
2006,house,92,a_poll_full_transfer,54.18549030029232,-35.78451406269393,89.97000436298626,89.97000436298626
2006,house,93,a_poll_full_transfer,-37.331893589869445,-31.998614462149735,-5.33327912771971,5.33327912771971
2006,house,94,a_poll_full_transfer,-53.60866621530128,-37.72789714122055,-15.880769074080725,15.880769074080725
2006,house,95,a_poll_full_transfer,-48.898736688934456,-39.51327424511416,-9.385462443820295,9.385462443820295
2006,senate,2,a_poll_full_transfer,17.026357686184326,-9.247475676340638,26.273833362524964,26.273833362524964
2006,senate,3,a_poll_full_transfer,-25.136612021857925,-20.5805567650299,-4.556055256828024,4.556055256828024
2006,senate,4,a_poll_full_transfer,19.82990496195917,-26.116026834768288,45.94593179672746,45.94593179672746
2006,senate,5,a_poll_full_transfer,-11.628673441362263,-43.03284019225232,31.40416675089006,31.40416675089006
2006,senate,7,a_poll_full_transfer,31.025669518835425,13.498931291427088,17.526738227408337,17.526738227408337
2006,senate,8,a_poll_full_transfer,19.347826086956523,-26.53426471609423,45.88209080305076,45.88209080305076
2006,senate,9,a_poll_full_transfer,7.025898972602739,-25.85813783415769,32.884036806760435,32.884036806760435
2006,senate,11,a_poll_full_transfer,31.04798718307352,-1.2821132641577186,32.33010044723124,32.33010044723124
2006,senate,13,a_poll_full_transfer,0.2352941176470588,-37.6009366289496,37.836230746596655,37.836230746596655
2006,senate,16,a_poll_full_transfer,-55.49896546235875,-38.52969792606552,-16.969267536293223,16.969267536293223
2006,senate,18,a_poll_full_transfer,61.46146527117031,62.16062387764295,-0.6991586064726363,0.6991586064726363
2006,senate,20,a_poll_full_transfer,59.29548463009266,50.21257188571103,9.08291274438163,9.08291274438163
2006,senate,21,a_poll_full_transfer,38.85595358224016,-34.594740839238824,73.45069442147899,73.45069442147899
2006,senate,22,a_poll_full_transfer,-0.274680885441913,-20.726387655671008,20.451706770229094,20.451706770229094
2006,senate,23,a_poll_full_transfer,27.179073447730165,14.697273910509113,12.481799537221052,12.481799537221052
2006,senate,25,a_poll_full_transfer,-48.6455021716742,-38.49246110729332,-10.15304106438088,10.15304106438088
2006,senate,27,a_poll_full_transfer,20.699532639831148,-12.288392270356209,32.98792491018736,32.98792491018736
2006,senate,29,a_poll_full_transfer,-44.50229709035222,-36.90997131863922,-7.592325771713,7.592325771713
2006,senate,30,a_poll_full_transfer,20.969960651332418,-26.451328774951808,47.421289426284225,47.421289426284225
2006,senate,31,a_poll_full_transfer,10.511688736308647,-34.11231491947605,44.6240036557847,44.6240036557847
2006,house,4,a_poll_two_step_transfer,-24.338781575037142,-47.47659167051567,23.137810095478525,23.137810095478525
2006,house,6,a_poll_two_step_transfer,29.044974018993013,-16.238158311715715,45.283132330708725,45.283132330708725
2006,house,7,a_poll_two_step_transfer,35.85692517443259,-19.17854273630765,55.03546791074024,55.03546791074024
2006,house,9,a_poll_two_step_transfer,11.016026139723044,-47.028730480764345,58.04475662048739,58.04475662048739
2006,house,11,a_poll_two_step_transfer,-8.312205722564288,-53.580940901310846,45.26873517874656,45.26873517874656
2006,house,12,a_poll_two_step_transfer,26.26830453188979,-53.84426178322024,80.11256631511003,80.11256631511003
2006,house,13,a_poll_two_step_transfer,39.00952380952381,-62.07222935027238,101.0817531597962,101.0817531597962
2006,house,17,a_poll_two_step_transfer,28.12549019607843,-44.896095148068646,73.02158534414707,73.02158534414707
2006,house,21,a_poll_two_step_transfer,22.18863361547763,-13.780648222604611,35.96928183808224,35.96928183808224
2006,house,26,a_poll_two_step_transfer,14.587829089339664,-49.21114707153923,63.798976160878894,63.798976160878894
2006,house,28,a_poll_two_step_transfer,33.01296581739052,-32.868593571934454,65.88155938932498,65.88155938932498
2006,house,29,a_poll_two_step_transfer,19.456090651558075,-8.392870790682435,27.84896144224051,27.84896144224051
2006,house,32,a_poll_two_step_transfer,47.20212252773758,21.59696337143688,25.6051591563007,25.6051591563007
2006,house,33,a_poll_two_step_transfer,-29.90051730998806,-33.15626550606405,3.2557481960759915,3.2557481960759915
2006,house,34,a_poll_two_step_transfer,-19.48051948051948,-74.94286475759934,55.46234527707986,55.46234527707986
2006,house,35,a_poll_two_step_transfer,41.03184950642578,-45.85267546422686,86.88452497065265,86.88452497065265
2006,house,37,a_poll_two_step_transfer,37.66648907831646,-62.04979453710418,99.71628361542064,99.71628361542064
2006,house,38,a_poll_two_step_transfer,-16.089349303981873,-46.08793675354072,29.998587449558844,29.998587449558844
2006,house,40,a_poll_two_step_transfer,3.417688494651709,-42.84524644767233,46.26293494232404,46.26293494232404
2006,house,42,a_poll_two_step_transfer,22.20428867881024,-51.145012059858416,73.34930073866866,73.34930073866866
2006,house,44,a_poll_two_step_transfer,-35.45848723301751,-56.01779311181595,20.55930587879844,20.55930587879844
2006,house,45,a_poll_two_step_transfer,-4.462659380692168,-30.238438960616737,25.775779579924567,25.775779579924567
2006,house,58,a_poll_two_step_transfer,53.80329976430255,32.064444706352184,21.738855057950367,21.738855057950367
2006,house,61,a_poll_two_step_transfer,36.9550637156271,-51.22995385306629,88.18501756869338,88.18501756869338
2006,house,62,a_poll_two_step_transfer,-24.545159194282,-55.10149083019596,30.556331635913956,30.556331635913956
2006,house,64,a_poll_two_step_transfer,-20.16342756183745,-58.68694651458217,38.523518952744716,38.523518952744716
2006,house,65,a_poll_two_step_transfer,39.31960194399444,-40.54346270875504,79.86306465274947,79.86306465274947
2006,house,66,a_poll_two_step_transfer,-34.314115308151095,-59.60183044208227,25.287715133931172,25.287715133931172
2006,house,73,a_poll_two_step_transfer,-24.34341882967286,-44.37172056283524,20.028301733162383,20.028301733162383
2006,house,79,a_poll_two_step_transfer,-15.257547400113925,-31.627300928360768,16.369753528246843,16.369753528246843
2006,house,80,a_poll_two_step_transfer,1.340860973888497,-42.859643098168775,44.20050407205727,44.20050407205727
2006,house,85,a_poll_two_step_transfer,-7.260610312171168,-33.124232919678164,25.863622607506997,25.863622607506997
2006,house,88,a_poll_two_step_transfer,-51.85825410544512,-55.6480808744668,3.78982676902168,3.78982676902168
2006,house,91,a_poll_two_step_transfer,2.8645043952712945,-48.79707411852106,51.66157851379236,51.66157851379236
2006,house,92,a_poll_two_step_transfer,54.18549030029232,-52.922569110163664,107.10805941045598,107.10805941045598
2006,house,93,a_poll_two_step_transfer,-37.331893589869445,-49.136669509619466,11.804775919750021,11.804775919750021
2006,house,94,a_poll_two_step_transfer,-53.60866621530128,-54.86595218869029,1.2572859733890098,1.2572859733890098
2006,house,95,a_poll_two_step_transfer,-48.898736688934456,-56.651329292583895,7.75259260364944,7.75259260364944
2006,senate,2,a_poll_two_step_transfer,17.026357686184326,-26.38553072381037,43.411888409994695,43.411888409994695
2006,senate,3,a_poll_two_step_transfer,-25.136612021857925,-37.71861181249963,12.581999790641706,12.581999790641706
2006,senate,4,a_poll_two_step_transfer,19.82990496195917,-43.25408188223802,63.083986844197184,63.083986844197184
2006,senate,5,a_poll_two_step_transfer,-11.628673441362263,-60.17089523972206,48.54222179835979,48.54222179835979
2006,senate,7,a_poll_two_step_transfer,31.025669518835425,-3.639123756042643,34.664793274878065,34.664793274878065
2006,senate,8,a_poll_two_step_transfer,19.347826086956523,-43.67231976356396,63.020145850520485,63.020145850520485
2006,senate,9,a_poll_two_step_transfer,7.025898972602739,-42.99619288162742,50.02209185423016,50.02209185423016
2006,senate,11,a_poll_two_step_transfer,31.04798718307352,-18.42016831162745,49.468155494700966,49.468155494700966
2006,senate,13,a_poll_two_step_transfer,0.2352941176470588,-54.73899167641933,54.97428579406639,54.97428579406639
2006,senate,16,a_poll_two_step_transfer,-55.49896546235875,-55.66775297353525,0.1687875111765038,0.1687875111765038
2006,senate,18,a_poll_two_step_transfer,61.46146527117031,45.02256883017321,16.438896440997098,16.438896440997098
2006,senate,20,a_poll_two_step_transfer,59.29548463009266,33.074516838241294,26.220967791851365,26.220967791851365
2006,senate,21,a_poll_two_step_transfer,38.85595358224016,-51.73279588670855,90.58874946894872,90.58874946894872
2006,senate,22,a_poll_two_step_transfer,-0.274680885441913,-37.86444270314074,37.58976181769883,37.58976181769883
2006,senate,23,a_poll_two_step_transfer,27.179073447730165,-2.440781136960618,29.61985458469078,29.61985458469078
2006,senate,25,a_poll_two_step_transfer,-48.6455021716742,-55.63051615476306,6.985013983088855,6.985013983088855
2006,senate,27,a_poll_two_step_transfer,20.699532639831148,-29.42644731782594,50.12597995765709,50.12597995765709
2006,senate,29,a_poll_two_step_transfer,-44.50229709035222,-54.04802636610896,9.545729275756734,9.545729275756734
2006,senate,30,a_poll_two_step_transfer,20.969960651332418,-43.58938382242154,64.55934447375395,64.55934447375395
2006,senate,31,a_poll_two_step_transfer,10.511688736308647,-51.25036996694578,61.76205870325443,61.76205870325443
2006,house,4,a_poll_post2016_ramp,-24.338781575037142,-47.47659167051567,23.137810095478525,23.137810095478525
2006,house,6,a_poll_post2016_ramp,29.044974018993013,-16.238158311715715,45.283132330708725,45.283132330708725
2006,house,7,a_poll_post2016_ramp,35.85692517443259,-19.17854273630765,55.03546791074024,55.03546791074024
2006,house,9,a_poll_post2016_ramp,11.016026139723044,-47.028730480764345,58.04475662048739,58.04475662048739
2006,house,11,a_poll_post2016_ramp,-8.312205722564288,-53.580940901310846,45.26873517874656,45.26873517874656
2006,house,12,a_poll_post2016_ramp,26.26830453188979,-53.84426178322024,80.11256631511003,80.11256631511003
2006,house,13,a_poll_post2016_ramp,39.00952380952381,-62.07222935027238,101.0817531597962,101.0817531597962
2006,house,17,a_poll_post2016_ramp,28.12549019607843,-44.896095148068646,73.02158534414707,73.02158534414707
2006,house,21,a_poll_post2016_ramp,22.18863361547763,-13.780648222604611,35.96928183808224,35.96928183808224
2006,house,26,a_poll_post2016_ramp,14.587829089339664,-49.21114707153923,63.798976160878894,63.798976160878894
2006,house,28,a_poll_post2016_ramp,33.01296581739052,-32.868593571934454,65.88155938932498,65.88155938932498
2006,house,29,a_poll_post2016_ramp,19.456090651558075,-8.392870790682435,27.84896144224051,27.84896144224051
2006,house,32,a_poll_post2016_ramp,47.20212252773758,21.59696337143688,25.6051591563007,25.6051591563007
2006,house,33,a_poll_post2016_ramp,-29.90051730998806,-33.15626550606405,3.2557481960759915,3.2557481960759915
2006,house,34,a_poll_post2016_ramp,-19.48051948051948,-74.94286475759934,55.46234527707986,55.46234527707986
2006,house,35,a_poll_post2016_ramp,41.03184950642578,-45.85267546422686,86.88452497065265,86.88452497065265
2006,house,37,a_poll_post2016_ramp,37.66648907831646,-62.04979453710418,99.71628361542064,99.71628361542064
2006,house,38,a_poll_post2016_ramp,-16.089349303981873,-46.08793675354072,29.998587449558844,29.998587449558844
2006,house,40,a_poll_post2016_ramp,3.417688494651709,-42.84524644767233,46.26293494232404,46.26293494232404
2006,house,42,a_poll_post2016_ramp,22.20428867881024,-51.145012059858416,73.34930073866866,73.34930073866866
2006,house,44,a_poll_post2016_ramp,-35.45848723301751,-56.01779311181595,20.55930587879844,20.55930587879844
2006,house,45,a_poll_post2016_ramp,-4.462659380692168,-30.238438960616737,25.775779579924567,25.775779579924567
2006,house,58,a_poll_post2016_ramp,53.80329976430255,32.064444706352184,21.738855057950367,21.738855057950367
2006,house,61,a_poll_post2016_ramp,36.9550637156271,-51.22995385306629,88.18501756869338,88.18501756869338
2006,house,62,a_poll_post2016_ramp,-24.545159194282,-55.10149083019596,30.556331635913956,30.556331635913956
2006,house,64,a_poll_post2016_ramp,-20.16342756183745,-58.68694651458217,38.523518952744716,38.523518952744716
2006,house,65,a_poll_post2016_ramp,39.31960194399444,-40.54346270875504,79.86306465274947,79.86306465274947
2006,house,66,a_poll_post2016_ramp,-34.314115308151095,-59.60183044208227,25.287715133931172,25.287715133931172
2006,house,73,a_poll_post2016_ramp,-24.34341882967286,-44.37172056283524,20.028301733162383,20.028301733162383
2006,house,79,a_poll_post2016_ramp,-15.257547400113925,-31.627300928360768,16.369753528246843,16.369753528246843
2006,house,80,a_poll_post2016_ramp,1.340860973888497,-42.859643098168775,44.20050407205727,44.20050407205727
2006,house,85,a_poll_post2016_ramp,-7.260610312171168,-33.124232919678164,25.863622607506997,25.863622607506997
2006,house,88,a_poll_post2016_ramp,-51.85825410544512,-55.6480808744668,3.78982676902168,3.78982676902168
2006,house,91,a_poll_post2016_ramp,2.8645043952712945,-48.79707411852106,51.66157851379236,51.66157851379236
2006,house,92,a_poll_post2016_ramp,54.18549030029232,-52.922569110163664,107.10805941045598,107.10805941045598
2006,house,93,a_poll_post2016_ramp,-37.331893589869445,-49.136669509619466,11.804775919750021,11.804775919750021
2006,house,94,a_poll_post2016_ramp,-53.60866621530128,-54.86595218869029,1.2572859733890098,1.2572859733890098
2006,house,95,a_poll_post2016_ramp,-48.898736688934456,-56.651329292583895,7.75259260364944,7.75259260364944
2006,senate,2,a_poll_post2016_ramp,17.026357686184326,-26.38553072381037,43.411888409994695,43.411888409994695
2006,senate,3,a_poll_post2016_ramp,-25.136612021857925,-37.71861181249963,12.581999790641706,12.581999790641706
2006,senate,4,a_poll_post2016_ramp,19.82990496195917,-43.25408188223802,63.083986844197184,63.083986844197184
2006,senate,5,a_poll_post2016_ramp,-11.628673441362263,-60.17089523972206,48.54222179835979,48.54222179835979
2006,senate,7,a_poll_post2016_ramp,31.025669518835425,-3.639123756042643,34.664793274878065,34.664793274878065
2006,senate,8,a_poll_post2016_ramp,19.347826086956523,-43.67231976356396,63.020145850520485,63.020145850520485
2006,senate,9,a_poll_post2016_ramp,7.025898972602739,-42.99619288162742,50.02209185423016,50.02209185423016
2006,senate,11,a_poll_post2016_ramp,31.04798718307352,-18.42016831162745,49.468155494700966,49.468155494700966
2006,senate,13,a_poll_post2016_ramp,0.2352941176470588,-54.73899167641933,54.97428579406639,54.97428579406639
2006,senate,16,a_poll_post2016_ramp,-55.49896546235875,-55.66775297353525,0.1687875111765038,0.1687875111765038
2006,senate,18,a_poll_post2016_ramp,61.46146527117031,45.02256883017321,16.438896440997098,16.438896440997098
2006,senate,20,a_poll_post2016_ramp,59.29548463009266,33.074516838241294,26.220967791851365,26.220967791851365
2006,senate,21,a_poll_post2016_ramp,38.85595358224016,-51.73279588670855,90.58874946894872,90.58874946894872
2006,senate,22,a_poll_post2016_ramp,-0.274680885441913,-37.86444270314074,37.58976181769883,37.58976181769883
2006,senate,23,a_poll_post2016_ramp,27.179073447730165,-2.440781136960618,29.61985458469078,29.61985458469078
2006,senate,25,a_poll_post2016_ramp,-48.6455021716742,-55.63051615476306,6.985013983088855,6.985013983088855
2006,senate,27,a_poll_post2016_ramp,20.699532639831148,-29.42644731782594,50.12597995765709,50.12597995765709
2006,senate,29,a_poll_post2016_ramp,-44.50229709035222,-54.04802636610896,9.545729275756734,9.545729275756734
2006,senate,30,a_poll_post2016_ramp,20.969960651332418,-43.58938382242154,64.55934447375395,64.55934447375395
2006,senate,31,a_poll_post2016_ramp,10.511688736308647,-51.25036996694578,61.76205870325443,61.76205870325443
2006,house,4,a_poll_post2016_ramp_plus_20pct_ridge,-24.338781575037142,-43.18966643451923,18.85088485948209,18.85088485948209
2006,house,6,a_poll_post2016_ramp_plus_20pct_ridge,29.044974018993013,-11.355394763475422,40.40036878246843,40.40036878246843
2006,house,7,a_poll_post2016_ramp_plus_20pct_ridge,35.85692517443259,-14.089873093906363,49.94679826833895,49.94679826833895
2006,house,9,a_poll_post2016_ramp_plus_20pct_ridge,11.016026139723044,-42.057178362551724,53.07320450227477,53.07320450227477
2006,house,11,a_poll_post2016_ramp_plus_20pct_ridge,-8.312205722564288,-49.1908431466082,40.878637424043916,40.878637424043916
2006,house,12,a_poll_post2016_ramp_plus_20pct_ridge,26.26830453188979,-48.83647404551053,75.10477857740031,75.10477857740031
2006,house,13,a_poll_post2016_ramp_plus_20pct_ridge,39.00952380952381,-57.06031636512764,96.06984017465146,96.06984017465146
2006,house,17,a_poll_post2016_ramp_plus_20pct_ridge,28.12549019607843,-39.861362975618704,67.98685317169713,67.98685317169713
2006,house,21,a_poll_post2016_ramp_plus_20pct_ridge,22.18863361547763,-8.83506086342019,31.023694478897824,31.023694478897824
2006,house,26,a_poll_post2016_ramp_plus_20pct_ridge,14.587829089339664,-44.202249142769915,58.79007823210958,58.79007823210958
2006,house,28,a_poll_post2016_ramp_plus_20pct_ridge,33.01296581739052,-27.815898884945117,60.828864702335636,60.828864702335636
2006,house,29,a_poll_post2016_ramp_plus_20pct_ridge,19.456090651558075,-3.3408883603001422,22.796979011858216,22.796979011858216
2006,house,32,a_poll_post2016_ramp_plus_20pct_ridge,47.20212252773758,26.709628109687152,20.492494418050427,20.492494418050427
2006,house,33,a_poll_post2016_ramp_plus_20pct_ridge,-29.90051730998806,-29.195605473172094,-0.7049118368159668,0.7049118368159668
2006,house,34,a_poll_post2016_ramp_plus_20pct_ridge,-19.48051948051948,-70.52512756680903,51.04460808628956,51.04460808628956
2006,house,35,a_poll_post2016_ramp_plus_20pct_ridge,41.03184950642578,-40.83512305343018,81.86697255985595,81.86697255985595
2006,house,37,a_poll_post2016_ramp_plus_20pct_ridge,37.66648907831646,-57.58907608407974,95.25556516239621,95.25556516239621
2006,house,38,a_poll_post2016_ramp_plus_20pct_ridge,-16.089349303981873,-42.12594070737649,26.03659140339462,26.03659140339462
2006,house,40,a_poll_post2016_ramp_plus_20pct_ridge,3.417688494651709,-37.890090784079604,41.30777927873131,41.30777927873131
2006,house,42,a_poll_post2016_ramp_plus_20pct_ridge,22.20428867881024,-46.11679940149581,68.32108808030605,68.32108808030605
2006,house,44,a_poll_post2016_ramp_plus_20pct_ridge,-35.45848723301751,-52.1967423188541,16.73825508583659,16.73825508583659
2006,house,45,a_poll_post2016_ramp_plus_20pct_ridge,-4.462659380692168,-25.97187501392733,21.509215633235165,21.509215633235165
2006,house,58,a_poll_post2016_ramp_plus_20pct_ridge,53.80329976430255,37.16195290795145,16.6413468563511,16.6413468563511
2006,house,61,a_poll_post2016_ramp_plus_20pct_ridge,36.9550637156271,-46.8382192949264,83.7932830105535,83.7932830105535
2006,house,62,a_poll_post2016_ramp_plus_20pct_ridge,-24.545159194282,-51.23701986784227,26.69186067356027,26.69186067356027
2006,house,64,a_poll_post2016_ramp_plus_20pct_ridge,-20.16342756183745,-54.23966211486533,34.07623455302788,34.07623455302788
2006,house,65,a_poll_post2016_ramp_plus_20pct_ridge,39.31960194399444,-36.561277663594105,75.88087960758855,75.88087960758855
2006,house,66,a_poll_post2016_ramp_plus_20pct_ridge,-34.314115308151095,-54.532500255519366,20.21838494736827,20.21838494736827
2006,house,73,a_poll_post2016_ramp_plus_20pct_ridge,-24.34341882967286,-40.87276374400138,16.529344914328522,16.529344914328522
2006,house,79,a_poll_post2016_ramp_plus_20pct_ridge,-15.257547400113925,-28.056932047897654,12.799384647783729,12.799384647783729
2006,house,80,a_poll_post2016_ramp_plus_20pct_ridge,1.340860973888497,-37.84014977087107,39.18101074475957,39.18101074475957
2006,house,85,a_poll_post2016_ramp_plus_20pct_ridge,-7.260610312171168,-28.07026350506693,20.809653192895762,20.809653192895762
2006,house,88,a_poll_post2016_ramp_plus_20pct_ridge,-51.85825410544512,-51.81980927088953,-0.038444834555591,0.038444834555591
2006,house,91,a_poll_post2016_ramp_plus_20pct_ridge,2.8645043952712945,-43.865934933260775,46.73043932853207,46.73043932853207
2006,house,92,a_poll_post2016_ramp_plus_20pct_ridge,54.18549030029232,-47.909613992855455,102.09510429314778,102.09510429314778
2006,house,93,a_poll_post2016_ramp_plus_20pct_ridge,-37.331893589869445,-45.26785186296496,7.935958273095515,7.935958273095515
2006,house,94,a_poll_post2016_ramp_plus_20pct_ridge,-53.60866621530128,-51.121010487583376,-2.4876557277179003,2.4876557277179003
2006,house,95,a_poll_post2016_ramp_plus_20pct_ridge,-48.898736688934456,-52.85498237944628,3.956245690511821,3.956245690511821
2006,senate,2,a_poll_post2016_ramp_plus_20pct_ridge,17.026357686184326,-21.548070473298015,38.57442815948234,38.57442815948234
2006,senate,3,a_poll_post2016_ramp_plus_20pct_ridge,-25.136612021857925,-33.432218840236686,8.295606818378761,8.295606818378761
2006,senate,4,a_poll_post2016_ramp_plus_20pct_ridge,19.82990496195917,-38.229140750357956,58.05904571231713,58.05904571231713
2006,senate,5,a_poll_post2016_ramp_plus_20pct_ridge,-11.628673441362263,-55.795743124431354,44.16706968306909,44.16706968306909
2006,senate,7,a_poll_post2016_ramp_plus_20pct_ridge,31.025669518835425,0.6023278019481686,30.423341716887258,30.423341716887258
2006,senate,8,a_poll_post2016_ramp_plus_20pct_ridge,19.347826086956523,-38.647499782247195,57.99532586920372,57.99532586920372
2006,senate,9,a_poll_post2016_ramp_plus_20pct_ridge,7.025898972602739,-38.73578872151855,45.76168769412129,45.76168769412129
2006,senate,11,a_poll_post2016_ramp_plus_20pct_ridge,31.04798718307352,-13.359144612200062,44.407131795273585,44.407131795273585
2006,senate,13,a_poll_post2016_ramp_plus_20pct_ridge,0.2352941176470588,-50.29838631651458,50.53368043416164,50.53368043416164
2006,senate,16,a_poll_post2016_ramp_plus_20pct_ridge,-55.49896546235875,-52.27651041470691,-3.2224550476518345,3.2224550476518345
2006,senate,18,a_poll_post2016_ramp_plus_20pct_ridge,61.46146527117031,49.7841659137138,11.677299357456512,11.677299357456512
2006,senate,20,a_poll_post2016_ramp_plus_20pct_ridge,59.29548463009266,37.60254852306811,21.69293610702455,21.69293610702455
2006,senate,21,a_poll_post2016_ramp_plus_20pct_ridge,38.85595358224016,-46.77895696227347,85.63491054451363,85.63491054451363
2006,senate,22,a_poll_post2016_ramp_plus_20pct_ridge,-0.274680885441913,-32.83953403500724,32.56485314956533,32.56485314956533
2006,senate,23,a_poll_post2016_ramp_plus_20pct_ridge,27.179073447730165,2.646322832753723,24.532750614976443,24.532750614976443
2006,senate,25,a_poll_post2016_ramp_plus_20pct_ridge,-48.6455021716742,-51.955039281057815,3.309537109383612,3.309537109383612
2006,senate,27,a_poll_post2016_ramp_plus_20pct_ridge,20.699532639831148,-24.51603363089189,45.21556627072304,45.21556627072304
2006,senate,29,a_poll_post2016_ramp_plus_20pct_ridge,-44.50229709035222,-50.18541478676446,5.683117696412239,5.683117696412239
2006,senate,30,a_poll_post2016_ramp_plus_20pct_ridge,20.969960651332418,-38.604466735917775,59.574427387250196,59.574427387250196
2006,senate,31,a_poll_post2016_ramp_plus_20pct_ridge,10.511688736308647,-46.249015814332104,56.76070455064075,56.76070455064075
2010,house,1,prior_presidential,1.475644699140401,-21.2929780859888,22.7686227851292,22.7686227851292
2010,house,2,prior_presidential,-9.472016134841173,-36.53997917689436,27.06796304205319,27.06796304205319
2010,house,4,prior_presidential,-39.71374374892223,-45.69110383241392,5.977360083491696,5.977360083491696
2010,house,5,prior_presidential,-23.96368498838764,-47.399870111335474,23.436185122947833,23.436185122947833
2010,house,7,prior_presidential,-1.320768187334904,-32.60356731681162,31.282799129476718,31.282799129476718
2010,house,8,prior_presidential,-12.17472911867588,-21.85255616081076,9.67782704213488,9.67782704213488
2010,house,9,prior_presidential,-45.29587871838971,-60.41761239592245,15.121733677532738,15.121733677532738
2010,house,12,prior_presidential,-8.33881283997848,-65.16871301836828,56.8299001783898,56.8299001783898
2010,house,13,prior_presidential,-21.281117182756528,-48.123865058494864,26.842747875738336,26.842747875738336
2010,house,14,prior_presidential,-38.7120761451517,-45.155119211215386,6.443043066063687,6.443043066063687
2010,house,16,prior_presidential,-7.751265365148228,-45.22660539328543,37.475340028137204,37.475340028137204
2010,house,21,prior_presidential,-3.5239206534422403,-11.16139595344788,7.637475300005639,7.637475300005639
2010,house,22,prior_presidential,-29.564625850340136,-41.67258583108729,12.107959980747154,12.107959980747154
2010,house,24,prior_presidential,-6.667559244878833,-51.775462544267285,45.107903299388454,45.107903299388454
2010,house,26,prior_presidential,-19.294468367008943,-57.1179036162925,37.82343524928356,37.82343524928356
2010,house,27,prior_presidential,-6.551122033240639,-56.50660619140826,49.95548415816762,49.95548415816762
2010,house,29,prior_presidential,-3.901875388854324,-34.91727586732206,31.015400478467736,31.015400478467736
2010,house,30,prior_presidential,-45.10970129526831,-58.64996821461504,13.540266919346735,13.540266919346735
2010,house,32,prior_presidential,42.74726358347303,-5.841100138750612,48.58836372222364,48.58836372222364
2010,house,35,prior_presidential,3.281838444393206,-32.89268732218084,36.17452576657405,36.17452576657405
2010,house,36,prior_presidential,-52.54188538146257,-48.77237529337784,-3.769510088084729,3.769510088084729
2010,house,37,prior_presidential,7.243500694582258,-38.57939689766529,45.82289759224755,45.82289759224755
2010,house,38,prior_presidential,-1.978171896316508,-17.590600452787783,15.612428556471274,15.612428556471274
2010,house,39,prior_presidential,14.152046783625732,-56.05634984526085,70.20839662888658,70.20839662888658
2010,house,40,prior_presidential,-25.010924981791696,-35.65841682770742,10.647491845915724,10.647491845915724
2010,house,42,prior_presidential,-26.493191317244168,-52.57728849392104,26.08409717667687,26.08409717667687
2010,house,43,prior_presidential,-60.3998236072321,-56.10374674504907,-4.296076862183028,4.296076862183028
2010,house,45,prior_presidential,-23.078082604763345,0.217853977785788,-23.295936582549132,23.295936582549132
2010,house,61,prior_presidential,29.178351093662368,-13.791310598970854,42.969661692633224,42.969661692633224
2010,house,63,prior_presidential,-27.659301130524156,-10.76329975939819,-16.896001371125966,16.896001371125966
2010,house,73,prior_presidential,1.9546422754040849,18.612104860740608,-16.657462585336525,16.657462585336525
2010,house,75,prior_presidential,-43.348471704852784,-18.248448055996707,-25.100023648856077,25.100023648856077
2010,house,80,prior_presidential,9.311899627524015,-14.853440855927914,24.165340483451928,24.165340483451928
2010,house,81,prior_presidential,-11.83781826957886,-36.44932531132861,24.611507041749746,24.611507041749746
2010,house,84,prior_presidential,30.306336550566517,14.29934333141687,16.00699321914965,16.00699321914965
2010,house,85,prior_presidential,3.2917667105568893,-26.08710859217925,29.378875302736137,29.378875302736137
2010,house,86,prior_presidential,-16.068939297934357,-45.12047670631966,29.0515374083853,29.0515374083853
2010,house,90,prior_presidential,18.857545839210157,-20.87083630691061,39.728382146120765,39.728382146120765
2010,house,91,prior_presidential,-28.87626346039506,-49.2049204920492,20.32865703165414,20.32865703165414
2010,house,92,prior_presidential,-37.70856507230256,-54.905809898217065,17.197244825914503,17.197244825914503
2010,house,93,prior_presidential,-55.4708245387077,-42.47621594165268,-12.99460859705502,12.99460859705502
2010,house,98,prior_presidential,35.48903794173591,16.779992289614643,18.709045652121265,18.709045652121265
2010,senate,1,prior_presidential,11.852137824534312,-25.70583602683538,37.557973851369695,37.557973851369695
2010,senate,2,prior_presidential,-17.80431295669221,-31.657967026965554,13.853654070273343,13.853654070273343
2010,senate,4,prior_presidential,-15.529602741579112,-56.133372035082864,40.60376929350375,40.60376929350375
2010,senate,5,prior_presidential,-46.566622186248985,-31.04199458384874,-15.524627602400244,15.524627602400244
2010,senate,6,prior_presidential,6.820974424917845,-47.66291098006933,54.48388540498717,54.48388540498717
2010,senate,7,prior_presidential,-9.780724562315823,0.6741096243671036,-10.454834186682927,10.454834186682927
2010,senate,8,prior_presidential,-1.445136512469534,-44.96063102553857,43.51549451306904,43.51549451306904
2010,senate,9,prior_presidential,-37.75325574642036,-51.147365610853264,13.394109864432906,13.394109864432906
2010,senate,10,prior_presidential,-7.398960432799406,-40.69826340993353,33.299302977134126,33.299302977134126
2010,senate,11,prior_presidential,6.993100856352849,-20.74789725669492,27.74099811304777,27.74099811304777
2010,senate,12,prior_presidential,-27.440639541820783,-45.14222703451444,17.70158749269366,17.70158749269366
2010,senate,13,prior_presidential,-0.9585693955911178,-33.248771761738865,32.290202366147746,32.290202366147746
2010,senate,17,prior_presidential,-62.41675392670157,-40.63582799042301,-21.780925936278557,21.780925936278557
2010,senate,21,prior_presidential,-2.545145740190324,-13.723217046076888,11.178071305886565,11.178071305886565
2010,senate,22,prior_presidential,10.835345675699848,-26.05107909505313,36.88642477075298,36.88642477075298
2010,senate,25,prior_presidential,-45.917066586682665,-3.619923901746954,-42.297142684935714,42.297142684935714
2010,senate,27,prior_presidential,-10.010357327809425,-22.78857090336636,12.778213575556935,12.778213575556935
2010,senate,28,prior_presidential,40.76190007141274,14.391358896976367,26.370541174436372,26.370541174436372
2010,senate,30,prior_presidential,-14.283180346769544,-31.07016311131479,16.786982764545247,16.786982764545247
2010,senate,33,prior_presidential,46.8161718256475,15.93494377045131,30.88122805519619,30.88122805519619
2010,senate,35,prior_presidential,-18.262273901808783,-3.577683271973697,-14.684590629835085,14.684590629835085
2010,house,1,oracle_post2016_environment,1.475644699140401,-21.2929780859888,22.7686227851292,22.7686227851292
2010,house,2,oracle_post2016_environment,-9.472016134841173,-36.53997917689436,27.06796304205319,27.06796304205319
2010,house,4,oracle_post2016_environment,-39.71374374892223,-45.69110383241392,5.977360083491696,5.977360083491696
2010,house,5,oracle_post2016_environment,-23.96368498838764,-47.399870111335474,23.436185122947833,23.436185122947833
2010,house,7,oracle_post2016_environment,-1.320768187334904,-32.60356731681162,31.282799129476718,31.282799129476718
2010,house,8,oracle_post2016_environment,-12.17472911867588,-21.85255616081076,9.67782704213488,9.67782704213488
2010,house,9,oracle_post2016_environment,-45.29587871838971,-60.41761239592245,15.121733677532738,15.121733677532738
2010,house,12,oracle_post2016_environment,-8.33881283997848,-65.16871301836828,56.8299001783898,56.8299001783898
2010,house,13,oracle_post2016_environment,-21.281117182756528,-48.123865058494864,26.842747875738336,26.842747875738336
2010,house,14,oracle_post2016_environment,-38.7120761451517,-45.155119211215386,6.443043066063687,6.443043066063687
2010,house,16,oracle_post2016_environment,-7.751265365148228,-45.22660539328543,37.475340028137204,37.475340028137204
2010,house,21,oracle_post2016_environment,-3.5239206534422403,-11.16139595344788,7.637475300005639,7.637475300005639
2010,house,22,oracle_post2016_environment,-29.564625850340136,-41.67258583108729,12.107959980747154,12.107959980747154
2010,house,24,oracle_post2016_environment,-6.667559244878833,-51.775462544267285,45.107903299388454,45.107903299388454
2010,house,26,oracle_post2016_environment,-19.294468367008943,-57.1179036162925,37.82343524928356,37.82343524928356
2010,house,27,oracle_post2016_environment,-6.551122033240639,-56.50660619140826,49.95548415816762,49.95548415816762
2010,house,29,oracle_post2016_environment,-3.901875388854324,-34.91727586732206,31.015400478467736,31.015400478467736
2010,house,30,oracle_post2016_environment,-45.10970129526831,-58.64996821461504,13.540266919346735,13.540266919346735
2010,house,32,oracle_post2016_environment,42.74726358347303,-5.841100138750612,48.58836372222364,48.58836372222364
2010,house,35,oracle_post2016_environment,3.281838444393206,-32.89268732218084,36.17452576657405,36.17452576657405
2010,house,36,oracle_post2016_environment,-52.54188538146257,-48.77237529337784,-3.769510088084729,3.769510088084729
2010,house,37,oracle_post2016_environment,7.243500694582258,-38.57939689766529,45.82289759224755,45.82289759224755
2010,house,38,oracle_post2016_environment,-1.978171896316508,-17.590600452787783,15.612428556471274,15.612428556471274
2010,house,39,oracle_post2016_environment,14.152046783625732,-56.05634984526085,70.20839662888658,70.20839662888658
2010,house,40,oracle_post2016_environment,-25.010924981791696,-35.65841682770742,10.647491845915724,10.647491845915724
2010,house,42,oracle_post2016_environment,-26.493191317244168,-52.57728849392104,26.08409717667687,26.08409717667687
2010,house,43,oracle_post2016_environment,-60.3998236072321,-56.10374674504907,-4.296076862183028,4.296076862183028
2010,house,45,oracle_post2016_environment,-23.078082604763345,0.217853977785788,-23.295936582549132,23.295936582549132
2010,house,61,oracle_post2016_environment,29.178351093662368,-13.791310598970854,42.969661692633224,42.969661692633224
2010,house,63,oracle_post2016_environment,-27.659301130524156,-10.76329975939819,-16.896001371125966,16.896001371125966
2010,house,73,oracle_post2016_environment,1.9546422754040849,18.612104860740608,-16.657462585336525,16.657462585336525
2010,house,75,oracle_post2016_environment,-43.348471704852784,-18.248448055996707,-25.100023648856077,25.100023648856077
2010,house,80,oracle_post2016_environment,9.311899627524015,-14.853440855927914,24.165340483451928,24.165340483451928
2010,house,81,oracle_post2016_environment,-11.83781826957886,-36.44932531132861,24.611507041749746,24.611507041749746
2010,house,84,oracle_post2016_environment,30.306336550566517,14.29934333141687,16.00699321914965,16.00699321914965
2010,house,85,oracle_post2016_environment,3.2917667105568893,-26.08710859217925,29.378875302736137,29.378875302736137
2010,house,86,oracle_post2016_environment,-16.068939297934357,-45.12047670631966,29.0515374083853,29.0515374083853
2010,house,90,oracle_post2016_environment,18.857545839210157,-20.87083630691061,39.728382146120765,39.728382146120765
2010,house,91,oracle_post2016_environment,-28.87626346039506,-49.2049204920492,20.32865703165414,20.32865703165414
2010,house,92,oracle_post2016_environment,-37.70856507230256,-54.905809898217065,17.197244825914503,17.197244825914503
2010,house,93,oracle_post2016_environment,-55.4708245387077,-42.47621594165268,-12.99460859705502,12.99460859705502
2010,house,98,oracle_post2016_environment,35.48903794173591,16.779992289614643,18.709045652121265,18.709045652121265
2010,senate,1,oracle_post2016_environment,11.852137824534312,-25.70583602683538,37.557973851369695,37.557973851369695
2010,senate,2,oracle_post2016_environment,-17.80431295669221,-31.657967026965554,13.853654070273343,13.853654070273343
2010,senate,4,oracle_post2016_environment,-15.529602741579112,-56.133372035082864,40.60376929350375,40.60376929350375
2010,senate,5,oracle_post2016_environment,-46.566622186248985,-31.04199458384874,-15.524627602400244,15.524627602400244
2010,senate,6,oracle_post2016_environment,6.820974424917845,-47.66291098006933,54.48388540498717,54.48388540498717
2010,senate,7,oracle_post2016_environment,-9.780724562315823,0.6741096243671036,-10.454834186682927,10.454834186682927
2010,senate,8,oracle_post2016_environment,-1.445136512469534,-44.96063102553857,43.51549451306904,43.51549451306904
2010,senate,9,oracle_post2016_environment,-37.75325574642036,-51.147365610853264,13.394109864432906,13.394109864432906
2010,senate,10,oracle_post2016_environment,-7.398960432799406,-40.69826340993353,33.299302977134126,33.299302977134126
2010,senate,11,oracle_post2016_environment,6.993100856352849,-20.74789725669492,27.74099811304777,27.74099811304777
2010,senate,12,oracle_post2016_environment,-27.440639541820783,-45.14222703451444,17.70158749269366,17.70158749269366
2010,senate,13,oracle_post2016_environment,-0.9585693955911178,-33.248771761738865,32.290202366147746,32.290202366147746
2010,senate,17,oracle_post2016_environment,-62.41675392670157,-40.63582799042301,-21.780925936278557,21.780925936278557
2010,senate,21,oracle_post2016_environment,-2.545145740190324,-13.723217046076888,11.178071305886565,11.178071305886565
2010,senate,22,oracle_post2016_environment,10.835345675699848,-26.05107909505313,36.88642477075298,36.88642477075298
2010,senate,25,oracle_post2016_environment,-45.917066586682665,-3.619923901746954,-42.297142684935714,42.297142684935714
2010,senate,27,oracle_post2016_environment,-10.010357327809425,-22.78857090336636,12.778213575556935,12.778213575556935
2010,senate,28,oracle_post2016_environment,40.76190007141274,14.391358896976367,26.370541174436372,26.370541174436372
2010,senate,30,oracle_post2016_environment,-14.283180346769544,-31.07016311131479,16.786982764545247,16.786982764545247
2010,senate,33,oracle_post2016_environment,46.8161718256475,15.93494377045131,30.88122805519619,30.88122805519619
2010,senate,35,oracle_post2016_environment,-18.262273901808783,-3.577683271973697,-14.684590629835085,14.684590629835085
2010,house,1,a_poll_full_transfer,1.475644699140401,-32.54590244964597,34.021547148786375,34.021547148786375
2010,house,2,a_poll_full_transfer,-9.472016134841173,-47.792903540551535,38.320887405710366,38.320887405710366
2010,house,4,a_poll_full_transfer,-39.71374374892223,-56.944028196071095,17.23028444714887,17.23028444714887
2010,house,5,a_poll_full_transfer,-23.96368498838764,-58.652794474992646,34.689109486605005,34.689109486605005
2010,house,7,a_poll_full_transfer,-1.320768187334904,-43.85649168046879,42.53572349313389,42.53572349313389
2010,house,8,a_poll_full_transfer,-12.17472911867588,-33.10548052446793,20.930751405792048,20.930751405792048
2010,house,9,a_poll_full_transfer,-45.29587871838971,-71.67053675957962,26.37465804118991,26.37465804118991
2010,house,12,a_poll_full_transfer,-8.33881283997848,-76.42163738202545,68.08282454204698,68.08282454204698
2010,house,13,a_poll_full_transfer,-21.281117182756528,-59.37678942215204,38.09567223939551,38.09567223939551
2010,house,14,a_poll_full_transfer,-38.7120761451517,-56.40804357487256,17.69596742972086,17.69596742972086
2010,house,16,a_poll_full_transfer,-7.751265365148228,-56.479529756942604,48.728264391794376,48.728264391794376
2010,house,21,a_poll_full_transfer,-3.5239206534422403,-22.41432031710505,18.890399663662812,18.890399663662812
2010,house,22,a_poll_full_transfer,-29.564625850340136,-52.92551019474446,23.360884344404326,23.360884344404326
2010,house,24,a_poll_full_transfer,-6.667559244878833,-63.02838690792446,56.360827663045626,56.360827663045626
2010,house,26,a_poll_full_transfer,-19.294468367008943,-68.37082797994967,49.07635961294072,49.07635961294072
2010,house,27,a_poll_full_transfer,-6.551122033240639,-67.75953055506542,61.208408521824786,61.208408521824786
2010,house,29,a_poll_full_transfer,-3.901875388854324,-46.17020023097923,42.26832484212491,42.26832484212491
2010,house,30,a_poll_full_transfer,-45.10970129526831,-69.90289257827222,24.793191283003907,24.793191283003907
2010,house,32,a_poll_full_transfer,42.74726358347303,-17.094024502407784,59.84128808588081,59.84128808588081
2010,house,35,a_poll_full_transfer,3.281838444393206,-44.14561168583801,47.42745013023122,47.42745013023122
2010,house,36,a_poll_full_transfer,-52.54188538146257,-60.02529965703501,7.483414275572443,7.483414275572443
2010,house,37,a_poll_full_transfer,7.243500694582258,-49.83232126132246,57.07582195590472,57.07582195590472
2010,house,38,a_poll_full_transfer,-1.978171896316508,-28.843524816444955,26.865352920128448,26.865352920128448
2010,house,39,a_poll_full_transfer,14.152046783625732,-67.30927420891801,81.46132099254375,81.46132099254375
2010,house,40,a_poll_full_transfer,-25.010924981791696,-46.91134119136459,21.900416209572896,21.900416209572896
2010,house,42,a_poll_full_transfer,-26.493191317244168,-63.83021285757821,37.33702154033404,37.33702154033404
2010,house,43,a_poll_full_transfer,-60.3998236072321,-67.35667110870624,6.956847501474137,6.956847501474137
2010,house,45,a_poll_full_transfer,-23.078082604763345,-11.035070385871382,-12.043012218891963,12.043012218891963
2010,house,61,a_poll_full_transfer,29.178351093662368,-25.044234962628025,54.222586056290396,54.222586056290396
2010,house,63,a_poll_full_transfer,-27.659301130524156,-22.01622412305536,-5.643077007468797,5.643077007468797
2010,house,73,a_poll_full_transfer,1.9546422754040849,7.359180497083438,-5.404538221679353,5.404538221679353
2010,house,75,a_poll_full_transfer,-43.348471704852784,-29.501372419653876,-13.847099285198908,13.847099285198908
2010,house,80,a_poll_full_transfer,9.311899627524015,-26.106365219585086,35.4182648471091,35.4182648471091
2010,house,81,a_poll_full_transfer,-11.83781826957886,-47.70224967498578,35.86443140540692,35.86443140540692
2010,house,84,a_poll_full_transfer,30.306336550566517,3.046418967759699,27.259917582806818,27.259917582806818
2010,house,85,a_poll_full_transfer,3.2917667105568893,-37.34003295583642,40.63179966639331,40.63179966639331
2010,house,86,a_poll_full_transfer,-16.068939297934357,-56.37340106997683,40.30446177204247,40.30446177204247
2010,house,90,a_poll_full_transfer,18.857545839210157,-32.12376067056778,50.98130650977794,50.98130650977794
2010,house,91,a_poll_full_transfer,-28.87626346039506,-60.45784485570637,31.58158139531131,31.58158139531131
2010,house,92,a_poll_full_transfer,-37.70856507230256,-66.15873426187423,28.450169189571668,28.450169189571668
2010,house,93,a_poll_full_transfer,-55.4708245387077,-53.729140305309855,-1.741684233397848,1.741684233397848
2010,house,98,a_poll_full_transfer,35.48903794173591,5.527067925957473,29.961970015778434,29.961970015778434
2010,senate,1,a_poll_full_transfer,11.852137824534312,-36.95876039049255,48.81089821502686,48.81089821502686
2010,senate,2,a_poll_full_transfer,-17.80431295669221,-42.91089139062272,25.106578433930512,25.106578433930512
2010,senate,4,a_poll_full_transfer,-15.529602741579112,-67.38629639874003,51.85669365716092,51.85669365716092
2010,senate,5,a_poll_full_transfer,-46.566622186248985,-42.29491894750591,-4.271703238743072,4.271703238743072
2010,senate,6,a_poll_full_transfer,6.820974424917845,-58.9158353437265,65.73680976864435,65.73680976864435
2010,senate,7,a_poll_full_transfer,-9.780724562315823,-10.578814739290067,0.7980901769742434,0.7980901769742434
2010,senate,8,a_poll_full_transfer,-1.445136512469534,-56.21355538919574,54.76841887672621,54.76841887672621
2010,senate,9,a_poll_full_transfer,-37.75325574642036,-62.400289974510436,24.647034228090078,24.647034228090078
2010,senate,10,a_poll_full_transfer,-7.398960432799406,-51.9511877735907,44.5522273407913,44.5522273407913
2010,senate,11,a_poll_full_transfer,6.993100856352849,-32.00082162035209,38.99392247670494,38.99392247670494
2010,senate,12,a_poll_full_transfer,-27.440639541820783,-56.39515139817161,28.95451185635083,28.95451185635083
2010,senate,13,a_poll_full_transfer,-0.9585693955911178,-44.50169612539604,43.54312672980492,43.54312672980492
2010,senate,17,a_poll_full_transfer,-62.41675392670157,-51.88875235408018,-10.528001572621385,10.528001572621385
2010,senate,21,a_poll_full_transfer,-2.545145740190324,-24.97614140973406,22.430995669543734,22.430995669543734
2010,senate,22,a_poll_full_transfer,10.835345675699848,-37.3040034587103,48.139349134410146,48.139349134410146
2010,senate,25,a_poll_full_transfer,-45.917066586682665,-14.872848265404125,-31.044218321278542,31.044218321278542
2010,senate,27,a_poll_full_transfer,-10.010357327809425,-34.04149526702353,24.031137939214105,24.031137939214105
2010,senate,28,a_poll_full_transfer,40.76190007141274,3.138434533319197,37.62346553809354,37.62346553809354
2010,senate,30,a_poll_full_transfer,-14.283180346769544,-42.32308747497196,28.03990712820242,28.03990712820242
2010,senate,33,a_poll_full_transfer,46.8161718256475,4.68201940679414,42.13415241885336,42.13415241885336
2010,senate,35,a_poll_full_transfer,-18.262273901808783,-14.830607635630868,-3.431666266177915,3.431666266177915
2010,house,1,a_poll_two_step_transfer,1.475644699140401,-26.919440267817386,28.395084966957786,28.395084966957786
2010,house,2,a_poll_two_step_transfer,-9.472016134841173,-42.16644135872295,32.69442522388178,32.69442522388178
2010,house,4,a_poll_two_step_transfer,-39.71374374892223,-51.31756601424251,11.603822265320282,11.603822265320282
2010,house,5,a_poll_two_step_transfer,-23.96368498838764,-53.02633229316406,29.06264730477642,29.06264730477642
2010,house,7,a_poll_two_step_transfer,-1.320768187334904,-38.23002949864021,36.9092613113053,36.9092613113053
2010,house,8,a_poll_two_step_transfer,-12.17472911867588,-27.479018342639346,15.304289223963465,15.304289223963465
2010,house,9,a_poll_two_step_transfer,-45.29587871838971,-66.04407457775103,20.748195859361324,20.748195859361324
2010,house,12,a_poll_two_step_transfer,-8.33881283997848,-70.79517520019687,62.456362360218385,62.456362360218385
2010,house,13,a_poll_two_step_transfer,-21.281117182756528,-53.75032724032345,32.469210057566926,32.469210057566926
2010,house,14,a_poll_two_step_transfer,-38.7120761451517,-50.78158139304397,12.069505247892273,12.069505247892273
2010,house,16,a_poll_two_step_transfer,-7.751265365148228,-50.85306757511402,43.10180220996579,43.10180220996579
2010,house,21,a_poll_two_step_transfer,-3.5239206534422403,-16.787858135276466,13.263937481834226,13.263937481834226
2010,house,22,a_poll_two_step_transfer,-29.564625850340136,-47.299048012915875,17.73442216257574,17.73442216257574
2010,house,24,a_poll_two_step_transfer,-6.667559244878833,-57.40192472609587,50.73436548121704,50.73436548121704
2010,house,26,a_poll_two_step_transfer,-19.294468367008943,-62.74436579812109,43.44989743111215,43.44989743111215
2010,house,27,a_poll_two_step_transfer,-6.551122033240639,-62.133068373236846,55.58194633999621,55.58194633999621
2010,house,29,a_poll_two_step_transfer,-3.901875388854324,-40.54373804915065,36.641862660296326,36.641862660296326
2010,house,30,a_poll_two_step_transfer,-45.10970129526831,-64.27643039644363,19.16672910117532,19.16672910117532
2010,house,32,a_poll_two_step_transfer,42.74726358347303,-11.467562320579198,54.214825904052226,54.214825904052226
2010,house,35,a_poll_two_step_transfer,3.281838444393206,-38.51914950400943,41.800987948402636,41.800987948402636
2010,house,36,a_poll_two_step_transfer,-52.54188538146257,-54.39883747520643,1.8569520937438568,1.8569520937438568
2010,house,37,a_poll_two_step_transfer,7.243500694582258,-44.20585907949388,51.449359774076136,51.449359774076136
2010,house,38,a_poll_two_step_transfer,-1.978171896316508,-23.21706263461637,21.23889073829986,21.23889073829986
2010,house,39,a_poll_two_step_transfer,14.152046783625732,-61.68281202708943,75.83485881071516,75.83485881071516
2010,house,40,a_poll_two_step_transfer,-25.010924981791696,-41.284879009536006,16.27395402774431,16.27395402774431
2010,house,42,a_poll_two_step_transfer,-26.493191317244168,-58.203750675749625,31.710559358505456,31.710559358505456
2010,house,43,a_poll_two_step_transfer,-60.3998236072321,-61.73020892687766,1.3303853196455577,1.3303853196455577
2010,house,45,a_poll_two_step_transfer,-23.078082604763345,-5.408608204042797,-17.66947440072055,17.66947440072055
2010,house,61,a_poll_two_step_transfer,29.178351093662368,-19.41777278079944,48.59612387446181,48.59612387446181
2010,house,63,a_poll_two_step_transfer,-27.659301130524156,-16.389761941226777,-11.26953918929738,11.26953918929738
2010,house,73,a_poll_two_step_transfer,1.9546422754040849,12.985642678912022,-11.031000403507937,11.031000403507937
2010,house,75,a_poll_two_step_transfer,-43.348471704852784,-23.874910237825294,-19.47356146702749,19.47356146702749
2010,house,80,a_poll_two_step_transfer,9.311899627524015,-20.4799030377565,29.791802665280514,29.791802665280514
2010,house,81,a_poll_two_step_transfer,-11.83781826957886,-42.07578749315719,30.237969223578332,30.237969223578332
2010,house,84,a_poll_two_step_transfer,30.306336550566517,8.672881149588285,21.63345540097823,21.63345540097823
2010,house,85,a_poll_two_step_transfer,3.2917667105568893,-31.713570774007835,35.00533748456473,35.00533748456473
2010,house,86,a_poll_two_step_transfer,-16.068939297934357,-50.74693888814824,34.67799959021389,34.67799959021389
2010,house,90,a_poll_two_step_transfer,18.857545839210157,-26.497298488739197,45.35484432794935,45.35484432794935
2010,house,91,a_poll_two_step_transfer,-28.87626346039506,-54.83138267387778,25.955119213482725,25.955119213482725
2010,house,92,a_poll_two_step_transfer,-37.70856507230256,-60.53227208004565,22.82370700774309,22.82370700774309
2010,house,93,a_poll_two_step_transfer,-55.4708245387077,-48.10267812348127,-7.368146415226434,7.368146415226434
2010,house,98,a_poll_two_step_transfer,35.48903794173591,11.153530107786057,24.33550783394985,24.33550783394985
2010,senate,1,a_poll_two_step_transfer,11.852137824534312,-31.332298208663968,43.18443603319828,43.18443603319828
2010,senate,2,a_poll_two_step_transfer,-17.80431295669221,-37.28442920879414,19.480116252101926,19.480116252101926
2010,senate,4,a_poll_two_step_transfer,-15.529602741579112,-61.75983421691145,46.23023147533234,46.23023147533234
2010,senate,5,a_poll_two_step_transfer,-46.566622186248985,-36.66845676567733,-9.898165420571658,9.898165420571658
2010,senate,6,a_poll_two_step_transfer,6.820974424917845,-53.28937316189791,60.110347586815756,60.110347586815756
2010,senate,7,a_poll_two_step_transfer,-9.780724562315823,-4.952352557461482,-4.828372004854342,4.828372004854342
2010,senate,8,a_poll_two_step_transfer,-1.445136512469534,-50.587093207367154,49.14195669489762,49.14195669489762
2010,senate,9,a_poll_two_step_transfer,-37.75325574642036,-56.77382779268185,19.020572046261492,19.020572046261492
2010,senate,10,a_poll_two_step_transfer,-7.398960432799406,-46.32472559176212,38.92576515896271,38.92576515896271
2010,senate,11,a_poll_two_step_transfer,6.993100856352849,-26.374359438523506,33.36746029487635,33.36746029487635
2010,senate,12,a_poll_two_step_transfer,-27.440639541820783,-50.76868921634303,23.328049674522244,23.328049674522244
2010,senate,13,a_poll_two_step_transfer,-0.9585693955911178,-38.87523394356745,37.91666454797633,37.91666454797633
2010,senate,17,a_poll_two_step_transfer,-62.41675392670157,-46.262290172251596,-16.15446375444997,16.15446375444997
2010,senate,21,a_poll_two_step_transfer,-2.545145740190324,-19.349679227905472,16.804533487715148,16.804533487715148
2010,senate,22,a_poll_two_step_transfer,10.835345675699848,-31.677541276881716,42.51288695258157,42.51288695258157
2010,senate,25,a_poll_two_step_transfer,-45.917066586682665,-9.246386083575539,-36.67068050310713,36.67068050310713
2010,senate,27,a_poll_two_step_transfer,-10.010357327809425,-28.415033085194946,18.40467575738552,18.40467575738552
2010,senate,28,a_poll_two_step_transfer,40.76190007141274,8.764896715147781,31.99700335626496,31.99700335626496
2010,senate,30,a_poll_two_step_transfer,-14.283180346769544,-36.69662529314338,22.413444946373833,22.413444946373833
2010,senate,33,a_poll_two_step_transfer,46.8161718256475,10.308481588622726,36.507690237024775,36.507690237024775
2010,senate,35,a_poll_two_step_transfer,-18.262273901808783,-9.204145453802282,-9.058128448006501,9.058128448006501
2010,house,1,a_poll_post2016_ramp,1.475644699140401,-21.2929780859888,22.7686227851292,22.7686227851292
2010,house,2,a_poll_post2016_ramp,-9.472016134841173,-36.53997917689436,27.06796304205319,27.06796304205319
2010,house,4,a_poll_post2016_ramp,-39.71374374892223,-45.69110383241392,5.977360083491696,5.977360083491696
2010,house,5,a_poll_post2016_ramp,-23.96368498838764,-47.399870111335474,23.436185122947833,23.436185122947833
2010,house,7,a_poll_post2016_ramp,-1.320768187334904,-32.60356731681162,31.282799129476718,31.282799129476718
2010,house,8,a_poll_post2016_ramp,-12.17472911867588,-21.85255616081076,9.67782704213488,9.67782704213488
2010,house,9,a_poll_post2016_ramp,-45.29587871838971,-60.41761239592245,15.121733677532738,15.121733677532738
2010,house,12,a_poll_post2016_ramp,-8.33881283997848,-65.16871301836828,56.8299001783898,56.8299001783898
2010,house,13,a_poll_post2016_ramp,-21.281117182756528,-48.123865058494864,26.842747875738336,26.842747875738336
2010,house,14,a_poll_post2016_ramp,-38.7120761451517,-45.155119211215386,6.443043066063687,6.443043066063687
2010,house,16,a_poll_post2016_ramp,-7.751265365148228,-45.22660539328543,37.475340028137204,37.475340028137204
2010,house,21,a_poll_post2016_ramp,-3.5239206534422403,-11.16139595344788,7.637475300005639,7.637475300005639
2010,house,22,a_poll_post2016_ramp,-29.564625850340136,-41.67258583108729,12.107959980747154,12.107959980747154
2010,house,24,a_poll_post2016_ramp,-6.667559244878833,-51.775462544267285,45.107903299388454,45.107903299388454
2010,house,26,a_poll_post2016_ramp,-19.294468367008943,-57.1179036162925,37.82343524928356,37.82343524928356
2010,house,27,a_poll_post2016_ramp,-6.551122033240639,-56.50660619140826,49.95548415816762,49.95548415816762
2010,house,29,a_poll_post2016_ramp,-3.901875388854324,-34.91727586732206,31.015400478467736,31.015400478467736
2010,house,30,a_poll_post2016_ramp,-45.10970129526831,-58.64996821461504,13.540266919346735,13.540266919346735
2010,house,32,a_poll_post2016_ramp,42.74726358347303,-5.841100138750612,48.58836372222364,48.58836372222364
2010,house,35,a_poll_post2016_ramp,3.281838444393206,-32.89268732218084,36.17452576657405,36.17452576657405
2010,house,36,a_poll_post2016_ramp,-52.54188538146257,-48.77237529337784,-3.769510088084729,3.769510088084729
2010,house,37,a_poll_post2016_ramp,7.243500694582258,-38.57939689766529,45.82289759224755,45.82289759224755
2010,house,38,a_poll_post2016_ramp,-1.978171896316508,-17.590600452787783,15.612428556471274,15.612428556471274
2010,house,39,a_poll_post2016_ramp,14.152046783625732,-56.05634984526085,70.20839662888658,70.20839662888658
2010,house,40,a_poll_post2016_ramp,-25.010924981791696,-35.65841682770742,10.647491845915724,10.647491845915724
2010,house,42,a_poll_post2016_ramp,-26.493191317244168,-52.57728849392104,26.08409717667687,26.08409717667687
2010,house,43,a_poll_post2016_ramp,-60.3998236072321,-56.10374674504907,-4.296076862183028,4.296076862183028
2010,house,45,a_poll_post2016_ramp,-23.078082604763345,0.217853977785788,-23.295936582549132,23.295936582549132
2010,house,61,a_poll_post2016_ramp,29.178351093662368,-13.791310598970854,42.969661692633224,42.969661692633224
2010,house,63,a_poll_post2016_ramp,-27.659301130524156,-10.76329975939819,-16.896001371125966,16.896001371125966
2010,house,73,a_poll_post2016_ramp,1.9546422754040849,18.612104860740608,-16.657462585336525,16.657462585336525
2010,house,75,a_poll_post2016_ramp,-43.348471704852784,-18.248448055996707,-25.100023648856077,25.100023648856077
2010,house,80,a_poll_post2016_ramp,9.311899627524015,-14.853440855927914,24.165340483451928,24.165340483451928
2010,house,81,a_poll_post2016_ramp,-11.83781826957886,-36.44932531132861,24.611507041749746,24.611507041749746
2010,house,84,a_poll_post2016_ramp,30.306336550566517,14.29934333141687,16.00699321914965,16.00699321914965
2010,house,85,a_poll_post2016_ramp,3.2917667105568893,-26.08710859217925,29.378875302736137,29.378875302736137
2010,house,86,a_poll_post2016_ramp,-16.068939297934357,-45.12047670631966,29.0515374083853,29.0515374083853
2010,house,90,a_poll_post2016_ramp,18.857545839210157,-20.87083630691061,39.728382146120765,39.728382146120765
2010,house,91,a_poll_post2016_ramp,-28.87626346039506,-49.2049204920492,20.32865703165414,20.32865703165414
2010,house,92,a_poll_post2016_ramp,-37.70856507230256,-54.905809898217065,17.197244825914503,17.197244825914503
2010,house,93,a_poll_post2016_ramp,-55.4708245387077,-42.47621594165268,-12.99460859705502,12.99460859705502
2010,house,98,a_poll_post2016_ramp,35.48903794173591,16.779992289614643,18.709045652121265,18.709045652121265
2010,senate,1,a_poll_post2016_ramp,11.852137824534312,-25.70583602683538,37.557973851369695,37.557973851369695
2010,senate,2,a_poll_post2016_ramp,-17.80431295669221,-31.657967026965554,13.853654070273343,13.853654070273343
2010,senate,4,a_poll_post2016_ramp,-15.529602741579112,-56.133372035082864,40.60376929350375,40.60376929350375
2010,senate,5,a_poll_post2016_ramp,-46.566622186248985,-31.04199458384874,-15.524627602400244,15.524627602400244
2010,senate,6,a_poll_post2016_ramp,6.820974424917845,-47.66291098006933,54.48388540498717,54.48388540498717
2010,senate,7,a_poll_post2016_ramp,-9.780724562315823,0.6741096243671036,-10.454834186682927,10.454834186682927
2010,senate,8,a_poll_post2016_ramp,-1.445136512469534,-44.96063102553857,43.51549451306904,43.51549451306904
2010,senate,9,a_poll_post2016_ramp,-37.75325574642036,-51.147365610853264,13.394109864432906,13.394109864432906
2010,senate,10,a_poll_post2016_ramp,-7.398960432799406,-40.69826340993353,33.299302977134126,33.299302977134126
2010,senate,11,a_poll_post2016_ramp,6.993100856352849,-20.74789725669492,27.74099811304777,27.74099811304777
2010,senate,12,a_poll_post2016_ramp,-27.440639541820783,-45.14222703451444,17.70158749269366,17.70158749269366
2010,senate,13,a_poll_post2016_ramp,-0.9585693955911178,-33.248771761738865,32.290202366147746,32.290202366147746
2010,senate,17,a_poll_post2016_ramp,-62.41675392670157,-40.63582799042301,-21.780925936278557,21.780925936278557
2010,senate,21,a_poll_post2016_ramp,-2.545145740190324,-13.723217046076888,11.178071305886565,11.178071305886565
2010,senate,22,a_poll_post2016_ramp,10.835345675699848,-26.05107909505313,36.88642477075298,36.88642477075298
2010,senate,25,a_poll_post2016_ramp,-45.917066586682665,-3.619923901746954,-42.297142684935714,42.297142684935714
2010,senate,27,a_poll_post2016_ramp,-10.010357327809425,-22.78857090336636,12.778213575556935,12.778213575556935
2010,senate,28,a_poll_post2016_ramp,40.76190007141274,14.391358896976367,26.370541174436372,26.370541174436372
2010,senate,30,a_poll_post2016_ramp,-14.283180346769544,-31.07016311131479,16.786982764545247,16.786982764545247
2010,senate,33,a_poll_post2016_ramp,46.8161718256475,15.93494377045131,30.88122805519619,30.88122805519619
2010,senate,35,a_poll_post2016_ramp,-18.262273901808783,-3.577683271973697,-14.684590629835085,14.684590629835085
2010,house,1,a_poll_post2016_ramp_plus_20pct_ridge,1.475644699140401,-15.78280923051365,17.25845392965405,17.25845392965405
2010,house,2,a_poll_post2016_ramp_plus_20pct_ridge,-9.472016134841173,-30.077748170120284,20.60573203527911,20.60573203527911
2010,house,4,a_poll_post2016_ramp_plus_20pct_ridge,-39.71374374892223,-40.81027538434671,1.0965316354244834,1.0965316354244834
2010,house,5,a_poll_post2016_ramp_plus_20pct_ridge,-23.96368498838764,-40.99308640450809,17.02940141612045,17.02940141612045
2010,house,7,a_poll_post2016_ramp_plus_20pct_ridge,-1.320768187334904,-25.988987736801104,24.6682195494662,24.6682195494662
2010,house,8,a_poll_post2016_ramp_plus_20pct_ridge,-12.17472911867588,-16.197388994758192,4.022659876082312,4.022659876082312
2010,house,9,a_poll_post2016_ramp_plus_20pct_ridge,-45.29587871838971,-54.651292134778096,9.355413416388387,9.355413416388387
2010,house,12,a_poll_post2016_ramp_plus_20pct_ridge,-8.33881283997848,-58.60626459436521,50.26745175438673,50.26745175438673
2010,house,13,a_poll_post2016_ramp_plus_20pct_ridge,-21.281117182756528,-41.5661035100019,20.284986327245374,20.284986327245374
2010,house,14,a_poll_post2016_ramp_plus_20pct_ridge,-38.7120761451517,-38.524238002470874,-0.18783814268082466,0.18783814268082466
2010,house,16,a_poll_post2016_ramp_plus_20pct_ridge,-7.751265365148228,-38.67243478360223,30.921169418454,30.921169418454
2010,house,21,a_poll_post2016_ramp_plus_20pct_ridge,-3.5239206534422403,-4.857701992692196,1.3337813392499553,1.3337813392499553
2010,house,22,a_poll_post2016_ramp_plus_20pct_ridge,-29.564625850340136,-35.94295438156085,6.378328531220717,6.378328531220717
2010,house,24,a_poll_post2016_ramp_plus_20pct_ridge,-6.667559244878833,-46.65541823265235,39.98785898777352,39.98785898777352
2010,house,26,a_poll_post2016_ramp_plus_20pct_ridge,-19.294468367008943,-51.286041875797984,31.991573508789042,31.991573508789042
2010,house,27,a_poll_post2016_ramp_plus_20pct_ridge,-6.551122033240639,-50.05076889720928,43.49964686396864,43.49964686396864
2010,house,29,a_poll_post2016_ramp_plus_20pct_ridge,-3.901875388854324,-28.375483032559504,24.47360764370518,24.47360764370518
2010,house,30,a_poll_post2016_ramp_plus_20pct_ridge,-45.10970129526831,-53.66055343114064,8.550852135872333,8.550852135872333
2010,house,32,a_poll_post2016_ramp_plus_20pct_ridge,42.74726358347303,0.7362288364500165,42.01103474702301,42.01103474702301
2010,house,35,a_poll_post2016_ramp_plus_20pct_ridge,3.281838444393206,-26.38648931384436,29.668327758237567,29.668327758237567
2010,house,36,a_poll_post2016_ramp_plus_20pct_ridge,-52.54188538146257,-43.74491380750234,-8.796971573960228,8.796971573960228
2010,house,37,a_poll_post2016_ramp_plus_20pct_ridge,7.243500694582258,-32.01806841250598,39.26156910708824,39.26156910708824
2010,house,38,a_poll_post2016_ramp_plus_20pct_ridge,-1.978171896316508,-12.4765928764309,10.49842098011439,10.49842098011439
2010,house,39,a_poll_post2016_ramp_plus_20pct_ridge,14.152046783625732,-49.45670334672642,63.60875013035215,63.60875013035215
2010,house,40,a_poll_post2016_ramp_plus_20pct_ridge,-25.010924981791696,-29.901586144474877,4.89066116268318,4.89066116268318
2010,house,42,a_poll_post2016_ramp_plus_20pct_ridge,-26.493191317244168,-46.040443025538536,19.547251708294368,19.547251708294368
2010,house,43,a_poll_post2016_ramp_plus_20pct_ridge,-60.3998236072321,-51.823152258618144,-8.576671348613957,8.576671348613957
2010,house,45,a_poll_post2016_ramp_plus_20pct_ridge,-23.078082604763345,4.92817567125647,-28.006258276019814,28.006258276019814
2010,house,61,a_poll_post2016_ramp_plus_20pct_ridge,29.178351093662368,-7.367107006068122,36.54545809973049,36.54545809973049
2010,house,63,a_poll_post2016_ramp_plus_20pct_ridge,-27.659301130524156,-5.53170039726182,-22.127600733262337,22.127600733262337
2010,house,73,a_poll_post2016_ramp_plus_20pct_ridge,1.9546422754040849,22.919136385186643,-20.96449410978256,20.96449410978256
2010,house,75,a_poll_post2016_ramp_plus_20pct_ridge,-43.348471704852784,-13.6344884090875,-29.713983295765285,29.713983295765285
2010,house,80,a_poll_post2016_ramp_plus_20pct_ridge,9.311899627524015,-8.314251418808496,17.62615104633251,17.62615104633251
2010,house,81,a_poll_post2016_ramp_plus_20pct_ridge,-11.83781826957886,-30.022621664011226,18.184803394432365,18.184803394432365
2010,house,84,a_poll_post2016_ramp_plus_20pct_ridge,30.306336550566517,20.054392781664312,10.251943768902205,10.251943768902205
2010,house,85,a_poll_post2016_ramp_plus_20pct_ridge,3.2917667105568893,-20.321647336421965,23.613414046978853,23.613414046978853
2010,house,86,a_poll_post2016_ramp_plus_20pct_ridge,-16.068939297934357,-39.34713651105268,23.278197213118325,23.278197213118325
2010,house,90,a_poll_post2016_ramp_plus_20pct_ridge,18.857545839210157,-14.303205652428865,33.16075149163902,33.16075149163902
2010,house,91,a_poll_post2016_ramp_plus_20pct_ridge,-28.87626346039506,-42.86649005521402,13.990226594818964,13.990226594818964
2010,house,92,a_poll_post2016_ramp_plus_20pct_ridge,-37.70856507230256,-49.10284557054018,11.39428049823762,11.39428049823762
2010,house,93,a_poll_post2016_ramp_plus_20pct_ridge,-55.4708245387077,-37.56377163445742,-17.907052904250286,17.907052904250286
2010,house,98,a_poll_post2016_ramp_plus_20pct_ridge,35.48903794173591,22.648067189440255,12.840970752295654,12.840970752295654
2010,senate,1,a_poll_post2016_ramp_plus_20pct_ridge,11.852137824534312,-20.044716721500652,31.896854546034966,31.896854546034966
2010,senate,2,a_poll_post2016_ramp_plus_20pct_ridge,-17.80431295669221,-25.486850830832978,7.682537874140767,7.682537874140767
2010,senate,4,a_poll_post2016_ramp_plus_20pct_ridge,-15.529602741579112,-49.585704259135284,34.05610151755617,34.05610151755617
2010,senate,5,a_poll_post2016_ramp_plus_20pct_ridge,-46.566622186248985,-26.01777486273269,-20.548847323516295,20.548847323516295
2010,senate,6,a_poll_post2016_ramp_plus_20pct_ridge,6.820974424917845,-41.07402423370472,47.89499865862256,47.89499865862256
2010,senate,7,a_poll_post2016_ramp_plus_20pct_ridge,-9.780724562315823,5.335194655597106,-15.115919217912928,15.115919217912928
2010,senate,8,a_poll_post2016_ramp_plus_20pct_ridge,-1.445136512469534,-38.411462076547686,36.966325564078154,36.966325564078154
2010,senate,9,a_poll_post2016_ramp_plus_20pct_ridge,-37.75325574642036,-45.5366074371042,7.783351690683844,7.783351690683844
2010,senate,10,a_poll_post2016_ramp_plus_20pct_ridge,-7.398960432799406,-34.19622393845472,26.797263505655316,26.797263505655316
2010,senate,11,a_poll_post2016_ramp_plus_20pct_ridge,6.993100856352849,-14.951812786474008,21.944913642826858,21.944913642826858
2010,senate,12,a_poll_post2016_ramp_plus_20pct_ridge,-27.440639541820783,-40.09793778844514,12.657298246624354,12.657298246624354
2010,senate,13,a_poll_post2016_ramp_plus_20pct_ridge,-0.9585693955911178,-27.423277886998903,26.464708491407787,26.464708491407787
2010,senate,17,a_poll_post2016_ramp_plus_20pct_ridge,-62.41675392670157,-35.578560474522405,-26.838193452179162,26.838193452179162
2010,senate,21,a_poll_post2016_ramp_plus_20pct_ridge,-2.545145740190324,-7.349026502373196,4.803880762182872,4.803880762182872
2010,senate,22,a_poll_post2016_ramp_plus_20pct_ridge,10.835345675699848,-20.29888794208269,31.134233617782538,31.134233617782538
2010,senate,25,a_poll_post2016_ramp_plus_20pct_ridge,-45.917066586682665,1.7350289878940397,-47.652095574576705,47.652095574576705
2010,senate,27,a_poll_post2016_ramp_plus_20pct_ridge,-10.010357327809425,-16.50125737331331,6.490900045503887,6.490900045503887
2010,senate,28,a_poll_post2016_ramp_plus_20pct_ridge,40.76190007141274,19.9676810572497,20.79421901416304,20.79421901416304
2010,senate,30,a_poll_post2016_ramp_plus_20pct_ridge,-14.283180346769544,-24.669270789833355,10.38609044306381,10.38609044306381
2010,senate,33,a_poll_post2016_ramp_plus_20pct_ridge,46.8161718256475,22.257162437737527,24.559009387909974,24.559009387909974
2010,senate,35,a_poll_post2016_ramp_plus_20pct_ridge,-18.262273901808783,1.4451507593017436,-19.707424661110526,19.707424661110526
2014,house,1,prior_presidential,-2.9316640584246216,-22.40513851295433,19.473474454529708,19.473474454529708
2014,house,2,prior_presidential,-24.20747188973522,-44.44224433738282,20.234772447647597,20.234772447647597
2014,house,3,prior_presidential,19.745318352059925,-15.703429039509375,35.4487473915693,35.4487473915693
2014,house,5,prior_presidential,-12.74106860575403,-45.84290048655296,33.10183188079893,33.10183188079893
2014,house,7,prior_presidential,-4.464516129032258,-36.64829963013969,32.18378350110743,32.18378350110743
2014,house,8,prior_presidential,-19.827998088867652,-35.24339874465325,15.415400655785596,15.415400655785596
2014,house,10,prior_presidential,-93.43782654127482,-26.33820283278245,-67.09962370849237,67.09962370849237
2014,house,16,prior_presidential,-50.63682809239404,-46.39907210193891,-4.237755990455128,4.237755990455128
2014,house,17,prior_presidential,-32.21109334231125,-61.93165085711569,29.72055751480444,29.72055751480444
2014,house,18,prior_presidential,19.015898392397197,-37.01666378972188,56.03256218211908,56.03256218211908
2014,house,21,prior_presidential,-34.82053482053482,-32.54055743324256,-2.2799773872922557,2.2799773872922557
2014,house,22,prior_presidential,-48.69074105767585,-42.49383046982575,-6.196910587850098,6.196910587850098
2014,house,23,prior_presidential,-14.057308970099667,-40.90614500979942,26.848836039699748,26.848836039699748
2014,house,24,prior_presidential,-22.639322336156933,-55.54328903231285,32.90396669615592,32.90396669615592
2014,house,27,prior_presidential,-18.05602429969625,-60.949000836598046,42.8929765369018,42.8929765369018
2014,house,28,prior_presidential,29.65530338999145,-20.397377634430136,50.05268102442159,50.05268102442159
2014,house,29,prior_presidential,-32.493778749717215,-52.98219912288667,20.488420373169454,20.488420373169454
2014,house,33,prior_presidential,-50.44630781714904,-17.55879434653261,-32.887513470616426,32.887513470616426
2014,house,37,prior_presidential,-3.758611668265457,-26.839755196746907,23.08114352848145,23.08114352848145
2014,house,39,prior_presidential,13.54819892081085,-55.96239217377857,69.51059109458942,69.51059109458942
2014,house,40,prior_presidential,-42.11881376942882,-38.16023632646706,-3.9585774429617615,3.9585774429617615
2014,house,47,prior_presidential,-45.609881626351005,9.8258264050526,-55.43570803140361,55.43570803140361
2014,house,52,prior_presidential,53.59545836837679,16.050300103542007,37.54515826483478,37.54515826483478
2014,house,53,prior_presidential,55.56385362210605,17.821625100064914,37.74222852204114,37.74222852204114
2014,house,56,prior_presidential,36.76975945017182,10.876100139181764,25.893659310990053,25.893659310990053
2014,house,69,prior_presidential,36.808386721025045,19.32391045271715,17.484476268307894,17.484476268307894
2014,house,79,prior_presidential,-18.463845000576637,-21.684900548640474,3.2210555480638376,3.2210555480638376
2014,house,80,prior_presidential,-35.46528377989052,-19.04271257734873,-16.42257120254179,16.42257120254179
2014,house,81,prior_presidential,-35.3871279043872,-35.8057023317318,0.41857442734460193,0.41857442734460193
2014,house,83,prior_presidential,31.27731302284929,10.977534845505764,20.299778177343526,20.299778177343526
2014,house,84,prior_presidential,26.10221727591816,6.082559941834683,20.019657334083476,20.019657334083476
2014,house,85,prior_presidential,25.833151818775868,-33.13191234781747,58.965064166593336,58.965064166593336
2014,house,89,prior_presidential,-0.7576449109995436,-20.33389056691644,19.576245655916896,19.576245655916896
2014,house,90,prior_presidential,-13.425381903642773,-28.20088651600749,14.775504612364717,14.775504612364717
2014,house,93,prior_presidential,-53.44190732034923,-39.73348790836276,-13.708419411986469,13.708419411986469
2014,house,98,prior_presidential,30.37194473963868,16.676825901657278,13.6951188379814,13.6951188379814
2014,house,103,prior_presidential,46.17489899648117,20.995528453614376,25.179370542866792,25.179370542866792
2014,senate,1,prior_presidential,-25.290301477402824,-36.25406554897974,10.963764071576914,10.963764071576914
2014,senate,4,prior_presidential,-47.21189591078067,-61.51361755655387,14.301721645773199,14.301721645773199
2014,senate,6,prior_presidential,-0.1902598324577595,-27.45295117932434,27.262691346866582,27.262691346866582
2014,senate,7,prior_presidential,-29.67655979816878,-11.057675737832948,-18.61888406033583,18.61888406033583
2014,senate,8,prior_presidential,-44.60093896713615,-45.6157400963311,1.0148011291949501,1.0148011291949501
2014,senate,10,prior_presidential,-3.458951003155325,-43.64012372572714,40.181172722571816,40.181172722571816
2014,senate,11,prior_presidential,-55.39154605578453,-48.3840118036284,-7.007534252156134,7.007534252156134
2014,senate,12,prior_presidential,-13.9290658265311,-31.870804457708605,17.941738631177508,17.941738631177508
2014,senate,13,prior_presidential,-23.30218526966375,-29.13072842938741,5.828543159723662,5.828543159723662
2014,senate,16,prior_presidential,-54.472259624632464,-27.32779737250237,-27.144462252130094,27.144462252130094
2014,senate,21,prior_presidential,-24.79282622139765,-28.03943036622692,3.24660414482927,3.24660414482927
2014,senate,22,prior_presidential,-34.879097102423906,-32.02479946640699,-2.8542976360169163,2.8542976360169163
2014,senate,27,prior_presidential,-31.326659152688457,-23.83255533233893,-7.494103820349526,7.494103820349526
2014,senate,28,prior_presidential,46.829316803129245,7.919424479938365,38.90989232319088,38.90989232319088
2014,senate,31,prior_presidential,-45.558956236392895,-43.8733747384632,-1.6855814979296966,1.6855814979296966
2014,senate,35,prior_presidential,-47.286345304397926,-26.260239362162142,-21.026105942235784,21.026105942235784
2014,house,1,oracle_post2016_environment,-2.9316640584246216,-22.40513851295433,19.473474454529708,19.473474454529708
2014,house,2,oracle_post2016_environment,-24.20747188973522,-44.44224433738282,20.234772447647597,20.234772447647597
2014,house,3,oracle_post2016_environment,19.745318352059925,-15.703429039509375,35.4487473915693,35.4487473915693
2014,house,5,oracle_post2016_environment,-12.74106860575403,-45.84290048655296,33.10183188079893,33.10183188079893
2014,house,7,oracle_post2016_environment,-4.464516129032258,-36.64829963013969,32.18378350110743,32.18378350110743
2014,house,8,oracle_post2016_environment,-19.827998088867652,-35.24339874465325,15.415400655785596,15.415400655785596
2014,house,10,oracle_post2016_environment,-93.43782654127482,-26.33820283278245,-67.09962370849237,67.09962370849237
2014,house,16,oracle_post2016_environment,-50.63682809239404,-46.39907210193891,-4.237755990455128,4.237755990455128
2014,house,17,oracle_post2016_environment,-32.21109334231125,-61.93165085711569,29.72055751480444,29.72055751480444
2014,house,18,oracle_post2016_environment,19.015898392397197,-37.01666378972188,56.03256218211908,56.03256218211908
2014,house,21,oracle_post2016_environment,-34.82053482053482,-32.54055743324256,-2.2799773872922557,2.2799773872922557
2014,house,22,oracle_post2016_environment,-48.69074105767585,-42.49383046982575,-6.196910587850098,6.196910587850098
2014,house,23,oracle_post2016_environment,-14.057308970099667,-40.90614500979942,26.848836039699748,26.848836039699748
2014,house,24,oracle_post2016_environment,-22.639322336156933,-55.54328903231285,32.90396669615592,32.90396669615592
2014,house,27,oracle_post2016_environment,-18.05602429969625,-60.949000836598046,42.8929765369018,42.8929765369018
2014,house,28,oracle_post2016_environment,29.65530338999145,-20.397377634430136,50.05268102442159,50.05268102442159
2014,house,29,oracle_post2016_environment,-32.493778749717215,-52.98219912288667,20.488420373169454,20.488420373169454
2014,house,33,oracle_post2016_environment,-50.44630781714904,-17.55879434653261,-32.887513470616426,32.887513470616426
2014,house,37,oracle_post2016_environment,-3.758611668265457,-26.839755196746907,23.08114352848145,23.08114352848145
2014,house,39,oracle_post2016_environment,13.54819892081085,-55.96239217377857,69.51059109458942,69.51059109458942
2014,house,40,oracle_post2016_environment,-42.11881376942882,-38.16023632646706,-3.9585774429617615,3.9585774429617615
2014,house,47,oracle_post2016_environment,-45.609881626351005,9.8258264050526,-55.43570803140361,55.43570803140361
2014,house,52,oracle_post2016_environment,53.59545836837679,16.050300103542007,37.54515826483478,37.54515826483478
2014,house,53,oracle_post2016_environment,55.56385362210605,17.821625100064914,37.74222852204114,37.74222852204114
2014,house,56,oracle_post2016_environment,36.76975945017182,10.876100139181764,25.893659310990053,25.893659310990053
2014,house,69,oracle_post2016_environment,36.808386721025045,19.32391045271715,17.484476268307894,17.484476268307894
2014,house,79,oracle_post2016_environment,-18.463845000576637,-21.684900548640474,3.2210555480638376,3.2210555480638376
2014,house,80,oracle_post2016_environment,-35.46528377989052,-19.04271257734873,-16.42257120254179,16.42257120254179
2014,house,81,oracle_post2016_environment,-35.3871279043872,-35.8057023317318,0.41857442734460193,0.41857442734460193
2014,house,83,oracle_post2016_environment,31.27731302284929,10.977534845505764,20.299778177343526,20.299778177343526
2014,house,84,oracle_post2016_environment,26.10221727591816,6.082559941834683,20.019657334083476,20.019657334083476
2014,house,85,oracle_post2016_environment,25.833151818775868,-33.13191234781747,58.965064166593336,58.965064166593336
2014,house,89,oracle_post2016_environment,-0.7576449109995436,-20.33389056691644,19.576245655916896,19.576245655916896
2014,house,90,oracle_post2016_environment,-13.425381903642773,-28.20088651600749,14.775504612364717,14.775504612364717
2014,house,93,oracle_post2016_environment,-53.44190732034923,-39.73348790836276,-13.708419411986469,13.708419411986469
2014,house,98,oracle_post2016_environment,30.37194473963868,16.676825901657278,13.6951188379814,13.6951188379814
2014,house,103,oracle_post2016_environment,46.17489899648117,20.995528453614376,25.179370542866792,25.179370542866792
2014,senate,1,oracle_post2016_environment,-25.290301477402824,-36.25406554897974,10.963764071576914,10.963764071576914
2014,senate,4,oracle_post2016_environment,-47.21189591078067,-61.51361755655387,14.301721645773199,14.301721645773199
2014,senate,6,oracle_post2016_environment,-0.1902598324577595,-27.45295117932434,27.262691346866582,27.262691346866582
2014,senate,7,oracle_post2016_environment,-29.67655979816878,-11.057675737832948,-18.61888406033583,18.61888406033583
2014,senate,8,oracle_post2016_environment,-44.60093896713615,-45.6157400963311,1.0148011291949501,1.0148011291949501
2014,senate,10,oracle_post2016_environment,-3.458951003155325,-43.64012372572714,40.181172722571816,40.181172722571816
2014,senate,11,oracle_post2016_environment,-55.39154605578453,-48.3840118036284,-7.007534252156134,7.007534252156134
2014,senate,12,oracle_post2016_environment,-13.9290658265311,-31.870804457708605,17.941738631177508,17.941738631177508
2014,senate,13,oracle_post2016_environment,-23.30218526966375,-29.13072842938741,5.828543159723662,5.828543159723662
2014,senate,16,oracle_post2016_environment,-54.472259624632464,-27.32779737250237,-27.144462252130094,27.144462252130094
2014,senate,21,oracle_post2016_environment,-24.79282622139765,-28.03943036622692,3.24660414482927,3.24660414482927
2014,senate,22,oracle_post2016_environment,-34.879097102423906,-32.02479946640699,-2.8542976360169163,2.8542976360169163
2014,senate,27,oracle_post2016_environment,-31.326659152688457,-23.83255533233893,-7.494103820349526,7.494103820349526
2014,senate,28,oracle_post2016_environment,46.829316803129245,7.919424479938365,38.90989232319088,38.90989232319088
2014,senate,31,oracle_post2016_environment,-45.558956236392895,-43.8733747384632,-1.6855814979296966,1.6855814979296966
2014,senate,35,oracle_post2016_environment,-47.286345304397926,-26.260239362162142,-21.026105942235784,21.026105942235784
2014,house,1,a_poll_full_transfer,-2.9316640584246216,-28.008266252216423,25.0766021937918,25.0766021937918
2014,house,2,a_poll_full_transfer,-24.20747188973522,-50.04537207664491,25.83790018690969,25.83790018690969
2014,house,3,a_poll_full_transfer,19.745318352059925,-21.306556778771466,41.05187513083139,41.05187513083139
2014,house,5,a_poll_full_transfer,-12.74106860575403,-51.446028225815056,38.704959620061025,38.704959620061025
2014,house,7,a_poll_full_transfer,-4.464516129032258,-42.25142736940178,37.78691124036952,37.78691124036952
2014,house,8,a_poll_full_transfer,-19.827998088867652,-40.84652648391534,21.01852839504769,21.01852839504769
2014,house,10,a_poll_full_transfer,-93.43782654127482,-31.941330572044542,-61.496495969230274,61.496495969230274
2014,house,16,a_poll_full_transfer,-50.63682809239404,-52.002199841201005,1.3653717488069645,1.3653717488069645
2014,house,17,a_poll_full_transfer,-32.21109334231125,-67.53477859637778,35.323685254066525,35.323685254066525
2014,house,18,a_poll_full_transfer,19.015898392397197,-42.619791528983974,61.63568992138117,61.63568992138117
2014,house,21,a_poll_full_transfer,-34.82053482053482,-38.143685172504654,3.3231503519698364,3.3231503519698364
2014,house,22,a_poll_full_transfer,-48.69074105767585,-48.096958209087845,-0.5937828485880061,0.5937828485880061
2014,house,23,a_poll_full_transfer,-14.057308970099667,-46.50927274906151,32.45196377896184,32.45196377896184
2014,house,24,a_poll_full_transfer,-22.639322336156933,-61.14641677157494,38.50709443541801,38.50709443541801
2014,house,27,a_poll_full_transfer,-18.05602429969625,-66.55212857586014,48.49610427616389,48.49610427616389
2014,house,28,a_poll_full_transfer,29.65530338999145,-26.000505373692228,55.65580876368368,55.65580876368368
2014,house,29,a_poll_full_transfer,-32.493778749717215,-58.58532686214876,26.091548112431546,26.091548112431546
2014,house,33,a_poll_full_transfer,-50.44630781714904,-23.161922085794703,-27.284385731354337,27.284385731354337
2014,house,37,a_poll_full_transfer,-3.758611668265457,-32.442882936009,28.684271267743544,28.684271267743544
2014,house,39,a_poll_full_transfer,13.54819892081085,-61.56551991304066,75.11371883385151,75.11371883385151
2014,house,40,a_poll_full_transfer,-42.11881376942882,-43.76336406572915,1.6445502963003307,1.6445502963003307
2014,house,47,a_poll_full_transfer,-45.609881626351005,4.222698665790508,-49.832580292141515,49.832580292141515
2014,house,52,a_poll_full_transfer,53.59545836837679,10.447172364279915,43.148286004096875,43.148286004096875
2014,house,53,a_poll_full_transfer,55.56385362210605,12.218497360802822,43.34535626130323,43.34535626130323
2014,house,56,a_poll_full_transfer,36.76975945017182,5.272972399919672,31.496787050252145,31.496787050252145
2014,house,69,a_poll_full_transfer,36.808386721025045,13.720782713455058,23.087604007569986,23.087604007569986
2014,house,79,a_poll_full_transfer,-18.463845000576637,-27.288028287902566,8.82418328732593,8.82418328732593
2014,house,80,a_poll_full_transfer,-35.46528377989052,-24.645840316610823,-10.819443463279697,10.819443463279697
2014,house,81,a_poll_full_transfer,-35.3871279043872,-41.40883007099389,6.021702166606694,6.021702166606694
2014,house,83,a_poll_full_transfer,31.27731302284929,5.374407106243671,25.90290591660562,25.90290591660562
2014,house,84,a_poll_full_transfer,26.10221727591816,0.4794322025725908,25.622785073345568,25.622785073345568
2014,house,85,a_poll_full_transfer,25.833151818775868,-38.73504008707956,64.56819190585543,64.56819190585543
2014,house,89,a_poll_full_transfer,-0.7576449109995436,-25.937018306178533,25.179373395178988,25.179373395178988
2014,house,90,a_poll_full_transfer,-13.425381903642773,-33.80401425526958,20.378632351626806,20.378632351626806
2014,house,93,a_poll_full_transfer,-53.44190732034923,-45.33661564762485,-8.105291672724377,8.105291672724377
2014,house,98,a_poll_full_transfer,30.37194473963868,11.073698162395186,19.298246577243493,19.298246577243493
2014,house,103,a_poll_full_transfer,46.17489899648117,15.392400714352284,30.782498282128884,30.782498282128884
2014,senate,1,a_poll_full_transfer,-25.290301477402824,-41.85719328824183,16.566891810839007,16.566891810839007
2014,senate,4,a_poll_full_transfer,-47.21189591078067,-67.11674529581596,19.90484938503529,19.90484938503529
2014,senate,6,a_poll_full_transfer,-0.1902598324577595,-33.05607891858644,32.865819086128674,32.865819086128674
2014,senate,7,a_poll_full_transfer,-29.67655979816878,-16.66080347709504,-13.015756321073738,13.015756321073738
2014,senate,8,a_poll_full_transfer,-44.60093896713615,-51.218867835593194,6.617928868457042,6.617928868457042
2014,senate,10,a_poll_full_transfer,-3.458951003155325,-49.243251464989235,45.78430046183391,45.78430046183391
2014,senate,11,a_poll_full_transfer,-55.39154605578453,-53.98713954289049,-1.4044065128940417,1.4044065128940417
2014,senate,12,a_poll_full_transfer,-13.9290658265311,-37.473932196970694,23.544866370439593,23.544866370439593
2014,senate,13,a_poll_full_transfer,-23.30218526966375,-34.7338561686495,11.431670898985754,11.431670898985754
2014,senate,16,a_poll_full_transfer,-54.472259624632464,-32.930925111764466,-21.541334512867998,21.541334512867998
2014,senate,21,a_poll_full_transfer,-24.79282622139765,-33.642558105489016,8.849731884091366,8.849731884091366
2014,senate,22,a_poll_full_transfer,-34.879097102423906,-37.62792720566908,2.748830103245176,2.748830103245176
2014,senate,27,a_poll_full_transfer,-31.326659152688457,-29.435683071601023,-1.8909760810874339,1.8909760810874339
2014,senate,28,a_poll_full_transfer,46.829316803129245,2.3162967406762727,44.51302006245297,44.51302006245297
2014,senate,31,a_poll_full_transfer,-45.558956236392895,-49.47650247772529,3.9175462413323956,3.9175462413323956
2014,senate,35,a_poll_full_transfer,-47.286345304397926,-31.863367101424235,-15.422978202973692,15.422978202973692
2014,house,1,a_poll_two_step_transfer,-2.9316640584246216,-25.206702382585377,22.275038324160754,22.275038324160754
2014,house,2,a_poll_two_step_transfer,-24.20747188973522,-47.24380820701386,23.036336317278643,23.036336317278643
2014,house,3,a_poll_two_step_transfer,19.745318352059925,-18.50499290914042,38.250311261200345,38.250311261200345
2014,house,5,a_poll_two_step_transfer,-12.74106860575403,-48.64446435618401,35.90339575042998,35.90339575042998
2014,house,7,a_poll_two_step_transfer,-4.464516129032258,-39.449863499770736,34.98534737073848,34.98534737073848
2014,house,8,a_poll_two_step_transfer,-19.827998088867652,-38.044962614284294,18.216964525416643,18.216964525416643
2014,house,10,a_poll_two_step_transfer,-93.43782654127482,-29.139766702413496,-64.29805983886132,64.29805983886132
2014,house,16,a_poll_two_step_transfer,-50.63682809239404,-49.20063597156996,-1.4361921208240815,1.4361921208240815
2014,house,17,a_poll_two_step_transfer,-32.21109334231125,-64.73321472674674,32.522121384435486,32.522121384435486
2014,house,18,a_poll_two_step_transfer,19.015898392397197,-39.81822765935293,58.834126051750125,58.834126051750125
2014,house,21,a_poll_two_step_transfer,-34.82053482053482,-35.34212130287361,0.5215864823387903,0.5215864823387903
2014,house,22,a_poll_two_step_transfer,-48.69074105767585,-45.2953943394568,-3.395346718219052,3.395346718219052
2014,house,23,a_poll_two_step_transfer,-14.057308970099667,-43.70770887943046,29.650399909330794,29.650399909330794
2014,house,24,a_poll_two_step_transfer,-22.639322336156933,-58.344852901943895,35.70553056578696,35.70553056578696
2014,house,27,a_poll_two_step_transfer,-18.05602429969625,-63.75056470622909,45.69454040653284,45.69454040653284
2014,house,28,a_poll_two_step_transfer,29.65530338999145,-23.19894150406118,52.85424489405263,52.85424489405263
2014,house,29,a_poll_two_step_transfer,-32.493778749717215,-55.783762992517715,23.2899842428005,23.2899842428005
2014,house,33,a_poll_two_step_transfer,-50.44630781714904,-20.360358216163657,-30.085949600985384,30.085949600985384
2014,house,37,a_poll_two_step_transfer,-3.758611668265457,-29.641319066377953,25.882707398112498,25.882707398112498
2014,house,39,a_poll_two_step_transfer,13.54819892081085,-58.763956043409614,72.31215496422047,72.31215496422047
2014,house,40,a_poll_two_step_transfer,-42.11881376942882,-40.9618001960981,-1.1570135733307154,1.1570135733307154
2014,house,47,a_poll_two_step_transfer,-45.609881626351005,7.024262535421554,-52.63414416177256,52.63414416177256
2014,house,52,a_poll_two_step_transfer,53.59545836837679,13.248736233910961,40.34672213446583,40.34672213446583
2014,house,53,a_poll_two_step_transfer,55.56385362210605,15.020061230433868,40.543792391672184,40.543792391672184
2014,house,56,a_poll_two_step_transfer,36.76975945017182,8.074536269550718,28.6952231806211,28.6952231806211
2014,house,69,a_poll_two_step_transfer,36.808386721025045,16.522346583086104,20.28604013793894,20.28604013793894
2014,house,79,a_poll_two_step_transfer,-18.463845000576637,-24.48646441827152,6.022619417694884,6.022619417694884
2014,house,80,a_poll_two_step_transfer,-35.46528377989052,-21.844276446979777,-13.621007332910743,13.621007332910743
2014,house,81,a_poll_two_step_transfer,-35.3871279043872,-38.60726620136285,3.220138296975648,3.220138296975648
2014,house,83,a_poll_two_step_transfer,31.27731302284929,8.175970975874717,23.101342046974572,23.101342046974572
2014,house,84,a_poll_two_step_transfer,26.10221727591816,3.280996072203637,22.821221203714522,22.821221203714522
2014,house,85,a_poll_two_step_transfer,25.833151818775868,-35.933476217448515,61.76662803622438,61.76662803622438
2014,house,89,a_poll_two_step_transfer,-0.7576449109995436,-23.135454436547487,22.377809525547942,22.377809525547942
2014,house,90,a_poll_two_step_transfer,-13.425381903642773,-31.002450385638536,17.577068481995763,17.577068481995763
2014,house,93,a_poll_two_step_transfer,-53.44190732034923,-42.53505177799381,-10.906855542355423,10.906855542355423
2014,house,98,a_poll_two_step_transfer,30.37194473963868,13.875262032026232,16.496682707612447,16.496682707612447
2014,house,103,a_poll_two_step_transfer,46.17489899648117,18.19396458398333,27.980934412497838,27.980934412497838
2014,senate,1,a_poll_two_step_transfer,-25.290301477402824,-39.055629418610785,13.76532794120796,13.76532794120796
2014,senate,4,a_poll_two_step_transfer,-47.21189591078067,-64.31518142618492,17.103285515404252,17.103285515404252
2014,senate,6,a_poll_two_step_transfer,-0.1902598324577595,-30.254515048955387,30.064255216497628,30.064255216497628
2014,senate,7,a_poll_two_step_transfer,-29.67655979816878,-13.859239607463994,-15.817320190704784,15.817320190704784
2014,senate,8,a_poll_two_step_transfer,-44.60093896713615,-48.41730396596215,3.8163649988259962,3.8163649988259962
2014,senate,10,a_poll_two_step_transfer,-3.458951003155325,-46.44168759535819,42.98273659220286,42.98273659220286
2014,senate,11,a_poll_two_step_transfer,-55.39154605578453,-51.18557567325944,-4.205970382525088,4.205970382525088
2014,senate,12,a_poll_two_step_transfer,-13.9290658265311,-34.672368327339655,20.743302500808554,20.743302500808554
2014,senate,13,a_poll_two_step_transfer,-23.30218526966375,-31.932292299018457,8.630107029354708,8.630107029354708
2014,senate,16,a_poll_two_step_transfer,-54.472259624632464,-30.129361242133417,-24.342898382499047,24.342898382499047
2014,senate,21,a_poll_two_step_transfer,-24.79282622139765,-30.840994235857966,6.048168014460316,6.048168014460316
2014,senate,22,a_poll_two_step_transfer,-34.879097102423906,-34.826363336038035,-0.05273376638587024,0.05273376638587024
2014,senate,27,a_poll_two_step_transfer,-31.326659152688457,-26.634119201969977,-4.69253995071848,4.69253995071848
2014,senate,28,a_poll_two_step_transfer,46.829316803129245,5.117860610307319,41.71145619282193,41.71145619282193
2014,senate,31,a_poll_two_step_transfer,-45.558956236392895,-46.674938608094244,1.1159823717013495,1.1159823717013495
2014,senate,35,a_poll_two_step_transfer,-47.286345304397926,-29.06180323179319,-18.224542072604738,18.224542072604738
2014,house,1,a_poll_post2016_ramp,-2.9316640584246216,-22.40513851295433,19.473474454529708,19.473474454529708
2014,house,2,a_poll_post2016_ramp,-24.20747188973522,-44.44224433738282,20.234772447647597,20.234772447647597
2014,house,3,a_poll_post2016_ramp,19.745318352059925,-15.703429039509375,35.4487473915693,35.4487473915693
2014,house,5,a_poll_post2016_ramp,-12.74106860575403,-45.84290048655296,33.10183188079893,33.10183188079893
2014,house,7,a_poll_post2016_ramp,-4.464516129032258,-36.64829963013969,32.18378350110743,32.18378350110743
2014,house,8,a_poll_post2016_ramp,-19.827998088867652,-35.24339874465325,15.415400655785596,15.415400655785596
2014,house,10,a_poll_post2016_ramp,-93.43782654127482,-26.33820283278245,-67.09962370849237,67.09962370849237
2014,house,16,a_poll_post2016_ramp,-50.63682809239404,-46.39907210193891,-4.237755990455128,4.237755990455128
2014,house,17,a_poll_post2016_ramp,-32.21109334231125,-61.93165085711569,29.72055751480444,29.72055751480444
2014,house,18,a_poll_post2016_ramp,19.015898392397197,-37.01666378972188,56.03256218211908,56.03256218211908
2014,house,21,a_poll_post2016_ramp,-34.82053482053482,-32.54055743324256,-2.2799773872922557,2.2799773872922557
2014,house,22,a_poll_post2016_ramp,-48.69074105767585,-42.49383046982575,-6.196910587850098,6.196910587850098
2014,house,23,a_poll_post2016_ramp,-14.057308970099667,-40.90614500979942,26.848836039699748,26.848836039699748
2014,house,24,a_poll_post2016_ramp,-22.639322336156933,-55.54328903231285,32.90396669615592,32.90396669615592
2014,house,27,a_poll_post2016_ramp,-18.05602429969625,-60.949000836598046,42.8929765369018,42.8929765369018
2014,house,28,a_poll_post2016_ramp,29.65530338999145,-20.397377634430136,50.05268102442159,50.05268102442159
2014,house,29,a_poll_post2016_ramp,-32.493778749717215,-52.98219912288667,20.488420373169454,20.488420373169454
2014,house,33,a_poll_post2016_ramp,-50.44630781714904,-17.55879434653261,-32.887513470616426,32.887513470616426
2014,house,37,a_poll_post2016_ramp,-3.758611668265457,-26.839755196746907,23.08114352848145,23.08114352848145
2014,house,39,a_poll_post2016_ramp,13.54819892081085,-55.96239217377857,69.51059109458942,69.51059109458942
2014,house,40,a_poll_post2016_ramp,-42.11881376942882,-38.16023632646706,-3.9585774429617615,3.9585774429617615
2014,house,47,a_poll_post2016_ramp,-45.609881626351005,9.8258264050526,-55.43570803140361,55.43570803140361
2014,house,52,a_poll_post2016_ramp,53.59545836837679,16.050300103542007,37.54515826483478,37.54515826483478
2014,house,53,a_poll_post2016_ramp,55.56385362210605,17.821625100064914,37.74222852204114,37.74222852204114
2014,house,56,a_poll_post2016_ramp,36.76975945017182,10.876100139181764,25.893659310990053,25.893659310990053
2014,house,69,a_poll_post2016_ramp,36.808386721025045,19.32391045271715,17.484476268307894,17.484476268307894
2014,house,79,a_poll_post2016_ramp,-18.463845000576637,-21.684900548640474,3.2210555480638376,3.2210555480638376
2014,house,80,a_poll_post2016_ramp,-35.46528377989052,-19.04271257734873,-16.42257120254179,16.42257120254179
2014,house,81,a_poll_post2016_ramp,-35.3871279043872,-35.8057023317318,0.41857442734460193,0.41857442734460193
2014,house,83,a_poll_post2016_ramp,31.27731302284929,10.977534845505764,20.299778177343526,20.299778177343526
2014,house,84,a_poll_post2016_ramp,26.10221727591816,6.082559941834683,20.019657334083476,20.019657334083476
2014,house,85,a_poll_post2016_ramp,25.833151818775868,-33.13191234781747,58.965064166593336,58.965064166593336
2014,house,89,a_poll_post2016_ramp,-0.7576449109995436,-20.33389056691644,19.576245655916896,19.576245655916896
2014,house,90,a_poll_post2016_ramp,-13.425381903642773,-28.20088651600749,14.775504612364717,14.775504612364717
2014,house,93,a_poll_post2016_ramp,-53.44190732034923,-39.73348790836276,-13.708419411986469,13.708419411986469
2014,house,98,a_poll_post2016_ramp,30.37194473963868,16.676825901657278,13.6951188379814,13.6951188379814
2014,house,103,a_poll_post2016_ramp,46.17489899648117,20.995528453614376,25.179370542866792,25.179370542866792
2014,senate,1,a_poll_post2016_ramp,-25.290301477402824,-36.25406554897974,10.963764071576914,10.963764071576914
2014,senate,4,a_poll_post2016_ramp,-47.21189591078067,-61.51361755655387,14.301721645773199,14.301721645773199
2014,senate,6,a_poll_post2016_ramp,-0.1902598324577595,-27.45295117932434,27.262691346866582,27.262691346866582
2014,senate,7,a_poll_post2016_ramp,-29.67655979816878,-11.057675737832948,-18.61888406033583,18.61888406033583
2014,senate,8,a_poll_post2016_ramp,-44.60093896713615,-45.6157400963311,1.0148011291949501,1.0148011291949501
2014,senate,10,a_poll_post2016_ramp,-3.458951003155325,-43.64012372572714,40.181172722571816,40.181172722571816
2014,senate,11,a_poll_post2016_ramp,-55.39154605578453,-48.3840118036284,-7.007534252156134,7.007534252156134
2014,senate,12,a_poll_post2016_ramp,-13.9290658265311,-31.870804457708605,17.941738631177508,17.941738631177508
2014,senate,13,a_poll_post2016_ramp,-23.30218526966375,-29.13072842938741,5.828543159723662,5.828543159723662
2014,senate,16,a_poll_post2016_ramp,-54.472259624632464,-27.32779737250237,-27.144462252130094,27.144462252130094
2014,senate,21,a_poll_post2016_ramp,-24.79282622139765,-28.03943036622692,3.24660414482927,3.24660414482927
2014,senate,22,a_poll_post2016_ramp,-34.879097102423906,-32.02479946640699,-2.8542976360169163,2.8542976360169163
2014,senate,27,a_poll_post2016_ramp,-31.326659152688457,-23.83255533233893,-7.494103820349526,7.494103820349526
2014,senate,28,a_poll_post2016_ramp,46.829316803129245,7.919424479938365,38.90989232319088,38.90989232319088
2014,senate,31,a_poll_post2016_ramp,-45.558956236392895,-43.8733747384632,-1.6855814979296966,1.6855814979296966
2014,senate,35,a_poll_post2016_ramp,-47.286345304397926,-26.260239362162142,-21.026105942235784,21.026105942235784
2014,house,1,a_poll_post2016_ramp_plus_20pct_ridge,-2.9316640584246216,-16.730893620861494,13.799229562436873,13.799229562436873
2014,house,2,a_poll_post2016_ramp_plus_20pct_ridge,-24.20747188973522,-40.17201682214291,15.964544932407687,15.964544932407687
2014,house,3,a_poll_post2016_ramp_plus_20pct_ridge,19.745318352059925,-10.01929959070752,29.764617942767444,29.764617942767444
2014,house,5,a_poll_post2016_ramp_plus_20pct_ridge,-12.74106860575403,-42.4221224023773,29.681053796623267,29.681053796623267
2014,house,7,a_poll_post2016_ramp_plus_20pct_ridge,-4.464516129032258,-32.006353177592246,27.541837048559987,27.541837048559987
2014,house,8,a_poll_post2016_ramp_plus_20pct_ridge,-19.827998088867652,-32.01074514997946,12.182747061111812,12.182747061111812
2014,house,10,a_poll_post2016_ramp_plus_20pct_ridge,-93.43782654127482,-22.768815949366093,-70.66901059190872,70.66901059190872
2014,house,16,a_poll_post2016_ramp_plus_20pct_ridge,-50.63682809239404,-40.08806923111197,-10.548758861282067,10.548758861282067
2014,house,17,a_poll_post2016_ramp_plus_20pct_ridge,-32.21109334231125,-57.256071040531225,25.044977698219974,25.044977698219974
2014,house,18,a_poll_post2016_ramp_plus_20pct_ridge,19.015898392397197,-30.68015516404003,49.69605355643723,49.69605355643723
2014,house,21,a_poll_post2016_ramp_plus_20pct_ridge,-34.82053482053482,-28.758311548673355,-6.062223271861463,6.062223271861463
2014,house,22,a_poll_post2016_ramp_plus_20pct_ridge,-48.69074105767585,-38.52980280235761,-10.160938255318243,10.160938255318243
2014,house,23,a_poll_post2016_ramp_plus_20pct_ridge,-14.057308970099667,-35.36709340754791,21.309784437448243,21.309784437448243
2014,house,24,a_poll_post2016_ramp_plus_20pct_ridge,-22.639322336156933,-50.0616264138728,27.422304077715868,27.422304077715868
2014,house,27,a_poll_post2016_ramp_plus_20pct_ridge,-18.05602429969625,-55.63408588449556,37.578061584799315,37.578061584799315
2014,house,28,a_poll_post2016_ramp_plus_20pct_ridge,29.65530338999145,-14.257643529019877,43.912946919011326,43.912946919011326
2014,house,29,a_poll_post2016_ramp_plus_20pct_ridge,-32.493778749717215,-48.57917652460575,16.085397774888534,16.085397774888534
2014,house,33,a_poll_post2016_ramp_plus_20pct_ridge,-50.44630781714904,-12.968162486841091,-37.47814533030795,37.47814533030795
2014,house,37,a_poll_post2016_ramp_plus_20pct_ridge,-3.758611668265457,-21.397433545139762,17.638821876874307,17.638821876874307
2014,house,39,a_poll_post2016_ramp_plus_20pct_ridge,13.54819892081085,-49.61232872258516,63.16052764339601,63.16052764339601
2014,house,40,a_poll_post2016_ramp_plus_20pct_ridge,-42.11881376942882,-32.90928231980554,-9.209531449623277,9.209531449623277
2014,house,47,a_poll_post2016_ramp_plus_20pct_ridge,-45.609881626351005,11.64526715722139,-57.255148783572395,57.255148783572395
2014,house,52,a_poll_post2016_ramp_plus_20pct_ridge,53.59545836837679,20.833263861830687,32.7621945065461,32.7621945065461
2014,house,53,a_poll_post2016_ramp_plus_20pct_ridge,55.56385362210605,23.061833920994836,32.502019701111216,32.502019701111216
2014,house,56,a_poll_post2016_ramp_plus_20pct_ridge,36.76975945017182,15.863407870675585,20.90635157949623,20.90635157949623
2014,house,69,a_poll_post2016_ramp_plus_20pct_ridge,36.808386721025045,23.938630800802212,12.869755920222833,12.869755920222833
2014,house,79,a_poll_post2016_ramp_plus_20pct_ridge,-18.463845000576637,-18.725371392529176,0.2615263919525397,0.2615263919525397
2014,house,80,a_poll_post2016_ramp_plus_20pct_ridge,-35.46528377989052,-16.098011634187543,-19.367272145702977,19.367272145702977
2014,house,81,a_poll_post2016_ramp_plus_20pct_ridge,-35.3871279043872,-32.24718772396424,-3.139940180422961,3.139940180422961
2014,house,83,a_poll_post2016_ramp_plus_20pct_ridge,31.27731302284929,16.384103815348592,14.8932092075007,14.8932092075007
2014,house,84,a_poll_post2016_ramp_plus_20pct_ridge,26.10221727591816,11.778613720860255,14.323603555057906,14.323603555057906
2014,house,85,a_poll_post2016_ramp_plus_20pct_ridge,25.833151818775868,-27.437567819929836,53.2707196387057,53.2707196387057
2014,house,89,a_poll_post2016_ramp_plus_20pct_ridge,-0.7576449109995436,-17.632584859516253,16.874939948516708,16.874939948516708
2014,house,90,a_poll_post2016_ramp_plus_20pct_ridge,-13.425381903642773,-22.832526297607405,9.407144393964632,9.407144393964632
2014,house,93,a_poll_post2016_ramp_plus_20pct_ridge,-53.44190732034923,-36.619584931448124,-16.822322388901107,16.822322388901107
2014,house,98,a_poll_post2016_ramp_plus_20pct_ridge,30.37194473963868,22.582070250473656,7.7898744891650225,7.7898744891650225
2014,house,103,a_poll_post2016_ramp_plus_20pct_ridge,46.17489899648117,25.998771354886102,20.176127641595066,20.176127641595066
2014,senate,1,a_poll_post2016_ramp_plus_20pct_ridge,-25.290301477402824,-31.044210343456637,5.753908866053813,5.753908866053813
2014,senate,4,a_poll_post2016_ramp_plus_20pct_ridge,-47.21189591078067,-56.91615616962083,9.704260258840158,9.704260258840158
2014,senate,6,a_poll_post2016_ramp_plus_20pct_ridge,-0.1902598324577595,-21.250273930695357,21.0600140982376,21.0600140982376
2014,senate,7,a_poll_post2016_ramp_plus_20pct_ridge,-29.67655979816878,-8.76711801447179,-20.909441783696987,20.909441783696987
2014,senate,8,a_poll_post2016_ramp_plus_20pct_ridge,-44.60093896713615,-40.301802522827145,-4.299136444309006,4.299136444309006
2014,senate,10,a_poll_post2016_ramp_plus_20pct_ridge,-3.458951003155325,-39.11298325855387,35.65403225539854,35.65403225539854
2014,senate,11,a_poll_post2016_ramp_plus_20pct_ridge,-55.39154605578453,-43.05538721530203,-12.336158840482504,12.336158840482504
2014,senate,12,a_poll_post2016_ramp_plus_20pct_ridge,-13.9290658265311,-28.360051564439296,14.430985737908196,14.430985737908196
2014,senate,13,a_poll_post2016_ramp_plus_20pct_ridge,-23.30218526966375,-25.724651414376673,2.4224661447129243,2.4224661447129243
2014,senate,16,a_poll_post2016_ramp_plus_20pct_ridge,-54.472259624632464,-24.137360653190747,-30.334898971441717,30.334898971441717
2014,senate,21,a_poll_post2016_ramp_plus_20pct_ridge,-24.79282622139765,-24.861387357889605,0.0685611364919545,0.0685611364919545
2014,senate,22,a_poll_post2016_ramp_plus_20pct_ridge,-34.879097102423906,-26.656860497447564,-8.222236604976342,8.222236604976342
2014,senate,27,a_poll_post2016_ramp_plus_20pct_ridge,-31.326659152688457,-19.91256824819883,-11.414090904489626,11.414090904489626
2014,senate,28,a_poll_post2016_ramp_plus_20pct_ridge,46.829316803129245,14.027821041213933,32.80149576191531,32.80149576191531
2014,senate,31,a_poll_post2016_ramp_plus_20pct_ridge,-45.558956236392895,-41.06717207659744,-4.491784159795458,4.491784159795458
2014,senate,35,a_poll_post2016_ramp_plus_20pct_ridge,-47.286345304397926,-21.09651790659457,-26.189827397803356,26.189827397803356
2018,house,2,prior_presidential,-46.25294051753109,-58.055711496625776,11.802770979094689,11.802770979094689
2018,house,3,prior_presidential,-5.047809650878364,-29.54774068061345,24.499931029735087,24.499931029735087
2018,house,4,prior_presidential,-43.82752126761478,-52.92893100499027,9.10140973737549,9.10140973737549
2018,house,5,prior_presidential,-44.80140186915888,-52.620117657491726,7.818715788332845,7.818715788332845
2018,house,7,prior_presidential,-50.4004418668876,-63.109134715240685,12.708692848353088,12.708692848353088
2018,house,8,prior_presidential,-23.36042600896861,-34.20597135922428,10.84554535025567,10.84554535025567
2018,house,10,prior_presidential,-13.506690229739965,-17.872286541355415,4.36559631161545,4.36559631161545
2018,house,15,prior_presidential,-34.30988045173179,-10.334255280953649,-23.975625170778144,23.975625170778144
2018,house,18,prior_presidential,-43.39815017114558,-58.37181665205664,14.973666480911056,14.973666480911056
2018,house,20,prior_presidential,-26.224260252638864,-36.441260879094,10.217000626455139,10.217000626455139
2018,house,21,prior_presidential,-22.67072159247996,-28.24981520224429,5.579093609764328,5.579093609764328
2018,house,27,prior_presidential,-68.71536844786957,-70.79606172226339,2.0806932743938233,2.0806932743938233
2018,house,28,prior_presidential,-10.606769614724692,-27.84303883351197,17.236269218787278,17.236269218787278
2018,house,29,prior_presidential,-58.35164835164835,-60.77820650192484,2.4265581502764917,2.4265581502764917
2018,house,30,prior_presidential,-64.91921005385997,-65.58802048600663,0.6688104321466568,0.6688104321466568
2018,house,32,prior_presidential,26.46244093205149,-35.92543290354921,62.3878738356007,62.3878738356007
2018,house,33,prior_presidential,-34.65490950076245,-27.35940996669705,-7.295499534065399,7.295499534065399
2018,house,36,prior_presidential,-45.62759501756627,-53.71789270746433,8.090297689898058,8.090297689898058
2018,house,37,prior_presidential,-42.45752969727935,-39.22844105091021,-3.229088646369135,3.229088646369135
2018,house,38,prior_presidential,-38.56477166821995,-36.06492438636752,-2.499847281852425,2.499847281852425
2018,house,40,prior_presidential,-49.10375158259479,-42.55969809356496,-6.544053489029828,6.544053489029828
2018,house,41,prior_presidential,-50.689913359717615,-55.4020428992579,4.712129539540285,4.712129539540285
2018,house,43,prior_presidential,-43.99961689493344,-51.538475182522696,7.538858287589257,7.538858287589257
2018,house,45,prior_presidential,-31.325359081519917,-21.20290393653101,-10.122455144988908,10.122455144988908
2018,house,46,prior_presidential,-22.473147893142382,7.524013173726802,-29.997161066869182,29.997161066869182
2018,house,47,prior_presidential,-8.578532946539577,7.524013173726799,-16.102546120266375,16.102546120266375
2018,house,48,prior_presidential,-30.754608549577824,-1.4233286750399887,-29.331279874537834,29.331279874537834
2018,house,51,prior_presidential,-65.80478345184227,7.5240131737268,-73.32879662556907,73.32879662556907
2018,house,61,prior_presidential,-31.30489998941687,-25.91127079913328,-5.3936291902835904,5.3936291902835904
2018,house,62,prior_presidential,-36.36308696440442,-27.69329763331623,-8.669789331088186,8.669789331088186
2018,house,64,prior_presidential,-52.82664790053953,-54.74808643940632,1.921438538866795,1.921438538866795
2018,house,65,prior_presidential,-5.679141585972259,-23.45030785982844,17.77116627385618,17.77116627385618
2018,house,66,prior_presidential,-44.48369000623312,-42.311485893467854,-2.1722041127652645,2.1722041127652645
2018,house,73,prior_presidential,-38.21782178217822,-49.87558838335247,11.657766601174252,11.657766601174252
2018,house,74,prior_presidential,-21.07117688513037,26.811524015540414,-47.882700900670784,47.882700900670784
2018,house,79,prior_presidential,-16.14869710733923,-17.683101867398538,1.5344047600593065,1.5344047600593065
2018,house,80,prior_presidential,-42.801981029127845,-31.39382100744596,-11.408160021681883,11.408160021681883
2018,house,81,prior_presidential,-46.38963411153605,-49.04715839024275,2.6575242787067026,2.6575242787067026
2018,house,83,prior_presidential,26.970600766936517,3.983782310717904,22.986818456218614,22.986818456218614
2018,house,85,prior_presidential,7.724026213091819,-21.1145047459412,28.83853095903302,28.83853095903302
2018,house,86,prior_presidential,-55.22676991150443,-54.508844774654,-0.7179251368504254,0.7179251368504254
2018,house,88,prior_presidential,-41.16491744921132,-50.4359689844764,9.27105153526508,9.27105153526508
2018,house,89,prior_presidential,-18.67396593673966,-27.98367092650312,9.30970498976346,9.30970498976346
2018,house,90,prior_presidential,-29.285964707257214,-23.474642082199523,-5.8113226250576915,5.8113226250576915
2018,house,94,prior_presidential,-41.95463611484763,-59.399787441643085,17.445151326795454,17.445151326795454
2018,house,96,prior_presidential,-46.37247569184742,-53.57810430194316,7.205628610095744,7.205628610095744
2018,house,97,prior_presidential,30.985387785687525,24.178805330692708,6.8065824549948175,6.8065824549948175
2018,house,99,prior_presidential,46.83764940239044,28.256265949923428,18.581383452467012,18.581383452467012
2018,house,104,prior_presidential,-36.7548999797939,-39.0905239177351,2.3356239379412003,2.3356239379412003
2018,senate,1,prior_presidential,-35.34949255681934,-47.51815899510106,12.168666438281718,12.168666438281718
2018,senate,2,prior_presidential,-8.633801860528282,-16.787161814174155,8.153359953645873,8.153359953645873
2018,senate,6,prior_presidential,-1.9941995098810676,-43.574231814384255,41.580032304503185,41.580032304503185
2018,senate,7,prior_presidential,-10.50089083996106,-15.816374508838514,5.315483668877453,5.315483668877453
2018,senate,11,prior_presidential,-52.057643425834506,-51.32814847639033,-0.7294949494441738,0.7294949494441738
2018,senate,12,prior_presidential,-29.241502852024706,-40.96733172974028,11.725828877715575,11.725828877715575
2018,senate,13,prior_presidential,-42.23561964321868,-42.169385656001225,-0.06623398721745843,0.06623398721745843
2018,senate,14,prior_presidential,-45.26223921536032,-53.958468452112406,8.696229236752089,8.696229236752089
2018,senate,16,prior_presidential,-25.826982806904397,-14.734819275687856,-11.09216353121654,11.09216353121654
2018,senate,21,prior_presidential,-35.16699410609037,-32.55457647206944,-2.612417634020929,2.612417634020929
2018,senate,25,prior_presidential,-22.567956211151312,3.8606330442854895,-26.4285892554368,26.4285892554368
2018,senate,26,prior_presidential,60.52314489406567,26.81152401554041,33.71162087852527,33.71162087852527
2018,senate,27,prior_presidential,-18.191030659486955,-24.558064459052225,6.36703379956527,6.36703379956527
2018,senate,32,prior_presidential,-50.12065201332918,-59.39185943256007,9.27120741923089,9.27120741923089
2018,senate,35,prior_presidential,-35.28014531228168,-34.23349269901351,-1.0466526132681722,1.0466526132681722
2018,house,2,oracle_post2016_environment,-46.25294051753109,-54.807898996625774,8.554958479094687,8.554958479094687
2018,house,3,oracle_post2016_environment,-5.047809650878364,-26.29992818061345,21.252118529735085,21.252118529735085
2018,house,4,oracle_post2016_environment,-43.82752126761478,-49.681118504990266,5.853597237375489,5.853597237375489
2018,house,5,oracle_post2016_environment,-44.80140186915888,-49.37230515749172,4.570903288332843,4.570903288332843
2018,house,7,oracle_post2016_environment,-50.4004418668876,-59.86132221524068,9.460880348353086,9.460880348353086
2018,house,8,oracle_post2016_environment,-23.36042600896861,-30.958158859224277,7.597732850255667,7.597732850255667
2018,house,10,oracle_post2016_environment,-13.506690229739965,-14.624474041355414,1.1177838116154497,1.1177838116154497
2018,house,15,oracle_post2016_environment,-34.30988045173179,-7.086442780953648,-27.223437670778146,27.223437670778146
2018,house,18,oracle_post2016_environment,-43.39815017114558,-55.124004152056635,11.725853980911054,11.725853980911054
2018,house,20,oracle_post2016_environment,-26.224260252638864,-33.193448379094,6.969188126455137,6.969188126455137
2018,house,21,oracle_post2016_environment,-22.67072159247996,-25.00200270224429,2.33128110976433,2.33128110976433
2018,house,27,oracle_post2016_environment,-68.71536844786957,-67.5482492222634,-1.1671192256061715,1.1671192256061715
2018,house,28,oracle_post2016_environment,-10.606769614724692,-24.595226333511967,13.988456718787274,13.988456718787274
2018,house,29,oracle_post2016_environment,-58.35164835164835,-57.53039400192484,-0.8212543497235103,0.8212543497235103
2018,house,30,oracle_post2016_environment,-64.91921005385997,-62.340207986006625,-2.579002067853345,2.579002067853345
2018,house,32,oracle_post2016_environment,26.46244093205149,-32.677620403549206,59.14006133560069,59.14006133560069
2018,house,33,oracle_post2016_environment,-34.65490950076245,-24.11159746669705,-10.543312034065401,10.543312034065401
2018,house,36,oracle_post2016_environment,-45.62759501756627,-50.47008020746433,4.842485189898056,4.842485189898056
2018,house,37,oracle_post2016_environment,-42.45752969727935,-35.98062855091021,-6.476901146369137,6.476901146369137
2018,house,38,oracle_post2016_environment,-38.56477166821995,-32.81711188636752,-5.747659781852427,5.747659781852427
2018,house,40,oracle_post2016_environment,-49.10375158259479,-39.31188559356496,-9.79186598902983,9.79186598902983
2018,house,41,oracle_post2016_environment,-50.689913359717615,-52.1542303992579,1.4643170395402834,1.4643170395402834
2018,house,43,oracle_post2016_environment,-43.99961689493344,-48.290662682522694,4.291045787589255,4.291045787589255
2018,house,45,oracle_post2016_environment,-31.325359081519917,-17.955091436531006,-13.37026764498891,13.37026764498891
2018,house,46,oracle_post2016_environment,-22.473147893142382,10.771825673726802,-33.244973566869184,33.244973566869184
2018,house,47,oracle_post2016_environment,-8.578532946539577,10.771825673726799,-19.350358620266377,19.350358620266377
2018,house,48,oracle_post2016_environment,-30.754608549577824,1.8244838249600115,-32.57909237453784,32.57909237453784
2018,house,51,oracle_post2016_environment,-65.80478345184227,10.7718256737268,-76.57660912556906,76.57660912556906
2018,house,61,oracle_post2016_environment,-31.30489998941687,-22.663458299133282,-8.641441690283589,8.641441690283589
2018,house,62,oracle_post2016_environment,-36.36308696440442,-24.445485133316232,-11.917601831088184,11.917601831088184
2018,house,64,oracle_post2016_environment,-52.82664790053953,-51.50027393940632,-1.326373961133207,1.326373961133207
2018,house,65,oracle_post2016_environment,-5.679141585972259,-20.20249535982844,14.523353773856181,14.523353773856181
2018,house,66,oracle_post2016_environment,-44.48369000623312,-39.06367339346785,-5.4200166127652665,5.4200166127652665
2018,house,73,oracle_post2016_environment,-38.21782178217822,-46.62777588335247,8.40995410117425,8.40995410117425
2018,house,74,oracle_post2016_environment,-21.07117688513037,30.059336515540416,-51.130513400670786,51.130513400670786
2018,house,79,oracle_post2016_environment,-16.14869710733923,-14.435289367398537,-1.7134077399406937,1.7134077399406937
2018,house,80,oracle_post2016_environment,-42.801981029127845,-28.146008507445963,-14.655972521681882,14.655972521681882
2018,house,81,oracle_post2016_environment,-46.38963411153605,-45.79934589024275,-0.5902882212932994,0.5902882212932994
2018,house,83,oracle_post2016_environment,26.970600766936517,7.231594810717905,19.739005956218612,19.739005956218612
2018,house,85,oracle_post2016_environment,7.724026213091819,-17.866692245941202,25.59071845903302,25.59071845903302
2018,house,86,oracle_post2016_environment,-55.22676991150443,-51.261032274654,-3.9657376368504274,3.9657376368504274
2018,house,88,oracle_post2016_environment,-41.16491744921132,-47.1881564844764,6.023239035265078,6.023239035265078
2018,house,89,oracle_post2016_environment,-18.67396593673966,-24.73585842650312,6.061892489763462,6.061892489763462
2018,house,90,oracle_post2016_environment,-29.285964707257214,-20.22682958219952,-9.059135125057693,9.059135125057693
2018,house,94,oracle_post2016_environment,-41.95463611484763,-56.15197494164308,14.197338826795452,14.197338826795452
2018,house,96,oracle_post2016_environment,-46.37247569184742,-50.33029180194316,3.9578161100957416,3.9578161100957416
2018,house,97,oracle_post2016_environment,30.985387785687525,27.426617830692706,3.558769954994819,3.558769954994819
2018,house,99,oracle_post2016_environment,46.83764940239044,31.504078449923426,15.333570952467014,15.333570952467014
2018,house,104,oracle_post2016_environment,-36.7548999797939,-35.842711417735096,-0.9121885620588017,0.9121885620588017
2018,senate,1,oracle_post2016_environment,-35.34949255681934,-44.27034649510106,8.920853938281716,8.920853938281716
2018,senate,2,oracle_post2016_environment,-8.633801860528282,-13.539349314174155,4.905547453645873,4.905547453645873
2018,senate,6,oracle_post2016_environment,-1.9941995098810676,-40.32641931438425,38.33221980450318,38.33221980450318
2018,senate,7,oracle_post2016_environment,-10.50089083996106,-12.568562008838514,2.067671168877453,2.067671168877453
2018,senate,11,oracle_post2016_environment,-52.057643425834506,-48.08033597639033,-3.977307449444176,3.977307449444176
2018,senate,12,oracle_post2016_environment,-29.241502852024706,-37.71951922974028,8.478016377715573,8.478016377715573
2018,senate,13,oracle_post2016_environment,-42.23561964321868,-38.92157315600122,-3.3140464872174604,3.3140464872174604
2018,senate,14,oracle_post2016_environment,-45.26223921536032,-50.710655952112404,5.448416736752087,5.448416736752087
2018,senate,16,oracle_post2016_environment,-25.826982806904397,-11.487006775687856,-14.33997603121654,14.33997603121654
2018,senate,21,oracle_post2016_environment,-35.16699410609037,-29.30676397206944,-5.860230134020931,5.860230134020931
2018,senate,25,oracle_post2016_environment,-22.567956211151312,7.108445544285489,-29.6764017554368,29.6764017554368
2018,senate,26,oracle_post2016_environment,60.52314489406567,30.05933651554041,30.463808378525265,30.463808378525265
2018,senate,27,oracle_post2016_environment,-18.191030659486955,-21.310251959052223,3.119221299565268,3.119221299565268
2018,senate,32,oracle_post2016_environment,-50.12065201332918,-56.144046932560066,6.023394919230888,6.023394919230888
2018,senate,35,oracle_post2016_environment,-35.28014531228168,-30.98568019901351,-4.294465113268174,4.294465113268174
2018,house,2,a_poll_full_transfer,-46.25294051753109,-51.40722096638551,5.154280448854422,5.154280448854422
2018,house,3,a_poll_full_transfer,-5.047809650878364,-22.89925015037318,17.851440499494817,17.851440499494817
2018,house,4,a_poll_full_transfer,-43.82752126761478,-46.280440474749994,2.452919207135217,2.452919207135217
2018,house,5,a_poll_full_transfer,-44.80140186915888,-45.97162712725145,1.1702252580925716,1.1702252580925716
2018,house,7,a_poll_full_transfer,-50.4004418668876,-56.46064418500042,6.060202318112822,6.060202318112822
2018,house,8,a_poll_full_transfer,-23.36042600896861,-27.55748082898401,4.197054820015399,4.197054820015399
2018,house,10,a_poll_full_transfer,-13.506690229739965,-11.223796011115144,-2.2828942186248202,2.2828942186248202
2018,house,15,a_poll_full_transfer,-34.30988045173179,-3.6857647507133784,-30.624115701018415,30.624115701018415
2018,house,18,a_poll_full_transfer,-43.39815017114558,-51.72332612181637,8.32517595067079,8.32517595067079
2018,house,20,a_poll_full_transfer,-26.224260252638864,-29.792770348853733,3.568510096214869,3.568510096214869
2018,house,21,a_poll_full_transfer,-22.67072159247996,-21.60132467200402,-1.069396920475942,1.069396920475942
2018,house,27,a_poll_full_transfer,-68.71536844786957,-64.14757119202312,-4.567797255846443,4.567797255846443
2018,house,28,a_poll_full_transfer,-10.606769614724692,-21.1945483032717,10.587778688547006,10.587778688547006
2018,house,29,a_poll_full_transfer,-58.35164835164835,-54.129715971684575,-4.221932379963775,4.221932379963775
2018,house,30,a_poll_full_transfer,-64.91921005385997,-58.93952995576636,-5.97968009809361,5.97968009809361
2018,house,32,a_poll_full_transfer,26.46244093205149,-29.276942373308938,55.73938330536043,55.73938330536043
2018,house,33,a_poll_full_transfer,-34.65490950076245,-20.71091943645678,-13.94399006430567,13.94399006430567
2018,house,36,a_poll_full_transfer,-45.62759501756627,-47.06940217722406,1.4418071596577917,1.4418071596577917
2018,house,37,a_poll_full_transfer,-42.45752969727935,-32.57995052066994,-9.877579176609409,9.877579176609409
2018,house,38,a_poll_full_transfer,-38.56477166821995,-29.416433856127252,-9.148337812092695,9.148337812092695
2018,house,40,a_poll_full_transfer,-49.10375158259479,-35.911207563324695,-13.192544019270095,13.192544019270095
2018,house,41,a_poll_full_transfer,-50.689913359717615,-48.753552369017626,-1.9363609906999883,1.9363609906999883
2018,house,43,a_poll_full_transfer,-43.99961689493344,-44.88998465228242,0.890367757348983,0.890367757348983
2018,house,45,a_poll_full_transfer,-31.325359081519917,-14.554413406290738,-16.77094567522918,16.77094567522918
2018,house,46,a_poll_full_transfer,-22.473147893142382,14.172503703967072,-36.645651597109456,36.645651597109456
2018,house,47,a_poll_full_transfer,-8.578532946539577,14.17250370396707,-22.75103665050665,22.75103665050665
2018,house,48,a_poll_full_transfer,-30.754608549577824,5.225161855200281,-35.97977040477811,35.97977040477811
2018,house,51,a_poll_full_transfer,-65.80478345184227,14.17250370396707,-79.97728715580934,79.97728715580934
2018,house,61,a_poll_full_transfer,-31.30489998941687,-19.26278026889301,-12.04211972052386,12.04211972052386
2018,house,62,a_poll_full_transfer,-36.36308696440442,-21.04480710307596,-15.318279861328456,15.318279861328456
2018,house,64,a_poll_full_transfer,-52.82664790053953,-48.099595909166055,-4.727051991373472,4.727051991373472
2018,house,65,a_poll_full_transfer,-5.679141585972259,-16.801817329588168,11.12267574361591,11.12267574361591
2018,house,66,a_poll_full_transfer,-44.48369000623312,-35.66299536322758,-8.820694643005538,8.820694643005538
2018,house,73,a_poll_full_transfer,-38.21782178217822,-43.2270978531122,5.0092760709339785,5.0092760709339785
2018,house,74,a_poll_full_transfer,-21.07117688513037,33.46001454578068,-54.53119143091105,54.53119143091105
2018,house,79,a_poll_full_transfer,-16.14869710733923,-11.034611337158267,-5.114085770180964,5.114085770180964
2018,house,80,a_poll_full_transfer,-42.801981029127845,-24.74533047720569,-18.056650551922154,18.056650551922154
2018,house,81,a_poll_full_transfer,-46.38963411153605,-42.398667860002476,-3.990966251533571,3.990966251533571
2018,house,83,a_poll_full_transfer,26.970600766936517,10.632272840958175,16.33832792597834,16.33832792597834
2018,house,85,a_poll_full_transfer,7.724026213091819,-14.46601421570093,22.19004042879275,22.19004042879275
2018,house,86,a_poll_full_transfer,-55.22676991150443,-47.86035424441373,-7.366415667090699,7.366415667090699
2018,house,88,a_poll_full_transfer,-41.16491744921132,-43.78747845423614,2.6225610050248136,2.6225610050248136
2018,house,89,a_poll_full_transfer,-18.67396593673966,-21.33518039626285,2.6612144595231904,2.6612144595231904
2018,house,90,a_poll_full_transfer,-29.285964707257214,-16.826151551959253,-12.459813155297962,12.459813155297962
2018,house,94,a_poll_full_transfer,-41.95463611484763,-52.75129691140282,10.796660796555187,10.796660796555187
2018,house,96,a_poll_full_transfer,-46.37247569184742,-46.92961377170289,0.5571380798554699,0.5571380798554699
2018,house,97,a_poll_full_transfer,30.985387785687525,30.827295860932978,0.15809192475454736,0.15809192475454736
2018,house,99,a_poll_full_transfer,46.83764940239044,34.9047564801637,11.932892922226742,11.932892922226742
2018,house,104,a_poll_full_transfer,-36.7548999797939,-32.44203338749483,-4.312866592299066,4.312866592299066
2018,senate,1,a_poll_full_transfer,-35.34949255681934,-40.869668464860794,5.520175908041452,5.520175908041452
2018,senate,2,a_poll_full_transfer,-8.633801860528282,-10.138671283933885,1.5048694234056033,1.5048694234056033
2018,senate,6,a_poll_full_transfer,-1.9941995098810676,-36.92574128414398,34.93154177426291,34.93154177426291
2018,senate,7,a_poll_full_transfer,-10.50089083996106,-9.167883978598244,-1.3330068613628168,1.3330068613628168
2018,senate,11,a_poll_full_transfer,-52.057643425834506,-44.67965794615006,-7.3779854796844475,7.3779854796844475
2018,senate,12,a_poll_full_transfer,-29.241502852024706,-34.318841199500014,5.077338347475308,5.077338347475308
2018,senate,13,a_poll_full_transfer,-42.23561964321868,-35.52089512576096,-6.714724517457725,6.714724517457725
2018,senate,14,a_poll_full_transfer,-45.26223921536032,-47.30997792187213,2.047738706511815,2.047738706511815
2018,senate,16,a_poll_full_transfer,-25.826982806904397,-8.086328745447586,-17.74065406145681,17.74065406145681
2018,senate,21,a_poll_full_transfer,-35.16699410609037,-25.906085941829172,-9.260908164261199,9.260908164261199
2018,senate,25,a_poll_full_transfer,-22.567956211151312,10.50912357452576,-33.07707978567707,33.07707978567707
2018,senate,26,a_poll_full_transfer,60.52314489406567,33.46001454578068,27.063130348284993,27.063130348284993
2018,senate,27,a_poll_full_transfer,-18.191030659486955,-17.909573928811955,-0.281456730675,0.281456730675
2018,senate,32,a_poll_full_transfer,-50.12065201332918,-52.7433689023198,2.622716888990624,2.622716888990624
2018,senate,35,a_poll_full_transfer,-35.28014531228168,-27.58500216877324,-7.695143143508442,7.695143143508442
2018,house,2,a_poll_two_step_transfer,-46.25294051753109,-51.40722096638551,5.154280448854422,5.154280448854422
2018,house,3,a_poll_two_step_transfer,-5.047809650878364,-22.89925015037318,17.851440499494817,17.851440499494817
2018,house,4,a_poll_two_step_transfer,-43.82752126761478,-46.280440474749994,2.452919207135217,2.452919207135217
2018,house,5,a_poll_two_step_transfer,-44.80140186915888,-45.97162712725145,1.1702252580925716,1.1702252580925716
2018,house,7,a_poll_two_step_transfer,-50.4004418668876,-56.46064418500042,6.060202318112822,6.060202318112822
2018,house,8,a_poll_two_step_transfer,-23.36042600896861,-27.55748082898401,4.197054820015399,4.197054820015399
2018,house,10,a_poll_two_step_transfer,-13.506690229739965,-11.223796011115144,-2.2828942186248202,2.2828942186248202
2018,house,15,a_poll_two_step_transfer,-34.30988045173179,-3.6857647507133784,-30.624115701018415,30.624115701018415
2018,house,18,a_poll_two_step_transfer,-43.39815017114558,-51.72332612181637,8.32517595067079,8.32517595067079
2018,house,20,a_poll_two_step_transfer,-26.224260252638864,-29.792770348853733,3.568510096214869,3.568510096214869
2018,house,21,a_poll_two_step_transfer,-22.67072159247996,-21.60132467200402,-1.069396920475942,1.069396920475942
2018,house,27,a_poll_two_step_transfer,-68.71536844786957,-64.14757119202312,-4.567797255846443,4.567797255846443
2018,house,28,a_poll_two_step_transfer,-10.606769614724692,-21.1945483032717,10.587778688547006,10.587778688547006
2018,house,29,a_poll_two_step_transfer,-58.35164835164835,-54.129715971684575,-4.221932379963775,4.221932379963775
2018,house,30,a_poll_two_step_transfer,-64.91921005385997,-58.93952995576636,-5.97968009809361,5.97968009809361
2018,house,32,a_poll_two_step_transfer,26.46244093205149,-29.276942373308938,55.73938330536043,55.73938330536043
2018,house,33,a_poll_two_step_transfer,-34.65490950076245,-20.71091943645678,-13.94399006430567,13.94399006430567
2018,house,36,a_poll_two_step_transfer,-45.62759501756627,-47.06940217722406,1.4418071596577917,1.4418071596577917
2018,house,37,a_poll_two_step_transfer,-42.45752969727935,-32.57995052066994,-9.877579176609409,9.877579176609409
2018,house,38,a_poll_two_step_transfer,-38.56477166821995,-29.416433856127252,-9.148337812092695,9.148337812092695
2018,house,40,a_poll_two_step_transfer,-49.10375158259479,-35.911207563324695,-13.192544019270095,13.192544019270095
2018,house,41,a_poll_two_step_transfer,-50.689913359717615,-48.753552369017626,-1.9363609906999883,1.9363609906999883
2018,house,43,a_poll_two_step_transfer,-43.99961689493344,-44.88998465228242,0.890367757348983,0.890367757348983
2018,house,45,a_poll_two_step_transfer,-31.325359081519917,-14.554413406290738,-16.77094567522918,16.77094567522918
2018,house,46,a_poll_two_step_transfer,-22.473147893142382,14.172503703967072,-36.645651597109456,36.645651597109456
2018,house,47,a_poll_two_step_transfer,-8.578532946539577,14.17250370396707,-22.75103665050665,22.75103665050665
2018,house,48,a_poll_two_step_transfer,-30.754608549577824,5.225161855200281,-35.97977040477811,35.97977040477811
2018,house,51,a_poll_two_step_transfer,-65.80478345184227,14.17250370396707,-79.97728715580934,79.97728715580934
2018,house,61,a_poll_two_step_transfer,-31.30489998941687,-19.26278026889301,-12.04211972052386,12.04211972052386
2018,house,62,a_poll_two_step_transfer,-36.36308696440442,-21.04480710307596,-15.318279861328456,15.318279861328456
2018,house,64,a_poll_two_step_transfer,-52.82664790053953,-48.099595909166055,-4.727051991373472,4.727051991373472
2018,house,65,a_poll_two_step_transfer,-5.679141585972259,-16.801817329588168,11.12267574361591,11.12267574361591
2018,house,66,a_poll_two_step_transfer,-44.48369000623312,-35.66299536322758,-8.820694643005538,8.820694643005538
2018,house,73,a_poll_two_step_transfer,-38.21782178217822,-43.2270978531122,5.0092760709339785,5.0092760709339785
2018,house,74,a_poll_two_step_transfer,-21.07117688513037,33.46001454578068,-54.53119143091105,54.53119143091105
2018,house,79,a_poll_two_step_transfer,-16.14869710733923,-11.034611337158267,-5.114085770180964,5.114085770180964
2018,house,80,a_poll_two_step_transfer,-42.801981029127845,-24.74533047720569,-18.056650551922154,18.056650551922154
2018,house,81,a_poll_two_step_transfer,-46.38963411153605,-42.398667860002476,-3.990966251533571,3.990966251533571
2018,house,83,a_poll_two_step_transfer,26.970600766936517,10.632272840958175,16.33832792597834,16.33832792597834
2018,house,85,a_poll_two_step_transfer,7.724026213091819,-14.46601421570093,22.19004042879275,22.19004042879275
2018,house,86,a_poll_two_step_transfer,-55.22676991150443,-47.86035424441373,-7.366415667090699,7.366415667090699
2018,house,88,a_poll_two_step_transfer,-41.16491744921132,-43.78747845423614,2.6225610050248136,2.6225610050248136
2018,house,89,a_poll_two_step_transfer,-18.67396593673966,-21.33518039626285,2.6612144595231904,2.6612144595231904
2018,house,90,a_poll_two_step_transfer,-29.285964707257214,-16.826151551959253,-12.459813155297962,12.459813155297962
2018,house,94,a_poll_two_step_transfer,-41.95463611484763,-52.75129691140282,10.796660796555187,10.796660796555187
2018,house,96,a_poll_two_step_transfer,-46.37247569184742,-46.92961377170289,0.5571380798554699,0.5571380798554699
2018,house,97,a_poll_two_step_transfer,30.985387785687525,30.827295860932978,0.15809192475454736,0.15809192475454736
2018,house,99,a_poll_two_step_transfer,46.83764940239044,34.9047564801637,11.932892922226742,11.932892922226742
2018,house,104,a_poll_two_step_transfer,-36.7548999797939,-32.44203338749483,-4.312866592299066,4.312866592299066
2018,senate,1,a_poll_two_step_transfer,-35.34949255681934,-40.869668464860794,5.520175908041452,5.520175908041452
2018,senate,2,a_poll_two_step_transfer,-8.633801860528282,-10.138671283933885,1.5048694234056033,1.5048694234056033
2018,senate,6,a_poll_two_step_transfer,-1.9941995098810676,-36.92574128414398,34.93154177426291,34.93154177426291
2018,senate,7,a_poll_two_step_transfer,-10.50089083996106,-9.167883978598244,-1.3330068613628168,1.3330068613628168
2018,senate,11,a_poll_two_step_transfer,-52.057643425834506,-44.67965794615006,-7.3779854796844475,7.3779854796844475
2018,senate,12,a_poll_two_step_transfer,-29.241502852024706,-34.318841199500014,5.077338347475308,5.077338347475308
2018,senate,13,a_poll_two_step_transfer,-42.23561964321868,-35.52089512576096,-6.714724517457725,6.714724517457725
2018,senate,14,a_poll_two_step_transfer,-45.26223921536032,-47.30997792187213,2.047738706511815,2.047738706511815
2018,senate,16,a_poll_two_step_transfer,-25.826982806904397,-8.086328745447586,-17.74065406145681,17.74065406145681
2018,senate,21,a_poll_two_step_transfer,-35.16699410609037,-25.906085941829172,-9.260908164261199,9.260908164261199
2018,senate,25,a_poll_two_step_transfer,-22.567956211151312,10.50912357452576,-33.07707978567707,33.07707978567707
2018,senate,26,a_poll_two_step_transfer,60.52314489406567,33.46001454578068,27.063130348284993,27.063130348284993
2018,senate,27,a_poll_two_step_transfer,-18.191030659486955,-17.909573928811955,-0.281456730675,0.281456730675
2018,senate,32,a_poll_two_step_transfer,-50.12065201332918,-52.7433689023198,2.622716888990624,2.622716888990624
2018,senate,35,a_poll_two_step_transfer,-35.28014531228168,-27.58500216877324,-7.695143143508442,7.695143143508442
2018,house,2,a_poll_post2016_ramp,-46.25294051753109,-54.73146623150564,8.478525713974555,8.478525713974555
2018,house,3,a_poll_post2016_ramp,-5.047809650878364,-26.223495415493318,21.175685764614954,21.175685764614954
2018,house,4,a_poll_post2016_ramp,-43.82752126761478,-49.604685739870135,5.7771644722553575,5.7771644722553575
2018,house,5,a_poll_post2016_ramp,-44.80140186915888,-49.29587239237159,4.494470523212712,4.494470523212712
2018,house,7,a_poll_post2016_ramp,-50.4004418668876,-59.78488945012055,9.384447583232955,9.384447583232955
2018,house,8,a_poll_post2016_ramp,-23.36042600896861,-30.881726094104145,7.521300085135536,7.521300085135536
2018,house,10,a_poll_post2016_ramp,-13.506690229739965,-14.54804127623528,1.0413510464953148,1.0413510464953148
2018,house,15,a_poll_post2016_ramp,-34.30988045173179,-7.0100100158335135,-27.299870435898278,27.299870435898278
2018,house,18,a_poll_post2016_ramp,-43.39815017114558,-55.047571386936504,11.649421215790923,11.649421215790923
2018,house,20,a_poll_post2016_ramp,-26.224260252638864,-33.11701561397387,6.892755361335006,6.892755361335006
2018,house,21,a_poll_post2016_ramp,-22.67072159247996,-24.925569937124152,2.2548483446441914,2.2548483446441914
2018,house,27,a_poll_post2016_ramp,-68.71536844786957,-67.47181645714325,-1.243551990726317,1.243551990726317
2018,house,28,a_poll_post2016_ramp,-10.606769614724692,-24.518793568391835,13.912023953667143,13.912023953667143
2018,house,29,a_poll_post2016_ramp,-58.35164835164835,-57.45396123680471,-0.8976871148436416,0.8976871148436416
2018,house,30,a_poll_post2016_ramp,-64.91921005385997,-62.263775220886494,-2.6554348329734765,2.6554348329734765
2018,house,32,a_poll_post2016_ramp,26.46244093205149,-32.601187638429074,59.06362857048056,59.06362857048056
2018,house,33,a_poll_post2016_ramp,-34.65490950076245,-24.035164701576917,-10.619744799185533,10.619744799185533
2018,house,36,a_poll_post2016_ramp,-45.62759501756627,-50.3936474423442,4.766052424777925,4.766052424777925
2018,house,37,a_poll_post2016_ramp,-42.45752969727935,-35.90419578579008,-6.553333911489268,6.553333911489268
2018,house,38,a_poll_post2016_ramp,-38.56477166821995,-32.74067912124739,-5.824092546972558,5.824092546972558
2018,house,40,a_poll_post2016_ramp,-49.10375158259479,-39.23545282844483,-9.868298754149961,9.868298754149961
2018,house,41,a_poll_post2016_ramp,-50.689913359717615,-52.07779763413777,1.387884274420152,1.387884274420152
2018,house,43,a_poll_post2016_ramp,-43.99961689493344,-48.21422991740256,4.214613022469123,4.214613022469123
2018,house,45,a_poll_post2016_ramp,-31.325359081519917,-17.878658671410875,-13.446700410109042,13.446700410109042
2018,house,46,a_poll_post2016_ramp,-22.473147893142382,10.848258438846937,-33.32140633198932,33.32140633198932
2018,house,47,a_poll_post2016_ramp,-8.578532946539577,10.848258438846933,-19.426791385386508,19.426791385386508
2018,house,48,a_poll_post2016_ramp,-30.754608549577824,1.9009165900801464,-32.65552513965797,32.65552513965797
2018,house,51,a_poll_post2016_ramp,-65.80478345184227,10.848258438846935,-76.65304189068921,76.65304189068921
2018,house,61,a_poll_post2016_ramp,-31.30489998941687,-22.587025534013144,-8.717874455403727,8.717874455403727
2018,house,62,a_poll_post2016_ramp,-36.36308696440442,-24.369052368196094,-11.994034596208323,11.994034596208323
2018,house,64,a_poll_post2016_ramp,-52.82664790053953,-51.42384117428619,-1.4028067262533384,1.4028067262533384
2018,house,65,a_poll_post2016_ramp,-5.679141585972259,-20.1260625947083,14.446921008736043,14.446921008736043
2018,house,66,a_poll_post2016_ramp,-44.48369000623312,-38.98724062834772,-5.496449377885398,5.496449377885398
2018,house,73,a_poll_post2016_ramp,-38.21782178217822,-46.55134311823234,8.333521336054119,8.333521336054119
2018,house,74,a_poll_post2016_ramp,-21.07117688513037,30.135769280660547,-51.20694616579092,51.20694616579092
2018,house,79,a_poll_post2016_ramp,-16.14869710733923,-14.358856602278403,-1.7898405050608286,1.7898405050608286
2018,house,80,a_poll_post2016_ramp,-42.801981029127845,-28.069575742325824,-14.73240528680202,14.73240528680202
2018,house,81,a_poll_post2016_ramp,-46.38963411153605,-45.722913125122616,-0.6667209864134307,0.6667209864134307
2018,house,83,a_poll_post2016_ramp,26.970600766936517,7.3080275758380395,19.662573191098478,19.662573191098478
2018,house,85,a_poll_post2016_ramp,7.724026213091819,-17.790259480821064,25.514285693912882,25.514285693912882
2018,house,86,a_poll_post2016_ramp,-55.22676991150443,-51.18459950953387,-4.042170401970559,4.042170401970559
2018,house,88,a_poll_post2016_ramp,-41.16491744921132,-47.11172371935627,5.946806270144947,5.946806270144947
2018,house,89,a_poll_post2016_ramp,-18.67396593673966,-24.659425661382983,5.985459724643324,5.985459724643324
2018,house,90,a_poll_post2016_ramp,-29.285964707257214,-20.15039681707939,-9.135567890177825,9.135567890177825
2018,house,94,a_poll_post2016_ramp,-41.95463611484763,-56.07554217652295,14.12090606167532,14.12090606167532
2018,house,96,a_poll_post2016_ramp,-46.37247569184742,-50.25385903682303,3.8813833449756103,3.8813833449756103
2018,house,97,a_poll_post2016_ramp,30.985387785687525,27.503050595812844,3.4823371898746807,3.4823371898746807
2018,house,99,a_poll_post2016_ramp,46.83764940239044,31.580511215043565,15.257138187346875,15.257138187346875
2018,house,104,a_poll_post2016_ramp,-36.7548999797939,-35.766278652614965,-0.988621327178933,0.988621327178933
2018,senate,1,a_poll_post2016_ramp,-35.34949255681934,-44.19391372998093,8.844421173161585,8.844421173161585
2018,senate,2,a_poll_post2016_ramp,-8.633801860528282,-13.46291654905402,4.829114688525738,4.829114688525738
2018,senate,6,a_poll_post2016_ramp,-1.9941995098810676,-40.24998654926412,38.25578703938305,38.25578703938305
2018,senate,7,a_poll_post2016_ramp,-10.50089083996106,-12.492129243718379,1.9912384037573183,1.9912384037573183
2018,senate,11,a_poll_post2016_ramp,-52.057643425834506,-48.0039032112702,-4.053740214564307,4.053740214564307
2018,senate,12,a_poll_post2016_ramp,-29.241502852024706,-37.64308646462015,8.401583612595442,8.401583612595442
2018,senate,13,a_poll_post2016_ramp,-42.23561964321868,-38.84514039088109,-3.3904792523375917,3.3904792523375917
2018,senate,14,a_poll_post2016_ramp,-45.26223921536032,-50.63422318699227,5.3719839716319555,5.3719839716319555
2018,senate,16,a_poll_post2016_ramp,-25.826982806904397,-11.410574010567721,-14.416408796336675,14.416408796336675
2018,senate,21,a_poll_post2016_ramp,-35.16699410609037,-29.23033120694931,-5.936662899141062,5.936662899141062
2018,senate,25,a_poll_post2016_ramp,-22.567956211151312,7.184878309405624,-29.752834520556938,29.752834520556938
2018,senate,26,a_poll_post2016_ramp,60.52314489406567,30.135769280660547,30.387375613405126,30.387375613405126
2018,senate,27,a_poll_post2016_ramp,-18.191030659486955,-21.233819193932092,3.042788534445137,3.042788534445137
2018,senate,32,a_poll_post2016_ramp,-50.12065201332918,-56.067614167439935,5.946962154110757,5.946962154110757
2018,senate,35,a_poll_post2016_ramp,-35.28014531228168,-30.909247433893377,-4.3708978783883055,4.3708978783883055
2018,house,2,a_poll_post2016_ramp_plus_20pct_ridge,-46.25294051753109,-51.22330023641888,4.970359718887792,4.970359718887792
2018,house,3,a_poll_post2016_ramp_plus_20pct_ridge,-5.047809650878364,-21.54790395918383,16.500094308305467,16.500094308305467
2018,house,4,a_poll_post2016_ramp_plus_20pct_ridge,-43.82752126761478,-44.92930801736367,1.1017867497488893,1.1017867497488893
2018,house,5,a_poll_post2016_ramp_plus_20pct_ridge,-44.80140186915888,-45.67493626979962,0.8735344006407431,0.8735344006407431
2018,house,7,a_poll_post2016_ramp_plus_20pct_ridge,-50.4004418668876,-55.836989104177086,5.4365472372894885,5.4365472372894885
2018,house,8,a_poll_post2016_ramp_plus_20pct_ridge,-23.36042600896861,-28.71674049694736,5.35631448797875,5.35631448797875
2018,house,10,a_poll_post2016_ramp_plus_20pct_ridge,-13.506690229739965,-11.89849202866338,-1.6081982010765845,1.6081982010765845
2018,house,15,a_poll_post2016_ramp_plus_20pct_ridge,-34.30988045173179,-4.990340859568989,-29.319539592162805,29.319539592162805
2018,house,18,a_poll_post2016_ramp_plus_20pct_ridge,-43.39815017114558,-50.06343846907408,6.665288297928498,6.665288297928498
2018,house,20,a_poll_post2016_ramp_plus_20pct_ridge,-26.224260252638864,-31.627263736990955,5.403003484352091,5.403003484352091
2018,house,21,a_poll_post2016_ramp_plus_20pct_ridge,-22.67072159247996,-21.635981964969197,-1.0347396275107634,1.0347396275107634
2018,house,27,a_poll_post2016_ramp_plus_20pct_ridge,-68.71536844786957,-62.777639649172976,-5.93772879869659,5.93772879869659
2018,house,28,a_poll_post2016_ramp_plus_20pct_ridge,-10.606769614724692,-20.420097512386185,9.813327897661493,9.813327897661493
2018,house,29,a_poll_post2016_ramp_plus_20pct_ridge,-58.35164835164835,-54.83149015833844,-3.5201581933099106,3.5201581933099106
2018,house,30,a_poll_post2016_ramp_plus_20pct_ridge,-64.91921005385997,-58.77913980515566,-6.140070248704312,6.140070248704312
2018,house,32,a_poll_post2016_ramp_plus_20pct_ridge,26.46244093205149,-26.354845320709828,52.81728625276132,52.81728625276132
2018,house,33,a_poll_post2016_ramp_plus_20pct_ridge,-34.65490950076245,-20.026157264929296,-14.628752235833154,14.628752235833154
2018,house,36,a_poll_post2016_ramp_plus_20pct_ridge,-45.62759501756627,-47.9760240340809,2.348429016514629,2.348429016514629
2018,house,37,a_poll_post2016_ramp_plus_20pct_ridge,-42.45752969727935,-32.02528470101359,-10.432244996265759,10.432244996265759
2018,house,38,a_poll_post2016_ramp_plus_20pct_ridge,-38.56477166821995,-29.320123326882157,-9.24464834133779,9.24464834133779
2018,house,40,a_poll_post2016_ramp_plus_20pct_ridge,-49.10375158259479,-36.86274093837665,-12.241010644218136,12.241010644218136
2018,house,41,a_poll_post2016_ramp_plus_20pct_ridge,-50.689913359717615,-49.97751508569138,-0.7123982740262349,0.7123982740262349
2018,house,43,a_poll_post2016_ramp_plus_20pct_ridge,-43.99961689493344,-47.341064606314994,3.341447711381555,3.341447711381555
2018,house,45,a_poll_post2016_ramp_plus_20pct_ridge,-31.325359081519917,-15.017825238745624,-16.30753384277429,16.30753384277429
2018,house,46,a_poll_post2016_ramp_plus_20pct_ridge,-22.473147893142382,12.68611478755222,-35.1592626806946,35.1592626806946
2018,house,47,a_poll_post2016_ramp_plus_20pct_ridge,-8.578532946539577,14.172736478705641,-22.75126942524522,22.75126942524522
2018,house,48,a_poll_post2016_ramp_plus_20pct_ridge,-30.754608549577824,3.789008221245604,-34.54361677082343,34.54361677082343
2018,house,51,a_poll_post2016_ramp_plus_20pct_ridge,-65.80478345184227,13.193267582110112,-78.99805103395238,78.99805103395238
2018,house,61,a_poll_post2016_ramp_plus_20pct_ridge,-31.30489998941687,-19.12192907853788,-12.18297091087899,12.18297091087899
2018,house,62,a_poll_post2016_ramp_plus_20pct_ridge,-36.36308696440442,-21.58651817767797,-14.776568786726447,14.776568786726447
2018,house,64,a_poll_post2016_ramp_plus_20pct_ridge,-52.82664790053953,-48.859190239740556,-3.9674576607989707,3.9674576607989707
2018,house,65,a_poll_post2016_ramp_plus_20pct_ridge,-5.679141585972259,-14.625061542754715,8.945919956782456,8.945919956782456
2018,house,66,a_poll_post2016_ramp_plus_20pct_ridge,-44.48369000623312,-36.15264199076153,-8.331048015471588,8.331048015471588
2018,house,73,a_poll_post2016_ramp_plus_20pct_ridge,-38.21782178217822,-43.44397073670565,5.226148954527432,5.226148954527432
2018,house,74,a_poll_post2016_ramp_plus_20pct_ridge,-21.07117688513037,33.27668769769691,-54.34786458282728,54.34786458282728
2018,house,79,a_poll_post2016_ramp_plus_20pct_ridge,-16.14869710733923,-13.475259621298298,-2.6734374860409336,2.6734374860409336
2018,house,80,a_poll_post2016_ramp_plus_20pct_ridge,-42.801981029127845,-24.254735929777468,-18.547245099350377,18.547245099350377
2018,house,81,a_poll_post2016_ramp_plus_20pct_ridge,-46.38963411153605,-41.04218766248359,-5.347446449052455,5.347446449052455
2018,house,83,a_poll_post2016_ramp_plus_20pct_ridge,26.970600766936517,12.317403623294595,14.653197143641922,14.653197143641922
2018,house,85,a_poll_post2016_ramp_plus_20pct_ridge,7.724026213091819,-12.485830407631068,20.20985662072289,20.20985662072289
2018,house,86,a_poll_post2016_ramp_plus_20pct_ridge,-55.22676991150443,-47.2829599207694,-7.943809990735026,7.943809990735026
2018,house,88,a_poll_post2016_ramp_plus_20pct_ridge,-41.16491744921132,-44.39674504018565,3.2318275909743264,3.2318275909743264
2018,house,89,a_poll_post2016_ramp_plus_20pct_ridge,-18.67396593673966,-20.200117862134697,1.5261519253950375,1.5261519253950375
2018,house,90,a_poll_post2016_ramp_plus_20pct_ridge,-29.285964707257214,-16.27897284917089,-13.006991858086323,13.006991858086323
2018,house,94,a_poll_post2016_ramp_plus_20pct_ridge,-41.95463611484763,-53.80036223150046,11.845726116652827,11.845726116652827
2018,house,96,a_poll_post2016_ramp_plus_20pct_ridge,-46.37247569184742,-47.55635243706732,1.183876745219898,1.183876745219898
2018,house,97,a_poll_post2016_ramp_plus_20pct_ridge,30.985387785687525,32.63312656171524,-1.6477387760277118,1.6477387760277118
2018,house,99,a_poll_post2016_ramp_plus_20pct_ridge,46.83764940239044,36.10734538975831,10.730304012632132,10.730304012632132
2018,house,104,a_poll_post2016_ramp_plus_20pct_ridge,-36.7548999797939,-32.11109537146518,-4.643804608328715,4.643804608328715
2018,senate,1,a_poll_post2016_ramp_plus_20pct_ridge,-35.34949255681934,-41.70843886795291,6.358946311133565,6.358946311133565
2018,senate,2,a_poll_post2016_ramp_plus_20pct_ridge,-8.633801860528282,-9.728653861493271,1.0948520009649894,1.0948520009649894
2018,senate,6,a_poll_post2016_ramp_plus_20pct_ridge,-1.9941995098810676,-36.378654647104455,34.384455137223384,34.384455137223384
2018,senate,7,a_poll_post2016_ramp_plus_20pct_ridge,-10.50089083996106,-8.601473094541547,-1.8994177454195142,1.8994177454195142
2018,senate,11,a_poll_post2016_ramp_plus_20pct_ridge,-52.057643425834506,-44.19144256113789,-7.866200864696616,7.866200864696616
2018,senate,12,a_poll_post2016_ramp_plus_20pct_ridge,-29.241502852024706,-33.81443334152914,4.572930489504433,4.572930489504433
2018,senate,13,a_poll_post2016_ramp_plus_20pct_ridge,-42.23561964321868,-35.440403313678644,-6.79521632954004,6.79521632954004
2018,senate,14,a_poll_post2016_ramp_plus_20pct_ridge,-45.26223921536032,-47.18030585197843,1.9180666366181143,1.9180666366181143
2018,senate,16,a_poll_post2016_ramp_plus_20pct_ridge,-25.826982806904397,-9.213664400248163,-16.613318406656234,16.613318406656234
2018,senate,21,a_poll_post2016_ramp_plus_20pct_ridge,-35.16699410609037,-27.409488063663606,-7.7575060424267654,7.7575060424267654
2018,senate,25,a_poll_post2016_ramp_plus_20pct_ridge,-22.567956211151312,9.69514772560925,-32.26310393676056,32.26310393676056
2018,senate,26,a_poll_post2016_ramp_plus_20pct_ridge,60.52314489406567,35.01643951273557,25.5067053813301,25.5067053813301
2018,senate,27,a_poll_post2016_ramp_plus_20pct_ridge,-18.191030659486955,-18.128568966476013,-0.06246169301094184,0.06246169301094184
2018,senate,32,a_poll_post2016_ramp_plus_20pct_ridge,-50.12065201332918,-51.90790144839657,1.7872494350673946,1.7872494350673946
2018,senate,35,a_poll_post2016_ramp_plus_20pct_ridge,-35.28014531228168,-26.337117826474557,-8.943027485807125,8.943027485807125
2022,house,3,prior_presidential,-30.8382257012394,-27.521572056492417,-3.3166536447469817,3.3166536447469817
2022,house,7,prior_presidential,-56.358824348795096,-50.5615287347828,-5.797295614012299,5.797295614012299
2022,house,10,prior_presidential,-6.857424765663542,-6.224657818233817,-0.6327669474297251,0.6327669474297251
2022,house,12,prior_presidential,-70.97512153274235,-78.5940356399998,7.618914107257453,7.618914107257453
2022,house,15,prior_presidential,-27.39048516250589,-14.559675449978462,-12.830809712527428,12.830809712527428
2022,house,25,prior_presidential,-15.95710455764075,-6.012050934634805,-9.945053623005945,9.945053623005945
2022,house,26,prior_presidential,-76.90659811482433,-70.58399093063395,-6.322607184190389,6.322607184190389
2022,house,27,prior_presidential,-78.51082603678816,-69.3392456035667,-9.171580433221465,9.171580433221465
2022,house,32,prior_presidential,11.404925312878484,-34.17614070770772,45.5810660205862,45.5810660205862
2022,house,33,prior_presidential,-45.50171690194582,-23.882122112700227,-21.619594789245593,21.619594789245593
2022,house,40,prior_presidential,-65.81236050180867,-53.46481826020125,-12.347542241607421,12.347542241607421
2022,house,41,prior_presidential,-54.56737588652482,-42.06115142417759,-12.506224462347234,12.506224462347234
2022,house,43,prior_presidential,-54.45460602022894,-38.68184039714945,-15.772765623079486,15.772765623079486
2022,house,47,prior_presidential,-28.15157392212442,9.56855278111013,-37.72012670323455,37.72012670323455
2022,house,57,prior_presidential,31.983110284119373,20.99474439318792,10.988365890931455,10.988365890931455
2022,house,62,prior_presidential,-47.9868874506178,-22.476940912383384,-25.509946538234416,25.509946538234416
2022,house,63,prior_presidential,-32.43307839388145,-22.57484747816805,-9.858230915713403,9.858230915713403
2022,house,65,prior_presidential,-45.46183818473527,-34.54422800586959,-10.91761017886568,10.91761017886568
2022,house,68,prior_presidential,3.081505551042513,-2.816299786130012,5.8978053371725245,5.8978053371725245
2022,house,69,prior_presidential,10.496471774193548,7.929539093536493,2.5669326806570547,2.5669326806570547
2022,house,74,prior_presidential,20.37687639731715,21.02677045511825,-0.6498940578010988,0.6498940578010988
2022,house,82,prior_presidential,42.479790504383466,36.782322258556775,5.697468245826691,5.697468245826691
2022,house,85,prior_presidential,-8.08400227033163,-23.591728669364024,15.507726399032393,15.507726399032393
2022,house,92,prior_presidential,-73.62718360728238,-67.65277202477213,-5.974411582510243,5.974411582510243
2022,house,95,prior_presidential,-70.49141078589813,-60.22705644753399,-10.264354338364136,10.264354338364136
2022,senate,2,prior_presidential,-11.139186295503212,-1.8302212510198617,-9.308965044483351,9.308965044483351
2022,senate,7,prior_presidential,-25.436516490622974,-11.944511146863166,-13.492005343759809,13.492005343759809
2022,senate,12,prior_presidential,-47.40507463450854,-36.03978474605916,-11.365289888449375,11.365289888449375
2022,senate,21,prior_presidential,-32.46079613992762,-19.68408252505731,-12.776713614870314,12.776713614870314
2022,senate,23,prior_presidential,8.966096357720163,12.438459696090694,-3.4723633383705312,3.4723633383705312
2022,senate,27,prior_presidential,-40.57822210213456,-23.833452651690944,-16.744769450443616,16.744769450443616
2022,senate,29,prior_presidential,-65.9623672868706,-54.669171107560345,-11.293196179310257,11.293196179310257
2022,senate,33,prior_presidential,34.10588371286556,20.44340148541181,13.662482227453754,13.662482227453754
2022,house,3,oracle_post2016_environment,-30.8382257012394,-34.91906805649242,4.080842355253022,4.080842355253022
2022,house,7,oracle_post2016_environment,-56.358824348795096,-57.9590247347828,1.600200385987705,1.600200385987705
2022,house,10,oracle_post2016_environment,-6.857424765663542,-13.622153818233818,6.764729052570275,6.764729052570275
2022,house,12,oracle_post2016_environment,-70.97512153274235,-85.9915316399998,15.016410107257457,15.016410107257457
2022,house,15,oracle_post2016_environment,-27.39048516250589,-21.95717144997846,-5.433313712527429,5.433313712527429
2022,house,25,oracle_post2016_environment,-15.95710455764075,-13.409546934634806,-2.547557623005945,2.547557623005945
2022,house,26,oracle_post2016_environment,-76.90659811482433,-77.98148693063395,1.074888815809615,1.074888815809615
2022,house,27,oracle_post2016_environment,-78.51082603678816,-76.7367416035667,-1.7740844332214607,1.7740844332214607
2022,house,32,oracle_post2016_environment,11.404925312878484,-41.57363670770772,52.9785620205862,52.9785620205862
2022,house,33,oracle_post2016_environment,-45.50171690194582,-31.279618112700227,-14.222098789245592,14.222098789245592
2022,house,40,oracle_post2016_environment,-65.81236050180867,-60.862314260201245,-4.950046241607424,4.950046241607424
2022,house,41,oracle_post2016_environment,-54.56737588652482,-49.458647424177585,-5.108728462347237,5.108728462347237
2022,house,43,oracle_post2016_environment,-54.45460602022894,-46.07933639714945,-8.37526962307949,8.37526962307949
2022,house,47,oracle_post2016_environment,-28.15157392212442,2.1710567811101296,-30.32263070323455,30.32263070323455
2022,house,57,oracle_post2016_environment,31.983110284119373,13.597248393187918,18.385861890931455,18.385861890931455
2022,house,62,oracle_post2016_environment,-47.9868874506178,-29.874436912383384,-18.112450538234416,18.112450538234416
2022,house,63,oracle_post2016_environment,-32.43307839388145,-29.97234347816805,-2.4607349157134024,2.4607349157134024
2022,house,65,oracle_post2016_environment,-45.46183818473527,-41.94172400586959,-3.5201141788656827,3.5201141788656827
2022,house,68,oracle_post2016_environment,3.081505551042513,-10.213795786130012,13.295301337172525,13.295301337172525
2022,house,69,oracle_post2016_environment,10.496471774193548,0.532043093536493,9.964428680657054,9.964428680657054
2022,house,74,oracle_post2016_environment,20.37687639731715,13.62927445511825,6.7476019421989015,6.7476019421989015
2022,house,82,oracle_post2016_environment,42.479790504383466,29.384826258556775,13.094964245826691,13.094964245826691
2022,house,85,oracle_post2016_environment,-8.08400227033163,-30.989224669364024,22.905222399032393,22.905222399032393
2022,house,92,oracle_post2016_environment,-73.62718360728238,-75.05026802477214,1.4230844174897612,1.4230844174897612
2022,house,95,oracle_post2016_environment,-70.49141078589813,-67.62455244753399,-2.866858338364139,2.866858338364139
2022,senate,2,oracle_post2016_environment,-11.139186295503212,-9.227717251019861,-1.9114690444833506,1.9114690444833506
2022,senate,7,oracle_post2016_environment,-25.436516490622974,-19.342007146863168,-6.094509343759807,6.094509343759807
2022,senate,12,oracle_post2016_environment,-47.40507463450854,-43.43728074605916,-3.9677938884493784,3.9677938884493784
2022,senate,21,oracle_post2016_environment,-32.46079613992762,-27.08157852505731,-5.3792176148703135,5.3792176148703135
2022,senate,23,oracle_post2016_environment,8.966096357720163,5.040963696090694,3.925132661629469,3.925132661629469
2022,senate,27,oracle_post2016_environment,-40.57822210213456,-31.230948651690944,-9.347273450443616,9.347273450443616
2022,senate,29,oracle_post2016_environment,-65.9623672868706,-62.06666710756035,-3.8957001793102535,3.8957001793102535
2022,senate,33,oracle_post2016_environment,34.10588371286556,13.045905485411808,21.059978227453755,21.059978227453755
2022,house,3,a_poll_full_transfer,-30.8382257012394,-34.02765689169133,3.1894311904519306,3.1894311904519306
2022,house,7,a_poll_full_transfer,-56.358824348795096,-57.06761356998171,0.7087892211866134,0.7087892211866134
2022,house,10,a_poll_full_transfer,-6.857424765663542,-12.730742653432728,5.873317887769185,5.873317887769185
2022,house,12,a_poll_full_transfer,-70.97512153274235,-85.10012047519871,14.124998942456358,14.124998942456358
2022,house,15,a_poll_full_transfer,-27.39048516250589,-21.065760285177372,-6.324724877328517,6.324724877328517
2022,house,25,a_poll_full_transfer,-15.95710455764075,-12.518135769833716,-3.4389687878070347,3.4389687878070347
2022,house,26,a_poll_full_transfer,-76.90659811482433,-77.09007576583285,0.18347765100851632,0.18347765100851632
2022,house,27,a_poll_full_transfer,-78.51082603678816,-75.8453304387656,-2.6654955980225594,2.6654955980225594
2022,house,32,a_poll_full_transfer,11.404925312878484,-40.68222554290663,52.08715085578511,52.08715085578511
2022,house,33,a_poll_full_transfer,-45.50171690194582,-30.38820694789914,-15.11350995404668,15.11350995404668
2022,house,40,a_poll_full_transfer,-65.81236050180867,-59.97090309540016,-5.841457406408509,5.841457406408509
2022,house,41,a_poll_full_transfer,-54.56737588652482,-48.5672362593765,-6.000139627148322,6.000139627148322
2022,house,43,a_poll_full_transfer,-54.45460602022894,-45.18792523234836,-9.266680787880574,9.266680787880574
2022,house,47,a_poll_full_transfer,-28.15157392212442,3.0624679459112185,-31.21404186803564,31.21404186803564
2022,house,57,a_poll_full_transfer,31.983110284119373,14.488659557989006,17.494450726130367,17.494450726130367
2022,house,62,a_poll_full_transfer,-47.9868874506178,-28.983025747582296,-19.003861703035504,19.003861703035504
2022,house,63,a_poll_full_transfer,-32.43307839388145,-29.08093231336696,-3.3521460805144905,3.3521460805144905
2022,house,65,a_poll_full_transfer,-45.46183818473527,-41.050312841068504,-4.411525343666767,4.411525343666767
2022,house,68,a_poll_full_transfer,3.081505551042513,-9.322384621328924,12.403890172371437,12.403890172371437
2022,house,69,a_poll_full_transfer,10.496471774193548,1.423454258337582,9.073017515855966,9.073017515855966
2022,house,74,a_poll_full_transfer,20.37687639731715,14.520685619919337,5.8561907773978135,5.8561907773978135
2022,house,82,a_poll_full_transfer,42.479790504383466,30.276237423357863,12.203553081025603,12.203553081025603
2022,house,85,a_poll_full_transfer,-8.08400227033163,-30.097813504562936,22.013811234231305,22.013811234231305
2022,house,92,a_poll_full_transfer,-73.62718360728238,-74.15885685997104,0.5316732526886625,0.5316732526886625
2022,house,95,a_poll_full_transfer,-70.49141078589813,-66.7331412827329,-3.7582695031652236,3.7582695031652236
2022,senate,2,a_poll_full_transfer,-11.139186295503212,-8.336306086218773,-2.8028802092844387,2.8028802092844387
2022,senate,7,a_poll_full_transfer,-25.436516490622974,-18.450595982062076,-6.985920508560898,6.985920508560898
2022,senate,12,a_poll_full_transfer,-47.40507463450854,-42.545869581258074,-4.859205053250463,4.859205053250463
2022,senate,21,a_poll_full_transfer,-32.46079613992762,-26.190167360256222,-6.2706287796714015,6.2706287796714015
2022,senate,23,a_poll_full_transfer,8.966096357720163,5.932374860891783,3.03372149682838,3.03372149682838
2022,senate,27,a_poll_full_transfer,-40.57822210213456,-30.339537486889856,-10.238684615244704,10.238684615244704
2022,senate,29,a_poll_full_transfer,-65.9623672868706,-61.17525594275926,-4.787111344111345,4.787111344111345
2022,senate,33,a_poll_full_transfer,34.10588371286556,13.937316650212896,20.168567062652667,20.168567062652667
2022,house,3,a_poll_two_step_transfer,-30.8382257012394,-34.02765689169133,3.1894311904519306,3.1894311904519306
2022,house,7,a_poll_two_step_transfer,-56.358824348795096,-57.06761356998171,0.7087892211866134,0.7087892211866134
2022,house,10,a_poll_two_step_transfer,-6.857424765663542,-12.730742653432728,5.873317887769185,5.873317887769185
2022,house,12,a_poll_two_step_transfer,-70.97512153274235,-85.10012047519871,14.124998942456358,14.124998942456358
2022,house,15,a_poll_two_step_transfer,-27.39048516250589,-21.065760285177372,-6.324724877328517,6.324724877328517
2022,house,25,a_poll_two_step_transfer,-15.95710455764075,-12.518135769833716,-3.4389687878070347,3.4389687878070347
2022,house,26,a_poll_two_step_transfer,-76.90659811482433,-77.09007576583285,0.18347765100851632,0.18347765100851632
2022,house,27,a_poll_two_step_transfer,-78.51082603678816,-75.8453304387656,-2.6654955980225594,2.6654955980225594
2022,house,32,a_poll_two_step_transfer,11.404925312878484,-40.68222554290663,52.08715085578511,52.08715085578511
2022,house,33,a_poll_two_step_transfer,-45.50171690194582,-30.38820694789914,-15.11350995404668,15.11350995404668
2022,house,40,a_poll_two_step_transfer,-65.81236050180867,-59.97090309540016,-5.841457406408509,5.841457406408509
2022,house,41,a_poll_two_step_transfer,-54.56737588652482,-48.5672362593765,-6.000139627148322,6.000139627148322
2022,house,43,a_poll_two_step_transfer,-54.45460602022894,-45.18792523234836,-9.266680787880574,9.266680787880574
2022,house,47,a_poll_two_step_transfer,-28.15157392212442,3.0624679459112185,-31.21404186803564,31.21404186803564
2022,house,57,a_poll_two_step_transfer,31.983110284119373,14.488659557989006,17.494450726130367,17.494450726130367
2022,house,62,a_poll_two_step_transfer,-47.9868874506178,-28.983025747582296,-19.003861703035504,19.003861703035504
2022,house,63,a_poll_two_step_transfer,-32.43307839388145,-29.08093231336696,-3.3521460805144905,3.3521460805144905
2022,house,65,a_poll_two_step_transfer,-45.46183818473527,-41.050312841068504,-4.411525343666767,4.411525343666767
2022,house,68,a_poll_two_step_transfer,3.081505551042513,-9.322384621328924,12.403890172371437,12.403890172371437
2022,house,69,a_poll_two_step_transfer,10.496471774193548,1.423454258337582,9.073017515855966,9.073017515855966
2022,house,74,a_poll_two_step_transfer,20.37687639731715,14.520685619919337,5.8561907773978135,5.8561907773978135
2022,house,82,a_poll_two_step_transfer,42.479790504383466,30.276237423357863,12.203553081025603,12.203553081025603
2022,house,85,a_poll_two_step_transfer,-8.08400227033163,-30.097813504562936,22.013811234231305,22.013811234231305
2022,house,92,a_poll_two_step_transfer,-73.62718360728238,-74.15885685997104,0.5316732526886625,0.5316732526886625
2022,house,95,a_poll_two_step_transfer,-70.49141078589813,-66.7331412827329,-3.7582695031652236,3.7582695031652236
2022,senate,2,a_poll_two_step_transfer,-11.139186295503212,-8.336306086218773,-2.8028802092844387,2.8028802092844387
2022,senate,7,a_poll_two_step_transfer,-25.436516490622974,-18.450595982062076,-6.985920508560898,6.985920508560898
2022,senate,12,a_poll_two_step_transfer,-47.40507463450854,-42.545869581258074,-4.859205053250463,4.859205053250463
2022,senate,21,a_poll_two_step_transfer,-32.46079613992762,-26.190167360256222,-6.2706287796714015,6.2706287796714015
2022,senate,23,a_poll_two_step_transfer,8.966096357720163,5.932374860891783,3.03372149682838,3.03372149682838
2022,senate,27,a_poll_two_step_transfer,-40.57822210213456,-30.339537486889856,-10.238684615244704,10.238684615244704
2022,senate,29,a_poll_two_step_transfer,-65.9623672868706,-61.17525594275926,-4.787111344111345,4.787111344111345
2022,senate,33,a_poll_two_step_transfer,34.10588371286556,13.937316650212896,20.168567062652667,20.168567062652667
2022,house,3,a_poll_post2016_ramp,-30.8382257012394,-34.02765689169133,3.1894311904519306,3.1894311904519306
2022,house,7,a_poll_post2016_ramp,-56.358824348795096,-57.06761356998171,0.7087892211866134,0.7087892211866134
2022,house,10,a_poll_post2016_ramp,-6.857424765663542,-12.730742653432728,5.873317887769185,5.873317887769185
2022,house,12,a_poll_post2016_ramp,-70.97512153274235,-85.10012047519871,14.124998942456358,14.124998942456358
2022,house,15,a_poll_post2016_ramp,-27.39048516250589,-21.065760285177372,-6.324724877328517,6.324724877328517
2022,house,25,a_poll_post2016_ramp,-15.95710455764075,-12.518135769833716,-3.4389687878070347,3.4389687878070347
2022,house,26,a_poll_post2016_ramp,-76.90659811482433,-77.09007576583285,0.18347765100851632,0.18347765100851632
2022,house,27,a_poll_post2016_ramp,-78.51082603678816,-75.8453304387656,-2.6654955980225594,2.6654955980225594
2022,house,32,a_poll_post2016_ramp,11.404925312878484,-40.68222554290663,52.08715085578511,52.08715085578511
2022,house,33,a_poll_post2016_ramp,-45.50171690194582,-30.38820694789914,-15.11350995404668,15.11350995404668
2022,house,40,a_poll_post2016_ramp,-65.81236050180867,-59.97090309540016,-5.841457406408509,5.841457406408509
2022,house,41,a_poll_post2016_ramp,-54.56737588652482,-48.5672362593765,-6.000139627148322,6.000139627148322
2022,house,43,a_poll_post2016_ramp,-54.45460602022894,-45.18792523234836,-9.266680787880574,9.266680787880574
2022,house,47,a_poll_post2016_ramp,-28.15157392212442,3.0624679459112185,-31.21404186803564,31.21404186803564
2022,house,57,a_poll_post2016_ramp,31.983110284119373,14.488659557989006,17.494450726130367,17.494450726130367
2022,house,62,a_poll_post2016_ramp,-47.9868874506178,-28.983025747582296,-19.003861703035504,19.003861703035504
2022,house,63,a_poll_post2016_ramp,-32.43307839388145,-29.08093231336696,-3.3521460805144905,3.3521460805144905
2022,house,65,a_poll_post2016_ramp,-45.46183818473527,-41.050312841068504,-4.411525343666767,4.411525343666767
2022,house,68,a_poll_post2016_ramp,3.081505551042513,-9.322384621328924,12.403890172371437,12.403890172371437
2022,house,69,a_poll_post2016_ramp,10.496471774193548,1.423454258337582,9.073017515855966,9.073017515855966
2022,house,74,a_poll_post2016_ramp,20.37687639731715,14.520685619919337,5.8561907773978135,5.8561907773978135
2022,house,82,a_poll_post2016_ramp,42.479790504383466,30.276237423357863,12.203553081025603,12.203553081025603
2022,house,85,a_poll_post2016_ramp,-8.08400227033163,-30.097813504562936,22.013811234231305,22.013811234231305
2022,house,92,a_poll_post2016_ramp,-73.62718360728238,-74.15885685997104,0.5316732526886625,0.5316732526886625
2022,house,95,a_poll_post2016_ramp,-70.49141078589813,-66.7331412827329,-3.7582695031652236,3.7582695031652236
2022,senate,2,a_poll_post2016_ramp,-11.139186295503212,-8.336306086218773,-2.8028802092844387,2.8028802092844387
2022,senate,7,a_poll_post2016_ramp,-25.436516490622974,-18.450595982062076,-6.985920508560898,6.985920508560898
2022,senate,12,a_poll_post2016_ramp,-47.40507463450854,-42.545869581258074,-4.859205053250463,4.859205053250463
2022,senate,21,a_poll_post2016_ramp,-32.46079613992762,-26.190167360256222,-6.2706287796714015,6.2706287796714015
2022,senate,23,a_poll_post2016_ramp,8.966096357720163,5.932374860891783,3.03372149682838,3.03372149682838
2022,senate,27,a_poll_post2016_ramp,-40.57822210213456,-30.339537486889856,-10.238684615244704,10.238684615244704
2022,senate,29,a_poll_post2016_ramp,-65.9623672868706,-61.17525594275926,-4.787111344111345,4.787111344111345
2022,senate,33,a_poll_post2016_ramp,34.10588371286556,13.937316650212896,20.168567062652667,20.168567062652667
2022,house,3,a_poll_post2016_ramp_plus_20pct_ridge,-30.8382257012394,-30.523165677921003,-0.3150600233183951,0.3150600233183951
2022,house,7,a_poll_post2016_ramp_plus_20pct_ridge,-56.358824348795096,-54.047410479783174,-2.311413869011922,2.311413869011922
2022,house,10,a_poll_post2016_ramp_plus_20pct_ridge,-6.857424765663542,-9.128166574384654,2.2707418087211115,2.2707418087211115
2022,house,12,a_poll_post2016_ramp_plus_20pct_ridge,-70.97512153274235,-81.0990527033224,10.12393117058005,10.12393117058005
2022,house,15,a_poll_post2016_ramp_plus_20pct_ridge,-27.39048516250589,-16.654056043307254,-10.736429119198636,10.736429119198636
2022,house,25,a_poll_post2016_ramp_plus_20pct_ridge,-15.95710455764075,-8.53260456006508,-7.424499997575671,7.424499997575671
2022,house,26,a_poll_post2016_ramp_plus_20pct_ridge,-76.90659811482433,-72.6603643528841,-4.246233761940232,4.246233761940232
2022,house,27,a_poll_post2016_ramp_plus_20pct_ridge,-78.51082603678816,-71.81920125187347,-6.691624784914694,6.691624784914694
2022,house,32,a_poll_post2016_ramp_plus_20pct_ridge,11.404925312878484,-35.559376203734736,46.96430151661322,46.96430151661322
2022,house,33,a_poll_post2016_ramp_plus_20pct_ridge,-45.50171690194582,-27.177620640072234,-18.324096261873585,18.324096261873585
2022,house,40,a_poll_post2016_ramp_plus_20pct_ridge,-65.81236050180867,-55.81398453538794,-9.998375966420731,9.998375966420731
2022,house,41,a_poll_post2016_ramp_plus_20pct_ridge,-54.56737588652482,-44.480261769424864,-10.087114117099958,10.087114117099958
2022,house,43,a_poll_post2016_ramp_plus_20pct_ridge,-54.45460602022894,-41.453546002191246,-13.001060018037691,13.001060018037691
2022,house,47,a_poll_post2016_ramp_plus_20pct_ridge,-28.15157392212442,7.381804525471132,-35.53337844759555,35.53337844759555
2022,house,57,a_poll_post2016_ramp_plus_20pct_ridge,31.983110284119373,19.799976824008418,12.183133460110955,12.183133460110955
2022,house,62,a_poll_post2016_ramp_plus_20pct_ridge,-47.9868874506178,-24.75479666932248,-23.23209078129532,23.23209078129532
2022,house,63,a_poll_post2016_ramp_plus_20pct_ridge,-32.43307839388145,-24.850669615904234,-7.582408777977218,7.582408777977218
2022,house,65,a_poll_post2016_ramp_plus_20pct_ridge,-45.46183818473527,-37.870663159690736,-7.591175025044535,7.591175025044535
2022,house,68,a_poll_post2016_ramp_plus_20pct_ridge,3.081505551042513,-4.2576946338374055,7.339200184879918,7.339200184879918
2022,house,69,a_poll_post2016_ramp_plus_20pct_ridge,10.496471774193548,6.201298731026545,4.295173043167003,4.295173043167003
2022,house,74,a_poll_post2016_ramp_plus_20pct_ridge,20.37687639731715,19.041575147307135,1.3353012500100157,1.3353012500100157
2022,house,82,a_poll_post2016_ramp_plus_20pct_ridge,42.479790504383466,35.612039914358576,6.86775059002489,6.86775059002489
2022,house,85,a_poll_post2016_ramp_plus_20pct_ridge,-8.08400227033163,-25.36017929398123,17.2761770236496,17.2761770236496
2022,house,92,a_poll_post2016_ramp_plus_20pct_ridge,-73.62718360728238,-69.92027532034747,-3.7069082869349046,3.7069082869349046
2022,house,95,a_poll_post2016_ramp_plus_20pct_ridge,-70.49141078589813,-64.14512456835942,-6.3462862175387045,6.3462862175387045
2022,senate,2,a_poll_post2016_ramp_plus_20pct_ridge,-11.139186295503212,-4.097509394822958,-7.041676900680254,7.041676900680254
2022,senate,7,a_poll_post2016_ramp_plus_20pct_ridge,-25.436516490622974,-14.204512267261457,-11.232004223361518,11.232004223361518
2022,senate,12,a_poll_post2016_ramp_plus_20pct_ridge,-47.40507463450854,-39.59861643637073,-7.806458198137804,7.806458198137804
2022,senate,21,a_poll_post2016_ramp_plus_20pct_ridge,-32.46079613992762,-22.802825327826113,-9.65797081210151,9.65797081210151
2022,senate,23,a_poll_post2016_ramp_plus_20pct_ridge,8.966096357720163,11.056236018419781,-2.0901396606996183,2.0901396606996183
2022,senate,27,a_poll_post2016_ramp_plus_20pct_ridge,-40.57822210213456,-26.042711233328603,-14.535510868805957,14.535510868805957
2022,senate,29,a_poll_post2016_ramp_plus_20pct_ridge,-65.9623672868706,-58.325078312991494,-7.637288973879109,7.637288973879109
2022,senate,33,a_poll_post2016_ramp_plus_20pct_ridge,34.10588371286556,18.79401225283113,15.311871460034432,15.311871460034432
